
  -------------------------------------------------------------
  -                                                           -
  -              Welcome to TARES version 1.8                 -
  -                                                           -
  -  (C) Copyright 2007-2025 D. Rochman, All Rights Reserved  -
  -           NRG, Petten, the Netherlands 2007-2014          -
  -           PSI, Villigen    Switzerland 2015-2025          -
  -         Nagra, Wettingen   Switzerland 2025-              -
  -           (Last Modified October 06, 2026)                -
  -           (Database from October 06, 2026)                -
  -                                                           -
  -------------------------------------------------------------


  ---------------------------------------------
   Compilation information:
   Compiled on:         Oct  8 2026, 18:36:06
   Compiled by:         koning
   Compiler version:    clang++ - 21.0.0
   Source location:     /Users/koning/tares-1.8/source/Module/
   Binaries location:   /Users/koning/bin
   System:              Darwin 25.6.0
   System version:      Darwin Kernel Version 25.6.0: Fri Jul 31 19:19:08 PDT 2026; root:xnu-12377.161.14~5/RELEASE_ARM64_T6050  
   Machine:             arm64 
  ---------------------------------------------

   User information:
   User name:           koning
   Running directory:   /Users/koning/tendl/resbase/Cr053/work
   Owner mode for running directory : rwx
   Group mode for running directory : r-x
  ---------------------------------------------


 Starting time: Fri Oct  9 14:08:42 2026
 ... inputs directory found (/Users/koning/tares-1.8/source/Module//../../inputs/).
 ... It will be used for resonance parameters 
 ... ###############################################
 ... #     read the input file tares.inp
 ... ###############################################
 ... line: #
 ... line: # Input file generated by Autorochman
          --> line not read
 ... line: #
 ... line: isotope    Cr
          --> Isotope name: Cr
 ... line: mass       53
          --> isotopic mass: 53
 ... line: output     n-Cr053
         ---> Name of the output files: n-Cr053
 ... line: isomer     0
          --> isomeric state: 0
 ... line: mf32mf33   y
          --> MF33 based on MF32: y
 ... line: nbrRandom  300
          --> Nbr of random files: 300
 ... ###############################################
 ... # end read the input file tares.inp
 ... ###############################################
Value for random generator type not considered in since Tares 1.7 due to compilation issues

 ... ###############################################
     #   Interpretation of the Input definition    #
     ###############################################

 ... Default energy limit: End of resonance region
 ... Nuclear charge    = 24
 ... Element           = Cr
 ... Mass              = 53
 ... Isomer            = 0
 ... Correlation for (Gn,Gg) not included in random files
 ... Default random option: No random
 ... Output name: n-Cr053
 ... Energy for the MACS: 30000 eV
 ... Resonances from CALENDF reduced (reduce=y) 
 ... For URR, level density model from TALYS selected: 91n3n12611.2850 (see manual for description)
 ... Random Generator: default (pseudo random numbers from ansi c++)
 ... Reconstruction of cross section selected
 ... Doppler broadening at 0 Kelvin
 ... Default Formalism: Reich Moore (from file best.tendl.yes)
 ... URR not included (from the input file flag)
 ... Weight for grouping is flat
 ... Calculation of (n,alpha) cross section selected
 ... Number of digit for MF32c covariance representation: 2
 ... MF32 included
 ... MF33 will be used for covariance processing
 ... TENDL option set to yes (automatic choice of MF2 and format)
 ... Reich Moore approximation selected
 ... Retroactive option set to no with the 2025 option
 ... ladder option set to no (CALENDF will not be used for statistical resonances)

 ... ###############################################
     #           End of Input definition           #
     ###############################################

 ... gnuplot found, will be used for plotting
 ... latex found, will be used for plotting
 ... dvips found, will be used for plotting
 ... ps2epsi not found, limited plotting available
 ... uncertainties on default parameters multiplied by 1.02931
 ... Read resonance data from the 2025 directory
 ... Resonance parameters taken from /Users/koning/tares-1.8/source/Module//../../inputs/2025/Resonance/default/
 ---> Processing Z= 24 and A= 53 and isomer= 0 (level number: 0)
Thermal file; Could not open file /Users/koning/tares-1.8/source/Module//../../inputs/2025/runThermal/results//thermal.mxw.ng.cendl3.1
Thermal file; Could not open file /Users/koning/tares-1.8/source/Module//../../inputs/2025/runThermal/results//thermal.mxw.ng.brond3.1
Thermal file; Could not open file /Users/koning/tares-1.8/source/Module//../../inputs/2025/runThermal/results//thermal.xs.ng.unc.cendl3.1
 ... spin taken from the final/ directory (1)

 ... ###############################################
 ... #  Nucleus global parameters (2025 database)  #
 ... ###############################################
 ... Scattering radius from file /Users/koning/tares-1.8/source/Module//../../inputs/2025/Resonance/default//global.2023.txt
 0. Spin of the target isotope: 1.5
 1. Relative Atomic Mass of the target isotope: 52.9406
 2. Isotopic composition of the target isotope: 9.501 %
 3. Scattering radius (local compilation): 5.06 fm +/- 0.03 fm
 4. Scattering radius (Mughabghab): 5.64 +/- 0.3 fm
      .......................................
      ... Thermal capture cross sections: ...
 5. Thermal (sigma0) (n,g) cross section from experiments (local compilation): 18.6 +/- 0.6 b.
 6. Thermal (n,g) cross section from compilation (Firestone-2022 average on element Cr): 2.99 +/- 0.1 b.
 7. Thermal (n,g) cross section from compilation (Firestone-2022 final on element Cr): 3.12 +/- 0.06 b.
 8. Thermal (n,g) cross section from compilation (Firestone-2022 isotopic): 17.5 +/- 1.4 b.
 9. Thermal Maxwellian (n,g) XS from compilation (Mughabghab-2006): 18.6 +/- 0.6 b.
 10. Thermal (n,g) cross section from compilation (Mughabghab-2018): 18.6 +/- 0.6 b.
 11. Thermal Maxwellian (n,g) XS from compilation (Sukhoruchkin-2009): 18.6 +/- 0.6 b.
 12. Thermal Maxwellian (n,g) XS from compilation (Sukhoruchkin-2015): 18.1 +/- 0.6 b.
 13. Thermal (n,g) cross section from EAF-2010: 18.236 b.
 14. Thermal (n,g) cross section from compilation (CRP-2007): 19 +/- 0.4 b.
 15. Thermal (n,g) cross section from ENDF/B-VI.8: 18.12 b.
 16. Thermal (n,g) cross section from ENDF/B-VIII.1: 19.4 +/- 0.6967 b.
 17. Thermal (n,g) cross section from ENDF/B-VIII.0: 18.15 +/- 0.5283 b.
 18. Thermal (n,g) cross section from JEF2.2: 18.28 b.
 19. Thermal (n,g) cross section from TENDL-2023: 19.06 +/- 0.5363 b.
 20. Thermal (n,g) cross section from CENDL3.3: 18.22 b.
 21. Thermal (n,g) cross section from JEFF-3.3: 18.15 +/- 0.5283 b.
 22. Thermal (n,g) cross section from JEFF-4.0: 19.4 +/- 0.6967 b.
 23. Thermal (n,g) cross section from JENDL-5.0: 18.47 b.
      .......................................
      ...  Thermal total cross sections:  ...
      .......................................
      ... Thermal elastic cross sections: ...
 24. Thermal (n,el) cross section from compilation (Mughabghab): 7.3 +/- 0.2 b.
 25. Thermal (n,el) cross section from ENDF/B-VIII.1: 7.853 b.
 26. Thermal (n,el) cross section from ENDF/B-VIII.0: 7.898 +/- 0.5283 b.
 27. Thermal (n,el) cross section from ENDF/B-VI.8: 7.925 b.
 28. Thermal (n,el) cross section from JENDL-5.0: 7.898 b.
 29. Thermal (n,el) cross section from JEFF-3.3: 7.898 b.
 30. Thermal (n,el) cross section from experiments (local compilation): 7.3 +/- 0.2 b.
 31. Neutron scattering length from Atominstitut (TU Wien): -4.2 +/- 0.03 fm.
      .......................................
             ... Resonance integral: ...
 32. Experimental capture integral (local compilation): 12.3 +/- 3 b.
 33. Experimental capture integral (Sukhoruchkin): 8.4 +/- 1.5 b.
   ---- MACS 30 keV ----- 
 34. TALYS MACS 30 keV (HF): 0.0298502 b. 
 35. Recommended MACS 30 keV from EAF: 0.058 b. 
 36. Recommended MACS 30 keV (local compilation): 0.054 +/- 0.0094 b. 
 37. Recommended MACS 30 keV from Kadonis: 0.058 +/- 0.01 b. 
 38. Recommended MACS (Sukhoruchkin): 0.026 +/- 0.0019 b.
 39. Recommended MACS (Mughabghab): 0.054 +/- 0.0094 b.
   ---------- S0 -------- 
 40. S0 from TALYS: 7.7384
 41. Experimental S0: 4.54 +/- 1.01
 42. Atlas S0: 5.72 +/- 0.85
   ---------- S1 -------- 
 43. S1 from TALYS: 0.629747
 44. Experimental S1: 0.49 +/- 0.09
 45. Atlas S1: 0.49 +/- 0.09
   ---------- S2 -------- 
 46. S2 from TALYS: 3.70042
 47. Experimental S2: 2.58 +/- 0.57
 48. Atlas S2: 2.58 +/- 0.57
   ---------- D0 -------- 
 49. D0 from TALYS: 3291.73 eV
 50. Experimental D0: 5960 +/- 470 eV
 51. Atlas D0: 5960 +/- 470
   ---------- D1 -------- 
 52. Experimental D1: 3060 +/- 200 eV
 53. D1 from TALYS: 1883.38 eV
 54. Atlas D1: 3060 +/- 200
   ---------- D2 -------- 
 55. Experimental D2: 2650 +/- 210 eV
 56. D2 from TALYS: 1462.85 eV
 57. Atlas D2: 2650 +/- 210
   ---------- G0 -------- 
 58. Experimental average Gg0: 1.4 +/- 0 eV
 59. Gg0 from TALYS: 0.78833 eV
   ---------- G1 -------- 
 60. Experimental average Gg1: 0.56 +/- 0.06 eV
 61. Gg1 from TALYS: 0.35992 eV
   ---------- G2 -------- 
 62. Gg2 from TALYS: 0.323658 eV


   ---------------------- 
 ... Read resonance parameters (format: 3: Reich Moore)
 ... 351 resonances found 
 --> 63. Number of resonances from the input file: 351 up to 565024 eV
 64. Read nuclear quantities (mass, MAT...)
 65. Read thermal (n,g) xs 
 66. Read the scattering radius 
 67. Read uncertainty on Gg for 351 resonances
 68. Read uncertainty on Gg for 351 resonances ... done
 ... order resonances 
 ... Upper limit for the RRR: 564001 eV (no statistical resonances HFR) from the limit.RRR file
 ... Write parameters for l=0 waves
 ... Write parameters for l=1 waves
 ... End writing original MF2 
 ... Gn-Gg correlations: calculated capture kernel used for 351 evaluated resonances (no measured kernel)
 ... Write parameter covariances (MF32) for l=0
 Write parameter covariances (MF32) for l=1
 ... MF32: 45 energy correlation lines (time of flight) for the first 10 evaluated resonances
 ... copy the mf2 and mf32 to .mlbw files
 ... Ladder option set to no --> no use of calendf_xs
 ... no thermal/RI adjustment (ladder option set to no): no GLS calculation of parameter correlations
 ... translate into MLBW
 ... copy the mf2 and mf32 to .mlbw files

 ... Start of final reconstruction and testing ...
 ... Reconstruction of cross sections at 0 Kelvin  ... Import MF2 from TARES calculations
 ... End energy of TARES MF2 : 5.640010E+5 eV and limit to 40000 resonances
 ... File used for reconstruction: n-Cr053.reconst
 ... run RECENT ...
 ... Doppler broadened at a unique temperature: 0 Kelvin using sigma1
 ... The keyword temperature is zero, no Doppler broadening for the MACS

 ============== INTER values at 0 Kelvin ==============
 Thermal (n,g) xs =  18.6048 b. (meas/sys: 18.6 b.) (warning: comparison to be done at 296 or 300 K)
 Th Maxw (n,g) xs =  18.615 b. (thermal Maxwellian value)
 Westcott factor  =  1.00056
 RI      (n,g)    =  8.81711 b. (meas or sys: 12.3 b.)
 MACS 3.000e+04 eV=  0.052399 b. (meas or sys: - b.) from 1.00E+00 to 2.00E+07 eV (end of RRR) at T= 0 Kelvin 
 Thermal (n,el) xs=  8.01142 b.
 RI      (n,el)   =  303.908 b.
 ============= PSYCHE values ==============
 Ave. Gn_0    L0  =  7.38152
 Ave. Gn_0    L1  =  6.30875
 Ave. Gg      L0  =  2.47308 eV
 Ave. Gg      L1  =  1.7093 eV
 Ave. D       L0  =  6266.68 eV
 Ave. D       L1  =  2220.48 eV
 Ave. S       L0  =  0.000538028 eV
 Ave. S       L1  =  0.000228587 eV
 =========================================
 ... End of final reconstruction and testing ...

 ... grouping is not optimum, change to 70 groups
 ... Produce MF33 based on MF32 and 300 random files
 ... MF3 of n-Cr053.reconst (3 sections) added to the files for ENDSAM
 ... run endsam for 300 in groups of 1 global run(s)
 ... run endsam from 201 to 300
 ... preparing the vectors  ... done
 ... nominal file 0 Cap(th)  ave= 1.860E+01 b. +/- 0.00 % || Ela(th) ave= 8.011E+00 b. +/- 0.00 % || RIcap ave= 8.82E+00 b. +/- 0.00 % || Macs30 ave= 5.24E-02 b. +/- 0.00 % || Gn^0(l=0) ave= 7.382E+00 +/- 0.00 % Gn^0(l=1) ave= 6.309E+00 +/- 0.00 % Gn^0(l=2) ave= 0.000E+00 +/- 0.00 % Gn^0(l=3) ave= 0.000E+00 +/- 0.00 % || Gtotal(l=0) ave= 0.000E+00 +/- 0.00 % Gtotal(l=1) ave= 0.000E+00 +/- 0.00 % Gtotal(l=2) ave= 0.000E+00 +/- 0.00 % Gtotal(l=3) ave= 0.000E+00 +/- 0.00 %  % || Gg(l=0) ave= 2.473E+00 +/- 0.00 % Gg(l=1) ave= 1.709E+00 +/- 0.00 % Gg(l=2) ave= 0.000E+00 +/- 0.00 % Gg(l=3) ave= 0.000E+00 +/- 0.00 %  % || D(l=0) ave= 6.267E+03 +/- 0.00 % D(l=1) ave= 2.220E+03 +/- 0.00 % D(l=2) ave= 0.000E+00 +/- 0.00 % D(l=3) ave= 0.000E+00 +/- 0.00 %  % || S(l=0) ave= 5.380E-04 +/- 0.00 % S(l=1) ave= 2.286E-04 +/- 0.00 % S(l=2) ave= 0.000E+00 +/- 0.00 % S(l=3) ave= 0.000E+00 +/- 0.00 % 
 ... random file  1 Cap(th)  ave= 1.836E+01 b. +/- 1.36 % || Ela(th) ave= 7.996E+00 b. +/- 0.19 % || RIcap ave= 8.70E+00 b. +/- 1.40 % || Macs30 ave= 5.19E-02 b. +/- 0.90 % || Gn^0(l=0) ave= 7.382E+00 +/- 0.01 % Gn^0(l=1) ave= 6.155E+00 +/- 2.49 % Gn^0(l=2) ave= 0.000E+00 +/- 0.00 % Gn^0(l=3) ave= 0.000E+00 +/- 0.00 % || Gtotal(l=0) ave= 0.000E+00 +/- 0.00 % Gtotal(l=1) ave= 0.000E+00 +/- 0.00 % Gtotal(l=2) ave= 0.000E+00 +/- 0.00 % Gtotal(l=3) ave= 0.000E+00 +/- 0.00 %  % || Gg(l=0) ave= 2.470E+00 +/- 0.12 % Gg(l=1) ave= 1.712E+00 +/- 0.14 % Gg(l=2) ave= 0.000E+00 +/- 0.00 % Gg(l=3) ave= 0.000E+00 +/- 0.00 %  % || D(l=0) ave= 6.267E+03 +/- 0.00 % D(l=1) ave= 2.220E+03 +/- 0.00 % D(l=2) ave= 0.000E+00 +/- 0.00 % D(l=3) ave= 0.000E+00 +/- 0.00 %  % || S(l=0) ave= 5.382E-04 +/- 0.03 % S(l=1) ave= 2.234E-04 +/- 2.33 % S(l=2) ave= 0.000E+00 +/- 0.00 % S(l=3) ave= 0.000E+00 +/- 0.00 % 
 ... random file  2 Cap(th)  ave= 1.828E+01 b. +/- 1.26 % || Ela(th) ave= 7.900E+00 b. +/- 1.73 % || RIcap ave= 8.66E+00 b. +/- 1.29 % || Macs30 ave= 5.18E-02 b. +/- 0.82 % || Gn^0(l=0) ave= 7.380E+00 +/- 0.05 % Gn^0(l=1) ave= 5.970E+00 +/- 4.87 % Gn^0(l=2) ave= 0.000E+00 +/- 0.00 % Gn^0(l=3) ave= 0.000E+00 +/- 0.00 % || Gtotal(l=0) ave= 0.000E+00 +/- 0.00 % Gtotal(l=1) ave= 0.000E+00 +/- 0.00 % Gtotal(l=2) ave= 0.000E+00 +/- 0.00 % Gtotal(l=3) ave= 0.000E+00 +/- 0.00 %  % || Gg(l=0) ave= 2.468E+00 +/- 0.14 % Gg(l=1) ave= 1.707E+00 +/- 0.43 % Gg(l=2) ave= 0.000E+00 +/- 0.00 % Gg(l=3) ave= 0.000E+00 +/- 0.00 %  % || D(l=0) ave= 6.267E+03 +/- 0.00 % D(l=1) ave= 2.220E+03 +/- 0.00 % D(l=2) ave= 0.000E+00 +/- 0.00 % D(l=3) ave= 0.000E+00 +/- 0.00 %  % || S(l=0) ave= 5.380E-04 +/- 0.04 % S(l=1) ave= 2.171E-04 +/- 4.55 % S(l=2) ave= 0.000E+00 +/- 0.00 % S(l=3) ave= 0.000E+00 +/- 0.00 % 
 ... random file  3 Cap(th)  ave= 1.843E+01 b. +/- 1.81 % || Ela(th) ave= 7.774E+00 b. +/- 3.18 % || RIcap ave= 8.74E+00 b. +/- 1.89 % || Macs30 ave= 5.22E-02 b. +/- 1.51 % || Gn^0(l=0) ave= 7.378E+00 +/- 0.07 % Gn^0(l=1) ave= 6.143E+00 +/- 6.38 % Gn^0(l=2) ave= 0.000E+00 +/- 0.00 % Gn^0(l=3) ave= 0.000E+00 +/- 0.00 % || Gtotal(l=0) ave= 0.000E+00 +/- 0.00 % Gtotal(l=1) ave= 0.000E+00 +/- 0.00 % Gtotal(l=2) ave= 0.000E+00 +/- 0.00 % Gtotal(l=3) ave= 0.000E+00 +/- 0.00 %  % || Gg(l=0) ave= 2.474E+00 +/- 0.43 % Gg(l=1) ave= 1.707E+00 +/- 0.37 % Gg(l=2) ave= 0.000E+00 +/- 0.00 % Gg(l=3) ave= 0.000E+00 +/- 0.00 %  % || D(l=0) ave= 6.267E+03 +/- 0.00 % D(l=1) ave= 2.220E+03 +/- 0.00 % D(l=2) ave= 0.000E+00 +/- 0.00 % D(l=3) ave= 0.000E+00 +/- 0.00 %  % || S(l=0) ave= 5.379E-04 +/- 0.06 % S(l=1) ave= 2.230E-04 +/- 5.99 % S(l=2) ave= 0.000E+00 +/- 0.00 % S(l=3) ave= 0.000E+00 +/- 0.00 % 
 ... random file  4 Cap(th)  ave= 1.845E+01 b. +/- 1.63 % || Ela(th) ave= 7.770E+00 b. +/- 2.85 % || RIcap ave= 8.75E+00 b. +/- 1.70 % || Macs30 ave= 5.22E-02 b. +/- 1.37 % || Gn^0(l=0) ave= 7.381E+00 +/- 0.12 % Gn^0(l=1) ave= 6.183E+00 +/- 5.81 % Gn^0(l=2) ave= 0.000E+00 +/- 0.00 % Gn^0(l=3) ave= 0.000E+00 +/- 0.00 % || Gtotal(l=0) ave= 0.000E+00 +/- 0.00 % Gtotal(l=1) ave= 0.000E+00 +/- 0.00 % Gtotal(l=2) ave= 0.000E+00 +/- 0.00 % Gtotal(l=3) ave= 0.000E+00 +/- 0.00 %  % || Gg(l=0) ave= 2.475E+00 +/- 0.40 % Gg(l=1) ave= 1.707E+00 +/- 0.33 % Gg(l=2) ave= 0.000E+00 +/- 0.00 % Gg(l=3) ave= 0.000E+00 +/- 0.00 %  % || D(l=0) ave= 6.267E+03 +/- 0.00 % D(l=1) ave= 2.220E+03 +/- 0.00 % D(l=2) ave= 0.000E+00 +/- 0.00 % D(l=3) ave= 0.000E+00 +/- 0.00 %  % || S(l=0) ave= 5.381E-04 +/- 0.10 % S(l=1) ave= 2.244E-04 +/- 5.46 % S(l=2) ave= 0.000E+00 +/- 0.00 % S(l=3) ave= 0.000E+00 +/- 0.00 % 
 ... random file  5 Cap(th)  ave= 1.848E+01 b. +/- 1.53 % || Ela(th) ave= 7.894E+00 b. +/- 4.34 % || RIcap ave= 8.76E+00 b. +/- 1.58 % || Macs30 ave= 5.22E-02 b. +/- 1.25 % || Gn^0(l=0) ave= 7.380E+00 +/- 0.12 % Gn^0(l=1) ave= 6.101E+00 +/- 6.15 % Gn^0(l=2) ave= 0.000E+00 +/- 0.00 % Gn^0(l=3) ave= 0.000E+00 +/- 0.00 % || Gtotal(l=0) ave= 0.000E+00 +/- 0.00 % Gtotal(l=1) ave= 0.000E+00 +/- 0.00 % Gtotal(l=2) ave= 0.000E+00 +/- 0.00 % Gtotal(l=3) ave= 0.000E+00 +/- 0.00 %  % || Gg(l=0) ave= 2.473E+00 +/- 0.42 % Gg(l=1) ave= 1.708E+00 +/- 0.37 % Gg(l=2) ave= 0.000E+00 +/- 0.00 % Gg(l=3) ave= 0.000E+00 +/- 0.00 %  % || D(l=0) ave= 6.267E+03 +/- 0.00 % D(l=1) ave= 2.220E+03 +/- 0.00 % D(l=2) ave= 0.000E+00 +/- 0.00 % D(l=3) ave= 0.000E+00 +/- 0.00 %  % || S(l=0) ave= 5.380E-04 +/- 0.10 % S(l=1) ave= 2.215E-04 +/- 5.79 % S(l=2) ave= 0.000E+00 +/- 0.00 % S(l=3) ave= 0.000E+00 +/- 0.00 % 
 ... random file  6 Cap(th)  ave= 1.843E+01 b. +/- 1.59 % || Ela(th) ave= 7.890E+00 b. +/- 4.02 % || RIcap ave= 8.73E+00 b. +/- 1.62 % || Macs30 ave= 5.22E-02 b. +/- 1.18 % || Gn^0(l=0) ave= 7.379E+00 +/- 0.11 % Gn^0(l=1) ave= 6.181E+00 +/- 6.46 % Gn^0(l=2) ave= 0.000E+00 +/- 0.00 % Gn^0(l=3) ave= 0.000E+00 +/- 0.00 % || Gtotal(l=0) ave= 0.000E+00 +/- 0.00 % Gtotal(l=1) ave= 0.000E+00 +/- 0.00 % Gtotal(l=2) ave= 0.000E+00 +/- 0.00 % Gtotal(l=3) ave= 0.000E+00 +/- 0.00 %  % || Gg(l=0) ave= 2.475E+00 +/- 0.43 % Gg(l=1) ave= 1.708E+00 +/- 0.35 % Gg(l=2) ave= 0.000E+00 +/- 0.00 % Gg(l=3) ave= 0.000E+00 +/- 0.00 %  % || D(l=0) ave= 6.267E+03 +/- 0.00 % D(l=1) ave= 2.220E+03 +/- 0.00 % D(l=2) ave= 0.000E+00 +/- 0.00 % D(l=3) ave= 0.000E+00 +/- 0.00 %  % || S(l=0) ave= 5.380E-04 +/- 0.09 % S(l=1) ave= 2.243E-04 +/- 6.09 % S(l=2) ave= 0.000E+00 +/- 0.00 % S(l=3) ave= 0.000E+00 +/- 0.00 % 
 ... random file  7 Cap(th)  ave= 1.850E+01 b. +/- 1.77 % || Ela(th) ave= 7.890E+00 b. +/- 3.76 % || RIcap ave= 8.77E+00 b. +/- 1.79 % || Macs30 ave= 5.22E-02 b. +/- 1.11 % || Gn^0(l=0) ave= 7.380E+00 +/- 0.11 % Gn^0(l=1) ave= 6.280E+00 +/- 7.26 % Gn^0(l=2) ave= 0.000E+00 +/- 0.00 % Gn^0(l=3) ave= 0.000E+00 +/- 0.00 % || Gtotal(l=0) ave= 0.000E+00 +/- 0.00 % Gtotal(l=1) ave= 0.000E+00 +/- 0.00 % Gtotal(l=2) ave= 0.000E+00 +/- 0.00 % Gtotal(l=3) ave= 0.000E+00 +/- 0.00 %  % || Gg(l=0) ave= 2.470E+00 +/- 0.63 % Gg(l=1) ave= 1.708E+00 +/- 0.33 % Gg(l=2) ave= 0.000E+00 +/- 0.00 % Gg(l=3) ave= 0.000E+00 +/- 0.00 %  % || D(l=0) ave= 6.267E+03 +/- 0.00 % D(l=1) ave= 2.220E+03 +/- 0.00 % D(l=2) ave= 0.000E+00 +/- 0.00 % D(l=3) ave= 0.000E+00 +/- 0.00 %  % || S(l=0) ave= 5.381E-04 +/- 0.10 % S(l=1) ave= 2.277E-04 +/- 6.87 % S(l=2) ave= 0.000E+00 +/- 0.00 % S(l=3) ave= 0.000E+00 +/- 0.00 % 
 ... random file  8 Cap(th)  ave= 1.849E+01 b. +/- 1.67 % || Ela(th) ave= 7.924E+00 b. +/- 3.74 % || RIcap ave= 8.77E+00 b. +/- 1.69 % || Macs30 ave= 5.22E-02 b. +/- 1.05 % || Gn^0(l=0) ave= 7.381E+00 +/- 0.11 % Gn^0(l=1) ave= 6.382E+00 +/- 8.12 % Gn^0(l=2) ave= 0.000E+00 +/- 0.00 % Gn^0(l=3) ave= 0.000E+00 +/- 0.00 % || Gtotal(l=0) ave= 0.000E+00 +/- 0.00 % Gtotal(l=1) ave= 0.000E+00 +/- 0.00 % Gtotal(l=2) ave= 0.000E+00 +/- 0.00 % Gtotal(l=3) ave= 0.000E+00 +/- 0.00 %  % || Gg(l=0) ave= 2.470E+00 +/- 0.60 % Gg(l=1) ave= 1.708E+00 +/- 0.31 % Gg(l=2) ave= 0.000E+00 +/- 0.00 % Gg(l=3) ave= 0.000E+00 +/- 0.00 %  % || D(l=0) ave= 6.267E+03 +/- 0.00 % D(l=1) ave= 2.220E+03 +/- 0.00 % D(l=2) ave= 0.000E+00 +/- 0.00 % D(l=3) ave= 0.000E+00 +/- 0.00 %  % || S(l=0) ave= 5.381E-04 +/- 0.09 % S(l=1) ave= 2.312E-04 +/- 7.65 % S(l=2) ave= 0.000E+00 +/- 0.00 % S(l=3) ave= 0.000E+00 +/- 0.00 % 
 ... random file  9 Cap(th)  ave= 1.850E+01 b. +/- 1.59 % || Ela(th) ave= 7.920E+00 b. +/- 3.56 % || RIcap ave= 8.77E+00 b. +/- 1.61 % || Macs30 ave= 5.23E-02 b. +/- 1.12 % || Gn^0(l=0) ave= 7.382E+00 +/- 0.11 % Gn^0(l=1) ave= 6.360E+00 +/- 7.80 % Gn^0(l=2) ave= 0.000E+00 +/- 0.00 % Gn^0(l=3) ave= 0.000E+00 +/- 0.00 % || Gtotal(l=0) ave= 0.000E+00 +/- 0.00 % Gtotal(l=1) ave= 0.000E+00 +/- 0.00 % Gtotal(l=2) ave= 0.000E+00 +/- 0.00 % Gtotal(l=3) ave= 0.000E+00 +/- 0.00 %  % || Gg(l=0) ave= 2.470E+00 +/- 0.57 % Gg(l=1) ave= 1.709E+00 +/- 0.33 % Gg(l=2) ave= 0.000E+00 +/- 0.00 % Gg(l=3) ave= 0.000E+00 +/- 0.00 %  % || D(l=0) ave= 6.267E+03 +/- 0.00 % D(l=1) ave= 2.220E+03 +/- 0.00 % D(l=2) ave= 0.000E+00 +/- 0.00 % D(l=3) ave= 0.000E+00 +/- 0.00 %  % || S(l=0) ave= 5.381E-04 +/- 0.09 % S(l=1) ave= 2.304E-04 +/- 7.35 % S(l=2) ave= 0.000E+00 +/- 0.00 % S(l=3) ave= 0.000E+00 +/- 0.00 % 
 ... random file  10 Cap(th)  ave= 1.849E+01 b. +/- 1.53 % || Ela(th) ave= 7.901E+00 b. +/- 3.48 % || RIcap ave= 8.76E+00 b. +/- 1.55 % || Macs30 ave= 5.23E-02 b. +/- 1.07 % || Gn^0(l=0) ave= 7.381E+00 +/- 0.11 % Gn^0(l=1) ave= 6.341E+00 +/- 7.52 % Gn^0(l=2) ave= 0.000E+00 +/- 0.00 % Gn^0(l=3) ave= 0.000E+00 +/- 0.00 % || Gtotal(l=0) ave= 0.000E+00 +/- 0.00 % Gtotal(l=1) ave= 0.000E+00 +/- 0.00 % Gtotal(l=2) ave= 0.000E+00 +/- 0.00 % Gtotal(l=3) ave= 0.000E+00 +/- 0.00 %  % || Gg(l=0) ave= 2.469E+00 +/- 0.59 % Gg(l=1) ave= 1.709E+00 +/- 0.33 % Gg(l=2) ave= 0.000E+00 +/- 0.00 % Gg(l=3) ave= 0.000E+00 +/- 0.00 %  % || D(l=0) ave= 6.267E+03 +/- 0.00 % D(l=1) ave= 2.220E+03 +/- 0.00 % D(l=2) ave= 0.000E+00 +/- 0.00 % D(l=3) ave= 0.000E+00 +/- 0.00 %  % || S(l=0) ave= 5.381E-04 +/- 0.10 % S(l=1) ave= 2.297E-04 +/- 7.09 % S(l=2) ave= 0.000E+00 +/- 0.00 % S(l=3) ave= 0.000E+00 +/- 0.00 % 
 ... random file  11 Cap(th)  ave= 1.857E+01 b. +/- 2.10 % || Ela(th) ave= 7.899E+00 b. +/- 3.33 % || RIcap ave= 8.80E+00 b. +/- 2.09 % || Macs30 ave= 5.24E-02 b. +/- 1.05 % || Gn^0(l=0) ave= 7.380E+00 +/- 0.11 % Gn^0(l=1) ave= 6.385E+00 +/- 7.52 % Gn^0(l=2) ave= 0.000E+00 +/- 0.00 % Gn^0(l=3) ave= 0.000E+00 +/- 0.00 % || Gtotal(l=0) ave= 0.000E+00 +/- 0.00 % Gtotal(l=1) ave= 0.000E+00 +/- 0.00 % Gtotal(l=2) ave= 0.000E+00 +/- 0.00 % Gtotal(l=3) ave= 0.000E+00 +/- 0.00 %  % || Gg(l=0) ave= 2.467E+00 +/- 0.63 % Gg(l=1) ave= 1.710E+00 +/- 0.34 % Gg(l=2) ave= 0.000E+00 +/- 0.00 % Gg(l=3) ave= 0.000E+00 +/- 0.00 %  % || D(l=0) ave= 6.267E+03 +/- 0.00 % D(l=1) ave= 2.220E+03 +/- 0.00 % D(l=2) ave= 0.000E+00 +/- 0.00 % D(l=3) ave= 0.000E+00 +/- 0.00 %  % || S(l=0) ave= 5.380E-04 +/- 0.10 % S(l=1) ave= 2.312E-04 +/- 7.08 % S(l=2) ave= 0.000E+00 +/- 0.00 % S(l=3) ave= 0.000E+00 +/- 0.00 % 
 ... random file  12 Cap(th)  ave= 1.854E+01 b. +/- 2.11 % || Ela(th) ave= 7.904E+00 b. +/- 3.21 % || RIcap ave= 8.79E+00 b. +/- 2.11 % || Macs30 ave= 5.23E-02 b. +/- 1.03 % || Gn^0(l=0) ave= 7.381E+00 +/- 0.10 % Gn^0(l=1) ave= 6.402E+00 +/- 7.26 % Gn^0(l=2) ave= 0.000E+00 +/- 0.00 % Gn^0(l=3) ave= 0.000E+00 +/- 0.00 % || Gtotal(l=0) ave= 0.000E+00 +/- 0.00 % Gtotal(l=1) ave= 0.000E+00 +/- 0.00 % Gtotal(l=2) ave= 0.000E+00 +/- 0.00 % Gtotal(l=3) ave= 0.000E+00 +/- 0.00 %  % || Gg(l=0) ave= 2.468E+00 +/- 0.65 % Gg(l=1) ave= 1.710E+00 +/- 0.33 % Gg(l=2) ave= 0.000E+00 +/- 0.00 % Gg(l=3) ave= 0.000E+00 +/- 0.00 %  % || D(l=0) ave= 6.267E+03 +/- 0.00 % D(l=1) ave= 2.220E+03 +/- 0.00 % D(l=2) ave= 0.000E+00 +/- 0.00 % D(l=3) ave= 0.000E+00 +/- 0.00 %  % || S(l=0) ave= 5.380E-04 +/- 0.09 % S(l=1) ave= 2.317E-04 +/- 6.83 % S(l=2) ave= 0.000E+00 +/- 0.00 % S(l=3) ave= 0.000E+00 +/- 0.00 % 
 ... random file  13 Cap(th)  ave= 1.849E+01 b. +/- 2.23 % || Ela(th) ave= 7.927E+00 b. +/- 3.25 % || RIcap ave= 8.77E+00 b. +/- 2.23 % || Macs30 ave= 5.23E-02 b. +/- 1.02 % || Gn^0(l=0) ave= 7.380E+00 +/- 0.11 % Gn^0(l=1) ave= 6.358E+00 +/- 7.48 % Gn^0(l=2) ave= 0.000E+00 +/- 0.00 % Gn^0(l=3) ave= 0.000E+00 +/- 0.00 % || Gtotal(l=0) ave= 0.000E+00 +/- 0.00 % Gtotal(l=1) ave= 0.000E+00 +/- 0.00 % Gtotal(l=2) ave= 0.000E+00 +/- 0.00 % Gtotal(l=3) ave= 0.000E+00 +/- 0.00 %  % || Gg(l=0) ave= 2.470E+00 +/- 0.68 % Gg(l=1) ave= 1.710E+00 +/- 0.32 % Gg(l=2) ave= 0.000E+00 +/- 0.00 % Gg(l=3) ave= 0.000E+00 +/- 0.00 %  % || D(l=0) ave= 6.267E+03 +/- 0.00 % D(l=1) ave= 2.220E+03 +/- 0.00 % D(l=2) ave= 0.000E+00 +/- 0.00 % D(l=3) ave= 0.000E+00 +/- 0.00 %  % || S(l=0) ave= 5.380E-04 +/- 0.10 % S(l=1) ave= 2.302E-04 +/- 7.04 % S(l=2) ave= 0.000E+00 +/- 0.00 % S(l=3) ave= 0.000E+00 +/- 0.00 % 
 ... random file  14 Cap(th)  ave= 1.854E+01 b. +/- 2.32 % || Ela(th) ave= 7.913E+00 b. +/- 3.22 % || RIcap ave= 8.79E+00 b. +/- 2.33 % || Macs30 ave= 5.24E-02 b. +/- 1.10 % || Gn^0(l=0) ave= 7.380E+00 +/- 0.11 % Gn^0(l=1) ave= 6.370E+00 +/- 7.25 % Gn^0(l=2) ave= 0.000E+00 +/- 0.00 % Gn^0(l=3) ave= 0.000E+00 +/- 0.00 % || Gtotal(l=0) ave= 0.000E+00 +/- 0.00 % Gtotal(l=1) ave= 0.000E+00 +/- 0.00 % Gtotal(l=2) ave= 0.000E+00 +/- 0.00 % Gtotal(l=3) ave= 0.000E+00 +/- 0.00 %  % || Gg(l=0) ave= 2.469E+00 +/- 0.67 % Gg(l=1) ave= 1.710E+00 +/- 0.33 % Gg(l=2) ave= 0.000E+00 +/- 0.00 % Gg(l=3) ave= 0.000E+00 +/- 0.00 %  % || D(l=0) ave= 6.267E+03 +/- 0.00 % D(l=1) ave= 2.220E+03 +/- 0.00 % D(l=2) ave= 0.000E+00 +/- 0.00 % D(l=3) ave= 0.000E+00 +/- 0.00 %  % || S(l=0) ave= 5.380E-04 +/- 0.10 % S(l=1) ave= 2.306E-04 +/- 6.83 % S(l=2) ave= 0.000E+00 +/- 0.00 % S(l=3) ave= 0.000E+00 +/- 0.00 % 
 ... random file  15 Cap(th)  ave= 1.855E+01 b. +/- 2.27 % || Ela(th) ave= 7.886E+00 b. +/- 3.38 % || RIcap ave= 8.79E+00 b. +/- 2.28 % || Macs30 ave= 5.24E-02 b. +/- 1.07 % || Gn^0(l=0) ave= 7.381E+00 +/- 0.13 % Gn^0(l=1) ave= 6.352E+00 +/- 7.12 % Gn^0(l=2) ave= 0.000E+00 +/- 0.00 % Gn^0(l=3) ave= 0.000E+00 +/- 0.00 % || Gtotal(l=0) ave= 0.000E+00 +/- 0.00 % Gtotal(l=1) ave= 0.000E+00 +/- 0.00 % Gtotal(l=2) ave= 0.000E+00 +/- 0.00 % Gtotal(l=3) ave= 0.000E+00 +/- 0.00 %  % || Gg(l=0) ave= 2.471E+00 +/- 0.69 % Gg(l=1) ave= 1.710E+00 +/- 0.32 % Gg(l=2) ave= 0.000E+00 +/- 0.00 % Gg(l=3) ave= 0.000E+00 +/- 0.00 %  % || D(l=0) ave= 6.267E+03 +/- 0.00 % D(l=1) ave= 2.220E+03 +/- 0.00 % D(l=2) ave= 0.000E+00 +/- 0.00 % D(l=3) ave= 0.000E+00 +/- 0.00 %  % || S(l=0) ave= 5.381E-04 +/- 0.11 % S(l=1) ave= 2.300E-04 +/- 6.71 % S(l=2) ave= 0.000E+00 +/- 0.00 % S(l=3) ave= 0.000E+00 +/- 0.00 % 
 ... random file  16 Cap(th)  ave= 1.855E+01 b. +/- 2.20 % || Ela(th) ave= 7.880E+00 b. +/- 3.30 % || RIcap ave= 8.79E+00 b. +/- 2.21 % || Macs30 ave= 5.24E-02 b. +/- 1.08 % || Gn^0(l=0) ave= 7.381E+00 +/- 0.13 % Gn^0(l=1) ave= 6.322E+00 +/- 7.19 % Gn^0(l=2) ave= 0.000E+00 +/- 0.00 % Gn^0(l=3) ave= 0.000E+00 +/- 0.00 % || Gtotal(l=0) ave= 0.000E+00 +/- 0.00 % Gtotal(l=1) ave= 0.000E+00 +/- 0.00 % Gtotal(l=2) ave= 0.000E+00 +/- 0.00 % Gtotal(l=3) ave= 0.000E+00 +/- 0.00 %  % || Gg(l=0) ave= 2.471E+00 +/- 0.68 % Gg(l=1) ave= 1.710E+00 +/- 0.31 % Gg(l=2) ave= 0.000E+00 +/- 0.00 % Gg(l=3) ave= 0.000E+00 +/- 0.00 %  % || D(l=0) ave= 6.267E+03 +/- 0.00 % D(l=1) ave= 2.220E+03 +/- 0.00 % D(l=2) ave= 0.000E+00 +/- 0.00 % D(l=3) ave= 0.000E+00 +/- 0.00 %  % || S(l=0) ave= 5.380E-04 +/- 0.11 % S(l=1) ave= 2.290E-04 +/- 6.77 % S(l=2) ave= 0.000E+00 +/- 0.00 % S(l=3) ave= 0.000E+00 +/- 0.00 % 
 ... random file  17 Cap(th)  ave= 1.856E+01 b. +/- 2.15 % || Ela(th) ave= 7.892E+00 b. +/- 3.25 % || RIcap ave= 8.80E+00 b. +/- 2.16 % || Macs30 ave= 5.24E-02 b. +/- 1.06 % || Gn^0(l=0) ave= 7.380E+00 +/- 0.12 % Gn^0(l=1) ave= 6.358E+00 +/- 7.33 % Gn^0(l=2) ave= 0.000E+00 +/- 0.00 % Gn^0(l=3) ave= 0.000E+00 +/- 0.00 % || Gtotal(l=0) ave= 0.000E+00 +/- 0.00 % Gtotal(l=1) ave= 0.000E+00 +/- 0.00 % Gtotal(l=2) ave= 0.000E+00 +/- 0.00 % Gtotal(l=3) ave= 0.000E+00 +/- 0.00 %  % || Gg(l=0) ave= 2.472E+00 +/- 0.66 % Gg(l=1) ave= 1.710E+00 +/- 0.31 % Gg(l=2) ave= 0.000E+00 +/- 0.00 % Gg(l=3) ave= 0.000E+00 +/- 0.00 %  % || D(l=0) ave= 6.267E+03 +/- 0.00 % D(l=1) ave= 2.220E+03 +/- 0.00 % D(l=2) ave= 0.000E+00 +/- 0.00 % D(l=3) ave= 0.000E+00 +/- 0.00 %  % || S(l=0) ave= 5.380E-04 +/- 0.11 % S(l=1) ave= 2.303E-04 +/- 6.92 % S(l=2) ave= 0.000E+00 +/- 0.00 % S(l=3) ave= 0.000E+00 +/- 0.00 % 
 ... random file  18 Cap(th)  ave= 1.852E+01 b. +/- 2.25 % || Ela(th) ave= 7.890E+00 b. +/- 3.17 % || RIcap ave= 8.78E+00 b. +/- 2.25 % || Macs30 ave= 5.24E-02 b. +/- 1.03 % || Gn^0(l=0) ave= 7.381E+00 +/- 0.12 % Gn^0(l=1) ave= 6.340E+00 +/- 7.27 % Gn^0(l=2) ave= 0.000E+00 +/- 0.00 % Gn^0(l=3) ave= 0.000E+00 +/- 0.00 % || Gtotal(l=0) ave= 0.000E+00 +/- 0.00 % Gtotal(l=1) ave= 0.000E+00 +/- 0.00 % Gtotal(l=2) ave= 0.000E+00 +/- 0.00 % Gtotal(l=3) ave= 0.000E+00 +/- 0.00 %  % || Gg(l=0) ave= 2.472E+00 +/- 0.65 % Gg(l=1) ave= 1.711E+00 +/- 0.38 % Gg(l=2) ave= 0.000E+00 +/- 0.00 % Gg(l=3) ave= 0.000E+00 +/- 0.00 %  % || D(l=0) ave= 6.267E+03 +/- 0.00 % D(l=1) ave= 2.220E+03 +/- 0.00 % D(l=2) ave= 0.000E+00 +/- 0.00 % D(l=3) ave= 0.000E+00 +/- 0.00 %  % || S(l=0) ave= 5.380E-04 +/- 0.11 % S(l=1) ave= 2.296E-04 +/- 6.86 % S(l=2) ave= 0.000E+00 +/- 0.00 % S(l=3) ave= 0.000E+00 +/- 0.00 % 
 ... random file  19 Cap(th)  ave= 1.854E+01 b. +/- 2.25 % || Ela(th) ave= 7.888E+00 b. +/- 3.09 % || RIcap ave= 8.79E+00 b. +/- 2.25 % || Macs30 ave= 5.25E-02 b. +/- 1.05 % || Gn^0(l=0) ave= 7.381E+00 +/- 0.12 % Gn^0(l=1) ave= 6.391E+00 +/- 7.84 % Gn^0(l=2) ave= 0.000E+00 +/- 0.00 % Gn^0(l=3) ave= 0.000E+00 +/- 0.00 % || Gtotal(l=0) ave= 0.000E+00 +/- 0.00 % Gtotal(l=1) ave= 0.000E+00 +/- 0.00 % Gtotal(l=2) ave= 0.000E+00 +/- 0.00 % Gtotal(l=3) ave= 0.000E+00 +/- 0.00 %  % || Gg(l=0) ave= 2.473E+00 +/- 0.66 % Gg(l=1) ave= 1.711E+00 +/- 0.38 % Gg(l=2) ave= 0.000E+00 +/- 0.00 % Gg(l=3) ave= 0.000E+00 +/- 0.00 %  % || D(l=0) ave= 6.267E+03 +/- 0.00 % D(l=1) ave= 2.220E+03 +/- 0.00 % D(l=2) ave= 0.000E+00 +/- 0.00 % D(l=3) ave= 0.000E+00 +/- 0.00 %  % || S(l=0) ave= 5.381E-04 +/- 0.11 % S(l=1) ave= 2.314E-04 +/- 7.39 % S(l=2) ave= 0.000E+00 +/- 0.00 % S(l=3) ave= 0.000E+00 +/- 0.00 % 
 ... random file  20 Cap(th)  ave= 1.858E+01 b. +/- 2.38 % || Ela(th) ave= 7.886E+00 b. +/- 3.02 % || RIcap ave= 8.81E+00 b. +/- 2.38 % || Macs30 ave= 5.25E-02 b. +/- 1.03 % || Gn^0(l=0) ave= 7.381E+00 +/- 0.12 % Gn^0(l=1) ave= 6.394E+00 +/- 7.65 % Gn^0(l=2) ave= 0.000E+00 +/- 0.00 % Gn^0(l=3) ave= 0.000E+00 +/- 0.00 % || Gtotal(l=0) ave= 0.000E+00 +/- 0.00 % Gtotal(l=1) ave= 0.000E+00 +/- 0.00 % Gtotal(l=2) ave= 0.000E+00 +/- 0.00 % Gtotal(l=3) ave= 0.000E+00 +/- 0.00 %  % || Gg(l=0) ave= 2.473E+00 +/- 0.65 % Gg(l=1) ave= 1.711E+00 +/- 0.37 % Gg(l=2) ave= 0.000E+00 +/- 0.00 % Gg(l=3) ave= 0.000E+00 +/- 0.00 %  % || D(l=0) ave= 6.267E+03 +/- 0.00 % D(l=1) ave= 2.220E+03 +/- 0.00 % D(l=2) ave= 0.000E+00 +/- 0.00 % D(l=3) ave= 0.000E+00 +/- 0.00 %  % || S(l=0) ave= 5.380E-04 +/- 0.11 % S(l=1) ave= 2.315E-04 +/- 7.22 % S(l=2) ave= 0.000E+00 +/- 0.00 % S(l=3) ave= 0.000E+00 +/- 0.00 % 
 ... random file  21 Cap(th)  ave= 1.859E+01 b. +/- 2.33 % || Ela(th) ave= 7.896E+00 b. +/- 3.00 % || RIcap ave= 8.81E+00 b. +/- 2.33 % || Macs30 ave= 5.24E-02 b. +/- 1.06 % || Gn^0(l=0) ave= 7.381E+00 +/- 0.12 % Gn^0(l=1) ave= 6.405E+00 +/- 7.50 % Gn^0(l=2) ave= 0.000E+00 +/- 0.00 % Gn^0(l=3) ave= 0.000E+00 +/- 0.00 % || Gtotal(l=0) ave= 0.000E+00 +/- 0.00 % Gtotal(l=1) ave= 0.000E+00 +/- 0.00 % Gtotal(l=2) ave= 0.000E+00 +/- 0.00 % Gtotal(l=3) ave= 0.000E+00 +/- 0.00 %  % || Gg(l=0) ave= 2.473E+00 +/- 0.63 % Gg(l=1) ave= 1.711E+00 +/- 0.36 % Gg(l=2) ave= 0.000E+00 +/- 0.00 % Gg(l=3) ave= 0.000E+00 +/- 0.00 %  % || D(l=0) ave= 6.267E+03 +/- 0.00 % D(l=1) ave= 2.220E+03 +/- 0.00 % D(l=2) ave= 0.000E+00 +/- 0.00 % D(l=3) ave= 0.000E+00 +/- 0.00 %  % || S(l=0) ave= 5.380E-04 +/- 0.10 % S(l=1) ave= 2.318E-04 +/- 7.08 % S(l=2) ave= 0.000E+00 +/- 0.00 % S(l=3) ave= 0.000E+00 +/- 0.00 % 
 ... random file  22 Cap(th)  ave= 1.860E+01 b. +/- 2.29 % || Ela(th) ave= 7.906E+00 b. +/- 2.99 % || RIcap ave= 8.81E+00 b. +/- 2.29 % || Macs30 ave= 5.24E-02 b. +/- 1.04 % || Gn^0(l=0) ave= 7.381E+00 +/- 0.12 % Gn^0(l=1) ave= 6.391E+00 +/- 7.42 % Gn^0(l=2) ave= 0.000E+00 +/- 0.00 % Gn^0(l=3) ave= 0.000E+00 +/- 0.00 % || Gtotal(l=0) ave= 0.000E+00 +/- 0.00 % Gtotal(l=1) ave= 0.000E+00 +/- 0.00 % Gtotal(l=2) ave= 0.000E+00 +/- 0.00 % Gtotal(l=3) ave= 0.000E+00 +/- 0.00 %  % || Gg(l=0) ave= 2.473E+00 +/- 0.62 % Gg(l=1) ave= 1.711E+00 +/- 0.36 % Gg(l=2) ave= 0.000E+00 +/- 0.00 % Gg(l=3) ave= 0.000E+00 +/- 0.00 %  % || D(l=0) ave= 6.267E+03 +/- 0.00 % D(l=1) ave= 2.220E+03 +/- 0.00 % D(l=2) ave= 0.000E+00 +/- 0.00 % D(l=3) ave= 0.000E+00 +/- 0.00 %  % || S(l=0) ave= 5.380E-04 +/- 0.10 % S(l=1) ave= 2.314E-04 +/- 7.00 % S(l=2) ave= 0.000E+00 +/- 0.00 % S(l=3) ave= 0.000E+00 +/- 0.00 % 
 ... random file  23 Cap(th)  ave= 1.856E+01 b. +/- 2.50 % || Ela(th) ave= 7.894E+00 b. +/- 3.02 % || RIcap ave= 8.79E+00 b. +/- 2.49 % || Macs30 ave= 5.24E-02 b. +/- 1.02 % || Gn^0(l=0) ave= 7.381E+00 +/- 0.11 % Gn^0(l=1) ave= 6.376E+00 +/- 7.37 % Gn^0(l=2) ave= 0.000E+00 +/- 0.00 % Gn^0(l=3) ave= 0.000E+00 +/- 0.00 % || Gtotal(l=0) ave= 0.000E+00 +/- 0.00 % Gtotal(l=1) ave= 0.000E+00 +/- 0.00 % Gtotal(l=2) ave= 0.000E+00 +/- 0.00 % Gtotal(l=3) ave= 0.000E+00 +/- 0.00 %  % || Gg(l=0) ave= 2.472E+00 +/- 0.61 % Gg(l=1) ave= 1.711E+00 +/- 0.35 % Gg(l=2) ave= 0.000E+00 +/- 0.00 % Gg(l=3) ave= 0.000E+00 +/- 0.00 %  % || D(l=0) ave= 6.267E+03 +/- 0.00 % D(l=1) ave= 2.220E+03 +/- 0.00 % D(l=2) ave= 0.000E+00 +/- 0.00 % D(l=3) ave= 0.000E+00 +/- 0.00 %  % || S(l=0) ave= 5.380E-04 +/- 0.10 % S(l=1) ave= 2.309E-04 +/- 6.95 % S(l=2) ave= 0.000E+00 +/- 0.00 % S(l=3) ave= 0.000E+00 +/- 0.00 % 
 ... random file  24 Cap(th)  ave= 1.855E+01 b. +/- 2.46 % || Ela(th) ave= 7.895E+00 b. +/- 2.96 % || RIcap ave= 8.79E+00 b. +/- 2.45 % || Macs30 ave= 5.24E-02 b. +/- 1.01 % || Gn^0(l=0) ave= 7.381E+00 +/- 0.11 % Gn^0(l=1) ave= 6.350E+00 +/- 7.53 % Gn^0(l=2) ave= 0.000E+00 +/- 0.00 % Gn^0(l=3) ave= 0.000E+00 +/- 0.00 % || Gtotal(l=0) ave= 0.000E+00 +/- 0.00 % Gtotal(l=1) ave= 0.000E+00 +/- 0.00 % Gtotal(l=2) ave= 0.000E+00 +/- 0.00 % Gtotal(l=3) ave= 0.000E+00 +/- 0.00 %  % || Gg(l=0) ave= 2.473E+00 +/- 0.63 % Gg(l=1) ave= 1.711E+00 +/- 0.35 % Gg(l=2) ave= 0.000E+00 +/- 0.00 % Gg(l=3) ave= 0.000E+00 +/- 0.00 %  % || D(l=0) ave= 6.267E+03 +/- 0.00 % D(l=1) ave= 2.220E+03 +/- 0.00 % D(l=2) ave= 0.000E+00 +/- 0.00 % D(l=3) ave= 0.000E+00 +/- 0.00 %  % || S(l=0) ave= 5.380E-04 +/- 0.10 % S(l=1) ave= 2.300E-04 +/- 7.11 % S(l=2) ave= 0.000E+00 +/- 0.00 % S(l=3) ave= 0.000E+00 +/- 0.00 % 
 ... random file  25 Cap(th)  ave= 1.853E+01 b. +/- 2.51 % || Ela(th) ave= 7.895E+00 b. +/- 2.90 % || RIcap ave= 8.78E+00 b. +/- 2.51 % || Macs30 ave= 5.24E-02 b. +/- 1.04 % || Gn^0(l=0) ave= 7.381E+00 +/- 0.11 % Gn^0(l=1) ave= 6.331E+00 +/- 7.55 % Gn^0(l=2) ave= 0.000E+00 +/- 0.00 % Gn^0(l=3) ave= 0.000E+00 +/- 0.00 % || Gtotal(l=0) ave= 0.000E+00 +/- 0.00 % Gtotal(l=1) ave= 0.000E+00 +/- 0.00 % Gtotal(l=2) ave= 0.000E+00 +/- 0.00 % Gtotal(l=3) ave= 0.000E+00 +/- 0.00 %  % || Gg(l=0) ave= 2.473E+00 +/- 0.64 % Gg(l=1) ave= 1.711E+00 +/- 0.35 % Gg(l=2) ave= 0.000E+00 +/- 0.00 % Gg(l=3) ave= 0.000E+00 +/- 0.00 %  % || D(l=0) ave= 6.267E+03 +/- 0.00 % D(l=1) ave= 2.220E+03 +/- 0.00 % D(l=2) ave= 0.000E+00 +/- 0.00 % D(l=3) ave= 0.000E+00 +/- 0.00 %  % || S(l=0) ave= 5.380E-04 +/- 0.10 % S(l=1) ave= 2.293E-04 +/- 7.12 % S(l=2) ave= 0.000E+00 +/- 0.00 % S(l=3) ave= 0.000E+00 +/- 0.00 % 
 ... random file  26 Cap(th)  ave= 1.855E+01 b. +/- 2.52 % || Ela(th) ave= 7.889E+00 b. +/- 2.88 % || RIcap ave= 8.79E+00 b. +/- 2.52 % || Macs30 ave= 5.24E-02 b. +/- 1.07 % || Gn^0(l=0) ave= 7.381E+00 +/- 0.11 % Gn^0(l=1) ave= 6.335E+00 +/- 7.41 % Gn^0(l=2) ave= 0.000E+00 +/- 0.00 % Gn^0(l=3) ave= 0.000E+00 +/- 0.00 % || Gtotal(l=0) ave= 0.000E+00 +/- 0.00 % Gtotal(l=1) ave= 0.000E+00 +/- 0.00 % Gtotal(l=2) ave= 0.000E+00 +/- 0.00 % Gtotal(l=3) ave= 0.000E+00 +/- 0.00 %  % || Gg(l=0) ave= 2.472E+00 +/- 0.64 % Gg(l=1) ave= 1.710E+00 +/- 0.36 % Gg(l=2) ave= 0.000E+00 +/- 0.00 % Gg(l=3) ave= 0.000E+00 +/- 0.00 %  % || D(l=0) ave= 6.267E+03 +/- 0.00 % D(l=1) ave= 2.220E+03 +/- 0.00 % D(l=2) ave= 0.000E+00 +/- 0.00 % D(l=3) ave= 0.000E+00 +/- 0.00 %  % || S(l=0) ave= 5.380E-04 +/- 0.10 % S(l=1) ave= 2.294E-04 +/- 6.98 % S(l=2) ave= 0.000E+00 +/- 0.00 % S(l=3) ave= 0.000E+00 +/- 0.00 % 
 ... random file  27 Cap(th)  ave= 1.855E+01 b. +/- 2.48 % || Ela(th) ave= 7.900E+00 b. +/- 2.92 % || RIcap ave= 8.79E+00 b. +/- 2.48 % || Macs30 ave= 5.24E-02 b. +/- 1.05 % || Gn^0(l=0) ave= 7.381E+00 +/- 0.11 % Gn^0(l=1) ave= 6.337E+00 +/- 7.27 % Gn^0(l=2) ave= 0.000E+00 +/- 0.00 % Gn^0(l=3) ave= 0.000E+00 +/- 0.00 % || Gtotal(l=0) ave= 0.000E+00 +/- 0.00 % Gtotal(l=1) ave= 0.000E+00 +/- 0.00 % Gtotal(l=2) ave= 0.000E+00 +/- 0.00 % Gtotal(l=3) ave= 0.000E+00 +/- 0.00 %  % || Gg(l=0) ave= 2.471E+00 +/- 0.64 % Gg(l=1) ave= 1.710E+00 +/- 0.36 % Gg(l=2) ave= 0.000E+00 +/- 0.00 % Gg(l=3) ave= 0.000E+00 +/- 0.00 %  % || D(l=0) ave= 6.267E+03 +/- 0.00 % D(l=1) ave= 2.220E+03 +/- 0.00 % D(l=2) ave= 0.000E+00 +/- 0.00 % D(l=3) ave= 0.000E+00 +/- 0.00 %  % || S(l=0) ave= 5.380E-04 +/- 0.10 % S(l=1) ave= 2.295E-04 +/- 6.86 % S(l=2) ave= 0.000E+00 +/- 0.00 % S(l=3) ave= 0.000E+00 +/- 0.00 % 
 ... random file  28 Cap(th)  ave= 1.857E+01 b. +/- 2.48 % || Ela(th) ave= 7.905E+00 b. +/- 2.88 % || RIcap ave= 8.80E+00 b. +/- 2.48 % || Macs30 ave= 5.24E-02 b. +/- 1.06 % || Gn^0(l=0) ave= 7.382E+00 +/- 0.11 % Gn^0(l=1) ave= 6.308E+00 +/- 7.57 % Gn^0(l=2) ave= 0.000E+00 +/- 0.00 % Gn^0(l=3) ave= 0.000E+00 +/- 0.00 % || Gtotal(l=0) ave= 0.000E+00 +/- 0.00 % Gtotal(l=1) ave= 0.000E+00 +/- 0.00 % Gtotal(l=2) ave= 0.000E+00 +/- 0.00 % Gtotal(l=3) ave= 0.000E+00 +/- 0.00 %  % || Gg(l=0) ave= 2.472E+00 +/- 0.65 % Gg(l=1) ave= 1.710E+00 +/- 0.36 % Gg(l=2) ave= 0.000E+00 +/- 0.00 % Gg(l=3) ave= 0.000E+00 +/- 0.00 %  % || D(l=0) ave= 6.267E+03 +/- 0.00 % D(l=1) ave= 2.220E+03 +/- 0.00 % D(l=2) ave= 0.000E+00 +/- 0.00 % D(l=3) ave= 0.000E+00 +/- 0.00 %  % || S(l=0) ave= 5.381E-04 +/- 0.10 % S(l=1) ave= 2.286E-04 +/- 7.11 % S(l=2) ave= 0.000E+00 +/- 0.00 % S(l=3) ave= 0.000E+00 +/- 0.00 % 
 ... random file  29 Cap(th)  ave= 1.855E+01 b. +/- 2.50 % || Ela(th) ave= 7.916E+00 b. +/- 2.92 % || RIcap ave= 8.79E+00 b. +/- 2.51 % || Macs30 ave= 5.24E-02 b. +/- 1.21 % || Gn^0(l=0) ave= 7.382E+00 +/- 0.11 % Gn^0(l=1) ave= 6.305E+00 +/- 7.46 % Gn^0(l=2) ave= 0.000E+00 +/- 0.00 % Gn^0(l=3) ave= 0.000E+00 +/- 0.00 % || Gtotal(l=0) ave= 0.000E+00 +/- 0.00 % Gtotal(l=1) ave= 0.000E+00 +/- 0.00 % Gtotal(l=2) ave= 0.000E+00 +/- 0.00 % Gtotal(l=3) ave= 0.000E+00 +/- 0.00 %  % || Gg(l=0) ave= 2.471E+00 +/- 0.66 % Gg(l=1) ave= 1.710E+00 +/- 0.37 % Gg(l=2) ave= 0.000E+00 +/- 0.00 % Gg(l=3) ave= 0.000E+00 +/- 0.00 %  % || D(l=0) ave= 6.267E+03 +/- 0.00 % D(l=1) ave= 2.220E+03 +/- 0.00 % D(l=2) ave= 0.000E+00 +/- 0.00 % D(l=3) ave= 0.000E+00 +/- 0.00 %  % || S(l=0) ave= 5.381E-04 +/- 0.10 % S(l=1) ave= 2.285E-04 +/- 7.00 % S(l=2) ave= 0.000E+00 +/- 0.00 % S(l=3) ave= 0.000E+00 +/- 0.00 % 
 ... random file  30 Cap(th)  ave= 1.855E+01 b. +/- 2.46 % || Ela(th) ave= 7.915E+00 b. +/- 2.88 % || RIcap ave= 8.79E+00 b. +/- 2.46 % || Macs30 ave= 5.24E-02 b. +/- 1.21 % || Gn^0(l=0) ave= 7.382E+00 +/- 0.11 % Gn^0(l=1) ave= 6.316E+00 +/- 7.39 % Gn^0(l=2) ave= 0.000E+00 +/- 0.00 % Gn^0(l=3) ave= 0.000E+00 +/- 0.00 % || Gtotal(l=0) ave= 0.000E+00 +/- 0.00 % Gtotal(l=1) ave= 0.000E+00 +/- 0.00 % Gtotal(l=2) ave= 0.000E+00 +/- 0.00 % Gtotal(l=3) ave= 0.000E+00 +/- 0.00 %  % || Gg(l=0) ave= 2.471E+00 +/- 0.65 % Gg(l=1) ave= 1.710E+00 +/- 0.40 % Gg(l=2) ave= 0.000E+00 +/- 0.00 % Gg(l=3) ave= 0.000E+00 +/- 0.00 %  % || D(l=0) ave= 6.267E+03 +/- 0.00 % D(l=1) ave= 2.220E+03 +/- 0.00 % D(l=2) ave= 0.000E+00 +/- 0.00 % D(l=3) ave= 0.000E+00 +/- 0.00 %  % || S(l=0) ave= 5.381E-04 +/- 0.10 % S(l=1) ave= 2.288E-04 +/- 6.93 % S(l=2) ave= 0.000E+00 +/- 0.00 % S(l=3) ave= 0.000E+00 +/- 0.00 % 
 ... random file  31 Cap(th)  ave= 1.856E+01 b. +/- 2.42 % || Ela(th) ave= 7.930E+00 b. +/- 3.02 % || RIcap ave= 8.79E+00 b. +/- 2.43 % || Macs30 ave= 5.24E-02 b. +/- 1.22 % || Gn^0(l=0) ave= 7.382E+00 +/- 0.11 % Gn^0(l=1) ave= 6.295E+00 +/- 7.53 % Gn^0(l=2) ave= 0.000E+00 +/- 0.00 % Gn^0(l=3) ave= 0.000E+00 +/- 0.00 % || Gtotal(l=0) ave= 0.000E+00 +/- 0.00 % Gtotal(l=1) ave= 0.000E+00 +/- 0.00 % Gtotal(l=2) ave= 0.000E+00 +/- 0.00 % Gtotal(l=3) ave= 0.000E+00 +/- 0.00 %  % || Gg(l=0) ave= 2.472E+00 +/- 0.65 % Gg(l=1) ave= 1.709E+00 +/- 0.40 % Gg(l=2) ave= 0.000E+00 +/- 0.00 % Gg(l=3) ave= 0.000E+00 +/- 0.00 %  % || D(l=0) ave= 6.267E+03 +/- 0.00 % D(l=1) ave= 2.220E+03 +/- 0.00 % D(l=2) ave= 0.000E+00 +/- 0.00 % D(l=3) ave= 0.000E+00 +/- 0.00 %  % || S(l=0) ave= 5.381E-04 +/- 0.10 % S(l=1) ave= 2.281E-04 +/- 7.06 % S(l=2) ave= 0.000E+00 +/- 0.00 % S(l=3) ave= 0.000E+00 +/- 0.00 % 
 ... random file  32 Cap(th)  ave= 1.856E+01 b. +/- 2.39 % || Ela(th) ave= 7.941E+00 b. +/- 3.08 % || RIcap ave= 8.80E+00 b. +/- 2.39 % || Macs30 ave= 5.24E-02 b. +/- 1.22 % || Gn^0(l=0) ave= 7.382E+00 +/- 0.11 % Gn^0(l=1) ave= 6.290E+00 +/- 7.43 % Gn^0(l=2) ave= 0.000E+00 +/- 0.00 % Gn^0(l=3) ave= 0.000E+00 +/- 0.00 % || Gtotal(l=0) ave= 0.000E+00 +/- 0.00 % Gtotal(l=1) ave= 0.000E+00 +/- 0.00 % Gtotal(l=2) ave= 0.000E+00 +/- 0.00 % Gtotal(l=3) ave= 0.000E+00 +/- 0.00 %  % || Gg(l=0) ave= 2.472E+00 +/- 0.65 % Gg(l=1) ave= 1.709E+00 +/- 0.39 % Gg(l=2) ave= 0.000E+00 +/- 0.00 % Gg(l=3) ave= 0.000E+00 +/- 0.00 %  % || D(l=0) ave= 6.267E+03 +/- 0.00 % D(l=1) ave= 2.220E+03 +/- 0.00 % D(l=2) ave= 0.000E+00 +/- 0.00 % D(l=3) ave= 0.000E+00 +/- 0.00 %  % || S(l=0) ave= 5.381E-04 +/- 0.10 % S(l=1) ave= 2.280E-04 +/- 6.97 % S(l=2) ave= 0.000E+00 +/- 0.00 % S(l=3) ave= 0.000E+00 +/- 0.00 % 
 ... random file  33 Cap(th)  ave= 1.854E+01 b. +/- 2.39 % || Ela(th) ave= 7.948E+00 b. +/- 3.07 % || RIcap ave= 8.79E+00 b. +/- 2.40 % || Macs30 ave= 5.24E-02 b. +/- 1.21 % || Gn^0(l=0) ave= 7.382E+00 +/- 0.11 % Gn^0(l=1) ave= 6.280E+00 +/- 7.39 % Gn^0(l=2) ave= 0.000E+00 +/- 0.00 % Gn^0(l=3) ave= 0.000E+00 +/- 0.00 % || Gtotal(l=0) ave= 0.000E+00 +/- 0.00 % Gtotal(l=1) ave= 0.000E+00 +/- 0.00 % Gtotal(l=2) ave= 0.000E+00 +/- 0.00 % Gtotal(l=3) ave= 0.000E+00 +/- 0.00 %  % || Gg(l=0) ave= 2.472E+00 +/- 0.65 % Gg(l=1) ave= 1.709E+00 +/- 0.39 % Gg(l=2) ave= 0.000E+00 +/- 0.00 % Gg(l=3) ave= 0.000E+00 +/- 0.00 %  % || D(l=0) ave= 6.267E+03 +/- 0.00 % D(l=1) ave= 2.220E+03 +/- 0.00 % D(l=2) ave= 0.000E+00 +/- 0.00 % D(l=3) ave= 0.000E+00 +/- 0.00 %  % || S(l=0) ave= 5.381E-04 +/- 0.10 % S(l=1) ave= 2.276E-04 +/- 6.94 % S(l=2) ave= 0.000E+00 +/- 0.00 % S(l=3) ave= 0.000E+00 +/- 0.00 % 
 ... random file  34 Cap(th)  ave= 1.856E+01 b. +/- 2.40 % || Ela(th) ave= 7.947E+00 b. +/- 3.02 % || RIcap ave= 8.80E+00 b. +/- 2.41 % || Macs30 ave= 5.24E-02 b. +/- 1.22 % || Gn^0(l=0) ave= 7.382E+00 +/- 0.12 % Gn^0(l=1) ave= 6.283E+00 +/- 7.29 % Gn^0(l=2) ave= 0.000E+00 +/- 0.00 % Gn^0(l=3) ave= 0.000E+00 +/- 0.00 % || Gtotal(l=0) ave= 0.000E+00 +/- 0.00 % Gtotal(l=1) ave= 0.000E+00 +/- 0.00 % Gtotal(l=2) ave= 0.000E+00 +/- 0.00 % Gtotal(l=3) ave= 0.000E+00 +/- 0.00 %  % || Gg(l=0) ave= 2.473E+00 +/- 0.66 % Gg(l=1) ave= 1.709E+00 +/- 0.38 % Gg(l=2) ave= 0.000E+00 +/- 0.00 % Gg(l=3) ave= 0.000E+00 +/- 0.00 %  % || D(l=0) ave= 6.267E+03 +/- 0.00 % D(l=1) ave= 2.220E+03 +/- 0.00 % D(l=2) ave= 0.000E+00 +/- 0.00 % D(l=3) ave= 0.000E+00 +/- 0.00 %  % || S(l=0) ave= 5.381E-04 +/- 0.11 % S(l=1) ave= 2.277E-04 +/- 6.85 % S(l=2) ave= 0.000E+00 +/- 0.00 % S(l=3) ave= 0.000E+00 +/- 0.00 % 
 ... random file  35 Cap(th)  ave= 1.857E+01 b. +/- 2.37 % || Ela(th) ave= 7.962E+00 b. +/- 3.17 % || RIcap ave= 8.80E+00 b. +/- 2.38 % || Macs30 ave= 5.24E-02 b. +/- 1.20 % || Gn^0(l=0) ave= 7.382E+00 +/- 0.12 % Gn^0(l=1) ave= 6.274E+00 +/- 7.25 % Gn^0(l=2) ave= 0.000E+00 +/- 0.00 % Gn^0(l=3) ave= 0.000E+00 +/- 0.00 % || Gtotal(l=0) ave= 0.000E+00 +/- 0.00 % Gtotal(l=1) ave= 0.000E+00 +/- 0.00 % Gtotal(l=2) ave= 0.000E+00 +/- 0.00 % Gtotal(l=3) ave= 0.000E+00 +/- 0.00 %  % || Gg(l=0) ave= 2.475E+00 +/- 0.75 % Gg(l=1) ave= 1.709E+00 +/- 0.38 % Gg(l=2) ave= 0.000E+00 +/- 0.00 % Gg(l=3) ave= 0.000E+00 +/- 0.00 %  % || D(l=0) ave= 6.267E+03 +/- 0.00 % D(l=1) ave= 2.220E+03 +/- 0.00 % D(l=2) ave= 0.000E+00 +/- 0.00 % D(l=3) ave= 0.000E+00 +/- 0.00 %  % || S(l=0) ave= 5.381E-04 +/- 0.10 % S(l=1) ave= 2.274E-04 +/- 6.81 % S(l=2) ave= 0.000E+00 +/- 0.00 % S(l=3) ave= 0.000E+00 +/- 0.00 % 
 ... random file  36 Cap(th)  ave= 1.855E+01 b. +/- 2.40 % || Ela(th) ave= 7.957E+00 b. +/- 3.15 % || RIcap ave= 8.79E+00 b. +/- 2.41 % || Macs30 ave= 5.24E-02 b. +/- 1.27 % || Gn^0(l=0) ave= 7.382E+00 +/- 0.12 % Gn^0(l=1) ave= 6.273E+00 +/- 7.15 % Gn^0(l=2) ave= 0.000E+00 +/- 0.00 % Gn^0(l=3) ave= 0.000E+00 +/- 0.00 % || Gtotal(l=0) ave= 0.000E+00 +/- 0.00 % Gtotal(l=1) ave= 0.000E+00 +/- 0.00 % Gtotal(l=2) ave= 0.000E+00 +/- 0.00 % Gtotal(l=3) ave= 0.000E+00 +/- 0.00 %  % || Gg(l=0) ave= 2.475E+00 +/- 0.74 % Gg(l=1) ave= 1.709E+00 +/- 0.38 % Gg(l=2) ave= 0.000E+00 +/- 0.00 % Gg(l=3) ave= 0.000E+00 +/- 0.00 %  % || D(l=0) ave= 6.267E+03 +/- 0.00 % D(l=1) ave= 2.220E+03 +/- 0.00 % D(l=2) ave= 0.000E+00 +/- 0.00 % D(l=3) ave= 0.000E+00 +/- 0.00 %  % || S(l=0) ave= 5.381E-04 +/- 0.10 % S(l=1) ave= 2.274E-04 +/- 6.72 % S(l=2) ave= 0.000E+00 +/- 0.00 % S(l=3) ave= 0.000E+00 +/- 0.00 % 
 ... random file  37 Cap(th)  ave= 1.856E+01 b. +/- 2.38 % || Ela(th) ave= 7.963E+00 b. +/- 3.13 % || RIcap ave= 8.79E+00 b. +/- 2.39 % || Macs30 ave= 5.24E-02 b. +/- 1.25 % || Gn^0(l=0) ave= 7.382E+00 +/- 0.12 % Gn^0(l=1) ave= 6.287E+00 +/- 7.17 % Gn^0(l=2) ave= 0.000E+00 +/- 0.00 % Gn^0(l=3) ave= 0.000E+00 +/- 0.00 % || Gtotal(l=0) ave= 0.000E+00 +/- 0.00 % Gtotal(l=1) ave= 0.000E+00 +/- 0.00 % Gtotal(l=2) ave= 0.000E+00 +/- 0.00 % Gtotal(l=3) ave= 0.000E+00 +/- 0.00 %  % || Gg(l=0) ave= 2.476E+00 +/- 0.76 % Gg(l=1) ave= 1.709E+00 +/- 0.37 % Gg(l=2) ave= 0.000E+00 +/- 0.00 % Gg(l=3) ave= 0.000E+00 +/- 0.00 %  % || D(l=0) ave= 6.267E+03 +/- 0.00 % D(l=1) ave= 2.220E+03 +/- 0.00 % D(l=2) ave= 0.000E+00 +/- 0.00 % D(l=3) ave= 0.000E+00 +/- 0.00 %  % || S(l=0) ave= 5.381E-04 +/- 0.10 % S(l=1) ave= 2.278E-04 +/- 6.74 % S(l=2) ave= 0.000E+00 +/- 0.00 % S(l=3) ave= 0.000E+00 +/- 0.00 % 
 ... random file  38 Cap(th)  ave= 1.854E+01 b. +/- 2.43 % || Ela(th) ave= 7.964E+00 b. +/- 3.09 % || RIcap ave= 8.79E+00 b. +/- 2.44 % || Macs30 ave= 5.23E-02 b. +/- 1.26 % || Gn^0(l=0) ave= 7.381E+00 +/- 0.12 % Gn^0(l=1) ave= 6.280E+00 +/- 7.12 % Gn^0(l=2) ave= 0.000E+00 +/- 0.00 % Gn^0(l=3) ave= 0.000E+00 +/- 0.00 % || Gtotal(l=0) ave= 0.000E+00 +/- 0.00 % Gtotal(l=1) ave= 0.000E+00 +/- 0.00 % Gtotal(l=2) ave= 0.000E+00 +/- 0.00 % Gtotal(l=3) ave= 0.000E+00 +/- 0.00 %  % || Gg(l=0) ave= 2.475E+00 +/- 0.76 % Gg(l=1) ave= 1.709E+00 +/- 0.38 % Gg(l=2) ave= 0.000E+00 +/- 0.00 % Gg(l=3) ave= 0.000E+00 +/- 0.00 %  % || D(l=0) ave= 6.267E+03 +/- 0.00 % D(l=1) ave= 2.220E+03 +/- 0.00 % D(l=2) ave= 0.000E+00 +/- 0.00 % D(l=3) ave= 0.000E+00 +/- 0.00 %  % || S(l=0) ave= 5.380E-04 +/- 0.11 % S(l=1) ave= 2.276E-04 +/- 6.70 % S(l=2) ave= 0.000E+00 +/- 0.00 % S(l=3) ave= 0.000E+00 +/- 0.00 % 
 ... random file  39 Cap(th)  ave= 1.854E+01 b. +/- 2.40 % || Ela(th) ave= 7.964E+00 b. +/- 3.05 % || RIcap ave= 8.79E+00 b. +/- 2.42 % || Macs30 ave= 5.24E-02 b. +/- 1.27 % || Gn^0(l=0) ave= 7.382E+00 +/- 0.12 % Gn^0(l=1) ave= 6.287E+00 +/- 7.07 % Gn^0(l=2) ave= 0.000E+00 +/- 0.00 % Gn^0(l=3) ave= 0.000E+00 +/- 0.00 % || Gtotal(l=0) ave= 0.000E+00 +/- 0.00 % Gtotal(l=1) ave= 0.000E+00 +/- 0.00 % Gtotal(l=2) ave= 0.000E+00 +/- 0.00 % Gtotal(l=3) ave= 0.000E+00 +/- 0.00 %  % || Gg(l=0) ave= 2.476E+00 +/- 0.78 % Gg(l=1) ave= 1.709E+00 +/- 0.37 % Gg(l=2) ave= 0.000E+00 +/- 0.00 % Gg(l=3) ave= 0.000E+00 +/- 0.00 %  % || D(l=0) ave= 6.267E+03 +/- 0.00 % D(l=1) ave= 2.220E+03 +/- 0.00 % D(l=2) ave= 0.000E+00 +/- 0.00 % D(l=3) ave= 0.000E+00 +/- 0.00 %  % || S(l=0) ave= 5.380E-04 +/- 0.11 % S(l=1) ave= 2.278E-04 +/- 6.64 % S(l=2) ave= 0.000E+00 +/- 0.00 % S(l=3) ave= 0.000E+00 +/- 0.00 % 
 ... random file  40 Cap(th)  ave= 1.855E+01 b. +/- 2.39 % || Ela(th) ave= 7.970E+00 b. +/- 3.05 % || RIcap ave= 8.79E+00 b. +/- 2.41 % || Macs30 ave= 5.24E-02 b. +/- 1.27 % || Gn^0(l=0) ave= 7.382E+00 +/- 0.12 % Gn^0(l=1) ave= 6.306E+00 +/- 7.22 % Gn^0(l=2) ave= 0.000E+00 +/- 0.00 % Gn^0(l=3) ave= 0.000E+00 +/- 0.00 % || Gtotal(l=0) ave= 0.000E+00 +/- 0.00 % Gtotal(l=1) ave= 0.000E+00 +/- 0.00 % Gtotal(l=2) ave= 0.000E+00 +/- 0.00 % Gtotal(l=3) ave= 0.000E+00 +/- 0.00 %  % || Gg(l=0) ave= 2.476E+00 +/- 0.77 % Gg(l=1) ave= 1.709E+00 +/- 0.38 % Gg(l=2) ave= 0.000E+00 +/- 0.00 % Gg(l=3) ave= 0.000E+00 +/- 0.00 %  % || D(l=0) ave= 6.267E+03 +/- 0.00 % D(l=1) ave= 2.220E+03 +/- 0.00 % D(l=2) ave= 0.000E+00 +/- 0.00 % D(l=3) ave= 0.000E+00 +/- 0.00 %  % || S(l=0) ave= 5.380E-04 +/- 0.10 % S(l=1) ave= 2.285E-04 +/- 6.78 % S(l=2) ave= 0.000E+00 +/- 0.00 % S(l=3) ave= 0.000E+00 +/- 0.00 % 
 ... random file  41 Cap(th)  ave= 1.857E+01 b. +/- 2.44 % || Ela(th) ave= 7.980E+00 b. +/- 3.10 % || RIcap ave= 8.80E+00 b. +/- 2.46 % || Macs30 ave= 5.24E-02 b. +/- 1.35 % || Gn^0(l=0) ave= 7.381E+00 +/- 0.12 % Gn^0(l=1) ave= 6.318E+00 +/- 7.22 % Gn^0(l=2) ave= 0.000E+00 +/- 0.00 % Gn^0(l=3) ave= 0.000E+00 +/- 0.00 % || Gtotal(l=0) ave= 0.000E+00 +/- 0.00 % Gtotal(l=1) ave= 0.000E+00 +/- 0.00 % Gtotal(l=2) ave= 0.000E+00 +/- 0.00 % Gtotal(l=3) ave= 0.000E+00 +/- 0.00 %  % || Gg(l=0) ave= 2.475E+00 +/- 0.77 % Gg(l=1) ave= 1.709E+00 +/- 0.39 % Gg(l=2) ave= 0.000E+00 +/- 0.00 % Gg(l=3) ave= 0.000E+00 +/- 0.00 %  % || D(l=0) ave= 6.267E+03 +/- 0.00 % D(l=1) ave= 2.220E+03 +/- 0.00 % D(l=2) ave= 0.000E+00 +/- 0.00 % D(l=3) ave= 0.000E+00 +/- 0.00 %  % || S(l=0) ave= 5.380E-04 +/- 0.10 % S(l=1) ave= 2.289E-04 +/- 6.78 % S(l=2) ave= 0.000E+00 +/- 0.00 % S(l=3) ave= 0.000E+00 +/- 0.00 % 
 ... random file  42 Cap(th)  ave= 1.855E+01 b. +/- 2.54 % || Ela(th) ave= 7.980E+00 b. +/- 3.07 % || RIcap ave= 8.79E+00 b. +/- 2.54 % || Macs30 ave= 5.24E-02 b. +/- 1.34 % || Gn^0(l=0) ave= 7.381E+00 +/- 0.12 % Gn^0(l=1) ave= 6.311E+00 +/- 7.19 % Gn^0(l=2) ave= 0.000E+00 +/- 0.00 % Gn^0(l=3) ave= 0.000E+00 +/- 0.00 % || Gtotal(l=0) ave= 0.000E+00 +/- 0.00 % Gtotal(l=1) ave= 0.000E+00 +/- 0.00 % Gtotal(l=2) ave= 0.000E+00 +/- 0.00 % Gtotal(l=3) ave= 0.000E+00 +/- 0.00 %  % || Gg(l=0) ave= 2.475E+00 +/- 0.76 % Gg(l=1) ave= 1.709E+00 +/- 0.38 % Gg(l=2) ave= 0.000E+00 +/- 0.00 % Gg(l=3) ave= 0.000E+00 +/- 0.00 %  % || D(l=0) ave= 6.267E+03 +/- 0.00 % D(l=1) ave= 2.220E+03 +/- 0.00 % D(l=2) ave= 0.000E+00 +/- 0.00 % D(l=3) ave= 0.000E+00 +/- 0.00 %  % || S(l=0) ave= 5.380E-04 +/- 0.10 % S(l=1) ave= 2.286E-04 +/- 6.75 % S(l=2) ave= 0.000E+00 +/- 0.00 % S(l=3) ave= 0.000E+00 +/- 0.00 % 
 ... random file  43 Cap(th)  ave= 1.855E+01 b. +/- 2.51 % || Ela(th) ave= 7.980E+00 b. +/- 3.03 % || RIcap ave= 8.79E+00 b. +/- 2.52 % || Macs30 ave= 5.24E-02 b. +/- 1.34 % || Gn^0(l=0) ave= 7.381E+00 +/- 0.12 % Gn^0(l=1) ave= 6.301E+00 +/- 7.18 % Gn^0(l=2) ave= 0.000E+00 +/- 0.00 % Gn^0(l=3) ave= 0.000E+00 +/- 0.00 % || Gtotal(l=0) ave= 0.000E+00 +/- 0.00 % Gtotal(l=1) ave= 0.000E+00 +/- 0.00 % Gtotal(l=2) ave= 0.000E+00 +/- 0.00 % Gtotal(l=3) ave= 0.000E+00 +/- 0.00 %  % || Gg(l=0) ave= 2.476E+00 +/- 0.76 % Gg(l=1) ave= 1.709E+00 +/- 0.38 % Gg(l=2) ave= 0.000E+00 +/- 0.00 % Gg(l=3) ave= 0.000E+00 +/- 0.00 %  % || D(l=0) ave= 6.267E+03 +/- 0.00 % D(l=1) ave= 2.220E+03 +/- 0.00 % D(l=2) ave= 0.000E+00 +/- 0.00 % D(l=3) ave= 0.000E+00 +/- 0.00 %  % || S(l=0) ave= 5.380E-04 +/- 0.10 % S(l=1) ave= 2.283E-04 +/- 6.74 % S(l=2) ave= 0.000E+00 +/- 0.00 % S(l=3) ave= 0.000E+00 +/- 0.00 % 
 ... random file  44 Cap(th)  ave= 1.857E+01 b. +/- 2.55 % || Ela(th) ave= 7.973E+00 b. +/- 3.05 % || RIcap ave= 8.80E+00 b. +/- 2.55 % || Macs30 ave= 5.24E-02 b. +/- 1.32 % || Gn^0(l=0) ave= 7.381E+00 +/- 0.12 % Gn^0(l=1) ave= 6.308E+00 +/- 7.12 % Gn^0(l=2) ave= 0.000E+00 +/- 0.00 % Gn^0(l=3) ave= 0.000E+00 +/- 0.00 % || Gtotal(l=0) ave= 0.000E+00 +/- 0.00 % Gtotal(l=1) ave= 0.000E+00 +/- 0.00 % Gtotal(l=2) ave= 0.000E+00 +/- 0.00 % Gtotal(l=3) ave= 0.000E+00 +/- 0.00 %  % || Gg(l=0) ave= 2.475E+00 +/- 0.82 % Gg(l=1) ave= 1.709E+00 +/- 0.38 % Gg(l=2) ave= 0.000E+00 +/- 0.00 % Gg(l=3) ave= 0.000E+00 +/- 0.00 %  % || D(l=0) ave= 6.267E+03 +/- 0.00 % D(l=1) ave= 2.220E+03 +/- 0.00 % D(l=2) ave= 0.000E+00 +/- 0.00 % D(l=3) ave= 0.000E+00 +/- 0.00 %  % || S(l=0) ave= 5.380E-04 +/- 0.10 % S(l=1) ave= 2.285E-04 +/- 6.68 % S(l=2) ave= 0.000E+00 +/- 0.00 % S(l=3) ave= 0.000E+00 +/- 0.00 % 
 ... random file  45 Cap(th)  ave= 1.857E+01 b. +/- 2.52 % || Ela(th) ave= 7.971E+00 b. +/- 3.02 % || RIcap ave= 8.80E+00 b. +/- 2.53 % || Macs30 ave= 5.24E-02 b. +/- 1.31 % || Gn^0(l=0) ave= 7.381E+00 +/- 0.11 % Gn^0(l=1) ave= 6.307E+00 +/- 7.04 % Gn^0(l=2) ave= 0.000E+00 +/- 0.00 % Gn^0(l=3) ave= 0.000E+00 +/- 0.00 % || Gtotal(l=0) ave= 0.000E+00 +/- 0.00 % Gtotal(l=1) ave= 0.000E+00 +/- 0.00 % Gtotal(l=2) ave= 0.000E+00 +/- 0.00 % Gtotal(l=3) ave= 0.000E+00 +/- 0.00 %  % || Gg(l=0) ave= 2.475E+00 +/- 0.81 % Gg(l=1) ave= 1.709E+00 +/- 0.38 % Gg(l=2) ave= 0.000E+00 +/- 0.00 % Gg(l=3) ave= 0.000E+00 +/- 0.00 %  % || D(l=0) ave= 6.267E+03 +/- 0.00 % D(l=1) ave= 2.220E+03 +/- 0.00 % D(l=2) ave= 0.000E+00 +/- 0.00 % D(l=3) ave= 0.000E+00 +/- 0.00 %  % || S(l=0) ave= 5.380E-04 +/- 0.10 % S(l=1) ave= 2.285E-04 +/- 6.61 % S(l=2) ave= 0.000E+00 +/- 0.00 % S(l=3) ave= 0.000E+00 +/- 0.00 % 
 ... random file  46 Cap(th)  ave= 1.858E+01 b. +/- 2.54 % || Ela(th) ave= 7.965E+00 b. +/- 3.05 % || RIcap ave= 8.81E+00 b. +/- 2.55 % || Macs30 ave= 5.24E-02 b. +/- 1.30 % || Gn^0(l=0) ave= 7.381E+00 +/- 0.11 % Gn^0(l=1) ave= 6.329E+00 +/- 7.34 % Gn^0(l=2) ave= 0.000E+00 +/- 0.00 % Gn^0(l=3) ave= 0.000E+00 +/- 0.00 % || Gtotal(l=0) ave= 0.000E+00 +/- 0.00 % Gtotal(l=1) ave= 0.000E+00 +/- 0.00 % Gtotal(l=2) ave= 0.000E+00 +/- 0.00 % Gtotal(l=3) ave= 0.000E+00 +/- 0.00 %  % || Gg(l=0) ave= 2.475E+00 +/- 0.81 % Gg(l=1) ave= 1.709E+00 +/- 0.39 % Gg(l=2) ave= 0.000E+00 +/- 0.00 % Gg(l=3) ave= 0.000E+00 +/- 0.00 %  % || D(l=0) ave= 6.267E+03 +/- 0.00 % D(l=1) ave= 2.220E+03 +/- 0.00 % D(l=2) ave= 0.000E+00 +/- 0.00 % D(l=3) ave= 0.000E+00 +/- 0.00 %  % || S(l=0) ave= 5.380E-04 +/- 0.10 % S(l=1) ave= 2.292E-04 +/- 6.88 % S(l=2) ave= 0.000E+00 +/- 0.00 % S(l=3) ave= 0.000E+00 +/- 0.00 % 
 ... random file  47 Cap(th)  ave= 1.859E+01 b. +/- 2.52 % || Ela(th) ave= 7.952E+00 b. +/- 3.23 % || RIcap ave= 8.81E+00 b. +/- 2.53 % || Macs30 ave= 5.24E-02 b. +/- 1.31 % || Gn^0(l=0) ave= 7.381E+00 +/- 0.11 % Gn^0(l=1) ave= 6.344E+00 +/- 7.42 % Gn^0(l=2) ave= 0.000E+00 +/- 0.00 % Gn^0(l=3) ave= 0.000E+00 +/- 0.00 % || Gtotal(l=0) ave= 0.000E+00 +/- 0.00 % Gtotal(l=1) ave= 0.000E+00 +/- 0.00 % Gtotal(l=2) ave= 0.000E+00 +/- 0.00 % Gtotal(l=3) ave= 0.000E+00 +/- 0.00 %  % || Gg(l=0) ave= 2.475E+00 +/- 0.80 % Gg(l=1) ave= 1.709E+00 +/- 0.39 % Gg(l=2) ave= 0.000E+00 +/- 0.00 % Gg(l=3) ave= 0.000E+00 +/- 0.00 %  % || D(l=0) ave= 6.267E+03 +/- 0.00 % D(l=1) ave= 2.220E+03 +/- 0.00 % D(l=2) ave= 0.000E+00 +/- 0.00 % D(l=3) ave= 0.000E+00 +/- 0.00 %  % || S(l=0) ave= 5.380E-04 +/- 0.10 % S(l=1) ave= 2.297E-04 +/- 6.95 % S(l=2) ave= 0.000E+00 +/- 0.00 % S(l=3) ave= 0.000E+00 +/- 0.00 % 
 ... random file  48 Cap(th)  ave= 1.859E+01 b. +/- 2.50 % || Ela(th) ave= 7.949E+00 b. +/- 3.21 % || RIcap ave= 8.81E+00 b. +/- 2.51 % || Macs30 ave= 5.24E-02 b. +/- 1.30 % || Gn^0(l=0) ave= 7.381E+00 +/- 0.11 % Gn^0(l=1) ave= 6.357E+00 +/- 7.47 % Gn^0(l=2) ave= 0.000E+00 +/- 0.00 % Gn^0(l=3) ave= 0.000E+00 +/- 0.00 % || Gtotal(l=0) ave= 0.000E+00 +/- 0.00 % Gtotal(l=1) ave= 0.000E+00 +/- 0.00 % Gtotal(l=2) ave= 0.000E+00 +/- 0.00 % Gtotal(l=3) ave= 0.000E+00 +/- 0.00 %  % || Gg(l=0) ave= 2.475E+00 +/- 0.80 % Gg(l=1) ave= 1.709E+00 +/- 0.39 % Gg(l=2) ave= 0.000E+00 +/- 0.00 % Gg(l=3) ave= 0.000E+00 +/- 0.00 %  % || D(l=0) ave= 6.267E+03 +/- 0.00 % D(l=1) ave= 2.220E+03 +/- 0.00 % D(l=2) ave= 0.000E+00 +/- 0.00 % D(l=3) ave= 0.000E+00 +/- 0.00 %  % || S(l=0) ave= 5.380E-04 +/- 0.10 % S(l=1) ave= 2.302E-04 +/- 7.01 % S(l=2) ave= 0.000E+00 +/- 0.00 % S(l=3) ave= 0.000E+00 +/- 0.00 % 
 ... random file  49 Cap(th)  ave= 1.860E+01 b. +/- 2.48 % || Ela(th) ave= 7.947E+00 b. +/- 3.18 % || RIcap ave= 8.81E+00 b. +/- 2.49 % || Macs30 ave= 5.24E-02 b. +/- 1.29 % || Gn^0(l=0) ave= 7.381E+00 +/- 0.11 % Gn^0(l=1) ave= 6.369E+00 +/- 7.49 % Gn^0(l=2) ave= 0.000E+00 +/- 0.00 % Gn^0(l=3) ave= 0.000E+00 +/- 0.00 % || Gtotal(l=0) ave= 0.000E+00 +/- 0.00 % Gtotal(l=1) ave= 0.000E+00 +/- 0.00 % Gtotal(l=2) ave= 0.000E+00 +/- 0.00 % Gtotal(l=3) ave= 0.000E+00 +/- 0.00 %  % || Gg(l=0) ave= 2.475E+00 +/- 0.79 % Gg(l=1) ave= 1.709E+00 +/- 0.39 % Gg(l=2) ave= 0.000E+00 +/- 0.00 % Gg(l=3) ave= 0.000E+00 +/- 0.00 %  % || D(l=0) ave= 6.267E+03 +/- 0.00 % D(l=1) ave= 2.220E+03 +/- 0.00 % D(l=2) ave= 0.000E+00 +/- 0.00 % D(l=3) ave= 0.000E+00 +/- 0.00 %  % || S(l=0) ave= 5.380E-04 +/- 0.10 % S(l=1) ave= 2.306E-04 +/- 7.02 % S(l=2) ave= 0.000E+00 +/- 0.00 % S(l=3) ave= 0.000E+00 +/- 0.00 % 
 ... random file  50 Cap(th)  ave= 1.859E+01 b. +/- 2.48 % || Ela(th) ave= 7.942E+00 b. +/- 3.18 % || RIcap ave= 8.81E+00 b. +/- 2.48 % || Macs30 ave= 5.24E-02 b. +/- 1.29 % || Gn^0(l=0) ave= 7.381E+00 +/- 0.11 % Gn^0(l=1) ave= 6.380E+00 +/- 7.50 % Gn^0(l=2) ave= 0.000E+00 +/- 0.00 % Gn^0(l=3) ave= 0.000E+00 +/- 0.00 % || Gtotal(l=0) ave= 0.000E+00 +/- 0.00 % Gtotal(l=1) ave= 0.000E+00 +/- 0.00 % Gtotal(l=2) ave= 0.000E+00 +/- 0.00 % Gtotal(l=3) ave= 0.000E+00 +/- 0.00 %  % || Gg(l=0) ave= 2.476E+00 +/- 0.82 % Gg(l=1) ave= 1.710E+00 +/- 0.39 % Gg(l=2) ave= 0.000E+00 +/- 0.00 % Gg(l=3) ave= 0.000E+00 +/- 0.00 %  % || D(l=0) ave= 6.267E+03 +/- 0.00 % D(l=1) ave= 2.220E+03 +/- 0.00 % D(l=2) ave= 0.000E+00 +/- 0.00 % D(l=3) ave= 0.000E+00 +/- 0.00 %  % || S(l=0) ave= 5.380E-04 +/- 0.10 % S(l=1) ave= 2.310E-04 +/- 7.03 % S(l=2) ave= 0.000E+00 +/- 0.00 % S(l=3) ave= 0.000E+00 +/- 0.00 % 
 ... random file  51 Cap(th)  ave= 1.858E+01 b. +/- 2.46 % || Ela(th) ave= 7.934E+00 b. +/- 3.24 % || RIcap ave= 8.81E+00 b. +/- 2.47 % || Macs30 ave= 5.24E-02 b. +/- 1.28 % || Gn^0(l=0) ave= 7.381E+00 +/- 0.11 % Gn^0(l=1) ave= 6.382E+00 +/- 7.43 % Gn^0(l=2) ave= 0.000E+00 +/- 0.00 % Gn^0(l=3) ave= 0.000E+00 +/- 0.00 % || Gtotal(l=0) ave= 0.000E+00 +/- 0.00 % Gtotal(l=1) ave= 0.000E+00 +/- 0.00 % Gtotal(l=2) ave= 0.000E+00 +/- 0.00 % Gtotal(l=3) ave= 0.000E+00 +/- 0.00 %  % || Gg(l=0) ave= 2.476E+00 +/- 0.82 % Gg(l=1) ave= 1.710E+00 +/- 0.39 % Gg(l=2) ave= 0.000E+00 +/- 0.00 % Gg(l=3) ave= 0.000E+00 +/- 0.00 %  % || D(l=0) ave= 6.267E+03 +/- 0.00 % D(l=1) ave= 2.220E+03 +/- 0.00 % D(l=2) ave= 0.000E+00 +/- 0.00 % D(l=3) ave= 0.000E+00 +/- 0.00 %  % || S(l=0) ave= 5.380E-04 +/- 0.10 % S(l=1) ave= 2.310E-04 +/- 6.97 % S(l=2) ave= 0.000E+00 +/- 0.00 % S(l=3) ave= 0.000E+00 +/- 0.00 % 
 ... random file  52 Cap(th)  ave= 1.859E+01 b. +/- 2.44 % || Ela(th) ave= 7.937E+00 b. +/- 3.22 % || RIcap ave= 8.81E+00 b. +/- 2.44 % || Macs30 ave= 5.24E-02 b. +/- 1.27 % || Gn^0(l=0) ave= 7.381E+00 +/- 0.11 % Gn^0(l=1) ave= 6.383E+00 +/- 7.36 % Gn^0(l=2) ave= 0.000E+00 +/- 0.00 % Gn^0(l=3) ave= 0.000E+00 +/- 0.00 % || Gtotal(l=0) ave= 0.000E+00 +/- 0.00 % Gtotal(l=1) ave= 0.000E+00 +/- 0.00 % Gtotal(l=2) ave= 0.000E+00 +/- 0.00 % Gtotal(l=3) ave= 0.000E+00 +/- 0.00 %  % || Gg(l=0) ave= 2.476E+00 +/- 0.81 % Gg(l=1) ave= 1.710E+00 +/- 0.39 % Gg(l=2) ave= 0.000E+00 +/- 0.00 % Gg(l=3) ave= 0.000E+00 +/- 0.00 %  % || D(l=0) ave= 6.267E+03 +/- 0.00 % D(l=1) ave= 2.220E+03 +/- 0.00 % D(l=2) ave= 0.000E+00 +/- 0.00 % D(l=3) ave= 0.000E+00 +/- 0.00 %  % || S(l=0) ave= 5.380E-04 +/- 0.10 % S(l=1) ave= 2.310E-04 +/- 6.90 % S(l=2) ave= 0.000E+00 +/- 0.00 % S(l=3) ave= 0.000E+00 +/- 0.00 % 
 ... random file  53 Cap(th)  ave= 1.856E+01 b. +/- 2.59 % || Ela(th) ave= 7.947E+00 b. +/- 3.30 % || RIcap ave= 8.80E+00 b. +/- 2.60 % || Macs30 ave= 5.24E-02 b. +/- 1.38 % || Gn^0(l=0) ave= 7.381E+00 +/- 0.11 % Gn^0(l=1) ave= 6.401E+00 +/- 7.57 % Gn^0(l=2) ave= 0.000E+00 +/- 0.00 % Gn^0(l=3) ave= 0.000E+00 +/- 0.00 % || Gtotal(l=0) ave= 0.000E+00 +/- 0.00 % Gtotal(l=1) ave= 0.000E+00 +/- 0.00 % Gtotal(l=2) ave= 0.000E+00 +/- 0.00 % Gtotal(l=3) ave= 0.000E+00 +/- 0.00 %  % || Gg(l=0) ave= 2.475E+00 +/- 0.81 % Gg(l=1) ave= 1.709E+00 +/- 0.39 % Gg(l=2) ave= 0.000E+00 +/- 0.00 % Gg(l=3) ave= 0.000E+00 +/- 0.00 %  % || D(l=0) ave= 6.267E+03 +/- 0.00 % D(l=1) ave= 2.220E+03 +/- 0.00 % D(l=2) ave= 0.000E+00 +/- 0.00 % D(l=3) ave= 0.000E+00 +/- 0.00 %  % || S(l=0) ave= 5.380E-04 +/- 0.10 % S(l=1) ave= 2.317E-04 +/- 7.11 % S(l=2) ave= 0.000E+00 +/- 0.00 % S(l=3) ave= 0.000E+00 +/- 0.00 % 
 ... random file  54 Cap(th)  ave= 1.856E+01 b. +/- 2.58 % || Ela(th) ave= 7.950E+00 b. +/- 3.29 % || RIcap ave= 8.79E+00 b. +/- 2.59 % || Macs30 ave= 5.24E-02 b. +/- 1.36 % || Gn^0(l=0) ave= 7.381E+00 +/- 0.11 % Gn^0(l=1) ave= 6.402E+00 +/- 7.50 % Gn^0(l=2) ave= 0.000E+00 +/- 0.00 % Gn^0(l=3) ave= 0.000E+00 +/- 0.00 % || Gtotal(l=0) ave= 0.000E+00 +/- 0.00 % Gtotal(l=1) ave= 0.000E+00 +/- 0.00 % Gtotal(l=2) ave= 0.000E+00 +/- 0.00 % Gtotal(l=3) ave= 0.000E+00 +/- 0.00 %  % || Gg(l=0) ave= 2.475E+00 +/- 0.81 % Gg(l=1) ave= 1.709E+00 +/- 0.40 % Gg(l=2) ave= 0.000E+00 +/- 0.00 % Gg(l=3) ave= 0.000E+00 +/- 0.00 %  % || D(l=0) ave= 6.267E+03 +/- 0.00 % D(l=1) ave= 2.220E+03 +/- 0.00 % D(l=2) ave= 0.000E+00 +/- 0.00 % D(l=3) ave= 0.000E+00 +/- 0.00 %  % || S(l=0) ave= 5.380E-04 +/- 0.10 % S(l=1) ave= 2.317E-04 +/- 7.04 % S(l=2) ave= 0.000E+00 +/- 0.00 % S(l=3) ave= 0.000E+00 +/- 0.00 % 
 ... random file  55 Cap(th)  ave= 1.854E+01 b. +/- 2.60 % || Ela(th) ave= 7.948E+00 b. +/- 3.26 % || RIcap ave= 8.79E+00 b. +/- 2.61 % || Macs30 ave= 5.24E-02 b. +/- 1.40 % || Gn^0(l=0) ave= 7.381E+00 +/- 0.11 % Gn^0(l=1) ave= 6.408E+00 +/- 7.46 % Gn^0(l=2) ave= 0.000E+00 +/- 0.00 % Gn^0(l=3) ave= 0.000E+00 +/- 0.00 % || Gtotal(l=0) ave= 0.000E+00 +/- 0.00 % Gtotal(l=1) ave= 0.000E+00 +/- 0.00 % Gtotal(l=2) ave= 0.000E+00 +/- 0.00 % Gtotal(l=3) ave= 0.000E+00 +/- 0.00 %  % || Gg(l=0) ave= 2.474E+00 +/- 0.82 % Gg(l=1) ave= 1.709E+00 +/- 0.40 % Gg(l=2) ave= 0.000E+00 +/- 0.00 % Gg(l=3) ave= 0.000E+00 +/- 0.00 %  % || D(l=0) ave= 6.267E+03 +/- 0.00 % D(l=1) ave= 2.220E+03 +/- 0.00 % D(l=2) ave= 0.000E+00 +/- 0.00 % D(l=3) ave= 0.000E+00 +/- 0.00 %  % || S(l=0) ave= 5.380E-04 +/- 0.10 % S(l=1) ave= 2.319E-04 +/- 7.00 % S(l=2) ave= 0.000E+00 +/- 0.00 % S(l=3) ave= 0.000E+00 +/- 0.00 % 
 ... random file  56 Cap(th)  ave= 1.856E+01 b. +/- 2.62 % || Ela(th) ave= 7.949E+00 b. +/- 3.24 % || RIcap ave= 8.79E+00 b. +/- 2.63 % || Macs30 ave= 5.24E-02 b. +/- 1.38 % || Gn^0(l=0) ave= 7.381E+00 +/- 0.11 % Gn^0(l=1) ave= 6.424E+00 +/- 7.59 % Gn^0(l=2) ave= 0.000E+00 +/- 0.00 % Gn^0(l=3) ave= 0.000E+00 +/- 0.00 % || Gtotal(l=0) ave= 0.000E+00 +/- 0.00 % Gtotal(l=1) ave= 0.000E+00 +/- 0.00 % Gtotal(l=2) ave= 0.000E+00 +/- 0.00 % Gtotal(l=3) ave= 0.000E+00 +/- 0.00 %  % || Gg(l=0) ave= 2.474E+00 +/- 0.83 % Gg(l=1) ave= 1.709E+00 +/- 0.40 % Gg(l=2) ave= 0.000E+00 +/- 0.00 % Gg(l=3) ave= 0.000E+00 +/- 0.00 %  % || D(l=0) ave= 6.267E+03 +/- 0.00 % D(l=1) ave= 2.220E+03 +/- 0.00 % D(l=2) ave= 0.000E+00 +/- 0.00 % D(l=3) ave= 0.000E+00 +/- 0.00 %  % || S(l=0) ave= 5.380E-04 +/- 0.10 % S(l=1) ave= 2.324E-04 +/- 7.12 % S(l=2) ave= 0.000E+00 +/- 0.00 % S(l=3) ave= 0.000E+00 +/- 0.00 % 
 ... random file  57 Cap(th)  ave= 1.855E+01 b. +/- 2.62 % || Ela(th) ave= 7.951E+00 b. +/- 3.21 % || RIcap ave= 8.79E+00 b. +/- 2.63 % || Macs30 ave= 5.24E-02 b. +/- 1.38 % || Gn^0(l=0) ave= 7.381E+00 +/- 0.11 % Gn^0(l=1) ave= 6.435E+00 +/- 7.63 % Gn^0(l=2) ave= 0.000E+00 +/- 0.00 % Gn^0(l=3) ave= 0.000E+00 +/- 0.00 % || Gtotal(l=0) ave= 0.000E+00 +/- 0.00 % Gtotal(l=1) ave= 0.000E+00 +/- 0.00 % Gtotal(l=2) ave= 0.000E+00 +/- 0.00 % Gtotal(l=3) ave= 0.000E+00 +/- 0.00 %  % || Gg(l=0) ave= 2.474E+00 +/- 0.84 % Gg(l=1) ave= 1.709E+00 +/- 0.39 % Gg(l=2) ave= 0.000E+00 +/- 0.00 % Gg(l=3) ave= 0.000E+00 +/- 0.00 %  % || D(l=0) ave= 6.267E+03 +/- 0.00 % D(l=1) ave= 2.220E+03 +/- 0.00 % D(l=2) ave= 0.000E+00 +/- 0.00 % D(l=3) ave= 0.000E+00 +/- 0.00 %  % || S(l=0) ave= 5.380E-04 +/- 0.10 % S(l=1) ave= 2.328E-04 +/- 7.16 % S(l=2) ave= 0.000E+00 +/- 0.00 % S(l=3) ave= 0.000E+00 +/- 0.00 % 
 ... random file  58 Cap(th)  ave= 1.854E+01 b. +/- 2.61 % || Ela(th) ave= 7.950E+00 b. +/- 3.18 % || RIcap ave= 8.79E+00 b. +/- 2.62 % || Macs30 ave= 5.24E-02 b. +/- 1.36 % || Gn^0(l=0) ave= 7.381E+00 +/- 0.11 % Gn^0(l=1) ave= 6.442E+00 +/- 7.61 % Gn^0(l=2) ave= 0.000E+00 +/- 0.00 % Gn^0(l=3) ave= 0.000E+00 +/- 0.00 % || Gtotal(l=0) ave= 0.000E+00 +/- 0.00 % Gtotal(l=1) ave= 0.000E+00 +/- 0.00 % Gtotal(l=2) ave= 0.000E+00 +/- 0.00 % Gtotal(l=3) ave= 0.000E+00 +/- 0.00 %  % || Gg(l=0) ave= 2.474E+00 +/- 0.84 % Gg(l=1) ave= 1.709E+00 +/- 0.39 % Gg(l=2) ave= 0.000E+00 +/- 0.00 % Gg(l=3) ave= 0.000E+00 +/- 0.00 %  % || D(l=0) ave= 6.267E+03 +/- 0.00 % D(l=1) ave= 2.220E+03 +/- 0.00 % D(l=2) ave= 0.000E+00 +/- 0.00 % D(l=3) ave= 0.000E+00 +/- 0.00 %  % || S(l=0) ave= 5.380E-04 +/- 0.10 % S(l=1) ave= 2.331E-04 +/- 7.14 % S(l=2) ave= 0.000E+00 +/- 0.00 % S(l=3) ave= 0.000E+00 +/- 0.00 % 
 ... random file  59 Cap(th)  ave= 1.853E+01 b. +/- 2.62 % || Ela(th) ave= 7.943E+00 b. +/- 3.23 % || RIcap ave= 8.78E+00 b. +/- 2.63 % || Macs30 ave= 5.24E-02 b. +/- 1.36 % || Gn^0(l=0) ave= 7.381E+00 +/- 0.11 % Gn^0(l=1) ave= 6.440E+00 +/- 7.55 % Gn^0(l=2) ave= 0.000E+00 +/- 0.00 % Gn^0(l=3) ave= 0.000E+00 +/- 0.00 % || Gtotal(l=0) ave= 0.000E+00 +/- 0.00 % Gtotal(l=1) ave= 0.000E+00 +/- 0.00 % Gtotal(l=2) ave= 0.000E+00 +/- 0.00 % Gtotal(l=3) ave= 0.000E+00 +/- 0.00 %  % || Gg(l=0) ave= 2.474E+00 +/- 0.83 % Gg(l=1) ave= 1.709E+00 +/- 0.39 % Gg(l=2) ave= 0.000E+00 +/- 0.00 % Gg(l=3) ave= 0.000E+00 +/- 0.00 %  % || D(l=0) ave= 6.267E+03 +/- 0.00 % D(l=1) ave= 2.220E+03 +/- 0.00 % D(l=2) ave= 0.000E+00 +/- 0.00 % D(l=3) ave= 0.000E+00 +/- 0.00 %  % || S(l=0) ave= 5.380E-04 +/- 0.10 % S(l=1) ave= 2.330E-04 +/- 7.09 % S(l=2) ave= 0.000E+00 +/- 0.00 % S(l=3) ave= 0.000E+00 +/- 0.00 % 
 ... random file  60 Cap(th)  ave= 1.853E+01 b. +/- 2.60 % || Ela(th) ave= 7.942E+00 b. +/- 3.20 % || RIcap ave= 8.78E+00 b. +/- 2.61 % || Macs30 ave= 5.23E-02 b. +/- 1.38 % || Gn^0(l=0) ave= 7.381E+00 +/- 0.11 % Gn^0(l=1) ave= 6.436E+00 +/- 7.51 % Gn^0(l=2) ave= 0.000E+00 +/- 0.00 % Gn^0(l=3) ave= 0.000E+00 +/- 0.00 % || Gtotal(l=0) ave= 0.000E+00 +/- 0.00 % Gtotal(l=1) ave= 0.000E+00 +/- 0.00 % Gtotal(l=2) ave= 0.000E+00 +/- 0.00 % Gtotal(l=3) ave= 0.000E+00 +/- 0.00 %  % || Gg(l=0) ave= 2.474E+00 +/- 0.84 % Gg(l=1) ave= 1.710E+00 +/- 0.39 % Gg(l=2) ave= 0.000E+00 +/- 0.00 % Gg(l=3) ave= 0.000E+00 +/- 0.00 %  % || D(l=0) ave= 6.267E+03 +/- 0.00 % D(l=1) ave= 2.220E+03 +/- 0.00 % D(l=2) ave= 0.000E+00 +/- 0.00 % D(l=3) ave= 0.000E+00 +/- 0.00 %  % || S(l=0) ave= 5.380E-04 +/- 0.10 % S(l=1) ave= 2.329E-04 +/- 7.05 % S(l=2) ave= 0.000E+00 +/- 0.00 % S(l=3) ave= 0.000E+00 +/- 0.00 % 
 ... random file  61 Cap(th)  ave= 1.854E+01 b. +/- 2.64 % || Ela(th) ave= 7.938E+00 b. +/- 3.20 % || RIcap ave= 8.79E+00 b. +/- 2.65 % || Macs30 ave= 5.24E-02 b. +/- 1.39 % || Gn^0(l=0) ave= 7.381E+00 +/- 0.11 % Gn^0(l=1) ave= 6.427E+00 +/- 7.55 % Gn^0(l=2) ave= 0.000E+00 +/- 0.00 % Gn^0(l=3) ave= 0.000E+00 +/- 0.00 % || Gtotal(l=0) ave= 0.000E+00 +/- 0.00 % Gtotal(l=1) ave= 0.000E+00 +/- 0.00 % Gtotal(l=2) ave= 0.000E+00 +/- 0.00 % Gtotal(l=3) ave= 0.000E+00 +/- 0.00 %  % || Gg(l=0) ave= 2.474E+00 +/- 0.84 % Gg(l=1) ave= 1.710E+00 +/- 0.38 % Gg(l=2) ave= 0.000E+00 +/- 0.00 % Gg(l=3) ave= 0.000E+00 +/- 0.00 %  % || D(l=0) ave= 6.267E+03 +/- 0.00 % D(l=1) ave= 2.220E+03 +/- 0.00 % D(l=2) ave= 0.000E+00 +/- 0.00 % D(l=3) ave= 0.000E+00 +/- 0.00 %  % || S(l=0) ave= 5.380E-04 +/- 0.10 % S(l=1) ave= 2.325E-04 +/- 7.09 % S(l=2) ave= 0.000E+00 +/- 0.00 % S(l=3) ave= 0.000E+00 +/- 0.00 % 
 ... random file  62 Cap(th)  ave= 1.854E+01 b. +/- 2.62 % || Ela(th) ave= 7.939E+00 b. +/- 3.18 % || RIcap ave= 8.79E+00 b. +/- 2.63 % || Macs30 ave= 5.24E-02 b. +/- 1.38 % || Gn^0(l=0) ave= 7.381E+00 +/- 0.11 % Gn^0(l=1) ave= 6.414E+00 +/- 7.68 % Gn^0(l=2) ave= 0.000E+00 +/- 0.00 % Gn^0(l=3) ave= 0.000E+00 +/- 0.00 % || Gtotal(l=0) ave= 0.000E+00 +/- 0.00 % Gtotal(l=1) ave= 0.000E+00 +/- 0.00 % Gtotal(l=2) ave= 0.000E+00 +/- 0.00 % Gtotal(l=3) ave= 0.000E+00 +/- 0.00 %  % || Gg(l=0) ave= 2.473E+00 +/- 0.89 % Gg(l=1) ave= 1.709E+00 +/- 0.39 % Gg(l=2) ave= 0.000E+00 +/- 0.00 % Gg(l=3) ave= 0.000E+00 +/- 0.00 %  % || D(l=0) ave= 6.267E+03 +/- 0.00 % D(l=1) ave= 2.220E+03 +/- 0.00 % D(l=2) ave= 0.000E+00 +/- 0.00 % D(l=3) ave= 0.000E+00 +/- 0.00 %  % || S(l=0) ave= 5.380E-04 +/- 0.10 % S(l=1) ave= 2.321E-04 +/- 7.21 % S(l=2) ave= 0.000E+00 +/- 0.00 % S(l=3) ave= 0.000E+00 +/- 0.00 % 
 ... random file  63 Cap(th)  ave= 1.855E+01 b. +/- 2.60 % || Ela(th) ave= 7.942E+00 b. +/- 3.16 % || RIcap ave= 8.79E+00 b. +/- 2.62 % || Macs30 ave= 5.24E-02 b. +/- 1.41 % || Gn^0(l=0) ave= 7.381E+00 +/- 0.11 % Gn^0(l=1) ave= 6.423E+00 +/- 7.69 % Gn^0(l=2) ave= 0.000E+00 +/- 0.00 % Gn^0(l=3) ave= 0.000E+00 +/- 0.00 % || Gtotal(l=0) ave= 0.000E+00 +/- 0.00 % Gtotal(l=1) ave= 0.000E+00 +/- 0.00 % Gtotal(l=2) ave= 0.000E+00 +/- 0.00 % Gtotal(l=3) ave= 0.000E+00 +/- 0.00 %  % || Gg(l=0) ave= 2.473E+00 +/- 0.89 % Gg(l=1) ave= 1.709E+00 +/- 0.39 % Gg(l=2) ave= 0.000E+00 +/- 0.00 % Gg(l=3) ave= 0.000E+00 +/- 0.00 %  % || D(l=0) ave= 6.267E+03 +/- 0.00 % D(l=1) ave= 2.220E+03 +/- 0.00 % D(l=2) ave= 0.000E+00 +/- 0.00 % D(l=3) ave= 0.000E+00 +/- 0.00 %  % || S(l=0) ave= 5.380E-04 +/- 0.10 % S(l=1) ave= 2.324E-04 +/- 7.23 % S(l=2) ave= 0.000E+00 +/- 0.00 % S(l=3) ave= 0.000E+00 +/- 0.00 % 
 ... random file  64 Cap(th)  ave= 1.856E+01 b. +/- 2.63 % || Ela(th) ave= 7.943E+00 b. +/- 3.14 % || RIcap ave= 8.80E+00 b. +/- 2.64 % || Macs30 ave= 5.24E-02 b. +/- 1.41 % || Gn^0(l=0) ave= 7.381E+00 +/- 0.11 % Gn^0(l=1) ave= 6.418E+00 +/- 7.67 % Gn^0(l=2) ave= 0.000E+00 +/- 0.00 % Gn^0(l=3) ave= 0.000E+00 +/- 0.00 % || Gtotal(l=0) ave= 0.000E+00 +/- 0.00 % Gtotal(l=1) ave= 0.000E+00 +/- 0.00 % Gtotal(l=2) ave= 0.000E+00 +/- 0.00 % Gtotal(l=3) ave= 0.000E+00 +/- 0.00 %  % || Gg(l=0) ave= 2.473E+00 +/- 0.89 % Gg(l=1) ave= 1.709E+00 +/- 0.39 % Gg(l=2) ave= 0.000E+00 +/- 0.00 % Gg(l=3) ave= 0.000E+00 +/- 0.00 %  % || D(l=0) ave= 6.267E+03 +/- 0.00 % D(l=1) ave= 2.220E+03 +/- 0.00 % D(l=2) ave= 0.000E+00 +/- 0.00 % D(l=3) ave= 0.000E+00 +/- 0.00 %  % || S(l=0) ave= 5.380E-04 +/- 0.10 % S(l=1) ave= 2.322E-04 +/- 7.20 % S(l=2) ave= 0.000E+00 +/- 0.00 % S(l=3) ave= 0.000E+00 +/- 0.00 % 
 ... random file  65 Cap(th)  ave= 1.855E+01 b. +/- 2.62 % || Ela(th) ave= 7.950E+00 b. +/- 3.19 % || RIcap ave= 8.79E+00 b. +/- 2.63 % || Macs30 ave= 5.24E-02 b. +/- 1.41 % || Gn^0(l=0) ave= 7.381E+00 +/- 0.11 % Gn^0(l=1) ave= 6.414E+00 +/- 7.63 % Gn^0(l=2) ave= 0.000E+00 +/- 0.00 % Gn^0(l=3) ave= 0.000E+00 +/- 0.00 % || Gtotal(l=0) ave= 0.000E+00 +/- 0.00 % Gtotal(l=1) ave= 0.000E+00 +/- 0.00 % Gtotal(l=2) ave= 0.000E+00 +/- 0.00 % Gtotal(l=3) ave= 0.000E+00 +/- 0.00 %  % || Gg(l=0) ave= 2.474E+00 +/- 0.90 % Gg(l=1) ave= 1.709E+00 +/- 0.39 % Gg(l=2) ave= 0.000E+00 +/- 0.00 % Gg(l=3) ave= 0.000E+00 +/- 0.00 %  % || D(l=0) ave= 6.267E+03 +/- 0.00 % D(l=1) ave= 2.220E+03 +/- 0.00 % D(l=2) ave= 0.000E+00 +/- 0.00 % D(l=3) ave= 0.000E+00 +/- 0.00 %  % || S(l=0) ave= 5.380E-04 +/- 0.10 % S(l=1) ave= 2.321E-04 +/- 7.16 % S(l=2) ave= 0.000E+00 +/- 0.00 % S(l=3) ave= 0.000E+00 +/- 0.00 % 
 ... random file  66 Cap(th)  ave= 1.856E+01 b. +/- 2.64 % || Ela(th) ave= 7.950E+00 b. +/- 3.16 % || RIcap ave= 8.80E+00 b. +/- 2.65 % || Macs30 ave= 5.24E-02 b. +/- 1.40 % || Gn^0(l=0) ave= 7.381E+00 +/- 0.12 % Gn^0(l=1) ave= 6.435E+00 +/- 8.02 % Gn^0(l=2) ave= 0.000E+00 +/- 0.00 % Gn^0(l=3) ave= 0.000E+00 +/- 0.00 % || Gtotal(l=0) ave= 0.000E+00 +/- 0.00 % Gtotal(l=1) ave= 0.000E+00 +/- 0.00 % Gtotal(l=2) ave= 0.000E+00 +/- 0.00 % Gtotal(l=3) ave= 0.000E+00 +/- 0.00 %  % || Gg(l=0) ave= 2.474E+00 +/- 0.90 % Gg(l=1) ave= 1.709E+00 +/- 0.39 % Gg(l=2) ave= 0.000E+00 +/- 0.00 % Gg(l=3) ave= 0.000E+00 +/- 0.00 %  % || D(l=0) ave= 6.267E+03 +/- 0.00 % D(l=1) ave= 2.220E+03 +/- 0.00 % D(l=2) ave= 0.000E+00 +/- 0.00 % D(l=3) ave= 0.000E+00 +/- 0.00 %  % || S(l=0) ave= 5.380E-04 +/- 0.10 % S(l=1) ave= 2.328E-04 +/- 7.53 % S(l=2) ave= 0.000E+00 +/- 0.00 % S(l=3) ave= 0.000E+00 +/- 0.00 % 
 ... random file  67 Cap(th)  ave= 1.856E+01 b. +/- 2.62 % || Ela(th) ave= 7.955E+00 b. +/- 3.18 % || RIcap ave= 8.80E+00 b. +/- 2.63 % || Macs30 ave= 5.24E-02 b. +/- 1.40 % || Gn^0(l=0) ave= 7.381E+00 +/- 0.12 % Gn^0(l=1) ave= 6.435E+00 +/- 7.96 % Gn^0(l=2) ave= 0.000E+00 +/- 0.00 % Gn^0(l=3) ave= 0.000E+00 +/- 0.00 % || Gtotal(l=0) ave= 0.000E+00 +/- 0.00 % Gtotal(l=1) ave= 0.000E+00 +/- 0.00 % Gtotal(l=2) ave= 0.000E+00 +/- 0.00 % Gtotal(l=3) ave= 0.000E+00 +/- 0.00 %  % || Gg(l=0) ave= 2.474E+00 +/- 0.91 % Gg(l=1) ave= 1.709E+00 +/- 0.38 % Gg(l=2) ave= 0.000E+00 +/- 0.00 % Gg(l=3) ave= 0.000E+00 +/- 0.00 %  % || D(l=0) ave= 6.267E+03 +/- 0.00 % D(l=1) ave= 2.220E+03 +/- 0.00 % D(l=2) ave= 0.000E+00 +/- 0.00 % D(l=3) ave= 0.000E+00 +/- 0.00 %  % || S(l=0) ave= 5.380E-04 +/- 0.10 % S(l=1) ave= 2.328E-04 +/- 7.47 % S(l=2) ave= 0.000E+00 +/- 0.00 % S(l=3) ave= 0.000E+00 +/- 0.00 % 
 ... random file  68 Cap(th)  ave= 1.856E+01 b. +/- 2.60 % || Ela(th) ave= 7.958E+00 b. +/- 3.18 % || RIcap ave= 8.80E+00 b. +/- 2.61 % || Macs30 ave= 5.24E-02 b. +/- 1.39 % || Gn^0(l=0) ave= 7.381E+00 +/- 0.12 % Gn^0(l=1) ave= 6.420E+00 +/- 8.13 % Gn^0(l=2) ave= 0.000E+00 +/- 0.00 % Gn^0(l=3) ave= 0.000E+00 +/- 0.00 % || Gtotal(l=0) ave= 0.000E+00 +/- 0.00 % Gtotal(l=1) ave= 0.000E+00 +/- 0.00 % Gtotal(l=2) ave= 0.000E+00 +/- 0.00 % Gtotal(l=3) ave= 0.000E+00 +/- 0.00 %  % || Gg(l=0) ave= 2.474E+00 +/- 0.91 % Gg(l=1) ave= 1.709E+00 +/- 0.38 % Gg(l=2) ave= 0.000E+00 +/- 0.00 % Gg(l=3) ave= 0.000E+00 +/- 0.00 %  % || D(l=0) ave= 6.267E+03 +/- 0.00 % D(l=1) ave= 2.220E+03 +/- 0.00 % D(l=2) ave= 0.000E+00 +/- 0.00 % D(l=3) ave= 0.000E+00 +/- 0.00 %  % || S(l=0) ave= 5.380E-04 +/- 0.10 % S(l=1) ave= 2.323E-04 +/- 7.62 % S(l=2) ave= 0.000E+00 +/- 0.00 % S(l=3) ave= 0.000E+00 +/- 0.00 % 
 ... random file  69 Cap(th)  ave= 1.856E+01 b. +/- 2.59 % || Ela(th) ave= 7.952E+00 b. +/- 3.23 % || RIcap ave= 8.80E+00 b. +/- 2.60 % || Macs30 ave= 5.24E-02 b. +/- 1.38 % || Gn^0(l=0) ave= 7.381E+00 +/- 0.12 % Gn^0(l=1) ave= 6.427E+00 +/- 8.11 % Gn^0(l=2) ave= 0.000E+00 +/- 0.00 % Gn^0(l=3) ave= 0.000E+00 +/- 0.00 % || Gtotal(l=0) ave= 0.000E+00 +/- 0.00 % Gtotal(l=1) ave= 0.000E+00 +/- 0.00 % Gtotal(l=2) ave= 0.000E+00 +/- 0.00 % Gtotal(l=3) ave= 0.000E+00 +/- 0.00 %  % || Gg(l=0) ave= 2.474E+00 +/- 0.91 % Gg(l=1) ave= 1.709E+00 +/- 0.38 % Gg(l=2) ave= 0.000E+00 +/- 0.00 % Gg(l=3) ave= 0.000E+00 +/- 0.00 %  % || D(l=0) ave= 6.267E+03 +/- 0.00 % D(l=1) ave= 2.220E+03 +/- 0.00 % D(l=2) ave= 0.000E+00 +/- 0.00 % D(l=3) ave= 0.000E+00 +/- 0.00 %  % || S(l=0) ave= 5.380E-04 +/- 0.10 % S(l=1) ave= 2.326E-04 +/- 7.60 % S(l=2) ave= 0.000E+00 +/- 0.00 % S(l=3) ave= 0.000E+00 +/- 0.00 % 
 ... random file  70 Cap(th)  ave= 1.856E+01 b. +/- 2.57 % || Ela(th) ave= 7.957E+00 b. +/- 3.25 % || RIcap ave= 8.79E+00 b. +/- 2.59 % || Macs30 ave= 5.24E-02 b. +/- 1.39 % || Gn^0(l=0) ave= 7.381E+00 +/- 0.11 % Gn^0(l=1) ave= 6.427E+00 +/- 8.05 % Gn^0(l=2) ave= 0.000E+00 +/- 0.00 % Gn^0(l=3) ave= 0.000E+00 +/- 0.00 % || Gtotal(l=0) ave= 0.000E+00 +/- 0.00 % Gtotal(l=1) ave= 0.000E+00 +/- 0.00 % Gtotal(l=2) ave= 0.000E+00 +/- 0.00 % Gtotal(l=3) ave= 0.000E+00 +/- 0.00 %  % || Gg(l=0) ave= 2.474E+00 +/- 0.90 % Gg(l=1) ave= 1.709E+00 +/- 0.38 % Gg(l=2) ave= 0.000E+00 +/- 0.00 % Gg(l=3) ave= 0.000E+00 +/- 0.00 %  % || D(l=0) ave= 6.267E+03 +/- 0.00 % D(l=1) ave= 2.220E+03 +/- 0.00 % D(l=2) ave= 0.000E+00 +/- 0.00 % D(l=3) ave= 0.000E+00 +/- 0.00 %  % || S(l=0) ave= 5.380E-04 +/- 0.10 % S(l=1) ave= 2.325E-04 +/- 7.55 % S(l=2) ave= 0.000E+00 +/- 0.00 % S(l=3) ave= 0.000E+00 +/- 0.00 % 
 ... random file  71 Cap(th)  ave= 1.856E+01 b. +/- 2.57 % || Ela(th) ave= 7.963E+00 b. +/- 3.30 % || RIcap ave= 8.80E+00 b. +/- 2.58 % || Macs30 ave= 5.24E-02 b. +/- 1.38 % || Gn^0(l=0) ave= 7.381E+00 +/- 0.11 % Gn^0(l=1) ave= 6.426E+00 +/- 8.00 % Gn^0(l=2) ave= 0.000E+00 +/- 0.00 % Gn^0(l=3) ave= 0.000E+00 +/- 0.00 % || Gtotal(l=0) ave= 0.000E+00 +/- 0.00 % Gtotal(l=1) ave= 0.000E+00 +/- 0.00 % Gtotal(l=2) ave= 0.000E+00 +/- 0.00 % Gtotal(l=3) ave= 0.000E+00 +/- 0.00 %  % || Gg(l=0) ave= 2.473E+00 +/- 0.90 % Gg(l=1) ave= 1.709E+00 +/- 0.38 % Gg(l=2) ave= 0.000E+00 +/- 0.00 % Gg(l=3) ave= 0.000E+00 +/- 0.00 %  % || D(l=0) ave= 6.267E+03 +/- 0.00 % D(l=1) ave= 2.220E+03 +/- 0.00 % D(l=2) ave= 0.000E+00 +/- 0.00 % D(l=3) ave= 0.000E+00 +/- 0.00 %  % || S(l=0) ave= 5.380E-04 +/- 0.10 % S(l=1) ave= 2.325E-04 +/- 7.50 % S(l=2) ave= 0.000E+00 +/- 0.00 % S(l=3) ave= 0.000E+00 +/- 0.00 % 
 ... random file  72 Cap(th)  ave= 1.857E+01 b. +/- 2.56 % || Ela(th) ave= 7.966E+00 b. +/- 3.29 % || RIcap ave= 8.80E+00 b. +/- 2.57 % || Macs30 ave= 5.24E-02 b. +/- 1.37 % || Gn^0(l=0) ave= 7.381E+00 +/- 0.12 % Gn^0(l=1) ave= 6.427E+00 +/- 7.95 % Gn^0(l=2) ave= 0.000E+00 +/- 0.00 % Gn^0(l=3) ave= 0.000E+00 +/- 0.00 % || Gtotal(l=0) ave= 0.000E+00 +/- 0.00 % Gtotal(l=1) ave= 0.000E+00 +/- 0.00 % Gtotal(l=2) ave= 0.000E+00 +/- 0.00 % Gtotal(l=3) ave= 0.000E+00 +/- 0.00 %  % || Gg(l=0) ave= 2.473E+00 +/- 0.90 % Gg(l=1) ave= 1.709E+00 +/- 0.38 % Gg(l=2) ave= 0.000E+00 +/- 0.00 % Gg(l=3) ave= 0.000E+00 +/- 0.00 %  % || D(l=0) ave= 6.267E+03 +/- 0.00 % D(l=1) ave= 2.220E+03 +/- 0.00 % D(l=2) ave= 0.000E+00 +/- 0.00 % D(l=3) ave= 0.000E+00 +/- 0.00 %  % || S(l=0) ave= 5.380E-04 +/- 0.10 % S(l=1) ave= 2.326E-04 +/- 7.45 % S(l=2) ave= 0.000E+00 +/- 0.00 % S(l=3) ave= 0.000E+00 +/- 0.00 % 
 ... random file  73 Cap(th)  ave= 1.857E+01 b. +/- 2.54 % || Ela(th) ave= 7.963E+00 b. +/- 3.29 % || RIcap ave= 8.80E+00 b. +/- 2.55 % || Macs30 ave= 5.24E-02 b. +/- 1.37 % || Gn^0(l=0) ave= 7.381E+00 +/- 0.12 % Gn^0(l=1) ave= 6.437E+00 +/- 7.98 % Gn^0(l=2) ave= 0.000E+00 +/- 0.00 % Gn^0(l=3) ave= 0.000E+00 +/- 0.00 % || Gtotal(l=0) ave= 0.000E+00 +/- 0.00 % Gtotal(l=1) ave= 0.000E+00 +/- 0.00 % Gtotal(l=2) ave= 0.000E+00 +/- 0.00 % Gtotal(l=3) ave= 0.000E+00 +/- 0.00 %  % || Gg(l=0) ave= 2.473E+00 +/- 0.90 % Gg(l=1) ave= 1.709E+00 +/- 0.39 % Gg(l=2) ave= 0.000E+00 +/- 0.00 % Gg(l=3) ave= 0.000E+00 +/- 0.00 %  % || D(l=0) ave= 6.267E+03 +/- 0.00 % D(l=1) ave= 2.220E+03 +/- 0.00 % D(l=2) ave= 0.000E+00 +/- 0.00 % D(l=3) ave= 0.000E+00 +/- 0.00 %  % || S(l=0) ave= 5.380E-04 +/- 0.10 % S(l=1) ave= 2.329E-04 +/- 7.49 % S(l=2) ave= 0.000E+00 +/- 0.00 % S(l=3) ave= 0.000E+00 +/- 0.00 % 
 ... random file  74 Cap(th)  ave= 1.857E+01 b. +/- 2.53 % || Ela(th) ave= 7.961E+00 b. +/- 3.27 % || RIcap ave= 8.80E+00 b. +/- 2.54 % || Macs30 ave= 5.24E-02 b. +/- 1.36 % || Gn^0(l=0) ave= 7.381E+00 +/- 0.12 % Gn^0(l=1) ave= 6.430E+00 +/- 7.99 % Gn^0(l=2) ave= 0.000E+00 +/- 0.00 % Gn^0(l=3) ave= 0.000E+00 +/- 0.00 % || Gtotal(l=0) ave= 0.000E+00 +/- 0.00 % Gtotal(l=1) ave= 0.000E+00 +/- 0.00 % Gtotal(l=2) ave= 0.000E+00 +/- 0.00 % Gtotal(l=3) ave= 0.000E+00 +/- 0.00 %  % || Gg(l=0) ave= 2.473E+00 +/- 0.89 % Gg(l=1) ave= 1.709E+00 +/- 0.39 % Gg(l=2) ave= 0.000E+00 +/- 0.00 % Gg(l=3) ave= 0.000E+00 +/- 0.00 %  % || D(l=0) ave= 6.267E+03 +/- 0.00 % D(l=1) ave= 2.220E+03 +/- 0.00 % D(l=2) ave= 0.000E+00 +/- 0.00 % D(l=3) ave= 0.000E+00 +/- 0.00 %  % || S(l=0) ave= 5.380E-04 +/- 0.10 % S(l=1) ave= 2.326E-04 +/- 7.50 % S(l=2) ave= 0.000E+00 +/- 0.00 % S(l=3) ave= 0.000E+00 +/- 0.00 % 
 ... random file  75 Cap(th)  ave= 1.857E+01 b. +/- 2.52 % || Ela(th) ave= 7.965E+00 b. +/- 3.28 % || RIcap ave= 8.80E+00 b. +/- 2.53 % || Macs30 ave= 5.24E-02 b. +/- 1.36 % || Gn^0(l=0) ave= 7.381E+00 +/- 0.12 % Gn^0(l=1) ave= 6.429E+00 +/- 7.94 % Gn^0(l=2) ave= 0.000E+00 +/- 0.00 % Gn^0(l=3) ave= 0.000E+00 +/- 0.00 % || Gtotal(l=0) ave= 0.000E+00 +/- 0.00 % Gtotal(l=1) ave= 0.000E+00 +/- 0.00 % Gtotal(l=2) ave= 0.000E+00 +/- 0.00 % Gtotal(l=3) ave= 0.000E+00 +/- 0.00 %  % || Gg(l=0) ave= 2.474E+00 +/- 0.89 % Gg(l=1) ave= 1.709E+00 +/- 0.38 % Gg(l=2) ave= 0.000E+00 +/- 0.00 % Gg(l=3) ave= 0.000E+00 +/- 0.00 %  % || D(l=0) ave= 6.267E+03 +/- 0.00 % D(l=1) ave= 2.220E+03 +/- 0.00 % D(l=2) ave= 0.000E+00 +/- 0.00 % D(l=3) ave= 0.000E+00 +/- 0.00 %  % || S(l=0) ave= 5.380E-04 +/- 0.10 % S(l=1) ave= 2.326E-04 +/- 7.45 % S(l=2) ave= 0.000E+00 +/- 0.00 % S(l=3) ave= 0.000E+00 +/- 0.00 % 
 ... random file  76 Cap(th)  ave= 1.857E+01 b. +/- 2.50 % || Ela(th) ave= 7.966E+00 b. +/- 3.26 % || RIcap ave= 8.80E+00 b. +/- 2.51 % || Macs30 ave= 5.24E-02 b. +/- 1.35 % || Gn^0(l=0) ave= 7.381E+00 +/- 0.12 % Gn^0(l=1) ave= 6.443E+00 +/- 8.07 % Gn^0(l=2) ave= 0.000E+00 +/- 0.00 % Gn^0(l=3) ave= 0.000E+00 +/- 0.00 % || Gtotal(l=0) ave= 0.000E+00 +/- 0.00 % Gtotal(l=1) ave= 0.000E+00 +/- 0.00 % Gtotal(l=2) ave= 0.000E+00 +/- 0.00 % Gtotal(l=3) ave= 0.000E+00 +/- 0.00 %  % || Gg(l=0) ave= 2.474E+00 +/- 0.88 % Gg(l=1) ave= 1.709E+00 +/- 0.38 % Gg(l=2) ave= 0.000E+00 +/- 0.00 % Gg(l=3) ave= 0.000E+00 +/- 0.00 %  % || D(l=0) ave= 6.267E+03 +/- 0.00 % D(l=1) ave= 2.220E+03 +/- 0.00 % D(l=2) ave= 0.000E+00 +/- 0.00 % D(l=3) ave= 0.000E+00 +/- 0.00 %  % || S(l=0) ave= 5.380E-04 +/- 0.10 % S(l=1) ave= 2.331E-04 +/- 7.58 % S(l=2) ave= 0.000E+00 +/- 0.00 % S(l=3) ave= 0.000E+00 +/- 0.00 % 
 ... random file  77 Cap(th)  ave= 1.857E+01 b. +/- 2.49 % || Ela(th) ave= 7.966E+00 b. +/- 3.24 % || RIcap ave= 8.80E+00 b. +/- 2.50 % || Macs30 ave= 5.24E-02 b. +/- 1.34 % || Gn^0(l=0) ave= 7.381E+00 +/- 0.12 % Gn^0(l=1) ave= 6.450E+00 +/- 8.07 % Gn^0(l=2) ave= 0.000E+00 +/- 0.00 % Gn^0(l=3) ave= 0.000E+00 +/- 0.00 % || Gtotal(l=0) ave= 0.000E+00 +/- 0.00 % Gtotal(l=1) ave= 0.000E+00 +/- 0.00 % Gtotal(l=2) ave= 0.000E+00 +/- 0.00 % Gtotal(l=3) ave= 0.000E+00 +/- 0.00 %  % || Gg(l=0) ave= 2.474E+00 +/- 0.88 % Gg(l=1) ave= 1.709E+00 +/- 0.38 % Gg(l=2) ave= 0.000E+00 +/- 0.00 % Gg(l=3) ave= 0.000E+00 +/- 0.00 %  % || D(l=0) ave= 6.267E+03 +/- 0.00 % D(l=1) ave= 2.220E+03 +/- 0.00 % D(l=2) ave= 0.000E+00 +/- 0.00 % D(l=3) ave= 0.000E+00 +/- 0.00 %  % || S(l=0) ave= 5.380E-04 +/- 0.10 % S(l=1) ave= 2.333E-04 +/- 7.57 % S(l=2) ave= 0.000E+00 +/- 0.00 % S(l=3) ave= 0.000E+00 +/- 0.00 % 
 ... random file  78 Cap(th)  ave= 1.858E+01 b. +/- 2.54 % || Ela(th) ave= 7.967E+00 b. +/- 3.23 % || RIcap ave= 8.80E+00 b. +/- 2.55 % || Macs30 ave= 5.24E-02 b. +/- 1.39 % || Gn^0(l=0) ave= 7.381E+00 +/- 0.12 % Gn^0(l=1) ave= 6.448E+00 +/- 8.03 % Gn^0(l=2) ave= 0.000E+00 +/- 0.00 % Gn^0(l=3) ave= 0.000E+00 +/- 0.00 % || Gtotal(l=0) ave= 0.000E+00 +/- 0.00 % Gtotal(l=1) ave= 0.000E+00 +/- 0.00 % Gtotal(l=2) ave= 0.000E+00 +/- 0.00 % Gtotal(l=3) ave= 0.000E+00 +/- 0.00 %  % || Gg(l=0) ave= 2.473E+00 +/- 0.89 % Gg(l=1) ave= 1.709E+00 +/- 0.38 % Gg(l=2) ave= 0.000E+00 +/- 0.00 % Gg(l=3) ave= 0.000E+00 +/- 0.00 %  % || D(l=0) ave= 6.267E+03 +/- 0.00 % D(l=1) ave= 2.220E+03 +/- 0.00 % D(l=2) ave= 0.000E+00 +/- 0.00 % D(l=3) ave= 0.000E+00 +/- 0.00 %  % || S(l=0) ave= 5.380E-04 +/- 0.10 % S(l=1) ave= 2.333E-04 +/- 7.53 % S(l=2) ave= 0.000E+00 +/- 0.00 % S(l=3) ave= 0.000E+00 +/- 0.00 % 
 ... random file  79 Cap(th)  ave= 1.857E+01 b. +/- 2.53 % || Ela(th) ave= 7.967E+00 b. +/- 3.21 % || RIcap ave= 8.80E+00 b. +/- 2.54 % || Macs30 ave= 5.24E-02 b. +/- 1.39 % || Gn^0(l=0) ave= 7.381E+00 +/- 0.12 % Gn^0(l=1) ave= 6.453E+00 +/- 8.00 % Gn^0(l=2) ave= 0.000E+00 +/- 0.00 % Gn^0(l=3) ave= 0.000E+00 +/- 0.00 % || Gtotal(l=0) ave= 0.000E+00 +/- 0.00 % Gtotal(l=1) ave= 0.000E+00 +/- 0.00 % Gtotal(l=2) ave= 0.000E+00 +/- 0.00 % Gtotal(l=3) ave= 0.000E+00 +/- 0.00 %  % || Gg(l=0) ave= 2.473E+00 +/- 0.89 % Gg(l=1) ave= 1.709E+00 +/- 0.38 % Gg(l=2) ave= 0.000E+00 +/- 0.00 % Gg(l=3) ave= 0.000E+00 +/- 0.00 %  % || D(l=0) ave= 6.267E+03 +/- 0.00 % D(l=1) ave= 2.220E+03 +/- 0.00 % D(l=2) ave= 0.000E+00 +/- 0.00 % D(l=3) ave= 0.000E+00 +/- 0.00 %  % || S(l=0) ave= 5.380E-04 +/- 0.10 % S(l=1) ave= 2.334E-04 +/- 7.50 % S(l=2) ave= 0.000E+00 +/- 0.00 % S(l=3) ave= 0.000E+00 +/- 0.00 % 
 ... random file  80 Cap(th)  ave= 1.858E+01 b. +/- 2.52 % || Ela(th) ave= 7.966E+00 b. +/- 3.19 % || RIcap ave= 8.81E+00 b. +/- 2.53 % || Macs30 ave= 5.24E-02 b. +/- 1.39 % || Gn^0(l=0) ave= 7.381E+00 +/- 0.12 % Gn^0(l=1) ave= 6.452E+00 +/- 7.95 % Gn^0(l=2) ave= 0.000E+00 +/- 0.00 % Gn^0(l=3) ave= 0.000E+00 +/- 0.00 % || Gtotal(l=0) ave= 0.000E+00 +/- 0.00 % Gtotal(l=1) ave= 0.000E+00 +/- 0.00 % Gtotal(l=2) ave= 0.000E+00 +/- 0.00 % Gtotal(l=3) ave= 0.000E+00 +/- 0.00 %  % || Gg(l=0) ave= 2.473E+00 +/- 0.89 % Gg(l=1) ave= 1.709E+00 +/- 0.38 % Gg(l=2) ave= 0.000E+00 +/- 0.00 % Gg(l=3) ave= 0.000E+00 +/- 0.00 %  % || D(l=0) ave= 6.267E+03 +/- 0.00 % D(l=1) ave= 2.220E+03 +/- 0.00 % D(l=2) ave= 0.000E+00 +/- 0.00 % D(l=3) ave= 0.000E+00 +/- 0.00 %  % || S(l=0) ave= 5.380E-04 +/- 0.10 % S(l=1) ave= 2.334E-04 +/- 7.46 % S(l=2) ave= 0.000E+00 +/- 0.00 % S(l=3) ave= 0.000E+00 +/- 0.00 % 
 ... random file  81 Cap(th)  ave= 1.858E+01 b. +/- 2.51 % || Ela(th) ave= 7.966E+00 b. +/- 3.17 % || RIcap ave= 8.81E+00 b. +/- 2.51 % || Macs30 ave= 5.24E-02 b. +/- 1.38 % || Gn^0(l=0) ave= 7.381E+00 +/- 0.12 % Gn^0(l=1) ave= 6.450E+00 +/- 7.91 % Gn^0(l=2) ave= 0.000E+00 +/- 0.00 % Gn^0(l=3) ave= 0.000E+00 +/- 0.00 % || Gtotal(l=0) ave= 0.000E+00 +/- 0.00 % Gtotal(l=1) ave= 0.000E+00 +/- 0.00 % Gtotal(l=2) ave= 0.000E+00 +/- 0.00 % Gtotal(l=3) ave= 0.000E+00 +/- 0.00 %  % || Gg(l=0) ave= 2.473E+00 +/- 0.88 % Gg(l=1) ave= 1.709E+00 +/- 0.37 % Gg(l=2) ave= 0.000E+00 +/- 0.00 % Gg(l=3) ave= 0.000E+00 +/- 0.00 %  % || D(l=0) ave= 6.267E+03 +/- 0.00 % D(l=1) ave= 2.220E+03 +/- 0.00 % D(l=2) ave= 0.000E+00 +/- 0.00 % D(l=3) ave= 0.000E+00 +/- 0.00 %  % || S(l=0) ave= 5.380E-04 +/- 0.10 % S(l=1) ave= 2.333E-04 +/- 7.42 % S(l=2) ave= 0.000E+00 +/- 0.00 % S(l=3) ave= 0.000E+00 +/- 0.00 % 
 ... random file  82 Cap(th)  ave= 1.858E+01 b. +/- 2.50 % || Ela(th) ave= 7.964E+00 b. +/- 3.16 % || RIcap ave= 8.81E+00 b. +/- 2.51 % || Macs30 ave= 5.24E-02 b. +/- 1.39 % || Gn^0(l=0) ave= 7.381E+00 +/- 0.12 % Gn^0(l=1) ave= 6.457E+00 +/- 7.91 % Gn^0(l=2) ave= 0.000E+00 +/- 0.00 % Gn^0(l=3) ave= 0.000E+00 +/- 0.00 % || Gtotal(l=0) ave= 0.000E+00 +/- 0.00 % Gtotal(l=1) ave= 0.000E+00 +/- 0.00 % Gtotal(l=2) ave= 0.000E+00 +/- 0.00 % Gtotal(l=3) ave= 0.000E+00 +/- 0.00 %  % || Gg(l=0) ave= 2.474E+00 +/- 0.88 % Gg(l=1) ave= 1.709E+00 +/- 0.38 % Gg(l=2) ave= 0.000E+00 +/- 0.00 % Gg(l=3) ave= 0.000E+00 +/- 0.00 %  % || D(l=0) ave= 6.267E+03 +/- 0.00 % D(l=1) ave= 2.220E+03 +/- 0.00 % D(l=2) ave= 0.000E+00 +/- 0.00 % D(l=3) ave= 0.000E+00 +/- 0.00 %  % || S(l=0) ave= 5.380E-04 +/- 0.11 % S(l=1) ave= 2.336E-04 +/- 7.43 % S(l=2) ave= 0.000E+00 +/- 0.00 % S(l=3) ave= 0.000E+00 +/- 0.00 % 
 ... random file  83 Cap(th)  ave= 1.858E+01 b. +/- 2.50 % || Ela(th) ave= 7.963E+00 b. +/- 3.14 % || RIcap ave= 8.80E+00 b. +/- 2.51 % || Macs30 ave= 5.24E-02 b. +/- 1.38 % || Gn^0(l=0) ave= 7.381E+00 +/- 0.12 % Gn^0(l=1) ave= 6.441E+00 +/- 8.20 % Gn^0(l=2) ave= 0.000E+00 +/- 0.00 % Gn^0(l=3) ave= 0.000E+00 +/- 0.00 % || Gtotal(l=0) ave= 0.000E+00 +/- 0.00 % Gtotal(l=1) ave= 0.000E+00 +/- 0.00 % Gtotal(l=2) ave= 0.000E+00 +/- 0.00 % Gtotal(l=3) ave= 0.000E+00 +/- 0.00 %  % || Gg(l=0) ave= 2.473E+00 +/- 0.88 % Gg(l=1) ave= 1.710E+00 +/- 0.39 % Gg(l=2) ave= 0.000E+00 +/- 0.00 % Gg(l=3) ave= 0.000E+00 +/- 0.00 %  % || D(l=0) ave= 6.267E+03 +/- 0.00 % D(l=1) ave= 2.220E+03 +/- 0.00 % D(l=2) ave= 0.000E+00 +/- 0.00 % D(l=3) ave= 0.000E+00 +/- 0.00 %  % || S(l=0) ave= 5.380E-04 +/- 0.11 % S(l=1) ave= 2.330E-04 +/- 7.69 % S(l=2) ave= 0.000E+00 +/- 0.00 % S(l=3) ave= 0.000E+00 +/- 0.00 % 
 ... random file  84 Cap(th)  ave= 1.858E+01 b. +/- 2.49 % || Ela(th) ave= 7.957E+00 b. +/- 3.19 % || RIcap ave= 8.80E+00 b. +/- 2.50 % || Macs30 ave= 5.24E-02 b. +/- 1.37 % || Gn^0(l=0) ave= 7.381E+00 +/- 0.12 % Gn^0(l=1) ave= 6.440E+00 +/- 8.15 % Gn^0(l=2) ave= 0.000E+00 +/- 0.00 % Gn^0(l=3) ave= 0.000E+00 +/- 0.00 % || Gtotal(l=0) ave= 0.000E+00 +/- 0.00 % Gtotal(l=1) ave= 0.000E+00 +/- 0.00 % Gtotal(l=2) ave= 0.000E+00 +/- 0.00 % Gtotal(l=3) ave= 0.000E+00 +/- 0.00 %  % || Gg(l=0) ave= 2.473E+00 +/- 0.87 % Gg(l=1) ave= 1.710E+00 +/- 0.39 % Gg(l=2) ave= 0.000E+00 +/- 0.00 % Gg(l=3) ave= 0.000E+00 +/- 0.00 %  % || D(l=0) ave= 6.267E+03 +/- 0.00 % D(l=1) ave= 2.220E+03 +/- 0.00 % D(l=2) ave= 0.000E+00 +/- 0.00 % D(l=3) ave= 0.000E+00 +/- 0.00 %  % || S(l=0) ave= 5.380E-04 +/- 0.10 % S(l=1) ave= 2.330E-04 +/- 7.65 % S(l=2) ave= 0.000E+00 +/- 0.00 % S(l=3) ave= 0.000E+00 +/- 0.00 % 
 ... random file  85 Cap(th)  ave= 1.858E+01 b. +/- 2.48 % || Ela(th) ave= 7.958E+00 b. +/- 3.17 % || RIcap ave= 8.81E+00 b. +/- 2.49 % || Macs30 ave= 5.24E-02 b. +/- 1.36 % || Gn^0(l=0) ave= 7.381E+00 +/- 0.12 % Gn^0(l=1) ave= 6.448E+00 +/- 8.18 % Gn^0(l=2) ave= 0.000E+00 +/- 0.00 % Gn^0(l=3) ave= 0.000E+00 +/- 0.00 % || Gtotal(l=0) ave= 0.000E+00 +/- 0.00 % Gtotal(l=1) ave= 0.000E+00 +/- 0.00 % Gtotal(l=2) ave= 0.000E+00 +/- 0.00 % Gtotal(l=3) ave= 0.000E+00 +/- 0.00 %  % || Gg(l=0) ave= 2.473E+00 +/- 0.87 % Gg(l=1) ave= 1.710E+00 +/- 0.39 % Gg(l=2) ave= 0.000E+00 +/- 0.00 % Gg(l=3) ave= 0.000E+00 +/- 0.00 %  % || D(l=0) ave= 6.267E+03 +/- 0.00 % D(l=1) ave= 2.220E+03 +/- 0.00 % D(l=2) ave= 0.000E+00 +/- 0.00 % D(l=3) ave= 0.000E+00 +/- 0.00 %  % || S(l=0) ave= 5.380E-04 +/- 0.10 % S(l=1) ave= 2.333E-04 +/- 7.68 % S(l=2) ave= 0.000E+00 +/- 0.00 % S(l=3) ave= 0.000E+00 +/- 0.00 % 
 ... random file  86 Cap(th)  ave= 1.857E+01 b. +/- 2.49 % || Ela(th) ave= 7.962E+00 b. +/- 3.19 % || RIcap ave= 8.80E+00 b. +/- 2.50 % || Macs30 ave= 5.24E-02 b. +/- 1.38 % || Gn^0(l=0) ave= 7.381E+00 +/- 0.12 % Gn^0(l=1) ave= 6.447E+00 +/- 8.14 % Gn^0(l=2) ave= 0.000E+00 +/- 0.00 % Gn^0(l=3) ave= 0.000E+00 +/- 0.00 % || Gtotal(l=0) ave= 0.000E+00 +/- 0.00 % Gtotal(l=1) ave= 0.000E+00 +/- 0.00 % Gtotal(l=2) ave= 0.000E+00 +/- 0.00 % Gtotal(l=3) ave= 0.000E+00 +/- 0.00 %  % || Gg(l=0) ave= 2.473E+00 +/- 0.89 % Gg(l=1) ave= 1.710E+00 +/- 0.39 % Gg(l=2) ave= 0.000E+00 +/- 0.00 % Gg(l=3) ave= 0.000E+00 +/- 0.00 %  % || D(l=0) ave= 6.267E+03 +/- 0.00 % D(l=1) ave= 2.220E+03 +/- 0.00 % D(l=2) ave= 0.000E+00 +/- 0.00 % D(l=3) ave= 0.000E+00 +/- 0.00 %  % || S(l=0) ave= 5.380E-04 +/- 0.10 % S(l=1) ave= 2.332E-04 +/- 7.64 % S(l=2) ave= 0.000E+00 +/- 0.00 % S(l=3) ave= 0.000E+00 +/- 0.00 % 
 ... random file  87 Cap(th)  ave= 1.857E+01 b. +/- 2.49 % || Ela(th) ave= 7.965E+00 b. +/- 3.19 % || RIcap ave= 8.80E+00 b. +/- 2.50 % || Macs30 ave= 5.24E-02 b. +/- 1.38 % || Gn^0(l=0) ave= 7.381E+00 +/- 0.12 % Gn^0(l=1) ave= 6.438E+00 +/- 8.21 % Gn^0(l=2) ave= 0.000E+00 +/- 0.00 % Gn^0(l=3) ave= 0.000E+00 +/- 0.00 % || Gtotal(l=0) ave= 0.000E+00 +/- 0.00 % Gtotal(l=1) ave= 0.000E+00 +/- 0.00 % Gtotal(l=2) ave= 0.000E+00 +/- 0.00 % Gtotal(l=3) ave= 0.000E+00 +/- 0.00 %  % || Gg(l=0) ave= 2.473E+00 +/- 0.91 % Gg(l=1) ave= 1.710E+00 +/- 0.41 % Gg(l=2) ave= 0.000E+00 +/- 0.00 % Gg(l=3) ave= 0.000E+00 +/- 0.00 %  % || D(l=0) ave= 6.267E+03 +/- 0.00 % D(l=1) ave= 2.220E+03 +/- 0.00 % D(l=2) ave= 0.000E+00 +/- 0.00 % D(l=3) ave= 0.000E+00 +/- 0.00 %  % || S(l=0) ave= 5.380E-04 +/- 0.10 % S(l=1) ave= 2.329E-04 +/- 7.71 % S(l=2) ave= 0.000E+00 +/- 0.00 % S(l=3) ave= 0.000E+00 +/- 0.00 % 
 ... random file  88 Cap(th)  ave= 1.858E+01 b. +/- 2.55 % || Ela(th) ave= 7.960E+00 b. +/- 3.22 % || RIcap ave= 8.81E+00 b. +/- 2.56 % || Macs30 ave= 5.24E-02 b. +/- 1.42 % || Gn^0(l=0) ave= 7.381E+00 +/- 0.12 % Gn^0(l=1) ave= 6.431E+00 +/- 8.23 % Gn^0(l=2) ave= 0.000E+00 +/- 0.00 % Gn^0(l=3) ave= 0.000E+00 +/- 0.00 % || Gtotal(l=0) ave= 0.000E+00 +/- 0.00 % Gtotal(l=1) ave= 0.000E+00 +/- 0.00 % Gtotal(l=2) ave= 0.000E+00 +/- 0.00 % Gtotal(l=3) ave= 0.000E+00 +/- 0.00 %  % || Gg(l=0) ave= 2.473E+00 +/- 0.90 % Gg(l=1) ave= 1.709E+00 +/- 0.41 % Gg(l=2) ave= 0.000E+00 +/- 0.00 % Gg(l=3) ave= 0.000E+00 +/- 0.00 %  % || D(l=0) ave= 6.267E+03 +/- 0.00 % D(l=1) ave= 2.220E+03 +/- 0.00 % D(l=2) ave= 0.000E+00 +/- 0.00 % D(l=3) ave= 0.000E+00 +/- 0.00 %  % || S(l=0) ave= 5.380E-04 +/- 0.10 % S(l=1) ave= 2.327E-04 +/- 7.72 % S(l=2) ave= 0.000E+00 +/- 0.00 % S(l=3) ave= 0.000E+00 +/- 0.00 % 
 ... random file  89 Cap(th)  ave= 1.859E+01 b. +/- 2.59 % || Ela(th) ave= 7.966E+00 b. +/- 3.28 % || RIcap ave= 8.81E+00 b. +/- 2.60 % || Macs30 ave= 5.24E-02 b. +/- 1.43 % || Gn^0(l=0) ave= 7.381E+00 +/- 0.12 % Gn^0(l=1) ave= 6.435E+00 +/- 8.20 % Gn^0(l=2) ave= 0.000E+00 +/- 0.00 % Gn^0(l=3) ave= 0.000E+00 +/- 0.00 % || Gtotal(l=0) ave= 0.000E+00 +/- 0.00 % Gtotal(l=1) ave= 0.000E+00 +/- 0.00 % Gtotal(l=2) ave= 0.000E+00 +/- 0.00 % Gtotal(l=3) ave= 0.000E+00 +/- 0.00 %  % || Gg(l=0) ave= 2.473E+00 +/- 0.91 % Gg(l=1) ave= 1.709E+00 +/- 0.41 % Gg(l=2) ave= 0.000E+00 +/- 0.00 % Gg(l=3) ave= 0.000E+00 +/- 0.00 %  % || D(l=0) ave= 6.267E+03 +/- 0.00 % D(l=1) ave= 2.220E+03 +/- 0.00 % D(l=2) ave= 0.000E+00 +/- 0.00 % D(l=3) ave= 0.000E+00 +/- 0.00 %  % || S(l=0) ave= 5.380E-04 +/- 0.10 % S(l=1) ave= 2.328E-04 +/- 7.69 % S(l=2) ave= 0.000E+00 +/- 0.00 % S(l=3) ave= 0.000E+00 +/- 0.00 % 
 ... random file  90 Cap(th)  ave= 1.860E+01 b. +/- 2.64 % || Ela(th) ave= 7.964E+00 b. +/- 3.27 % || RIcap ave= 8.82E+00 b. +/- 2.65 % || Macs30 ave= 5.24E-02 b. +/- 1.43 % || Gn^0(l=0) ave= 7.381E+00 +/- 0.12 % Gn^0(l=1) ave= 6.439E+00 +/- 8.17 % Gn^0(l=2) ave= 0.000E+00 +/- 0.00 % Gn^0(l=3) ave= 0.000E+00 +/- 0.00 % || Gtotal(l=0) ave= 0.000E+00 +/- 0.00 % Gtotal(l=1) ave= 0.000E+00 +/- 0.00 % Gtotal(l=2) ave= 0.000E+00 +/- 0.00 % Gtotal(l=3) ave= 0.000E+00 +/- 0.00 %  % || Gg(l=0) ave= 2.474E+00 +/- 0.90 % Gg(l=1) ave= 1.709E+00 +/- 0.41 % Gg(l=2) ave= 0.000E+00 +/- 0.00 % Gg(l=3) ave= 0.000E+00 +/- 0.00 %  % || D(l=0) ave= 6.267E+03 +/- 0.00 % D(l=1) ave= 2.220E+03 +/- 0.00 % D(l=2) ave= 0.000E+00 +/- 0.00 % D(l=3) ave= 0.000E+00 +/- 0.00 %  % || S(l=0) ave= 5.380E-04 +/- 0.10 % S(l=1) ave= 2.330E-04 +/- 7.67 % S(l=2) ave= 0.000E+00 +/- 0.00 % S(l=3) ave= 0.000E+00 +/- 0.00 % 
 ... random file  91 Cap(th)  ave= 1.860E+01 b. +/- 2.62 % || Ela(th) ave= 7.964E+00 b. +/- 3.25 % || RIcap ave= 8.82E+00 b. +/- 2.63 % || Macs30 ave= 5.24E-02 b. +/- 1.42 % || Gn^0(l=0) ave= 7.381E+00 +/- 0.12 % Gn^0(l=1) ave= 6.440E+00 +/- 8.13 % Gn^0(l=2) ave= 0.000E+00 +/- 0.00 % Gn^0(l=3) ave= 0.000E+00 +/- 0.00 % || Gtotal(l=0) ave= 0.000E+00 +/- 0.00 % Gtotal(l=1) ave= 0.000E+00 +/- 0.00 % Gtotal(l=2) ave= 0.000E+00 +/- 0.00 % Gtotal(l=3) ave= 0.000E+00 +/- 0.00 %  % || Gg(l=0) ave= 2.474E+00 +/- 0.90 % Gg(l=1) ave= 1.709E+00 +/- 0.41 % Gg(l=2) ave= 0.000E+00 +/- 0.00 % Gg(l=3) ave= 0.000E+00 +/- 0.00 %  % || D(l=0) ave= 6.267E+03 +/- 0.00 % D(l=1) ave= 2.220E+03 +/- 0.00 % D(l=2) ave= 0.000E+00 +/- 0.00 % D(l=3) ave= 0.000E+00 +/- 0.00 %  % || S(l=0) ave= 5.380E-04 +/- 0.10 % S(l=1) ave= 2.330E-04 +/- 7.62 % S(l=2) ave= 0.000E+00 +/- 0.00 % S(l=3) ave= 0.000E+00 +/- 0.00 % 
 ... random file  92 Cap(th)  ave= 1.860E+01 b. +/- 2.63 % || Ela(th) ave= 7.963E+00 b. +/- 3.24 % || RIcap ave= 8.81E+00 b. +/- 2.64 % || Macs30 ave= 5.24E-02 b. +/- 1.43 % || Gn^0(l=0) ave= 7.381E+00 +/- 0.12 % Gn^0(l=1) ave= 6.438E+00 +/- 8.09 % Gn^0(l=2) ave= 0.000E+00 +/- 0.00 % Gn^0(l=3) ave= 0.000E+00 +/- 0.00 % || Gtotal(l=0) ave= 0.000E+00 +/- 0.00 % Gtotal(l=1) ave= 0.000E+00 +/- 0.00 % Gtotal(l=2) ave= 0.000E+00 +/- 0.00 % Gtotal(l=3) ave= 0.000E+00 +/- 0.00 %  % || Gg(l=0) ave= 2.473E+00 +/- 0.91 % Gg(l=1) ave= 1.709E+00 +/- 0.42 % Gg(l=2) ave= 0.000E+00 +/- 0.00 % Gg(l=3) ave= 0.000E+00 +/- 0.00 %  % || D(l=0) ave= 6.267E+03 +/- 0.00 % D(l=1) ave= 2.220E+03 +/- 0.00 % D(l=2) ave= 0.000E+00 +/- 0.00 % D(l=3) ave= 0.000E+00 +/- 0.00 %  % || S(l=0) ave= 5.380E-04 +/- 0.10 % S(l=1) ave= 2.330E-04 +/- 7.59 % S(l=2) ave= 0.000E+00 +/- 0.00 % S(l=3) ave= 0.000E+00 +/- 0.00 % 
 ... random file  93 Cap(th)  ave= 1.860E+01 b. +/- 2.62 % || Ela(th) ave= 7.959E+00 b. +/- 3.25 % || RIcap ave= 8.81E+00 b. +/- 2.63 % || Macs30 ave= 5.24E-02 b. +/- 1.42 % || Gn^0(l=0) ave= 7.381E+00 +/- 0.12 % Gn^0(l=1) ave= 6.430E+00 +/- 8.13 % Gn^0(l=2) ave= 0.000E+00 +/- 0.00 % Gn^0(l=3) ave= 0.000E+00 +/- 0.00 % || Gtotal(l=0) ave= 0.000E+00 +/- 0.00 % Gtotal(l=1) ave= 0.000E+00 +/- 0.00 % Gtotal(l=2) ave= 0.000E+00 +/- 0.00 % Gtotal(l=3) ave= 0.000E+00 +/- 0.00 %  % || Gg(l=0) ave= 2.473E+00 +/- 0.91 % Gg(l=1) ave= 1.709E+00 +/- 0.42 % Gg(l=2) ave= 0.000E+00 +/- 0.00 % Gg(l=3) ave= 0.000E+00 +/- 0.00 %  % || D(l=0) ave= 6.267E+03 +/- 0.00 % D(l=1) ave= 2.220E+03 +/- 0.00 % D(l=2) ave= 0.000E+00 +/- 0.00 % D(l=3) ave= 0.000E+00 +/- 0.00 %  % || S(l=0) ave= 5.380E-04 +/- 0.11 % S(l=1) ave= 2.327E-04 +/- 7.63 % S(l=2) ave= 0.000E+00 +/- 0.00 % S(l=3) ave= 0.000E+00 +/- 0.00 % 
 ... random file  94 Cap(th)  ave= 1.860E+01 b. +/- 2.61 % || Ela(th) ave= 7.959E+00 b. +/- 3.23 % || RIcap ave= 8.82E+00 b. +/- 2.62 % || Macs30 ave= 5.24E-02 b. +/- 1.42 % || Gn^0(l=0) ave= 7.381E+00 +/- 0.12 % Gn^0(l=1) ave= 6.432E+00 +/- 8.09 % Gn^0(l=2) ave= 0.000E+00 +/- 0.00 % Gn^0(l=3) ave= 0.000E+00 +/- 0.00 % || Gtotal(l=0) ave= 0.000E+00 +/- 0.00 % Gtotal(l=1) ave= 0.000E+00 +/- 0.00 % Gtotal(l=2) ave= 0.000E+00 +/- 0.00 % Gtotal(l=3) ave= 0.000E+00 +/- 0.00 %  % || Gg(l=0) ave= 2.473E+00 +/- 0.91 % Gg(l=1) ave= 1.709E+00 +/- 0.42 % Gg(l=2) ave= 0.000E+00 +/- 0.00 % Gg(l=3) ave= 0.000E+00 +/- 0.00 %  % || D(l=0) ave= 6.267E+03 +/- 0.00 % D(l=1) ave= 2.220E+03 +/- 0.00 % D(l=2) ave= 0.000E+00 +/- 0.00 % D(l=3) ave= 0.000E+00 +/- 0.00 %  % || S(l=0) ave= 5.380E-04 +/- 0.11 % S(l=1) ave= 2.328E-04 +/- 7.59 % S(l=2) ave= 0.000E+00 +/- 0.00 % S(l=3) ave= 0.000E+00 +/- 0.00 % 
 ... random file  95 Cap(th)  ave= 1.861E+01 b. +/- 2.62 % || Ela(th) ave= 7.960E+00 b. +/- 3.22 % || RIcap ave= 8.82E+00 b. +/- 2.63 % || Macs30 ave= 5.24E-02 b. +/- 1.41 % || Gn^0(l=0) ave= 7.381E+00 +/- 0.12 % Gn^0(l=1) ave= 6.435E+00 +/- 8.06 % Gn^0(l=2) ave= 0.000E+00 +/- 0.00 % Gn^0(l=3) ave= 0.000E+00 +/- 0.00 % || Gtotal(l=0) ave= 0.000E+00 +/- 0.00 % Gtotal(l=1) ave= 0.000E+00 +/- 0.00 % Gtotal(l=2) ave= 0.000E+00 +/- 0.00 % Gtotal(l=3) ave= 0.000E+00 +/- 0.00 %  % || Gg(l=0) ave= 2.473E+00 +/- 0.91 % Gg(l=1) ave= 1.709E+00 +/- 0.42 % Gg(l=2) ave= 0.000E+00 +/- 0.00 % Gg(l=3) ave= 0.000E+00 +/- 0.00 %  % || D(l=0) ave= 6.267E+03 +/- 0.00 % D(l=1) ave= 2.220E+03 +/- 0.00 % D(l=2) ave= 0.000E+00 +/- 0.00 % D(l=3) ave= 0.000E+00 +/- 0.00 %  % || S(l=0) ave= 5.380E-04 +/- 0.11 % S(l=1) ave= 2.329E-04 +/- 7.57 % S(l=2) ave= 0.000E+00 +/- 0.00 % S(l=3) ave= 0.000E+00 +/- 0.00 % 
 ... random file  96 Cap(th)  ave= 1.861E+01 b. +/- 2.61 % || Ela(th) ave= 7.960E+00 b. +/- 3.20 % || RIcap ave= 8.82E+00 b. +/- 2.62 % || Macs30 ave= 5.24E-02 b. +/- 1.41 % || Gn^0(l=0) ave= 7.381E+00 +/- 0.12 % Gn^0(l=1) ave= 6.432E+00 +/- 8.04 % Gn^0(l=2) ave= 0.000E+00 +/- 0.00 % Gn^0(l=3) ave= 0.000E+00 +/- 0.00 % || Gtotal(l=0) ave= 0.000E+00 +/- 0.00 % Gtotal(l=1) ave= 0.000E+00 +/- 0.00 % Gtotal(l=2) ave= 0.000E+00 +/- 0.00 % Gtotal(l=3) ave= 0.000E+00 +/- 0.00 %  % || Gg(l=0) ave= 2.473E+00 +/- 0.90 % Gg(l=1) ave= 1.709E+00 +/- 0.42 % Gg(l=2) ave= 0.000E+00 +/- 0.00 % Gg(l=3) ave= 0.000E+00 +/- 0.00 %  % || D(l=0) ave= 6.267E+03 +/- 0.00 % D(l=1) ave= 2.220E+03 +/- 0.00 % D(l=2) ave= 0.000E+00 +/- 0.00 % D(l=3) ave= 0.000E+00 +/- 0.00 %  % || S(l=0) ave= 5.380E-04 +/- 0.11 % S(l=1) ave= 2.328E-04 +/- 7.54 % S(l=2) ave= 0.000E+00 +/- 0.00 % S(l=3) ave= 0.000E+00 +/- 0.00 % 
 ... random file  97 Cap(th)  ave= 1.861E+01 b. +/- 2.60 % || Ela(th) ave= 7.960E+00 b. +/- 3.19 % || RIcap ave= 8.82E+00 b. +/- 2.61 % || Macs30 ave= 5.24E-02 b. +/- 1.40 % || Gn^0(l=0) ave= 7.381E+00 +/- 0.12 % Gn^0(l=1) ave= 6.429E+00 +/- 8.01 % Gn^0(l=2) ave= 0.000E+00 +/- 0.00 % Gn^0(l=3) ave= 0.000E+00 +/- 0.00 % || Gtotal(l=0) ave= 0.000E+00 +/- 0.00 % Gtotal(l=1) ave= 0.000E+00 +/- 0.00 % Gtotal(l=2) ave= 0.000E+00 +/- 0.00 % Gtotal(l=3) ave= 0.000E+00 +/- 0.00 %  % || Gg(l=0) ave= 2.473E+00 +/- 0.90 % Gg(l=1) ave= 1.709E+00 +/- 0.42 % Gg(l=2) ave= 0.000E+00 +/- 0.00 % Gg(l=3) ave= 0.000E+00 +/- 0.00 %  % || D(l=0) ave= 6.267E+03 +/- 0.00 % D(l=1) ave= 2.220E+03 +/- 0.00 % D(l=2) ave= 0.000E+00 +/- 0.00 % D(l=3) ave= 0.000E+00 +/- 0.00 %  % || S(l=0) ave= 5.380E-04 +/- 0.11 % S(l=1) ave= 2.327E-04 +/- 7.52 % S(l=2) ave= 0.000E+00 +/- 0.00 % S(l=3) ave= 0.000E+00 +/- 0.00 % 
 ... random file  98 Cap(th)  ave= 1.861E+01 b. +/- 2.60 % || Ela(th) ave= 7.960E+00 b. +/- 3.17 % || RIcap ave= 8.82E+00 b. +/- 2.62 % || Macs30 ave= 5.24E-02 b. +/- 1.40 % || Gn^0(l=0) ave= 7.381E+00 +/- 0.12 % Gn^0(l=1) ave= 6.432E+00 +/- 7.98 % Gn^0(l=2) ave= 0.000E+00 +/- 0.00 % Gn^0(l=3) ave= 0.000E+00 +/- 0.00 % || Gtotal(l=0) ave= 0.000E+00 +/- 0.00 % Gtotal(l=1) ave= 0.000E+00 +/- 0.00 % Gtotal(l=2) ave= 0.000E+00 +/- 0.00 % Gtotal(l=3) ave= 0.000E+00 +/- 0.00 %  % || Gg(l=0) ave= 2.473E+00 +/- 0.90 % Gg(l=1) ave= 1.709E+00 +/- 0.41 % Gg(l=2) ave= 0.000E+00 +/- 0.00 % Gg(l=3) ave= 0.000E+00 +/- 0.00 %  % || D(l=0) ave= 6.267E+03 +/- 0.00 % D(l=1) ave= 2.220E+03 +/- 0.00 % D(l=2) ave= 0.000E+00 +/- 0.00 % D(l=3) ave= 0.000E+00 +/- 0.00 %  % || S(l=0) ave= 5.380E-04 +/- 0.11 % S(l=1) ave= 2.328E-04 +/- 7.49 % S(l=2) ave= 0.000E+00 +/- 0.00 % S(l=3) ave= 0.000E+00 +/- 0.00 % 
 ... random file  99 Cap(th)  ave= 1.861E+01 b. +/- 2.59 % || Ela(th) ave= 7.958E+00 b. +/- 3.16 % || RIcap ave= 8.82E+00 b. +/- 2.60 % || Macs30 ave= 5.24E-02 b. +/- 1.40 % || Gn^0(l=0) ave= 7.381E+00 +/- 0.12 % Gn^0(l=1) ave= 6.431E+00 +/- 7.95 % Gn^0(l=2) ave= 0.000E+00 +/- 0.00 % Gn^0(l=3) ave= 0.000E+00 +/- 0.00 % || Gtotal(l=0) ave= 0.000E+00 +/- 0.00 % Gtotal(l=1) ave= 0.000E+00 +/- 0.00 % Gtotal(l=2) ave= 0.000E+00 +/- 0.00 % Gtotal(l=3) ave= 0.000E+00 +/- 0.00 %  % || Gg(l=0) ave= 2.473E+00 +/- 0.90 % Gg(l=1) ave= 1.709E+00 +/- 0.41 % Gg(l=2) ave= 0.000E+00 +/- 0.00 % Gg(l=3) ave= 0.000E+00 +/- 0.00 %  % || D(l=0) ave= 6.267E+03 +/- 0.00 % D(l=1) ave= 2.220E+03 +/- 0.00 % D(l=2) ave= 0.000E+00 +/- 0.00 % D(l=3) ave= 0.000E+00 +/- 0.00 %  % || S(l=0) ave= 5.380E-04 +/- 0.11 % S(l=1) ave= 2.327E-04 +/- 7.46 % S(l=2) ave= 0.000E+00 +/- 0.00 % S(l=3) ave= 0.000E+00 +/- 0.00 % 
 ... random file  100 Cap(th)  ave= 1.861E+01 b. +/- 2.58 % || Ela(th) ave= 7.959E+00 b. +/- 3.15 % || RIcap ave= 8.82E+00 b. +/- 2.59 % || Macs30 ave= 5.24E-02 b. +/- 1.40 % || Gn^0(l=0) ave= 7.381E+00 +/- 0.12 % Gn^0(l=1) ave= 6.442E+00 +/- 8.07 % Gn^0(l=2) ave= 0.000E+00 +/- 0.00 % Gn^0(l=3) ave= 0.000E+00 +/- 0.00 % || Gtotal(l=0) ave= 0.000E+00 +/- 0.00 % Gtotal(l=1) ave= 0.000E+00 +/- 0.00 % Gtotal(l=2) ave= 0.000E+00 +/- 0.00 % Gtotal(l=3) ave= 0.000E+00 +/- 0.00 %  % || Gg(l=0) ave= 2.473E+00 +/- 0.90 % Gg(l=1) ave= 1.709E+00 +/- 0.41 % Gg(l=2) ave= 0.000E+00 +/- 0.00 % Gg(l=3) ave= 0.000E+00 +/- 0.00 %  % || D(l=0) ave= 6.267E+03 +/- 0.00 % D(l=1) ave= 2.220E+03 +/- 0.00 % D(l=2) ave= 0.000E+00 +/- 0.00 % D(l=3) ave= 0.000E+00 +/- 0.00 %  % || S(l=0) ave= 5.380E-04 +/- 0.11 % S(l=1) ave= 2.331E-04 +/- 7.57 % S(l=2) ave= 0.000E+00 +/- 0.00 % S(l=3) ave= 0.000E+00 +/- 0.00 % 
 ... random file  101 Cap(th)  ave= 1.862E+01 b. +/- 2.60 % || Ela(th) ave= 7.962E+00 b. +/- 3.15 % || RIcap ave= 8.82E+00 b. +/- 2.61 % || Macs30 ave= 5.24E-02 b. +/- 1.42 % || Gn^0(l=0) ave= 7.381E+00 +/- 0.12 % Gn^0(l=1) ave= 6.444E+00 +/- 8.04 % Gn^0(l=2) ave= 0.000E+00 +/- 0.00 % Gn^0(l=3) ave= 0.000E+00 +/- 0.00 % || Gtotal(l=0) ave= 0.000E+00 +/- 0.00 % Gtotal(l=1) ave= 0.000E+00 +/- 0.00 % Gtotal(l=2) ave= 0.000E+00 +/- 0.00 % Gtotal(l=3) ave= 0.000E+00 +/- 0.00 %  % || Gg(l=0) ave= 2.473E+00 +/- 0.91 % Gg(l=1) ave= 1.709E+00 +/- 0.41 % Gg(l=2) ave= 0.000E+00 +/- 0.00 % Gg(l=3) ave= 0.000E+00 +/- 0.00 %  % || D(l=0) ave= 6.267E+03 +/- 0.00 % D(l=1) ave= 2.220E+03 +/- 0.00 % D(l=2) ave= 0.000E+00 +/- 0.00 % D(l=3) ave= 0.000E+00 +/- 0.00 %  % || S(l=0) ave= 5.380E-04 +/- 0.11 % S(l=1) ave= 2.332E-04 +/- 7.54 % S(l=2) ave= 0.000E+00 +/- 0.00 % S(l=3) ave= 0.000E+00 +/- 0.00 % 
 ... random file  102 Cap(th)  ave= 1.862E+01 b. +/- 2.58 % || Ela(th) ave= 7.967E+00 b. +/- 3.20 % || RIcap ave= 8.82E+00 b. +/- 2.60 % || Macs30 ave= 5.25E-02 b. +/- 1.41 % || Gn^0(l=0) ave= 7.381E+00 +/- 0.12 % Gn^0(l=1) ave= 6.436E+00 +/- 8.10 % Gn^0(l=2) ave= 0.000E+00 +/- 0.00 % Gn^0(l=3) ave= 0.000E+00 +/- 0.00 % || Gtotal(l=0) ave= 0.000E+00 +/- 0.00 % Gtotal(l=1) ave= 0.000E+00 +/- 0.00 % Gtotal(l=2) ave= 0.000E+00 +/- 0.00 % Gtotal(l=3) ave= 0.000E+00 +/- 0.00 %  % || Gg(l=0) ave= 2.472E+00 +/- 0.91 % Gg(l=1) ave= 1.709E+00 +/- 0.41 % Gg(l=2) ave= 0.000E+00 +/- 0.00 % Gg(l=3) ave= 0.000E+00 +/- 0.00 %  % || D(l=0) ave= 6.267E+03 +/- 0.00 % D(l=1) ave= 2.220E+03 +/- 0.00 % D(l=2) ave= 0.000E+00 +/- 0.00 % D(l=3) ave= 0.000E+00 +/- 0.00 %  % || S(l=0) ave= 5.380E-04 +/- 0.11 % S(l=1) ave= 2.329E-04 +/- 7.60 % S(l=2) ave= 0.000E+00 +/- 0.00 % S(l=3) ave= 0.000E+00 +/- 0.00 % 
 ... random file  103 Cap(th)  ave= 1.862E+01 b. +/- 2.58 % || Ela(th) ave= 7.970E+00 b. +/- 3.21 % || RIcap ave= 8.83E+00 b. +/- 2.59 % || Macs30 ave= 5.25E-02 b. +/- 1.41 % || Gn^0(l=0) ave= 7.381E+00 +/- 0.12 % Gn^0(l=1) ave= 6.434E+00 +/- 8.07 % Gn^0(l=2) ave= 0.000E+00 +/- 0.00 % Gn^0(l=3) ave= 0.000E+00 +/- 0.00 % || Gtotal(l=0) ave= 0.000E+00 +/- 0.00 % Gtotal(l=1) ave= 0.000E+00 +/- 0.00 % Gtotal(l=2) ave= 0.000E+00 +/- 0.00 % Gtotal(l=3) ave= 0.000E+00 +/- 0.00 %  % || Gg(l=0) ave= 2.472E+00 +/- 0.91 % Gg(l=1) ave= 1.709E+00 +/- 0.41 % Gg(l=2) ave= 0.000E+00 +/- 0.00 % Gg(l=3) ave= 0.000E+00 +/- 0.00 %  % || D(l=0) ave= 6.267E+03 +/- 0.00 % D(l=1) ave= 2.220E+03 +/- 0.00 % D(l=2) ave= 0.000E+00 +/- 0.00 % D(l=3) ave= 0.000E+00 +/- 0.00 %  % || S(l=0) ave= 5.380E-04 +/- 0.11 % S(l=1) ave= 2.328E-04 +/- 7.57 % S(l=2) ave= 0.000E+00 +/- 0.00 % S(l=3) ave= 0.000E+00 +/- 0.00 % 
 ... random file  104 Cap(th)  ave= 1.862E+01 b. +/- 2.57 % || Ela(th) ave= 7.971E+00 b. +/- 3.20 % || RIcap ave= 8.83E+00 b. +/- 2.58 % || Macs30 ave= 5.25E-02 b. +/- 1.41 % || Gn^0(l=0) ave= 7.381E+00 +/- 0.12 % Gn^0(l=1) ave= 6.427E+00 +/- 8.12 % Gn^0(l=2) ave= 0.000E+00 +/- 0.00 % Gn^0(l=3) ave= 0.000E+00 +/- 0.00 % || Gtotal(l=0) ave= 0.000E+00 +/- 0.00 % Gtotal(l=1) ave= 0.000E+00 +/- 0.00 % Gtotal(l=2) ave= 0.000E+00 +/- 0.00 % Gtotal(l=3) ave= 0.000E+00 +/- 0.00 %  % || Gg(l=0) ave= 2.472E+00 +/- 0.90 % Gg(l=1) ave= 1.709E+00 +/- 0.41 % Gg(l=2) ave= 0.000E+00 +/- 0.00 % Gg(l=3) ave= 0.000E+00 +/- 0.00 %  % || D(l=0) ave= 6.267E+03 +/- 0.00 % D(l=1) ave= 2.220E+03 +/- 0.00 % D(l=2) ave= 0.000E+00 +/- 0.00 % D(l=3) ave= 0.000E+00 +/- 0.00 %  % || S(l=0) ave= 5.380E-04 +/- 0.11 % S(l=1) ave= 2.326E-04 +/- 7.62 % S(l=2) ave= 0.000E+00 +/- 0.00 % S(l=3) ave= 0.000E+00 +/- 0.00 % 
 ... random file  105 Cap(th)  ave= 1.862E+01 b. +/- 2.56 % || Ela(th) ave= 7.972E+00 b. +/- 3.18 % || RIcap ave= 8.83E+00 b. +/- 2.57 % || Macs30 ave= 5.24E-02 b. +/- 1.40 % || Gn^0(l=0) ave= 7.381E+00 +/- 0.12 % Gn^0(l=1) ave= 6.423E+00 +/- 8.12 % Gn^0(l=2) ave= 0.000E+00 +/- 0.00 % Gn^0(l=3) ave= 0.000E+00 +/- 0.00 % || Gtotal(l=0) ave= 0.000E+00 +/- 0.00 % Gtotal(l=1) ave= 0.000E+00 +/- 0.00 % Gtotal(l=2) ave= 0.000E+00 +/- 0.00 % Gtotal(l=3) ave= 0.000E+00 +/- 0.00 %  % || Gg(l=0) ave= 2.472E+00 +/- 0.90 % Gg(l=1) ave= 1.709E+00 +/- 0.41 % Gg(l=2) ave= 0.000E+00 +/- 0.00 % Gg(l=3) ave= 0.000E+00 +/- 0.00 %  % || D(l=0) ave= 6.267E+03 +/- 0.00 % D(l=1) ave= 2.220E+03 +/- 0.00 % D(l=2) ave= 0.000E+00 +/- 0.00 % D(l=3) ave= 0.000E+00 +/- 0.00 %  % || S(l=0) ave= 5.380E-04 +/- 0.11 % S(l=1) ave= 2.324E-04 +/- 7.62 % S(l=2) ave= 0.000E+00 +/- 0.00 % S(l=3) ave= 0.000E+00 +/- 0.00 % 
 ... random file  106 Cap(th)  ave= 1.862E+01 b. +/- 2.57 % || Ela(th) ave= 7.970E+00 b. +/- 3.18 % || RIcap ave= 8.82E+00 b. +/- 2.58 % || Macs30 ave= 5.24E-02 b. +/- 1.41 % || Gn^0(l=0) ave= 7.381E+00 +/- 0.12 % Gn^0(l=1) ave= 6.423E+00 +/- 8.08 % Gn^0(l=2) ave= 0.000E+00 +/- 0.00 % Gn^0(l=3) ave= 0.000E+00 +/- 0.00 % || Gtotal(l=0) ave= 0.000E+00 +/- 0.00 % Gtotal(l=1) ave= 0.000E+00 +/- 0.00 % Gtotal(l=2) ave= 0.000E+00 +/- 0.00 % Gtotal(l=3) ave= 0.000E+00 +/- 0.00 %  % || Gg(l=0) ave= 2.472E+00 +/- 0.90 % Gg(l=1) ave= 1.709E+00 +/- 0.41 % Gg(l=2) ave= 0.000E+00 +/- 0.00 % Gg(l=3) ave= 0.000E+00 +/- 0.00 %  % || D(l=0) ave= 6.267E+03 +/- 0.00 % D(l=1) ave= 2.220E+03 +/- 0.00 % D(l=2) ave= 0.000E+00 +/- 0.00 % D(l=3) ave= 0.000E+00 +/- 0.00 %  % || S(l=0) ave= 5.380E-04 +/- 0.11 % S(l=1) ave= 2.325E-04 +/- 7.58 % S(l=2) ave= 0.000E+00 +/- 0.00 % S(l=3) ave= 0.000E+00 +/- 0.00 % 
 ... random file  107 Cap(th)  ave= 1.862E+01 b. +/- 2.60 % || Ela(th) ave= 7.972E+00 b. +/- 3.18 % || RIcap ave= 8.83E+00 b. +/- 2.61 % || Macs30 ave= 5.24E-02 b. +/- 1.41 % || Gn^0(l=0) ave= 7.381E+00 +/- 0.12 % Gn^0(l=1) ave= 6.434E+00 +/- 8.20 % Gn^0(l=2) ave= 0.000E+00 +/- 0.00 % Gn^0(l=3) ave= 0.000E+00 +/- 0.00 % || Gtotal(l=0) ave= 0.000E+00 +/- 0.00 % Gtotal(l=1) ave= 0.000E+00 +/- 0.00 % Gtotal(l=2) ave= 0.000E+00 +/- 0.00 % Gtotal(l=3) ave= 0.000E+00 +/- 0.00 %  % || Gg(l=0) ave= 2.472E+00 +/- 0.89 % Gg(l=1) ave= 1.709E+00 +/- 0.41 % Gg(l=2) ave= 0.000E+00 +/- 0.00 % Gg(l=3) ave= 0.000E+00 +/- 0.00 %  % || D(l=0) ave= 6.267E+03 +/- 0.00 % D(l=1) ave= 2.220E+03 +/- 0.00 % D(l=2) ave= 0.000E+00 +/- 0.00 % D(l=3) ave= 0.000E+00 +/- 0.00 %  % || S(l=0) ave= 5.380E-04 +/- 0.11 % S(l=1) ave= 2.328E-04 +/- 7.69 % S(l=2) ave= 0.000E+00 +/- 0.00 % S(l=3) ave= 0.000E+00 +/- 0.00 % 
 ... random file  108 Cap(th)  ave= 1.863E+01 b. +/- 2.59 % || Ela(th) ave= 7.978E+00 b. +/- 3.26 % || RIcap ave= 8.83E+00 b. +/- 2.60 % || Macs30 ave= 5.24E-02 b. +/- 1.40 % || Gn^0(l=0) ave= 7.381E+00 +/- 0.12 % Gn^0(l=1) ave= 6.430E+00 +/- 8.19 % Gn^0(l=2) ave= 0.000E+00 +/- 0.00 % Gn^0(l=3) ave= 0.000E+00 +/- 0.00 % || Gtotal(l=0) ave= 0.000E+00 +/- 0.00 % Gtotal(l=1) ave= 0.000E+00 +/- 0.00 % Gtotal(l=2) ave= 0.000E+00 +/- 0.00 % Gtotal(l=3) ave= 0.000E+00 +/- 0.00 %  % || Gg(l=0) ave= 2.472E+00 +/- 0.89 % Gg(l=1) ave= 1.709E+00 +/- 0.41 % Gg(l=2) ave= 0.000E+00 +/- 0.00 % Gg(l=3) ave= 0.000E+00 +/- 0.00 %  % || D(l=0) ave= 6.267E+03 +/- 0.00 % D(l=1) ave= 2.220E+03 +/- 0.00 % D(l=2) ave= 0.000E+00 +/- 0.00 % D(l=3) ave= 0.000E+00 +/- 0.00 %  % || S(l=0) ave= 5.380E-04 +/- 0.11 % S(l=1) ave= 2.327E-04 +/- 7.69 % S(l=2) ave= 0.000E+00 +/- 0.00 % S(l=3) ave= 0.000E+00 +/- 0.00 % 
 ... random file  109 Cap(th)  ave= 1.864E+01 b. +/- 2.69 % || Ela(th) ave= 7.979E+00 b. +/- 3.25 % || RIcap ave= 8.83E+00 b. +/- 2.69 % || Macs30 ave= 5.25E-02 b. +/- 1.40 % || Gn^0(l=0) ave= 7.381E+00 +/- 0.12 % Gn^0(l=1) ave= 6.431E+00 +/- 8.15 % Gn^0(l=2) ave= 0.000E+00 +/- 0.00 % Gn^0(l=3) ave= 0.000E+00 +/- 0.00 % || Gtotal(l=0) ave= 0.000E+00 +/- 0.00 % Gtotal(l=1) ave= 0.000E+00 +/- 0.00 % Gtotal(l=2) ave= 0.000E+00 +/- 0.00 % Gtotal(l=3) ave= 0.000E+00 +/- 0.00 %  % || Gg(l=0) ave= 2.472E+00 +/- 0.89 % Gg(l=1) ave= 1.709E+00 +/- 0.41 % Gg(l=2) ave= 0.000E+00 +/- 0.00 % Gg(l=3) ave= 0.000E+00 +/- 0.00 %  % || D(l=0) ave= 6.267E+03 +/- 0.00 % D(l=1) ave= 2.220E+03 +/- 0.00 % D(l=2) ave= 0.000E+00 +/- 0.00 % D(l=3) ave= 0.000E+00 +/- 0.00 %  % || S(l=0) ave= 5.380E-04 +/- 0.11 % S(l=1) ave= 2.327E-04 +/- 7.65 % S(l=2) ave= 0.000E+00 +/- 0.00 % S(l=3) ave= 0.000E+00 +/- 0.00 % 
 ... random file  110 Cap(th)  ave= 1.864E+01 b. +/- 2.68 % || Ela(th) ave= 7.981E+00 b. +/- 3.25 % || RIcap ave= 8.83E+00 b. +/- 2.68 % || Macs30 ave= 5.25E-02 b. +/- 1.40 % || Gn^0(l=0) ave= 7.381E+00 +/- 0.12 % Gn^0(l=1) ave= 6.429E+00 +/- 8.12 % Gn^0(l=2) ave= 0.000E+00 +/- 0.00 % Gn^0(l=3) ave= 0.000E+00 +/- 0.00 % || Gtotal(l=0) ave= 0.000E+00 +/- 0.00 % Gtotal(l=1) ave= 0.000E+00 +/- 0.00 % Gtotal(l=2) ave= 0.000E+00 +/- 0.00 % Gtotal(l=3) ave= 0.000E+00 +/- 0.00 %  % || Gg(l=0) ave= 2.472E+00 +/- 0.89 % Gg(l=1) ave= 1.709E+00 +/- 0.41 % Gg(l=2) ave= 0.000E+00 +/- 0.00 % Gg(l=3) ave= 0.000E+00 +/- 0.00 %  % || D(l=0) ave= 6.267E+03 +/- 0.00 % D(l=1) ave= 2.220E+03 +/- 0.00 % D(l=2) ave= 0.000E+00 +/- 0.00 % D(l=3) ave= 0.000E+00 +/- 0.00 %  % || S(l=0) ave= 5.380E-04 +/- 0.11 % S(l=1) ave= 2.327E-04 +/- 7.62 % S(l=2) ave= 0.000E+00 +/- 0.00 % S(l=3) ave= 0.000E+00 +/- 0.00 % 
 ... random file  111 Cap(th)  ave= 1.864E+01 b. +/- 2.68 % || Ela(th) ave= 7.987E+00 b. +/- 3.33 % || RIcap ave= 8.83E+00 b. +/- 2.69 % || Macs30 ave= 5.25E-02 b. +/- 1.39 % || Gn^0(l=0) ave= 7.381E+00 +/- 0.12 % Gn^0(l=1) ave= 6.430E+00 +/- 8.08 % Gn^0(l=2) ave= 0.000E+00 +/- 0.00 % Gn^0(l=3) ave= 0.000E+00 +/- 0.00 % || Gtotal(l=0) ave= 0.000E+00 +/- 0.00 % Gtotal(l=1) ave= 0.000E+00 +/- 0.00 % Gtotal(l=2) ave= 0.000E+00 +/- 0.00 % Gtotal(l=3) ave= 0.000E+00 +/- 0.00 %  % || Gg(l=0) ave= 2.471E+00 +/- 0.89 % Gg(l=1) ave= 1.709E+00 +/- 0.41 % Gg(l=2) ave= 0.000E+00 +/- 0.00 % Gg(l=3) ave= 0.000E+00 +/- 0.00 %  % || D(l=0) ave= 6.267E+03 +/- 0.00 % D(l=1) ave= 2.220E+03 +/- 0.00 % D(l=2) ave= 0.000E+00 +/- 0.00 % D(l=3) ave= 0.000E+00 +/- 0.00 %  % || S(l=0) ave= 5.380E-04 +/- 0.11 % S(l=1) ave= 2.327E-04 +/- 7.59 % S(l=2) ave= 0.000E+00 +/- 0.00 % S(l=3) ave= 0.000E+00 +/- 0.00 % 
 ... random file  112 Cap(th)  ave= 1.863E+01 b. +/- 2.72 % || Ela(th) ave= 7.987E+00 b. +/- 3.32 % || RIcap ave= 8.83E+00 b. +/- 2.72 % || Macs30 ave= 5.24E-02 b. +/- 1.40 % || Gn^0(l=0) ave= 7.381E+00 +/- 0.12 % Gn^0(l=1) ave= 6.427E+00 +/- 8.07 % Gn^0(l=2) ave= 0.000E+00 +/- 0.00 % Gn^0(l=3) ave= 0.000E+00 +/- 0.00 % || Gtotal(l=0) ave= 0.000E+00 +/- 0.00 % Gtotal(l=1) ave= 0.000E+00 +/- 0.00 % Gtotal(l=2) ave= 0.000E+00 +/- 0.00 % Gtotal(l=3) ave= 0.000E+00 +/- 0.00 %  % || Gg(l=0) ave= 2.471E+00 +/- 0.89 % Gg(l=1) ave= 1.709E+00 +/- 0.41 % Gg(l=2) ave= 0.000E+00 +/- 0.00 % Gg(l=3) ave= 0.000E+00 +/- 0.00 %  % || D(l=0) ave= 6.267E+03 +/- 0.00 % D(l=1) ave= 2.220E+03 +/- 0.00 % D(l=2) ave= 0.000E+00 +/- 0.00 % D(l=3) ave= 0.000E+00 +/- 0.00 %  % || S(l=0) ave= 5.380E-04 +/- 0.11 % S(l=1) ave= 2.326E-04 +/- 7.58 % S(l=2) ave= 0.000E+00 +/- 0.00 % S(l=3) ave= 0.000E+00 +/- 0.00 % 
 ... random file  113 Cap(th)  ave= 1.864E+01 b. +/- 2.76 % || Ela(th) ave= 7.986E+00 b. +/- 3.31 % || RIcap ave= 8.83E+00 b. +/- 2.77 % || Macs30 ave= 5.25E-02 b. +/- 1.42 % || Gn^0(l=0) ave= 7.381E+00 +/- 0.12 % Gn^0(l=1) ave= 6.430E+00 +/- 8.04 % Gn^0(l=2) ave= 0.000E+00 +/- 0.00 % Gn^0(l=3) ave= 0.000E+00 +/- 0.00 % || Gtotal(l=0) ave= 0.000E+00 +/- 0.00 % Gtotal(l=1) ave= 0.000E+00 +/- 0.00 % Gtotal(l=2) ave= 0.000E+00 +/- 0.00 % Gtotal(l=3) ave= 0.000E+00 +/- 0.00 %  % || Gg(l=0) ave= 2.471E+00 +/- 0.88 % Gg(l=1) ave= 1.709E+00 +/- 0.41 % Gg(l=2) ave= 0.000E+00 +/- 0.00 % Gg(l=3) ave= 0.000E+00 +/- 0.00 %  % || D(l=0) ave= 6.267E+03 +/- 0.00 % D(l=1) ave= 2.220E+03 +/- 0.00 % D(l=2) ave= 0.000E+00 +/- 0.00 % D(l=3) ave= 0.000E+00 +/- 0.00 %  % || S(l=0) ave= 5.380E-04 +/- 0.11 % S(l=1) ave= 2.327E-04 +/- 7.55 % S(l=2) ave= 0.000E+00 +/- 0.00 % S(l=3) ave= 0.000E+00 +/- 0.00 % 
 ... random file  114 Cap(th)  ave= 1.864E+01 b. +/- 2.75 % || Ela(th) ave= 7.985E+00 b. +/- 3.30 % || RIcap ave= 8.83E+00 b. +/- 2.76 % || Macs30 ave= 5.25E-02 b. +/- 1.43 % || Gn^0(l=0) ave= 7.381E+00 +/- 0.12 % Gn^0(l=1) ave= 6.433E+00 +/- 8.02 % Gn^0(l=2) ave= 0.000E+00 +/- 0.00 % Gn^0(l=3) ave= 0.000E+00 +/- 0.00 % || Gtotal(l=0) ave= 0.000E+00 +/- 0.00 % Gtotal(l=1) ave= 0.000E+00 +/- 0.00 % Gtotal(l=2) ave= 0.000E+00 +/- 0.00 % Gtotal(l=3) ave= 0.000E+00 +/- 0.00 %  % || Gg(l=0) ave= 2.471E+00 +/- 0.89 % Gg(l=1) ave= 1.709E+00 +/- 0.41 % Gg(l=2) ave= 0.000E+00 +/- 0.00 % Gg(l=3) ave= 0.000E+00 +/- 0.00 %  % || D(l=0) ave= 6.267E+03 +/- 0.00 % D(l=1) ave= 2.220E+03 +/- 0.00 % D(l=2) ave= 0.000E+00 +/- 0.00 % D(l=3) ave= 0.000E+00 +/- 0.00 %  % || S(l=0) ave= 5.380E-04 +/- 0.11 % S(l=1) ave= 2.328E-04 +/- 7.53 % S(l=2) ave= 0.000E+00 +/- 0.00 % S(l=3) ave= 0.000E+00 +/- 0.00 % 
 ... random file  115 Cap(th)  ave= 1.864E+01 b. +/- 2.74 % || Ela(th) ave= 7.982E+00 b. +/- 3.30 % || RIcap ave= 8.83E+00 b. +/- 2.75 % || Macs30 ave= 5.25E-02 b. +/- 1.43 % || Gn^0(l=0) ave= 7.381E+00 +/- 0.12 % Gn^0(l=1) ave= 6.441E+00 +/- 8.09 % Gn^0(l=2) ave= 0.000E+00 +/- 0.00 % Gn^0(l=3) ave= 0.000E+00 +/- 0.00 % || Gtotal(l=0) ave= 0.000E+00 +/- 0.00 % Gtotal(l=1) ave= 0.000E+00 +/- 0.00 % Gtotal(l=2) ave= 0.000E+00 +/- 0.00 % Gtotal(l=3) ave= 0.000E+00 +/- 0.00 %  % || Gg(l=0) ave= 2.471E+00 +/- 0.90 % Gg(l=1) ave= 1.709E+00 +/- 0.41 % Gg(l=2) ave= 0.000E+00 +/- 0.00 % Gg(l=3) ave= 0.000E+00 +/- 0.00 %  % || D(l=0) ave= 6.267E+03 +/- 0.00 % D(l=1) ave= 2.220E+03 +/- 0.00 % D(l=2) ave= 0.000E+00 +/- 0.00 % D(l=3) ave= 0.000E+00 +/- 0.00 %  % || S(l=0) ave= 5.380E-04 +/- 0.11 % S(l=1) ave= 2.330E-04 +/- 7.59 % S(l=2) ave= 0.000E+00 +/- 0.00 % S(l=3) ave= 0.000E+00 +/- 0.00 % 
 ... random file  116 Cap(th)  ave= 1.864E+01 b. +/- 2.73 % || Ela(th) ave= 7.982E+00 b. +/- 3.28 % || RIcap ave= 8.83E+00 b. +/- 2.73 % || Macs30 ave= 5.25E-02 b. +/- 1.43 % || Gn^0(l=0) ave= 7.381E+00 +/- 0.12 % Gn^0(l=1) ave= 6.439E+00 +/- 8.06 % Gn^0(l=2) ave= 0.000E+00 +/- 0.00 % Gn^0(l=3) ave= 0.000E+00 +/- 0.00 % || Gtotal(l=0) ave= 0.000E+00 +/- 0.00 % Gtotal(l=1) ave= 0.000E+00 +/- 0.00 % Gtotal(l=2) ave= 0.000E+00 +/- 0.00 % Gtotal(l=3) ave= 0.000E+00 +/- 0.00 %  % || Gg(l=0) ave= 2.471E+00 +/- 0.89 % Gg(l=1) ave= 1.709E+00 +/- 0.41 % Gg(l=2) ave= 0.000E+00 +/- 0.00 % Gg(l=3) ave= 0.000E+00 +/- 0.00 %  % || D(l=0) ave= 6.267E+03 +/- 0.00 % D(l=1) ave= 2.220E+03 +/- 0.00 % D(l=2) ave= 0.000E+00 +/- 0.00 % D(l=3) ave= 0.000E+00 +/- 0.00 %  % || S(l=0) ave= 5.380E-04 +/- 0.11 % S(l=1) ave= 2.330E-04 +/- 7.57 % S(l=2) ave= 0.000E+00 +/- 0.00 % S(l=3) ave= 0.000E+00 +/- 0.00 % 
 ... random file  117 Cap(th)  ave= 1.863E+01 b. +/- 2.73 % || Ela(th) ave= 7.981E+00 b. +/- 3.28 % || RIcap ave= 8.83E+00 b. +/- 2.73 % || Macs30 ave= 5.25E-02 b. +/- 1.44 % || Gn^0(l=0) ave= 7.381E+00 +/- 0.12 % Gn^0(l=1) ave= 6.438E+00 +/- 8.03 % Gn^0(l=2) ave= 0.000E+00 +/- 0.00 % Gn^0(l=3) ave= 0.000E+00 +/- 0.00 % || Gtotal(l=0) ave= 0.000E+00 +/- 0.00 % Gtotal(l=1) ave= 0.000E+00 +/- 0.00 % Gtotal(l=2) ave= 0.000E+00 +/- 0.00 % Gtotal(l=3) ave= 0.000E+00 +/- 0.00 %  % || Gg(l=0) ave= 2.471E+00 +/- 0.89 % Gg(l=1) ave= 1.709E+00 +/- 0.41 % Gg(l=2) ave= 0.000E+00 +/- 0.00 % Gg(l=3) ave= 0.000E+00 +/- 0.00 %  % || D(l=0) ave= 6.267E+03 +/- 0.00 % D(l=1) ave= 2.220E+03 +/- 0.00 % D(l=2) ave= 0.000E+00 +/- 0.00 % D(l=3) ave= 0.000E+00 +/- 0.00 %  % || S(l=0) ave= 5.380E-04 +/- 0.11 % S(l=1) ave= 2.330E-04 +/- 7.54 % S(l=2) ave= 0.000E+00 +/- 0.00 % S(l=3) ave= 0.000E+00 +/- 0.00 % 
 ... random file  118 Cap(th)  ave= 1.864E+01 b. +/- 2.72 % || Ela(th) ave= 7.980E+00 b. +/- 3.26 % || RIcap ave= 8.83E+00 b. +/- 2.73 % || Macs30 ave= 5.25E-02 b. +/- 1.44 % || Gn^0(l=0) ave= 7.381E+00 +/- 0.12 % Gn^0(l=1) ave= 6.442E+00 +/- 8.02 % Gn^0(l=2) ave= 0.000E+00 +/- 0.00 % Gn^0(l=3) ave= 0.000E+00 +/- 0.00 % || Gtotal(l=0) ave= 0.000E+00 +/- 0.00 % Gtotal(l=1) ave= 0.000E+00 +/- 0.00 % Gtotal(l=2) ave= 0.000E+00 +/- 0.00 % Gtotal(l=3) ave= 0.000E+00 +/- 0.00 %  % || Gg(l=0) ave= 2.471E+00 +/- 0.89 % Gg(l=1) ave= 1.709E+00 +/- 0.41 % Gg(l=2) ave= 0.000E+00 +/- 0.00 % Gg(l=3) ave= 0.000E+00 +/- 0.00 %  % || D(l=0) ave= 6.267E+03 +/- 0.00 % D(l=1) ave= 2.220E+03 +/- 0.00 % D(l=2) ave= 0.000E+00 +/- 0.00 % D(l=3) ave= 0.000E+00 +/- 0.00 %  % || S(l=0) ave= 5.380E-04 +/- 0.11 % S(l=1) ave= 2.331E-04 +/- 7.53 % S(l=2) ave= 0.000E+00 +/- 0.00 % S(l=3) ave= 0.000E+00 +/- 0.00 % 
 ... random file  119 Cap(th)  ave= 1.863E+01 b. +/- 2.73 % || Ela(th) ave= 7.982E+00 b. +/- 3.26 % || RIcap ave= 8.83E+00 b. +/- 2.74 % || Macs30 ave= 5.25E-02 b. +/- 1.45 % || Gn^0(l=0) ave= 7.381E+00 +/- 0.12 % Gn^0(l=1) ave= 6.439E+00 +/- 8.00 % Gn^0(l=2) ave= 0.000E+00 +/- 0.00 % Gn^0(l=3) ave= 0.000E+00 +/- 0.00 % || Gtotal(l=0) ave= 0.000E+00 +/- 0.00 % Gtotal(l=1) ave= 0.000E+00 +/- 0.00 % Gtotal(l=2) ave= 0.000E+00 +/- 0.00 % Gtotal(l=3) ave= 0.000E+00 +/- 0.00 %  % || Gg(l=0) ave= 2.471E+00 +/- 0.88 % Gg(l=1) ave= 1.709E+00 +/- 0.41 % Gg(l=2) ave= 0.000E+00 +/- 0.00 % Gg(l=3) ave= 0.000E+00 +/- 0.00 %  % || D(l=0) ave= 6.267E+03 +/- 0.00 % D(l=1) ave= 2.220E+03 +/- 0.00 % D(l=2) ave= 0.000E+00 +/- 0.00 % D(l=3) ave= 0.000E+00 +/- 0.00 %  % || S(l=0) ave= 5.380E-04 +/- 0.11 % S(l=1) ave= 2.330E-04 +/- 7.51 % S(l=2) ave= 0.000E+00 +/- 0.00 % S(l=3) ave= 0.000E+00 +/- 0.00 % 
 ... random file  120 Cap(th)  ave= 1.863E+01 b. +/- 2.73 % || Ela(th) ave= 7.984E+00 b. +/- 3.26 % || RIcap ave= 8.83E+00 b. +/- 2.74 % || Macs30 ave= 5.25E-02 b. +/- 1.45 % || Gn^0(l=0) ave= 7.381E+00 +/- 0.12 % Gn^0(l=1) ave= 6.431E+00 +/- 8.10 % Gn^0(l=2) ave= 0.000E+00 +/- 0.00 % Gn^0(l=3) ave= 0.000E+00 +/- 0.00 % || Gtotal(l=0) ave= 0.000E+00 +/- 0.00 % Gtotal(l=1) ave= 0.000E+00 +/- 0.00 % Gtotal(l=2) ave= 0.000E+00 +/- 0.00 % Gtotal(l=3) ave= 0.000E+00 +/- 0.00 %  % || Gg(l=0) ave= 2.471E+00 +/- 0.88 % Gg(l=1) ave= 1.709E+00 +/- 0.40 % Gg(l=2) ave= 0.000E+00 +/- 0.00 % Gg(l=3) ave= 0.000E+00 +/- 0.00 %  % || D(l=0) ave= 6.267E+03 +/- 0.00 % D(l=1) ave= 2.220E+03 +/- 0.00 % D(l=2) ave= 0.000E+00 +/- 0.00 % D(l=3) ave= 0.000E+00 +/- 0.00 %  % || S(l=0) ave= 5.380E-04 +/- 0.11 % S(l=1) ave= 2.327E-04 +/- 7.60 % S(l=2) ave= 0.000E+00 +/- 0.00 % S(l=3) ave= 0.000E+00 +/- 0.00 % 
 ... random file  121 Cap(th)  ave= 1.863E+01 b. +/- 2.72 % || Ela(th) ave= 7.983E+00 b. +/- 3.24 % || RIcap ave= 8.83E+00 b. +/- 2.73 % || Macs30 ave= 5.25E-02 b. +/- 1.45 % || Gn^0(l=0) ave= 7.381E+00 +/- 0.12 % Gn^0(l=1) ave= 6.430E+00 +/- 8.07 % Gn^0(l=2) ave= 0.000E+00 +/- 0.00 % Gn^0(l=3) ave= 0.000E+00 +/- 0.00 % || Gtotal(l=0) ave= 0.000E+00 +/- 0.00 % Gtotal(l=1) ave= 0.000E+00 +/- 0.00 % Gtotal(l=2) ave= 0.000E+00 +/- 0.00 % Gtotal(l=3) ave= 0.000E+00 +/- 0.00 %  % || Gg(l=0) ave= 2.471E+00 +/- 0.89 % Gg(l=1) ave= 1.709E+00 +/- 0.40 % Gg(l=2) ave= 0.000E+00 +/- 0.00 % Gg(l=3) ave= 0.000E+00 +/- 0.00 %  % || D(l=0) ave= 6.267E+03 +/- 0.00 % D(l=1) ave= 2.220E+03 +/- 0.00 % D(l=2) ave= 0.000E+00 +/- 0.00 % D(l=3) ave= 0.000E+00 +/- 0.00 %  % || S(l=0) ave= 5.380E-04 +/- 0.11 % S(l=1) ave= 2.327E-04 +/- 7.58 % S(l=2) ave= 0.000E+00 +/- 0.00 % S(l=3) ave= 0.000E+00 +/- 0.00 % 
 ... random file  122 Cap(th)  ave= 1.863E+01 b. +/- 2.71 % || Ela(th) ave= 7.985E+00 b. +/- 3.24 % || RIcap ave= 8.83E+00 b. +/- 2.72 % || Macs30 ave= 5.25E-02 b. +/- 1.44 % || Gn^0(l=0) ave= 7.381E+00 +/- 0.12 % Gn^0(l=1) ave= 6.436E+00 +/- 8.09 % Gn^0(l=2) ave= 0.000E+00 +/- 0.00 % Gn^0(l=3) ave= 0.000E+00 +/- 0.00 % || Gtotal(l=0) ave= 0.000E+00 +/- 0.00 % Gtotal(l=1) ave= 0.000E+00 +/- 0.00 % Gtotal(l=2) ave= 0.000E+00 +/- 0.00 % Gtotal(l=3) ave= 0.000E+00 +/- 0.00 %  % || Gg(l=0) ave= 2.471E+00 +/- 0.89 % Gg(l=1) ave= 1.709E+00 +/- 0.40 % Gg(l=2) ave= 0.000E+00 +/- 0.00 % Gg(l=3) ave= 0.000E+00 +/- 0.00 %  % || D(l=0) ave= 6.267E+03 +/- 0.00 % D(l=1) ave= 2.220E+03 +/- 0.00 % D(l=2) ave= 0.000E+00 +/- 0.00 % D(l=3) ave= 0.000E+00 +/- 0.00 %  % || S(l=0) ave= 5.380E-04 +/- 0.11 % S(l=1) ave= 2.329E-04 +/- 7.60 % S(l=2) ave= 0.000E+00 +/- 0.00 % S(l=3) ave= 0.000E+00 +/- 0.00 % 
 ... random file  123 Cap(th)  ave= 1.864E+01 b. +/- 2.70 % || Ela(th) ave= 7.987E+00 b. +/- 3.24 % || RIcap ave= 8.83E+00 b. +/- 2.71 % || Macs30 ave= 5.25E-02 b. +/- 1.44 % || Gn^0(l=0) ave= 7.381E+00 +/- 0.12 % Gn^0(l=1) ave= 6.438E+00 +/- 8.07 % Gn^0(l=2) ave= 0.000E+00 +/- 0.00 % Gn^0(l=3) ave= 0.000E+00 +/- 0.00 % || Gtotal(l=0) ave= 0.000E+00 +/- 0.00 % Gtotal(l=1) ave= 0.000E+00 +/- 0.00 % Gtotal(l=2) ave= 0.000E+00 +/- 0.00 % Gtotal(l=3) ave= 0.000E+00 +/- 0.00 %  % || Gg(l=0) ave= 2.472E+00 +/- 0.89 % Gg(l=1) ave= 1.709E+00 +/- 0.40 % Gg(l=2) ave= 0.000E+00 +/- 0.00 % Gg(l=3) ave= 0.000E+00 +/- 0.00 %  % || D(l=0) ave= 6.267E+03 +/- 0.00 % D(l=1) ave= 2.220E+03 +/- 0.00 % D(l=2) ave= 0.000E+00 +/- 0.00 % D(l=3) ave= 0.000E+00 +/- 0.00 %  % || S(l=0) ave= 5.380E-04 +/- 0.11 % S(l=1) ave= 2.330E-04 +/- 7.58 % S(l=2) ave= 0.000E+00 +/- 0.00 % S(l=3) ave= 0.000E+00 +/- 0.00 % 
 ... random file  124 Cap(th)  ave= 1.864E+01 b. +/- 2.70 % || Ela(th) ave= 7.986E+00 b. +/- 3.23 % || RIcap ave= 8.83E+00 b. +/- 2.71 % || Macs30 ave= 5.25E-02 b. +/- 1.44 % || Gn^0(l=0) ave= 7.381E+00 +/- 0.12 % Gn^0(l=1) ave= 6.455E+00 +/- 8.50 % Gn^0(l=2) ave= 0.000E+00 +/- 0.00 % Gn^0(l=3) ave= 0.000E+00 +/- 0.00 % || Gtotal(l=0) ave= 0.000E+00 +/- 0.00 % Gtotal(l=1) ave= 0.000E+00 +/- 0.00 % Gtotal(l=2) ave= 0.000E+00 +/- 0.00 % Gtotal(l=3) ave= 0.000E+00 +/- 0.00 %  % || Gg(l=0) ave= 2.472E+00 +/- 0.89 % Gg(l=1) ave= 1.709E+00 +/- 0.40 % Gg(l=2) ave= 0.000E+00 +/- 0.00 % Gg(l=3) ave= 0.000E+00 +/- 0.00 %  % || D(l=0) ave= 6.267E+03 +/- 0.00 % D(l=1) ave= 2.220E+03 +/- 0.00 % D(l=2) ave= 0.000E+00 +/- 0.00 % D(l=3) ave= 0.000E+00 +/- 0.00 %  % || S(l=0) ave= 5.380E-04 +/- 0.11 % S(l=1) ave= 2.335E-04 +/- 7.99 % S(l=2) ave= 0.000E+00 +/- 0.00 % S(l=3) ave= 0.000E+00 +/- 0.00 % 
 ... random file  125 Cap(th)  ave= 1.863E+01 b. +/- 2.74 % || Ela(th) ave= 7.988E+00 b. +/- 3.22 % || RIcap ave= 8.83E+00 b. +/- 2.75 % || Macs30 ave= 5.25E-02 b. +/- 1.44 % || Gn^0(l=0) ave= 7.381E+00 +/- 0.12 % Gn^0(l=1) ave= 6.446E+00 +/- 8.61 % Gn^0(l=2) ave= 0.000E+00 +/- 0.00 % Gn^0(l=3) ave= 0.000E+00 +/- 0.00 % || Gtotal(l=0) ave= 0.000E+00 +/- 0.00 % Gtotal(l=1) ave= 0.000E+00 +/- 0.00 % Gtotal(l=2) ave= 0.000E+00 +/- 0.00 % Gtotal(l=3) ave= 0.000E+00 +/- 0.00 %  % || Gg(l=0) ave= 2.472E+00 +/- 0.88 % Gg(l=1) ave= 1.709E+00 +/- 0.40 % Gg(l=2) ave= 0.000E+00 +/- 0.00 % Gg(l=3) ave= 0.000E+00 +/- 0.00 %  % || D(l=0) ave= 6.267E+03 +/- 0.00 % D(l=1) ave= 2.220E+03 +/- 0.00 % D(l=2) ave= 0.000E+00 +/- 0.00 % D(l=3) ave= 0.000E+00 +/- 0.00 %  % || S(l=0) ave= 5.380E-04 +/- 0.11 % S(l=1) ave= 2.332E-04 +/- 8.08 % S(l=2) ave= 0.000E+00 +/- 0.00 % S(l=3) ave= 0.000E+00 +/- 0.00 % 
 ... random file  126 Cap(th)  ave= 1.863E+01 b. +/- 2.74 % || Ela(th) ave= 7.988E+00 b. +/- 3.21 % || RIcap ave= 8.83E+00 b. +/- 2.74 % || Macs30 ave= 5.25E-02 b. +/- 1.43 % || Gn^0(l=0) ave= 7.381E+00 +/- 0.12 % Gn^0(l=1) ave= 6.441E+00 +/- 8.63 % Gn^0(l=2) ave= 0.000E+00 +/- 0.00 % Gn^0(l=3) ave= 0.000E+00 +/- 0.00 % || Gtotal(l=0) ave= 0.000E+00 +/- 0.00 % Gtotal(l=1) ave= 0.000E+00 +/- 0.00 % Gtotal(l=2) ave= 0.000E+00 +/- 0.00 % Gtotal(l=3) ave= 0.000E+00 +/- 0.00 %  % || Gg(l=0) ave= 2.472E+00 +/- 0.88 % Gg(l=1) ave= 1.709E+00 +/- 0.40 % Gg(l=2) ave= 0.000E+00 +/- 0.00 % Gg(l=3) ave= 0.000E+00 +/- 0.00 %  % || D(l=0) ave= 6.267E+03 +/- 0.00 % D(l=1) ave= 2.220E+03 +/- 0.00 % D(l=2) ave= 0.000E+00 +/- 0.00 % D(l=3) ave= 0.000E+00 +/- 0.00 %  % || S(l=0) ave= 5.380E-04 +/- 0.11 % S(l=1) ave= 2.331E-04 +/- 8.10 % S(l=2) ave= 0.000E+00 +/- 0.00 % S(l=3) ave= 0.000E+00 +/- 0.00 % 
 ... random file  127 Cap(th)  ave= 1.863E+01 b. +/- 2.76 % || Ela(th) ave= 7.991E+00 b. +/- 3.23 % || RIcap ave= 8.83E+00 b. +/- 2.77 % || Macs30 ave= 5.25E-02 b. +/- 1.44 % || Gn^0(l=0) ave= 7.381E+00 +/- 0.12 % Gn^0(l=1) ave= 6.444E+00 +/- 8.61 % Gn^0(l=2) ave= 0.000E+00 +/- 0.00 % Gn^0(l=3) ave= 0.000E+00 +/- 0.00 % || Gtotal(l=0) ave= 0.000E+00 +/- 0.00 % Gtotal(l=1) ave= 0.000E+00 +/- 0.00 % Gtotal(l=2) ave= 0.000E+00 +/- 0.00 % Gtotal(l=3) ave= 0.000E+00 +/- 0.00 %  % || Gg(l=0) ave= 2.472E+00 +/- 0.88 % Gg(l=1) ave= 1.709E+00 +/- 0.40 % Gg(l=2) ave= 0.000E+00 +/- 0.00 % Gg(l=3) ave= 0.000E+00 +/- 0.00 %  % || D(l=0) ave= 6.267E+03 +/- 0.00 % D(l=1) ave= 2.220E+03 +/- 0.00 % D(l=2) ave= 0.000E+00 +/- 0.00 % D(l=3) ave= 0.000E+00 +/- 0.00 %  % || S(l=0) ave= 5.380E-04 +/- 0.11 % S(l=1) ave= 2.332E-04 +/- 8.08 % S(l=2) ave= 0.000E+00 +/- 0.00 % S(l=3) ave= 0.000E+00 +/- 0.00 % 
 ... random file  128 Cap(th)  ave= 1.863E+01 b. +/- 2.75 % || Ela(th) ave= 7.991E+00 b. +/- 3.21 % || RIcap ave= 8.83E+00 b. +/- 2.76 % || Macs30 ave= 5.25E-02 b. +/- 1.43 % || Gn^0(l=0) ave= 7.381E+00 +/- 0.12 % Gn^0(l=1) ave= 6.439E+00 +/- 8.62 % Gn^0(l=2) ave= 0.000E+00 +/- 0.00 % Gn^0(l=3) ave= 0.000E+00 +/- 0.00 % || Gtotal(l=0) ave= 0.000E+00 +/- 0.00 % Gtotal(l=1) ave= 0.000E+00 +/- 0.00 % Gtotal(l=2) ave= 0.000E+00 +/- 0.00 % Gtotal(l=3) ave= 0.000E+00 +/- 0.00 %  % || Gg(l=0) ave= 2.472E+00 +/- 0.88 % Gg(l=1) ave= 1.709E+00 +/- 0.41 % Gg(l=2) ave= 0.000E+00 +/- 0.00 % Gg(l=3) ave= 0.000E+00 +/- 0.00 %  % || D(l=0) ave= 6.267E+03 +/- 0.00 % D(l=1) ave= 2.220E+03 +/- 0.00 % D(l=2) ave= 0.000E+00 +/- 0.00 % D(l=3) ave= 0.000E+00 +/- 0.00 %  % || S(l=0) ave= 5.380E-04 +/- 0.11 % S(l=1) ave= 2.330E-04 +/- 8.09 % S(l=2) ave= 0.000E+00 +/- 0.00 % S(l=3) ave= 0.000E+00 +/- 0.00 % 
 ... random file  129 Cap(th)  ave= 1.863E+01 b. +/- 2.74 % || Ela(th) ave= 7.993E+00 b. +/- 3.21 % || RIcap ave= 8.83E+00 b. +/- 2.75 % || Macs30 ave= 5.25E-02 b. +/- 1.43 % || Gn^0(l=0) ave= 7.381E+00 +/- 0.12 % Gn^0(l=1) ave= 6.437E+00 +/- 8.60 % Gn^0(l=2) ave= 0.000E+00 +/- 0.00 % Gn^0(l=3) ave= 0.000E+00 +/- 0.00 % || Gtotal(l=0) ave= 0.000E+00 +/- 0.00 % Gtotal(l=1) ave= 0.000E+00 +/- 0.00 % Gtotal(l=2) ave= 0.000E+00 +/- 0.00 % Gtotal(l=3) ave= 0.000E+00 +/- 0.00 %  % || Gg(l=0) ave= 2.472E+00 +/- 0.87 % Gg(l=1) ave= 1.710E+00 +/- 0.41 % Gg(l=2) ave= 0.000E+00 +/- 0.00 % Gg(l=3) ave= 0.000E+00 +/- 0.00 %  % || D(l=0) ave= 6.267E+03 +/- 0.00 % D(l=1) ave= 2.220E+03 +/- 0.00 % D(l=2) ave= 0.000E+00 +/- 0.00 % D(l=3) ave= 0.000E+00 +/- 0.00 %  % || S(l=0) ave= 5.380E-04 +/- 0.11 % S(l=1) ave= 2.329E-04 +/- 8.07 % S(l=2) ave= 0.000E+00 +/- 0.00 % S(l=3) ave= 0.000E+00 +/- 0.00 % 
 ... random file  130 Cap(th)  ave= 1.863E+01 b. +/- 2.73 % || Ela(th) ave= 7.994E+00 b. +/- 3.20 % || RIcap ave= 8.83E+00 b. +/- 2.74 % || Macs30 ave= 5.25E-02 b. +/- 1.42 % || Gn^0(l=0) ave= 7.381E+00 +/- 0.12 % Gn^0(l=1) ave= 6.431E+00 +/- 8.64 % Gn^0(l=2) ave= 0.000E+00 +/- 0.00 % Gn^0(l=3) ave= 0.000E+00 +/- 0.00 % || Gtotal(l=0) ave= 0.000E+00 +/- 0.00 % Gtotal(l=1) ave= 0.000E+00 +/- 0.00 % Gtotal(l=2) ave= 0.000E+00 +/- 0.00 % Gtotal(l=3) ave= 0.000E+00 +/- 0.00 %  % || Gg(l=0) ave= 2.472E+00 +/- 0.89 % Gg(l=1) ave= 1.709E+00 +/- 0.41 % Gg(l=2) ave= 0.000E+00 +/- 0.00 % Gg(l=3) ave= 0.000E+00 +/- 0.00 %  % || D(l=0) ave= 6.267E+03 +/- 0.00 % D(l=1) ave= 2.220E+03 +/- 0.00 % D(l=2) ave= 0.000E+00 +/- 0.00 % D(l=3) ave= 0.000E+00 +/- 0.00 %  % || S(l=0) ave= 5.380E-04 +/- 0.11 % S(l=1) ave= 2.327E-04 +/- 8.11 % S(l=2) ave= 0.000E+00 +/- 0.00 % S(l=3) ave= 0.000E+00 +/- 0.00 % 
 ... random file  131 Cap(th)  ave= 1.863E+01 b. +/- 2.72 % || Ela(th) ave= 7.994E+00 b. +/- 3.19 % || RIcap ave= 8.83E+00 b. +/- 2.73 % || Macs30 ave= 5.25E-02 b. +/- 1.42 % || Gn^0(l=0) ave= 7.381E+00 +/- 0.12 % Gn^0(l=1) ave= 6.431E+00 +/- 8.61 % Gn^0(l=2) ave= 0.000E+00 +/- 0.00 % Gn^0(l=3) ave= 0.000E+00 +/- 0.00 % || Gtotal(l=0) ave= 0.000E+00 +/- 0.00 % Gtotal(l=1) ave= 0.000E+00 +/- 0.00 % Gtotal(l=2) ave= 0.000E+00 +/- 0.00 % Gtotal(l=3) ave= 0.000E+00 +/- 0.00 %  % || Gg(l=0) ave= 2.472E+00 +/- 0.89 % Gg(l=1) ave= 1.709E+00 +/- 0.41 % Gg(l=2) ave= 0.000E+00 +/- 0.00 % Gg(l=3) ave= 0.000E+00 +/- 0.00 %  % || D(l=0) ave= 6.267E+03 +/- 0.00 % D(l=1) ave= 2.220E+03 +/- 0.00 % D(l=2) ave= 0.000E+00 +/- 0.00 % D(l=3) ave= 0.000E+00 +/- 0.00 %  % || S(l=0) ave= 5.380E-04 +/- 0.11 % S(l=1) ave= 2.327E-04 +/- 8.08 % S(l=2) ave= 0.000E+00 +/- 0.00 % S(l=3) ave= 0.000E+00 +/- 0.00 % 
 ... random file  132 Cap(th)  ave= 1.863E+01 b. +/- 2.72 % || Ela(th) ave= 7.993E+00 b. +/- 3.19 % || RIcap ave= 8.83E+00 b. +/- 2.72 % || Macs30 ave= 5.25E-02 b. +/- 1.41 % || Gn^0(l=0) ave= 7.381E+00 +/- 0.12 % Gn^0(l=1) ave= 6.432E+00 +/- 8.58 % Gn^0(l=2) ave= 0.000E+00 +/- 0.00 % Gn^0(l=3) ave= 0.000E+00 +/- 0.00 % || Gtotal(l=0) ave= 0.000E+00 +/- 0.00 % Gtotal(l=1) ave= 0.000E+00 +/- 0.00 % Gtotal(l=2) ave= 0.000E+00 +/- 0.00 % Gtotal(l=3) ave= 0.000E+00 +/- 0.00 %  % || Gg(l=0) ave= 2.472E+00 +/- 0.88 % Gg(l=1) ave= 1.709E+00 +/- 0.41 % Gg(l=2) ave= 0.000E+00 +/- 0.00 % Gg(l=3) ave= 0.000E+00 +/- 0.00 %  % || D(l=0) ave= 6.267E+03 +/- 0.00 % D(l=1) ave= 2.220E+03 +/- 0.00 % D(l=2) ave= 0.000E+00 +/- 0.00 % D(l=3) ave= 0.000E+00 +/- 0.00 %  % || S(l=0) ave= 5.380E-04 +/- 0.11 % S(l=1) ave= 2.328E-04 +/- 8.05 % S(l=2) ave= 0.000E+00 +/- 0.00 % S(l=3) ave= 0.000E+00 +/- 0.00 % 
 ... random file  133 Cap(th)  ave= 1.863E+01 b. +/- 2.71 % || Ela(th) ave= 7.992E+00 b. +/- 3.18 % || RIcap ave= 8.83E+00 b. +/- 2.71 % || Macs30 ave= 5.25E-02 b. +/- 1.41 % || Gn^0(l=0) ave= 7.381E+00 +/- 0.12 % Gn^0(l=1) ave= 6.427E+00 +/- 8.59 % Gn^0(l=2) ave= 0.000E+00 +/- 0.00 % Gn^0(l=3) ave= 0.000E+00 +/- 0.00 % || Gtotal(l=0) ave= 0.000E+00 +/- 0.00 % Gtotal(l=1) ave= 0.000E+00 +/- 0.00 % Gtotal(l=2) ave= 0.000E+00 +/- 0.00 % Gtotal(l=3) ave= 0.000E+00 +/- 0.00 %  % || Gg(l=0) ave= 2.472E+00 +/- 0.88 % Gg(l=1) ave= 1.709E+00 +/- 0.41 % Gg(l=2) ave= 0.000E+00 +/- 0.00 % Gg(l=3) ave= 0.000E+00 +/- 0.00 %  % || D(l=0) ave= 6.267E+03 +/- 0.00 % D(l=1) ave= 2.220E+03 +/- 0.00 % D(l=2) ave= 0.000E+00 +/- 0.00 % D(l=3) ave= 0.000E+00 +/- 0.00 %  % || S(l=0) ave= 5.380E-04 +/- 0.11 % S(l=1) ave= 2.326E-04 +/- 8.06 % S(l=2) ave= 0.000E+00 +/- 0.00 % S(l=3) ave= 0.000E+00 +/- 0.00 % 
 ... random file  134 Cap(th)  ave= 1.862E+01 b. +/- 2.73 % || Ela(th) ave= 7.995E+00 b. +/- 3.19 % || RIcap ave= 8.83E+00 b. +/- 2.73 % || Macs30 ave= 5.25E-02 b. +/- 1.42 % || Gn^0(l=0) ave= 7.381E+00 +/- 0.12 % Gn^0(l=1) ave= 6.431E+00 +/- 8.58 % Gn^0(l=2) ave= 0.000E+00 +/- 0.00 % Gn^0(l=3) ave= 0.000E+00 +/- 0.00 % || Gtotal(l=0) ave= 0.000E+00 +/- 0.00 % Gtotal(l=1) ave= 0.000E+00 +/- 0.00 % Gtotal(l=2) ave= 0.000E+00 +/- 0.00 % Gtotal(l=3) ave= 0.000E+00 +/- 0.00 %  % || Gg(l=0) ave= 2.472E+00 +/- 0.88 % Gg(l=1) ave= 1.709E+00 +/- 0.41 % Gg(l=2) ave= 0.000E+00 +/- 0.00 % Gg(l=3) ave= 0.000E+00 +/- 0.00 %  % || D(l=0) ave= 6.267E+03 +/- 0.00 % D(l=1) ave= 2.220E+03 +/- 0.00 % D(l=2) ave= 0.000E+00 +/- 0.00 % D(l=3) ave= 0.000E+00 +/- 0.00 %  % || S(l=0) ave= 5.380E-04 +/- 0.11 % S(l=1) ave= 2.327E-04 +/- 8.05 % S(l=2) ave= 0.000E+00 +/- 0.00 % S(l=3) ave= 0.000E+00 +/- 0.00 % 
 ... random file  135 Cap(th)  ave= 1.863E+01 b. +/- 2.73 % || Ela(th) ave= 7.995E+00 b. +/- 3.18 % || RIcap ave= 8.83E+00 b. +/- 2.74 % || Macs30 ave= 5.25E-02 b. +/- 1.42 % || Gn^0(l=0) ave= 7.381E+00 +/- 0.12 % Gn^0(l=1) ave= 6.441E+00 +/- 8.75 % Gn^0(l=2) ave= 0.000E+00 +/- 0.00 % Gn^0(l=3) ave= 0.000E+00 +/- 0.00 % || Gtotal(l=0) ave= 0.000E+00 +/- 0.00 % Gtotal(l=1) ave= 0.000E+00 +/- 0.00 % Gtotal(l=2) ave= 0.000E+00 +/- 0.00 % Gtotal(l=3) ave= 0.000E+00 +/- 0.00 %  % || Gg(l=0) ave= 2.472E+00 +/- 0.88 % Gg(l=1) ave= 1.709E+00 +/- 0.41 % Gg(l=2) ave= 0.000E+00 +/- 0.00 % Gg(l=3) ave= 0.000E+00 +/- 0.00 %  % || D(l=0) ave= 6.267E+03 +/- 0.00 % D(l=1) ave= 2.220E+03 +/- 0.00 % D(l=2) ave= 0.000E+00 +/- 0.00 % D(l=3) ave= 0.000E+00 +/- 0.00 %  % || S(l=0) ave= 5.380E-04 +/- 0.11 % S(l=1) ave= 2.331E-04 +/- 8.21 % S(l=2) ave= 0.000E+00 +/- 0.00 % S(l=3) ave= 0.000E+00 +/- 0.00 % 
 ... random file  136 Cap(th)  ave= 1.863E+01 b. +/- 2.72 % || Ela(th) ave= 7.996E+00 b. +/- 3.18 % || RIcap ave= 8.83E+00 b. +/- 2.73 % || Macs30 ave= 5.25E-02 b. +/- 1.42 % || Gn^0(l=0) ave= 7.381E+00 +/- 0.12 % Gn^0(l=1) ave= 6.447E+00 +/- 8.77 % Gn^0(l=2) ave= 0.000E+00 +/- 0.00 % Gn^0(l=3) ave= 0.000E+00 +/- 0.00 % || Gtotal(l=0) ave= 0.000E+00 +/- 0.00 % Gtotal(l=1) ave= 0.000E+00 +/- 0.00 % Gtotal(l=2) ave= 0.000E+00 +/- 0.00 % Gtotal(l=3) ave= 0.000E+00 +/- 0.00 %  % || Gg(l=0) ave= 2.472E+00 +/- 0.87 % Gg(l=1) ave= 1.709E+00 +/- 0.41 % Gg(l=2) ave= 0.000E+00 +/- 0.00 % Gg(l=3) ave= 0.000E+00 +/- 0.00 %  % || D(l=0) ave= 6.267E+03 +/- 0.00 % D(l=1) ave= 2.220E+03 +/- 0.00 % D(l=2) ave= 0.000E+00 +/- 0.00 % D(l=3) ave= 0.000E+00 +/- 0.00 %  % || S(l=0) ave= 5.380E-04 +/- 0.11 % S(l=1) ave= 2.333E-04 +/- 8.23 % S(l=2) ave= 0.000E+00 +/- 0.00 % S(l=3) ave= 0.000E+00 +/- 0.00 % 
 ... random file  137 Cap(th)  ave= 1.863E+01 b. +/- 2.73 % || Ela(th) ave= 7.996E+00 b. +/- 3.17 % || RIcap ave= 8.83E+00 b. +/- 2.74 % || Macs30 ave= 5.25E-02 b. +/- 1.42 % || Gn^0(l=0) ave= 7.381E+00 +/- 0.12 % Gn^0(l=1) ave= 6.443E+00 +/- 8.77 % Gn^0(l=2) ave= 0.000E+00 +/- 0.00 % Gn^0(l=3) ave= 0.000E+00 +/- 0.00 % || Gtotal(l=0) ave= 0.000E+00 +/- 0.00 % Gtotal(l=1) ave= 0.000E+00 +/- 0.00 % Gtotal(l=2) ave= 0.000E+00 +/- 0.00 % Gtotal(l=3) ave= 0.000E+00 +/- 0.00 %  % || Gg(l=0) ave= 2.472E+00 +/- 0.88 % Gg(l=1) ave= 1.709E+00 +/- 0.41 % Gg(l=2) ave= 0.000E+00 +/- 0.00 % Gg(l=3) ave= 0.000E+00 +/- 0.00 %  % || D(l=0) ave= 6.267E+03 +/- 0.00 % D(l=1) ave= 2.220E+03 +/- 0.00 % D(l=2) ave= 0.000E+00 +/- 0.00 % D(l=3) ave= 0.000E+00 +/- 0.00 %  % || S(l=0) ave= 5.380E-04 +/- 0.11 % S(l=1) ave= 2.331E-04 +/- 8.23 % S(l=2) ave= 0.000E+00 +/- 0.00 % S(l=3) ave= 0.000E+00 +/- 0.00 % 
 ... random file  138 Cap(th)  ave= 1.864E+01 b. +/- 2.73 % || Ela(th) ave= 7.998E+00 b. +/- 3.17 % || RIcap ave= 8.83E+00 b. +/- 2.73 % || Macs30 ave= 5.25E-02 b. +/- 1.42 % || Gn^0(l=0) ave= 7.381E+00 +/- 0.12 % Gn^0(l=1) ave= 6.443E+00 +/- 8.73 % Gn^0(l=2) ave= 0.000E+00 +/- 0.00 % Gn^0(l=3) ave= 0.000E+00 +/- 0.00 % || Gtotal(l=0) ave= 0.000E+00 +/- 0.00 % Gtotal(l=1) ave= 0.000E+00 +/- 0.00 % Gtotal(l=2) ave= 0.000E+00 +/- 0.00 % Gtotal(l=3) ave= 0.000E+00 +/- 0.00 %  % || Gg(l=0) ave= 2.472E+00 +/- 0.88 % Gg(l=1) ave= 1.709E+00 +/- 0.41 % Gg(l=2) ave= 0.000E+00 +/- 0.00 % Gg(l=3) ave= 0.000E+00 +/- 0.00 %  % || D(l=0) ave= 6.267E+03 +/- 0.00 % D(l=1) ave= 2.220E+03 +/- 0.00 % D(l=2) ave= 0.000E+00 +/- 0.00 % D(l=3) ave= 0.000E+00 +/- 0.00 %  % || S(l=0) ave= 5.380E-04 +/- 0.11 % S(l=1) ave= 2.331E-04 +/- 8.20 % S(l=2) ave= 0.000E+00 +/- 0.00 % S(l=3) ave= 0.000E+00 +/- 0.00 % 
 ... random file  139 Cap(th)  ave= 1.863E+01 b. +/- 2.72 % || Ela(th) ave= 8.000E+00 b. +/- 3.18 % || RIcap ave= 8.83E+00 b. +/- 2.73 % || Macs30 ave= 5.25E-02 b. +/- 1.42 % || Gn^0(l=0) ave= 7.381E+00 +/- 0.12 % Gn^0(l=1) ave= 6.440E+00 +/- 8.73 % Gn^0(l=2) ave= 0.000E+00 +/- 0.00 % Gn^0(l=3) ave= 0.000E+00 +/- 0.00 % || Gtotal(l=0) ave= 0.000E+00 +/- 0.00 % Gtotal(l=1) ave= 0.000E+00 +/- 0.00 % Gtotal(l=2) ave= 0.000E+00 +/- 0.00 % Gtotal(l=3) ave= 0.000E+00 +/- 0.00 %  % || Gg(l=0) ave= 2.472E+00 +/- 0.87 % Gg(l=1) ave= 1.709E+00 +/- 0.41 % Gg(l=2) ave= 0.000E+00 +/- 0.00 % Gg(l=3) ave= 0.000E+00 +/- 0.00 %  % || D(l=0) ave= 6.267E+03 +/- 0.00 % D(l=1) ave= 2.220E+03 +/- 0.00 % D(l=2) ave= 0.000E+00 +/- 0.00 % D(l=3) ave= 0.000E+00 +/- 0.00 %  % || S(l=0) ave= 5.380E-04 +/- 0.11 % S(l=1) ave= 2.330E-04 +/- 8.20 % S(l=2) ave= 0.000E+00 +/- 0.00 % S(l=3) ave= 0.000E+00 +/- 0.00 % 
 ... random file  140 Cap(th)  ave= 1.863E+01 b. +/- 2.71 % || Ela(th) ave= 7.999E+00 b. +/- 3.17 % || RIcap ave= 8.83E+00 b. +/- 2.72 % || Macs30 ave= 5.25E-02 b. +/- 1.43 % || Gn^0(l=0) ave= 7.381E+00 +/- 0.12 % Gn^0(l=1) ave= 6.439E+00 +/- 8.70 % Gn^0(l=2) ave= 0.000E+00 +/- 0.00 % Gn^0(l=3) ave= 0.000E+00 +/- 0.00 % || Gtotal(l=0) ave= 0.000E+00 +/- 0.00 % Gtotal(l=1) ave= 0.000E+00 +/- 0.00 % Gtotal(l=2) ave= 0.000E+00 +/- 0.00 % Gtotal(l=3) ave= 0.000E+00 +/- 0.00 %  % || Gg(l=0) ave= 2.472E+00 +/- 0.88 % Gg(l=1) ave= 1.709E+00 +/- 0.41 % Gg(l=2) ave= 0.000E+00 +/- 0.00 % Gg(l=3) ave= 0.000E+00 +/- 0.00 %  % || D(l=0) ave= 6.267E+03 +/- 0.00 % D(l=1) ave= 2.220E+03 +/- 0.00 % D(l=2) ave= 0.000E+00 +/- 0.00 % D(l=3) ave= 0.000E+00 +/- 0.00 %  % || S(l=0) ave= 5.380E-04 +/- 0.11 % S(l=1) ave= 2.330E-04 +/- 8.17 % S(l=2) ave= 0.000E+00 +/- 0.00 % S(l=3) ave= 0.000E+00 +/- 0.00 % 
 ... random file  141 Cap(th)  ave= 1.863E+01 b. +/- 2.71 % || Ela(th) ave= 7.999E+00 b. +/- 3.16 % || RIcap ave= 8.83E+00 b. +/- 2.71 % || Macs30 ave= 5.25E-02 b. +/- 1.42 % || Gn^0(l=0) ave= 7.381E+00 +/- 0.12 % Gn^0(l=1) ave= 6.440E+00 +/- 8.67 % Gn^0(l=2) ave= 0.000E+00 +/- 0.00 % Gn^0(l=3) ave= 0.000E+00 +/- 0.00 % || Gtotal(l=0) ave= 0.000E+00 +/- 0.00 % Gtotal(l=1) ave= 0.000E+00 +/- 0.00 % Gtotal(l=2) ave= 0.000E+00 +/- 0.00 % Gtotal(l=3) ave= 0.000E+00 +/- 0.00 %  % || Gg(l=0) ave= 2.473E+00 +/- 0.88 % Gg(l=1) ave= 1.709E+00 +/- 0.41 % Gg(l=2) ave= 0.000E+00 +/- 0.00 % Gg(l=3) ave= 0.000E+00 +/- 0.00 %  % || D(l=0) ave= 6.267E+03 +/- 0.00 % D(l=1) ave= 2.220E+03 +/- 0.00 % D(l=2) ave= 0.000E+00 +/- 0.00 % D(l=3) ave= 0.000E+00 +/- 0.00 %  % || S(l=0) ave= 5.380E-04 +/- 0.11 % S(l=1) ave= 2.330E-04 +/- 8.14 % S(l=2) ave= 0.000E+00 +/- 0.00 % S(l=3) ave= 0.000E+00 +/- 0.00 % 
 ... random file  142 Cap(th)  ave= 1.863E+01 b. +/- 2.73 % || Ela(th) ave= 8.000E+00 b. +/- 3.16 % || RIcap ave= 8.83E+00 b. +/- 2.74 % || Macs30 ave= 5.25E-02 b. +/- 1.43 % || Gn^0(l=0) ave= 7.381E+00 +/- 0.12 % Gn^0(l=1) ave= 6.441E+00 +/- 8.65 % Gn^0(l=2) ave= 0.000E+00 +/- 0.00 % Gn^0(l=3) ave= 0.000E+00 +/- 0.00 % || Gtotal(l=0) ave= 0.000E+00 +/- 0.00 % Gtotal(l=1) ave= 0.000E+00 +/- 0.00 % Gtotal(l=2) ave= 0.000E+00 +/- 0.00 % Gtotal(l=3) ave= 0.000E+00 +/- 0.00 %  % || Gg(l=0) ave= 2.472E+00 +/- 0.89 % Gg(l=1) ave= 1.709E+00 +/- 0.41 % Gg(l=2) ave= 0.000E+00 +/- 0.00 % Gg(l=3) ave= 0.000E+00 +/- 0.00 %  % || D(l=0) ave= 6.267E+03 +/- 0.00 % D(l=1) ave= 2.220E+03 +/- 0.00 % D(l=2) ave= 0.000E+00 +/- 0.00 % D(l=3) ave= 0.000E+00 +/- 0.00 %  % || S(l=0) ave= 5.380E-04 +/- 0.11 % S(l=1) ave= 2.331E-04 +/- 8.11 % S(l=2) ave= 0.000E+00 +/- 0.00 % S(l=3) ave= 0.000E+00 +/- 0.00 % 
 ... random file  143 Cap(th)  ave= 1.863E+01 b. +/- 2.72 % || Ela(th) ave= 8.002E+00 b. +/- 3.16 % || RIcap ave= 8.83E+00 b. +/- 2.73 % || Macs30 ave= 5.25E-02 b. +/- 1.43 % || Gn^0(l=0) ave= 7.381E+00 +/- 0.12 % Gn^0(l=1) ave= 6.437E+00 +/- 8.65 % Gn^0(l=2) ave= 0.000E+00 +/- 0.00 % Gn^0(l=3) ave= 0.000E+00 +/- 0.00 % || Gtotal(l=0) ave= 0.000E+00 +/- 0.00 % Gtotal(l=1) ave= 0.000E+00 +/- 0.00 % Gtotal(l=2) ave= 0.000E+00 +/- 0.00 % Gtotal(l=3) ave= 0.000E+00 +/- 0.00 %  % || Gg(l=0) ave= 2.472E+00 +/- 0.88 % Gg(l=1) ave= 1.709E+00 +/- 0.40 % Gg(l=2) ave= 0.000E+00 +/- 0.00 % Gg(l=3) ave= 0.000E+00 +/- 0.00 %  % || D(l=0) ave= 6.267E+03 +/- 0.00 % D(l=1) ave= 2.220E+03 +/- 0.00 % D(l=2) ave= 0.000E+00 +/- 0.00 % D(l=3) ave= 0.000E+00 +/- 0.00 %  % || S(l=0) ave= 5.380E-04 +/- 0.11 % S(l=1) ave= 2.329E-04 +/- 8.12 % S(l=2) ave= 0.000E+00 +/- 0.00 % S(l=3) ave= 0.000E+00 +/- 0.00 % 
 ... random file  144 Cap(th)  ave= 1.863E+01 b. +/- 2.74 % || Ela(th) ave= 8.002E+00 b. +/- 3.15 % || RIcap ave= 8.83E+00 b. +/- 2.74 % || Macs30 ave= 5.25E-02 b. +/- 1.42 % || Gn^0(l=0) ave= 7.381E+00 +/- 0.12 % Gn^0(l=1) ave= 6.441E+00 +/- 8.63 % Gn^0(l=2) ave= 0.000E+00 +/- 0.00 % Gn^0(l=3) ave= 0.000E+00 +/- 0.00 % || Gtotal(l=0) ave= 0.000E+00 +/- 0.00 % Gtotal(l=1) ave= 0.000E+00 +/- 0.00 % Gtotal(l=2) ave= 0.000E+00 +/- 0.00 % Gtotal(l=3) ave= 0.000E+00 +/- 0.00 %  % || Gg(l=0) ave= 2.472E+00 +/- 0.88 % Gg(l=1) ave= 1.709E+00 +/- 0.40 % Gg(l=2) ave= 0.000E+00 +/- 0.00 % Gg(l=3) ave= 0.000E+00 +/- 0.00 %  % || D(l=0) ave= 6.267E+03 +/- 0.00 % D(l=1) ave= 2.220E+03 +/- 0.00 % D(l=2) ave= 0.000E+00 +/- 0.00 % D(l=3) ave= 0.000E+00 +/- 0.00 %  % || S(l=0) ave= 5.380E-04 +/- 0.11 % S(l=1) ave= 2.330E-04 +/- 8.10 % S(l=2) ave= 0.000E+00 +/- 0.00 % S(l=3) ave= 0.000E+00 +/- 0.00 % 
 ... random file  145 Cap(th)  ave= 1.863E+01 b. +/- 2.73 % || Ela(th) ave= 8.003E+00 b. +/- 3.14 % || RIcap ave= 8.83E+00 b. +/- 2.73 % || Macs30 ave= 5.25E-02 b. +/- 1.43 % || Gn^0(l=0) ave= 7.381E+00 +/- 0.12 % Gn^0(l=1) ave= 6.441E+00 +/- 8.61 % Gn^0(l=2) ave= 0.000E+00 +/- 0.00 % Gn^0(l=3) ave= 0.000E+00 +/- 0.00 % || Gtotal(l=0) ave= 0.000E+00 +/- 0.00 % Gtotal(l=1) ave= 0.000E+00 +/- 0.00 % Gtotal(l=2) ave= 0.000E+00 +/- 0.00 % Gtotal(l=3) ave= 0.000E+00 +/- 0.00 %  % || Gg(l=0) ave= 2.472E+00 +/- 0.88 % Gg(l=1) ave= 1.710E+00 +/- 0.40 % Gg(l=2) ave= 0.000E+00 +/- 0.00 % Gg(l=3) ave= 0.000E+00 +/- 0.00 %  % || D(l=0) ave= 6.267E+03 +/- 0.00 % D(l=1) ave= 2.220E+03 +/- 0.00 % D(l=2) ave= 0.000E+00 +/- 0.00 % D(l=3) ave= 0.000E+00 +/- 0.00 %  % || S(l=0) ave= 5.380E-04 +/- 0.11 % S(l=1) ave= 2.330E-04 +/- 8.07 % S(l=2) ave= 0.000E+00 +/- 0.00 % S(l=3) ave= 0.000E+00 +/- 0.00 % 
 ... random file  146 Cap(th)  ave= 1.864E+01 b. +/- 2.75 % || Ela(th) ave= 8.003E+00 b. +/- 3.14 % || RIcap ave= 8.83E+00 b. +/- 2.75 % || Macs30 ave= 5.25E-02 b. +/- 1.42 % || Gn^0(l=0) ave= 7.381E+00 +/- 0.12 % Gn^0(l=1) ave= 6.440E+00 +/- 8.58 % Gn^0(l=2) ave= 0.000E+00 +/- 0.00 % Gn^0(l=3) ave= 0.000E+00 +/- 0.00 % || Gtotal(l=0) ave= 0.000E+00 +/- 0.00 % Gtotal(l=1) ave= 0.000E+00 +/- 0.00 % Gtotal(l=2) ave= 0.000E+00 +/- 0.00 % Gtotal(l=3) ave= 0.000E+00 +/- 0.00 %  % || Gg(l=0) ave= 2.472E+00 +/- 0.89 % Gg(l=1) ave= 1.710E+00 +/- 0.40 % Gg(l=2) ave= 0.000E+00 +/- 0.00 % Gg(l=3) ave= 0.000E+00 +/- 0.00 %  % || D(l=0) ave= 6.267E+03 +/- 0.00 % D(l=1) ave= 2.220E+03 +/- 0.00 % D(l=2) ave= 0.000E+00 +/- 0.00 % D(l=3) ave= 0.000E+00 +/- 0.00 %  % || S(l=0) ave= 5.380E-04 +/- 0.11 % S(l=1) ave= 2.330E-04 +/- 8.05 % S(l=2) ave= 0.000E+00 +/- 0.00 % S(l=3) ave= 0.000E+00 +/- 0.00 % 
 ... random file  147 Cap(th)  ave= 1.864E+01 b. +/- 2.74 % || Ela(th) ave= 8.002E+00 b. +/- 3.13 % || RIcap ave= 8.83E+00 b. +/- 2.75 % || Macs30 ave= 5.25E-02 b. +/- 1.42 % || Gn^0(l=0) ave= 7.381E+00 +/- 0.12 % Gn^0(l=1) ave= 6.437E+00 +/- 8.57 % Gn^0(l=2) ave= 0.000E+00 +/- 0.00 % Gn^0(l=3) ave= 0.000E+00 +/- 0.00 % || Gtotal(l=0) ave= 0.000E+00 +/- 0.00 % Gtotal(l=1) ave= 0.000E+00 +/- 0.00 % Gtotal(l=2) ave= 0.000E+00 +/- 0.00 % Gtotal(l=3) ave= 0.000E+00 +/- 0.00 %  % || Gg(l=0) ave= 2.472E+00 +/- 0.89 % Gg(l=1) ave= 1.709E+00 +/- 0.40 % Gg(l=2) ave= 0.000E+00 +/- 0.00 % Gg(l=3) ave= 0.000E+00 +/- 0.00 %  % || D(l=0) ave= 6.267E+03 +/- 0.00 % D(l=1) ave= 2.220E+03 +/- 0.00 % D(l=2) ave= 0.000E+00 +/- 0.00 % D(l=3) ave= 0.000E+00 +/- 0.00 %  % || S(l=0) ave= 5.380E-04 +/- 0.11 % S(l=1) ave= 2.329E-04 +/- 8.04 % S(l=2) ave= 0.000E+00 +/- 0.00 % S(l=3) ave= 0.000E+00 +/- 0.00 % 
 ... random file  148 Cap(th)  ave= 1.864E+01 b. +/- 2.73 % || Ela(th) ave= 8.003E+00 b. +/- 3.12 % || RIcap ave= 8.83E+00 b. +/- 2.74 % || Macs30 ave= 5.25E-02 b. +/- 1.42 % || Gn^0(l=0) ave= 7.381E+00 +/- 0.12 % Gn^0(l=1) ave= 6.431E+00 +/- 8.62 % Gn^0(l=2) ave= 0.000E+00 +/- 0.00 % Gn^0(l=3) ave= 0.000E+00 +/- 0.00 % || Gtotal(l=0) ave= 0.000E+00 +/- 0.00 % Gtotal(l=1) ave= 0.000E+00 +/- 0.00 % Gtotal(l=2) ave= 0.000E+00 +/- 0.00 % Gtotal(l=3) ave= 0.000E+00 +/- 0.00 %  % || Gg(l=0) ave= 2.472E+00 +/- 0.89 % Gg(l=1) ave= 1.709E+00 +/- 0.40 % Gg(l=2) ave= 0.000E+00 +/- 0.00 % Gg(l=3) ave= 0.000E+00 +/- 0.00 %  % || D(l=0) ave= 6.267E+03 +/- 0.00 % D(l=1) ave= 2.220E+03 +/- 0.00 % D(l=2) ave= 0.000E+00 +/- 0.00 % D(l=3) ave= 0.000E+00 +/- 0.00 %  % || S(l=0) ave= 5.380E-04 +/- 0.11 % S(l=1) ave= 2.327E-04 +/- 8.09 % S(l=2) ave= 0.000E+00 +/- 0.00 % S(l=3) ave= 0.000E+00 +/- 0.00 % 
 ... random file  149 Cap(th)  ave= 1.864E+01 b. +/- 2.73 % || Ela(th) ave= 8.002E+00 b. +/- 3.11 % || RIcap ave= 8.84E+00 b. +/- 2.73 % || Macs30 ave= 5.25E-02 b. +/- 1.41 % || Gn^0(l=0) ave= 7.381E+00 +/- 0.12 % Gn^0(l=1) ave= 6.421E+00 +/- 8.82 % Gn^0(l=2) ave= 0.000E+00 +/- 0.00 % Gn^0(l=3) ave= 0.000E+00 +/- 0.00 % || Gtotal(l=0) ave= 0.000E+00 +/- 0.00 % Gtotal(l=1) ave= 0.000E+00 +/- 0.00 % Gtotal(l=2) ave= 0.000E+00 +/- 0.00 % Gtotal(l=3) ave= 0.000E+00 +/- 0.00 %  % || Gg(l=0) ave= 2.472E+00 +/- 0.89 % Gg(l=1) ave= 1.710E+00 +/- 0.40 % Gg(l=2) ave= 0.000E+00 +/- 0.00 % Gg(l=3) ave= 0.000E+00 +/- 0.00 %  % || D(l=0) ave= 6.267E+03 +/- 0.00 % D(l=1) ave= 2.220E+03 +/- 0.00 % D(l=2) ave= 0.000E+00 +/- 0.00 % D(l=3) ave= 0.000E+00 +/- 0.00 %  % || S(l=0) ave= 5.380E-04 +/- 0.11 % S(l=1) ave= 2.324E-04 +/- 8.28 % S(l=2) ave= 0.000E+00 +/- 0.00 % S(l=3) ave= 0.000E+00 +/- 0.00 % 
 ... random file  150 Cap(th)  ave= 1.864E+01 b. +/- 2.76 % || Ela(th) ave= 8.001E+00 b. +/- 3.11 % || RIcap ave= 8.83E+00 b. +/- 2.77 % || Macs30 ave= 5.25E-02 b. +/- 1.42 % || Gn^0(l=0) ave= 7.381E+00 +/- 0.12 % Gn^0(l=1) ave= 6.418E+00 +/- 8.82 % Gn^0(l=2) ave= 0.000E+00 +/- 0.00 % Gn^0(l=3) ave= 0.000E+00 +/- 0.00 % || Gtotal(l=0) ave= 0.000E+00 +/- 0.00 % Gtotal(l=1) ave= 0.000E+00 +/- 0.00 % Gtotal(l=2) ave= 0.000E+00 +/- 0.00 % Gtotal(l=3) ave= 0.000E+00 +/- 0.00 %  % || Gg(l=0) ave= 2.472E+00 +/- 0.88 % Gg(l=1) ave= 1.710E+00 +/- 0.40 % Gg(l=2) ave= 0.000E+00 +/- 0.00 % Gg(l=3) ave= 0.000E+00 +/- 0.00 %  % || D(l=0) ave= 6.267E+03 +/- 0.00 % D(l=1) ave= 2.220E+03 +/- 0.00 % D(l=2) ave= 0.000E+00 +/- 0.00 % D(l=3) ave= 0.000E+00 +/- 0.00 %  % || S(l=0) ave= 5.380E-04 +/- 0.11 % S(l=1) ave= 2.323E-04 +/- 8.27 % S(l=2) ave= 0.000E+00 +/- 0.00 % S(l=3) ave= 0.000E+00 +/- 0.00 % 
 ... random file  151 Cap(th)  ave= 1.864E+01 b. +/- 2.76 % || Ela(th) ave= 8.001E+00 b. +/- 3.10 % || RIcap ave= 8.83E+00 b. +/- 2.76 % || Macs30 ave= 5.25E-02 b. +/- 1.41 % || Gn^0(l=0) ave= 7.381E+00 +/- 0.12 % Gn^0(l=1) ave= 6.424E+00 +/- 8.85 % Gn^0(l=2) ave= 0.000E+00 +/- 0.00 % Gn^0(l=3) ave= 0.000E+00 +/- 0.00 % || Gtotal(l=0) ave= 0.000E+00 +/- 0.00 % Gtotal(l=1) ave= 0.000E+00 +/- 0.00 % Gtotal(l=2) ave= 0.000E+00 +/- 0.00 % Gtotal(l=3) ave= 0.000E+00 +/- 0.00 %  % || Gg(l=0) ave= 2.472E+00 +/- 0.88 % Gg(l=1) ave= 1.710E+00 +/- 0.40 % Gg(l=2) ave= 0.000E+00 +/- 0.00 % Gg(l=3) ave= 0.000E+00 +/- 0.00 %  % || D(l=0) ave= 6.267E+03 +/- 0.00 % D(l=1) ave= 2.220E+03 +/- 0.00 % D(l=2) ave= 0.000E+00 +/- 0.00 % D(l=3) ave= 0.000E+00 +/- 0.00 %  % || S(l=0) ave= 5.380E-04 +/- 0.11 % S(l=1) ave= 2.325E-04 +/- 8.30 % S(l=2) ave= 0.000E+00 +/- 0.00 % S(l=3) ave= 0.000E+00 +/- 0.00 % 
 ... random file  152 Cap(th)  ave= 1.864E+01 b. +/- 2.75 % || Ela(th) ave= 8.002E+00 b. +/- 3.09 % || RIcap ave= 8.83E+00 b. +/- 2.76 % || Macs30 ave= 5.25E-02 b. +/- 1.41 % || Gn^0(l=0) ave= 7.381E+00 +/- 0.12 % Gn^0(l=1) ave= 6.422E+00 +/- 8.83 % Gn^0(l=2) ave= 0.000E+00 +/- 0.00 % Gn^0(l=3) ave= 0.000E+00 +/- 0.00 % || Gtotal(l=0) ave= 0.000E+00 +/- 0.00 % Gtotal(l=1) ave= 0.000E+00 +/- 0.00 % Gtotal(l=2) ave= 0.000E+00 +/- 0.00 % Gtotal(l=3) ave= 0.000E+00 +/- 0.00 %  % || Gg(l=0) ave= 2.472E+00 +/- 0.88 % Gg(l=1) ave= 1.710E+00 +/- 0.40 % Gg(l=2) ave= 0.000E+00 +/- 0.00 % Gg(l=3) ave= 0.000E+00 +/- 0.00 %  % || D(l=0) ave= 6.267E+03 +/- 0.00 % D(l=1) ave= 2.220E+03 +/- 0.00 % D(l=2) ave= 0.000E+00 +/- 0.00 % D(l=3) ave= 0.000E+00 +/- 0.00 %  % || S(l=0) ave= 5.380E-04 +/- 0.10 % S(l=1) ave= 2.324E-04 +/- 8.29 % S(l=2) ave= 0.000E+00 +/- 0.00 % S(l=3) ave= 0.000E+00 +/- 0.00 % 
 ... random file  153 Cap(th)  ave= 1.864E+01 b. +/- 2.74 % || Ela(th) ave= 8.003E+00 b. +/- 3.08 % || RIcap ave= 8.83E+00 b. +/- 2.75 % || Macs30 ave= 5.25E-02 b. +/- 1.41 % || Gn^0(l=0) ave= 7.381E+00 +/- 0.12 % Gn^0(l=1) ave= 6.421E+00 +/- 8.80 % Gn^0(l=2) ave= 0.000E+00 +/- 0.00 % Gn^0(l=3) ave= 0.000E+00 +/- 0.00 % || Gtotal(l=0) ave= 0.000E+00 +/- 0.00 % Gtotal(l=1) ave= 0.000E+00 +/- 0.00 % Gtotal(l=2) ave= 0.000E+00 +/- 0.00 % Gtotal(l=3) ave= 0.000E+00 +/- 0.00 %  % || Gg(l=0) ave= 2.472E+00 +/- 0.88 % Gg(l=1) ave= 1.709E+00 +/- 0.40 % Gg(l=2) ave= 0.000E+00 +/- 0.00 % Gg(l=3) ave= 0.000E+00 +/- 0.00 %  % || D(l=0) ave= 6.267E+03 +/- 0.00 % D(l=1) ave= 2.220E+03 +/- 0.00 % D(l=2) ave= 0.000E+00 +/- 0.00 % D(l=3) ave= 0.000E+00 +/- 0.00 %  % || S(l=0) ave= 5.380E-04 +/- 0.11 % S(l=1) ave= 2.324E-04 +/- 8.26 % S(l=2) ave= 0.000E+00 +/- 0.00 % S(l=3) ave= 0.000E+00 +/- 0.00 % 
 ... random file  154 Cap(th)  ave= 1.864E+01 b. +/- 2.73 % || Ela(th) ave= 8.004E+00 b. +/- 3.07 % || RIcap ave= 8.83E+00 b. +/- 2.74 % || Macs30 ave= 5.24E-02 b. +/- 1.41 % || Gn^0(l=0) ave= 7.381E+00 +/- 0.12 % Gn^0(l=1) ave= 6.418E+00 +/- 8.81 % Gn^0(l=2) ave= 0.000E+00 +/- 0.00 % Gn^0(l=3) ave= 0.000E+00 +/- 0.00 % || Gtotal(l=0) ave= 0.000E+00 +/- 0.00 % Gtotal(l=1) ave= 0.000E+00 +/- 0.00 % Gtotal(l=2) ave= 0.000E+00 +/- 0.00 % Gtotal(l=3) ave= 0.000E+00 +/- 0.00 %  % || Gg(l=0) ave= 2.472E+00 +/- 0.87 % Gg(l=1) ave= 1.709E+00 +/- 0.40 % Gg(l=2) ave= 0.000E+00 +/- 0.00 % Gg(l=3) ave= 0.000E+00 +/- 0.00 %  % || D(l=0) ave= 6.267E+03 +/- 0.00 % D(l=1) ave= 2.220E+03 +/- 0.00 % D(l=2) ave= 0.000E+00 +/- 0.00 % D(l=3) ave= 0.000E+00 +/- 0.00 %  % || S(l=0) ave= 5.380E-04 +/- 0.10 % S(l=1) ave= 2.323E-04 +/- 8.27 % S(l=2) ave= 0.000E+00 +/- 0.00 % S(l=3) ave= 0.000E+00 +/- 0.00 % 
 ... random file  155 Cap(th)  ave= 1.864E+01 b. +/- 2.73 % || Ela(th) ave= 8.005E+00 b. +/- 3.07 % || RIcap ave= 8.83E+00 b. +/- 2.73 % || Macs30 ave= 5.25E-02 b. +/- 1.41 % || Gn^0(l=0) ave= 7.381E+00 +/- 0.12 % Gn^0(l=1) ave= 6.419E+00 +/- 8.78 % Gn^0(l=2) ave= 0.000E+00 +/- 0.00 % Gn^0(l=3) ave= 0.000E+00 +/- 0.00 % || Gtotal(l=0) ave= 0.000E+00 +/- 0.00 % Gtotal(l=1) ave= 0.000E+00 +/- 0.00 % Gtotal(l=2) ave= 0.000E+00 +/- 0.00 % Gtotal(l=3) ave= 0.000E+00 +/- 0.00 %  % || Gg(l=0) ave= 2.472E+00 +/- 0.87 % Gg(l=1) ave= 1.709E+00 +/- 0.40 % Gg(l=2) ave= 0.000E+00 +/- 0.00 % Gg(l=3) ave= 0.000E+00 +/- 0.00 %  % || D(l=0) ave= 6.267E+03 +/- 0.00 % D(l=1) ave= 2.220E+03 +/- 0.00 % D(l=2) ave= 0.000E+00 +/- 0.00 % D(l=3) ave= 0.000E+00 +/- 0.00 %  % || S(l=0) ave= 5.380E-04 +/- 0.10 % S(l=1) ave= 2.323E-04 +/- 8.24 % S(l=2) ave= 0.000E+00 +/- 0.00 % S(l=3) ave= 0.000E+00 +/- 0.00 % 
 ... random file  156 Cap(th)  ave= 1.864E+01 b. +/- 2.72 % || Ela(th) ave= 8.005E+00 b. +/- 3.06 % || RIcap ave= 8.83E+00 b. +/- 2.72 % || Macs30 ave= 5.25E-02 b. +/- 1.40 % || Gn^0(l=0) ave= 7.381E+00 +/- 0.12 % Gn^0(l=1) ave= 6.421E+00 +/- 8.76 % Gn^0(l=2) ave= 0.000E+00 +/- 0.00 % Gn^0(l=3) ave= 0.000E+00 +/- 0.00 % || Gtotal(l=0) ave= 0.000E+00 +/- 0.00 % Gtotal(l=1) ave= 0.000E+00 +/- 0.00 % Gtotal(l=2) ave= 0.000E+00 +/- 0.00 % Gtotal(l=3) ave= 0.000E+00 +/- 0.00 %  % || Gg(l=0) ave= 2.472E+00 +/- 0.87 % Gg(l=1) ave= 1.709E+00 +/- 0.40 % Gg(l=2) ave= 0.000E+00 +/- 0.00 % Gg(l=3) ave= 0.000E+00 +/- 0.00 %  % || D(l=0) ave= 6.267E+03 +/- 0.00 % D(l=1) ave= 2.220E+03 +/- 0.00 % D(l=2) ave= 0.000E+00 +/- 0.00 % D(l=3) ave= 0.000E+00 +/- 0.00 %  % || S(l=0) ave= 5.380E-04 +/- 0.10 % S(l=1) ave= 2.324E-04 +/- 8.22 % S(l=2) ave= 0.000E+00 +/- 0.00 % S(l=3) ave= 0.000E+00 +/- 0.00 % 
 ... random file  157 Cap(th)  ave= 1.864E+01 b. +/- 2.71 % || Ela(th) ave= 8.005E+00 b. +/- 3.05 % || RIcap ave= 8.83E+00 b. +/- 2.72 % || Macs30 ave= 5.25E-02 b. +/- 1.40 % || Gn^0(l=0) ave= 7.381E+00 +/- 0.12 % Gn^0(l=1) ave= 6.422E+00 +/- 8.73 % Gn^0(l=2) ave= 0.000E+00 +/- 0.00 % Gn^0(l=3) ave= 0.000E+00 +/- 0.00 % || Gtotal(l=0) ave= 0.000E+00 +/- 0.00 % Gtotal(l=1) ave= 0.000E+00 +/- 0.00 % Gtotal(l=2) ave= 0.000E+00 +/- 0.00 % Gtotal(l=3) ave= 0.000E+00 +/- 0.00 %  % || Gg(l=0) ave= 2.472E+00 +/- 0.87 % Gg(l=1) ave= 1.709E+00 +/- 0.40 % Gg(l=2) ave= 0.000E+00 +/- 0.00 % Gg(l=3) ave= 0.000E+00 +/- 0.00 %  % || D(l=0) ave= 6.267E+03 +/- 0.00 % D(l=1) ave= 2.220E+03 +/- 0.00 % D(l=2) ave= 0.000E+00 +/- 0.00 % D(l=3) ave= 0.000E+00 +/- 0.00 %  % || S(l=0) ave= 5.380E-04 +/- 0.10 % S(l=1) ave= 2.324E-04 +/- 8.19 % S(l=2) ave= 0.000E+00 +/- 0.00 % S(l=3) ave= 0.000E+00 +/- 0.00 % 
 ... random file  158 Cap(th)  ave= 1.863E+01 b. +/- 2.70 % || Ela(th) ave= 8.006E+00 b. +/- 3.05 % || RIcap ave= 8.83E+00 b. +/- 2.71 % || Macs30 ave= 5.25E-02 b. +/- 1.40 % || Gn^0(l=0) ave= 7.381E+00 +/- 0.12 % Gn^0(l=1) ave= 6.419E+00 +/- 8.73 % Gn^0(l=2) ave= 0.000E+00 +/- 0.00 % Gn^0(l=3) ave= 0.000E+00 +/- 0.00 % || Gtotal(l=0) ave= 0.000E+00 +/- 0.00 % Gtotal(l=1) ave= 0.000E+00 +/- 0.00 % Gtotal(l=2) ave= 0.000E+00 +/- 0.00 % Gtotal(l=3) ave= 0.000E+00 +/- 0.00 %  % || Gg(l=0) ave= 2.472E+00 +/- 0.87 % Gg(l=1) ave= 1.709E+00 +/- 0.40 % Gg(l=2) ave= 0.000E+00 +/- 0.00 % Gg(l=3) ave= 0.000E+00 +/- 0.00 %  % || D(l=0) ave= 6.267E+03 +/- 0.00 % D(l=1) ave= 2.220E+03 +/- 0.00 % D(l=2) ave= 0.000E+00 +/- 0.00 % D(l=3) ave= 0.000E+00 +/- 0.00 %  % || S(l=0) ave= 5.380E-04 +/- 0.11 % S(l=1) ave= 2.323E-04 +/- 8.19 % S(l=2) ave= 0.000E+00 +/- 0.00 % S(l=3) ave= 0.000E+00 +/- 0.00 % 
 ... random file  159 Cap(th)  ave= 1.864E+01 b. +/- 2.71 % || Ela(th) ave= 8.005E+00 b. +/- 3.04 % || RIcap ave= 8.83E+00 b. +/- 2.71 % || Macs30 ave= 5.25E-02 b. +/- 1.40 % || Gn^0(l=0) ave= 7.381E+00 +/- 0.12 % Gn^0(l=1) ave= 6.415E+00 +/- 8.74 % Gn^0(l=2) ave= 0.000E+00 +/- 0.00 % Gn^0(l=3) ave= 0.000E+00 +/- 0.00 % || Gtotal(l=0) ave= 0.000E+00 +/- 0.00 % Gtotal(l=1) ave= 0.000E+00 +/- 0.00 % Gtotal(l=2) ave= 0.000E+00 +/- 0.00 % Gtotal(l=3) ave= 0.000E+00 +/- 0.00 %  % || Gg(l=0) ave= 2.472E+00 +/- 0.86 % Gg(l=1) ave= 1.709E+00 +/- 0.40 % Gg(l=2) ave= 0.000E+00 +/- 0.00 % Gg(l=3) ave= 0.000E+00 +/- 0.00 %  % || D(l=0) ave= 6.267E+03 +/- 0.00 % D(l=1) ave= 2.220E+03 +/- 0.00 % D(l=2) ave= 0.000E+00 +/- 0.00 % D(l=3) ave= 0.000E+00 +/- 0.00 %  % || S(l=0) ave= 5.380E-04 +/- 0.11 % S(l=1) ave= 2.322E-04 +/- 8.20 % S(l=2) ave= 0.000E+00 +/- 0.00 % S(l=3) ave= 0.000E+00 +/- 0.00 % 
 ... random file  160 Cap(th)  ave= 1.864E+01 b. +/- 2.70 % || Ela(th) ave= 8.007E+00 b. +/- 3.04 % || RIcap ave= 8.83E+00 b. +/- 2.71 % || Macs30 ave= 5.25E-02 b. +/- 1.40 % || Gn^0(l=0) ave= 7.381E+00 +/- 0.12 % Gn^0(l=1) ave= 6.414E+00 +/- 8.71 % Gn^0(l=2) ave= 0.000E+00 +/- 0.00 % Gn^0(l=3) ave= 0.000E+00 +/- 0.00 % || Gtotal(l=0) ave= 0.000E+00 +/- 0.00 % Gtotal(l=1) ave= 0.000E+00 +/- 0.00 % Gtotal(l=2) ave= 0.000E+00 +/- 0.00 % Gtotal(l=3) ave= 0.000E+00 +/- 0.00 %  % || Gg(l=0) ave= 2.472E+00 +/- 0.86 % Gg(l=1) ave= 1.709E+00 +/- 0.40 % Gg(l=2) ave= 0.000E+00 +/- 0.00 % Gg(l=3) ave= 0.000E+00 +/- 0.00 %  % || D(l=0) ave= 6.267E+03 +/- 0.00 % D(l=1) ave= 2.220E+03 +/- 0.00 % D(l=2) ave= 0.000E+00 +/- 0.00 % D(l=3) ave= 0.000E+00 +/- 0.00 %  % || S(l=0) ave= 5.380E-04 +/- 0.11 % S(l=1) ave= 2.322E-04 +/- 8.18 % S(l=2) ave= 0.000E+00 +/- 0.00 % S(l=3) ave= 0.000E+00 +/- 0.00 % 
 ... random file  161 Cap(th)  ave= 1.864E+01 b. +/- 2.69 % || Ela(th) ave= 8.006E+00 b. +/- 3.04 % || RIcap ave= 8.83E+00 b. +/- 2.70 % || Macs30 ave= 5.25E-02 b. +/- 1.39 % || Gn^0(l=0) ave= 7.381E+00 +/- 0.12 % Gn^0(l=1) ave= 6.412E+00 +/- 8.70 % Gn^0(l=2) ave= 0.000E+00 +/- 0.00 % Gn^0(l=3) ave= 0.000E+00 +/- 0.00 % || Gtotal(l=0) ave= 0.000E+00 +/- 0.00 % Gtotal(l=1) ave= 0.000E+00 +/- 0.00 % Gtotal(l=2) ave= 0.000E+00 +/- 0.00 % Gtotal(l=3) ave= 0.000E+00 +/- 0.00 %  % || Gg(l=0) ave= 2.472E+00 +/- 0.86 % Gg(l=1) ave= 1.709E+00 +/- 0.40 % Gg(l=2) ave= 0.000E+00 +/- 0.00 % Gg(l=3) ave= 0.000E+00 +/- 0.00 %  % || D(l=0) ave= 6.267E+03 +/- 0.00 % D(l=1) ave= 2.220E+03 +/- 0.00 % D(l=2) ave= 0.000E+00 +/- 0.00 % D(l=3) ave= 0.000E+00 +/- 0.00 %  % || S(l=0) ave= 5.380E-04 +/- 0.11 % S(l=1) ave= 2.321E-04 +/- 8.17 % S(l=2) ave= 0.000E+00 +/- 0.00 % S(l=3) ave= 0.000E+00 +/- 0.00 % 
 ... random file  162 Cap(th)  ave= 1.864E+01 b. +/- 2.69 % || Ela(th) ave= 8.008E+00 b. +/- 3.04 % || RIcap ave= 8.83E+00 b. +/- 2.69 % || Macs30 ave= 5.25E-02 b. +/- 1.39 % || Gn^0(l=0) ave= 7.381E+00 +/- 0.12 % Gn^0(l=1) ave= 6.411E+00 +/- 8.68 % Gn^0(l=2) ave= 0.000E+00 +/- 0.00 % Gn^0(l=3) ave= 0.000E+00 +/- 0.00 % || Gtotal(l=0) ave= 0.000E+00 +/- 0.00 % Gtotal(l=1) ave= 0.000E+00 +/- 0.00 % Gtotal(l=2) ave= 0.000E+00 +/- 0.00 % Gtotal(l=3) ave= 0.000E+00 +/- 0.00 %  % || Gg(l=0) ave= 2.472E+00 +/- 0.86 % Gg(l=1) ave= 1.709E+00 +/- 0.40 % Gg(l=2) ave= 0.000E+00 +/- 0.00 % Gg(l=3) ave= 0.000E+00 +/- 0.00 %  % || D(l=0) ave= 6.267E+03 +/- 0.00 % D(l=1) ave= 2.220E+03 +/- 0.00 % D(l=2) ave= 0.000E+00 +/- 0.00 % D(l=3) ave= 0.000E+00 +/- 0.00 %  % || S(l=0) ave= 5.380E-04 +/- 0.11 % S(l=1) ave= 2.321E-04 +/- 8.14 % S(l=2) ave= 0.000E+00 +/- 0.00 % S(l=3) ave= 0.000E+00 +/- 0.00 % 
 ... random file  163 Cap(th)  ave= 1.864E+01 b. +/- 2.68 % || Ela(th) ave= 8.006E+00 b. +/- 3.04 % || RIcap ave= 8.83E+00 b. +/- 2.69 % || Macs30 ave= 5.25E-02 b. +/- 1.40 % || Gn^0(l=0) ave= 7.381E+00 +/- 0.12 % Gn^0(l=1) ave= 6.410E+00 +/- 8.65 % Gn^0(l=2) ave= 0.000E+00 +/- 0.00 % Gn^0(l=3) ave= 0.000E+00 +/- 0.00 % || Gtotal(l=0) ave= 0.000E+00 +/- 0.00 % Gtotal(l=1) ave= 0.000E+00 +/- 0.00 % Gtotal(l=2) ave= 0.000E+00 +/- 0.00 % Gtotal(l=3) ave= 0.000E+00 +/- 0.00 %  % || Gg(l=0) ave= 2.472E+00 +/- 0.86 % Gg(l=1) ave= 1.709E+00 +/- 0.40 % Gg(l=2) ave= 0.000E+00 +/- 0.00 % Gg(l=3) ave= 0.000E+00 +/- 0.00 %  % || D(l=0) ave= 6.267E+03 +/- 0.00 % D(l=1) ave= 2.220E+03 +/- 0.00 % D(l=2) ave= 0.000E+00 +/- 0.00 % D(l=3) ave= 0.000E+00 +/- 0.00 %  % || S(l=0) ave= 5.380E-04 +/- 0.11 % S(l=1) ave= 2.320E-04 +/- 8.12 % S(l=2) ave= 0.000E+00 +/- 0.00 % S(l=3) ave= 0.000E+00 +/- 0.00 % 
 ... random file  164 Cap(th)  ave= 1.864E+01 b. +/- 2.71 % || Ela(th) ave= 8.006E+00 b. +/- 3.03 % || RIcap ave= 8.84E+00 b. +/- 2.72 % || Macs30 ave= 5.25E-02 b. +/- 1.40 % || Gn^0(l=0) ave= 7.381E+00 +/- 0.12 % Gn^0(l=1) ave= 6.411E+00 +/- 8.63 % Gn^0(l=2) ave= 0.000E+00 +/- 0.00 % Gn^0(l=3) ave= 0.000E+00 +/- 0.00 % || Gtotal(l=0) ave= 0.000E+00 +/- 0.00 % Gtotal(l=1) ave= 0.000E+00 +/- 0.00 % Gtotal(l=2) ave= 0.000E+00 +/- 0.00 % Gtotal(l=3) ave= 0.000E+00 +/- 0.00 %  % || Gg(l=0) ave= 2.472E+00 +/- 0.86 % Gg(l=1) ave= 1.709E+00 +/- 0.40 % Gg(l=2) ave= 0.000E+00 +/- 0.00 % Gg(l=3) ave= 0.000E+00 +/- 0.00 %  % || D(l=0) ave= 6.267E+03 +/- 0.00 % D(l=1) ave= 2.220E+03 +/- 0.00 % D(l=2) ave= 0.000E+00 +/- 0.00 % D(l=3) ave= 0.000E+00 +/- 0.00 %  % || S(l=0) ave= 5.380E-04 +/- 0.11 % S(l=1) ave= 2.320E-04 +/- 8.09 % S(l=2) ave= 0.000E+00 +/- 0.00 % S(l=3) ave= 0.000E+00 +/- 0.00 % 
 ... random file  165 Cap(th)  ave= 1.864E+01 b. +/- 2.76 % || Ela(th) ave= 8.006E+00 b. +/- 3.02 % || RIcap ave= 8.83E+00 b. +/- 2.77 % || Macs30 ave= 5.25E-02 b. +/- 1.42 % || Gn^0(l=0) ave= 7.381E+00 +/- 0.12 % Gn^0(l=1) ave= 6.414E+00 +/- 8.63 % Gn^0(l=2) ave= 0.000E+00 +/- 0.00 % Gn^0(l=3) ave= 0.000E+00 +/- 0.00 % || Gtotal(l=0) ave= 0.000E+00 +/- 0.00 % Gtotal(l=1) ave= 0.000E+00 +/- 0.00 % Gtotal(l=2) ave= 0.000E+00 +/- 0.00 % Gtotal(l=3) ave= 0.000E+00 +/- 0.00 %  % || Gg(l=0) ave= 2.472E+00 +/- 0.86 % Gg(l=1) ave= 1.709E+00 +/- 0.40 % Gg(l=2) ave= 0.000E+00 +/- 0.00 % Gg(l=3) ave= 0.000E+00 +/- 0.00 %  % || D(l=0) ave= 6.267E+03 +/- 0.00 % D(l=1) ave= 2.220E+03 +/- 0.00 % D(l=2) ave= 0.000E+00 +/- 0.00 % D(l=3) ave= 0.000E+00 +/- 0.00 %  % || S(l=0) ave= 5.380E-04 +/- 0.11 % S(l=1) ave= 2.322E-04 +/- 8.09 % S(l=2) ave= 0.000E+00 +/- 0.00 % S(l=3) ave= 0.000E+00 +/- 0.00 % 
 ... random file  166 Cap(th)  ave= 1.863E+01 b. +/- 2.76 % || Ela(th) ave= 8.007E+00 b. +/- 3.02 % || RIcap ave= 8.83E+00 b. +/- 2.77 % || Macs30 ave= 5.24E-02 b. +/- 1.42 % || Gn^0(l=0) ave= 7.381E+00 +/- 0.12 % Gn^0(l=1) ave= 6.407E+00 +/- 8.72 % Gn^0(l=2) ave= 0.000E+00 +/- 0.00 % Gn^0(l=3) ave= 0.000E+00 +/- 0.00 % || Gtotal(l=0) ave= 0.000E+00 +/- 0.00 % Gtotal(l=1) ave= 0.000E+00 +/- 0.00 % Gtotal(l=2) ave= 0.000E+00 +/- 0.00 % Gtotal(l=3) ave= 0.000E+00 +/- 0.00 %  % || Gg(l=0) ave= 2.472E+00 +/- 0.86 % Gg(l=1) ave= 1.709E+00 +/- 0.40 % Gg(l=2) ave= 0.000E+00 +/- 0.00 % Gg(l=3) ave= 0.000E+00 +/- 0.00 %  % || D(l=0) ave= 6.267E+03 +/- 0.00 % D(l=1) ave= 2.220E+03 +/- 0.00 % D(l=2) ave= 0.000E+00 +/- 0.00 % D(l=3) ave= 0.000E+00 +/- 0.00 %  % || S(l=0) ave= 5.380E-04 +/- 0.11 % S(l=1) ave= 2.319E-04 +/- 8.19 % S(l=2) ave= 0.000E+00 +/- 0.00 % S(l=3) ave= 0.000E+00 +/- 0.00 % 
 ... random file  167 Cap(th)  ave= 1.863E+01 b. +/- 2.75 % || Ela(th) ave= 8.007E+00 b. +/- 3.01 % || RIcap ave= 8.83E+00 b. +/- 2.76 % || Macs30 ave= 5.25E-02 b. +/- 1.41 % || Gn^0(l=0) ave= 7.381E+00 +/- 0.12 % Gn^0(l=1) ave= 6.410E+00 +/- 8.71 % Gn^0(l=2) ave= 0.000E+00 +/- 0.00 % Gn^0(l=3) ave= 0.000E+00 +/- 0.00 % || Gtotal(l=0) ave= 0.000E+00 +/- 0.00 % Gtotal(l=1) ave= 0.000E+00 +/- 0.00 % Gtotal(l=2) ave= 0.000E+00 +/- 0.00 % Gtotal(l=3) ave= 0.000E+00 +/- 0.00 %  % || Gg(l=0) ave= 2.472E+00 +/- 0.85 % Gg(l=1) ave= 1.709E+00 +/- 0.40 % Gg(l=2) ave= 0.000E+00 +/- 0.00 % Gg(l=3) ave= 0.000E+00 +/- 0.00 %  % || D(l=0) ave= 6.267E+03 +/- 0.00 % D(l=1) ave= 2.220E+03 +/- 0.00 % D(l=2) ave= 0.000E+00 +/- 0.00 % D(l=3) ave= 0.000E+00 +/- 0.00 %  % || S(l=0) ave= 5.380E-04 +/- 0.11 % S(l=1) ave= 2.320E-04 +/- 8.17 % S(l=2) ave= 0.000E+00 +/- 0.00 % S(l=3) ave= 0.000E+00 +/- 0.00 % 
 ... random file  168 Cap(th)  ave= 1.863E+01 b. +/- 2.76 % || Ela(th) ave= 8.007E+00 b. +/- 3.00 % || RIcap ave= 8.83E+00 b. +/- 2.77 % || Macs30 ave= 5.24E-02 b. +/- 1.41 % || Gn^0(l=0) ave= 7.381E+00 +/- 0.12 % Gn^0(l=1) ave= 6.412E+00 +/- 8.69 % Gn^0(l=2) ave= 0.000E+00 +/- 0.00 % Gn^0(l=3) ave= 0.000E+00 +/- 0.00 % || Gtotal(l=0) ave= 0.000E+00 +/- 0.00 % Gtotal(l=1) ave= 0.000E+00 +/- 0.00 % Gtotal(l=2) ave= 0.000E+00 +/- 0.00 % Gtotal(l=3) ave= 0.000E+00 +/- 0.00 %  % || Gg(l=0) ave= 2.472E+00 +/- 0.86 % Gg(l=1) ave= 1.709E+00 +/- 0.40 % Gg(l=2) ave= 0.000E+00 +/- 0.00 % Gg(l=3) ave= 0.000E+00 +/- 0.00 %  % || D(l=0) ave= 6.267E+03 +/- 0.00 % D(l=1) ave= 2.220E+03 +/- 0.00 % D(l=2) ave= 0.000E+00 +/- 0.00 % D(l=3) ave= 0.000E+00 +/- 0.00 %  % || S(l=0) ave= 5.380E-04 +/- 0.11 % S(l=1) ave= 2.321E-04 +/- 8.16 % S(l=2) ave= 0.000E+00 +/- 0.00 % S(l=3) ave= 0.000E+00 +/- 0.00 % 
 ... random file  169 Cap(th)  ave= 1.863E+01 b. +/- 2.75 % || Ela(th) ave= 8.009E+00 b. +/- 3.01 % || RIcap ave= 8.83E+00 b. +/- 2.76 % || Macs30 ave= 5.25E-02 b. +/- 1.41 % || Gn^0(l=0) ave= 7.381E+00 +/- 0.12 % Gn^0(l=1) ave= 6.406E+00 +/- 8.74 % Gn^0(l=2) ave= 0.000E+00 +/- 0.00 % Gn^0(l=3) ave= 0.000E+00 +/- 0.00 % || Gtotal(l=0) ave= 0.000E+00 +/- 0.00 % Gtotal(l=1) ave= 0.000E+00 +/- 0.00 % Gtotal(l=2) ave= 0.000E+00 +/- 0.00 % Gtotal(l=3) ave= 0.000E+00 +/- 0.00 %  % || Gg(l=0) ave= 2.472E+00 +/- 0.86 % Gg(l=1) ave= 1.709E+00 +/- 0.40 % Gg(l=2) ave= 0.000E+00 +/- 0.00 % Gg(l=3) ave= 0.000E+00 +/- 0.00 %  % || D(l=0) ave= 6.267E+03 +/- 0.00 % D(l=1) ave= 2.220E+03 +/- 0.00 % D(l=2) ave= 0.000E+00 +/- 0.00 % D(l=3) ave= 0.000E+00 +/- 0.00 %  % || S(l=0) ave= 5.380E-04 +/- 0.11 % S(l=1) ave= 2.319E-04 +/- 8.21 % S(l=2) ave= 0.000E+00 +/- 0.00 % S(l=3) ave= 0.000E+00 +/- 0.00 % 
 ... random file  170 Cap(th)  ave= 1.863E+01 b. +/- 2.75 % || Ela(th) ave= 8.006E+00 b. +/- 3.02 % || RIcap ave= 8.83E+00 b. +/- 2.75 % || Macs30 ave= 5.25E-02 b. +/- 1.41 % || Gn^0(l=0) ave= 7.381E+00 +/- 0.12 % Gn^0(l=1) ave= 6.407E+00 +/- 8.72 % Gn^0(l=2) ave= 0.000E+00 +/- 0.00 % Gn^0(l=3) ave= 0.000E+00 +/- 0.00 % || Gtotal(l=0) ave= 0.000E+00 +/- 0.00 % Gtotal(l=1) ave= 0.000E+00 +/- 0.00 % Gtotal(l=2) ave= 0.000E+00 +/- 0.00 % Gtotal(l=3) ave= 0.000E+00 +/- 0.00 %  % || Gg(l=0) ave= 2.472E+00 +/- 0.86 % Gg(l=1) ave= 1.709E+00 +/- 0.41 % Gg(l=2) ave= 0.000E+00 +/- 0.00 % Gg(l=3) ave= 0.000E+00 +/- 0.00 %  % || D(l=0) ave= 6.267E+03 +/- 0.00 % D(l=1) ave= 2.220E+03 +/- 0.00 % D(l=2) ave= 0.000E+00 +/- 0.00 % D(l=3) ave= 0.000E+00 +/- 0.00 %  % || S(l=0) ave= 5.380E-04 +/- 0.11 % S(l=1) ave= 2.319E-04 +/- 8.18 % S(l=2) ave= 0.000E+00 +/- 0.00 % S(l=3) ave= 0.000E+00 +/- 0.00 % 
 ... random file  171 Cap(th)  ave= 1.864E+01 b. +/- 2.76 % || Ela(th) ave= 8.006E+00 b. +/- 3.01 % || RIcap ave= 8.83E+00 b. +/- 2.77 % || Macs30 ave= 5.25E-02 b. +/- 1.43 % || Gn^0(l=0) ave= 7.381E+00 +/- 0.12 % Gn^0(l=1) ave= 6.405E+00 +/- 8.71 % Gn^0(l=2) ave= 0.000E+00 +/- 0.00 % Gn^0(l=3) ave= 0.000E+00 +/- 0.00 % || Gtotal(l=0) ave= 0.000E+00 +/- 0.00 % Gtotal(l=1) ave= 0.000E+00 +/- 0.00 % Gtotal(l=2) ave= 0.000E+00 +/- 0.00 % Gtotal(l=3) ave= 0.000E+00 +/- 0.00 %  % || Gg(l=0) ave= 2.472E+00 +/- 0.85 % Gg(l=1) ave= 1.709E+00 +/- 0.41 % Gg(l=2) ave= 0.000E+00 +/- 0.00 % Gg(l=3) ave= 0.000E+00 +/- 0.00 %  % || D(l=0) ave= 6.267E+03 +/- 0.00 % D(l=1) ave= 2.220E+03 +/- 0.00 % D(l=2) ave= 0.000E+00 +/- 0.00 % D(l=3) ave= 0.000E+00 +/- 0.00 %  % || S(l=0) ave= 5.380E-04 +/- 0.11 % S(l=1) ave= 2.319E-04 +/- 8.17 % S(l=2) ave= 0.000E+00 +/- 0.00 % S(l=3) ave= 0.000E+00 +/- 0.00 % 
 ... random file  172 Cap(th)  ave= 1.864E+01 b. +/- 2.75 % || Ela(th) ave= 8.008E+00 b. +/- 3.01 % || RIcap ave= 8.83E+00 b. +/- 2.76 % || Macs30 ave= 5.25E-02 b. +/- 1.42 % || Gn^0(l=0) ave= 7.381E+00 +/- 0.12 % Gn^0(l=1) ave= 6.404E+00 +/- 8.69 % Gn^0(l=2) ave= 0.000E+00 +/- 0.00 % Gn^0(l=3) ave= 0.000E+00 +/- 0.00 % || Gtotal(l=0) ave= 0.000E+00 +/- 0.00 % Gtotal(l=1) ave= 0.000E+00 +/- 0.00 % Gtotal(l=2) ave= 0.000E+00 +/- 0.00 % Gtotal(l=3) ave= 0.000E+00 +/- 0.00 %  % || Gg(l=0) ave= 2.472E+00 +/- 0.85 % Gg(l=1) ave= 1.709E+00 +/- 0.41 % Gg(l=2) ave= 0.000E+00 +/- 0.00 % Gg(l=3) ave= 0.000E+00 +/- 0.00 %  % || D(l=0) ave= 6.267E+03 +/- 0.00 % D(l=1) ave= 2.220E+03 +/- 0.00 % D(l=2) ave= 0.000E+00 +/- 0.00 % D(l=3) ave= 0.000E+00 +/- 0.00 %  % || S(l=0) ave= 5.380E-04 +/- 0.11 % S(l=1) ave= 2.318E-04 +/- 8.15 % S(l=2) ave= 0.000E+00 +/- 0.00 % S(l=3) ave= 0.000E+00 +/- 0.00 % 
 ... random file  173 Cap(th)  ave= 1.864E+01 b. +/- 2.76 % || Ela(th) ave= 8.007E+00 b. +/- 3.01 % || RIcap ave= 8.83E+00 b. +/- 2.77 % || Macs30 ave= 5.25E-02 b. +/- 1.43 % || Gn^0(l=0) ave= 7.381E+00 +/- 0.12 % Gn^0(l=1) ave= 6.404E+00 +/- 8.66 % Gn^0(l=2) ave= 0.000E+00 +/- 0.00 % Gn^0(l=3) ave= 0.000E+00 +/- 0.00 % || Gtotal(l=0) ave= 0.000E+00 +/- 0.00 % Gtotal(l=1) ave= 0.000E+00 +/- 0.00 % Gtotal(l=2) ave= 0.000E+00 +/- 0.00 % Gtotal(l=3) ave= 0.000E+00 +/- 0.00 %  % || Gg(l=0) ave= 2.473E+00 +/- 0.85 % Gg(l=1) ave= 1.709E+00 +/- 0.41 % Gg(l=2) ave= 0.000E+00 +/- 0.00 % Gg(l=3) ave= 0.000E+00 +/- 0.00 %  % || D(l=0) ave= 6.267E+03 +/- 0.00 % D(l=1) ave= 2.220E+03 +/- 0.00 % D(l=2) ave= 0.000E+00 +/- 0.00 % D(l=3) ave= 0.000E+00 +/- 0.00 %  % || S(l=0) ave= 5.380E-04 +/- 0.11 % S(l=1) ave= 2.318E-04 +/- 8.13 % S(l=2) ave= 0.000E+00 +/- 0.00 % S(l=3) ave= 0.000E+00 +/- 0.00 % 
 ... random file  174 Cap(th)  ave= 1.864E+01 b. +/- 2.75 % || Ela(th) ave= 8.008E+00 b. +/- 3.01 % || RIcap ave= 8.83E+00 b. +/- 2.76 % || Macs30 ave= 5.25E-02 b. +/- 1.43 % || Gn^0(l=0) ave= 7.381E+00 +/- 0.12 % Gn^0(l=1) ave= 6.405E+00 +/- 8.64 % Gn^0(l=2) ave= 0.000E+00 +/- 0.00 % Gn^0(l=3) ave= 0.000E+00 +/- 0.00 % || Gtotal(l=0) ave= 0.000E+00 +/- 0.00 % Gtotal(l=1) ave= 0.000E+00 +/- 0.00 % Gtotal(l=2) ave= 0.000E+00 +/- 0.00 % Gtotal(l=3) ave= 0.000E+00 +/- 0.00 %  % || Gg(l=0) ave= 2.473E+00 +/- 0.87 % Gg(l=1) ave= 1.709E+00 +/- 0.41 % Gg(l=2) ave= 0.000E+00 +/- 0.00 % Gg(l=3) ave= 0.000E+00 +/- 0.00 %  % || D(l=0) ave= 6.267E+03 +/- 0.00 % D(l=1) ave= 2.220E+03 +/- 0.00 % D(l=2) ave= 0.000E+00 +/- 0.00 % D(l=3) ave= 0.000E+00 +/- 0.00 %  % || S(l=0) ave= 5.380E-04 +/- 0.11 % S(l=1) ave= 2.318E-04 +/- 8.11 % S(l=2) ave= 0.000E+00 +/- 0.00 % S(l=3) ave= 0.000E+00 +/- 0.00 % 
 ... random file  175 Cap(th)  ave= 1.865E+01 b. +/- 2.80 % || Ela(th) ave= 8.008E+00 b. +/- 3.00 % || RIcap ave= 8.84E+00 b. +/- 2.81 % || Macs30 ave= 5.25E-02 b. +/- 1.44 % || Gn^0(l=0) ave= 7.381E+00 +/- 0.12 % Gn^0(l=1) ave= 6.404E+00 +/- 8.62 % Gn^0(l=2) ave= 0.000E+00 +/- 0.00 % Gn^0(l=3) ave= 0.000E+00 +/- 0.00 % || Gtotal(l=0) ave= 0.000E+00 +/- 0.00 % Gtotal(l=1) ave= 0.000E+00 +/- 0.00 % Gtotal(l=2) ave= 0.000E+00 +/- 0.00 % Gtotal(l=3) ave= 0.000E+00 +/- 0.00 %  % || Gg(l=0) ave= 2.473E+00 +/- 0.87 % Gg(l=1) ave= 1.709E+00 +/- 0.41 % Gg(l=2) ave= 0.000E+00 +/- 0.00 % Gg(l=3) ave= 0.000E+00 +/- 0.00 %  % || D(l=0) ave= 6.267E+03 +/- 0.00 % D(l=1) ave= 2.220E+03 +/- 0.00 % D(l=2) ave= 0.000E+00 +/- 0.00 % D(l=3) ave= 0.000E+00 +/- 0.00 %  % || S(l=0) ave= 5.380E-04 +/- 0.10 % S(l=1) ave= 2.318E-04 +/- 8.09 % S(l=2) ave= 0.000E+00 +/- 0.00 % S(l=3) ave= 0.000E+00 +/- 0.00 % 
 ... random file  176 Cap(th)  ave= 1.865E+01 b. +/- 2.79 % || Ela(th) ave= 8.008E+00 b. +/- 2.99 % || RIcap ave= 8.84E+00 b. +/- 2.80 % || Macs30 ave= 5.25E-02 b. +/- 1.43 % || Gn^0(l=0) ave= 7.381E+00 +/- 0.12 % Gn^0(l=1) ave= 6.406E+00 +/- 8.60 % Gn^0(l=2) ave= 0.000E+00 +/- 0.00 % Gn^0(l=3) ave= 0.000E+00 +/- 0.00 % || Gtotal(l=0) ave= 0.000E+00 +/- 0.00 % Gtotal(l=1) ave= 0.000E+00 +/- 0.00 % Gtotal(l=2) ave= 0.000E+00 +/- 0.00 % Gtotal(l=3) ave= 0.000E+00 +/- 0.00 %  % || Gg(l=0) ave= 2.473E+00 +/- 0.87 % Gg(l=1) ave= 1.709E+00 +/- 0.41 % Gg(l=2) ave= 0.000E+00 +/- 0.00 % Gg(l=3) ave= 0.000E+00 +/- 0.00 %  % || D(l=0) ave= 6.267E+03 +/- 0.00 % D(l=1) ave= 2.220E+03 +/- 0.00 % D(l=2) ave= 0.000E+00 +/- 0.00 % D(l=3) ave= 0.000E+00 +/- 0.00 %  % || S(l=0) ave= 5.380E-04 +/- 0.10 % S(l=1) ave= 2.319E-04 +/- 8.07 % S(l=2) ave= 0.000E+00 +/- 0.00 % S(l=3) ave= 0.000E+00 +/- 0.00 % 
 ... random file  177 Cap(th)  ave= 1.864E+01 b. +/- 2.81 % || Ela(th) ave= 8.010E+00 b. +/- 3.00 % || RIcap ave= 8.84E+00 b. +/- 2.81 % || Macs30 ave= 5.25E-02 b. +/- 1.45 % || Gn^0(l=0) ave= 7.381E+00 +/- 0.12 % Gn^0(l=1) ave= 6.402E+00 +/- 8.62 % Gn^0(l=2) ave= 0.000E+00 +/- 0.00 % Gn^0(l=3) ave= 0.000E+00 +/- 0.00 % || Gtotal(l=0) ave= 0.000E+00 +/- 0.00 % Gtotal(l=1) ave= 0.000E+00 +/- 0.00 % Gtotal(l=2) ave= 0.000E+00 +/- 0.00 % Gtotal(l=3) ave= 0.000E+00 +/- 0.00 %  % || Gg(l=0) ave= 2.473E+00 +/- 0.87 % Gg(l=1) ave= 1.709E+00 +/- 0.41 % Gg(l=2) ave= 0.000E+00 +/- 0.00 % Gg(l=3) ave= 0.000E+00 +/- 0.00 %  % || D(l=0) ave= 6.267E+03 +/- 0.00 % D(l=1) ave= 2.220E+03 +/- 0.00 % D(l=2) ave= 0.000E+00 +/- 0.00 % D(l=3) ave= 0.000E+00 +/- 0.00 %  % || S(l=0) ave= 5.380E-04 +/- 0.10 % S(l=1) ave= 2.318E-04 +/- 8.09 % S(l=2) ave= 0.000E+00 +/- 0.00 % S(l=3) ave= 0.000E+00 +/- 0.00 % 
 ... random file  178 Cap(th)  ave= 1.864E+01 b. +/- 2.80 % || Ela(th) ave= 8.010E+00 b. +/- 3.00 % || RIcap ave= 8.84E+00 b. +/- 2.81 % || Macs30 ave= 5.25E-02 b. +/- 1.44 % || Gn^0(l=0) ave= 7.381E+00 +/- 0.12 % Gn^0(l=1) ave= 6.406E+00 +/- 8.63 % Gn^0(l=2) ave= 0.000E+00 +/- 0.00 % Gn^0(l=3) ave= 0.000E+00 +/- 0.00 % || Gtotal(l=0) ave= 0.000E+00 +/- 0.00 % Gtotal(l=1) ave= 0.000E+00 +/- 0.00 % Gtotal(l=2) ave= 0.000E+00 +/- 0.00 % Gtotal(l=3) ave= 0.000E+00 +/- 0.00 %  % || Gg(l=0) ave= 2.473E+00 +/- 0.87 % Gg(l=1) ave= 1.709E+00 +/- 0.41 % Gg(l=2) ave= 0.000E+00 +/- 0.00 % Gg(l=3) ave= 0.000E+00 +/- 0.00 %  % || D(l=0) ave= 6.267E+03 +/- 0.00 % D(l=1) ave= 2.220E+03 +/- 0.00 % D(l=2) ave= 0.000E+00 +/- 0.00 % D(l=3) ave= 0.000E+00 +/- 0.00 %  % || S(l=0) ave= 5.380E-04 +/- 0.10 % S(l=1) ave= 2.319E-04 +/- 8.10 % S(l=2) ave= 0.000E+00 +/- 0.00 % S(l=3) ave= 0.000E+00 +/- 0.00 % 
 ... random file  179 Cap(th)  ave= 1.864E+01 b. +/- 2.79 % || Ela(th) ave= 8.011E+00 b. +/- 2.99 % || RIcap ave= 8.83E+00 b. +/- 2.80 % || Macs30 ave= 5.25E-02 b. +/- 1.44 % || Gn^0(l=0) ave= 7.381E+00 +/- 0.12 % Gn^0(l=1) ave= 6.409E+00 +/- 8.62 % Gn^0(l=2) ave= 0.000E+00 +/- 0.00 % Gn^0(l=3) ave= 0.000E+00 +/- 0.00 % || Gtotal(l=0) ave= 0.000E+00 +/- 0.00 % Gtotal(l=1) ave= 0.000E+00 +/- 0.00 % Gtotal(l=2) ave= 0.000E+00 +/- 0.00 % Gtotal(l=3) ave= 0.000E+00 +/- 0.00 %  % || Gg(l=0) ave= 2.473E+00 +/- 0.88 % Gg(l=1) ave= 1.709E+00 +/- 0.41 % Gg(l=2) ave= 0.000E+00 +/- 0.00 % Gg(l=3) ave= 0.000E+00 +/- 0.00 %  % || D(l=0) ave= 6.267E+03 +/- 0.00 % D(l=1) ave= 2.220E+03 +/- 0.00 % D(l=2) ave= 0.000E+00 +/- 0.00 % D(l=3) ave= 0.000E+00 +/- 0.00 %  % || S(l=0) ave= 5.380E-04 +/- 0.10 % S(l=1) ave= 2.320E-04 +/- 8.09 % S(l=2) ave= 0.000E+00 +/- 0.00 % S(l=3) ave= 0.000E+00 +/- 0.00 % 
 ... random file  180 Cap(th)  ave= 1.864E+01 b. +/- 2.79 % || Ela(th) ave= 8.011E+00 b. +/- 2.98 % || RIcap ave= 8.84E+00 b. +/- 2.80 % || Macs30 ave= 5.25E-02 b. +/- 1.44 % || Gn^0(l=0) ave= 7.381E+00 +/- 0.12 % Gn^0(l=1) ave= 6.407E+00 +/- 8.61 % Gn^0(l=2) ave= 0.000E+00 +/- 0.00 % Gn^0(l=3) ave= 0.000E+00 +/- 0.00 % || Gtotal(l=0) ave= 0.000E+00 +/- 0.00 % Gtotal(l=1) ave= 0.000E+00 +/- 0.00 % Gtotal(l=2) ave= 0.000E+00 +/- 0.00 % Gtotal(l=3) ave= 0.000E+00 +/- 0.00 %  % || Gg(l=0) ave= 2.473E+00 +/- 0.88 % Gg(l=1) ave= 1.709E+00 +/- 0.41 % Gg(l=2) ave= 0.000E+00 +/- 0.00 % Gg(l=3) ave= 0.000E+00 +/- 0.00 %  % || D(l=0) ave= 6.267E+03 +/- 0.00 % D(l=1) ave= 2.220E+03 +/- 0.00 % D(l=2) ave= 0.000E+00 +/- 0.00 % D(l=3) ave= 0.000E+00 +/- 0.00 %  % || S(l=0) ave= 5.380E-04 +/- 0.10 % S(l=1) ave= 2.319E-04 +/- 8.08 % S(l=2) ave= 0.000E+00 +/- 0.00 % S(l=3) ave= 0.000E+00 +/- 0.00 % 
 ... random file  181 Cap(th)  ave= 1.864E+01 b. +/- 2.80 % || Ela(th) ave= 8.011E+00 b. +/- 2.98 % || RIcap ave= 8.83E+00 b. +/- 2.81 % || Macs30 ave= 5.25E-02 b. +/- 1.43 % || Gn^0(l=0) ave= 7.381E+00 +/- 0.12 % Gn^0(l=1) ave= 6.407E+00 +/- 8.59 % Gn^0(l=2) ave= 0.000E+00 +/- 0.00 % Gn^0(l=3) ave= 0.000E+00 +/- 0.00 % || Gtotal(l=0) ave= 0.000E+00 +/- 0.00 % Gtotal(l=1) ave= 0.000E+00 +/- 0.00 % Gtotal(l=2) ave= 0.000E+00 +/- 0.00 % Gtotal(l=3) ave= 0.000E+00 +/- 0.00 %  % || Gg(l=0) ave= 2.473E+00 +/- 0.88 % Gg(l=1) ave= 1.709E+00 +/- 0.41 % Gg(l=2) ave= 0.000E+00 +/- 0.00 % Gg(l=3) ave= 0.000E+00 +/- 0.00 %  % || D(l=0) ave= 6.267E+03 +/- 0.00 % D(l=1) ave= 2.220E+03 +/- 0.00 % D(l=2) ave= 0.000E+00 +/- 0.00 % D(l=3) ave= 0.000E+00 +/- 0.00 %  % || S(l=0) ave= 5.380E-04 +/- 0.10 % S(l=1) ave= 2.319E-04 +/- 8.06 % S(l=2) ave= 0.000E+00 +/- 0.00 % S(l=3) ave= 0.000E+00 +/- 0.00 % 
 ... random file  182 Cap(th)  ave= 1.864E+01 b. +/- 2.80 % || Ela(th) ave= 8.014E+00 b. +/- 3.02 % || RIcap ave= 8.83E+00 b. +/- 2.81 % || Macs30 ave= 5.25E-02 b. +/- 1.43 % || Gn^0(l=0) ave= 7.381E+00 +/- 0.12 % Gn^0(l=1) ave= 6.404E+00 +/- 8.59 % Gn^0(l=2) ave= 0.000E+00 +/- 0.00 % Gn^0(l=3) ave= 0.000E+00 +/- 0.00 % || Gtotal(l=0) ave= 0.000E+00 +/- 0.00 % Gtotal(l=1) ave= 0.000E+00 +/- 0.00 % Gtotal(l=2) ave= 0.000E+00 +/- 0.00 % Gtotal(l=3) ave= 0.000E+00 +/- 0.00 %  % || Gg(l=0) ave= 2.473E+00 +/- 0.87 % Gg(l=1) ave= 1.709E+00 +/- 0.41 % Gg(l=2) ave= 0.000E+00 +/- 0.00 % Gg(l=3) ave= 0.000E+00 +/- 0.00 %  % || D(l=0) ave= 6.267E+03 +/- 0.00 % D(l=1) ave= 2.220E+03 +/- 0.00 % D(l=2) ave= 0.000E+00 +/- 0.00 % D(l=3) ave= 0.000E+00 +/- 0.00 %  % || S(l=0) ave= 5.380E-04 +/- 0.10 % S(l=1) ave= 2.318E-04 +/- 8.07 % S(l=2) ave= 0.000E+00 +/- 0.00 % S(l=3) ave= 0.000E+00 +/- 0.00 % 
 ... random file  183 Cap(th)  ave= 1.864E+01 b. +/- 2.79 % || Ela(th) ave= 8.013E+00 b. +/- 3.01 % || RIcap ave= 8.83E+00 b. +/- 2.80 % || Macs30 ave= 5.25E-02 b. +/- 1.43 % || Gn^0(l=0) ave= 7.381E+00 +/- 0.12 % Gn^0(l=1) ave= 6.406E+00 +/- 8.58 % Gn^0(l=2) ave= 0.000E+00 +/- 0.00 % Gn^0(l=3) ave= 0.000E+00 +/- 0.00 % || Gtotal(l=0) ave= 0.000E+00 +/- 0.00 % Gtotal(l=1) ave= 0.000E+00 +/- 0.00 % Gtotal(l=2) ave= 0.000E+00 +/- 0.00 % Gtotal(l=3) ave= 0.000E+00 +/- 0.00 %  % || Gg(l=0) ave= 2.473E+00 +/- 0.88 % Gg(l=1) ave= 1.709E+00 +/- 0.41 % Gg(l=2) ave= 0.000E+00 +/- 0.00 % Gg(l=3) ave= 0.000E+00 +/- 0.00 %  % || D(l=0) ave= 6.267E+03 +/- 0.00 % D(l=1) ave= 2.220E+03 +/- 0.00 % D(l=2) ave= 0.000E+00 +/- 0.00 % D(l=3) ave= 0.000E+00 +/- 0.00 %  % || S(l=0) ave= 5.380E-04 +/- 0.10 % S(l=1) ave= 2.319E-04 +/- 8.05 % S(l=2) ave= 0.000E+00 +/- 0.00 % S(l=3) ave= 0.000E+00 +/- 0.00 % 
 ... random file  184 Cap(th)  ave= 1.864E+01 b. +/- 2.79 % || Ela(th) ave= 8.012E+00 b. +/- 3.01 % || RIcap ave= 8.83E+00 b. +/- 2.80 % || Macs30 ave= 5.25E-02 b. +/- 1.43 % || Gn^0(l=0) ave= 7.381E+00 +/- 0.11 % Gn^0(l=1) ave= 6.403E+00 +/- 8.59 % Gn^0(l=2) ave= 0.000E+00 +/- 0.00 % Gn^0(l=3) ave= 0.000E+00 +/- 0.00 % || Gtotal(l=0) ave= 0.000E+00 +/- 0.00 % Gtotal(l=1) ave= 0.000E+00 +/- 0.00 % Gtotal(l=2) ave= 0.000E+00 +/- 0.00 % Gtotal(l=3) ave= 0.000E+00 +/- 0.00 %  % || Gg(l=0) ave= 2.473E+00 +/- 0.88 % Gg(l=1) ave= 1.709E+00 +/- 0.41 % Gg(l=2) ave= 0.000E+00 +/- 0.00 % Gg(l=3) ave= 0.000E+00 +/- 0.00 %  % || D(l=0) ave= 6.267E+03 +/- 0.00 % D(l=1) ave= 2.220E+03 +/- 0.00 % D(l=2) ave= 0.000E+00 +/- 0.00 % D(l=3) ave= 0.000E+00 +/- 0.00 %  % || S(l=0) ave= 5.380E-04 +/- 0.10 % S(l=1) ave= 2.318E-04 +/- 8.07 % S(l=2) ave= 0.000E+00 +/- 0.00 % S(l=3) ave= 0.000E+00 +/- 0.00 % 
 ... random file  185 Cap(th)  ave= 1.864E+01 b. +/- 2.79 % || Ela(th) ave= 8.010E+00 b. +/- 3.02 % || RIcap ave= 8.83E+00 b. +/- 2.80 % || Macs30 ave= 5.25E-02 b. +/- 1.43 % || Gn^0(l=0) ave= 7.381E+00 +/- 0.11 % Gn^0(l=1) ave= 6.403E+00 +/- 8.57 % Gn^0(l=2) ave= 0.000E+00 +/- 0.00 % Gn^0(l=3) ave= 0.000E+00 +/- 0.00 % || Gtotal(l=0) ave= 0.000E+00 +/- 0.00 % Gtotal(l=1) ave= 0.000E+00 +/- 0.00 % Gtotal(l=2) ave= 0.000E+00 +/- 0.00 % Gtotal(l=3) ave= 0.000E+00 +/- 0.00 %  % || Gg(l=0) ave= 2.473E+00 +/- 0.87 % Gg(l=1) ave= 1.709E+00 +/- 0.41 % Gg(l=2) ave= 0.000E+00 +/- 0.00 % Gg(l=3) ave= 0.000E+00 +/- 0.00 %  % || D(l=0) ave= 6.267E+03 +/- 0.00 % D(l=1) ave= 2.220E+03 +/- 0.00 % D(l=2) ave= 0.000E+00 +/- 0.00 % D(l=3) ave= 0.000E+00 +/- 0.00 %  % || S(l=0) ave= 5.380E-04 +/- 0.10 % S(l=1) ave= 2.318E-04 +/- 8.04 % S(l=2) ave= 0.000E+00 +/- 0.00 % S(l=3) ave= 0.000E+00 +/- 0.00 % 
 ... random file  186 Cap(th)  ave= 1.864E+01 b. +/- 2.79 % || Ela(th) ave= 8.013E+00 b. +/- 3.03 % || RIcap ave= 8.83E+00 b. +/- 2.80 % || Macs30 ave= 5.25E-02 b. +/- 1.44 % || Gn^0(l=0) ave= 7.381E+00 +/- 0.11 % Gn^0(l=1) ave= 6.402E+00 +/- 8.55 % Gn^0(l=2) ave= 0.000E+00 +/- 0.00 % Gn^0(l=3) ave= 0.000E+00 +/- 0.00 % || Gtotal(l=0) ave= 0.000E+00 +/- 0.00 % Gtotal(l=1) ave= 0.000E+00 +/- 0.00 % Gtotal(l=2) ave= 0.000E+00 +/- 0.00 % Gtotal(l=3) ave= 0.000E+00 +/- 0.00 %  % || Gg(l=0) ave= 2.473E+00 +/- 0.87 % Gg(l=1) ave= 1.709E+00 +/- 0.41 % Gg(l=2) ave= 0.000E+00 +/- 0.00 % Gg(l=3) ave= 0.000E+00 +/- 0.00 %  % || D(l=0) ave= 6.267E+03 +/- 0.00 % D(l=1) ave= 2.220E+03 +/- 0.00 % D(l=2) ave= 0.000E+00 +/- 0.00 % D(l=3) ave= 0.000E+00 +/- 0.00 %  % || S(l=0) ave= 5.380E-04 +/- 0.10 % S(l=1) ave= 2.318E-04 +/- 8.03 % S(l=2) ave= 0.000E+00 +/- 0.00 % S(l=3) ave= 0.000E+00 +/- 0.00 % 
 ... random file  187 Cap(th)  ave= 1.863E+01 b. +/- 2.79 % || Ela(th) ave= 8.012E+00 b. +/- 3.03 % || RIcap ave= 8.83E+00 b. +/- 2.80 % || Macs30 ave= 5.24E-02 b. +/- 1.44 % || Gn^0(l=0) ave= 7.381E+00 +/- 0.11 % Gn^0(l=1) ave= 6.406E+00 +/- 8.56 % Gn^0(l=2) ave= 0.000E+00 +/- 0.00 % Gn^0(l=3) ave= 0.000E+00 +/- 0.00 % || Gtotal(l=0) ave= 0.000E+00 +/- 0.00 % Gtotal(l=1) ave= 0.000E+00 +/- 0.00 % Gtotal(l=2) ave= 0.000E+00 +/- 0.00 % Gtotal(l=3) ave= 0.000E+00 +/- 0.00 %  % || Gg(l=0) ave= 2.473E+00 +/- 0.87 % Gg(l=1) ave= 1.709E+00 +/- 0.41 % Gg(l=2) ave= 0.000E+00 +/- 0.00 % Gg(l=3) ave= 0.000E+00 +/- 0.00 %  % || D(l=0) ave= 6.267E+03 +/- 0.00 % D(l=1) ave= 2.220E+03 +/- 0.00 % D(l=2) ave= 0.000E+00 +/- 0.00 % D(l=3) ave= 0.000E+00 +/- 0.00 %  % || S(l=0) ave= 5.380E-04 +/- 0.10 % S(l=1) ave= 2.319E-04 +/- 8.03 % S(l=2) ave= 0.000E+00 +/- 0.00 % S(l=3) ave= 0.000E+00 +/- 0.00 % 
 ... random file  188 Cap(th)  ave= 1.863E+01 b. +/- 2.78 % || Ela(th) ave= 8.013E+00 b. +/- 3.02 % || RIcap ave= 8.83E+00 b. +/- 2.79 % || Macs30 ave= 5.25E-02 b. +/- 1.45 % || Gn^0(l=0) ave= 7.381E+00 +/- 0.11 % Gn^0(l=1) ave= 6.407E+00 +/- 8.54 % Gn^0(l=2) ave= 0.000E+00 +/- 0.00 % Gn^0(l=3) ave= 0.000E+00 +/- 0.00 % || Gtotal(l=0) ave= 0.000E+00 +/- 0.00 % Gtotal(l=1) ave= 0.000E+00 +/- 0.00 % Gtotal(l=2) ave= 0.000E+00 +/- 0.00 % Gtotal(l=3) ave= 0.000E+00 +/- 0.00 %  % || Gg(l=0) ave= 2.473E+00 +/- 0.87 % Gg(l=1) ave= 1.709E+00 +/- 0.41 % Gg(l=2) ave= 0.000E+00 +/- 0.00 % Gg(l=3) ave= 0.000E+00 +/- 0.00 %  % || D(l=0) ave= 6.267E+03 +/- 0.00 % D(l=1) ave= 2.220E+03 +/- 0.00 % D(l=2) ave= 0.000E+00 +/- 0.00 % D(l=3) ave= 0.000E+00 +/- 0.00 %  % || S(l=0) ave= 5.380E-04 +/- 0.10 % S(l=1) ave= 2.319E-04 +/- 8.01 % S(l=2) ave= 0.000E+00 +/- 0.00 % S(l=3) ave= 0.000E+00 +/- 0.00 % 
 ... random file  189 Cap(th)  ave= 1.864E+01 b. +/- 2.80 % || Ela(th) ave= 8.014E+00 b. +/- 3.03 % || RIcap ave= 8.83E+00 b. +/- 2.81 % || Macs30 ave= 5.25E-02 b. +/- 1.45 % || Gn^0(l=0) ave= 7.381E+00 +/- 0.11 % Gn^0(l=1) ave= 6.406E+00 +/- 8.52 % Gn^0(l=2) ave= 0.000E+00 +/- 0.00 % Gn^0(l=3) ave= 0.000E+00 +/- 0.00 % || Gtotal(l=0) ave= 0.000E+00 +/- 0.00 % Gtotal(l=1) ave= 0.000E+00 +/- 0.00 % Gtotal(l=2) ave= 0.000E+00 +/- 0.00 % Gtotal(l=3) ave= 0.000E+00 +/- 0.00 %  % || Gg(l=0) ave= 2.473E+00 +/- 0.87 % Gg(l=1) ave= 1.709E+00 +/- 0.41 % Gg(l=2) ave= 0.000E+00 +/- 0.00 % Gg(l=3) ave= 0.000E+00 +/- 0.00 %  % || D(l=0) ave= 6.267E+03 +/- 0.00 % D(l=1) ave= 2.220E+03 +/- 0.00 % D(l=2) ave= 0.000E+00 +/- 0.00 % D(l=3) ave= 0.000E+00 +/- 0.00 %  % || S(l=0) ave= 5.380E-04 +/- 0.10 % S(l=1) ave= 2.319E-04 +/- 8.00 % S(l=2) ave= 0.000E+00 +/- 0.00 % S(l=3) ave= 0.000E+00 +/- 0.00 % 
 ... random file  190 Cap(th)  ave= 1.864E+01 b. +/- 2.79 % || Ela(th) ave= 8.014E+00 b. +/- 3.02 % || RIcap ave= 8.83E+00 b. +/- 2.80 % || Macs30 ave= 5.25E-02 b. +/- 1.45 % || Gn^0(l=0) ave= 7.381E+00 +/- 0.11 % Gn^0(l=1) ave= 6.411E+00 +/- 8.57 % Gn^0(l=2) ave= 0.000E+00 +/- 0.00 % Gn^0(l=3) ave= 0.000E+00 +/- 0.00 % || Gtotal(l=0) ave= 0.000E+00 +/- 0.00 % Gtotal(l=1) ave= 0.000E+00 +/- 0.00 % Gtotal(l=2) ave= 0.000E+00 +/- 0.00 % Gtotal(l=3) ave= 0.000E+00 +/- 0.00 %  % || Gg(l=0) ave= 2.473E+00 +/- 0.87 % Gg(l=1) ave= 1.709E+00 +/- 0.41 % Gg(l=2) ave= 0.000E+00 +/- 0.00 % Gg(l=3) ave= 0.000E+00 +/- 0.00 %  % || D(l=0) ave= 6.267E+03 +/- 0.00 % D(l=1) ave= 2.220E+03 +/- 0.00 % D(l=2) ave= 0.000E+00 +/- 0.00 % D(l=3) ave= 0.000E+00 +/- 0.00 %  % || S(l=0) ave= 5.380E-04 +/- 0.10 % S(l=1) ave= 2.320E-04 +/- 8.04 % S(l=2) ave= 0.000E+00 +/- 0.00 % S(l=3) ave= 0.000E+00 +/- 0.00 % 
 ... random file  191 Cap(th)  ave= 1.864E+01 b. +/- 2.79 % || Ela(th) ave= 8.014E+00 b. +/- 3.02 % || RIcap ave= 8.83E+00 b. +/- 2.80 % || Macs30 ave= 5.25E-02 b. +/- 1.45 % || Gn^0(l=0) ave= 7.381E+00 +/- 0.11 % Gn^0(l=1) ave= 6.414E+00 +/- 8.57 % Gn^0(l=2) ave= 0.000E+00 +/- 0.00 % Gn^0(l=3) ave= 0.000E+00 +/- 0.00 % || Gtotal(l=0) ave= 0.000E+00 +/- 0.00 % Gtotal(l=1) ave= 0.000E+00 +/- 0.00 % Gtotal(l=2) ave= 0.000E+00 +/- 0.00 % Gtotal(l=3) ave= 0.000E+00 +/- 0.00 %  % || Gg(l=0) ave= 2.473E+00 +/- 0.86 % Gg(l=1) ave= 1.709E+00 +/- 0.41 % Gg(l=2) ave= 0.000E+00 +/- 0.00 % Gg(l=3) ave= 0.000E+00 +/- 0.00 %  % || D(l=0) ave= 6.267E+03 +/- 0.00 % D(l=1) ave= 2.220E+03 +/- 0.00 % D(l=2) ave= 0.000E+00 +/- 0.00 % D(l=3) ave= 0.000E+00 +/- 0.00 %  % || S(l=0) ave= 5.380E-04 +/- 0.10 % S(l=1) ave= 2.321E-04 +/- 8.04 % S(l=2) ave= 0.000E+00 +/- 0.00 % S(l=3) ave= 0.000E+00 +/- 0.00 % 
 ... random file  192 Cap(th)  ave= 1.864E+01 b. +/- 2.79 % || Ela(th) ave= 8.014E+00 b. +/- 3.01 % || RIcap ave= 8.83E+00 b. +/- 2.79 % || Macs30 ave= 5.25E-02 b. +/- 1.44 % || Gn^0(l=0) ave= 7.381E+00 +/- 0.11 % Gn^0(l=1) ave= 6.411E+00 +/- 8.57 % Gn^0(l=2) ave= 0.000E+00 +/- 0.00 % Gn^0(l=3) ave= 0.000E+00 +/- 0.00 % || Gtotal(l=0) ave= 0.000E+00 +/- 0.00 % Gtotal(l=1) ave= 0.000E+00 +/- 0.00 % Gtotal(l=2) ave= 0.000E+00 +/- 0.00 % Gtotal(l=3) ave= 0.000E+00 +/- 0.00 %  % || Gg(l=0) ave= 2.473E+00 +/- 0.86 % Gg(l=1) ave= 1.709E+00 +/- 0.42 % Gg(l=2) ave= 0.000E+00 +/- 0.00 % Gg(l=3) ave= 0.000E+00 +/- 0.00 %  % || D(l=0) ave= 6.267E+03 +/- 0.00 % D(l=1) ave= 2.220E+03 +/- 0.00 % D(l=2) ave= 0.000E+00 +/- 0.00 % D(l=3) ave= 0.000E+00 +/- 0.00 %  % || S(l=0) ave= 5.380E-04 +/- 0.10 % S(l=1) ave= 2.320E-04 +/- 8.04 % S(l=2) ave= 0.000E+00 +/- 0.00 % S(l=3) ave= 0.000E+00 +/- 0.00 % 
 ... random file  193 Cap(th)  ave= 1.864E+01 b. +/- 2.80 % || Ela(th) ave= 8.013E+00 b. +/- 3.01 % || RIcap ave= 8.83E+00 b. +/- 2.81 % || Macs30 ave= 5.25E-02 b. +/- 1.45 % || Gn^0(l=0) ave= 7.381E+00 +/- 0.11 % Gn^0(l=1) ave= 6.414E+00 +/- 8.58 % Gn^0(l=2) ave= 0.000E+00 +/- 0.00 % Gn^0(l=3) ave= 0.000E+00 +/- 0.00 % || Gtotal(l=0) ave= 0.000E+00 +/- 0.00 % Gtotal(l=1) ave= 0.000E+00 +/- 0.00 % Gtotal(l=2) ave= 0.000E+00 +/- 0.00 % Gtotal(l=3) ave= 0.000E+00 +/- 0.00 %  % || Gg(l=0) ave= 2.473E+00 +/- 0.86 % Gg(l=1) ave= 1.709E+00 +/- 0.42 % Gg(l=2) ave= 0.000E+00 +/- 0.00 % Gg(l=3) ave= 0.000E+00 +/- 0.00 %  % || D(l=0) ave= 6.267E+03 +/- 0.00 % D(l=1) ave= 2.220E+03 +/- 0.00 % D(l=2) ave= 0.000E+00 +/- 0.00 % D(l=3) ave= 0.000E+00 +/- 0.00 %  % || S(l=0) ave= 5.380E-04 +/- 0.10 % S(l=1) ave= 2.321E-04 +/- 8.05 % S(l=2) ave= 0.000E+00 +/- 0.00 % S(l=3) ave= 0.000E+00 +/- 0.00 % 
 ... random file  194 Cap(th)  ave= 1.864E+01 b. +/- 2.79 % || Ela(th) ave= 8.012E+00 b. +/- 3.02 % || RIcap ave= 8.83E+00 b. +/- 2.80 % || Macs30 ave= 5.25E-02 b. +/- 1.45 % || Gn^0(l=0) ave= 7.381E+00 +/- 0.11 % Gn^0(l=1) ave= 6.415E+00 +/- 8.55 % Gn^0(l=2) ave= 0.000E+00 +/- 0.00 % Gn^0(l=3) ave= 0.000E+00 +/- 0.00 % || Gtotal(l=0) ave= 0.000E+00 +/- 0.00 % Gtotal(l=1) ave= 0.000E+00 +/- 0.00 % Gtotal(l=2) ave= 0.000E+00 +/- 0.00 % Gtotal(l=3) ave= 0.000E+00 +/- 0.00 %  % || Gg(l=0) ave= 2.473E+00 +/- 0.86 % Gg(l=1) ave= 1.709E+00 +/- 0.41 % Gg(l=2) ave= 0.000E+00 +/- 0.00 % Gg(l=3) ave= 0.000E+00 +/- 0.00 %  % || D(l=0) ave= 6.267E+03 +/- 0.00 % D(l=1) ave= 2.220E+03 +/- 0.00 % D(l=2) ave= 0.000E+00 +/- 0.00 % D(l=3) ave= 0.000E+00 +/- 0.00 %  % || S(l=0) ave= 5.380E-04 +/- 0.10 % S(l=1) ave= 2.322E-04 +/- 8.03 % S(l=2) ave= 0.000E+00 +/- 0.00 % S(l=3) ave= 0.000E+00 +/- 0.00 % 
 ... random file  195 Cap(th)  ave= 1.864E+01 b. +/- 2.79 % || Ela(th) ave= 8.010E+00 b. +/- 3.02 % || RIcap ave= 8.83E+00 b. +/- 2.80 % || Macs30 ave= 5.25E-02 b. +/- 1.45 % || Gn^0(l=0) ave= 7.381E+00 +/- 0.11 % Gn^0(l=1) ave= 6.418E+00 +/- 8.56 % Gn^0(l=2) ave= 0.000E+00 +/- 0.00 % Gn^0(l=3) ave= 0.000E+00 +/- 0.00 % || Gtotal(l=0) ave= 0.000E+00 +/- 0.00 % Gtotal(l=1) ave= 0.000E+00 +/- 0.00 % Gtotal(l=2) ave= 0.000E+00 +/- 0.00 % Gtotal(l=3) ave= 0.000E+00 +/- 0.00 %  % || Gg(l=0) ave= 2.473E+00 +/- 0.86 % Gg(l=1) ave= 1.709E+00 +/- 0.41 % Gg(l=2) ave= 0.000E+00 +/- 0.00 % Gg(l=3) ave= 0.000E+00 +/- 0.00 %  % || D(l=0) ave= 6.267E+03 +/- 0.00 % D(l=1) ave= 2.220E+03 +/- 0.00 % D(l=2) ave= 0.000E+00 +/- 0.00 % D(l=3) ave= 0.000E+00 +/- 0.00 %  % || S(l=0) ave= 5.380E-04 +/- 0.10 % S(l=1) ave= 2.323E-04 +/- 8.03 % S(l=2) ave= 0.000E+00 +/- 0.00 % S(l=3) ave= 0.000E+00 +/- 0.00 % 
 ... random file  196 Cap(th)  ave= 1.864E+01 b. +/- 2.78 % || Ela(th) ave= 8.009E+00 b. +/- 3.02 % || RIcap ave= 8.83E+00 b. +/- 2.79 % || Macs30 ave= 5.25E-02 b. +/- 1.45 % || Gn^0(l=0) ave= 7.381E+00 +/- 0.11 % Gn^0(l=1) ave= 6.415E+00 +/- 8.56 % Gn^0(l=2) ave= 0.000E+00 +/- 0.00 % Gn^0(l=3) ave= 0.000E+00 +/- 0.00 % || Gtotal(l=0) ave= 0.000E+00 +/- 0.00 % Gtotal(l=1) ave= 0.000E+00 +/- 0.00 % Gtotal(l=2) ave= 0.000E+00 +/- 0.00 % Gtotal(l=3) ave= 0.000E+00 +/- 0.00 %  % || Gg(l=0) ave= 2.473E+00 +/- 0.87 % Gg(l=1) ave= 1.709E+00 +/- 0.41 % Gg(l=2) ave= 0.000E+00 +/- 0.00 % Gg(l=3) ave= 0.000E+00 +/- 0.00 %  % || D(l=0) ave= 6.267E+03 +/- 0.00 % D(l=1) ave= 2.220E+03 +/- 0.00 % D(l=2) ave= 0.000E+00 +/- 0.00 % D(l=3) ave= 0.000E+00 +/- 0.00 %  % || S(l=0) ave= 5.380E-04 +/- 0.10 % S(l=1) ave= 2.322E-04 +/- 8.03 % S(l=2) ave= 0.000E+00 +/- 0.00 % S(l=3) ave= 0.000E+00 +/- 0.00 % 
 ... random file  197 Cap(th)  ave= 1.864E+01 b. +/- 2.78 % || Ela(th) ave= 8.006E+00 b. +/- 3.05 % || RIcap ave= 8.83E+00 b. +/- 2.79 % || Macs30 ave= 5.25E-02 b. +/- 1.45 % || Gn^0(l=0) ave= 7.381E+00 +/- 0.11 % Gn^0(l=1) ave= 6.420E+00 +/- 8.59 % Gn^0(l=2) ave= 0.000E+00 +/- 0.00 % Gn^0(l=3) ave= 0.000E+00 +/- 0.00 % || Gtotal(l=0) ave= 0.000E+00 +/- 0.00 % Gtotal(l=1) ave= 0.000E+00 +/- 0.00 % Gtotal(l=2) ave= 0.000E+00 +/- 0.00 % Gtotal(l=3) ave= 0.000E+00 +/- 0.00 %  % || Gg(l=0) ave= 2.474E+00 +/- 0.87 % Gg(l=1) ave= 1.709E+00 +/- 0.41 % Gg(l=2) ave= 0.000E+00 +/- 0.00 % Gg(l=3) ave= 0.000E+00 +/- 0.00 %  % || D(l=0) ave= 6.267E+03 +/- 0.00 % D(l=1) ave= 2.220E+03 +/- 0.00 % D(l=2) ave= 0.000E+00 +/- 0.00 % D(l=3) ave= 0.000E+00 +/- 0.00 %  % || S(l=0) ave= 5.380E-04 +/- 0.10 % S(l=1) ave= 2.324E-04 +/- 8.06 % S(l=2) ave= 0.000E+00 +/- 0.00 % S(l=3) ave= 0.000E+00 +/- 0.00 % 
 ... random file  198 Cap(th)  ave= 1.864E+01 b. +/- 2.77 % || Ela(th) ave= 8.007E+00 b. +/- 3.05 % || RIcap ave= 8.83E+00 b. +/- 2.78 % || Macs30 ave= 5.25E-02 b. +/- 1.44 % || Gn^0(l=0) ave= 7.381E+00 +/- 0.11 % Gn^0(l=1) ave= 6.422E+00 +/- 8.58 % Gn^0(l=2) ave= 0.000E+00 +/- 0.00 % Gn^0(l=3) ave= 0.000E+00 +/- 0.00 % || Gtotal(l=0) ave= 0.000E+00 +/- 0.00 % Gtotal(l=1) ave= 0.000E+00 +/- 0.00 % Gtotal(l=2) ave= 0.000E+00 +/- 0.00 % Gtotal(l=3) ave= 0.000E+00 +/- 0.00 %  % || Gg(l=0) ave= 2.474E+00 +/- 0.87 % Gg(l=1) ave= 1.709E+00 +/- 0.41 % Gg(l=2) ave= 0.000E+00 +/- 0.00 % Gg(l=3) ave= 0.000E+00 +/- 0.00 %  % || D(l=0) ave= 6.267E+03 +/- 0.00 % D(l=1) ave= 2.220E+03 +/- 0.00 % D(l=2) ave= 0.000E+00 +/- 0.00 % D(l=3) ave= 0.000E+00 +/- 0.00 %  % || S(l=0) ave= 5.380E-04 +/- 0.10 % S(l=1) ave= 2.324E-04 +/- 8.05 % S(l=2) ave= 0.000E+00 +/- 0.00 % S(l=3) ave= 0.000E+00 +/- 0.00 % 
 ... random file  199 Cap(th)  ave= 1.864E+01 b. +/- 2.77 % || Ela(th) ave= 8.008E+00 b. +/- 3.05 % || RIcap ave= 8.83E+00 b. +/- 2.78 % || Macs30 ave= 5.25E-02 b. +/- 1.44 % || Gn^0(l=0) ave= 7.381E+00 +/- 0.11 % Gn^0(l=1) ave= 6.424E+00 +/- 8.56 % Gn^0(l=2) ave= 0.000E+00 +/- 0.00 % Gn^0(l=3) ave= 0.000E+00 +/- 0.00 % || Gtotal(l=0) ave= 0.000E+00 +/- 0.00 % Gtotal(l=1) ave= 0.000E+00 +/- 0.00 % Gtotal(l=2) ave= 0.000E+00 +/- 0.00 % Gtotal(l=3) ave= 0.000E+00 +/- 0.00 %  % || Gg(l=0) ave= 2.474E+00 +/- 0.87 % Gg(l=1) ave= 1.709E+00 +/- 0.41 % Gg(l=2) ave= 0.000E+00 +/- 0.00 % Gg(l=3) ave= 0.000E+00 +/- 0.00 %  % || D(l=0) ave= 6.267E+03 +/- 0.00 % D(l=1) ave= 2.220E+03 +/- 0.00 % D(l=2) ave= 0.000E+00 +/- 0.00 % D(l=3) ave= 0.000E+00 +/- 0.00 %  % || S(l=0) ave= 5.380E-04 +/- 0.10 % S(l=1) ave= 2.325E-04 +/- 8.03 % S(l=2) ave= 0.000E+00 +/- 0.00 % S(l=3) ave= 0.000E+00 +/- 0.00 % 
 ... random file  200 Cap(th)  ave= 1.864E+01 b. +/- 2.76 % || Ela(th) ave= 8.007E+00 b. +/- 3.05 % || RIcap ave= 8.83E+00 b. +/- 2.77 % || Macs30 ave= 5.25E-02 b. +/- 1.44 % || Gn^0(l=0) ave= 7.381E+00 +/- 0.11 % Gn^0(l=1) ave= 6.421E+00 +/- 8.57 % Gn^0(l=2) ave= 0.000E+00 +/- 0.00 % Gn^0(l=3) ave= 0.000E+00 +/- 0.00 % || Gtotal(l=0) ave= 0.000E+00 +/- 0.00 % Gtotal(l=1) ave= 0.000E+00 +/- 0.00 % Gtotal(l=2) ave= 0.000E+00 +/- 0.00 % Gtotal(l=3) ave= 0.000E+00 +/- 0.00 %  % || Gg(l=0) ave= 2.473E+00 +/- 0.87 % Gg(l=1) ave= 1.709E+00 +/- 0.41 % Gg(l=2) ave= 0.000E+00 +/- 0.00 % Gg(l=3) ave= 0.000E+00 +/- 0.00 %  % || D(l=0) ave= 6.267E+03 +/- 0.00 % D(l=1) ave= 2.220E+03 +/- 0.00 % D(l=2) ave= 0.000E+00 +/- 0.00 % D(l=3) ave= 0.000E+00 +/- 0.00 %  % || S(l=0) ave= 5.380E-04 +/- 0.10 % S(l=1) ave= 2.324E-04 +/- 8.04 % S(l=2) ave= 0.000E+00 +/- 0.00 % S(l=3) ave= 0.000E+00 +/- 0.00 % 
 ... random file  201 Cap(th)  ave= 1.864E+01 b. +/- 2.76 % || Ela(th) ave= 8.008E+00 b. +/- 3.04 % || RIcap ave= 8.83E+00 b. +/- 2.77 % || Macs30 ave= 5.25E-02 b. +/- 1.44 % || Gn^0(l=0) ave= 7.381E+00 +/- 0.11 % Gn^0(l=1) ave= 6.422E+00 +/- 8.56 % Gn^0(l=2) ave= 0.000E+00 +/- 0.00 % Gn^0(l=3) ave= 0.000E+00 +/- 0.00 % || Gtotal(l=0) ave= 0.000E+00 +/- 0.00 % Gtotal(l=1) ave= 0.000E+00 +/- 0.00 % Gtotal(l=2) ave= 0.000E+00 +/- 0.00 % Gtotal(l=3) ave= 0.000E+00 +/- 0.00 %  % || Gg(l=0) ave= 2.473E+00 +/- 0.87 % Gg(l=1) ave= 1.709E+00 +/- 0.42 % Gg(l=2) ave= 0.000E+00 +/- 0.00 % Gg(l=3) ave= 0.000E+00 +/- 0.00 %  % || D(l=0) ave= 6.267E+03 +/- 0.00 % D(l=1) ave= 2.220E+03 +/- 0.00 % D(l=2) ave= 0.000E+00 +/- 0.00 % D(l=3) ave= 0.000E+00 +/- 0.00 %  % || S(l=0) ave= 5.380E-04 +/- 0.10 % S(l=1) ave= 2.324E-04 +/- 8.02 % S(l=2) ave= 0.000E+00 +/- 0.00 % S(l=3) ave= 0.000E+00 +/- 0.00 % 
 ... random file  202 Cap(th)  ave= 1.864E+01 b. +/- 2.76 % || Ela(th) ave= 8.008E+00 b. +/- 3.04 % || RIcap ave= 8.83E+00 b. +/- 2.76 % || Macs30 ave= 5.25E-02 b. +/- 1.43 % || Gn^0(l=0) ave= 7.381E+00 +/- 0.11 % Gn^0(l=1) ave= 6.421E+00 +/- 8.54 % Gn^0(l=2) ave= 0.000E+00 +/- 0.00 % Gn^0(l=3) ave= 0.000E+00 +/- 0.00 % || Gtotal(l=0) ave= 0.000E+00 +/- 0.00 % Gtotal(l=1) ave= 0.000E+00 +/- 0.00 % Gtotal(l=2) ave= 0.000E+00 +/- 0.00 % Gtotal(l=3) ave= 0.000E+00 +/- 0.00 %  % || Gg(l=0) ave= 2.473E+00 +/- 0.87 % Gg(l=1) ave= 1.709E+00 +/- 0.42 % Gg(l=2) ave= 0.000E+00 +/- 0.00 % Gg(l=3) ave= 0.000E+00 +/- 0.00 %  % || D(l=0) ave= 6.267E+03 +/- 0.00 % D(l=1) ave= 2.220E+03 +/- 0.00 % D(l=2) ave= 0.000E+00 +/- 0.00 % D(l=3) ave= 0.000E+00 +/- 0.00 %  % || S(l=0) ave= 5.380E-04 +/- 0.10 % S(l=1) ave= 2.324E-04 +/- 8.01 % S(l=2) ave= 0.000E+00 +/- 0.00 % S(l=3) ave= 0.000E+00 +/- 0.00 % 
 ... random file  203 Cap(th)  ave= 1.864E+01 b. +/- 2.75 % || Ela(th) ave= 8.008E+00 b. +/- 3.03 % || RIcap ave= 8.83E+00 b. +/- 2.76 % || Macs30 ave= 5.25E-02 b. +/- 1.44 % || Gn^0(l=0) ave= 7.381E+00 +/- 0.11 % Gn^0(l=1) ave= 6.422E+00 +/- 8.52 % Gn^0(l=2) ave= 0.000E+00 +/- 0.00 % Gn^0(l=3) ave= 0.000E+00 +/- 0.00 % || Gtotal(l=0) ave= 0.000E+00 +/- 0.00 % Gtotal(l=1) ave= 0.000E+00 +/- 0.00 % Gtotal(l=2) ave= 0.000E+00 +/- 0.00 % Gtotal(l=3) ave= 0.000E+00 +/- 0.00 %  % || Gg(l=0) ave= 2.473E+00 +/- 0.87 % Gg(l=1) ave= 1.709E+00 +/- 0.42 % Gg(l=2) ave= 0.000E+00 +/- 0.00 % Gg(l=3) ave= 0.000E+00 +/- 0.00 %  % || D(l=0) ave= 6.267E+03 +/- 0.00 % D(l=1) ave= 2.220E+03 +/- 0.00 % D(l=2) ave= 0.000E+00 +/- 0.00 % D(l=3) ave= 0.000E+00 +/- 0.00 %  % || S(l=0) ave= 5.380E-04 +/- 0.10 % S(l=1) ave= 2.324E-04 +/- 7.99 % S(l=2) ave= 0.000E+00 +/- 0.00 % S(l=3) ave= 0.000E+00 +/- 0.00 % 
 ... random file  204 Cap(th)  ave= 1.863E+01 b. +/- 2.76 % || Ela(th) ave= 8.008E+00 b. +/- 3.02 % || RIcap ave= 8.83E+00 b. +/- 2.77 % || Macs30 ave= 5.24E-02 b. +/- 1.45 % || Gn^0(l=0) ave= 7.381E+00 +/- 0.11 % Gn^0(l=1) ave= 6.426E+00 +/- 8.54 % Gn^0(l=2) ave= 0.000E+00 +/- 0.00 % Gn^0(l=3) ave= 0.000E+00 +/- 0.00 % || Gtotal(l=0) ave= 0.000E+00 +/- 0.00 % Gtotal(l=1) ave= 0.000E+00 +/- 0.00 % Gtotal(l=2) ave= 0.000E+00 +/- 0.00 % Gtotal(l=3) ave= 0.000E+00 +/- 0.00 %  % || Gg(l=0) ave= 2.473E+00 +/- 0.87 % Gg(l=1) ave= 1.709E+00 +/- 0.42 % Gg(l=2) ave= 0.000E+00 +/- 0.00 % Gg(l=3) ave= 0.000E+00 +/- 0.00 %  % || D(l=0) ave= 6.267E+03 +/- 0.00 % D(l=1) ave= 2.220E+03 +/- 0.00 % D(l=2) ave= 0.000E+00 +/- 0.00 % D(l=3) ave= 0.000E+00 +/- 0.00 %  % || S(l=0) ave= 5.380E-04 +/- 0.10 % S(l=1) ave= 2.326E-04 +/- 8.01 % S(l=2) ave= 0.000E+00 +/- 0.00 % S(l=3) ave= 0.000E+00 +/- 0.00 % 
 ... random file  205 Cap(th)  ave= 1.863E+01 b. +/- 2.76 % || Ela(th) ave= 8.009E+00 b. +/- 3.02 % || RIcap ave= 8.83E+00 b. +/- 2.77 % || Macs30 ave= 5.24E-02 b. +/- 1.45 % || Gn^0(l=0) ave= 7.381E+00 +/- 0.11 % Gn^0(l=1) ave= 6.425E+00 +/- 8.52 % Gn^0(l=2) ave= 0.000E+00 +/- 0.00 % Gn^0(l=3) ave= 0.000E+00 +/- 0.00 % || Gtotal(l=0) ave= 0.000E+00 +/- 0.00 % Gtotal(l=1) ave= 0.000E+00 +/- 0.00 % Gtotal(l=2) ave= 0.000E+00 +/- 0.00 % Gtotal(l=3) ave= 0.000E+00 +/- 0.00 %  % || Gg(l=0) ave= 2.473E+00 +/- 0.87 % Gg(l=1) ave= 1.709E+00 +/- 0.42 % Gg(l=2) ave= 0.000E+00 +/- 0.00 % Gg(l=3) ave= 0.000E+00 +/- 0.00 %  % || D(l=0) ave= 6.267E+03 +/- 0.00 % D(l=1) ave= 2.220E+03 +/- 0.00 % D(l=2) ave= 0.000E+00 +/- 0.00 % D(l=3) ave= 0.000E+00 +/- 0.00 %  % || S(l=0) ave= 5.380E-04 +/- 0.10 % S(l=1) ave= 2.325E-04 +/- 7.99 % S(l=2) ave= 0.000E+00 +/- 0.00 % S(l=3) ave= 0.000E+00 +/- 0.00 % 
 ... random file  206 Cap(th)  ave= 1.863E+01 b. +/- 2.75 % || Ela(th) ave= 8.011E+00 b. +/- 3.02 % || RIcap ave= 8.83E+00 b. +/- 2.76 % || Macs30 ave= 5.24E-02 b. +/- 1.45 % || Gn^0(l=0) ave= 7.381E+00 +/- 0.11 % Gn^0(l=1) ave= 6.424E+00 +/- 8.51 % Gn^0(l=2) ave= 0.000E+00 +/- 0.00 % Gn^0(l=3) ave= 0.000E+00 +/- 0.00 % || Gtotal(l=0) ave= 0.000E+00 +/- 0.00 % Gtotal(l=1) ave= 0.000E+00 +/- 0.00 % Gtotal(l=2) ave= 0.000E+00 +/- 0.00 % Gtotal(l=3) ave= 0.000E+00 +/- 0.00 %  % || Gg(l=0) ave= 2.473E+00 +/- 0.87 % Gg(l=1) ave= 1.709E+00 +/- 0.42 % Gg(l=2) ave= 0.000E+00 +/- 0.00 % Gg(l=3) ave= 0.000E+00 +/- 0.00 %  % || D(l=0) ave= 6.267E+03 +/- 0.00 % D(l=1) ave= 2.220E+03 +/- 0.00 % D(l=2) ave= 0.000E+00 +/- 0.00 % D(l=3) ave= 0.000E+00 +/- 0.00 %  % || S(l=0) ave= 5.380E-04 +/- 0.10 % S(l=1) ave= 2.325E-04 +/- 7.98 % S(l=2) ave= 0.000E+00 +/- 0.00 % S(l=3) ave= 0.000E+00 +/- 0.00 % 
 ... random file  207 Cap(th)  ave= 1.863E+01 b. +/- 2.74 % || Ela(th) ave= 8.009E+00 b. +/- 3.02 % || RIcap ave= 8.83E+00 b. +/- 2.75 % || Macs30 ave= 5.24E-02 b. +/- 1.44 % || Gn^0(l=0) ave= 7.381E+00 +/- 0.11 % Gn^0(l=1) ave= 6.424E+00 +/- 8.49 % Gn^0(l=2) ave= 0.000E+00 +/- 0.00 % Gn^0(l=3) ave= 0.000E+00 +/- 0.00 % || Gtotal(l=0) ave= 0.000E+00 +/- 0.00 % Gtotal(l=1) ave= 0.000E+00 +/- 0.00 % Gtotal(l=2) ave= 0.000E+00 +/- 0.00 % Gtotal(l=3) ave= 0.000E+00 +/- 0.00 %  % || Gg(l=0) ave= 2.473E+00 +/- 0.87 % Gg(l=1) ave= 1.709E+00 +/- 0.43 % Gg(l=2) ave= 0.000E+00 +/- 0.00 % Gg(l=3) ave= 0.000E+00 +/- 0.00 %  % || D(l=0) ave= 6.267E+03 +/- 0.00 % D(l=1) ave= 2.220E+03 +/- 0.00 % D(l=2) ave= 0.000E+00 +/- 0.00 % D(l=3) ave= 0.000E+00 +/- 0.00 %  % || S(l=0) ave= 5.380E-04 +/- 0.10 % S(l=1) ave= 2.325E-04 +/- 7.96 % S(l=2) ave= 0.000E+00 +/- 0.00 % S(l=3) ave= 0.000E+00 +/- 0.00 % 
 ... random file  208 Cap(th)  ave= 1.863E+01 b. +/- 2.74 % || Ela(th) ave= 8.009E+00 b. +/- 3.02 % || RIcap ave= 8.83E+00 b. +/- 2.75 % || Macs30 ave= 5.24E-02 b. +/- 1.44 % || Gn^0(l=0) ave= 7.381E+00 +/- 0.11 % Gn^0(l=1) ave= 6.425E+00 +/- 8.47 % Gn^0(l=2) ave= 0.000E+00 +/- 0.00 % Gn^0(l=3) ave= 0.000E+00 +/- 0.00 % || Gtotal(l=0) ave= 0.000E+00 +/- 0.00 % Gtotal(l=1) ave= 0.000E+00 +/- 0.00 % Gtotal(l=2) ave= 0.000E+00 +/- 0.00 % Gtotal(l=3) ave= 0.000E+00 +/- 0.00 %  % || Gg(l=0) ave= 2.474E+00 +/- 0.87 % Gg(l=1) ave= 1.709E+00 +/- 0.42 % Gg(l=2) ave= 0.000E+00 +/- 0.00 % Gg(l=3) ave= 0.000E+00 +/- 0.00 %  % || D(l=0) ave= 6.267E+03 +/- 0.00 % D(l=1) ave= 2.220E+03 +/- 0.00 % D(l=2) ave= 0.000E+00 +/- 0.00 % D(l=3) ave= 0.000E+00 +/- 0.00 %  % || S(l=0) ave= 5.380E-04 +/- 0.10 % S(l=1) ave= 2.325E-04 +/- 7.94 % S(l=2) ave= 0.000E+00 +/- 0.00 % S(l=3) ave= 0.000E+00 +/- 0.00 % 
 ... random file  209 Cap(th)  ave= 1.863E+01 b. +/- 2.74 % || Ela(th) ave= 8.009E+00 b. +/- 3.01 % || RIcap ave= 8.83E+00 b. +/- 2.74 % || Macs30 ave= 5.24E-02 b. +/- 1.44 % || Gn^0(l=0) ave= 7.381E+00 +/- 0.11 % Gn^0(l=1) ave= 6.428E+00 +/- 8.47 % Gn^0(l=2) ave= 0.000E+00 +/- 0.00 % Gn^0(l=3) ave= 0.000E+00 +/- 0.00 % || Gtotal(l=0) ave= 0.000E+00 +/- 0.00 % Gtotal(l=1) ave= 0.000E+00 +/- 0.00 % Gtotal(l=2) ave= 0.000E+00 +/- 0.00 % Gtotal(l=3) ave= 0.000E+00 +/- 0.00 %  % || Gg(l=0) ave= 2.474E+00 +/- 0.87 % Gg(l=1) ave= 1.709E+00 +/- 0.42 % Gg(l=2) ave= 0.000E+00 +/- 0.00 % Gg(l=3) ave= 0.000E+00 +/- 0.00 %  % || D(l=0) ave= 6.267E+03 +/- 0.00 % D(l=1) ave= 2.220E+03 +/- 0.00 % D(l=2) ave= 0.000E+00 +/- 0.00 % D(l=3) ave= 0.000E+00 +/- 0.00 %  % || S(l=0) ave= 5.380E-04 +/- 0.10 % S(l=1) ave= 2.326E-04 +/- 7.95 % S(l=2) ave= 0.000E+00 +/- 0.00 % S(l=3) ave= 0.000E+00 +/- 0.00 % 
 ... random file  210 Cap(th)  ave= 1.864E+01 b. +/- 2.73 % || Ela(th) ave= 8.009E+00 b. +/- 3.00 % || RIcap ave= 8.83E+00 b. +/- 2.74 % || Macs30 ave= 5.24E-02 b. +/- 1.44 % || Gn^0(l=0) ave= 7.381E+00 +/- 0.11 % Gn^0(l=1) ave= 6.427E+00 +/- 8.46 % Gn^0(l=2) ave= 0.000E+00 +/- 0.00 % Gn^0(l=3) ave= 0.000E+00 +/- 0.00 % || Gtotal(l=0) ave= 0.000E+00 +/- 0.00 % Gtotal(l=1) ave= 0.000E+00 +/- 0.00 % Gtotal(l=2) ave= 0.000E+00 +/- 0.00 % Gtotal(l=3) ave= 0.000E+00 +/- 0.00 %  % || Gg(l=0) ave= 2.474E+00 +/- 0.87 % Gg(l=1) ave= 1.709E+00 +/- 0.42 % Gg(l=2) ave= 0.000E+00 +/- 0.00 % Gg(l=3) ave= 0.000E+00 +/- 0.00 %  % || D(l=0) ave= 6.267E+03 +/- 0.00 % D(l=1) ave= 2.220E+03 +/- 0.00 % D(l=2) ave= 0.000E+00 +/- 0.00 % D(l=3) ave= 0.000E+00 +/- 0.00 %  % || S(l=0) ave= 5.380E-04 +/- 0.10 % S(l=1) ave= 2.326E-04 +/- 7.93 % S(l=2) ave= 0.000E+00 +/- 0.00 % S(l=3) ave= 0.000E+00 +/- 0.00 % 
 ... random file  211 Cap(th)  ave= 1.864E+01 b. +/- 2.73 % || Ela(th) ave= 8.009E+00 b. +/- 3.00 % || RIcap ave= 8.83E+00 b. +/- 2.74 % || Macs30 ave= 5.24E-02 b. +/- 1.43 % || Gn^0(l=0) ave= 7.381E+00 +/- 0.11 % Gn^0(l=1) ave= 6.427E+00 +/- 8.44 % Gn^0(l=2) ave= 0.000E+00 +/- 0.00 % Gn^0(l=3) ave= 0.000E+00 +/- 0.00 % || Gtotal(l=0) ave= 0.000E+00 +/- 0.00 % Gtotal(l=1) ave= 0.000E+00 +/- 0.00 % Gtotal(l=2) ave= 0.000E+00 +/- 0.00 % Gtotal(l=3) ave= 0.000E+00 +/- 0.00 %  % || Gg(l=0) ave= 2.474E+00 +/- 0.87 % Gg(l=1) ave= 1.709E+00 +/- 0.42 % Gg(l=2) ave= 0.000E+00 +/- 0.00 % Gg(l=3) ave= 0.000E+00 +/- 0.00 %  % || D(l=0) ave= 6.267E+03 +/- 0.00 % D(l=1) ave= 2.220E+03 +/- 0.00 % D(l=2) ave= 0.000E+00 +/- 0.00 % D(l=3) ave= 0.000E+00 +/- 0.00 %  % || S(l=0) ave= 5.380E-04 +/- 0.10 % S(l=1) ave= 2.326E-04 +/- 7.91 % S(l=2) ave= 0.000E+00 +/- 0.00 % S(l=3) ave= 0.000E+00 +/- 0.00 % 
 ... random file  212 Cap(th)  ave= 1.864E+01 b. +/- 2.73 % || Ela(th) ave= 8.007E+00 b. +/- 3.01 % || RIcap ave= 8.83E+00 b. +/- 2.74 % || Macs30 ave= 5.24E-02 b. +/- 1.43 % || Gn^0(l=0) ave= 7.381E+00 +/- 0.11 % Gn^0(l=1) ave= 6.427E+00 +/- 8.42 % Gn^0(l=2) ave= 0.000E+00 +/- 0.00 % Gn^0(l=3) ave= 0.000E+00 +/- 0.00 % || Gtotal(l=0) ave= 0.000E+00 +/- 0.00 % Gtotal(l=1) ave= 0.000E+00 +/- 0.00 % Gtotal(l=2) ave= 0.000E+00 +/- 0.00 % Gtotal(l=3) ave= 0.000E+00 +/- 0.00 %  % || Gg(l=0) ave= 2.474E+00 +/- 0.87 % Gg(l=1) ave= 1.709E+00 +/- 0.42 % Gg(l=2) ave= 0.000E+00 +/- 0.00 % Gg(l=3) ave= 0.000E+00 +/- 0.00 %  % || D(l=0) ave= 6.267E+03 +/- 0.00 % D(l=1) ave= 2.220E+03 +/- 0.00 % D(l=2) ave= 0.000E+00 +/- 0.00 % D(l=3) ave= 0.000E+00 +/- 0.00 %  % || S(l=0) ave= 5.380E-04 +/- 0.10 % S(l=1) ave= 2.326E-04 +/- 7.90 % S(l=2) ave= 0.000E+00 +/- 0.00 % S(l=3) ave= 0.000E+00 +/- 0.00 % 
 ... random file  213 Cap(th)  ave= 1.864E+01 b. +/- 2.73 % || Ela(th) ave= 8.007E+00 b. +/- 3.01 % || RIcap ave= 8.83E+00 b. +/- 2.74 % || Macs30 ave= 5.24E-02 b. +/- 1.43 % || Gn^0(l=0) ave= 7.381E+00 +/- 0.11 % Gn^0(l=1) ave= 6.424E+00 +/- 8.43 % Gn^0(l=2) ave= 0.000E+00 +/- 0.00 % Gn^0(l=3) ave= 0.000E+00 +/- 0.00 % || Gtotal(l=0) ave= 0.000E+00 +/- 0.00 % Gtotal(l=1) ave= 0.000E+00 +/- 0.00 % Gtotal(l=2) ave= 0.000E+00 +/- 0.00 % Gtotal(l=3) ave= 0.000E+00 +/- 0.00 %  % || Gg(l=0) ave= 2.474E+00 +/- 0.87 % Gg(l=1) ave= 1.709E+00 +/- 0.42 % Gg(l=2) ave= 0.000E+00 +/- 0.00 % Gg(l=3) ave= 0.000E+00 +/- 0.00 %  % || D(l=0) ave= 6.267E+03 +/- 0.00 % D(l=1) ave= 2.220E+03 +/- 0.00 % D(l=2) ave= 0.000E+00 +/- 0.00 % D(l=3) ave= 0.000E+00 +/- 0.00 %  % || S(l=0) ave= 5.380E-04 +/- 0.10 % S(l=1) ave= 2.325E-04 +/- 7.90 % S(l=2) ave= 0.000E+00 +/- 0.00 % S(l=3) ave= 0.000E+00 +/- 0.00 % 
 ... random file  214 Cap(th)  ave= 1.864E+01 b. +/- 2.72 % || Ela(th) ave= 8.007E+00 b. +/- 3.00 % || RIcap ave= 8.83E+00 b. +/- 2.73 % || Macs30 ave= 5.24E-02 b. +/- 1.43 % || Gn^0(l=0) ave= 7.381E+00 +/- 0.11 % Gn^0(l=1) ave= 6.421E+00 +/- 8.44 % Gn^0(l=2) ave= 0.000E+00 +/- 0.00 % Gn^0(l=3) ave= 0.000E+00 +/- 0.00 % || Gtotal(l=0) ave= 0.000E+00 +/- 0.00 % Gtotal(l=1) ave= 0.000E+00 +/- 0.00 % Gtotal(l=2) ave= 0.000E+00 +/- 0.00 % Gtotal(l=3) ave= 0.000E+00 +/- 0.00 %  % || Gg(l=0) ave= 2.474E+00 +/- 0.87 % Gg(l=1) ave= 1.709E+00 +/- 0.42 % Gg(l=2) ave= 0.000E+00 +/- 0.00 % Gg(l=3) ave= 0.000E+00 +/- 0.00 %  % || D(l=0) ave= 6.267E+03 +/- 0.00 % D(l=1) ave= 2.220E+03 +/- 0.00 % D(l=2) ave= 0.000E+00 +/- 0.00 % D(l=3) ave= 0.000E+00 +/- 0.00 %  % || S(l=0) ave= 5.380E-04 +/- 0.10 % S(l=1) ave= 2.324E-04 +/- 7.91 % S(l=2) ave= 0.000E+00 +/- 0.00 % S(l=3) ave= 0.000E+00 +/- 0.00 % 
 ... random file  215 Cap(th)  ave= 1.864E+01 b. +/- 2.73 % || Ela(th) ave= 8.007E+00 b. +/- 2.99 % || RIcap ave= 8.83E+00 b. +/- 2.74 % || Macs30 ave= 5.25E-02 b. +/- 1.43 % || Gn^0(l=0) ave= 7.381E+00 +/- 0.11 % Gn^0(l=1) ave= 6.424E+00 +/- 8.44 % Gn^0(l=2) ave= 0.000E+00 +/- 0.00 % Gn^0(l=3) ave= 0.000E+00 +/- 0.00 % || Gtotal(l=0) ave= 0.000E+00 +/- 0.00 % Gtotal(l=1) ave= 0.000E+00 +/- 0.00 % Gtotal(l=2) ave= 0.000E+00 +/- 0.00 % Gtotal(l=3) ave= 0.000E+00 +/- 0.00 %  % || Gg(l=0) ave= 2.474E+00 +/- 0.87 % Gg(l=1) ave= 1.709E+00 +/- 0.42 % Gg(l=2) ave= 0.000E+00 +/- 0.00 % Gg(l=3) ave= 0.000E+00 +/- 0.00 %  % || D(l=0) ave= 6.267E+03 +/- 0.00 % D(l=1) ave= 2.220E+03 +/- 0.00 % D(l=2) ave= 0.000E+00 +/- 0.00 % D(l=3) ave= 0.000E+00 +/- 0.00 %  % || S(l=0) ave= 5.380E-04 +/- 0.10 % S(l=1) ave= 2.325E-04 +/- 7.92 % S(l=2) ave= 0.000E+00 +/- 0.00 % S(l=3) ave= 0.000E+00 +/- 0.00 % 
 ... random file  216 Cap(th)  ave= 1.864E+01 b. +/- 2.72 % || Ela(th) ave= 8.006E+00 b. +/- 3.00 % || RIcap ave= 8.83E+00 b. +/- 2.73 % || Macs30 ave= 5.24E-02 b. +/- 1.43 % || Gn^0(l=0) ave= 7.381E+00 +/- 0.11 % Gn^0(l=1) ave= 6.422E+00 +/- 8.45 % Gn^0(l=2) ave= 0.000E+00 +/- 0.00 % Gn^0(l=3) ave= 0.000E+00 +/- 0.00 % || Gtotal(l=0) ave= 0.000E+00 +/- 0.00 % Gtotal(l=1) ave= 0.000E+00 +/- 0.00 % Gtotal(l=2) ave= 0.000E+00 +/- 0.00 % Gtotal(l=3) ave= 0.000E+00 +/- 0.00 %  % || Gg(l=0) ave= 2.474E+00 +/- 0.87 % Gg(l=1) ave= 1.709E+00 +/- 0.42 % Gg(l=2) ave= 0.000E+00 +/- 0.00 % Gg(l=3) ave= 0.000E+00 +/- 0.00 %  % || D(l=0) ave= 6.267E+03 +/- 0.00 % D(l=1) ave= 2.220E+03 +/- 0.00 % D(l=2) ave= 0.000E+00 +/- 0.00 % D(l=3) ave= 0.000E+00 +/- 0.00 %  % || S(l=0) ave= 5.380E-04 +/- 0.10 % S(l=1) ave= 2.324E-04 +/- 7.93 % S(l=2) ave= 0.000E+00 +/- 0.00 % S(l=3) ave= 0.000E+00 +/- 0.00 % 
 ... random file  217 Cap(th)  ave= 1.864E+01 b. +/- 2.73 % || Ela(th) ave= 8.006E+00 b. +/- 2.99 % || RIcap ave= 8.83E+00 b. +/- 2.73 % || Macs30 ave= 5.24E-02 b. +/- 1.42 % || Gn^0(l=0) ave= 7.381E+00 +/- 0.11 % Gn^0(l=1) ave= 6.421E+00 +/- 8.43 % Gn^0(l=2) ave= 0.000E+00 +/- 0.00 % Gn^0(l=3) ave= 0.000E+00 +/- 0.00 % || Gtotal(l=0) ave= 0.000E+00 +/- 0.00 % Gtotal(l=1) ave= 0.000E+00 +/- 0.00 % Gtotal(l=2) ave= 0.000E+00 +/- 0.00 % Gtotal(l=3) ave= 0.000E+00 +/- 0.00 %  % || Gg(l=0) ave= 2.474E+00 +/- 0.87 % Gg(l=1) ave= 1.709E+00 +/- 0.42 % Gg(l=2) ave= 0.000E+00 +/- 0.00 % Gg(l=3) ave= 0.000E+00 +/- 0.00 %  % || D(l=0) ave= 6.267E+03 +/- 0.00 % D(l=1) ave= 2.220E+03 +/- 0.00 % D(l=2) ave= 0.000E+00 +/- 0.00 % D(l=3) ave= 0.000E+00 +/- 0.00 %  % || S(l=0) ave= 5.380E-04 +/- 0.10 % S(l=1) ave= 2.324E-04 +/- 7.91 % S(l=2) ave= 0.000E+00 +/- 0.00 % S(l=3) ave= 0.000E+00 +/- 0.00 % 
 ... random file  218 Cap(th)  ave= 1.864E+01 b. +/- 2.72 % || Ela(th) ave= 8.006E+00 b. +/- 2.99 % || RIcap ave= 8.83E+00 b. +/- 2.73 % || Macs30 ave= 5.25E-02 b. +/- 1.43 % || Gn^0(l=0) ave= 7.381E+00 +/- 0.11 % Gn^0(l=1) ave= 6.419E+00 +/- 8.43 % Gn^0(l=2) ave= 0.000E+00 +/- 0.00 % Gn^0(l=3) ave= 0.000E+00 +/- 0.00 % || Gtotal(l=0) ave= 0.000E+00 +/- 0.00 % Gtotal(l=1) ave= 0.000E+00 +/- 0.00 % Gtotal(l=2) ave= 0.000E+00 +/- 0.00 % Gtotal(l=3) ave= 0.000E+00 +/- 0.00 %  % || Gg(l=0) ave= 2.474E+00 +/- 0.87 % Gg(l=1) ave= 1.709E+00 +/- 0.42 % Gg(l=2) ave= 0.000E+00 +/- 0.00 % Gg(l=3) ave= 0.000E+00 +/- 0.00 %  % || D(l=0) ave= 6.267E+03 +/- 0.00 % D(l=1) ave= 2.220E+03 +/- 0.00 % D(l=2) ave= 0.000E+00 +/- 0.00 % D(l=3) ave= 0.000E+00 +/- 0.00 %  % || S(l=0) ave= 5.380E-04 +/- 0.10 % S(l=1) ave= 2.323E-04 +/- 7.91 % S(l=2) ave= 0.000E+00 +/- 0.00 % S(l=3) ave= 0.000E+00 +/- 0.00 % 
 ... random file  219 Cap(th)  ave= 1.864E+01 b. +/- 2.72 % || Ela(th) ave= 8.005E+00 b. +/- 2.99 % || RIcap ave= 8.83E+00 b. +/- 2.72 % || Macs30 ave= 5.25E-02 b. +/- 1.42 % || Gn^0(l=0) ave= 7.381E+00 +/- 0.11 % Gn^0(l=1) ave= 6.419E+00 +/- 8.41 % Gn^0(l=2) ave= 0.000E+00 +/- 0.00 % Gn^0(l=3) ave= 0.000E+00 +/- 0.00 % || Gtotal(l=0) ave= 0.000E+00 +/- 0.00 % Gtotal(l=1) ave= 0.000E+00 +/- 0.00 % Gtotal(l=2) ave= 0.000E+00 +/- 0.00 % Gtotal(l=3) ave= 0.000E+00 +/- 0.00 %  % || Gg(l=0) ave= 2.474E+00 +/- 0.87 % Gg(l=1) ave= 1.709E+00 +/- 0.42 % Gg(l=2) ave= 0.000E+00 +/- 0.00 % Gg(l=3) ave= 0.000E+00 +/- 0.00 %  % || D(l=0) ave= 6.267E+03 +/- 0.00 % D(l=1) ave= 2.220E+03 +/- 0.00 % D(l=2) ave= 0.000E+00 +/- 0.00 % D(l=3) ave= 0.000E+00 +/- 0.00 %  % || S(l=0) ave= 5.380E-04 +/- 0.10 % S(l=1) ave= 2.323E-04 +/- 7.89 % S(l=2) ave= 0.000E+00 +/- 0.00 % S(l=3) ave= 0.000E+00 +/- 0.00 % 
 ... random file  220 Cap(th)  ave= 1.864E+01 b. +/- 2.71 % || Ela(th) ave= 8.006E+00 b. +/- 2.98 % || RIcap ave= 8.83E+00 b. +/- 2.72 % || Macs30 ave= 5.24E-02 b. +/- 1.42 % || Gn^0(l=0) ave= 7.381E+00 +/- 0.11 % Gn^0(l=1) ave= 6.422E+00 +/- 8.42 % Gn^0(l=2) ave= 0.000E+00 +/- 0.00 % Gn^0(l=3) ave= 0.000E+00 +/- 0.00 % || Gtotal(l=0) ave= 0.000E+00 +/- 0.00 % Gtotal(l=1) ave= 0.000E+00 +/- 0.00 % Gtotal(l=2) ave= 0.000E+00 +/- 0.00 % Gtotal(l=3) ave= 0.000E+00 +/- 0.00 %  % || Gg(l=0) ave= 2.474E+00 +/- 0.87 % Gg(l=1) ave= 1.710E+00 +/- 0.42 % Gg(l=2) ave= 0.000E+00 +/- 0.00 % Gg(l=3) ave= 0.000E+00 +/- 0.00 %  % || D(l=0) ave= 6.267E+03 +/- 0.00 % D(l=1) ave= 2.220E+03 +/- 0.00 % D(l=2) ave= 0.000E+00 +/- 0.00 % D(l=3) ave= 0.000E+00 +/- 0.00 %  % || S(l=0) ave= 5.380E-04 +/- 0.10 % S(l=1) ave= 2.324E-04 +/- 7.90 % S(l=2) ave= 0.000E+00 +/- 0.00 % S(l=3) ave= 0.000E+00 +/- 0.00 % 
 ... random file  221 Cap(th)  ave= 1.864E+01 b. +/- 2.71 % || Ela(th) ave= 8.006E+00 b. +/- 2.97 % || RIcap ave= 8.83E+00 b. +/- 2.72 % || Macs30 ave= 5.24E-02 b. +/- 1.42 % || Gn^0(l=0) ave= 7.381E+00 +/- 0.11 % Gn^0(l=1) ave= 6.425E+00 +/- 8.42 % Gn^0(l=2) ave= 0.000E+00 +/- 0.00 % Gn^0(l=3) ave= 0.000E+00 +/- 0.00 % || Gtotal(l=0) ave= 0.000E+00 +/- 0.00 % Gtotal(l=1) ave= 0.000E+00 +/- 0.00 % Gtotal(l=2) ave= 0.000E+00 +/- 0.00 % Gtotal(l=3) ave= 0.000E+00 +/- 0.00 %  % || Gg(l=0) ave= 2.474E+00 +/- 0.87 % Gg(l=1) ave= 1.710E+00 +/- 0.42 % Gg(l=2) ave= 0.000E+00 +/- 0.00 % Gg(l=3) ave= 0.000E+00 +/- 0.00 %  % || D(l=0) ave= 6.267E+03 +/- 0.00 % D(l=1) ave= 2.220E+03 +/- 0.00 % D(l=2) ave= 0.000E+00 +/- 0.00 % D(l=3) ave= 0.000E+00 +/- 0.00 %  % || S(l=0) ave= 5.380E-04 +/- 0.10 % S(l=1) ave= 2.325E-04 +/- 7.90 % S(l=2) ave= 0.000E+00 +/- 0.00 % S(l=3) ave= 0.000E+00 +/- 0.00 % 
 ... random file  222 Cap(th)  ave= 1.864E+01 b. +/- 2.71 % || Ela(th) ave= 8.008E+00 b. +/- 2.99 % || RIcap ave= 8.83E+00 b. +/- 2.71 % || Macs30 ave= 5.24E-02 b. +/- 1.42 % || Gn^0(l=0) ave= 7.381E+00 +/- 0.12 % Gn^0(l=1) ave= 6.426E+00 +/- 8.40 % Gn^0(l=2) ave= 0.000E+00 +/- 0.00 % Gn^0(l=3) ave= 0.000E+00 +/- 0.00 % || Gtotal(l=0) ave= 0.000E+00 +/- 0.00 % Gtotal(l=1) ave= 0.000E+00 +/- 0.00 % Gtotal(l=2) ave= 0.000E+00 +/- 0.00 % Gtotal(l=3) ave= 0.000E+00 +/- 0.00 %  % || Gg(l=0) ave= 2.474E+00 +/- 0.86 % Gg(l=1) ave= 1.709E+00 +/- 0.42 % Gg(l=2) ave= 0.000E+00 +/- 0.00 % Gg(l=3) ave= 0.000E+00 +/- 0.00 %  % || D(l=0) ave= 6.267E+03 +/- 0.00 % D(l=1) ave= 2.220E+03 +/- 0.00 % D(l=2) ave= 0.000E+00 +/- 0.00 % D(l=3) ave= 0.000E+00 +/- 0.00 %  % || S(l=0) ave= 5.380E-04 +/- 0.10 % S(l=1) ave= 2.326E-04 +/- 7.88 % S(l=2) ave= 0.000E+00 +/- 0.00 % S(l=3) ave= 0.000E+00 +/- 0.00 % 
 ... random file  223 Cap(th)  ave= 1.864E+01 b. +/- 2.70 % || Ela(th) ave= 8.008E+00 b. +/- 2.98 % || RIcap ave= 8.83E+00 b. +/- 2.71 % || Macs30 ave= 5.24E-02 b. +/- 1.41 % || Gn^0(l=0) ave= 7.381E+00 +/- 0.12 % Gn^0(l=1) ave= 6.425E+00 +/- 8.39 % Gn^0(l=2) ave= 0.000E+00 +/- 0.00 % Gn^0(l=3) ave= 0.000E+00 +/- 0.00 % || Gtotal(l=0) ave= 0.000E+00 +/- 0.00 % Gtotal(l=1) ave= 0.000E+00 +/- 0.00 % Gtotal(l=2) ave= 0.000E+00 +/- 0.00 % Gtotal(l=3) ave= 0.000E+00 +/- 0.00 %  % || Gg(l=0) ave= 2.474E+00 +/- 0.86 % Gg(l=1) ave= 1.710E+00 +/- 0.42 % Gg(l=2) ave= 0.000E+00 +/- 0.00 % Gg(l=3) ave= 0.000E+00 +/- 0.00 %  % || D(l=0) ave= 6.267E+03 +/- 0.00 % D(l=1) ave= 2.220E+03 +/- 0.00 % D(l=2) ave= 0.000E+00 +/- 0.00 % D(l=3) ave= 0.000E+00 +/- 0.00 %  % || S(l=0) ave= 5.380E-04 +/- 0.10 % S(l=1) ave= 2.325E-04 +/- 7.87 % S(l=2) ave= 0.000E+00 +/- 0.00 % S(l=3) ave= 0.000E+00 +/- 0.00 % 
 ... random file  224 Cap(th)  ave= 1.864E+01 b. +/- 2.70 % || Ela(th) ave= 8.007E+00 b. +/- 2.98 % || RIcap ave= 8.83E+00 b. +/- 2.71 % || Macs30 ave= 5.24E-02 b. +/- 1.43 % || Gn^0(l=0) ave= 7.381E+00 +/- 0.12 % Gn^0(l=1) ave= 6.422E+00 +/- 8.40 % Gn^0(l=2) ave= 0.000E+00 +/- 0.00 % Gn^0(l=3) ave= 0.000E+00 +/- 0.00 % || Gtotal(l=0) ave= 0.000E+00 +/- 0.00 % Gtotal(l=1) ave= 0.000E+00 +/- 0.00 % Gtotal(l=2) ave= 0.000E+00 +/- 0.00 % Gtotal(l=3) ave= 0.000E+00 +/- 0.00 %  % || Gg(l=0) ave= 2.474E+00 +/- 0.86 % Gg(l=1) ave= 1.710E+00 +/- 0.42 % Gg(l=2) ave= 0.000E+00 +/- 0.00 % Gg(l=3) ave= 0.000E+00 +/- 0.00 %  % || D(l=0) ave= 6.267E+03 +/- 0.00 % D(l=1) ave= 2.220E+03 +/- 0.00 % D(l=2) ave= 0.000E+00 +/- 0.00 % D(l=3) ave= 0.000E+00 +/- 0.00 %  % || S(l=0) ave= 5.380E-04 +/- 0.10 % S(l=1) ave= 2.324E-04 +/- 7.88 % S(l=2) ave= 0.000E+00 +/- 0.00 % S(l=3) ave= 0.000E+00 +/- 0.00 % 
 ... random file  225 Cap(th)  ave= 1.863E+01 b. +/- 2.70 % || Ela(th) ave= 8.006E+00 b. +/- 2.97 % || RIcap ave= 8.83E+00 b. +/- 2.71 % || Macs30 ave= 5.24E-02 b. +/- 1.42 % || Gn^0(l=0) ave= 7.381E+00 +/- 0.12 % Gn^0(l=1) ave= 6.424E+00 +/- 8.40 % Gn^0(l=2) ave= 0.000E+00 +/- 0.00 % Gn^0(l=3) ave= 0.000E+00 +/- 0.00 % || Gtotal(l=0) ave= 0.000E+00 +/- 0.00 % Gtotal(l=1) ave= 0.000E+00 +/- 0.00 % Gtotal(l=2) ave= 0.000E+00 +/- 0.00 % Gtotal(l=3) ave= 0.000E+00 +/- 0.00 %  % || Gg(l=0) ave= 2.474E+00 +/- 0.86 % Gg(l=1) ave= 1.710E+00 +/- 0.42 % Gg(l=2) ave= 0.000E+00 +/- 0.00 % Gg(l=3) ave= 0.000E+00 +/- 0.00 %  % || D(l=0) ave= 6.267E+03 +/- 0.00 % D(l=1) ave= 2.220E+03 +/- 0.00 % D(l=2) ave= 0.000E+00 +/- 0.00 % D(l=3) ave= 0.000E+00 +/- 0.00 %  % || S(l=0) ave= 5.380E-04 +/- 0.10 % S(l=1) ave= 2.325E-04 +/- 7.88 % S(l=2) ave= 0.000E+00 +/- 0.00 % S(l=3) ave= 0.000E+00 +/- 0.00 % 
 ... random file  226 Cap(th)  ave= 1.863E+01 b. +/- 2.70 % || Ela(th) ave= 8.008E+00 b. +/- 2.99 % || RIcap ave= 8.83E+00 b. +/- 2.71 % || Macs30 ave= 5.24E-02 b. +/- 1.43 % || Gn^0(l=0) ave= 7.381E+00 +/- 0.12 % Gn^0(l=1) ave= 6.427E+00 +/- 8.40 % Gn^0(l=2) ave= 0.000E+00 +/- 0.00 % Gn^0(l=3) ave= 0.000E+00 +/- 0.00 % || Gtotal(l=0) ave= 0.000E+00 +/- 0.00 % Gtotal(l=1) ave= 0.000E+00 +/- 0.00 % Gtotal(l=2) ave= 0.000E+00 +/- 0.00 % Gtotal(l=3) ave= 0.000E+00 +/- 0.00 %  % || Gg(l=0) ave= 2.474E+00 +/- 0.86 % Gg(l=1) ave= 1.710E+00 +/- 0.42 % Gg(l=2) ave= 0.000E+00 +/- 0.00 % Gg(l=3) ave= 0.000E+00 +/- 0.00 %  % || D(l=0) ave= 6.267E+03 +/- 0.00 % D(l=1) ave= 2.220E+03 +/- 0.00 % D(l=2) ave= 0.000E+00 +/- 0.00 % D(l=3) ave= 0.000E+00 +/- 0.00 %  % || S(l=0) ave= 5.380E-04 +/- 0.10 % S(l=1) ave= 2.326E-04 +/- 7.88 % S(l=2) ave= 0.000E+00 +/- 0.00 % S(l=3) ave= 0.000E+00 +/- 0.00 % 
 ... random file  227 Cap(th)  ave= 1.863E+01 b. +/- 2.70 % || Ela(th) ave= 8.008E+00 b. +/- 2.98 % || RIcap ave= 8.83E+00 b. +/- 2.71 % || Macs30 ave= 5.24E-02 b. +/- 1.43 % || Gn^0(l=0) ave= 7.381E+00 +/- 0.12 % Gn^0(l=1) ave= 6.424E+00 +/- 8.40 % Gn^0(l=2) ave= 0.000E+00 +/- 0.00 % Gn^0(l=3) ave= 0.000E+00 +/- 0.00 % || Gtotal(l=0) ave= 0.000E+00 +/- 0.00 % Gtotal(l=1) ave= 0.000E+00 +/- 0.00 % Gtotal(l=2) ave= 0.000E+00 +/- 0.00 % Gtotal(l=3) ave= 0.000E+00 +/- 0.00 %  % || Gg(l=0) ave= 2.474E+00 +/- 0.86 % Gg(l=1) ave= 1.710E+00 +/- 0.42 % Gg(l=2) ave= 0.000E+00 +/- 0.00 % Gg(l=3) ave= 0.000E+00 +/- 0.00 %  % || D(l=0) ave= 6.267E+03 +/- 0.00 % D(l=1) ave= 2.220E+03 +/- 0.00 % D(l=2) ave= 0.000E+00 +/- 0.00 % D(l=3) ave= 0.000E+00 +/- 0.00 %  % || S(l=0) ave= 5.380E-04 +/- 0.10 % S(l=1) ave= 2.325E-04 +/- 7.88 % S(l=2) ave= 0.000E+00 +/- 0.00 % S(l=3) ave= 0.000E+00 +/- 0.00 % 
 ... random file  228 Cap(th)  ave= 1.863E+01 b. +/- 2.70 % || Ela(th) ave= 8.008E+00 b. +/- 2.98 % || RIcap ave= 8.83E+00 b. +/- 2.70 % || Macs30 ave= 5.24E-02 b. +/- 1.42 % || Gn^0(l=0) ave= 7.381E+00 +/- 0.12 % Gn^0(l=1) ave= 6.424E+00 +/- 8.39 % Gn^0(l=2) ave= 0.000E+00 +/- 0.00 % Gn^0(l=3) ave= 0.000E+00 +/- 0.00 % || Gtotal(l=0) ave= 0.000E+00 +/- 0.00 % Gtotal(l=1) ave= 0.000E+00 +/- 0.00 % Gtotal(l=2) ave= 0.000E+00 +/- 0.00 % Gtotal(l=3) ave= 0.000E+00 +/- 0.00 %  % || Gg(l=0) ave= 2.474E+00 +/- 0.86 % Gg(l=1) ave= 1.709E+00 +/- 0.42 % Gg(l=2) ave= 0.000E+00 +/- 0.00 % Gg(l=3) ave= 0.000E+00 +/- 0.00 %  % || D(l=0) ave= 6.267E+03 +/- 0.00 % D(l=1) ave= 2.220E+03 +/- 0.00 % D(l=2) ave= 0.000E+00 +/- 0.00 % D(l=3) ave= 0.000E+00 +/- 0.00 %  % || S(l=0) ave= 5.380E-04 +/- 0.10 % S(l=1) ave= 2.325E-04 +/- 7.87 % S(l=2) ave= 0.000E+00 +/- 0.00 % S(l=3) ave= 0.000E+00 +/- 0.00 % 
 ... random file  229 Cap(th)  ave= 1.863E+01 b. +/- 2.71 % || Ela(th) ave= 8.007E+00 b. +/- 2.98 % || RIcap ave= 8.83E+00 b. +/- 2.71 % || Macs30 ave= 5.24E-02 b. +/- 1.42 % || Gn^0(l=0) ave= 7.381E+00 +/- 0.12 % Gn^0(l=1) ave= 6.425E+00 +/- 8.38 % Gn^0(l=2) ave= 0.000E+00 +/- 0.00 % Gn^0(l=3) ave= 0.000E+00 +/- 0.00 % || Gtotal(l=0) ave= 0.000E+00 +/- 0.00 % Gtotal(l=1) ave= 0.000E+00 +/- 0.00 % Gtotal(l=2) ave= 0.000E+00 +/- 0.00 % Gtotal(l=3) ave= 0.000E+00 +/- 0.00 %  % || Gg(l=0) ave= 2.474E+00 +/- 0.86 % Gg(l=1) ave= 1.709E+00 +/- 0.42 % Gg(l=2) ave= 0.000E+00 +/- 0.00 % Gg(l=3) ave= 0.000E+00 +/- 0.00 %  % || D(l=0) ave= 6.267E+03 +/- 0.00 % D(l=1) ave= 2.220E+03 +/- 0.00 % D(l=2) ave= 0.000E+00 +/- 0.00 % D(l=3) ave= 0.000E+00 +/- 0.00 %  % || S(l=0) ave= 5.380E-04 +/- 0.10 % S(l=1) ave= 2.325E-04 +/- 7.86 % S(l=2) ave= 0.000E+00 +/- 0.00 % S(l=3) ave= 0.000E+00 +/- 0.00 % 
 ... random file  230 Cap(th)  ave= 1.863E+01 b. +/- 2.70 % || Ela(th) ave= 8.007E+00 b. +/- 2.98 % || RIcap ave= 8.83E+00 b. +/- 2.71 % || Macs30 ave= 5.24E-02 b. +/- 1.42 % || Gn^0(l=0) ave= 7.381E+00 +/- 0.12 % Gn^0(l=1) ave= 6.419E+00 +/- 8.51 % Gn^0(l=2) ave= 0.000E+00 +/- 0.00 % Gn^0(l=3) ave= 0.000E+00 +/- 0.00 % || Gtotal(l=0) ave= 0.000E+00 +/- 0.00 % Gtotal(l=1) ave= 0.000E+00 +/- 0.00 % Gtotal(l=2) ave= 0.000E+00 +/- 0.00 % Gtotal(l=3) ave= 0.000E+00 +/- 0.00 %  % || Gg(l=0) ave= 2.474E+00 +/- 0.85 % Gg(l=1) ave= 1.709E+00 +/- 0.42 % Gg(l=2) ave= 0.000E+00 +/- 0.00 % Gg(l=3) ave= 0.000E+00 +/- 0.00 %  % || D(l=0) ave= 6.267E+03 +/- 0.00 % D(l=1) ave= 2.220E+03 +/- 0.00 % D(l=2) ave= 0.000E+00 +/- 0.00 % D(l=3) ave= 0.000E+00 +/- 0.00 %  % || S(l=0) ave= 5.380E-04 +/- 0.10 % S(l=1) ave= 2.323E-04 +/- 7.99 % S(l=2) ave= 0.000E+00 +/- 0.00 % S(l=3) ave= 0.000E+00 +/- 0.00 % 
 ... random file  231 Cap(th)  ave= 1.863E+01 b. +/- 2.70 % || Ela(th) ave= 8.009E+00 b. +/- 2.98 % || RIcap ave= 8.83E+00 b. +/- 2.71 % || Macs30 ave= 5.24E-02 b. +/- 1.42 % || Gn^0(l=0) ave= 7.381E+00 +/- 0.12 % Gn^0(l=1) ave= 6.418E+00 +/- 8.50 % Gn^0(l=2) ave= 0.000E+00 +/- 0.00 % Gn^0(l=3) ave= 0.000E+00 +/- 0.00 % || Gtotal(l=0) ave= 0.000E+00 +/- 0.00 % Gtotal(l=1) ave= 0.000E+00 +/- 0.00 % Gtotal(l=2) ave= 0.000E+00 +/- 0.00 % Gtotal(l=3) ave= 0.000E+00 +/- 0.00 %  % || Gg(l=0) ave= 2.474E+00 +/- 0.85 % Gg(l=1) ave= 1.710E+00 +/- 0.42 % Gg(l=2) ave= 0.000E+00 +/- 0.00 % Gg(l=3) ave= 0.000E+00 +/- 0.00 %  % || D(l=0) ave= 6.267E+03 +/- 0.00 % D(l=1) ave= 2.220E+03 +/- 0.00 % D(l=2) ave= 0.000E+00 +/- 0.00 % D(l=3) ave= 0.000E+00 +/- 0.00 %  % || S(l=0) ave= 5.380E-04 +/- 0.10 % S(l=1) ave= 2.323E-04 +/- 7.97 % S(l=2) ave= 0.000E+00 +/- 0.00 % S(l=3) ave= 0.000E+00 +/- 0.00 % 
 ... random file  232 Cap(th)  ave= 1.863E+01 b. +/- 2.71 % || Ela(th) ave= 8.007E+00 b. +/- 3.00 % || RIcap ave= 8.83E+00 b. +/- 2.72 % || Macs30 ave= 5.24E-02 b. +/- 1.41 % || Gn^0(l=0) ave= 7.381E+00 +/- 0.12 % Gn^0(l=1) ave= 6.419E+00 +/- 8.48 % Gn^0(l=2) ave= 0.000E+00 +/- 0.00 % Gn^0(l=3) ave= 0.000E+00 +/- 0.00 % || Gtotal(l=0) ave= 0.000E+00 +/- 0.00 % Gtotal(l=1) ave= 0.000E+00 +/- 0.00 % Gtotal(l=2) ave= 0.000E+00 +/- 0.00 % Gtotal(l=3) ave= 0.000E+00 +/- 0.00 %  % || Gg(l=0) ave= 2.474E+00 +/- 0.85 % Gg(l=1) ave= 1.709E+00 +/- 0.42 % Gg(l=2) ave= 0.000E+00 +/- 0.00 % Gg(l=3) ave= 0.000E+00 +/- 0.00 %  % || D(l=0) ave= 6.267E+03 +/- 0.00 % D(l=1) ave= 2.220E+03 +/- 0.00 % D(l=2) ave= 0.000E+00 +/- 0.00 % D(l=3) ave= 0.000E+00 +/- 0.00 %  % || S(l=0) ave= 5.380E-04 +/- 0.10 % S(l=1) ave= 2.323E-04 +/- 7.96 % S(l=2) ave= 0.000E+00 +/- 0.00 % S(l=3) ave= 0.000E+00 +/- 0.00 % 
 ... random file  233 Cap(th)  ave= 1.863E+01 b. +/- 2.74 % || Ela(th) ave= 8.007E+00 b. +/- 3.00 % || RIcap ave= 8.83E+00 b. +/- 2.74 % || Macs30 ave= 5.24E-02 b. +/- 1.42 % || Gn^0(l=0) ave= 7.381E+00 +/- 0.12 % Gn^0(l=1) ave= 6.423E+00 +/- 8.51 % Gn^0(l=2) ave= 0.000E+00 +/- 0.00 % Gn^0(l=3) ave= 0.000E+00 +/- 0.00 % || Gtotal(l=0) ave= 0.000E+00 +/- 0.00 % Gtotal(l=1) ave= 0.000E+00 +/- 0.00 % Gtotal(l=2) ave= 0.000E+00 +/- 0.00 % Gtotal(l=3) ave= 0.000E+00 +/- 0.00 %  % || Gg(l=0) ave= 2.474E+00 +/- 0.85 % Gg(l=1) ave= 1.710E+00 +/- 0.42 % Gg(l=2) ave= 0.000E+00 +/- 0.00 % Gg(l=3) ave= 0.000E+00 +/- 0.00 %  % || D(l=0) ave= 6.267E+03 +/- 0.00 % D(l=1) ave= 2.220E+03 +/- 0.00 % D(l=2) ave= 0.000E+00 +/- 0.00 % D(l=3) ave= 0.000E+00 +/- 0.00 %  % || S(l=0) ave= 5.380E-04 +/- 0.10 % S(l=1) ave= 2.324E-04 +/- 7.98 % S(l=2) ave= 0.000E+00 +/- 0.00 % S(l=3) ave= 0.000E+00 +/- 0.00 % 
 ... random file  234 Cap(th)  ave= 1.863E+01 b. +/- 2.73 % || Ela(th) ave= 8.010E+00 b. +/- 3.03 % || RIcap ave= 8.83E+00 b. +/- 2.74 % || Macs30 ave= 5.24E-02 b. +/- 1.42 % || Gn^0(l=0) ave= 7.381E+00 +/- 0.12 % Gn^0(l=1) ave= 6.421E+00 +/- 8.50 % Gn^0(l=2) ave= 0.000E+00 +/- 0.00 % Gn^0(l=3) ave= 0.000E+00 +/- 0.00 % || Gtotal(l=0) ave= 0.000E+00 +/- 0.00 % Gtotal(l=1) ave= 0.000E+00 +/- 0.00 % Gtotal(l=2) ave= 0.000E+00 +/- 0.00 % Gtotal(l=3) ave= 0.000E+00 +/- 0.00 %  % || Gg(l=0) ave= 2.474E+00 +/- 0.85 % Gg(l=1) ave= 1.709E+00 +/- 0.42 % Gg(l=2) ave= 0.000E+00 +/- 0.00 % Gg(l=3) ave= 0.000E+00 +/- 0.00 %  % || D(l=0) ave= 6.267E+03 +/- 0.00 % D(l=1) ave= 2.220E+03 +/- 0.00 % D(l=2) ave= 0.000E+00 +/- 0.00 % D(l=3) ave= 0.000E+00 +/- 0.00 %  % || S(l=0) ave= 5.380E-04 +/- 0.10 % S(l=1) ave= 2.324E-04 +/- 7.98 % S(l=2) ave= 0.000E+00 +/- 0.00 % S(l=3) ave= 0.000E+00 +/- 0.00 % 
 ... random file  235 Cap(th)  ave= 1.863E+01 b. +/- 2.73 % || Ela(th) ave= 8.010E+00 b. +/- 3.02 % || RIcap ave= 8.83E+00 b. +/- 2.73 % || Macs30 ave= 5.24E-02 b. +/- 1.42 % || Gn^0(l=0) ave= 7.381E+00 +/- 0.12 % Gn^0(l=1) ave= 6.421E+00 +/- 8.48 % Gn^0(l=2) ave= 0.000E+00 +/- 0.00 % Gn^0(l=3) ave= 0.000E+00 +/- 0.00 % || Gtotal(l=0) ave= 0.000E+00 +/- 0.00 % Gtotal(l=1) ave= 0.000E+00 +/- 0.00 % Gtotal(l=2) ave= 0.000E+00 +/- 0.00 % Gtotal(l=3) ave= 0.000E+00 +/- 0.00 %  % || Gg(l=0) ave= 2.474E+00 +/- 0.85 % Gg(l=1) ave= 1.710E+00 +/- 0.42 % Gg(l=2) ave= 0.000E+00 +/- 0.00 % Gg(l=3) ave= 0.000E+00 +/- 0.00 %  % || D(l=0) ave= 6.267E+03 +/- 0.00 % D(l=1) ave= 2.220E+03 +/- 0.00 % D(l=2) ave= 0.000E+00 +/- 0.00 % D(l=3) ave= 0.000E+00 +/- 0.00 %  % || S(l=0) ave= 5.380E-04 +/- 0.10 % S(l=1) ave= 2.324E-04 +/- 7.96 % S(l=2) ave= 0.000E+00 +/- 0.00 % S(l=3) ave= 0.000E+00 +/- 0.00 % 
 ... random file  236 Cap(th)  ave= 1.863E+01 b. +/- 2.72 % || Ela(th) ave= 8.011E+00 b. +/- 3.02 % || RIcap ave= 8.83E+00 b. +/- 2.73 % || Macs30 ave= 5.24E-02 b. +/- 1.42 % || Gn^0(l=0) ave= 7.381E+00 +/- 0.12 % Gn^0(l=1) ave= 6.421E+00 +/- 8.47 % Gn^0(l=2) ave= 0.000E+00 +/- 0.00 % Gn^0(l=3) ave= 0.000E+00 +/- 0.00 % || Gtotal(l=0) ave= 0.000E+00 +/- 0.00 % Gtotal(l=1) ave= 0.000E+00 +/- 0.00 % Gtotal(l=2) ave= 0.000E+00 +/- 0.00 % Gtotal(l=3) ave= 0.000E+00 +/- 0.00 %  % || Gg(l=0) ave= 2.474E+00 +/- 0.86 % Gg(l=1) ave= 1.709E+00 +/- 0.42 % Gg(l=2) ave= 0.000E+00 +/- 0.00 % Gg(l=3) ave= 0.000E+00 +/- 0.00 %  % || D(l=0) ave= 6.267E+03 +/- 0.00 % D(l=1) ave= 2.220E+03 +/- 0.00 % D(l=2) ave= 0.000E+00 +/- 0.00 % D(l=3) ave= 0.000E+00 +/- 0.00 %  % || S(l=0) ave= 5.380E-04 +/- 0.10 % S(l=1) ave= 2.324E-04 +/- 7.94 % S(l=2) ave= 0.000E+00 +/- 0.00 % S(l=3) ave= 0.000E+00 +/- 0.00 % 
 ... random file  237 Cap(th)  ave= 1.863E+01 b. +/- 2.72 % || Ela(th) ave= 8.012E+00 b. +/- 3.02 % || RIcap ave= 8.83E+00 b. +/- 2.73 % || Macs30 ave= 5.24E-02 b. +/- 1.42 % || Gn^0(l=0) ave= 7.381E+00 +/- 0.12 % Gn^0(l=1) ave= 6.421E+00 +/- 8.45 % Gn^0(l=2) ave= 0.000E+00 +/- 0.00 % Gn^0(l=3) ave= 0.000E+00 +/- 0.00 % || Gtotal(l=0) ave= 0.000E+00 +/- 0.00 % Gtotal(l=1) ave= 0.000E+00 +/- 0.00 % Gtotal(l=2) ave= 0.000E+00 +/- 0.00 % Gtotal(l=3) ave= 0.000E+00 +/- 0.00 %  % || Gg(l=0) ave= 2.474E+00 +/- 0.86 % Gg(l=1) ave= 1.709E+00 +/- 0.42 % Gg(l=2) ave= 0.000E+00 +/- 0.00 % Gg(l=3) ave= 0.000E+00 +/- 0.00 %  % || D(l=0) ave= 6.267E+03 +/- 0.00 % D(l=1) ave= 2.220E+03 +/- 0.00 % D(l=2) ave= 0.000E+00 +/- 0.00 % D(l=3) ave= 0.000E+00 +/- 0.00 %  % || S(l=0) ave= 5.380E-04 +/- 0.10 % S(l=1) ave= 2.324E-04 +/- 7.93 % S(l=2) ave= 0.000E+00 +/- 0.00 % S(l=3) ave= 0.000E+00 +/- 0.00 % 
 ... random file  238 Cap(th)  ave= 1.862E+01 b. +/- 2.72 % || Ela(th) ave= 8.012E+00 b. +/- 3.01 % || RIcap ave= 8.83E+00 b. +/- 2.73 % || Macs30 ave= 5.24E-02 b. +/- 1.41 % || Gn^0(l=0) ave= 7.381E+00 +/- 0.12 % Gn^0(l=1) ave= 6.419E+00 +/- 8.44 % Gn^0(l=2) ave= 0.000E+00 +/- 0.00 % Gn^0(l=3) ave= 0.000E+00 +/- 0.00 % || Gtotal(l=0) ave= 0.000E+00 +/- 0.00 % Gtotal(l=1) ave= 0.000E+00 +/- 0.00 % Gtotal(l=2) ave= 0.000E+00 +/- 0.00 % Gtotal(l=3) ave= 0.000E+00 +/- 0.00 %  % || Gg(l=0) ave= 2.474E+00 +/- 0.85 % Gg(l=1) ave= 1.710E+00 +/- 0.42 % Gg(l=2) ave= 0.000E+00 +/- 0.00 % Gg(l=3) ave= 0.000E+00 +/- 0.00 %  % || D(l=0) ave= 6.267E+03 +/- 0.00 % D(l=1) ave= 2.220E+03 +/- 0.00 % D(l=2) ave= 0.000E+00 +/- 0.00 % D(l=3) ave= 0.000E+00 +/- 0.00 %  % || S(l=0) ave= 5.380E-04 +/- 0.10 % S(l=1) ave= 2.323E-04 +/- 7.92 % S(l=2) ave= 0.000E+00 +/- 0.00 % S(l=3) ave= 0.000E+00 +/- 0.00 % 
 ... random file  239 Cap(th)  ave= 1.862E+01 b. +/- 2.72 % || Ela(th) ave= 8.011E+00 b. +/- 3.01 % || RIcap ave= 8.83E+00 b. +/- 2.73 % || Macs30 ave= 5.24E-02 b. +/- 1.41 % || Gn^0(l=0) ave= 7.381E+00 +/- 0.12 % Gn^0(l=1) ave= 6.417E+00 +/- 8.45 % Gn^0(l=2) ave= 0.000E+00 +/- 0.00 % Gn^0(l=3) ave= 0.000E+00 +/- 0.00 % || Gtotal(l=0) ave= 0.000E+00 +/- 0.00 % Gtotal(l=1) ave= 0.000E+00 +/- 0.00 % Gtotal(l=2) ave= 0.000E+00 +/- 0.00 % Gtotal(l=3) ave= 0.000E+00 +/- 0.00 %  % || Gg(l=0) ave= 2.474E+00 +/- 0.85 % Gg(l=1) ave= 1.710E+00 +/- 0.42 % Gg(l=2) ave= 0.000E+00 +/- 0.00 % Gg(l=3) ave= 0.000E+00 +/- 0.00 %  % || D(l=0) ave= 6.267E+03 +/- 0.00 % D(l=1) ave= 2.220E+03 +/- 0.00 % D(l=2) ave= 0.000E+00 +/- 0.00 % D(l=3) ave= 0.000E+00 +/- 0.00 %  % || S(l=0) ave= 5.380E-04 +/- 0.10 % S(l=1) ave= 2.322E-04 +/- 7.93 % S(l=2) ave= 0.000E+00 +/- 0.00 % S(l=3) ave= 0.000E+00 +/- 0.00 % 
 ... random file  240 Cap(th)  ave= 1.863E+01 b. +/- 2.75 % || Ela(th) ave= 8.010E+00 b. +/- 3.01 % || RIcap ave= 8.83E+00 b. +/- 2.76 % || Macs30 ave= 5.24E-02 b. +/- 1.41 % || Gn^0(l=0) ave= 7.381E+00 +/- 0.12 % Gn^0(l=1) ave= 6.413E+00 +/- 8.49 % Gn^0(l=2) ave= 0.000E+00 +/- 0.00 % Gn^0(l=3) ave= 0.000E+00 +/- 0.00 % || Gtotal(l=0) ave= 0.000E+00 +/- 0.00 % Gtotal(l=1) ave= 0.000E+00 +/- 0.00 % Gtotal(l=2) ave= 0.000E+00 +/- 0.00 % Gtotal(l=3) ave= 0.000E+00 +/- 0.00 %  % || Gg(l=0) ave= 2.474E+00 +/- 0.85 % Gg(l=1) ave= 1.710E+00 +/- 0.42 % Gg(l=2) ave= 0.000E+00 +/- 0.00 % Gg(l=3) ave= 0.000E+00 +/- 0.00 %  % || D(l=0) ave= 6.267E+03 +/- 0.00 % D(l=1) ave= 2.220E+03 +/- 0.00 % D(l=2) ave= 0.000E+00 +/- 0.00 % D(l=3) ave= 0.000E+00 +/- 0.00 %  % || S(l=0) ave= 5.380E-04 +/- 0.10 % S(l=1) ave= 2.321E-04 +/- 7.96 % S(l=2) ave= 0.000E+00 +/- 0.00 % S(l=3) ave= 0.000E+00 +/- 0.00 % 
 ... random file  241 Cap(th)  ave= 1.863E+01 b. +/- 2.75 % || Ela(th) ave= 8.008E+00 b. +/- 3.04 % || RIcap ave= 8.83E+00 b. +/- 2.75 % || Macs30 ave= 5.24E-02 b. +/- 1.41 % || Gn^0(l=0) ave= 7.381E+00 +/- 0.12 % Gn^0(l=1) ave= 6.414E+00 +/- 8.47 % Gn^0(l=2) ave= 0.000E+00 +/- 0.00 % Gn^0(l=3) ave= 0.000E+00 +/- 0.00 % || Gtotal(l=0) ave= 0.000E+00 +/- 0.00 % Gtotal(l=1) ave= 0.000E+00 +/- 0.00 % Gtotal(l=2) ave= 0.000E+00 +/- 0.00 % Gtotal(l=3) ave= 0.000E+00 +/- 0.00 %  % || Gg(l=0) ave= 2.474E+00 +/- 0.85 % Gg(l=1) ave= 1.710E+00 +/- 0.42 % Gg(l=2) ave= 0.000E+00 +/- 0.00 % Gg(l=3) ave= 0.000E+00 +/- 0.00 %  % || D(l=0) ave= 6.267E+03 +/- 0.00 % D(l=1) ave= 2.220E+03 +/- 0.00 % D(l=2) ave= 0.000E+00 +/- 0.00 % D(l=3) ave= 0.000E+00 +/- 0.00 %  % || S(l=0) ave= 5.380E-04 +/- 0.10 % S(l=1) ave= 2.321E-04 +/- 7.95 % S(l=2) ave= 0.000E+00 +/- 0.00 % S(l=3) ave= 0.000E+00 +/- 0.00 % 
 ... random file  242 Cap(th)  ave= 1.863E+01 b. +/- 2.75 % || Ela(th) ave= 8.008E+00 b. +/- 3.04 % || RIcap ave= 8.83E+00 b. +/- 2.75 % || Macs30 ave= 5.24E-02 b. +/- 1.41 % || Gn^0(l=0) ave= 7.381E+00 +/- 0.12 % Gn^0(l=1) ave= 6.413E+00 +/- 8.46 % Gn^0(l=2) ave= 0.000E+00 +/- 0.00 % Gn^0(l=3) ave= 0.000E+00 +/- 0.00 % || Gtotal(l=0) ave= 0.000E+00 +/- 0.00 % Gtotal(l=1) ave= 0.000E+00 +/- 0.00 % Gtotal(l=2) ave= 0.000E+00 +/- 0.00 % Gtotal(l=3) ave= 0.000E+00 +/- 0.00 %  % || Gg(l=0) ave= 2.474E+00 +/- 0.86 % Gg(l=1) ave= 1.710E+00 +/- 0.42 % Gg(l=2) ave= 0.000E+00 +/- 0.00 % Gg(l=3) ave= 0.000E+00 +/- 0.00 %  % || D(l=0) ave= 6.267E+03 +/- 0.00 % D(l=1) ave= 2.220E+03 +/- 0.00 % D(l=2) ave= 0.000E+00 +/- 0.00 % D(l=3) ave= 0.000E+00 +/- 0.00 %  % || S(l=0) ave= 5.380E-04 +/- 0.10 % S(l=1) ave= 2.321E-04 +/- 7.93 % S(l=2) ave= 0.000E+00 +/- 0.00 % S(l=3) ave= 0.000E+00 +/- 0.00 % 
 ... random file  243 Cap(th)  ave= 1.862E+01 b. +/- 2.74 % || Ela(th) ave= 8.008E+00 b. +/- 3.03 % || RIcap ave= 8.83E+00 b. +/- 2.75 % || Macs30 ave= 5.24E-02 b. +/- 1.41 % || Gn^0(l=0) ave= 7.381E+00 +/- 0.12 % Gn^0(l=1) ave= 6.413E+00 +/- 8.44 % Gn^0(l=2) ave= 0.000E+00 +/- 0.00 % Gn^0(l=3) ave= 0.000E+00 +/- 0.00 % || Gtotal(l=0) ave= 0.000E+00 +/- 0.00 % Gtotal(l=1) ave= 0.000E+00 +/- 0.00 % Gtotal(l=2) ave= 0.000E+00 +/- 0.00 % Gtotal(l=3) ave= 0.000E+00 +/- 0.00 %  % || Gg(l=0) ave= 2.474E+00 +/- 0.86 % Gg(l=1) ave= 1.710E+00 +/- 0.42 % Gg(l=2) ave= 0.000E+00 +/- 0.00 % Gg(l=3) ave= 0.000E+00 +/- 0.00 %  % || D(l=0) ave= 6.267E+03 +/- 0.00 % D(l=1) ave= 2.220E+03 +/- 0.00 % D(l=2) ave= 0.000E+00 +/- 0.00 % D(l=3) ave= 0.000E+00 +/- 0.00 %  % || S(l=0) ave= 5.380E-04 +/- 0.10 % S(l=1) ave= 2.321E-04 +/- 7.92 % S(l=2) ave= 0.000E+00 +/- 0.00 % S(l=3) ave= 0.000E+00 +/- 0.00 % 
 ... random file  244 Cap(th)  ave= 1.862E+01 b. +/- 2.74 % || Ela(th) ave= 8.007E+00 b. +/- 3.03 % || RIcap ave= 8.83E+00 b. +/- 2.74 % || Macs30 ave= 5.24E-02 b. +/- 1.41 % || Gn^0(l=0) ave= 7.381E+00 +/- 0.12 % Gn^0(l=1) ave= 6.414E+00 +/- 8.42 % Gn^0(l=2) ave= 0.000E+00 +/- 0.00 % Gn^0(l=3) ave= 0.000E+00 +/- 0.00 % || Gtotal(l=0) ave= 0.000E+00 +/- 0.00 % Gtotal(l=1) ave= 0.000E+00 +/- 0.00 % Gtotal(l=2) ave= 0.000E+00 +/- 0.00 % Gtotal(l=3) ave= 0.000E+00 +/- 0.00 %  % || Gg(l=0) ave= 2.474E+00 +/- 0.86 % Gg(l=1) ave= 1.710E+00 +/- 0.42 % Gg(l=2) ave= 0.000E+00 +/- 0.00 % Gg(l=3) ave= 0.000E+00 +/- 0.00 %  % || D(l=0) ave= 6.267E+03 +/- 0.00 % D(l=1) ave= 2.220E+03 +/- 0.00 % D(l=2) ave= 0.000E+00 +/- 0.00 % D(l=3) ave= 0.000E+00 +/- 0.00 %  % || S(l=0) ave= 5.380E-04 +/- 0.10 % S(l=1) ave= 2.322E-04 +/- 7.90 % S(l=2) ave= 0.000E+00 +/- 0.00 % S(l=3) ave= 0.000E+00 +/- 0.00 % 
 ... random file  245 Cap(th)  ave= 1.862E+01 b. +/- 2.73 % || Ela(th) ave= 8.008E+00 b. +/- 3.03 % || RIcap ave= 8.83E+00 b. +/- 2.74 % || Macs30 ave= 5.24E-02 b. +/- 1.41 % || Gn^0(l=0) ave= 7.381E+00 +/- 0.12 % Gn^0(l=1) ave= 6.418E+00 +/- 8.46 % Gn^0(l=2) ave= 0.000E+00 +/- 0.00 % Gn^0(l=3) ave= 0.000E+00 +/- 0.00 % || Gtotal(l=0) ave= 0.000E+00 +/- 0.00 % Gtotal(l=1) ave= 0.000E+00 +/- 0.00 % Gtotal(l=2) ave= 0.000E+00 +/- 0.00 % Gtotal(l=3) ave= 0.000E+00 +/- 0.00 %  % || Gg(l=0) ave= 2.474E+00 +/- 0.86 % Gg(l=1) ave= 1.710E+00 +/- 0.42 % Gg(l=2) ave= 0.000E+00 +/- 0.00 % Gg(l=3) ave= 0.000E+00 +/- 0.00 %  % || D(l=0) ave= 6.267E+03 +/- 0.00 % D(l=1) ave= 2.220E+03 +/- 0.00 % D(l=2) ave= 0.000E+00 +/- 0.00 % D(l=3) ave= 0.000E+00 +/- 0.00 %  % || S(l=0) ave= 5.380E-04 +/- 0.10 % S(l=1) ave= 2.323E-04 +/- 7.94 % S(l=2) ave= 0.000E+00 +/- 0.00 % S(l=3) ave= 0.000E+00 +/- 0.00 % 
 ... random file  246 Cap(th)  ave= 1.862E+01 b. +/- 2.73 % || Ela(th) ave= 8.006E+00 b. +/- 3.04 % || RIcap ave= 8.83E+00 b. +/- 2.74 % || Macs30 ave= 5.24E-02 b. +/- 1.41 % || Gn^0(l=0) ave= 7.381E+00 +/- 0.12 % Gn^0(l=1) ave= 6.417E+00 +/- 8.45 % Gn^0(l=2) ave= 0.000E+00 +/- 0.00 % Gn^0(l=3) ave= 0.000E+00 +/- 0.00 % || Gtotal(l=0) ave= 0.000E+00 +/- 0.00 % Gtotal(l=1) ave= 0.000E+00 +/- 0.00 % Gtotal(l=2) ave= 0.000E+00 +/- 0.00 % Gtotal(l=3) ave= 0.000E+00 +/- 0.00 %  % || Gg(l=0) ave= 2.474E+00 +/- 0.86 % Gg(l=1) ave= 1.710E+00 +/- 0.42 % Gg(l=2) ave= 0.000E+00 +/- 0.00 % Gg(l=3) ave= 0.000E+00 +/- 0.00 %  % || D(l=0) ave= 6.267E+03 +/- 0.00 % D(l=1) ave= 2.220E+03 +/- 0.00 % D(l=2) ave= 0.000E+00 +/- 0.00 % D(l=3) ave= 0.000E+00 +/- 0.00 %  % || S(l=0) ave= 5.380E-04 +/- 0.10 % S(l=1) ave= 2.323E-04 +/- 7.93 % S(l=2) ave= 0.000E+00 +/- 0.00 % S(l=3) ave= 0.000E+00 +/- 0.00 % 
 ... random file  247 Cap(th)  ave= 1.863E+01 b. +/- 2.74 % || Ela(th) ave= 8.007E+00 b. +/- 3.04 % || RIcap ave= 8.83E+00 b. +/- 2.75 % || Macs30 ave= 5.24E-02 b. +/- 1.41 % || Gn^0(l=0) ave= 7.381E+00 +/- 0.12 % Gn^0(l=1) ave= 6.416E+00 +/- 8.44 % Gn^0(l=2) ave= 0.000E+00 +/- 0.00 % Gn^0(l=3) ave= 0.000E+00 +/- 0.00 % || Gtotal(l=0) ave= 0.000E+00 +/- 0.00 % Gtotal(l=1) ave= 0.000E+00 +/- 0.00 % Gtotal(l=2) ave= 0.000E+00 +/- 0.00 % Gtotal(l=3) ave= 0.000E+00 +/- 0.00 %  % || Gg(l=0) ave= 2.474E+00 +/- 0.86 % Gg(l=1) ave= 1.710E+00 +/- 0.42 % Gg(l=2) ave= 0.000E+00 +/- 0.00 % Gg(l=3) ave= 0.000E+00 +/- 0.00 %  % || D(l=0) ave= 6.267E+03 +/- 0.00 % D(l=1) ave= 2.220E+03 +/- 0.00 % D(l=2) ave= 0.000E+00 +/- 0.00 % D(l=3) ave= 0.000E+00 +/- 0.00 %  % || S(l=0) ave= 5.380E-04 +/- 0.10 % S(l=1) ave= 2.322E-04 +/- 7.92 % S(l=2) ave= 0.000E+00 +/- 0.00 % S(l=3) ave= 0.000E+00 +/- 0.00 % 
 ... random file  248 Cap(th)  ave= 1.863E+01 b. +/- 2.74 % || Ela(th) ave= 8.007E+00 b. +/- 3.03 % || RIcap ave= 8.83E+00 b. +/- 2.75 % || Macs30 ave= 5.24E-02 b. +/- 1.41 % || Gn^0(l=0) ave= 7.381E+00 +/- 0.12 % Gn^0(l=1) ave= 6.415E+00 +/- 8.43 % Gn^0(l=2) ave= 0.000E+00 +/- 0.00 % Gn^0(l=3) ave= 0.000E+00 +/- 0.00 % || Gtotal(l=0) ave= 0.000E+00 +/- 0.00 % Gtotal(l=1) ave= 0.000E+00 +/- 0.00 % Gtotal(l=2) ave= 0.000E+00 +/- 0.00 % Gtotal(l=3) ave= 0.000E+00 +/- 0.00 %  % || Gg(l=0) ave= 2.474E+00 +/- 0.86 % Gg(l=1) ave= 1.709E+00 +/- 0.42 % Gg(l=2) ave= 0.000E+00 +/- 0.00 % Gg(l=3) ave= 0.000E+00 +/- 0.00 %  % || D(l=0) ave= 6.267E+03 +/- 0.00 % D(l=1) ave= 2.220E+03 +/- 0.00 % D(l=2) ave= 0.000E+00 +/- 0.00 % D(l=3) ave= 0.000E+00 +/- 0.00 %  % || S(l=0) ave= 5.380E-04 +/- 0.10 % S(l=1) ave= 2.322E-04 +/- 7.91 % S(l=2) ave= 0.000E+00 +/- 0.00 % S(l=3) ave= 0.000E+00 +/- 0.00 % 
 ... random file  249 Cap(th)  ave= 1.863E+01 b. +/- 2.74 % || Ela(th) ave= 8.004E+00 b. +/- 3.06 % || RIcap ave= 8.83E+00 b. +/- 2.74 % || Macs30 ave= 5.24E-02 b. +/- 1.40 % || Gn^0(l=0) ave= 7.381E+00 +/- 0.12 % Gn^0(l=1) ave= 6.414E+00 +/- 8.42 % Gn^0(l=2) ave= 0.000E+00 +/- 0.00 % Gn^0(l=3) ave= 0.000E+00 +/- 0.00 % || Gtotal(l=0) ave= 0.000E+00 +/- 0.00 % Gtotal(l=1) ave= 0.000E+00 +/- 0.00 % Gtotal(l=2) ave= 0.000E+00 +/- 0.00 % Gtotal(l=3) ave= 0.000E+00 +/- 0.00 %  % || Gg(l=0) ave= 2.473E+00 +/- 0.86 % Gg(l=1) ave= 1.710E+00 +/- 0.42 % Gg(l=2) ave= 0.000E+00 +/- 0.00 % Gg(l=3) ave= 0.000E+00 +/- 0.00 %  % || D(l=0) ave= 6.267E+03 +/- 0.00 % D(l=1) ave= 2.220E+03 +/- 0.00 % D(l=2) ave= 0.000E+00 +/- 0.00 % D(l=3) ave= 0.000E+00 +/- 0.00 %  % || S(l=0) ave= 5.380E-04 +/- 0.10 % S(l=1) ave= 2.322E-04 +/- 7.90 % S(l=2) ave= 0.000E+00 +/- 0.00 % S(l=3) ave= 0.000E+00 +/- 0.00 % 
 ... random file  250 Cap(th)  ave= 1.863E+01 b. +/- 2.73 % || Ela(th) ave= 8.004E+00 b. +/- 3.05 % || RIcap ave= 8.83E+00 b. +/- 2.73 % || Macs30 ave= 5.24E-02 b. +/- 1.40 % || Gn^0(l=0) ave= 7.381E+00 +/- 0.12 % Gn^0(l=1) ave= 6.411E+00 +/- 8.45 % Gn^0(l=2) ave= 0.000E+00 +/- 0.00 % Gn^0(l=3) ave= 0.000E+00 +/- 0.00 % || Gtotal(l=0) ave= 0.000E+00 +/- 0.00 % Gtotal(l=1) ave= 0.000E+00 +/- 0.00 % Gtotal(l=2) ave= 0.000E+00 +/- 0.00 % Gtotal(l=3) ave= 0.000E+00 +/- 0.00 %  % || Gg(l=0) ave= 2.474E+00 +/- 0.86 % Gg(l=1) ave= 1.710E+00 +/- 0.42 % Gg(l=2) ave= 0.000E+00 +/- 0.00 % Gg(l=3) ave= 0.000E+00 +/- 0.00 %  % || D(l=0) ave= 6.267E+03 +/- 0.00 % D(l=1) ave= 2.220E+03 +/- 0.00 % D(l=2) ave= 0.000E+00 +/- 0.00 % D(l=3) ave= 0.000E+00 +/- 0.00 %  % || S(l=0) ave= 5.380E-04 +/- 0.10 % S(l=1) ave= 2.320E-04 +/- 7.93 % S(l=2) ave= 0.000E+00 +/- 0.00 % S(l=3) ave= 0.000E+00 +/- 0.00 % 
 ... random file  251 Cap(th)  ave= 1.863E+01 b. +/- 2.72 % || Ela(th) ave= 8.004E+00 b. +/- 3.05 % || RIcap ave= 8.83E+00 b. +/- 2.73 % || Macs30 ave= 5.24E-02 b. +/- 1.40 % || Gn^0(l=0) ave= 7.381E+00 +/- 0.12 % Gn^0(l=1) ave= 6.406E+00 +/- 8.52 % Gn^0(l=2) ave= 0.000E+00 +/- 0.00 % Gn^0(l=3) ave= 0.000E+00 +/- 0.00 % || Gtotal(l=0) ave= 0.000E+00 +/- 0.00 % Gtotal(l=1) ave= 0.000E+00 +/- 0.00 % Gtotal(l=2) ave= 0.000E+00 +/- 0.00 % Gtotal(l=3) ave= 0.000E+00 +/- 0.00 %  % || Gg(l=0) ave= 2.474E+00 +/- 0.86 % Gg(l=1) ave= 1.710E+00 +/- 0.42 % Gg(l=2) ave= 0.000E+00 +/- 0.00 % Gg(l=3) ave= 0.000E+00 +/- 0.00 %  % || D(l=0) ave= 6.267E+03 +/- 0.00 % D(l=1) ave= 2.220E+03 +/- 0.00 % D(l=2) ave= 0.000E+00 +/- 0.00 % D(l=3) ave= 0.000E+00 +/- 0.00 %  % || S(l=0) ave= 5.380E-04 +/- 0.10 % S(l=1) ave= 2.319E-04 +/- 7.99 % S(l=2) ave= 0.000E+00 +/- 0.00 % S(l=3) ave= 0.000E+00 +/- 0.00 % 
 ... random file  252 Cap(th)  ave= 1.863E+01 b. +/- 2.75 % || Ela(th) ave= 8.003E+00 b. +/- 3.05 % || RIcap ave= 8.83E+00 b. +/- 2.75 % || Macs30 ave= 5.24E-02 b. +/- 1.41 % || Gn^0(l=0) ave= 7.381E+00 +/- 0.12 % Gn^0(l=1) ave= 6.406E+00 +/- 8.50 % Gn^0(l=2) ave= 0.000E+00 +/- 0.00 % Gn^0(l=3) ave= 0.000E+00 +/- 0.00 % || Gtotal(l=0) ave= 0.000E+00 +/- 0.00 % Gtotal(l=1) ave= 0.000E+00 +/- 0.00 % Gtotal(l=2) ave= 0.000E+00 +/- 0.00 % Gtotal(l=3) ave= 0.000E+00 +/- 0.00 %  % || Gg(l=0) ave= 2.474E+00 +/- 0.86 % Gg(l=1) ave= 1.709E+00 +/- 0.42 % Gg(l=2) ave= 0.000E+00 +/- 0.00 % Gg(l=3) ave= 0.000E+00 +/- 0.00 %  % || D(l=0) ave= 6.267E+03 +/- 0.00 % D(l=1) ave= 2.220E+03 +/- 0.00 % D(l=2) ave= 0.000E+00 +/- 0.00 % D(l=3) ave= 0.000E+00 +/- 0.00 %  % || S(l=0) ave= 5.380E-04 +/- 0.11 % S(l=1) ave= 2.319E-04 +/- 7.98 % S(l=2) ave= 0.000E+00 +/- 0.00 % S(l=3) ave= 0.000E+00 +/- 0.00 % 
 ... random file  253 Cap(th)  ave= 1.863E+01 b. +/- 2.75 % || Ela(th) ave= 8.002E+00 b. +/- 3.05 % || RIcap ave= 8.83E+00 b. +/- 2.76 % || Macs30 ave= 5.24E-02 b. +/- 1.41 % || Gn^0(l=0) ave= 7.381E+00 +/- 0.12 % Gn^0(l=1) ave= 6.405E+00 +/- 8.50 % Gn^0(l=2) ave= 0.000E+00 +/- 0.00 % Gn^0(l=3) ave= 0.000E+00 +/- 0.00 % || Gtotal(l=0) ave= 0.000E+00 +/- 0.00 % Gtotal(l=1) ave= 0.000E+00 +/- 0.00 % Gtotal(l=2) ave= 0.000E+00 +/- 0.00 % Gtotal(l=3) ave= 0.000E+00 +/- 0.00 %  % || Gg(l=0) ave= 2.473E+00 +/- 0.86 % Gg(l=1) ave= 1.709E+00 +/- 0.42 % Gg(l=2) ave= 0.000E+00 +/- 0.00 % Gg(l=3) ave= 0.000E+00 +/- 0.00 %  % || D(l=0) ave= 6.267E+03 +/- 0.00 % D(l=1) ave= 2.220E+03 +/- 0.00 % D(l=2) ave= 0.000E+00 +/- 0.00 % D(l=3) ave= 0.000E+00 +/- 0.00 %  % || S(l=0) ave= 5.380E-04 +/- 0.11 % S(l=1) ave= 2.318E-04 +/- 7.97 % S(l=2) ave= 0.000E+00 +/- 0.00 % S(l=3) ave= 0.000E+00 +/- 0.00 % 
 ... random file  254 Cap(th)  ave= 1.863E+01 b. +/- 2.76 % || Ela(th) ave= 8.004E+00 b. +/- 3.06 % || RIcap ave= 8.83E+00 b. +/- 2.76 % || Macs30 ave= 5.24E-02 b. +/- 1.41 % || Gn^0(l=0) ave= 7.381E+00 +/- 0.12 % Gn^0(l=1) ave= 6.405E+00 +/- 8.48 % Gn^0(l=2) ave= 0.000E+00 +/- 0.00 % Gn^0(l=3) ave= 0.000E+00 +/- 0.00 % || Gtotal(l=0) ave= 0.000E+00 +/- 0.00 % Gtotal(l=1) ave= 0.000E+00 +/- 0.00 % Gtotal(l=2) ave= 0.000E+00 +/- 0.00 % Gtotal(l=3) ave= 0.000E+00 +/- 0.00 %  % || Gg(l=0) ave= 2.473E+00 +/- 0.86 % Gg(l=1) ave= 1.709E+00 +/- 0.42 % Gg(l=2) ave= 0.000E+00 +/- 0.00 % Gg(l=3) ave= 0.000E+00 +/- 0.00 %  % || D(l=0) ave= 6.267E+03 +/- 0.00 % D(l=1) ave= 2.220E+03 +/- 0.00 % D(l=2) ave= 0.000E+00 +/- 0.00 % D(l=3) ave= 0.000E+00 +/- 0.00 %  % || S(l=0) ave= 5.380E-04 +/- 0.10 % S(l=1) ave= 2.318E-04 +/- 7.96 % S(l=2) ave= 0.000E+00 +/- 0.00 % S(l=3) ave= 0.000E+00 +/- 0.00 % 
 ... random file  255 Cap(th)  ave= 1.863E+01 b. +/- 2.75 % || Ela(th) ave= 8.003E+00 b. +/- 3.05 % || RIcap ave= 8.83E+00 b. +/- 2.76 % || Macs30 ave= 5.24E-02 b. +/- 1.41 % || Gn^0(l=0) ave= 7.381E+00 +/- 0.12 % Gn^0(l=1) ave= 6.404E+00 +/- 8.47 % Gn^0(l=2) ave= 0.000E+00 +/- 0.00 % Gn^0(l=3) ave= 0.000E+00 +/- 0.00 % || Gtotal(l=0) ave= 0.000E+00 +/- 0.00 % Gtotal(l=1) ave= 0.000E+00 +/- 0.00 % Gtotal(l=2) ave= 0.000E+00 +/- 0.00 % Gtotal(l=3) ave= 0.000E+00 +/- 0.00 %  % || Gg(l=0) ave= 2.473E+00 +/- 0.86 % Gg(l=1) ave= 1.709E+00 +/- 0.42 % Gg(l=2) ave= 0.000E+00 +/- 0.00 % Gg(l=3) ave= 0.000E+00 +/- 0.00 %  % || D(l=0) ave= 6.267E+03 +/- 0.00 % D(l=1) ave= 2.220E+03 +/- 0.00 % D(l=2) ave= 0.000E+00 +/- 0.00 % D(l=3) ave= 0.000E+00 +/- 0.00 %  % || S(l=0) ave= 5.380E-04 +/- 0.10 % S(l=1) ave= 2.318E-04 +/- 7.94 % S(l=2) ave= 0.000E+00 +/- 0.00 % S(l=3) ave= 0.000E+00 +/- 0.00 % 
 ... random file  256 Cap(th)  ave= 1.863E+01 b. +/- 2.76 % || Ela(th) ave= 8.003E+00 b. +/- 3.05 % || RIcap ave= 8.83E+00 b. +/- 2.76 % || Macs30 ave= 5.24E-02 b. +/- 1.41 % || Gn^0(l=0) ave= 7.381E+00 +/- 0.12 % Gn^0(l=1) ave= 6.403E+00 +/- 8.45 % Gn^0(l=2) ave= 0.000E+00 +/- 0.00 % Gn^0(l=3) ave= 0.000E+00 +/- 0.00 % || Gtotal(l=0) ave= 0.000E+00 +/- 0.00 % Gtotal(l=1) ave= 0.000E+00 +/- 0.00 % Gtotal(l=2) ave= 0.000E+00 +/- 0.00 % Gtotal(l=3) ave= 0.000E+00 +/- 0.00 %  % || Gg(l=0) ave= 2.473E+00 +/- 0.86 % Gg(l=1) ave= 1.709E+00 +/- 0.42 % Gg(l=2) ave= 0.000E+00 +/- 0.00 % Gg(l=3) ave= 0.000E+00 +/- 0.00 %  % || D(l=0) ave= 6.267E+03 +/- 0.00 % D(l=1) ave= 2.220E+03 +/- 0.00 % D(l=2) ave= 0.000E+00 +/- 0.00 % D(l=3) ave= 0.000E+00 +/- 0.00 %  % || S(l=0) ave= 5.380E-04 +/- 0.11 % S(l=1) ave= 2.318E-04 +/- 7.93 % S(l=2) ave= 0.000E+00 +/- 0.00 % S(l=3) ave= 0.000E+00 +/- 0.00 % 
 ... random file  257 Cap(th)  ave= 1.863E+01 b. +/- 2.76 % || Ela(th) ave= 8.003E+00 b. +/- 3.04 % || RIcap ave= 8.83E+00 b. +/- 2.76 % || Macs30 ave= 5.24E-02 b. +/- 1.41 % || Gn^0(l=0) ave= 7.381E+00 +/- 0.12 % Gn^0(l=1) ave= 6.403E+00 +/- 8.44 % Gn^0(l=2) ave= 0.000E+00 +/- 0.00 % Gn^0(l=3) ave= 0.000E+00 +/- 0.00 % || Gtotal(l=0) ave= 0.000E+00 +/- 0.00 % Gtotal(l=1) ave= 0.000E+00 +/- 0.00 % Gtotal(l=2) ave= 0.000E+00 +/- 0.00 % Gtotal(l=3) ave= 0.000E+00 +/- 0.00 %  % || Gg(l=0) ave= 2.473E+00 +/- 0.85 % Gg(l=1) ave= 1.709E+00 +/- 0.41 % Gg(l=2) ave= 0.000E+00 +/- 0.00 % Gg(l=3) ave= 0.000E+00 +/- 0.00 %  % || D(l=0) ave= 6.267E+03 +/- 0.00 % D(l=1) ave= 2.220E+03 +/- 0.00 % D(l=2) ave= 0.000E+00 +/- 0.00 % D(l=3) ave= 0.000E+00 +/- 0.00 %  % || S(l=0) ave= 5.380E-04 +/- 0.10 % S(l=1) ave= 2.318E-04 +/- 7.91 % S(l=2) ave= 0.000E+00 +/- 0.00 % S(l=3) ave= 0.000E+00 +/- 0.00 % 
 ... random file  258 Cap(th)  ave= 1.863E+01 b. +/- 2.75 % || Ela(th) ave= 8.004E+00 b. +/- 3.04 % || RIcap ave= 8.83E+00 b. +/- 2.76 % || Macs30 ave= 5.24E-02 b. +/- 1.41 % || Gn^0(l=0) ave= 7.381E+00 +/- 0.12 % Gn^0(l=1) ave= 6.401E+00 +/- 8.45 % Gn^0(l=2) ave= 0.000E+00 +/- 0.00 % Gn^0(l=3) ave= 0.000E+00 +/- 0.00 % || Gtotal(l=0) ave= 0.000E+00 +/- 0.00 % Gtotal(l=1) ave= 0.000E+00 +/- 0.00 % Gtotal(l=2) ave= 0.000E+00 +/- 0.00 % Gtotal(l=3) ave= 0.000E+00 +/- 0.00 %  % || Gg(l=0) ave= 2.473E+00 +/- 0.85 % Gg(l=1) ave= 1.709E+00 +/- 0.41 % Gg(l=2) ave= 0.000E+00 +/- 0.00 % Gg(l=3) ave= 0.000E+00 +/- 0.00 %  % || D(l=0) ave= 6.267E+03 +/- 0.00 % D(l=1) ave= 2.220E+03 +/- 0.00 % D(l=2) ave= 0.000E+00 +/- 0.00 % D(l=3) ave= 0.000E+00 +/- 0.00 %  % || S(l=0) ave= 5.380E-04 +/- 0.11 % S(l=1) ave= 2.317E-04 +/- 7.93 % S(l=2) ave= 0.000E+00 +/- 0.00 % S(l=3) ave= 0.000E+00 +/- 0.00 % 
 ... random file  259 Cap(th)  ave= 1.863E+01 b. +/- 2.75 % || Ela(th) ave= 8.004E+00 b. +/- 3.04 % || RIcap ave= 8.83E+00 b. +/- 2.75 % || Macs30 ave= 5.24E-02 b. +/- 1.41 % || Gn^0(l=0) ave= 7.381E+00 +/- 0.12 % Gn^0(l=1) ave= 6.398E+00 +/- 8.46 % Gn^0(l=2) ave= 0.000E+00 +/- 0.00 % Gn^0(l=3) ave= 0.000E+00 +/- 0.00 % || Gtotal(l=0) ave= 0.000E+00 +/- 0.00 % Gtotal(l=1) ave= 0.000E+00 +/- 0.00 % Gtotal(l=2) ave= 0.000E+00 +/- 0.00 % Gtotal(l=3) ave= 0.000E+00 +/- 0.00 %  % || Gg(l=0) ave= 2.473E+00 +/- 0.86 % Gg(l=1) ave= 1.709E+00 +/- 0.41 % Gg(l=2) ave= 0.000E+00 +/- 0.00 % Gg(l=3) ave= 0.000E+00 +/- 0.00 %  % || D(l=0) ave= 6.267E+03 +/- 0.00 % D(l=1) ave= 2.220E+03 +/- 0.00 % D(l=2) ave= 0.000E+00 +/- 0.00 % D(l=3) ave= 0.000E+00 +/- 0.00 %  % || S(l=0) ave= 5.380E-04 +/- 0.11 % S(l=1) ave= 2.316E-04 +/- 7.94 % S(l=2) ave= 0.000E+00 +/- 0.00 % S(l=3) ave= 0.000E+00 +/- 0.00 % 
 ... random file  260 Cap(th)  ave= 1.863E+01 b. +/- 2.76 % || Ela(th) ave= 8.004E+00 b. +/- 3.03 % || RIcap ave= 8.83E+00 b. +/- 2.76 % || Macs30 ave= 5.24E-02 b. +/- 1.41 % || Gn^0(l=0) ave= 7.381E+00 +/- 0.12 % Gn^0(l=1) ave= 6.397E+00 +/- 8.46 % Gn^0(l=2) ave= 0.000E+00 +/- 0.00 % Gn^0(l=3) ave= 0.000E+00 +/- 0.00 % || Gtotal(l=0) ave= 0.000E+00 +/- 0.00 % Gtotal(l=1) ave= 0.000E+00 +/- 0.00 % Gtotal(l=2) ave= 0.000E+00 +/- 0.00 % Gtotal(l=3) ave= 0.000E+00 +/- 0.00 %  % || Gg(l=0) ave= 2.473E+00 +/- 0.86 % Gg(l=1) ave= 1.709E+00 +/- 0.41 % Gg(l=2) ave= 0.000E+00 +/- 0.00 % Gg(l=3) ave= 0.000E+00 +/- 0.00 %  % || D(l=0) ave= 6.267E+03 +/- 0.00 % D(l=1) ave= 2.220E+03 +/- 0.00 % D(l=2) ave= 0.000E+00 +/- 0.00 % D(l=3) ave= 0.000E+00 +/- 0.00 %  % || S(l=0) ave= 5.380E-04 +/- 0.10 % S(l=1) ave= 2.316E-04 +/- 7.93 % S(l=2) ave= 0.000E+00 +/- 0.00 % S(l=3) ave= 0.000E+00 +/- 0.00 % 
 ... random file  261 Cap(th)  ave= 1.862E+01 b. +/- 2.76 % || Ela(th) ave= 8.003E+00 b. +/- 3.03 % || RIcap ave= 8.83E+00 b. +/- 2.76 % || Macs30 ave= 5.24E-02 b. +/- 1.41 % || Gn^0(l=0) ave= 7.381E+00 +/- 0.12 % Gn^0(l=1) ave= 6.396E+00 +/- 8.44 % Gn^0(l=2) ave= 0.000E+00 +/- 0.00 % Gn^0(l=3) ave= 0.000E+00 +/- 0.00 % || Gtotal(l=0) ave= 0.000E+00 +/- 0.00 % Gtotal(l=1) ave= 0.000E+00 +/- 0.00 % Gtotal(l=2) ave= 0.000E+00 +/- 0.00 % Gtotal(l=3) ave= 0.000E+00 +/- 0.00 %  % || Gg(l=0) ave= 2.473E+00 +/- 0.86 % Gg(l=1) ave= 1.709E+00 +/- 0.41 % Gg(l=2) ave= 0.000E+00 +/- 0.00 % Gg(l=3) ave= 0.000E+00 +/- 0.00 %  % || D(l=0) ave= 6.267E+03 +/- 0.00 % D(l=1) ave= 2.220E+03 +/- 0.00 % D(l=2) ave= 0.000E+00 +/- 0.00 % D(l=3) ave= 0.000E+00 +/- 0.00 %  % || S(l=0) ave= 5.380E-04 +/- 0.10 % S(l=1) ave= 2.316E-04 +/- 7.92 % S(l=2) ave= 0.000E+00 +/- 0.00 % S(l=3) ave= 0.000E+00 +/- 0.00 % 
 ... random file  262 Cap(th)  ave= 1.863E+01 b. +/- 2.76 % || Ela(th) ave= 8.004E+00 b. +/- 3.02 % || RIcap ave= 8.83E+00 b. +/- 2.76 % || Macs30 ave= 5.24E-02 b. +/- 1.41 % || Gn^0(l=0) ave= 7.381E+00 +/- 0.12 % Gn^0(l=1) ave= 6.396E+00 +/- 8.42 % Gn^0(l=2) ave= 0.000E+00 +/- 0.00 % Gn^0(l=3) ave= 0.000E+00 +/- 0.00 % || Gtotal(l=0) ave= 0.000E+00 +/- 0.00 % Gtotal(l=1) ave= 0.000E+00 +/- 0.00 % Gtotal(l=2) ave= 0.000E+00 +/- 0.00 % Gtotal(l=3) ave= 0.000E+00 +/- 0.00 %  % || Gg(l=0) ave= 2.473E+00 +/- 0.86 % Gg(l=1) ave= 1.709E+00 +/- 0.41 % Gg(l=2) ave= 0.000E+00 +/- 0.00 % Gg(l=3) ave= 0.000E+00 +/- 0.00 %  % || D(l=0) ave= 6.267E+03 +/- 0.00 % D(l=1) ave= 2.220E+03 +/- 0.00 % D(l=2) ave= 0.000E+00 +/- 0.00 % D(l=3) ave= 0.000E+00 +/- 0.00 %  % || S(l=0) ave= 5.380E-04 +/- 0.11 % S(l=1) ave= 2.315E-04 +/- 7.90 % S(l=2) ave= 0.000E+00 +/- 0.00 % S(l=3) ave= 0.000E+00 +/- 0.00 % 
 ... random file  263 Cap(th)  ave= 1.863E+01 b. +/- 2.75 % || Ela(th) ave= 8.005E+00 b. +/- 3.02 % || RIcap ave= 8.83E+00 b. +/- 2.76 % || Macs30 ave= 5.24E-02 b. +/- 1.41 % || Gn^0(l=0) ave= 7.381E+00 +/- 0.12 % Gn^0(l=1) ave= 6.394E+00 +/- 8.42 % Gn^0(l=2) ave= 0.000E+00 +/- 0.00 % Gn^0(l=3) ave= 0.000E+00 +/- 0.00 % || Gtotal(l=0) ave= 0.000E+00 +/- 0.00 % Gtotal(l=1) ave= 0.000E+00 +/- 0.00 % Gtotal(l=2) ave= 0.000E+00 +/- 0.00 % Gtotal(l=3) ave= 0.000E+00 +/- 0.00 %  % || Gg(l=0) ave= 2.473E+00 +/- 0.86 % Gg(l=1) ave= 1.709E+00 +/- 0.41 % Gg(l=2) ave= 0.000E+00 +/- 0.00 % Gg(l=3) ave= 0.000E+00 +/- 0.00 %  % || D(l=0) ave= 6.267E+03 +/- 0.00 % D(l=1) ave= 2.220E+03 +/- 0.00 % D(l=2) ave= 0.000E+00 +/- 0.00 % D(l=3) ave= 0.000E+00 +/- 0.00 %  % || S(l=0) ave= 5.380E-04 +/- 0.11 % S(l=1) ave= 2.315E-04 +/- 7.90 % S(l=2) ave= 0.000E+00 +/- 0.00 % S(l=3) ave= 0.000E+00 +/- 0.00 % 
 ... random file  264 Cap(th)  ave= 1.862E+01 b. +/- 2.77 % || Ela(th) ave= 8.005E+00 b. +/- 3.02 % || RIcap ave= 8.83E+00 b. +/- 2.78 % || Macs30 ave= 5.24E-02 b. +/- 1.42 % || Gn^0(l=0) ave= 7.381E+00 +/- 0.12 % Gn^0(l=1) ave= 6.394E+00 +/- 8.41 % Gn^0(l=2) ave= 0.000E+00 +/- 0.00 % Gn^0(l=3) ave= 0.000E+00 +/- 0.00 % || Gtotal(l=0) ave= 0.000E+00 +/- 0.00 % Gtotal(l=1) ave= 0.000E+00 +/- 0.00 % Gtotal(l=2) ave= 0.000E+00 +/- 0.00 % Gtotal(l=3) ave= 0.000E+00 +/- 0.00 %  % || Gg(l=0) ave= 2.473E+00 +/- 0.86 % Gg(l=1) ave= 1.709E+00 +/- 0.41 % Gg(l=2) ave= 0.000E+00 +/- 0.00 % Gg(l=3) ave= 0.000E+00 +/- 0.00 %  % || D(l=0) ave= 6.267E+03 +/- 0.00 % D(l=1) ave= 2.220E+03 +/- 0.00 % D(l=2) ave= 0.000E+00 +/- 0.00 % D(l=3) ave= 0.000E+00 +/- 0.00 %  % || S(l=0) ave= 5.380E-04 +/- 0.10 % S(l=1) ave= 2.315E-04 +/- 7.89 % S(l=2) ave= 0.000E+00 +/- 0.00 % S(l=3) ave= 0.000E+00 +/- 0.00 % 
 ... random file  265 Cap(th)  ave= 1.862E+01 b. +/- 2.77 % || Ela(th) ave= 8.003E+00 b. +/- 3.03 % || RIcap ave= 8.82E+00 b. +/- 2.78 % || Macs30 ave= 5.24E-02 b. +/- 1.42 % || Gn^0(l=0) ave= 7.381E+00 +/- 0.12 % Gn^0(l=1) ave= 6.395E+00 +/- 8.40 % Gn^0(l=2) ave= 0.000E+00 +/- 0.00 % Gn^0(l=3) ave= 0.000E+00 +/- 0.00 % || Gtotal(l=0) ave= 0.000E+00 +/- 0.00 % Gtotal(l=1) ave= 0.000E+00 +/- 0.00 % Gtotal(l=2) ave= 0.000E+00 +/- 0.00 % Gtotal(l=3) ave= 0.000E+00 +/- 0.00 %  % || Gg(l=0) ave= 2.473E+00 +/- 0.87 % Gg(l=1) ave= 1.709E+00 +/- 0.41 % Gg(l=2) ave= 0.000E+00 +/- 0.00 % Gg(l=3) ave= 0.000E+00 +/- 0.00 %  % || D(l=0) ave= 6.267E+03 +/- 0.00 % D(l=1) ave= 2.220E+03 +/- 0.00 % D(l=2) ave= 0.000E+00 +/- 0.00 % D(l=3) ave= 0.000E+00 +/- 0.00 %  % || S(l=0) ave= 5.380E-04 +/- 0.10 % S(l=1) ave= 2.315E-04 +/- 7.88 % S(l=2) ave= 0.000E+00 +/- 0.00 % S(l=3) ave= 0.000E+00 +/- 0.00 % 
 ... random file  266 Cap(th)  ave= 1.862E+01 b. +/- 2.77 % || Ela(th) ave= 8.003E+00 b. +/- 3.02 % || RIcap ave= 8.82E+00 b. +/- 2.78 % || Macs30 ave= 5.24E-02 b. +/- 1.42 % || Gn^0(l=0) ave= 7.381E+00 +/- 0.12 % Gn^0(l=1) ave= 6.395E+00 +/- 8.39 % Gn^0(l=2) ave= 0.000E+00 +/- 0.00 % Gn^0(l=3) ave= 0.000E+00 +/- 0.00 % || Gtotal(l=0) ave= 0.000E+00 +/- 0.00 % Gtotal(l=1) ave= 0.000E+00 +/- 0.00 % Gtotal(l=2) ave= 0.000E+00 +/- 0.00 % Gtotal(l=3) ave= 0.000E+00 +/- 0.00 %  % || Gg(l=0) ave= 2.473E+00 +/- 0.87 % Gg(l=1) ave= 1.709E+00 +/- 0.41 % Gg(l=2) ave= 0.000E+00 +/- 0.00 % Gg(l=3) ave= 0.000E+00 +/- 0.00 %  % || D(l=0) ave= 6.267E+03 +/- 0.00 % D(l=1) ave= 2.220E+03 +/- 0.00 % D(l=2) ave= 0.000E+00 +/- 0.00 % D(l=3) ave= 0.000E+00 +/- 0.00 %  % || S(l=0) ave= 5.380E-04 +/- 0.10 % S(l=1) ave= 2.315E-04 +/- 7.87 % S(l=2) ave= 0.000E+00 +/- 0.00 % S(l=3) ave= 0.000E+00 +/- 0.00 % 
 ... random file  267 Cap(th)  ave= 1.862E+01 b. +/- 2.77 % || Ela(th) ave= 8.004E+00 b. +/- 3.02 % || RIcap ave= 8.82E+00 b. +/- 2.78 % || Macs30 ave= 5.24E-02 b. +/- 1.42 % || Gn^0(l=0) ave= 7.381E+00 +/- 0.12 % Gn^0(l=1) ave= 6.394E+00 +/- 8.38 % Gn^0(l=2) ave= 0.000E+00 +/- 0.00 % Gn^0(l=3) ave= 0.000E+00 +/- 0.00 % || Gtotal(l=0) ave= 0.000E+00 +/- 0.00 % Gtotal(l=1) ave= 0.000E+00 +/- 0.00 % Gtotal(l=2) ave= 0.000E+00 +/- 0.00 % Gtotal(l=3) ave= 0.000E+00 +/- 0.00 %  % || Gg(l=0) ave= 2.473E+00 +/- 0.87 % Gg(l=1) ave= 1.709E+00 +/- 0.41 % Gg(l=2) ave= 0.000E+00 +/- 0.00 % Gg(l=3) ave= 0.000E+00 +/- 0.00 %  % || D(l=0) ave= 6.267E+03 +/- 0.00 % D(l=1) ave= 2.220E+03 +/- 0.00 % D(l=2) ave= 0.000E+00 +/- 0.00 % D(l=3) ave= 0.000E+00 +/- 0.00 %  % || S(l=0) ave= 5.380E-04 +/- 0.11 % S(l=1) ave= 2.315E-04 +/- 7.86 % S(l=2) ave= 0.000E+00 +/- 0.00 % S(l=3) ave= 0.000E+00 +/- 0.00 % 
 ... random file  268 Cap(th)  ave= 1.862E+01 b. +/- 2.77 % || Ela(th) ave= 8.004E+00 b. +/- 3.02 % || RIcap ave= 8.82E+00 b. +/- 2.77 % || Macs30 ave= 5.24E-02 b. +/- 1.42 % || Gn^0(l=0) ave= 7.381E+00 +/- 0.12 % Gn^0(l=1) ave= 6.396E+00 +/- 8.38 % Gn^0(l=2) ave= 0.000E+00 +/- 0.00 % Gn^0(l=3) ave= 0.000E+00 +/- 0.00 % || Gtotal(l=0) ave= 0.000E+00 +/- 0.00 % Gtotal(l=1) ave= 0.000E+00 +/- 0.00 % Gtotal(l=2) ave= 0.000E+00 +/- 0.00 % Gtotal(l=3) ave= 0.000E+00 +/- 0.00 %  % || Gg(l=0) ave= 2.473E+00 +/- 0.87 % Gg(l=1) ave= 1.709E+00 +/- 0.41 % Gg(l=2) ave= 0.000E+00 +/- 0.00 % Gg(l=3) ave= 0.000E+00 +/- 0.00 %  % || D(l=0) ave= 6.267E+03 +/- 0.00 % D(l=1) ave= 2.220E+03 +/- 0.00 % D(l=2) ave= 0.000E+00 +/- 0.00 % D(l=3) ave= 0.000E+00 +/- 0.00 %  % || S(l=0) ave= 5.380E-04 +/- 0.10 % S(l=1) ave= 2.315E-04 +/- 7.86 % S(l=2) ave= 0.000E+00 +/- 0.00 % S(l=3) ave= 0.000E+00 +/- 0.00 % 
 ... random file  269 Cap(th)  ave= 1.862E+01 b. +/- 2.77 % || Ela(th) ave= 8.004E+00 b. +/- 3.01 % || RIcap ave= 8.82E+00 b. +/- 2.78 % || Macs30 ave= 5.24E-02 b. +/- 1.42 % || Gn^0(l=0) ave= 7.381E+00 +/- 0.12 % Gn^0(l=1) ave= 6.394E+00 +/- 8.39 % Gn^0(l=2) ave= 0.000E+00 +/- 0.00 % Gn^0(l=3) ave= 0.000E+00 +/- 0.00 % || Gtotal(l=0) ave= 0.000E+00 +/- 0.00 % Gtotal(l=1) ave= 0.000E+00 +/- 0.00 % Gtotal(l=2) ave= 0.000E+00 +/- 0.00 % Gtotal(l=3) ave= 0.000E+00 +/- 0.00 %  % || Gg(l=0) ave= 2.473E+00 +/- 0.87 % Gg(l=1) ave= 1.709E+00 +/- 0.41 % Gg(l=2) ave= 0.000E+00 +/- 0.00 % Gg(l=3) ave= 0.000E+00 +/- 0.00 %  % || D(l=0) ave= 6.267E+03 +/- 0.00 % D(l=1) ave= 2.220E+03 +/- 0.00 % D(l=2) ave= 0.000E+00 +/- 0.00 % D(l=3) ave= 0.000E+00 +/- 0.00 %  % || S(l=0) ave= 5.380E-04 +/- 0.10 % S(l=1) ave= 2.315E-04 +/- 7.87 % S(l=2) ave= 0.000E+00 +/- 0.00 % S(l=3) ave= 0.000E+00 +/- 0.00 % 
 ... random file  270 Cap(th)  ave= 1.861E+01 b. +/- 2.80 % || Ela(th) ave= 8.002E+00 b. +/- 3.02 % || RIcap ave= 8.82E+00 b. +/- 2.81 % || Macs30 ave= 5.24E-02 b. +/- 1.42 % || Gn^0(l=0) ave= 7.381E+00 +/- 0.12 % Gn^0(l=1) ave= 6.392E+00 +/- 8.38 % Gn^0(l=2) ave= 0.000E+00 +/- 0.00 % Gn^0(l=3) ave= 0.000E+00 +/- 0.00 % || Gtotal(l=0) ave= 0.000E+00 +/- 0.00 % Gtotal(l=1) ave= 0.000E+00 +/- 0.00 % Gtotal(l=2) ave= 0.000E+00 +/- 0.00 % Gtotal(l=3) ave= 0.000E+00 +/- 0.00 %  % || Gg(l=0) ave= 2.472E+00 +/- 0.88 % Gg(l=1) ave= 1.709E+00 +/- 0.41 % Gg(l=2) ave= 0.000E+00 +/- 0.00 % Gg(l=3) ave= 0.000E+00 +/- 0.00 %  % || D(l=0) ave= 6.267E+03 +/- 0.00 % D(l=1) ave= 2.220E+03 +/- 0.00 % D(l=2) ave= 0.000E+00 +/- 0.00 % D(l=3) ave= 0.000E+00 +/- 0.00 %  % || S(l=0) ave= 5.380E-04 +/- 0.10 % S(l=1) ave= 2.314E-04 +/- 7.86 % S(l=2) ave= 0.000E+00 +/- 0.00 % S(l=3) ave= 0.000E+00 +/- 0.00 % 
 ... random file  271 Cap(th)  ave= 1.861E+01 b. +/- 2.80 % || Ela(th) ave= 8.003E+00 b. +/- 3.02 % || RIcap ave= 8.82E+00 b. +/- 2.80 % || Macs30 ave= 5.24E-02 b. +/- 1.42 % || Gn^0(l=0) ave= 7.381E+00 +/- 0.12 % Gn^0(l=1) ave= 6.389E+00 +/- 8.42 % Gn^0(l=2) ave= 0.000E+00 +/- 0.00 % Gn^0(l=3) ave= 0.000E+00 +/- 0.00 % || Gtotal(l=0) ave= 0.000E+00 +/- 0.00 % Gtotal(l=1) ave= 0.000E+00 +/- 0.00 % Gtotal(l=2) ave= 0.000E+00 +/- 0.00 % Gtotal(l=3) ave= 0.000E+00 +/- 0.00 %  % || Gg(l=0) ave= 2.473E+00 +/- 0.88 % Gg(l=1) ave= 1.709E+00 +/- 0.41 % Gg(l=2) ave= 0.000E+00 +/- 0.00 % Gg(l=3) ave= 0.000E+00 +/- 0.00 %  % || D(l=0) ave= 6.267E+03 +/- 0.00 % D(l=1) ave= 2.220E+03 +/- 0.00 % D(l=2) ave= 0.000E+00 +/- 0.00 % D(l=3) ave= 0.000E+00 +/- 0.00 %  % || S(l=0) ave= 5.380E-04 +/- 0.10 % S(l=1) ave= 2.313E-04 +/- 7.89 % S(l=2) ave= 0.000E+00 +/- 0.00 % S(l=3) ave= 0.000E+00 +/- 0.00 % 
 ... random file  272 Cap(th)  ave= 1.861E+01 b. +/- 2.79 % || Ela(th) ave= 8.003E+00 b. +/- 3.01 % || RIcap ave= 8.82E+00 b. +/- 2.80 % || Macs30 ave= 5.24E-02 b. +/- 1.42 % || Gn^0(l=0) ave= 7.381E+00 +/- 0.12 % Gn^0(l=1) ave= 6.390E+00 +/- 8.40 % Gn^0(l=2) ave= 0.000E+00 +/- 0.00 % Gn^0(l=3) ave= 0.000E+00 +/- 0.00 % || Gtotal(l=0) ave= 0.000E+00 +/- 0.00 % Gtotal(l=1) ave= 0.000E+00 +/- 0.00 % Gtotal(l=2) ave= 0.000E+00 +/- 0.00 % Gtotal(l=3) ave= 0.000E+00 +/- 0.00 %  % || Gg(l=0) ave= 2.472E+00 +/- 0.88 % Gg(l=1) ave= 1.709E+00 +/- 0.41 % Gg(l=2) ave= 0.000E+00 +/- 0.00 % Gg(l=3) ave= 0.000E+00 +/- 0.00 %  % || D(l=0) ave= 6.267E+03 +/- 0.00 % D(l=1) ave= 2.220E+03 +/- 0.00 % D(l=2) ave= 0.000E+00 +/- 0.00 % D(l=3) ave= 0.000E+00 +/- 0.00 %  % || S(l=0) ave= 5.380E-04 +/- 0.10 % S(l=1) ave= 2.313E-04 +/- 7.88 % S(l=2) ave= 0.000E+00 +/- 0.00 % S(l=3) ave= 0.000E+00 +/- 0.00 % 
 ... random file  273 Cap(th)  ave= 1.861E+01 b. +/- 2.79 % || Ela(th) ave= 8.003E+00 b. +/- 3.01 % || RIcap ave= 8.82E+00 b. +/- 2.79 % || Macs30 ave= 5.24E-02 b. +/- 1.42 % || Gn^0(l=0) ave= 7.381E+00 +/- 0.11 % Gn^0(l=1) ave= 6.388E+00 +/- 8.40 % Gn^0(l=2) ave= 0.000E+00 +/- 0.00 % Gn^0(l=3) ave= 0.000E+00 +/- 0.00 % || Gtotal(l=0) ave= 0.000E+00 +/- 0.00 % Gtotal(l=1) ave= 0.000E+00 +/- 0.00 % Gtotal(l=2) ave= 0.000E+00 +/- 0.00 % Gtotal(l=3) ave= 0.000E+00 +/- 0.00 %  % || Gg(l=0) ave= 2.473E+00 +/- 0.88 % Gg(l=1) ave= 1.709E+00 +/- 0.41 % Gg(l=2) ave= 0.000E+00 +/- 0.00 % Gg(l=3) ave= 0.000E+00 +/- 0.00 %  % || D(l=0) ave= 6.267E+03 +/- 0.00 % D(l=1) ave= 2.220E+03 +/- 0.00 % D(l=2) ave= 0.000E+00 +/- 0.00 % D(l=3) ave= 0.000E+00 +/- 0.00 %  % || S(l=0) ave= 5.380E-04 +/- 0.10 % S(l=1) ave= 2.313E-04 +/- 7.88 % S(l=2) ave= 0.000E+00 +/- 0.00 % S(l=3) ave= 0.000E+00 +/- 0.00 % 
 ... random file  274 Cap(th)  ave= 1.861E+01 b. +/- 2.81 % || Ela(th) ave= 8.002E+00 b. +/- 3.01 % || RIcap ave= 8.82E+00 b. +/- 2.81 % || Macs30 ave= 5.24E-02 b. +/- 1.42 % || Gn^0(l=0) ave= 7.381E+00 +/- 0.11 % Gn^0(l=1) ave= 6.388E+00 +/- 8.38 % Gn^0(l=2) ave= 0.000E+00 +/- 0.00 % Gn^0(l=3) ave= 0.000E+00 +/- 0.00 % || Gtotal(l=0) ave= 0.000E+00 +/- 0.00 % Gtotal(l=1) ave= 0.000E+00 +/- 0.00 % Gtotal(l=2) ave= 0.000E+00 +/- 0.00 % Gtotal(l=3) ave= 0.000E+00 +/- 0.00 %  % || Gg(l=0) ave= 2.472E+00 +/- 0.88 % Gg(l=1) ave= 1.709E+00 +/- 0.42 % Gg(l=2) ave= 0.000E+00 +/- 0.00 % Gg(l=3) ave= 0.000E+00 +/- 0.00 %  % || D(l=0) ave= 6.267E+03 +/- 0.00 % D(l=1) ave= 2.220E+03 +/- 0.00 % D(l=2) ave= 0.000E+00 +/- 0.00 % D(l=3) ave= 0.000E+00 +/- 0.00 %  % || S(l=0) ave= 5.380E-04 +/- 0.10 % S(l=1) ave= 2.313E-04 +/- 7.86 % S(l=2) ave= 0.000E+00 +/- 0.00 % S(l=3) ave= 0.000E+00 +/- 0.00 % 
 ... random file  275 Cap(th)  ave= 1.861E+01 b. +/- 2.80 % || Ela(th) ave= 8.002E+00 b. +/- 3.01 % || RIcap ave= 8.82E+00 b. +/- 2.81 % || Macs30 ave= 5.24E-02 b. +/- 1.42 % || Gn^0(l=0) ave= 7.381E+00 +/- 0.11 % Gn^0(l=1) ave= 6.388E+00 +/- 8.37 % Gn^0(l=2) ave= 0.000E+00 +/- 0.00 % Gn^0(l=3) ave= 0.000E+00 +/- 0.00 % || Gtotal(l=0) ave= 0.000E+00 +/- 0.00 % Gtotal(l=1) ave= 0.000E+00 +/- 0.00 % Gtotal(l=2) ave= 0.000E+00 +/- 0.00 % Gtotal(l=3) ave= 0.000E+00 +/- 0.00 %  % || Gg(l=0) ave= 2.472E+00 +/- 0.88 % Gg(l=1) ave= 1.709E+00 +/- 0.41 % Gg(l=2) ave= 0.000E+00 +/- 0.00 % Gg(l=3) ave= 0.000E+00 +/- 0.00 %  % || D(l=0) ave= 6.267E+03 +/- 0.00 % D(l=1) ave= 2.220E+03 +/- 0.00 % D(l=2) ave= 0.000E+00 +/- 0.00 % D(l=3) ave= 0.000E+00 +/- 0.00 %  % || S(l=0) ave= 5.380E-04 +/- 0.10 % S(l=1) ave= 2.313E-04 +/- 7.85 % S(l=2) ave= 0.000E+00 +/- 0.00 % S(l=3) ave= 0.000E+00 +/- 0.00 % 
 ... random file  276 Cap(th)  ave= 1.861E+01 b. +/- 2.82 % || Ela(th) ave= 8.003E+00 b. +/- 3.01 % || RIcap ave= 8.82E+00 b. +/- 2.82 % || Macs30 ave= 5.24E-02 b. +/- 1.42 % || Gn^0(l=0) ave= 7.381E+00 +/- 0.11 % Gn^0(l=1) ave= 6.388E+00 +/- 8.35 % Gn^0(l=2) ave= 0.000E+00 +/- 0.00 % Gn^0(l=3) ave= 0.000E+00 +/- 0.00 % || Gtotal(l=0) ave= 0.000E+00 +/- 0.00 % Gtotal(l=1) ave= 0.000E+00 +/- 0.00 % Gtotal(l=2) ave= 0.000E+00 +/- 0.00 % Gtotal(l=3) ave= 0.000E+00 +/- 0.00 %  % || Gg(l=0) ave= 2.473E+00 +/- 0.88 % Gg(l=1) ave= 1.709E+00 +/- 0.41 % Gg(l=2) ave= 0.000E+00 +/- 0.00 % Gg(l=3) ave= 0.000E+00 +/- 0.00 %  % || D(l=0) ave= 6.267E+03 +/- 0.00 % D(l=1) ave= 2.220E+03 +/- 0.00 % D(l=2) ave= 0.000E+00 +/- 0.00 % D(l=3) ave= 0.000E+00 +/- 0.00 %  % || S(l=0) ave= 5.380E-04 +/- 0.10 % S(l=1) ave= 2.313E-04 +/- 7.83 % S(l=2) ave= 0.000E+00 +/- 0.00 % S(l=3) ave= 0.000E+00 +/- 0.00 % 
 ... random file  277 Cap(th)  ave= 1.862E+01 b. +/- 2.82 % || Ela(th) ave= 8.005E+00 b. +/- 3.02 % || RIcap ave= 8.82E+00 b. +/- 2.83 % || Macs30 ave= 5.24E-02 b. +/- 1.42 % || Gn^0(l=0) ave= 7.381E+00 +/- 0.11 % Gn^0(l=1) ave= 6.387E+00 +/- 8.34 % Gn^0(l=2) ave= 0.000E+00 +/- 0.00 % Gn^0(l=3) ave= 0.000E+00 +/- 0.00 % || Gtotal(l=0) ave= 0.000E+00 +/- 0.00 % Gtotal(l=1) ave= 0.000E+00 +/- 0.00 % Gtotal(l=2) ave= 0.000E+00 +/- 0.00 % Gtotal(l=3) ave= 0.000E+00 +/- 0.00 %  % || Gg(l=0) ave= 2.473E+00 +/- 0.88 % Gg(l=1) ave= 1.709E+00 +/- 0.42 % Gg(l=2) ave= 0.000E+00 +/- 0.00 % Gg(l=3) ave= 0.000E+00 +/- 0.00 %  % || D(l=0) ave= 6.267E+03 +/- 0.00 % D(l=1) ave= 2.220E+03 +/- 0.00 % D(l=2) ave= 0.000E+00 +/- 0.00 % D(l=3) ave= 0.000E+00 +/- 0.00 %  % || S(l=0) ave= 5.380E-04 +/- 0.10 % S(l=1) ave= 2.312E-04 +/- 7.82 % S(l=2) ave= 0.000E+00 +/- 0.00 % S(l=3) ave= 0.000E+00 +/- 0.00 % 
 ... random file  278 Cap(th)  ave= 1.862E+01 b. +/- 2.82 % || Ela(th) ave= 8.005E+00 b. +/- 3.02 % || RIcap ave= 8.82E+00 b. +/- 2.82 % || Macs30 ave= 5.24E-02 b. +/- 1.42 % || Gn^0(l=0) ave= 7.381E+00 +/- 0.11 % Gn^0(l=1) ave= 6.387E+00 +/- 8.33 % Gn^0(l=2) ave= 0.000E+00 +/- 0.00 % Gn^0(l=3) ave= 0.000E+00 +/- 0.00 % || Gtotal(l=0) ave= 0.000E+00 +/- 0.00 % Gtotal(l=1) ave= 0.000E+00 +/- 0.00 % Gtotal(l=2) ave= 0.000E+00 +/- 0.00 % Gtotal(l=3) ave= 0.000E+00 +/- 0.00 %  % || Gg(l=0) ave= 2.472E+00 +/- 0.89 % Gg(l=1) ave= 1.709E+00 +/- 0.42 % Gg(l=2) ave= 0.000E+00 +/- 0.00 % Gg(l=3) ave= 0.000E+00 +/- 0.00 %  % || D(l=0) ave= 6.267E+03 +/- 0.00 % D(l=1) ave= 2.220E+03 +/- 0.00 % D(l=2) ave= 0.000E+00 +/- 0.00 % D(l=3) ave= 0.000E+00 +/- 0.00 %  % || S(l=0) ave= 5.380E-04 +/- 0.10 % S(l=1) ave= 2.312E-04 +/- 7.81 % S(l=2) ave= 0.000E+00 +/- 0.00 % S(l=3) ave= 0.000E+00 +/- 0.00 % 
 ... random file  279 Cap(th)  ave= 1.862E+01 b. +/- 2.83 % || Ela(th) ave= 8.004E+00 b. +/- 3.01 % || RIcap ave= 8.82E+00 b. +/- 2.83 % || Macs30 ave= 5.24E-02 b. +/- 1.42 % || Gn^0(l=0) ave= 7.381E+00 +/- 0.11 % Gn^0(l=1) ave= 6.387E+00 +/- 8.31 % Gn^0(l=2) ave= 0.000E+00 +/- 0.00 % Gn^0(l=3) ave= 0.000E+00 +/- 0.00 % || Gtotal(l=0) ave= 0.000E+00 +/- 0.00 % Gtotal(l=1) ave= 0.000E+00 +/- 0.00 % Gtotal(l=2) ave= 0.000E+00 +/- 0.00 % Gtotal(l=3) ave= 0.000E+00 +/- 0.00 %  % || Gg(l=0) ave= 2.472E+00 +/- 0.89 % Gg(l=1) ave= 1.709E+00 +/- 0.42 % Gg(l=2) ave= 0.000E+00 +/- 0.00 % Gg(l=3) ave= 0.000E+00 +/- 0.00 %  % || D(l=0) ave= 6.267E+03 +/- 0.00 % D(l=1) ave= 2.220E+03 +/- 0.00 % D(l=2) ave= 0.000E+00 +/- 0.00 % D(l=3) ave= 0.000E+00 +/- 0.00 %  % || S(l=0) ave= 5.380E-04 +/- 0.10 % S(l=1) ave= 2.312E-04 +/- 7.80 % S(l=2) ave= 0.000E+00 +/- 0.00 % S(l=3) ave= 0.000E+00 +/- 0.00 % 
 ... random file  280 Cap(th)  ave= 1.862E+01 b. +/- 2.82 % || Ela(th) ave= 8.005E+00 b. +/- 3.01 % || RIcap ave= 8.82E+00 b. +/- 2.83 % || Macs30 ave= 5.24E-02 b. +/- 1.42 % || Gn^0(l=0) ave= 7.381E+00 +/- 0.11 % Gn^0(l=1) ave= 6.388E+00 +/- 8.30 % Gn^0(l=2) ave= 0.000E+00 +/- 0.00 % Gn^0(l=3) ave= 0.000E+00 +/- 0.00 % || Gtotal(l=0) ave= 0.000E+00 +/- 0.00 % Gtotal(l=1) ave= 0.000E+00 +/- 0.00 % Gtotal(l=2) ave= 0.000E+00 +/- 0.00 % Gtotal(l=3) ave= 0.000E+00 +/- 0.00 %  % || Gg(l=0) ave= 2.472E+00 +/- 0.88 % Gg(l=1) ave= 1.709E+00 +/- 0.42 % Gg(l=2) ave= 0.000E+00 +/- 0.00 % Gg(l=3) ave= 0.000E+00 +/- 0.00 %  % || D(l=0) ave= 6.267E+03 +/- 0.00 % D(l=1) ave= 2.220E+03 +/- 0.00 % D(l=2) ave= 0.000E+00 +/- 0.00 % D(l=3) ave= 0.000E+00 +/- 0.00 %  % || S(l=0) ave= 5.380E-04 +/- 0.10 % S(l=1) ave= 2.313E-04 +/- 7.79 % S(l=2) ave= 0.000E+00 +/- 0.00 % S(l=3) ave= 0.000E+00 +/- 0.00 % 
 ... random file  281 Cap(th)  ave= 1.862E+01 b. +/- 2.82 % || Ela(th) ave= 8.005E+00 b. +/- 3.00 % || RIcap ave= 8.82E+00 b. +/- 2.82 % || Macs30 ave= 5.24E-02 b. +/- 1.42 % || Gn^0(l=0) ave= 7.381E+00 +/- 0.11 % Gn^0(l=1) ave= 6.390E+00 +/- 8.30 % Gn^0(l=2) ave= 0.000E+00 +/- 0.00 % Gn^0(l=3) ave= 0.000E+00 +/- 0.00 % || Gtotal(l=0) ave= 0.000E+00 +/- 0.00 % Gtotal(l=1) ave= 0.000E+00 +/- 0.00 % Gtotal(l=2) ave= 0.000E+00 +/- 0.00 % Gtotal(l=3) ave= 0.000E+00 +/- 0.00 %  % || Gg(l=0) ave= 2.472E+00 +/- 0.88 % Gg(l=1) ave= 1.709E+00 +/- 0.42 % Gg(l=2) ave= 0.000E+00 +/- 0.00 % Gg(l=3) ave= 0.000E+00 +/- 0.00 %  % || D(l=0) ave= 6.267E+03 +/- 0.00 % D(l=1) ave= 2.220E+03 +/- 0.00 % D(l=2) ave= 0.000E+00 +/- 0.00 % D(l=3) ave= 0.000E+00 +/- 0.00 %  % || S(l=0) ave= 5.380E-04 +/- 0.10 % S(l=1) ave= 2.313E-04 +/- 7.78 % S(l=2) ave= 0.000E+00 +/- 0.00 % S(l=3) ave= 0.000E+00 +/- 0.00 % 
 ... random file  282 Cap(th)  ave= 1.862E+01 b. +/- 2.82 % || Ela(th) ave= 8.005E+00 b. +/- 3.00 % || RIcap ave= 8.82E+00 b. +/- 2.82 % || Macs30 ave= 5.24E-02 b. +/- 1.42 % || Gn^0(l=0) ave= 7.381E+00 +/- 0.11 % Gn^0(l=1) ave= 6.388E+00 +/- 8.30 % Gn^0(l=2) ave= 0.000E+00 +/- 0.00 % Gn^0(l=3) ave= 0.000E+00 +/- 0.00 % || Gtotal(l=0) ave= 0.000E+00 +/- 0.00 % Gtotal(l=1) ave= 0.000E+00 +/- 0.00 % Gtotal(l=2) ave= 0.000E+00 +/- 0.00 % Gtotal(l=3) ave= 0.000E+00 +/- 0.00 %  % || Gg(l=0) ave= 2.472E+00 +/- 0.88 % Gg(l=1) ave= 1.709E+00 +/- 0.42 % Gg(l=2) ave= 0.000E+00 +/- 0.00 % Gg(l=3) ave= 0.000E+00 +/- 0.00 %  % || D(l=0) ave= 6.267E+03 +/- 0.00 % D(l=1) ave= 2.220E+03 +/- 0.00 % D(l=2) ave= 0.000E+00 +/- 0.00 % D(l=3) ave= 0.000E+00 +/- 0.00 %  % || S(l=0) ave= 5.380E-04 +/- 0.10 % S(l=1) ave= 2.313E-04 +/- 7.78 % S(l=2) ave= 0.000E+00 +/- 0.00 % S(l=3) ave= 0.000E+00 +/- 0.00 % 
 ... random file  283 Cap(th)  ave= 1.861E+01 b. +/- 2.82 % || Ela(th) ave= 8.005E+00 b. +/- 2.99 % || RIcap ave= 8.82E+00 b. +/- 2.82 % || Macs30 ave= 5.24E-02 b. +/- 1.42 % || Gn^0(l=0) ave= 7.381E+00 +/- 0.11 % Gn^0(l=1) ave= 6.389E+00 +/- 8.28 % Gn^0(l=2) ave= 0.000E+00 +/- 0.00 % Gn^0(l=3) ave= 0.000E+00 +/- 0.00 % || Gtotal(l=0) ave= 0.000E+00 +/- 0.00 % Gtotal(l=1) ave= 0.000E+00 +/- 0.00 % Gtotal(l=2) ave= 0.000E+00 +/- 0.00 % Gtotal(l=3) ave= 0.000E+00 +/- 0.00 %  % || Gg(l=0) ave= 2.472E+00 +/- 0.88 % Gg(l=1) ave= 1.709E+00 +/- 0.42 % Gg(l=2) ave= 0.000E+00 +/- 0.00 % Gg(l=3) ave= 0.000E+00 +/- 0.00 %  % || D(l=0) ave= 6.267E+03 +/- 0.00 % D(l=1) ave= 2.220E+03 +/- 0.00 % D(l=2) ave= 0.000E+00 +/- 0.00 % D(l=3) ave= 0.000E+00 +/- 0.00 %  % || S(l=0) ave= 5.380E-04 +/- 0.10 % S(l=1) ave= 2.313E-04 +/- 7.77 % S(l=2) ave= 0.000E+00 +/- 0.00 % S(l=3) ave= 0.000E+00 +/- 0.00 % 
 ... random file  284 Cap(th)  ave= 1.861E+01 b. +/- 2.82 % || Ela(th) ave= 8.005E+00 b. +/- 2.99 % || RIcap ave= 8.82E+00 b. +/- 2.83 % || Macs30 ave= 5.24E-02 b. +/- 1.41 % || Gn^0(l=0) ave= 7.381E+00 +/- 0.11 % Gn^0(l=1) ave= 6.386E+00 +/- 8.29 % Gn^0(l=2) ave= 0.000E+00 +/- 0.00 % Gn^0(l=3) ave= 0.000E+00 +/- 0.00 % || Gtotal(l=0) ave= 0.000E+00 +/- 0.00 % Gtotal(l=1) ave= 0.000E+00 +/- 0.00 % Gtotal(l=2) ave= 0.000E+00 +/- 0.00 % Gtotal(l=3) ave= 0.000E+00 +/- 0.00 %  % || Gg(l=0) ave= 2.472E+00 +/- 0.88 % Gg(l=1) ave= 1.710E+00 +/- 0.42 % Gg(l=2) ave= 0.000E+00 +/- 0.00 % Gg(l=3) ave= 0.000E+00 +/- 0.00 %  % || D(l=0) ave= 6.267E+03 +/- 0.00 % D(l=1) ave= 2.220E+03 +/- 0.00 % D(l=2) ave= 0.000E+00 +/- 0.00 % D(l=3) ave= 0.000E+00 +/- 0.00 %  % || S(l=0) ave= 5.380E-04 +/- 0.10 % S(l=1) ave= 2.312E-04 +/- 7.78 % S(l=2) ave= 0.000E+00 +/- 0.00 % S(l=3) ave= 0.000E+00 +/- 0.00 % 
 ... random file  285 Cap(th)  ave= 1.861E+01 b. +/- 2.82 % || Ela(th) ave= 8.006E+00 b. +/- 2.99 % || RIcap ave= 8.82E+00 b. +/- 2.82 % || Macs30 ave= 5.24E-02 b. +/- 1.41 % || Gn^0(l=0) ave= 7.381E+00 +/- 0.11 % Gn^0(l=1) ave= 6.385E+00 +/- 8.29 % Gn^0(l=2) ave= 0.000E+00 +/- 0.00 % Gn^0(l=3) ave= 0.000E+00 +/- 0.00 % || Gtotal(l=0) ave= 0.000E+00 +/- 0.00 % Gtotal(l=1) ave= 0.000E+00 +/- 0.00 % Gtotal(l=2) ave= 0.000E+00 +/- 0.00 % Gtotal(l=3) ave= 0.000E+00 +/- 0.00 %  % || Gg(l=0) ave= 2.473E+00 +/- 0.89 % Gg(l=1) ave= 1.709E+00 +/- 0.42 % Gg(l=2) ave= 0.000E+00 +/- 0.00 % Gg(l=3) ave= 0.000E+00 +/- 0.00 %  % || D(l=0) ave= 6.267E+03 +/- 0.00 % D(l=1) ave= 2.220E+03 +/- 0.00 % D(l=2) ave= 0.000E+00 +/- 0.00 % D(l=3) ave= 0.000E+00 +/- 0.00 %  % || S(l=0) ave= 5.380E-04 +/- 0.10 % S(l=1) ave= 2.312E-04 +/- 7.77 % S(l=2) ave= 0.000E+00 +/- 0.00 % S(l=3) ave= 0.000E+00 +/- 0.00 % 
 ... random file  286 Cap(th)  ave= 1.861E+01 b. +/- 2.82 % || Ela(th) ave= 8.007E+00 b. +/- 3.00 % || RIcap ave= 8.82E+00 b. +/- 2.82 % || Macs30 ave= 5.24E-02 b. +/- 1.41 % || Gn^0(l=0) ave= 7.381E+00 +/- 0.11 % Gn^0(l=1) ave= 6.383E+00 +/- 8.30 % Gn^0(l=2) ave= 0.000E+00 +/- 0.00 % Gn^0(l=3) ave= 0.000E+00 +/- 0.00 % || Gtotal(l=0) ave= 0.000E+00 +/- 0.00 % Gtotal(l=1) ave= 0.000E+00 +/- 0.00 % Gtotal(l=2) ave= 0.000E+00 +/- 0.00 % Gtotal(l=3) ave= 0.000E+00 +/- 0.00 %  % || Gg(l=0) ave= 2.473E+00 +/- 0.88 % Gg(l=1) ave= 1.709E+00 +/- 0.42 % Gg(l=2) ave= 0.000E+00 +/- 0.00 % Gg(l=3) ave= 0.000E+00 +/- 0.00 %  % || D(l=0) ave= 6.267E+03 +/- 0.00 % D(l=1) ave= 2.220E+03 +/- 0.00 % D(l=2) ave= 0.000E+00 +/- 0.00 % D(l=3) ave= 0.000E+00 +/- 0.00 %  % || S(l=0) ave= 5.380E-04 +/- 0.10 % S(l=1) ave= 2.311E-04 +/- 7.78 % S(l=2) ave= 0.000E+00 +/- 0.00 % S(l=3) ave= 0.000E+00 +/- 0.00 % 
 ... random file  287 Cap(th)  ave= 1.861E+01 b. +/- 2.81 % || Ela(th) ave= 8.005E+00 b. +/- 3.02 % || RIcap ave= 8.82E+00 b. +/- 2.82 % || Macs30 ave= 5.24E-02 b. +/- 1.41 % || Gn^0(l=0) ave= 7.381E+00 +/- 0.11 % Gn^0(l=1) ave= 6.384E+00 +/- 8.29 % Gn^0(l=2) ave= 0.000E+00 +/- 0.00 % Gn^0(l=3) ave= 0.000E+00 +/- 0.00 % || Gtotal(l=0) ave= 0.000E+00 +/- 0.00 % Gtotal(l=1) ave= 0.000E+00 +/- 0.00 % Gtotal(l=2) ave= 0.000E+00 +/- 0.00 % Gtotal(l=3) ave= 0.000E+00 +/- 0.00 %  % || Gg(l=0) ave= 2.473E+00 +/- 0.88 % Gg(l=1) ave= 1.710E+00 +/- 0.42 % Gg(l=2) ave= 0.000E+00 +/- 0.00 % Gg(l=3) ave= 0.000E+00 +/- 0.00 %  % || D(l=0) ave= 6.267E+03 +/- 0.00 % D(l=1) ave= 2.220E+03 +/- 0.00 % D(l=2) ave= 0.000E+00 +/- 0.00 % D(l=3) ave= 0.000E+00 +/- 0.00 %  % || S(l=0) ave= 5.380E-04 +/- 0.10 % S(l=1) ave= 2.311E-04 +/- 7.77 % S(l=2) ave= 0.000E+00 +/- 0.00 % S(l=3) ave= 0.000E+00 +/- 0.00 % 
 ... random file  288 Cap(th)  ave= 1.861E+01 b. +/- 2.81 % || Ela(th) ave= 8.005E+00 b. +/- 3.02 % || RIcap ave= 8.82E+00 b. +/- 2.81 % || Macs30 ave= 5.24E-02 b. +/- 1.41 % || Gn^0(l=0) ave= 7.381E+00 +/- 0.11 % Gn^0(l=1) ave= 6.382E+00 +/- 8.29 % Gn^0(l=2) ave= 0.000E+00 +/- 0.00 % Gn^0(l=3) ave= 0.000E+00 +/- 0.00 % || Gtotal(l=0) ave= 0.000E+00 +/- 0.00 % Gtotal(l=1) ave= 0.000E+00 +/- 0.00 % Gtotal(l=2) ave= 0.000E+00 +/- 0.00 % Gtotal(l=3) ave= 0.000E+00 +/- 0.00 %  % || Gg(l=0) ave= 2.473E+00 +/- 0.88 % Gg(l=1) ave= 1.710E+00 +/- 0.42 % Gg(l=2) ave= 0.000E+00 +/- 0.00 % Gg(l=3) ave= 0.000E+00 +/- 0.00 %  % || D(l=0) ave= 6.267E+03 +/- 0.00 % D(l=1) ave= 2.220E+03 +/- 0.00 % D(l=2) ave= 0.000E+00 +/- 0.00 % D(l=3) ave= 0.000E+00 +/- 0.00 %  % || S(l=0) ave= 5.380E-04 +/- 0.10 % S(l=1) ave= 2.311E-04 +/- 7.78 % S(l=2) ave= 0.000E+00 +/- 0.00 % S(l=3) ave= 0.000E+00 +/- 0.00 % 
 ... random file  289 Cap(th)  ave= 1.861E+01 b. +/- 2.81 % || Ela(th) ave= 8.006E+00 b. +/- 3.01 % || RIcap ave= 8.82E+00 b. +/- 2.81 % || Macs30 ave= 5.24E-02 b. +/- 1.41 % || Gn^0(l=0) ave= 7.381E+00 +/- 0.11 % Gn^0(l=1) ave= 6.384E+00 +/- 8.31 % Gn^0(l=2) ave= 0.000E+00 +/- 0.00 % Gn^0(l=3) ave= 0.000E+00 +/- 0.00 % || Gtotal(l=0) ave= 0.000E+00 +/- 0.00 % Gtotal(l=1) ave= 0.000E+00 +/- 0.00 % Gtotal(l=2) ave= 0.000E+00 +/- 0.00 % Gtotal(l=3) ave= 0.000E+00 +/- 0.00 %  % || Gg(l=0) ave= 2.473E+00 +/- 0.88 % Gg(l=1) ave= 1.710E+00 +/- 0.42 % Gg(l=2) ave= 0.000E+00 +/- 0.00 % Gg(l=3) ave= 0.000E+00 +/- 0.00 %  % || D(l=0) ave= 6.267E+03 +/- 0.00 % D(l=1) ave= 2.220E+03 +/- 0.00 % D(l=2) ave= 0.000E+00 +/- 0.00 % D(l=3) ave= 0.000E+00 +/- 0.00 %  % || S(l=0) ave= 5.380E-04 +/- 0.10 % S(l=1) ave= 2.311E-04 +/- 7.79 % S(l=2) ave= 0.000E+00 +/- 0.00 % S(l=3) ave= 0.000E+00 +/- 0.00 % 
 ... random file  290 Cap(th)  ave= 1.861E+01 b. +/- 2.80 % || Ela(th) ave= 8.006E+00 b. +/- 3.01 % || RIcap ave= 8.82E+00 b. +/- 2.80 % || Macs30 ave= 5.24E-02 b. +/- 1.41 % || Gn^0(l=0) ave= 7.381E+00 +/- 0.11 % Gn^0(l=1) ave= 6.384E+00 +/- 8.29 % Gn^0(l=2) ave= 0.000E+00 +/- 0.00 % Gn^0(l=3) ave= 0.000E+00 +/- 0.00 % || Gtotal(l=0) ave= 0.000E+00 +/- 0.00 % Gtotal(l=1) ave= 0.000E+00 +/- 0.00 % Gtotal(l=2) ave= 0.000E+00 +/- 0.00 % Gtotal(l=3) ave= 0.000E+00 +/- 0.00 %  % || Gg(l=0) ave= 2.473E+00 +/- 0.88 % Gg(l=1) ave= 1.709E+00 +/- 0.42 % Gg(l=2) ave= 0.000E+00 +/- 0.00 % Gg(l=3) ave= 0.000E+00 +/- 0.00 %  % || D(l=0) ave= 6.267E+03 +/- 0.00 % D(l=1) ave= 2.220E+03 +/- 0.00 % D(l=2) ave= 0.000E+00 +/- 0.00 % D(l=3) ave= 0.000E+00 +/- 0.00 %  % || S(l=0) ave= 5.380E-04 +/- 0.10 % S(l=1) ave= 2.311E-04 +/- 7.77 % S(l=2) ave= 0.000E+00 +/- 0.00 % S(l=3) ave= 0.000E+00 +/- 0.00 % 
 ... random file  291 Cap(th)  ave= 1.861E+01 b. +/- 2.80 % || Ela(th) ave= 8.005E+00 b. +/- 3.01 % || RIcap ave= 8.82E+00 b. +/- 2.80 % || Macs30 ave= 5.24E-02 b. +/- 1.41 % || Gn^0(l=0) ave= 7.381E+00 +/- 0.11 % Gn^0(l=1) ave= 6.385E+00 +/- 8.28 % Gn^0(l=2) ave= 0.000E+00 +/- 0.00 % Gn^0(l=3) ave= 0.000E+00 +/- 0.00 % || Gtotal(l=0) ave= 0.000E+00 +/- 0.00 % Gtotal(l=1) ave= 0.000E+00 +/- 0.00 % Gtotal(l=2) ave= 0.000E+00 +/- 0.00 % Gtotal(l=3) ave= 0.000E+00 +/- 0.00 %  % || Gg(l=0) ave= 2.473E+00 +/- 0.88 % Gg(l=1) ave= 1.709E+00 +/- 0.42 % Gg(l=2) ave= 0.000E+00 +/- 0.00 % Gg(l=3) ave= 0.000E+00 +/- 0.00 %  % || D(l=0) ave= 6.267E+03 +/- 0.00 % D(l=1) ave= 2.220E+03 +/- 0.00 % D(l=2) ave= 0.000E+00 +/- 0.00 % D(l=3) ave= 0.000E+00 +/- 0.00 %  % || S(l=0) ave= 5.380E-04 +/- 0.10 % S(l=1) ave= 2.312E-04 +/- 7.76 % S(l=2) ave= 0.000E+00 +/- 0.00 % S(l=3) ave= 0.000E+00 +/- 0.00 % 
 ... random file  292 Cap(th)  ave= 1.861E+01 b. +/- 2.80 % || Ela(th) ave= 8.004E+00 b. +/- 3.01 % || RIcap ave= 8.82E+00 b. +/- 2.81 % || Macs30 ave= 5.24E-02 b. +/- 1.41 % || Gn^0(l=0) ave= 7.381E+00 +/- 0.11 % Gn^0(l=1) ave= 6.382E+00 +/- 8.29 % Gn^0(l=2) ave= 0.000E+00 +/- 0.00 % Gn^0(l=3) ave= 0.000E+00 +/- 0.00 % || Gtotal(l=0) ave= 0.000E+00 +/- 0.00 % Gtotal(l=1) ave= 0.000E+00 +/- 0.00 % Gtotal(l=2) ave= 0.000E+00 +/- 0.00 % Gtotal(l=3) ave= 0.000E+00 +/- 0.00 %  % || Gg(l=0) ave= 2.473E+00 +/- 0.88 % Gg(l=1) ave= 1.709E+00 +/- 0.42 % Gg(l=2) ave= 0.000E+00 +/- 0.00 % Gg(l=3) ave= 0.000E+00 +/- 0.00 %  % || D(l=0) ave= 6.267E+03 +/- 0.00 % D(l=1) ave= 2.220E+03 +/- 0.00 % D(l=2) ave= 0.000E+00 +/- 0.00 % D(l=3) ave= 0.000E+00 +/- 0.00 %  % || S(l=0) ave= 5.380E-04 +/- 0.10 % S(l=1) ave= 2.311E-04 +/- 7.77 % S(l=2) ave= 0.000E+00 +/- 0.00 % S(l=3) ave= 0.000E+00 +/- 0.00 % 
 ... random file  293 Cap(th)  ave= 1.861E+01 b. +/- 2.80 % || Ela(th) ave= 8.004E+00 b. +/- 3.00 % || RIcap ave= 8.82E+00 b. +/- 2.80 % || Macs30 ave= 5.24E-02 b. +/- 1.40 % || Gn^0(l=0) ave= 7.381E+00 +/- 0.11 % Gn^0(l=1) ave= 6.381E+00 +/- 8.30 % Gn^0(l=2) ave= 0.000E+00 +/- 0.00 % Gn^0(l=3) ave= 0.000E+00 +/- 0.00 % || Gtotal(l=0) ave= 0.000E+00 +/- 0.00 % Gtotal(l=1) ave= 0.000E+00 +/- 0.00 % Gtotal(l=2) ave= 0.000E+00 +/- 0.00 % Gtotal(l=3) ave= 0.000E+00 +/- 0.00 %  % || Gg(l=0) ave= 2.473E+00 +/- 0.88 % Gg(l=1) ave= 1.709E+00 +/- 0.42 % Gg(l=2) ave= 0.000E+00 +/- 0.00 % Gg(l=3) ave= 0.000E+00 +/- 0.00 %  % || D(l=0) ave= 6.267E+03 +/- 0.00 % D(l=1) ave= 2.220E+03 +/- 0.00 % D(l=2) ave= 0.000E+00 +/- 0.00 % D(l=3) ave= 0.000E+00 +/- 0.00 %  % || S(l=0) ave= 5.380E-04 +/- 0.10 % S(l=1) ave= 2.310E-04 +/- 7.78 % S(l=2) ave= 0.000E+00 +/- 0.00 % S(l=3) ave= 0.000E+00 +/- 0.00 % 
 ... random file  294 Cap(th)  ave= 1.860E+01 b. +/- 2.84 % || Ela(th) ave= 8.003E+00 b. +/- 3.00 % || RIcap ave= 8.82E+00 b. +/- 2.84 % || Macs30 ave= 5.24E-02 b. +/- 1.43 % || Gn^0(l=0) ave= 7.381E+00 +/- 0.11 % Gn^0(l=1) ave= 6.380E+00 +/- 8.28 % Gn^0(l=2) ave= 0.000E+00 +/- 0.00 % Gn^0(l=3) ave= 0.000E+00 +/- 0.00 % || Gtotal(l=0) ave= 0.000E+00 +/- 0.00 % Gtotal(l=1) ave= 0.000E+00 +/- 0.00 % Gtotal(l=2) ave= 0.000E+00 +/- 0.00 % Gtotal(l=3) ave= 0.000E+00 +/- 0.00 %  % || Gg(l=0) ave= 2.473E+00 +/- 0.88 % Gg(l=1) ave= 1.709E+00 +/- 0.42 % Gg(l=2) ave= 0.000E+00 +/- 0.00 % Gg(l=3) ave= 0.000E+00 +/- 0.00 %  % || D(l=0) ave= 6.267E+03 +/- 0.00 % D(l=1) ave= 2.220E+03 +/- 0.00 % D(l=2) ave= 0.000E+00 +/- 0.00 % D(l=3) ave= 0.000E+00 +/- 0.00 %  % || S(l=0) ave= 5.380E-04 +/- 0.10 % S(l=1) ave= 2.310E-04 +/- 7.77 % S(l=2) ave= 0.000E+00 +/- 0.00 % S(l=3) ave= 0.000E+00 +/- 0.00 % 
 ... random file  295 Cap(th)  ave= 1.860E+01 b. +/- 2.83 % || Ela(th) ave= 8.003E+00 b. +/- 3.00 % || RIcap ave= 8.82E+00 b. +/- 2.83 % || Macs30 ave= 5.24E-02 b. +/- 1.43 % || Gn^0(l=0) ave= 7.381E+00 +/- 0.11 % Gn^0(l=1) ave= 6.381E+00 +/- 8.27 % Gn^0(l=2) ave= 0.000E+00 +/- 0.00 % Gn^0(l=3) ave= 0.000E+00 +/- 0.00 % || Gtotal(l=0) ave= 0.000E+00 +/- 0.00 % Gtotal(l=1) ave= 0.000E+00 +/- 0.00 % Gtotal(l=2) ave= 0.000E+00 +/- 0.00 % Gtotal(l=3) ave= 0.000E+00 +/- 0.00 %  % || Gg(l=0) ave= 2.473E+00 +/- 0.88 % Gg(l=1) ave= 1.709E+00 +/- 0.42 % Gg(l=2) ave= 0.000E+00 +/- 0.00 % Gg(l=3) ave= 0.000E+00 +/- 0.00 %  % || D(l=0) ave= 6.267E+03 +/- 0.00 % D(l=1) ave= 2.220E+03 +/- 0.00 % D(l=2) ave= 0.000E+00 +/- 0.00 % D(l=3) ave= 0.000E+00 +/- 0.00 %  % || S(l=0) ave= 5.380E-04 +/- 0.10 % S(l=1) ave= 2.310E-04 +/- 7.75 % S(l=2) ave= 0.000E+00 +/- 0.00 % S(l=3) ave= 0.000E+00 +/- 0.00 % 
 ... random file  296 Cap(th)  ave= 1.860E+01 b. +/- 2.83 % || Ela(th) ave= 8.003E+00 b. +/- 2.99 % || RIcap ave= 8.82E+00 b. +/- 2.83 % || Macs30 ave= 5.24E-02 b. +/- 1.42 % || Gn^0(l=0) ave= 7.381E+00 +/- 0.11 % Gn^0(l=1) ave= 6.382E+00 +/- 8.26 % Gn^0(l=2) ave= 0.000E+00 +/- 0.00 % Gn^0(l=3) ave= 0.000E+00 +/- 0.00 % || Gtotal(l=0) ave= 0.000E+00 +/- 0.00 % Gtotal(l=1) ave= 0.000E+00 +/- 0.00 % Gtotal(l=2) ave= 0.000E+00 +/- 0.00 % Gtotal(l=3) ave= 0.000E+00 +/- 0.00 %  % || Gg(l=0) ave= 2.473E+00 +/- 0.88 % Gg(l=1) ave= 1.709E+00 +/- 0.42 % Gg(l=2) ave= 0.000E+00 +/- 0.00 % Gg(l=3) ave= 0.000E+00 +/- 0.00 %  % || D(l=0) ave= 6.267E+03 +/- 0.00 % D(l=1) ave= 2.220E+03 +/- 0.00 % D(l=2) ave= 0.000E+00 +/- 0.00 % D(l=3) ave= 0.000E+00 +/- 0.00 %  % || S(l=0) ave= 5.380E-04 +/- 0.10 % S(l=1) ave= 2.311E-04 +/- 7.74 % S(l=2) ave= 0.000E+00 +/- 0.00 % S(l=3) ave= 0.000E+00 +/- 0.00 % 
 ... random file  297 Cap(th)  ave= 1.860E+01 b. +/- 2.82 % || Ela(th) ave= 8.003E+00 b. +/- 2.99 % || RIcap ave= 8.82E+00 b. +/- 2.83 % || Macs30 ave= 5.24E-02 b. +/- 1.42 % || Gn^0(l=0) ave= 7.381E+00 +/- 0.11 % Gn^0(l=1) ave= 6.383E+00 +/- 8.25 % Gn^0(l=2) ave= 0.000E+00 +/- 0.00 % Gn^0(l=3) ave= 0.000E+00 +/- 0.00 % || Gtotal(l=0) ave= 0.000E+00 +/- 0.00 % Gtotal(l=1) ave= 0.000E+00 +/- 0.00 % Gtotal(l=2) ave= 0.000E+00 +/- 0.00 % Gtotal(l=3) ave= 0.000E+00 +/- 0.00 %  % || Gg(l=0) ave= 2.473E+00 +/- 0.88 % Gg(l=1) ave= 1.709E+00 +/- 0.42 % Gg(l=2) ave= 0.000E+00 +/- 0.00 % Gg(l=3) ave= 0.000E+00 +/- 0.00 %  % || D(l=0) ave= 6.267E+03 +/- 0.00 % D(l=1) ave= 2.220E+03 +/- 0.00 % D(l=2) ave= 0.000E+00 +/- 0.00 % D(l=3) ave= 0.000E+00 +/- 0.00 %  % || S(l=0) ave= 5.380E-04 +/- 0.10 % S(l=1) ave= 2.311E-04 +/- 7.73 % S(l=2) ave= 0.000E+00 +/- 0.00 % S(l=3) ave= 0.000E+00 +/- 0.00 % 
 ... random file  298 Cap(th)  ave= 1.860E+01 b. +/- 2.82 % || Ela(th) ave= 8.003E+00 b. +/- 2.98 % || RIcap ave= 8.82E+00 b. +/- 2.83 % || Macs30 ave= 5.24E-02 b. +/- 1.42 % || Gn^0(l=0) ave= 7.381E+00 +/- 0.12 % Gn^0(l=1) ave= 6.380E+00 +/- 8.27 % Gn^0(l=2) ave= 0.000E+00 +/- 0.00 % Gn^0(l=3) ave= 0.000E+00 +/- 0.00 % || Gtotal(l=0) ave= 0.000E+00 +/- 0.00 % Gtotal(l=1) ave= 0.000E+00 +/- 0.00 % Gtotal(l=2) ave= 0.000E+00 +/- 0.00 % Gtotal(l=3) ave= 0.000E+00 +/- 0.00 %  % || Gg(l=0) ave= 2.473E+00 +/- 0.88 % Gg(l=1) ave= 1.709E+00 +/- 0.42 % Gg(l=2) ave= 0.000E+00 +/- 0.00 % Gg(l=3) ave= 0.000E+00 +/- 0.00 %  % || D(l=0) ave= 6.267E+03 +/- 0.00 % D(l=1) ave= 2.220E+03 +/- 0.00 % D(l=2) ave= 0.000E+00 +/- 0.00 % D(l=3) ave= 0.000E+00 +/- 0.00 %  % || S(l=0) ave= 5.380E-04 +/- 0.10 % S(l=1) ave= 2.310E-04 +/- 7.75 % S(l=2) ave= 0.000E+00 +/- 0.00 % S(l=3) ave= 0.000E+00 +/- 0.00 % 
 ... random file  299 Cap(th)  ave= 1.860E+01 b. +/- 2.82 % || Ela(th) ave= 8.003E+00 b. +/- 2.98 % || RIcap ave= 8.81E+00 b. +/- 2.83 % || Macs30 ave= 5.24E-02 b. +/- 1.42 % || Gn^0(l=0) ave= 7.381E+00 +/- 0.12 % Gn^0(l=1) ave= 6.381E+00 +/- 8.26 % Gn^0(l=2) ave= 0.000E+00 +/- 0.00 % Gn^0(l=3) ave= 0.000E+00 +/- 0.00 % || Gtotal(l=0) ave= 0.000E+00 +/- 0.00 % Gtotal(l=1) ave= 0.000E+00 +/- 0.00 % Gtotal(l=2) ave= 0.000E+00 +/- 0.00 % Gtotal(l=3) ave= 0.000E+00 +/- 0.00 %  % || Gg(l=0) ave= 2.473E+00 +/- 0.88 % Gg(l=1) ave= 1.709E+00 +/- 0.42 % Gg(l=2) ave= 0.000E+00 +/- 0.00 % Gg(l=3) ave= 0.000E+00 +/- 0.00 %  % || D(l=0) ave= 6.267E+03 +/- 0.00 % D(l=1) ave= 2.220E+03 +/- 0.00 % D(l=2) ave= 0.000E+00 +/- 0.00 % D(l=3) ave= 0.000E+00 +/- 0.00 %  % || S(l=0) ave= 5.380E-04 +/- 0.10 % S(l=1) ave= 2.310E-04 +/- 7.74 % S(l=2) ave= 0.000E+00 +/- 0.00 % S(l=3) ave= 0.000E+00 +/- 0.00 % 
 ... random file  300 Cap(th)  ave= 1.860E+01 b. +/- 2.82 % || Ela(th) ave= 8.003E+00 b. +/- 2.98 % || RIcap ave= 8.81E+00 b. +/- 2.83 % || Macs30 ave= 5.24E-02 b. +/- 1.42 % || Gn^0(l=0) ave= 7.381E+00 +/- 0.12 % Gn^0(l=1) ave= 6.382E+00 +/- 8.25 % Gn^0(l=2) ave= 0.000E+00 +/- 0.00 % Gn^0(l=3) ave= 0.000E+00 +/- 0.00 % || Gtotal(l=0) ave= 0.000E+00 +/- 0.00 % Gtotal(l=1) ave= 0.000E+00 +/- 0.00 % Gtotal(l=2) ave= 0.000E+00 +/- 0.00 % Gtotal(l=3) ave= 0.000E+00 +/- 0.00 %  % || Gg(l=0) ave= 2.473E+00 +/- 0.88 % Gg(l=1) ave= 1.709E+00 +/- 0.42 % Gg(l=2) ave= 0.000E+00 +/- 0.00 % Gg(l=3) ave= 0.000E+00 +/- 0.00 %  % || D(l=0) ave= 6.267E+03 +/- 0.00 % D(l=1) ave= 2.220E+03 +/- 0.00 % D(l=2) ave= 0.000E+00 +/- 0.00 % D(l=3) ave= 0.000E+00 +/- 0.00 %  % || S(l=0) ave= 5.380E-04 +/- 0.10 % S(l=1) ave= 2.311E-04 +/- 7.73 % S(l=2) ave= 0.000E+00 +/- 0.00 % S(l=3) ave= 0.000E+00 +/- 0.00 % 
 ... Histogram plot for thermal (n,g)
 ... Write covariances  ... MT1  ... plot correlations
 ... MT2  ... MT102 


 ================================================
 ============== From 300 random values === start ======
 Thermal (n,tot) xs  0 K =  26.6012 b. +/- 0.577826 b. ( 2.17218 %) skew= +0.02 +/- 0.14
 Thermal (n,el) xs   0 K =  8.00321 b. +/- 0.238284 b. ( 2.97735 %) skew= +0.02 +/- 0.14
 Thermal (n,g) xs    0 K =  18.598 b. +/- 0.525119 b. ( 2.82352 %) skew= +0.14 +/- 0.14
 RI      (n,g)       0 K =  8.81383 b. +/- 0.249097 b. ( 2.82621 %) 
 MACS    (n,g)       0 K (at Emacs= 30000 eV) =  0.0524119 b. +/- 0.000744737 b. ( 1.42093 %) 
 Ave. Gn^(0)  L=0        =  7.381E+00 +/- 0.12 %
 Ave. Gg      L=0        =  2.473E+00 +/- 0.88 %
 Ave. D       L=0        =  6.267E+03 +/- 0.00 %
 Ave. S       L=0        =  5.380E-04 +/- 0.10 %
 Ave. Gg      L=1        =  1.709E+00 +/- 0.42 %
 Ave. D       L=1        =  2.220E+03 +/- 0.00 %
 Ave. S       L=1        =  2.311E-04 +/- 7.73 %

 Expected Thermal (n,g) (syst or meas)= 18.6 b. +/- 0.6 b. nominal: 18.6048 b.
 ratio Calculated/expected thermal (n,g): 1.00 ratio DCalculated/Dexpected: 0.88 ratio Calculated/Nominal: 1.00
 ============== From 300 random values ===== stop ======
 ================================================
 ... Calculation of (n,a) and (n,p) cross sections at 300 K
 ... thermal (n,a) cross section is 0.580168 +/- 0.290084 b.
 ... thermal (n,a) cross section is 0.490488 b. (random case 1)
 ... thermal (n,a) cross section is 0.760173 b. (random case 2)
 ... thermal (n,a) cross section is 1.07685 b. (random case 3)
 ... thermal (n,a) cross section is 0.51856 b. (random case 4)
 ... thermal (n,a) cross section is 0.671547 b. (random case 5)
 ... thermal (n,a) cross section is 0.544654 b. (random case 6)
 ... thermal (n,a) cross section is 0.631489 b. (random case 7)
 ... thermal (n,a) cross section is 0.565237 b. (random case 8)
 ... thermal (n,a) cross section is 0.437175 b. (random case 9)
 ... thermal (n,a) cross section is 0.676563 b. (random case 10)
 ... thermal (n,a) cross section is 0.384276 b. (random case 11)
 ... thermal (n,a) cross section is 0.580828 b. (random case 12)
 ... thermal (n,a) cross section is 1.05587 b. (random case 13)
 ... thermal (n,a) cross section is 0.42079 b. (random case 14)
 ... thermal (n,a) cross section is 0.0717781 b. (random case 15)
 ... thermal (n,a) cross section is 0.343069 b. (random case 16)
 ... thermal (n,a) cross section is 0.0534328 b. (random case 17)
 ... thermal (n,a) cross section is 0.993596 b. (random case 18)
 ... thermal (n,a) cross section is 0.848875 b. (random case 19)
 ... thermal (n,a) cross section is 0.771281 b. (random case 20)
 ... thermal (n,a) cross section is 0.680668 b. (random case 21)
 ... thermal (n,a) cross section is 0.402122 b. (random case 22)
 ... thermal (n,a) cross section is 0.736511 b. (random case 23)
 ... thermal (n,a) cross section is 0.726661 b. (random case 24)
 ... thermal (n,a) cross section is 0.511806 b. (random case 25)
 ... thermal (n,a) cross section is 0.339896 b. (random case 26)
 ... thermal (n,a) cross section is 0.316006 b. (random case 27)
 ... thermal (n,a) cross section is 0.398072 b. (random case 28)
 ... thermal (n,a) cross section is 0.641722 b. (random case 29)
 ... thermal (n,a) cross section is 0.444863 b. (random case 30)
 ... thermal (n,a) cross section is 0.675859 b. (random case 31)
 ... thermal (n,a) cross section is 0.203336 b. (random case 32)
 ... thermal (n,a) cross section is 0.845721 b. (random case 33)
 ... thermal (n,a) cross section is 1.10722 b. (random case 34)
 ... thermal (n,a) cross section is 0.458726 b. (random case 35)
 ... thermal (n,a) cross section is 0.625558 b. (random case 36)
 ... thermal (n,a) cross section is 0.45042 b. (random case 37)
 ... thermal (n,a) cross section is 0.574186 b. (random case 38)
 ... thermal (n,a) cross section is 0.789025 b. (random case 39)
 ... thermal (n,a) cross section is 0.889889 b. (random case 40)
 ... thermal (n,a) cross section is 0.202983 b. (random case 41)
 ... thermal (n,a) cross section is 0.486507 b. (random case 42)
 ... thermal (n,a) cross section is 0.41376 b. (random case 43)
 ... thermal (n,a) cross section is 0.426374 b. (random case 44)
 ... thermal (n,a) cross section is 0.448317 b. (random case 45)
 ... thermal (n,a) cross section is 1.41193 b. (random case 46)
 ... thermal (n,a) cross section is 0.617847 b. (random case 47)
 ... thermal (n,a) cross section is 0.803316 b. (random case 48)
 ... thermal (n,a) cross section is 0.937486 b. (random case 49)
 ... thermal (n,a) cross section is 0.460284 b. (random case 50)
 ... thermal (n,a) cross section is 0.102075 b. (random case 51)
 ... thermal (n,a) cross section is 0.386646 b. (random case 52)
 ... thermal (n,a) cross section is 0.447552 b. (random case 53)
 ... thermal (n,a) cross section is 0.974118 b. (random case 54)
 ... thermal (n,a) cross section is 0.493952 b. (random case 55)
 ... thermal (n,a) cross section is 0.650239 b. (random case 56)
 ... thermal (n,a) cross section is 0.757754 b. (random case 57)
 ... thermal (n,a) cross section is 1.15914 b. (random case 58)
 ... thermal (n,a) cross section is 0.405012 b. (random case 59)
 ... thermal (n,a) cross section is 0.568266 b. (random case 60)
 ... thermal (n,a) cross section is 0.490357 b. (random case 61)
 ... thermal (n,a) cross section is 1.07933 b. (random case 62)
 ... thermal (n,a) cross section is 0.684005 b. (random case 63)
 ... thermal (n,a) cross section is 0.646712 b. (random case 64)
 ... thermal (n,a) cross section is 0.494177 b. (random case 65)
 ... thermal (n,a) cross section is 0.366988 b. (random case 66)
 ... thermal (n,a) cross section is 0.55905 b. (random case 67)
 ... thermal (n,a) cross section is 0.451988 b. (random case 68)
 ... thermal (n,a) cross section is 0.774538 b. (random case 69)
 ... thermal (n,a) cross section is 0.0182293 b. (random case 70)
 ... thermal (n,a) cross section is 0.90913 b. (random case 71)
 ... thermal (n,a) cross section is 0.323574 b. (random case 72)
 ... thermal (n,a) cross section is 0.707988 b. (random case 73)
 ... thermal (n,a) cross section is 0.203003 b. (random case 74)
 ... thermal (n,a) cross section is 0.231453 b. (random case 75)
 ... thermal (n,a) cross section is 0.539138 b. (random case 76)
 ... thermal (n,a) cross section is 0.727375 b. (random case 77)
 ... thermal (n,a) cross section is 0.0920408 b. (random case 78)
 ... thermal (n,a) cross section is 0.438355 b. (random case 79)
 ... thermal (n,a) cross section is 0.433644 b. (random case 80)
 ... thermal (n,a) cross section is 0.615972 b. (random case 81)
 ... thermal (n,a) cross section is 0.866967 b. (random case 82)
 ... thermal (n,a) cross section is 0.616509 b. (random case 83)
 ... thermal (n,a) cross section is 0.427981 b. (random case 84)
 ... thermal (n,a) cross section is 0.595535 b. (random case 85)
 ... thermal (n,a) cross section is 0.251745 b. (random case 86)
 ... thermal (n,a) cross section is 0.672345 b. (random case 87)
 ... thermal (n,a) cross section is 0.959923 b. (random case 88)
 ... thermal (n,a) cross section is 0.819097 b. (random case 89)
 ... thermal (n,a) cross section is 0.338535 b. (random case 90)
 ... thermal (n,a) cross section is 0.353279 b. (random case 91)
 ... thermal (n,a) cross section is 0.546829 b. (random case 92)
 ... thermal (n,a) cross section is 0.743171 b. (random case 93)
 ... thermal (n,a) cross section is 0.740861 b. (random case 94)
 ... thermal (n,a) cross section is 0.379821 b. (random case 95)
 ... thermal (n,a) cross section is 0.666211 b. (random case 96)
 ... thermal (n,a) cross section is 0.517941 b. (random case 97)
 ... thermal (n,a) cross section is 0.400578 b. (random case 98)
 ... thermal (n,a) cross section is 0.596128 b. (random case 99)
 ... thermal (n,a) cross section is 0.506703 b. (random case 100)
 ... thermal (n,a) cross section is 0.37886 b. (random case 101)
 ... thermal (n,a) cross section is 0.80364 b. (random case 102)
 ... thermal (n,a) cross section is 0.116099 b. (random case 103)
 ... thermal (n,a) cross section is 1.21269 b. (random case 104)
 ... thermal (n,a) cross section is 0.446285 b. (random case 105)
 ... thermal (n,a) cross section is 0.449495 b. (random case 106)
 ... thermal (n,a) cross section is 0.526533 b. (random case 107)
 ... thermal (n,a) cross section is 0.379401 b. (random case 108)
 ... thermal (n,a) cross section is 0.411543 b. (random case 109)
 ... thermal (n,a) cross section is 0.60509 b. (random case 110)
 ... thermal (n,a) cross section is 0.594374 b. (random case 111)
 ... thermal (n,a) cross section is 0.690008 b. (random case 112)
 ... thermal (n,a) cross section is 0.676132 b. (random case 113)
 ... thermal (n,a) cross section is 1.05023 b. (random case 114)
 ... thermal (n,a) cross section is 0.614835 b. (random case 115)
 ... thermal (n,a) cross section is 0.370686 b. (random case 116)
 ... thermal (n,a) cross section is 0.624817 b. (random case 117)
 ... thermal (n,a) cross section is 0.965633 b. (random case 118)
 ... thermal (n,a) cross section is 0.390696 b. (random case 119)
 ... thermal (n,a) cross section is 0.782465 b. (random case 120)
 ... thermal (n,a) cross section is 0.143751 b. (random case 121)
 ... thermal (n,a) cross section is 0.571234 b. (random case 122)
 ... thermal (n,a) cross section is 0.620815 b. (random case 123)
 ... thermal (n,a) cross section is 0.760821 b. (random case 124)
 ... thermal (n,a) cross section is 1.08418 b. (random case 125)
 ... thermal (n,a) cross section is 0.651621 b. (random case 126)
 ... thermal (n,a) cross section is 0.555509 b. (random case 127)
 ... thermal (n,a) cross section is 0.295077 b. (random case 128)
 ... thermal (n,a) cross section is 0.461667 b. (random case 129)
 ... thermal (n,a) cross section is 0.839953 b. (random case 130)
 ... thermal (n,a) cross section is 0.724303 b. (random case 131)
 ... thermal (n,a) cross section is 0.333032 b. (random case 132)
 ... thermal (n,a) cross section is 0.404505 b. (random case 133)
 ... thermal (n,a) cross section is 0.56471 b. (random case 134)
 ... thermal (n,a) cross section is 1.23616 b. (random case 135)
 ... thermal (n,a) cross section is 0.610249 b. (random case 136)
 ... thermal (n,a) cross section is 0.312131 b. (random case 137)
 ... thermal (n,a) cross section is 0.417649 b. (random case 138)
 ... thermal (n,a) cross section is 0.755548 b. (random case 139)
 ... thermal (n,a) cross section is 0.471532 b. (random case 140)
 ... thermal (n,a) cross section is 0.233582 b. (random case 141)
 ... thermal (n,a) cross section is 0.976269 b. (random case 142)
 ... thermal (n,a) cross section is 0.906981 b. (random case 143)
 ... thermal (n,a) cross section is 0.35199 b. (random case 144)
 ... thermal (n,a) cross section is 0.366281 b. (random case 145)
 ... thermal (n,a) cross section is 0.491816 b. (random case 146)
 ... thermal (n,a) cross section is 0.529046 b. (random case 147)
 ... thermal (n,a) cross section is 0.841457 b. (random case 148)
 ... thermal (n,a) cross section is 0.829854 b. (random case 149)
 ... thermal (n,a) cross section is 1.07922 b. (random case 150)
 ... thermal (n,a) cross section is 0.527883 b. (random case 151)
 ... thermal (n,a) cross section is 0.106675 b. (random case 152)
 ... thermal (n,a) cross section is 0.223269 b. (random case 153)
 ... thermal (n,a) cross section is 0.235296 b. (random case 154)
 ... thermal (n,a) cross section is 0.630084 b. (random case 155)
 ... thermal (n,a) cross section is 0.26341 b. (random case 156)
 ... thermal (n,a) cross section is 0.669496 b. (random case 157)
 ... thermal (n,a) cross section is 0.70912 b. (random case 158)
 ... thermal (n,a) cross section is 0.655024 b. (random case 159)
 ... thermal (n,a) cross section is 0.704303 b. (random case 160)
 ... thermal (n,a) cross section is 0.48561 b. (random case 161)
 ... thermal (n,a) cross section is 0.838548 b. (random case 162)
 ... thermal (n,a) cross section is 0.50787 b. (random case 163)
 ... thermal (n,a) cross section is 0.519695 b. (random case 164)
 ... thermal (n,a) cross section is 0.551613 b. (random case 165)
 ... thermal (n,a) cross section is 1.03876 b. (random case 166)
 ... thermal (n,a) cross section is 0.598595 b. (random case 167)
 ... thermal (n,a) cross section is 0.876232 b. (random case 168)
 ... thermal (n,a) cross section is 0.957338 b. (random case 169)
 ... thermal (n,a) cross section is 0.674793 b. (random case 170)
 ... thermal (n,a) cross section is 0.831096 b. (random case 171)
 ... thermal (n,a) cross section is 0.477324 b. (random case 172)
 ... thermal (n,a) cross section is 0.65518 b. (random case 173)
 ... thermal (n,a) cross section is 0.684311 b. (random case 174)
 ... thermal (n,a) cross section is 0.350822 b. (random case 175)
 ... thermal (n,a) cross section is 0.443677 b. (random case 176)
 ... thermal (n,a) cross section is 1.40851 b. (random case 177)
 ... thermal (n,a) cross section is 0.820503 b. (random case 178)
 ... thermal (n,a) cross section is 0.38869 b. (random case 179)
 ... thermal (n,a) cross section is 0.515365 b. (random case 180)
 ... thermal (n,a) cross section is 0.516433 b. (random case 181)
 ... thermal (n,a) cross section is 1.3032 b. (random case 182)
 ... thermal (n,a) cross section is 1.14201 b. (random case 183)
 ... thermal (n,a) cross section is 0.380524 b. (random case 184)
 ... thermal (n,a) cross section is 0.362281 b. (random case 185)
 ... thermal (n,a) cross section is 0.526615 b. (random case 186)
 ... thermal (n,a) cross section is 0.581254 b. (random case 187)
 ... thermal (n,a) cross section is 0.711826 b. (random case 188)
 ... thermal (n,a) cross section is 0.243401 b. (random case 189)
 ... thermal (n,a) cross section is 0.419292 b. (random case 190)
 ... thermal (n,a) cross section is 0.599419 b. (random case 191)
 ... thermal (n,a) cross section is 0.806608 b. (random case 192)
 ... thermal (n,a) cross section is 0.904878 b. (random case 193)
 ... thermal (n,a) cross section is 0.277483 b. (random case 194)
 ... thermal (n,a) cross section is 0.615708 b. (random case 195)
 ... thermal (n,a) cross section is 0.856479 b. (random case 196)
 ... thermal (n,a) cross section is 0.44921 b. (random case 197)
 ... thermal (n,a) cross section is 0.705049 b. (random case 198)
 ... thermal (n,a) cross section is 0.680411 b. (random case 199)
 ... thermal (n,a) cross section is 1.33871 b. (random case 200)
 ... thermal (n,a) cross section is 0.552658 b. (random case 201)
 ... thermal (n,a) cross section is 0.757296 b. (random case 202)
 ... thermal (n,a) cross section is 0.761146 b. (random case 203)
 ... thermal (n,a) cross section is 0.366184 b. (random case 204)
 ... thermal (n,a) cross section is 0.82525 b. (random case 205)
 ... thermal (n,a) cross section is 0.586589 b. (random case 206)
 ... thermal (n,a) cross section is 0.878806 b. (random case 207)
 ... thermal (n,a) cross section is 0.879828 b. (random case 208)
 ... thermal (n,a) cross section is 0.619739 b. (random case 209)
 ... thermal (n,a) cross section is 0.316075 b. (random case 210)
 ... thermal (n,a) cross section is 0.867039 b. (random case 211)
 ... thermal (n,a) cross section is 0.233136 b. (random case 212)
 ... thermal (n,a) cross section is 0.929032 b. (random case 213)
 ... thermal (n,a) cross section is 0.765767 b. (random case 214)
 ... thermal (n,a) cross section is 0.463332 b. (random case 215)
 ... thermal (n,a) cross section is 0.576791 b. (random case 216)
 ... thermal (n,a) cross section is 0.0767403 b. (random case 217)
 ... thermal (n,a) cross section is 0.279229 b. (random case 218)
 ... thermal (n,a) cross section is 0.566734 b. (random case 219)
 ... thermal (n,a) cross section is 0.827918 b. (random case 220)
 ... thermal (n,a) cross section is 0.723866 b. (random case 221)
 ... thermal (n,a) cross section is 0.741221 b. (random case 222)
 ... thermal (n,a) cross section is 0.948034 b. (random case 223)
 ... thermal (n,a) cross section is 0.820996 b. (random case 224)
 ... thermal (n,a) cross section is 0.455199 b. (random case 225)
 ... thermal (n,a) cross section is 1.02529 b. (random case 226)
 ... thermal (n,a) cross section is 1.08476 b. (random case 227)
 ... thermal (n,a) cross section is 0.415309 b. (random case 228)
 ... thermal (n,a) cross section is 0.348882 b. (random case 229)
 ... thermal (n,a) cross section is 0.743207 b. (random case 230)
 ... thermal (n,a) cross section is 0.352959 b. (random case 231)
 ... thermal (n,a) cross section is 0.887413 b. (random case 232)
 ... thermal (n,a) cross section is 0.544523 b. (random case 233)
 ... thermal (n,a) cross section is 1.34987 b. (random case 234)
 ... thermal (n,a) cross section is 0.722417 b. (random case 235)
 ... thermal (n,a) cross section is 0.947148 b. (random case 236)
 ... thermal (n,a) cross section is 0.527758 b. (random case 237)
 ... thermal (n,a) cross section is 0.0865589 b. (random case 238)
 ... thermal (n,a) cross section is 0.862325 b. (random case 239)
 ... thermal (n,a) cross section is 0.212175 b. (random case 240)
 ... thermal (n,a) cross section is 0.932417 b. (random case 241)
 ... thermal (n,a) cross section is 0.427027 b. (random case 242)
 ... thermal (n,a) cross section is 0.119323 b. (random case 243)
 ... thermal (n,a) cross section is 0.109566 b. (random case 244)
 ... thermal (n,a) cross section is 0.233172 b. (random case 245)
 ... thermal (n,a) cross section is 0.91002 b. (random case 246)
 ... thermal (n,a) cross section is 0.817811 b. (random case 247)
 ... thermal (n,a) cross section is 0.550595 b. (random case 248)
 ... thermal (n,a) cross section is 0.705946 b. (random case 249)
 ... thermal (n,a) cross section is 0.418136 b. (random case 250)
 ... thermal (n,a) cross section is 0.619655 b. (random case 251)
 ... thermal (n,a) cross section is 0.26782 b. (random case 252)
 ... thermal (n,a) cross section is 0.669802 b. (random case 253)
 ... thermal (n,a) cross section is 0.392871 b. (random case 254)
 ... thermal (n,a) cross section is 0.244652 b. (random case 255)
 ... thermal (n,a) cross section is 0.213537 b. (random case 256)
 ... thermal (n,a) cross section is 0.514323 b. (random case 257)
 ... thermal (n,a) cross section is 0.991152 b. (random case 258)
 ... thermal (n,a) cross section is 0.0832329 b. (random case 259)
 ... thermal (n,a) cross section is 0.670757 b. (random case 260)
 ... thermal (n,a) cross section is 0.83345 b. (random case 261)
 ... thermal (n,a) cross section is 0.824563 b. (random case 262)
 ... thermal (n,a) cross section is 0.823381 b. (random case 263)
 ... thermal (n,a) cross section is 0.476129 b. (random case 264)
 ... thermal (n,a) cross section is 0.327673 b. (random case 265)
 ... thermal (n,a) cross section is 0.450205 b. (random case 266)
 ... thermal (n,a) cross section is 0.661253 b. (random case 267)
 ... thermal (n,a) cross section is 0.494868 b. (random case 268)
 ... thermal (n,a) cross section is 0.92281 b. (random case 269)
 ... thermal (n,a) cross section is 0.456337 b. (random case 270)
 ... thermal (n,a) cross section is 0.610165 b. (random case 271)
 ... thermal (n,a) cross section is 0.404518 b. (random case 272)
 ... thermal (n,a) cross section is 0.446793 b. (random case 273)
 ... thermal (n,a) cross section is 0.393969 b. (random case 274)
 ... thermal (n,a) cross section is 0.689299 b. (random case 275)
 ... thermal (n,a) cross section is 0.971852 b. (random case 276)
 ... thermal (n,a) cross section is 0.544515 b. (random case 277)
 ... thermal (n,a) cross section is 0.771309 b. (random case 278)
 ... thermal (n,a) cross section is 1.03282 b. (random case 279)
 ... thermal (n,a) cross section is 0.947537 b. (random case 280)
 ... thermal (n,a) cross section is 0.703538 b. (random case 281)
 ... thermal (n,a) cross section is 0.4096 b. (random case 282)
 ... thermal (n,a) cross section is 0.189025 b. (random case 283)
 ... thermal (n,a) cross section is 0.685315 b. (random case 284)
 ... thermal (n,a) cross section is 0.949591 b. (random case 285)
 ... thermal (n,a) cross section is 0.656766 b. (random case 286)
 ... thermal (n,a) cross section is 0.348672 b. (random case 287)
 ... thermal (n,a) cross section is 0.344348 b. (random case 288)
 ... thermal (n,a) cross section is 0.571197 b. (random case 289)
 ... thermal (n,a) cross section is 1.04589 b. (random case 290)
 ... thermal (n,a) cross section is 0.943862 b. (random case 291)
 ... thermal (n,a) cross section is 0.781214 b. (random case 292)
 ... thermal (n,a) cross section is 0.414521 b. (random case 293)
 ... thermal (n,a) cross section is 0.618496 b. (random case 294)
 ... thermal (n,a) cross section is 0.415796 b. (random case 295)
 ... thermal (n,a) cross section is 0.820654 b. (random case 296)
 ... thermal (n,a) cross section is 0.52403 b. (random case 297)
 ... thermal (n,a) cross section is 0.581207 b. (random case 298)
 ... thermal (n,a) cross section is 0.707954 b. (random case 299)
 ... thermal (n,a) cross section is 0.33782 b. (random case 300)
 ... (n,p) Q-value negative for this element
 ... Rewrite index for MF2
 ... Write text for MF1 in file mf1.tares.txt
 ... plotting cross sections for the MF1
 ... order output files


================== summary ==================
 Thermal (n,tot) xs = 27.1964 b. 
 Thermal (n,el)  xs = 8.01142 b. 
 Thermal (n,g)   xs = 18.6048 b. (meas/sys: 18.6 b.)
 Thermal (n,a)   xs = 0.580168 b. 

 RI      (n,g)      = 8.81711 b. (meas or sys: 12.3 b.)
 RI      (n,el)     = 303.908 b.
=============================================


 ... cleaning
                                                 
  -------------------------------------------------------------
  -                                                           -
  - TARES: successful end of run with data from the database  -
  -             for Z= 24,  A= 53 and isomer= 0               -
  -                                                           -
  -------------------------------------------------------------

   Running time:       1464 seconds

 End time: Fri Oct  9 14:33:06 2026

