
  -------------------------------------------------------------
  -                                                           -
  -              Welcome to TARES version 1.8                 -
  -                                                           -
  -  (C) Copyright 2007-2025 D. Rochman, All Rights Reserved  -
  -           NRG, Petten, the Netherlands 2007-2014          -
  -           PSI, Villigen    Switzerland 2015-2025          -
  -         Nagra, Wettingen   Switzerland 2025-              -
  -           (Last Modified October 06, 2026)                -
  -           (Database from October 06, 2026)                -
  -                                                           -
  -------------------------------------------------------------


  ---------------------------------------------
   Compilation information:
   Compiled on:         Oct  8 2026, 18:36:06
   Compiled by:         koning
   Compiler version:    clang++ - 21.0.0
   Source location:     /Users/koning/tares-1.8/source/Module/
   Binaries location:   /Users/koning/bin
   System:              Darwin 25.6.0
   System version:      Darwin Kernel Version 25.6.0: Fri Jul 31 19:19:08 PDT 2026; root:xnu-12377.161.14~5/RELEASE_ARM64_T6050  
   Machine:             arm64 
  ---------------------------------------------

   User information:
   User name:           koning
   Running directory:   /Users/koning/tendl/resbase/N015/work
   Owner mode for running directory : rwx
   Group mode for running directory : r-x
  ---------------------------------------------


 Starting time: Fri Oct  9 11:31:04 2026
 ... inputs directory found (/Users/koning/tares-1.8/source/Module//../../inputs/).
 ... It will be used for resonance parameters 
 ... ###############################################
 ... #     read the input file tares.inp
 ... ###############################################
 ... line: #
 ... line: # Input file generated by Autorochman
          --> line not read
 ... line: #
 ... line: isotope    N
          --> Isotope name: N
 ... line: mass       15
          --> isotopic mass: 15
 ... line: output     n-N015
         ---> Name of the output files: n-N015
 ... line: isomer     0
          --> isomeric state: 0
 ... line: mf32mf33   y
          --> MF33 based on MF32: y
 ... line: nbrRandom  300
          --> Nbr of random files: 300
 ... ###############################################
 ... # end read the input file tares.inp
 ... ###############################################
Value for random generator type not considered in since Tares 1.7 due to compilation issues

 ... ###############################################
     #   Interpretation of the Input definition    #
     ###############################################

 ... Default energy limit: End of resonance region
 ... Nuclear charge    = 7
 ... Element           = N
 ... Mass              = 15
 ... Isomer            = 0
 ... Correlation for (Gn,Gg) not included in random files
 ... Default random option: No random
 ... Output name: n-N015
 ... Energy for the MACS: 30000 eV
 ... Resonances from CALENDF reduced (reduce=y) 
 ... For URR, level density model from TALYS selected: 91n3n12611.2850 (see manual for description)
 ... Random Generator: default (pseudo random numbers from ansi c++)
 ... Reconstruction of cross section selected
 ... Doppler broadening at 0 Kelvin
 ... Default formalism: Multi Level Breit Wigner (from file best.tendl.yes)
 ... URR not included (from the input file flag)
 ... Weight for grouping is flat
 ... Calculation of (n,alpha) cross section selected
 ... Number of digit for MF32c covariance representation: 2
 ... MF32 included
 ... MF33 will be used for covariance processing
 ... TENDL option set to yes (automatic choice of MF2 and format)
 ... default option: Multi level Breit Wigner approximation selected
 ... (check file best.tendl.yes for changing this option)
 ... Retroactive option set to no with the 2025 option
 ... ladder option set to no (CALENDF will not be used for statistical resonances)

 ... ###############################################
     #           End of Input definition           #
     ###############################################

 ... gnuplot found, will be used for plotting
 ... latex found, will be used for plotting
 ... dvips found, will be used for plotting
 ... ps2epsi not found, limited plotting available
 ... uncertainties on default parameters multiplied by 1.01358
 ... Read resonance data from the 2025 directory
 ... Resonance parameters taken from /Users/koning/tares-1.8/source/Module//../../inputs/2025/Resonance/default/
 ---> Processing Z= 7 and A= 15 and isomer= 0 (level number: 0)
Thermal file; Could not open file /Users/koning/tares-1.8/source/Module//../../inputs/2025/runThermal/results//thermal.mxw.ng.cendl3.1
Thermal file; Could not open file /Users/koning/tares-1.8/source/Module//../../inputs/2025/runThermal/results//thermal.mxw.ng.brond3.1
Thermal file; Could not open file /Users/koning/tares-1.8/source/Module//../../inputs/2025/runThermal/results//thermal.xs.ng.unc.cendl3.1
 ... spin taken from the final/ directory (1)

 ... ###############################################
 ... #  Nucleus global parameters (2025 database)  #
 ... ###############################################
 ... Scattering radius from file /Users/koning/tares-1.8/source/Module//../../inputs/2025/Resonance/default//global.2023.txt
 0. Spin of the target isotope: 0.5
 1. Relative Atomic Mass of the target isotope: 15.0001
 2. Isotopic composition of the target isotope: 0.36 %
 3. Scattering radius (local compilation): 5.58 fm +/- 0.03 fm
 4. Scattering radius (Mughabghab): 5.58 +/- 0.1 fm
      .......................................
      ... Thermal capture cross sections: ...
 5. Thermal (total) (n,g) cross section from experiments (local compilation): 2.4e-05 +/- 8e-06 b.
 6. Thermal (n,g) cross section from compilation (Firestone-2022 average on element N): 1.92 +/- 0.04 b.
 7. Thermal (n,g) cross section from compilation (Firestone-2022 final on element N): 1.94 +/- 0.03 b.
 8. Thermal Maxwellian (n,g) XS from compilation (Mughabghab-2006): 2.4e-05 +/- 8e-06 b.
 9. Thermal Maxwellian (n,g) XS from compilation (Mughabghab-2018): 2.4e-05 +/- 8e-06 b.
 10. Thermal Maxwellian (n,g) XS from compilation (Sukhoruchkin-2009): 2.4e-05 +/- 8e-06 b.
 11. Thermal Maxwellian (n,g) XS from compilation (Sukhoruchkin-2015): 2.4e-05 +/- 7e-06 b.
 12. Thermal (n,g) cross section from EAF-2010: 2.4352e-05 b.
 13. Thermal (n,g) cross section from ENDF/B-VI.8: 2.401e-05 b.
 14. Thermal (n,g) cross section from ENDF/B-VIII.1: 2.401e-05 +/- 7.564e-06 b.
 15. Thermal (n,g) cross section from ENDF/B-VIII.0: 2.401e-05 +/- 7.564e-06 b.
 16. Thermal (n,g) cross section from TENDL-2023: 3.262e-06 +/- 9.293e-08 b.
 17. Thermal (n,g) cross section from JEFF-3.3: 2.401e-05 +/- 7.564e-06 b.
 18. Thermal (n,g) cross section from JEFF-4.0: 2.401e-05 +/- 7.564e-06 b.
 19. Thermal (n,g) cross section from JENDL-5.0: 2.378e-05 b.
      .......................................
      ...  Thermal total cross sections:  ...
      .......................................
      ... Thermal elastic cross sections: ...
 20. Thermal (n,el) cross section from compilation (Mughabghab): 4.59 +/- 0.05 b.
 21. Thermal (n,el) cross section from ENDF/B-VIII.1: 4.568 b.
 22. Thermal (n,el) cross section from ENDF/B-VIII.0: 4.568 +/- 7.564e-06 b.
 23. Thermal (n,el) cross section from ENDF/B-VI.8: 4.568 b.
 24. Thermal (n,el) cross section from JENDL-5.0: 4.691 b.
 25. Thermal (n,el) cross section from JEFF-3.3: 4.568 b.
 26. Thermal (n,el) cross section from experiments (local compilation): 4.59 +/- 0.05 b.
 27. Neutron scattering length from Atominstitut (TU Wien): 6.44 +/- 0.03 fm.
      .......................................
             ... Resonance integral: ...
 28. Experimental capture integral (local compilation): 0.00011 +/- 0.0003 b.
 29. Experimental capture integral (Sukhoruchkin): 0.00012 +/- 5e-05 b.
   ---- MACS 30 keV ----- 
 30. TALYS MACS 30 keV (HF): 9.27941e-05 b. 
 31. Recommended MACS 30 keV from EAF: 5.8e-06 b. 
 32. Recommended MACS 30 keV (local compilation): 5.32e-06 +/- 5.9e-07 b. 
 33. Recommended MACS 30 keV from Kadonis: 5.8e-06 +/- 5e-07 b. 
 34. Recommended MACS (Sukhoruchkin): 9e-06 +/- 5e-06 b.
 35. Recommended MACS (Mughabghab): 5.32e-06 +/- 5.9e-07 b.
   ---------- S0 -------- 
 36. S0 from TALYS: 2.96307
   ---------- S1 -------- 
 37. S1 from TALYS: 0.684475
   ---------- S2 -------- 
 38. S2 from TALYS: 2.82659
   ---------- D0 -------- 
 39. D0 from TALYS: 2.30354e+06 eV
   ---------- D1 -------- 
 40. D1 from TALYS: 1.50543e+06 eV
   ---------- D2 -------- 
 41. D2 from TALYS: 1.59468e+06 eV
   ---------- G0 -------- 
 42. Gg0 from TALYS: 0.427492 eV
   ---------- G1 -------- 
 43. Gg1 from TALYS: 0.0646374 eV
   ---------- G2 -------- 
 44. Gg2 from TALYS: 0.705167 eV


   ---------------------- 
 ... Read resonance parameters (format: 2: Multi Level Breit Wigner)
 ... 45 resonances found 
 --> 45. Number of resonances from the input file: 45 up to 1.21e+07 eV
 46. Read nuclear quantities (mass, MAT...)
 47. Read thermal (n,g) xs 
 48. Read the scattering radius 
 49. Read uncertainty on Gg for 45 resonances
 50. Read uncertainty on Gg for 45 resonances ... done
 ... order resonances 
 ... Upper limit for the RRR: 930101 eV (no statistical resonances HFR) from the limit.RRR file
 ... Write parameters for l=0 waves
 ... Write parameters for l=1 waves
 ... End writing original MF2 
 ... Enter in to_MLBW_mf2 function
 ... Convert to Multi Level Breit Wigner (MLBW)
 ... Gn-Gg correlations: calculated capture kernel used for 3 evaluated resonances (no measured kernel)
 ... Write parameter covariances (MF32) for l=0
 Write parameter covariances (MF32) for l=1
 ... Convert parameter covariances (MF32) to MLBW
 ... copy the mf2 and mf32 to .mlbw files
 ... Ladder option set to no --> no use of calendf_xs
 ... no thermal/RI adjustment (ladder option set to no): no GLS calculation of parameter correlations
 ... copy the mf2 and mf32 to .mlbw files

 ... Start of final reconstruction and testing ...
 ... Reconstruction of cross sections at 0 Kelvin  ... Import MF2 from TARES calculations
 ... End energy of TARES MF2 : 9.301010E+5 eV and limit to 40000 resonances
 ... File used for reconstruction: n-N015.reconst
 ... run RECENT ...
 ... Doppler broadened at a unique temperature: 0 Kelvin using sigma1
 ... The keyword temperature is zero, no Doppler broadening for the MACS

 ============== INTER values at 0 Kelvin ==============
 Thermal (n,g) xs =  2.41156e-05 b. (meas/sys: 2.4e-05 b.) (warning: comparison to be done at 296 or 300 K)
 Th Maxw (n,g) xs =  2.4129e-05 b. (thermal Maxwellian value)
 Westcott factor  =  1.00056
 RI      (n,g)    =  1.57949e-05 b. (meas or sys: 0.00011 b.)
 MACS 3.000e+04 eV=  2.035e-08 b. (meas or sys: - b.) from 1.00E+00 to 2.00E+07 eV (end of RRR) at T= 0 Kelvin 
 Thermal (n,el) xs=  4.26591 b.
 RI      (n,el)   =  59.7497 b.
 ============= PSYCHE values ==============
 Ave. G_total L0  =  20000 eV
 Ave. Gn_0    L0  =  37.9922
 Ave. Gg      L0  =  0.0001 eV
 Ave. D       L0  =  0 eV
 Ave. S       L0  =  28.4941 eV
 =========================================
 ... End of final reconstruction and testing ...

 ... grouping is not optimum, change to 70 groups
 ... Produce MF33 based on MF32 and 300 random files
 ... MF3 of n-N015.reconst (3 sections) added to the files for ENDSAM
 ... run endsam for 300 in groups of 1 global run(s)
 ... run endsam from 201 to 300
 ... random files: total width GT set to Gn+Gg+Gf (900 resonances in 300 files)
 ... preparing the vectors  ... done
 ... nominal file 0 Cap(th)  ave= 2.412E-05 b. +/- 0.00 % || Ela(th) ave= 4.266E+00 b. +/- 0.00 % || RIcap ave= 1.58E-05 b. +/- 0.00 % || Macs30 ave= 2.04E-08 b. +/- 0.00 % || Gn^0(l=0) ave= 3.799E+01 +/- 0.00 % Gn^0(l=1) ave= 0.000E+00 +/- 0.00 % Gn^0(l=2) ave= 0.000E+00 +/- 0.00 % Gn^0(l=3) ave= 0.000E+00 +/- 0.00 % || Gtotal(l=0) ave= 2.000E+04 +/- 0.00 % Gtotal(l=1) ave= 0.000E+00 +/- 0.00 % Gtotal(l=2) ave= 0.000E+00 +/- 0.00 % Gtotal(l=3) ave= 0.000E+00 +/- 0.00 %  % || Gg(l=0) ave= 1.000E-04 +/- 0.00 % Gg(l=1) ave= 0.000E+00 +/- 0.00 % Gg(l=2) ave= 0.000E+00 +/- 0.00 % Gg(l=3) ave= 0.000E+00 +/- 0.00 %  % || D(l=0) ave= 0.000E+00 +/- 0.00 % D(l=1) ave= 0.000E+00 +/- 0.00 % D(l=2) ave= 0.000E+00 +/- 0.00 % D(l=3) ave= 0.000E+00 +/- 0.00 %  % || S(l=0) ave= 2.849E+01 +/- 0.00 % S(l=1) ave= 0.000E+00 +/- 0.00 % S(l=2) ave= 0.000E+00 +/- 0.00 % S(l=3) ave= 0.000E+00 +/- 0.00 % 
 ... random file  1 Cap(th)  ave= 2.388E-05 b. +/- 0.99 % || Ela(th) ave= 4.289E+00 b. +/- 0.53 % || RIcap ave= 1.57E-05 b. +/- 0.64 % || Macs30 ave= 2.02E-08 b. +/- 0.98 % || Gn^0(l=0) ave= 3.849E+01 +/- 1.31 % Gn^0(l=1) ave= 0.000E+00 +/- 0.00 % Gn^0(l=2) ave= 0.000E+00 +/- 0.00 % Gn^0(l=3) ave= 0.000E+00 +/- 0.00 % || Gtotal(l=0) ave= 2.033E+04 +/- 1.62 % Gtotal(l=1) ave= 0.000E+00 +/- 0.00 % Gtotal(l=2) ave= 0.000E+00 +/- 0.00 % Gtotal(l=3) ave= 0.000E+00 +/- 0.00 %  % || Gg(l=0) ave= 1.013E-04 +/- 1.29 % Gg(l=1) ave= 0.000E+00 +/- 0.00 % Gg(l=2) ave= 0.000E+00 +/- 0.00 % Gg(l=3) ave= 0.000E+00 +/- 0.00 %  % || D(l=0) ave= 0.000E+00 +/- 0.00 % D(l=1) ave= 0.000E+00 +/- 0.00 % D(l=2) ave= 0.000E+00 +/- 0.00 % D(l=3) ave= 0.000E+00 +/- 0.00 %  % || S(l=0) ave= 2.887E+01 +/- 1.31 % S(l=1) ave= 0.000E+00 +/- 0.00 % S(l=2) ave= 0.000E+00 +/- 0.00 % S(l=3) ave= 0.000E+00 +/- 0.00 % 
 ... random file  2 Cap(th)  ave= 2.399E-05 b. +/- 1.01 % || Ela(th) ave= 4.222E+00 b. +/- 2.27 % || RIcap ave= 1.57E-05 b. +/- 0.66 % || Macs30 ave= 2.02E-08 b. +/- 1.01 % || Gn^0(l=0) ave= 3.963E+01 +/- 4.17 % Gn^0(l=1) ave= 0.000E+00 +/- 0.00 % Gn^0(l=2) ave= 0.000E+00 +/- 0.00 % Gn^0(l=3) ave= 0.000E+00 +/- 0.00 % || Gtotal(l=0) ave= 2.076E+04 +/- 3.19 % Gtotal(l=1) ave= 0.000E+00 +/- 0.00 % Gtotal(l=2) ave= 0.000E+00 +/- 0.00 % Gtotal(l=3) ave= 0.000E+00 +/- 0.00 %  % || Gg(l=0) ave= 1.032E-04 +/- 2.74 % Gg(l=1) ave= 0.000E+00 +/- 0.00 % Gg(l=2) ave= 0.000E+00 +/- 0.00 % Gg(l=3) ave= 0.000E+00 +/- 0.00 %  % || D(l=0) ave= 0.000E+00 +/- 0.00 % D(l=1) ave= 0.000E+00 +/- 0.00 % D(l=2) ave= 0.000E+00 +/- 0.00 % D(l=3) ave= 0.000E+00 +/- 0.00 %  % || S(l=0) ave= 2.972E+01 +/- 4.17 % S(l=1) ave= 0.000E+00 +/- 0.00 % S(l=2) ave= 0.000E+00 +/- 0.00 % S(l=3) ave= 0.000E+00 +/- 0.00 % 
 ... random file  3 Cap(th)  ave= 2.406E-05 b. +/- 1.02 % || Ela(th) ave= 4.320E+00 b. +/- 4.39 % || RIcap ave= 1.58E-05 b. +/- 0.66 % || Macs30 ave= 2.03E-08 b. +/- 1.01 % || Gn^0(l=0) ave= 4.082E+01 +/- 6.14 % Gn^0(l=1) ave= 0.000E+00 +/- 0.00 % Gn^0(l=2) ave= 0.000E+00 +/- 0.00 % Gn^0(l=3) ave= 0.000E+00 +/- 0.00 % || Gtotal(l=0) ave= 2.164E+04 +/- 7.53 % Gtotal(l=1) ave= 0.000E+00 +/- 0.00 % Gtotal(l=2) ave= 0.000E+00 +/- 0.00 % Gtotal(l=3) ave= 0.000E+00 +/- 0.00 %  % || Gg(l=0) ave= 1.024E-04 +/- 2.74 % Gg(l=1) ave= 0.000E+00 +/- 0.00 % Gg(l=2) ave= 0.000E+00 +/- 0.00 % Gg(l=3) ave= 0.000E+00 +/- 0.00 %  % || D(l=0) ave= 0.000E+00 +/- 0.00 % D(l=1) ave= 0.000E+00 +/- 0.00 % D(l=2) ave= 0.000E+00 +/- 0.00 % D(l=3) ave= 0.000E+00 +/- 0.00 %  % || S(l=0) ave= 3.061E+01 +/- 6.14 % S(l=1) ave= 0.000E+00 +/- 0.00 % S(l=2) ave= 0.000E+00 +/- 0.00 % S(l=3) ave= 0.000E+00 +/- 0.00 % 
 ... random file  4 Cap(th)  ave= 2.406E-05 b. +/- 0.91 % || Ela(th) ave= 4.354E+00 b. +/- 4.19 % || RIcap ave= 1.58E-05 b. +/- 0.59 % || Macs30 ave= 2.03E-08 b. +/- 0.91 % || Gn^0(l=0) ave= 3.944E+01 +/- 9.02 % Gn^0(l=1) ave= 0.000E+00 +/- 0.00 % Gn^0(l=2) ave= 0.000E+00 +/- 0.00 % Gn^0(l=3) ave= 0.000E+00 +/- 0.00 % || Gtotal(l=0) ave= 2.097E+04 +/- 9.43 % Gtotal(l=1) ave= 0.000E+00 +/- 0.00 % Gtotal(l=2) ave= 0.000E+00 +/- 0.00 % Gtotal(l=3) ave= 0.000E+00 +/- 0.00 %  % || Gg(l=0) ave= 1.028E-04 +/- 2.59 % Gg(l=1) ave= 0.000E+00 +/- 0.00 % Gg(l=2) ave= 0.000E+00 +/- 0.00 % Gg(l=3) ave= 0.000E+00 +/- 0.00 %  % || D(l=0) ave= 0.000E+00 +/- 0.00 % D(l=1) ave= 0.000E+00 +/- 0.00 % D(l=2) ave= 0.000E+00 +/- 0.00 % D(l=3) ave= 0.000E+00 +/- 0.00 %  % || S(l=0) ave= 2.958E+01 +/- 9.02 % S(l=1) ave= 0.000E+00 +/- 0.00 % S(l=2) ave= 0.000E+00 +/- 0.00 % S(l=3) ave= 0.000E+00 +/- 0.00 % 
 ... random file  5 Cap(th)  ave= 2.397E-05 b. +/- 1.20 % || Ela(th) ave= 4.370E+00 b. +/- 3.89 % || RIcap ave= 1.57E-05 b. +/- 0.78 % || Macs30 ave= 2.02E-08 b. +/- 1.20 % || Gn^0(l=0) ave= 4.063E+01 +/- 10.33 % Gn^0(l=1) ave= 0.000E+00 +/- 0.00 % Gn^0(l=2) ave= 0.000E+00 +/- 0.00 % Gn^0(l=3) ave= 0.000E+00 +/- 0.00 % || Gtotal(l=0) ave= 2.164E+04 +/- 10.84 % Gtotal(l=1) ave= 0.000E+00 +/- 0.00 % Gtotal(l=2) ave= 0.000E+00 +/- 0.00 % Gtotal(l=3) ave= 0.000E+00 +/- 0.00 %  % || Gg(l=0) ave= 1.017E-04 +/- 3.39 % Gg(l=1) ave= 0.000E+00 +/- 0.00 % Gg(l=2) ave= 0.000E+00 +/- 0.00 % Gg(l=3) ave= 0.000E+00 +/- 0.00 %  % || D(l=0) ave= 0.000E+00 +/- 0.00 % D(l=1) ave= 0.000E+00 +/- 0.00 % D(l=2) ave= 0.000E+00 +/- 0.00 % D(l=3) ave= 0.000E+00 +/- 0.00 %  % || S(l=0) ave= 3.047E+01 +/- 10.33 % S(l=1) ave= 0.000E+00 +/- 0.00 % S(l=2) ave= 0.000E+00 +/- 0.00 % S(l=3) ave= 0.000E+00 +/- 0.00 % 
 ... random file  6 Cap(th)  ave= 2.393E-05 b. +/- 1.17 % || Ela(th) ave= 4.368E+00 b. +/- 3.61 % || RIcap ave= 1.57E-05 b. +/- 0.77 % || Macs30 ave= 2.02E-08 b. +/- 1.17 % || Gn^0(l=0) ave= 3.925E+01 +/- 13.12 % Gn^0(l=1) ave= 0.000E+00 +/- 0.00 % Gn^0(l=2) ave= 0.000E+00 +/- 0.00 % Gn^0(l=3) ave= 0.000E+00 +/- 0.00 % || Gtotal(l=0) ave= 2.090E+04 +/- 13.55 % Gtotal(l=1) ave= 0.000E+00 +/- 0.00 % Gtotal(l=2) ave= 0.000E+00 +/- 0.00 % Gtotal(l=3) ave= 0.000E+00 +/- 0.00 %  % || Gg(l=0) ave= 1.011E-04 +/- 3.53 % Gg(l=1) ave= 0.000E+00 +/- 0.00 % Gg(l=2) ave= 0.000E+00 +/- 0.00 % Gg(l=3) ave= 0.000E+00 +/- 0.00 %  % || D(l=0) ave= 0.000E+00 +/- 0.00 % D(l=1) ave= 0.000E+00 +/- 0.00 % D(l=2) ave= 0.000E+00 +/- 0.00 % D(l=3) ave= 0.000E+00 +/- 0.00 %  % || S(l=0) ave= 2.944E+01 +/- 13.12 % S(l=1) ave= 0.000E+00 +/- 0.00 % S(l=2) ave= 0.000E+00 +/- 0.00 % S(l=3) ave= 0.000E+00 +/- 0.00 % 
 ... random file  7 Cap(th)  ave= 2.403E-05 b. +/- 1.51 % || Ela(th) ave= 4.347E+00 b. +/- 3.61 % || RIcap ave= 1.58E-05 b. +/- 0.99 % || Macs30 ave= 2.03E-08 b. +/- 1.51 % || Gn^0(l=0) ave= 3.727E+01 +/- 19.08 % Gn^0(l=1) ave= 0.000E+00 +/- 0.00 % Gn^0(l=2) ave= 0.000E+00 +/- 0.00 % Gn^0(l=3) ave= 0.000E+00 +/- 0.00 % || Gtotal(l=0) ave= 1.981E+04 +/- 19.69 % Gtotal(l=1) ave= 0.000E+00 +/- 0.00 % Gtotal(l=2) ave= 0.000E+00 +/- 0.00 % Gtotal(l=3) ave= 0.000E+00 +/- 0.00 %  % || Gg(l=0) ave= 1.014E-04 +/- 3.40 % Gg(l=1) ave= 0.000E+00 +/- 0.00 % Gg(l=2) ave= 0.000E+00 +/- 0.00 % Gg(l=3) ave= 0.000E+00 +/- 0.00 %  % || D(l=0) ave= 0.000E+00 +/- 0.00 % D(l=1) ave= 0.000E+00 +/- 0.00 % D(l=2) ave= 0.000E+00 +/- 0.00 % D(l=3) ave= 0.000E+00 +/- 0.00 %  % || S(l=0) ave= 2.795E+01 +/- 19.08 % S(l=1) ave= 0.000E+00 +/- 0.00 % S(l=2) ave= 0.000E+00 +/- 0.00 % S(l=3) ave= 0.000E+00 +/- 0.00 % 
 ... random file  8 Cap(th)  ave= 2.400E-05 b. +/- 1.47 % || Ela(th) ave= 4.336E+00 b. +/- 3.49 % || RIcap ave= 1.57E-05 b. +/- 0.96 % || Macs30 ave= 2.03E-08 b. +/- 1.47 % || Gn^0(l=0) ave= 3.585E+01 +/- 21.82 % Gn^0(l=1) ave= 0.000E+00 +/- 0.00 % Gn^0(l=2) ave= 0.000E+00 +/- 0.00 % Gn^0(l=3) ave= 0.000E+00 +/- 0.00 % || Gtotal(l=0) ave= 1.904E+04 +/- 22.48 % Gtotal(l=1) ave= 0.000E+00 +/- 0.00 % Gtotal(l=2) ave= 0.000E+00 +/- 0.00 % Gtotal(l=3) ave= 0.000E+00 +/- 0.00 %  % || Gg(l=0) ave= 1.021E-04 +/- 3.68 % Gg(l=1) ave= 0.000E+00 +/- 0.00 % Gg(l=2) ave= 0.000E+00 +/- 0.00 % Gg(l=3) ave= 0.000E+00 +/- 0.00 %  % || D(l=0) ave= 0.000E+00 +/- 0.00 % D(l=1) ave= 0.000E+00 +/- 0.00 % D(l=2) ave= 0.000E+00 +/- 0.00 % D(l=3) ave= 0.000E+00 +/- 0.00 %  % || S(l=0) ave= 2.688E+01 +/- 21.82 % S(l=1) ave= 0.000E+00 +/- 0.00 % S(l=2) ave= 0.000E+00 +/- 0.00 % S(l=3) ave= 0.000E+00 +/- 0.00 % 
 ... random file  9 Cap(th)  ave= 2.406E-05 b. +/- 1.57 % || Ela(th) ave= 4.321E+00 b. +/- 3.50 % || RIcap ave= 1.58E-05 b. +/- 1.02 % || Macs30 ave= 2.03E-08 b. +/- 1.57 % || Gn^0(l=0) ave= 3.649E+01 +/- 21.02 % Gn^0(l=1) ave= 0.000E+00 +/- 0.00 % Gn^0(l=2) ave= 0.000E+00 +/- 0.00 % Gn^0(l=3) ave= 0.000E+00 +/- 0.00 % || Gtotal(l=0) ave= 1.934E+04 +/- 21.50 % Gtotal(l=1) ave= 0.000E+00 +/- 0.00 % Gtotal(l=2) ave= 0.000E+00 +/- 0.00 % Gtotal(l=3) ave= 0.000E+00 +/- 0.00 %  % || Gg(l=0) ave= 1.019E-04 +/- 3.55 % Gg(l=1) ave= 0.000E+00 +/- 0.00 % Gg(l=2) ave= 0.000E+00 +/- 0.00 % Gg(l=3) ave= 0.000E+00 +/- 0.00 %  % || D(l=0) ave= 0.000E+00 +/- 0.00 % D(l=1) ave= 0.000E+00 +/- 0.00 % D(l=2) ave= 0.000E+00 +/- 0.00 % D(l=3) ave= 0.000E+00 +/- 0.00 %  % || S(l=0) ave= 2.737E+01 +/- 21.02 % S(l=1) ave= 0.000E+00 +/- 0.00 % S(l=2) ave= 0.000E+00 +/- 0.00 % S(l=3) ave= 0.000E+00 +/- 0.00 % 
 ... random file  10 Cap(th)  ave= 2.411E-05 b. +/- 1.65 % || Ela(th) ave= 4.310E+00 b. +/- 3.44 % || RIcap ave= 1.58E-05 b. +/- 1.08 % || Macs30 ave= 2.03E-08 b. +/- 1.65 % || Gn^0(l=0) ave= 3.791E+01 +/- 22.63 % Gn^0(l=1) ave= 0.000E+00 +/- 0.00 % Gn^0(l=2) ave= 0.000E+00 +/- 0.00 % Gn^0(l=3) ave= 0.000E+00 +/- 0.00 % || Gtotal(l=0) ave= 2.006E+04 +/- 22.82 % Gtotal(l=1) ave= 0.000E+00 +/- 0.00 % Gtotal(l=2) ave= 0.000E+00 +/- 0.00 % Gtotal(l=3) ave= 0.000E+00 +/- 0.00 %  % || Gg(l=0) ave= 1.020E-04 +/- 3.42 % Gg(l=1) ave= 0.000E+00 +/- 0.00 % Gg(l=2) ave= 0.000E+00 +/- 0.00 % Gg(l=3) ave= 0.000E+00 +/- 0.00 %  % || D(l=0) ave= 0.000E+00 +/- 0.00 % D(l=1) ave= 0.000E+00 +/- 0.00 % D(l=2) ave= 0.000E+00 +/- 0.00 % D(l=3) ave= 0.000E+00 +/- 0.00 %  % || S(l=0) ave= 2.843E+01 +/- 22.63 % S(l=1) ave= 0.000E+00 +/- 0.00 % S(l=2) ave= 0.000E+00 +/- 0.00 % S(l=3) ave= 0.000E+00 +/- 0.00 % 
 ... random file  11 Cap(th)  ave= 2.418E-05 b. +/- 1.79 % || Ela(th) ave= 4.297E+00 b. +/- 3.43 % || RIcap ave= 1.58E-05 b. +/- 1.17 % || Macs30 ave= 2.04E-08 b. +/- 1.79 % || Gn^0(l=0) ave= 3.822E+01 +/- 21.66 % Gn^0(l=1) ave= 0.000E+00 +/- 0.00 % Gn^0(l=2) ave= 0.000E+00 +/- 0.00 % Gn^0(l=3) ave= 0.000E+00 +/- 0.00 % || Gtotal(l=0) ave= 2.019E+04 +/- 21.82 % Gtotal(l=1) ave= 0.000E+00 +/- 0.00 % Gtotal(l=2) ave= 0.000E+00 +/- 0.00 % Gtotal(l=3) ave= 0.000E+00 +/- 0.00 %  % || Gg(l=0) ave= 1.023E-04 +/- 3.36 % Gg(l=1) ave= 0.000E+00 +/- 0.00 % Gg(l=2) ave= 0.000E+00 +/- 0.00 % Gg(l=3) ave= 0.000E+00 +/- 0.00 %  % || D(l=0) ave= 0.000E+00 +/- 0.00 % D(l=1) ave= 0.000E+00 +/- 0.00 % D(l=2) ave= 0.000E+00 +/- 0.00 % D(l=3) ave= 0.000E+00 +/- 0.00 %  % || S(l=0) ave= 2.866E+01 +/- 21.66 % S(l=1) ave= 0.000E+00 +/- 0.00 % S(l=2) ave= 0.000E+00 +/- 0.00 % S(l=3) ave= 0.000E+00 +/- 0.00 % 
 ... random file  12 Cap(th)  ave= 2.412E-05 b. +/- 1.89 % || Ela(th) ave= 4.291E+00 b. +/- 3.34 % || RIcap ave= 1.58E-05 b. +/- 1.24 % || Macs30 ave= 2.04E-08 b. +/- 1.89 % || Gn^0(l=0) ave= 3.736E+01 +/- 22.73 % Gn^0(l=1) ave= 0.000E+00 +/- 0.00 % Gn^0(l=2) ave= 0.000E+00 +/- 0.00 % Gn^0(l=3) ave= 0.000E+00 +/- 0.00 % || Gtotal(l=0) ave= 1.973E+04 +/- 22.96 % Gtotal(l=1) ave= 0.000E+00 +/- 0.00 % Gtotal(l=2) ave= 0.000E+00 +/- 0.00 % Gtotal(l=3) ave= 0.000E+00 +/- 0.00 %  % || Gg(l=0) ave= 1.020E-04 +/- 3.38 % Gg(l=1) ave= 0.000E+00 +/- 0.00 % Gg(l=2) ave= 0.000E+00 +/- 0.00 % Gg(l=3) ave= 0.000E+00 +/- 0.00 %  % || D(l=0) ave= 0.000E+00 +/- 0.00 % D(l=1) ave= 0.000E+00 +/- 0.00 % D(l=2) ave= 0.000E+00 +/- 0.00 % D(l=3) ave= 0.000E+00 +/- 0.00 %  % || S(l=0) ave= 2.802E+01 +/- 22.73 % S(l=1) ave= 0.000E+00 +/- 0.00 % S(l=2) ave= 0.000E+00 +/- 0.00 % S(l=3) ave= 0.000E+00 +/- 0.00 % 
 ... random file  13 Cap(th)  ave= 2.417E-05 b. +/- 1.98 % || Ela(th) ave= 4.293E+00 b. +/- 3.23 % || RIcap ave= 1.58E-05 b. +/- 1.30 % || Macs30 ave= 2.04E-08 b. +/- 1.98 % || Gn^0(l=0) ave= 3.728E+01 +/- 21.96 % Gn^0(l=1) ave= 0.000E+00 +/- 0.00 % Gn^0(l=2) ave= 0.000E+00 +/- 0.00 % Gn^0(l=3) ave= 0.000E+00 +/- 0.00 % || Gtotal(l=0) ave= 1.969E+04 +/- 22.18 % Gtotal(l=1) ave= 0.000E+00 +/- 0.00 % Gtotal(l=2) ave= 0.000E+00 +/- 0.00 % Gtotal(l=3) ave= 0.000E+00 +/- 0.00 %  % || Gg(l=0) ave= 1.021E-04 +/- 3.29 % Gg(l=1) ave= 0.000E+00 +/- 0.00 % Gg(l=2) ave= 0.000E+00 +/- 0.00 % Gg(l=3) ave= 0.000E+00 +/- 0.00 %  % || D(l=0) ave= 0.000E+00 +/- 0.00 % D(l=1) ave= 0.000E+00 +/- 0.00 % D(l=2) ave= 0.000E+00 +/- 0.00 % D(l=3) ave= 0.000E+00 +/- 0.00 %  % || S(l=0) ave= 2.796E+01 +/- 21.96 % S(l=1) ave= 0.000E+00 +/- 0.00 % S(l=2) ave= 0.000E+00 +/- 0.00 % S(l=3) ave= 0.000E+00 +/- 0.00 % 
 ... random file  14 Cap(th)  ave= 2.418E-05 b. +/- 1.91 % || Ela(th) ave= 4.298E+00 b. +/- 3.14 % || RIcap ave= 1.58E-05 b. +/- 1.25 % || Macs30 ave= 2.04E-08 b. +/- 1.91 % || Gn^0(l=0) ave= 3.644E+01 +/- 23.35 % Gn^0(l=1) ave= 0.000E+00 +/- 0.00 % Gn^0(l=2) ave= 0.000E+00 +/- 0.00 % Gn^0(l=3) ave= 0.000E+00 +/- 0.00 % || Gtotal(l=0) ave= 1.925E+04 +/- 23.50 % Gtotal(l=1) ave= 0.000E+00 +/- 0.00 % Gtotal(l=2) ave= 0.000E+00 +/- 0.00 % Gtotal(l=3) ave= 0.000E+00 +/- 0.00 %  % || Gg(l=0) ave= 1.017E-04 +/- 3.51 % Gg(l=1) ave= 0.000E+00 +/- 0.00 % Gg(l=2) ave= 0.000E+00 +/- 0.00 % Gg(l=3) ave= 0.000E+00 +/- 0.00 %  % || D(l=0) ave= 0.000E+00 +/- 0.00 % D(l=1) ave= 0.000E+00 +/- 0.00 % D(l=2) ave= 0.000E+00 +/- 0.00 % D(l=3) ave= 0.000E+00 +/- 0.00 %  % || S(l=0) ave= 2.733E+01 +/- 23.35 % S(l=1) ave= 0.000E+00 +/- 0.00 % S(l=2) ave= 0.000E+00 +/- 0.00 % S(l=3) ave= 0.000E+00 +/- 0.00 % 
 ... random file  15 Cap(th)  ave= 2.420E-05 b. +/- 1.87 % || Ela(th) ave= 4.301E+00 b. +/- 3.05 % || RIcap ave= 1.58E-05 b. +/- 1.23 % || Macs30 ave= 2.04E-08 b. +/- 1.87 % || Gn^0(l=0) ave= 3.682E+01 +/- 22.73 % Gn^0(l=1) ave= 0.000E+00 +/- 0.00 % Gn^0(l=2) ave= 0.000E+00 +/- 0.00 % Gn^0(l=3) ave= 0.000E+00 +/- 0.00 % || Gtotal(l=0) ave= 1.947E+04 +/- 22.91 % Gtotal(l=1) ave= 0.000E+00 +/- 0.00 % Gtotal(l=2) ave= 0.000E+00 +/- 0.00 % Gtotal(l=3) ave= 0.000E+00 +/- 0.00 %  % || Gg(l=0) ave= 1.014E-04 +/- 3.60 % Gg(l=1) ave= 0.000E+00 +/- 0.00 % Gg(l=2) ave= 0.000E+00 +/- 0.00 % Gg(l=3) ave= 0.000E+00 +/- 0.00 %  % || D(l=0) ave= 0.000E+00 +/- 0.00 % D(l=1) ave= 0.000E+00 +/- 0.00 % D(l=2) ave= 0.000E+00 +/- 0.00 % D(l=3) ave= 0.000E+00 +/- 0.00 %  % || S(l=0) ave= 2.762E+01 +/- 22.73 % S(l=1) ave= 0.000E+00 +/- 0.00 % S(l=2) ave= 0.000E+00 +/- 0.00 % S(l=3) ave= 0.000E+00 +/- 0.00 % 
 ... random file  16 Cap(th)  ave= 2.422E-05 b. +/- 1.86 % || Ela(th) ave= 4.304E+00 b. +/- 2.97 % || RIcap ave= 1.58E-05 b. +/- 1.22 % || Macs30 ave= 2.04E-08 b. +/- 1.86 % || Gn^0(l=0) ave= 3.721E+01 +/- 22.21 % Gn^0(l=1) ave= 0.000E+00 +/- 0.00 % Gn^0(l=2) ave= 0.000E+00 +/- 0.00 % Gn^0(l=3) ave= 0.000E+00 +/- 0.00 % || Gtotal(l=0) ave= 1.968E+04 +/- 22.41 % Gtotal(l=1) ave= 0.000E+00 +/- 0.00 % Gtotal(l=2) ave= 0.000E+00 +/- 0.00 % Gtotal(l=3) ave= 0.000E+00 +/- 0.00 %  % || Gg(l=0) ave= 1.016E-04 +/- 3.54 % Gg(l=1) ave= 0.000E+00 +/- 0.00 % Gg(l=2) ave= 0.000E+00 +/- 0.00 % Gg(l=3) ave= 0.000E+00 +/- 0.00 %  % || D(l=0) ave= 0.000E+00 +/- 0.00 % D(l=1) ave= 0.000E+00 +/- 0.00 % D(l=2) ave= 0.000E+00 +/- 0.00 % D(l=3) ave= 0.000E+00 +/- 0.00 %  % || S(l=0) ave= 2.791E+01 +/- 22.21 % S(l=1) ave= 0.000E+00 +/- 0.00 % S(l=2) ave= 0.000E+00 +/- 0.00 % S(l=3) ave= 0.000E+00 +/- 0.00 % 
 ... random file  17 Cap(th)  ave= 2.429E-05 b. +/- 2.09 % || Ela(th) ave= 4.298E+00 b. +/- 2.93 % || RIcap ave= 1.59E-05 b. +/- 1.37 % || Macs30 ave= 2.05E-08 b. +/- 2.09 % || Gn^0(l=0) ave= 3.713E+01 +/- 21.65 % Gn^0(l=1) ave= 0.000E+00 +/- 0.00 % Gn^0(l=2) ave= 0.000E+00 +/- 0.00 % Gn^0(l=3) ave= 0.000E+00 +/- 0.00 % || Gtotal(l=0) ave= 1.963E+04 +/- 21.86 % Gtotal(l=1) ave= 0.000E+00 +/- 0.00 % Gtotal(l=2) ave= 0.000E+00 +/- 0.00 % Gtotal(l=3) ave= 0.000E+00 +/- 0.00 %  % || Gg(l=0) ave= 1.015E-04 +/- 3.46 % Gg(l=1) ave= 0.000E+00 +/- 0.00 % Gg(l=2) ave= 0.000E+00 +/- 0.00 % Gg(l=3) ave= 0.000E+00 +/- 0.00 %  % || D(l=0) ave= 0.000E+00 +/- 0.00 % D(l=1) ave= 0.000E+00 +/- 0.00 % D(l=2) ave= 0.000E+00 +/- 0.00 % D(l=3) ave= 0.000E+00 +/- 0.00 %  % || S(l=0) ave= 2.785E+01 +/- 21.65 % S(l=1) ave= 0.000E+00 +/- 0.00 % S(l=2) ave= 0.000E+00 +/- 0.00 % S(l=3) ave= 0.000E+00 +/- 0.00 % 
 ... random file  18 Cap(th)  ave= 2.424E-05 b. +/- 2.18 % || Ela(th) ave= 4.290E+00 b. +/- 2.98 % || RIcap ave= 1.58E-05 b. +/- 1.43 % || Macs30 ave= 2.05E-08 b. +/- 2.18 % || Gn^0(l=0) ave= 3.678E+01 +/- 21.65 % Gn^0(l=1) ave= 0.000E+00 +/- 0.00 % Gn^0(l=2) ave= 0.000E+00 +/- 0.00 % Gn^0(l=3) ave= 0.000E+00 +/- 0.00 % || Gtotal(l=0) ave= 1.943E+04 +/- 21.95 % Gtotal(l=1) ave= 0.000E+00 +/- 0.00 % Gtotal(l=2) ave= 0.000E+00 +/- 0.00 % Gtotal(l=3) ave= 0.000E+00 +/- 0.00 %  % || Gg(l=0) ave= 1.010E-04 +/- 3.95 % Gg(l=1) ave= 0.000E+00 +/- 0.00 % Gg(l=2) ave= 0.000E+00 +/- 0.00 % Gg(l=3) ave= 0.000E+00 +/- 0.00 %  % || D(l=0) ave= 0.000E+00 +/- 0.00 % D(l=1) ave= 0.000E+00 +/- 0.00 % D(l=2) ave= 0.000E+00 +/- 0.00 % D(l=3) ave= 0.000E+00 +/- 0.00 %  % || S(l=0) ave= 2.759E+01 +/- 21.65 % S(l=1) ave= 0.000E+00 +/- 0.00 % S(l=2) ave= 0.000E+00 +/- 0.00 % S(l=3) ave= 0.000E+00 +/- 0.00 % 
 ... random file  19 Cap(th)  ave= 2.416E-05 b. +/- 2.58 % || Ela(th) ave= 4.289E+00 b. +/- 2.90 % || RIcap ave= 1.58E-05 b. +/- 1.69 % || Macs30 ave= 2.04E-08 b. +/- 2.58 % || Gn^0(l=0) ave= 3.690E+01 +/- 21.08 % Gn^0(l=1) ave= 0.000E+00 +/- 0.00 % Gn^0(l=2) ave= 0.000E+00 +/- 0.00 % Gn^0(l=3) ave= 0.000E+00 +/- 0.00 % || Gtotal(l=0) ave= 1.949E+04 +/- 21.37 % Gtotal(l=1) ave= 0.000E+00 +/- 0.00 % Gtotal(l=2) ave= 0.000E+00 +/- 0.00 % Gtotal(l=3) ave= 0.000E+00 +/- 0.00 %  % || Gg(l=0) ave= 1.009E-04 +/- 3.90 % Gg(l=1) ave= 0.000E+00 +/- 0.00 % Gg(l=2) ave= 0.000E+00 +/- 0.00 % Gg(l=3) ave= 0.000E+00 +/- 0.00 %  % || D(l=0) ave= 0.000E+00 +/- 0.00 % D(l=1) ave= 0.000E+00 +/- 0.00 % D(l=2) ave= 0.000E+00 +/- 0.00 % D(l=3) ave= 0.000E+00 +/- 0.00 %  % || S(l=0) ave= 2.767E+01 +/- 21.08 % S(l=1) ave= 0.000E+00 +/- 0.00 % S(l=2) ave= 0.000E+00 +/- 0.00 % S(l=3) ave= 0.000E+00 +/- 0.00 % 
 ... random file  20 Cap(th)  ave= 2.414E-05 b. +/- 2.54 % || Ela(th) ave= 4.290E+00 b. +/- 2.83 % || RIcap ave= 1.58E-05 b. +/- 1.66 % || Macs30 ave= 2.04E-08 b. +/- 2.54 % || Gn^0(l=0) ave= 3.715E+01 +/- 20.66 % Gn^0(l=1) ave= 0.000E+00 +/- 0.00 % Gn^0(l=2) ave= 0.000E+00 +/- 0.00 % Gn^0(l=3) ave= 0.000E+00 +/- 0.00 % || Gtotal(l=0) ave= 1.962E+04 +/- 20.94 % Gtotal(l=1) ave= 0.000E+00 +/- 0.00 % Gtotal(l=2) ave= 0.000E+00 +/- 0.00 % Gtotal(l=3) ave= 0.000E+00 +/- 0.00 %  % || Gg(l=0) ave= 1.007E-04 +/- 3.85 % Gg(l=1) ave= 0.000E+00 +/- 0.00 % Gg(l=2) ave= 0.000E+00 +/- 0.00 % Gg(l=3) ave= 0.000E+00 +/- 0.00 %  % || D(l=0) ave= 0.000E+00 +/- 0.00 % D(l=1) ave= 0.000E+00 +/- 0.00 % D(l=2) ave= 0.000E+00 +/- 0.00 % D(l=3) ave= 0.000E+00 +/- 0.00 %  % || S(l=0) ave= 2.787E+01 +/- 20.66 % S(l=1) ave= 0.000E+00 +/- 0.00 % S(l=2) ave= 0.000E+00 +/- 0.00 % S(l=3) ave= 0.000E+00 +/- 0.00 % 
 ... random file  21 Cap(th)  ave= 2.416E-05 b. +/- 2.49 % || Ela(th) ave= 4.286E+00 b. +/- 2.80 % || RIcap ave= 1.58E-05 b. +/- 1.63 % || Macs30 ave= 2.04E-08 b. +/- 2.49 % || Gn^0(l=0) ave= 3.632E+01 +/- 23.18 % Gn^0(l=1) ave= 0.000E+00 +/- 0.00 % Gn^0(l=2) ave= 0.000E+00 +/- 0.00 % Gn^0(l=3) ave= 0.000E+00 +/- 0.00 % || Gtotal(l=0) ave= 1.918E+04 +/- 23.47 % Gtotal(l=1) ave= 0.000E+00 +/- 0.00 % Gtotal(l=2) ave= 0.000E+00 +/- 0.00 % Gtotal(l=3) ave= 0.000E+00 +/- 0.00 %  % || Gg(l=0) ave= 1.006E-04 +/- 3.81 % Gg(l=1) ave= 0.000E+00 +/- 0.00 % Gg(l=2) ave= 0.000E+00 +/- 0.00 % Gg(l=3) ave= 0.000E+00 +/- 0.00 %  % || D(l=0) ave= 0.000E+00 +/- 0.00 % D(l=1) ave= 0.000E+00 +/- 0.00 % D(l=2) ave= 0.000E+00 +/- 0.00 % D(l=3) ave= 0.000E+00 +/- 0.00 %  % || S(l=0) ave= 2.724E+01 +/- 23.18 % S(l=1) ave= 0.000E+00 +/- 0.00 % S(l=2) ave= 0.000E+00 +/- 0.00 % S(l=3) ave= 0.000E+00 +/- 0.00 % 
 ... random file  22 Cap(th)  ave= 2.421E-05 b. +/- 2.67 % || Ela(th) ave= 4.286E+00 b. +/- 2.74 % || RIcap ave= 1.58E-05 b. +/- 1.75 % || Macs30 ave= 2.04E-08 b. +/- 2.67 % || Gn^0(l=0) ave= 3.636E+01 +/- 22.65 % Gn^0(l=1) ave= 0.000E+00 +/- 0.00 % Gn^0(l=2) ave= 0.000E+00 +/- 0.00 % Gn^0(l=3) ave= 0.000E+00 +/- 0.00 % || Gtotal(l=0) ave= 1.919E+04 +/- 22.94 % Gtotal(l=1) ave= 0.000E+00 +/- 0.00 % Gtotal(l=2) ave= 0.000E+00 +/- 0.00 % Gtotal(l=3) ave= 0.000E+00 +/- 0.00 %  % || Gg(l=0) ave= 1.006E-04 +/- 3.73 % Gg(l=1) ave= 0.000E+00 +/- 0.00 % Gg(l=2) ave= 0.000E+00 +/- 0.00 % Gg(l=3) ave= 0.000E+00 +/- 0.00 %  % || D(l=0) ave= 0.000E+00 +/- 0.00 % D(l=1) ave= 0.000E+00 +/- 0.00 % D(l=2) ave= 0.000E+00 +/- 0.00 % D(l=3) ave= 0.000E+00 +/- 0.00 %  % || S(l=0) ave= 2.727E+01 +/- 22.65 % S(l=1) ave= 0.000E+00 +/- 0.00 % S(l=2) ave= 0.000E+00 +/- 0.00 % S(l=3) ave= 0.000E+00 +/- 0.00 % 
 ... random file  23 Cap(th)  ave= 2.419E-05 b. +/- 2.67 % || Ela(th) ave= 4.289E+00 b. +/- 2.70 % || RIcap ave= 1.58E-05 b. +/- 1.75 % || Macs30 ave= 2.04E-08 b. +/- 2.67 % || Gn^0(l=0) ave= 3.596E+01 +/- 23.04 % Gn^0(l=1) ave= 0.000E+00 +/- 0.00 % Gn^0(l=2) ave= 0.000E+00 +/- 0.00 % Gn^0(l=3) ave= 0.000E+00 +/- 0.00 % || Gtotal(l=0) ave= 1.899E+04 +/- 23.27 % Gtotal(l=1) ave= 0.000E+00 +/- 0.00 % Gtotal(l=2) ave= 0.000E+00 +/- 0.00 % Gtotal(l=3) ave= 0.000E+00 +/- 0.00 %  % || Gg(l=0) ave= 1.005E-04 +/- 3.69 % Gg(l=1) ave= 0.000E+00 +/- 0.00 % Gg(l=2) ave= 0.000E+00 +/- 0.00 % Gg(l=3) ave= 0.000E+00 +/- 0.00 %  % || D(l=0) ave= 0.000E+00 +/- 0.00 % D(l=1) ave= 0.000E+00 +/- 0.00 % D(l=2) ave= 0.000E+00 +/- 0.00 % D(l=3) ave= 0.000E+00 +/- 0.00 %  % || S(l=0) ave= 2.697E+01 +/- 23.04 % S(l=1) ave= 0.000E+00 +/- 0.00 % S(l=2) ave= 0.000E+00 +/- 0.00 % S(l=3) ave= 0.000E+00 +/- 0.00 % 
 ... random file  24 Cap(th)  ave= 2.423E-05 b. +/- 2.76 % || Ela(th) ave= 4.287E+00 b. +/- 2.65 % || RIcap ave= 1.58E-05 b. +/- 1.81 % || Macs30 ave= 2.04E-08 b. +/- 2.76 % || Gn^0(l=0) ave= 3.614E+01 +/- 22.59 % Gn^0(l=1) ave= 0.000E+00 +/- 0.00 % Gn^0(l=2) ave= 0.000E+00 +/- 0.00 % Gn^0(l=3) ave= 0.000E+00 +/- 0.00 % || Gtotal(l=0) ave= 1.908E+04 +/- 22.81 % Gtotal(l=1) ave= 0.000E+00 +/- 0.00 % Gtotal(l=2) ave= 0.000E+00 +/- 0.00 % Gtotal(l=3) ave= 0.000E+00 +/- 0.00 %  % || Gg(l=0) ave= 1.005E-04 +/- 3.62 % Gg(l=1) ave= 0.000E+00 +/- 0.00 % Gg(l=2) ave= 0.000E+00 +/- 0.00 % Gg(l=3) ave= 0.000E+00 +/- 0.00 %  % || D(l=0) ave= 0.000E+00 +/- 0.00 % D(l=1) ave= 0.000E+00 +/- 0.00 % D(l=2) ave= 0.000E+00 +/- 0.00 % D(l=3) ave= 0.000E+00 +/- 0.00 %  % || S(l=0) ave= 2.711E+01 +/- 22.59 % S(l=1) ave= 0.000E+00 +/- 0.00 % S(l=2) ave= 0.000E+00 +/- 0.00 % S(l=3) ave= 0.000E+00 +/- 0.00 % 
 ... random file  25 Cap(th)  ave= 2.418E-05 b. +/- 2.87 % || Ela(th) ave= 4.284E+00 b. +/- 2.64 % || RIcap ave= 1.58E-05 b. +/- 1.88 % || Macs30 ave= 2.04E-08 b. +/- 2.87 % || Gn^0(l=0) ave= 3.613E+01 +/- 22.16 % Gn^0(l=1) ave= 0.000E+00 +/- 0.00 % Gn^0(l=2) ave= 0.000E+00 +/- 0.00 % Gn^0(l=3) ave= 0.000E+00 +/- 0.00 % || Gtotal(l=0) ave= 1.907E+04 +/- 22.39 % Gtotal(l=1) ave= 0.000E+00 +/- 0.00 % Gtotal(l=2) ave= 0.000E+00 +/- 0.00 % Gtotal(l=3) ave= 0.000E+00 +/- 0.00 %  % || Gg(l=0) ave= 1.001E-04 +/- 4.08 % Gg(l=1) ave= 0.000E+00 +/- 0.00 % Gg(l=2) ave= 0.000E+00 +/- 0.00 % Gg(l=3) ave= 0.000E+00 +/- 0.00 %  % || D(l=0) ave= 0.000E+00 +/- 0.00 % D(l=1) ave= 0.000E+00 +/- 0.00 % D(l=2) ave= 0.000E+00 +/- 0.00 % D(l=3) ave= 0.000E+00 +/- 0.00 %  % || S(l=0) ave= 2.710E+01 +/- 22.16 % S(l=1) ave= 0.000E+00 +/- 0.00 % S(l=2) ave= 0.000E+00 +/- 0.00 % S(l=3) ave= 0.000E+00 +/- 0.00 % 
 ... random file  26 Cap(th)  ave= 2.422E-05 b. +/- 2.89 % || Ela(th) ave= 4.286E+00 b. +/- 2.59 % || RIcap ave= 1.58E-05 b. +/- 1.89 % || Macs30 ave= 2.04E-08 b. +/- 2.89 % || Gn^0(l=0) ave= 3.630E+01 +/- 21.77 % Gn^0(l=1) ave= 0.000E+00 +/- 0.00 % Gn^0(l=2) ave= 0.000E+00 +/- 0.00 % Gn^0(l=3) ave= 0.000E+00 +/- 0.00 % || Gtotal(l=0) ave= 1.916E+04 +/- 22.01 % Gtotal(l=1) ave= 0.000E+00 +/- 0.00 % Gtotal(l=2) ave= 0.000E+00 +/- 0.00 % Gtotal(l=3) ave= 0.000E+00 +/- 0.00 %  % || Gg(l=0) ave= 9.990E-05 +/- 4.18 % Gg(l=1) ave= 0.000E+00 +/- 0.00 % Gg(l=2) ave= 0.000E+00 +/- 0.00 % Gg(l=3) ave= 0.000E+00 +/- 0.00 %  % || D(l=0) ave= 0.000E+00 +/- 0.00 % D(l=1) ave= 0.000E+00 +/- 0.00 % D(l=2) ave= 0.000E+00 +/- 0.00 % D(l=3) ave= 0.000E+00 +/- 0.00 %  % || S(l=0) ave= 2.722E+01 +/- 21.77 % S(l=1) ave= 0.000E+00 +/- 0.00 % S(l=2) ave= 0.000E+00 +/- 0.00 % S(l=3) ave= 0.000E+00 +/- 0.00 % 
 ... random file  27 Cap(th)  ave= 2.421E-05 b. +/- 2.84 % || Ela(th) ave= 4.282E+00 b. +/- 2.60 % || RIcap ave= 1.58E-05 b. +/- 1.86 % || Macs30 ave= 2.04E-08 b. +/- 2.84 % || Gn^0(l=0) ave= 3.615E+01 +/- 21.58 % Gn^0(l=1) ave= 0.000E+00 +/- 0.00 % Gn^0(l=2) ave= 0.000E+00 +/- 0.00 % Gn^0(l=3) ave= 0.000E+00 +/- 0.00 % || Gtotal(l=0) ave= 1.908E+04 +/- 21.84 % Gtotal(l=1) ave= 0.000E+00 +/- 0.00 % Gtotal(l=2) ave= 0.000E+00 +/- 0.00 % Gtotal(l=3) ave= 0.000E+00 +/- 0.00 %  % || Gg(l=0) ave= 9.993E-05 +/- 4.11 % Gg(l=1) ave= 0.000E+00 +/- 0.00 % Gg(l=2) ave= 0.000E+00 +/- 0.00 % Gg(l=3) ave= 0.000E+00 +/- 0.00 %  % || D(l=0) ave= 0.000E+00 +/- 0.00 % D(l=1) ave= 0.000E+00 +/- 0.00 % D(l=2) ave= 0.000E+00 +/- 0.00 % D(l=3) ave= 0.000E+00 +/- 0.00 %  % || S(l=0) ave= 2.711E+01 +/- 21.58 % S(l=1) ave= 0.000E+00 +/- 0.00 % S(l=2) ave= 0.000E+00 +/- 0.00 % S(l=3) ave= 0.000E+00 +/- 0.00 % 
 ... random file  28 Cap(th)  ave= 2.421E-05 b. +/- 2.79 % || Ela(th) ave= 4.285E+00 b. +/- 2.58 % || RIcap ave= 1.58E-05 b. +/- 1.83 % || Macs30 ave= 2.04E-08 b. +/- 2.79 % || Gn^0(l=0) ave= 3.611E+01 +/- 21.23 % Gn^0(l=1) ave= 0.000E+00 +/- 0.00 % Gn^0(l=2) ave= 0.000E+00 +/- 0.00 % Gn^0(l=3) ave= 0.000E+00 +/- 0.00 % || Gtotal(l=0) ave= 1.906E+04 +/- 21.47 % Gtotal(l=1) ave= 0.000E+00 +/- 0.00 % Gtotal(l=2) ave= 0.000E+00 +/- 0.00 % Gtotal(l=3) ave= 0.000E+00 +/- 0.00 %  % || Gg(l=0) ave= 9.999E-05 +/- 4.05 % Gg(l=1) ave= 0.000E+00 +/- 0.00 % Gg(l=2) ave= 0.000E+00 +/- 0.00 % Gg(l=3) ave= 0.000E+00 +/- 0.00 %  % || D(l=0) ave= 0.000E+00 +/- 0.00 % D(l=1) ave= 0.000E+00 +/- 0.00 % D(l=2) ave= 0.000E+00 +/- 0.00 % D(l=3) ave= 0.000E+00 +/- 0.00 %  % || S(l=0) ave= 2.709E+01 +/- 21.23 % S(l=1) ave= 0.000E+00 +/- 0.00 % S(l=2) ave= 0.000E+00 +/- 0.00 % S(l=3) ave= 0.000E+00 +/- 0.00 % 
 ... random file  29 Cap(th)  ave= 2.417E-05 b. +/- 2.94 % || Ela(th) ave= 4.289E+00 b. +/- 2.59 % || RIcap ave= 1.58E-05 b. +/- 1.92 % || Macs30 ave= 2.04E-08 b. +/- 2.94 % || Gn^0(l=0) ave= 3.615E+01 +/- 20.86 % Gn^0(l=1) ave= 0.000E+00 +/- 0.00 % Gn^0(l=2) ave= 0.000E+00 +/- 0.00 % Gn^0(l=3) ave= 0.000E+00 +/- 0.00 % || Gtotal(l=0) ave= 1.909E+04 +/- 21.10 % Gtotal(l=1) ave= 0.000E+00 +/- 0.00 % Gtotal(l=2) ave= 0.000E+00 +/- 0.00 % Gtotal(l=3) ave= 0.000E+00 +/- 0.00 %  % || Gg(l=0) ave= 1.000E-04 +/- 3.98 % Gg(l=1) ave= 0.000E+00 +/- 0.00 % Gg(l=2) ave= 0.000E+00 +/- 0.00 % Gg(l=3) ave= 0.000E+00 +/- 0.00 %  % || D(l=0) ave= 0.000E+00 +/- 0.00 % D(l=1) ave= 0.000E+00 +/- 0.00 % D(l=2) ave= 0.000E+00 +/- 0.00 % D(l=3) ave= 0.000E+00 +/- 0.00 %  % || S(l=0) ave= 2.711E+01 +/- 20.86 % S(l=1) ave= 0.000E+00 +/- 0.00 % S(l=2) ave= 0.000E+00 +/- 0.00 % S(l=3) ave= 0.000E+00 +/- 0.00 % 
 ... random file  30 Cap(th)  ave= 2.420E-05 b. +/- 2.96 % || Ela(th) ave= 4.288E+00 b. +/- 2.56 % || RIcap ave= 1.58E-05 b. +/- 1.94 % || Macs30 ave= 2.04E-08 b. +/- 2.95 % || Gn^0(l=0) ave= 3.606E+01 +/- 20.61 % Gn^0(l=1) ave= 0.000E+00 +/- 0.00 % Gn^0(l=2) ave= 0.000E+00 +/- 0.00 % Gn^0(l=3) ave= 0.000E+00 +/- 0.00 % || Gtotal(l=0) ave= 1.904E+04 +/- 20.85 % Gtotal(l=1) ave= 0.000E+00 +/- 0.00 % Gtotal(l=2) ave= 0.000E+00 +/- 0.00 % Gtotal(l=3) ave= 0.000E+00 +/- 0.00 %  % || Gg(l=0) ave= 9.983E-05 +/- 4.06 % Gg(l=1) ave= 0.000E+00 +/- 0.00 % Gg(l=2) ave= 0.000E+00 +/- 0.00 % Gg(l=3) ave= 0.000E+00 +/- 0.00 %  % || D(l=0) ave= 0.000E+00 +/- 0.00 % D(l=1) ave= 0.000E+00 +/- 0.00 % D(l=2) ave= 0.000E+00 +/- 0.00 % D(l=3) ave= 0.000E+00 +/- 0.00 %  % || S(l=0) ave= 2.705E+01 +/- 20.61 % S(l=1) ave= 0.000E+00 +/- 0.00 % S(l=2) ave= 0.000E+00 +/- 0.00 % S(l=3) ave= 0.000E+00 +/- 0.00 % 
 ... random file  31 Cap(th)  ave= 2.417E-05 b. +/- 2.97 % || Ela(th) ave= 4.285E+00 b. +/- 2.54 % || RIcap ave= 1.58E-05 b. +/- 1.95 % || Macs30 ave= 2.04E-08 b. +/- 2.97 % || Gn^0(l=0) ave= 3.642E+01 +/- 20.80 % Gn^0(l=1) ave= 0.000E+00 +/- 0.00 % Gn^0(l=2) ave= 0.000E+00 +/- 0.00 % Gn^0(l=3) ave= 0.000E+00 +/- 0.00 % || Gtotal(l=0) ave= 1.922E+04 +/- 21.00 % Gtotal(l=1) ave= 0.000E+00 +/- 0.00 % Gtotal(l=2) ave= 0.000E+00 +/- 0.00 % Gtotal(l=3) ave= 0.000E+00 +/- 0.00 %  % || Gg(l=0) ave= 9.982E-05 +/- 4.00 % Gg(l=1) ave= 0.000E+00 +/- 0.00 % Gg(l=2) ave= 0.000E+00 +/- 0.00 % Gg(l=3) ave= 0.000E+00 +/- 0.00 %  % || D(l=0) ave= 0.000E+00 +/- 0.00 % D(l=1) ave= 0.000E+00 +/- 0.00 % D(l=2) ave= 0.000E+00 +/- 0.00 % D(l=3) ave= 0.000E+00 +/- 0.00 %  % || S(l=0) ave= 2.731E+01 +/- 20.80 % S(l=1) ave= 0.000E+00 +/- 0.00 % S(l=2) ave= 0.000E+00 +/- 0.00 % S(l=3) ave= 0.000E+00 +/- 0.00 % 
 ... random file  32 Cap(th)  ave= 2.415E-05 b. +/- 2.95 % || Ela(th) ave= 4.282E+00 b. +/- 2.55 % || RIcap ave= 1.58E-05 b. +/- 1.93 % || Macs30 ave= 2.04E-08 b. +/- 2.95 % || Gn^0(l=0) ave= 3.629E+01 +/- 20.65 % Gn^0(l=1) ave= 0.000E+00 +/- 0.00 % Gn^0(l=2) ave= 0.000E+00 +/- 0.00 % Gn^0(l=3) ave= 0.000E+00 +/- 0.00 % || Gtotal(l=0) ave= 1.915E+04 +/- 20.88 % Gtotal(l=1) ave= 0.000E+00 +/- 0.00 % Gtotal(l=2) ave= 0.000E+00 +/- 0.00 % Gtotal(l=3) ave= 0.000E+00 +/- 0.00 %  % || Gg(l=0) ave= 9.998E-05 +/- 4.04 % Gg(l=1) ave= 0.000E+00 +/- 0.00 % Gg(l=2) ave= 0.000E+00 +/- 0.00 % Gg(l=3) ave= 0.000E+00 +/- 0.00 %  % || D(l=0) ave= 0.000E+00 +/- 0.00 % D(l=1) ave= 0.000E+00 +/- 0.00 % D(l=2) ave= 0.000E+00 +/- 0.00 % D(l=3) ave= 0.000E+00 +/- 0.00 %  % || S(l=0) ave= 2.722E+01 +/- 20.65 % S(l=1) ave= 0.000E+00 +/- 0.00 % S(l=2) ave= 0.000E+00 +/- 0.00 % S(l=3) ave= 0.000E+00 +/- 0.00 % 
 ... random file  33 Cap(th)  ave= 2.414E-05 b. +/- 2.93 % || Ela(th) ave= 4.283E+00 b. +/- 2.52 % || RIcap ave= 1.58E-05 b. +/- 1.92 % || Macs30 ave= 2.04E-08 b. +/- 2.93 % || Gn^0(l=0) ave= 3.622E+01 +/- 20.42 % Gn^0(l=1) ave= 0.000E+00 +/- 0.00 % Gn^0(l=2) ave= 0.000E+00 +/- 0.00 % Gn^0(l=3) ave= 0.000E+00 +/- 0.00 % || Gtotal(l=0) ave= 1.911E+04 +/- 20.64 % Gtotal(l=1) ave= 0.000E+00 +/- 0.00 % Gtotal(l=2) ave= 0.000E+00 +/- 0.00 % Gtotal(l=3) ave= 0.000E+00 +/- 0.00 %  % || Gg(l=0) ave= 1.000E-04 +/- 3.98 % Gg(l=1) ave= 0.000E+00 +/- 0.00 % Gg(l=2) ave= 0.000E+00 +/- 0.00 % Gg(l=3) ave= 0.000E+00 +/- 0.00 %  % || D(l=0) ave= 0.000E+00 +/- 0.00 % D(l=1) ave= 0.000E+00 +/- 0.00 % D(l=2) ave= 0.000E+00 +/- 0.00 % D(l=3) ave= 0.000E+00 +/- 0.00 %  % || S(l=0) ave= 2.716E+01 +/- 20.42 % S(l=1) ave= 0.000E+00 +/- 0.00 % S(l=2) ave= 0.000E+00 +/- 0.00 % S(l=3) ave= 0.000E+00 +/- 0.00 % 
 ... random file  34 Cap(th)  ave= 2.413E-05 b. +/- 2.89 % || Ela(th) ave= 4.277E+00 b. +/- 2.61 % || RIcap ave= 1.58E-05 b. +/- 1.89 % || Macs30 ave= 2.04E-08 b. +/- 2.89 % || Gn^0(l=0) ave= 3.632E+01 +/- 20.14 % Gn^0(l=1) ave= 0.000E+00 +/- 0.00 % Gn^0(l=2) ave= 0.000E+00 +/- 0.00 % Gn^0(l=3) ave= 0.000E+00 +/- 0.00 % || Gtotal(l=0) ave= 1.915E+04 +/- 20.34 % Gtotal(l=1) ave= 0.000E+00 +/- 0.00 % Gtotal(l=2) ave= 0.000E+00 +/- 0.00 % Gtotal(l=3) ave= 0.000E+00 +/- 0.00 %  % || Gg(l=0) ave= 9.999E-05 +/- 3.92 % Gg(l=1) ave= 0.000E+00 +/- 0.00 % Gg(l=2) ave= 0.000E+00 +/- 0.00 % Gg(l=3) ave= 0.000E+00 +/- 0.00 %  % || D(l=0) ave= 0.000E+00 +/- 0.00 % D(l=1) ave= 0.000E+00 +/- 0.00 % D(l=2) ave= 0.000E+00 +/- 0.00 % D(l=3) ave= 0.000E+00 +/- 0.00 %  % || S(l=0) ave= 2.724E+01 +/- 20.14 % S(l=1) ave= 0.000E+00 +/- 0.00 % S(l=2) ave= 0.000E+00 +/- 0.00 % S(l=3) ave= 0.000E+00 +/- 0.00 % 
 ... random file  35 Cap(th)  ave= 2.412E-05 b. +/- 2.87 % || Ela(th) ave= 4.281E+00 b. +/- 2.62 % || RIcap ave= 1.58E-05 b. +/- 1.87 % || Macs30 ave= 2.04E-08 b. +/- 2.87 % || Gn^0(l=0) ave= 3.603E+01 +/- 20.57 % Gn^0(l=1) ave= 0.000E+00 +/- 0.00 % Gn^0(l=2) ave= 0.000E+00 +/- 0.00 % Gn^0(l=3) ave= 0.000E+00 +/- 0.00 % || Gtotal(l=0) ave= 1.900E+04 +/- 20.73 % Gtotal(l=1) ave= 0.000E+00 +/- 0.00 % Gtotal(l=2) ave= 0.000E+00 +/- 0.00 % Gtotal(l=3) ave= 0.000E+00 +/- 0.00 %  % || Gg(l=0) ave= 9.978E-05 +/- 4.07 % Gg(l=1) ave= 0.000E+00 +/- 0.00 % Gg(l=2) ave= 0.000E+00 +/- 0.00 % Gg(l=3) ave= 0.000E+00 +/- 0.00 %  % || D(l=0) ave= 0.000E+00 +/- 0.00 % D(l=1) ave= 0.000E+00 +/- 0.00 % D(l=2) ave= 0.000E+00 +/- 0.00 % D(l=3) ave= 0.000E+00 +/- 0.00 %  % || S(l=0) ave= 2.702E+01 +/- 20.57 % S(l=1) ave= 0.000E+00 +/- 0.00 % S(l=2) ave= 0.000E+00 +/- 0.00 % S(l=3) ave= 0.000E+00 +/- 0.00 % 
 ... random file  36 Cap(th)  ave= 2.413E-05 b. +/- 2.83 % || Ela(th) ave= 4.281E+00 b. +/- 2.59 % || RIcap ave= 1.58E-05 b. +/- 1.85 % || Macs30 ave= 2.04E-08 b. +/- 2.83 % || Gn^0(l=0) ave= 3.614E+01 +/- 20.31 % Gn^0(l=1) ave= 0.000E+00 +/- 0.00 % Gn^0(l=2) ave= 0.000E+00 +/- 0.00 % Gn^0(l=3) ave= 0.000E+00 +/- 0.00 % || Gtotal(l=0) ave= 1.906E+04 +/- 20.47 % Gtotal(l=1) ave= 0.000E+00 +/- 0.00 % Gtotal(l=2) ave= 0.000E+00 +/- 0.00 % Gtotal(l=3) ave= 0.000E+00 +/- 0.00 %  % || Gg(l=0) ave= 9.976E-05 +/- 4.01 % Gg(l=1) ave= 0.000E+00 +/- 0.00 % Gg(l=2) ave= 0.000E+00 +/- 0.00 % Gg(l=3) ave= 0.000E+00 +/- 0.00 %  % || D(l=0) ave= 0.000E+00 +/- 0.00 % D(l=1) ave= 0.000E+00 +/- 0.00 % D(l=2) ave= 0.000E+00 +/- 0.00 % D(l=3) ave= 0.000E+00 +/- 0.00 %  % || S(l=0) ave= 2.710E+01 +/- 20.31 % S(l=1) ave= 0.000E+00 +/- 0.00 % S(l=2) ave= 0.000E+00 +/- 0.00 % S(l=3) ave= 0.000E+00 +/- 0.00 % 
 ... random file  37 Cap(th)  ave= 2.414E-05 b. +/- 2.80 % || Ela(th) ave= 4.275E+00 b. +/- 2.72 % || RIcap ave= 1.58E-05 b. +/- 1.83 % || Macs30 ave= 2.04E-08 b. +/- 2.80 % || Gn^0(l=0) ave= 3.596E+01 +/- 20.36 % Gn^0(l=1) ave= 0.000E+00 +/- 0.00 % Gn^0(l=2) ave= 0.000E+00 +/- 0.00 % Gn^0(l=3) ave= 0.000E+00 +/- 0.00 % || Gtotal(l=0) ave= 1.896E+04 +/- 20.58 % Gtotal(l=1) ave= 0.000E+00 +/- 0.00 % Gtotal(l=2) ave= 0.000E+00 +/- 0.00 % Gtotal(l=3) ave= 0.000E+00 +/- 0.00 %  % || Gg(l=0) ave= 9.976E-05 +/- 3.96 % Gg(l=1) ave= 0.000E+00 +/- 0.00 % Gg(l=2) ave= 0.000E+00 +/- 0.00 % Gg(l=3) ave= 0.000E+00 +/- 0.00 %  % || D(l=0) ave= 0.000E+00 +/- 0.00 % D(l=1) ave= 0.000E+00 +/- 0.00 % D(l=2) ave= 0.000E+00 +/- 0.00 % D(l=3) ave= 0.000E+00 +/- 0.00 %  % || S(l=0) ave= 2.697E+01 +/- 20.36 % S(l=1) ave= 0.000E+00 +/- 0.00 % S(l=2) ave= 0.000E+00 +/- 0.00 % S(l=3) ave= 0.000E+00 +/- 0.00 % 
 ... random file  38 Cap(th)  ave= 2.415E-05 b. +/- 2.79 % || Ela(th) ave= 4.270E+00 b. +/- 2.78 % || RIcap ave= 1.58E-05 b. +/- 1.82 % || Macs30 ave= 2.04E-08 b. +/- 2.79 % || Gn^0(l=0) ave= 3.597E+01 +/- 20.10 % Gn^0(l=1) ave= 0.000E+00 +/- 0.00 % Gn^0(l=2) ave= 0.000E+00 +/- 0.00 % Gn^0(l=3) ave= 0.000E+00 +/- 0.00 % || Gtotal(l=0) ave= 1.895E+04 +/- 20.33 % Gtotal(l=1) ave= 0.000E+00 +/- 0.00 % Gtotal(l=2) ave= 0.000E+00 +/- 0.00 % Gtotal(l=3) ave= 0.000E+00 +/- 0.00 %  % || Gg(l=0) ave= 9.989E-05 +/- 3.99 % Gg(l=1) ave= 0.000E+00 +/- 0.00 % Gg(l=2) ave= 0.000E+00 +/- 0.00 % Gg(l=3) ave= 0.000E+00 +/- 0.00 %  % || D(l=0) ave= 0.000E+00 +/- 0.00 % D(l=1) ave= 0.000E+00 +/- 0.00 % D(l=2) ave= 0.000E+00 +/- 0.00 % D(l=3) ave= 0.000E+00 +/- 0.00 %  % || S(l=0) ave= 2.697E+01 +/- 20.10 % S(l=1) ave= 0.000E+00 +/- 0.00 % S(l=2) ave= 0.000E+00 +/- 0.00 % S(l=3) ave= 0.000E+00 +/- 0.00 % 
 ... random file  39 Cap(th)  ave= 2.412E-05 b. +/- 2.92 % || Ela(th) ave= 4.273E+00 b. +/- 2.76 % || RIcap ave= 1.58E-05 b. +/- 1.91 % || Macs30 ave= 2.03E-08 b. +/- 2.92 % || Gn^0(l=0) ave= 3.599E+01 +/- 19.84 % Gn^0(l=1) ave= 0.000E+00 +/- 0.00 % Gn^0(l=2) ave= 0.000E+00 +/- 0.00 % Gn^0(l=3) ave= 0.000E+00 +/- 0.00 % || Gtotal(l=0) ave= 1.896E+04 +/- 20.06 % Gtotal(l=1) ave= 0.000E+00 +/- 0.00 % Gtotal(l=2) ave= 0.000E+00 +/- 0.00 % Gtotal(l=3) ave= 0.000E+00 +/- 0.00 %  % || Gg(l=0) ave= 1.001E-04 +/- 4.16 % Gg(l=1) ave= 0.000E+00 +/- 0.00 % Gg(l=2) ave= 0.000E+00 +/- 0.00 % Gg(l=3) ave= 0.000E+00 +/- 0.00 %  % || D(l=0) ave= 0.000E+00 +/- 0.00 % D(l=1) ave= 0.000E+00 +/- 0.00 % D(l=2) ave= 0.000E+00 +/- 0.00 % D(l=3) ave= 0.000E+00 +/- 0.00 %  % || S(l=0) ave= 2.699E+01 +/- 19.84 % S(l=1) ave= 0.000E+00 +/- 0.00 % S(l=2) ave= 0.000E+00 +/- 0.00 % S(l=3) ave= 0.000E+00 +/- 0.00 % 
 ... random file  40 Cap(th)  ave= 2.410E-05 b. +/- 2.92 % || Ela(th) ave= 4.274E+00 b. +/- 2.74 % || RIcap ave= 1.58E-05 b. +/- 1.91 % || Macs30 ave= 2.03E-08 b. +/- 2.92 % || Gn^0(l=0) ave= 3.640E+01 +/- 20.64 % Gn^0(l=1) ave= 0.000E+00 +/- 0.00 % Gn^0(l=2) ave= 0.000E+00 +/- 0.00 % Gn^0(l=3) ave= 0.000E+00 +/- 0.00 % || Gtotal(l=0) ave= 1.919E+04 +/- 20.90 % Gtotal(l=1) ave= 0.000E+00 +/- 0.00 % Gtotal(l=2) ave= 0.000E+00 +/- 0.00 % Gtotal(l=3) ave= 0.000E+00 +/- 0.00 %  % || Gg(l=0) ave= 1.002E-04 +/- 4.16 % Gg(l=1) ave= 0.000E+00 +/- 0.00 % Gg(l=2) ave= 0.000E+00 +/- 0.00 % Gg(l=3) ave= 0.000E+00 +/- 0.00 %  % || D(l=0) ave= 0.000E+00 +/- 0.00 % D(l=1) ave= 0.000E+00 +/- 0.00 % D(l=2) ave= 0.000E+00 +/- 0.00 % D(l=3) ave= 0.000E+00 +/- 0.00 %  % || S(l=0) ave= 2.730E+01 +/- 20.64 % S(l=1) ave= 0.000E+00 +/- 0.00 % S(l=2) ave= 0.000E+00 +/- 0.00 % S(l=3) ave= 0.000E+00 +/- 0.00 % 
 ... random file  41 Cap(th)  ave= 2.408E-05 b. +/- 2.92 % || Ela(th) ave= 4.278E+00 b. +/- 2.76 % || RIcap ave= 1.58E-05 b. +/- 1.91 % || Macs30 ave= 2.03E-08 b. +/- 2.92 % || Gn^0(l=0) ave= 3.652E+01 +/- 20.44 % Gn^0(l=1) ave= 0.000E+00 +/- 0.00 % Gn^0(l=2) ave= 0.000E+00 +/- 0.00 % Gn^0(l=3) ave= 0.000E+00 +/- 0.00 % || Gtotal(l=0) ave= 1.926E+04 +/- 20.72 % Gtotal(l=1) ave= 0.000E+00 +/- 0.00 % Gtotal(l=2) ave= 0.000E+00 +/- 0.00 % Gtotal(l=3) ave= 0.000E+00 +/- 0.00 %  % || Gg(l=0) ave= 1.002E-04 +/- 4.11 % Gg(l=1) ave= 0.000E+00 +/- 0.00 % Gg(l=2) ave= 0.000E+00 +/- 0.00 % Gg(l=3) ave= 0.000E+00 +/- 0.00 %  % || D(l=0) ave= 0.000E+00 +/- 0.00 % D(l=1) ave= 0.000E+00 +/- 0.00 % D(l=2) ave= 0.000E+00 +/- 0.00 % D(l=3) ave= 0.000E+00 +/- 0.00 %  % || S(l=0) ave= 2.739E+01 +/- 20.44 % S(l=1) ave= 0.000E+00 +/- 0.00 % S(l=2) ave= 0.000E+00 +/- 0.00 % S(l=3) ave= 0.000E+00 +/- 0.00 % 
 ... random file  42 Cap(th)  ave= 2.410E-05 b. +/- 2.94 % || Ela(th) ave= 4.282E+00 b. +/- 2.80 % || RIcap ave= 1.58E-05 b. +/- 1.92 % || Macs30 ave= 2.03E-08 b. +/- 2.94 % || Gn^0(l=0) ave= 3.637E+01 +/- 20.48 % Gn^0(l=1) ave= 0.000E+00 +/- 0.00 % Gn^0(l=2) ave= 0.000E+00 +/- 0.00 % Gn^0(l=3) ave= 0.000E+00 +/- 0.00 % || Gtotal(l=0) ave= 1.919E+04 +/- 20.72 % Gtotal(l=1) ave= 0.000E+00 +/- 0.00 % Gtotal(l=2) ave= 0.000E+00 +/- 0.00 % Gtotal(l=3) ave= 0.000E+00 +/- 0.00 %  % || Gg(l=0) ave= 1.002E-04 +/- 4.06 % Gg(l=1) ave= 0.000E+00 +/- 0.00 % Gg(l=2) ave= 0.000E+00 +/- 0.00 % Gg(l=3) ave= 0.000E+00 +/- 0.00 %  % || D(l=0) ave= 0.000E+00 +/- 0.00 % D(l=1) ave= 0.000E+00 +/- 0.00 % D(l=2) ave= 0.000E+00 +/- 0.00 % D(l=3) ave= 0.000E+00 +/- 0.00 %  % || S(l=0) ave= 2.728E+01 +/- 20.48 % S(l=1) ave= 0.000E+00 +/- 0.00 % S(l=2) ave= 0.000E+00 +/- 0.00 % S(l=3) ave= 0.000E+00 +/- 0.00 % 
 ... random file  43 Cap(th)  ave= 2.414E-05 b. +/- 3.11 % || Ela(th) ave= 4.277E+00 b. +/- 2.90 % || RIcap ave= 1.58E-05 b. +/- 2.03 % || Macs30 ave= 2.04E-08 b. +/- 3.11 % || Gn^0(l=0) ave= 3.651E+01 +/- 20.32 % Gn^0(l=1) ave= 0.000E+00 +/- 0.00 % Gn^0(l=2) ave= 0.000E+00 +/- 0.00 % Gn^0(l=3) ave= 0.000E+00 +/- 0.00 % || Gtotal(l=0) ave= 1.925E+04 +/- 20.51 % Gtotal(l=1) ave= 0.000E+00 +/- 0.00 % Gtotal(l=2) ave= 0.000E+00 +/- 0.00 % Gtotal(l=3) ave= 0.000E+00 +/- 0.00 %  % || Gg(l=0) ave= 1.004E-04 +/- 4.12 % Gg(l=1) ave= 0.000E+00 +/- 0.00 % Gg(l=2) ave= 0.000E+00 +/- 0.00 % Gg(l=3) ave= 0.000E+00 +/- 0.00 %  % || D(l=0) ave= 0.000E+00 +/- 0.00 % D(l=1) ave= 0.000E+00 +/- 0.00 % D(l=2) ave= 0.000E+00 +/- 0.00 % D(l=3) ave= 0.000E+00 +/- 0.00 %  % || S(l=0) ave= 2.738E+01 +/- 20.32 % S(l=1) ave= 0.000E+00 +/- 0.00 % S(l=2) ave= 0.000E+00 +/- 0.00 % S(l=3) ave= 0.000E+00 +/- 0.00 % 
 ... random file  44 Cap(th)  ave= 2.416E-05 b. +/- 3.10 % || Ela(th) ave= 4.279E+00 b. +/- 2.88 % || RIcap ave= 1.58E-05 b. +/- 2.03 % || Macs30 ave= 2.04E-08 b. +/- 3.10 % || Gn^0(l=0) ave= 3.629E+01 +/- 20.58 % Gn^0(l=1) ave= 0.000E+00 +/- 0.00 % Gn^0(l=2) ave= 0.000E+00 +/- 0.00 % Gn^0(l=3) ave= 0.000E+00 +/- 0.00 % || Gtotal(l=0) ave= 1.914E+04 +/- 20.75 % Gtotal(l=1) ave= 0.000E+00 +/- 0.00 % Gtotal(l=2) ave= 0.000E+00 +/- 0.00 % Gtotal(l=3) ave= 0.000E+00 +/- 0.00 %  % || Gg(l=0) ave= 1.005E-04 +/- 4.12 % Gg(l=1) ave= 0.000E+00 +/- 0.00 % Gg(l=2) ave= 0.000E+00 +/- 0.00 % Gg(l=3) ave= 0.000E+00 +/- 0.00 %  % || D(l=0) ave= 0.000E+00 +/- 0.00 % D(l=1) ave= 0.000E+00 +/- 0.00 % D(l=2) ave= 0.000E+00 +/- 0.00 % D(l=3) ave= 0.000E+00 +/- 0.00 %  % || S(l=0) ave= 2.722E+01 +/- 20.58 % S(l=1) ave= 0.000E+00 +/- 0.00 % S(l=2) ave= 0.000E+00 +/- 0.00 % S(l=3) ave= 0.000E+00 +/- 0.00 % 
 ... random file  45 Cap(th)  ave= 2.416E-05 b. +/- 3.07 % || Ela(th) ave= 4.280E+00 b. +/- 2.85 % || RIcap ave= 1.58E-05 b. +/- 2.01 % || Macs30 ave= 2.04E-08 b. +/- 3.07 % || Gn^0(l=0) ave= 3.640E+01 +/- 20.40 % Gn^0(l=1) ave= 0.000E+00 +/- 0.00 % Gn^0(l=2) ave= 0.000E+00 +/- 0.00 % Gn^0(l=3) ave= 0.000E+00 +/- 0.00 % || Gtotal(l=0) ave= 1.920E+04 +/- 20.56 % Gtotal(l=1) ave= 0.000E+00 +/- 0.00 % Gtotal(l=2) ave= 0.000E+00 +/- 0.00 % Gtotal(l=3) ave= 0.000E+00 +/- 0.00 %  % || Gg(l=0) ave= 1.004E-04 +/- 4.11 % Gg(l=1) ave= 0.000E+00 +/- 0.00 % Gg(l=2) ave= 0.000E+00 +/- 0.00 % Gg(l=3) ave= 0.000E+00 +/- 0.00 %  % || D(l=0) ave= 0.000E+00 +/- 0.00 % D(l=1) ave= 0.000E+00 +/- 0.00 % D(l=2) ave= 0.000E+00 +/- 0.00 % D(l=3) ave= 0.000E+00 +/- 0.00 %  % || S(l=0) ave= 2.730E+01 +/- 20.40 % S(l=1) ave= 0.000E+00 +/- 0.00 % S(l=2) ave= 0.000E+00 +/- 0.00 % S(l=3) ave= 0.000E+00 +/- 0.00 % 
 ... random file  46 Cap(th)  ave= 2.416E-05 b. +/- 3.04 % || Ela(th) ave= 4.278E+00 b. +/- 2.83 % || RIcap ave= 1.58E-05 b. +/- 1.99 % || Macs30 ave= 2.04E-08 b. +/- 3.04 % || Gn^0(l=0) ave= 3.646E+01 +/- 20.18 % Gn^0(l=1) ave= 0.000E+00 +/- 0.00 % Gn^0(l=2) ave= 0.000E+00 +/- 0.00 % Gn^0(l=3) ave= 0.000E+00 +/- 0.00 % || Gtotal(l=0) ave= 1.922E+04 +/- 20.33 % Gtotal(l=1) ave= 0.000E+00 +/- 0.00 % Gtotal(l=2) ave= 0.000E+00 +/- 0.00 % Gtotal(l=3) ave= 0.000E+00 +/- 0.00 %  % || Gg(l=0) ave= 1.004E-04 +/- 4.07 % Gg(l=1) ave= 0.000E+00 +/- 0.00 % Gg(l=2) ave= 0.000E+00 +/- 0.00 % Gg(l=3) ave= 0.000E+00 +/- 0.00 %  % || D(l=0) ave= 0.000E+00 +/- 0.00 % D(l=1) ave= 0.000E+00 +/- 0.00 % D(l=2) ave= 0.000E+00 +/- 0.00 % D(l=3) ave= 0.000E+00 +/- 0.00 %  % || S(l=0) ave= 2.735E+01 +/- 20.18 % S(l=1) ave= 0.000E+00 +/- 0.00 % S(l=2) ave= 0.000E+00 +/- 0.00 % S(l=3) ave= 0.000E+00 +/- 0.00 % 
 ... random file  47 Cap(th)  ave= 2.414E-05 b. +/- 3.05 % || Ela(th) ave= 4.277E+00 b. +/- 2.80 % || RIcap ave= 1.58E-05 b. +/- 2.00 % || Macs30 ave= 2.04E-08 b. +/- 3.05 % || Gn^0(l=0) ave= 3.664E+01 +/- 20.15 % Gn^0(l=1) ave= 0.000E+00 +/- 0.00 % Gn^0(l=2) ave= 0.000E+00 +/- 0.00 % Gn^0(l=3) ave= 0.000E+00 +/- 0.00 % || Gtotal(l=0) ave= 1.931E+04 +/- 20.29 % Gtotal(l=1) ave= 0.000E+00 +/- 0.00 % Gtotal(l=2) ave= 0.000E+00 +/- 0.00 % Gtotal(l=3) ave= 0.000E+00 +/- 0.00 %  % || Gg(l=0) ave= 1.002E-04 +/- 4.13 % Gg(l=1) ave= 0.000E+00 +/- 0.00 % Gg(l=2) ave= 0.000E+00 +/- 0.00 % Gg(l=3) ave= 0.000E+00 +/- 0.00 %  % || D(l=0) ave= 0.000E+00 +/- 0.00 % D(l=1) ave= 0.000E+00 +/- 0.00 % D(l=2) ave= 0.000E+00 +/- 0.00 % D(l=3) ave= 0.000E+00 +/- 0.00 %  % || S(l=0) ave= 2.748E+01 +/- 20.15 % S(l=1) ave= 0.000E+00 +/- 0.00 % S(l=2) ave= 0.000E+00 +/- 0.00 % S(l=3) ave= 0.000E+00 +/- 0.00 % 
 ... random file  48 Cap(th)  ave= 2.414E-05 b. +/- 3.03 % || Ela(th) ave= 4.274E+00 b. +/- 2.82 % || RIcap ave= 1.58E-05 b. +/- 1.98 % || Macs30 ave= 2.04E-08 b. +/- 3.03 % || Gn^0(l=0) ave= 3.670E+01 +/- 19.94 % Gn^0(l=1) ave= 0.000E+00 +/- 0.00 % Gn^0(l=2) ave= 0.000E+00 +/- 0.00 % Gn^0(l=3) ave= 0.000E+00 +/- 0.00 % || Gtotal(l=0) ave= 1.934E+04 +/- 20.07 % Gtotal(l=1) ave= 0.000E+00 +/- 0.00 % Gtotal(l=2) ave= 0.000E+00 +/- 0.00 % Gtotal(l=3) ave= 0.000E+00 +/- 0.00 %  % || Gg(l=0) ave= 1.002E-04 +/- 4.09 % Gg(l=1) ave= 0.000E+00 +/- 0.00 % Gg(l=2) ave= 0.000E+00 +/- 0.00 % Gg(l=3) ave= 0.000E+00 +/- 0.00 %  % || D(l=0) ave= 0.000E+00 +/- 0.00 % D(l=1) ave= 0.000E+00 +/- 0.00 % D(l=2) ave= 0.000E+00 +/- 0.00 % D(l=3) ave= 0.000E+00 +/- 0.00 %  % || S(l=0) ave= 2.753E+01 +/- 19.94 % S(l=1) ave= 0.000E+00 +/- 0.00 % S(l=2) ave= 0.000E+00 +/- 0.00 % S(l=3) ave= 0.000E+00 +/- 0.00 % 
 ... random file  49 Cap(th)  ave= 2.411E-05 b. +/- 3.11 % || Ela(th) ave= 4.275E+00 b. +/- 2.80 % || RIcap ave= 1.58E-05 b. +/- 2.04 % || Macs30 ave= 2.03E-08 b. +/- 3.11 % || Gn^0(l=0) ave= 3.687E+01 +/- 19.91 % Gn^0(l=1) ave= 0.000E+00 +/- 0.00 % Gn^0(l=2) ave= 0.000E+00 +/- 0.00 % Gn^0(l=3) ave= 0.000E+00 +/- 0.00 % || Gtotal(l=0) ave= 1.943E+04 +/- 20.05 % Gtotal(l=1) ave= 0.000E+00 +/- 0.00 % Gtotal(l=2) ave= 0.000E+00 +/- 0.00 % Gtotal(l=3) ave= 0.000E+00 +/- 0.00 %  % || Gg(l=0) ave= 1.002E-04 +/- 4.05 % Gg(l=1) ave= 0.000E+00 +/- 0.00 % Gg(l=2) ave= 0.000E+00 +/- 0.00 % Gg(l=3) ave= 0.000E+00 +/- 0.00 %  % || D(l=0) ave= 0.000E+00 +/- 0.00 % D(l=1) ave= 0.000E+00 +/- 0.00 % D(l=2) ave= 0.000E+00 +/- 0.00 % D(l=3) ave= 0.000E+00 +/- 0.00 %  % || S(l=0) ave= 2.765E+01 +/- 19.91 % S(l=1) ave= 0.000E+00 +/- 0.00 % S(l=2) ave= 0.000E+00 +/- 0.00 % S(l=3) ave= 0.000E+00 +/- 0.00 % 
 ... random file  50 Cap(th)  ave= 2.411E-05 b. +/- 3.08 % || Ela(th) ave= 4.274E+00 b. +/- 2.77 % || RIcap ave= 1.58E-05 b. +/- 2.02 % || Macs30 ave= 2.03E-08 b. +/- 3.08 % || Gn^0(l=0) ave= 3.729E+01 +/- 21.06 % Gn^0(l=1) ave= 0.000E+00 +/- 0.00 % Gn^0(l=2) ave= 0.000E+00 +/- 0.00 % Gn^0(l=3) ave= 0.000E+00 +/- 0.00 % || Gtotal(l=0) ave= 1.965E+04 +/- 21.11 % Gtotal(l=1) ave= 0.000E+00 +/- 0.00 % Gtotal(l=2) ave= 0.000E+00 +/- 0.00 % Gtotal(l=3) ave= 0.000E+00 +/- 0.00 %  % || Gg(l=0) ave= 1.002E-04 +/- 4.02 % Gg(l=1) ave= 0.000E+00 +/- 0.00 % Gg(l=2) ave= 0.000E+00 +/- 0.00 % Gg(l=3) ave= 0.000E+00 +/- 0.00 %  % || D(l=0) ave= 0.000E+00 +/- 0.00 % D(l=1) ave= 0.000E+00 +/- 0.00 % D(l=2) ave= 0.000E+00 +/- 0.00 % D(l=3) ave= 0.000E+00 +/- 0.00 %  % || S(l=0) ave= 2.797E+01 +/- 21.06 % S(l=1) ave= 0.000E+00 +/- 0.00 % S(l=2) ave= 0.000E+00 +/- 0.00 % S(l=3) ave= 0.000E+00 +/- 0.00 % 
 ... random file  51 Cap(th)  ave= 2.410E-05 b. +/- 3.05 % || Ela(th) ave= 4.271E+00 b. +/- 2.78 % || RIcap ave= 1.58E-05 b. +/- 2.00 % || Macs30 ave= 2.03E-08 b. +/- 3.05 % || Gn^0(l=0) ave= 3.707E+01 +/- 21.43 % Gn^0(l=1) ave= 0.000E+00 +/- 0.00 % Gn^0(l=2) ave= 0.000E+00 +/- 0.00 % Gn^0(l=3) ave= 0.000E+00 +/- 0.00 % || Gtotal(l=0) ave= 1.952E+04 +/- 21.52 % Gtotal(l=1) ave= 0.000E+00 +/- 0.00 % Gtotal(l=2) ave= 0.000E+00 +/- 0.00 % Gtotal(l=3) ave= 0.000E+00 +/- 0.00 %  % || Gg(l=0) ave= 1.003E-04 +/- 4.02 % Gg(l=1) ave= 0.000E+00 +/- 0.00 % Gg(l=2) ave= 0.000E+00 +/- 0.00 % Gg(l=3) ave= 0.000E+00 +/- 0.00 %  % || D(l=0) ave= 0.000E+00 +/- 0.00 % D(l=1) ave= 0.000E+00 +/- 0.00 % D(l=2) ave= 0.000E+00 +/- 0.00 % D(l=3) ave= 0.000E+00 +/- 0.00 %  % || S(l=0) ave= 2.780E+01 +/- 21.43 % S(l=1) ave= 0.000E+00 +/- 0.00 % S(l=2) ave= 0.000E+00 +/- 0.00 % S(l=3) ave= 0.000E+00 +/- 0.00 % 
 ... random file  52 Cap(th)  ave= 2.411E-05 b. +/- 3.03 % || Ela(th) ave= 4.272E+00 b. +/- 2.75 % || RIcap ave= 1.58E-05 b. +/- 1.98 % || Macs30 ave= 2.03E-08 b. +/- 3.03 % || Gn^0(l=0) ave= 3.692E+01 +/- 21.51 % Gn^0(l=1) ave= 0.000E+00 +/- 0.00 % Gn^0(l=2) ave= 0.000E+00 +/- 0.00 % Gn^0(l=3) ave= 0.000E+00 +/- 0.00 % || Gtotal(l=0) ave= 1.945E+04 +/- 21.60 % Gtotal(l=1) ave= 0.000E+00 +/- 0.00 % Gtotal(l=2) ave= 0.000E+00 +/- 0.00 % Gtotal(l=3) ave= 0.000E+00 +/- 0.00 %  % || Gg(l=0) ave= 1.003E-04 +/- 3.98 % Gg(l=1) ave= 0.000E+00 +/- 0.00 % Gg(l=2) ave= 0.000E+00 +/- 0.00 % Gg(l=3) ave= 0.000E+00 +/- 0.00 %  % || D(l=0) ave= 0.000E+00 +/- 0.00 % D(l=1) ave= 0.000E+00 +/- 0.00 % D(l=2) ave= 0.000E+00 +/- 0.00 % D(l=3) ave= 0.000E+00 +/- 0.00 %  % || S(l=0) ave= 2.769E+01 +/- 21.51 % S(l=1) ave= 0.000E+00 +/- 0.00 % S(l=2) ave= 0.000E+00 +/- 0.00 % S(l=3) ave= 0.000E+00 +/- 0.00 % 
 ... random file  53 Cap(th)  ave= 2.410E-05 b. +/- 3.03 % || Ela(th) ave= 4.269E+00 b. +/- 2.76 % || RIcap ave= 1.58E-05 b. +/- 1.98 % || Macs30 ave= 2.03E-08 b. +/- 3.03 % || Gn^0(l=0) ave= 3.721E+01 +/- 21.93 % Gn^0(l=1) ave= 0.000E+00 +/- 0.00 % Gn^0(l=2) ave= 0.000E+00 +/- 0.00 % Gn^0(l=3) ave= 0.000E+00 +/- 0.00 % || Gtotal(l=0) ave= 1.959E+04 +/- 21.94 % Gtotal(l=1) ave= 0.000E+00 +/- 0.00 % Gtotal(l=2) ave= 0.000E+00 +/- 0.00 % Gtotal(l=3) ave= 0.000E+00 +/- 0.00 %  % || Gg(l=0) ave= 1.002E-04 +/- 4.00 % Gg(l=1) ave= 0.000E+00 +/- 0.00 % Gg(l=2) ave= 0.000E+00 +/- 0.00 % Gg(l=3) ave= 0.000E+00 +/- 0.00 %  % || D(l=0) ave= 0.000E+00 +/- 0.00 % D(l=1) ave= 0.000E+00 +/- 0.00 % D(l=2) ave= 0.000E+00 +/- 0.00 % D(l=3) ave= 0.000E+00 +/- 0.00 %  % || S(l=0) ave= 2.791E+01 +/- 21.93 % S(l=1) ave= 0.000E+00 +/- 0.00 % S(l=2) ave= 0.000E+00 +/- 0.00 % S(l=3) ave= 0.000E+00 +/- 0.00 % 
 ... random file  54 Cap(th)  ave= 2.410E-05 b. +/- 3.00 % || Ela(th) ave= 4.272E+00 b. +/- 2.78 % || RIcap ave= 1.58E-05 b. +/- 1.96 % || Macs30 ave= 2.03E-08 b. +/- 3.00 % || Gn^0(l=0) ave= 3.725E+01 +/- 21.72 % Gn^0(l=1) ave= 0.000E+00 +/- 0.00 % Gn^0(l=2) ave= 0.000E+00 +/- 0.00 % Gn^0(l=3) ave= 0.000E+00 +/- 0.00 % || Gtotal(l=0) ave= 1.962E+04 +/- 21.73 % Gtotal(l=1) ave= 0.000E+00 +/- 0.00 % Gtotal(l=2) ave= 0.000E+00 +/- 0.00 % Gtotal(l=3) ave= 0.000E+00 +/- 0.00 %  % || Gg(l=0) ave= 1.002E-04 +/- 3.97 % Gg(l=1) ave= 0.000E+00 +/- 0.00 % Gg(l=2) ave= 0.000E+00 +/- 0.00 % Gg(l=3) ave= 0.000E+00 +/- 0.00 %  % || D(l=0) ave= 0.000E+00 +/- 0.00 % D(l=1) ave= 0.000E+00 +/- 0.00 % D(l=2) ave= 0.000E+00 +/- 0.00 % D(l=3) ave= 0.000E+00 +/- 0.00 %  % || S(l=0) ave= 2.793E+01 +/- 21.72 % S(l=1) ave= 0.000E+00 +/- 0.00 % S(l=2) ave= 0.000E+00 +/- 0.00 % S(l=3) ave= 0.000E+00 +/- 0.00 % 
 ... random file  55 Cap(th)  ave= 2.411E-05 b. +/- 2.99 % || Ela(th) ave= 4.275E+00 b. +/- 2.81 % || RIcap ave= 1.58E-05 b. +/- 1.96 % || Macs30 ave= 2.03E-08 b. +/- 2.99 % || Gn^0(l=0) ave= 3.742E+01 +/- 21.71 % Gn^0(l=1) ave= 0.000E+00 +/- 0.00 % Gn^0(l=2) ave= 0.000E+00 +/- 0.00 % Gn^0(l=3) ave= 0.000E+00 +/- 0.00 % || Gtotal(l=0) ave= 1.972E+04 +/- 21.77 % Gtotal(l=1) ave= 0.000E+00 +/- 0.00 % Gtotal(l=2) ave= 0.000E+00 +/- 0.00 % Gtotal(l=3) ave= 0.000E+00 +/- 0.00 %  % || Gg(l=0) ave= 1.003E-04 +/- 4.01 % Gg(l=1) ave= 0.000E+00 +/- 0.00 % Gg(l=2) ave= 0.000E+00 +/- 0.00 % Gg(l=3) ave= 0.000E+00 +/- 0.00 %  % || D(l=0) ave= 0.000E+00 +/- 0.00 % D(l=1) ave= 0.000E+00 +/- 0.00 % D(l=2) ave= 0.000E+00 +/- 0.00 % D(l=3) ave= 0.000E+00 +/- 0.00 %  % || S(l=0) ave= 2.807E+01 +/- 21.71 % S(l=1) ave= 0.000E+00 +/- 0.00 % S(l=2) ave= 0.000E+00 +/- 0.00 % S(l=3) ave= 0.000E+00 +/- 0.00 % 
 ... random file  56 Cap(th)  ave= 2.412E-05 b. +/- 2.99 % || Ela(th) ave= 4.273E+00 b. +/- 2.81 % || RIcap ave= 1.58E-05 b. +/- 1.95 % || Macs30 ave= 2.04E-08 b. +/- 2.99 % || Gn^0(l=0) ave= 3.763E+01 +/- 21.79 % Gn^0(l=1) ave= 0.000E+00 +/- 0.00 % Gn^0(l=2) ave= 0.000E+00 +/- 0.00 % Gn^0(l=3) ave= 0.000E+00 +/- 0.00 % || Gtotal(l=0) ave= 1.982E+04 +/- 21.81 % Gtotal(l=1) ave= 0.000E+00 +/- 0.00 % Gtotal(l=2) ave= 0.000E+00 +/- 0.00 % Gtotal(l=3) ave= 0.000E+00 +/- 0.00 %  % || Gg(l=0) ave= 1.005E-04 +/- 4.16 % Gg(l=1) ave= 0.000E+00 +/- 0.00 % Gg(l=2) ave= 0.000E+00 +/- 0.00 % Gg(l=3) ave= 0.000E+00 +/- 0.00 %  % || D(l=0) ave= 0.000E+00 +/- 0.00 % D(l=1) ave= 0.000E+00 +/- 0.00 % D(l=2) ave= 0.000E+00 +/- 0.00 % D(l=3) ave= 0.000E+00 +/- 0.00 %  % || S(l=0) ave= 2.822E+01 +/- 21.79 % S(l=1) ave= 0.000E+00 +/- 0.00 % S(l=2) ave= 0.000E+00 +/- 0.00 % S(l=3) ave= 0.000E+00 +/- 0.00 % 
 ... random file  57 Cap(th)  ave= 2.412E-05 b. +/- 2.96 % || Ela(th) ave= 4.273E+00 b. +/- 2.79 % || RIcap ave= 1.58E-05 b. +/- 1.94 % || Macs30 ave= 2.04E-08 b. +/- 2.96 % || Gn^0(l=0) ave= 3.763E+01 +/- 21.60 % Gn^0(l=1) ave= 0.000E+00 +/- 0.00 % Gn^0(l=2) ave= 0.000E+00 +/- 0.00 % Gn^0(l=3) ave= 0.000E+00 +/- 0.00 % || Gtotal(l=0) ave= 1.982E+04 +/- 21.62 % Gtotal(l=1) ave= 0.000E+00 +/- 0.00 % Gtotal(l=2) ave= 0.000E+00 +/- 0.00 % Gtotal(l=3) ave= 0.000E+00 +/- 0.00 %  % || Gg(l=0) ave= 1.005E-04 +/- 4.12 % Gg(l=1) ave= 0.000E+00 +/- 0.00 % Gg(l=2) ave= 0.000E+00 +/- 0.00 % Gg(l=3) ave= 0.000E+00 +/- 0.00 %  % || D(l=0) ave= 0.000E+00 +/- 0.00 % D(l=1) ave= 0.000E+00 +/- 0.00 % D(l=2) ave= 0.000E+00 +/- 0.00 % D(l=3) ave= 0.000E+00 +/- 0.00 %  % || S(l=0) ave= 2.822E+01 +/- 21.60 % S(l=1) ave= 0.000E+00 +/- 0.00 % S(l=2) ave= 0.000E+00 +/- 0.00 % S(l=3) ave= 0.000E+00 +/- 0.00 % 
 ... random file  58 Cap(th)  ave= 2.411E-05 b. +/- 2.94 % || Ela(th) ave= 4.274E+00 b. +/- 2.77 % || RIcap ave= 1.58E-05 b. +/- 1.92 % || Macs30 ave= 2.03E-08 b. +/- 2.94 % || Gn^0(l=0) ave= 3.774E+01 +/- 21.46 % Gn^0(l=1) ave= 0.000E+00 +/- 0.00 % Gn^0(l=2) ave= 0.000E+00 +/- 0.00 % Gn^0(l=3) ave= 0.000E+00 +/- 0.00 % || Gtotal(l=0) ave= 1.988E+04 +/- 21.48 % Gtotal(l=1) ave= 0.000E+00 +/- 0.00 % Gtotal(l=2) ave= 0.000E+00 +/- 0.00 % Gtotal(l=3) ave= 0.000E+00 +/- 0.00 %  % || Gg(l=0) ave= 1.005E-04 +/- 4.09 % Gg(l=1) ave= 0.000E+00 +/- 0.00 % Gg(l=2) ave= 0.000E+00 +/- 0.00 % Gg(l=3) ave= 0.000E+00 +/- 0.00 %  % || D(l=0) ave= 0.000E+00 +/- 0.00 % D(l=1) ave= 0.000E+00 +/- 0.00 % D(l=2) ave= 0.000E+00 +/- 0.00 % D(l=3) ave= 0.000E+00 +/- 0.00 %  % || S(l=0) ave= 2.830E+01 +/- 21.46 % S(l=1) ave= 0.000E+00 +/- 0.00 % S(l=2) ave= 0.000E+00 +/- 0.00 % S(l=3) ave= 0.000E+00 +/- 0.00 % 
 ... random file  59 Cap(th)  ave= 2.410E-05 b. +/- 2.95 % || Ela(th) ave= 4.277E+00 b. +/- 2.80 % || RIcap ave= 1.58E-05 b. +/- 1.93 % || Macs30 ave= 2.03E-08 b. +/- 2.95 % || Gn^0(l=0) ave= 3.746E+01 +/- 22.14 % Gn^0(l=1) ave= 0.000E+00 +/- 0.00 % Gn^0(l=2) ave= 0.000E+00 +/- 0.00 % Gn^0(l=3) ave= 0.000E+00 +/- 0.00 % || Gtotal(l=0) ave= 1.974E+04 +/- 22.12 % Gtotal(l=1) ave= 0.000E+00 +/- 0.00 % Gtotal(l=2) ave= 0.000E+00 +/- 0.00 % Gtotal(l=3) ave= 0.000E+00 +/- 0.00 %  % || Gg(l=0) ave= 1.007E-04 +/- 4.46 % Gg(l=1) ave= 0.000E+00 +/- 0.00 % Gg(l=2) ave= 0.000E+00 +/- 0.00 % Gg(l=3) ave= 0.000E+00 +/- 0.00 %  % || D(l=0) ave= 0.000E+00 +/- 0.00 % D(l=1) ave= 0.000E+00 +/- 0.00 % D(l=2) ave= 0.000E+00 +/- 0.00 % D(l=3) ave= 0.000E+00 +/- 0.00 %  % || S(l=0) ave= 2.810E+01 +/- 22.14 % S(l=1) ave= 0.000E+00 +/- 0.00 % S(l=2) ave= 0.000E+00 +/- 0.00 % S(l=3) ave= 0.000E+00 +/- 0.00 % 
 ... random file  60 Cap(th)  ave= 2.411E-05 b. +/- 2.93 % || Ela(th) ave= 4.276E+00 b. +/- 2.78 % || RIcap ave= 1.58E-05 b. +/- 1.92 % || Macs30 ave= 2.03E-08 b. +/- 2.93 % || Gn^0(l=0) ave= 3.744E+01 +/- 21.97 % Gn^0(l=1) ave= 0.000E+00 +/- 0.00 % Gn^0(l=2) ave= 0.000E+00 +/- 0.00 % Gn^0(l=3) ave= 0.000E+00 +/- 0.00 % || Gtotal(l=0) ave= 1.973E+04 +/- 21.96 % Gtotal(l=1) ave= 0.000E+00 +/- 0.00 % Gtotal(l=2) ave= 0.000E+00 +/- 0.00 % Gtotal(l=3) ave= 0.000E+00 +/- 0.00 %  % || Gg(l=0) ave= 1.007E-04 +/- 4.45 % Gg(l=1) ave= 0.000E+00 +/- 0.00 % Gg(l=2) ave= 0.000E+00 +/- 0.00 % Gg(l=3) ave= 0.000E+00 +/- 0.00 %  % || D(l=0) ave= 0.000E+00 +/- 0.00 % D(l=1) ave= 0.000E+00 +/- 0.00 % D(l=2) ave= 0.000E+00 +/- 0.00 % D(l=3) ave= 0.000E+00 +/- 0.00 %  % || S(l=0) ave= 2.808E+01 +/- 21.97 % S(l=1) ave= 0.000E+00 +/- 0.00 % S(l=2) ave= 0.000E+00 +/- 0.00 % S(l=3) ave= 0.000E+00 +/- 0.00 % 
 ... random file  61 Cap(th)  ave= 2.409E-05 b. +/- 2.94 % || Ela(th) ave= 4.278E+00 b. +/- 2.77 % || RIcap ave= 1.58E-05 b. +/- 1.93 % || Macs30 ave= 2.03E-08 b. +/- 2.94 % || Gn^0(l=0) ave= 3.757E+01 +/- 21.87 % Gn^0(l=1) ave= 0.000E+00 +/- 0.00 % Gn^0(l=2) ave= 0.000E+00 +/- 0.00 % Gn^0(l=3) ave= 0.000E+00 +/- 0.00 % || Gtotal(l=0) ave= 1.980E+04 +/- 21.87 % Gtotal(l=1) ave= 0.000E+00 +/- 0.00 % Gtotal(l=2) ave= 0.000E+00 +/- 0.00 % Gtotal(l=3) ave= 0.000E+00 +/- 0.00 %  % || Gg(l=0) ave= 1.005E-04 +/- 4.57 % Gg(l=1) ave= 0.000E+00 +/- 0.00 % Gg(l=2) ave= 0.000E+00 +/- 0.00 % Gg(l=3) ave= 0.000E+00 +/- 0.00 %  % || D(l=0) ave= 0.000E+00 +/- 0.00 % D(l=1) ave= 0.000E+00 +/- 0.00 % D(l=2) ave= 0.000E+00 +/- 0.00 % D(l=3) ave= 0.000E+00 +/- 0.00 %  % || S(l=0) ave= 2.818E+01 +/- 21.87 % S(l=1) ave= 0.000E+00 +/- 0.00 % S(l=2) ave= 0.000E+00 +/- 0.00 % S(l=3) ave= 0.000E+00 +/- 0.00 % 
 ... random file  62 Cap(th)  ave= 2.409E-05 b. +/- 2.92 % || Ela(th) ave= 4.277E+00 b. +/- 2.75 % || RIcap ave= 1.58E-05 b. +/- 1.91 % || Macs30 ave= 2.03E-08 b. +/- 2.92 % || Gn^0(l=0) ave= 3.752E+01 +/- 21.75 % Gn^0(l=1) ave= 0.000E+00 +/- 0.00 % Gn^0(l=2) ave= 0.000E+00 +/- 0.00 % Gn^0(l=3) ave= 0.000E+00 +/- 0.00 % || Gtotal(l=0) ave= 1.977E+04 +/- 21.75 % Gtotal(l=1) ave= 0.000E+00 +/- 0.00 % Gtotal(l=2) ave= 0.000E+00 +/- 0.00 % Gtotal(l=3) ave= 0.000E+00 +/- 0.00 %  % || Gg(l=0) ave= 1.006E-04 +/- 4.59 % Gg(l=1) ave= 0.000E+00 +/- 0.00 % Gg(l=2) ave= 0.000E+00 +/- 0.00 % Gg(l=3) ave= 0.000E+00 +/- 0.00 %  % || D(l=0) ave= 0.000E+00 +/- 0.00 % D(l=1) ave= 0.000E+00 +/- 0.00 % D(l=2) ave= 0.000E+00 +/- 0.00 % D(l=3) ave= 0.000E+00 +/- 0.00 %  % || S(l=0) ave= 2.814E+01 +/- 21.75 % S(l=1) ave= 0.000E+00 +/- 0.00 % S(l=2) ave= 0.000E+00 +/- 0.00 % S(l=3) ave= 0.000E+00 +/- 0.00 % 
 ... random file  63 Cap(th)  ave= 2.409E-05 b. +/- 2.90 % || Ela(th) ave= 4.279E+00 b. +/- 2.73 % || RIcap ave= 1.58E-05 b. +/- 1.90 % || Macs30 ave= 2.03E-08 b. +/- 2.90 % || Gn^0(l=0) ave= 3.777E+01 +/- 22.07 % Gn^0(l=1) ave= 0.000E+00 +/- 0.00 % Gn^0(l=2) ave= 0.000E+00 +/- 0.00 % Gn^0(l=3) ave= 0.000E+00 +/- 0.00 % || Gtotal(l=0) ave= 1.991E+04 +/- 22.11 % Gtotal(l=1) ave= 0.000E+00 +/- 0.00 % Gtotal(l=2) ave= 0.000E+00 +/- 0.00 % Gtotal(l=3) ave= 0.000E+00 +/- 0.00 %  % || Gg(l=0) ave= 1.006E-04 +/- 4.59 % Gg(l=1) ave= 0.000E+00 +/- 0.00 % Gg(l=2) ave= 0.000E+00 +/- 0.00 % Gg(l=3) ave= 0.000E+00 +/- 0.00 %  % || D(l=0) ave= 0.000E+00 +/- 0.00 % D(l=1) ave= 0.000E+00 +/- 0.00 % D(l=2) ave= 0.000E+00 +/- 0.00 % D(l=3) ave= 0.000E+00 +/- 0.00 %  % || S(l=0) ave= 2.833E+01 +/- 22.07 % S(l=1) ave= 0.000E+00 +/- 0.00 % S(l=2) ave= 0.000E+00 +/- 0.00 % S(l=3) ave= 0.000E+00 +/- 0.00 % 
 ... random file  64 Cap(th)  ave= 2.412E-05 b. +/- 2.99 % || Ela(th) ave= 4.281E+00 b. +/- 2.74 % || RIcap ave= 1.58E-05 b. +/- 1.96 % || Macs30 ave= 2.04E-08 b. +/- 2.99 % || Gn^0(l=0) ave= 3.777E+01 +/- 21.90 % Gn^0(l=1) ave= 0.000E+00 +/- 0.00 % Gn^0(l=2) ave= 0.000E+00 +/- 0.00 % Gn^0(l=3) ave= 0.000E+00 +/- 0.00 % || Gtotal(l=0) ave= 1.991E+04 +/- 21.94 % Gtotal(l=1) ave= 0.000E+00 +/- 0.00 % Gtotal(l=2) ave= 0.000E+00 +/- 0.00 % Gtotal(l=3) ave= 0.000E+00 +/- 0.00 %  % || Gg(l=0) ave= 1.005E-04 +/- 4.56 % Gg(l=1) ave= 0.000E+00 +/- 0.00 % Gg(l=2) ave= 0.000E+00 +/- 0.00 % Gg(l=3) ave= 0.000E+00 +/- 0.00 %  % || D(l=0) ave= 0.000E+00 +/- 0.00 % D(l=1) ave= 0.000E+00 +/- 0.00 % D(l=2) ave= 0.000E+00 +/- 0.00 % D(l=3) ave= 0.000E+00 +/- 0.00 %  % || S(l=0) ave= 2.832E+01 +/- 21.90 % S(l=1) ave= 0.000E+00 +/- 0.00 % S(l=2) ave= 0.000E+00 +/- 0.00 % S(l=3) ave= 0.000E+00 +/- 0.00 % 
 ... random file  65 Cap(th)  ave= 2.411E-05 b. +/- 2.98 % || Ela(th) ave= 4.280E+00 b. +/- 2.72 % || RIcap ave= 1.58E-05 b. +/- 1.95 % || Macs30 ave= 2.03E-08 b. +/- 2.98 % || Gn^0(l=0) ave= 3.781E+01 +/- 21.73 % Gn^0(l=1) ave= 0.000E+00 +/- 0.00 % Gn^0(l=2) ave= 0.000E+00 +/- 0.00 % Gn^0(l=3) ave= 0.000E+00 +/- 0.00 % || Gtotal(l=0) ave= 1.993E+04 +/- 21.76 % Gtotal(l=1) ave= 0.000E+00 +/- 0.00 % Gtotal(l=2) ave= 0.000E+00 +/- 0.00 % Gtotal(l=3) ave= 0.000E+00 +/- 0.00 %  % || Gg(l=0) ave= 1.006E-04 +/- 4.56 % Gg(l=1) ave= 0.000E+00 +/- 0.00 % Gg(l=2) ave= 0.000E+00 +/- 0.00 % Gg(l=3) ave= 0.000E+00 +/- 0.00 %  % || D(l=0) ave= 0.000E+00 +/- 0.00 % D(l=1) ave= 0.000E+00 +/- 0.00 % D(l=2) ave= 0.000E+00 +/- 0.00 % D(l=3) ave= 0.000E+00 +/- 0.00 %  % || S(l=0) ave= 2.836E+01 +/- 21.73 % S(l=1) ave= 0.000E+00 +/- 0.00 % S(l=2) ave= 0.000E+00 +/- 0.00 % S(l=3) ave= 0.000E+00 +/- 0.00 % 
 ... random file  66 Cap(th)  ave= 2.411E-05 b. +/- 2.96 % || Ela(th) ave= 4.281E+00 b. +/- 2.71 % || RIcap ave= 1.58E-05 b. +/- 1.94 % || Macs30 ave= 2.03E-08 b. +/- 2.96 % || Gn^0(l=0) ave= 3.773E+01 +/- 21.67 % Gn^0(l=1) ave= 0.000E+00 +/- 0.00 % Gn^0(l=2) ave= 0.000E+00 +/- 0.00 % Gn^0(l=3) ave= 0.000E+00 +/- 0.00 % || Gtotal(l=0) ave= 1.989E+04 +/- 21.70 % Gtotal(l=1) ave= 0.000E+00 +/- 0.00 % Gtotal(l=2) ave= 0.000E+00 +/- 0.00 % Gtotal(l=3) ave= 0.000E+00 +/- 0.00 %  % || Gg(l=0) ave= 1.006E-04 +/- 4.53 % Gg(l=1) ave= 0.000E+00 +/- 0.00 % Gg(l=2) ave= 0.000E+00 +/- 0.00 % Gg(l=3) ave= 0.000E+00 +/- 0.00 %  % || D(l=0) ave= 0.000E+00 +/- 0.00 % D(l=1) ave= 0.000E+00 +/- 0.00 % D(l=2) ave= 0.000E+00 +/- 0.00 % D(l=3) ave= 0.000E+00 +/- 0.00 %  % || S(l=0) ave= 2.830E+01 +/- 21.67 % S(l=1) ave= 0.000E+00 +/- 0.00 % S(l=2) ave= 0.000E+00 +/- 0.00 % S(l=3) ave= 0.000E+00 +/- 0.00 % 
 ... random file  67 Cap(th)  ave= 2.409E-05 b. +/- 2.97 % || Ela(th) ave= 4.280E+00 b. +/- 2.69 % || RIcap ave= 1.58E-05 b. +/- 1.94 % || Macs30 ave= 2.03E-08 b. +/- 2.97 % || Gn^0(l=0) ave= 3.763E+01 +/- 21.67 % Gn^0(l=1) ave= 0.000E+00 +/- 0.00 % Gn^0(l=2) ave= 0.000E+00 +/- 0.00 % Gn^0(l=3) ave= 0.000E+00 +/- 0.00 % || Gtotal(l=0) ave= 1.984E+04 +/- 21.70 % Gtotal(l=1) ave= 0.000E+00 +/- 0.00 % Gtotal(l=2) ave= 0.000E+00 +/- 0.00 % Gtotal(l=3) ave= 0.000E+00 +/- 0.00 %  % || Gg(l=0) ave= 1.005E-04 +/- 4.56 % Gg(l=1) ave= 0.000E+00 +/- 0.00 % Gg(l=2) ave= 0.000E+00 +/- 0.00 % Gg(l=3) ave= 0.000E+00 +/- 0.00 %  % || D(l=0) ave= 0.000E+00 +/- 0.00 % D(l=1) ave= 0.000E+00 +/- 0.00 % D(l=2) ave= 0.000E+00 +/- 0.00 % D(l=3) ave= 0.000E+00 +/- 0.00 %  % || S(l=0) ave= 2.822E+01 +/- 21.67 % S(l=1) ave= 0.000E+00 +/- 0.00 % S(l=2) ave= 0.000E+00 +/- 0.00 % S(l=3) ave= 0.000E+00 +/- 0.00 % 
 ... random file  68 Cap(th)  ave= 2.409E-05 b. +/- 2.95 % || Ela(th) ave= 4.281E+00 b. +/- 2.68 % || RIcap ave= 1.58E-05 b. +/- 1.93 % || Macs30 ave= 2.03E-08 b. +/- 2.95 % || Gn^0(l=0) ave= 3.753E+01 +/- 21.68 % Gn^0(l=1) ave= 0.000E+00 +/- 0.00 % Gn^0(l=2) ave= 0.000E+00 +/- 0.00 % Gn^0(l=3) ave= 0.000E+00 +/- 0.00 % || Gtotal(l=0) ave= 1.979E+04 +/- 21.71 % Gtotal(l=1) ave= 0.000E+00 +/- 0.00 % Gtotal(l=2) ave= 0.000E+00 +/- 0.00 % Gtotal(l=3) ave= 0.000E+00 +/- 0.00 %  % || Gg(l=0) ave= 1.006E-04 +/- 4.57 % Gg(l=1) ave= 0.000E+00 +/- 0.00 % Gg(l=2) ave= 0.000E+00 +/- 0.00 % Gg(l=3) ave= 0.000E+00 +/- 0.00 %  % || D(l=0) ave= 0.000E+00 +/- 0.00 % D(l=1) ave= 0.000E+00 +/- 0.00 % D(l=2) ave= 0.000E+00 +/- 0.00 % D(l=3) ave= 0.000E+00 +/- 0.00 %  % || S(l=0) ave= 2.815E+01 +/- 21.68 % S(l=1) ave= 0.000E+00 +/- 0.00 % S(l=2) ave= 0.000E+00 +/- 0.00 % S(l=3) ave= 0.000E+00 +/- 0.00 % 
 ... random file  69 Cap(th)  ave= 2.409E-05 b. +/- 2.93 % || Ela(th) ave= 4.283E+00 b. +/- 2.69 % || RIcap ave= 1.58E-05 b. +/- 1.91 % || Macs30 ave= 2.03E-08 b. +/- 2.93 % || Gn^0(l=0) ave= 3.745E+01 +/- 21.66 % Gn^0(l=1) ave= 0.000E+00 +/- 0.00 % Gn^0(l=2) ave= 0.000E+00 +/- 0.00 % Gn^0(l=3) ave= 0.000E+00 +/- 0.00 % || Gtotal(l=0) ave= 1.975E+04 +/- 21.67 % Gtotal(l=1) ave= 0.000E+00 +/- 0.00 % Gtotal(l=2) ave= 0.000E+00 +/- 0.00 % Gtotal(l=3) ave= 0.000E+00 +/- 0.00 %  % || Gg(l=0) ave= 1.005E-04 +/- 4.63 % Gg(l=1) ave= 0.000E+00 +/- 0.00 % Gg(l=2) ave= 0.000E+00 +/- 0.00 % Gg(l=3) ave= 0.000E+00 +/- 0.00 %  % || D(l=0) ave= 0.000E+00 +/- 0.00 % D(l=1) ave= 0.000E+00 +/- 0.00 % D(l=2) ave= 0.000E+00 +/- 0.00 % D(l=3) ave= 0.000E+00 +/- 0.00 %  % || S(l=0) ave= 2.808E+01 +/- 21.66 % S(l=1) ave= 0.000E+00 +/- 0.00 % S(l=2) ave= 0.000E+00 +/- 0.00 % S(l=3) ave= 0.000E+00 +/- 0.00 % 
 ... random file  70 Cap(th)  ave= 2.408E-05 b. +/- 2.91 % || Ela(th) ave= 4.282E+00 b. +/- 2.68 % || RIcap ave= 1.58E-05 b. +/- 1.90 % || Macs30 ave= 2.03E-08 b. +/- 2.91 % || Gn^0(l=0) ave= 3.735E+01 +/- 21.67 % Gn^0(l=1) ave= 0.000E+00 +/- 0.00 % Gn^0(l=2) ave= 0.000E+00 +/- 0.00 % Gn^0(l=3) ave= 0.000E+00 +/- 0.00 % || Gtotal(l=0) ave= 1.969E+04 +/- 21.69 % Gtotal(l=1) ave= 0.000E+00 +/- 0.00 % Gtotal(l=2) ave= 0.000E+00 +/- 0.00 % Gtotal(l=3) ave= 0.000E+00 +/- 0.00 %  % || Gg(l=0) ave= 1.004E-04 +/- 4.67 % Gg(l=1) ave= 0.000E+00 +/- 0.00 % Gg(l=2) ave= 0.000E+00 +/- 0.00 % Gg(l=3) ave= 0.000E+00 +/- 0.00 %  % || D(l=0) ave= 0.000E+00 +/- 0.00 % D(l=1) ave= 0.000E+00 +/- 0.00 % D(l=2) ave= 0.000E+00 +/- 0.00 % D(l=3) ave= 0.000E+00 +/- 0.00 %  % || S(l=0) ave= 2.801E+01 +/- 21.67 % S(l=1) ave= 0.000E+00 +/- 0.00 % S(l=2) ave= 0.000E+00 +/- 0.00 % S(l=3) ave= 0.000E+00 +/- 0.00 % 
 ... random file  71 Cap(th)  ave= 2.408E-05 b. +/- 2.89 % || Ela(th) ave= 4.282E+00 b. +/- 2.66 % || RIcap ave= 1.58E-05 b. +/- 1.89 % || Macs30 ave= 2.03E-08 b. +/- 2.89 % || Gn^0(l=0) ave= 3.727E+01 +/- 21.63 % Gn^0(l=1) ave= 0.000E+00 +/- 0.00 % Gn^0(l=2) ave= 0.000E+00 +/- 0.00 % Gn^0(l=3) ave= 0.000E+00 +/- 0.00 % || Gtotal(l=0) ave= 1.965E+04 +/- 21.65 % Gtotal(l=1) ave= 0.000E+00 +/- 0.00 % Gtotal(l=2) ave= 0.000E+00 +/- 0.00 % Gtotal(l=3) ave= 0.000E+00 +/- 0.00 %  % || Gg(l=0) ave= 1.004E-04 +/- 4.66 % Gg(l=1) ave= 0.000E+00 +/- 0.00 % Gg(l=2) ave= 0.000E+00 +/- 0.00 % Gg(l=3) ave= 0.000E+00 +/- 0.00 %  % || D(l=0) ave= 0.000E+00 +/- 0.00 % D(l=1) ave= 0.000E+00 +/- 0.00 % D(l=2) ave= 0.000E+00 +/- 0.00 % D(l=3) ave= 0.000E+00 +/- 0.00 %  % || S(l=0) ave= 2.795E+01 +/- 21.63 % S(l=1) ave= 0.000E+00 +/- 0.00 % S(l=2) ave= 0.000E+00 +/- 0.00 % S(l=3) ave= 0.000E+00 +/- 0.00 % 
 ... random file  72 Cap(th)  ave= 2.410E-05 b. +/- 2.92 % || Ela(th) ave= 4.281E+00 b. +/- 2.65 % || RIcap ave= 1.58E-05 b. +/- 1.91 % || Macs30 ave= 2.03E-08 b. +/- 2.92 % || Gn^0(l=0) ave= 3.732E+01 +/- 21.48 % Gn^0(l=1) ave= 0.000E+00 +/- 0.00 % Gn^0(l=2) ave= 0.000E+00 +/- 0.00 % Gn^0(l=3) ave= 0.000E+00 +/- 0.00 % || Gtotal(l=0) ave= 1.967E+04 +/- 21.50 % Gtotal(l=1) ave= 0.000E+00 +/- 0.00 % Gtotal(l=2) ave= 0.000E+00 +/- 0.00 % Gtotal(l=3) ave= 0.000E+00 +/- 0.00 %  % || Gg(l=0) ave= 1.005E-04 +/- 4.64 % Gg(l=1) ave= 0.000E+00 +/- 0.00 % Gg(l=2) ave= 0.000E+00 +/- 0.00 % Gg(l=3) ave= 0.000E+00 +/- 0.00 %  % || D(l=0) ave= 0.000E+00 +/- 0.00 % D(l=1) ave= 0.000E+00 +/- 0.00 % D(l=2) ave= 0.000E+00 +/- 0.00 % D(l=3) ave= 0.000E+00 +/- 0.00 %  % || S(l=0) ave= 2.799E+01 +/- 21.48 % S(l=1) ave= 0.000E+00 +/- 0.00 % S(l=2) ave= 0.000E+00 +/- 0.00 % S(l=3) ave= 0.000E+00 +/- 0.00 % 
 ... random file  73 Cap(th)  ave= 2.409E-05 b. +/- 2.92 % || Ela(th) ave= 4.279E+00 b. +/- 2.68 % || RIcap ave= 1.58E-05 b. +/- 1.91 % || Macs30 ave= 2.03E-08 b. +/- 2.92 % || Gn^0(l=0) ave= 3.727E+01 +/- 21.40 % Gn^0(l=1) ave= 0.000E+00 +/- 0.00 % Gn^0(l=2) ave= 0.000E+00 +/- 0.00 % Gn^0(l=3) ave= 0.000E+00 +/- 0.00 % || Gtotal(l=0) ave= 1.964E+04 +/- 21.43 % Gtotal(l=1) ave= 0.000E+00 +/- 0.00 % Gtotal(l=2) ave= 0.000E+00 +/- 0.00 % Gtotal(l=3) ave= 0.000E+00 +/- 0.00 %  % || Gg(l=0) ave= 1.005E-04 +/- 4.62 % Gg(l=1) ave= 0.000E+00 +/- 0.00 % Gg(l=2) ave= 0.000E+00 +/- 0.00 % Gg(l=3) ave= 0.000E+00 +/- 0.00 %  % || D(l=0) ave= 0.000E+00 +/- 0.00 % D(l=1) ave= 0.000E+00 +/- 0.00 % D(l=2) ave= 0.000E+00 +/- 0.00 % D(l=3) ave= 0.000E+00 +/- 0.00 %  % || S(l=0) ave= 2.795E+01 +/- 21.40 % S(l=1) ave= 0.000E+00 +/- 0.00 % S(l=2) ave= 0.000E+00 +/- 0.00 % S(l=3) ave= 0.000E+00 +/- 0.00 % 
 ... random file  74 Cap(th)  ave= 2.408E-05 b. +/- 2.91 % || Ela(th) ave= 4.276E+00 b. +/- 2.72 % || RIcap ave= 1.58E-05 b. +/- 1.90 % || Macs30 ave= 2.03E-08 b. +/- 2.91 % || Gn^0(l=0) ave= 3.701E+01 +/- 22.26 % Gn^0(l=1) ave= 0.000E+00 +/- 0.00 % Gn^0(l=2) ave= 0.000E+00 +/- 0.00 % Gn^0(l=3) ave= 0.000E+00 +/- 0.00 % || Gtotal(l=0) ave= 1.950E+04 +/- 22.33 % Gtotal(l=1) ave= 0.000E+00 +/- 0.00 % Gtotal(l=2) ave= 0.000E+00 +/- 0.00 % Gtotal(l=3) ave= 0.000E+00 +/- 0.00 %  % || Gg(l=0) ave= 1.006E-04 +/- 4.76 % Gg(l=1) ave= 0.000E+00 +/- 0.00 % Gg(l=2) ave= 0.000E+00 +/- 0.00 % Gg(l=3) ave= 0.000E+00 +/- 0.00 %  % || D(l=0) ave= 0.000E+00 +/- 0.00 % D(l=1) ave= 0.000E+00 +/- 0.00 % D(l=2) ave= 0.000E+00 +/- 0.00 % D(l=3) ave= 0.000E+00 +/- 0.00 %  % || S(l=0) ave= 2.776E+01 +/- 22.26 % S(l=1) ave= 0.000E+00 +/- 0.00 % S(l=2) ave= 0.000E+00 +/- 0.00 % S(l=3) ave= 0.000E+00 +/- 0.00 % 
 ... random file  75 Cap(th)  ave= 2.409E-05 b. +/- 2.90 % || Ela(th) ave= 4.275E+00 b. +/- 2.71 % || RIcap ave= 1.58E-05 b. +/- 1.90 % || Macs30 ave= 2.03E-08 b. +/- 2.90 % || Gn^0(l=0) ave= 3.700E+01 +/- 22.12 % Gn^0(l=1) ave= 0.000E+00 +/- 0.00 % Gn^0(l=2) ave= 0.000E+00 +/- 0.00 % Gn^0(l=3) ave= 0.000E+00 +/- 0.00 % || Gtotal(l=0) ave= 1.950E+04 +/- 22.18 % Gtotal(l=1) ave= 0.000E+00 +/- 0.00 % Gtotal(l=2) ave= 0.000E+00 +/- 0.00 % Gtotal(l=3) ave= 0.000E+00 +/- 0.00 %  % || Gg(l=0) ave= 1.007E-04 +/- 4.73 % Gg(l=1) ave= 0.000E+00 +/- 0.00 % Gg(l=2) ave= 0.000E+00 +/- 0.00 % Gg(l=3) ave= 0.000E+00 +/- 0.00 %  % || D(l=0) ave= 0.000E+00 +/- 0.00 % D(l=1) ave= 0.000E+00 +/- 0.00 % D(l=2) ave= 0.000E+00 +/- 0.00 % D(l=3) ave= 0.000E+00 +/- 0.00 %  % || S(l=0) ave= 2.775E+01 +/- 22.12 % S(l=1) ave= 0.000E+00 +/- 0.00 % S(l=2) ave= 0.000E+00 +/- 0.00 % S(l=3) ave= 0.000E+00 +/- 0.00 % 
 ... random file  76 Cap(th)  ave= 2.409E-05 b. +/- 2.88 % || Ela(th) ave= 4.274E+00 b. +/- 2.70 % || RIcap ave= 1.58E-05 b. +/- 1.88 % || Macs30 ave= 2.03E-08 b. +/- 2.88 % || Gn^0(l=0) ave= 3.682E+01 +/- 22.51 % Gn^0(l=1) ave= 0.000E+00 +/- 0.00 % Gn^0(l=2) ave= 0.000E+00 +/- 0.00 % Gn^0(l=3) ave= 0.000E+00 +/- 0.00 % || Gtotal(l=0) ave= 1.940E+04 +/- 22.59 % Gtotal(l=1) ave= 0.000E+00 +/- 0.00 % Gtotal(l=2) ave= 0.000E+00 +/- 0.00 % Gtotal(l=3) ave= 0.000E+00 +/- 0.00 %  % || Gg(l=0) ave= 1.007E-04 +/- 4.74 % Gg(l=1) ave= 0.000E+00 +/- 0.00 % Gg(l=2) ave= 0.000E+00 +/- 0.00 % Gg(l=3) ave= 0.000E+00 +/- 0.00 %  % || D(l=0) ave= 0.000E+00 +/- 0.00 % D(l=1) ave= 0.000E+00 +/- 0.00 % D(l=2) ave= 0.000E+00 +/- 0.00 % D(l=3) ave= 0.000E+00 +/- 0.00 %  % || S(l=0) ave= 2.761E+01 +/- 22.51 % S(l=1) ave= 0.000E+00 +/- 0.00 % S(l=2) ave= 0.000E+00 +/- 0.00 % S(l=3) ave= 0.000E+00 +/- 0.00 % 
 ... random file  77 Cap(th)  ave= 2.411E-05 b. +/- 2.95 % || Ela(th) ave= 4.271E+00 b. +/- 2.75 % || RIcap ave= 1.58E-05 b. +/- 1.93 % || Macs30 ave= 2.03E-08 b. +/- 2.95 % || Gn^0(l=0) ave= 3.688E+01 +/- 22.38 % Gn^0(l=1) ave= 0.000E+00 +/- 0.00 % Gn^0(l=2) ave= 0.000E+00 +/- 0.00 % Gn^0(l=3) ave= 0.000E+00 +/- 0.00 % || Gtotal(l=0) ave= 1.943E+04 +/- 22.45 % Gtotal(l=1) ave= 0.000E+00 +/- 0.00 % Gtotal(l=2) ave= 0.000E+00 +/- 0.00 % Gtotal(l=3) ave= 0.000E+00 +/- 0.00 %  % || Gg(l=0) ave= 1.007E-04 +/- 4.71 % Gg(l=1) ave= 0.000E+00 +/- 0.00 % Gg(l=2) ave= 0.000E+00 +/- 0.00 % Gg(l=3) ave= 0.000E+00 +/- 0.00 %  % || D(l=0) ave= 0.000E+00 +/- 0.00 % D(l=1) ave= 0.000E+00 +/- 0.00 % D(l=2) ave= 0.000E+00 +/- 0.00 % D(l=3) ave= 0.000E+00 +/- 0.00 %  % || S(l=0) ave= 2.766E+01 +/- 22.38 % S(l=1) ave= 0.000E+00 +/- 0.00 % S(l=2) ave= 0.000E+00 +/- 0.00 % S(l=3) ave= 0.000E+00 +/- 0.00 % 
 ... random file  78 Cap(th)  ave= 2.411E-05 b. +/- 2.93 % || Ela(th) ave= 4.272E+00 b. +/- 2.74 % || RIcap ave= 1.58E-05 b. +/- 1.91 % || Macs30 ave= 2.03E-08 b. +/- 2.93 % || Gn^0(l=0) ave= 3.696E+01 +/- 22.27 % Gn^0(l=1) ave= 0.000E+00 +/- 0.00 % Gn^0(l=2) ave= 0.000E+00 +/- 0.00 % Gn^0(l=3) ave= 0.000E+00 +/- 0.00 % || Gtotal(l=0) ave= 1.947E+04 +/- 22.35 % Gtotal(l=1) ave= 0.000E+00 +/- 0.00 % Gtotal(l=2) ave= 0.000E+00 +/- 0.00 % Gtotal(l=3) ave= 0.000E+00 +/- 0.00 %  % || Gg(l=0) ave= 1.007E-04 +/- 4.68 % Gg(l=1) ave= 0.000E+00 +/- 0.00 % Gg(l=2) ave= 0.000E+00 +/- 0.00 % Gg(l=3) ave= 0.000E+00 +/- 0.00 %  % || D(l=0) ave= 0.000E+00 +/- 0.00 % D(l=1) ave= 0.000E+00 +/- 0.00 % D(l=2) ave= 0.000E+00 +/- 0.00 % D(l=3) ave= 0.000E+00 +/- 0.00 %  % || S(l=0) ave= 2.772E+01 +/- 22.27 % S(l=1) ave= 0.000E+00 +/- 0.00 % S(l=2) ave= 0.000E+00 +/- 0.00 % S(l=3) ave= 0.000E+00 +/- 0.00 % 
 ... random file  79 Cap(th)  ave= 2.412E-05 b. +/- 2.91 % || Ela(th) ave= 4.273E+00 b. +/- 2.72 % || RIcap ave= 1.58E-05 b. +/- 1.91 % || Macs30 ave= 2.04E-08 b. +/- 2.91 % || Gn^0(l=0) ave= 3.689E+01 +/- 22.25 % Gn^0(l=1) ave= 0.000E+00 +/- 0.00 % Gn^0(l=2) ave= 0.000E+00 +/- 0.00 % Gn^0(l=3) ave= 0.000E+00 +/- 0.00 % || Gtotal(l=0) ave= 1.943E+04 +/- 22.32 % Gtotal(l=1) ave= 0.000E+00 +/- 0.00 % Gtotal(l=2) ave= 0.000E+00 +/- 0.00 % Gtotal(l=3) ave= 0.000E+00 +/- 0.00 %  % || Gg(l=0) ave= 1.007E-04 +/- 4.68 % Gg(l=1) ave= 0.000E+00 +/- 0.00 % Gg(l=2) ave= 0.000E+00 +/- 0.00 % Gg(l=3) ave= 0.000E+00 +/- 0.00 %  % || D(l=0) ave= 0.000E+00 +/- 0.00 % D(l=1) ave= 0.000E+00 +/- 0.00 % D(l=2) ave= 0.000E+00 +/- 0.00 % D(l=3) ave= 0.000E+00 +/- 0.00 %  % || S(l=0) ave= 2.767E+01 +/- 22.25 % S(l=1) ave= 0.000E+00 +/- 0.00 % S(l=2) ave= 0.000E+00 +/- 0.00 % S(l=3) ave= 0.000E+00 +/- 0.00 % 
 ... random file  80 Cap(th)  ave= 2.411E-05 b. +/- 2.90 % || Ela(th) ave= 4.273E+00 b. +/- 2.71 % || RIcap ave= 1.58E-05 b. +/- 1.90 % || Macs30 ave= 2.03E-08 b. +/- 2.90 % || Gn^0(l=0) ave= 3.688E+01 +/- 22.12 % Gn^0(l=1) ave= 0.000E+00 +/- 0.00 % Gn^0(l=2) ave= 0.000E+00 +/- 0.00 % Gn^0(l=3) ave= 0.000E+00 +/- 0.00 % || Gtotal(l=0) ave= 1.943E+04 +/- 22.19 % Gtotal(l=1) ave= 0.000E+00 +/- 0.00 % Gtotal(l=2) ave= 0.000E+00 +/- 0.00 % Gtotal(l=3) ave= 0.000E+00 +/- 0.00 %  % || Gg(l=0) ave= 1.008E-04 +/- 4.72 % Gg(l=1) ave= 0.000E+00 +/- 0.00 % Gg(l=2) ave= 0.000E+00 +/- 0.00 % Gg(l=3) ave= 0.000E+00 +/- 0.00 %  % || D(l=0) ave= 0.000E+00 +/- 0.00 % D(l=1) ave= 0.000E+00 +/- 0.00 % D(l=2) ave= 0.000E+00 +/- 0.00 % D(l=3) ave= 0.000E+00 +/- 0.00 %  % || S(l=0) ave= 2.766E+01 +/- 22.12 % S(l=1) ave= 0.000E+00 +/- 0.00 % S(l=2) ave= 0.000E+00 +/- 0.00 % S(l=3) ave= 0.000E+00 +/- 0.00 % 
 ... random file  81 Cap(th)  ave= 2.410E-05 b. +/- 2.90 % || Ela(th) ave= 4.272E+00 b. +/- 2.71 % || RIcap ave= 1.58E-05 b. +/- 1.90 % || Macs30 ave= 2.03E-08 b. +/- 2.90 % || Gn^0(l=0) ave= 3.672E+01 +/- 22.38 % Gn^0(l=1) ave= 0.000E+00 +/- 0.00 % Gn^0(l=2) ave= 0.000E+00 +/- 0.00 % Gn^0(l=3) ave= 0.000E+00 +/- 0.00 % || Gtotal(l=0) ave= 1.935E+04 +/- 22.46 % Gtotal(l=1) ave= 0.000E+00 +/- 0.00 % Gtotal(l=2) ave= 0.000E+00 +/- 0.00 % Gtotal(l=3) ave= 0.000E+00 +/- 0.00 %  % || Gg(l=0) ave= 1.006E-04 +/- 4.84 % Gg(l=1) ave= 0.000E+00 +/- 0.00 % Gg(l=2) ave= 0.000E+00 +/- 0.00 % Gg(l=3) ave= 0.000E+00 +/- 0.00 %  % || D(l=0) ave= 0.000E+00 +/- 0.00 % D(l=1) ave= 0.000E+00 +/- 0.00 % D(l=2) ave= 0.000E+00 +/- 0.00 % D(l=3) ave= 0.000E+00 +/- 0.00 %  % || S(l=0) ave= 2.754E+01 +/- 22.38 % S(l=1) ave= 0.000E+00 +/- 0.00 % S(l=2) ave= 0.000E+00 +/- 0.00 % S(l=3) ave= 0.000E+00 +/- 0.00 % 
 ... random file  82 Cap(th)  ave= 2.411E-05 b. +/- 2.89 % || Ela(th) ave= 4.273E+00 b. +/- 2.70 % || RIcap ave= 1.58E-05 b. +/- 1.89 % || Macs30 ave= 2.03E-08 b. +/- 2.89 % || Gn^0(l=0) ave= 3.665E+01 +/- 22.36 % Gn^0(l=1) ave= 0.000E+00 +/- 0.00 % Gn^0(l=2) ave= 0.000E+00 +/- 0.00 % Gn^0(l=3) ave= 0.000E+00 +/- 0.00 % || Gtotal(l=0) ave= 1.931E+04 +/- 22.42 % Gtotal(l=1) ave= 0.000E+00 +/- 0.00 % Gtotal(l=2) ave= 0.000E+00 +/- 0.00 % Gtotal(l=3) ave= 0.000E+00 +/- 0.00 %  % || Gg(l=0) ave= 1.006E-04 +/- 4.81 % Gg(l=1) ave= 0.000E+00 +/- 0.00 % Gg(l=2) ave= 0.000E+00 +/- 0.00 % Gg(l=3) ave= 0.000E+00 +/- 0.00 %  % || D(l=0) ave= 0.000E+00 +/- 0.00 % D(l=1) ave= 0.000E+00 +/- 0.00 % D(l=2) ave= 0.000E+00 +/- 0.00 % D(l=3) ave= 0.000E+00 +/- 0.00 %  % || S(l=0) ave= 2.749E+01 +/- 22.36 % S(l=1) ave= 0.000E+00 +/- 0.00 % S(l=2) ave= 0.000E+00 +/- 0.00 % S(l=3) ave= 0.000E+00 +/- 0.00 % 
 ... random file  83 Cap(th)  ave= 2.410E-05 b. +/- 2.87 % || Ela(th) ave= 4.272E+00 b. +/- 2.69 % || RIcap ave= 1.58E-05 b. +/- 1.88 % || Macs30 ave= 2.03E-08 b. +/- 2.87 % || Gn^0(l=0) ave= 3.650E+01 +/- 22.64 % Gn^0(l=1) ave= 0.000E+00 +/- 0.00 % Gn^0(l=2) ave= 0.000E+00 +/- 0.00 % Gn^0(l=3) ave= 0.000E+00 +/- 0.00 % || Gtotal(l=0) ave= 1.923E+04 +/- 22.71 % Gtotal(l=1) ave= 0.000E+00 +/- 0.00 % Gtotal(l=2) ave= 0.000E+00 +/- 0.00 % Gtotal(l=3) ave= 0.000E+00 +/- 0.00 %  % || Gg(l=0) ave= 1.006E-04 +/- 4.79 % Gg(l=1) ave= 0.000E+00 +/- 0.00 % Gg(l=2) ave= 0.000E+00 +/- 0.00 % Gg(l=3) ave= 0.000E+00 +/- 0.00 %  % || D(l=0) ave= 0.000E+00 +/- 0.00 % D(l=1) ave= 0.000E+00 +/- 0.00 % D(l=2) ave= 0.000E+00 +/- 0.00 % D(l=3) ave= 0.000E+00 +/- 0.00 %  % || S(l=0) ave= 2.738E+01 +/- 22.64 % S(l=1) ave= 0.000E+00 +/- 0.00 % S(l=2) ave= 0.000E+00 +/- 0.00 % S(l=3) ave= 0.000E+00 +/- 0.00 % 
 ... random file  84 Cap(th)  ave= 2.411E-05 b. +/- 2.86 % || Ela(th) ave= 4.269E+00 b. +/- 2.76 % || RIcap ave= 1.58E-05 b. +/- 1.87 % || Macs30 ave= 2.03E-08 b. +/- 2.86 % || Gn^0(l=0) ave= 3.644E+01 +/- 22.60 % Gn^0(l=1) ave= 0.000E+00 +/- 0.00 % Gn^0(l=2) ave= 0.000E+00 +/- 0.00 % Gn^0(l=3) ave= 0.000E+00 +/- 0.00 % || Gtotal(l=0) ave= 1.919E+04 +/- 22.70 % Gtotal(l=1) ave= 0.000E+00 +/- 0.00 % Gtotal(l=2) ave= 0.000E+00 +/- 0.00 % Gtotal(l=3) ave= 0.000E+00 +/- 0.00 %  % || Gg(l=0) ave= 1.007E-04 +/- 4.76 % Gg(l=1) ave= 0.000E+00 +/- 0.00 % Gg(l=2) ave= 0.000E+00 +/- 0.00 % Gg(l=3) ave= 0.000E+00 +/- 0.00 %  % || D(l=0) ave= 0.000E+00 +/- 0.00 % D(l=1) ave= 0.000E+00 +/- 0.00 % D(l=2) ave= 0.000E+00 +/- 0.00 % D(l=3) ave= 0.000E+00 +/- 0.00 %  % || S(l=0) ave= 2.733E+01 +/- 22.60 % S(l=1) ave= 0.000E+00 +/- 0.00 % S(l=2) ave= 0.000E+00 +/- 0.00 % S(l=3) ave= 0.000E+00 +/- 0.00 % 
 ... random file  85 Cap(th)  ave= 2.411E-05 b. +/- 2.84 % || Ela(th) ave= 4.270E+00 b. +/- 2.76 % || RIcap ave= 1.58E-05 b. +/- 1.86 % || Macs30 ave= 2.03E-08 b. +/- 2.84 % || Gn^0(l=0) ave= 3.644E+01 +/- 22.47 % Gn^0(l=1) ave= 0.000E+00 +/- 0.00 % Gn^0(l=2) ave= 0.000E+00 +/- 0.00 % Gn^0(l=3) ave= 0.000E+00 +/- 0.00 % || Gtotal(l=0) ave= 1.919E+04 +/- 22.57 % Gtotal(l=1) ave= 0.000E+00 +/- 0.00 % Gtotal(l=2) ave= 0.000E+00 +/- 0.00 % Gtotal(l=3) ave= 0.000E+00 +/- 0.00 %  % || Gg(l=0) ave= 1.006E-04 +/- 4.81 % Gg(l=1) ave= 0.000E+00 +/- 0.00 % Gg(l=2) ave= 0.000E+00 +/- 0.00 % Gg(l=3) ave= 0.000E+00 +/- 0.00 %  % || D(l=0) ave= 0.000E+00 +/- 0.00 % D(l=1) ave= 0.000E+00 +/- 0.00 % D(l=2) ave= 0.000E+00 +/- 0.00 % D(l=3) ave= 0.000E+00 +/- 0.00 %  % || S(l=0) ave= 2.733E+01 +/- 22.47 % S(l=1) ave= 0.000E+00 +/- 0.00 % S(l=2) ave= 0.000E+00 +/- 0.00 % S(l=3) ave= 0.000E+00 +/- 0.00 % 
 ... random file  86 Cap(th)  ave= 2.410E-05 b. +/- 2.86 % || Ela(th) ave= 4.274E+00 b. +/- 2.87 % || RIcap ave= 1.58E-05 b. +/- 1.87 % || Macs30 ave= 2.03E-08 b. +/- 2.86 % || Gn^0(l=0) ave= 3.635E+01 +/- 22.50 % Gn^0(l=1) ave= 0.000E+00 +/- 0.00 % Gn^0(l=2) ave= 0.000E+00 +/- 0.00 % Gn^0(l=3) ave= 0.000E+00 +/- 0.00 % || Gtotal(l=0) ave= 1.915E+04 +/- 22.56 % Gtotal(l=1) ave= 0.000E+00 +/- 0.00 % Gtotal(l=2) ave= 0.000E+00 +/- 0.00 % Gtotal(l=3) ave= 0.000E+00 +/- 0.00 %  % || Gg(l=0) ave= 1.006E-04 +/- 4.80 % Gg(l=1) ave= 0.000E+00 +/- 0.00 % Gg(l=2) ave= 0.000E+00 +/- 0.00 % Gg(l=3) ave= 0.000E+00 +/- 0.00 %  % || D(l=0) ave= 0.000E+00 +/- 0.00 % D(l=1) ave= 0.000E+00 +/- 0.00 % D(l=2) ave= 0.000E+00 +/- 0.00 % D(l=3) ave= 0.000E+00 +/- 0.00 %  % || S(l=0) ave= 2.726E+01 +/- 22.50 % S(l=1) ave= 0.000E+00 +/- 0.00 % S(l=2) ave= 0.000E+00 +/- 0.00 % S(l=3) ave= 0.000E+00 +/- 0.00 % 
 ... random file  87 Cap(th)  ave= 2.410E-05 b. +/- 2.85 % || Ela(th) ave= 4.274E+00 b. +/- 2.86 % || RIcap ave= 1.58E-05 b. +/- 1.87 % || Macs30 ave= 2.03E-08 b. +/- 2.85 % || Gn^0(l=0) ave= 3.663E+01 +/- 23.32 % Gn^0(l=1) ave= 0.000E+00 +/- 0.00 % Gn^0(l=2) ave= 0.000E+00 +/- 0.00 % Gn^0(l=3) ave= 0.000E+00 +/- 0.00 % || Gtotal(l=0) ave= 1.930E+04 +/- 23.37 % Gtotal(l=1) ave= 0.000E+00 +/- 0.00 % Gtotal(l=2) ave= 0.000E+00 +/- 0.00 % Gtotal(l=3) ave= 0.000E+00 +/- 0.00 %  % || Gg(l=0) ave= 1.007E-04 +/- 4.82 % Gg(l=1) ave= 0.000E+00 +/- 0.00 % Gg(l=2) ave= 0.000E+00 +/- 0.00 % Gg(l=3) ave= 0.000E+00 +/- 0.00 %  % || D(l=0) ave= 0.000E+00 +/- 0.00 % D(l=1) ave= 0.000E+00 +/- 0.00 % D(l=2) ave= 0.000E+00 +/- 0.00 % D(l=3) ave= 0.000E+00 +/- 0.00 %  % || S(l=0) ave= 2.747E+01 +/- 23.32 % S(l=1) ave= 0.000E+00 +/- 0.00 % S(l=2) ave= 0.000E+00 +/- 0.00 % S(l=3) ave= 0.000E+00 +/- 0.00 % 
 ... random file  88 Cap(th)  ave= 2.411E-05 b. +/- 2.84 % || Ela(th) ave= 4.274E+00 b. +/- 2.84 % || RIcap ave= 1.58E-05 b. +/- 1.86 % || Macs30 ave= 2.03E-08 b. +/- 2.84 % || Gn^0(l=0) ave= 3.666E+01 +/- 23.19 % Gn^0(l=1) ave= 0.000E+00 +/- 0.00 % Gn^0(l=2) ave= 0.000E+00 +/- 0.00 % Gn^0(l=3) ave= 0.000E+00 +/- 0.00 % || Gtotal(l=0) ave= 1.932E+04 +/- 23.23 % Gtotal(l=1) ave= 0.000E+00 +/- 0.00 % Gtotal(l=2) ave= 0.000E+00 +/- 0.00 % Gtotal(l=3) ave= 0.000E+00 +/- 0.00 %  % || Gg(l=0) ave= 1.007E-04 +/- 4.80 % Gg(l=1) ave= 0.000E+00 +/- 0.00 % Gg(l=2) ave= 0.000E+00 +/- 0.00 % Gg(l=3) ave= 0.000E+00 +/- 0.00 %  % || D(l=0) ave= 0.000E+00 +/- 0.00 % D(l=1) ave= 0.000E+00 +/- 0.00 % D(l=2) ave= 0.000E+00 +/- 0.00 % D(l=3) ave= 0.000E+00 +/- 0.00 %  % || S(l=0) ave= 2.750E+01 +/- 23.19 % S(l=1) ave= 0.000E+00 +/- 0.00 % S(l=2) ave= 0.000E+00 +/- 0.00 % S(l=3) ave= 0.000E+00 +/- 0.00 % 
 ... random file  89 Cap(th)  ave= 2.412E-05 b. +/- 2.85 % || Ela(th) ave= 4.274E+00 b. +/- 2.83 % || RIcap ave= 1.58E-05 b. +/- 1.86 % || Macs30 ave= 2.04E-08 b. +/- 2.85 % || Gn^0(l=0) ave= 3.654E+01 +/- 23.34 % Gn^0(l=1) ave= 0.000E+00 +/- 0.00 % Gn^0(l=2) ave= 0.000E+00 +/- 0.00 % Gn^0(l=3) ave= 0.000E+00 +/- 0.00 % || Gtotal(l=0) ave= 1.925E+04 +/- 23.38 % Gtotal(l=1) ave= 0.000E+00 +/- 0.00 % Gtotal(l=2) ave= 0.000E+00 +/- 0.00 % Gtotal(l=3) ave= 0.000E+00 +/- 0.00 %  % || Gg(l=0) ave= 1.007E-04 +/- 4.78 % Gg(l=1) ave= 0.000E+00 +/- 0.00 % Gg(l=2) ave= 0.000E+00 +/- 0.00 % Gg(l=3) ave= 0.000E+00 +/- 0.00 %  % || D(l=0) ave= 0.000E+00 +/- 0.00 % D(l=1) ave= 0.000E+00 +/- 0.00 % D(l=2) ave= 0.000E+00 +/- 0.00 % D(l=3) ave= 0.000E+00 +/- 0.00 %  % || S(l=0) ave= 2.741E+01 +/- 23.34 % S(l=1) ave= 0.000E+00 +/- 0.00 % S(l=2) ave= 0.000E+00 +/- 0.00 % S(l=3) ave= 0.000E+00 +/- 0.00 % 
 ... random file  90 Cap(th)  ave= 2.412E-05 b. +/- 2.83 % || Ela(th) ave= 4.278E+00 b. +/- 2.96 % || RIcap ave= 1.58E-05 b. +/- 1.85 % || Macs30 ave= 2.04E-08 b. +/- 2.83 % || Gn^0(l=0) ave= 3.669E+01 +/- 23.43 % Gn^0(l=1) ave= 0.000E+00 +/- 0.00 % Gn^0(l=2) ave= 0.000E+00 +/- 0.00 % Gn^0(l=3) ave= 0.000E+00 +/- 0.00 % || Gtotal(l=0) ave= 1.934E+04 +/- 23.55 % Gtotal(l=1) ave= 0.000E+00 +/- 0.00 % Gtotal(l=2) ave= 0.000E+00 +/- 0.00 % Gtotal(l=3) ave= 0.000E+00 +/- 0.00 %  % || Gg(l=0) ave= 1.007E-04 +/- 4.76 % Gg(l=1) ave= 0.000E+00 +/- 0.00 % Gg(l=2) ave= 0.000E+00 +/- 0.00 % Gg(l=3) ave= 0.000E+00 +/- 0.00 %  % || D(l=0) ave= 0.000E+00 +/- 0.00 % D(l=1) ave= 0.000E+00 +/- 0.00 % D(l=2) ave= 0.000E+00 +/- 0.00 % D(l=3) ave= 0.000E+00 +/- 0.00 %  % || S(l=0) ave= 2.752E+01 +/- 23.43 % S(l=1) ave= 0.000E+00 +/- 0.00 % S(l=2) ave= 0.000E+00 +/- 0.00 % S(l=3) ave= 0.000E+00 +/- 0.00 % 
 ... random file  91 Cap(th)  ave= 2.412E-05 b. +/- 2.82 % || Ela(th) ave= 4.279E+00 b. +/- 2.94 % || RIcap ave= 1.58E-05 b. +/- 1.85 % || Macs30 ave= 2.04E-08 b. +/- 2.82 % || Gn^0(l=0) ave= 3.659E+01 +/- 23.53 % Gn^0(l=1) ave= 0.000E+00 +/- 0.00 % Gn^0(l=2) ave= 0.000E+00 +/- 0.00 % Gn^0(l=3) ave= 0.000E+00 +/- 0.00 % || Gtotal(l=0) ave= 1.929E+04 +/- 23.65 % Gtotal(l=1) ave= 0.000E+00 +/- 0.00 % Gtotal(l=2) ave= 0.000E+00 +/- 0.00 % Gtotal(l=3) ave= 0.000E+00 +/- 0.00 %  % || Gg(l=0) ave= 1.007E-04 +/- 4.74 % Gg(l=1) ave= 0.000E+00 +/- 0.00 % Gg(l=2) ave= 0.000E+00 +/- 0.00 % Gg(l=3) ave= 0.000E+00 +/- 0.00 %  % || D(l=0) ave= 0.000E+00 +/- 0.00 % D(l=1) ave= 0.000E+00 +/- 0.00 % D(l=2) ave= 0.000E+00 +/- 0.00 % D(l=3) ave= 0.000E+00 +/- 0.00 %  % || S(l=0) ave= 2.744E+01 +/- 23.53 % S(l=1) ave= 0.000E+00 +/- 0.00 % S(l=2) ave= 0.000E+00 +/- 0.00 % S(l=3) ave= 0.000E+00 +/- 0.00 % 
 ... random file  92 Cap(th)  ave= 2.412E-05 b. +/- 2.81 % || Ela(th) ave= 4.280E+00 b. +/- 2.94 % || RIcap ave= 1.58E-05 b. +/- 1.84 % || Macs30 ave= 2.04E-08 b. +/- 2.81 % || Gn^0(l=0) ave= 3.654E+01 +/- 23.46 % Gn^0(l=1) ave= 0.000E+00 +/- 0.00 % Gn^0(l=2) ave= 0.000E+00 +/- 0.00 % Gn^0(l=3) ave= 0.000E+00 +/- 0.00 % || Gtotal(l=0) ave= 1.927E+04 +/- 23.57 % Gtotal(l=1) ave= 0.000E+00 +/- 0.00 % Gtotal(l=2) ave= 0.000E+00 +/- 0.00 % Gtotal(l=3) ave= 0.000E+00 +/- 0.00 %  % || Gg(l=0) ave= 1.007E-04 +/- 4.75 % Gg(l=1) ave= 0.000E+00 +/- 0.00 % Gg(l=2) ave= 0.000E+00 +/- 0.00 % Gg(l=3) ave= 0.000E+00 +/- 0.00 %  % || D(l=0) ave= 0.000E+00 +/- 0.00 % D(l=1) ave= 0.000E+00 +/- 0.00 % D(l=2) ave= 0.000E+00 +/- 0.00 % D(l=3) ave= 0.000E+00 +/- 0.00 %  % || S(l=0) ave= 2.741E+01 +/- 23.46 % S(l=1) ave= 0.000E+00 +/- 0.00 % S(l=2) ave= 0.000E+00 +/- 0.00 % S(l=3) ave= 0.000E+00 +/- 0.00 % 
 ... random file  93 Cap(th)  ave= 2.412E-05 b. +/- 2.80 % || Ela(th) ave= 4.280E+00 b. +/- 2.92 % || RIcap ave= 1.58E-05 b. +/- 1.83 % || Macs30 ave= 2.04E-08 b. +/- 2.80 % || Gn^0(l=0) ave= 3.678E+01 +/- 23.99 % Gn^0(l=1) ave= 0.000E+00 +/- 0.00 % Gn^0(l=2) ave= 0.000E+00 +/- 0.00 % Gn^0(l=3) ave= 0.000E+00 +/- 0.00 % || Gtotal(l=0) ave= 1.939E+04 +/- 24.08 % Gtotal(l=1) ave= 0.000E+00 +/- 0.00 % Gtotal(l=2) ave= 0.000E+00 +/- 0.00 % Gtotal(l=3) ave= 0.000E+00 +/- 0.00 %  % || Gg(l=0) ave= 1.006E-04 +/- 4.74 % Gg(l=1) ave= 0.000E+00 +/- 0.00 % Gg(l=2) ave= 0.000E+00 +/- 0.00 % Gg(l=3) ave= 0.000E+00 +/- 0.00 %  % || D(l=0) ave= 0.000E+00 +/- 0.00 % D(l=1) ave= 0.000E+00 +/- 0.00 % D(l=2) ave= 0.000E+00 +/- 0.00 % D(l=3) ave= 0.000E+00 +/- 0.00 %  % || S(l=0) ave= 2.758E+01 +/- 23.99 % S(l=1) ave= 0.000E+00 +/- 0.00 % S(l=2) ave= 0.000E+00 +/- 0.00 % S(l=3) ave= 0.000E+00 +/- 0.00 % 
 ... random file  94 Cap(th)  ave= 2.411E-05 b. +/- 2.79 % || Ela(th) ave= 4.279E+00 b. +/- 2.91 % || RIcap ave= 1.58E-05 b. +/- 1.82 % || Macs30 ave= 2.03E-08 b. +/- 2.79 % || Gn^0(l=0) ave= 3.678E+01 +/- 23.86 % Gn^0(l=1) ave= 0.000E+00 +/- 0.00 % Gn^0(l=2) ave= 0.000E+00 +/- 0.00 % Gn^0(l=3) ave= 0.000E+00 +/- 0.00 % || Gtotal(l=0) ave= 1.939E+04 +/- 23.95 % Gtotal(l=1) ave= 0.000E+00 +/- 0.00 % Gtotal(l=2) ave= 0.000E+00 +/- 0.00 % Gtotal(l=3) ave= 0.000E+00 +/- 0.00 %  % || Gg(l=0) ave= 1.006E-04 +/- 4.75 % Gg(l=1) ave= 0.000E+00 +/- 0.00 % Gg(l=2) ave= 0.000E+00 +/- 0.00 % Gg(l=3) ave= 0.000E+00 +/- 0.00 %  % || D(l=0) ave= 0.000E+00 +/- 0.00 % D(l=1) ave= 0.000E+00 +/- 0.00 % D(l=2) ave= 0.000E+00 +/- 0.00 % D(l=3) ave= 0.000E+00 +/- 0.00 %  % || S(l=0) ave= 2.758E+01 +/- 23.86 % S(l=1) ave= 0.000E+00 +/- 0.00 % S(l=2) ave= 0.000E+00 +/- 0.00 % S(l=3) ave= 0.000E+00 +/- 0.00 % 
 ... random file  95 Cap(th)  ave= 2.411E-05 b. +/- 2.78 % || Ela(th) ave= 4.280E+00 b. +/- 2.90 % || RIcap ave= 1.58E-05 b. +/- 1.82 % || Macs30 ave= 2.03E-08 b. +/- 2.78 % || Gn^0(l=0) ave= 3.668E+01 +/- 23.96 % Gn^0(l=1) ave= 0.000E+00 +/- 0.00 % Gn^0(l=2) ave= 0.000E+00 +/- 0.00 % Gn^0(l=3) ave= 0.000E+00 +/- 0.00 % || Gtotal(l=0) ave= 1.934E+04 +/- 24.03 % Gtotal(l=1) ave= 0.000E+00 +/- 0.00 % Gtotal(l=2) ave= 0.000E+00 +/- 0.00 % Gtotal(l=3) ave= 0.000E+00 +/- 0.00 %  % || Gg(l=0) ave= 1.008E-04 +/- 5.09 % Gg(l=1) ave= 0.000E+00 +/- 0.00 % Gg(l=2) ave= 0.000E+00 +/- 0.00 % Gg(l=3) ave= 0.000E+00 +/- 0.00 %  % || D(l=0) ave= 0.000E+00 +/- 0.00 % D(l=1) ave= 0.000E+00 +/- 0.00 % D(l=2) ave= 0.000E+00 +/- 0.00 % D(l=3) ave= 0.000E+00 +/- 0.00 %  % || S(l=0) ave= 2.751E+01 +/- 23.96 % S(l=1) ave= 0.000E+00 +/- 0.00 % S(l=2) ave= 0.000E+00 +/- 0.00 % S(l=3) ave= 0.000E+00 +/- 0.00 % 
 ... random file  96 Cap(th)  ave= 2.411E-05 b. +/- 2.77 % || Ela(th) ave= 4.278E+00 b. +/- 2.92 % || RIcap ave= 1.58E-05 b. +/- 1.81 % || Macs30 ave= 2.03E-08 b. +/- 2.77 % || Gn^0(l=0) ave= 3.670E+01 +/- 23.83 % Gn^0(l=1) ave= 0.000E+00 +/- 0.00 % Gn^0(l=2) ave= 0.000E+00 +/- 0.00 % Gn^0(l=3) ave= 0.000E+00 +/- 0.00 % || Gtotal(l=0) ave= 1.935E+04 +/- 23.90 % Gtotal(l=1) ave= 0.000E+00 +/- 0.00 % Gtotal(l=2) ave= 0.000E+00 +/- 0.00 % Gtotal(l=3) ave= 0.000E+00 +/- 0.00 %  % || Gg(l=0) ave= 1.007E-04 +/- 5.16 % Gg(l=1) ave= 0.000E+00 +/- 0.00 % Gg(l=2) ave= 0.000E+00 +/- 0.00 % Gg(l=3) ave= 0.000E+00 +/- 0.00 %  % || D(l=0) ave= 0.000E+00 +/- 0.00 % D(l=1) ave= 0.000E+00 +/- 0.00 % D(l=2) ave= 0.000E+00 +/- 0.00 % D(l=3) ave= 0.000E+00 +/- 0.00 %  % || S(l=0) ave= 2.753E+01 +/- 23.83 % S(l=1) ave= 0.000E+00 +/- 0.00 % S(l=2) ave= 0.000E+00 +/- 0.00 % S(l=3) ave= 0.000E+00 +/- 0.00 % 
 ... random file  97 Cap(th)  ave= 2.411E-05 b. +/- 2.75 % || Ela(th) ave= 4.278E+00 b. +/- 2.91 % || RIcap ave= 1.58E-05 b. +/- 1.80 % || Macs30 ave= 2.03E-08 b. +/- 2.75 % || Gn^0(l=0) ave= 3.682E+01 +/- 23.84 % Gn^0(l=1) ave= 0.000E+00 +/- 0.00 % Gn^0(l=2) ave= 0.000E+00 +/- 0.00 % Gn^0(l=3) ave= 0.000E+00 +/- 0.00 % || Gtotal(l=0) ave= 1.941E+04 +/- 23.91 % Gtotal(l=1) ave= 0.000E+00 +/- 0.00 % Gtotal(l=2) ave= 0.000E+00 +/- 0.00 % Gtotal(l=3) ave= 0.000E+00 +/- 0.00 %  % || Gg(l=0) ave= 1.007E-04 +/- 5.14 % Gg(l=1) ave= 0.000E+00 +/- 0.00 % Gg(l=2) ave= 0.000E+00 +/- 0.00 % Gg(l=3) ave= 0.000E+00 +/- 0.00 %  % || D(l=0) ave= 0.000E+00 +/- 0.00 % D(l=1) ave= 0.000E+00 +/- 0.00 % D(l=2) ave= 0.000E+00 +/- 0.00 % D(l=3) ave= 0.000E+00 +/- 0.00 %  % || S(l=0) ave= 2.762E+01 +/- 23.84 % S(l=1) ave= 0.000E+00 +/- 0.00 % S(l=2) ave= 0.000E+00 +/- 0.00 % S(l=3) ave= 0.000E+00 +/- 0.00 % 
 ... random file  98 Cap(th)  ave= 2.413E-05 b. +/- 2.81 % || Ela(th) ave= 4.277E+00 b. +/- 2.90 % || RIcap ave= 1.58E-05 b. +/- 1.84 % || Macs30 ave= 2.04E-08 b. +/- 2.81 % || Gn^0(l=0) ave= 3.684E+01 +/- 23.71 % Gn^0(l=1) ave= 0.000E+00 +/- 0.00 % Gn^0(l=2) ave= 0.000E+00 +/- 0.00 % Gn^0(l=3) ave= 0.000E+00 +/- 0.00 % || Gtotal(l=0) ave= 1.942E+04 +/- 23.78 % Gtotal(l=1) ave= 0.000E+00 +/- 0.00 % Gtotal(l=2) ave= 0.000E+00 +/- 0.00 % Gtotal(l=3) ave= 0.000E+00 +/- 0.00 %  % || Gg(l=0) ave= 1.006E-04 +/- 5.19 % Gg(l=1) ave= 0.000E+00 +/- 0.00 % Gg(l=2) ave= 0.000E+00 +/- 0.00 % Gg(l=3) ave= 0.000E+00 +/- 0.00 %  % || D(l=0) ave= 0.000E+00 +/- 0.00 % D(l=1) ave= 0.000E+00 +/- 0.00 % D(l=2) ave= 0.000E+00 +/- 0.00 % D(l=3) ave= 0.000E+00 +/- 0.00 %  % || S(l=0) ave= 2.763E+01 +/- 23.71 % S(l=1) ave= 0.000E+00 +/- 0.00 % S(l=2) ave= 0.000E+00 +/- 0.00 % S(l=3) ave= 0.000E+00 +/- 0.00 % 
 ... random file  99 Cap(th)  ave= 2.414E-05 b. +/- 2.86 % || Ela(th) ave= 4.277E+00 b. +/- 2.89 % || RIcap ave= 1.58E-05 b. +/- 1.87 % || Macs30 ave= 2.04E-08 b. +/- 2.86 % || Gn^0(l=0) ave= 3.683E+01 +/- 23.59 % Gn^0(l=1) ave= 0.000E+00 +/- 0.00 % Gn^0(l=2) ave= 0.000E+00 +/- 0.00 % Gn^0(l=3) ave= 0.000E+00 +/- 0.00 % || Gtotal(l=0) ave= 1.941E+04 +/- 23.67 % Gtotal(l=1) ave= 0.000E+00 +/- 0.00 % Gtotal(l=2) ave= 0.000E+00 +/- 0.00 % Gtotal(l=3) ave= 0.000E+00 +/- 0.00 %  % || Gg(l=0) ave= 1.006E-04 +/- 5.19 % Gg(l=1) ave= 0.000E+00 +/- 0.00 % Gg(l=2) ave= 0.000E+00 +/- 0.00 % Gg(l=3) ave= 0.000E+00 +/- 0.00 %  % || D(l=0) ave= 0.000E+00 +/- 0.00 % D(l=1) ave= 0.000E+00 +/- 0.00 % D(l=2) ave= 0.000E+00 +/- 0.00 % D(l=3) ave= 0.000E+00 +/- 0.00 %  % || S(l=0) ave= 2.763E+01 +/- 23.59 % S(l=1) ave= 0.000E+00 +/- 0.00 % S(l=2) ave= 0.000E+00 +/- 0.00 % S(l=3) ave= 0.000E+00 +/- 0.00 % 
 ... random file  100 Cap(th)  ave= 2.414E-05 b. +/- 2.85 % || Ela(th) ave= 4.278E+00 b. +/- 2.89 % || RIcap ave= 1.58E-05 b. +/- 1.86 % || Macs30 ave= 2.04E-08 b. +/- 2.85 % || Gn^0(l=0) ave= 3.672E+01 +/- 23.77 % Gn^0(l=1) ave= 0.000E+00 +/- 0.00 % Gn^0(l=2) ave= 0.000E+00 +/- 0.00 % Gn^0(l=3) ave= 0.000E+00 +/- 0.00 % || Gtotal(l=0) ave= 1.935E+04 +/- 23.82 % Gtotal(l=1) ave= 0.000E+00 +/- 0.00 % Gtotal(l=2) ave= 0.000E+00 +/- 0.00 % Gtotal(l=3) ave= 0.000E+00 +/- 0.00 %  % || Gg(l=0) ave= 1.006E-04 +/- 5.17 % Gg(l=1) ave= 0.000E+00 +/- 0.00 % Gg(l=2) ave= 0.000E+00 +/- 0.00 % Gg(l=3) ave= 0.000E+00 +/- 0.00 %  % || D(l=0) ave= 0.000E+00 +/- 0.00 % D(l=1) ave= 0.000E+00 +/- 0.00 % D(l=2) ave= 0.000E+00 +/- 0.00 % D(l=3) ave= 0.000E+00 +/- 0.00 %  % || S(l=0) ave= 2.754E+01 +/- 23.77 % S(l=1) ave= 0.000E+00 +/- 0.00 % S(l=2) ave= 0.000E+00 +/- 0.00 % S(l=3) ave= 0.000E+00 +/- 0.00 % 
 ... random file  101 Cap(th)  ave= 2.413E-05 b. +/- 2.86 % || Ela(th) ave= 4.277E+00 b. +/- 2.88 % || RIcap ave= 1.58E-05 b. +/- 1.87 % || Macs30 ave= 2.04E-08 b. +/- 2.86 % || Gn^0(l=0) ave= 3.681E+01 +/- 23.72 % Gn^0(l=1) ave= 0.000E+00 +/- 0.00 % Gn^0(l=2) ave= 0.000E+00 +/- 0.00 % Gn^0(l=3) ave= 0.000E+00 +/- 0.00 % || Gtotal(l=0) ave= 1.940E+04 +/- 23.77 % Gtotal(l=1) ave= 0.000E+00 +/- 0.00 % Gtotal(l=2) ave= 0.000E+00 +/- 0.00 % Gtotal(l=3) ave= 0.000E+00 +/- 0.00 %  % || Gg(l=0) ave= 1.005E-04 +/- 5.19 % Gg(l=1) ave= 0.000E+00 +/- 0.00 % Gg(l=2) ave= 0.000E+00 +/- 0.00 % Gg(l=3) ave= 0.000E+00 +/- 0.00 %  % || D(l=0) ave= 0.000E+00 +/- 0.00 % D(l=1) ave= 0.000E+00 +/- 0.00 % D(l=2) ave= 0.000E+00 +/- 0.00 % D(l=3) ave= 0.000E+00 +/- 0.00 %  % || S(l=0) ave= 2.761E+01 +/- 23.72 % S(l=1) ave= 0.000E+00 +/- 0.00 % S(l=2) ave= 0.000E+00 +/- 0.00 % S(l=3) ave= 0.000E+00 +/- 0.00 % 
 ... random file  102 Cap(th)  ave= 2.414E-05 b. +/- 2.90 % || Ela(th) ave= 4.277E+00 b. +/- 2.87 % || RIcap ave= 1.58E-05 b. +/- 1.90 % || Macs30 ave= 2.04E-08 b. +/- 2.90 % || Gn^0(l=0) ave= 3.676E+01 +/- 23.66 % Gn^0(l=1) ave= 0.000E+00 +/- 0.00 % Gn^0(l=2) ave= 0.000E+00 +/- 0.00 % Gn^0(l=3) ave= 0.000E+00 +/- 0.00 % || Gtotal(l=0) ave= 1.938E+04 +/- 23.71 % Gtotal(l=1) ave= 0.000E+00 +/- 0.00 % Gtotal(l=2) ave= 0.000E+00 +/- 0.00 % Gtotal(l=3) ave= 0.000E+00 +/- 0.00 %  % || Gg(l=0) ave= 1.004E-04 +/- 5.20 % Gg(l=1) ave= 0.000E+00 +/- 0.00 % Gg(l=2) ave= 0.000E+00 +/- 0.00 % Gg(l=3) ave= 0.000E+00 +/- 0.00 %  % || D(l=0) ave= 0.000E+00 +/- 0.00 % D(l=1) ave= 0.000E+00 +/- 0.00 % D(l=2) ave= 0.000E+00 +/- 0.00 % D(l=3) ave= 0.000E+00 +/- 0.00 %  % || S(l=0) ave= 2.757E+01 +/- 23.66 % S(l=1) ave= 0.000E+00 +/- 0.00 % S(l=2) ave= 0.000E+00 +/- 0.00 % S(l=3) ave= 0.000E+00 +/- 0.00 % 
 ... random file  103 Cap(th)  ave= 2.414E-05 b. +/- 2.89 % || Ela(th) ave= 4.276E+00 b. +/- 2.87 % || RIcap ave= 1.58E-05 b. +/- 1.89 % || Macs30 ave= 2.04E-08 b. +/- 2.89 % || Gn^0(l=0) ave= 3.693E+01 +/- 23.90 % Gn^0(l=1) ave= 0.000E+00 +/- 0.00 % Gn^0(l=2) ave= 0.000E+00 +/- 0.00 % Gn^0(l=3) ave= 0.000E+00 +/- 0.00 % || Gtotal(l=0) ave= 1.946E+04 +/- 23.90 % Gtotal(l=1) ave= 0.000E+00 +/- 0.00 % Gtotal(l=2) ave= 0.000E+00 +/- 0.00 % Gtotal(l=3) ave= 0.000E+00 +/- 0.00 %  % || Gg(l=0) ave= 1.004E-04 +/- 5.18 % Gg(l=1) ave= 0.000E+00 +/- 0.00 % Gg(l=2) ave= 0.000E+00 +/- 0.00 % Gg(l=3) ave= 0.000E+00 +/- 0.00 %  % || D(l=0) ave= 0.000E+00 +/- 0.00 % D(l=1) ave= 0.000E+00 +/- 0.00 % D(l=2) ave= 0.000E+00 +/- 0.00 % D(l=3) ave= 0.000E+00 +/- 0.00 %  % || S(l=0) ave= 2.770E+01 +/- 23.90 % S(l=1) ave= 0.000E+00 +/- 0.00 % S(l=2) ave= 0.000E+00 +/- 0.00 % S(l=3) ave= 0.000E+00 +/- 0.00 % 
 ... random file  104 Cap(th)  ave= 2.414E-05 b. +/- 2.88 % || Ela(th) ave= 4.276E+00 b. +/- 2.86 % || RIcap ave= 1.58E-05 b. +/- 1.88 % || Macs30 ave= 2.04E-08 b. +/- 2.88 % || Gn^0(l=0) ave= 3.682E+01 +/- 24.08 % Gn^0(l=1) ave= 0.000E+00 +/- 0.00 % Gn^0(l=2) ave= 0.000E+00 +/- 0.00 % Gn^0(l=3) ave= 0.000E+00 +/- 0.00 % || Gtotal(l=0) ave= 1.940E+04 +/- 24.09 % Gtotal(l=1) ave= 0.000E+00 +/- 0.00 % Gtotal(l=2) ave= 0.000E+00 +/- 0.00 % Gtotal(l=3) ave= 0.000E+00 +/- 0.00 %  % || Gg(l=0) ave= 1.004E-04 +/- 5.16 % Gg(l=1) ave= 0.000E+00 +/- 0.00 % Gg(l=2) ave= 0.000E+00 +/- 0.00 % Gg(l=3) ave= 0.000E+00 +/- 0.00 %  % || D(l=0) ave= 0.000E+00 +/- 0.00 % D(l=1) ave= 0.000E+00 +/- 0.00 % D(l=2) ave= 0.000E+00 +/- 0.00 % D(l=3) ave= 0.000E+00 +/- 0.00 %  % || S(l=0) ave= 2.761E+01 +/- 24.08 % S(l=1) ave= 0.000E+00 +/- 0.00 % S(l=2) ave= 0.000E+00 +/- 0.00 % S(l=3) ave= 0.000E+00 +/- 0.00 % 
 ... random file  105 Cap(th)  ave= 2.413E-05 b. +/- 2.88 % || Ela(th) ave= 4.274E+00 b. +/- 2.89 % || RIcap ave= 1.58E-05 b. +/- 1.88 % || Macs30 ave= 2.04E-08 b. +/- 2.88 % || Gn^0(l=0) ave= 3.674E+01 +/- 24.09 % Gn^0(l=1) ave= 0.000E+00 +/- 0.00 % Gn^0(l=2) ave= 0.000E+00 +/- 0.00 % Gn^0(l=3) ave= 0.000E+00 +/- 0.00 % || Gtotal(l=0) ave= 1.936E+04 +/- 24.13 % Gtotal(l=1) ave= 0.000E+00 +/- 0.00 % Gtotal(l=2) ave= 0.000E+00 +/- 0.00 % Gtotal(l=3) ave= 0.000E+00 +/- 0.00 %  % || Gg(l=0) ave= 1.005E-04 +/- 5.13 % Gg(l=1) ave= 0.000E+00 +/- 0.00 % Gg(l=2) ave= 0.000E+00 +/- 0.00 % Gg(l=3) ave= 0.000E+00 +/- 0.00 %  % || D(l=0) ave= 0.000E+00 +/- 0.00 % D(l=1) ave= 0.000E+00 +/- 0.00 % D(l=2) ave= 0.000E+00 +/- 0.00 % D(l=3) ave= 0.000E+00 +/- 0.00 %  % || S(l=0) ave= 2.756E+01 +/- 24.09 % S(l=1) ave= 0.000E+00 +/- 0.00 % S(l=2) ave= 0.000E+00 +/- 0.00 % S(l=3) ave= 0.000E+00 +/- 0.00 % 
 ... random file  106 Cap(th)  ave= 2.414E-05 b. +/- 2.87 % || Ela(th) ave= 4.274E+00 b. +/- 2.88 % || RIcap ave= 1.58E-05 b. +/- 1.88 % || Macs30 ave= 2.04E-08 b. +/- 2.87 % || Gn^0(l=0) ave= 3.671E+01 +/- 24.02 % Gn^0(l=1) ave= 0.000E+00 +/- 0.00 % Gn^0(l=2) ave= 0.000E+00 +/- 0.00 % Gn^0(l=3) ave= 0.000E+00 +/- 0.00 % || Gtotal(l=0) ave= 1.934E+04 +/- 24.05 % Gtotal(l=1) ave= 0.000E+00 +/- 0.00 % Gtotal(l=2) ave= 0.000E+00 +/- 0.00 % Gtotal(l=3) ave= 0.000E+00 +/- 0.00 %  % || Gg(l=0) ave= 1.005E-04 +/- 5.11 % Gg(l=1) ave= 0.000E+00 +/- 0.00 % Gg(l=2) ave= 0.000E+00 +/- 0.00 % Gg(l=3) ave= 0.000E+00 +/- 0.00 %  % || D(l=0) ave= 0.000E+00 +/- 0.00 % D(l=1) ave= 0.000E+00 +/- 0.00 % D(l=2) ave= 0.000E+00 +/- 0.00 % D(l=3) ave= 0.000E+00 +/- 0.00 %  % || S(l=0) ave= 2.753E+01 +/- 24.02 % S(l=1) ave= 0.000E+00 +/- 0.00 % S(l=2) ave= 0.000E+00 +/- 0.00 % S(l=3) ave= 0.000E+00 +/- 0.00 % 
 ... random file  107 Cap(th)  ave= 2.415E-05 b. +/- 2.88 % || Ela(th) ave= 4.272E+00 b. +/- 2.91 % || RIcap ave= 1.58E-05 b. +/- 1.88 % || Macs30 ave= 2.04E-08 b. +/- 2.88 % || Gn^0(l=0) ave= 3.677E+01 +/- 23.92 % Gn^0(l=1) ave= 0.000E+00 +/- 0.00 % Gn^0(l=2) ave= 0.000E+00 +/- 0.00 % Gn^0(l=3) ave= 0.000E+00 +/- 0.00 % || Gtotal(l=0) ave= 1.937E+04 +/- 23.95 % Gtotal(l=1) ave= 0.000E+00 +/- 0.00 % Gtotal(l=2) ave= 0.000E+00 +/- 0.00 % Gtotal(l=3) ave= 0.000E+00 +/- 0.00 %  % || Gg(l=0) ave= 1.004E-04 +/- 5.12 % Gg(l=1) ave= 0.000E+00 +/- 0.00 % Gg(l=2) ave= 0.000E+00 +/- 0.00 % Gg(l=3) ave= 0.000E+00 +/- 0.00 %  % || D(l=0) ave= 0.000E+00 +/- 0.00 % D(l=1) ave= 0.000E+00 +/- 0.00 % D(l=2) ave= 0.000E+00 +/- 0.00 % D(l=3) ave= 0.000E+00 +/- 0.00 %  % || S(l=0) ave= 2.758E+01 +/- 23.92 % S(l=1) ave= 0.000E+00 +/- 0.00 % S(l=2) ave= 0.000E+00 +/- 0.00 % S(l=3) ave= 0.000E+00 +/- 0.00 % 
 ... random file  108 Cap(th)  ave= 2.414E-05 b. +/- 2.87 % || Ela(th) ave= 4.270E+00 b. +/- 2.91 % || RIcap ave= 1.58E-05 b. +/- 1.88 % || Macs30 ave= 2.04E-08 b. +/- 2.87 % || Gn^0(l=0) ave= 3.664E+01 +/- 24.16 % Gn^0(l=1) ave= 0.000E+00 +/- 0.00 % Gn^0(l=2) ave= 0.000E+00 +/- 0.00 % Gn^0(l=3) ave= 0.000E+00 +/- 0.00 % || Gtotal(l=0) ave= 1.930E+04 +/- 24.20 % Gtotal(l=1) ave= 0.000E+00 +/- 0.00 % Gtotal(l=2) ave= 0.000E+00 +/- 0.00 % Gtotal(l=3) ave= 0.000E+00 +/- 0.00 %  % || Gg(l=0) ave= 1.004E-04 +/- 5.11 % Gg(l=1) ave= 0.000E+00 +/- 0.00 % Gg(l=2) ave= 0.000E+00 +/- 0.00 % Gg(l=3) ave= 0.000E+00 +/- 0.00 %  % || D(l=0) ave= 0.000E+00 +/- 0.00 % D(l=1) ave= 0.000E+00 +/- 0.00 % D(l=2) ave= 0.000E+00 +/- 0.00 % D(l=3) ave= 0.000E+00 +/- 0.00 %  % || S(l=0) ave= 2.748E+01 +/- 24.16 % S(l=1) ave= 0.000E+00 +/- 0.00 % S(l=2) ave= 0.000E+00 +/- 0.00 % S(l=3) ave= 0.000E+00 +/- 0.00 % 
 ... random file  109 Cap(th)  ave= 2.414E-05 b. +/- 2.86 % || Ela(th) ave= 4.270E+00 b. +/- 2.90 % || RIcap ave= 1.58E-05 b. +/- 1.87 % || Macs30 ave= 2.04E-08 b. +/- 2.86 % || Gn^0(l=0) ave= 3.659E+01 +/- 24.13 % Gn^0(l=1) ave= 0.000E+00 +/- 0.00 % Gn^0(l=2) ave= 0.000E+00 +/- 0.00 % Gn^0(l=3) ave= 0.000E+00 +/- 0.00 % || Gtotal(l=0) ave= 1.927E+04 +/- 24.17 % Gtotal(l=1) ave= 0.000E+00 +/- 0.00 % Gtotal(l=2) ave= 0.000E+00 +/- 0.00 % Gtotal(l=3) ave= 0.000E+00 +/- 0.00 %  % || Gg(l=0) ave= 1.005E-04 +/- 5.10 % Gg(l=1) ave= 0.000E+00 +/- 0.00 % Gg(l=2) ave= 0.000E+00 +/- 0.00 % Gg(l=3) ave= 0.000E+00 +/- 0.00 %  % || D(l=0) ave= 0.000E+00 +/- 0.00 % D(l=1) ave= 0.000E+00 +/- 0.00 % D(l=2) ave= 0.000E+00 +/- 0.00 % D(l=3) ave= 0.000E+00 +/- 0.00 %  % || S(l=0) ave= 2.744E+01 +/- 24.13 % S(l=1) ave= 0.000E+00 +/- 0.00 % S(l=2) ave= 0.000E+00 +/- 0.00 % S(l=3) ave= 0.000E+00 +/- 0.00 % 
 ... random file  110 Cap(th)  ave= 2.415E-05 b. +/- 2.85 % || Ela(th) ave= 4.270E+00 b. +/- 2.89 % || RIcap ave= 1.58E-05 b. +/- 1.86 % || Macs30 ave= 2.04E-08 b. +/- 2.85 % || Gn^0(l=0) ave= 3.660E+01 +/- 24.02 % Gn^0(l=1) ave= 0.000E+00 +/- 0.00 % Gn^0(l=2) ave= 0.000E+00 +/- 0.00 % Gn^0(l=3) ave= 0.000E+00 +/- 0.00 % || Gtotal(l=0) ave= 1.928E+04 +/- 24.05 % Gtotal(l=1) ave= 0.000E+00 +/- 0.00 % Gtotal(l=2) ave= 0.000E+00 +/- 0.00 % Gtotal(l=3) ave= 0.000E+00 +/- 0.00 %  % || Gg(l=0) ave= 1.004E-04 +/- 5.10 % Gg(l=1) ave= 0.000E+00 +/- 0.00 % Gg(l=2) ave= 0.000E+00 +/- 0.00 % Gg(l=3) ave= 0.000E+00 +/- 0.00 %  % || D(l=0) ave= 0.000E+00 +/- 0.00 % D(l=1) ave= 0.000E+00 +/- 0.00 % D(l=2) ave= 0.000E+00 +/- 0.00 % D(l=3) ave= 0.000E+00 +/- 0.00 %  % || S(l=0) ave= 2.745E+01 +/- 24.02 % S(l=1) ave= 0.000E+00 +/- 0.00 % S(l=2) ave= 0.000E+00 +/- 0.00 % S(l=3) ave= 0.000E+00 +/- 0.00 % 
 ... random file  111 Cap(th)  ave= 2.415E-05 b. +/- 2.85 % || Ela(th) ave= 4.270E+00 b. +/- 2.87 % || RIcap ave= 1.58E-05 b. +/- 1.86 % || Macs30 ave= 2.04E-08 b. +/- 2.85 % || Gn^0(l=0) ave= 3.664E+01 +/- 23.91 % Gn^0(l=1) ave= 0.000E+00 +/- 0.00 % Gn^0(l=2) ave= 0.000E+00 +/- 0.00 % Gn^0(l=3) ave= 0.000E+00 +/- 0.00 % || Gtotal(l=0) ave= 1.929E+04 +/- 23.95 % Gtotal(l=1) ave= 0.000E+00 +/- 0.00 % Gtotal(l=2) ave= 0.000E+00 +/- 0.00 % Gtotal(l=3) ave= 0.000E+00 +/- 0.00 %  % || Gg(l=0) ave= 1.004E-04 +/- 5.09 % Gg(l=1) ave= 0.000E+00 +/- 0.00 % Gg(l=2) ave= 0.000E+00 +/- 0.00 % Gg(l=3) ave= 0.000E+00 +/- 0.00 %  % || D(l=0) ave= 0.000E+00 +/- 0.00 % D(l=1) ave= 0.000E+00 +/- 0.00 % D(l=2) ave= 0.000E+00 +/- 0.00 % D(l=3) ave= 0.000E+00 +/- 0.00 %  % || S(l=0) ave= 2.748E+01 +/- 23.91 % S(l=1) ave= 0.000E+00 +/- 0.00 % S(l=2) ave= 0.000E+00 +/- 0.00 % S(l=3) ave= 0.000E+00 +/- 0.00 % 
 ... random file  112 Cap(th)  ave= 2.415E-05 b. +/- 2.84 % || Ela(th) ave= 4.269E+00 b. +/- 2.86 % || RIcap ave= 1.58E-05 b. +/- 1.86 % || Macs30 ave= 2.04E-08 b. +/- 2.84 % || Gn^0(l=0) ave= 3.674E+01 +/- 23.93 % Gn^0(l=1) ave= 0.000E+00 +/- 0.00 % Gn^0(l=2) ave= 0.000E+00 +/- 0.00 % Gn^0(l=3) ave= 0.000E+00 +/- 0.00 % || Gtotal(l=0) ave= 1.935E+04 +/- 23.96 % Gtotal(l=1) ave= 0.000E+00 +/- 0.00 % Gtotal(l=2) ave= 0.000E+00 +/- 0.00 % Gtotal(l=3) ave= 0.000E+00 +/- 0.00 %  % || Gg(l=0) ave= 1.004E-04 +/- 5.07 % Gg(l=1) ave= 0.000E+00 +/- 0.00 % Gg(l=2) ave= 0.000E+00 +/- 0.00 % Gg(l=3) ave= 0.000E+00 +/- 0.00 %  % || D(l=0) ave= 0.000E+00 +/- 0.00 % D(l=1) ave= 0.000E+00 +/- 0.00 % D(l=2) ave= 0.000E+00 +/- 0.00 % D(l=3) ave= 0.000E+00 +/- 0.00 %  % || S(l=0) ave= 2.756E+01 +/- 23.93 % S(l=1) ave= 0.000E+00 +/- 0.00 % S(l=2) ave= 0.000E+00 +/- 0.00 % S(l=3) ave= 0.000E+00 +/- 0.00 % 
 ... random file  113 Cap(th)  ave= 2.416E-05 b. +/- 2.88 % || Ela(th) ave= 4.270E+00 b. +/- 2.86 % || RIcap ave= 1.58E-05 b. +/- 1.88 % || Macs30 ave= 2.04E-08 b. +/- 2.88 % || Gn^0(l=0) ave= 3.677E+01 +/- 23.82 % Gn^0(l=1) ave= 0.000E+00 +/- 0.00 % Gn^0(l=2) ave= 0.000E+00 +/- 0.00 % Gn^0(l=3) ave= 0.000E+00 +/- 0.00 % || Gtotal(l=0) ave= 1.936E+04 +/- 23.85 % Gtotal(l=1) ave= 0.000E+00 +/- 0.00 % Gtotal(l=2) ave= 0.000E+00 +/- 0.00 % Gtotal(l=3) ave= 0.000E+00 +/- 0.00 %  % || Gg(l=0) ave= 1.004E-04 +/- 5.05 % Gg(l=1) ave= 0.000E+00 +/- 0.00 % Gg(l=2) ave= 0.000E+00 +/- 0.00 % Gg(l=3) ave= 0.000E+00 +/- 0.00 %  % || D(l=0) ave= 0.000E+00 +/- 0.00 % D(l=1) ave= 0.000E+00 +/- 0.00 % D(l=2) ave= 0.000E+00 +/- 0.00 % D(l=3) ave= 0.000E+00 +/- 0.00 %  % || S(l=0) ave= 2.758E+01 +/- 23.82 % S(l=1) ave= 0.000E+00 +/- 0.00 % S(l=2) ave= 0.000E+00 +/- 0.00 % S(l=3) ave= 0.000E+00 +/- 0.00 % 
 ... random file  114 Cap(th)  ave= 2.415E-05 b. +/- 2.89 % || Ela(th) ave= 4.270E+00 b. +/- 2.84 % || RIcap ave= 1.58E-05 b. +/- 1.89 % || Macs30 ave= 2.04E-08 b. +/- 2.89 % || Gn^0(l=0) ave= 3.682E+01 +/- 23.73 % Gn^0(l=1) ave= 0.000E+00 +/- 0.00 % Gn^0(l=2) ave= 0.000E+00 +/- 0.00 % Gn^0(l=3) ave= 0.000E+00 +/- 0.00 % || Gtotal(l=0) ave= 1.939E+04 +/- 23.76 % Gtotal(l=1) ave= 0.000E+00 +/- 0.00 % Gtotal(l=2) ave= 0.000E+00 +/- 0.00 % Gtotal(l=3) ave= 0.000E+00 +/- 0.00 %  % || Gg(l=0) ave= 1.004E-04 +/- 5.03 % Gg(l=1) ave= 0.000E+00 +/- 0.00 % Gg(l=2) ave= 0.000E+00 +/- 0.00 % Gg(l=3) ave= 0.000E+00 +/- 0.00 %  % || D(l=0) ave= 0.000E+00 +/- 0.00 % D(l=1) ave= 0.000E+00 +/- 0.00 % D(l=2) ave= 0.000E+00 +/- 0.00 % D(l=3) ave= 0.000E+00 +/- 0.00 %  % || S(l=0) ave= 2.762E+01 +/- 23.73 % S(l=1) ave= 0.000E+00 +/- 0.00 % S(l=2) ave= 0.000E+00 +/- 0.00 % S(l=3) ave= 0.000E+00 +/- 0.00 % 
 ... random file  115 Cap(th)  ave= 2.415E-05 b. +/- 2.88 % || Ela(th) ave= 4.272E+00 b. +/- 2.86 % || RIcap ave= 1.58E-05 b. +/- 1.88 % || Macs30 ave= 2.04E-08 b. +/- 2.88 % || Gn^0(l=0) ave= 3.686E+01 +/- 23.63 % Gn^0(l=1) ave= 0.000E+00 +/- 0.00 % Gn^0(l=2) ave= 0.000E+00 +/- 0.00 % Gn^0(l=3) ave= 0.000E+00 +/- 0.00 % || Gtotal(l=0) ave= 1.942E+04 +/- 23.67 % Gtotal(l=1) ave= 0.000E+00 +/- 0.00 % Gtotal(l=2) ave= 0.000E+00 +/- 0.00 % Gtotal(l=3) ave= 0.000E+00 +/- 0.00 %  % || Gg(l=0) ave= 1.004E-04 +/- 5.02 % Gg(l=1) ave= 0.000E+00 +/- 0.00 % Gg(l=2) ave= 0.000E+00 +/- 0.00 % Gg(l=3) ave= 0.000E+00 +/- 0.00 %  % || D(l=0) ave= 0.000E+00 +/- 0.00 % D(l=1) ave= 0.000E+00 +/- 0.00 % D(l=2) ave= 0.000E+00 +/- 0.00 % D(l=3) ave= 0.000E+00 +/- 0.00 %  % || S(l=0) ave= 2.765E+01 +/- 23.63 % S(l=1) ave= 0.000E+00 +/- 0.00 % S(l=2) ave= 0.000E+00 +/- 0.00 % S(l=3) ave= 0.000E+00 +/- 0.00 % 
 ... random file  116 Cap(th)  ave= 2.414E-05 b. +/- 2.91 % || Ela(th) ave= 4.272E+00 b. +/- 2.85 % || RIcap ave= 1.58E-05 b. +/- 1.90 % || Macs30 ave= 2.04E-08 b. +/- 2.91 % || Gn^0(l=0) ave= 3.685E+01 +/- 23.55 % Gn^0(l=1) ave= 0.000E+00 +/- 0.00 % Gn^0(l=2) ave= 0.000E+00 +/- 0.00 % Gn^0(l=3) ave= 0.000E+00 +/- 0.00 % || Gtotal(l=0) ave= 1.941E+04 +/- 23.58 % Gtotal(l=1) ave= 0.000E+00 +/- 0.00 % Gtotal(l=2) ave= 0.000E+00 +/- 0.00 % Gtotal(l=3) ave= 0.000E+00 +/- 0.00 %  % || Gg(l=0) ave= 1.003E-04 +/- 5.02 % Gg(l=1) ave= 0.000E+00 +/- 0.00 % Gg(l=2) ave= 0.000E+00 +/- 0.00 % Gg(l=3) ave= 0.000E+00 +/- 0.00 %  % || D(l=0) ave= 0.000E+00 +/- 0.00 % D(l=1) ave= 0.000E+00 +/- 0.00 % D(l=2) ave= 0.000E+00 +/- 0.00 % D(l=3) ave= 0.000E+00 +/- 0.00 %  % || S(l=0) ave= 2.764E+01 +/- 23.55 % S(l=1) ave= 0.000E+00 +/- 0.00 % S(l=2) ave= 0.000E+00 +/- 0.00 % S(l=3) ave= 0.000E+00 +/- 0.00 % 
 ... random file  117 Cap(th)  ave= 2.415E-05 b. +/- 2.90 % || Ela(th) ave= 4.271E+00 b. +/- 2.86 % || RIcap ave= 1.58E-05 b. +/- 1.90 % || Macs30 ave= 2.04E-08 b. +/- 2.90 % || Gn^0(l=0) ave= 3.691E+01 +/- 23.47 % Gn^0(l=1) ave= 0.000E+00 +/- 0.00 % Gn^0(l=2) ave= 0.000E+00 +/- 0.00 % Gn^0(l=3) ave= 0.000E+00 +/- 0.00 % || Gtotal(l=0) ave= 1.944E+04 +/- 23.50 % Gtotal(l=1) ave= 0.000E+00 +/- 0.00 % Gtotal(l=2) ave= 0.000E+00 +/- 0.00 % Gtotal(l=3) ave= 0.000E+00 +/- 0.00 %  % || Gg(l=0) ave= 1.003E-04 +/- 5.04 % Gg(l=1) ave= 0.000E+00 +/- 0.00 % Gg(l=2) ave= 0.000E+00 +/- 0.00 % Gg(l=3) ave= 0.000E+00 +/- 0.00 %  % || D(l=0) ave= 0.000E+00 +/- 0.00 % D(l=1) ave= 0.000E+00 +/- 0.00 % D(l=2) ave= 0.000E+00 +/- 0.00 % D(l=3) ave= 0.000E+00 +/- 0.00 %  % || S(l=0) ave= 2.768E+01 +/- 23.47 % S(l=1) ave= 0.000E+00 +/- 0.00 % S(l=2) ave= 0.000E+00 +/- 0.00 % S(l=3) ave= 0.000E+00 +/- 0.00 % 
 ... random file  118 Cap(th)  ave= 2.415E-05 b. +/- 2.89 % || Ela(th) ave= 4.270E+00 b. +/- 2.86 % || RIcap ave= 1.58E-05 b. +/- 1.89 % || Macs30 ave= 2.04E-08 b. +/- 2.89 % || Gn^0(l=0) ave= 3.698E+01 +/- 23.43 % Gn^0(l=1) ave= 0.000E+00 +/- 0.00 % Gn^0(l=2) ave= 0.000E+00 +/- 0.00 % Gn^0(l=3) ave= 0.000E+00 +/- 0.00 % || Gtotal(l=0) ave= 1.948E+04 +/- 23.44 % Gtotal(l=1) ave= 0.000E+00 +/- 0.00 % Gtotal(l=2) ave= 0.000E+00 +/- 0.00 % Gtotal(l=3) ave= 0.000E+00 +/- 0.00 %  % || Gg(l=0) ave= 1.003E-04 +/- 5.02 % Gg(l=1) ave= 0.000E+00 +/- 0.00 % Gg(l=2) ave= 0.000E+00 +/- 0.00 % Gg(l=3) ave= 0.000E+00 +/- 0.00 %  % || D(l=0) ave= 0.000E+00 +/- 0.00 % D(l=1) ave= 0.000E+00 +/- 0.00 % D(l=2) ave= 0.000E+00 +/- 0.00 % D(l=3) ave= 0.000E+00 +/- 0.00 %  % || S(l=0) ave= 2.774E+01 +/- 23.43 % S(l=1) ave= 0.000E+00 +/- 0.00 % S(l=2) ave= 0.000E+00 +/- 0.00 % S(l=3) ave= 0.000E+00 +/- 0.00 % 
 ... random file  119 Cap(th)  ave= 2.415E-05 b. +/- 2.89 % || Ela(th) ave= 4.270E+00 b. +/- 2.85 % || RIcap ave= 1.58E-05 b. +/- 1.89 % || Macs30 ave= 2.04E-08 b. +/- 2.89 % || Gn^0(l=0) ave= 3.703E+01 +/- 23.34 % Gn^0(l=1) ave= 0.000E+00 +/- 0.00 % Gn^0(l=2) ave= 0.000E+00 +/- 0.00 % Gn^0(l=3) ave= 0.000E+00 +/- 0.00 % || Gtotal(l=0) ave= 1.950E+04 +/- 23.35 % Gtotal(l=1) ave= 0.000E+00 +/- 0.00 % Gtotal(l=2) ave= 0.000E+00 +/- 0.00 % Gtotal(l=3) ave= 0.000E+00 +/- 0.00 %  % || Gg(l=0) ave= 1.002E-04 +/- 5.07 % Gg(l=1) ave= 0.000E+00 +/- 0.00 % Gg(l=2) ave= 0.000E+00 +/- 0.00 % Gg(l=3) ave= 0.000E+00 +/- 0.00 %  % || D(l=0) ave= 0.000E+00 +/- 0.00 % D(l=1) ave= 0.000E+00 +/- 0.00 % D(l=2) ave= 0.000E+00 +/- 0.00 % D(l=3) ave= 0.000E+00 +/- 0.00 %  % || S(l=0) ave= 2.777E+01 +/- 23.34 % S(l=1) ave= 0.000E+00 +/- 0.00 % S(l=2) ave= 0.000E+00 +/- 0.00 % S(l=3) ave= 0.000E+00 +/- 0.00 % 
 ... random file  120 Cap(th)  ave= 2.415E-05 b. +/- 2.88 % || Ela(th) ave= 4.270E+00 b. +/- 2.84 % || RIcap ave= 1.58E-05 b. +/- 1.89 % || Macs30 ave= 2.04E-08 b. +/- 2.88 % || Gn^0(l=0) ave= 3.699E+01 +/- 23.29 % Gn^0(l=1) ave= 0.000E+00 +/- 0.00 % Gn^0(l=2) ave= 0.000E+00 +/- 0.00 % Gn^0(l=3) ave= 0.000E+00 +/- 0.00 % || Gtotal(l=0) ave= 1.948E+04 +/- 23.30 % Gtotal(l=1) ave= 0.000E+00 +/- 0.00 % Gtotal(l=2) ave= 0.000E+00 +/- 0.00 % Gtotal(l=3) ave= 0.000E+00 +/- 0.00 %  % || Gg(l=0) ave= 1.002E-04 +/- 5.06 % Gg(l=1) ave= 0.000E+00 +/- 0.00 % Gg(l=2) ave= 0.000E+00 +/- 0.00 % Gg(l=3) ave= 0.000E+00 +/- 0.00 %  % || D(l=0) ave= 0.000E+00 +/- 0.00 % D(l=1) ave= 0.000E+00 +/- 0.00 % D(l=2) ave= 0.000E+00 +/- 0.00 % D(l=3) ave= 0.000E+00 +/- 0.00 %  % || S(l=0) ave= 2.774E+01 +/- 23.29 % S(l=1) ave= 0.000E+00 +/- 0.00 % S(l=2) ave= 0.000E+00 +/- 0.00 % S(l=3) ave= 0.000E+00 +/- 0.00 % 
 ... random file  121 Cap(th)  ave= 2.415E-05 b. +/- 2.87 % || Ela(th) ave= 4.271E+00 b. +/- 2.84 % || RIcap ave= 1.58E-05 b. +/- 1.88 % || Macs30 ave= 2.04E-08 b. +/- 2.87 % || Gn^0(l=0) ave= 3.701E+01 +/- 23.19 % Gn^0(l=1) ave= 0.000E+00 +/- 0.00 % Gn^0(l=2) ave= 0.000E+00 +/- 0.00 % Gn^0(l=3) ave= 0.000E+00 +/- 0.00 % || Gtotal(l=0) ave= 1.949E+04 +/- 23.20 % Gtotal(l=1) ave= 0.000E+00 +/- 0.00 % Gtotal(l=2) ave= 0.000E+00 +/- 0.00 % Gtotal(l=3) ave= 0.000E+00 +/- 0.00 %  % || Gg(l=0) ave= 1.003E-04 +/- 5.05 % Gg(l=1) ave= 0.000E+00 +/- 0.00 % Gg(l=2) ave= 0.000E+00 +/- 0.00 % Gg(l=3) ave= 0.000E+00 +/- 0.00 %  % || D(l=0) ave= 0.000E+00 +/- 0.00 % D(l=1) ave= 0.000E+00 +/- 0.00 % D(l=2) ave= 0.000E+00 +/- 0.00 % D(l=3) ave= 0.000E+00 +/- 0.00 %  % || S(l=0) ave= 2.776E+01 +/- 23.19 % S(l=1) ave= 0.000E+00 +/- 0.00 % S(l=2) ave= 0.000E+00 +/- 0.00 % S(l=3) ave= 0.000E+00 +/- 0.00 % 
 ... random file  122 Cap(th)  ave= 2.414E-05 b. +/- 2.87 % || Ela(th) ave= 4.271E+00 b. +/- 2.83 % || RIcap ave= 1.58E-05 b. +/- 1.88 % || Macs30 ave= 2.04E-08 b. +/- 2.87 % || Gn^0(l=0) ave= 3.693E+01 +/- 23.30 % Gn^0(l=1) ave= 0.000E+00 +/- 0.00 % Gn^0(l=2) ave= 0.000E+00 +/- 0.00 % Gn^0(l=3) ave= 0.000E+00 +/- 0.00 % || Gtotal(l=0) ave= 1.945E+04 +/- 23.31 % Gtotal(l=1) ave= 0.000E+00 +/- 0.00 % Gtotal(l=2) ave= 0.000E+00 +/- 0.00 % Gtotal(l=3) ave= 0.000E+00 +/- 0.00 %  % || Gg(l=0) ave= 1.003E-04 +/- 5.05 % Gg(l=1) ave= 0.000E+00 +/- 0.00 % Gg(l=2) ave= 0.000E+00 +/- 0.00 % Gg(l=3) ave= 0.000E+00 +/- 0.00 %  % || D(l=0) ave= 0.000E+00 +/- 0.00 % D(l=1) ave= 0.000E+00 +/- 0.00 % D(l=2) ave= 0.000E+00 +/- 0.00 % D(l=3) ave= 0.000E+00 +/- 0.00 %  % || S(l=0) ave= 2.769E+01 +/- 23.30 % S(l=1) ave= 0.000E+00 +/- 0.00 % S(l=2) ave= 0.000E+00 +/- 0.00 % S(l=3) ave= 0.000E+00 +/- 0.00 % 
 ... random file  123 Cap(th)  ave= 2.414E-05 b. +/- 2.86 % || Ela(th) ave= 4.273E+00 b. +/- 2.85 % || RIcap ave= 1.58E-05 b. +/- 1.87 % || Macs30 ave= 2.04E-08 b. +/- 2.86 % || Gn^0(l=0) ave= 3.687E+01 +/- 23.30 % Gn^0(l=1) ave= 0.000E+00 +/- 0.00 % Gn^0(l=2) ave= 0.000E+00 +/- 0.00 % Gn^0(l=3) ave= 0.000E+00 +/- 0.00 % || Gtotal(l=0) ave= 1.942E+04 +/- 23.29 % Gtotal(l=1) ave= 0.000E+00 +/- 0.00 % Gtotal(l=2) ave= 0.000E+00 +/- 0.00 % Gtotal(l=3) ave= 0.000E+00 +/- 0.00 %  % || Gg(l=0) ave= 1.003E-04 +/- 5.04 % Gg(l=1) ave= 0.000E+00 +/- 0.00 % Gg(l=2) ave= 0.000E+00 +/- 0.00 % Gg(l=3) ave= 0.000E+00 +/- 0.00 %  % || D(l=0) ave= 0.000E+00 +/- 0.00 % D(l=1) ave= 0.000E+00 +/- 0.00 % D(l=2) ave= 0.000E+00 +/- 0.00 % D(l=3) ave= 0.000E+00 +/- 0.00 %  % || S(l=0) ave= 2.765E+01 +/- 23.30 % S(l=1) ave= 0.000E+00 +/- 0.00 % S(l=2) ave= 0.000E+00 +/- 0.00 % S(l=3) ave= 0.000E+00 +/- 0.00 % 
 ... random file  124 Cap(th)  ave= 2.414E-05 b. +/- 2.85 % || Ela(th) ave= 4.273E+00 b. +/- 2.84 % || RIcap ave= 1.58E-05 b. +/- 1.86 % || Macs30 ave= 2.04E-08 b. +/- 2.85 % || Gn^0(l=0) ave= 3.692E+01 +/- 23.22 % Gn^0(l=1) ave= 0.000E+00 +/- 0.00 % Gn^0(l=2) ave= 0.000E+00 +/- 0.00 % Gn^0(l=3) ave= 0.000E+00 +/- 0.00 % || Gtotal(l=0) ave= 1.945E+04 +/- 23.22 % Gtotal(l=1) ave= 0.000E+00 +/- 0.00 % Gtotal(l=2) ave= 0.000E+00 +/- 0.00 % Gtotal(l=3) ave= 0.000E+00 +/- 0.00 %  % || Gg(l=0) ave= 1.003E-04 +/- 5.04 % Gg(l=1) ave= 0.000E+00 +/- 0.00 % Gg(l=2) ave= 0.000E+00 +/- 0.00 % Gg(l=3) ave= 0.000E+00 +/- 0.00 %  % || D(l=0) ave= 0.000E+00 +/- 0.00 % D(l=1) ave= 0.000E+00 +/- 0.00 % D(l=2) ave= 0.000E+00 +/- 0.00 % D(l=3) ave= 0.000E+00 +/- 0.00 %  % || S(l=0) ave= 2.769E+01 +/- 23.22 % S(l=1) ave= 0.000E+00 +/- 0.00 % S(l=2) ave= 0.000E+00 +/- 0.00 % S(l=3) ave= 0.000E+00 +/- 0.00 % 
 ... random file  125 Cap(th)  ave= 2.415E-05 b. +/- 2.86 % || Ela(th) ave= 4.275E+00 b. +/- 2.85 % || RIcap ave= 1.58E-05 b. +/- 1.87 % || Macs30 ave= 2.04E-08 b. +/- 2.86 % || Gn^0(l=0) ave= 3.698E+01 +/- 23.17 % Gn^0(l=1) ave= 0.000E+00 +/- 0.00 % Gn^0(l=2) ave= 0.000E+00 +/- 0.00 % Gn^0(l=3) ave= 0.000E+00 +/- 0.00 % || Gtotal(l=0) ave= 1.949E+04 +/- 23.17 % Gtotal(l=1) ave= 0.000E+00 +/- 0.00 % Gtotal(l=2) ave= 0.000E+00 +/- 0.00 % Gtotal(l=3) ave= 0.000E+00 +/- 0.00 %  % || Gg(l=0) ave= 1.002E-04 +/- 5.05 % Gg(l=1) ave= 0.000E+00 +/- 0.00 % Gg(l=2) ave= 0.000E+00 +/- 0.00 % Gg(l=3) ave= 0.000E+00 +/- 0.00 %  % || D(l=0) ave= 0.000E+00 +/- 0.00 % D(l=1) ave= 0.000E+00 +/- 0.00 % D(l=2) ave= 0.000E+00 +/- 0.00 % D(l=3) ave= 0.000E+00 +/- 0.00 %  % || S(l=0) ave= 2.774E+01 +/- 23.17 % S(l=1) ave= 0.000E+00 +/- 0.00 % S(l=2) ave= 0.000E+00 +/- 0.00 % S(l=3) ave= 0.000E+00 +/- 0.00 % 
 ... random file  126 Cap(th)  ave= 2.414E-05 b. +/- 2.89 % || Ela(th) ave= 4.273E+00 b. +/- 2.86 % || RIcap ave= 1.58E-05 b. +/- 1.89 % || Macs30 ave= 2.04E-08 b. +/- 2.89 % || Gn^0(l=0) ave= 3.701E+01 +/- 23.07 % Gn^0(l=1) ave= 0.000E+00 +/- 0.00 % Gn^0(l=2) ave= 0.000E+00 +/- 0.00 % Gn^0(l=3) ave= 0.000E+00 +/- 0.00 % || Gtotal(l=0) ave= 1.950E+04 +/- 23.08 % Gtotal(l=1) ave= 0.000E+00 +/- 0.00 % Gtotal(l=2) ave= 0.000E+00 +/- 0.00 % Gtotal(l=3) ave= 0.000E+00 +/- 0.00 %  % || Gg(l=0) ave= 1.003E-04 +/- 5.07 % Gg(l=1) ave= 0.000E+00 +/- 0.00 % Gg(l=2) ave= 0.000E+00 +/- 0.00 % Gg(l=3) ave= 0.000E+00 +/- 0.00 %  % || D(l=0) ave= 0.000E+00 +/- 0.00 % D(l=1) ave= 0.000E+00 +/- 0.00 % D(l=2) ave= 0.000E+00 +/- 0.00 % D(l=3) ave= 0.000E+00 +/- 0.00 %  % || S(l=0) ave= 2.776E+01 +/- 23.07 % S(l=1) ave= 0.000E+00 +/- 0.00 % S(l=2) ave= 0.000E+00 +/- 0.00 % S(l=3) ave= 0.000E+00 +/- 0.00 % 
 ... random file  127 Cap(th)  ave= 2.413E-05 b. +/- 2.88 % || Ela(th) ave= 4.272E+00 b. +/- 2.88 % || RIcap ave= 1.58E-05 b. +/- 1.89 % || Macs30 ave= 2.04E-08 b. +/- 2.89 % || Gn^0(l=0) ave= 3.702E+01 +/- 22.98 % Gn^0(l=1) ave= 0.000E+00 +/- 0.00 % Gn^0(l=2) ave= 0.000E+00 +/- 0.00 % Gn^0(l=3) ave= 0.000E+00 +/- 0.00 % || Gtotal(l=0) ave= 1.950E+04 +/- 22.99 % Gtotal(l=1) ave= 0.000E+00 +/- 0.00 % Gtotal(l=2) ave= 0.000E+00 +/- 0.00 % Gtotal(l=3) ave= 0.000E+00 +/- 0.00 %  % || Gg(l=0) ave= 1.003E-04 +/- 5.05 % Gg(l=1) ave= 0.000E+00 +/- 0.00 % Gg(l=2) ave= 0.000E+00 +/- 0.00 % Gg(l=3) ave= 0.000E+00 +/- 0.00 %  % || D(l=0) ave= 0.000E+00 +/- 0.00 % D(l=1) ave= 0.000E+00 +/- 0.00 % D(l=2) ave= 0.000E+00 +/- 0.00 % D(l=3) ave= 0.000E+00 +/- 0.00 %  % || S(l=0) ave= 2.776E+01 +/- 22.98 % S(l=1) ave= 0.000E+00 +/- 0.00 % S(l=2) ave= 0.000E+00 +/- 0.00 % S(l=3) ave= 0.000E+00 +/- 0.00 % 
 ... random file  128 Cap(th)  ave= 2.413E-05 b. +/- 2.89 % || Ela(th) ave= 4.273E+00 b. +/- 2.87 % || RIcap ave= 1.58E-05 b. +/- 1.89 % || Macs30 ave= 2.04E-08 b. +/- 2.89 % || Gn^0(l=0) ave= 3.704E+01 +/- 22.89 % Gn^0(l=1) ave= 0.000E+00 +/- 0.00 % Gn^0(l=2) ave= 0.000E+00 +/- 0.00 % Gn^0(l=3) ave= 0.000E+00 +/- 0.00 % || Gtotal(l=0) ave= 1.951E+04 +/- 22.89 % Gtotal(l=1) ave= 0.000E+00 +/- 0.00 % Gtotal(l=2) ave= 0.000E+00 +/- 0.00 % Gtotal(l=3) ave= 0.000E+00 +/- 0.00 %  % || Gg(l=0) ave= 1.003E-04 +/- 5.03 % Gg(l=1) ave= 0.000E+00 +/- 0.00 % Gg(l=2) ave= 0.000E+00 +/- 0.00 % Gg(l=3) ave= 0.000E+00 +/- 0.00 %  % || D(l=0) ave= 0.000E+00 +/- 0.00 % D(l=1) ave= 0.000E+00 +/- 0.00 % D(l=2) ave= 0.000E+00 +/- 0.00 % D(l=3) ave= 0.000E+00 +/- 0.00 %  % || S(l=0) ave= 2.778E+01 +/- 22.89 % S(l=1) ave= 0.000E+00 +/- 0.00 % S(l=2) ave= 0.000E+00 +/- 0.00 % S(l=3) ave= 0.000E+00 +/- 0.00 % 
 ... random file  129 Cap(th)  ave= 2.412E-05 b. +/- 2.89 % || Ela(th) ave= 4.273E+00 b. +/- 2.86 % || RIcap ave= 1.58E-05 b. +/- 1.89 % || Macs30 ave= 2.04E-08 b. +/- 2.89 % || Gn^0(l=0) ave= 3.711E+01 +/- 22.85 % Gn^0(l=1) ave= 0.000E+00 +/- 0.00 % Gn^0(l=2) ave= 0.000E+00 +/- 0.00 % Gn^0(l=3) ave= 0.000E+00 +/- 0.00 % || Gtotal(l=0) ave= 1.955E+04 +/- 22.86 % Gtotal(l=1) ave= 0.000E+00 +/- 0.00 % Gtotal(l=2) ave= 0.000E+00 +/- 0.00 % Gtotal(l=3) ave= 0.000E+00 +/- 0.00 %  % || Gg(l=0) ave= 1.003E-04 +/- 5.01 % Gg(l=1) ave= 0.000E+00 +/- 0.00 % Gg(l=2) ave= 0.000E+00 +/- 0.00 % Gg(l=3) ave= 0.000E+00 +/- 0.00 %  % || D(l=0) ave= 0.000E+00 +/- 0.00 % D(l=1) ave= 0.000E+00 +/- 0.00 % D(l=2) ave= 0.000E+00 +/- 0.00 % D(l=3) ave= 0.000E+00 +/- 0.00 %  % || S(l=0) ave= 2.783E+01 +/- 22.85 % S(l=1) ave= 0.000E+00 +/- 0.00 % S(l=2) ave= 0.000E+00 +/- 0.00 % S(l=3) ave= 0.000E+00 +/- 0.00 % 
 ... random file  130 Cap(th)  ave= 2.413E-05 b. +/- 2.88 % || Ela(th) ave= 4.275E+00 b. +/- 2.89 % || RIcap ave= 1.58E-05 b. +/- 1.89 % || Macs30 ave= 2.04E-08 b. +/- 2.88 % || Gn^0(l=0) ave= 3.719E+01 +/- 22.85 % Gn^0(l=1) ave= 0.000E+00 +/- 0.00 % Gn^0(l=2) ave= 0.000E+00 +/- 0.00 % Gn^0(l=3) ave= 0.000E+00 +/- 0.00 % || Gtotal(l=0) ave= 1.959E+04 +/- 22.89 % Gtotal(l=1) ave= 0.000E+00 +/- 0.00 % Gtotal(l=2) ave= 0.000E+00 +/- 0.00 % Gtotal(l=3) ave= 0.000E+00 +/- 0.00 %  % || Gg(l=0) ave= 1.003E-04 +/- 5.00 % Gg(l=1) ave= 0.000E+00 +/- 0.00 % Gg(l=2) ave= 0.000E+00 +/- 0.00 % Gg(l=3) ave= 0.000E+00 +/- 0.00 %  % || D(l=0) ave= 0.000E+00 +/- 0.00 % D(l=1) ave= 0.000E+00 +/- 0.00 % D(l=2) ave= 0.000E+00 +/- 0.00 % D(l=3) ave= 0.000E+00 +/- 0.00 %  % || S(l=0) ave= 2.789E+01 +/- 22.85 % S(l=1) ave= 0.000E+00 +/- 0.00 % S(l=2) ave= 0.000E+00 +/- 0.00 % S(l=3) ave= 0.000E+00 +/- 0.00 % 
 ... random file  131 Cap(th)  ave= 2.414E-05 b. +/- 2.89 % || Ela(th) ave= 4.273E+00 b. +/- 2.91 % || RIcap ave= 1.58E-05 b. +/- 1.89 % || Macs30 ave= 2.04E-08 b. +/- 2.89 % || Gn^0(l=0) ave= 3.725E+01 +/- 22.80 % Gn^0(l=1) ave= 0.000E+00 +/- 0.00 % Gn^0(l=2) ave= 0.000E+00 +/- 0.00 % Gn^0(l=3) ave= 0.000E+00 +/- 0.00 % || Gtotal(l=0) ave= 1.962E+04 +/- 22.83 % Gtotal(l=1) ave= 0.000E+00 +/- 0.00 % Gtotal(l=2) ave= 0.000E+00 +/- 0.00 % Gtotal(l=3) ave= 0.000E+00 +/- 0.00 %  % || Gg(l=0) ave= 1.003E-04 +/- 4.98 % Gg(l=1) ave= 0.000E+00 +/- 0.00 % Gg(l=2) ave= 0.000E+00 +/- 0.00 % Gg(l=3) ave= 0.000E+00 +/- 0.00 %  % || D(l=0) ave= 0.000E+00 +/- 0.00 % D(l=1) ave= 0.000E+00 +/- 0.00 % D(l=2) ave= 0.000E+00 +/- 0.00 % D(l=3) ave= 0.000E+00 +/- 0.00 %  % || S(l=0) ave= 2.793E+01 +/- 22.80 % S(l=1) ave= 0.000E+00 +/- 0.00 % S(l=2) ave= 0.000E+00 +/- 0.00 % S(l=3) ave= 0.000E+00 +/- 0.00 % 
 ... random file  132 Cap(th)  ave= 2.414E-05 b. +/- 2.91 % || Ela(th) ave= 4.272E+00 b. +/- 2.92 % || RIcap ave= 1.58E-05 b. +/- 1.90 % || Macs30 ave= 2.04E-08 b. +/- 2.91 % || Gn^0(l=0) ave= 3.709E+01 +/- 23.29 % Gn^0(l=1) ave= 0.000E+00 +/- 0.00 % Gn^0(l=2) ave= 0.000E+00 +/- 0.00 % Gn^0(l=3) ave= 0.000E+00 +/- 0.00 % || Gtotal(l=0) ave= 1.954E+04 +/- 23.33 % Gtotal(l=1) ave= 0.000E+00 +/- 0.00 % Gtotal(l=2) ave= 0.000E+00 +/- 0.00 % Gtotal(l=3) ave= 0.000E+00 +/- 0.00 %  % || Gg(l=0) ave= 1.003E-04 +/- 4.96 % Gg(l=1) ave= 0.000E+00 +/- 0.00 % Gg(l=2) ave= 0.000E+00 +/- 0.00 % Gg(l=3) ave= 0.000E+00 +/- 0.00 %  % || D(l=0) ave= 0.000E+00 +/- 0.00 % D(l=1) ave= 0.000E+00 +/- 0.00 % D(l=2) ave= 0.000E+00 +/- 0.00 % D(l=3) ave= 0.000E+00 +/- 0.00 %  % || S(l=0) ave= 2.782E+01 +/- 23.29 % S(l=1) ave= 0.000E+00 +/- 0.00 % S(l=2) ave= 0.000E+00 +/- 0.00 % S(l=3) ave= 0.000E+00 +/- 0.00 % 
 ... random file  133 Cap(th)  ave= 2.414E-05 b. +/- 2.90 % || Ela(th) ave= 4.271E+00 b. +/- 2.92 % || RIcap ave= 1.58E-05 b. +/- 1.90 % || Macs30 ave= 2.04E-08 b. +/- 2.90 % || Gn^0(l=0) ave= 3.715E+01 +/- 23.23 % Gn^0(l=1) ave= 0.000E+00 +/- 0.00 % Gn^0(l=2) ave= 0.000E+00 +/- 0.00 % Gn^0(l=3) ave= 0.000E+00 +/- 0.00 % || Gtotal(l=0) ave= 1.957E+04 +/- 23.27 % Gtotal(l=1) ave= 0.000E+00 +/- 0.00 % Gtotal(l=2) ave= 0.000E+00 +/- 0.00 % Gtotal(l=3) ave= 0.000E+00 +/- 0.00 %  % || Gg(l=0) ave= 1.003E-04 +/- 4.97 % Gg(l=1) ave= 0.000E+00 +/- 0.00 % Gg(l=2) ave= 0.000E+00 +/- 0.00 % Gg(l=3) ave= 0.000E+00 +/- 0.00 %  % || D(l=0) ave= 0.000E+00 +/- 0.00 % D(l=1) ave= 0.000E+00 +/- 0.00 % D(l=2) ave= 0.000E+00 +/- 0.00 % D(l=3) ave= 0.000E+00 +/- 0.00 %  % || S(l=0) ave= 2.786E+01 +/- 23.23 % S(l=1) ave= 0.000E+00 +/- 0.00 % S(l=2) ave= 0.000E+00 +/- 0.00 % S(l=3) ave= 0.000E+00 +/- 0.00 % 
 ... random file  134 Cap(th)  ave= 2.414E-05 b. +/- 2.90 % || Ela(th) ave= 4.271E+00 b. +/- 2.91 % || RIcap ave= 1.58E-05 b. +/- 1.89 % || Macs30 ave= 2.04E-08 b. +/- 2.90 % || Gn^0(l=0) ave= 3.710E+01 +/- 23.23 % Gn^0(l=1) ave= 0.000E+00 +/- 0.00 % Gn^0(l=2) ave= 0.000E+00 +/- 0.00 % Gn^0(l=3) ave= 0.000E+00 +/- 0.00 % || Gtotal(l=0) ave= 1.954E+04 +/- 23.27 % Gtotal(l=1) ave= 0.000E+00 +/- 0.00 % Gtotal(l=2) ave= 0.000E+00 +/- 0.00 % Gtotal(l=3) ave= 0.000E+00 +/- 0.00 %  % || Gg(l=0) ave= 1.003E-04 +/- 4.96 % Gg(l=1) ave= 0.000E+00 +/- 0.00 % Gg(l=2) ave= 0.000E+00 +/- 0.00 % Gg(l=3) ave= 0.000E+00 +/- 0.00 %  % || D(l=0) ave= 0.000E+00 +/- 0.00 % D(l=1) ave= 0.000E+00 +/- 0.00 % D(l=2) ave= 0.000E+00 +/- 0.00 % D(l=3) ave= 0.000E+00 +/- 0.00 %  % || S(l=0) ave= 2.782E+01 +/- 23.23 % S(l=1) ave= 0.000E+00 +/- 0.00 % S(l=2) ave= 0.000E+00 +/- 0.00 % S(l=3) ave= 0.000E+00 +/- 0.00 % 
 ... random file  135 Cap(th)  ave= 2.413E-05 b. +/- 2.94 % || Ela(th) ave= 4.269E+00 b. +/- 2.94 % || RIcap ave= 1.58E-05 b. +/- 1.93 % || Macs30 ave= 2.04E-08 b. +/- 2.94 % || Gn^0(l=0) ave= 3.708E+01 +/- 23.16 % Gn^0(l=1) ave= 0.000E+00 +/- 0.00 % Gn^0(l=2) ave= 0.000E+00 +/- 0.00 % Gn^0(l=3) ave= 0.000E+00 +/- 0.00 % || Gtotal(l=0) ave= 1.953E+04 +/- 23.21 % Gtotal(l=1) ave= 0.000E+00 +/- 0.00 % Gtotal(l=2) ave= 0.000E+00 +/- 0.00 % Gtotal(l=3) ave= 0.000E+00 +/- 0.00 %  % || Gg(l=0) ave= 1.002E-04 +/- 4.99 % Gg(l=1) ave= 0.000E+00 +/- 0.00 % Gg(l=2) ave= 0.000E+00 +/- 0.00 % Gg(l=3) ave= 0.000E+00 +/- 0.00 %  % || D(l=0) ave= 0.000E+00 +/- 0.00 % D(l=1) ave= 0.000E+00 +/- 0.00 % D(l=2) ave= 0.000E+00 +/- 0.00 % D(l=3) ave= 0.000E+00 +/- 0.00 %  % || S(l=0) ave= 2.781E+01 +/- 23.16 % S(l=1) ave= 0.000E+00 +/- 0.00 % S(l=2) ave= 0.000E+00 +/- 0.00 % S(l=3) ave= 0.000E+00 +/- 0.00 % 
 ... random file  136 Cap(th)  ave= 2.412E-05 b. +/- 2.94 % || Ela(th) ave= 4.269E+00 b. +/- 2.93 % || RIcap ave= 1.58E-05 b. +/- 1.93 % || Macs30 ave= 2.04E-08 b. +/- 2.94 % || Gn^0(l=0) ave= 3.705E+01 +/- 23.12 % Gn^0(l=1) ave= 0.000E+00 +/- 0.00 % Gn^0(l=2) ave= 0.000E+00 +/- 0.00 % Gn^0(l=3) ave= 0.000E+00 +/- 0.00 % || Gtotal(l=0) ave= 1.951E+04 +/- 23.16 % Gtotal(l=1) ave= 0.000E+00 +/- 0.00 % Gtotal(l=2) ave= 0.000E+00 +/- 0.00 % Gtotal(l=3) ave= 0.000E+00 +/- 0.00 %  % || Gg(l=0) ave= 1.002E-04 +/- 4.99 % Gg(l=1) ave= 0.000E+00 +/- 0.00 % Gg(l=2) ave= 0.000E+00 +/- 0.00 % Gg(l=3) ave= 0.000E+00 +/- 0.00 %  % || D(l=0) ave= 0.000E+00 +/- 0.00 % D(l=1) ave= 0.000E+00 +/- 0.00 % D(l=2) ave= 0.000E+00 +/- 0.00 % D(l=3) ave= 0.000E+00 +/- 0.00 %  % || S(l=0) ave= 2.779E+01 +/- 23.12 % S(l=1) ave= 0.000E+00 +/- 0.00 % S(l=2) ave= 0.000E+00 +/- 0.00 % S(l=3) ave= 0.000E+00 +/- 0.00 % 
 ... random file  137 Cap(th)  ave= 2.413E-05 b. +/- 2.93 % || Ela(th) ave= 4.269E+00 b. +/- 2.92 % || RIcap ave= 1.58E-05 b. +/- 1.92 % || Macs30 ave= 2.04E-08 b. +/- 2.94 % || Gn^0(l=0) ave= 3.707E+01 +/- 23.03 % Gn^0(l=1) ave= 0.000E+00 +/- 0.00 % Gn^0(l=2) ave= 0.000E+00 +/- 0.00 % Gn^0(l=3) ave= 0.000E+00 +/- 0.00 % || Gtotal(l=0) ave= 1.952E+04 +/- 23.07 % Gtotal(l=1) ave= 0.000E+00 +/- 0.00 % Gtotal(l=2) ave= 0.000E+00 +/- 0.00 % Gtotal(l=3) ave= 0.000E+00 +/- 0.00 %  % || Gg(l=0) ave= 1.003E-04 +/- 4.98 % Gg(l=1) ave= 0.000E+00 +/- 0.00 % Gg(l=2) ave= 0.000E+00 +/- 0.00 % Gg(l=3) ave= 0.000E+00 +/- 0.00 %  % || D(l=0) ave= 0.000E+00 +/- 0.00 % D(l=1) ave= 0.000E+00 +/- 0.00 % D(l=2) ave= 0.000E+00 +/- 0.00 % D(l=3) ave= 0.000E+00 +/- 0.00 %  % || S(l=0) ave= 2.780E+01 +/- 23.03 % S(l=1) ave= 0.000E+00 +/- 0.00 % S(l=2) ave= 0.000E+00 +/- 0.00 % S(l=3) ave= 0.000E+00 +/- 0.00 % 
 ... random file  138 Cap(th)  ave= 2.412E-05 b. +/- 2.93 % || Ela(th) ave= 4.270E+00 b. +/- 2.93 % || RIcap ave= 1.58E-05 b. +/- 1.92 % || Macs30 ave= 2.04E-08 b. +/- 2.93 % || Gn^0(l=0) ave= 3.703E+01 +/- 22.99 % Gn^0(l=1) ave= 0.000E+00 +/- 0.00 % Gn^0(l=2) ave= 0.000E+00 +/- 0.00 % Gn^0(l=3) ave= 0.000E+00 +/- 0.00 % || Gtotal(l=0) ave= 1.950E+04 +/- 23.03 % Gtotal(l=1) ave= 0.000E+00 +/- 0.00 % Gtotal(l=2) ave= 0.000E+00 +/- 0.00 % Gtotal(l=3) ave= 0.000E+00 +/- 0.00 %  % || Gg(l=0) ave= 1.003E-04 +/- 4.97 % Gg(l=1) ave= 0.000E+00 +/- 0.00 % Gg(l=2) ave= 0.000E+00 +/- 0.00 % Gg(l=3) ave= 0.000E+00 +/- 0.00 %  % || D(l=0) ave= 0.000E+00 +/- 0.00 % D(l=1) ave= 0.000E+00 +/- 0.00 % D(l=2) ave= 0.000E+00 +/- 0.00 % D(l=3) ave= 0.000E+00 +/- 0.00 %  % || S(l=0) ave= 2.778E+01 +/- 22.99 % S(l=1) ave= 0.000E+00 +/- 0.00 % S(l=2) ave= 0.000E+00 +/- 0.00 % S(l=3) ave= 0.000E+00 +/- 0.00 % 
 ... random file  139 Cap(th)  ave= 2.412E-05 b. +/- 2.92 % || Ela(th) ave= 4.269E+00 b. +/- 2.92 % || RIcap ave= 1.58E-05 b. +/- 1.91 % || Macs30 ave= 2.04E-08 b. +/- 2.92 % || Gn^0(l=0) ave= 3.703E+01 +/- 22.91 % Gn^0(l=1) ave= 0.000E+00 +/- 0.00 % Gn^0(l=2) ave= 0.000E+00 +/- 0.00 % Gn^0(l=3) ave= 0.000E+00 +/- 0.00 % || Gtotal(l=0) ave= 1.950E+04 +/- 22.95 % Gtotal(l=1) ave= 0.000E+00 +/- 0.00 % Gtotal(l=2) ave= 0.000E+00 +/- 0.00 % Gtotal(l=3) ave= 0.000E+00 +/- 0.00 %  % || Gg(l=0) ave= 1.003E-04 +/- 4.95 % Gg(l=1) ave= 0.000E+00 +/- 0.00 % Gg(l=2) ave= 0.000E+00 +/- 0.00 % Gg(l=3) ave= 0.000E+00 +/- 0.00 %  % || D(l=0) ave= 0.000E+00 +/- 0.00 % D(l=1) ave= 0.000E+00 +/- 0.00 % D(l=2) ave= 0.000E+00 +/- 0.00 % D(l=3) ave= 0.000E+00 +/- 0.00 %  % || S(l=0) ave= 2.777E+01 +/- 22.91 % S(l=1) ave= 0.000E+00 +/- 0.00 % S(l=2) ave= 0.000E+00 +/- 0.00 % S(l=3) ave= 0.000E+00 +/- 0.00 % 
 ... random file  140 Cap(th)  ave= 2.413E-05 b. +/- 2.91 % || Ela(th) ave= 4.270E+00 b. +/- 2.92 % || RIcap ave= 1.58E-05 b. +/- 1.91 % || Macs30 ave= 2.04E-08 b. +/- 2.91 % || Gn^0(l=0) ave= 3.698E+01 +/- 22.92 % Gn^0(l=1) ave= 0.000E+00 +/- 0.00 % Gn^0(l=2) ave= 0.000E+00 +/- 0.00 % Gn^0(l=3) ave= 0.000E+00 +/- 0.00 % || Gtotal(l=0) ave= 1.947E+04 +/- 22.95 % Gtotal(l=1) ave= 0.000E+00 +/- 0.00 % Gtotal(l=2) ave= 0.000E+00 +/- 0.00 % Gtotal(l=3) ave= 0.000E+00 +/- 0.00 %  % || Gg(l=0) ave= 1.002E-04 +/- 4.98 % Gg(l=1) ave= 0.000E+00 +/- 0.00 % Gg(l=2) ave= 0.000E+00 +/- 0.00 % Gg(l=3) ave= 0.000E+00 +/- 0.00 %  % || D(l=0) ave= 0.000E+00 +/- 0.00 % D(l=1) ave= 0.000E+00 +/- 0.00 % D(l=2) ave= 0.000E+00 +/- 0.00 % D(l=3) ave= 0.000E+00 +/- 0.00 %  % || S(l=0) ave= 2.773E+01 +/- 22.92 % S(l=1) ave= 0.000E+00 +/- 0.00 % S(l=2) ave= 0.000E+00 +/- 0.00 % S(l=3) ave= 0.000E+00 +/- 0.00 % 
 ... random file  141 Cap(th)  ave= 2.413E-05 b. +/- 2.91 % || Ela(th) ave= 4.269E+00 b. +/- 2.94 % || RIcap ave= 1.58E-05 b. +/- 1.90 % || Macs30 ave= 2.04E-08 b. +/- 2.91 % || Gn^0(l=0) ave= 3.692E+01 +/- 22.93 % Gn^0(l=1) ave= 0.000E+00 +/- 0.00 % Gn^0(l=2) ave= 0.000E+00 +/- 0.00 % Gn^0(l=3) ave= 0.000E+00 +/- 0.00 % || Gtotal(l=0) ave= 1.944E+04 +/- 22.98 % Gtotal(l=1) ave= 0.000E+00 +/- 0.00 % Gtotal(l=2) ave= 0.000E+00 +/- 0.00 % Gtotal(l=3) ave= 0.000E+00 +/- 0.00 %  % || Gg(l=0) ave= 1.002E-04 +/- 4.98 % Gg(l=1) ave= 0.000E+00 +/- 0.00 % Gg(l=2) ave= 0.000E+00 +/- 0.00 % Gg(l=3) ave= 0.000E+00 +/- 0.00 %  % || D(l=0) ave= 0.000E+00 +/- 0.00 % D(l=1) ave= 0.000E+00 +/- 0.00 % D(l=2) ave= 0.000E+00 +/- 0.00 % D(l=3) ave= 0.000E+00 +/- 0.00 %  % || S(l=0) ave= 2.769E+01 +/- 22.93 % S(l=1) ave= 0.000E+00 +/- 0.00 % S(l=2) ave= 0.000E+00 +/- 0.00 % S(l=3) ave= 0.000E+00 +/- 0.00 % 
 ... random file  142 Cap(th)  ave= 2.413E-05 b. +/- 2.91 % || Ela(th) ave= 4.268E+00 b. +/- 2.93 % || RIcap ave= 1.58E-05 b. +/- 1.90 % || Macs30 ave= 2.04E-08 b. +/- 2.91 % || Gn^0(l=0) ave= 3.705E+01 +/- 23.12 % Gn^0(l=1) ave= 0.000E+00 +/- 0.00 % Gn^0(l=2) ave= 0.000E+00 +/- 0.00 % Gn^0(l=3) ave= 0.000E+00 +/- 0.00 % || Gtotal(l=0) ave= 1.951E+04 +/- 23.16 % Gtotal(l=1) ave= 0.000E+00 +/- 0.00 % Gtotal(l=2) ave= 0.000E+00 +/- 0.00 % Gtotal(l=3) ave= 0.000E+00 +/- 0.00 %  % || Gg(l=0) ave= 1.002E-04 +/- 4.97 % Gg(l=1) ave= 0.000E+00 +/- 0.00 % Gg(l=2) ave= 0.000E+00 +/- 0.00 % Gg(l=3) ave= 0.000E+00 +/- 0.00 %  % || D(l=0) ave= 0.000E+00 +/- 0.00 % D(l=1) ave= 0.000E+00 +/- 0.00 % D(l=2) ave= 0.000E+00 +/- 0.00 % D(l=3) ave= 0.000E+00 +/- 0.00 %  % || S(l=0) ave= 2.779E+01 +/- 23.12 % S(l=1) ave= 0.000E+00 +/- 0.00 % S(l=2) ave= 0.000E+00 +/- 0.00 % S(l=3) ave= 0.000E+00 +/- 0.00 % 
 ... random file  143 Cap(th)  ave= 2.412E-05 b. +/- 2.93 % || Ela(th) ave= 4.266E+00 b. +/- 2.98 % || RIcap ave= 1.58E-05 b. +/- 1.92 % || Macs30 ave= 2.04E-08 b. +/- 2.93 % || Gn^0(l=0) ave= 3.696E+01 +/- 23.26 % Gn^0(l=1) ave= 0.000E+00 +/- 0.00 % Gn^0(l=2) ave= 0.000E+00 +/- 0.00 % Gn^0(l=3) ave= 0.000E+00 +/- 0.00 % || Gtotal(l=0) ave= 1.946E+04 +/- 23.33 % Gtotal(l=1) ave= 0.000E+00 +/- 0.00 % Gtotal(l=2) ave= 0.000E+00 +/- 0.00 % Gtotal(l=3) ave= 0.000E+00 +/- 0.00 %  % || Gg(l=0) ave= 1.003E-04 +/- 5.04 % Gg(l=1) ave= 0.000E+00 +/- 0.00 % Gg(l=2) ave= 0.000E+00 +/- 0.00 % Gg(l=3) ave= 0.000E+00 +/- 0.00 %  % || D(l=0) ave= 0.000E+00 +/- 0.00 % D(l=1) ave= 0.000E+00 +/- 0.00 % D(l=2) ave= 0.000E+00 +/- 0.00 % D(l=3) ave= 0.000E+00 +/- 0.00 %  % || S(l=0) ave= 2.772E+01 +/- 23.26 % S(l=1) ave= 0.000E+00 +/- 0.00 % S(l=2) ave= 0.000E+00 +/- 0.00 % S(l=3) ave= 0.000E+00 +/- 0.00 % 
 ... random file  144 Cap(th)  ave= 2.411E-05 b. +/- 2.93 % || Ela(th) ave= 4.266E+00 b. +/- 2.97 % || RIcap ave= 1.58E-05 b. +/- 1.92 % || Macs30 ave= 2.03E-08 b. +/- 2.93 % || Gn^0(l=0) ave= 3.699E+01 +/- 23.18 % Gn^0(l=1) ave= 0.000E+00 +/- 0.00 % Gn^0(l=2) ave= 0.000E+00 +/- 0.00 % Gn^0(l=3) ave= 0.000E+00 +/- 0.00 % || Gtotal(l=0) ave= 1.947E+04 +/- 23.25 % Gtotal(l=1) ave= 0.000E+00 +/- 0.00 % Gtotal(l=2) ave= 0.000E+00 +/- 0.00 % Gtotal(l=3) ave= 0.000E+00 +/- 0.00 %  % || Gg(l=0) ave= 1.003E-04 +/- 5.03 % Gg(l=1) ave= 0.000E+00 +/- 0.00 % Gg(l=2) ave= 0.000E+00 +/- 0.00 % Gg(l=3) ave= 0.000E+00 +/- 0.00 %  % || D(l=0) ave= 0.000E+00 +/- 0.00 % D(l=1) ave= 0.000E+00 +/- 0.00 % D(l=2) ave= 0.000E+00 +/- 0.00 % D(l=3) ave= 0.000E+00 +/- 0.00 %  % || S(l=0) ave= 2.774E+01 +/- 23.18 % S(l=1) ave= 0.000E+00 +/- 0.00 % S(l=2) ave= 0.000E+00 +/- 0.00 % S(l=3) ave= 0.000E+00 +/- 0.00 % 
 ... random file  145 Cap(th)  ave= 2.411E-05 b. +/- 2.94 % || Ela(th) ave= 4.265E+00 b. +/- 2.98 % || RIcap ave= 1.58E-05 b. +/- 1.92 % || Macs30 ave= 2.03E-08 b. +/- 2.94 % || Gn^0(l=0) ave= 3.700E+01 +/- 23.10 % Gn^0(l=1) ave= 0.000E+00 +/- 0.00 % Gn^0(l=2) ave= 0.000E+00 +/- 0.00 % Gn^0(l=3) ave= 0.000E+00 +/- 0.00 % || Gtotal(l=0) ave= 1.948E+04 +/- 23.16 % Gtotal(l=1) ave= 0.000E+00 +/- 0.00 % Gtotal(l=2) ave= 0.000E+00 +/- 0.00 % Gtotal(l=3) ave= 0.000E+00 +/- 0.00 %  % || Gg(l=0) ave= 1.003E-04 +/- 5.03 % Gg(l=1) ave= 0.000E+00 +/- 0.00 % Gg(l=2) ave= 0.000E+00 +/- 0.00 % Gg(l=3) ave= 0.000E+00 +/- 0.00 %  % || D(l=0) ave= 0.000E+00 +/- 0.00 % D(l=1) ave= 0.000E+00 +/- 0.00 % D(l=2) ave= 0.000E+00 +/- 0.00 % D(l=3) ave= 0.000E+00 +/- 0.00 %  % || S(l=0) ave= 2.775E+01 +/- 23.10 % S(l=1) ave= 0.000E+00 +/- 0.00 % S(l=2) ave= 0.000E+00 +/- 0.00 % S(l=3) ave= 0.000E+00 +/- 0.00 % 
 ... random file  146 Cap(th)  ave= 2.410E-05 b. +/- 2.93 % || Ela(th) ave= 4.266E+00 b. +/- 2.97 % || RIcap ave= 1.58E-05 b. +/- 1.92 % || Macs30 ave= 2.03E-08 b. +/- 2.93 % || Gn^0(l=0) ave= 3.698E+01 +/- 23.04 % Gn^0(l=1) ave= 0.000E+00 +/- 0.00 % Gn^0(l=2) ave= 0.000E+00 +/- 0.00 % Gn^0(l=3) ave= 0.000E+00 +/- 0.00 % || Gtotal(l=0) ave= 1.947E+04 +/- 23.10 % Gtotal(l=1) ave= 0.000E+00 +/- 0.00 % Gtotal(l=2) ave= 0.000E+00 +/- 0.00 % Gtotal(l=3) ave= 0.000E+00 +/- 0.00 %  % || Gg(l=0) ave= 1.003E-04 +/- 5.02 % Gg(l=1) ave= 0.000E+00 +/- 0.00 % Gg(l=2) ave= 0.000E+00 +/- 0.00 % Gg(l=3) ave= 0.000E+00 +/- 0.00 %  % || D(l=0) ave= 0.000E+00 +/- 0.00 % D(l=1) ave= 0.000E+00 +/- 0.00 % D(l=2) ave= 0.000E+00 +/- 0.00 % D(l=3) ave= 0.000E+00 +/- 0.00 %  % || S(l=0) ave= 2.774E+01 +/- 23.04 % S(l=1) ave= 0.000E+00 +/- 0.00 % S(l=2) ave= 0.000E+00 +/- 0.00 % S(l=3) ave= 0.000E+00 +/- 0.00 % 
 ... random file  147 Cap(th)  ave= 2.410E-05 b. +/- 2.92 % || Ela(th) ave= 4.266E+00 b. +/- 2.96 % || RIcap ave= 1.58E-05 b. +/- 1.91 % || Macs30 ave= 2.03E-08 b. +/- 2.92 % || Gn^0(l=0) ave= 3.697E+01 +/- 22.98 % Gn^0(l=1) ave= 0.000E+00 +/- 0.00 % Gn^0(l=2) ave= 0.000E+00 +/- 0.00 % Gn^0(l=3) ave= 0.000E+00 +/- 0.00 % || Gtotal(l=0) ave= 1.946E+04 +/- 23.03 % Gtotal(l=1) ave= 0.000E+00 +/- 0.00 % Gtotal(l=2) ave= 0.000E+00 +/- 0.00 % Gtotal(l=3) ave= 0.000E+00 +/- 0.00 %  % || Gg(l=0) ave= 1.004E-04 +/- 5.11 % Gg(l=1) ave= 0.000E+00 +/- 0.00 % Gg(l=2) ave= 0.000E+00 +/- 0.00 % Gg(l=3) ave= 0.000E+00 +/- 0.00 %  % || D(l=0) ave= 0.000E+00 +/- 0.00 % D(l=1) ave= 0.000E+00 +/- 0.00 % D(l=2) ave= 0.000E+00 +/- 0.00 % D(l=3) ave= 0.000E+00 +/- 0.00 %  % || S(l=0) ave= 2.773E+01 +/- 22.98 % S(l=1) ave= 0.000E+00 +/- 0.00 % S(l=2) ave= 0.000E+00 +/- 0.00 % S(l=3) ave= 0.000E+00 +/- 0.00 % 
 ... random file  148 Cap(th)  ave= 2.410E-05 b. +/- 2.91 % || Ela(th) ave= 4.267E+00 b. +/- 2.97 % || RIcap ave= 1.58E-05 b. +/- 1.90 % || Macs30 ave= 2.03E-08 b. +/- 2.91 % || Gn^0(l=0) ave= 3.702E+01 +/- 22.93 % Gn^0(l=1) ave= 0.000E+00 +/- 0.00 % Gn^0(l=2) ave= 0.000E+00 +/- 0.00 % Gn^0(l=3) ave= 0.000E+00 +/- 0.00 % || Gtotal(l=0) ave= 1.949E+04 +/- 22.99 % Gtotal(l=1) ave= 0.000E+00 +/- 0.00 % Gtotal(l=2) ave= 0.000E+00 +/- 0.00 % Gtotal(l=3) ave= 0.000E+00 +/- 0.00 %  % || Gg(l=0) ave= 1.004E-04 +/- 5.10 % Gg(l=1) ave= 0.000E+00 +/- 0.00 % Gg(l=2) ave= 0.000E+00 +/- 0.00 % Gg(l=3) ave= 0.000E+00 +/- 0.00 %  % || D(l=0) ave= 0.000E+00 +/- 0.00 % D(l=1) ave= 0.000E+00 +/- 0.00 % D(l=2) ave= 0.000E+00 +/- 0.00 % D(l=3) ave= 0.000E+00 +/- 0.00 %  % || S(l=0) ave= 2.776E+01 +/- 22.93 % S(l=1) ave= 0.000E+00 +/- 0.00 % S(l=2) ave= 0.000E+00 +/- 0.00 % S(l=3) ave= 0.000E+00 +/- 0.00 % 
 ... random file  149 Cap(th)  ave= 2.410E-05 b. +/- 2.91 % || Ela(th) ave= 4.268E+00 b. +/- 2.96 % || RIcap ave= 1.58E-05 b. +/- 1.90 % || Macs30 ave= 2.03E-08 b. +/- 2.91 % || Gn^0(l=0) ave= 3.704E+01 +/- 22.85 % Gn^0(l=1) ave= 0.000E+00 +/- 0.00 % Gn^0(l=2) ave= 0.000E+00 +/- 0.00 % Gn^0(l=3) ave= 0.000E+00 +/- 0.00 % || Gtotal(l=0) ave= 1.951E+04 +/- 22.92 % Gtotal(l=1) ave= 0.000E+00 +/- 0.00 % Gtotal(l=2) ave= 0.000E+00 +/- 0.00 % Gtotal(l=3) ave= 0.000E+00 +/- 0.00 %  % || Gg(l=0) ave= 1.004E-04 +/- 5.08 % Gg(l=1) ave= 0.000E+00 +/- 0.00 % Gg(l=2) ave= 0.000E+00 +/- 0.00 % Gg(l=3) ave= 0.000E+00 +/- 0.00 %  % || D(l=0) ave= 0.000E+00 +/- 0.00 % D(l=1) ave= 0.000E+00 +/- 0.00 % D(l=2) ave= 0.000E+00 +/- 0.00 % D(l=3) ave= 0.000E+00 +/- 0.00 %  % || S(l=0) ave= 2.778E+01 +/- 22.85 % S(l=1) ave= 0.000E+00 +/- 0.00 % S(l=2) ave= 0.000E+00 +/- 0.00 % S(l=3) ave= 0.000E+00 +/- 0.00 % 
 ... random file  150 Cap(th)  ave= 2.410E-05 b. +/- 2.90 % || Ela(th) ave= 4.268E+00 b. +/- 2.96 % || RIcap ave= 1.58E-05 b. +/- 1.90 % || Macs30 ave= 2.03E-08 b. +/- 2.90 % || Gn^0(l=0) ave= 3.705E+01 +/- 22.77 % Gn^0(l=1) ave= 0.000E+00 +/- 0.00 % Gn^0(l=2) ave= 0.000E+00 +/- 0.00 % Gn^0(l=3) ave= 0.000E+00 +/- 0.00 % || Gtotal(l=0) ave= 1.951E+04 +/- 22.84 % Gtotal(l=1) ave= 0.000E+00 +/- 0.00 % Gtotal(l=2) ave= 0.000E+00 +/- 0.00 % Gtotal(l=3) ave= 0.000E+00 +/- 0.00 %  % || Gg(l=0) ave= 1.005E-04 +/- 5.08 % Gg(l=1) ave= 0.000E+00 +/- 0.00 % Gg(l=2) ave= 0.000E+00 +/- 0.00 % Gg(l=3) ave= 0.000E+00 +/- 0.00 %  % || D(l=0) ave= 0.000E+00 +/- 0.00 % D(l=1) ave= 0.000E+00 +/- 0.00 % D(l=2) ave= 0.000E+00 +/- 0.00 % D(l=3) ave= 0.000E+00 +/- 0.00 %  % || S(l=0) ave= 2.779E+01 +/- 22.77 % S(l=1) ave= 0.000E+00 +/- 0.00 % S(l=2) ave= 0.000E+00 +/- 0.00 % S(l=3) ave= 0.000E+00 +/- 0.00 % 
 ... random file  151 Cap(th)  ave= 2.410E-05 b. +/- 2.89 % || Ela(th) ave= 4.267E+00 b. +/- 2.98 % || RIcap ave= 1.58E-05 b. +/- 1.89 % || Macs30 ave= 2.03E-08 b. +/- 2.89 % || Gn^0(l=0) ave= 3.700E+01 +/- 22.78 % Gn^0(l=1) ave= 0.000E+00 +/- 0.00 % Gn^0(l=2) ave= 0.000E+00 +/- 0.00 % Gn^0(l=3) ave= 0.000E+00 +/- 0.00 % || Gtotal(l=0) ave= 1.948E+04 +/- 22.86 % Gtotal(l=1) ave= 0.000E+00 +/- 0.00 % Gtotal(l=2) ave= 0.000E+00 +/- 0.00 % Gtotal(l=3) ave= 0.000E+00 +/- 0.00 %  % || Gg(l=0) ave= 1.005E-04 +/- 5.08 % Gg(l=1) ave= 0.000E+00 +/- 0.00 % Gg(l=2) ave= 0.000E+00 +/- 0.00 % Gg(l=3) ave= 0.000E+00 +/- 0.00 %  % || D(l=0) ave= 0.000E+00 +/- 0.00 % D(l=1) ave= 0.000E+00 +/- 0.00 % D(l=2) ave= 0.000E+00 +/- 0.00 % D(l=3) ave= 0.000E+00 +/- 0.00 %  % || S(l=0) ave= 2.775E+01 +/- 22.78 % S(l=1) ave= 0.000E+00 +/- 0.00 % S(l=2) ave= 0.000E+00 +/- 0.00 % S(l=3) ave= 0.000E+00 +/- 0.00 % 
 ... random file  152 Cap(th)  ave= 2.409E-05 b. +/- 2.90 % || Ela(th) ave= 4.268E+00 b. +/- 2.99 % || RIcap ave= 1.58E-05 b. +/- 1.90 % || Macs30 ave= 2.03E-08 b. +/- 2.90 % || Gn^0(l=0) ave= 3.694E+01 +/- 22.83 % Gn^0(l=1) ave= 0.000E+00 +/- 0.00 % Gn^0(l=2) ave= 0.000E+00 +/- 0.00 % Gn^0(l=3) ave= 0.000E+00 +/- 0.00 % || Gtotal(l=0) ave= 1.945E+04 +/- 22.90 % Gtotal(l=1) ave= 0.000E+00 +/- 0.00 % Gtotal(l=2) ave= 0.000E+00 +/- 0.00 % Gtotal(l=3) ave= 0.000E+00 +/- 0.00 %  % || Gg(l=0) ave= 1.004E-04 +/- 5.10 % Gg(l=1) ave= 0.000E+00 +/- 0.00 % Gg(l=2) ave= 0.000E+00 +/- 0.00 % Gg(l=3) ave= 0.000E+00 +/- 0.00 %  % || D(l=0) ave= 0.000E+00 +/- 0.00 % D(l=1) ave= 0.000E+00 +/- 0.00 % D(l=2) ave= 0.000E+00 +/- 0.00 % D(l=3) ave= 0.000E+00 +/- 0.00 %  % || S(l=0) ave= 2.771E+01 +/- 22.83 % S(l=1) ave= 0.000E+00 +/- 0.00 % S(l=2) ave= 0.000E+00 +/- 0.00 % S(l=3) ave= 0.000E+00 +/- 0.00 % 
 ... random file  153 Cap(th)  ave= 2.409E-05 b. +/- 2.89 % || Ela(th) ave= 4.267E+00 b. +/- 2.99 % || RIcap ave= 1.58E-05 b. +/- 1.89 % || Macs30 ave= 2.03E-08 b. +/- 2.89 % || Gn^0(l=0) ave= 3.699E+01 +/- 22.77 % Gn^0(l=1) ave= 0.000E+00 +/- 0.00 % Gn^0(l=2) ave= 0.000E+00 +/- 0.00 % Gn^0(l=3) ave= 0.000E+00 +/- 0.00 % || Gtotal(l=0) ave= 1.948E+04 +/- 22.84 % Gtotal(l=1) ave= 0.000E+00 +/- 0.00 % Gtotal(l=2) ave= 0.000E+00 +/- 0.00 % Gtotal(l=3) ave= 0.000E+00 +/- 0.00 %  % || Gg(l=0) ave= 1.004E-04 +/- 5.12 % Gg(l=1) ave= 0.000E+00 +/- 0.00 % Gg(l=2) ave= 0.000E+00 +/- 0.00 % Gg(l=3) ave= 0.000E+00 +/- 0.00 %  % || D(l=0) ave= 0.000E+00 +/- 0.00 % D(l=1) ave= 0.000E+00 +/- 0.00 % D(l=2) ave= 0.000E+00 +/- 0.00 % D(l=3) ave= 0.000E+00 +/- 0.00 %  % || S(l=0) ave= 2.774E+01 +/- 22.77 % S(l=1) ave= 0.000E+00 +/- 0.00 % S(l=2) ave= 0.000E+00 +/- 0.00 % S(l=3) ave= 0.000E+00 +/- 0.00 % 
 ... random file  154 Cap(th)  ave= 2.409E-05 b. +/- 2.88 % || Ela(th) ave= 4.267E+00 b. +/- 2.98 % || RIcap ave= 1.58E-05 b. +/- 1.89 % || Macs30 ave= 2.03E-08 b. +/- 2.88 % || Gn^0(l=0) ave= 3.707E+01 +/- 22.82 % Gn^0(l=1) ave= 0.000E+00 +/- 0.00 % Gn^0(l=2) ave= 0.000E+00 +/- 0.00 % Gn^0(l=3) ave= 0.000E+00 +/- 0.00 % || Gtotal(l=0) ave= 1.952E+04 +/- 22.88 % Gtotal(l=1) ave= 0.000E+00 +/- 0.00 % Gtotal(l=2) ave= 0.000E+00 +/- 0.00 % Gtotal(l=3) ave= 0.000E+00 +/- 0.00 %  % || Gg(l=0) ave= 1.004E-04 +/- 5.10 % Gg(l=1) ave= 0.000E+00 +/- 0.00 % Gg(l=2) ave= 0.000E+00 +/- 0.00 % Gg(l=3) ave= 0.000E+00 +/- 0.00 %  % || D(l=0) ave= 0.000E+00 +/- 0.00 % D(l=1) ave= 0.000E+00 +/- 0.00 % D(l=2) ave= 0.000E+00 +/- 0.00 % D(l=3) ave= 0.000E+00 +/- 0.00 %  % || S(l=0) ave= 2.780E+01 +/- 22.82 % S(l=1) ave= 0.000E+00 +/- 0.00 % S(l=2) ave= 0.000E+00 +/- 0.00 % S(l=3) ave= 0.000E+00 +/- 0.00 % 
 ... random file  155 Cap(th)  ave= 2.409E-05 b. +/- 2.88 % || Ela(th) ave= 4.267E+00 b. +/- 2.98 % || RIcap ave= 1.58E-05 b. +/- 1.88 % || Macs30 ave= 2.03E-08 b. +/- 2.88 % || Gn^0(l=0) ave= 3.702E+01 +/- 22.83 % Gn^0(l=1) ave= 0.000E+00 +/- 0.00 % Gn^0(l=2) ave= 0.000E+00 +/- 0.00 % Gn^0(l=3) ave= 0.000E+00 +/- 0.00 % || Gtotal(l=0) ave= 1.949E+04 +/- 22.90 % Gtotal(l=1) ave= 0.000E+00 +/- 0.00 % Gtotal(l=2) ave= 0.000E+00 +/- 0.00 % Gtotal(l=3) ave= 0.000E+00 +/- 0.00 %  % || Gg(l=0) ave= 1.004E-04 +/- 5.11 % Gg(l=1) ave= 0.000E+00 +/- 0.00 % Gg(l=2) ave= 0.000E+00 +/- 0.00 % Gg(l=3) ave= 0.000E+00 +/- 0.00 %  % || D(l=0) ave= 0.000E+00 +/- 0.00 % D(l=1) ave= 0.000E+00 +/- 0.00 % D(l=2) ave= 0.000E+00 +/- 0.00 % D(l=3) ave= 0.000E+00 +/- 0.00 %  % || S(l=0) ave= 2.777E+01 +/- 22.83 % S(l=1) ave= 0.000E+00 +/- 0.00 % S(l=2) ave= 0.000E+00 +/- 0.00 % S(l=3) ave= 0.000E+00 +/- 0.00 % 
 ... random file  156 Cap(th)  ave= 2.410E-05 b. +/- 2.89 % || Ela(th) ave= 4.267E+00 b. +/- 2.97 % || RIcap ave= 1.58E-05 b. +/- 1.89 % || Macs30 ave= 2.03E-08 b. +/- 2.89 % || Gn^0(l=0) ave= 3.700E+01 +/- 22.79 % Gn^0(l=1) ave= 0.000E+00 +/- 0.00 % Gn^0(l=2) ave= 0.000E+00 +/- 0.00 % Gn^0(l=3) ave= 0.000E+00 +/- 0.00 % || Gtotal(l=0) ave= 1.948E+04 +/- 22.85 % Gtotal(l=1) ave= 0.000E+00 +/- 0.00 % Gtotal(l=2) ave= 0.000E+00 +/- 0.00 % Gtotal(l=3) ave= 0.000E+00 +/- 0.00 %  % || Gg(l=0) ave= 1.004E-04 +/- 5.09 % Gg(l=1) ave= 0.000E+00 +/- 0.00 % Gg(l=2) ave= 0.000E+00 +/- 0.00 % Gg(l=3) ave= 0.000E+00 +/- 0.00 %  % || D(l=0) ave= 0.000E+00 +/- 0.00 % D(l=1) ave= 0.000E+00 +/- 0.00 % D(l=2) ave= 0.000E+00 +/- 0.00 % D(l=3) ave= 0.000E+00 +/- 0.00 %  % || S(l=0) ave= 2.775E+01 +/- 22.79 % S(l=1) ave= 0.000E+00 +/- 0.00 % S(l=2) ave= 0.000E+00 +/- 0.00 % S(l=3) ave= 0.000E+00 +/- 0.00 % 
 ... random file  157 Cap(th)  ave= 2.409E-05 b. +/- 2.89 % || Ela(th) ave= 4.268E+00 b. +/- 2.96 % || RIcap ave= 1.58E-05 b. +/- 1.89 % || Macs30 ave= 2.03E-08 b. +/- 2.89 % || Gn^0(l=0) ave= 3.702E+01 +/- 22.71 % Gn^0(l=1) ave= 0.000E+00 +/- 0.00 % Gn^0(l=2) ave= 0.000E+00 +/- 0.00 % Gn^0(l=3) ave= 0.000E+00 +/- 0.00 % || Gtotal(l=0) ave= 1.949E+04 +/- 22.78 % Gtotal(l=1) ave= 0.000E+00 +/- 0.00 % Gtotal(l=2) ave= 0.000E+00 +/- 0.00 % Gtotal(l=3) ave= 0.000E+00 +/- 0.00 %  % || Gg(l=0) ave= 1.004E-04 +/- 5.09 % Gg(l=1) ave= 0.000E+00 +/- 0.00 % Gg(l=2) ave= 0.000E+00 +/- 0.00 % Gg(l=3) ave= 0.000E+00 +/- 0.00 %  % || D(l=0) ave= 0.000E+00 +/- 0.00 % D(l=1) ave= 0.000E+00 +/- 0.00 % D(l=2) ave= 0.000E+00 +/- 0.00 % D(l=3) ave= 0.000E+00 +/- 0.00 %  % || S(l=0) ave= 2.777E+01 +/- 22.71 % S(l=1) ave= 0.000E+00 +/- 0.00 % S(l=2) ave= 0.000E+00 +/- 0.00 % S(l=3) ave= 0.000E+00 +/- 0.00 % 
 ... random file  158 Cap(th)  ave= 2.410E-05 b. +/- 2.88 % || Ela(th) ave= 4.268E+00 b. +/- 2.95 % || RIcap ave= 1.58E-05 b. +/- 1.88 % || Macs30 ave= 2.03E-08 b. +/- 2.88 % || Gn^0(l=0) ave= 3.697E+01 +/- 22.75 % Gn^0(l=1) ave= 0.000E+00 +/- 0.00 % Gn^0(l=2) ave= 0.000E+00 +/- 0.00 % Gn^0(l=3) ave= 0.000E+00 +/- 0.00 % || Gtotal(l=0) ave= 1.947E+04 +/- 22.81 % Gtotal(l=1) ave= 0.000E+00 +/- 0.00 % Gtotal(l=2) ave= 0.000E+00 +/- 0.00 % Gtotal(l=3) ave= 0.000E+00 +/- 0.00 %  % || Gg(l=0) ave= 1.004E-04 +/- 5.07 % Gg(l=1) ave= 0.000E+00 +/- 0.00 % Gg(l=2) ave= 0.000E+00 +/- 0.00 % Gg(l=3) ave= 0.000E+00 +/- 0.00 %  % || D(l=0) ave= 0.000E+00 +/- 0.00 % D(l=1) ave= 0.000E+00 +/- 0.00 % D(l=2) ave= 0.000E+00 +/- 0.00 % D(l=3) ave= 0.000E+00 +/- 0.00 %  % || S(l=0) ave= 2.773E+01 +/- 22.75 % S(l=1) ave= 0.000E+00 +/- 0.00 % S(l=2) ave= 0.000E+00 +/- 0.00 % S(l=3) ave= 0.000E+00 +/- 0.00 % 
 ... random file  159 Cap(th)  ave= 2.409E-05 b. +/- 2.88 % || Ela(th) ave= 4.267E+00 b. +/- 2.95 % || RIcap ave= 1.58E-05 b. +/- 1.88 % || Macs30 ave= 2.03E-08 b. +/- 2.88 % || Gn^0(l=0) ave= 3.696E+01 +/- 22.68 % Gn^0(l=1) ave= 0.000E+00 +/- 0.00 % Gn^0(l=2) ave= 0.000E+00 +/- 0.00 % Gn^0(l=3) ave= 0.000E+00 +/- 0.00 % || Gtotal(l=0) ave= 1.946E+04 +/- 22.74 % Gtotal(l=1) ave= 0.000E+00 +/- 0.00 % Gtotal(l=2) ave= 0.000E+00 +/- 0.00 % Gtotal(l=3) ave= 0.000E+00 +/- 0.00 %  % || Gg(l=0) ave= 1.005E-04 +/- 5.17 % Gg(l=1) ave= 0.000E+00 +/- 0.00 % Gg(l=2) ave= 0.000E+00 +/- 0.00 % Gg(l=3) ave= 0.000E+00 +/- 0.00 %  % || D(l=0) ave= 0.000E+00 +/- 0.00 % D(l=1) ave= 0.000E+00 +/- 0.00 % D(l=2) ave= 0.000E+00 +/- 0.00 % D(l=3) ave= 0.000E+00 +/- 0.00 %  % || S(l=0) ave= 2.772E+01 +/- 22.68 % S(l=1) ave= 0.000E+00 +/- 0.00 % S(l=2) ave= 0.000E+00 +/- 0.00 % S(l=3) ave= 0.000E+00 +/- 0.00 % 
 ... random file  160 Cap(th)  ave= 2.410E-05 b. +/- 2.88 % || Ela(th) ave= 4.266E+00 b. +/- 2.97 % || RIcap ave= 1.58E-05 b. +/- 1.88 % || Macs30 ave= 2.03E-08 b. +/- 2.88 % || Gn^0(l=0) ave= 3.704E+01 +/- 22.72 % Gn^0(l=1) ave= 0.000E+00 +/- 0.00 % Gn^0(l=2) ave= 0.000E+00 +/- 0.00 % Gn^0(l=3) ave= 0.000E+00 +/- 0.00 % || Gtotal(l=0) ave= 1.950E+04 +/- 22.75 % Gtotal(l=1) ave= 0.000E+00 +/- 0.00 % Gtotal(l=2) ave= 0.000E+00 +/- 0.00 % Gtotal(l=3) ave= 0.000E+00 +/- 0.00 %  % || Gg(l=0) ave= 1.005E-04 +/- 5.17 % Gg(l=1) ave= 0.000E+00 +/- 0.00 % Gg(l=2) ave= 0.000E+00 +/- 0.00 % Gg(l=3) ave= 0.000E+00 +/- 0.00 %  % || D(l=0) ave= 0.000E+00 +/- 0.00 % D(l=1) ave= 0.000E+00 +/- 0.00 % D(l=2) ave= 0.000E+00 +/- 0.00 % D(l=3) ave= 0.000E+00 +/- 0.00 %  % || S(l=0) ave= 2.778E+01 +/- 22.72 % S(l=1) ave= 0.000E+00 +/- 0.00 % S(l=2) ave= 0.000E+00 +/- 0.00 % S(l=3) ave= 0.000E+00 +/- 0.00 % 
 ... random file  161 Cap(th)  ave= 2.410E-05 b. +/- 2.87 % || Ela(th) ave= 4.266E+00 b. +/- 2.96 % || RIcap ave= 1.58E-05 b. +/- 1.88 % || Macs30 ave= 2.03E-08 b. +/- 2.87 % || Gn^0(l=0) ave= 3.708E+01 +/- 22.67 % Gn^0(l=1) ave= 0.000E+00 +/- 0.00 % Gn^0(l=2) ave= 0.000E+00 +/- 0.00 % Gn^0(l=3) ave= 0.000E+00 +/- 0.00 % || Gtotal(l=0) ave= 1.952E+04 +/- 22.71 % Gtotal(l=1) ave= 0.000E+00 +/- 0.00 % Gtotal(l=2) ave= 0.000E+00 +/- 0.00 % Gtotal(l=3) ave= 0.000E+00 +/- 0.00 %  % || Gg(l=0) ave= 1.006E-04 +/- 5.17 % Gg(l=1) ave= 0.000E+00 +/- 0.00 % Gg(l=2) ave= 0.000E+00 +/- 0.00 % Gg(l=3) ave= 0.000E+00 +/- 0.00 %  % || D(l=0) ave= 0.000E+00 +/- 0.00 % D(l=1) ave= 0.000E+00 +/- 0.00 % D(l=2) ave= 0.000E+00 +/- 0.00 % D(l=3) ave= 0.000E+00 +/- 0.00 %  % || S(l=0) ave= 2.781E+01 +/- 22.67 % S(l=1) ave= 0.000E+00 +/- 0.00 % S(l=2) ave= 0.000E+00 +/- 0.00 % S(l=3) ave= 0.000E+00 +/- 0.00 % 
 ... random file  162 Cap(th)  ave= 2.410E-05 b. +/- 2.87 % || Ela(th) ave= 4.265E+00 b. +/- 2.96 % || RIcap ave= 1.58E-05 b. +/- 1.88 % || Macs30 ave= 2.03E-08 b. +/- 2.87 % || Gn^0(l=0) ave= 3.709E+01 +/- 22.60 % Gn^0(l=1) ave= 0.000E+00 +/- 0.00 % Gn^0(l=2) ave= 0.000E+00 +/- 0.00 % Gn^0(l=3) ave= 0.000E+00 +/- 0.00 % || Gtotal(l=0) ave= 1.952E+04 +/- 22.64 % Gtotal(l=1) ave= 0.000E+00 +/- 0.00 % Gtotal(l=2) ave= 0.000E+00 +/- 0.00 % Gtotal(l=3) ave= 0.000E+00 +/- 0.00 %  % || Gg(l=0) ave= 1.005E-04 +/- 5.18 % Gg(l=1) ave= 0.000E+00 +/- 0.00 % Gg(l=2) ave= 0.000E+00 +/- 0.00 % Gg(l=3) ave= 0.000E+00 +/- 0.00 %  % || D(l=0) ave= 0.000E+00 +/- 0.00 % D(l=1) ave= 0.000E+00 +/- 0.00 % D(l=2) ave= 0.000E+00 +/- 0.00 % D(l=3) ave= 0.000E+00 +/- 0.00 %  % || S(l=0) ave= 2.781E+01 +/- 22.60 % S(l=1) ave= 0.000E+00 +/- 0.00 % S(l=2) ave= 0.000E+00 +/- 0.00 % S(l=3) ave= 0.000E+00 +/- 0.00 % 
 ... random file  163 Cap(th)  ave= 2.409E-05 b. +/- 2.88 % || Ela(th) ave= 4.266E+00 b. +/- 2.95 % || RIcap ave= 1.58E-05 b. +/- 1.88 % || Macs30 ave= 2.03E-08 b. +/- 2.88 % || Gn^0(l=0) ave= 3.713E+01 +/- 22.56 % Gn^0(l=1) ave= 0.000E+00 +/- 0.00 % Gn^0(l=2) ave= 0.000E+00 +/- 0.00 % Gn^0(l=3) ave= 0.000E+00 +/- 0.00 % || Gtotal(l=0) ave= 1.955E+04 +/- 22.59 % Gtotal(l=1) ave= 0.000E+00 +/- 0.00 % Gtotal(l=2) ave= 0.000E+00 +/- 0.00 % Gtotal(l=3) ave= 0.000E+00 +/- 0.00 %  % || Gg(l=0) ave= 1.005E-04 +/- 5.16 % Gg(l=1) ave= 0.000E+00 +/- 0.00 % Gg(l=2) ave= 0.000E+00 +/- 0.00 % Gg(l=3) ave= 0.000E+00 +/- 0.00 %  % || D(l=0) ave= 0.000E+00 +/- 0.00 % D(l=1) ave= 0.000E+00 +/- 0.00 % D(l=2) ave= 0.000E+00 +/- 0.00 % D(l=3) ave= 0.000E+00 +/- 0.00 %  % || S(l=0) ave= 2.785E+01 +/- 22.56 % S(l=1) ave= 0.000E+00 +/- 0.00 % S(l=2) ave= 0.000E+00 +/- 0.00 % S(l=3) ave= 0.000E+00 +/- 0.00 % 
 ... random file  164 Cap(th)  ave= 2.409E-05 b. +/- 2.87 % || Ela(th) ave= 4.266E+00 b. +/- 2.95 % || RIcap ave= 1.58E-05 b. +/- 1.88 % || Macs30 ave= 2.03E-08 b. +/- 2.87 % || Gn^0(l=0) ave= 3.707E+01 +/- 22.61 % Gn^0(l=1) ave= 0.000E+00 +/- 0.00 % Gn^0(l=2) ave= 0.000E+00 +/- 0.00 % Gn^0(l=3) ave= 0.000E+00 +/- 0.00 % || Gtotal(l=0) ave= 1.952E+04 +/- 22.65 % Gtotal(l=1) ave= 0.000E+00 +/- 0.00 % Gtotal(l=2) ave= 0.000E+00 +/- 0.00 % Gtotal(l=3) ave= 0.000E+00 +/- 0.00 %  % || Gg(l=0) ave= 1.005E-04 +/- 5.16 % Gg(l=1) ave= 0.000E+00 +/- 0.00 % Gg(l=2) ave= 0.000E+00 +/- 0.00 % Gg(l=3) ave= 0.000E+00 +/- 0.00 %  % || D(l=0) ave= 0.000E+00 +/- 0.00 % D(l=1) ave= 0.000E+00 +/- 0.00 % D(l=2) ave= 0.000E+00 +/- 0.00 % D(l=3) ave= 0.000E+00 +/- 0.00 %  % || S(l=0) ave= 2.780E+01 +/- 22.61 % S(l=1) ave= 0.000E+00 +/- 0.00 % S(l=2) ave= 0.000E+00 +/- 0.00 % S(l=3) ave= 0.000E+00 +/- 0.00 % 
 ... random file  165 Cap(th)  ave= 2.408E-05 b. +/- 2.87 % || Ela(th) ave= 4.266E+00 b. +/- 2.94 % || RIcap ave= 1.58E-05 b. +/- 1.88 % || Macs30 ave= 2.03E-08 b. +/- 2.87 % || Gn^0(l=0) ave= 3.705E+01 +/- 22.56 % Gn^0(l=1) ave= 0.000E+00 +/- 0.00 % Gn^0(l=2) ave= 0.000E+00 +/- 0.00 % Gn^0(l=3) ave= 0.000E+00 +/- 0.00 % || Gtotal(l=0) ave= 1.951E+04 +/- 22.60 % Gtotal(l=1) ave= 0.000E+00 +/- 0.00 % Gtotal(l=2) ave= 0.000E+00 +/- 0.00 % Gtotal(l=3) ave= 0.000E+00 +/- 0.00 %  % || Gg(l=0) ave= 1.005E-04 +/- 5.14 % Gg(l=1) ave= 0.000E+00 +/- 0.00 % Gg(l=2) ave= 0.000E+00 +/- 0.00 % Gg(l=3) ave= 0.000E+00 +/- 0.00 %  % || D(l=0) ave= 0.000E+00 +/- 0.00 % D(l=1) ave= 0.000E+00 +/- 0.00 % D(l=2) ave= 0.000E+00 +/- 0.00 % D(l=3) ave= 0.000E+00 +/- 0.00 %  % || S(l=0) ave= 2.779E+01 +/- 22.56 % S(l=1) ave= 0.000E+00 +/- 0.00 % S(l=2) ave= 0.000E+00 +/- 0.00 % S(l=3) ave= 0.000E+00 +/- 0.00 % 
 ... random file  166 Cap(th)  ave= 2.408E-05 b. +/- 2.87 % || Ela(th) ave= 4.265E+00 b. +/- 2.97 % || RIcap ave= 1.58E-05 b. +/- 1.88 % || Macs30 ave= 2.03E-08 b. +/- 2.87 % || Gn^0(l=0) ave= 3.712E+01 +/- 22.56 % Gn^0(l=1) ave= 0.000E+00 +/- 0.00 % Gn^0(l=2) ave= 0.000E+00 +/- 0.00 % Gn^0(l=3) ave= 0.000E+00 +/- 0.00 % || Gtotal(l=0) ave= 1.953E+04 +/- 22.57 % Gtotal(l=1) ave= 0.000E+00 +/- 0.00 % Gtotal(l=2) ave= 0.000E+00 +/- 0.00 % Gtotal(l=3) ave= 0.000E+00 +/- 0.00 %  % || Gg(l=0) ave= 1.005E-04 +/- 5.15 % Gg(l=1) ave= 0.000E+00 +/- 0.00 % Gg(l=2) ave= 0.000E+00 +/- 0.00 % Gg(l=3) ave= 0.000E+00 +/- 0.00 %  % || D(l=0) ave= 0.000E+00 +/- 0.00 % D(l=1) ave= 0.000E+00 +/- 0.00 % D(l=2) ave= 0.000E+00 +/- 0.00 % D(l=3) ave= 0.000E+00 +/- 0.00 %  % || S(l=0) ave= 2.784E+01 +/- 22.56 % S(l=1) ave= 0.000E+00 +/- 0.00 % S(l=2) ave= 0.000E+00 +/- 0.00 % S(l=3) ave= 0.000E+00 +/- 0.00 % 
 ... random file  167 Cap(th)  ave= 2.408E-05 b. +/- 2.87 % || Ela(th) ave= 4.263E+00 b. +/- 3.01 % || RIcap ave= 1.58E-05 b. +/- 1.88 % || Macs30 ave= 2.03E-08 b. +/- 2.87 % || Gn^0(l=0) ave= 3.721E+01 +/- 22.67 % Gn^0(l=1) ave= 0.000E+00 +/- 0.00 % Gn^0(l=2) ave= 0.000E+00 +/- 0.00 % Gn^0(l=3) ave= 0.000E+00 +/- 0.00 % || Gtotal(l=0) ave= 1.958E+04 +/- 22.65 % Gtotal(l=1) ave= 0.000E+00 +/- 0.00 % Gtotal(l=2) ave= 0.000E+00 +/- 0.00 % Gtotal(l=3) ave= 0.000E+00 +/- 0.00 %  % || Gg(l=0) ave= 1.004E-04 +/- 5.15 % Gg(l=1) ave= 0.000E+00 +/- 0.00 % Gg(l=2) ave= 0.000E+00 +/- 0.00 % Gg(l=3) ave= 0.000E+00 +/- 0.00 %  % || D(l=0) ave= 0.000E+00 +/- 0.00 % D(l=1) ave= 0.000E+00 +/- 0.00 % D(l=2) ave= 0.000E+00 +/- 0.00 % D(l=3) ave= 0.000E+00 +/- 0.00 %  % || S(l=0) ave= 2.791E+01 +/- 22.67 % S(l=1) ave= 0.000E+00 +/- 0.00 % S(l=2) ave= 0.000E+00 +/- 0.00 % S(l=3) ave= 0.000E+00 +/- 0.00 % 
 ... random file  168 Cap(th)  ave= 2.408E-05 b. +/- 2.86 % || Ela(th) ave= 4.264E+00 b. +/- 3.01 % || RIcap ave= 1.58E-05 b. +/- 1.87 % || Macs30 ave= 2.03E-08 b. +/- 2.86 % || Gn^0(l=0) ave= 3.719E+01 +/- 22.62 % Gn^0(l=1) ave= 0.000E+00 +/- 0.00 % Gn^0(l=2) ave= 0.000E+00 +/- 0.00 % Gn^0(l=3) ave= 0.000E+00 +/- 0.00 % || Gtotal(l=0) ave= 1.957E+04 +/- 22.59 % Gtotal(l=1) ave= 0.000E+00 +/- 0.00 % Gtotal(l=2) ave= 0.000E+00 +/- 0.00 % Gtotal(l=3) ave= 0.000E+00 +/- 0.00 %  % || Gg(l=0) ave= 1.005E-04 +/- 5.22 % Gg(l=1) ave= 0.000E+00 +/- 0.00 % Gg(l=2) ave= 0.000E+00 +/- 0.00 % Gg(l=3) ave= 0.000E+00 +/- 0.00 %  % || D(l=0) ave= 0.000E+00 +/- 0.00 % D(l=1) ave= 0.000E+00 +/- 0.00 % D(l=2) ave= 0.000E+00 +/- 0.00 % D(l=3) ave= 0.000E+00 +/- 0.00 %  % || S(l=0) ave= 2.790E+01 +/- 22.62 % S(l=1) ave= 0.000E+00 +/- 0.00 % S(l=2) ave= 0.000E+00 +/- 0.00 % S(l=3) ave= 0.000E+00 +/- 0.00 % 
 ... random file  169 Cap(th)  ave= 2.408E-05 b. +/- 2.85 % || Ela(th) ave= 4.264E+00 b. +/- 3.00 % || RIcap ave= 1.58E-05 b. +/- 1.87 % || Macs30 ave= 2.03E-08 b. +/- 2.85 % || Gn^0(l=0) ave= 3.714E+01 +/- 22.69 % Gn^0(l=1) ave= 0.000E+00 +/- 0.00 % Gn^0(l=2) ave= 0.000E+00 +/- 0.00 % Gn^0(l=3) ave= 0.000E+00 +/- 0.00 % || Gtotal(l=0) ave= 1.954E+04 +/- 22.66 % Gtotal(l=1) ave= 0.000E+00 +/- 0.00 % Gtotal(l=2) ave= 0.000E+00 +/- 0.00 % Gtotal(l=3) ave= 0.000E+00 +/- 0.00 %  % || Gg(l=0) ave= 1.005E-04 +/- 5.21 % Gg(l=1) ave= 0.000E+00 +/- 0.00 % Gg(l=2) ave= 0.000E+00 +/- 0.00 % Gg(l=3) ave= 0.000E+00 +/- 0.00 %  % || D(l=0) ave= 0.000E+00 +/- 0.00 % D(l=1) ave= 0.000E+00 +/- 0.00 % D(l=2) ave= 0.000E+00 +/- 0.00 % D(l=3) ave= 0.000E+00 +/- 0.00 %  % || S(l=0) ave= 2.785E+01 +/- 22.69 % S(l=1) ave= 0.000E+00 +/- 0.00 % S(l=2) ave= 0.000E+00 +/- 0.00 % S(l=3) ave= 0.000E+00 +/- 0.00 % 
 ... random file  170 Cap(th)  ave= 2.408E-05 b. +/- 2.85 % || Ela(th) ave= 4.264E+00 b. +/- 3.00 % || RIcap ave= 1.58E-05 b. +/- 1.86 % || Macs30 ave= 2.03E-08 b. +/- 2.85 % || Gn^0(l=0) ave= 3.719E+01 +/- 22.67 % Gn^0(l=1) ave= 0.000E+00 +/- 0.00 % Gn^0(l=2) ave= 0.000E+00 +/- 0.00 % Gn^0(l=3) ave= 0.000E+00 +/- 0.00 % || Gtotal(l=0) ave= 1.957E+04 +/- 22.65 % Gtotal(l=1) ave= 0.000E+00 +/- 0.00 % Gtotal(l=2) ave= 0.000E+00 +/- 0.00 % Gtotal(l=3) ave= 0.000E+00 +/- 0.00 %  % || Gg(l=0) ave= 1.005E-04 +/- 5.19 % Gg(l=1) ave= 0.000E+00 +/- 0.00 % Gg(l=2) ave= 0.000E+00 +/- 0.00 % Gg(l=3) ave= 0.000E+00 +/- 0.00 %  % || D(l=0) ave= 0.000E+00 +/- 0.00 % D(l=1) ave= 0.000E+00 +/- 0.00 % D(l=2) ave= 0.000E+00 +/- 0.00 % D(l=3) ave= 0.000E+00 +/- 0.00 %  % || S(l=0) ave= 2.789E+01 +/- 22.67 % S(l=1) ave= 0.000E+00 +/- 0.00 % S(l=2) ave= 0.000E+00 +/- 0.00 % S(l=3) ave= 0.000E+00 +/- 0.00 % 
 ... random file  171 Cap(th)  ave= 2.408E-05 b. +/- 2.84 % || Ela(th) ave= 4.265E+00 b. +/- 2.99 % || RIcap ave= 1.58E-05 b. +/- 1.86 % || Macs30 ave= 2.03E-08 b. +/- 2.84 % || Gn^0(l=0) ave= 3.720E+01 +/- 22.60 % Gn^0(l=1) ave= 0.000E+00 +/- 0.00 % Gn^0(l=2) ave= 0.000E+00 +/- 0.00 % Gn^0(l=3) ave= 0.000E+00 +/- 0.00 % || Gtotal(l=0) ave= 1.958E+04 +/- 22.58 % Gtotal(l=1) ave= 0.000E+00 +/- 0.00 % Gtotal(l=2) ave= 0.000E+00 +/- 0.00 % Gtotal(l=3) ave= 0.000E+00 +/- 0.00 %  % || Gg(l=0) ave= 1.005E-04 +/- 5.18 % Gg(l=1) ave= 0.000E+00 +/- 0.00 % Gg(l=2) ave= 0.000E+00 +/- 0.00 % Gg(l=3) ave= 0.000E+00 +/- 0.00 %  % || D(l=0) ave= 0.000E+00 +/- 0.00 % D(l=1) ave= 0.000E+00 +/- 0.00 % D(l=2) ave= 0.000E+00 +/- 0.00 % D(l=3) ave= 0.000E+00 +/- 0.00 %  % || S(l=0) ave= 2.790E+01 +/- 22.60 % S(l=1) ave= 0.000E+00 +/- 0.00 % S(l=2) ave= 0.000E+00 +/- 0.00 % S(l=3) ave= 0.000E+00 +/- 0.00 % 
 ... random file  172 Cap(th)  ave= 2.408E-05 b. +/- 2.83 % || Ela(th) ave= 4.266E+00 b. +/- 3.02 % || RIcap ave= 1.58E-05 b. +/- 1.85 % || Macs30 ave= 2.03E-08 b. +/- 2.83 % || Gn^0(l=0) ave= 3.721E+01 +/- 22.53 % Gn^0(l=1) ave= 0.000E+00 +/- 0.00 % Gn^0(l=2) ave= 0.000E+00 +/- 0.00 % Gn^0(l=3) ave= 0.000E+00 +/- 0.00 % || Gtotal(l=0) ave= 1.958E+04 +/- 22.51 % Gtotal(l=1) ave= 0.000E+00 +/- 0.00 % Gtotal(l=2) ave= 0.000E+00 +/- 0.00 % Gtotal(l=3) ave= 0.000E+00 +/- 0.00 %  % || Gg(l=0) ave= 1.005E-04 +/- 5.17 % Gg(l=1) ave= 0.000E+00 +/- 0.00 % Gg(l=2) ave= 0.000E+00 +/- 0.00 % Gg(l=3) ave= 0.000E+00 +/- 0.00 %  % || D(l=0) ave= 0.000E+00 +/- 0.00 % D(l=1) ave= 0.000E+00 +/- 0.00 % D(l=2) ave= 0.000E+00 +/- 0.00 % D(l=3) ave= 0.000E+00 +/- 0.00 %  % || S(l=0) ave= 2.791E+01 +/- 22.53 % S(l=1) ave= 0.000E+00 +/- 0.00 % S(l=2) ave= 0.000E+00 +/- 0.00 % S(l=3) ave= 0.000E+00 +/- 0.00 % 
 ... random file  173 Cap(th)  ave= 2.408E-05 b. +/- 2.82 % || Ela(th) ave= 4.265E+00 b. +/- 3.05 % || RIcap ave= 1.58E-05 b. +/- 1.85 % || Macs30 ave= 2.03E-08 b. +/- 2.82 % || Gn^0(l=0) ave= 3.712E+01 +/- 22.72 % Gn^0(l=1) ave= 0.000E+00 +/- 0.00 % Gn^0(l=2) ave= 0.000E+00 +/- 0.00 % Gn^0(l=3) ave= 0.000E+00 +/- 0.00 % || Gtotal(l=0) ave= 1.954E+04 +/- 22.73 % Gtotal(l=1) ave= 0.000E+00 +/- 0.00 % Gtotal(l=2) ave= 0.000E+00 +/- 0.00 % Gtotal(l=3) ave= 0.000E+00 +/- 0.00 %  % || Gg(l=0) ave= 1.005E-04 +/- 5.18 % Gg(l=1) ave= 0.000E+00 +/- 0.00 % Gg(l=2) ave= 0.000E+00 +/- 0.00 % Gg(l=3) ave= 0.000E+00 +/- 0.00 %  % || D(l=0) ave= 0.000E+00 +/- 0.00 % D(l=1) ave= 0.000E+00 +/- 0.00 % D(l=2) ave= 0.000E+00 +/- 0.00 % D(l=3) ave= 0.000E+00 +/- 0.00 %  % || S(l=0) ave= 2.784E+01 +/- 22.72 % S(l=1) ave= 0.000E+00 +/- 0.00 % S(l=2) ave= 0.000E+00 +/- 0.00 % S(l=3) ave= 0.000E+00 +/- 0.00 % 
 ... random file  174 Cap(th)  ave= 2.408E-05 b. +/- 2.82 % || Ela(th) ave= 4.266E+00 b. +/- 3.06 % || RIcap ave= 1.58E-05 b. +/- 1.84 % || Macs30 ave= 2.03E-08 b. +/- 2.82 % || Gn^0(l=0) ave= 3.710E+01 +/- 22.68 % Gn^0(l=1) ave= 0.000E+00 +/- 0.00 % Gn^0(l=2) ave= 0.000E+00 +/- 0.00 % Gn^0(l=3) ave= 0.000E+00 +/- 0.00 % || Gtotal(l=0) ave= 1.953E+04 +/- 22.68 % Gtotal(l=1) ave= 0.000E+00 +/- 0.00 % Gtotal(l=2) ave= 0.000E+00 +/- 0.00 % Gtotal(l=3) ave= 0.000E+00 +/- 0.00 %  % || Gg(l=0) ave= 1.005E-04 +/- 5.17 % Gg(l=1) ave= 0.000E+00 +/- 0.00 % Gg(l=2) ave= 0.000E+00 +/- 0.00 % Gg(l=3) ave= 0.000E+00 +/- 0.00 %  % || D(l=0) ave= 0.000E+00 +/- 0.00 % D(l=1) ave= 0.000E+00 +/- 0.00 % D(l=2) ave= 0.000E+00 +/- 0.00 % D(l=3) ave= 0.000E+00 +/- 0.00 %  % || S(l=0) ave= 2.783E+01 +/- 22.68 % S(l=1) ave= 0.000E+00 +/- 0.00 % S(l=2) ave= 0.000E+00 +/- 0.00 % S(l=3) ave= 0.000E+00 +/- 0.00 % 
 ... random file  175 Cap(th)  ave= 2.408E-05 b. +/- 2.81 % || Ela(th) ave= 4.265E+00 b. +/- 3.06 % || RIcap ave= 1.58E-05 b. +/- 1.84 % || Macs30 ave= 2.03E-08 b. +/- 2.81 % || Gn^0(l=0) ave= 3.717E+01 +/- 22.72 % Gn^0(l=1) ave= 0.000E+00 +/- 0.00 % Gn^0(l=2) ave= 0.000E+00 +/- 0.00 % Gn^0(l=3) ave= 0.000E+00 +/- 0.00 % || Gtotal(l=0) ave= 1.956E+04 +/- 22.69 % Gtotal(l=1) ave= 0.000E+00 +/- 0.00 % Gtotal(l=2) ave= 0.000E+00 +/- 0.00 % Gtotal(l=3) ave= 0.000E+00 +/- 0.00 %  % || Gg(l=0) ave= 1.005E-04 +/- 5.19 % Gg(l=1) ave= 0.000E+00 +/- 0.00 % Gg(l=2) ave= 0.000E+00 +/- 0.00 % Gg(l=3) ave= 0.000E+00 +/- 0.00 %  % || D(l=0) ave= 0.000E+00 +/- 0.00 % D(l=1) ave= 0.000E+00 +/- 0.00 % D(l=2) ave= 0.000E+00 +/- 0.00 % D(l=3) ave= 0.000E+00 +/- 0.00 %  % || S(l=0) ave= 2.788E+01 +/- 22.72 % S(l=1) ave= 0.000E+00 +/- 0.00 % S(l=2) ave= 0.000E+00 +/- 0.00 % S(l=3) ave= 0.000E+00 +/- 0.00 % 
 ... random file  176 Cap(th)  ave= 2.408E-05 b. +/- 2.81 % || Ela(th) ave= 4.266E+00 b. +/- 3.08 % || RIcap ave= 1.58E-05 b. +/- 1.84 % || Macs30 ave= 2.03E-08 b. +/- 2.81 % || Gn^0(l=0) ave= 3.726E+01 +/- 22.79 % Gn^0(l=1) ave= 0.000E+00 +/- 0.00 % Gn^0(l=2) ave= 0.000E+00 +/- 0.00 % Gn^0(l=3) ave= 0.000E+00 +/- 0.00 % || Gtotal(l=0) ave= 1.961E+04 +/- 22.80 % Gtotal(l=1) ave= 0.000E+00 +/- 0.00 % Gtotal(l=2) ave= 0.000E+00 +/- 0.00 % Gtotal(l=3) ave= 0.000E+00 +/- 0.00 %  % || Gg(l=0) ave= 1.005E-04 +/- 5.18 % Gg(l=1) ave= 0.000E+00 +/- 0.00 % Gg(l=2) ave= 0.000E+00 +/- 0.00 % Gg(l=3) ave= 0.000E+00 +/- 0.00 %  % || D(l=0) ave= 0.000E+00 +/- 0.00 % D(l=1) ave= 0.000E+00 +/- 0.00 % D(l=2) ave= 0.000E+00 +/- 0.00 % D(l=3) ave= 0.000E+00 +/- 0.00 %  % || S(l=0) ave= 2.794E+01 +/- 22.79 % S(l=1) ave= 0.000E+00 +/- 0.00 % S(l=2) ave= 0.000E+00 +/- 0.00 % S(l=3) ave= 0.000E+00 +/- 0.00 % 
 ... random file  177 Cap(th)  ave= 2.408E-05 b. +/- 2.80 % || Ela(th) ave= 4.266E+00 b. +/- 3.07 % || RIcap ave= 1.58E-05 b. +/- 1.83 % || Macs30 ave= 2.03E-08 b. +/- 2.80 % || Gn^0(l=0) ave= 3.725E+01 +/- 22.74 % Gn^0(l=1) ave= 0.000E+00 +/- 0.00 % Gn^0(l=2) ave= 0.000E+00 +/- 0.00 % Gn^0(l=3) ave= 0.000E+00 +/- 0.00 % || Gtotal(l=0) ave= 1.961E+04 +/- 22.74 % Gtotal(l=1) ave= 0.000E+00 +/- 0.00 % Gtotal(l=2) ave= 0.000E+00 +/- 0.00 % Gtotal(l=3) ave= 0.000E+00 +/- 0.00 %  % || Gg(l=0) ave= 1.005E-04 +/- 5.16 % Gg(l=1) ave= 0.000E+00 +/- 0.00 % Gg(l=2) ave= 0.000E+00 +/- 0.00 % Gg(l=3) ave= 0.000E+00 +/- 0.00 %  % || D(l=0) ave= 0.000E+00 +/- 0.00 % D(l=1) ave= 0.000E+00 +/- 0.00 % D(l=2) ave= 0.000E+00 +/- 0.00 % D(l=3) ave= 0.000E+00 +/- 0.00 %  % || S(l=0) ave= 2.794E+01 +/- 22.74 % S(l=1) ave= 0.000E+00 +/- 0.00 % S(l=2) ave= 0.000E+00 +/- 0.00 % S(l=3) ave= 0.000E+00 +/- 0.00 % 
 ... random file  178 Cap(th)  ave= 2.408E-05 b. +/- 2.80 % || Ela(th) ave= 4.266E+00 b. +/- 3.07 % || RIcap ave= 1.58E-05 b. +/- 1.83 % || Macs30 ave= 2.03E-08 b. +/- 2.80 % || Gn^0(l=0) ave= 3.726E+01 +/- 22.67 % Gn^0(l=1) ave= 0.000E+00 +/- 0.00 % Gn^0(l=2) ave= 0.000E+00 +/- 0.00 % Gn^0(l=3) ave= 0.000E+00 +/- 0.00 % || Gtotal(l=0) ave= 1.961E+04 +/- 22.68 % Gtotal(l=1) ave= 0.000E+00 +/- 0.00 % Gtotal(l=2) ave= 0.000E+00 +/- 0.00 % Gtotal(l=3) ave= 0.000E+00 +/- 0.00 %  % || Gg(l=0) ave= 1.006E-04 +/- 5.16 % Gg(l=1) ave= 0.000E+00 +/- 0.00 % Gg(l=2) ave= 0.000E+00 +/- 0.00 % Gg(l=3) ave= 0.000E+00 +/- 0.00 %  % || D(l=0) ave= 0.000E+00 +/- 0.00 % D(l=1) ave= 0.000E+00 +/- 0.00 % D(l=2) ave= 0.000E+00 +/- 0.00 % D(l=3) ave= 0.000E+00 +/- 0.00 %  % || S(l=0) ave= 2.795E+01 +/- 22.67 % S(l=1) ave= 0.000E+00 +/- 0.00 % S(l=2) ave= 0.000E+00 +/- 0.00 % S(l=3) ave= 0.000E+00 +/- 0.00 % 
 ... random file  179 Cap(th)  ave= 2.408E-05 b. +/- 2.79 % || Ela(th) ave= 4.267E+00 b. +/- 3.06 % || RIcap ave= 1.58E-05 b. +/- 1.83 % || Macs30 ave= 2.03E-08 b. +/- 2.79 % || Gn^0(l=0) ave= 3.719E+01 +/- 22.78 % Gn^0(l=1) ave= 0.000E+00 +/- 0.00 % Gn^0(l=2) ave= 0.000E+00 +/- 0.00 % Gn^0(l=3) ave= 0.000E+00 +/- 0.00 % || Gtotal(l=0) ave= 1.958E+04 +/- 22.78 % Gtotal(l=1) ave= 0.000E+00 +/- 0.00 % Gtotal(l=2) ave= 0.000E+00 +/- 0.00 % Gtotal(l=3) ave= 0.000E+00 +/- 0.00 %  % || Gg(l=0) ave= 1.005E-04 +/- 5.19 % Gg(l=1) ave= 0.000E+00 +/- 0.00 % Gg(l=2) ave= 0.000E+00 +/- 0.00 % Gg(l=3) ave= 0.000E+00 +/- 0.00 %  % || D(l=0) ave= 0.000E+00 +/- 0.00 % D(l=1) ave= 0.000E+00 +/- 0.00 % D(l=2) ave= 0.000E+00 +/- 0.00 % D(l=3) ave= 0.000E+00 +/- 0.00 %  % || S(l=0) ave= 2.790E+01 +/- 22.78 % S(l=1) ave= 0.000E+00 +/- 0.00 % S(l=2) ave= 0.000E+00 +/- 0.00 % S(l=3) ave= 0.000E+00 +/- 0.00 % 
 ... random file  180 Cap(th)  ave= 2.408E-05 b. +/- 2.79 % || Ela(th) ave= 4.266E+00 b. +/- 3.06 % || RIcap ave= 1.58E-05 b. +/- 1.82 % || Macs30 ave= 2.03E-08 b. +/- 2.79 % || Gn^0(l=0) ave= 3.723E+01 +/- 22.73 % Gn^0(l=1) ave= 0.000E+00 +/- 0.00 % Gn^0(l=2) ave= 0.000E+00 +/- 0.00 % Gn^0(l=3) ave= 0.000E+00 +/- 0.00 % || Gtotal(l=0) ave= 1.960E+04 +/- 22.73 % Gtotal(l=1) ave= 0.000E+00 +/- 0.00 % Gtotal(l=2) ave= 0.000E+00 +/- 0.00 % Gtotal(l=3) ave= 0.000E+00 +/- 0.00 %  % || Gg(l=0) ave= 1.005E-04 +/- 5.19 % Gg(l=1) ave= 0.000E+00 +/- 0.00 % Gg(l=2) ave= 0.000E+00 +/- 0.00 % Gg(l=3) ave= 0.000E+00 +/- 0.00 %  % || D(l=0) ave= 0.000E+00 +/- 0.00 % D(l=1) ave= 0.000E+00 +/- 0.00 % D(l=2) ave= 0.000E+00 +/- 0.00 % D(l=3) ave= 0.000E+00 +/- 0.00 %  % || S(l=0) ave= 2.792E+01 +/- 22.73 % S(l=1) ave= 0.000E+00 +/- 0.00 % S(l=2) ave= 0.000E+00 +/- 0.00 % S(l=3) ave= 0.000E+00 +/- 0.00 % 
 ... random file  181 Cap(th)  ave= 2.407E-05 b. +/- 2.80 % || Ela(th) ave= 4.267E+00 b. +/- 3.07 % || RIcap ave= 1.58E-05 b. +/- 1.83 % || Macs30 ave= 2.03E-08 b. +/- 2.80 % || Gn^0(l=0) ave= 3.727E+01 +/- 22.69 % Gn^0(l=1) ave= 0.000E+00 +/- 0.00 % Gn^0(l=2) ave= 0.000E+00 +/- 0.00 % Gn^0(l=3) ave= 0.000E+00 +/- 0.00 % || Gtotal(l=0) ave= 1.962E+04 +/- 22.70 % Gtotal(l=1) ave= 0.000E+00 +/- 0.00 % Gtotal(l=2) ave= 0.000E+00 +/- 0.00 % Gtotal(l=3) ave= 0.000E+00 +/- 0.00 %  % || Gg(l=0) ave= 1.005E-04 +/- 5.18 % Gg(l=1) ave= 0.000E+00 +/- 0.00 % Gg(l=2) ave= 0.000E+00 +/- 0.00 % Gg(l=3) ave= 0.000E+00 +/- 0.00 %  % || D(l=0) ave= 0.000E+00 +/- 0.00 % D(l=1) ave= 0.000E+00 +/- 0.00 % D(l=2) ave= 0.000E+00 +/- 0.00 % D(l=3) ave= 0.000E+00 +/- 0.00 %  % || S(l=0) ave= 2.795E+01 +/- 22.69 % S(l=1) ave= 0.000E+00 +/- 0.00 % S(l=2) ave= 0.000E+00 +/- 0.00 % S(l=3) ave= 0.000E+00 +/- 0.00 % 
 ... random file  182 Cap(th)  ave= 2.407E-05 b. +/- 2.79 % || Ela(th) ave= 4.269E+00 b. +/- 3.09 % || RIcap ave= 1.58E-05 b. +/- 1.82 % || Macs30 ave= 2.03E-08 b. +/- 2.79 % || Gn^0(l=0) ave= 3.729E+01 +/- 22.63 % Gn^0(l=1) ave= 0.000E+00 +/- 0.00 % Gn^0(l=2) ave= 0.000E+00 +/- 0.00 % Gn^0(l=3) ave= 0.000E+00 +/- 0.00 % || Gtotal(l=0) ave= 1.964E+04 +/- 22.65 % Gtotal(l=1) ave= 0.000E+00 +/- 0.00 % Gtotal(l=2) ave= 0.000E+00 +/- 0.00 % Gtotal(l=3) ave= 0.000E+00 +/- 0.00 %  % || Gg(l=0) ave= 1.005E-04 +/- 5.17 % Gg(l=1) ave= 0.000E+00 +/- 0.00 % Gg(l=2) ave= 0.000E+00 +/- 0.00 % Gg(l=3) ave= 0.000E+00 +/- 0.00 %  % || D(l=0) ave= 0.000E+00 +/- 0.00 % D(l=1) ave= 0.000E+00 +/- 0.00 % D(l=2) ave= 0.000E+00 +/- 0.00 % D(l=3) ave= 0.000E+00 +/- 0.00 %  % || S(l=0) ave= 2.797E+01 +/- 22.63 % S(l=1) ave= 0.000E+00 +/- 0.00 % S(l=2) ave= 0.000E+00 +/- 0.00 % S(l=3) ave= 0.000E+00 +/- 0.00 % 
 ... random file  183 Cap(th)  ave= 2.407E-05 b. +/- 2.78 % || Ela(th) ave= 4.268E+00 b. +/- 3.09 % || RIcap ave= 1.58E-05 b. +/- 1.82 % || Macs30 ave= 2.03E-08 b. +/- 2.78 % || Gn^0(l=0) ave= 3.729E+01 +/- 22.58 % Gn^0(l=1) ave= 0.000E+00 +/- 0.00 % Gn^0(l=2) ave= 0.000E+00 +/- 0.00 % Gn^0(l=3) ave= 0.000E+00 +/- 0.00 % || Gtotal(l=0) ave= 1.963E+04 +/- 22.59 % Gtotal(l=1) ave= 0.000E+00 +/- 0.00 % Gtotal(l=2) ave= 0.000E+00 +/- 0.00 % Gtotal(l=3) ave= 0.000E+00 +/- 0.00 %  % || Gg(l=0) ave= 1.006E-04 +/- 5.17 % Gg(l=1) ave= 0.000E+00 +/- 0.00 % Gg(l=2) ave= 0.000E+00 +/- 0.00 % Gg(l=3) ave= 0.000E+00 +/- 0.00 %  % || D(l=0) ave= 0.000E+00 +/- 0.00 % D(l=1) ave= 0.000E+00 +/- 0.00 % D(l=2) ave= 0.000E+00 +/- 0.00 % D(l=3) ave= 0.000E+00 +/- 0.00 %  % || S(l=0) ave= 2.796E+01 +/- 22.58 % S(l=1) ave= 0.000E+00 +/- 0.00 % S(l=2) ave= 0.000E+00 +/- 0.00 % S(l=3) ave= 0.000E+00 +/- 0.00 % 
 ... random file  184 Cap(th)  ave= 2.408E-05 b. +/- 2.83 % || Ela(th) ave= 4.268E+00 b. +/- 3.08 % || RIcap ave= 1.58E-05 b. +/- 1.85 % || Macs30 ave= 2.03E-08 b. +/- 2.83 % || Gn^0(l=0) ave= 3.723E+01 +/- 22.63 % Gn^0(l=1) ave= 0.000E+00 +/- 0.00 % Gn^0(l=2) ave= 0.000E+00 +/- 0.00 % Gn^0(l=3) ave= 0.000E+00 +/- 0.00 % || Gtotal(l=0) ave= 1.960E+04 +/- 22.65 % Gtotal(l=1) ave= 0.000E+00 +/- 0.00 % Gtotal(l=2) ave= 0.000E+00 +/- 0.00 % Gtotal(l=3) ave= 0.000E+00 +/- 0.00 %  % || Gg(l=0) ave= 1.006E-04 +/- 5.18 % Gg(l=1) ave= 0.000E+00 +/- 0.00 % Gg(l=2) ave= 0.000E+00 +/- 0.00 % Gg(l=3) ave= 0.000E+00 +/- 0.00 %  % || D(l=0) ave= 0.000E+00 +/- 0.00 % D(l=1) ave= 0.000E+00 +/- 0.00 % D(l=2) ave= 0.000E+00 +/- 0.00 % D(l=3) ave= 0.000E+00 +/- 0.00 %  % || S(l=0) ave= 2.792E+01 +/- 22.63 % S(l=1) ave= 0.000E+00 +/- 0.00 % S(l=2) ave= 0.000E+00 +/- 0.00 % S(l=3) ave= 0.000E+00 +/- 0.00 % 
 ... random file  185 Cap(th)  ave= 2.408E-05 b. +/- 2.84 % || Ela(th) ave= 4.267E+00 b. +/- 3.08 % || RIcap ave= 1.58E-05 b. +/- 1.86 % || Macs30 ave= 2.03E-08 b. +/- 2.84 % || Gn^0(l=0) ave= 3.727E+01 +/- 22.58 % Gn^0(l=1) ave= 0.000E+00 +/- 0.00 % Gn^0(l=2) ave= 0.000E+00 +/- 0.00 % Gn^0(l=3) ave= 0.000E+00 +/- 0.00 % || Gtotal(l=0) ave= 1.962E+04 +/- 22.60 % Gtotal(l=1) ave= 0.000E+00 +/- 0.00 % Gtotal(l=2) ave= 0.000E+00 +/- 0.00 % Gtotal(l=3) ave= 0.000E+00 +/- 0.00 %  % || Gg(l=0) ave= 1.006E-04 +/- 5.17 % Gg(l=1) ave= 0.000E+00 +/- 0.00 % Gg(l=2) ave= 0.000E+00 +/- 0.00 % Gg(l=3) ave= 0.000E+00 +/- 0.00 %  % || D(l=0) ave= 0.000E+00 +/- 0.00 % D(l=1) ave= 0.000E+00 +/- 0.00 % D(l=2) ave= 0.000E+00 +/- 0.00 % D(l=3) ave= 0.000E+00 +/- 0.00 %  % || S(l=0) ave= 2.795E+01 +/- 22.58 % S(l=1) ave= 0.000E+00 +/- 0.00 % S(l=2) ave= 0.000E+00 +/- 0.00 % S(l=3) ave= 0.000E+00 +/- 0.00 % 
 ... random file  186 Cap(th)  ave= 2.408E-05 b. +/- 2.83 % || Ela(th) ave= 4.267E+00 b. +/- 3.08 % || RIcap ave= 1.58E-05 b. +/- 1.85 % || Macs30 ave= 2.03E-08 b. +/- 2.83 % || Gn^0(l=0) ave= 3.723E+01 +/- 22.59 % Gn^0(l=1) ave= 0.000E+00 +/- 0.00 % Gn^0(l=2) ave= 0.000E+00 +/- 0.00 % Gn^0(l=3) ave= 0.000E+00 +/- 0.00 % || Gtotal(l=0) ave= 1.960E+04 +/- 22.61 % Gtotal(l=1) ave= 0.000E+00 +/- 0.00 % Gtotal(l=2) ave= 0.000E+00 +/- 0.00 % Gtotal(l=3) ave= 0.000E+00 +/- 0.00 %  % || Gg(l=0) ave= 1.006E-04 +/- 5.15 % Gg(l=1) ave= 0.000E+00 +/- 0.00 % Gg(l=2) ave= 0.000E+00 +/- 0.00 % Gg(l=3) ave= 0.000E+00 +/- 0.00 %  % || D(l=0) ave= 0.000E+00 +/- 0.00 % D(l=1) ave= 0.000E+00 +/- 0.00 % D(l=2) ave= 0.000E+00 +/- 0.00 % D(l=3) ave= 0.000E+00 +/- 0.00 %  % || S(l=0) ave= 2.792E+01 +/- 22.59 % S(l=1) ave= 0.000E+00 +/- 0.00 % S(l=2) ave= 0.000E+00 +/- 0.00 % S(l=3) ave= 0.000E+00 +/- 0.00 % 
 ... random file  187 Cap(th)  ave= 2.408E-05 b. +/- 2.84 % || Ela(th) ave= 4.265E+00 b. +/- 3.09 % || RIcap ave= 1.58E-05 b. +/- 1.86 % || Macs30 ave= 2.03E-08 b. +/- 2.84 % || Gn^0(l=0) ave= 3.718E+01 +/- 22.62 % Gn^0(l=1) ave= 0.000E+00 +/- 0.00 % Gn^0(l=2) ave= 0.000E+00 +/- 0.00 % Gn^0(l=3) ave= 0.000E+00 +/- 0.00 % || Gtotal(l=0) ave= 1.957E+04 +/- 22.66 % Gtotal(l=1) ave= 0.000E+00 +/- 0.00 % Gtotal(l=2) ave= 0.000E+00 +/- 0.00 % Gtotal(l=3) ave= 0.000E+00 +/- 0.00 %  % || Gg(l=0) ave= 1.006E-04 +/- 5.14 % Gg(l=1) ave= 0.000E+00 +/- 0.00 % Gg(l=2) ave= 0.000E+00 +/- 0.00 % Gg(l=3) ave= 0.000E+00 +/- 0.00 %  % || D(l=0) ave= 0.000E+00 +/- 0.00 % D(l=1) ave= 0.000E+00 +/- 0.00 % D(l=2) ave= 0.000E+00 +/- 0.00 % D(l=3) ave= 0.000E+00 +/- 0.00 %  % || S(l=0) ave= 2.789E+01 +/- 22.62 % S(l=1) ave= 0.000E+00 +/- 0.00 % S(l=2) ave= 0.000E+00 +/- 0.00 % S(l=3) ave= 0.000E+00 +/- 0.00 % 
 ... random file  188 Cap(th)  ave= 2.408E-05 b. +/- 2.83 % || Ela(th) ave= 4.264E+00 b. +/- 3.10 % || RIcap ave= 1.58E-05 b. +/- 1.85 % || Macs30 ave= 2.03E-08 b. +/- 2.83 % || Gn^0(l=0) ave= 3.720E+01 +/- 22.56 % Gn^0(l=1) ave= 0.000E+00 +/- 0.00 % Gn^0(l=2) ave= 0.000E+00 +/- 0.00 % Gn^0(l=3) ave= 0.000E+00 +/- 0.00 % || Gtotal(l=0) ave= 1.958E+04 +/- 22.60 % Gtotal(l=1) ave= 0.000E+00 +/- 0.00 % Gtotal(l=2) ave= 0.000E+00 +/- 0.00 % Gtotal(l=3) ave= 0.000E+00 +/- 0.00 %  % || Gg(l=0) ave= 1.006E-04 +/- 5.13 % Gg(l=1) ave= 0.000E+00 +/- 0.00 % Gg(l=2) ave= 0.000E+00 +/- 0.00 % Gg(l=3) ave= 0.000E+00 +/- 0.00 %  % || D(l=0) ave= 0.000E+00 +/- 0.00 % D(l=1) ave= 0.000E+00 +/- 0.00 % D(l=2) ave= 0.000E+00 +/- 0.00 % D(l=3) ave= 0.000E+00 +/- 0.00 %  % || S(l=0) ave= 2.790E+01 +/- 22.56 % S(l=1) ave= 0.000E+00 +/- 0.00 % S(l=2) ave= 0.000E+00 +/- 0.00 % S(l=3) ave= 0.000E+00 +/- 0.00 % 
 ... random file  189 Cap(th)  ave= 2.409E-05 b. +/- 2.85 % || Ela(th) ave= 4.266E+00 b. +/- 3.11 % || RIcap ave= 1.58E-05 b. +/- 1.87 % || Macs30 ave= 2.03E-08 b. +/- 2.85 % || Gn^0(l=0) ave= 3.721E+01 +/- 22.50 % Gn^0(l=1) ave= 0.000E+00 +/- 0.00 % Gn^0(l=2) ave= 0.000E+00 +/- 0.00 % Gn^0(l=3) ave= 0.000E+00 +/- 0.00 % || Gtotal(l=0) ave= 1.959E+04 +/- 22.54 % Gtotal(l=1) ave= 0.000E+00 +/- 0.00 % Gtotal(l=2) ave= 0.000E+00 +/- 0.00 % Gtotal(l=3) ave= 0.000E+00 +/- 0.00 %  % || Gg(l=0) ave= 1.006E-04 +/- 5.12 % Gg(l=1) ave= 0.000E+00 +/- 0.00 % Gg(l=2) ave= 0.000E+00 +/- 0.00 % Gg(l=3) ave= 0.000E+00 +/- 0.00 %  % || D(l=0) ave= 0.000E+00 +/- 0.00 % D(l=1) ave= 0.000E+00 +/- 0.00 % D(l=2) ave= 0.000E+00 +/- 0.00 % D(l=3) ave= 0.000E+00 +/- 0.00 %  % || S(l=0) ave= 2.791E+01 +/- 22.50 % S(l=1) ave= 0.000E+00 +/- 0.00 % S(l=2) ave= 0.000E+00 +/- 0.00 % S(l=3) ave= 0.000E+00 +/- 0.00 % 
 ... random file  190 Cap(th)  ave= 2.409E-05 b. +/- 2.85 % || Ela(th) ave= 4.266E+00 b. +/- 3.11 % || RIcap ave= 1.58E-05 b. +/- 1.86 % || Macs30 ave= 2.03E-08 b. +/- 2.85 % || Gn^0(l=0) ave= 3.720E+01 +/- 22.45 % Gn^0(l=1) ave= 0.000E+00 +/- 0.00 % Gn^0(l=2) ave= 0.000E+00 +/- 0.00 % Gn^0(l=3) ave= 0.000E+00 +/- 0.00 % || Gtotal(l=0) ave= 1.958E+04 +/- 22.48 % Gtotal(l=1) ave= 0.000E+00 +/- 0.00 % Gtotal(l=2) ave= 0.000E+00 +/- 0.00 % Gtotal(l=3) ave= 0.000E+00 +/- 0.00 %  % || Gg(l=0) ave= 1.005E-04 +/- 5.16 % Gg(l=1) ave= 0.000E+00 +/- 0.00 % Gg(l=2) ave= 0.000E+00 +/- 0.00 % Gg(l=3) ave= 0.000E+00 +/- 0.00 %  % || D(l=0) ave= 0.000E+00 +/- 0.00 % D(l=1) ave= 0.000E+00 +/- 0.00 % D(l=2) ave= 0.000E+00 +/- 0.00 % D(l=3) ave= 0.000E+00 +/- 0.00 %  % || S(l=0) ave= 2.790E+01 +/- 22.45 % S(l=1) ave= 0.000E+00 +/- 0.00 % S(l=2) ave= 0.000E+00 +/- 0.00 % S(l=3) ave= 0.000E+00 +/- 0.00 % 
 ... random file  191 Cap(th)  ave= 2.409E-05 b. +/- 2.84 % || Ela(th) ave= 4.266E+00 b. +/- 3.10 % || RIcap ave= 1.58E-05 b. +/- 1.86 % || Macs30 ave= 2.03E-08 b. +/- 2.84 % || Gn^0(l=0) ave= 3.715E+01 +/- 22.48 % Gn^0(l=1) ave= 0.000E+00 +/- 0.00 % Gn^0(l=2) ave= 0.000E+00 +/- 0.00 % Gn^0(l=3) ave= 0.000E+00 +/- 0.00 % || Gtotal(l=0) ave= 1.956E+04 +/- 22.52 % Gtotal(l=1) ave= 0.000E+00 +/- 0.00 % Gtotal(l=2) ave= 0.000E+00 +/- 0.00 % Gtotal(l=3) ave= 0.000E+00 +/- 0.00 %  % || Gg(l=0) ave= 1.005E-04 +/- 5.15 % Gg(l=1) ave= 0.000E+00 +/- 0.00 % Gg(l=2) ave= 0.000E+00 +/- 0.00 % Gg(l=3) ave= 0.000E+00 +/- 0.00 %  % || D(l=0) ave= 0.000E+00 +/- 0.00 % D(l=1) ave= 0.000E+00 +/- 0.00 % D(l=2) ave= 0.000E+00 +/- 0.00 % D(l=3) ave= 0.000E+00 +/- 0.00 %  % || S(l=0) ave= 2.786E+01 +/- 22.48 % S(l=1) ave= 0.000E+00 +/- 0.00 % S(l=2) ave= 0.000E+00 +/- 0.00 % S(l=3) ave= 0.000E+00 +/- 0.00 % 
 ... random file  192 Cap(th)  ave= 2.409E-05 b. +/- 2.84 % || Ela(th) ave= 4.266E+00 b. +/- 3.10 % || RIcap ave= 1.58E-05 b. +/- 1.85 % || Macs30 ave= 2.03E-08 b. +/- 2.84 % || Gn^0(l=0) ave= 3.718E+01 +/- 22.44 % Gn^0(l=1) ave= 0.000E+00 +/- 0.00 % Gn^0(l=2) ave= 0.000E+00 +/- 0.00 % Gn^0(l=3) ave= 0.000E+00 +/- 0.00 % || Gtotal(l=0) ave= 1.957E+04 +/- 22.48 % Gtotal(l=1) ave= 0.000E+00 +/- 0.00 % Gtotal(l=2) ave= 0.000E+00 +/- 0.00 % Gtotal(l=3) ave= 0.000E+00 +/- 0.00 %  % || Gg(l=0) ave= 1.005E-04 +/- 5.15 % Gg(l=1) ave= 0.000E+00 +/- 0.00 % Gg(l=2) ave= 0.000E+00 +/- 0.00 % Gg(l=3) ave= 0.000E+00 +/- 0.00 %  % || D(l=0) ave= 0.000E+00 +/- 0.00 % D(l=1) ave= 0.000E+00 +/- 0.00 % D(l=2) ave= 0.000E+00 +/- 0.00 % D(l=3) ave= 0.000E+00 +/- 0.00 %  % || S(l=0) ave= 2.789E+01 +/- 22.44 % S(l=1) ave= 0.000E+00 +/- 0.00 % S(l=2) ave= 0.000E+00 +/- 0.00 % S(l=3) ave= 0.000E+00 +/- 0.00 % 
 ... random file  193 Cap(th)  ave= 2.408E-05 b. +/- 2.87 % || Ela(th) ave= 4.265E+00 b. +/- 3.10 % || RIcap ave= 1.58E-05 b. +/- 1.87 % || Macs30 ave= 2.03E-08 b. +/- 2.87 % || Gn^0(l=0) ave= 3.718E+01 +/- 22.38 % Gn^0(l=1) ave= 0.000E+00 +/- 0.00 % Gn^0(l=2) ave= 0.000E+00 +/- 0.00 % Gn^0(l=3) ave= 0.000E+00 +/- 0.00 % || Gtotal(l=0) ave= 1.957E+04 +/- 22.42 % Gtotal(l=1) ave= 0.000E+00 +/- 0.00 % Gtotal(l=2) ave= 0.000E+00 +/- 0.00 % Gtotal(l=3) ave= 0.000E+00 +/- 0.00 %  % || Gg(l=0) ave= 1.005E-04 +/- 5.14 % Gg(l=1) ave= 0.000E+00 +/- 0.00 % Gg(l=2) ave= 0.000E+00 +/- 0.00 % Gg(l=3) ave= 0.000E+00 +/- 0.00 %  % || D(l=0) ave= 0.000E+00 +/- 0.00 % D(l=1) ave= 0.000E+00 +/- 0.00 % D(l=2) ave= 0.000E+00 +/- 0.00 % D(l=3) ave= 0.000E+00 +/- 0.00 %  % || S(l=0) ave= 2.789E+01 +/- 22.38 % S(l=1) ave= 0.000E+00 +/- 0.00 % S(l=2) ave= 0.000E+00 +/- 0.00 % S(l=3) ave= 0.000E+00 +/- 0.00 % 
 ... random file  194 Cap(th)  ave= 2.408E-05 b. +/- 2.86 % || Ela(th) ave= 4.267E+00 b. +/- 3.12 % || RIcap ave= 1.58E-05 b. +/- 1.87 % || Macs30 ave= 2.03E-08 b. +/- 2.86 % || Gn^0(l=0) ave= 3.717E+01 +/- 22.34 % Gn^0(l=1) ave= 0.000E+00 +/- 0.00 % Gn^0(l=2) ave= 0.000E+00 +/- 0.00 % Gn^0(l=3) ave= 0.000E+00 +/- 0.00 % || Gtotal(l=0) ave= 1.957E+04 +/- 22.38 % Gtotal(l=1) ave= 0.000E+00 +/- 0.00 % Gtotal(l=2) ave= 0.000E+00 +/- 0.00 % Gtotal(l=3) ave= 0.000E+00 +/- 0.00 %  % || Gg(l=0) ave= 1.005E-04 +/- 5.13 % Gg(l=1) ave= 0.000E+00 +/- 0.00 % Gg(l=2) ave= 0.000E+00 +/- 0.00 % Gg(l=3) ave= 0.000E+00 +/- 0.00 %  % || D(l=0) ave= 0.000E+00 +/- 0.00 % D(l=1) ave= 0.000E+00 +/- 0.00 % D(l=2) ave= 0.000E+00 +/- 0.00 % D(l=3) ave= 0.000E+00 +/- 0.00 %  % || S(l=0) ave= 2.788E+01 +/- 22.34 % S(l=1) ave= 0.000E+00 +/- 0.00 % S(l=2) ave= 0.000E+00 +/- 0.00 % S(l=3) ave= 0.000E+00 +/- 0.00 % 
 ... random file  195 Cap(th)  ave= 2.408E-05 b. +/- 2.86 % || Ela(th) ave= 4.267E+00 b. +/- 3.11 % || RIcap ave= 1.58E-05 b. +/- 1.87 % || Macs30 ave= 2.03E-08 b. +/- 2.86 % || Gn^0(l=0) ave= 3.711E+01 +/- 22.41 % Gn^0(l=1) ave= 0.000E+00 +/- 0.00 % Gn^0(l=2) ave= 0.000E+00 +/- 0.00 % Gn^0(l=3) ave= 0.000E+00 +/- 0.00 % || Gtotal(l=0) ave= 1.954E+04 +/- 22.45 % Gtotal(l=1) ave= 0.000E+00 +/- 0.00 % Gtotal(l=2) ave= 0.000E+00 +/- 0.00 % Gtotal(l=3) ave= 0.000E+00 +/- 0.00 %  % || Gg(l=0) ave= 1.005E-04 +/- 5.12 % Gg(l=1) ave= 0.000E+00 +/- 0.00 % Gg(l=2) ave= 0.000E+00 +/- 0.00 % Gg(l=3) ave= 0.000E+00 +/- 0.00 %  % || D(l=0) ave= 0.000E+00 +/- 0.00 % D(l=1) ave= 0.000E+00 +/- 0.00 % D(l=2) ave= 0.000E+00 +/- 0.00 % D(l=3) ave= 0.000E+00 +/- 0.00 %  % || S(l=0) ave= 2.783E+01 +/- 22.41 % S(l=1) ave= 0.000E+00 +/- 0.00 % S(l=2) ave= 0.000E+00 +/- 0.00 % S(l=3) ave= 0.000E+00 +/- 0.00 % 
 ... random file  196 Cap(th)  ave= 2.409E-05 b. +/- 2.87 % || Ela(th) ave= 4.268E+00 b. +/- 3.13 % || RIcap ave= 1.58E-05 b. +/- 1.87 % || Macs30 ave= 2.03E-08 b. +/- 2.87 % || Gn^0(l=0) ave= 3.712E+01 +/- 22.35 % Gn^0(l=1) ave= 0.000E+00 +/- 0.00 % Gn^0(l=2) ave= 0.000E+00 +/- 0.00 % Gn^0(l=3) ave= 0.000E+00 +/- 0.00 % || Gtotal(l=0) ave= 1.954E+04 +/- 22.39 % Gtotal(l=1) ave= 0.000E+00 +/- 0.00 % Gtotal(l=2) ave= 0.000E+00 +/- 0.00 % Gtotal(l=3) ave= 0.000E+00 +/- 0.00 %  % || Gg(l=0) ave= 1.005E-04 +/- 5.11 % Gg(l=1) ave= 0.000E+00 +/- 0.00 % Gg(l=2) ave= 0.000E+00 +/- 0.00 % Gg(l=3) ave= 0.000E+00 +/- 0.00 %  % || D(l=0) ave= 0.000E+00 +/- 0.00 % D(l=1) ave= 0.000E+00 +/- 0.00 % D(l=2) ave= 0.000E+00 +/- 0.00 % D(l=3) ave= 0.000E+00 +/- 0.00 %  % || S(l=0) ave= 2.784E+01 +/- 22.35 % S(l=1) ave= 0.000E+00 +/- 0.00 % S(l=2) ave= 0.000E+00 +/- 0.00 % S(l=3) ave= 0.000E+00 +/- 0.00 % 
 ... random file  197 Cap(th)  ave= 2.408E-05 b. +/- 2.87 % || Ela(th) ave= 4.269E+00 b. +/- 3.13 % || RIcap ave= 1.58E-05 b. +/- 1.88 % || Macs30 ave= 2.03E-08 b. +/- 2.87 % || Gn^0(l=0) ave= 3.705E+01 +/- 22.50 % Gn^0(l=1) ave= 0.000E+00 +/- 0.00 % Gn^0(l=2) ave= 0.000E+00 +/- 0.00 % Gn^0(l=3) ave= 0.000E+00 +/- 0.00 % || Gtotal(l=0) ave= 1.951E+04 +/- 22.53 % Gtotal(l=1) ave= 0.000E+00 +/- 0.00 % Gtotal(l=2) ave= 0.000E+00 +/- 0.00 % Gtotal(l=3) ave= 0.000E+00 +/- 0.00 %  % || Gg(l=0) ave= 1.005E-04 +/- 5.12 % Gg(l=1) ave= 0.000E+00 +/- 0.00 % Gg(l=2) ave= 0.000E+00 +/- 0.00 % Gg(l=3) ave= 0.000E+00 +/- 0.00 %  % || D(l=0) ave= 0.000E+00 +/- 0.00 % D(l=1) ave= 0.000E+00 +/- 0.00 % D(l=2) ave= 0.000E+00 +/- 0.00 % D(l=3) ave= 0.000E+00 +/- 0.00 %  % || S(l=0) ave= 2.778E+01 +/- 22.50 % S(l=1) ave= 0.000E+00 +/- 0.00 % S(l=2) ave= 0.000E+00 +/- 0.00 % S(l=3) ave= 0.000E+00 +/- 0.00 % 
 ... random file  198 Cap(th)  ave= 2.408E-05 b. +/- 2.87 % || Ela(th) ave= 4.268E+00 b. +/- 3.13 % || RIcap ave= 1.58E-05 b. +/- 1.87 % || Macs30 ave= 2.03E-08 b. +/- 2.87 % || Gn^0(l=0) ave= 3.707E+01 +/- 22.44 % Gn^0(l=1) ave= 0.000E+00 +/- 0.00 % Gn^0(l=2) ave= 0.000E+00 +/- 0.00 % Gn^0(l=3) ave= 0.000E+00 +/- 0.00 % || Gtotal(l=0) ave= 1.952E+04 +/- 22.47 % Gtotal(l=1) ave= 0.000E+00 +/- 0.00 % Gtotal(l=2) ave= 0.000E+00 +/- 0.00 % Gtotal(l=3) ave= 0.000E+00 +/- 0.00 %  % || Gg(l=0) ave= 1.005E-04 +/- 5.12 % Gg(l=1) ave= 0.000E+00 +/- 0.00 % Gg(l=2) ave= 0.000E+00 +/- 0.00 % Gg(l=3) ave= 0.000E+00 +/- 0.00 %  % || D(l=0) ave= 0.000E+00 +/- 0.00 % D(l=1) ave= 0.000E+00 +/- 0.00 % D(l=2) ave= 0.000E+00 +/- 0.00 % D(l=3) ave= 0.000E+00 +/- 0.00 %  % || S(l=0) ave= 2.780E+01 +/- 22.44 % S(l=1) ave= 0.000E+00 +/- 0.00 % S(l=2) ave= 0.000E+00 +/- 0.00 % S(l=3) ave= 0.000E+00 +/- 0.00 % 
 ... random file  199 Cap(th)  ave= 2.408E-05 b. +/- 2.86 % || Ela(th) ave= 4.268E+00 b. +/- 3.12 % || RIcap ave= 1.58E-05 b. +/- 1.87 % || Macs30 ave= 2.03E-08 b. +/- 2.86 % || Gn^0(l=0) ave= 3.698E+01 +/- 22.68 % Gn^0(l=1) ave= 0.000E+00 +/- 0.00 % Gn^0(l=2) ave= 0.000E+00 +/- 0.00 % Gn^0(l=3) ave= 0.000E+00 +/- 0.00 % || Gtotal(l=0) ave= 1.947E+04 +/- 22.70 % Gtotal(l=1) ave= 0.000E+00 +/- 0.00 % Gtotal(l=2) ave= 0.000E+00 +/- 0.00 % Gtotal(l=3) ave= 0.000E+00 +/- 0.00 %  % || Gg(l=0) ave= 1.004E-04 +/- 5.17 % Gg(l=1) ave= 0.000E+00 +/- 0.00 % Gg(l=2) ave= 0.000E+00 +/- 0.00 % Gg(l=3) ave= 0.000E+00 +/- 0.00 %  % || D(l=0) ave= 0.000E+00 +/- 0.00 % D(l=1) ave= 0.000E+00 +/- 0.00 % D(l=2) ave= 0.000E+00 +/- 0.00 % D(l=3) ave= 0.000E+00 +/- 0.00 %  % || S(l=0) ave= 2.774E+01 +/- 22.68 % S(l=1) ave= 0.000E+00 +/- 0.00 % S(l=2) ave= 0.000E+00 +/- 0.00 % S(l=3) ave= 0.000E+00 +/- 0.00 % 
 ... random file  200 Cap(th)  ave= 2.408E-05 b. +/- 2.86 % || Ela(th) ave= 4.270E+00 b. +/- 3.14 % || RIcap ave= 1.58E-05 b. +/- 1.87 % || Macs30 ave= 2.03E-08 b. +/- 2.86 % || Gn^0(l=0) ave= 3.699E+01 +/- 22.62 % Gn^0(l=1) ave= 0.000E+00 +/- 0.00 % Gn^0(l=2) ave= 0.000E+00 +/- 0.00 % Gn^0(l=3) ave= 0.000E+00 +/- 0.00 % || Gtotal(l=0) ave= 1.948E+04 +/- 22.64 % Gtotal(l=1) ave= 0.000E+00 +/- 0.00 % Gtotal(l=2) ave= 0.000E+00 +/- 0.00 % Gtotal(l=3) ave= 0.000E+00 +/- 0.00 %  % || Gg(l=0) ave= 1.004E-04 +/- 5.15 % Gg(l=1) ave= 0.000E+00 +/- 0.00 % Gg(l=2) ave= 0.000E+00 +/- 0.00 % Gg(l=3) ave= 0.000E+00 +/- 0.00 %  % || D(l=0) ave= 0.000E+00 +/- 0.00 % D(l=1) ave= 0.000E+00 +/- 0.00 % D(l=2) ave= 0.000E+00 +/- 0.00 % D(l=3) ave= 0.000E+00 +/- 0.00 %  % || S(l=0) ave= 2.774E+01 +/- 22.62 % S(l=1) ave= 0.000E+00 +/- 0.00 % S(l=2) ave= 0.000E+00 +/- 0.00 % S(l=3) ave= 0.000E+00 +/- 0.00 % 
 ... random file  201 Cap(th)  ave= 2.408E-05 b. +/- 2.85 % || Ela(th) ave= 4.269E+00 b. +/- 3.15 % || RIcap ave= 1.58E-05 b. +/- 1.86 % || Macs30 ave= 2.03E-08 b. +/- 2.85 % || Gn^0(l=0) ave= 3.700E+01 +/- 22.56 % Gn^0(l=1) ave= 0.000E+00 +/- 0.00 % Gn^0(l=2) ave= 0.000E+00 +/- 0.00 % Gn^0(l=3) ave= 0.000E+00 +/- 0.00 % || Gtotal(l=0) ave= 1.948E+04 +/- 22.58 % Gtotal(l=1) ave= 0.000E+00 +/- 0.00 % Gtotal(l=2) ave= 0.000E+00 +/- 0.00 % Gtotal(l=3) ave= 0.000E+00 +/- 0.00 %  % || Gg(l=0) ave= 1.004E-04 +/- 5.14 % Gg(l=1) ave= 0.000E+00 +/- 0.00 % Gg(l=2) ave= 0.000E+00 +/- 0.00 % Gg(l=3) ave= 0.000E+00 +/- 0.00 %  % || D(l=0) ave= 0.000E+00 +/- 0.00 % D(l=1) ave= 0.000E+00 +/- 0.00 % D(l=2) ave= 0.000E+00 +/- 0.00 % D(l=3) ave= 0.000E+00 +/- 0.00 %  % || S(l=0) ave= 2.775E+01 +/- 22.56 % S(l=1) ave= 0.000E+00 +/- 0.00 % S(l=2) ave= 0.000E+00 +/- 0.00 % S(l=3) ave= 0.000E+00 +/- 0.00 % 
 ... random file  202 Cap(th)  ave= 2.408E-05 b. +/- 2.85 % || Ela(th) ave= 4.269E+00 b. +/- 3.15 % || RIcap ave= 1.58E-05 b. +/- 1.86 % || Macs30 ave= 2.03E-08 b. +/- 2.85 % || Gn^0(l=0) ave= 3.695E+01 +/- 22.62 % Gn^0(l=1) ave= 0.000E+00 +/- 0.00 % Gn^0(l=2) ave= 0.000E+00 +/- 0.00 % Gn^0(l=3) ave= 0.000E+00 +/- 0.00 % || Gtotal(l=0) ave= 1.946E+04 +/- 22.64 % Gtotal(l=1) ave= 0.000E+00 +/- 0.00 % Gtotal(l=2) ave= 0.000E+00 +/- 0.00 % Gtotal(l=3) ave= 0.000E+00 +/- 0.00 %  % || Gg(l=0) ave= 1.004E-04 +/- 5.13 % Gg(l=1) ave= 0.000E+00 +/- 0.00 % Gg(l=2) ave= 0.000E+00 +/- 0.00 % Gg(l=3) ave= 0.000E+00 +/- 0.00 %  % || D(l=0) ave= 0.000E+00 +/- 0.00 % D(l=1) ave= 0.000E+00 +/- 0.00 % D(l=2) ave= 0.000E+00 +/- 0.00 % D(l=3) ave= 0.000E+00 +/- 0.00 %  % || S(l=0) ave= 2.771E+01 +/- 22.62 % S(l=1) ave= 0.000E+00 +/- 0.00 % S(l=2) ave= 0.000E+00 +/- 0.00 % S(l=3) ave= 0.000E+00 +/- 0.00 % 
 ... random file  203 Cap(th)  ave= 2.409E-05 b. +/- 2.87 % || Ela(th) ave= 4.269E+00 b. +/- 3.14 % || RIcap ave= 1.58E-05 b. +/- 1.87 % || Macs30 ave= 2.03E-08 b. +/- 2.87 % || Gn^0(l=0) ave= 3.694E+01 +/- 22.58 % Gn^0(l=1) ave= 0.000E+00 +/- 0.00 % Gn^0(l=2) ave= 0.000E+00 +/- 0.00 % Gn^0(l=3) ave= 0.000E+00 +/- 0.00 % || Gtotal(l=0) ave= 1.945E+04 +/- 22.60 % Gtotal(l=1) ave= 0.000E+00 +/- 0.00 % Gtotal(l=2) ave= 0.000E+00 +/- 0.00 % Gtotal(l=3) ave= 0.000E+00 +/- 0.00 %  % || Gg(l=0) ave= 1.004E-04 +/- 5.12 % Gg(l=1) ave= 0.000E+00 +/- 0.00 % Gg(l=2) ave= 0.000E+00 +/- 0.00 % Gg(l=3) ave= 0.000E+00 +/- 0.00 %  % || D(l=0) ave= 0.000E+00 +/- 0.00 % D(l=1) ave= 0.000E+00 +/- 0.00 % D(l=2) ave= 0.000E+00 +/- 0.00 % D(l=3) ave= 0.000E+00 +/- 0.00 %  % || S(l=0) ave= 2.770E+01 +/- 22.58 % S(l=1) ave= 0.000E+00 +/- 0.00 % S(l=2) ave= 0.000E+00 +/- 0.00 % S(l=3) ave= 0.000E+00 +/- 0.00 % 
 ... random file  204 Cap(th)  ave= 2.409E-05 b. +/- 2.86 % || Ela(th) ave= 4.269E+00 b. +/- 3.13 % || RIcap ave= 1.58E-05 b. +/- 1.87 % || Macs30 ave= 2.03E-08 b. +/- 2.86 % || Gn^0(l=0) ave= 3.691E+01 +/- 22.57 % Gn^0(l=1) ave= 0.000E+00 +/- 0.00 % Gn^0(l=2) ave= 0.000E+00 +/- 0.00 % Gn^0(l=3) ave= 0.000E+00 +/- 0.00 % || Gtotal(l=0) ave= 1.943E+04 +/- 22.59 % Gtotal(l=1) ave= 0.000E+00 +/- 0.00 % Gtotal(l=2) ave= 0.000E+00 +/- 0.00 % Gtotal(l=3) ave= 0.000E+00 +/- 0.00 %  % || Gg(l=0) ave= 1.004E-04 +/- 5.12 % Gg(l=1) ave= 0.000E+00 +/- 0.00 % Gg(l=2) ave= 0.000E+00 +/- 0.00 % Gg(l=3) ave= 0.000E+00 +/- 0.00 %  % || D(l=0) ave= 0.000E+00 +/- 0.00 % D(l=1) ave= 0.000E+00 +/- 0.00 % D(l=2) ave= 0.000E+00 +/- 0.00 % D(l=3) ave= 0.000E+00 +/- 0.00 %  % || S(l=0) ave= 2.768E+01 +/- 22.57 % S(l=1) ave= 0.000E+00 +/- 0.00 % S(l=2) ave= 0.000E+00 +/- 0.00 % S(l=3) ave= 0.000E+00 +/- 0.00 % 
 ... random file  205 Cap(th)  ave= 2.409E-05 b. +/- 2.85 % || Ela(th) ave= 4.269E+00 b. +/- 3.13 % || RIcap ave= 1.58E-05 b. +/- 1.87 % || Macs30 ave= 2.03E-08 b. +/- 2.85 % || Gn^0(l=0) ave= 3.692E+01 +/- 22.52 % Gn^0(l=1) ave= 0.000E+00 +/- 0.00 % Gn^0(l=2) ave= 0.000E+00 +/- 0.00 % Gn^0(l=3) ave= 0.000E+00 +/- 0.00 % || Gtotal(l=0) ave= 1.944E+04 +/- 22.53 % Gtotal(l=1) ave= 0.000E+00 +/- 0.00 % Gtotal(l=2) ave= 0.000E+00 +/- 0.00 % Gtotal(l=3) ave= 0.000E+00 +/- 0.00 %  % || Gg(l=0) ave= 1.004E-04 +/- 5.12 % Gg(l=1) ave= 0.000E+00 +/- 0.00 % Gg(l=2) ave= 0.000E+00 +/- 0.00 % Gg(l=3) ave= 0.000E+00 +/- 0.00 %  % || D(l=0) ave= 0.000E+00 +/- 0.00 % D(l=1) ave= 0.000E+00 +/- 0.00 % D(l=2) ave= 0.000E+00 +/- 0.00 % D(l=3) ave= 0.000E+00 +/- 0.00 %  % || S(l=0) ave= 2.769E+01 +/- 22.52 % S(l=1) ave= 0.000E+00 +/- 0.00 % S(l=2) ave= 0.000E+00 +/- 0.00 % S(l=3) ave= 0.000E+00 +/- 0.00 % 
 ... random file  206 Cap(th)  ave= 2.409E-05 b. +/- 2.85 % || Ela(th) ave= 4.269E+00 b. +/- 3.12 % || RIcap ave= 1.58E-05 b. +/- 1.86 % || Macs30 ave= 2.03E-08 b. +/- 2.85 % || Gn^0(l=0) ave= 3.691E+01 +/- 22.47 % Gn^0(l=1) ave= 0.000E+00 +/- 0.00 % Gn^0(l=2) ave= 0.000E+00 +/- 0.00 % Gn^0(l=3) ave= 0.000E+00 +/- 0.00 % || Gtotal(l=0) ave= 1.944E+04 +/- 22.48 % Gtotal(l=1) ave= 0.000E+00 +/- 0.00 % Gtotal(l=2) ave= 0.000E+00 +/- 0.00 % Gtotal(l=3) ave= 0.000E+00 +/- 0.00 %  % || Gg(l=0) ave= 1.004E-04 +/- 5.11 % Gg(l=1) ave= 0.000E+00 +/- 0.00 % Gg(l=2) ave= 0.000E+00 +/- 0.00 % Gg(l=3) ave= 0.000E+00 +/- 0.00 %  % || D(l=0) ave= 0.000E+00 +/- 0.00 % D(l=1) ave= 0.000E+00 +/- 0.00 % D(l=2) ave= 0.000E+00 +/- 0.00 % D(l=3) ave= 0.000E+00 +/- 0.00 %  % || S(l=0) ave= 2.768E+01 +/- 22.47 % S(l=1) ave= 0.000E+00 +/- 0.00 % S(l=2) ave= 0.000E+00 +/- 0.00 % S(l=3) ave= 0.000E+00 +/- 0.00 % 
 ... random file  207 Cap(th)  ave= 2.409E-05 b. +/- 2.84 % || Ela(th) ave= 4.269E+00 b. +/- 3.12 % || RIcap ave= 1.58E-05 b. +/- 1.86 % || Macs30 ave= 2.03E-08 b. +/- 2.84 % || Gn^0(l=0) ave= 3.694E+01 +/- 22.43 % Gn^0(l=1) ave= 0.000E+00 +/- 0.00 % Gn^0(l=2) ave= 0.000E+00 +/- 0.00 % Gn^0(l=3) ave= 0.000E+00 +/- 0.00 % || Gtotal(l=0) ave= 1.945E+04 +/- 22.44 % Gtotal(l=1) ave= 0.000E+00 +/- 0.00 % Gtotal(l=2) ave= 0.000E+00 +/- 0.00 % Gtotal(l=3) ave= 0.000E+00 +/- 0.00 %  % || Gg(l=0) ave= 1.005E-04 +/- 5.13 % Gg(l=1) ave= 0.000E+00 +/- 0.00 % Gg(l=2) ave= 0.000E+00 +/- 0.00 % Gg(l=3) ave= 0.000E+00 +/- 0.00 %  % || D(l=0) ave= 0.000E+00 +/- 0.00 % D(l=1) ave= 0.000E+00 +/- 0.00 % D(l=2) ave= 0.000E+00 +/- 0.00 % D(l=3) ave= 0.000E+00 +/- 0.00 %  % || S(l=0) ave= 2.771E+01 +/- 22.43 % S(l=1) ave= 0.000E+00 +/- 0.00 % S(l=2) ave= 0.000E+00 +/- 0.00 % S(l=3) ave= 0.000E+00 +/- 0.00 % 
 ... random file  208 Cap(th)  ave= 2.408E-05 b. +/- 2.84 % || Ela(th) ave= 4.269E+00 b. +/- 3.11 % || RIcap ave= 1.58E-05 b. +/- 1.85 % || Macs30 ave= 2.03E-08 b. +/- 2.84 % || Gn^0(l=0) ave= 3.696E+01 +/- 22.38 % Gn^0(l=1) ave= 0.000E+00 +/- 0.00 % Gn^0(l=2) ave= 0.000E+00 +/- 0.00 % Gn^0(l=3) ave= 0.000E+00 +/- 0.00 % || Gtotal(l=0) ave= 1.946E+04 +/- 22.39 % Gtotal(l=1) ave= 0.000E+00 +/- 0.00 % Gtotal(l=2) ave= 0.000E+00 +/- 0.00 % Gtotal(l=3) ave= 0.000E+00 +/- 0.00 %  % || Gg(l=0) ave= 1.004E-04 +/- 5.12 % Gg(l=1) ave= 0.000E+00 +/- 0.00 % Gg(l=2) ave= 0.000E+00 +/- 0.00 % Gg(l=3) ave= 0.000E+00 +/- 0.00 %  % || D(l=0) ave= 0.000E+00 +/- 0.00 % D(l=1) ave= 0.000E+00 +/- 0.00 % D(l=2) ave= 0.000E+00 +/- 0.00 % D(l=3) ave= 0.000E+00 +/- 0.00 %  % || S(l=0) ave= 2.772E+01 +/- 22.38 % S(l=1) ave= 0.000E+00 +/- 0.00 % S(l=2) ave= 0.000E+00 +/- 0.00 % S(l=3) ave= 0.000E+00 +/- 0.00 % 
 ... random file  209 Cap(th)  ave= 2.409E-05 b. +/- 2.83 % || Ela(th) ave= 4.269E+00 b. +/- 3.11 % || RIcap ave= 1.58E-05 b. +/- 1.85 % || Macs30 ave= 2.03E-08 b. +/- 2.83 % || Gn^0(l=0) ave= 3.707E+01 +/- 22.63 % Gn^0(l=1) ave= 0.000E+00 +/- 0.00 % Gn^0(l=2) ave= 0.000E+00 +/- 0.00 % Gn^0(l=3) ave= 0.000E+00 +/- 0.00 % || Gtotal(l=0) ave= 1.952E+04 +/- 22.63 % Gtotal(l=1) ave= 0.000E+00 +/- 0.00 % Gtotal(l=2) ave= 0.000E+00 +/- 0.00 % Gtotal(l=3) ave= 0.000E+00 +/- 0.00 %  % || Gg(l=0) ave= 1.005E-04 +/- 5.15 % Gg(l=1) ave= 0.000E+00 +/- 0.00 % Gg(l=2) ave= 0.000E+00 +/- 0.00 % Gg(l=3) ave= 0.000E+00 +/- 0.00 %  % || D(l=0) ave= 0.000E+00 +/- 0.00 % D(l=1) ave= 0.000E+00 +/- 0.00 % D(l=2) ave= 0.000E+00 +/- 0.00 % D(l=3) ave= 0.000E+00 +/- 0.00 %  % || S(l=0) ave= 2.780E+01 +/- 22.63 % S(l=1) ave= 0.000E+00 +/- 0.00 % S(l=2) ave= 0.000E+00 +/- 0.00 % S(l=3) ave= 0.000E+00 +/- 0.00 % 
 ... random file  210 Cap(th)  ave= 2.409E-05 b. +/- 2.83 % || Ela(th) ave= 4.270E+00 b. +/- 3.11 % || RIcap ave= 1.58E-05 b. +/- 1.85 % || Macs30 ave= 2.03E-08 b. +/- 2.83 % || Gn^0(l=0) ave= 3.701E+01 +/- 22.70 % Gn^0(l=1) ave= 0.000E+00 +/- 0.00 % Gn^0(l=2) ave= 0.000E+00 +/- 0.00 % Gn^0(l=3) ave= 0.000E+00 +/- 0.00 % || Gtotal(l=0) ave= 1.949E+04 +/- 22.69 % Gtotal(l=1) ave= 0.000E+00 +/- 0.00 % Gtotal(l=2) ave= 0.000E+00 +/- 0.00 % Gtotal(l=3) ave= 0.000E+00 +/- 0.00 %  % || Gg(l=0) ave= 1.005E-04 +/- 5.14 % Gg(l=1) ave= 0.000E+00 +/- 0.00 % Gg(l=2) ave= 0.000E+00 +/- 0.00 % Gg(l=3) ave= 0.000E+00 +/- 0.00 %  % || D(l=0) ave= 0.000E+00 +/- 0.00 % D(l=1) ave= 0.000E+00 +/- 0.00 % D(l=2) ave= 0.000E+00 +/- 0.00 % D(l=3) ave= 0.000E+00 +/- 0.00 %  % || S(l=0) ave= 2.776E+01 +/- 22.70 % S(l=1) ave= 0.000E+00 +/- 0.00 % S(l=2) ave= 0.000E+00 +/- 0.00 % S(l=3) ave= 0.000E+00 +/- 0.00 % 
 ... random file  211 Cap(th)  ave= 2.409E-05 b. +/- 2.83 % || Ela(th) ave= 4.270E+00 b. +/- 3.10 % || RIcap ave= 1.58E-05 b. +/- 1.85 % || Macs30 ave= 2.03E-08 b. +/- 2.83 % || Gn^0(l=0) ave= 3.697E+01 +/- 22.74 % Gn^0(l=1) ave= 0.000E+00 +/- 0.00 % Gn^0(l=2) ave= 0.000E+00 +/- 0.00 % Gn^0(l=3) ave= 0.000E+00 +/- 0.00 % || Gtotal(l=0) ave= 1.947E+04 +/- 22.73 % Gtotal(l=1) ave= 0.000E+00 +/- 0.00 % Gtotal(l=2) ave= 0.000E+00 +/- 0.00 % Gtotal(l=3) ave= 0.000E+00 +/- 0.00 %  % || Gg(l=0) ave= 1.005E-04 +/- 5.14 % Gg(l=1) ave= 0.000E+00 +/- 0.00 % Gg(l=2) ave= 0.000E+00 +/- 0.00 % Gg(l=3) ave= 0.000E+00 +/- 0.00 %  % || D(l=0) ave= 0.000E+00 +/- 0.00 % D(l=1) ave= 0.000E+00 +/- 0.00 % D(l=2) ave= 0.000E+00 +/- 0.00 % D(l=3) ave= 0.000E+00 +/- 0.00 %  % || S(l=0) ave= 2.773E+01 +/- 22.74 % S(l=1) ave= 0.000E+00 +/- 0.00 % S(l=2) ave= 0.000E+00 +/- 0.00 % S(l=3) ave= 0.000E+00 +/- 0.00 % 
 ... random file  212 Cap(th)  ave= 2.409E-05 b. +/- 2.82 % || Ela(th) ave= 4.270E+00 b. +/- 3.09 % || RIcap ave= 1.58E-05 b. +/- 1.85 % || Macs30 ave= 2.03E-08 b. +/- 2.82 % || Gn^0(l=0) ave= 3.700E+01 +/- 22.69 % Gn^0(l=1) ave= 0.000E+00 +/- 0.00 % Gn^0(l=2) ave= 0.000E+00 +/- 0.00 % Gn^0(l=3) ave= 0.000E+00 +/- 0.00 % || Gtotal(l=0) ave= 1.948E+04 +/- 22.69 % Gtotal(l=1) ave= 0.000E+00 +/- 0.00 % Gtotal(l=2) ave= 0.000E+00 +/- 0.00 % Gtotal(l=3) ave= 0.000E+00 +/- 0.00 %  % || Gg(l=0) ave= 1.004E-04 +/- 5.15 % Gg(l=1) ave= 0.000E+00 +/- 0.00 % Gg(l=2) ave= 0.000E+00 +/- 0.00 % Gg(l=3) ave= 0.000E+00 +/- 0.00 %  % || D(l=0) ave= 0.000E+00 +/- 0.00 % D(l=1) ave= 0.000E+00 +/- 0.00 % D(l=2) ave= 0.000E+00 +/- 0.00 % D(l=3) ave= 0.000E+00 +/- 0.00 %  % || S(l=0) ave= 2.775E+01 +/- 22.69 % S(l=1) ave= 0.000E+00 +/- 0.00 % S(l=2) ave= 0.000E+00 +/- 0.00 % S(l=3) ave= 0.000E+00 +/- 0.00 % 
 ... random file  213 Cap(th)  ave= 2.409E-05 b. +/- 2.82 % || Ela(th) ave= 4.270E+00 b. +/- 3.09 % || RIcap ave= 1.58E-05 b. +/- 1.84 % || Macs30 ave= 2.03E-08 b. +/- 2.82 % || Gn^0(l=0) ave= 3.694E+01 +/- 22.82 % Gn^0(l=1) ave= 0.000E+00 +/- 0.00 % Gn^0(l=2) ave= 0.000E+00 +/- 0.00 % Gn^0(l=3) ave= 0.000E+00 +/- 0.00 % || Gtotal(l=0) ave= 1.945E+04 +/- 22.82 % Gtotal(l=1) ave= 0.000E+00 +/- 0.00 % Gtotal(l=2) ave= 0.000E+00 +/- 0.00 % Gtotal(l=3) ave= 0.000E+00 +/- 0.00 %  % || Gg(l=0) ave= 1.004E-04 +/- 5.17 % Gg(l=1) ave= 0.000E+00 +/- 0.00 % Gg(l=2) ave= 0.000E+00 +/- 0.00 % Gg(l=3) ave= 0.000E+00 +/- 0.00 %  % || D(l=0) ave= 0.000E+00 +/- 0.00 % D(l=1) ave= 0.000E+00 +/- 0.00 % D(l=2) ave= 0.000E+00 +/- 0.00 % D(l=3) ave= 0.000E+00 +/- 0.00 %  % || S(l=0) ave= 2.770E+01 +/- 22.82 % S(l=1) ave= 0.000E+00 +/- 0.00 % S(l=2) ave= 0.000E+00 +/- 0.00 % S(l=3) ave= 0.000E+00 +/- 0.00 % 
 ... random file  214 Cap(th)  ave= 2.409E-05 b. +/- 2.82 % || Ela(th) ave= 4.270E+00 b. +/- 3.09 % || RIcap ave= 1.58E-05 b. +/- 1.84 % || Macs30 ave= 2.03E-08 b. +/- 2.82 % || Gn^0(l=0) ave= 3.695E+01 +/- 22.76 % Gn^0(l=1) ave= 0.000E+00 +/- 0.00 % Gn^0(l=2) ave= 0.000E+00 +/- 0.00 % Gn^0(l=3) ave= 0.000E+00 +/- 0.00 % || Gtotal(l=0) ave= 1.946E+04 +/- 22.76 % Gtotal(l=1) ave= 0.000E+00 +/- 0.00 % Gtotal(l=2) ave= 0.000E+00 +/- 0.00 % Gtotal(l=3) ave= 0.000E+00 +/- 0.00 %  % || Gg(l=0) ave= 1.004E-04 +/- 5.16 % Gg(l=1) ave= 0.000E+00 +/- 0.00 % Gg(l=2) ave= 0.000E+00 +/- 0.00 % Gg(l=3) ave= 0.000E+00 +/- 0.00 %  % || D(l=0) ave= 0.000E+00 +/- 0.00 % D(l=1) ave= 0.000E+00 +/- 0.00 % D(l=2) ave= 0.000E+00 +/- 0.00 % D(l=3) ave= 0.000E+00 +/- 0.00 %  % || S(l=0) ave= 2.771E+01 +/- 22.76 % S(l=1) ave= 0.000E+00 +/- 0.00 % S(l=2) ave= 0.000E+00 +/- 0.00 % S(l=3) ave= 0.000E+00 +/- 0.00 % 
 ... random file  215 Cap(th)  ave= 2.409E-05 b. +/- 2.82 % || Ela(th) ave= 4.270E+00 b. +/- 3.08 % || RIcap ave= 1.58E-05 b. +/- 1.84 % || Macs30 ave= 2.03E-08 b. +/- 2.82 % || Gn^0(l=0) ave= 3.697E+01 +/- 22.71 % Gn^0(l=1) ave= 0.000E+00 +/- 0.00 % Gn^0(l=2) ave= 0.000E+00 +/- 0.00 % Gn^0(l=3) ave= 0.000E+00 +/- 0.00 % || Gtotal(l=0) ave= 1.947E+04 +/- 22.71 % Gtotal(l=1) ave= 0.000E+00 +/- 0.00 % Gtotal(l=2) ave= 0.000E+00 +/- 0.00 % Gtotal(l=3) ave= 0.000E+00 +/- 0.00 %  % || Gg(l=0) ave= 1.004E-04 +/- 5.16 % Gg(l=1) ave= 0.000E+00 +/- 0.00 % Gg(l=2) ave= 0.000E+00 +/- 0.00 % Gg(l=3) ave= 0.000E+00 +/- 0.00 %  % || D(l=0) ave= 0.000E+00 +/- 0.00 % D(l=1) ave= 0.000E+00 +/- 0.00 % D(l=2) ave= 0.000E+00 +/- 0.00 % D(l=3) ave= 0.000E+00 +/- 0.00 %  % || S(l=0) ave= 2.772E+01 +/- 22.71 % S(l=1) ave= 0.000E+00 +/- 0.00 % S(l=2) ave= 0.000E+00 +/- 0.00 % S(l=3) ave= 0.000E+00 +/- 0.00 % 
 ... random file  216 Cap(th)  ave= 2.409E-05 b. +/- 2.82 % || Ela(th) ave= 4.270E+00 b. +/- 3.07 % || RIcap ave= 1.58E-05 b. +/- 1.84 % || Macs30 ave= 2.03E-08 b. +/- 2.82 % || Gn^0(l=0) ave= 3.702E+01 +/- 22.74 % Gn^0(l=1) ave= 0.000E+00 +/- 0.00 % Gn^0(l=2) ave= 0.000E+00 +/- 0.00 % Gn^0(l=3) ave= 0.000E+00 +/- 0.00 % || Gtotal(l=0) ave= 1.950E+04 +/- 22.73 % Gtotal(l=1) ave= 0.000E+00 +/- 0.00 % Gtotal(l=2) ave= 0.000E+00 +/- 0.00 % Gtotal(l=3) ave= 0.000E+00 +/- 0.00 %  % || Gg(l=0) ave= 1.004E-04 +/- 5.18 % Gg(l=1) ave= 0.000E+00 +/- 0.00 % Gg(l=2) ave= 0.000E+00 +/- 0.00 % Gg(l=3) ave= 0.000E+00 +/- 0.00 %  % || D(l=0) ave= 0.000E+00 +/- 0.00 % D(l=1) ave= 0.000E+00 +/- 0.00 % D(l=2) ave= 0.000E+00 +/- 0.00 % D(l=3) ave= 0.000E+00 +/- 0.00 %  % || S(l=0) ave= 2.777E+01 +/- 22.74 % S(l=1) ave= 0.000E+00 +/- 0.00 % S(l=2) ave= 0.000E+00 +/- 0.00 % S(l=3) ave= 0.000E+00 +/- 0.00 % 
 ... random file  217 Cap(th)  ave= 2.409E-05 b. +/- 2.82 % || Ela(th) ave= 4.270E+00 b. +/- 3.07 % || RIcap ave= 1.58E-05 b. +/- 1.84 % || Macs30 ave= 2.03E-08 b. +/- 2.82 % || Gn^0(l=0) ave= 3.701E+01 +/- 22.71 % Gn^0(l=1) ave= 0.000E+00 +/- 0.00 % Gn^0(l=2) ave= 0.000E+00 +/- 0.00 % Gn^0(l=3) ave= 0.000E+00 +/- 0.00 % || Gtotal(l=0) ave= 1.949E+04 +/- 22.70 % Gtotal(l=1) ave= 0.000E+00 +/- 0.00 % Gtotal(l=2) ave= 0.000E+00 +/- 0.00 % Gtotal(l=3) ave= 0.000E+00 +/- 0.00 %  % || Gg(l=0) ave= 1.004E-04 +/- 5.17 % Gg(l=1) ave= 0.000E+00 +/- 0.00 % Gg(l=2) ave= 0.000E+00 +/- 0.00 % Gg(l=3) ave= 0.000E+00 +/- 0.00 %  % || D(l=0) ave= 0.000E+00 +/- 0.00 % D(l=1) ave= 0.000E+00 +/- 0.00 % D(l=2) ave= 0.000E+00 +/- 0.00 % D(l=3) ave= 0.000E+00 +/- 0.00 %  % || S(l=0) ave= 2.776E+01 +/- 22.71 % S(l=1) ave= 0.000E+00 +/- 0.00 % S(l=2) ave= 0.000E+00 +/- 0.00 % S(l=3) ave= 0.000E+00 +/- 0.00 % 
 ... random file  218 Cap(th)  ave= 2.409E-05 b. +/- 2.81 % || Ela(th) ave= 4.272E+00 b. +/- 3.11 % || RIcap ave= 1.58E-05 b. +/- 1.84 % || Macs30 ave= 2.03E-08 b. +/- 2.81 % || Gn^0(l=0) ave= 3.707E+01 +/- 22.75 % Gn^0(l=1) ave= 0.000E+00 +/- 0.00 % Gn^0(l=2) ave= 0.000E+00 +/- 0.00 % Gn^0(l=3) ave= 0.000E+00 +/- 0.00 % || Gtotal(l=0) ave= 1.953E+04 +/- 22.78 % Gtotal(l=1) ave= 0.000E+00 +/- 0.00 % Gtotal(l=2) ave= 0.000E+00 +/- 0.00 % Gtotal(l=3) ave= 0.000E+00 +/- 0.00 %  % || Gg(l=0) ave= 1.004E-04 +/- 5.16 % Gg(l=1) ave= 0.000E+00 +/- 0.00 % Gg(l=2) ave= 0.000E+00 +/- 0.00 % Gg(l=3) ave= 0.000E+00 +/- 0.00 %  % || D(l=0) ave= 0.000E+00 +/- 0.00 % D(l=1) ave= 0.000E+00 +/- 0.00 % D(l=2) ave= 0.000E+00 +/- 0.00 % D(l=3) ave= 0.000E+00 +/- 0.00 %  % || S(l=0) ave= 2.780E+01 +/- 22.75 % S(l=1) ave= 0.000E+00 +/- 0.00 % S(l=2) ave= 0.000E+00 +/- 0.00 % S(l=3) ave= 0.000E+00 +/- 0.00 % 
 ... random file  219 Cap(th)  ave= 2.409E-05 b. +/- 2.81 % || Ela(th) ave= 4.271E+00 b. +/- 3.11 % || RIcap ave= 1.58E-05 b. +/- 1.83 % || Macs30 ave= 2.03E-08 b. +/- 2.81 % || Gn^0(l=0) ave= 3.707E+01 +/- 22.70 % Gn^0(l=1) ave= 0.000E+00 +/- 0.00 % Gn^0(l=2) ave= 0.000E+00 +/- 0.00 % Gn^0(l=3) ave= 0.000E+00 +/- 0.00 % || Gtotal(l=0) ave= 1.952E+04 +/- 22.73 % Gtotal(l=1) ave= 0.000E+00 +/- 0.00 % Gtotal(l=2) ave= 0.000E+00 +/- 0.00 % Gtotal(l=3) ave= 0.000E+00 +/- 0.00 %  % || Gg(l=0) ave= 1.004E-04 +/- 5.15 % Gg(l=1) ave= 0.000E+00 +/- 0.00 % Gg(l=2) ave= 0.000E+00 +/- 0.00 % Gg(l=3) ave= 0.000E+00 +/- 0.00 %  % || D(l=0) ave= 0.000E+00 +/- 0.00 % D(l=1) ave= 0.000E+00 +/- 0.00 % D(l=2) ave= 0.000E+00 +/- 0.00 % D(l=3) ave= 0.000E+00 +/- 0.00 %  % || S(l=0) ave= 2.780E+01 +/- 22.70 % S(l=1) ave= 0.000E+00 +/- 0.00 % S(l=2) ave= 0.000E+00 +/- 0.00 % S(l=3) ave= 0.000E+00 +/- 0.00 % 
 ... random file  220 Cap(th)  ave= 2.409E-05 b. +/- 2.80 % || Ela(th) ave= 4.271E+00 b. +/- 3.11 % || RIcap ave= 1.58E-05 b. +/- 1.83 % || Macs30 ave= 2.03E-08 b. +/- 2.80 % || Gn^0(l=0) ave= 3.704E+01 +/- 22.69 % Gn^0(l=1) ave= 0.000E+00 +/- 0.00 % Gn^0(l=2) ave= 0.000E+00 +/- 0.00 % Gn^0(l=3) ave= 0.000E+00 +/- 0.00 % || Gtotal(l=0) ave= 1.951E+04 +/- 22.72 % Gtotal(l=1) ave= 0.000E+00 +/- 0.00 % Gtotal(l=2) ave= 0.000E+00 +/- 0.00 % Gtotal(l=3) ave= 0.000E+00 +/- 0.00 %  % || Gg(l=0) ave= 1.005E-04 +/- 5.15 % Gg(l=1) ave= 0.000E+00 +/- 0.00 % Gg(l=2) ave= 0.000E+00 +/- 0.00 % Gg(l=3) ave= 0.000E+00 +/- 0.00 %  % || D(l=0) ave= 0.000E+00 +/- 0.00 % D(l=1) ave= 0.000E+00 +/- 0.00 % D(l=2) ave= 0.000E+00 +/- 0.00 % D(l=3) ave= 0.000E+00 +/- 0.00 %  % || S(l=0) ave= 2.778E+01 +/- 22.69 % S(l=1) ave= 0.000E+00 +/- 0.00 % S(l=2) ave= 0.000E+00 +/- 0.00 % S(l=3) ave= 0.000E+00 +/- 0.00 % 
 ... random file  221 Cap(th)  ave= 2.409E-05 b. +/- 2.80 % || Ela(th) ave= 4.271E+00 b. +/- 3.10 % || RIcap ave= 1.58E-05 b. +/- 1.83 % || Macs30 ave= 2.03E-08 b. +/- 2.80 % || Gn^0(l=0) ave= 3.701E+01 +/- 22.69 % Gn^0(l=1) ave= 0.000E+00 +/- 0.00 % Gn^0(l=2) ave= 0.000E+00 +/- 0.00 % Gn^0(l=3) ave= 0.000E+00 +/- 0.00 % || Gtotal(l=0) ave= 1.949E+04 +/- 22.71 % Gtotal(l=1) ave= 0.000E+00 +/- 0.00 % Gtotal(l=2) ave= 0.000E+00 +/- 0.00 % Gtotal(l=3) ave= 0.000E+00 +/- 0.00 %  % || Gg(l=0) ave= 1.005E-04 +/- 5.14 % Gg(l=1) ave= 0.000E+00 +/- 0.00 % Gg(l=2) ave= 0.000E+00 +/- 0.00 % Gg(l=3) ave= 0.000E+00 +/- 0.00 %  % || D(l=0) ave= 0.000E+00 +/- 0.00 % D(l=1) ave= 0.000E+00 +/- 0.00 % D(l=2) ave= 0.000E+00 +/- 0.00 % D(l=3) ave= 0.000E+00 +/- 0.00 %  % || S(l=0) ave= 2.776E+01 +/- 22.69 % S(l=1) ave= 0.000E+00 +/- 0.00 % S(l=2) ave= 0.000E+00 +/- 0.00 % S(l=3) ave= 0.000E+00 +/- 0.00 % 
 ... random file  222 Cap(th)  ave= 2.409E-05 b. +/- 2.79 % || Ela(th) ave= 4.272E+00 b. +/- 3.10 % || RIcap ave= 1.58E-05 b. +/- 1.83 % || Macs30 ave= 2.03E-08 b. +/- 2.79 % || Gn^0(l=0) ave= 3.699E+01 +/- 22.67 % Gn^0(l=1) ave= 0.000E+00 +/- 0.00 % Gn^0(l=2) ave= 0.000E+00 +/- 0.00 % Gn^0(l=3) ave= 0.000E+00 +/- 0.00 % || Gtotal(l=0) ave= 1.948E+04 +/- 22.69 % Gtotal(l=1) ave= 0.000E+00 +/- 0.00 % Gtotal(l=2) ave= 0.000E+00 +/- 0.00 % Gtotal(l=3) ave= 0.000E+00 +/- 0.00 %  % || Gg(l=0) ave= 1.005E-04 +/- 5.13 % Gg(l=1) ave= 0.000E+00 +/- 0.00 % Gg(l=2) ave= 0.000E+00 +/- 0.00 % Gg(l=3) ave= 0.000E+00 +/- 0.00 %  % || D(l=0) ave= 0.000E+00 +/- 0.00 % D(l=1) ave= 0.000E+00 +/- 0.00 % D(l=2) ave= 0.000E+00 +/- 0.00 % D(l=3) ave= 0.000E+00 +/- 0.00 %  % || S(l=0) ave= 2.774E+01 +/- 22.67 % S(l=1) ave= 0.000E+00 +/- 0.00 % S(l=2) ave= 0.000E+00 +/- 0.00 % S(l=3) ave= 0.000E+00 +/- 0.00 % 
 ... random file  223 Cap(th)  ave= 2.409E-05 b. +/- 2.79 % || Ela(th) ave= 4.274E+00 b. +/- 3.16 % || RIcap ave= 1.58E-05 b. +/- 1.82 % || Macs30 ave= 2.03E-08 b. +/- 2.79 % || Gn^0(l=0) ave= 3.708E+01 +/- 22.90 % Gn^0(l=1) ave= 0.000E+00 +/- 0.00 % Gn^0(l=2) ave= 0.000E+00 +/- 0.00 % Gn^0(l=3) ave= 0.000E+00 +/- 0.00 % || Gtotal(l=0) ave= 1.954E+04 +/- 22.99 % Gtotal(l=1) ave= 0.000E+00 +/- 0.00 % Gtotal(l=2) ave= 0.000E+00 +/- 0.00 % Gtotal(l=3) ave= 0.000E+00 +/- 0.00 %  % || Gg(l=0) ave= 1.005E-04 +/- 5.12 % Gg(l=1) ave= 0.000E+00 +/- 0.00 % Gg(l=2) ave= 0.000E+00 +/- 0.00 % Gg(l=3) ave= 0.000E+00 +/- 0.00 %  % || D(l=0) ave= 0.000E+00 +/- 0.00 % D(l=1) ave= 0.000E+00 +/- 0.00 % D(l=2) ave= 0.000E+00 +/- 0.00 % D(l=3) ave= 0.000E+00 +/- 0.00 %  % || S(l=0) ave= 2.781E+01 +/- 22.90 % S(l=1) ave= 0.000E+00 +/- 0.00 % S(l=2) ave= 0.000E+00 +/- 0.00 % S(l=3) ave= 0.000E+00 +/- 0.00 % 
 ... random file  224 Cap(th)  ave= 2.409E-05 b. +/- 2.79 % || Ela(th) ave= 4.273E+00 b. +/- 3.16 % || RIcap ave= 1.58E-05 b. +/- 1.82 % || Macs30 ave= 2.03E-08 b. +/- 2.79 % || Gn^0(l=0) ave= 3.704E+01 +/- 22.93 % Gn^0(l=1) ave= 0.000E+00 +/- 0.00 % Gn^0(l=2) ave= 0.000E+00 +/- 0.00 % Gn^0(l=3) ave= 0.000E+00 +/- 0.00 % || Gtotal(l=0) ave= 1.952E+04 +/- 23.04 % Gtotal(l=1) ave= 0.000E+00 +/- 0.00 % Gtotal(l=2) ave= 0.000E+00 +/- 0.00 % Gtotal(l=3) ave= 0.000E+00 +/- 0.00 %  % || Gg(l=0) ave= 1.005E-04 +/- 5.11 % Gg(l=1) ave= 0.000E+00 +/- 0.00 % Gg(l=2) ave= 0.000E+00 +/- 0.00 % Gg(l=3) ave= 0.000E+00 +/- 0.00 %  % || D(l=0) ave= 0.000E+00 +/- 0.00 % D(l=1) ave= 0.000E+00 +/- 0.00 % D(l=2) ave= 0.000E+00 +/- 0.00 % D(l=3) ave= 0.000E+00 +/- 0.00 %  % || S(l=0) ave= 2.778E+01 +/- 22.93 % S(l=1) ave= 0.000E+00 +/- 0.00 % S(l=2) ave= 0.000E+00 +/- 0.00 % S(l=3) ave= 0.000E+00 +/- 0.00 % 
 ... random file  225 Cap(th)  ave= 2.409E-05 b. +/- 2.78 % || Ela(th) ave= 4.274E+00 b. +/- 3.15 % || RIcap ave= 1.58E-05 b. +/- 1.82 % || Macs30 ave= 2.03E-08 b. +/- 2.78 % || Gn^0(l=0) ave= 3.704E+01 +/- 22.88 % Gn^0(l=1) ave= 0.000E+00 +/- 0.00 % Gn^0(l=2) ave= 0.000E+00 +/- 0.00 % Gn^0(l=3) ave= 0.000E+00 +/- 0.00 % || Gtotal(l=0) ave= 1.952E+04 +/- 22.98 % Gtotal(l=1) ave= 0.000E+00 +/- 0.00 % Gtotal(l=2) ave= 0.000E+00 +/- 0.00 % Gtotal(l=3) ave= 0.000E+00 +/- 0.00 %  % || Gg(l=0) ave= 1.005E-04 +/- 5.12 % Gg(l=1) ave= 0.000E+00 +/- 0.00 % Gg(l=2) ave= 0.000E+00 +/- 0.00 % Gg(l=3) ave= 0.000E+00 +/- 0.00 %  % || D(l=0) ave= 0.000E+00 +/- 0.00 % D(l=1) ave= 0.000E+00 +/- 0.00 % D(l=2) ave= 0.000E+00 +/- 0.00 % D(l=3) ave= 0.000E+00 +/- 0.00 %  % || S(l=0) ave= 2.778E+01 +/- 22.88 % S(l=1) ave= 0.000E+00 +/- 0.00 % S(l=2) ave= 0.000E+00 +/- 0.00 % S(l=3) ave= 0.000E+00 +/- 0.00 % 
 ... random file  226 Cap(th)  ave= 2.409E-05 b. +/- 2.78 % || Ela(th) ave= 4.274E+00 b. +/- 3.14 % || RIcap ave= 1.58E-05 b. +/- 1.82 % || Macs30 ave= 2.03E-08 b. +/- 2.78 % || Gn^0(l=0) ave= 3.710E+01 +/- 22.93 % Gn^0(l=1) ave= 0.000E+00 +/- 0.00 % Gn^0(l=2) ave= 0.000E+00 +/- 0.00 % Gn^0(l=3) ave= 0.000E+00 +/- 0.00 % || Gtotal(l=0) ave= 1.955E+04 +/- 23.04 % Gtotal(l=1) ave= 0.000E+00 +/- 0.00 % Gtotal(l=2) ave= 0.000E+00 +/- 0.00 % Gtotal(l=3) ave= 0.000E+00 +/- 0.00 %  % || Gg(l=0) ave= 1.005E-04 +/- 5.13 % Gg(l=1) ave= 0.000E+00 +/- 0.00 % Gg(l=2) ave= 0.000E+00 +/- 0.00 % Gg(l=3) ave= 0.000E+00 +/- 0.00 %  % || D(l=0) ave= 0.000E+00 +/- 0.00 % D(l=1) ave= 0.000E+00 +/- 0.00 % D(l=2) ave= 0.000E+00 +/- 0.00 % D(l=3) ave= 0.000E+00 +/- 0.00 %  % || S(l=0) ave= 2.783E+01 +/- 22.93 % S(l=1) ave= 0.000E+00 +/- 0.00 % S(l=2) ave= 0.000E+00 +/- 0.00 % S(l=3) ave= 0.000E+00 +/- 0.00 % 
 ... random file  227 Cap(th)  ave= 2.408E-05 b. +/- 2.78 % || Ela(th) ave= 4.273E+00 b. +/- 3.15 % || RIcap ave= 1.58E-05 b. +/- 1.82 % || Macs30 ave= 2.03E-08 b. +/- 2.78 % || Gn^0(l=0) ave= 3.713E+01 +/- 22.89 % Gn^0(l=1) ave= 0.000E+00 +/- 0.00 % Gn^0(l=2) ave= 0.000E+00 +/- 0.00 % Gn^0(l=3) ave= 0.000E+00 +/- 0.00 % || Gtotal(l=0) ave= 1.956E+04 +/- 22.99 % Gtotal(l=1) ave= 0.000E+00 +/- 0.00 % Gtotal(l=2) ave= 0.000E+00 +/- 0.00 % Gtotal(l=3) ave= 0.000E+00 +/- 0.00 %  % || Gg(l=0) ave= 1.005E-04 +/- 5.13 % Gg(l=1) ave= 0.000E+00 +/- 0.00 % Gg(l=2) ave= 0.000E+00 +/- 0.00 % Gg(l=3) ave= 0.000E+00 +/- 0.00 %  % || D(l=0) ave= 0.000E+00 +/- 0.00 % D(l=1) ave= 0.000E+00 +/- 0.00 % D(l=2) ave= 0.000E+00 +/- 0.00 % D(l=3) ave= 0.000E+00 +/- 0.00 %  % || S(l=0) ave= 2.785E+01 +/- 22.89 % S(l=1) ave= 0.000E+00 +/- 0.00 % S(l=2) ave= 0.000E+00 +/- 0.00 % S(l=3) ave= 0.000E+00 +/- 0.00 % 
 ... random file  228 Cap(th)  ave= 2.409E-05 b. +/- 2.78 % || Ela(th) ave= 4.272E+00 b. +/- 3.16 % || RIcap ave= 1.58E-05 b. +/- 1.82 % || Macs30 ave= 2.03E-08 b. +/- 2.78 % || Gn^0(l=0) ave= 3.710E+01 +/- 22.89 % Gn^0(l=1) ave= 0.000E+00 +/- 0.00 % Gn^0(l=2) ave= 0.000E+00 +/- 0.00 % Gn^0(l=3) ave= 0.000E+00 +/- 0.00 % || Gtotal(l=0) ave= 1.955E+04 +/- 23.00 % Gtotal(l=1) ave= 0.000E+00 +/- 0.00 % Gtotal(l=2) ave= 0.000E+00 +/- 0.00 % Gtotal(l=3) ave= 0.000E+00 +/- 0.00 %  % || Gg(l=0) ave= 1.005E-04 +/- 5.11 % Gg(l=1) ave= 0.000E+00 +/- 0.00 % Gg(l=2) ave= 0.000E+00 +/- 0.00 % Gg(l=3) ave= 0.000E+00 +/- 0.00 %  % || D(l=0) ave= 0.000E+00 +/- 0.00 % D(l=1) ave= 0.000E+00 +/- 0.00 % D(l=2) ave= 0.000E+00 +/- 0.00 % D(l=3) ave= 0.000E+00 +/- 0.00 %  % || S(l=0) ave= 2.783E+01 +/- 22.89 % S(l=1) ave= 0.000E+00 +/- 0.00 % S(l=2) ave= 0.000E+00 +/- 0.00 % S(l=3) ave= 0.000E+00 +/- 0.00 % 
 ... random file  229 Cap(th)  ave= 2.408E-05 b. +/- 2.78 % || Ela(th) ave= 4.271E+00 b. +/- 3.17 % || RIcap ave= 1.58E-05 b. +/- 1.82 % || Macs30 ave= 2.03E-08 b. +/- 2.78 % || Gn^0(l=0) ave= 3.709E+01 +/- 22.85 % Gn^0(l=1) ave= 0.000E+00 +/- 0.00 % Gn^0(l=2) ave= 0.000E+00 +/- 0.00 % Gn^0(l=3) ave= 0.000E+00 +/- 0.00 % || Gtotal(l=0) ave= 1.954E+04 +/- 22.97 % Gtotal(l=1) ave= 0.000E+00 +/- 0.00 % Gtotal(l=2) ave= 0.000E+00 +/- 0.00 % Gtotal(l=3) ave= 0.000E+00 +/- 0.00 %  % || Gg(l=0) ave= 1.005E-04 +/- 5.11 % Gg(l=1) ave= 0.000E+00 +/- 0.00 % Gg(l=2) ave= 0.000E+00 +/- 0.00 % Gg(l=3) ave= 0.000E+00 +/- 0.00 %  % || D(l=0) ave= 0.000E+00 +/- 0.00 % D(l=1) ave= 0.000E+00 +/- 0.00 % D(l=2) ave= 0.000E+00 +/- 0.00 % D(l=3) ave= 0.000E+00 +/- 0.00 %  % || S(l=0) ave= 2.782E+01 +/- 22.85 % S(l=1) ave= 0.000E+00 +/- 0.00 % S(l=2) ave= 0.000E+00 +/- 0.00 % S(l=3) ave= 0.000E+00 +/- 0.00 % 
 ... random file  230 Cap(th)  ave= 2.409E-05 b. +/- 2.77 % || Ela(th) ave= 4.271E+00 b. +/- 3.17 % || RIcap ave= 1.58E-05 b. +/- 1.81 % || Macs30 ave= 2.03E-08 b. +/- 2.77 % || Gn^0(l=0) ave= 3.710E+01 +/- 22.80 % Gn^0(l=1) ave= 0.000E+00 +/- 0.00 % Gn^0(l=2) ave= 0.000E+00 +/- 0.00 % Gn^0(l=3) ave= 0.000E+00 +/- 0.00 % || Gtotal(l=0) ave= 1.954E+04 +/- 22.92 % Gtotal(l=1) ave= 0.000E+00 +/- 0.00 % Gtotal(l=2) ave= 0.000E+00 +/- 0.00 % Gtotal(l=3) ave= 0.000E+00 +/- 0.00 %  % || Gg(l=0) ave= 1.005E-04 +/- 5.10 % Gg(l=1) ave= 0.000E+00 +/- 0.00 % Gg(l=2) ave= 0.000E+00 +/- 0.00 % Gg(l=3) ave= 0.000E+00 +/- 0.00 %  % || D(l=0) ave= 0.000E+00 +/- 0.00 % D(l=1) ave= 0.000E+00 +/- 0.00 % D(l=2) ave= 0.000E+00 +/- 0.00 % D(l=3) ave= 0.000E+00 +/- 0.00 %  % || S(l=0) ave= 2.783E+01 +/- 22.80 % S(l=1) ave= 0.000E+00 +/- 0.00 % S(l=2) ave= 0.000E+00 +/- 0.00 % S(l=3) ave= 0.000E+00 +/- 0.00 % 
 ... random file  231 Cap(th)  ave= 2.409E-05 b. +/- 2.77 % || Ela(th) ave= 4.272E+00 b. +/- 3.20 % || RIcap ave= 1.58E-05 b. +/- 1.81 % || Macs30 ave= 2.03E-08 b. +/- 2.77 % || Gn^0(l=0) ave= 3.709E+01 +/- 22.76 % Gn^0(l=1) ave= 0.000E+00 +/- 0.00 % Gn^0(l=2) ave= 0.000E+00 +/- 0.00 % Gn^0(l=3) ave= 0.000E+00 +/- 0.00 % || Gtotal(l=0) ave= 1.954E+04 +/- 22.87 % Gtotal(l=1) ave= 0.000E+00 +/- 0.00 % Gtotal(l=2) ave= 0.000E+00 +/- 0.00 % Gtotal(l=3) ave= 0.000E+00 +/- 0.00 %  % || Gg(l=0) ave= 1.005E-04 +/- 5.09 % Gg(l=1) ave= 0.000E+00 +/- 0.00 % Gg(l=2) ave= 0.000E+00 +/- 0.00 % Gg(l=3) ave= 0.000E+00 +/- 0.00 %  % || D(l=0) ave= 0.000E+00 +/- 0.00 % D(l=1) ave= 0.000E+00 +/- 0.00 % D(l=2) ave= 0.000E+00 +/- 0.00 % D(l=3) ave= 0.000E+00 +/- 0.00 %  % || S(l=0) ave= 2.782E+01 +/- 22.76 % S(l=1) ave= 0.000E+00 +/- 0.00 % S(l=2) ave= 0.000E+00 +/- 0.00 % S(l=3) ave= 0.000E+00 +/- 0.00 % 
 ... random file  232 Cap(th)  ave= 2.409E-05 b. +/- 2.76 % || Ela(th) ave= 4.272E+00 b. +/- 3.20 % || RIcap ave= 1.58E-05 b. +/- 1.81 % || Macs30 ave= 2.03E-08 b. +/- 2.76 % || Gn^0(l=0) ave= 3.711E+01 +/- 22.71 % Gn^0(l=1) ave= 0.000E+00 +/- 0.00 % Gn^0(l=2) ave= 0.000E+00 +/- 0.00 % Gn^0(l=3) ave= 0.000E+00 +/- 0.00 % || Gtotal(l=0) ave= 1.955E+04 +/- 22.83 % Gtotal(l=1) ave= 0.000E+00 +/- 0.00 % Gtotal(l=2) ave= 0.000E+00 +/- 0.00 % Gtotal(l=3) ave= 0.000E+00 +/- 0.00 %  % || Gg(l=0) ave= 1.005E-04 +/- 5.08 % Gg(l=1) ave= 0.000E+00 +/- 0.00 % Gg(l=2) ave= 0.000E+00 +/- 0.00 % Gg(l=3) ave= 0.000E+00 +/- 0.00 %  % || D(l=0) ave= 0.000E+00 +/- 0.00 % D(l=1) ave= 0.000E+00 +/- 0.00 % D(l=2) ave= 0.000E+00 +/- 0.00 % D(l=3) ave= 0.000E+00 +/- 0.00 %  % || S(l=0) ave= 2.783E+01 +/- 22.71 % S(l=1) ave= 0.000E+00 +/- 0.00 % S(l=2) ave= 0.000E+00 +/- 0.00 % S(l=3) ave= 0.000E+00 +/- 0.00 % 
 ... random file  233 Cap(th)  ave= 2.408E-05 b. +/- 2.77 % || Ela(th) ave= 4.271E+00 b. +/- 3.20 % || RIcap ave= 1.58E-05 b. +/- 1.81 % || Macs30 ave= 2.03E-08 b. +/- 2.77 % || Gn^0(l=0) ave= 3.711E+01 +/- 22.67 % Gn^0(l=1) ave= 0.000E+00 +/- 0.00 % Gn^0(l=2) ave= 0.000E+00 +/- 0.00 % Gn^0(l=3) ave= 0.000E+00 +/- 0.00 % || Gtotal(l=0) ave= 1.955E+04 +/- 22.78 % Gtotal(l=1) ave= 0.000E+00 +/- 0.00 % Gtotal(l=2) ave= 0.000E+00 +/- 0.00 % Gtotal(l=3) ave= 0.000E+00 +/- 0.00 %  % || Gg(l=0) ave= 1.005E-04 +/- 5.09 % Gg(l=1) ave= 0.000E+00 +/- 0.00 % Gg(l=2) ave= 0.000E+00 +/- 0.00 % Gg(l=3) ave= 0.000E+00 +/- 0.00 %  % || D(l=0) ave= 0.000E+00 +/- 0.00 % D(l=1) ave= 0.000E+00 +/- 0.00 % D(l=2) ave= 0.000E+00 +/- 0.00 % D(l=3) ave= 0.000E+00 +/- 0.00 %  % || S(l=0) ave= 2.783E+01 +/- 22.67 % S(l=1) ave= 0.000E+00 +/- 0.00 % S(l=2) ave= 0.000E+00 +/- 0.00 % S(l=3) ave= 0.000E+00 +/- 0.00 % 
 ... random file  234 Cap(th)  ave= 2.408E-05 b. +/- 2.76 % || Ela(th) ave= 4.270E+00 b. +/- 3.20 % || RIcap ave= 1.58E-05 b. +/- 1.81 % || Macs30 ave= 2.03E-08 b. +/- 2.76 % || Gn^0(l=0) ave= 3.712E+01 +/- 22.62 % Gn^0(l=1) ave= 0.000E+00 +/- 0.00 % Gn^0(l=2) ave= 0.000E+00 +/- 0.00 % Gn^0(l=3) ave= 0.000E+00 +/- 0.00 % || Gtotal(l=0) ave= 1.955E+04 +/- 22.73 % Gtotal(l=1) ave= 0.000E+00 +/- 0.00 % Gtotal(l=2) ave= 0.000E+00 +/- 0.00 % Gtotal(l=3) ave= 0.000E+00 +/- 0.00 %  % || Gg(l=0) ave= 1.005E-04 +/- 5.08 % Gg(l=1) ave= 0.000E+00 +/- 0.00 % Gg(l=2) ave= 0.000E+00 +/- 0.00 % Gg(l=3) ave= 0.000E+00 +/- 0.00 %  % || D(l=0) ave= 0.000E+00 +/- 0.00 % D(l=1) ave= 0.000E+00 +/- 0.00 % D(l=2) ave= 0.000E+00 +/- 0.00 % D(l=3) ave= 0.000E+00 +/- 0.00 %  % || S(l=0) ave= 2.784E+01 +/- 22.62 % S(l=1) ave= 0.000E+00 +/- 0.00 % S(l=2) ave= 0.000E+00 +/- 0.00 % S(l=3) ave= 0.000E+00 +/- 0.00 % 
 ... random file  235 Cap(th)  ave= 2.408E-05 b. +/- 2.76 % || Ela(th) ave= 4.270E+00 b. +/- 3.20 % || RIcap ave= 1.58E-05 b. +/- 1.80 % || Macs30 ave= 2.03E-08 b. +/- 2.76 % || Gn^0(l=0) ave= 3.711E+01 +/- 22.57 % Gn^0(l=1) ave= 0.000E+00 +/- 0.00 % Gn^0(l=2) ave= 0.000E+00 +/- 0.00 % Gn^0(l=3) ave= 0.000E+00 +/- 0.00 % || Gtotal(l=0) ave= 1.955E+04 +/- 22.68 % Gtotal(l=1) ave= 0.000E+00 +/- 0.00 % Gtotal(l=2) ave= 0.000E+00 +/- 0.00 % Gtotal(l=3) ave= 0.000E+00 +/- 0.00 %  % || Gg(l=0) ave= 1.005E-04 +/- 5.07 % Gg(l=1) ave= 0.000E+00 +/- 0.00 % Gg(l=2) ave= 0.000E+00 +/- 0.00 % Gg(l=3) ave= 0.000E+00 +/- 0.00 %  % || D(l=0) ave= 0.000E+00 +/- 0.00 % D(l=1) ave= 0.000E+00 +/- 0.00 % D(l=2) ave= 0.000E+00 +/- 0.00 % D(l=3) ave= 0.000E+00 +/- 0.00 %  % || S(l=0) ave= 2.784E+01 +/- 22.57 % S(l=1) ave= 0.000E+00 +/- 0.00 % S(l=2) ave= 0.000E+00 +/- 0.00 % S(l=3) ave= 0.000E+00 +/- 0.00 % 
 ... random file  236 Cap(th)  ave= 2.409E-05 b. +/- 2.77 % || Ela(th) ave= 4.270E+00 b. +/- 3.19 % || RIcap ave= 1.58E-05 b. +/- 1.81 % || Macs30 ave= 2.03E-08 b. +/- 2.77 % || Gn^0(l=0) ave= 3.708E+01 +/- 22.58 % Gn^0(l=1) ave= 0.000E+00 +/- 0.00 % Gn^0(l=2) ave= 0.000E+00 +/- 0.00 % Gn^0(l=3) ave= 0.000E+00 +/- 0.00 % || Gtotal(l=0) ave= 1.953E+04 +/- 22.69 % Gtotal(l=1) ave= 0.000E+00 +/- 0.00 % Gtotal(l=2) ave= 0.000E+00 +/- 0.00 % Gtotal(l=3) ave= 0.000E+00 +/- 0.00 %  % || Gg(l=0) ave= 1.005E-04 +/- 5.09 % Gg(l=1) ave= 0.000E+00 +/- 0.00 % Gg(l=2) ave= 0.000E+00 +/- 0.00 % Gg(l=3) ave= 0.000E+00 +/- 0.00 %  % || D(l=0) ave= 0.000E+00 +/- 0.00 % D(l=1) ave= 0.000E+00 +/- 0.00 % D(l=2) ave= 0.000E+00 +/- 0.00 % D(l=3) ave= 0.000E+00 +/- 0.00 %  % || S(l=0) ave= 2.781E+01 +/- 22.58 % S(l=1) ave= 0.000E+00 +/- 0.00 % S(l=2) ave= 0.000E+00 +/- 0.00 % S(l=3) ave= 0.000E+00 +/- 0.00 % 
 ... random file  237 Cap(th)  ave= 2.409E-05 b. +/- 2.77 % || Ela(th) ave= 4.269E+00 b. +/- 3.19 % || RIcap ave= 1.58E-05 b. +/- 1.81 % || Macs30 ave= 2.03E-08 b. +/- 2.77 % || Gn^0(l=0) ave= 3.706E+01 +/- 22.58 % Gn^0(l=1) ave= 0.000E+00 +/- 0.00 % Gn^0(l=2) ave= 0.000E+00 +/- 0.00 % Gn^0(l=3) ave= 0.000E+00 +/- 0.00 % || Gtotal(l=0) ave= 1.952E+04 +/- 22.70 % Gtotal(l=1) ave= 0.000E+00 +/- 0.00 % Gtotal(l=2) ave= 0.000E+00 +/- 0.00 % Gtotal(l=3) ave= 0.000E+00 +/- 0.00 %  % || Gg(l=0) ave= 1.005E-04 +/- 5.09 % Gg(l=1) ave= 0.000E+00 +/- 0.00 % Gg(l=2) ave= 0.000E+00 +/- 0.00 % Gg(l=3) ave= 0.000E+00 +/- 0.00 %  % || D(l=0) ave= 0.000E+00 +/- 0.00 % D(l=1) ave= 0.000E+00 +/- 0.00 % D(l=2) ave= 0.000E+00 +/- 0.00 % D(l=3) ave= 0.000E+00 +/- 0.00 %  % || S(l=0) ave= 2.779E+01 +/- 22.58 % S(l=1) ave= 0.000E+00 +/- 0.00 % S(l=2) ave= 0.000E+00 +/- 0.00 % S(l=3) ave= 0.000E+00 +/- 0.00 % 
 ... random file  238 Cap(th)  ave= 2.410E-05 b. +/- 2.82 % || Ela(th) ave= 4.270E+00 b. +/- 3.19 % || RIcap ave= 1.58E-05 b. +/- 1.84 % || Macs30 ave= 2.03E-08 b. +/- 2.82 % || Gn^0(l=0) ave= 3.706E+01 +/- 22.53 % Gn^0(l=1) ave= 0.000E+00 +/- 0.00 % Gn^0(l=2) ave= 0.000E+00 +/- 0.00 % Gn^0(l=3) ave= 0.000E+00 +/- 0.00 % || Gtotal(l=0) ave= 1.952E+04 +/- 22.65 % Gtotal(l=1) ave= 0.000E+00 +/- 0.00 % Gtotal(l=2) ave= 0.000E+00 +/- 0.00 % Gtotal(l=3) ave= 0.000E+00 +/- 0.00 %  % || Gg(l=0) ave= 1.005E-04 +/- 5.08 % Gg(l=1) ave= 0.000E+00 +/- 0.00 % Gg(l=2) ave= 0.000E+00 +/- 0.00 % Gg(l=3) ave= 0.000E+00 +/- 0.00 %  % || D(l=0) ave= 0.000E+00 +/- 0.00 % D(l=1) ave= 0.000E+00 +/- 0.00 % D(l=2) ave= 0.000E+00 +/- 0.00 % D(l=3) ave= 0.000E+00 +/- 0.00 %  % || S(l=0) ave= 2.780E+01 +/- 22.53 % S(l=1) ave= 0.000E+00 +/- 0.00 % S(l=2) ave= 0.000E+00 +/- 0.00 % S(l=3) ave= 0.000E+00 +/- 0.00 % 
 ... random file  239 Cap(th)  ave= 2.409E-05 b. +/- 2.82 % || Ela(th) ave= 4.270E+00 b. +/- 3.19 % || RIcap ave= 1.58E-05 b. +/- 1.85 % || Macs30 ave= 2.03E-08 b. +/- 2.82 % || Gn^0(l=0) ave= 3.705E+01 +/- 22.50 % Gn^0(l=1) ave= 0.000E+00 +/- 0.00 % Gn^0(l=2) ave= 0.000E+00 +/- 0.00 % Gn^0(l=3) ave= 0.000E+00 +/- 0.00 % || Gtotal(l=0) ave= 1.951E+04 +/- 22.62 % Gtotal(l=1) ave= 0.000E+00 +/- 0.00 % Gtotal(l=2) ave= 0.000E+00 +/- 0.00 % Gtotal(l=3) ave= 0.000E+00 +/- 0.00 %  % || Gg(l=0) ave= 1.006E-04 +/- 5.07 % Gg(l=1) ave= 0.000E+00 +/- 0.00 % Gg(l=2) ave= 0.000E+00 +/- 0.00 % Gg(l=3) ave= 0.000E+00 +/- 0.00 %  % || D(l=0) ave= 0.000E+00 +/- 0.00 % D(l=1) ave= 0.000E+00 +/- 0.00 % D(l=2) ave= 0.000E+00 +/- 0.00 % D(l=3) ave= 0.000E+00 +/- 0.00 %  % || S(l=0) ave= 2.779E+01 +/- 22.50 % S(l=1) ave= 0.000E+00 +/- 0.00 % S(l=2) ave= 0.000E+00 +/- 0.00 % S(l=3) ave= 0.000E+00 +/- 0.00 % 
 ... random file  240 Cap(th)  ave= 2.410E-05 b. +/- 2.82 % || Ela(th) ave= 4.271E+00 b. +/- 3.22 % || RIcap ave= 1.58E-05 b. +/- 1.84 % || Macs30 ave= 2.03E-08 b. +/- 2.82 % || Gn^0(l=0) ave= 3.704E+01 +/- 22.46 % Gn^0(l=1) ave= 0.000E+00 +/- 0.00 % Gn^0(l=2) ave= 0.000E+00 +/- 0.00 % Gn^0(l=3) ave= 0.000E+00 +/- 0.00 % || Gtotal(l=0) ave= 1.951E+04 +/- 22.57 % Gtotal(l=1) ave= 0.000E+00 +/- 0.00 % Gtotal(l=2) ave= 0.000E+00 +/- 0.00 % Gtotal(l=3) ave= 0.000E+00 +/- 0.00 %  % || Gg(l=0) ave= 1.005E-04 +/- 5.06 % Gg(l=1) ave= 0.000E+00 +/- 0.00 % Gg(l=2) ave= 0.000E+00 +/- 0.00 % Gg(l=3) ave= 0.000E+00 +/- 0.00 %  % || D(l=0) ave= 0.000E+00 +/- 0.00 % D(l=1) ave= 0.000E+00 +/- 0.00 % D(l=2) ave= 0.000E+00 +/- 0.00 % D(l=3) ave= 0.000E+00 +/- 0.00 %  % || S(l=0) ave= 2.778E+01 +/- 22.46 % S(l=1) ave= 0.000E+00 +/- 0.00 % S(l=2) ave= 0.000E+00 +/- 0.00 % S(l=3) ave= 0.000E+00 +/- 0.00 % 
 ... random file  241 Cap(th)  ave= 2.409E-05 b. +/- 2.82 % || Ela(th) ave= 4.271E+00 b. +/- 3.21 % || RIcap ave= 1.58E-05 b. +/- 1.84 % || Macs30 ave= 2.03E-08 b. +/- 2.82 % || Gn^0(l=0) ave= 3.704E+01 +/- 22.42 % Gn^0(l=1) ave= 0.000E+00 +/- 0.00 % Gn^0(l=2) ave= 0.000E+00 +/- 0.00 % Gn^0(l=3) ave= 0.000E+00 +/- 0.00 % || Gtotal(l=0) ave= 1.951E+04 +/- 22.54 % Gtotal(l=1) ave= 0.000E+00 +/- 0.00 % Gtotal(l=2) ave= 0.000E+00 +/- 0.00 % Gtotal(l=3) ave= 0.000E+00 +/- 0.00 %  % || Gg(l=0) ave= 1.005E-04 +/- 5.07 % Gg(l=1) ave= 0.000E+00 +/- 0.00 % Gg(l=2) ave= 0.000E+00 +/- 0.00 % Gg(l=3) ave= 0.000E+00 +/- 0.00 %  % || D(l=0) ave= 0.000E+00 +/- 0.00 % D(l=1) ave= 0.000E+00 +/- 0.00 % D(l=2) ave= 0.000E+00 +/- 0.00 % D(l=3) ave= 0.000E+00 +/- 0.00 %  % || S(l=0) ave= 2.778E+01 +/- 22.42 % S(l=1) ave= 0.000E+00 +/- 0.00 % S(l=2) ave= 0.000E+00 +/- 0.00 % S(l=3) ave= 0.000E+00 +/- 0.00 % 
 ... random file  242 Cap(th)  ave= 2.409E-05 b. +/- 2.81 % || Ela(th) ave= 4.271E+00 b. +/- 3.21 % || RIcap ave= 1.58E-05 b. +/- 1.84 % || Macs30 ave= 2.03E-08 b. +/- 2.81 % || Gn^0(l=0) ave= 3.703E+01 +/- 22.38 % Gn^0(l=1) ave= 0.000E+00 +/- 0.00 % Gn^0(l=2) ave= 0.000E+00 +/- 0.00 % Gn^0(l=3) ave= 0.000E+00 +/- 0.00 % || Gtotal(l=0) ave= 1.950E+04 +/- 22.50 % Gtotal(l=1) ave= 0.000E+00 +/- 0.00 % Gtotal(l=2) ave= 0.000E+00 +/- 0.00 % Gtotal(l=3) ave= 0.000E+00 +/- 0.00 %  % || Gg(l=0) ave= 1.005E-04 +/- 5.05 % Gg(l=1) ave= 0.000E+00 +/- 0.00 % Gg(l=2) ave= 0.000E+00 +/- 0.00 % Gg(l=3) ave= 0.000E+00 +/- 0.00 %  % || D(l=0) ave= 0.000E+00 +/- 0.00 % D(l=1) ave= 0.000E+00 +/- 0.00 % D(l=2) ave= 0.000E+00 +/- 0.00 % D(l=3) ave= 0.000E+00 +/- 0.00 %  % || S(l=0) ave= 2.777E+01 +/- 22.38 % S(l=1) ave= 0.000E+00 +/- 0.00 % S(l=2) ave= 0.000E+00 +/- 0.00 % S(l=3) ave= 0.000E+00 +/- 0.00 % 
 ... random file  243 Cap(th)  ave= 2.409E-05 b. +/- 2.81 % || Ela(th) ave= 4.271E+00 b. +/- 3.22 % || RIcap ave= 1.58E-05 b. +/- 1.84 % || Macs30 ave= 2.03E-08 b. +/- 2.81 % || Gn^0(l=0) ave= 3.704E+01 +/- 22.34 % Gn^0(l=1) ave= 0.000E+00 +/- 0.00 % Gn^0(l=2) ave= 0.000E+00 +/- 0.00 % Gn^0(l=3) ave= 0.000E+00 +/- 0.00 % || Gtotal(l=0) ave= 1.951E+04 +/- 22.45 % Gtotal(l=1) ave= 0.000E+00 +/- 0.00 % Gtotal(l=2) ave= 0.000E+00 +/- 0.00 % Gtotal(l=3) ave= 0.000E+00 +/- 0.00 %  % || Gg(l=0) ave= 1.005E-04 +/- 5.05 % Gg(l=1) ave= 0.000E+00 +/- 0.00 % Gg(l=2) ave= 0.000E+00 +/- 0.00 % Gg(l=3) ave= 0.000E+00 +/- 0.00 %  % || D(l=0) ave= 0.000E+00 +/- 0.00 % D(l=1) ave= 0.000E+00 +/- 0.00 % D(l=2) ave= 0.000E+00 +/- 0.00 % D(l=3) ave= 0.000E+00 +/- 0.00 %  % || S(l=0) ave= 2.778E+01 +/- 22.34 % S(l=1) ave= 0.000E+00 +/- 0.00 % S(l=2) ave= 0.000E+00 +/- 0.00 % S(l=3) ave= 0.000E+00 +/- 0.00 % 
 ... random file  244 Cap(th)  ave= 2.409E-05 b. +/- 2.81 % || Ela(th) ave= 4.271E+00 b. +/- 3.22 % || RIcap ave= 1.58E-05 b. +/- 1.83 % || Macs30 ave= 2.03E-08 b. +/- 2.81 % || Gn^0(l=0) ave= 3.700E+01 +/- 22.36 % Gn^0(l=1) ave= 0.000E+00 +/- 0.00 % Gn^0(l=2) ave= 0.000E+00 +/- 0.00 % Gn^0(l=3) ave= 0.000E+00 +/- 0.00 % || Gtotal(l=0) ave= 1.949E+04 +/- 22.47 % Gtotal(l=1) ave= 0.000E+00 +/- 0.00 % Gtotal(l=2) ave= 0.000E+00 +/- 0.00 % Gtotal(l=3) ave= 0.000E+00 +/- 0.00 %  % || Gg(l=0) ave= 1.005E-04 +/- 5.04 % Gg(l=1) ave= 0.000E+00 +/- 0.00 % Gg(l=2) ave= 0.000E+00 +/- 0.00 % Gg(l=3) ave= 0.000E+00 +/- 0.00 %  % || D(l=0) ave= 0.000E+00 +/- 0.00 % D(l=1) ave= 0.000E+00 +/- 0.00 % D(l=2) ave= 0.000E+00 +/- 0.00 % D(l=3) ave= 0.000E+00 +/- 0.00 %  % || S(l=0) ave= 2.775E+01 +/- 22.36 % S(l=1) ave= 0.000E+00 +/- 0.00 % S(l=2) ave= 0.000E+00 +/- 0.00 % S(l=3) ave= 0.000E+00 +/- 0.00 % 
 ... random file  245 Cap(th)  ave= 2.409E-05 b. +/- 2.80 % || Ela(th) ave= 4.271E+00 b. +/- 3.21 % || RIcap ave= 1.58E-05 b. +/- 1.83 % || Macs30 ave= 2.03E-08 b. +/- 2.80 % || Gn^0(l=0) ave= 3.700E+01 +/- 22.31 % Gn^0(l=1) ave= 0.000E+00 +/- 0.00 % Gn^0(l=2) ave= 0.000E+00 +/- 0.00 % Gn^0(l=3) ave= 0.000E+00 +/- 0.00 % || Gtotal(l=0) ave= 1.949E+04 +/- 22.43 % Gtotal(l=1) ave= 0.000E+00 +/- 0.00 % Gtotal(l=2) ave= 0.000E+00 +/- 0.00 % Gtotal(l=3) ave= 0.000E+00 +/- 0.00 %  % || Gg(l=0) ave= 1.006E-04 +/- 5.04 % Gg(l=1) ave= 0.000E+00 +/- 0.00 % Gg(l=2) ave= 0.000E+00 +/- 0.00 % Gg(l=3) ave= 0.000E+00 +/- 0.00 %  % || D(l=0) ave= 0.000E+00 +/- 0.00 % D(l=1) ave= 0.000E+00 +/- 0.00 % D(l=2) ave= 0.000E+00 +/- 0.00 % D(l=3) ave= 0.000E+00 +/- 0.00 %  % || S(l=0) ave= 2.775E+01 +/- 22.31 % S(l=1) ave= 0.000E+00 +/- 0.00 % S(l=2) ave= 0.000E+00 +/- 0.00 % S(l=3) ave= 0.000E+00 +/- 0.00 % 
 ... random file  246 Cap(th)  ave= 2.410E-05 b. +/- 2.81 % || Ela(th) ave= 4.271E+00 b. +/- 3.21 % || RIcap ave= 1.58E-05 b. +/- 1.84 % || Macs30 ave= 2.03E-08 b. +/- 2.81 % || Gn^0(l=0) ave= 3.699E+01 +/- 22.28 % Gn^0(l=1) ave= 0.000E+00 +/- 0.00 % Gn^0(l=2) ave= 0.000E+00 +/- 0.00 % Gn^0(l=3) ave= 0.000E+00 +/- 0.00 % || Gtotal(l=0) ave= 1.948E+04 +/- 22.39 % Gtotal(l=1) ave= 0.000E+00 +/- 0.00 % Gtotal(l=2) ave= 0.000E+00 +/- 0.00 % Gtotal(l=3) ave= 0.000E+00 +/- 0.00 %  % || Gg(l=0) ave= 1.006E-04 +/- 5.03 % Gg(l=1) ave= 0.000E+00 +/- 0.00 % Gg(l=2) ave= 0.000E+00 +/- 0.00 % Gg(l=3) ave= 0.000E+00 +/- 0.00 %  % || D(l=0) ave= 0.000E+00 +/- 0.00 % D(l=1) ave= 0.000E+00 +/- 0.00 % D(l=2) ave= 0.000E+00 +/- 0.00 % D(l=3) ave= 0.000E+00 +/- 0.00 %  % || S(l=0) ave= 2.774E+01 +/- 22.28 % S(l=1) ave= 0.000E+00 +/- 0.00 % S(l=2) ave= 0.000E+00 +/- 0.00 % S(l=3) ave= 0.000E+00 +/- 0.00 % 
 ... random file  247 Cap(th)  ave= 2.409E-05 b. +/- 2.82 % || Ela(th) ave= 4.271E+00 b. +/- 3.21 % || RIcap ave= 1.58E-05 b. +/- 1.84 % || Macs30 ave= 2.03E-08 b. +/- 2.82 % || Gn^0(l=0) ave= 3.699E+01 +/- 22.23 % Gn^0(l=1) ave= 0.000E+00 +/- 0.00 % Gn^0(l=2) ave= 0.000E+00 +/- 0.00 % Gn^0(l=3) ave= 0.000E+00 +/- 0.00 % || Gtotal(l=0) ave= 1.948E+04 +/- 22.35 % Gtotal(l=1) ave= 0.000E+00 +/- 0.00 % Gtotal(l=2) ave= 0.000E+00 +/- 0.00 % Gtotal(l=3) ave= 0.000E+00 +/- 0.00 %  % || Gg(l=0) ave= 1.005E-04 +/- 5.02 % Gg(l=1) ave= 0.000E+00 +/- 0.00 % Gg(l=2) ave= 0.000E+00 +/- 0.00 % Gg(l=3) ave= 0.000E+00 +/- 0.00 %  % || D(l=0) ave= 0.000E+00 +/- 0.00 % D(l=1) ave= 0.000E+00 +/- 0.00 % D(l=2) ave= 0.000E+00 +/- 0.00 % D(l=3) ave= 0.000E+00 +/- 0.00 %  % || S(l=0) ave= 2.774E+01 +/- 22.23 % S(l=1) ave= 0.000E+00 +/- 0.00 % S(l=2) ave= 0.000E+00 +/- 0.00 % S(l=3) ave= 0.000E+00 +/- 0.00 % 
 ... random file  248 Cap(th)  ave= 2.409E-05 b. +/- 2.81 % || Ela(th) ave= 4.271E+00 b. +/- 3.20 % || RIcap ave= 1.58E-05 b. +/- 1.84 % || Macs30 ave= 2.03E-08 b. +/- 2.81 % || Gn^0(l=0) ave= 3.714E+01 +/- 23.00 % Gn^0(l=1) ave= 0.000E+00 +/- 0.00 % Gn^0(l=2) ave= 0.000E+00 +/- 0.00 % Gn^0(l=3) ave= 0.000E+00 +/- 0.00 % || Gtotal(l=0) ave= 1.956E+04 +/- 23.13 % Gtotal(l=1) ave= 0.000E+00 +/- 0.00 % Gtotal(l=2) ave= 0.000E+00 +/- 0.00 % Gtotal(l=3) ave= 0.000E+00 +/- 0.00 %  % || Gg(l=0) ave= 1.006E-04 +/- 5.13 % Gg(l=1) ave= 0.000E+00 +/- 0.00 % Gg(l=2) ave= 0.000E+00 +/- 0.00 % Gg(l=3) ave= 0.000E+00 +/- 0.00 %  % || D(l=0) ave= 0.000E+00 +/- 0.00 % D(l=1) ave= 0.000E+00 +/- 0.00 % D(l=2) ave= 0.000E+00 +/- 0.00 % D(l=3) ave= 0.000E+00 +/- 0.00 %  % || S(l=0) ave= 2.786E+01 +/- 23.00 % S(l=1) ave= 0.000E+00 +/- 0.00 % S(l=2) ave= 0.000E+00 +/- 0.00 % S(l=3) ave= 0.000E+00 +/- 0.00 % 
 ... random file  249 Cap(th)  ave= 2.409E-05 b. +/- 2.81 % || Ela(th) ave= 4.272E+00 b. +/- 3.20 % || RIcap ave= 1.58E-05 b. +/- 1.84 % || Macs30 ave= 2.03E-08 b. +/- 2.81 % || Gn^0(l=0) ave= 3.709E+01 +/- 23.08 % Gn^0(l=1) ave= 0.000E+00 +/- 0.00 % Gn^0(l=2) ave= 0.000E+00 +/- 0.00 % Gn^0(l=3) ave= 0.000E+00 +/- 0.00 % || Gtotal(l=0) ave= 1.954E+04 +/- 23.21 % Gtotal(l=1) ave= 0.000E+00 +/- 0.00 % Gtotal(l=2) ave= 0.000E+00 +/- 0.00 % Gtotal(l=3) ave= 0.000E+00 +/- 0.00 %  % || Gg(l=0) ave= 1.006E-04 +/- 5.13 % Gg(l=1) ave= 0.000E+00 +/- 0.00 % Gg(l=2) ave= 0.000E+00 +/- 0.00 % Gg(l=3) ave= 0.000E+00 +/- 0.00 %  % || D(l=0) ave= 0.000E+00 +/- 0.00 % D(l=1) ave= 0.000E+00 +/- 0.00 % D(l=2) ave= 0.000E+00 +/- 0.00 % D(l=3) ave= 0.000E+00 +/- 0.00 %  % || S(l=0) ave= 2.782E+01 +/- 23.08 % S(l=1) ave= 0.000E+00 +/- 0.00 % S(l=2) ave= 0.000E+00 +/- 0.00 % S(l=3) ave= 0.000E+00 +/- 0.00 % 
 ... random file  250 Cap(th)  ave= 2.409E-05 b. +/- 2.81 % || Ela(th) ave= 4.271E+00 b. +/- 3.19 % || RIcap ave= 1.58E-05 b. +/- 1.83 % || Macs30 ave= 2.03E-08 b. +/- 2.81 % || Gn^0(l=0) ave= 3.714E+01 +/- 23.09 % Gn^0(l=1) ave= 0.000E+00 +/- 0.00 % Gn^0(l=2) ave= 0.000E+00 +/- 0.00 % Gn^0(l=3) ave= 0.000E+00 +/- 0.00 % || Gtotal(l=0) ave= 1.956E+04 +/- 23.21 % Gtotal(l=1) ave= 0.000E+00 +/- 0.00 % Gtotal(l=2) ave= 0.000E+00 +/- 0.00 % Gtotal(l=3) ave= 0.000E+00 +/- 0.00 %  % || Gg(l=0) ave= 1.006E-04 +/- 5.12 % Gg(l=1) ave= 0.000E+00 +/- 0.00 % Gg(l=2) ave= 0.000E+00 +/- 0.00 % Gg(l=3) ave= 0.000E+00 +/- 0.00 %  % || D(l=0) ave= 0.000E+00 +/- 0.00 % D(l=1) ave= 0.000E+00 +/- 0.00 % D(l=2) ave= 0.000E+00 +/- 0.00 % D(l=3) ave= 0.000E+00 +/- 0.00 %  % || S(l=0) ave= 2.785E+01 +/- 23.09 % S(l=1) ave= 0.000E+00 +/- 0.00 % S(l=2) ave= 0.000E+00 +/- 0.00 % S(l=3) ave= 0.000E+00 +/- 0.00 % 
 ... random file  251 Cap(th)  ave= 2.409E-05 b. +/- 2.80 % || Ela(th) ave= 4.271E+00 b. +/- 3.19 % || RIcap ave= 1.58E-05 b. +/- 1.83 % || Macs30 ave= 2.03E-08 b. +/- 2.80 % || Gn^0(l=0) ave= 3.716E+01 +/- 23.05 % Gn^0(l=1) ave= 0.000E+00 +/- 0.00 % Gn^0(l=2) ave= 0.000E+00 +/- 0.00 % Gn^0(l=3) ave= 0.000E+00 +/- 0.00 % || Gtotal(l=0) ave= 1.957E+04 +/- 23.17 % Gtotal(l=1) ave= 0.000E+00 +/- 0.00 % Gtotal(l=2) ave= 0.000E+00 +/- 0.00 % Gtotal(l=3) ave= 0.000E+00 +/- 0.00 %  % || Gg(l=0) ave= 1.006E-04 +/- 5.11 % Gg(l=1) ave= 0.000E+00 +/- 0.00 % Gg(l=2) ave= 0.000E+00 +/- 0.00 % Gg(l=3) ave= 0.000E+00 +/- 0.00 %  % || D(l=0) ave= 0.000E+00 +/- 0.00 % D(l=1) ave= 0.000E+00 +/- 0.00 % D(l=2) ave= 0.000E+00 +/- 0.00 % D(l=3) ave= 0.000E+00 +/- 0.00 %  % || S(l=0) ave= 2.787E+01 +/- 23.05 % S(l=1) ave= 0.000E+00 +/- 0.00 % S(l=2) ave= 0.000E+00 +/- 0.00 % S(l=3) ave= 0.000E+00 +/- 0.00 % 
 ... random file  252 Cap(th)  ave= 2.409E-05 b. +/- 2.80 % || Ela(th) ave= 4.271E+00 b. +/- 3.18 % || RIcap ave= 1.58E-05 b. +/- 1.83 % || Macs30 ave= 2.03E-08 b. +/- 2.80 % || Gn^0(l=0) ave= 3.720E+01 +/- 23.03 % Gn^0(l=1) ave= 0.000E+00 +/- 0.00 % Gn^0(l=2) ave= 0.000E+00 +/- 0.00 % Gn^0(l=3) ave= 0.000E+00 +/- 0.00 % || Gtotal(l=0) ave= 1.959E+04 +/- 23.15 % Gtotal(l=1) ave= 0.000E+00 +/- 0.00 % Gtotal(l=2) ave= 0.000E+00 +/- 0.00 % Gtotal(l=3) ave= 0.000E+00 +/- 0.00 %  % || Gg(l=0) ave= 1.006E-04 +/- 5.13 % Gg(l=1) ave= 0.000E+00 +/- 0.00 % Gg(l=2) ave= 0.000E+00 +/- 0.00 % Gg(l=3) ave= 0.000E+00 +/- 0.00 %  % || D(l=0) ave= 0.000E+00 +/- 0.00 % D(l=1) ave= 0.000E+00 +/- 0.00 % D(l=2) ave= 0.000E+00 +/- 0.00 % D(l=3) ave= 0.000E+00 +/- 0.00 %  % || S(l=0) ave= 2.790E+01 +/- 23.03 % S(l=1) ave= 0.000E+00 +/- 0.00 % S(l=2) ave= 0.000E+00 +/- 0.00 % S(l=3) ave= 0.000E+00 +/- 0.00 % 
 ... random file  253 Cap(th)  ave= 2.408E-05 b. +/- 2.80 % || Ela(th) ave= 4.272E+00 b. +/- 3.18 % || RIcap ave= 1.58E-05 b. +/- 1.83 % || Macs30 ave= 2.03E-08 b. +/- 2.80 % || Gn^0(l=0) ave= 3.714E+01 +/- 23.15 % Gn^0(l=1) ave= 0.000E+00 +/- 0.00 % Gn^0(l=2) ave= 0.000E+00 +/- 0.00 % Gn^0(l=3) ave= 0.000E+00 +/- 0.00 % || Gtotal(l=0) ave= 1.956E+04 +/- 23.26 % Gtotal(l=1) ave= 0.000E+00 +/- 0.00 % Gtotal(l=2) ave= 0.000E+00 +/- 0.00 % Gtotal(l=3) ave= 0.000E+00 +/- 0.00 %  % || Gg(l=0) ave= 1.006E-04 +/- 5.12 % Gg(l=1) ave= 0.000E+00 +/- 0.00 % Gg(l=2) ave= 0.000E+00 +/- 0.00 % Gg(l=3) ave= 0.000E+00 +/- 0.00 %  % || D(l=0) ave= 0.000E+00 +/- 0.00 % D(l=1) ave= 0.000E+00 +/- 0.00 % D(l=2) ave= 0.000E+00 +/- 0.00 % D(l=3) ave= 0.000E+00 +/- 0.00 %  % || S(l=0) ave= 2.785E+01 +/- 23.15 % S(l=1) ave= 0.000E+00 +/- 0.00 % S(l=2) ave= 0.000E+00 +/- 0.00 % S(l=3) ave= 0.000E+00 +/- 0.00 % 
 ... random file  254 Cap(th)  ave= 2.409E-05 b. +/- 2.80 % || Ela(th) ave= 4.272E+00 b. +/- 3.17 % || RIcap ave= 1.58E-05 b. +/- 1.83 % || Macs30 ave= 2.03E-08 b. +/- 2.80 % || Gn^0(l=0) ave= 3.719E+01 +/- 23.18 % Gn^0(l=1) ave= 0.000E+00 +/- 0.00 % Gn^0(l=2) ave= 0.000E+00 +/- 0.00 % Gn^0(l=3) ave= 0.000E+00 +/- 0.00 % || Gtotal(l=0) ave= 1.959E+04 +/- 23.29 % Gtotal(l=1) ave= 0.000E+00 +/- 0.00 % Gtotal(l=2) ave= 0.000E+00 +/- 0.00 % Gtotal(l=3) ave= 0.000E+00 +/- 0.00 %  % || Gg(l=0) ave= 1.006E-04 +/- 5.12 % Gg(l=1) ave= 0.000E+00 +/- 0.00 % Gg(l=2) ave= 0.000E+00 +/- 0.00 % Gg(l=3) ave= 0.000E+00 +/- 0.00 %  % || D(l=0) ave= 0.000E+00 +/- 0.00 % D(l=1) ave= 0.000E+00 +/- 0.00 % D(l=2) ave= 0.000E+00 +/- 0.00 % D(l=3) ave= 0.000E+00 +/- 0.00 %  % || S(l=0) ave= 2.789E+01 +/- 23.18 % S(l=1) ave= 0.000E+00 +/- 0.00 % S(l=2) ave= 0.000E+00 +/- 0.00 % S(l=3) ave= 0.000E+00 +/- 0.00 % 
 ... random file  255 Cap(th)  ave= 2.408E-05 b. +/- 2.80 % || Ela(th) ave= 4.272E+00 b. +/- 3.17 % || RIcap ave= 1.58E-05 b. +/- 1.83 % || Macs30 ave= 2.03E-08 b. +/- 2.80 % || Gn^0(l=0) ave= 3.716E+01 +/- 23.19 % Gn^0(l=1) ave= 0.000E+00 +/- 0.00 % Gn^0(l=2) ave= 0.000E+00 +/- 0.00 % Gn^0(l=3) ave= 0.000E+00 +/- 0.00 % || Gtotal(l=0) ave= 1.957E+04 +/- 23.31 % Gtotal(l=1) ave= 0.000E+00 +/- 0.00 % Gtotal(l=2) ave= 0.000E+00 +/- 0.00 % Gtotal(l=3) ave= 0.000E+00 +/- 0.00 %  % || Gg(l=0) ave= 1.006E-04 +/- 5.12 % Gg(l=1) ave= 0.000E+00 +/- 0.00 % Gg(l=2) ave= 0.000E+00 +/- 0.00 % Gg(l=3) ave= 0.000E+00 +/- 0.00 %  % || D(l=0) ave= 0.000E+00 +/- 0.00 % D(l=1) ave= 0.000E+00 +/- 0.00 % D(l=2) ave= 0.000E+00 +/- 0.00 % D(l=3) ave= 0.000E+00 +/- 0.00 %  % || S(l=0) ave= 2.787E+01 +/- 23.19 % S(l=1) ave= 0.000E+00 +/- 0.00 % S(l=2) ave= 0.000E+00 +/- 0.00 % S(l=3) ave= 0.000E+00 +/- 0.00 % 
 ... random file  256 Cap(th)  ave= 2.409E-05 b. +/- 2.80 % || Ela(th) ave= 4.272E+00 b. +/- 3.16 % || RIcap ave= 1.58E-05 b. +/- 1.83 % || Macs30 ave= 2.03E-08 b. +/- 2.80 % || Gn^0(l=0) ave= 3.719E+01 +/- 23.16 % Gn^0(l=1) ave= 0.000E+00 +/- 0.00 % Gn^0(l=2) ave= 0.000E+00 +/- 0.00 % Gn^0(l=3) ave= 0.000E+00 +/- 0.00 % || Gtotal(l=0) ave= 1.959E+04 +/- 23.28 % Gtotal(l=1) ave= 0.000E+00 +/- 0.00 % Gtotal(l=2) ave= 0.000E+00 +/- 0.00 % Gtotal(l=3) ave= 0.000E+00 +/- 0.00 %  % || Gg(l=0) ave= 1.007E-04 +/- 5.11 % Gg(l=1) ave= 0.000E+00 +/- 0.00 % Gg(l=2) ave= 0.000E+00 +/- 0.00 % Gg(l=3) ave= 0.000E+00 +/- 0.00 %  % || D(l=0) ave= 0.000E+00 +/- 0.00 % D(l=1) ave= 0.000E+00 +/- 0.00 % D(l=2) ave= 0.000E+00 +/- 0.00 % D(l=3) ave= 0.000E+00 +/- 0.00 %  % || S(l=0) ave= 2.789E+01 +/- 23.16 % S(l=1) ave= 0.000E+00 +/- 0.00 % S(l=2) ave= 0.000E+00 +/- 0.00 % S(l=3) ave= 0.000E+00 +/- 0.00 % 
 ... random file  257 Cap(th)  ave= 2.409E-05 b. +/- 2.79 % || Ela(th) ave= 4.273E+00 b. +/- 3.17 % || RIcap ave= 1.58E-05 b. +/- 1.83 % || Macs30 ave= 2.03E-08 b. +/- 2.79 % || Gn^0(l=0) ave= 3.721E+01 +/- 23.12 % Gn^0(l=1) ave= 0.000E+00 +/- 0.00 % Gn^0(l=2) ave= 0.000E+00 +/- 0.00 % Gn^0(l=3) ave= 0.000E+00 +/- 0.00 % || Gtotal(l=0) ave= 1.960E+04 +/- 23.24 % Gtotal(l=1) ave= 0.000E+00 +/- 0.00 % Gtotal(l=2) ave= 0.000E+00 +/- 0.00 % Gtotal(l=3) ave= 0.000E+00 +/- 0.00 %  % || Gg(l=0) ave= 1.006E-04 +/- 5.14 % Gg(l=1) ave= 0.000E+00 +/- 0.00 % Gg(l=2) ave= 0.000E+00 +/- 0.00 % Gg(l=3) ave= 0.000E+00 +/- 0.00 %  % || D(l=0) ave= 0.000E+00 +/- 0.00 % D(l=1) ave= 0.000E+00 +/- 0.00 % D(l=2) ave= 0.000E+00 +/- 0.00 % D(l=3) ave= 0.000E+00 +/- 0.00 %  % || S(l=0) ave= 2.790E+01 +/- 23.12 % S(l=1) ave= 0.000E+00 +/- 0.00 % S(l=2) ave= 0.000E+00 +/- 0.00 % S(l=3) ave= 0.000E+00 +/- 0.00 % 
 ... random file  258 Cap(th)  ave= 2.409E-05 b. +/- 2.79 % || Ela(th) ave= 4.273E+00 b. +/- 3.17 % || RIcap ave= 1.58E-05 b. +/- 1.82 % || Macs30 ave= 2.03E-08 b. +/- 2.79 % || Gn^0(l=0) ave= 3.722E+01 +/- 23.07 % Gn^0(l=1) ave= 0.000E+00 +/- 0.00 % Gn^0(l=2) ave= 0.000E+00 +/- 0.00 % Gn^0(l=3) ave= 0.000E+00 +/- 0.00 % || Gtotal(l=0) ave= 1.961E+04 +/- 23.19 % Gtotal(l=1) ave= 0.000E+00 +/- 0.00 % Gtotal(l=2) ave= 0.000E+00 +/- 0.00 % Gtotal(l=3) ave= 0.000E+00 +/- 0.00 %  % || Gg(l=0) ave= 1.006E-04 +/- 5.14 % Gg(l=1) ave= 0.000E+00 +/- 0.00 % Gg(l=2) ave= 0.000E+00 +/- 0.00 % Gg(l=3) ave= 0.000E+00 +/- 0.00 %  % || D(l=0) ave= 0.000E+00 +/- 0.00 % D(l=1) ave= 0.000E+00 +/- 0.00 % D(l=2) ave= 0.000E+00 +/- 0.00 % D(l=3) ave= 0.000E+00 +/- 0.00 %  % || S(l=0) ave= 2.791E+01 +/- 23.07 % S(l=1) ave= 0.000E+00 +/- 0.00 % S(l=2) ave= 0.000E+00 +/- 0.00 % S(l=3) ave= 0.000E+00 +/- 0.00 % 
 ... random file  259 Cap(th)  ave= 2.409E-05 b. +/- 2.80 % || Ela(th) ave= 4.272E+00 b. +/- 3.16 % || RIcap ave= 1.58E-05 b. +/- 1.83 % || Macs30 ave= 2.03E-08 b. +/- 2.80 % || Gn^0(l=0) ave= 3.723E+01 +/- 23.03 % Gn^0(l=1) ave= 0.000E+00 +/- 0.00 % Gn^0(l=2) ave= 0.000E+00 +/- 0.00 % Gn^0(l=3) ave= 0.000E+00 +/- 0.00 % || Gtotal(l=0) ave= 1.962E+04 +/- 23.15 % Gtotal(l=1) ave= 0.000E+00 +/- 0.00 % Gtotal(l=2) ave= 0.000E+00 +/- 0.00 % Gtotal(l=3) ave= 0.000E+00 +/- 0.00 %  % || Gg(l=0) ave= 1.006E-04 +/- 5.13 % Gg(l=1) ave= 0.000E+00 +/- 0.00 % Gg(l=2) ave= 0.000E+00 +/- 0.00 % Gg(l=3) ave= 0.000E+00 +/- 0.00 %  % || D(l=0) ave= 0.000E+00 +/- 0.00 % D(l=1) ave= 0.000E+00 +/- 0.00 % D(l=2) ave= 0.000E+00 +/- 0.00 % D(l=3) ave= 0.000E+00 +/- 0.00 %  % || S(l=0) ave= 2.793E+01 +/- 23.03 % S(l=1) ave= 0.000E+00 +/- 0.00 % S(l=2) ave= 0.000E+00 +/- 0.00 % S(l=3) ave= 0.000E+00 +/- 0.00 % 
 ... random file  260 Cap(th)  ave= 2.409E-05 b. +/- 2.79 % || Ela(th) ave= 4.273E+00 b. +/- 3.17 % || RIcap ave= 1.58E-05 b. +/- 1.83 % || Macs30 ave= 2.03E-08 b. +/- 2.79 % || Gn^0(l=0) ave= 3.723E+01 +/- 22.99 % Gn^0(l=1) ave= 0.000E+00 +/- 0.00 % Gn^0(l=2) ave= 0.000E+00 +/- 0.00 % Gn^0(l=3) ave= 0.000E+00 +/- 0.00 % || Gtotal(l=0) ave= 1.961E+04 +/- 23.11 % Gtotal(l=1) ave= 0.000E+00 +/- 0.00 % Gtotal(l=2) ave= 0.000E+00 +/- 0.00 % Gtotal(l=3) ave= 0.000E+00 +/- 0.00 %  % || Gg(l=0) ave= 1.006E-04 +/- 5.14 % Gg(l=1) ave= 0.000E+00 +/- 0.00 % Gg(l=2) ave= 0.000E+00 +/- 0.00 % Gg(l=3) ave= 0.000E+00 +/- 0.00 %  % || D(l=0) ave= 0.000E+00 +/- 0.00 % D(l=1) ave= 0.000E+00 +/- 0.00 % D(l=2) ave= 0.000E+00 +/- 0.00 % D(l=3) ave= 0.000E+00 +/- 0.00 %  % || S(l=0) ave= 2.792E+01 +/- 22.99 % S(l=1) ave= 0.000E+00 +/- 0.00 % S(l=2) ave= 0.000E+00 +/- 0.00 % S(l=3) ave= 0.000E+00 +/- 0.00 % 
 ... random file  261 Cap(th)  ave= 2.409E-05 b. +/- 2.79 % || Ela(th) ave= 4.273E+00 b. +/- 3.16 % || RIcap ave= 1.58E-05 b. +/- 1.83 % || Macs30 ave= 2.03E-08 b. +/- 2.79 % || Gn^0(l=0) ave= 3.721E+01 +/- 22.97 % Gn^0(l=1) ave= 0.000E+00 +/- 0.00 % Gn^0(l=2) ave= 0.000E+00 +/- 0.00 % Gn^0(l=3) ave= 0.000E+00 +/- 0.00 % || Gtotal(l=0) ave= 1.961E+04 +/- 23.08 % Gtotal(l=1) ave= 0.000E+00 +/- 0.00 % Gtotal(l=2) ave= 0.000E+00 +/- 0.00 % Gtotal(l=3) ave= 0.000E+00 +/- 0.00 %  % || Gg(l=0) ave= 1.006E-04 +/- 5.13 % Gg(l=1) ave= 0.000E+00 +/- 0.00 % Gg(l=2) ave= 0.000E+00 +/- 0.00 % Gg(l=3) ave= 0.000E+00 +/- 0.00 %  % || D(l=0) ave= 0.000E+00 +/- 0.00 % D(l=1) ave= 0.000E+00 +/- 0.00 % D(l=2) ave= 0.000E+00 +/- 0.00 % D(l=3) ave= 0.000E+00 +/- 0.00 %  % || S(l=0) ave= 2.791E+01 +/- 22.97 % S(l=1) ave= 0.000E+00 +/- 0.00 % S(l=2) ave= 0.000E+00 +/- 0.00 % S(l=3) ave= 0.000E+00 +/- 0.00 % 
 ... random file  262 Cap(th)  ave= 2.409E-05 b. +/- 2.79 % || Ela(th) ave= 4.273E+00 b. +/- 3.16 % || RIcap ave= 1.58E-05 b. +/- 1.82 % || Macs30 ave= 2.03E-08 b. +/- 2.79 % || Gn^0(l=0) ave= 3.724E+01 +/- 22.94 % Gn^0(l=1) ave= 0.000E+00 +/- 0.00 % Gn^0(l=2) ave= 0.000E+00 +/- 0.00 % Gn^0(l=3) ave= 0.000E+00 +/- 0.00 % || Gtotal(l=0) ave= 1.962E+04 +/- 23.05 % Gtotal(l=1) ave= 0.000E+00 +/- 0.00 % Gtotal(l=2) ave= 0.000E+00 +/- 0.00 % Gtotal(l=3) ave= 0.000E+00 +/- 0.00 %  % || Gg(l=0) ave= 1.006E-04 +/- 5.13 % Gg(l=1) ave= 0.000E+00 +/- 0.00 % Gg(l=2) ave= 0.000E+00 +/- 0.00 % Gg(l=3) ave= 0.000E+00 +/- 0.00 %  % || D(l=0) ave= 0.000E+00 +/- 0.00 % D(l=1) ave= 0.000E+00 +/- 0.00 % D(l=2) ave= 0.000E+00 +/- 0.00 % D(l=3) ave= 0.000E+00 +/- 0.00 %  % || S(l=0) ave= 2.793E+01 +/- 22.94 % S(l=1) ave= 0.000E+00 +/- 0.00 % S(l=2) ave= 0.000E+00 +/- 0.00 % S(l=3) ave= 0.000E+00 +/- 0.00 % 
 ... random file  263 Cap(th)  ave= 2.409E-05 b. +/- 2.79 % || Ela(th) ave= 4.274E+00 b. +/- 3.15 % || RIcap ave= 1.58E-05 b. +/- 1.82 % || Macs30 ave= 2.03E-08 b. +/- 2.79 % || Gn^0(l=0) ave= 3.720E+01 +/- 22.97 % Gn^0(l=1) ave= 0.000E+00 +/- 0.00 % Gn^0(l=2) ave= 0.000E+00 +/- 0.00 % Gn^0(l=3) ave= 0.000E+00 +/- 0.00 % || Gtotal(l=0) ave= 1.960E+04 +/- 23.08 % Gtotal(l=1) ave= 0.000E+00 +/- 0.00 % Gtotal(l=2) ave= 0.000E+00 +/- 0.00 % Gtotal(l=3) ave= 0.000E+00 +/- 0.00 %  % || Gg(l=0) ave= 1.006E-04 +/- 5.13 % Gg(l=1) ave= 0.000E+00 +/- 0.00 % Gg(l=2) ave= 0.000E+00 +/- 0.00 % Gg(l=3) ave= 0.000E+00 +/- 0.00 %  % || D(l=0) ave= 0.000E+00 +/- 0.00 % D(l=1) ave= 0.000E+00 +/- 0.00 % D(l=2) ave= 0.000E+00 +/- 0.00 % D(l=3) ave= 0.000E+00 +/- 0.00 %  % || S(l=0) ave= 2.790E+01 +/- 22.97 % S(l=1) ave= 0.000E+00 +/- 0.00 % S(l=2) ave= 0.000E+00 +/- 0.00 % S(l=3) ave= 0.000E+00 +/- 0.00 % 
 ... random file  264 Cap(th)  ave= 2.409E-05 b. +/- 2.78 % || Ela(th) ave= 4.274E+00 b. +/- 3.15 % || RIcap ave= 1.58E-05 b. +/- 1.82 % || Macs30 ave= 2.03E-08 b. +/- 2.78 % || Gn^0(l=0) ave= 3.730E+01 +/- 23.31 % Gn^0(l=1) ave= 0.000E+00 +/- 0.00 % Gn^0(l=2) ave= 0.000E+00 +/- 0.00 % Gn^0(l=3) ave= 0.000E+00 +/- 0.00 % || Gtotal(l=0) ave= 1.965E+04 +/- 23.42 % Gtotal(l=1) ave= 0.000E+00 +/- 0.00 % Gtotal(l=2) ave= 0.000E+00 +/- 0.00 % Gtotal(l=3) ave= 0.000E+00 +/- 0.00 %  % || Gg(l=0) ave= 1.005E-04 +/- 5.14 % Gg(l=1) ave= 0.000E+00 +/- 0.00 % Gg(l=2) ave= 0.000E+00 +/- 0.00 % Gg(l=3) ave= 0.000E+00 +/- 0.00 %  % || D(l=0) ave= 0.000E+00 +/- 0.00 % D(l=1) ave= 0.000E+00 +/- 0.00 % D(l=2) ave= 0.000E+00 +/- 0.00 % D(l=3) ave= 0.000E+00 +/- 0.00 %  % || S(l=0) ave= 2.798E+01 +/- 23.31 % S(l=1) ave= 0.000E+00 +/- 0.00 % S(l=2) ave= 0.000E+00 +/- 0.00 % S(l=3) ave= 0.000E+00 +/- 0.00 % 
 ... random file  265 Cap(th)  ave= 2.409E-05 b. +/- 2.78 % || Ela(th) ave= 4.274E+00 b. +/- 3.14 % || RIcap ave= 1.58E-05 b. +/- 1.82 % || Macs30 ave= 2.03E-08 b. +/- 2.78 % || Gn^0(l=0) ave= 3.727E+01 +/- 23.32 % Gn^0(l=1) ave= 0.000E+00 +/- 0.00 % Gn^0(l=2) ave= 0.000E+00 +/- 0.00 % Gn^0(l=3) ave= 0.000E+00 +/- 0.00 % || Gtotal(l=0) ave= 1.964E+04 +/- 23.42 % Gtotal(l=1) ave= 0.000E+00 +/- 0.00 % Gtotal(l=2) ave= 0.000E+00 +/- 0.00 % Gtotal(l=3) ave= 0.000E+00 +/- 0.00 %  % || Gg(l=0) ave= 1.005E-04 +/- 5.16 % Gg(l=1) ave= 0.000E+00 +/- 0.00 % Gg(l=2) ave= 0.000E+00 +/- 0.00 % Gg(l=3) ave= 0.000E+00 +/- 0.00 %  % || D(l=0) ave= 0.000E+00 +/- 0.00 % D(l=1) ave= 0.000E+00 +/- 0.00 % D(l=2) ave= 0.000E+00 +/- 0.00 % D(l=3) ave= 0.000E+00 +/- 0.00 %  % || S(l=0) ave= 2.796E+01 +/- 23.32 % S(l=1) ave= 0.000E+00 +/- 0.00 % S(l=2) ave= 0.000E+00 +/- 0.00 % S(l=3) ave= 0.000E+00 +/- 0.00 % 
 ... random file  266 Cap(th)  ave= 2.409E-05 b. +/- 2.77 % || Ela(th) ave= 4.274E+00 b. +/- 3.14 % || RIcap ave= 1.58E-05 b. +/- 1.81 % || Macs30 ave= 2.03E-08 b. +/- 2.77 % || Gn^0(l=0) ave= 3.724E+01 +/- 23.34 % Gn^0(l=1) ave= 0.000E+00 +/- 0.00 % Gn^0(l=2) ave= 0.000E+00 +/- 0.00 % Gn^0(l=3) ave= 0.000E+00 +/- 0.00 % || Gtotal(l=0) ave= 1.962E+04 +/- 23.44 % Gtotal(l=1) ave= 0.000E+00 +/- 0.00 % Gtotal(l=2) ave= 0.000E+00 +/- 0.00 % Gtotal(l=3) ave= 0.000E+00 +/- 0.00 %  % || Gg(l=0) ave= 1.005E-04 +/- 5.15 % Gg(l=1) ave= 0.000E+00 +/- 0.00 % Gg(l=2) ave= 0.000E+00 +/- 0.00 % Gg(l=3) ave= 0.000E+00 +/- 0.00 %  % || D(l=0) ave= 0.000E+00 +/- 0.00 % D(l=1) ave= 0.000E+00 +/- 0.00 % D(l=2) ave= 0.000E+00 +/- 0.00 % D(l=3) ave= 0.000E+00 +/- 0.00 %  % || S(l=0) ave= 2.793E+01 +/- 23.34 % S(l=1) ave= 0.000E+00 +/- 0.00 % S(l=2) ave= 0.000E+00 +/- 0.00 % S(l=3) ave= 0.000E+00 +/- 0.00 % 
 ... random file  267 Cap(th)  ave= 2.409E-05 b. +/- 2.77 % || Ela(th) ave= 4.274E+00 b. +/- 3.13 % || RIcap ave= 1.58E-05 b. +/- 1.81 % || Macs30 ave= 2.03E-08 b. +/- 2.77 % || Gn^0(l=0) ave= 3.720E+01 +/- 23.38 % Gn^0(l=1) ave= 0.000E+00 +/- 0.00 % Gn^0(l=2) ave= 0.000E+00 +/- 0.00 % Gn^0(l=3) ave= 0.000E+00 +/- 0.00 % || Gtotal(l=0) ave= 1.960E+04 +/- 23.48 % Gtotal(l=1) ave= 0.000E+00 +/- 0.00 % Gtotal(l=2) ave= 0.000E+00 +/- 0.00 % Gtotal(l=3) ave= 0.000E+00 +/- 0.00 %  % || Gg(l=0) ave= 1.005E-04 +/- 5.15 % Gg(l=1) ave= 0.000E+00 +/- 0.00 % Gg(l=2) ave= 0.000E+00 +/- 0.00 % Gg(l=3) ave= 0.000E+00 +/- 0.00 %  % || D(l=0) ave= 0.000E+00 +/- 0.00 % D(l=1) ave= 0.000E+00 +/- 0.00 % D(l=2) ave= 0.000E+00 +/- 0.00 % D(l=3) ave= 0.000E+00 +/- 0.00 %  % || S(l=0) ave= 2.790E+01 +/- 23.38 % S(l=1) ave= 0.000E+00 +/- 0.00 % S(l=2) ave= 0.000E+00 +/- 0.00 % S(l=3) ave= 0.000E+00 +/- 0.00 % 
 ... random file  268 Cap(th)  ave= 2.408E-05 b. +/- 2.79 % || Ela(th) ave= 4.274E+00 b. +/- 3.13 % || RIcap ave= 1.58E-05 b. +/- 1.82 % || Macs30 ave= 2.03E-08 b. +/- 2.79 % || Gn^0(l=0) ave= 3.719E+01 +/- 23.34 % Gn^0(l=1) ave= 0.000E+00 +/- 0.00 % Gn^0(l=2) ave= 0.000E+00 +/- 0.00 % Gn^0(l=3) ave= 0.000E+00 +/- 0.00 % || Gtotal(l=0) ave= 1.960E+04 +/- 23.44 % Gtotal(l=1) ave= 0.000E+00 +/- 0.00 % Gtotal(l=2) ave= 0.000E+00 +/- 0.00 % Gtotal(l=3) ave= 0.000E+00 +/- 0.00 %  % || Gg(l=0) ave= 1.005E-04 +/- 5.14 % Gg(l=1) ave= 0.000E+00 +/- 0.00 % Gg(l=2) ave= 0.000E+00 +/- 0.00 % Gg(l=3) ave= 0.000E+00 +/- 0.00 %  % || D(l=0) ave= 0.000E+00 +/- 0.00 % D(l=1) ave= 0.000E+00 +/- 0.00 % D(l=2) ave= 0.000E+00 +/- 0.00 % D(l=3) ave= 0.000E+00 +/- 0.00 %  % || S(l=0) ave= 2.790E+01 +/- 23.34 % S(l=1) ave= 0.000E+00 +/- 0.00 % S(l=2) ave= 0.000E+00 +/- 0.00 % S(l=3) ave= 0.000E+00 +/- 0.00 % 
 ... random file  269 Cap(th)  ave= 2.408E-05 b. +/- 2.78 % || Ela(th) ave= 4.275E+00 b. +/- 3.13 % || RIcap ave= 1.58E-05 b. +/- 1.82 % || Macs30 ave= 2.03E-08 b. +/- 2.78 % || Gn^0(l=0) ave= 3.716E+01 +/- 23.37 % Gn^0(l=1) ave= 0.000E+00 +/- 0.00 % Gn^0(l=2) ave= 0.000E+00 +/- 0.00 % Gn^0(l=3) ave= 0.000E+00 +/- 0.00 % || Gtotal(l=0) ave= 1.958E+04 +/- 23.46 % Gtotal(l=1) ave= 0.000E+00 +/- 0.00 % Gtotal(l=2) ave= 0.000E+00 +/- 0.00 % Gtotal(l=3) ave= 0.000E+00 +/- 0.00 %  % || Gg(l=0) ave= 1.005E-04 +/- 5.13 % Gg(l=1) ave= 0.000E+00 +/- 0.00 % Gg(l=2) ave= 0.000E+00 +/- 0.00 % Gg(l=3) ave= 0.000E+00 +/- 0.00 %  % || D(l=0) ave= 0.000E+00 +/- 0.00 % D(l=1) ave= 0.000E+00 +/- 0.00 % D(l=2) ave= 0.000E+00 +/- 0.00 % D(l=3) ave= 0.000E+00 +/- 0.00 %  % || S(l=0) ave= 2.787E+01 +/- 23.37 % S(l=1) ave= 0.000E+00 +/- 0.00 % S(l=2) ave= 0.000E+00 +/- 0.00 % S(l=3) ave= 0.000E+00 +/- 0.00 % 
 ... random file  270 Cap(th)  ave= 2.408E-05 b. +/- 2.78 % || Ela(th) ave= 4.275E+00 b. +/- 3.13 % || RIcap ave= 1.58E-05 b. +/- 1.82 % || Macs30 ave= 2.03E-08 b. +/- 2.78 % || Gn^0(l=0) ave= 3.717E+01 +/- 23.32 % Gn^0(l=1) ave= 0.000E+00 +/- 0.00 % Gn^0(l=2) ave= 0.000E+00 +/- 0.00 % Gn^0(l=3) ave= 0.000E+00 +/- 0.00 % || Gtotal(l=0) ave= 1.959E+04 +/- 23.42 % Gtotal(l=1) ave= 0.000E+00 +/- 0.00 % Gtotal(l=2) ave= 0.000E+00 +/- 0.00 % Gtotal(l=3) ave= 0.000E+00 +/- 0.00 %  % || Gg(l=0) ave= 1.005E-04 +/- 5.14 % Gg(l=1) ave= 0.000E+00 +/- 0.00 % Gg(l=2) ave= 0.000E+00 +/- 0.00 % Gg(l=3) ave= 0.000E+00 +/- 0.00 %  % || D(l=0) ave= 0.000E+00 +/- 0.00 % D(l=1) ave= 0.000E+00 +/- 0.00 % D(l=2) ave= 0.000E+00 +/- 0.00 % D(l=3) ave= 0.000E+00 +/- 0.00 %  % || S(l=0) ave= 2.788E+01 +/- 23.32 % S(l=1) ave= 0.000E+00 +/- 0.00 % S(l=2) ave= 0.000E+00 +/- 0.00 % S(l=3) ave= 0.000E+00 +/- 0.00 % 
 ... random file  271 Cap(th)  ave= 2.408E-05 b. +/- 2.78 % || Ela(th) ave= 4.275E+00 b. +/- 3.12 % || RIcap ave= 1.58E-05 b. +/- 1.82 % || Macs30 ave= 2.03E-08 b. +/- 2.78 % || Gn^0(l=0) ave= 3.710E+01 +/- 23.57 % Gn^0(l=1) ave= 0.000E+00 +/- 0.00 % Gn^0(l=2) ave= 0.000E+00 +/- 0.00 % Gn^0(l=3) ave= 0.000E+00 +/- 0.00 % || Gtotal(l=0) ave= 1.955E+04 +/- 23.66 % Gtotal(l=1) ave= 0.000E+00 +/- 0.00 % Gtotal(l=2) ave= 0.000E+00 +/- 0.00 % Gtotal(l=3) ave= 0.000E+00 +/- 0.00 %  % || Gg(l=0) ave= 1.005E-04 +/- 5.15 % Gg(l=1) ave= 0.000E+00 +/- 0.00 % Gg(l=2) ave= 0.000E+00 +/- 0.00 % Gg(l=3) ave= 0.000E+00 +/- 0.00 %  % || D(l=0) ave= 0.000E+00 +/- 0.00 % D(l=1) ave= 0.000E+00 +/- 0.00 % D(l=2) ave= 0.000E+00 +/- 0.00 % D(l=3) ave= 0.000E+00 +/- 0.00 %  % || S(l=0) ave= 2.782E+01 +/- 23.57 % S(l=1) ave= 0.000E+00 +/- 0.00 % S(l=2) ave= 0.000E+00 +/- 0.00 % S(l=3) ave= 0.000E+00 +/- 0.00 % 
 ... random file  272 Cap(th)  ave= 2.408E-05 b. +/- 2.79 % || Ela(th) ave= 4.275E+00 b. +/- 3.12 % || RIcap ave= 1.58E-05 b. +/- 1.82 % || Macs30 ave= 2.03E-08 b. +/- 2.79 % || Gn^0(l=0) ave= 3.710E+01 +/- 23.53 % Gn^0(l=1) ave= 0.000E+00 +/- 0.00 % Gn^0(l=2) ave= 0.000E+00 +/- 0.00 % Gn^0(l=3) ave= 0.000E+00 +/- 0.00 % || Gtotal(l=0) ave= 1.955E+04 +/- 23.62 % Gtotal(l=1) ave= 0.000E+00 +/- 0.00 % Gtotal(l=2) ave= 0.000E+00 +/- 0.00 % Gtotal(l=3) ave= 0.000E+00 +/- 0.00 %  % || Gg(l=0) ave= 1.005E-04 +/- 5.15 % Gg(l=1) ave= 0.000E+00 +/- 0.00 % Gg(l=2) ave= 0.000E+00 +/- 0.00 % Gg(l=3) ave= 0.000E+00 +/- 0.00 %  % || D(l=0) ave= 0.000E+00 +/- 0.00 % D(l=1) ave= 0.000E+00 +/- 0.00 % D(l=2) ave= 0.000E+00 +/- 0.00 % D(l=3) ave= 0.000E+00 +/- 0.00 %  % || S(l=0) ave= 2.782E+01 +/- 23.53 % S(l=1) ave= 0.000E+00 +/- 0.00 % S(l=2) ave= 0.000E+00 +/- 0.00 % S(l=3) ave= 0.000E+00 +/- 0.00 % 
 ... random file  273 Cap(th)  ave= 2.408E-05 b. +/- 2.79 % || Ela(th) ave= 4.274E+00 b. +/- 3.14 % || RIcap ave= 1.58E-05 b. +/- 1.82 % || Macs30 ave= 2.03E-08 b. +/- 2.79 % || Gn^0(l=0) ave= 3.715E+01 +/- 23.56 % Gn^0(l=1) ave= 0.000E+00 +/- 0.00 % Gn^0(l=2) ave= 0.000E+00 +/- 0.00 % Gn^0(l=3) ave= 0.000E+00 +/- 0.00 % || Gtotal(l=0) ave= 1.957E+04 +/- 23.63 % Gtotal(l=1) ave= 0.000E+00 +/- 0.00 % Gtotal(l=2) ave= 0.000E+00 +/- 0.00 % Gtotal(l=3) ave= 0.000E+00 +/- 0.00 %  % || Gg(l=0) ave= 1.005E-04 +/- 5.15 % Gg(l=1) ave= 0.000E+00 +/- 0.00 % Gg(l=2) ave= 0.000E+00 +/- 0.00 % Gg(l=3) ave= 0.000E+00 +/- 0.00 %  % || D(l=0) ave= 0.000E+00 +/- 0.00 % D(l=1) ave= 0.000E+00 +/- 0.00 % D(l=2) ave= 0.000E+00 +/- 0.00 % D(l=3) ave= 0.000E+00 +/- 0.00 %  % || S(l=0) ave= 2.786E+01 +/- 23.56 % S(l=1) ave= 0.000E+00 +/- 0.00 % S(l=2) ave= 0.000E+00 +/- 0.00 % S(l=3) ave= 0.000E+00 +/- 0.00 % 
 ... random file  274 Cap(th)  ave= 2.408E-05 b. +/- 2.78 % || Ela(th) ave= 4.275E+00 b. +/- 3.14 % || RIcap ave= 1.58E-05 b. +/- 1.82 % || Macs30 ave= 2.03E-08 b. +/- 2.78 % || Gn^0(l=0) ave= 3.715E+01 +/- 23.51 % Gn^0(l=1) ave= 0.000E+00 +/- 0.00 % Gn^0(l=2) ave= 0.000E+00 +/- 0.00 % Gn^0(l=3) ave= 0.000E+00 +/- 0.00 % || Gtotal(l=0) ave= 1.958E+04 +/- 23.58 % Gtotal(l=1) ave= 0.000E+00 +/- 0.00 % Gtotal(l=2) ave= 0.000E+00 +/- 0.00 % Gtotal(l=3) ave= 0.000E+00 +/- 0.00 %  % || Gg(l=0) ave= 1.005E-04 +/- 5.14 % Gg(l=1) ave= 0.000E+00 +/- 0.00 % Gg(l=2) ave= 0.000E+00 +/- 0.00 % Gg(l=3) ave= 0.000E+00 +/- 0.00 %  % || D(l=0) ave= 0.000E+00 +/- 0.00 % D(l=1) ave= 0.000E+00 +/- 0.00 % D(l=2) ave= 0.000E+00 +/- 0.00 % D(l=3) ave= 0.000E+00 +/- 0.00 %  % || S(l=0) ave= 2.786E+01 +/- 23.51 % S(l=1) ave= 0.000E+00 +/- 0.00 % S(l=2) ave= 0.000E+00 +/- 0.00 % S(l=3) ave= 0.000E+00 +/- 0.00 % 
 ... random file  275 Cap(th)  ave= 2.408E-05 b. +/- 2.78 % || Ela(th) ave= 4.275E+00 b. +/- 3.14 % || RIcap ave= 1.58E-05 b. +/- 1.82 % || Macs30 ave= 2.03E-08 b. +/- 2.78 % || Gn^0(l=0) ave= 3.716E+01 +/- 23.47 % Gn^0(l=1) ave= 0.000E+00 +/- 0.00 % Gn^0(l=2) ave= 0.000E+00 +/- 0.00 % Gn^0(l=3) ave= 0.000E+00 +/- 0.00 % || Gtotal(l=0) ave= 1.958E+04 +/- 23.54 % Gtotal(l=1) ave= 0.000E+00 +/- 0.00 % Gtotal(l=2) ave= 0.000E+00 +/- 0.00 % Gtotal(l=3) ave= 0.000E+00 +/- 0.00 %  % || Gg(l=0) ave= 1.006E-04 +/- 5.14 % Gg(l=1) ave= 0.000E+00 +/- 0.00 % Gg(l=2) ave= 0.000E+00 +/- 0.00 % Gg(l=3) ave= 0.000E+00 +/- 0.00 %  % || D(l=0) ave= 0.000E+00 +/- 0.00 % D(l=1) ave= 0.000E+00 +/- 0.00 % D(l=2) ave= 0.000E+00 +/- 0.00 % D(l=3) ave= 0.000E+00 +/- 0.00 %  % || S(l=0) ave= 2.787E+01 +/- 23.47 % S(l=1) ave= 0.000E+00 +/- 0.00 % S(l=2) ave= 0.000E+00 +/- 0.00 % S(l=3) ave= 0.000E+00 +/- 0.00 % 
 ... random file  276 Cap(th)  ave= 2.408E-05 b. +/- 2.78 % || Ela(th) ave= 4.275E+00 b. +/- 3.13 % || RIcap ave= 1.58E-05 b. +/- 1.82 % || Macs30 ave= 2.03E-08 b. +/- 2.78 % || Gn^0(l=0) ave= 3.715E+01 +/- 23.45 % Gn^0(l=1) ave= 0.000E+00 +/- 0.00 % Gn^0(l=2) ave= 0.000E+00 +/- 0.00 % Gn^0(l=3) ave= 0.000E+00 +/- 0.00 % || Gtotal(l=0) ave= 1.957E+04 +/- 23.52 % Gtotal(l=1) ave= 0.000E+00 +/- 0.00 % Gtotal(l=2) ave= 0.000E+00 +/- 0.00 % Gtotal(l=3) ave= 0.000E+00 +/- 0.00 %  % || Gg(l=0) ave= 1.006E-04 +/- 5.14 % Gg(l=1) ave= 0.000E+00 +/- 0.00 % Gg(l=2) ave= 0.000E+00 +/- 0.00 % Gg(l=3) ave= 0.000E+00 +/- 0.00 %  % || D(l=0) ave= 0.000E+00 +/- 0.00 % D(l=1) ave= 0.000E+00 +/- 0.00 % D(l=2) ave= 0.000E+00 +/- 0.00 % D(l=3) ave= 0.000E+00 +/- 0.00 %  % || S(l=0) ave= 2.786E+01 +/- 23.45 % S(l=1) ave= 0.000E+00 +/- 0.00 % S(l=2) ave= 0.000E+00 +/- 0.00 % S(l=3) ave= 0.000E+00 +/- 0.00 % 
 ... random file  277 Cap(th)  ave= 2.409E-05 b. +/- 2.77 % || Ela(th) ave= 4.275E+00 b. +/- 3.13 % || RIcap ave= 1.58E-05 b. +/- 1.81 % || Macs30 ave= 2.03E-08 b. +/- 2.77 % || Gn^0(l=0) ave= 3.720E+01 +/- 23.51 % Gn^0(l=1) ave= 0.000E+00 +/- 0.00 % Gn^0(l=2) ave= 0.000E+00 +/- 0.00 % Gn^0(l=3) ave= 0.000E+00 +/- 0.00 % || Gtotal(l=0) ave= 1.960E+04 +/- 23.58 % Gtotal(l=1) ave= 0.000E+00 +/- 0.00 % Gtotal(l=2) ave= 0.000E+00 +/- 0.00 % Gtotal(l=3) ave= 0.000E+00 +/- 0.00 %  % || Gg(l=0) ave= 1.006E-04 +/- 5.13 % Gg(l=1) ave= 0.000E+00 +/- 0.00 % Gg(l=2) ave= 0.000E+00 +/- 0.00 % Gg(l=3) ave= 0.000E+00 +/- 0.00 %  % || D(l=0) ave= 0.000E+00 +/- 0.00 % D(l=1) ave= 0.000E+00 +/- 0.00 % D(l=2) ave= 0.000E+00 +/- 0.00 % D(l=3) ave= 0.000E+00 +/- 0.00 %  % || S(l=0) ave= 2.790E+01 +/- 23.51 % S(l=1) ave= 0.000E+00 +/- 0.00 % S(l=2) ave= 0.000E+00 +/- 0.00 % S(l=3) ave= 0.000E+00 +/- 0.00 % 
 ... random file  278 Cap(th)  ave= 2.408E-05 b. +/- 2.77 % || Ela(th) ave= 4.275E+00 b. +/- 3.13 % || RIcap ave= 1.58E-05 b. +/- 1.81 % || Macs30 ave= 2.03E-08 b. +/- 2.77 % || Gn^0(l=0) ave= 3.721E+01 +/- 23.46 % Gn^0(l=1) ave= 0.000E+00 +/- 0.00 % Gn^0(l=2) ave= 0.000E+00 +/- 0.00 % Gn^0(l=3) ave= 0.000E+00 +/- 0.00 % || Gtotal(l=0) ave= 1.961E+04 +/- 23.54 % Gtotal(l=1) ave= 0.000E+00 +/- 0.00 % Gtotal(l=2) ave= 0.000E+00 +/- 0.00 % Gtotal(l=3) ave= 0.000E+00 +/- 0.00 %  % || Gg(l=0) ave= 1.005E-04 +/- 5.15 % Gg(l=1) ave= 0.000E+00 +/- 0.00 % Gg(l=2) ave= 0.000E+00 +/- 0.00 % Gg(l=3) ave= 0.000E+00 +/- 0.00 %  % || D(l=0) ave= 0.000E+00 +/- 0.00 % D(l=1) ave= 0.000E+00 +/- 0.00 % D(l=2) ave= 0.000E+00 +/- 0.00 % D(l=3) ave= 0.000E+00 +/- 0.00 %  % || S(l=0) ave= 2.791E+01 +/- 23.46 % S(l=1) ave= 0.000E+00 +/- 0.00 % S(l=2) ave= 0.000E+00 +/- 0.00 % S(l=3) ave= 0.000E+00 +/- 0.00 % 
 ... random file  279 Cap(th)  ave= 2.408E-05 b. +/- 2.77 % || Ela(th) ave= 4.275E+00 b. +/- 3.12 % || RIcap ave= 1.58E-05 b. +/- 1.81 % || Macs30 ave= 2.03E-08 b. +/- 2.77 % || Gn^0(l=0) ave= 3.726E+01 +/- 23.48 % Gn^0(l=1) ave= 0.000E+00 +/- 0.00 % Gn^0(l=2) ave= 0.000E+00 +/- 0.00 % Gn^0(l=3) ave= 0.000E+00 +/- 0.00 % || Gtotal(l=0) ave= 1.963E+04 +/- 23.56 % Gtotal(l=1) ave= 0.000E+00 +/- 0.00 % Gtotal(l=2) ave= 0.000E+00 +/- 0.00 % Gtotal(l=3) ave= 0.000E+00 +/- 0.00 %  % || Gg(l=0) ave= 1.005E-04 +/- 5.14 % Gg(l=1) ave= 0.000E+00 +/- 0.00 % Gg(l=2) ave= 0.000E+00 +/- 0.00 % Gg(l=3) ave= 0.000E+00 +/- 0.00 %  % || D(l=0) ave= 0.000E+00 +/- 0.00 % D(l=1) ave= 0.000E+00 +/- 0.00 % D(l=2) ave= 0.000E+00 +/- 0.00 % D(l=3) ave= 0.000E+00 +/- 0.00 %  % || S(l=0) ave= 2.794E+01 +/- 23.48 % S(l=1) ave= 0.000E+00 +/- 0.00 % S(l=2) ave= 0.000E+00 +/- 0.00 % S(l=3) ave= 0.000E+00 +/- 0.00 % 
 ... random file  280 Cap(th)  ave= 2.408E-05 b. +/- 2.77 % || Ela(th) ave= 4.276E+00 b. +/- 3.13 % || RIcap ave= 1.58E-05 b. +/- 1.81 % || Macs30 ave= 2.03E-08 b. +/- 2.77 % || Gn^0(l=0) ave= 3.731E+01 +/- 23.53 % Gn^0(l=1) ave= 0.000E+00 +/- 0.00 % Gn^0(l=2) ave= 0.000E+00 +/- 0.00 % Gn^0(l=3) ave= 0.000E+00 +/- 0.00 % || Gtotal(l=0) ave= 1.966E+04 +/- 23.62 % Gtotal(l=1) ave= 0.000E+00 +/- 0.00 % Gtotal(l=2) ave= 0.000E+00 +/- 0.00 % Gtotal(l=3) ave= 0.000E+00 +/- 0.00 %  % || Gg(l=0) ave= 1.005E-04 +/- 5.14 % Gg(l=1) ave= 0.000E+00 +/- 0.00 % Gg(l=2) ave= 0.000E+00 +/- 0.00 % Gg(l=3) ave= 0.000E+00 +/- 0.00 %  % || D(l=0) ave= 0.000E+00 +/- 0.00 % D(l=1) ave= 0.000E+00 +/- 0.00 % D(l=2) ave= 0.000E+00 +/- 0.00 % D(l=3) ave= 0.000E+00 +/- 0.00 %  % || S(l=0) ave= 2.799E+01 +/- 23.53 % S(l=1) ave= 0.000E+00 +/- 0.00 % S(l=2) ave= 0.000E+00 +/- 0.00 % S(l=3) ave= 0.000E+00 +/- 0.00 % 
 ... random file  281 Cap(th)  ave= 2.408E-05 b. +/- 2.76 % || Ela(th) ave= 4.276E+00 b. +/- 3.12 % || RIcap ave= 1.58E-05 b. +/- 1.81 % || Macs30 ave= 2.03E-08 b. +/- 2.76 % || Gn^0(l=0) ave= 3.730E+01 +/- 23.51 % Gn^0(l=1) ave= 0.000E+00 +/- 0.00 % Gn^0(l=2) ave= 0.000E+00 +/- 0.00 % Gn^0(l=3) ave= 0.000E+00 +/- 0.00 % || Gtotal(l=0) ave= 1.966E+04 +/- 23.59 % Gtotal(l=1) ave= 0.000E+00 +/- 0.00 % Gtotal(l=2) ave= 0.000E+00 +/- 0.00 % Gtotal(l=3) ave= 0.000E+00 +/- 0.00 %  % || Gg(l=0) ave= 1.005E-04 +/- 5.13 % Gg(l=1) ave= 0.000E+00 +/- 0.00 % Gg(l=2) ave= 0.000E+00 +/- 0.00 % Gg(l=3) ave= 0.000E+00 +/- 0.00 %  % || D(l=0) ave= 0.000E+00 +/- 0.00 % D(l=1) ave= 0.000E+00 +/- 0.00 % D(l=2) ave= 0.000E+00 +/- 0.00 % D(l=3) ave= 0.000E+00 +/- 0.00 %  % || S(l=0) ave= 2.798E+01 +/- 23.51 % S(l=1) ave= 0.000E+00 +/- 0.00 % S(l=2) ave= 0.000E+00 +/- 0.00 % S(l=3) ave= 0.000E+00 +/- 0.00 % 
 ... random file  282 Cap(th)  ave= 2.408E-05 b. +/- 2.77 % || Ela(th) ave= 4.275E+00 b. +/- 3.12 % || RIcap ave= 1.58E-05 b. +/- 1.81 % || Macs30 ave= 2.03E-08 b. +/- 2.77 % || Gn^0(l=0) ave= 3.726E+01 +/- 23.54 % Gn^0(l=1) ave= 0.000E+00 +/- 0.00 % Gn^0(l=2) ave= 0.000E+00 +/- 0.00 % Gn^0(l=3) ave= 0.000E+00 +/- 0.00 % || Gtotal(l=0) ave= 1.964E+04 +/- 23.63 % Gtotal(l=1) ave= 0.000E+00 +/- 0.00 % Gtotal(l=2) ave= 0.000E+00 +/- 0.00 % Gtotal(l=3) ave= 0.000E+00 +/- 0.00 %  % || Gg(l=0) ave= 1.005E-04 +/- 5.12 % Gg(l=1) ave= 0.000E+00 +/- 0.00 % Gg(l=2) ave= 0.000E+00 +/- 0.00 % Gg(l=3) ave= 0.000E+00 +/- 0.00 %  % || D(l=0) ave= 0.000E+00 +/- 0.00 % D(l=1) ave= 0.000E+00 +/- 0.00 % D(l=2) ave= 0.000E+00 +/- 0.00 % D(l=3) ave= 0.000E+00 +/- 0.00 %  % || S(l=0) ave= 2.795E+01 +/- 23.54 % S(l=1) ave= 0.000E+00 +/- 0.00 % S(l=2) ave= 0.000E+00 +/- 0.00 % S(l=3) ave= 0.000E+00 +/- 0.00 % 
 ... random file  283 Cap(th)  ave= 2.408E-05 b. +/- 2.76 % || Ela(th) ave= 4.275E+00 b. +/- 3.11 % || RIcap ave= 1.58E-05 b. +/- 1.81 % || Macs30 ave= 2.03E-08 b. +/- 2.76 % || Gn^0(l=0) ave= 3.731E+01 +/- 23.57 % Gn^0(l=1) ave= 0.000E+00 +/- 0.00 % Gn^0(l=2) ave= 0.000E+00 +/- 0.00 % Gn^0(l=3) ave= 0.000E+00 +/- 0.00 % || Gtotal(l=0) ave= 1.966E+04 +/- 23.66 % Gtotal(l=1) ave= 0.000E+00 +/- 0.00 % Gtotal(l=2) ave= 0.000E+00 +/- 0.00 % Gtotal(l=3) ave= 0.000E+00 +/- 0.00 %  % || Gg(l=0) ave= 1.006E-04 +/- 5.12 % Gg(l=1) ave= 0.000E+00 +/- 0.00 % Gg(l=2) ave= 0.000E+00 +/- 0.00 % Gg(l=3) ave= 0.000E+00 +/- 0.00 %  % || D(l=0) ave= 0.000E+00 +/- 0.00 % D(l=1) ave= 0.000E+00 +/- 0.00 % D(l=2) ave= 0.000E+00 +/- 0.00 % D(l=3) ave= 0.000E+00 +/- 0.00 %  % || S(l=0) ave= 2.799E+01 +/- 23.57 % S(l=1) ave= 0.000E+00 +/- 0.00 % S(l=2) ave= 0.000E+00 +/- 0.00 % S(l=3) ave= 0.000E+00 +/- 0.00 % 
 ... random file  284 Cap(th)  ave= 2.409E-05 b. +/- 2.76 % || Ela(th) ave= 4.274E+00 b. +/- 3.13 % || RIcap ave= 1.58E-05 b. +/- 1.81 % || Macs30 ave= 2.03E-08 b. +/- 2.76 % || Gn^0(l=0) ave= 3.727E+01 +/- 23.63 % Gn^0(l=1) ave= 0.000E+00 +/- 0.00 % Gn^0(l=2) ave= 0.000E+00 +/- 0.00 % Gn^0(l=3) ave= 0.000E+00 +/- 0.00 % || Gtotal(l=0) ave= 1.964E+04 +/- 23.72 % Gtotal(l=1) ave= 0.000E+00 +/- 0.00 % Gtotal(l=2) ave= 0.000E+00 +/- 0.00 % Gtotal(l=3) ave= 0.000E+00 +/- 0.00 %  % || Gg(l=0) ave= 1.006E-04 +/- 5.12 % Gg(l=1) ave= 0.000E+00 +/- 0.00 % Gg(l=2) ave= 0.000E+00 +/- 0.00 % Gg(l=3) ave= 0.000E+00 +/- 0.00 %  % || D(l=0) ave= 0.000E+00 +/- 0.00 % D(l=1) ave= 0.000E+00 +/- 0.00 % D(l=2) ave= 0.000E+00 +/- 0.00 % D(l=3) ave= 0.000E+00 +/- 0.00 %  % || S(l=0) ave= 2.796E+01 +/- 23.63 % S(l=1) ave= 0.000E+00 +/- 0.00 % S(l=2) ave= 0.000E+00 +/- 0.00 % S(l=3) ave= 0.000E+00 +/- 0.00 % 
 ... random file  285 Cap(th)  ave= 2.409E-05 b. +/- 2.76 % || Ela(th) ave= 4.274E+00 b. +/- 3.13 % || RIcap ave= 1.58E-05 b. +/- 1.80 % || Macs30 ave= 2.03E-08 b. +/- 2.76 % || Gn^0(l=0) ave= 3.726E+01 +/- 23.61 % Gn^0(l=1) ave= 0.000E+00 +/- 0.00 % Gn^0(l=2) ave= 0.000E+00 +/- 0.00 % Gn^0(l=3) ave= 0.000E+00 +/- 0.00 % || Gtotal(l=0) ave= 1.963E+04 +/- 23.71 % Gtotal(l=1) ave= 0.000E+00 +/- 0.00 % Gtotal(l=2) ave= 0.000E+00 +/- 0.00 % Gtotal(l=3) ave= 0.000E+00 +/- 0.00 %  % || Gg(l=0) ave= 1.006E-04 +/- 5.11 % Gg(l=1) ave= 0.000E+00 +/- 0.00 % Gg(l=2) ave= 0.000E+00 +/- 0.00 % Gg(l=3) ave= 0.000E+00 +/- 0.00 %  % || D(l=0) ave= 0.000E+00 +/- 0.00 % D(l=1) ave= 0.000E+00 +/- 0.00 % D(l=2) ave= 0.000E+00 +/- 0.00 % D(l=3) ave= 0.000E+00 +/- 0.00 %  % || S(l=0) ave= 2.794E+01 +/- 23.61 % S(l=1) ave= 0.000E+00 +/- 0.00 % S(l=2) ave= 0.000E+00 +/- 0.00 % S(l=3) ave= 0.000E+00 +/- 0.00 % 
 ... random file  286 Cap(th)  ave= 2.408E-05 b. +/- 2.77 % || Ela(th) ave= 4.274E+00 b. +/- 3.12 % || RIcap ave= 1.58E-05 b. +/- 1.81 % || Macs30 ave= 2.03E-08 b. +/- 2.77 % || Gn^0(l=0) ave= 3.727E+01 +/- 23.57 % Gn^0(l=1) ave= 0.000E+00 +/- 0.00 % Gn^0(l=2) ave= 0.000E+00 +/- 0.00 % Gn^0(l=3) ave= 0.000E+00 +/- 0.00 % || Gtotal(l=0) ave= 1.963E+04 +/- 23.66 % Gtotal(l=1) ave= 0.000E+00 +/- 0.00 % Gtotal(l=2) ave= 0.000E+00 +/- 0.00 % Gtotal(l=3) ave= 0.000E+00 +/- 0.00 %  % || Gg(l=0) ave= 1.006E-04 +/- 5.10 % Gg(l=1) ave= 0.000E+00 +/- 0.00 % Gg(l=2) ave= 0.000E+00 +/- 0.00 % Gg(l=3) ave= 0.000E+00 +/- 0.00 %  % || D(l=0) ave= 0.000E+00 +/- 0.00 % D(l=1) ave= 0.000E+00 +/- 0.00 % D(l=2) ave= 0.000E+00 +/- 0.00 % D(l=3) ave= 0.000E+00 +/- 0.00 %  % || S(l=0) ave= 2.795E+01 +/- 23.57 % S(l=1) ave= 0.000E+00 +/- 0.00 % S(l=2) ave= 0.000E+00 +/- 0.00 % S(l=3) ave= 0.000E+00 +/- 0.00 % 
 ... random file  287 Cap(th)  ave= 2.408E-05 b. +/- 2.76 % || Ela(th) ave= 4.275E+00 b. +/- 3.13 % || RIcap ave= 1.58E-05 b. +/- 1.81 % || Macs30 ave= 2.03E-08 b. +/- 2.76 % || Gn^0(l=0) ave= 3.735E+01 +/- 23.81 % Gn^0(l=1) ave= 0.000E+00 +/- 0.00 % Gn^0(l=2) ave= 0.000E+00 +/- 0.00 % Gn^0(l=3) ave= 0.000E+00 +/- 0.00 % || Gtotal(l=0) ave= 1.968E+04 +/- 23.94 % Gtotal(l=1) ave= 0.000E+00 +/- 0.00 % Gtotal(l=2) ave= 0.000E+00 +/- 0.00 % Gtotal(l=3) ave= 0.000E+00 +/- 0.00 %  % || Gg(l=0) ave= 1.006E-04 +/- 5.09 % Gg(l=1) ave= 0.000E+00 +/- 0.00 % Gg(l=2) ave= 0.000E+00 +/- 0.00 % Gg(l=3) ave= 0.000E+00 +/- 0.00 %  % || D(l=0) ave= 0.000E+00 +/- 0.00 % D(l=1) ave= 0.000E+00 +/- 0.00 % D(l=2) ave= 0.000E+00 +/- 0.00 % D(l=3) ave= 0.000E+00 +/- 0.00 %  % || S(l=0) ave= 2.802E+01 +/- 23.81 % S(l=1) ave= 0.000E+00 +/- 0.00 % S(l=2) ave= 0.000E+00 +/- 0.00 % S(l=3) ave= 0.000E+00 +/- 0.00 % 
 ... random file  288 Cap(th)  ave= 2.408E-05 b. +/- 2.76 % || Ela(th) ave= 4.275E+00 b. +/- 3.12 % || RIcap ave= 1.58E-05 b. +/- 1.80 % || Macs30 ave= 2.03E-08 b. +/- 2.76 % || Gn^0(l=0) ave= 3.739E+01 +/- 23.79 % Gn^0(l=1) ave= 0.000E+00 +/- 0.00 % Gn^0(l=2) ave= 0.000E+00 +/- 0.00 % Gn^0(l=3) ave= 0.000E+00 +/- 0.00 % || Gtotal(l=0) ave= 1.970E+04 +/- 23.92 % Gtotal(l=1) ave= 0.000E+00 +/- 0.00 % Gtotal(l=2) ave= 0.000E+00 +/- 0.00 % Gtotal(l=3) ave= 0.000E+00 +/- 0.00 %  % || Gg(l=0) ave= 1.005E-04 +/- 5.09 % Gg(l=1) ave= 0.000E+00 +/- 0.00 % Gg(l=2) ave= 0.000E+00 +/- 0.00 % Gg(l=3) ave= 0.000E+00 +/- 0.00 %  % || D(l=0) ave= 0.000E+00 +/- 0.00 % D(l=1) ave= 0.000E+00 +/- 0.00 % D(l=2) ave= 0.000E+00 +/- 0.00 % D(l=3) ave= 0.000E+00 +/- 0.00 %  % || S(l=0) ave= 2.804E+01 +/- 23.79 % S(l=1) ave= 0.000E+00 +/- 0.00 % S(l=2) ave= 0.000E+00 +/- 0.00 % S(l=3) ave= 0.000E+00 +/- 0.00 % 
 ... random file  289 Cap(th)  ave= 2.408E-05 b. +/- 2.76 % || Ela(th) ave= 4.274E+00 b. +/- 3.13 % || RIcap ave= 1.58E-05 b. +/- 1.80 % || Macs30 ave= 2.03E-08 b. +/- 2.75 % || Gn^0(l=0) ave= 3.736E+01 +/- 23.81 % Gn^0(l=1) ave= 0.000E+00 +/- 0.00 % Gn^0(l=2) ave= 0.000E+00 +/- 0.00 % Gn^0(l=3) ave= 0.000E+00 +/- 0.00 % || Gtotal(l=0) ave= 1.968E+04 +/- 23.94 % Gtotal(l=1) ave= 0.000E+00 +/- 0.00 % Gtotal(l=2) ave= 0.000E+00 +/- 0.00 % Gtotal(l=3) ave= 0.000E+00 +/- 0.00 %  % || Gg(l=0) ave= 1.005E-04 +/- 5.10 % Gg(l=1) ave= 0.000E+00 +/- 0.00 % Gg(l=2) ave= 0.000E+00 +/- 0.00 % Gg(l=3) ave= 0.000E+00 +/- 0.00 %  % || D(l=0) ave= 0.000E+00 +/- 0.00 % D(l=1) ave= 0.000E+00 +/- 0.00 % D(l=2) ave= 0.000E+00 +/- 0.00 % D(l=3) ave= 0.000E+00 +/- 0.00 %  % || S(l=0) ave= 2.802E+01 +/- 23.81 % S(l=1) ave= 0.000E+00 +/- 0.00 % S(l=2) ave= 0.000E+00 +/- 0.00 % S(l=3) ave= 0.000E+00 +/- 0.00 % 
 ... random file  290 Cap(th)  ave= 2.408E-05 b. +/- 2.76 % || Ela(th) ave= 4.274E+00 b. +/- 3.12 % || RIcap ave= 1.58E-05 b. +/- 1.80 % || Macs30 ave= 2.03E-08 b. +/- 2.76 % || Gn^0(l=0) ave= 3.736E+01 +/- 23.76 % Gn^0(l=1) ave= 0.000E+00 +/- 0.00 % Gn^0(l=2) ave= 0.000E+00 +/- 0.00 % Gn^0(l=3) ave= 0.000E+00 +/- 0.00 % || Gtotal(l=0) ave= 1.969E+04 +/- 23.89 % Gtotal(l=1) ave= 0.000E+00 +/- 0.00 % Gtotal(l=2) ave= 0.000E+00 +/- 0.00 % Gtotal(l=3) ave= 0.000E+00 +/- 0.00 %  % || Gg(l=0) ave= 1.005E-04 +/- 5.10 % Gg(l=1) ave= 0.000E+00 +/- 0.00 % Gg(l=2) ave= 0.000E+00 +/- 0.00 % Gg(l=3) ave= 0.000E+00 +/- 0.00 %  % || D(l=0) ave= 0.000E+00 +/- 0.00 % D(l=1) ave= 0.000E+00 +/- 0.00 % D(l=2) ave= 0.000E+00 +/- 0.00 % D(l=3) ave= 0.000E+00 +/- 0.00 %  % || S(l=0) ave= 2.802E+01 +/- 23.76 % S(l=1) ave= 0.000E+00 +/- 0.00 % S(l=2) ave= 0.000E+00 +/- 0.00 % S(l=3) ave= 0.000E+00 +/- 0.00 % 
 ... random file  291 Cap(th)  ave= 2.408E-05 b. +/- 2.78 % || Ela(th) ave= 4.273E+00 b. +/- 3.13 % || RIcap ave= 1.58E-05 b. +/- 1.82 % || Macs30 ave= 2.03E-08 b. +/- 2.78 % || Gn^0(l=0) ave= 3.736E+01 +/- 23.73 % Gn^0(l=1) ave= 0.000E+00 +/- 0.00 % Gn^0(l=2) ave= 0.000E+00 +/- 0.00 % Gn^0(l=3) ave= 0.000E+00 +/- 0.00 % || Gtotal(l=0) ave= 1.968E+04 +/- 23.87 % Gtotal(l=1) ave= 0.000E+00 +/- 0.00 % Gtotal(l=2) ave= 0.000E+00 +/- 0.00 % Gtotal(l=3) ave= 0.000E+00 +/- 0.00 %  % || Gg(l=0) ave= 1.005E-04 +/- 5.11 % Gg(l=1) ave= 0.000E+00 +/- 0.00 % Gg(l=2) ave= 0.000E+00 +/- 0.00 % Gg(l=3) ave= 0.000E+00 +/- 0.00 %  % || D(l=0) ave= 0.000E+00 +/- 0.00 % D(l=1) ave= 0.000E+00 +/- 0.00 % D(l=2) ave= 0.000E+00 +/- 0.00 % D(l=3) ave= 0.000E+00 +/- 0.00 %  % || S(l=0) ave= 2.802E+01 +/- 23.73 % S(l=1) ave= 0.000E+00 +/- 0.00 % S(l=2) ave= 0.000E+00 +/- 0.00 % S(l=3) ave= 0.000E+00 +/- 0.00 % 
 ... random file  292 Cap(th)  ave= 2.407E-05 b. +/- 2.78 % || Ela(th) ave= 4.273E+00 b. +/- 3.13 % || RIcap ave= 1.58E-05 b. +/- 1.82 % || Macs30 ave= 2.03E-08 b. +/- 2.78 % || Gn^0(l=0) ave= 3.734E+01 +/- 23.72 % Gn^0(l=1) ave= 0.000E+00 +/- 0.00 % Gn^0(l=2) ave= 0.000E+00 +/- 0.00 % Gn^0(l=3) ave= 0.000E+00 +/- 0.00 % || Gtotal(l=0) ave= 1.967E+04 +/- 23.86 % Gtotal(l=1) ave= 0.000E+00 +/- 0.00 % Gtotal(l=2) ave= 0.000E+00 +/- 0.00 % Gtotal(l=3) ave= 0.000E+00 +/- 0.00 %  % || Gg(l=0) ave= 1.005E-04 +/- 5.10 % Gg(l=1) ave= 0.000E+00 +/- 0.00 % Gg(l=2) ave= 0.000E+00 +/- 0.00 % Gg(l=3) ave= 0.000E+00 +/- 0.00 %  % || D(l=0) ave= 0.000E+00 +/- 0.00 % D(l=1) ave= 0.000E+00 +/- 0.00 % D(l=2) ave= 0.000E+00 +/- 0.00 % D(l=3) ave= 0.000E+00 +/- 0.00 %  % || S(l=0) ave= 2.800E+01 +/- 23.72 % S(l=1) ave= 0.000E+00 +/- 0.00 % S(l=2) ave= 0.000E+00 +/- 0.00 % S(l=3) ave= 0.000E+00 +/- 0.00 % 
 ... random file  293 Cap(th)  ave= 2.408E-05 b. +/- 2.79 % || Ela(th) ave= 4.273E+00 b. +/- 3.12 % || RIcap ave= 1.58E-05 b. +/- 1.83 % || Macs30 ave= 2.03E-08 b. +/- 2.79 % || Gn^0(l=0) ave= 3.734E+01 +/- 23.68 % Gn^0(l=1) ave= 0.000E+00 +/- 0.00 % Gn^0(l=2) ave= 0.000E+00 +/- 0.00 % Gn^0(l=3) ave= 0.000E+00 +/- 0.00 % || Gtotal(l=0) ave= 1.968E+04 +/- 23.81 % Gtotal(l=1) ave= 0.000E+00 +/- 0.00 % Gtotal(l=2) ave= 0.000E+00 +/- 0.00 % Gtotal(l=3) ave= 0.000E+00 +/- 0.00 %  % || Gg(l=0) ave= 1.005E-04 +/- 5.11 % Gg(l=1) ave= 0.000E+00 +/- 0.00 % Gg(l=2) ave= 0.000E+00 +/- 0.00 % Gg(l=3) ave= 0.000E+00 +/- 0.00 %  % || D(l=0) ave= 0.000E+00 +/- 0.00 % D(l=1) ave= 0.000E+00 +/- 0.00 % D(l=2) ave= 0.000E+00 +/- 0.00 % D(l=3) ave= 0.000E+00 +/- 0.00 %  % || S(l=0) ave= 2.801E+01 +/- 23.68 % S(l=1) ave= 0.000E+00 +/- 0.00 % S(l=2) ave= 0.000E+00 +/- 0.00 % S(l=3) ave= 0.000E+00 +/- 0.00 % 
 ... random file  294 Cap(th)  ave= 2.408E-05 b. +/- 2.79 % || Ela(th) ave= 4.273E+00 b. +/- 3.12 % || RIcap ave= 1.58E-05 b. +/- 1.83 % || Macs30 ave= 2.03E-08 b. +/- 2.79 % || Gn^0(l=0) ave= 3.739E+01 +/- 23.71 % Gn^0(l=1) ave= 0.000E+00 +/- 0.00 % Gn^0(l=2) ave= 0.000E+00 +/- 0.00 % Gn^0(l=3) ave= 0.000E+00 +/- 0.00 % || Gtotal(l=0) ave= 1.970E+04 +/- 23.84 % Gtotal(l=1) ave= 0.000E+00 +/- 0.00 % Gtotal(l=2) ave= 0.000E+00 +/- 0.00 % Gtotal(l=3) ave= 0.000E+00 +/- 0.00 %  % || Gg(l=0) ave= 1.005E-04 +/- 5.10 % Gg(l=1) ave= 0.000E+00 +/- 0.00 % Gg(l=2) ave= 0.000E+00 +/- 0.00 % Gg(l=3) ave= 0.000E+00 +/- 0.00 %  % || D(l=0) ave= 0.000E+00 +/- 0.00 % D(l=1) ave= 0.000E+00 +/- 0.00 % D(l=2) ave= 0.000E+00 +/- 0.00 % D(l=3) ave= 0.000E+00 +/- 0.00 %  % || S(l=0) ave= 2.804E+01 +/- 23.71 % S(l=1) ave= 0.000E+00 +/- 0.00 % S(l=2) ave= 0.000E+00 +/- 0.00 % S(l=3) ave= 0.000E+00 +/- 0.00 % 
 ... random file  295 Cap(th)  ave= 2.408E-05 b. +/- 2.79 % || Ela(th) ave= 4.273E+00 b. +/- 3.12 % || RIcap ave= 1.58E-05 b. +/- 1.82 % || Macs30 ave= 2.03E-08 b. +/- 2.79 % || Gn^0(l=0) ave= 3.738E+01 +/- 23.69 % Gn^0(l=1) ave= 0.000E+00 +/- 0.00 % Gn^0(l=2) ave= 0.000E+00 +/- 0.00 % Gn^0(l=3) ave= 0.000E+00 +/- 0.00 % || Gtotal(l=0) ave= 1.969E+04 +/- 23.81 % Gtotal(l=1) ave= 0.000E+00 +/- 0.00 % Gtotal(l=2) ave= 0.000E+00 +/- 0.00 % Gtotal(l=3) ave= 0.000E+00 +/- 0.00 %  % || Gg(l=0) ave= 1.005E-04 +/- 5.10 % Gg(l=1) ave= 0.000E+00 +/- 0.00 % Gg(l=2) ave= 0.000E+00 +/- 0.00 % Gg(l=3) ave= 0.000E+00 +/- 0.00 %  % || D(l=0) ave= 0.000E+00 +/- 0.00 % D(l=1) ave= 0.000E+00 +/- 0.00 % D(l=2) ave= 0.000E+00 +/- 0.00 % D(l=3) ave= 0.000E+00 +/- 0.00 %  % || S(l=0) ave= 2.804E+01 +/- 23.69 % S(l=1) ave= 0.000E+00 +/- 0.00 % S(l=2) ave= 0.000E+00 +/- 0.00 % S(l=3) ave= 0.000E+00 +/- 0.00 % 
 ... random file  296 Cap(th)  ave= 2.408E-05 b. +/- 2.79 % || Ela(th) ave= 4.273E+00 b. +/- 3.11 % || RIcap ave= 1.58E-05 b. +/- 1.83 % || Macs30 ave= 2.03E-08 b. +/- 2.79 % || Gn^0(l=0) ave= 3.735E+01 +/- 23.72 % Gn^0(l=1) ave= 0.000E+00 +/- 0.00 % Gn^0(l=2) ave= 0.000E+00 +/- 0.00 % Gn^0(l=3) ave= 0.000E+00 +/- 0.00 % || Gtotal(l=0) ave= 1.968E+04 +/- 23.84 % Gtotal(l=1) ave= 0.000E+00 +/- 0.00 % Gtotal(l=2) ave= 0.000E+00 +/- 0.00 % Gtotal(l=3) ave= 0.000E+00 +/- 0.00 %  % || Gg(l=0) ave= 1.006E-04 +/- 5.12 % Gg(l=1) ave= 0.000E+00 +/- 0.00 % Gg(l=2) ave= 0.000E+00 +/- 0.00 % Gg(l=3) ave= 0.000E+00 +/- 0.00 %  % || D(l=0) ave= 0.000E+00 +/- 0.00 % D(l=1) ave= 0.000E+00 +/- 0.00 % D(l=2) ave= 0.000E+00 +/- 0.00 % D(l=3) ave= 0.000E+00 +/- 0.00 %  % || S(l=0) ave= 2.801E+01 +/- 23.72 % S(l=1) ave= 0.000E+00 +/- 0.00 % S(l=2) ave= 0.000E+00 +/- 0.00 % S(l=3) ave= 0.000E+00 +/- 0.00 % 
 ... random file  297 Cap(th)  ave= 2.408E-05 b. +/- 2.79 % || Ela(th) ave= 4.273E+00 b. +/- 3.11 % || RIcap ave= 1.58E-05 b. +/- 1.82 % || Macs30 ave= 2.03E-08 b. +/- 2.79 % || Gn^0(l=0) ave= 3.732E+01 +/- 23.73 % Gn^0(l=1) ave= 0.000E+00 +/- 0.00 % Gn^0(l=2) ave= 0.000E+00 +/- 0.00 % Gn^0(l=3) ave= 0.000E+00 +/- 0.00 % || Gtotal(l=0) ave= 1.966E+04 +/- 23.85 % Gtotal(l=1) ave= 0.000E+00 +/- 0.00 % Gtotal(l=2) ave= 0.000E+00 +/- 0.00 % Gtotal(l=3) ave= 0.000E+00 +/- 0.00 %  % || Gg(l=0) ave= 1.005E-04 +/- 5.12 % Gg(l=1) ave= 0.000E+00 +/- 0.00 % Gg(l=2) ave= 0.000E+00 +/- 0.00 % Gg(l=3) ave= 0.000E+00 +/- 0.00 %  % || D(l=0) ave= 0.000E+00 +/- 0.00 % D(l=1) ave= 0.000E+00 +/- 0.00 % D(l=2) ave= 0.000E+00 +/- 0.00 % D(l=3) ave= 0.000E+00 +/- 0.00 %  % || S(l=0) ave= 2.799E+01 +/- 23.73 % S(l=1) ave= 0.000E+00 +/- 0.00 % S(l=2) ave= 0.000E+00 +/- 0.00 % S(l=3) ave= 0.000E+00 +/- 0.00 % 
 ... random file  298 Cap(th)  ave= 2.408E-05 b. +/- 2.78 % || Ela(th) ave= 4.272E+00 b. +/- 3.11 % || RIcap ave= 1.58E-05 b. +/- 1.82 % || Macs30 ave= 2.03E-08 b. +/- 2.78 % || Gn^0(l=0) ave= 3.738E+01 +/- 23.81 % Gn^0(l=1) ave= 0.000E+00 +/- 0.00 % Gn^0(l=2) ave= 0.000E+00 +/- 0.00 % Gn^0(l=3) ave= 0.000E+00 +/- 0.00 % || Gtotal(l=0) ave= 1.969E+04 +/- 23.91 % Gtotal(l=1) ave= 0.000E+00 +/- 0.00 % Gtotal(l=2) ave= 0.000E+00 +/- 0.00 % Gtotal(l=3) ave= 0.000E+00 +/- 0.00 %  % || Gg(l=0) ave= 1.005E-04 +/- 5.11 % Gg(l=1) ave= 0.000E+00 +/- 0.00 % Gg(l=2) ave= 0.000E+00 +/- 0.00 % Gg(l=3) ave= 0.000E+00 +/- 0.00 %  % || D(l=0) ave= 0.000E+00 +/- 0.00 % D(l=1) ave= 0.000E+00 +/- 0.00 % D(l=2) ave= 0.000E+00 +/- 0.00 % D(l=3) ave= 0.000E+00 +/- 0.00 %  % || S(l=0) ave= 2.804E+01 +/- 23.81 % S(l=1) ave= 0.000E+00 +/- 0.00 % S(l=2) ave= 0.000E+00 +/- 0.00 % S(l=3) ave= 0.000E+00 +/- 0.00 % 
 ... random file  299 Cap(th)  ave= 2.408E-05 b. +/- 2.78 % || Ela(th) ave= 4.273E+00 b. +/- 3.11 % || RIcap ave= 1.58E-05 b. +/- 1.82 % || Macs30 ave= 2.03E-08 b. +/- 2.78 % || Gn^0(l=0) ave= 3.736E+01 +/- 23.79 % Gn^0(l=1) ave= 0.000E+00 +/- 0.00 % Gn^0(l=2) ave= 0.000E+00 +/- 0.00 % Gn^0(l=3) ave= 0.000E+00 +/- 0.00 % || Gtotal(l=0) ave= 1.968E+04 +/- 23.89 % Gtotal(l=1) ave= 0.000E+00 +/- 0.00 % Gtotal(l=2) ave= 0.000E+00 +/- 0.00 % Gtotal(l=3) ave= 0.000E+00 +/- 0.00 %  % || Gg(l=0) ave= 1.005E-04 +/- 5.10 % Gg(l=1) ave= 0.000E+00 +/- 0.00 % Gg(l=2) ave= 0.000E+00 +/- 0.00 % Gg(l=3) ave= 0.000E+00 +/- 0.00 %  % || D(l=0) ave= 0.000E+00 +/- 0.00 % D(l=1) ave= 0.000E+00 +/- 0.00 % D(l=2) ave= 0.000E+00 +/- 0.00 % D(l=3) ave= 0.000E+00 +/- 0.00 %  % || S(l=0) ave= 2.802E+01 +/- 23.79 % S(l=1) ave= 0.000E+00 +/- 0.00 % S(l=2) ave= 0.000E+00 +/- 0.00 % S(l=3) ave= 0.000E+00 +/- 0.00 % 
 ... random file  300 Cap(th)  ave= 2.408E-05 b. +/- 2.78 % || Ela(th) ave= 4.273E+00 b. +/- 3.10 % || RIcap ave= 1.58E-05 b. +/- 1.82 % || Macs30 ave= 2.03E-08 b. +/- 2.78 % || Gn^0(l=0) ave= 3.736E+01 +/- 23.76 % Gn^0(l=1) ave= 0.000E+00 +/- 0.00 % Gn^0(l=2) ave= 0.000E+00 +/- 0.00 % Gn^0(l=3) ave= 0.000E+00 +/- 0.00 % || Gtotal(l=0) ave= 1.968E+04 +/- 23.86 % Gtotal(l=1) ave= 0.000E+00 +/- 0.00 % Gtotal(l=2) ave= 0.000E+00 +/- 0.00 % Gtotal(l=3) ave= 0.000E+00 +/- 0.00 %  % || Gg(l=0) ave= 1.005E-04 +/- 5.10 % Gg(l=1) ave= 0.000E+00 +/- 0.00 % Gg(l=2) ave= 0.000E+00 +/- 0.00 % Gg(l=3) ave= 0.000E+00 +/- 0.00 %  % || D(l=0) ave= 0.000E+00 +/- 0.00 % D(l=1) ave= 0.000E+00 +/- 0.00 % D(l=2) ave= 0.000E+00 +/- 0.00 % D(l=3) ave= 0.000E+00 +/- 0.00 %  % || S(l=0) ave= 2.802E+01 +/- 23.76 % S(l=1) ave= 0.000E+00 +/- 0.00 % S(l=2) ave= 0.000E+00 +/- 0.00 % S(l=3) ave= 0.000E+00 +/- 0.00 % 
 ... Histogram plot for thermal (n,g)
 ... Write covariances  ... MT1  ... plot correlations
 ... MT2  ... MT102 


 ================================================
 ============== From 300 random values === start ======
 Thermal (n,tot) xs  0 K =  4.27272 b. +/- 0.132586 b. ( 3.10308 %) skew= +0.16 +/- 0.14
 Thermal (n,el) xs   0 K =  4.2727 b. +/- 0.132586 b. ( 3.1031 %) skew= +0.16 +/- 0.14
 Thermal (n,g) xs    0 K =  2.40806e-05 b. +/- 6.69507e-07 b. ( 2.78027 %) skew= +0.35 +/- 0.14
 RI      (n,g)       0 K =  1.57799e-05 b. +/- 2.86831e-07 b. ( 1.8177 %) 
 MACS    (n,g)       0 K (at Emacs= 30000 eV) =  2.03207e-08 b. +/- 5.6493e-10 b. ( 2.78007 %) 
 Ave. Gtotal  L=0        =  1.968E+04 +/- 23.86 %
 Ave. Gn^(0)  L=0        =  3.736E+01 +/- 23.76 %
 Ave. Gg      L=0        =  1.005E-04 +/- 5.10 %
 Ave. S       L=0        =  2.802E+01 +/- 23.76 %

 Expected Thermal (n,g) (syst or meas)= 2.4e-05 b. +/- 8e-06 b. nominal: 2.41156e-05 b.
 ratio Calculated/expected thermal (n,g): 1.00 ratio DCalculated/Dexpected: 0.08 ratio Calculated/Nominal: 1.00
 ============== From 300 random values ===== stop ======
 ================================================
 ... Calculation of (n,a) and (n,p) cross sections at 300 K
 ... thermal (n,a) cross section is 217.797 +/- 108.898 b.
 ... thermal (n,a) cross section is 146.98 b. (random case 1)
 ... thermal (n,a) cross section is 266.31 b. (random case 2)
 ... thermal (n,a) cross section is 172.671 b. (random case 3)
 ... thermal (n,a) cross section is 271.769 b. (random case 4)
 ... thermal (n,a) cross section is 184.572 b. (random case 5)
 ... thermal (n,a) cross section is 61.2238 b. (random case 6)
 ... thermal (n,a) cross section is 477.606 b. (random case 7)
 ... thermal (n,a) cross section is 110.342 b. (random case 8)
 ... thermal (n,a) cross section is 309.868 b. (random case 9)
 ... thermal (n,a) cross section is 132.221 b. (random case 10)
 ... thermal (n,a) cross section is 283.49 b. (random case 11)
 ... thermal (n,a) cross section is 335.433 b. (random case 12)
 ... thermal (n,a) cross section is 221.514 b. (random case 13)
 ... thermal (n,a) cross section is 368.495 b. (random case 14)
 ... thermal (n,a) cross section is 291.614 b. (random case 15)
 ... thermal (n,a) cross section is 265.234 b. (random case 16)
 ... thermal (n,a) cross section is 260.651 b. (random case 17)
 ... thermal (n,a) cross section is 311.08 b. (random case 18)
 ... thermal (n,a) cross section is 192.219 b. (random case 19)
 ... thermal (n,a) cross section is 202.666 b. (random case 20)
 ... thermal (n,a) cross section is 213.862 b. (random case 21)
 ... thermal (n,a) cross section is 246.024 b. (random case 22)
 ... thermal (n,a) cross section is 336.212 b. (random case 23)
 ... thermal (n,a) cross section is 278.653 b. (random case 24)
 ... thermal (n,a) cross section is 513.125 b. (random case 25)
 ... thermal (n,a) cross section is 272.691 b. (random case 26)
 ... thermal (n,a) cross section is 108.941 b. (random case 27)
 ... thermal (n,a) cross section is 302.547 b. (random case 28)
 ... thermal (n,a) cross section is 316.443 b. (random case 29)
 ... thermal (n,a) cross section is 112.451 b. (random case 30)
 ... thermal (n,a) cross section is 111.145 b. (random case 31)
 ... thermal (n,a) cross section is 150.58 b. (random case 32)
 ... thermal (n,a) cross section is 96.6549 b. (random case 33)
 ... thermal (n,a) cross section is 126.888 b. (random case 34)
 ... thermal (n,a) cross section is 210.287 b. (random case 35)
 ... thermal (n,a) cross section is 140.595 b. (random case 36)
 ... thermal (n,a) cross section is 190.879 b. (random case 37)
 ... thermal (n,a) cross section is 265.38 b. (random case 38)
 ... thermal (n,a) cross section is 475.903 b. (random case 39)
 ... thermal (n,a) cross section is 230.949 b. (random case 40)
 ... thermal (n,a) cross section is 73.8984 b. (random case 41)
 ... thermal (n,a) cross section is 351.511 b. (random case 42)
 ... thermal (n,a) cross section is 329.547 b. (random case 43)
 ... thermal (n,a) cross section is 230.05 b. (random case 44)
 ... thermal (n,a) cross section is 276.659 b. (random case 45)
 ... thermal (n,a) cross section is 61.523 b. (random case 46)
 ... thermal (n,a) cross section is 390.01 b. (random case 47)
 ... thermal (n,a) cross section is 209.805 b. (random case 48)
 ... thermal (n,a) cross section is 190.241 b. (random case 49)
 ... thermal (n,a) cross section is 124.421 b. (random case 50)
 ... thermal (n,a) cross section is 336.485 b. (random case 51)
 ... thermal (n,a) cross section is 212.087 b. (random case 52)
 ... thermal (n,a) cross section is 363.921 b. (random case 53)
 ... thermal (n,a) cross section is 185.333 b. (random case 54)
 ... thermal (n,a) cross section is 182.107 b. (random case 55)
 ... thermal (n,a) cross section is 57.6863 b. (random case 56)
 ... thermal (n,a) cross section is 149.935 b. (random case 57)
 ... thermal (n,a) cross section is 63.3479 b. (random case 58)
 ... thermal (n,a) cross section is 277.18 b. (random case 59)
 ... thermal (n,a) cross section is 274.613 b. (random case 60)
 ... thermal (n,a) cross section is 327.889 b. (random case 61)
 ... thermal (n,a) cross section is 339.23 b. (random case 62)
 ... thermal (n,a) cross section is 126.496 b. (random case 63)
 ... thermal (n,a) cross section is 246.156 b. (random case 64)
 ... thermal (n,a) cross section is 513.31 b. (random case 65)
 ... thermal (n,a) cross section is 191.757 b. (random case 66)
 ... thermal (n,a) cross section is 161.572 b. (random case 67)
 ... thermal (n,a) cross section is 257.782 b. (random case 68)
 ... thermal (n,a) cross section is 261.54 b. (random case 69)
 ... thermal (n,a) cross section is 170.271 b. (random case 70)
 ... thermal (n,a) cross section is 254.517 b. (random case 71)
 ... thermal (n,a) cross section is 122.617 b. (random case 72)
 ... thermal (n,a) cross section is 194.537 b. (random case 73)
 ... thermal (n,a) cross section is 190.229 b. (random case 74)
 ... thermal (n,a) cross section is 262.589 b. (random case 75)
 ... thermal (n,a) cross section is 297.01 b. (random case 76)
 ... thermal (n,a) cross section is 450.623 b. (random case 77)
 ... thermal (n,a) cross section is 136.698 b. (random case 78)
 ... thermal (n,a) cross section is 313.552 b. (random case 79)
 ... thermal (n,a) cross section is 198.45 b. (random case 80)
 ... thermal (n,a) cross section is 88.6388 b. (random case 81)
 ... thermal (n,a) cross section is 134.188 b. (random case 82)
 ... thermal (n,a) cross section is 356.228 b. (random case 83)
 ... thermal (n,a) cross section is 285.836 b. (random case 84)
 ... thermal (n,a) cross section is 144.585 b. (random case 85)
 ... thermal (n,a) cross section is 134.55 b. (random case 86)
 ... thermal (n,a) cross section is 324.783 b. (random case 87)
 ... thermal (n,a) cross section is 277.663 b. (random case 88)
 ... thermal (n,a) cross section is 252.791 b. (random case 89)
 ... thermal (n,a) cross section is 258.918 b. (random case 90)
 ... thermal (n,a) cross section is 167.84 b. (random case 91)
 ... thermal (n,a) cross section is 163.914 b. (random case 92)
 ... thermal (n,a) cross section is 363.824 b. (random case 93)
 ... thermal (n,a) cross section is 375.395 b. (random case 94)
 ... thermal (n,a) cross section is 330.492 b. (random case 95)
 ... thermal (n,a) cross section is 135.903 b. (random case 96)
 ... thermal (n,a) cross section is 170.546 b. (random case 97)
 ... thermal (n,a) cross section is 404.471 b. (random case 98)
 ... thermal (n,a) cross section is 110.839 b. (random case 99)
 ... thermal (n,a) cross section is 182.218 b. (random case 100)
 ... thermal (n,a) cross section is 125.965 b. (random case 101)
 ... thermal (n,a) cross section is 185.499 b. (random case 102)
 ... thermal (n,a) cross section is 102.841 b. (random case 103)
 ... thermal (n,a) cross section is 337.328 b. (random case 104)
 ... thermal (n,a) cross section is 177.678 b. (random case 105)
 ... thermal (n,a) cross section is 216.671 b. (random case 106)
 ... thermal (n,a) cross section is 226.517 b. (random case 107)
 ... thermal (n,a) cross section is 460.639 b. (random case 108)
 ... thermal (n,a) cross section is 187.753 b. (random case 109)
 ... thermal (n,a) cross section is 157.293 b. (random case 110)
 ... thermal (n,a) cross section is 106.196 b. (random case 111)
 ... thermal (n,a) cross section is 67.9326 b. (random case 112)
 ... thermal (n,a) cross section is 148.606 b. (random case 113)
 ... thermal (n,a) cross section is 93.5459 b. (random case 114)
 ... thermal (n,a) cross section is 189.39 b. (random case 115)
 ... thermal (n,a) cross section is 244.031 b. (random case 116)
 ... thermal (n,a) cross section is 261.714 b. (random case 117)
 ... thermal (n,a) cross section is 124.217 b. (random case 118)
 ... thermal (n,a) cross section is 315.481 b. (random case 119)
 ... thermal (n,a) cross section is 440.05 b. (random case 120)
 ... thermal (n,a) cross section is 169.236 b. (random case 121)
 ... thermal (n,a) cross section is 246.929 b. (random case 122)
 ... thermal (n,a) cross section is 243.82 b. (random case 123)
 ... thermal (n,a) cross section is 201.942 b. (random case 124)
 ... thermal (n,a) cross section is 303.164 b. (random case 125)
 ... thermal (n,a) cross section is 233.355 b. (random case 126)
 ... thermal (n,a) cross section is 381.062 b. (random case 127)
 ... thermal (n,a) cross section is 351.051 b. (random case 128)
 ... thermal (n,a) cross section is 244.016 b. (random case 129)
 ... thermal (n,a) cross section is 316.465 b. (random case 130)
 ... thermal (n,a) cross section is 60.8113 b. (random case 131)
 ... thermal (n,a) cross section is 210.131 b. (random case 132)
 ... thermal (n,a) cross section is 192.031 b. (random case 133)
 ... thermal (n,a) cross section is 407.257 b. (random case 134)
 ... thermal (n,a) cross section is 206.8 b. (random case 135)
 ... thermal (n,a) cross section is 224.724 b. (random case 136)
 ... thermal (n,a) cross section is 154.473 b. (random case 137)
 ... thermal (n,a) cross section is 296.933 b. (random case 138)
 ... thermal (n,a) cross section is 149.458 b. (random case 139)
 ... thermal (n,a) cross section is 289.44 b. (random case 140)
 ... thermal (n,a) cross section is 214.084 b. (random case 141)
 ... thermal (n,a) cross section is 194.165 b. (random case 142)
 ... thermal (n,a) cross section is 157.079 b. (random case 143)
 ... thermal (n,a) cross section is 396.591 b. (random case 144)
 ... thermal (n,a) cross section is 136.641 b. (random case 145)
 ... thermal (n,a) cross section is 137.586 b. (random case 146)
 ... thermal (n,a) cross section is 112.937 b. (random case 147)
 ... thermal (n,a) cross section is 250.656 b. (random case 148)
 ... thermal (n,a) cross section is 297.466 b. (random case 149)
 ... thermal (n,a) cross section is 322.327 b. (random case 150)
 ... thermal (n,a) cross section is 349.167 b. (random case 151)
 ... thermal (n,a) cross section is 347.674 b. (random case 152)
 ... thermal (n,a) cross section is 159.174 b. (random case 153)
 ... thermal (n,a) cross section is 387.382 b. (random case 154)
 ... thermal (n,a) cross section is 142.81 b. (random case 155)
 ... thermal (n,a) cross section is 143.441 b. (random case 156)
 ... thermal (n,a) cross section is 264.52 b. (random case 157)
 ... thermal (n,a) cross section is 213.139 b. (random case 158)
 ... thermal (n,a) cross section is 145.731 b. (random case 159)
 ... thermal (n,a) cross section is 306.726 b. (random case 160)
 ... thermal (n,a) cross section is 290.45 b. (random case 161)
 ... thermal (n,a) cross section is 246.281 b. (random case 162)
 ... thermal (n,a) cross section is 215.764 b. (random case 163)
 ... thermal (n,a) cross section is 248.873 b. (random case 164)
 ... thermal (n,a) cross section is 200.652 b. (random case 165)
 ... thermal (n,a) cross section is 226.122 b. (random case 166)
 ... thermal (n,a) cross section is 263.732 b. (random case 167)
 ... thermal (n,a) cross section is 324.058 b. (random case 168)
 ... thermal (n,a) cross section is 292.038 b. (random case 169)
 ... thermal (n,a) cross section is 490.919 b. (random case 170)
 ... thermal (n,a) cross section is 336.339 b. (random case 171)
 ... thermal (n,a) cross section is 231.609 b. (random case 172)
 ... thermal (n,a) cross section is 164.174 b. (random case 173)
 ... thermal (n,a) cross section is 252.636 b. (random case 174)
 ... thermal (n,a) cross section is 396.156 b. (random case 175)
 ... thermal (n,a) cross section is 344.903 b. (random case 176)
 ... thermal (n,a) cross section is 338.494 b. (random case 177)
 ... thermal (n,a) cross section is 180.8 b. (random case 178)
 ... thermal (n,a) cross section is 135.859 b. (random case 179)
 ... thermal (n,a) cross section is 280.308 b. (random case 180)
 ... thermal (n,a) cross section is 230.142 b. (random case 181)
 ... thermal (n,a) cross section is 248.716 b. (random case 182)
 ... thermal (n,a) cross section is 140.319 b. (random case 183)
 ... thermal (n,a) cross section is 133.381 b. (random case 184)
 ... thermal (n,a) cross section is 62.4292 b. (random case 185)
 ... thermal (n,a) cross section is 104.92 b. (random case 186)
 ... thermal (n,a) cross section is 90.8378 b. (random case 187)
 ... thermal (n,a) cross section is 396.271 b. (random case 188)
 ... thermal (n,a) cross section is 320.706 b. (random case 189)
 ... thermal (n,a) cross section is 122.723 b. (random case 190)
 ... thermal (n,a) cross section is 155.093 b. (random case 191)
 ... thermal (n,a) cross section is 269.941 b. (random case 192)
 ... thermal (n,a) cross section is 133.269 b. (random case 193)
 ... thermal (n,a) cross section is 305.884 b. (random case 194)
 ... thermal (n,a) cross section is 338.67 b. (random case 195)
 ... thermal (n,a) cross section is 447.584 b. (random case 196)
 ... thermal (n,a) cross section is 255.389 b. (random case 197)
 ... thermal (n,a) cross section is 174.066 b. (random case 198)
 ... thermal (n,a) cross section is 222.582 b. (random case 199)
 ... thermal (n,a) cross section is 49.35 b. (random case 200)
 ... thermal (n,a) cross section is 122.257 b. (random case 201)
 ... thermal (n,a) cross section is 328.337 b. (random case 202)
 ... thermal (n,a) cross section is 403.99 b. (random case 203)
 ... thermal (n,a) cross section is 237.496 b. (random case 204)
 ... thermal (n,a) cross section is 157.863 b. (random case 205)
 ... thermal (n,a) cross section is 257.473 b. (random case 206)
 ... thermal (n,a) cross section is 265.925 b. (random case 207)
 ... thermal (n,a) cross section is 337.611 b. (random case 208)
 ... thermal (n,a) cross section is 238.015 b. (random case 209)
 ... thermal (n,a) cross section is 246.52 b. (random case 210)
 ... thermal (n,a) cross section is 106.846 b. (random case 211)
 ... thermal (n,a) cross section is 267.313 b. (random case 212)
 ... thermal (n,a) cross section is 340.664 b. (random case 213)
 ... thermal (n,a) cross section is 159.907 b. (random case 214)
 ... thermal (n,a) cross section is 134.127 b. (random case 215)
 ... thermal (n,a) cross section is 49.3026 b. (random case 216)
 ... thermal (n,a) cross section is 163.401 b. (random case 217)
 ... thermal (n,a) cross section is 305.57 b. (random case 218)
 ... thermal (n,a) cross section is 171.593 b. (random case 219)
 ... thermal (n,a) cross section is 127.792 b. (random case 220)
 ... thermal (n,a) cross section is 328.436 b. (random case 221)
 ... thermal (n,a) cross section is 498.427 b. (random case 222)
 ... thermal (n,a) cross section is 223.377 b. (random case 223)
 ... thermal (n,a) cross section is 162.608 b. (random case 224)
 ... thermal (n,a) cross section is 274.422 b. (random case 225)
 ... thermal (n,a) cross section is 108.598 b. (random case 226)
 ... thermal (n,a) cross section is 196.094 b. (random case 227)
 ... thermal (n,a) cross section is 254.814 b. (random case 228)
 ... thermal (n,a) cross section is 374.195 b. (random case 229)
 ... thermal (n,a) cross section is 167.065 b. (random case 230)
 ... thermal (n,a) cross section is 201.658 b. (random case 231)
 ... thermal (n,a) cross section is 237.318 b. (random case 232)
 ... thermal (n,a) cross section is 213.954 b. (random case 233)
 ... thermal (n,a) cross section is 281.448 b. (random case 234)
 ... thermal (n,a) cross section is 211.656 b. (random case 235)
 ... thermal (n,a) cross section is 39.8131 b. (random case 236)
 ... thermal (n,a) cross section is 294.239 b. (random case 237)
 ... thermal (n,a) cross section is 30.2431 b. (random case 238)
 ... thermal (n,a) cross section is 151.641 b. (random case 239)
 ... thermal (n,a) cross section is 174.182 b. (random case 240)
 ... thermal (n,a) cross section is 337.464 b. (random case 241)
 ... thermal (n,a) cross section is 226.272 b. (random case 242)
 ... thermal (n,a) cross section is 170.266 b. (random case 243)
 ... thermal (n,a) cross section is 58.165 b. (random case 244)
 ... thermal (n,a) cross section is 382.948 b. (random case 245)
 ... thermal (n,a) cross section is 152.751 b. (random case 246)
 ... thermal (n,a) cross section is 200.295 b. (random case 247)
 ... thermal (n,a) cross section is 239.918 b. (random case 248)
 ... thermal (n,a) cross section is 397.63 b. (random case 249)
 ... thermal (n,a) cross section is 191.643 b. (random case 250)
 ... thermal (n,a) cross section is 163.886 b. (random case 251)
 ... thermal (n,a) cross section is 248.788 b. (random case 252)
 ... thermal (n,a) cross section is 184.253 b. (random case 253)
 ... thermal (n,a) cross section is 266.751 b. (random case 254)
 ... thermal (n,a) cross section is 190.024 b. (random case 255)
 ... thermal (n,a) cross section is 356.376 b. (random case 256)
 ... thermal (n,a) cross section is 181.345 b. (random case 257)
 ... thermal (n,a) cross section is 157.51 b. (random case 258)
 ... thermal (n,a) cross section is 130.535 b. (random case 259)
 ... thermal (n,a) cross section is 264.184 b. (random case 260)
 ... thermal (n,a) cross section is 133.898 b. (random case 261)
 ... thermal (n,a) cross section is 301.726 b. (random case 262)
 ... thermal (n,a) cross section is 280.921 b. (random case 263)
 ... thermal (n,a) cross section is 218.902 b. (random case 264)
 ... thermal (n,a) cross section is 340.538 b. (random case 265)
 ... thermal (n,a) cross section is 164.688 b. (random case 266)
 ... thermal (n,a) cross section is 232.065 b. (random case 267)
 ... thermal (n,a) cross section is 271.734 b. (random case 268)
 ... thermal (n,a) cross section is 178.625 b. (random case 269)
 ... thermal (n,a) cross section is 283.964 b. (random case 270)
 ... thermal (n,a) cross section is 184.426 b. (random case 271)
 ... thermal (n,a) cross section is 233.729 b. (random case 272)
 ... thermal (n,a) cross section is 149.412 b. (random case 273)
 ... thermal (n,a) cross section is 303.787 b. (random case 274)
 ... thermal (n,a) cross section is 299.763 b. (random case 275)
 ... thermal (n,a) cross section is 289.628 b. (random case 276)
 ... thermal (n,a) cross section is 221.178 b. (random case 277)
 ... thermal (n,a) cross section is 297.765 b. (random case 278)
 ... thermal (n,a) cross section is 273.828 b. (random case 279)
 ... thermal (n,a) cross section is 242.828 b. (random case 280)
 ... thermal (n,a) cross section is 294.098 b. (random case 281)
 ... thermal (n,a) cross section is 230.85 b. (random case 282)
 ... thermal (n,a) cross section is 417.686 b. (random case 283)
 ... thermal (n,a) cross section is 191.197 b. (random case 284)
 ... thermal (n,a) cross section is 57.1582 b. (random case 285)
 ... thermal (n,a) cross section is 168.263 b. (random case 286)
 ... thermal (n,a) cross section is 192.275 b. (random case 287)
 ... thermal (n,a) cross section is 236.209 b. (random case 288)
 ... thermal (n,a) cross section is 183.905 b. (random case 289)
 ... thermal (n,a) cross section is 349.061 b. (random case 290)
 ... thermal (n,a) cross section is 294.838 b. (random case 291)
 ... thermal (n,a) cross section is 279.365 b. (random case 292)
 ... thermal (n,a) cross section is 289.725 b. (random case 293)
 ... thermal (n,a) cross section is 136.689 b. (random case 294)
 ... thermal (n,a) cross section is 215.452 b. (random case 295)
 ... thermal (n,a) cross section is 214.904 b. (random case 296)
 ... thermal (n,a) cross section is 252.524 b. (random case 297)
 ... thermal (n,a) cross section is 85.7587 b. (random case 298)
 ... thermal (n,a) cross section is 127.367 b. (random case 299)
 ... thermal (n,a) cross section is 113.019 b. (random case 300)
 ... thermal (n,p) cross section is 217.797 +/- 108.898 b.
 ... thermal (n,p) cross section is 251.713 b. (random case 1)
 ... thermal (n,p) cross section is 217.989 b. (random case 2)
 ... thermal (n,p) cross section is 496.173 b. (random case 3)
 ... thermal (n,p) cross section is 207.051 b. (random case 4)
 ... thermal (n,p) cross section is 93.233 b. (random case 5)
 ... thermal (n,p) cross section is 261.622 b. (random case 6)
 ... thermal (n,p) cross section is 211.755 b. (random case 7)
 ... thermal (n,p) cross section is 338.635 b. (random case 8)
 ... thermal (n,p) cross section is 318.571 b. (random case 9)
 ... thermal (n,p) cross section is 214.819 b. (random case 10)
 ... thermal (n,p) cross section is 334.121 b. (random case 11)
 ... thermal (n,p) cross section is 563.495 b. (random case 12)
 ... thermal (n,p) cross section is 97.7285 b. (random case 13)
 ... thermal (n,p) cross section is 336.79 b. (random case 14)
 ... thermal (n,p) cross section is 109.039 b. (random case 15)
 ... thermal (n,p) cross section is 269.662 b. (random case 16)
 ... thermal (n,p) cross section is 242.68 b. (random case 17)
 ... thermal (n,p) cross section is 204.813 b. (random case 18)
 ... thermal (n,p) cross section is 139.863 b. (random case 19)
 ... thermal (n,p) cross section is 253.176 b. (random case 20)
 ... thermal (n,p) cross section is 177.304 b. (random case 21)
 ... thermal (n,p) cross section is 163.043 b. (random case 22)
 ... thermal (n,p) cross section is 285.948 b. (random case 23)
 ... thermal (n,p) cross section is 266.965 b. (random case 24)
 ... thermal (n,p) cross section is 322.393 b. (random case 25)
 ... thermal (n,p) cross section is 131.774 b. (random case 26)
 ... thermal (n,p) cross section is 361.282 b. (random case 27)
 ... thermal (n,p) cross section is 121.916 b. (random case 28)
 ... thermal (n,p) cross section is 145.275 b. (random case 29)
 ... thermal (n,p) cross section is 298.014 b. (random case 30)
 ... thermal (n,p) cross section is 110.569 b. (random case 31)
 ... thermal (n,p) cross section is 205.183 b. (random case 32)
 ... thermal (n,p) cross section is 204.366 b. (random case 33)
 ... thermal (n,p) cross section is 202.453 b. (random case 34)
 ... thermal (n,p) cross section is 94.3877 b. (random case 35)
 ... thermal (n,p) cross section is 124.995 b. (random case 36)
 ... thermal (n,p) cross section is 132.016 b. (random case 37)
 ... thermal (n,p) cross section is 394.812 b. (random case 38)
 ... thermal (n,p) cross section is 206.543 b. (random case 39)
 ... thermal (n,p) cross section is 199.967 b. (random case 40)
 ... thermal (n,p) cross section is 233.382 b. (random case 41)
 ... thermal (n,p) cross section is 223.312 b. (random case 42)
 ... thermal (n,p) cross section is 206.182 b. (random case 43)
 ... thermal (n,p) cross section is 171.791 b. (random case 44)
 ... thermal (n,p) cross section is 71.5181 b. (random case 45)
 ... thermal (n,p) cross section is 236.752 b. (random case 46)
 ... thermal (n,p) cross section is 295.948 b. (random case 47)
 ... thermal (n,p) cross section is 284.436 b. (random case 48)
 ... thermal (n,p) cross section is 155.044 b. (random case 49)
 ... thermal (n,p) cross section is 173.785 b. (random case 50)
 ... thermal (n,p) cross section is 250.714 b. (random case 51)
 ... thermal (n,p) cross section is 38.5183 b. (random case 52)
 ... thermal (n,p) cross section is 90.7999 b. (random case 53)
 ... thermal (n,p) cross section is 7.94973 b. (random case 54)
 ... thermal (n,p) cross section is 276.794 b. (random case 55)
 ... thermal (n,p) cross section is 158.011 b. (random case 56)
 ... thermal (n,p) cross section is 258.75 b. (random case 57)
 ... thermal (n,p) cross section is 301.694 b. (random case 58)
 ... thermal (n,p) cross section is 408.824 b. (random case 59)
 ... thermal (n,p) cross section is 267.017 b. (random case 60)
 ... thermal (n,p) cross section is 69.5226 b. (random case 61)
 ... thermal (n,p) cross section is 239.241 b. (random case 62)
 ... thermal (n,p) cross section is 295.727 b. (random case 63)
 ... thermal (n,p) cross section is 145.968 b. (random case 64)
 ... thermal (n,p) cross section is 246.608 b. (random case 65)
 ... thermal (n,p) cross section is 153.007 b. (random case 66)
 ... thermal (n,p) cross section is 233.287 b. (random case 67)
 ... thermal (n,p) cross section is 118.27 b. (random case 68)
 ... thermal (n,p) cross section is 337.369 b. (random case 69)
 ... thermal (n,p) cross section is 108.502 b. (random case 70)
 ... thermal (n,p) cross section is 174.773 b. (random case 71)
 ... thermal (n,p) cross section is 217.412 b. (random case 72)
 ... thermal (n,p) cross section is 224.083 b. (random case 73)
 ... thermal (n,p) cross section is 216.587 b. (random case 74)
 ... thermal (n,p) cross section is 90.4857 b. (random case 75)
 ... thermal (n,p) cross section is 134.542 b. (random case 76)
 ... thermal (n,p) cross section is 363.048 b. (random case 77)
 ... thermal (n,p) cross section is 268.251 b. (random case 78)
 ... thermal (n,p) cross section is 150.722 b. (random case 79)
 ... thermal (n,p) cross section is 141.552 b. (random case 80)
 ... thermal (n,p) cross section is 247.476 b. (random case 81)
 ... thermal (n,p) cross section is 432.725 b. (random case 82)
 ... thermal (n,p) cross section is 192.021 b. (random case 83)
 ... thermal (n,p) cross section is 442.428 b. (random case 84)
 ... thermal (n,p) cross section is 273.661 b. (random case 85)
 ... thermal (n,p) cross section is 48.0317 b. (random case 86)
 ... thermal (n,p) cross section is 136.135 b. (random case 87)
 ... thermal (n,p) cross section is 285.374 b. (random case 88)
 ... thermal (n,p) cross section is 316.35 b. (random case 89)
 ... thermal (n,p) cross section is 313.264 b. (random case 90)
 ... thermal (n,p) cross section is 152.409 b. (random case 91)
 ... thermal (n,p) cross section is 116.028 b. (random case 92)
 ... thermal (n,p) cross section is 37.0801 b. (random case 93)
 ... thermal (n,p) cross section is 448.264 b. (random case 94)
 ... thermal (n,p) cross section is 259.393 b. (random case 95)
 ... thermal (n,p) cross section is 264.482 b. (random case 96)
 ... thermal (n,p) cross section is 23.1084 b. (random case 97)
 ... thermal (n,p) cross section is 314.809 b. (random case 98)
 ... thermal (n,p) cross section is 178.884 b. (random case 99)
 ... thermal (n,p) cross section is 274.552 b. (random case 100)
 ... thermal (n,p) cross section is 163.949 b. (random case 101)
 ... thermal (n,p) cross section is 129.564 b. (random case 102)
 ... thermal (n,p) cross section is 145.706 b. (random case 103)
 ... thermal (n,p) cross section is 231.939 b. (random case 104)
 ... thermal (n,p) cross section is 67.5593 b. (random case 105)
 ... thermal (n,p) cross section is 59.6491 b. (random case 106)
 ... thermal (n,p) cross section is 271.899 b. (random case 107)
 ... thermal (n,p) cross section is 381.819 b. (random case 108)
 ... thermal (n,p) cross section is 295.956 b. (random case 109)
 ... thermal (n,p) cross section is 212.649 b. (random case 110)
 ... thermal (n,p) cross section is 3.41866 b. (random case 111)
 ... thermal (n,p) cross section is 156.973 b. (random case 112)
 ... thermal (n,p) cross section is 66.9995 b. (random case 113)
 ... thermal (n,p) cross section is 108.525 b. (random case 114)
 ... thermal (n,p) cross section is 306.509 b. (random case 115)
 ... thermal (n,p) cross section is 288.604 b. (random case 116)
 ... thermal (n,p) cross section is 211.477 b. (random case 117)
 ... thermal (n,p) cross section is 57.8905 b. (random case 118)
 ... thermal (n,p) cross section is 25.6566 b. (random case 119)
 ... thermal (n,p) cross section is 324.099 b. (random case 120)
 ... thermal (n,p) cross section is 124.709 b. (random case 121)
 ... thermal (n,p) cross section is 329.18 b. (random case 122)
 ... thermal (n,p) cross section is 247.104 b. (random case 123)
 ... thermal (n,p) cross section is 74.9505 b. (random case 124)
 ... thermal (n,p) cross section is 293.266 b. (random case 125)
 ... thermal (n,p) cross section is 121.208 b. (random case 126)
 ... thermal (n,p) cross section is 322.339 b. (random case 127)
 ... thermal (n,p) cross section is 187.296 b. (random case 128)
 ... thermal (n,p) cross section is 306.439 b. (random case 129)
 ... thermal (n,p) cross section is 118.742 b. (random case 130)
 ... thermal (n,p) cross section is 294.144 b. (random case 131)
 ... thermal (n,p) cross section is 174.887 b. (random case 132)
 ... thermal (n,p) cross section is 191.942 b. (random case 133)
 ... thermal (n,p) cross section is 305.242 b. (random case 134)
 ... thermal (n,p) cross section is 152.187 b. (random case 135)
 ... thermal (n,p) cross section is 184.575 b. (random case 136)
 ... thermal (n,p) cross section is 180.593 b. (random case 137)
 ... thermal (n,p) cross section is 72.4974 b. (random case 138)
 ... thermal (n,p) cross section is 299.527 b. (random case 139)
 ... thermal (n,p) cross section is 263.96 b. (random case 140)
 ... thermal (n,p) cross section is 228.76 b. (random case 141)
 ... thermal (n,p) cross section is 101.778 b. (random case 142)
 ... thermal (n,p) cross section is 171.508 b. (random case 143)
 ... thermal (n,p) cross section is 169.322 b. (random case 144)
 ... thermal (n,p) cross section is 85.116 b. (random case 145)
 ... thermal (n,p) cross section is 60.285 b. (random case 146)
 ... thermal (n,p) cross section is 72.3941 b. (random case 147)
 ... thermal (n,p) cross section is 50.2681 b. (random case 148)
 ... thermal (n,p) cross section is 22.1694 b. (random case 149)
 ... thermal (n,p) cross section is 377.86 b. (random case 150)
 ... thermal (n,p) cross section is 162.007 b. (random case 151)
 ... thermal (n,p) cross section is 319.624 b. (random case 152)
 ... thermal (n,p) cross section is 289.46 b. (random case 153)
 ... thermal (n,p) cross section is 305.264 b. (random case 154)
 ... thermal (n,p) cross section is 270.468 b. (random case 155)
 ... thermal (n,p) cross section is 128.231 b. (random case 156)
 ... thermal (n,p) cross section is 332.217 b. (random case 157)
 ... thermal (n,p) cross section is 149.339 b. (random case 158)
 ... thermal (n,p) cross section is 367.876 b. (random case 159)
 ... thermal (n,p) cross section is 106.947 b. (random case 160)
 ... thermal (n,p) cross section is 371.055 b. (random case 161)
 ... thermal (n,p) cross section is 166.355 b. (random case 162)
 ... thermal (n,p) cross section is 236.588 b. (random case 163)
 ... thermal (n,p) cross section is 251.133 b. (random case 164)
 ... thermal (n,p) cross section is 278.798 b. (random case 165)
 ... thermal (n,p) cross section is 69.3703 b. (random case 166)
 ... thermal (n,p) cross section is 460.022 b. (random case 167)
 ... thermal (n,p) cross section is 370.203 b. (random case 168)
 ... thermal (n,p) cross section is 228.07 b. (random case 169)
 ... thermal (n,p) cross section is 215.011 b. (random case 170)
 ... thermal (n,p) cross section is 185.246 b. (random case 171)
 ... thermal (n,p) cross section is 256.508 b. (random case 172)
 ... thermal (n,p) cross section is 152.682 b. (random case 173)
 ... thermal (n,p) cross section is 34.5564 b. (random case 174)
 ... thermal (n,p) cross section is 266.076 b. (random case 175)
 ... thermal (n,p) cross section is 236.253 b. (random case 176)
 ... thermal (n,p) cross section is 179.88 b. (random case 177)
 ... thermal (n,p) cross section is 99.6802 b. (random case 178)
 ... thermal (n,p) cross section is 336.016 b. (random case 179)
 ... thermal (n,p) cross section is 152.131 b. (random case 180)
 ... thermal (n,p) cross section is 296.316 b. (random case 181)
 ... thermal (n,p) cross section is 187.801 b. (random case 182)
 ... thermal (n,p) cross section is 147.422 b. (random case 183)
 ... thermal (n,p) cross section is 82.8812 b. (random case 184)
 ... thermal (n,p) cross section is 164.925 b. (random case 185)
 ... thermal (n,p) cross section is 262.181 b. (random case 186)
 ... thermal (n,p) cross section is 288.272 b. (random case 187)
 ... thermal (n,p) cross section is 402.671 b. (random case 188)
 ... thermal (n,p) cross section is 111.73 b. (random case 189)
 ... thermal (n,p) cross section is 263.517 b. (random case 190)
 ... thermal (n,p) cross section is 46.2153 b. (random case 191)
 ... thermal (n,p) cross section is 143.41 b. (random case 192)
 ... thermal (n,p) cross section is 261.413 b. (random case 193)
 ... thermal (n,p) cross section is 489.004 b. (random case 194)
 ... thermal (n,p) cross section is 380.683 b. (random case 195)
 ... thermal (n,p) cross section is 273.153 b. (random case 196)
 ... thermal (n,p) cross section is 453.695 b. (random case 197)
 ... thermal (n,p) cross section is 172.079 b. (random case 198)
 ... thermal (n,p) cross section is 354.21 b. (random case 199)
 ... thermal (n,p) cross section is 299.445 b. (random case 200)
 ... thermal (n,p) cross section is 182.342 b. (random case 201)
 ... thermal (n,p) cross section is 8.28709 b. (random case 202)
 ... thermal (n,p) cross section is 170.182 b. (random case 203)
 ... thermal (n,p) cross section is 168.201 b. (random case 204)
 ... thermal (n,p) cross section is 319.939 b. (random case 205)
 ... thermal (n,p) cross section is 301.535 b. (random case 206)
 ... thermal (n,p) cross section is 289.917 b. (random case 207)
 ... thermal (n,p) cross section is 428.46 b. (random case 208)
 ... thermal (n,p) cross section is 48.9217 b. (random case 209)
 ... thermal (n,p) cross section is 218.422 b. (random case 210)
 ... thermal (n,p) cross section is 190.46 b. (random case 211)
 ... thermal (n,p) cross section is 89.9235 b. (random case 212)
 ... thermal (n,p) cross section is 368.735 b. (random case 213)
 ... thermal (n,p) cross section is 36.355 b. (random case 214)
 ... thermal (n,p) cross section is 79.9752 b. (random case 215)
 ... thermal (n,p) cross section is 365.391 b. (random case 216)
 ... thermal (n,p) cross section is 139.428 b. (random case 217)
 ... thermal (n,p) cross section is 197.101 b. (random case 218)
 ... thermal (n,p) cross section is 235.838 b. (random case 219)
 ... thermal (n,p) cross section is 142.421 b. (random case 220)
 ... thermal (n,p) cross section is 205.09 b. (random case 221)
 ... thermal (n,p) cross section is 224.14 b. (random case 222)
 ... thermal (n,p) cross section is 291.381 b. (random case 223)
 ... thermal (n,p) cross section is 105.368 b. (random case 224)
 ... thermal (n,p) cross section is 59.4758 b. (random case 225)
 ... thermal (n,p) cross section is 271.477 b. (random case 226)
 ... thermal (n,p) cross section is 107.791 b. (random case 227)
 ... thermal (n,p) cross section is 64.1679 b. (random case 228)
 ... thermal (n,p) cross section is 246.122 b. (random case 229)
 ... thermal (n,p) cross section is 206.316 b. (random case 230)
 ... thermal (n,p) cross section is 174.947 b. (random case 231)
 ... thermal (n,p) cross section is 349.788 b. (random case 232)
 ... thermal (n,p) cross section is 211.993 b. (random case 233)
 ... thermal (n,p) cross section is 472.583 b. (random case 234)
 ... thermal (n,p) cross section is 128.198 b. (random case 235)
 ... thermal (n,p) cross section is 298.319 b. (random case 236)
 ... thermal (n,p) cross section is 114.307 b. (random case 237)
 ... thermal (n,p) cross section is 220.381 b. (random case 238)
 ... thermal (n,p) cross section is 285.42 b. (random case 239)
 ... thermal (n,p) cross section is 97.0646 b. (random case 240)
 ... thermal (n,p) cross section is 224.329 b. (random case 241)
 ... thermal (n,p) cross section is 321.258 b. (random case 242)
 ... thermal (n,p) cross section is 299.034 b. (random case 243)
 ... thermal (n,p) cross section is 124.221 b. (random case 244)
 ... thermal (n,p) cross section is 278.643 b. (random case 245)
 ... thermal (n,p) cross section is 415.828 b. (random case 246)
 ... thermal (n,p) cross section is 264.964 b. (random case 247)
 ... thermal (n,p) cross section is 255.457 b. (random case 248)
 ... thermal (n,p) cross section is 54.9419 b. (random case 249)
 ... thermal (n,p) cross section is 241.689 b. (random case 250)
 ... thermal (n,p) cross section is 178.063 b. (random case 251)
 ... thermal (n,p) cross section is 353.759 b. (random case 252)
 ... thermal (n,p) cross section is 360.462 b. (random case 253)
 ... thermal (n,p) cross section is 260.331 b. (random case 254)
 ... thermal (n,p) cross section is 193.207 b. (random case 255)
 ... thermal (n,p) cross section is 240.15 b. (random case 256)
 ... thermal (n,p) cross section is 369.036 b. (random case 257)
 ... thermal (n,p) cross section is 343.047 b. (random case 258)
 ... thermal (n,p) cross section is 167.445 b. (random case 259)
 ... thermal (n,p) cross section is 195.549 b. (random case 260)
 ... thermal (n,p) cross section is 277.143 b. (random case 261)
 ... thermal (n,p) cross section is 309.939 b. (random case 262)
 ... thermal (n,p) cross section is 297.299 b. (random case 263)
 ... thermal (n,p) cross section is 69.8219 b. (random case 264)
 ... thermal (n,p) cross section is 323.566 b. (random case 265)
 ... thermal (n,p) cross section is 105.338 b. (random case 266)
 ... thermal (n,p) cross section is 244.421 b. (random case 267)
 ... thermal (n,p) cross section is 181.531 b. (random case 268)
 ... thermal (n,p) cross section is 124.967 b. (random case 269)
 ... thermal (n,p) cross section is 232.064 b. (random case 270)
 ... thermal (n,p) cross section is 360.498 b. (random case 271)
 ... thermal (n,p) cross section is 212.324 b. (random case 272)
 ... thermal (n,p) cross section is 147.705 b. (random case 273)
 ... thermal (n,p) cross section is 107.083 b. (random case 274)
 ... thermal (n,p) cross section is 268.216 b. (random case 275)
 ... thermal (n,p) cross section is 245.942 b. (random case 276)
 ... thermal (n,p) cross section is 230.013 b. (random case 277)
 ... thermal (n,p) cross section is 243.793 b. (random case 278)
 ... thermal (n,p) cross section is 319.092 b. (random case 279)
 ... thermal (n,p) cross section is 227.134 b. (random case 280)
 ... thermal (n,p) cross section is 319.959 b. (random case 281)
 ... thermal (n,p) cross section is 134.508 b. (random case 282)
 ... thermal (n,p) cross section is 73.7263 b. (random case 283)
 ... thermal (n,p) cross section is 301.094 b. (random case 284)
 ... thermal (n,p) cross section is 138.599 b. (random case 285)
 ... thermal (n,p) cross section is 264.846 b. (random case 286)
 ... thermal (n,p) cross section is 390.376 b. (random case 287)
 ... thermal (n,p) cross section is 280.287 b. (random case 288)
 ... thermal (n,p) cross section is 338.186 b. (random case 289)
 ... thermal (n,p) cross section is 89.5858 b. (random case 290)
 ... thermal (n,p) cross section is 254.092 b. (random case 291)
 ... thermal (n,p) cross section is 102.746 b. (random case 292)
 ... thermal (n,p) cross section is 255.564 b. (random case 293)
 ... thermal (n,p) cross section is 239.309 b. (random case 294)
 ... thermal (n,p) cross section is 193.783 b. (random case 295)
 ... thermal (n,p) cross section is 304.624 b. (random case 296)
 ... thermal (n,p) cross section is 290.218 b. (random case 297)
 ... thermal (n,p) cross section is 121.848 b. (random case 298)
 ... thermal (n,p) cross section is 258.381 b. (random case 299)
 ... thermal (n,p) cross section is 208.45 b. (random case 300)
 ... Rewrite index for MF2
 ... Write text for MF1 in file mf1.tares.txt
 ... plotting cross sections for the MF1
 ... order output files


================== summary ==================
 Thermal (n,tot) xs = 439.859 b. 
 Thermal (n,el)  xs = 4.26591 b. 
 Thermal (n,g)   xs = 2.41156e-05 b. (meas/sys: 2.4e-05 b.)
 Thermal (n,a)   xs = 217.797 b. 
 Thermal (n,p)   xs = 217.797 b. 

 RI      (n,g)      = 1.57949e-05 b. (meas or sys: 0.00011 b.)
 RI      (n,el)     = 59.7497 b.
=============================================


 ... cleaning
                                                 
  -------------------------------------------------------------
  -                                                           -
  - TARES: successful end of run with data from the database  -
  -             for Z= 7,  A= 15 and isomer= 0               -
  -                                                           -
  -------------------------------------------------------------

   Running time:       48 seconds

 End time: Fri Oct  9 11:31:52 2026

