
  -------------------------------------------------------------
  -                                                           -
  -              Welcome to TARES version 1.8                 -
  -                                                           -
  -  (C) Copyright 2007-2025 D. Rochman, All Rights Reserved  -
  -           NRG, Petten, the Netherlands 2007-2014          -
  -           PSI, Villigen    Switzerland 2015-2025          -
  -         Nagra, Wettingen   Switzerland 2025-              -
  -           (Last Modified October 06, 2026)                -
  -           (Database from October 06, 2026)                -
  -                                                           -
  -------------------------------------------------------------


  ---------------------------------------------
   Compilation information:
   Compiled on:         Oct  7 2026, 09:32:19
   Compiled by:         koning
   Compiler version:    clang++ - 21.0.0
   Source location:     /Users/koning/tares-1.8/source/Module/
   Binaries location:   /Users/koning/bin
   System:              Darwin 25.6.0
   System version:      Darwin Kernel Version 25.6.0: Fri Jul 31 19:19:08 PDT 2026; root:xnu-12377.161.14~5/RELEASE_ARM64_T6050  
   Machine:             arm64 
  ---------------------------------------------

   User information:
   User name:           koning
   Running directory:   /Users/koning/tendl/resbase/S036/work
   Owner mode for running directory : rwx
   Group mode for running directory : r-x
  ---------------------------------------------


 Starting time: Wed Oct  7 10:58:38 2026
 ... inputs directory found (/Users/koning/tares-1.8/source/Module//../../inputs/).
 ... It will be used for resonance parameters 
 ... ###############################################
 ... #     read the input file tares.inp
 ... ###############################################
 ... line: #
 ... line: # Input file generated by Autorochman
          --> line not read
 ... line: #
 ... line: isotope    S
          --> Isotope name: S
 ... line: mass       36
          --> isotopic mass: 36
 ... line: output     n-S036
         ---> Name of the output files: n-S036
 ... line: isomer     0
          --> isomeric state: 0
 ... line: mf32mf33   y
          --> MF33 based on MF32: y
 ... line: nbrRandom  300
          --> Nbr of random files: 300
 ... ###############################################
 ... # end read the input file tares.inp
 ... ###############################################
Value for random generator type not considered in since Tares 1.7 due to compilation issues

 ... ###############################################
     #   Interpretation of the Input definition    #
     ###############################################

 ... Default energy limit: End of resonance region
 ... Nuclear charge    = 16
 ... Element           = S
 ... Mass              = 36
 ... Isomer            = 0
 ... Correlation for (Gn,Gg) not included in random files
 ... Default random option: No random
 ... Output name: n-S036
 ... Energy for the MACS: 30000 eV
 ... Resonances from CALENDF reduced (reduce=y) 
 ... For URR, level density model from TALYS selected: 91n3n12611.2850 (see manual for description)
 ... Random Generator: default (pseudo random numbers from ansi c++)
 ... Reconstruction of cross section selected
 ... Doppler broadening at 0 Kelvin
 ... URR not included (from the input file flag)
 ... Weight for grouping is flat
 ... Calculation of (n,alpha) cross section selected
 ... Number of digit for MF32c covariance representation: 2
 ... MF32 included
 ... MF33 will be used for covariance processing
 ... TENDL option set to yes (automatic choice of MF2 and format)
 ... Isotope not found in the best file --> use of MLBW formalism
 ... default option: Multi level Breit Wigner approximation selected
 ... (check file best.tendl.yes for changing this option)
 ... Retroactive option set to no with the 2025 option
 ... ladder option set to yes (CALENDF will be used for statistical resonances)

 ... ###############################################
     #           End of Input definition           #
     ###############################################

 ... gnuplot found, will be used for plotting
 ... latex found, will be used for plotting
 ... dvips found, will be used for plotting
 ... ps2epsi not found, limited plotting available
 ... uncertainties on default parameters multiplied by 1.04743
 ... Read resonance data from the 2025 directory
 ... Resonance parameters taken from /Users/koning/tares-1.8/source/Module//../../inputs/2025/Resonance/default/
 ---> Processing Z= 16 and A= 36 and isomer= 0 (level number: 0)
Thermal file; Could not open file /Users/koning/tares-1.8/source/Module//../../inputs/2025/runThermal/results//thermal.mxw.ng.cendl3.1
Thermal file; Could not open file /Users/koning/tares-1.8/source/Module//../../inputs/2025/runThermal/results//thermal.mxw.ng.brond3.1
Thermal file; Could not open file /Users/koning/tares-1.8/source/Module//../../inputs/2025/runThermal/results//thermal.xs.ng.unc.cendl3.1
 ... spin taken from the final/ directory (1)
 ... The spin found in level file ( 0 ) and the one in the urr file ( 5.5 ) differ

 ... ###############################################
 ... #  Nucleus global parameters (2025 database)  #
 ... ###############################################
 ... Scattering radius from TALYS: /Users/koning/tares-1.8/source/Module//../../inputs/2025/lib.urr/talys.urr/
 0. Spin of the target isotope: 0
 1. Relative Atomic Mass of the target isotope: 35.967
 2. Isotopic composition of the target isotope: 0.01 %
 3. Scattering radius (local compilation): 4.40467 fm +/- 0.0660701 fm
      .......................................
      ... Thermal capture cross sections: ...
 4. Thermal (total) (n,g) cross section from experiments (local compilation): 0.236 +/- 0.006 b.
 5. Thermal (n,g) cross section from experiments (Kzero): 0.32 +/- 0.32 b.
 6. Thermal (n,g) cross section from compilation (Firestone-2022 average on element S): 0.507 +/- 0.016 b.
 7. Thermal (n,g) cross section from compilation (Firestone-2022 final on element S): 0.506 +/- 0.008 b.
 8. Thermal Maxwellian (n,g) XS from compilation (Mughabghab-2006): 0.236 +/- 0.006 b.
 9. Thermal Maxwellian (n,g) XS from compilation (Mughabghab-2018): 0.236 +/- 0.006 b.
 10. Thermal (n,g) cross section from EAF-2010: 0.1505 b.
 11. Thermal (n,g) cross section from ENDF/B-VIII.1: 0.1505 b.
 12. Thermal (n,g) cross section from ENDF/B-VIII.0: 0.1505 b.
 13. Thermal (n,g) cross section from JEF2.2: 0.1505 b.
 14. Thermal (n,g) cross section from TENDL-2023: 0.236 +/- 0.9085 b.
 15. Thermal (n,g) cross section from JEFF-3.3: 0.236 +/- 0.1003 b.
 16. Thermal (n,g) cross section from JEFF-4.0: 0.236 +/- 0.9553 b.
 17. Thermal (n,g) cross section from JENDL-5.0: 0.1505 b.
      .......................................
      ...  Thermal total cross sections:  ...
      .......................................
      ... Thermal elastic cross sections: ...
 18. Thermal (n,el) cross section from ENDF/B-VIII.1: 2.216 b.
 19. Thermal (n,el) cross section from ENDF/B-VIII.0: 2.216 b.
 20. Thermal (n,el) cross section from JENDL-5.0: 2.216 b.
 21. Thermal (n,el) cross section from JEFF-3.3: 0.6359 b.
 22. Thermal (n,el) cross section from potential (4piR^2): 5.53561 +/- 0.276781 b.
      .......................................
             ... Resonance integral: ...
 23. Experimental capture integral (local compilation): 0.17 +/- 0.04 b.
 24. Experimental capture integral (Kzero): 0.359 +/- 0.359 b.
 25. Experimental capture integral (Mughabghab): 0.17 +/- 0.004 b.
   ---- MACS 30 keV ----- 
 26. TALYS MACS 30 keV (HF): 0.000806846 b. 
 27. Recommended MACS 30 keV from EAF: 0.000171 b. 
 28. Recommended MACS 30 keV (local compilation): 0.000187 +/- 1.4e-05 b. 
 29. Recommended MACS 30 keV from Kadonis: 0.000171 +/- 1.4e-05 b. 
 30. Recommended MACS (Mughabghab): 0.000187 +/- 1.4e-05 b.
   ---------- S0 -------- 
 31. S0 from TALYS: 0.986244
   ---------- S1 -------- 
 32. S1 from TALYS: 3.68645
   ---------- S2 -------- 
 33. S2 from TALYS: 0.753071
   ---------- D0 -------- 
 34. D0 from TALYS: 354296 eV
   ---------- D1 -------- 
 35. D1 from TALYS: 145948 eV
   ---------- D2 -------- 
 36. D2 from TALYS: 133784 eV
   ---------- G0 -------- 
 37. Gg0 from TALYS: 0.325676 eV
   ---------- G1 -------- 
 38. Gg1 from TALYS: 0.169305 eV
   ---------- G2 -------- 
 39. Gg2 from TALYS: 0.267847 eV


   ---------------------- 
 ... Read resonance parameters (format: 2: Multi Level Breit Wigner)
 ... 4 resonances found 
 --> 40. Number of resonances from the input file: 4 up to 348400 eV
 41. Read nuclear quantities (mass, MAT...)
 42. Read thermal (n,g) xs 
 43. Read the scattering radius 
 44. Read uncertainty on Gg for 4 resonances
 45. Read uncertainty on Gg for 4 resonances ... done
 ... order resonances 
 ... Upper limit for the RRR: 700001 eV (no statistical resonances HFR) from the limit.RRR file
 ... Write parameters for l=0 waves
 ... End writing original MF2 
 ... Enter in urr function (ladder option set to y) for file n-S036
 ... read the file /Users/koning/tares-1.8/source/Module//../../inputs/2025/list.jcs.urr to find URR origin
 Default URR taken from TALYS calculations with level density model: 91n3n12611.2850
 File considered for the URR: /Users/koning/tares-1.8/source/Module//../../inputs/2025/lib.urr/talys.urr/91n3n12611.2850/S/urr/urr.dat.S.036.000.0.gz
 ... Write URR using TALYS average parameters (used for HFR)
 ... ---> Emax(RRR) taken from the file limit.ladder: 900000 eV <---
 ... (File limit.ladder: /Users/koning/tares-1.8/source/Module//../../inputs/2025/limit.ladder.91n3n12611.2850)
 ... read D0, S0, Gn and Gg
 ... number of URR energies: 55
 Number of l: 55 and last energy: 5
 Last  URR energy: 900000 eV
 ... Enter in to_MLBW_mf2 function
 ... Convert to Multi Level Breit Wigner (MLBW)
 ... Gn-Gg correlations: calculated capture kernel used for 4 evaluated resonances (no measured kernel)
 ... Write parameter covariances (MF32) for l=0
 ... Convert parameter covariances (MF32) to MLBW
 ... copy the mf2 and mf32 to .mlbw files
 ... Enter in urr_correct function case 1
 Modify the higher limit of RRR in MF2
 --> old value: 7.000010+5 eV new value: 7.000010+5 eV
 Modify resonance covariances (MF32) to include correlations in the URR
 End Modify resonance covariances (MF32) to include correlations in the URR
 ... Enter in calendf_xs function
 Use CALENDF for statistical resonances (update MF2) up to 9.000000+5 eV (initial limit)
 Extract resonances from CALENDF for RRR->URR 2
 12 statistical resonances found
 After reduction, 12 statistical resonances found
 ... checking resonance order 1
 ... checking resonance order 2nd round for 12 resonances
 ... end checking resonance order 2nd round
 .......................................................
 ... Adjustment to the thermal cross section : start ...
 .......................................................

 Before adjustment (adjustment to the thermal cross section set to y)
 ... Import MF2 from TARES calculations
 ... End energy of TARES MF2 : 8.968121E+5 eV and limit to 40000 resonances
 ... File used for reconstruction: new.temp22.reconst
 ... run RECENT ...
 ... Doppler broadened at a unique temperature: 300 Kelvin using sigma1
 ... run SIGMA1 at 3.000000E+02 K.

 ============== INTER values at 300 Kelvin ==============
 Thermal (n,g) xs =  0.00240069 b. (meas/sys: 0.236 b.) (warning: comparison to be done at 296 or 300 K)
 Th Maxw (n,g) xs =  0.0024149 b. (thermal Maxwellian value)
 Westcott factor  =  1.00591
 RI      (n,g)    =  0.00218629 b. (meas or sys: 0.17 b.)
 MACS 3.000e+04 eV=  0.00048023 b. (meas or sys: - b.) from 1.00E+00 to 2.00E+07 eV (end of RRR) at T= 300 Kelvin 
 Thermal (n,el) xs=  2.49365 b.
 RI      (n,el)   =  35.7081 b.
 ============= PSYCHE values ==============
 Ave. G_total L0  =  342.144 eV
 Ave. G_total L1  =  47111.4 eV
 Ave. G_total L2  =  306.681 eV
 Ave. Gn_0    L0  =  0.549018
 Ave. Gn_0    L1  =  141.819
 Ave. Gn_0    L2  =  7.99877
 Ave. Gg      L0  =  0.416903 eV
 Ave. Gg      L1  =  0.173464 eV
 Ave. Gg      L2  =  0.513279 eV
 Ave. D       L0  =  298937 eV
 Ave. D       L1  =  448406 eV
 Ave. D       L2  =  298937 eV
 Ave. S       L0  =  2.44875e-06 eV
 Ave. S       L1  =  0.000173659 eV
 Ave. S       L2  =  1.85185e-05 eV
 =========================================
 Calculated capture integral   0.00218629 b.
 Calculated thermal (n,g)=          .002400686 b. and recommended= 0.236 b. (C/E= 0.0101724)
 Calculated RI      (n,g)= 0.00218629 b. and recommended= 0.17 b. (C/E= 0.0128605)
 ... tolerances: thermal (n,g) 2.54237 %, RI(n,g) 20 % (reference uncertainties, minimum 2% and 5%, maximum 20%)
 Adjust the capture widths ...
 ... capture adjusted with Gn for 0 resonances (Gn<Gg) and with Gg for 12 resonances
 ... iteration 0: C/E thermal (n,g)= 0.0101724
 ...             C/E RI (n,g)= 0.0128606  [RRR: 0.00196195 b. + above RRR: 0.00022435 b. ; reference: 0.17 b.]
 Warning: 12 widths limited to a change of a factor 10 from their starting values

 <-------- After adjustment -------->
 ... Import MF2 from TARES calculations
 ... End energy of TARES MF2 : 8.968121E+5 eV and limit to 40000 resonances
 ... File used for reconstruction: new.temp22.reconst
 ... run RECENT ...
 ... Doppler broadened at a unique temperature: 300 Kelvin using sigma1
 ... run SIGMA1 at 3.000000E+02 K.

 ============== INTER values at 300 Kelvin ==============
 Thermal (n,g) xs =  0.0240069 b. (meas/sys: 0.236 b.) (warning: comparison to be done at 296 or 300 K)
 Th Maxw (n,g) xs =  0.024149 b. (thermal Maxwellian value)
 Westcott factor  =  1.00591
 RI      (n,g)    =  0.0195215 b. (meas or sys: 0.17 b.)
 MACS 3.000e+04 eV=  0.004626 b. (meas or sys: - b.) from 1.00E+00 to 2.00E+07 eV (end of RRR) at T= 300 Kelvin 
 Thermal (n,el) xs=  2.49365 b.
 RI      (n,el)   =  35.701 b.
 ============= PSYCHE values ==============
 Ave. G_total L0  =  345.896 eV
 Ave. G_total L1  =  47113 eV
 Ave. G_total L2  =  311.3 eV
 Ave. Gn_0    L0  =  0.549018
 Ave. Gn_0    L1  =  141.819
 Ave. Gn_0    L2  =  7.99877
 Ave. Gg      L0  =  4.16903 eV
 Ave. Gg      L1  =  1.73464 eV
 Ave. Gg      L2  =  5.13279 eV
 Ave. D       L0  =  298937 eV
 Ave. D       L1  =  448406 eV
 Ave. D       L2  =  298937 eV
 Ave. S       L0  =  2.44875e-06 eV
 Ave. S       L1  =  0.000173659 eV
 Ave. S       L2  =  1.85185e-05 eV
 =========================================
 ... iteration 1: C/E thermal (n,g)= 0.101724
 ...             C/E RI (n,g)= 0.114833  [RRR: 0.019297 b. + above RRR: 0.00022454 b. ; reference: 0.17 b.]
 Warning: 12 widths limited to a change of a factor 10 from their starting values

 <-------- After adjustment -------->
 ... Import MF2 from TARES calculations
 ... End energy of TARES MF2 : 8.968121E+5 eV and limit to 40000 resonances
 ... File used for reconstruction: new.temp22.reconst
 ... run RECENT ...
 ... Doppler broadened at a unique temperature: 300 Kelvin using sigma1
 ... run SIGMA1 at 3.000000E+02 K.

 ============== INTER values at 300 Kelvin ==============
 Thermal (n,g) xs =  0.0240069 b. (meas/sys: 0.236 b.) (warning: comparison to be done at 296 or 300 K)
 Th Maxw (n,g) xs =  0.024149 b. (thermal Maxwellian value)
 Westcott factor  =  1.00591
 RI      (n,g)    =  0.0195215 b. (meas or sys: 0.17 b.)
 MACS 3.000e+04 eV=  0.004626 b. (meas or sys: - b.) from 1.00E+00 to 2.00E+07 eV (end of RRR) at T= 300 Kelvin 
 Thermal (n,el) xs=  2.49365 b.
 RI      (n,el)   =  35.701 b.
 ============= PSYCHE values ==============
 Ave. G_total L0  =  345.896 eV
 Ave. G_total L1  =  47113 eV
 Ave. G_total L2  =  311.3 eV
 Ave. Gn_0    L0  =  0.549018
 Ave. Gn_0    L1  =  141.819
 Ave. Gn_0    L2  =  7.99877
 Ave. Gg      L0  =  4.16903 eV
 Ave. Gg      L1  =  1.73464 eV
 Ave. Gg      L2  =  5.13279 eV
 Ave. D       L0  =  298937 eV
 Ave. D       L1  =  448406 eV
 Ave. D       L2  =  298937 eV
 Ave. S       L0  =  2.44875e-06 eV
 Ave. S       L1  =  0.000173659 eV
 Ave. S       L2  =  1.85185e-05 eV
 =========================================
 ... iteration 2: C/E thermal (n,g)= 0.101724
 ...             C/E RI (n,g)= 0.114833  [RRR: 0.019297 b. + above RRR: 0.00022454 b. ; reference: 0.17 b.]
 Warning: no further change possible (widths at the limit of a factor 10): adjustment stopped


 ... ratio C/E thermal (n,g): 1.017240E-01
 ...................................................... 
 ... Adjustment to the thermal cross section : stop ...
 ...................................................... 
 ... new MF2 file after adjustment: n-S036
 ... read the file /Users/koning/tares-1.8/source/Module//../../inputs/2025/list.jcs.urr to find URR origin
 Default URR taken from TALYS calculations with level density model: 91n3n12611.2850
 File considered for the URR: /Users/koning/tares-1.8/source/Module//../../inputs/2025/lib.urr/talys.urr/91n3n12611.2850/S/urr/urr.dat.S.036.000.0.gz
 ... Write URR using TALYS average parameters (not used for HFR)
 Energy limit of the URR set to 1.07617e+06 eV
 ... read D0, S0, Gn and Gg
 ... number of URR energies: 30
 Number of l: 30 and last energy: 5
 Last  URR energy: 1.07617e+06 eV
 Last energy URR higher than 1 MeV, URR will be removed later
 ... Enter in update_MF32 function
 ... Change uncertainties
 ... for the HFR, random position of the positive resonances with 0.020949 %
 ... MF32: 3 energy correlation lines (time of flight) for the first 3 evaluated resonances
 ... end of update MF32 function
 ... GLS calculation of the parameter correlations from the thermal/RI adjustment (MF32c)
 ... MF32: correlations from the thermal/RI adjustment (GLS) for 3 resonances (6 widths), 1 correlation lines
 ...   thermal (n,g): uncertainty from these widths 0.00925211 b. -> 0.00502696 b. (reference: 0.236 +/- 0.006 b.)
 ...   RI(n,g): uncertainty from these widths 0.00392152 b. -> 0.00213083 b. (reference: 0.17 +/- 0.04 b.)
 ... copy the mf2 and mf32 to .mlbw files

 ... Start of final reconstruction and testing ...
 ... Reconstruction of cross sections at 0 Kelvin  ... Import MF2 from TARES calculations
 ... End energy of TARES MF2 : 8.968121E+5 eV and limit to 40000 resonances
 ... File used for reconstruction: n-S036.reconst
 ... run RECENT ...
 ... Doppler broadened at a unique temperature: 0 Kelvin using sigma1
 ... The keyword temperature is zero, no Doppler broadening for the MACS

 ============== INTER values at 0 Kelvin ==============
 Thermal (n,g) xs =  0.0240004 b. (meas/sys: 0.236 b.) (warning: comparison to be done at 296 or 300 K)
 Th Maxw (n,g) xs =  0.024014 b. (thermal Maxwellian value)
 Westcott factor  =  1.00056
 RI      (n,g)    =  0.0194409 b. (meas or sys: 0.17 b.)
 MACS 3.000e+04 eV=  0.0046165 b. (meas or sys: - b.) from 1.00E+00 to 8.97E+05 eV (end of RRR) at T= 0 Kelvin 
 Thermal (n,el) xs=  2.45873 b.
 RI      (n,el)   =  35.6864 b.
 ============= PSYCHE values ==============
 Ave. G_total L0  =  345.896 eV
 Ave. G_total L1  =  47113 eV
 Ave. G_total L2  =  311.3 eV
 Ave. Gn_0    L0  =  0.549018
 Ave. Gn_0    L1  =  141.819
 Ave. Gn_0    L2  =  7.99877
 Ave. Gg      L0  =  4.16903 eV
 Ave. Gg      L1  =  1.73464 eV
 Ave. Gg      L2  =  5.13279 eV
 Ave. D       L0  =  298937 eV
 Ave. D       L1  =  448406 eV
 Ave. D       L2  =  298937 eV
 Ave. S       L0  =  2.44875e-06 eV
 Ave. S       L1  =  0.000173659 eV
 Ave. S       L2  =  1.85185e-05 eV
 =========================================
 ... End of final reconstruction and testing ...

 ... grouping is not optimum, change to 70 groups
 ... Produce MF33 based on MF32 and 300 random files
 ... run endsam for 300 in groups of 1 global run(s)
 ... run endsam from 201 to 300
 ... reorder resonance position after endsam (sampling)
 ... preparing the vectors  ... done
 ... nominal file 0 Cap(th)  ave= 2.400E-02 b. +/- 0.00 % || Ela(th) ave= 2.459E+00 b. +/- 0.00 % || RIcap ave= 1.92E-02 b. +/- 0.00 % || Macs30 ave= 4.62E-03 b. +/- 0.00 % || Gn^0(l=0) ave= 5.490E-01 +/- 0.00 % Gn^0(l=1) ave= 1.418E+02 +/- 0.00 % Gn^0(l=2) ave= 7.999E+00 +/- 0.00 % Gn^0(l=3) ave= 0.000E+00 +/- 0.00 % || Gtotal(l=0) ave= 3.459E+02 +/- 0.00 % Gtotal(l=1) ave= 4.711E+04 +/- 0.00 % Gtotal(l=2) ave= 3.113E+02 +/- 0.00 % Gtotal(l=3) ave= 0.000E+00 +/- 0.00 %  % || Gg(l=0) ave= 4.169E+00 +/- 0.00 % Gg(l=1) ave= 1.735E+00 +/- 0.00 % Gg(l=2) ave= 5.133E+00 +/- 0.00 % Gg(l=3) ave= 0.000E+00 +/- 0.00 %  % || D(l=0) ave= 2.989E+05 +/- 0.00 % D(l=1) ave= 4.484E+05 +/- 0.00 % D(l=2) ave= 2.989E+05 +/- 0.00 % D(l=3) ave= 0.000E+00 +/- 0.00 %  % || S(l=0) ave= 2.449E-06 +/- 0.00 % S(l=1) ave= 1.737E-04 +/- 0.00 % S(l=2) ave= 1.852E-05 +/- 0.00 % S(l=3) ave= 0.000E+00 +/- 0.00 % 
 ... random file  1 Cap(th)  ave= 2.683E-02 b. +/- 10.56 % || Ela(th) ave= 2.530E+00 b. +/- 2.81 % || RIcap ave= 2.04E-02 b. +/- 5.96 % || Macs30 ave= 4.62E-03 b. +/- 0.06 % || Gn^0(l=0) ave= 5.501E-01 +/- 0.19 % Gn^0(l=1) ave= 1.395E+02 +/- 1.63 % Gn^0(l=2) ave= 7.622E+00 +/- 4.94 % Gn^0(l=3) ave= 0.000E+00 +/- 0.00 % || Gtotal(l=0) ave= 3.459E+02 +/- 0.00 % Gtotal(l=1) ave= 4.711E+04 +/- 0.00 % Gtotal(l=2) ave= 3.113E+02 +/- 0.00 % Gtotal(l=3) ave= 0.000E+00 +/- 0.00 %  % || Gg(l=0) ave= 4.097E+00 +/- 1.76 % Gg(l=1) ave= 1.709E+00 +/- 1.49 % Gg(l=2) ave= 5.406E+00 +/- 5.05 % Gg(l=3) ave= 0.000E+00 +/- 0.00 %  % || D(l=0) ave= 2.989E+05 +/- 0.00 % D(l=1) ave= 4.484E+05 +/- 0.00 % D(l=2) ave= 2.989E+05 +/- 0.00 % D(l=3) ave= 0.000E+00 +/- 0.00 %  % || S(l=0) ave= 2.454E-06 +/- 0.19 % S(l=1) ave= 1.708E-04 +/- 1.65 % S(l=2) ave= 1.764E-05 +/- 4.97 % S(l=3) ave= 0.000E+00 +/- 0.00 % 
 ... random file  2 Cap(th)  ave= 2.581E-02 b. +/- 10.59 % || Ela(th) ave= 2.442E+00 b. +/- 5.62 % || RIcap ave= 2.00E-02 b. +/- 5.78 % || Macs30 ave= 4.62E-03 b. +/- 0.11 % || Gn^0(l=0) ave= 5.031E-01 +/- 13.22 % Gn^0(l=1) ave= 1.431E+02 +/- 3.76 % Gn^0(l=2) ave= 8.148E+00 +/- 9.88 % Gn^0(l=3) ave= 0.000E+00 +/- 0.00 % || Gtotal(l=0) ave= 2.820E+02 +/- 32.02 % Gtotal(l=1) ave= 4.711E+04 +/- 0.00 % Gtotal(l=2) ave= 3.113E+02 +/- 0.00 % Gtotal(l=3) ave= 0.000E+00 +/- 0.00 %  % || Gg(l=0) ave= 4.173E+00 +/- 2.93 % Gg(l=1) ave= 1.671E+00 +/- 3.45 % Gg(l=2) ave= 5.561E+00 +/- 5.62 % Gg(l=3) ave= 0.000E+00 +/- 0.00 %  % || D(l=0) ave= 3.488E+05 +/- 20.20 % D(l=1) ave= 4.484E+05 +/- 0.00 % D(l=2) ave= 2.989E+05 +/- 0.00 % D(l=3) ave= 0.000E+00 +/- 0.00 %  % || S(l=0) ave= 2.092E-06 +/- 24.46 % S(l=1) ave= 1.752E-04 +/- 3.73 % S(l=2) ave= 1.885E-05 +/- 9.86 % S(l=3) ave= 0.000E+00 +/- 0.00 % 
 ... random file  3 Cap(th)  ave= 2.564E-02 b. +/- 9.30 % || Ela(th) ave= 2.413E+00 b. +/- 5.35 % || RIcap ave= 2.00E-02 b. +/- 5.05 % || Macs30 ave= 4.63E-03 b. +/- 0.20 % || Gn^0(l=0) ave= 4.795E-01 +/- 14.73 % Gn^0(l=1) ave= 1.440E+02 +/- 3.40 % Gn^0(l=2) ave= 8.308E+00 +/- 9.03 % Gn^0(l=3) ave= 0.000E+00 +/- 0.00 % || Gtotal(l=0) ave= 2.501E+02 +/- 38.30 % Gtotal(l=1) ave= 4.711E+04 +/- 0.00 % Gtotal(l=2) ave= 3.113E+02 +/- 0.00 % Gtotal(l=3) ave= 0.000E+00 +/- 0.00 %  % || Gg(l=0) ave= 4.206E+00 +/- 2.87 % Gg(l=1) ave= 1.688E+00 +/- 3.42 % Gg(l=2) ave= 5.579E+00 +/- 4.89 % Gg(l=3) ave= 0.000E+00 +/- 0.00 %  % || D(l=0) ave= 3.737E+05 +/- 20.00 % D(l=1) ave= 4.484E+05 +/- 0.00 % D(l=2) ave= 2.989E+05 +/- 0.00 % D(l=3) ave= 0.000E+00 +/- 0.00 %  % || S(l=0) ave= 1.911E-06 +/- 28.42 % S(l=1) ave= 1.763E-04 +/- 3.39 % S(l=2) ave= 1.922E-05 +/- 9.01 % S(l=3) ave= 0.000E+00 +/- 0.00 % 
 ... random file  4 Cap(th)  ave= 2.421E-02 b. +/- 14.74 % || Ela(th) ave= 2.458E+00 b. +/- 5.95 % || RIcap ave= 1.94E-02 b. +/- 7.75 % || Macs30 ave= 4.63E-03 b. +/- 0.20 % || Gn^0(l=0) ave= 4.933E-01 +/- 13.98 % Gn^0(l=1) ave= 1.424E+02 +/- 3.77 % Gn^0(l=2) ave= 8.063E+00 +/- 10.31 % Gn^0(l=3) ave= 0.000E+00 +/- 0.00 % || Gtotal(l=0) ave= 2.693E+02 +/- 34.86 % Gtotal(l=1) ave= 4.711E+04 +/- 0.00 % Gtotal(l=2) ave= 3.113E+02 +/- 0.00 % Gtotal(l=3) ave= 0.000E+00 +/- 0.00 %  % || Gg(l=0) ave= 4.167E+00 +/- 3.22 % Gg(l=1) ave= 1.774E+00 +/- 10.13 % Gg(l=2) ave= 5.542E+00 +/- 4.60 % Gg(l=3) ave= 0.000E+00 +/- 0.00 %  % || D(l=0) ave= 3.587E+05 +/- 20.41 % D(l=1) ave= 4.484E+05 +/- 0.00 % D(l=2) ave= 2.989E+05 +/- 0.00 % D(l=3) ave= 0.000E+00 +/- 0.00 %  % || S(l=0) ave= 2.018E-06 +/- 26.31 % S(l=1) ave= 1.744E-04 +/- 3.76 % S(l=2) ave= 1.866E-05 +/- 10.26 % S(l=3) ave= 0.000E+00 +/- 0.00 % 
 ... random file  5 Cap(th)  ave= 2.460E-02 b. +/- 13.71 % || Ela(th) ave= 2.498E+00 b. +/- 6.44 % || RIcap ave= 1.95E-02 b. +/- 7.25 % || Macs30 ave= 4.63E-03 b. +/- 0.18 % || Gn^0(l=0) ave= 4.793E-01 +/- 14.67 % Gn^0(l=1) ave= 1.411E+02 +/- 4.07 % Gn^0(l=2) ave= 7.860E+00 +/- 11.24 % Gn^0(l=3) ave= 0.000E+00 +/- 0.00 % || Gtotal(l=0) ave= 2.501E+02 +/- 38.30 % Gtotal(l=1) ave= 4.711E+04 +/- 0.00 % Gtotal(l=2) ave= 3.113E+02 +/- 0.00 % Gtotal(l=3) ave= 0.000E+00 +/- 0.00 %  % || Gg(l=0) ave= 4.191E+00 +/- 3.19 % Gg(l=1) ave= 1.779E+00 +/- 9.25 % Gg(l=2) ave= 5.487E+00 +/- 4.79 % Gg(l=3) ave= 0.000E+00 +/- 0.00 %  % || D(l=0) ave= 3.737E+05 +/- 20.00 % D(l=1) ave= 4.484E+05 +/- 0.00 % D(l=2) ave= 2.989E+05 +/- 0.00 % D(l=3) ave= 0.000E+00 +/- 0.00 %  % || S(l=0) ave= 1.910E-06 +/- 28.36 % S(l=1) ave= 1.727E-04 +/- 4.05 % S(l=2) ave= 1.820E-05 +/- 11.19 % S(l=3) ave= 0.000E+00 +/- 0.00 % 
 ... random file  6 Cap(th)  ave= 2.370E-02 b. +/- 16.12 % || Ela(th) ave= 2.473E+00 b. +/- 6.52 % || RIcap ave= 1.91E-02 b. +/- 8.58 % || Macs30 ave= 4.62E-03 b. +/- 0.35 % || Gn^0(l=0) ave= 4.894E-01 +/- 14.23 % Gn^0(l=1) ave= 1.419E+02 +/- 4.00 % Gn^0(l=2) ave= 8.001E+00 +/- 11.09 % Gn^0(l=3) ave= 0.000E+00 +/- 0.00 % || Gtotal(l=0) ave= 2.638E+02 +/- 35.94 % Gtotal(l=1) ave= 4.711E+04 +/- 0.00 % Gtotal(l=2) ave= 3.113E+02 +/- 0.00 % Gtotal(l=3) ave= 0.000E+00 +/- 0.00 %  % || Gg(l=0) ave= 4.177E+00 +/- 3.07 % Gg(l=1) ave= 1.791E+00 +/- 8.66 % Gg(l=2) ave= 5.341E+00 +/- 8.10 % Gg(l=3) ave= 0.000E+00 +/- 0.00 %  % || D(l=0) ave= 3.630E+05 +/- 20.38 % D(l=1) ave= 4.484E+05 +/- 0.00 % D(l=2) ave= 2.989E+05 +/- 0.00 % D(l=3) ave= 0.000E+00 +/- 0.00 %  % || S(l=0) ave= 1.987E-06 +/- 26.98 % S(l=1) ave= 1.737E-04 +/- 3.99 % S(l=2) ave= 1.852E-05 +/- 11.06 % S(l=3) ave= 0.000E+00 +/- 0.00 % 
 ... random file  7 Cap(th)  ave= 2.491E-02 b. +/- 19.26 % || Ela(th) ave= 2.497E+00 b. +/- 6.56 % || RIcap ave= 1.96E-02 b. +/- 10.42 % || Macs30 ave= 4.62E-03 b. +/- 0.33 % || Gn^0(l=0) ave= 4.967E-01 +/- 13.68 % Gn^0(l=1) ave= 1.409E+02 +/- 4.24 % Gn^0(l=2) ave= 7.870E+00 +/- 11.43 % Gn^0(l=3) ave= 0.000E+00 +/- 0.00 % || Gtotal(l=0) ave= 2.740E+02 +/- 33.85 % Gtotal(l=1) ave= 4.711E+04 +/- 0.00 % Gtotal(l=2) ave= 3.113E+02 +/- 0.00 % Gtotal(l=3) ave= 0.000E+00 +/- 0.00 %  % || Gg(l=0) ave= 4.194E+00 +/- 3.05 % Gg(l=1) ave= 1.786E+00 +/- 8.17 % Gg(l=2) ave= 5.324E+00 +/- 7.64 % Gg(l=3) ave= 0.000E+00 +/- 0.00 %  % || D(l=0) ave= 3.550E+05 +/- 20.38 % D(l=1) ave= 4.484E+05 +/- 0.00 % D(l=2) ave= 2.989E+05 +/- 0.00 % D(l=3) ave= 0.000E+00 +/- 0.00 %  % || S(l=0) ave= 2.044E-06 +/- 25.62 % S(l=1) ave= 1.725E-04 +/- 4.21 % S(l=2) ave= 1.822E-05 +/- 11.39 % S(l=3) ave= 0.000E+00 +/- 0.00 % 
 ... random file  8 Cap(th)  ave= 2.491E-02 b. +/- 18.16 % || Ela(th) ave= 2.468E+00 b. +/- 7.10 % || RIcap ave= 1.96E-02 b. +/- 9.83 % || Macs30 ave= 4.62E-03 b. +/- 0.43 % || Gn^0(l=0) ave= 4.871E-01 +/- 14.29 % Gn^0(l=1) ave= 1.419E+02 +/- 4.46 % Gn^0(l=2) ave= 8.046E+00 +/- 12.23 % Gn^0(l=3) ave= 0.000E+00 +/- 0.00 % || Gtotal(l=0) ave= 2.607E+02 +/- 36.51 % Gtotal(l=1) ave= 4.711E+04 +/- 0.00 % Gtotal(l=2) ave= 3.113E+02 +/- 0.00 % Gtotal(l=3) ave= 0.000E+00 +/- 0.00 %  % || Gg(l=0) ave= 4.204E+00 +/- 2.94 % Gg(l=1) ave= 1.767E+00 +/- 8.36 % Gg(l=2) ave= 5.293E+00 +/- 7.44 % Gg(l=3) ave= 0.000E+00 +/- 0.00 %  % || D(l=0) ave= 3.654E+05 +/- 20.33 % D(l=1) ave= 4.484E+05 +/- 0.00 % D(l=2) ave= 2.989E+05 +/- 0.00 % D(l=3) ave= 0.000E+00 +/- 0.00 %  % || S(l=0) ave= 1.970E-06 +/- 27.27 % S(l=1) ave= 1.738E-04 +/- 4.44 % S(l=2) ave= 1.863E-05 +/- 12.21 % S(l=3) ave= 0.000E+00 +/- 0.00 % 
 ... random file  9 Cap(th)  ave= 2.493E-02 b. +/- 17.22 % || Ela(th) ave= 2.471E+00 b. +/- 6.74 % || RIcap ave= 1.96E-02 b. +/- 9.33 % || Macs30 ave= 4.62E-03 b. +/- 0.41 % || Gn^0(l=0) ave= 4.792E-01 +/- 14.65 % Gn^0(l=1) ave= 1.417E+02 +/- 4.26 % Gn^0(l=2) ave= 8.019E+00 +/- 11.69 % Gn^0(l=3) ave= 0.000E+00 +/- 0.00 % || Gtotal(l=0) ave= 2.501E+02 +/- 38.30 % Gtotal(l=1) ave= 4.711E+04 +/- 0.00 % Gtotal(l=2) ave= 3.113E+02 +/- 0.00 % Gtotal(l=3) ave= 0.000E+00 +/- 0.00 %  % || Gg(l=0) ave= 4.214E+00 +/- 2.87 % Gg(l=1) ave= 1.772E+00 +/- 7.96 % Gg(l=2) ave= 5.142E+00 +/- 11.40 % Gg(l=3) ave= 0.000E+00 +/- 0.00 %  % || D(l=0) ave= 3.737E+05 +/- 20.00 % D(l=1) ave= 4.484E+05 +/- 0.00 % D(l=2) ave= 2.989E+05 +/- 0.00 % D(l=3) ave= 0.000E+00 +/- 0.00 %  % || S(l=0) ave= 1.909E-06 +/- 28.34 % S(l=1) ave= 1.735E-04 +/- 4.23 % S(l=2) ave= 1.857E-05 +/- 11.66 % S(l=3) ave= 0.000E+00 +/- 0.00 % 
 ... random file  10 Cap(th)  ave= 2.423E-02 b. +/- 19.20 % || Ela(th) ave= 2.452E+00 b. +/- 6.94 % || RIcap ave= 1.93E-02 b. +/- 10.28 % || Macs30 ave= 4.62E-03 b. +/- 0.39 % || Gn^0(l=0) ave= 4.857E-01 +/- 14.43 % Gn^0(l=1) ave= 1.425E+02 +/- 4.40 % Gn^0(l=2) ave= 8.135E+00 +/- 11.87 % Gn^0(l=3) ave= 0.000E+00 +/- 0.00 % || Gtotal(l=0) ave= 2.588E+02 +/- 36.86 % Gtotal(l=1) ave= 4.711E+04 +/- 0.00 % Gtotal(l=2) ave= 3.113E+02 +/- 0.00 % Gtotal(l=3) ave= 0.000E+00 +/- 0.00 %  % || Gg(l=0) ave= 4.229E+00 +/- 2.96 % Gg(l=1) ave= 1.746E+00 +/- 9.11 % Gg(l=2) ave= 5.112E+00 +/- 11.09 % Gg(l=3) ave= 0.000E+00 +/- 0.00 %  % || D(l=0) ave= 3.669E+05 +/- 20.29 % D(l=1) ave= 4.484E+05 +/- 0.00 % D(l=2) ave= 2.989E+05 +/- 0.00 % D(l=3) ave= 0.000E+00 +/- 0.00 %  % || S(l=0) ave= 1.959E-06 +/- 27.55 % S(l=1) ave= 1.745E-04 +/- 4.38 % S(l=2) ave= 1.884E-05 +/- 11.84 % S(l=3) ave= 0.000E+00 +/- 0.00 % 
 ... random file  11 Cap(th)  ave= 2.347E-02 b. +/- 21.82 % || Ela(th) ave= 2.464E+00 b. +/- 6.81 % || RIcap ave= 1.90E-02 b. +/- 11.53 % || Macs30 ave= 4.62E-03 b. +/- 0.38 % || Gn^0(l=0) ave= 4.792E-01 +/- 14.72 % Gn^0(l=1) ave= 1.421E+02 +/- 4.34 % Gn^0(l=2) ave= 8.063E+00 +/- 11.84 % Gn^0(l=3) ave= 0.000E+00 +/- 0.00 % || Gtotal(l=0) ave= 2.501E+02 +/- 38.30 % Gtotal(l=1) ave= 4.711E+04 +/- 0.00 % Gtotal(l=2) ave= 3.113E+02 +/- 0.00 % Gtotal(l=3) ave= 0.000E+00 +/- 0.00 %  % || Gg(l=0) ave= 4.234E+00 +/- 2.86 % Gg(l=1) ave= 1.723E+00 +/- 9.87 % Gg(l=2) ave= 5.046E+00 +/- 11.61 % Gg(l=3) ave= 0.000E+00 +/- 0.00 %  % || D(l=0) ave= 3.737E+05 +/- 20.00 % D(l=1) ave= 4.484E+05 +/- 0.00 % D(l=2) ave= 2.989E+05 +/- 0.00 % D(l=3) ave= 0.000E+00 +/- 0.00 %  % || S(l=0) ave= 1.909E-06 +/- 28.41 % S(l=1) ave= 1.740E-04 +/- 4.32 % S(l=2) ave= 1.867E-05 +/- 11.82 % S(l=3) ave= 0.000E+00 +/- 0.00 % 
 ... random file  12 Cap(th)  ave= 2.433E-02 b. +/- 23.68 % || Ela(th) ave= 2.466E+00 b. +/- 6.54 % || RIcap ave= 1.94E-02 b. +/- 12.74 % || Macs30 ave= 4.62E-03 b. +/- 0.37 % || Gn^0(l=0) ave= 4.845E-01 +/- 14.49 % Gn^0(l=1) ave= 1.419E+02 +/- 4.19 % Gn^0(l=2) ave= 8.047E+00 +/- 11.42 % Gn^0(l=3) ave= 0.000E+00 +/- 0.00 % || Gtotal(l=0) ave= 2.575E+02 +/- 37.10 % Gtotal(l=1) ave= 4.711E+04 +/- 0.00 % Gtotal(l=2) ave= 3.113E+02 +/- 0.00 % Gtotal(l=3) ave= 0.000E+00 +/- 0.00 %  % || Gg(l=0) ave= 4.224E+00 +/- 2.88 % Gg(l=1) ave= 1.737E+00 +/- 9.86 % Gg(l=2) ave= 5.068E+00 +/- 11.20 % Gg(l=3) ave= 0.000E+00 +/- 0.00 %  % || D(l=0) ave= 3.679E+05 +/- 20.25 % D(l=1) ave= 4.484E+05 +/- 0.00 % D(l=2) ave= 2.989E+05 +/- 0.00 % D(l=3) ave= 0.000E+00 +/- 0.00 %  % || S(l=0) ave= 1.951E-06 +/- 27.70 % S(l=1) ave= 1.738E-04 +/- 4.17 % S(l=2) ave= 1.863E-05 +/- 11.40 % S(l=3) ave= 0.000E+00 +/- 0.00 % 
 ... random file  13 Cap(th)  ave= 2.428E-02 b. +/- 22.88 % || Ela(th) ave= 2.480E+00 b. +/- 6.60 % || RIcap ave= 1.93E-02 b. +/- 12.29 % || Macs30 ave= 4.62E-03 b. +/- 0.37 % || Gn^0(l=0) ave= 4.891E-01 +/- 14.25 % Gn^0(l=1) ave= 1.414E+02 +/- 4.24 % Gn^0(l=2) ave= 7.968E+00 +/- 11.67 % Gn^0(l=3) ave= 0.000E+00 +/- 0.00 % || Gtotal(l=0) ave= 2.638E+02 +/- 35.94 % Gtotal(l=1) ave= 4.711E+04 +/- 0.00 % Gtotal(l=2) ave= 3.113E+02 +/- 0.00 % Gtotal(l=3) ave= 0.000E+00 +/- 0.00 %  % || Gg(l=0) ave= 4.212E+00 +/- 2.98 % Gg(l=1) ave= 1.747E+00 +/- 9.66 % Gg(l=2) ave= 5.048E+00 +/- 10.93 % Gg(l=3) ave= 0.000E+00 +/- 0.00 %  % || D(l=0) ave= 3.630E+05 +/- 20.38 % D(l=1) ave= 4.484E+05 +/- 0.00 % D(l=2) ave= 2.989E+05 +/- 0.00 % D(l=3) ave= 0.000E+00 +/- 0.00 %  % || S(l=0) ave= 1.986E-06 +/- 27.00 % S(l=1) ave= 1.732E-04 +/- 4.22 % S(l=2) ave= 1.845E-05 +/- 11.65 % S(l=3) ave= 0.000E+00 +/- 0.00 % 
 ... random file  14 Cap(th)  ave= 2.452E-02 b. +/- 22.19 % || Ela(th) ave= 2.488E+00 b. +/- 6.47 % || RIcap ave= 1.94E-02 b. +/- 11.96 % || Macs30 ave= 4.62E-03 b. +/- 0.38 % || Gn^0(l=0) ave= 4.837E-01 +/- 14.53 % Gn^0(l=1) ave= 1.412E+02 +/- 4.16 % Gn^0(l=2) ave= 7.920E+00 +/- 11.58 % Gn^0(l=3) ave= 0.000E+00 +/- 0.00 % || Gtotal(l=0) ave= 2.565E+02 +/- 37.27 % Gtotal(l=1) ave= 4.711E+04 +/- 0.00 % Gtotal(l=2) ave= 3.113E+02 +/- 0.00 % Gtotal(l=3) ave= 0.000E+00 +/- 0.00 %  % || Gg(l=0) ave= 4.217E+00 +/- 2.92 % Gg(l=1) ave= 1.749E+00 +/- 9.33 % Gg(l=2) ave= 5.008E+00 +/- 11.07 % Gg(l=3) ave= 0.000E+00 +/- 0.00 %  % || D(l=0) ave= 3.687E+05 +/- 20.23 % D(l=1) ave= 4.484E+05 +/- 0.00 % D(l=2) ave= 2.989E+05 +/- 0.00 % D(l=3) ave= 0.000E+00 +/- 0.00 %  % || S(l=0) ave= 1.945E-06 +/- 27.81 % S(l=1) ave= 1.729E-04 +/- 4.13 % S(l=2) ave= 1.834E-05 +/- 11.56 % S(l=3) ave= 0.000E+00 +/- 0.00 % 
 ... random file  15 Cap(th)  ave= 2.514E-02 b. +/- 23.02 % || Ela(th) ave= 2.489E+00 b. +/- 6.26 % || RIcap ave= 1.97E-02 b. +/- 12.54 % || Macs30 ave= 4.61E-03 b. +/- 0.41 % || Gn^0(l=0) ave= 4.792E-01 +/- 14.67 % Gn^0(l=1) ave= 1.411E+02 +/- 4.03 % Gn^0(l=2) ave= 7.907E+00 +/- 11.24 % Gn^0(l=3) ave= 0.000E+00 +/- 0.00 % || Gtotal(l=0) ave= 2.501E+02 +/- 38.30 % Gtotal(l=1) ave= 4.711E+04 +/- 0.00 % Gtotal(l=2) ave= 3.113E+02 +/- 0.00 % Gtotal(l=3) ave= 0.000E+00 +/- 0.00 %  % || Gg(l=0) ave= 4.222E+00 +/- 2.85 % Gg(l=1) ave= 1.763E+00 +/- 9.49 % Gg(l=2) ave= 5.039E+00 +/- 10.91 % Gg(l=3) ave= 0.000E+00 +/- 0.00 %  % || D(l=0) ave= 3.737E+05 +/- 20.00 % D(l=1) ave= 4.484E+05 +/- 0.00 % D(l=2) ave= 2.989E+05 +/- 0.00 % D(l=3) ave= 0.000E+00 +/- 0.00 %  % || S(l=0) ave= 1.909E-06 +/- 28.36 % S(l=1) ave= 1.728E-04 +/- 4.01 % S(l=2) ave= 1.831E-05 +/- 11.23 % S(l=3) ave= 0.000E+00 +/- 0.00 % 
 ... random file  16 Cap(th)  ave= 2.531E-02 b. +/- 22.35 % || Ela(th) ave= 2.489E+00 b. +/- 6.08 % || RIcap ave= 1.98E-02 b. +/- 12.20 % || Macs30 ave= 4.61E-03 b. +/- 0.40 % || Gn^0(l=0) ave= 4.752E-01 +/- 14.74 % Gn^0(l=1) ave= 1.411E+02 +/- 3.91 % Gn^0(l=2) ave= 7.902E+00 +/- 10.92 % Gn^0(l=3) ave= 0.000E+00 +/- 0.00 % || Gtotal(l=0) ave= 2.445E+02 +/- 39.12 % Gtotal(l=1) ave= 4.711E+04 +/- 0.00 % Gtotal(l=2) ave= 3.113E+02 +/- 0.00 % Gtotal(l=3) ave= 0.000E+00 +/- 0.00 %  % || Gg(l=0) ave= 4.227E+00 +/- 2.81 % Gg(l=1) ave= 1.749E+00 +/- 9.83 % Gg(l=2) ave= 5.071E+00 +/- 10.83 % Gg(l=3) ave= 0.000E+00 +/- 0.00 %  % || D(l=0) ave= 3.781E+05 +/- 19.73 % D(l=1) ave= 4.484E+05 +/- 0.00 % D(l=2) ave= 2.989E+05 +/- 0.00 % D(l=3) ave= 0.000E+00 +/- 0.00 %  % || S(l=0) ave= 1.878E-06 +/- 28.76 % S(l=1) ave= 1.728E-04 +/- 3.89 % S(l=2) ave= 1.830E-05 +/- 10.90 % S(l=3) ave= 0.000E+00 +/- 0.00 % 
 ... random file  17 Cap(th)  ave= 2.549E-02 b. +/- 21.75 % || Ela(th) ave= 2.477E+00 b. +/- 6.28 % || RIcap ave= 1.98E-02 b. +/- 11.92 % || Macs30 ave= 4.62E-03 b. +/- 0.39 % || Gn^0(l=0) ave= 4.792E-01 +/- 14.62 % Gn^0(l=1) ave= 1.416E+02 +/- 4.02 % Gn^0(l=2) ave= 7.975E+00 +/- 11.16 % Gn^0(l=3) ave= 0.000E+00 +/- 0.00 % || Gtotal(l=0) ave= 2.501E+02 +/- 38.30 % Gtotal(l=1) ave= 4.711E+04 +/- 0.00 % Gtotal(l=2) ave= 3.113E+02 +/- 0.00 % Gtotal(l=3) ave= 0.000E+00 +/- 0.00 %  % || Gg(l=0) ave= 4.222E+00 +/- 2.79 % Gg(l=1) ave= 1.770E+00 +/- 10.63 % Gg(l=2) ave= 5.079E+00 +/- 10.53 % Gg(l=3) ave= 0.000E+00 +/- 0.00 %  % || D(l=0) ave= 3.737E+05 +/- 20.00 % D(l=1) ave= 4.484E+05 +/- 0.00 % D(l=2) ave= 2.989E+05 +/- 0.00 % D(l=3) ave= 0.000E+00 +/- 0.00 %  % || S(l=0) ave= 1.909E-06 +/- 28.32 % S(l=1) ave= 1.734E-04 +/- 4.00 % S(l=2) ave= 1.846E-05 +/- 11.15 % S(l=3) ave= 0.000E+00 +/- 0.00 % 
 ... random file  18 Cap(th)  ave= 2.475E-02 b. +/- 25.23 % || Ela(th) ave= 2.473E+00 b. +/- 6.16 % || RIcap ave= 1.95E-02 b. +/- 13.67 % || Macs30 ave= 4.61E-03 b. +/- 0.41 % || Gn^0(l=0) ave= 4.830E-01 +/- 14.50 % Gn^0(l=1) ave= 1.417E+02 +/- 3.92 % Gn^0(l=2) ave= 7.995E+00 +/- 10.89 % Gn^0(l=3) ave= 0.000E+00 +/- 0.00 % || Gtotal(l=0) ave= 2.551E+02 +/- 37.50 % Gtotal(l=1) ave= 4.711E+04 +/- 0.00 % Gtotal(l=2) ave= 3.113E+02 +/- 0.00 % Gtotal(l=3) ave= 0.000E+00 +/- 0.00 %  % || Gg(l=0) ave= 4.209E+00 +/- 3.02 % Gg(l=1) ave= 1.762E+00 +/- 10.56 % Gg(l=2) ave= 5.057E+00 +/- 10.46 % Gg(l=3) ave= 0.000E+00 +/- 0.00 %  % || D(l=0) ave= 3.697E+05 +/- 20.18 % D(l=1) ave= 4.484E+05 +/- 0.00 % D(l=2) ave= 2.989E+05 +/- 0.00 % D(l=3) ave= 0.000E+00 +/- 0.00 %  % || S(l=0) ave= 1.938E-06 +/- 27.87 % S(l=1) ave= 1.735E-04 +/- 3.90 % S(l=2) ave= 1.851E-05 +/- 10.88 % S(l=3) ave= 0.000E+00 +/- 0.00 % 
 ... random file  19 Cap(th)  ave= 2.502E-02 b. +/- 24.79 % || Ela(th) ave= 2.476E+00 b. +/- 6.02 % || RIcap ave= 1.96E-02 b. +/- 13.49 % || Macs30 ave= 4.61E-03 b. +/- 0.42 % || Gn^0(l=0) ave= 4.863E-01 +/- 14.35 % Gn^0(l=1) ave= 1.416E+02 +/- 3.84 % Gn^0(l=2) ave= 7.975E+00 +/- 10.70 % Gn^0(l=3) ave= 0.000E+00 +/- 0.00 % || Gtotal(l=0) ave= 2.597E+02 +/- 36.71 % Gtotal(l=1) ave= 4.711E+04 +/- 0.00 % Gtotal(l=2) ave= 3.113E+02 +/- 0.00 % Gtotal(l=3) ave= 0.000E+00 +/- 0.00 %  % || Gg(l=0) ave= 4.195E+00 +/- 3.25 % Gg(l=1) ave= 1.767E+00 +/- 10.33 % Gg(l=2) ave= 5.036E+00 +/- 10.39 % Gg(l=3) ave= 0.000E+00 +/- 0.00 %  % || D(l=0) ave= 3.662E+05 +/- 20.31 % D(l=1) ave= 4.484E+05 +/- 0.00 % D(l=2) ave= 2.989E+05 +/- 0.00 % D(l=3) ave= 0.000E+00 +/- 0.00 %  % || S(l=0) ave= 1.964E-06 +/- 27.41 % S(l=1) ave= 1.734E-04 +/- 3.82 % S(l=2) ave= 1.846E-05 +/- 10.68 % S(l=3) ave= 0.000E+00 +/- 0.00 % 
 ... random file  20 Cap(th)  ave= 2.459E-02 b. +/- 25.86 % || Ela(th) ave= 2.468E+00 b. +/- 6.08 % || RIcap ave= 1.95E-02 b. +/- 13.92 % || Macs30 ave= 4.62E-03 b. +/- 0.43 % || Gn^0(l=0) ave= 4.892E-01 +/- 14.18 % Gn^0(l=1) ave= 1.419E+02 +/- 3.87 % Gn^0(l=2) ave= 8.020E+00 +/- 10.69 % Gn^0(l=3) ave= 0.000E+00 +/- 0.00 % || Gtotal(l=0) ave= 2.638E+02 +/- 35.94 % Gtotal(l=1) ave= 4.711E+04 +/- 0.00 % Gtotal(l=2) ave= 3.113E+02 +/- 0.00 % Gtotal(l=3) ave= 0.000E+00 +/- 0.00 %  % || Gg(l=0) ave= 4.215E+00 +/- 3.81 % Gg(l=1) ave= 1.754E+00 +/- 10.63 % Gg(l=2) ave= 5.057E+00 +/- 10.27 % Gg(l=3) ave= 0.000E+00 +/- 0.00 %  % || D(l=0) ave= 3.630E+05 +/- 20.38 % D(l=1) ave= 4.484E+05 +/- 0.00 % D(l=2) ave= 2.989E+05 +/- 0.00 % D(l=3) ave= 0.000E+00 +/- 0.00 %  % || S(l=0) ave= 1.986E-06 +/- 26.94 % S(l=1) ave= 1.738E-04 +/- 3.85 % S(l=2) ave= 1.857E-05 +/- 10.67 % S(l=3) ave= 0.000E+00 +/- 0.00 % 
 ... random file  21 Cap(th)  ave= 2.439E-02 b. +/- 25.75 % || Ela(th) ave= 2.466E+00 b. +/- 5.95 % || RIcap ave= 1.94E-02 b. +/- 13.81 % || Macs30 ave= 4.62E-03 b. +/- 0.42 % || Gn^0(l=0) ave= 4.856E-01 +/- 14.36 % Gn^0(l=1) ave= 1.419E+02 +/- 3.78 % Gn^0(l=2) ave= 8.026E+00 +/- 10.44 % Gn^0(l=3) ave= 0.000E+00 +/- 0.00 % || Gtotal(l=0) ave= 2.588E+02 +/- 36.86 % Gtotal(l=1) ave= 4.711E+04 +/- 0.00 % Gtotal(l=2) ave= 3.113E+02 +/- 0.00 % Gtotal(l=3) ave= 0.000E+00 +/- 0.00 %  % || Gg(l=0) ave= 4.219E+00 +/- 3.75 % Gg(l=1) ave= 1.744E+00 +/- 10.80 % Gg(l=2) ave= 5.049E+00 +/- 10.08 % Gg(l=3) ave= 0.000E+00 +/- 0.00 %  % || D(l=0) ave= 3.669E+05 +/- 20.29 % D(l=1) ave= 4.484E+05 +/- 0.00 % D(l=2) ave= 2.989E+05 +/- 0.00 % D(l=3) ave= 0.000E+00 +/- 0.00 %  % || S(l=0) ave= 1.959E-06 +/- 27.48 % S(l=1) ave= 1.738E-04 +/- 3.76 % S(l=2) ave= 1.858E-05 +/- 10.43 % S(l=3) ave= 0.000E+00 +/- 0.00 % 
 ... random file  22 Cap(th)  ave= 2.421E-02 b. +/- 25.58 % || Ela(th) ave= 2.463E+00 b. +/- 5.86 % || RIcap ave= 1.93E-02 b. +/- 13.66 % || Macs30 ave= 4.62E-03 b. +/- 0.41 % || Gn^0(l=0) ave= 4.822E-01 +/- 14.53 % Gn^0(l=1) ave= 1.420E+02 +/- 3.70 % Gn^0(l=2) ave= 8.041E+00 +/- 10.23 % Gn^0(l=3) ave= 0.000E+00 +/- 0.00 % || Gtotal(l=0) ave= 2.543E+02 +/- 37.64 % Gtotal(l=1) ave= 4.711E+04 +/- 0.00 % Gtotal(l=2) ave= 3.113E+02 +/- 0.00 % Gtotal(l=3) ave= 0.000E+00 +/- 0.00 %  % || Gg(l=0) ave= 4.222E+00 +/- 3.67 % Gg(l=1) ave= 1.739E+00 +/- 10.68 % Gg(l=2) ave= 5.084E+00 +/- 10.32 % Gg(l=3) ave= 0.000E+00 +/- 0.00 %  % || D(l=0) ave= 3.704E+05 +/- 20.16 % D(l=1) ave= 4.484E+05 +/- 0.00 % D(l=2) ave= 2.989E+05 +/- 0.00 % D(l=3) ave= 0.000E+00 +/- 0.00 %  % || S(l=0) ave= 1.933E-06 +/- 27.96 % S(l=1) ave= 1.739E-04 +/- 3.68 % S(l=2) ave= 1.862E-05 +/- 10.21 % S(l=3) ave= 0.000E+00 +/- 0.00 % 
 ... random file  23 Cap(th)  ave= 2.373E-02 b. +/- 27.35 % || Ela(th) ave= 2.455E+00 b. +/- 5.97 % || RIcap ave= 1.91E-02 b. +/- 14.46 % || Macs30 ave= 4.62E-03 b. +/- 0.42 % || Gn^0(l=0) ave= 4.792E-01 +/- 14.63 % Gn^0(l=1) ave= 1.423E+02 +/- 3.77 % Gn^0(l=2) ave= 8.090E+00 +/- 10.37 % Gn^0(l=3) ave= 0.000E+00 +/- 0.00 % || Gtotal(l=0) ave= 2.501E+02 +/- 38.30 % Gtotal(l=1) ave= 4.711E+04 +/- 0.00 % Gtotal(l=2) ave= 3.113E+02 +/- 0.00 % Gtotal(l=3) ave= 0.000E+00 +/- 0.00 %  % || Gg(l=0) ave= 4.225E+00 +/- 3.61 % Gg(l=1) ave= 1.745E+00 +/- 10.54 % Gg(l=2) ave= 5.111E+00 +/- 10.37 % Gg(l=3) ave= 0.000E+00 +/- 0.00 %  % || D(l=0) ave= 3.737E+05 +/- 20.00 % D(l=1) ave= 4.484E+05 +/- 0.00 % D(l=2) ave= 2.989E+05 +/- 0.00 % D(l=3) ave= 0.000E+00 +/- 0.00 %  % || S(l=0) ave= 1.909E-06 +/- 28.32 % S(l=1) ave= 1.743E-04 +/- 3.75 % S(l=2) ave= 1.873E-05 +/- 10.35 % S(l=3) ave= 0.000E+00 +/- 0.00 % 
 ... random file  24 Cap(th)  ave= 2.379E-02 b. +/- 26.76 % || Ela(th) ave= 2.452E+00 b. +/- 5.88 % || RIcap ave= 1.91E-02 b. +/- 14.16 % || Macs30 ave= 4.62E-03 b. +/- 0.41 % || Gn^0(l=0) ave= 4.764E-01 +/- 14.70 % Gn^0(l=1) ave= 1.424E+02 +/- 3.71 % Gn^0(l=2) ave= 8.101E+00 +/- 10.17 % Gn^0(l=3) ave= 0.000E+00 +/- 0.00 % || Gtotal(l=0) ave= 2.463E+02 +/- 38.87 % Gtotal(l=1) ave= 4.711E+04 +/- 0.00 % Gtotal(l=2) ave= 3.113E+02 +/- 0.00 % Gtotal(l=3) ave= 0.000E+00 +/- 0.00 %  % || Gg(l=0) ave= 4.229E+00 +/- 3.56 % Gg(l=1) ave= 1.755E+00 +/- 10.66 % Gg(l=2) ave= 5.112E+00 +/- 10.16 % Gg(l=3) ave= 0.000E+00 +/- 0.00 %  % || D(l=0) ave= 3.767E+05 +/- 19.83 % D(l=1) ave= 4.484E+05 +/- 0.00 % D(l=2) ave= 2.989E+05 +/- 0.00 % D(l=3) ave= 0.000E+00 +/- 0.00 %  % || S(l=0) ave= 1.888E-06 +/- 28.62 % S(l=1) ave= 1.744E-04 +/- 3.69 % S(l=2) ave= 1.876E-05 +/- 10.15 % S(l=3) ave= 0.000E+00 +/- 0.00 % 
 ... random file  25 Cap(th)  ave= 2.389E-02 b. +/- 26.22 % || Ela(th) ave= 2.444E+00 b. +/- 6.01 % || RIcap ave= 1.92E-02 b. +/- 13.90 % || Macs30 ave= 4.62E-03 b. +/- 0.41 % || Gn^0(l=0) ave= 4.792E-01 +/- 14.63 % Gn^0(l=1) ave= 1.428E+02 +/- 3.80 % Gn^0(l=2) ave= 8.149E+00 +/- 10.34 % Gn^0(l=3) ave= 0.000E+00 +/- 0.00 % || Gtotal(l=0) ave= 2.501E+02 +/- 38.30 % Gtotal(l=1) ave= 4.711E+04 +/- 0.00 % Gtotal(l=2) ave= 3.113E+02 +/- 0.00 % Gtotal(l=3) ave= 0.000E+00 +/- 0.00 %  % || Gg(l=0) ave= 4.215E+00 +/- 3.88 % Gg(l=1) ave= 1.741E+00 +/- 11.26 % Gg(l=2) ave= 5.133E+00 +/- 10.14 % Gg(l=3) ave= 0.000E+00 +/- 0.00 %  % || D(l=0) ave= 3.737E+05 +/- 20.00 % D(l=1) ave= 4.484E+05 +/- 0.00 % D(l=2) ave= 2.989E+05 +/- 0.00 % D(l=3) ave= 0.000E+00 +/- 0.00 %  % || S(l=0) ave= 1.909E-06 +/- 28.32 % S(l=1) ave= 1.748E-04 +/- 3.78 % S(l=2) ave= 1.887E-05 +/- 10.32 % S(l=3) ave= 0.000E+00 +/- 0.00 % 
 ... random file  26 Cap(th)  ave= 2.363E-02 b. +/- 26.60 % || Ela(th) ave= 2.452E+00 b. +/- 6.12 % || RIcap ave= 1.91E-02 b. +/- 14.02 % || Macs30 ave= 4.62E-03 b. +/- 0.42 % || Gn^0(l=0) ave= 4.767E-01 +/- 14.69 % Gn^0(l=1) ave= 1.425E+02 +/- 3.89 % Gn^0(l=2) ave= 8.105E+00 +/- 10.57 % Gn^0(l=3) ave= 0.000E+00 +/- 0.00 % || Gtotal(l=0) ave= 2.465E+02 +/- 38.83 % Gtotal(l=1) ave= 4.711E+04 +/- 0.00 % Gtotal(l=2) ave= 3.113E+02 +/- 0.00 % Gtotal(l=3) ave= 0.000E+00 +/- 0.00 %  % || Gg(l=0) ave= 4.218E+00 +/- 3.83 % Gg(l=1) ave= 1.736E+00 +/- 11.21 % Gg(l=2) ave= 5.128E+00 +/- 9.97 % Gg(l=3) ave= 0.000E+00 +/- 0.00 %  % || D(l=0) ave= 3.764E+05 +/- 19.84 % D(l=1) ave= 4.484E+05 +/- 0.00 % D(l=2) ave= 2.989E+05 +/- 0.00 % D(l=3) ave= 0.000E+00 +/- 0.00 %  % || S(l=0) ave= 1.889E-06 +/- 28.60 % S(l=1) ave= 1.744E-04 +/- 3.86 % S(l=2) ave= 1.877E-05 +/- 10.55 % S(l=3) ave= 0.000E+00 +/- 0.00 % 
 ... random file  27 Cap(th)  ave= 2.350E-02 b. +/- 26.43 % || Ela(th) ave= 2.445E+00 b. +/- 6.21 % || RIcap ave= 1.90E-02 b. +/- 13.90 % || Macs30 ave= 4.62E-03 b. +/- 0.41 % || Gn^0(l=0) ave= 4.742E-01 +/- 14.75 % Gn^0(l=1) ave= 1.427E+02 +/- 3.93 % Gn^0(l=2) ave= 8.149E+00 +/- 10.69 % Gn^0(l=3) ave= 0.000E+00 +/- 0.00 % || Gtotal(l=0) ave= 2.433E+02 +/- 39.28 % Gtotal(l=1) ave= 4.711E+04 +/- 0.00 % Gtotal(l=2) ave= 3.113E+02 +/- 0.00 % Gtotal(l=3) ave= 0.000E+00 +/- 0.00 %  % || Gg(l=0) ave= 4.222E+00 +/- 3.78 % Gg(l=1) ave= 1.733E+00 +/- 11.06 % Gg(l=2) ave= 5.107E+00 +/- 10.06 % Gg(l=3) ave= 0.000E+00 +/- 0.00 %  % || D(l=0) ave= 3.790E+05 +/- 19.67 % D(l=1) ave= 4.484E+05 +/- 0.00 % D(l=2) ave= 2.989E+05 +/- 0.00 % D(l=3) ave= 0.000E+00 +/- 0.00 %  % || S(l=0) ave= 1.871E-06 +/- 28.84 % S(l=1) ave= 1.748E-04 +/- 3.91 % S(l=2) ave= 1.887E-05 +/- 10.68 % S(l=3) ave= 0.000E+00 +/- 0.00 % 
 ... random file  28 Cap(th)  ave= 2.337E-02 b. +/- 26.27 % || Ela(th) ave= 2.443E+00 b. +/- 6.13 % || RIcap ave= 1.89E-02 b. +/- 13.78 % || Macs30 ave= 4.62E-03 b. +/- 0.41 % || Gn^0(l=0) ave= 4.720E-01 +/- 14.78 % Gn^0(l=1) ave= 1.428E+02 +/- 3.87 % Gn^0(l=2) ave= 8.159E+00 +/- 10.51 % Gn^0(l=3) ave= 0.000E+00 +/- 0.00 % || Gtotal(l=0) ave= 2.402E+02 +/- 39.67 % Gtotal(l=1) ave= 4.711E+04 +/- 0.00 % Gtotal(l=2) ave= 3.113E+02 +/- 0.00 % Gtotal(l=3) ave= 0.000E+00 +/- 0.00 %  % || Gg(l=0) ave= 4.225E+00 +/- 3.73 % Gg(l=1) ave= 1.760E+00 +/- 13.54 % Gg(l=2) ave= 5.100E+00 +/- 9.92 % Gg(l=3) ave= 0.000E+00 +/- 0.00 %  % || D(l=0) ave= 3.814E+05 +/- 19.49 % D(l=1) ave= 4.484E+05 +/- 0.00 % D(l=2) ave= 2.989E+05 +/- 0.00 % D(l=3) ave= 0.000E+00 +/- 0.00 %  % || S(l=0) ave= 1.853E-06 +/- 29.02 % S(l=1) ave= 1.748E-04 +/- 3.84 % S(l=2) ave= 1.889E-05 +/- 10.50 % S(l=3) ave= 0.000E+00 +/- 0.00 % 
 ... random file  29 Cap(th)  ave= 2.328E-02 b. +/- 26.04 % || Ela(th) ave= 2.437E+00 b. +/- 6.18 % || RIcap ave= 1.89E-02 b. +/- 13.63 % || Macs30 ave= 4.62E-03 b. +/- 0.43 % || Gn^0(l=0) ave= 4.699E-01 +/- 14.78 % Gn^0(l=1) ave= 1.431E+02 +/- 3.91 % Gn^0(l=2) ave= 8.196E+00 +/- 10.56 % Gn^0(l=3) ave= 0.000E+00 +/- 0.00 % || Gtotal(l=0) ave= 2.373E+02 +/- 40.01 % Gtotal(l=1) ave= 4.711E+04 +/- 0.00 % Gtotal(l=2) ave= 3.113E+02 +/- 0.00 % Gtotal(l=3) ave= 0.000E+00 +/- 0.00 %  % || Gg(l=0) ave= 4.227E+00 +/- 3.68 % Gg(l=1) ave= 1.756E+00 +/- 13.41 % Gg(l=2) ave= 5.088E+00 +/- 9.86 % Gg(l=3) ave= 0.000E+00 +/- 0.00 %  % || D(l=0) ave= 3.836E+05 +/- 19.31 % D(l=1) ave= 4.484E+05 +/- 0.00 % D(l=2) ave= 2.989E+05 +/- 0.00 % D(l=3) ave= 0.000E+00 +/- 0.00 %  % || S(l=0) ave= 1.837E-06 +/- 29.16 % S(l=1) ave= 1.751E-04 +/- 3.88 % S(l=2) ave= 1.898E-05 +/- 10.56 % S(l=3) ave= 0.000E+00 +/- 0.00 % 
 ... random file  30 Cap(th)  ave= 2.376E-02 b. +/- 27.51 % || Ela(th) ave= 2.441E+00 b. +/- 6.13 % || RIcap ave= 1.91E-02 b. +/- 14.53 % || Macs30 ave= 4.62E-03 b. +/- 0.42 % || Gn^0(l=0) ave= 4.725E-01 +/- 14.77 % Gn^0(l=1) ave= 1.429E+02 +/- 3.90 % Gn^0(l=2) ave= 8.174E+00 +/- 10.52 % Gn^0(l=3) ave= 0.000E+00 +/- 0.00 % || Gtotal(l=0) ave= 2.408E+02 +/- 39.59 % Gtotal(l=1) ave= 4.711E+04 +/- 0.00 % Gtotal(l=2) ave= 3.113E+02 +/- 0.00 % Gtotal(l=3) ave= 0.000E+00 +/- 0.00 %  % || Gg(l=0) ave= 4.216E+00 +/- 3.90 % Gg(l=1) ave= 1.767E+00 +/- 13.53 % Gg(l=2) ave= 5.090E+00 +/- 9.70 % Gg(l=3) ave= 0.000E+00 +/- 0.00 %  % || D(l=0) ave= 3.809E+05 +/- 19.53 % D(l=1) ave= 4.484E+05 +/- 0.00 % D(l=2) ave= 2.989E+05 +/- 0.00 % D(l=3) ave= 0.000E+00 +/- 0.00 %  % || S(l=0) ave= 1.857E-06 +/- 28.98 % S(l=1) ave= 1.749E-04 +/- 3.88 % S(l=2) ave= 1.892E-05 +/- 10.51 % S(l=3) ave= 0.000E+00 +/- 0.00 % 
 ... random file  31 Cap(th)  ave= 2.404E-02 b. +/- 27.50 % || Ela(th) ave= 2.439E+00 b. +/- 6.04 % || RIcap ave= 1.92E-02 b. +/- 14.60 % || Macs30 ave= 4.62E-03 b. +/- 0.42 % || Gn^0(l=0) ave= 4.750E-01 +/- 14.75 % Gn^0(l=1) ave= 1.429E+02 +/- 3.84 % Gn^0(l=2) ave= 8.181E+00 +/- 10.36 % Gn^0(l=3) ave= 0.000E+00 +/- 0.00 % || Gtotal(l=0) ave= 2.441E+02 +/- 39.17 % Gtotal(l=1) ave= 4.711E+04 +/- 0.00 % Gtotal(l=2) ave= 3.113E+02 +/- 0.00 % Gtotal(l=3) ave= 0.000E+00 +/- 0.00 %  % || Gg(l=0) ave= 4.221E+00 +/- 3.88 % Gg(l=1) ave= 1.762E+00 +/- 13.44 % Gg(l=2) ave= 5.101E+00 +/- 9.60 % Gg(l=3) ave= 0.000E+00 +/- 0.00 %  % || D(l=0) ave= 3.783E+05 +/- 19.71 % D(l=1) ave= 4.484E+05 +/- 0.00 % D(l=2) ave= 2.989E+05 +/- 0.00 % D(l=3) ave= 0.000E+00 +/- 0.00 %  % || S(l=0) ave= 1.876E-06 +/- 28.79 % S(l=1) ave= 1.750E-04 +/- 3.81 % S(l=2) ave= 1.894E-05 +/- 10.35 % S(l=3) ave= 0.000E+00 +/- 0.00 % 
 ... random file  32 Cap(th)  ave= 2.368E-02 b. +/- 28.77 % || Ela(th) ave= 2.443E+00 b. +/- 6.02 % || RIcap ave= 1.91E-02 b. +/- 15.17 % || Macs30 ave= 4.62E-03 b. +/- 0.43 % || Gn^0(l=0) ave= 4.772E-01 +/- 14.69 % Gn^0(l=1) ave= 1.428E+02 +/- 3.83 % Gn^0(l=2) ave= 8.157E+00 +/- 10.37 % Gn^0(l=3) ave= 0.000E+00 +/- 0.00 % || Gtotal(l=0) ave= 2.472E+02 +/- 38.74 % Gtotal(l=1) ave= 4.711E+04 +/- 0.00 % Gtotal(l=2) ave= 3.113E+02 +/- 0.00 % Gtotal(l=3) ave= 0.000E+00 +/- 0.00 %  % || Gg(l=0) ave= 4.218E+00 +/- 3.84 % Gg(l=1) ave= 1.768E+00 +/- 13.31 % Gg(l=2) ave= 5.094E+00 +/- 9.49 % Gg(l=3) ave= 0.000E+00 +/- 0.00 %  % || D(l=0) ave= 3.759E+05 +/- 19.87 % D(l=1) ave= 4.484E+05 +/- 0.00 % D(l=2) ave= 2.989E+05 +/- 0.00 % D(l=3) ave= 0.000E+00 +/- 0.00 %  % || S(l=0) ave= 1.893E-06 +/- 28.56 % S(l=1) ave= 1.748E-04 +/- 3.80 % S(l=2) ave= 1.889E-05 +/- 10.36 % S(l=3) ave= 0.000E+00 +/- 0.00 % 
 ... random file  33 Cap(th)  ave= 2.334E-02 b. +/- 29.97 % || Ela(th) ave= 2.448E+00 b. +/- 6.04 % || RIcap ave= 1.89E-02 b. +/- 15.69 % || Macs30 ave= 4.62E-03 b. +/- 0.42 % || Gn^0(l=0) ave= 4.752E-01 +/- 14.74 % Gn^0(l=1) ave= 1.426E+02 +/- 3.83 % Gn^0(l=2) ave= 8.127E+00 +/- 10.47 % Gn^0(l=3) ave= 0.000E+00 +/- 0.00 % || Gtotal(l=0) ave= 2.445E+02 +/- 39.12 % Gtotal(l=1) ave= 4.711E+04 +/- 0.00 % Gtotal(l=2) ave= 3.113E+02 +/- 0.00 % Gtotal(l=3) ave= 0.000E+00 +/- 0.00 %  % || Gg(l=0) ave= 4.221E+00 +/- 3.79 % Gg(l=1) ave= 1.771E+00 +/- 13.14 % Gg(l=2) ave= 5.098E+00 +/- 9.35 % Gg(l=3) ave= 0.000E+00 +/- 0.00 %  % || D(l=0) ave= 3.781E+05 +/- 19.73 % D(l=1) ave= 4.484E+05 +/- 0.00 % D(l=2) ave= 2.989E+05 +/- 0.00 % D(l=3) ave= 0.000E+00 +/- 0.00 %  % || S(l=0) ave= 1.878E-06 +/- 28.76 % S(l=1) ave= 1.746E-04 +/- 3.81 % S(l=2) ave= 1.882E-05 +/- 10.46 % S(l=3) ave= 0.000E+00 +/- 0.00 % 
 ... random file  34 Cap(th)  ave= 2.300E-02 b. +/- 31.15 % || Ela(th) ave= 2.455E+00 b. +/- 6.12 % || RIcap ave= 1.88E-02 b. +/- 16.17 % || Macs30 ave= 4.62E-03 b. +/- 0.42 % || Gn^0(l=0) ave= 4.734E-01 +/- 14.76 % Gn^0(l=1) ave= 1.424E+02 +/- 3.88 % Gn^0(l=2) ave= 8.094E+00 +/- 10.64 % Gn^0(l=3) ave= 0.000E+00 +/- 0.00 % || Gtotal(l=0) ave= 2.419E+02 +/- 39.46 % Gtotal(l=1) ave= 4.711E+04 +/- 0.00 % Gtotal(l=2) ave= 3.113E+02 +/- 0.00 % Gtotal(l=3) ave= 0.000E+00 +/- 0.00 %  % || Gg(l=0) ave= 4.223E+00 +/- 3.75 % Gg(l=1) ave= 1.762E+00 +/- 13.37 % Gg(l=2) ave= 5.119E+00 +/- 9.48 % Gg(l=3) ave= 0.000E+00 +/- 0.00 %  % || D(l=0) ave= 3.801E+05 +/- 19.59 % D(l=1) ave= 4.484E+05 +/- 0.00 % D(l=2) ave= 2.989E+05 +/- 0.00 % D(l=3) ave= 0.000E+00 +/- 0.00 %  % || S(l=0) ave= 1.864E-06 +/- 28.92 % S(l=1) ave= 1.743E-04 +/- 3.86 % S(l=2) ave= 1.874E-05 +/- 10.63 % S(l=3) ave= 0.000E+00 +/- 0.00 % 
 ... random file  35 Cap(th)  ave= 2.307E-02 b. +/- 30.67 % || Ela(th) ave= 2.460E+00 b. +/- 6.14 % || RIcap ave= 1.88E-02 b. +/- 15.94 % || Macs30 ave= 4.62E-03 b. +/- 0.42 % || Gn^0(l=0) ave= 4.715E-01 +/- 14.78 % Gn^0(l=1) ave= 1.422E+02 +/- 3.89 % Gn^0(l=2) ave= 8.065E+00 +/- 10.74 % Gn^0(l=3) ave= 0.000E+00 +/- 0.00 % || Gtotal(l=0) ave= 2.395E+02 +/- 39.76 % Gtotal(l=1) ave= 4.711E+04 +/- 0.00 % Gtotal(l=2) ave= 3.113E+02 +/- 0.00 % Gtotal(l=3) ave= 0.000E+00 +/- 0.00 %  % || Gg(l=0) ave= 4.225E+00 +/- 3.71 % Gg(l=1) ave= 1.748E+00 +/- 14.03 % Gg(l=2) ave= 5.104E+00 +/- 9.55 % Gg(l=3) ave= 0.000E+00 +/- 0.00 %  % || D(l=0) ave= 3.820E+05 +/- 19.44 % D(l=1) ave= 4.484E+05 +/- 0.00 % D(l=2) ave= 2.989E+05 +/- 0.00 % D(l=3) ave= 0.000E+00 +/- 0.00 %  % || S(l=0) ave= 1.850E-06 +/- 29.07 % S(l=1) ave= 1.741E-04 +/- 3.87 % S(l=2) ave= 1.867E-05 +/- 10.73 % S(l=3) ave= 0.000E+00 +/- 0.00 % 
 ... random file  36 Cap(th)  ave= 2.296E-02 b. +/- 30.54 % || Ela(th) ave= 2.465E+00 b. +/- 6.20 % || RIcap ave= 1.88E-02 b. +/- 15.84 % || Macs30 ave= 4.62E-03 b. +/- 0.42 % || Gn^0(l=0) ave= 4.699E-01 +/- 14.79 % Gn^0(l=1) ave= 1.420E+02 +/- 3.91 % Gn^0(l=2) ave= 8.035E+00 +/- 10.86 % Gn^0(l=3) ave= 0.000E+00 +/- 0.00 % || Gtotal(l=0) ave= 2.372E+02 +/- 40.02 % Gtotal(l=1) ave= 4.711E+04 +/- 0.00 % Gtotal(l=2) ave= 3.113E+02 +/- 0.00 % Gtotal(l=3) ave= 0.000E+00 +/- 0.00 %  % || Gg(l=0) ave= 4.228E+00 +/- 3.67 % Gg(l=1) ave= 1.734E+00 +/- 14.75 % Gg(l=2) ave= 5.085E+00 +/- 9.71 % Gg(l=3) ave= 0.000E+00 +/- 0.00 %  % || D(l=0) ave= 3.838E+05 +/- 19.30 % D(l=1) ave= 4.484E+05 +/- 0.00 % D(l=2) ave= 2.989E+05 +/- 0.00 % D(l=3) ave= 0.000E+00 +/- 0.00 %  % || S(l=0) ave= 1.837E-06 +/- 29.18 % S(l=1) ave= 1.739E-04 +/- 3.90 % S(l=2) ave= 1.860E-05 +/- 10.86 % S(l=3) ave= 0.000E+00 +/- 0.00 % 
 ... random file  37 Cap(th)  ave= 2.269E-02 b. +/- 31.29 % || Ela(th) ave= 2.467E+00 b. +/- 6.12 % || RIcap ave= 1.87E-02 b. +/- 16.14 % || Macs30 ave= 4.62E-03 b. +/- 0.42 % || Gn^0(l=0) ave= 4.683E-01 +/- 14.79 % Gn^0(l=1) ave= 1.420E+02 +/- 3.88 % Gn^0(l=2) ave= 8.026E+00 +/- 10.75 % Gn^0(l=3) ave= 0.000E+00 +/- 0.00 % || Gtotal(l=0) ave= 2.350E+02 +/- 40.26 % Gtotal(l=1) ave= 4.711E+04 +/- 0.00 % Gtotal(l=2) ave= 3.113E+02 +/- 0.00 % Gtotal(l=3) ave= 0.000E+00 +/- 0.00 %  % || Gg(l=0) ave= 4.230E+00 +/- 3.63 % Gg(l=1) ave= 1.733E+00 +/- 14.57 % Gg(l=2) ave= 5.074E+00 +/- 9.69 % Gg(l=3) ave= 0.000E+00 +/- 0.00 %  % || D(l=0) ave= 3.855E+05 +/- 19.14 % D(l=1) ave= 4.484E+05 +/- 0.00 % D(l=2) ave= 2.989E+05 +/- 0.00 % D(l=3) ave= 0.000E+00 +/- 0.00 %  % || S(l=0) ave= 1.824E-06 +/- 29.28 % S(l=1) ave= 1.738E-04 +/- 3.86 % S(l=2) ave= 1.858E-05 +/- 10.75 % S(l=3) ave= 0.000E+00 +/- 0.00 % 
 ... random file  38 Cap(th)  ave= 2.251E-02 b. +/- 31.53 % || Ela(th) ave= 2.468E+00 b. +/- 6.05 % || RIcap ave= 1.86E-02 b. +/- 16.22 % || Macs30 ave= 4.62E-03 b. +/- 0.43 % || Gn^0(l=0) ave= 4.704E-01 +/- 14.79 % Gn^0(l=1) ave= 1.419E+02 +/- 3.84 % Gn^0(l=2) ave= 8.016E+00 +/- 10.66 % Gn^0(l=3) ave= 0.000E+00 +/- 0.00 % || Gtotal(l=0) ave= 2.378E+02 +/- 39.95 % Gtotal(l=1) ave= 4.711E+04 +/- 0.00 % Gtotal(l=2) ave= 3.113E+02 +/- 0.00 % Gtotal(l=3) ave= 0.000E+00 +/- 0.00 %  % || Gg(l=0) ave= 4.225E+00 +/- 3.66 % Gg(l=1) ave= 1.730E+00 +/- 14.46 % Gg(l=2) ave= 5.059E+00 +/- 9.77 % Gg(l=3) ave= 0.000E+00 +/- 0.00 %  % || D(l=0) ave= 3.833E+05 +/- 19.34 % D(l=1) ave= 4.484E+05 +/- 0.00 % D(l=2) ave= 2.989E+05 +/- 0.00 % D(l=3) ave= 0.000E+00 +/- 0.00 %  % || S(l=0) ave= 1.841E-06 +/- 29.16 % S(l=1) ave= 1.737E-04 +/- 3.82 % S(l=2) ave= 1.856E-05 +/- 10.65 % S(l=3) ave= 0.000E+00 +/- 0.00 % 
 ... random file  39 Cap(th)  ave= 2.254E-02 b. +/- 31.10 % || Ela(th) ave= 2.470E+00 b. +/- 5.99 % || RIcap ave= 1.86E-02 b. +/- 16.01 % || Macs30 ave= 4.62E-03 b. +/- 0.43 % || Gn^0(l=0) ave= 4.724E-01 +/- 14.78 % Gn^0(l=1) ave= 1.418E+02 +/- 3.80 % Gn^0(l=2) ave= 8.003E+00 +/- 10.58 % Gn^0(l=3) ave= 0.000E+00 +/- 0.00 % || Gtotal(l=0) ave= 2.405E+02 +/- 39.63 % Gtotal(l=1) ave= 4.711E+04 +/- 0.00 % Gtotal(l=2) ave= 3.113E+02 +/- 0.00 % Gtotal(l=3) ave= 0.000E+00 +/- 0.00 %  % || Gg(l=0) ave= 4.220E+00 +/- 3.69 % Gg(l=1) ave= 1.727E+00 +/- 14.34 % Gg(l=2) ave= 5.065E+00 +/- 9.67 % Gg(l=3) ave= 0.000E+00 +/- 0.00 %  % || D(l=0) ave= 3.811E+05 +/- 19.51 % D(l=1) ave= 4.484E+05 +/- 0.00 % D(l=2) ave= 2.989E+05 +/- 0.00 % D(l=3) ave= 0.000E+00 +/- 0.00 %  % || S(l=0) ave= 1.856E-06 +/- 29.01 % S(l=1) ave= 1.737E-04 +/- 3.78 % S(l=2) ave= 1.853E-05 +/- 10.58 % S(l=3) ave= 0.000E+00 +/- 0.00 % 
 ... random file  40 Cap(th)  ave= 2.242E-02 b. +/- 31.04 % || Ela(th) ave= 2.475E+00 b. +/- 6.02 % || RIcap ave= 1.85E-02 b. +/- 15.93 % || Macs30 ave= 4.62E-03 b. +/- 0.42 % || Gn^0(l=0) ave= 4.709E-01 +/- 14.79 % Gn^0(l=1) ave= 1.417E+02 +/- 3.81 % Gn^0(l=2) ave= 7.978E+00 +/- 10.67 % Gn^0(l=3) ave= 0.000E+00 +/- 0.00 % || Gtotal(l=0) ave= 2.384E+02 +/- 39.88 % Gtotal(l=1) ave= 4.711E+04 +/- 0.00 % Gtotal(l=2) ave= 3.113E+02 +/- 0.00 % Gtotal(l=3) ave= 0.000E+00 +/- 0.00 %  % || Gg(l=0) ave= 4.221E+00 +/- 3.65 % Gg(l=1) ave= 1.736E+00 +/- 14.44 % Gg(l=2) ave= 5.088E+00 +/- 9.93 % Gg(l=3) ave= 0.000E+00 +/- 0.00 %  % || D(l=0) ave= 3.828E+05 +/- 19.38 % D(l=1) ave= 4.484E+05 +/- 0.00 % D(l=2) ave= 2.989E+05 +/- 0.00 % D(l=3) ave= 0.000E+00 +/- 0.00 %  % || S(l=0) ave= 1.844E-06 +/- 29.12 % S(l=1) ave= 1.735E-04 +/- 3.79 % S(l=2) ave= 1.847E-05 +/- 10.67 % S(l=3) ave= 0.000E+00 +/- 0.00 % 
 ... random file  41 Cap(th)  ave= 2.239E-02 b. +/- 30.72 % || Ela(th) ave= 2.478E+00 b. +/- 6.01 % || RIcap ave= 1.85E-02 b. +/- 15.76 % || Macs30 ave= 4.62E-03 b. +/- 0.42 % || Gn^0(l=0) ave= 4.695E-01 +/- 14.78 % Gn^0(l=1) ave= 1.416E+02 +/- 3.82 % Gn^0(l=2) ave= 7.959E+00 +/- 10.69 % Gn^0(l=3) ave= 0.000E+00 +/- 0.00 % || Gtotal(l=0) ave= 2.364E+02 +/- 40.11 % Gtotal(l=1) ave= 4.711E+04 +/- 0.00 % Gtotal(l=2) ave= 3.113E+02 +/- 0.00 % Gtotal(l=3) ave= 0.000E+00 +/- 0.00 %  % || Gg(l=0) ave= 4.223E+00 +/- 3.62 % Gg(l=1) ave= 1.736E+00 +/- 14.26 % Gg(l=2) ave= 5.107E+00 +/- 10.07 % Gg(l=3) ave= 0.000E+00 +/- 0.00 %  % || D(l=0) ave= 3.843E+05 +/- 19.25 % D(l=1) ave= 4.484E+05 +/- 0.00 % D(l=2) ave= 2.989E+05 +/- 0.00 % D(l=3) ave= 0.000E+00 +/- 0.00 %  % || S(l=0) ave= 1.833E-06 +/- 29.21 % S(l=1) ave= 1.733E-04 +/- 3.80 % S(l=2) ave= 1.843E-05 +/- 10.69 % S(l=3) ave= 0.000E+00 +/- 0.00 % 
 ... random file  42 Cap(th)  ave= 2.258E-02 b. +/- 30.58 % || Ela(th) ave= 2.473E+00 b. +/- 6.10 % || RIcap ave= 1.86E-02 b. +/- 15.74 % || Macs30 ave= 4.62E-03 b. +/- 0.42 % || Gn^0(l=0) ave= 4.713E-01 +/- 14.78 % Gn^0(l=1) ave= 1.417E+02 +/- 3.85 % Gn^0(l=2) ave= 7.988E+00 +/- 10.78 % Gn^0(l=3) ave= 0.000E+00 +/- 0.00 % || Gtotal(l=0) ave= 2.390E+02 +/- 39.82 % Gtotal(l=1) ave= 4.711E+04 +/- 0.00 % Gtotal(l=2) ave= 3.113E+02 +/- 0.00 % Gtotal(l=3) ave= 0.000E+00 +/- 0.00 %  % || Gg(l=0) ave= 4.219E+00 +/- 3.63 % Gg(l=1) ave= 1.733E+00 +/- 14.19 % Gg(l=2) ave= 5.089E+00 +/- 10.26 % Gg(l=3) ave= 0.000E+00 +/- 0.00 %  % || D(l=0) ave= 3.824E+05 +/- 19.41 % D(l=1) ave= 4.484E+05 +/- 0.00 % D(l=2) ave= 2.989E+05 +/- 0.00 % D(l=3) ave= 0.000E+00 +/- 0.00 %  % || S(l=0) ave= 1.848E-06 +/- 29.09 % S(l=1) ave= 1.735E-04 +/- 3.83 % S(l=2) ave= 1.849E-05 +/- 10.79 % S(l=3) ave= 0.000E+00 +/- 0.00 % 
 ... random file  43 Cap(th)  ave= 2.252E-02 b. +/- 30.37 % || Ela(th) ave= 2.473E+00 b. +/- 6.03 % || RIcap ave= 1.86E-02 b. +/- 15.62 % || Macs30 ave= 4.62E-03 b. +/- 0.42 % || Gn^0(l=0) ave= 4.731E-01 +/- 14.75 % Gn^0(l=1) ave= 1.417E+02 +/- 3.80 % Gn^0(l=2) ave= 7.987E+00 +/- 10.66 % Gn^0(l=3) ave= 0.000E+00 +/- 0.00 % || Gtotal(l=0) ave= 2.414E+02 +/- 39.52 % Gtotal(l=1) ave= 4.711E+04 +/- 0.00 % Gtotal(l=2) ave= 3.113E+02 +/- 0.00 % Gtotal(l=3) ave= 0.000E+00 +/- 0.00 %  % || Gg(l=0) ave= 4.219E+00 +/- 3.59 % Gg(l=1) ave= 1.737E+00 +/- 14.09 % Gg(l=2) ave= 5.070E+00 +/- 10.46 % Gg(l=3) ave= 0.000E+00 +/- 0.00 %  % || D(l=0) ave= 3.805E+05 +/- 19.56 % D(l=1) ave= 4.484E+05 +/- 0.00 % D(l=2) ave= 2.989E+05 +/- 0.00 % D(l=3) ave= 0.000E+00 +/- 0.00 %  % || S(l=0) ave= 1.861E-06 +/- 28.94 % S(l=1) ave= 1.735E-04 +/- 3.79 % S(l=2) ave= 1.849E-05 +/- 10.66 % S(l=3) ave= 0.000E+00 +/- 0.00 % 
 ... random file  44 Cap(th)  ave= 2.234E-02 b. +/- 30.76 % || Ela(th) ave= 2.472E+00 b. +/- 5.97 % || RIcap ave= 1.85E-02 b. +/- 15.75 % || Macs30 ave= 4.62E-03 b. +/- 0.41 % || Gn^0(l=0) ave= 4.748E-01 +/- 14.73 % Gn^0(l=1) ave= 1.417E+02 +/- 3.76 % Gn^0(l=2) ave= 7.990E+00 +/- 10.54 % Gn^0(l=3) ave= 0.000E+00 +/- 0.00 % || Gtotal(l=0) ave= 2.437E+02 +/- 39.22 % Gtotal(l=1) ave= 4.711E+04 +/- 0.00 % Gtotal(l=2) ave= 3.113E+02 +/- 0.00 % Gtotal(l=3) ave= 0.000E+00 +/- 0.00 %  % || Gg(l=0) ave= 4.216E+00 +/- 3.58 % Gg(l=1) ave= 1.729E+00 +/- 14.36 % Gg(l=2) ave= 5.077E+00 +/- 10.37 % Gg(l=3) ave= 0.000E+00 +/- 0.00 %  % || D(l=0) ave= 3.787E+05 +/- 19.69 % D(l=1) ave= 4.484E+05 +/- 0.00 % D(l=2) ave= 2.989E+05 +/- 0.00 % D(l=3) ave= 0.000E+00 +/- 0.00 %  % || S(l=0) ave= 1.874E-06 +/- 28.79 % S(l=1) ave= 1.735E-04 +/- 3.75 % S(l=2) ave= 1.850E-05 +/- 10.54 % S(l=3) ave= 0.000E+00 +/- 0.00 % 
 ... random file  45 Cap(th)  ave= 2.249E-02 b. +/- 30.57 % || Ela(th) ave= 2.474E+00 b. +/- 5.92 % || RIcap ave= 1.86E-02 b. +/- 15.70 % || Macs30 ave= 4.62E-03 b. +/- 0.41 % || Gn^0(l=0) ave= 4.734E-01 +/- 14.75 % Gn^0(l=1) ave= 1.416E+02 +/- 3.74 % Gn^0(l=2) ave= 7.979E+00 +/- 10.48 % Gn^0(l=3) ave= 0.000E+00 +/- 0.00 % || Gtotal(l=0) ave= 2.418E+02 +/- 39.47 % Gtotal(l=1) ave= 4.711E+04 +/- 0.00 % Gtotal(l=2) ave= 3.113E+02 +/- 0.00 % Gtotal(l=3) ave= 0.000E+00 +/- 0.00 %  % || Gg(l=0) ave= 4.217E+00 +/- 3.55 % Gg(l=1) ave= 1.731E+00 +/- 14.21 % Gg(l=2) ave= 5.085E+00 +/- 10.30 % Gg(l=3) ave= 0.000E+00 +/- 0.00 %  % || D(l=0) ave= 3.802E+05 +/- 19.58 % D(l=1) ave= 4.484E+05 +/- 0.00 % D(l=2) ave= 2.989E+05 +/- 0.00 % D(l=3) ave= 0.000E+00 +/- 0.00 %  % || S(l=0) ave= 1.863E-06 +/- 28.92 % S(l=1) ave= 1.734E-04 +/- 3.72 % S(l=2) ave= 1.847E-05 +/- 10.49 % S(l=3) ave= 0.000E+00 +/- 0.00 % 
 ... random file  46 Cap(th)  ave= 2.276E-02 b. +/- 30.93 % || Ela(th) ave= 2.475E+00 b. +/- 5.86 % || RIcap ave= 1.87E-02 b. +/- 15.97 % || Macs30 ave= 4.62E-03 b. +/- 0.41 % || Gn^0(l=0) ave= 4.719E-01 +/- 14.77 % Gn^0(l=1) ave= 1.416E+02 +/- 3.71 % Gn^0(l=2) ave= 7.974E+00 +/- 10.39 % Gn^0(l=3) ave= 0.000E+00 +/- 0.00 % || Gtotal(l=0) ave= 2.399E+02 +/- 39.70 % Gtotal(l=1) ave= 4.711E+04 +/- 0.00 % Gtotal(l=2) ave= 3.113E+02 +/- 0.00 % Gtotal(l=3) ave= 0.000E+00 +/- 0.00 %  % || Gg(l=0) ave= 4.219E+00 +/- 3.52 % Gg(l=1) ave= 1.727E+00 +/- 14.16 % Gg(l=2) ave= 5.080E+00 +/- 10.22 % Gg(l=3) ave= 0.000E+00 +/- 0.00 %  % || D(l=0) ave= 3.816E+05 +/- 19.47 % D(l=1) ave= 4.484E+05 +/- 0.00 % D(l=2) ave= 2.989E+05 +/- 0.00 % D(l=3) ave= 0.000E+00 +/- 0.00 %  % || S(l=0) ave= 1.853E-06 +/- 29.03 % S(l=1) ave= 1.734E-04 +/- 3.70 % S(l=2) ave= 1.846E-05 +/- 10.39 % S(l=3) ave= 0.000E+00 +/- 0.00 % 
 ... random file  47 Cap(th)  ave= 2.321E-02 b. +/- 32.79 % || Ela(th) ave= 2.478E+00 b. +/- 5.87 % || RIcap ave= 1.89E-02 b. +/- 17.10 % || Macs30 ave= 4.62E-03 b. +/- 0.41 % || Gn^0(l=0) ave= 4.736E-01 +/- 14.76 % Gn^0(l=1) ave= 1.415E+02 +/- 3.72 % Gn^0(l=2) ave= 7.956E+00 +/- 10.41 % Gn^0(l=3) ave= 0.000E+00 +/- 0.00 % || Gtotal(l=0) ave= 2.421E+02 +/- 39.43 % Gtotal(l=1) ave= 4.711E+04 +/- 0.00 % Gtotal(l=2) ave= 3.113E+02 +/- 0.00 % Gtotal(l=3) ave= 0.000E+00 +/- 0.00 %  % || Gg(l=0) ave= 4.220E+00 +/- 3.49 % Gg(l=1) ave= 1.720E+00 +/- 14.31 % Gg(l=2) ave= 5.082E+00 +/- 10.12 % Gg(l=3) ave= 0.000E+00 +/- 0.00 %  % || D(l=0) ave= 3.799E+05 +/- 19.60 % D(l=1) ave= 4.484E+05 +/- 0.00 % D(l=2) ave= 2.989E+05 +/- 0.00 % D(l=3) ave= 0.000E+00 +/- 0.00 %  % || S(l=0) ave= 1.865E-06 +/- 28.91 % S(l=1) ave= 1.732E-04 +/- 3.70 % S(l=2) ave= 1.842E-05 +/- 10.42 % S(l=3) ave= 0.000E+00 +/- 0.00 % 
 ... random file  48 Cap(th)  ave= 2.310E-02 b. +/- 32.74 % || Ela(th) ave= 2.474E+00 b. +/- 5.94 % || RIcap ave= 1.88E-02 b. +/- 17.03 % || Macs30 ave= 4.62E-03 b. +/- 0.43 % || Gn^0(l=0) ave= 4.751E-01 +/- 14.74 % Gn^0(l=1) ave= 1.416E+02 +/- 3.74 % Gn^0(l=2) ave= 7.982E+00 +/- 10.51 % Gn^0(l=3) ave= 0.000E+00 +/- 0.00 % || Gtotal(l=0) ave= 2.442E+02 +/- 39.15 % Gtotal(l=1) ave= 4.711E+04 +/- 0.00 % Gtotal(l=2) ave= 3.113E+02 +/- 0.00 % Gtotal(l=3) ave= 0.000E+00 +/- 0.00 %  % || Gg(l=0) ave= 4.217E+00 +/- 3.50 % Gg(l=1) ave= 1.724E+00 +/- 14.20 % Gg(l=2) ave= 5.088E+00 +/- 10.03 % Gg(l=3) ave= 0.000E+00 +/- 0.00 %  % || D(l=0) ave= 3.782E+05 +/- 19.72 % D(l=1) ave= 4.484E+05 +/- 0.00 % D(l=2) ave= 2.989E+05 +/- 0.00 % D(l=3) ave= 0.000E+00 +/- 0.00 %  % || S(l=0) ave= 1.877E-06 +/- 28.77 % S(l=1) ave= 1.734E-04 +/- 3.73 % S(l=2) ave= 1.848E-05 +/- 10.51 % S(l=3) ave= 0.000E+00 +/- 0.00 % 
 ... random file  49 Cap(th)  ave= 2.306E-02 b. +/- 32.49 % || Ela(th) ave= 2.477E+00 b. +/- 5.93 % || RIcap ave= 1.88E-02 b. +/- 16.89 % || Macs30 ave= 4.62E-03 b. +/- 0.43 % || Gn^0(l=0) ave= 4.738E-01 +/- 14.76 % Gn^0(l=1) ave= 1.415E+02 +/- 3.74 % Gn^0(l=2) ave= 7.966E+00 +/- 10.52 % Gn^0(l=3) ave= 0.000E+00 +/- 0.00 % || Gtotal(l=0) ave= 2.424E+02 +/- 39.39 % Gtotal(l=1) ave= 4.711E+04 +/- 0.00 % Gtotal(l=2) ave= 3.113E+02 +/- 0.00 % Gtotal(l=3) ave= 0.000E+00 +/- 0.00 %  % || Gg(l=0) ave= 4.219E+00 +/- 3.47 % Gg(l=1) ave= 1.719E+00 +/- 14.21 % Gg(l=2) ave= 5.078E+00 +/- 10.04 % Gg(l=3) ave= 0.000E+00 +/- 0.00 %  % || D(l=0) ave= 3.797E+05 +/- 19.62 % D(l=1) ave= 4.484E+05 +/- 0.00 % D(l=2) ave= 2.989E+05 +/- 0.00 % D(l=3) ave= 0.000E+00 +/- 0.00 %  % || S(l=0) ave= 1.867E-06 +/- 28.89 % S(l=1) ave= 1.733E-04 +/- 3.72 % S(l=2) ave= 1.844E-05 +/- 10.52 % S(l=3) ave= 0.000E+00 +/- 0.00 % 
 ... random file  50 Cap(th)  ave= 2.300E-02 b. +/- 32.32 % || Ela(th) ave= 2.474E+00 b. +/- 5.93 % || RIcap ave= 1.88E-02 b. +/- 16.78 % || Macs30 ave= 4.62E-03 b. +/- 0.43 % || Gn^0(l=0) ave= 4.753E-01 +/- 14.73 % Gn^0(l=1) ave= 1.416E+02 +/- 3.71 % Gn^0(l=2) ave= 7.981E+00 +/- 10.48 % Gn^0(l=3) ave= 0.000E+00 +/- 0.00 % || Gtotal(l=0) ave= 2.445E+02 +/- 39.12 % Gtotal(l=1) ave= 4.711E+04 +/- 0.00 % Gtotal(l=2) ave= 3.113E+02 +/- 0.00 % Gtotal(l=3) ave= 0.000E+00 +/- 0.00 %  % || Gg(l=0) ave= 4.213E+00 +/- 3.58 % Gg(l=1) ave= 1.711E+00 +/- 14.56 % Gg(l=2) ave= 5.069E+00 +/- 10.03 % Gg(l=3) ave= 0.000E+00 +/- 0.00 %  % || D(l=0) ave= 3.781E+05 +/- 19.73 % D(l=1) ave= 4.484E+05 +/- 0.00 % D(l=2) ave= 2.989E+05 +/- 0.00 % D(l=3) ave= 0.000E+00 +/- 0.00 %  % || S(l=0) ave= 1.878E-06 +/- 28.75 % S(l=1) ave= 1.734E-04 +/- 3.70 % S(l=2) ave= 1.848E-05 +/- 10.48 % S(l=3) ave= 0.000E+00 +/- 0.00 % 
 ... random file  51 Cap(th)  ave= 2.284E-02 b. +/- 32.59 % || Ela(th) ave= 2.471E+00 b. +/- 5.95 % || RIcap ave= 1.87E-02 b. +/- 16.86 % || Macs30 ave= 4.62E-03 b. +/- 0.44 % || Gn^0(l=0) ave= 4.740E-01 +/- 14.75 % Gn^0(l=1) ave= 1.417E+02 +/- 3.72 % Gn^0(l=2) ave= 7.999E+00 +/- 10.48 % Gn^0(l=3) ave= 0.000E+00 +/- 0.00 % || Gtotal(l=0) ave= 2.427E+02 +/- 39.35 % Gtotal(l=1) ave= 4.711E+04 +/- 0.00 % Gtotal(l=2) ave= 3.113E+02 +/- 0.00 % Gtotal(l=3) ave= 0.000E+00 +/- 0.00 %  % || Gg(l=0) ave= 4.215E+00 +/- 3.57 % Gg(l=1) ave= 1.709E+00 +/- 14.44 % Gg(l=2) ave= 5.062E+00 +/- 10.00 % Gg(l=3) ave= 0.000E+00 +/- 0.00 %  % || D(l=0) ave= 3.794E+05 +/- 19.64 % D(l=1) ave= 4.484E+05 +/- 0.00 % D(l=2) ave= 2.989E+05 +/- 0.00 % D(l=3) ave= 0.000E+00 +/- 0.00 %  % || S(l=0) ave= 1.868E-06 +/- 28.87 % S(l=1) ave= 1.735E-04 +/- 3.70 % S(l=2) ave= 1.852E-05 +/- 10.48 % S(l=3) ave= 0.000E+00 +/- 0.00 % 
 ... random file  52 Cap(th)  ave= 2.278E-02 b. +/- 32.43 % || Ela(th) ave= 2.474E+00 b. +/- 5.96 % || RIcap ave= 1.87E-02 b. +/- 16.76 % || Macs30 ave= 4.62E-03 b. +/- 0.44 % || Gn^0(l=0) ave= 4.728E-01 +/- 14.76 % Gn^0(l=1) ave= 1.416E+02 +/- 3.72 % Gn^0(l=2) ave= 7.982E+00 +/- 10.53 % Gn^0(l=3) ave= 0.000E+00 +/- 0.00 % || Gtotal(l=0) ave= 2.411E+02 +/- 39.56 % Gtotal(l=1) ave= 4.711E+04 +/- 0.00 % Gtotal(l=2) ave= 3.113E+02 +/- 0.00 % Gtotal(l=3) ave= 0.000E+00 +/- 0.00 %  % || Gg(l=0) ave= 4.216E+00 +/- 3.54 % Gg(l=1) ave= 1.711E+00 +/- 14.30 % Gg(l=2) ave= 5.057E+00 +/- 9.94 % Gg(l=3) ave= 0.000E+00 +/- 0.00 %  % || D(l=0) ave= 3.807E+05 +/- 19.54 % D(l=1) ave= 4.484E+05 +/- 0.00 % D(l=2) ave= 2.989E+05 +/- 0.00 % D(l=3) ave= 0.000E+00 +/- 0.00 %  % || S(l=0) ave= 1.859E-06 +/- 28.96 % S(l=1) ave= 1.734E-04 +/- 3.71 % S(l=2) ave= 1.848E-05 +/- 10.53 % S(l=3) ave= 0.000E+00 +/- 0.00 % 
 ... random file  53 Cap(th)  ave= 2.260E-02 b. +/- 32.91 % || Ela(th) ave= 2.477E+00 b. +/- 5.97 % || RIcap ave= 1.86E-02 b. +/- 16.94 % || Macs30 ave= 4.62E-03 b. +/- 0.44 % || Gn^0(l=0) ave= 4.716E-01 +/- 14.77 % Gn^0(l=1) ave= 1.415E+02 +/- 3.75 % Gn^0(l=2) ave= 7.964E+00 +/- 10.57 % Gn^0(l=3) ave= 0.000E+00 +/- 0.00 % || Gtotal(l=0) ave= 2.395E+02 +/- 39.76 % Gtotal(l=1) ave= 4.711E+04 +/- 0.00 % Gtotal(l=2) ave= 3.113E+02 +/- 0.00 % Gtotal(l=3) ave= 0.000E+00 +/- 0.00 %  % || Gg(l=0) ave= 4.218E+00 +/- 3.51 % Gg(l=1) ave= 1.711E+00 +/- 14.17 % Gg(l=2) ave= 5.051E+00 +/- 9.90 % Gg(l=3) ave= 0.000E+00 +/- 0.00 %  % || D(l=0) ave= 3.820E+05 +/- 19.44 % D(l=1) ave= 4.484E+05 +/- 0.00 % D(l=2) ave= 2.989E+05 +/- 0.00 % D(l=3) ave= 0.000E+00 +/- 0.00 %  % || S(l=0) ave= 1.850E-06 +/- 29.06 % S(l=1) ave= 1.732E-04 +/- 3.73 % S(l=2) ave= 1.844E-05 +/- 10.57 % S(l=3) ave= 0.000E+00 +/- 0.00 % 
 ... random file  54 Cap(th)  ave= 2.249E-02 b. +/- 32.98 % || Ela(th) ave= 2.476E+00 b. +/- 5.93 % || RIcap ave= 1.86E-02 b. +/- 16.94 % || Macs30 ave= 4.62E-03 b. +/- 0.44 % || Gn^0(l=0) ave= 4.705E-01 +/- 14.79 % Gn^0(l=1) ave= 1.415E+02 +/- 3.72 % Gn^0(l=2) ave= 7.968E+00 +/- 10.48 % Gn^0(l=3) ave= 0.000E+00 +/- 0.00 % || Gtotal(l=0) ave= 2.379E+02 +/- 39.94 % Gtotal(l=1) ave= 4.711E+04 +/- 0.00 % Gtotal(l=2) ave= 3.113E+02 +/- 0.00 % Gtotal(l=3) ave= 0.000E+00 +/- 0.00 %  % || Gg(l=0) ave= 4.219E+00 +/- 3.50 % Gg(l=1) ave= 1.714E+00 +/- 14.08 % Gg(l=2) ave= 5.042E+00 +/- 9.92 % Gg(l=3) ave= 0.000E+00 +/- 0.00 %  % || D(l=0) ave= 3.832E+05 +/- 19.34 % D(l=1) ave= 4.484E+05 +/- 0.00 % D(l=2) ave= 2.989E+05 +/- 0.00 % D(l=3) ave= 0.000E+00 +/- 0.00 %  % || S(l=0) ave= 1.841E-06 +/- 29.15 % S(l=1) ave= 1.733E-04 +/- 3.70 % S(l=2) ave= 1.845E-05 +/- 10.48 % S(l=3) ave= 0.000E+00 +/- 0.00 % 
 ... random file  55 Cap(th)  ave= 2.238E-02 b. +/- 33.04 % || Ela(th) ave= 2.479E+00 b. +/- 5.94 % || RIcap ave= 1.85E-02 b. +/- 16.93 % || Macs30 ave= 4.62E-03 b. +/- 0.44 % || Gn^0(l=0) ave= 4.719E-01 +/- 14.77 % Gn^0(l=1) ave= 1.414E+02 +/- 3.75 % Gn^0(l=2) ave= 7.953E+00 +/- 10.50 % Gn^0(l=3) ave= 0.000E+00 +/- 0.00 % || Gtotal(l=0) ave= 2.398E+02 +/- 39.71 % Gtotal(l=1) ave= 4.711E+04 +/- 0.00 % Gtotal(l=2) ave= 3.113E+02 +/- 0.00 % Gtotal(l=3) ave= 0.000E+00 +/- 0.00 %  % || Gg(l=0) ave= 4.225E+00 +/- 3.60 % Gg(l=1) ave= 1.717E+00 +/- 13.99 % Gg(l=2) ave= 5.032E+00 +/- 9.94 % Gg(l=3) ave= 0.000E+00 +/- 0.00 %  % || D(l=0) ave= 3.817E+05 +/- 19.47 % D(l=1) ave= 4.484E+05 +/- 0.00 % D(l=2) ave= 2.989E+05 +/- 0.00 % D(l=3) ave= 0.000E+00 +/- 0.00 %  % || S(l=0) ave= 1.852E-06 +/- 29.04 % S(l=1) ave= 1.731E-04 +/- 3.73 % S(l=2) ave= 1.841E-05 +/- 10.51 % S(l=3) ave= 0.000E+00 +/- 0.00 % 
 ... random file  56 Cap(th)  ave= 2.233E-02 b. +/- 32.87 % || Ela(th) ave= 2.476E+00 b. +/- 5.97 % || RIcap ave= 1.85E-02 b. +/- 16.83 % || Macs30 ave= 4.62E-03 b. +/- 0.43 % || Gn^0(l=0) ave= 4.708E-01 +/- 14.78 % Gn^0(l=1) ave= 1.415E+02 +/- 3.76 % Gn^0(l=2) ave= 7.971E+00 +/- 10.53 % Gn^0(l=3) ave= 0.000E+00 +/- 0.00 % || Gtotal(l=0) ave= 2.383E+02 +/- 39.89 % Gtotal(l=1) ave= 4.711E+04 +/- 0.00 % Gtotal(l=2) ave= 3.113E+02 +/- 0.00 % Gtotal(l=3) ave= 0.000E+00 +/- 0.00 %  % || Gg(l=0) ave= 4.226E+00 +/- 3.57 % Gg(l=1) ave= 1.715E+00 +/- 13.94 % Gg(l=2) ave= 5.026E+00 +/- 9.92 % Gg(l=3) ave= 0.000E+00 +/- 0.00 %  % || D(l=0) ave= 3.828E+05 +/- 19.37 % D(l=1) ave= 4.484E+05 +/- 0.00 % D(l=2) ave= 2.989E+05 +/- 0.00 % D(l=3) ave= 0.000E+00 +/- 0.00 %  % || S(l=0) ave= 1.844E-06 +/- 29.11 % S(l=1) ave= 1.733E-04 +/- 3.75 % S(l=2) ave= 1.845E-05 +/- 10.53 % S(l=3) ave= 0.000E+00 +/- 0.00 % 
 ... random file  57 Cap(th)  ave= 2.273E-02 b. +/- 34.70 % || Ela(th) ave= 2.473E+00 b. +/- 6.00 % || RIcap ave= 1.87E-02 b. +/- 17.93 % || Macs30 ave= 4.62E-03 b. +/- 0.43 % || Gn^0(l=0) ave= 4.721E-01 +/- 14.77 % Gn^0(l=1) ave= 1.416E+02 +/- 3.78 % Gn^0(l=2) ave= 7.989E+00 +/- 10.56 % Gn^0(l=3) ave= 0.000E+00 +/- 0.00 % || Gtotal(l=0) ave= 2.402E+02 +/- 39.67 % Gtotal(l=1) ave= 4.711E+04 +/- 0.00 % Gtotal(l=2) ave= 3.113E+02 +/- 0.00 % Gtotal(l=3) ave= 0.000E+00 +/- 0.00 %  % || Gg(l=0) ave= 4.231E+00 +/- 3.65 % Gg(l=1) ave= 1.715E+00 +/- 13.81 % Gg(l=2) ave= 5.022E+00 +/- 9.86 % Gg(l=3) ave= 0.000E+00 +/- 0.00 %  % || D(l=0) ave= 3.814E+05 +/- 19.49 % D(l=1) ave= 4.484E+05 +/- 0.00 % D(l=2) ave= 2.989E+05 +/- 0.00 % D(l=3) ave= 0.000E+00 +/- 0.00 %  % || S(l=0) ave= 1.854E-06 +/- 29.02 % S(l=1) ave= 1.734E-04 +/- 3.76 % S(l=2) ave= 1.850E-05 +/- 10.56 % S(l=3) ave= 0.000E+00 +/- 0.00 % 
 ... random file  58 Cap(th)  ave= 2.264E-02 b. +/- 34.67 % || Ela(th) ave= 2.475E+00 b. +/- 5.99 % || RIcap ave= 1.86E-02 b. +/- 17.88 % || Macs30 ave= 4.62E-03 b. +/- 0.43 % || Gn^0(l=0) ave= 4.711E-01 +/- 14.77 % Gn^0(l=1) ave= 1.415E+02 +/- 3.79 % Gn^0(l=2) ave= 7.976E+00 +/- 10.57 % Gn^0(l=3) ave= 0.000E+00 +/- 0.00 % || Gtotal(l=0) ave= 2.387E+02 +/- 39.84 % Gtotal(l=1) ave= 4.711E+04 +/- 0.00 % Gtotal(l=2) ave= 3.113E+02 +/- 0.00 % Gtotal(l=3) ave= 0.000E+00 +/- 0.00 %  % || Gg(l=0) ave= 4.233E+00 +/- 3.62 % Gg(l=1) ave= 1.711E+00 +/- 13.83 % Gg(l=2) ave= 5.037E+00 +/- 10.01 % Gg(l=3) ave= 0.000E+00 +/- 0.00 %  % || D(l=0) ave= 3.825E+05 +/- 19.40 % D(l=1) ave= 4.484E+05 +/- 0.00 % D(l=2) ave= 2.989E+05 +/- 0.00 % D(l=3) ave= 0.000E+00 +/- 0.00 %  % || S(l=0) ave= 1.846E-06 +/- 29.09 % S(l=1) ave= 1.733E-04 +/- 3.77 % S(l=2) ave= 1.847E-05 +/- 10.57 % S(l=3) ave= 0.000E+00 +/- 0.00 % 
 ... random file  59 Cap(th)  ave= 2.279E-02 b. +/- 34.54 % || Ela(th) ave= 2.478E+00 b. +/- 6.00 % || RIcap ave= 1.87E-02 b. +/- 17.86 % || Macs30 ave= 4.62E-03 b. +/- 0.43 % || Gn^0(l=0) ave= 4.701E-01 +/- 14.78 % Gn^0(l=1) ave= 1.414E+02 +/- 3.79 % Gn^0(l=2) ave= 7.961E+00 +/- 10.60 % Gn^0(l=3) ave= 0.000E+00 +/- 0.00 % || Gtotal(l=0) ave= 2.373E+02 +/- 40.01 % Gtotal(l=1) ave= 4.711E+04 +/- 0.00 % Gtotal(l=2) ave= 3.113E+02 +/- 0.00 % Gtotal(l=3) ave= 0.000E+00 +/- 0.00 %  % || Gg(l=0) ave= 4.234E+00 +/- 3.60 % Gg(l=1) ave= 1.711E+00 +/- 13.72 % Gg(l=2) ave= 5.036E+00 +/- 9.93 % Gg(l=3) ave= 0.000E+00 +/- 0.00 %  % || D(l=0) ave= 3.836E+05 +/- 19.31 % D(l=1) ave= 4.484E+05 +/- 0.00 % D(l=2) ave= 2.989E+05 +/- 0.00 % D(l=3) ave= 0.000E+00 +/- 0.00 %  % || S(l=0) ave= 1.838E-06 +/- 29.16 % S(l=1) ave= 1.732E-04 +/- 3.78 % S(l=2) ave= 1.843E-05 +/- 10.60 % S(l=3) ave= 0.000E+00 +/- 0.00 % 
 ... random file  60 Cap(th)  ave= 2.289E-02 b. +/- 34.27 % || Ela(th) ave= 2.478E+00 b. +/- 5.95 % || RIcap ave= 1.87E-02 b. +/- 17.77 % || Macs30 ave= 4.62E-03 b. +/- 0.43 % || Gn^0(l=0) ave= 4.691E-01 +/- 14.78 % Gn^0(l=1) ave= 1.414E+02 +/- 3.76 % Gn^0(l=2) ave= 7.961E+00 +/- 10.51 % Gn^0(l=3) ave= 0.000E+00 +/- 0.00 % || Gtotal(l=0) ave= 2.360E+02 +/- 40.15 % Gtotal(l=1) ave= 4.711E+04 +/- 0.00 % Gtotal(l=2) ave= 3.113E+02 +/- 0.00 % Gtotal(l=3) ave= 0.000E+00 +/- 0.00 %  % || Gg(l=0) ave= 4.235E+00 +/- 3.57 % Gg(l=1) ave= 1.714E+00 +/- 13.68 % Gg(l=2) ave= 5.067E+00 +/- 10.89 % Gg(l=3) ave= 0.000E+00 +/- 0.00 %  % || D(l=0) ave= 3.847E+05 +/- 19.21 % D(l=1) ave= 4.484E+05 +/- 0.00 % D(l=2) ave= 2.989E+05 +/- 0.00 % D(l=3) ave= 0.000E+00 +/- 0.00 %  % || S(l=0) ave= 1.830E-06 +/- 29.23 % S(l=1) ave= 1.732E-04 +/- 3.75 % S(l=2) ave= 1.843E-05 +/- 10.51 % S(l=3) ave= 0.000E+00 +/- 0.00 % 
 ... random file  61 Cap(th)  ave= 2.278E-02 b. +/- 34.38 % || Ela(th) ave= 2.480E+00 b. +/- 5.93 % || RIcap ave= 1.87E-02 b. +/- 17.78 % || Macs30 ave= 4.62E-03 b. +/- 0.43 % || Gn^0(l=0) ave= 4.681E-01 +/- 14.78 % Gn^0(l=1) ave= 1.413E+02 +/- 3.76 % Gn^0(l=2) ave= 7.950E+00 +/- 10.51 % Gn^0(l=3) ave= 0.000E+00 +/- 0.00 % || Gtotal(l=0) ave= 2.346E+02 +/- 40.29 % Gtotal(l=1) ave= 4.711E+04 +/- 0.00 % Gtotal(l=2) ave= 3.113E+02 +/- 0.00 % Gtotal(l=3) ave= 0.000E+00 +/- 0.00 %  % || Gg(l=0) ave= 4.236E+00 +/- 3.55 % Gg(l=1) ave= 1.719E+00 +/- 13.71 % Gg(l=2) ave= 5.057E+00 +/- 10.92 % Gg(l=3) ave= 0.000E+00 +/- 0.00 %  % || D(l=0) ave= 3.857E+05 +/- 19.12 % D(l=1) ave= 4.484E+05 +/- 0.00 % D(l=2) ave= 2.989E+05 +/- 0.00 % D(l=3) ave= 0.000E+00 +/- 0.00 %  % || S(l=0) ave= 1.823E-06 +/- 29.29 % S(l=1) ave= 1.731E-04 +/- 3.74 % S(l=2) ave= 1.841E-05 +/- 10.51 % S(l=3) ave= 0.000E+00 +/- 0.00 % 
 ... random file  62 Cap(th)  ave= 2.287E-02 b. +/- 34.12 % || Ela(th) ave= 2.477E+00 b. +/- 5.97 % || RIcap ave= 1.87E-02 b. +/- 17.68 % || Macs30 ave= 4.62E-03 b. +/- 0.43 % || Gn^0(l=0) ave= 4.672E-01 +/- 14.77 % Gn^0(l=1) ave= 1.415E+02 +/- 3.79 % Gn^0(l=2) ave= 7.966E+00 +/- 10.53 % Gn^0(l=3) ave= 0.000E+00 +/- 0.00 % || Gtotal(l=0) ave= 2.334E+02 +/- 40.42 % Gtotal(l=1) ave= 4.711E+04 +/- 0.00 % Gtotal(l=2) ave= 3.113E+02 +/- 0.00 % Gtotal(l=3) ave= 0.000E+00 +/- 0.00 %  % || Gg(l=0) ave= 4.237E+00 +/- 3.53 % Gg(l=1) ave= 1.719E+00 +/- 13.60 % Gg(l=2) ave= 5.045E+00 +/- 11.03 % Gg(l=3) ave= 0.000E+00 +/- 0.00 %  % || D(l=0) ave= 3.867E+05 +/- 19.03 % D(l=1) ave= 4.484E+05 +/- 0.00 % D(l=2) ave= 2.989E+05 +/- 0.00 % D(l=3) ave= 0.000E+00 +/- 0.00 %  % || S(l=0) ave= 1.816E-06 +/- 29.33 % S(l=1) ave= 1.732E-04 +/- 3.77 % S(l=2) ave= 1.844E-05 +/- 10.53 % S(l=3) ave= 0.000E+00 +/- 0.00 % 
 ... random file  63 Cap(th)  ave= 2.314E-02 b. +/- 34.71 % || Ela(th) ave= 2.480E+00 b. +/- 5.97 % || RIcap ave= 1.89E-02 b. +/- 18.09 % || Macs30 ave= 4.62E-03 b. +/- 0.43 % || Gn^0(l=0) ave= 4.685E-01 +/- 14.78 % Gn^0(l=1) ave= 1.414E+02 +/- 3.80 % Gn^0(l=2) ave= 7.952E+00 +/- 10.57 % Gn^0(l=3) ave= 0.000E+00 +/- 0.00 % || Gtotal(l=0) ave= 2.351E+02 +/- 40.24 % Gtotal(l=1) ave= 4.711E+04 +/- 0.00 % Gtotal(l=2) ave= 3.113E+02 +/- 0.00 % Gtotal(l=3) ave= 0.000E+00 +/- 0.00 %  % || Gg(l=0) ave= 4.239E+00 +/- 3.51 % Gg(l=1) ave= 1.722E+00 +/- 13.54 % Gg(l=2) ave= 5.058E+00 +/- 11.10 % Gg(l=3) ave= 0.000E+00 +/- 0.00 %  % || D(l=0) ave= 3.853E+05 +/- 19.16 % D(l=1) ave= 4.484E+05 +/- 0.00 % D(l=2) ave= 2.989E+05 +/- 0.00 % D(l=3) ave= 0.000E+00 +/- 0.00 %  % || S(l=0) ave= 1.826E-06 +/- 29.26 % S(l=1) ave= 1.731E-04 +/- 3.78 % S(l=2) ave= 1.841E-05 +/- 10.57 % S(l=3) ave= 0.000E+00 +/- 0.00 % 
 ... random file  64 Cap(th)  ave= 2.298E-02 b. +/- 35.16 % || Ela(th) ave= 2.480E+00 b. +/- 5.93 % || RIcap ave= 1.88E-02 b. +/- 18.24 % || Macs30 ave= 4.62E-03 b. +/- 0.44 % || Gn^0(l=0) ave= 4.697E-01 +/- 14.77 % Gn^0(l=1) ave= 1.413E+02 +/- 3.77 % Gn^0(l=2) ave= 7.947E+00 +/- 10.51 % Gn^0(l=3) ave= 0.000E+00 +/- 0.00 % || Gtotal(l=0) ave= 2.368E+02 +/- 40.06 % Gtotal(l=1) ave= 4.711E+04 +/- 0.00 % Gtotal(l=2) ave= 3.113E+02 +/- 0.00 % Gtotal(l=3) ave= 0.000E+00 +/- 0.00 %  % || Gg(l=0) ave= 4.233E+00 +/- 3.64 % Gg(l=1) ave= 1.722E+00 +/- 13.43 % Gg(l=2) ave= 5.067E+00 +/- 11.10 % Gg(l=3) ave= 0.000E+00 +/- 0.00 %  % || D(l=0) ave= 3.840E+05 +/- 19.27 % D(l=1) ave= 4.484E+05 +/- 0.00 % D(l=2) ave= 2.989E+05 +/- 0.00 % D(l=3) ave= 0.000E+00 +/- 0.00 %  % || S(l=0) ave= 1.835E-06 +/- 29.18 % S(l=1) ave= 1.731E-04 +/- 3.75 % S(l=2) ave= 1.840E-05 +/- 10.51 % S(l=3) ave= 0.000E+00 +/- 0.00 % 
 ... random file  65 Cap(th)  ave= 2.299E-02 b. +/- 34.89 % || Ela(th) ave= 2.477E+00 b. +/- 5.95 % || RIcap ave= 1.88E-02 b. +/- 18.10 % || Macs30 ave= 4.62E-03 b. +/- 0.44 % || Gn^0(l=0) ave= 4.709E-01 +/- 14.77 % Gn^0(l=1) ave= 1.414E+02 +/- 3.78 % Gn^0(l=2) ave= 7.963E+00 +/- 10.53 % Gn^0(l=3) ave= 0.000E+00 +/- 0.00 % || Gtotal(l=0) ave= 2.385E+02 +/- 39.87 % Gtotal(l=1) ave= 4.711E+04 +/- 0.00 % Gtotal(l=2) ave= 3.113E+02 +/- 0.00 % Gtotal(l=3) ave= 0.000E+00 +/- 0.00 %  % || Gg(l=0) ave= 4.229E+00 +/- 3.71 % Gg(l=1) ave= 1.720E+00 +/- 13.36 % Gg(l=2) ave= 5.084E+00 +/- 11.30 % Gg(l=3) ave= 0.000E+00 +/- 0.00 %  % || D(l=0) ave= 3.827E+05 +/- 19.38 % D(l=1) ave= 4.484E+05 +/- 0.00 % D(l=2) ave= 2.989E+05 +/- 0.00 % D(l=3) ave= 0.000E+00 +/- 0.00 %  % || S(l=0) ave= 1.844E-06 +/- 29.10 % S(l=1) ave= 1.732E-04 +/- 3.76 % S(l=2) ave= 1.844E-05 +/- 10.53 % S(l=3) ave= 0.000E+00 +/- 0.00 % 
 ... random file  66 Cap(th)  ave= 2.314E-02 b. +/- 34.79 % || Ela(th) ave= 2.479E+00 b. +/- 5.92 % || RIcap ave= 1.89E-02 b. +/- 18.11 % || Macs30 ave= 4.62E-03 b. +/- 0.44 % || Gn^0(l=0) ave= 4.721E-01 +/- 14.76 % Gn^0(l=1) ave= 1.414E+02 +/- 3.77 % Gn^0(l=2) ave= 7.956E+00 +/- 10.48 % Gn^0(l=3) ave= 0.000E+00 +/- 0.00 % || Gtotal(l=0) ave= 2.401E+02 +/- 39.68 % Gtotal(l=1) ave= 4.711E+04 +/- 0.00 % Gtotal(l=2) ave= 3.113E+02 +/- 0.00 % Gtotal(l=3) ave= 0.000E+00 +/- 0.00 %  % || Gg(l=0) ave= 4.228E+00 +/- 3.69 % Gg(l=1) ave= 1.722E+00 +/- 13.27 % Gg(l=2) ave= 5.085E+00 +/- 11.22 % Gg(l=3) ave= 0.000E+00 +/- 0.00 %  % || D(l=0) ave= 3.815E+05 +/- 19.48 % D(l=1) ave= 4.484E+05 +/- 0.00 % D(l=2) ave= 2.989E+05 +/- 0.00 % D(l=3) ave= 0.000E+00 +/- 0.00 %  % || S(l=0) ave= 1.853E-06 +/- 29.01 % S(l=1) ave= 1.731E-04 +/- 3.75 % S(l=2) ave= 1.842E-05 +/- 10.48 % S(l=3) ave= 0.000E+00 +/- 0.00 % 
 ... random file  67 Cap(th)  ave= 2.323E-02 b. +/- 34.56 % || Ela(th) ave= 2.476E+00 b. +/- 5.95 % || RIcap ave= 1.89E-02 b. +/- 18.03 % || Macs30 ave= 4.62E-03 b. +/- 0.43 % || Gn^0(l=0) ave= 4.731E-01 +/- 14.73 % Gn^0(l=1) ave= 1.415E+02 +/- 3.80 % Gn^0(l=2) ave= 7.973E+00 +/- 10.52 % Gn^0(l=3) ave= 0.000E+00 +/- 0.00 % || Gtotal(l=0) ave= 2.416E+02 +/- 39.49 % Gtotal(l=1) ave= 4.711E+04 +/- 0.00 % Gtotal(l=2) ave= 3.113E+02 +/- 0.00 % Gtotal(l=3) ave= 0.000E+00 +/- 0.00 %  % || Gg(l=0) ave= 4.229E+00 +/- 3.68 % Gg(l=1) ave= 1.726E+00 +/- 13.31 % Gg(l=2) ave= 5.085E+00 +/- 11.13 % Gg(l=3) ave= 0.000E+00 +/- 0.00 %  % || D(l=0) ave= 3.803E+05 +/- 19.58 % D(l=1) ave= 4.484E+05 +/- 0.00 % D(l=2) ave= 2.989E+05 +/- 0.00 % D(l=3) ave= 0.000E+00 +/- 0.00 %  % || S(l=0) ave= 1.862E-06 +/- 28.91 % S(l=1) ave= 1.732E-04 +/- 3.77 % S(l=2) ave= 1.846E-05 +/- 10.51 % S(l=3) ave= 0.000E+00 +/- 0.00 % 
 ... random file  68 Cap(th)  ave= 2.337E-02 b. +/- 34.47 % || Ela(th) ave= 2.474E+00 b. +/- 5.93 % || RIcap ave= 1.90E-02 b. +/- 18.03 % || Macs30 ave= 4.62E-03 b. +/- 0.43 % || Gn^0(l=0) ave= 4.742E-01 +/- 14.72 % Gn^0(l=1) ave= 1.415E+02 +/- 3.78 % Gn^0(l=2) ave= 7.979E+00 +/- 10.45 % Gn^0(l=3) ave= 0.000E+00 +/- 0.00 % || Gtotal(l=0) ave= 2.432E+02 +/- 39.29 % Gtotal(l=1) ave= 4.711E+04 +/- 0.00 % Gtotal(l=2) ave= 3.113E+02 +/- 0.00 % Gtotal(l=3) ave= 0.000E+00 +/- 0.00 %  % || Gg(l=0) ave= 4.229E+00 +/- 3.66 % Gg(l=1) ave= 1.724E+00 +/- 13.29 % Gg(l=2) ave= 5.091E+00 +/- 11.08 % Gg(l=3) ave= 0.000E+00 +/- 0.00 %  % || D(l=0) ave= 3.791E+05 +/- 19.66 % D(l=1) ave= 4.484E+05 +/- 0.00 % D(l=2) ave= 2.989E+05 +/- 0.00 % D(l=3) ave= 0.000E+00 +/- 0.00 %  % || S(l=0) ave= 1.870E-06 +/- 28.81 % S(l=1) ave= 1.733E-04 +/- 3.76 % S(l=2) ave= 1.847E-05 +/- 10.45 % S(l=3) ave= 0.000E+00 +/- 0.00 % 
 ... random file  69 Cap(th)  ave= 2.329E-02 b. +/- 34.47 % || Ela(th) ave= 2.472E+00 b. +/- 5.94 % || RIcap ave= 1.89E-02 b. +/- 18.00 % || Macs30 ave= 4.62E-03 b. +/- 0.43 % || Gn^0(l=0) ave= 4.734E-01 +/- 14.72 % Gn^0(l=1) ave= 1.416E+02 +/- 3.78 % Gn^0(l=2) ave= 7.993E+00 +/- 10.46 % Gn^0(l=3) ave= 0.000E+00 +/- 0.00 % || Gtotal(l=0) ave= 2.419E+02 +/- 39.46 % Gtotal(l=1) ave= 4.711E+04 +/- 0.00 % Gtotal(l=2) ave= 3.113E+02 +/- 0.00 % Gtotal(l=3) ave= 0.000E+00 +/- 0.00 %  % || Gg(l=0) ave= 4.230E+00 +/- 3.63 % Gg(l=1) ave= 1.726E+00 +/- 13.22 % Gg(l=2) ave= 5.098E+00 +/- 11.06 % Gg(l=3) ave= 0.000E+00 +/- 0.00 %  % || D(l=0) ave= 3.801E+05 +/- 19.59 % D(l=1) ave= 4.484E+05 +/- 0.00 % D(l=2) ave= 2.989E+05 +/- 0.00 % D(l=3) ave= 0.000E+00 +/- 0.00 %  % || S(l=0) ave= 1.863E-06 +/- 28.88 % S(l=1) ave= 1.734E-04 +/- 3.76 % S(l=2) ave= 1.851E-05 +/- 10.46 % S(l=3) ave= 0.000E+00 +/- 0.00 % 
 ... random file  70 Cap(th)  ave= 2.323E-02 b. +/- 34.38 % || Ela(th) ave= 2.471E+00 b. +/- 5.92 % || RIcap ave= 1.89E-02 b. +/- 17.93 % || Macs30 ave= 4.62E-03 b. +/- 0.43 % || Gn^0(l=0) ave= 4.745E-01 +/- 14.72 % Gn^0(l=1) ave= 1.417E+02 +/- 3.76 % Gn^0(l=2) ave= 7.999E+00 +/- 10.40 % Gn^0(l=3) ave= 0.000E+00 +/- 0.00 % || Gtotal(l=0) ave= 2.434E+02 +/- 39.27 % Gtotal(l=1) ave= 4.711E+04 +/- 0.00 % Gtotal(l=2) ave= 3.113E+02 +/- 0.00 % Gtotal(l=3) ave= 0.000E+00 +/- 0.00 %  % || Gg(l=0) ave= 4.229E+00 +/- 3.61 % Gg(l=1) ave= 1.729E+00 +/- 13.19 % Gg(l=2) ave= 5.098E+00 +/- 10.98 % Gg(l=3) ave= 0.000E+00 +/- 0.00 %  % || D(l=0) ave= 3.789E+05 +/- 19.67 % D(l=1) ave= 4.484E+05 +/- 0.00 % D(l=2) ave= 2.989E+05 +/- 0.00 % D(l=3) ave= 0.000E+00 +/- 0.00 %  % || S(l=0) ave= 1.872E-06 +/- 28.80 % S(l=1) ave= 1.735E-04 +/- 3.74 % S(l=2) ave= 1.852E-05 +/- 10.40 % S(l=3) ave= 0.000E+00 +/- 0.00 % 
 ... random file  71 Cap(th)  ave= 2.325E-02 b. +/- 34.12 % || Ela(th) ave= 2.473E+00 b. +/- 5.90 % || RIcap ave= 1.89E-02 b. +/- 17.80 % || Macs30 ave= 4.62E-03 b. +/- 0.43 % || Gn^0(l=0) ave= 4.736E-01 +/- 14.73 % Gn^0(l=1) ave= 1.416E+02 +/- 3.75 % Gn^0(l=2) ave= 7.990E+00 +/- 10.38 % Gn^0(l=3) ave= 0.000E+00 +/- 0.00 % || Gtotal(l=0) ave= 2.421E+02 +/- 39.43 % Gtotal(l=1) ave= 4.711E+04 +/- 0.00 % Gtotal(l=2) ave= 3.113E+02 +/- 0.00 % Gtotal(l=3) ave= 0.000E+00 +/- 0.00 %  % || Gg(l=0) ave= 4.230E+00 +/- 3.59 % Gg(l=1) ave= 1.725E+00 +/- 13.26 % Gg(l=2) ave= 5.097E+00 +/- 10.91 % Gg(l=3) ave= 0.000E+00 +/- 0.00 %  % || D(l=0) ave= 3.799E+05 +/- 19.60 % D(l=1) ave= 4.484E+05 +/- 0.00 % D(l=2) ave= 2.989E+05 +/- 0.00 % D(l=3) ave= 0.000E+00 +/- 0.00 %  % || S(l=0) ave= 1.865E-06 +/- 28.88 % S(l=1) ave= 1.734E-04 +/- 3.73 % S(l=2) ave= 1.850E-05 +/- 10.38 % S(l=3) ave= 0.000E+00 +/- 0.00 % 
 ... random file  72 Cap(th)  ave= 2.322E-02 b. +/- 33.94 % || Ela(th) ave= 2.472E+00 b. +/- 5.87 % || RIcap ave= 1.89E-02 b. +/- 17.69 % || Macs30 ave= 4.62E-03 b. +/- 0.43 % || Gn^0(l=0) ave= 4.746E-01 +/- 14.71 % Gn^0(l=1) ave= 1.416E+02 +/- 3.73 % Gn^0(l=2) ave= 7.993E+00 +/- 10.32 % Gn^0(l=3) ave= 0.000E+00 +/- 0.00 % || Gtotal(l=0) ave= 2.435E+02 +/- 39.24 % Gtotal(l=1) ave= 4.711E+04 +/- 0.00 % Gtotal(l=2) ave= 3.113E+02 +/- 0.00 % Gtotal(l=3) ave= 0.000E+00 +/- 0.00 %  % || Gg(l=0) ave= 4.226E+00 +/- 3.65 % Gg(l=1) ave= 1.726E+00 +/- 13.17 % Gg(l=2) ave= 5.093E+00 +/- 10.87 % Gg(l=3) ave= 0.000E+00 +/- 0.00 %  % || D(l=0) ave= 3.788E+05 +/- 19.68 % D(l=1) ave= 4.484E+05 +/- 0.00 % D(l=2) ave= 2.989E+05 +/- 0.00 % D(l=3) ave= 0.000E+00 +/- 0.00 %  % || S(l=0) ave= 1.873E-06 +/- 28.78 % S(l=1) ave= 1.734E-04 +/- 3.71 % S(l=2) ave= 1.851E-05 +/- 10.31 % S(l=3) ave= 0.000E+00 +/- 0.00 % 
 ... random file  73 Cap(th)  ave= 2.311E-02 b. +/- 34.11 % || Ela(th) ave= 2.474E+00 b. +/- 5.87 % || RIcap ave= 1.88E-02 b. +/- 17.75 % || Macs30 ave= 4.62E-03 b. +/- 0.43 % || Gn^0(l=0) ave= 4.756E-01 +/- 14.69 % Gn^0(l=1) ave= 1.416E+02 +/- 3.72 % Gn^0(l=2) ave= 7.981E+00 +/- 10.34 % Gn^0(l=3) ave= 0.000E+00 +/- 0.00 % || Gtotal(l=0) ave= 2.449E+02 +/- 39.06 % Gtotal(l=1) ave= 4.711E+04 +/- 0.00 % Gtotal(l=2) ave= 3.113E+02 +/- 0.00 % Gtotal(l=3) ave= 0.000E+00 +/- 0.00 %  % || Gg(l=0) ave= 4.241E+00 +/- 4.67 % Gg(l=1) ave= 1.726E+00 +/- 13.08 % Gg(l=2) ave= 5.087E+00 +/- 10.86 % Gg(l=3) ave= 0.000E+00 +/- 0.00 %  % || D(l=0) ave= 3.777E+05 +/- 19.76 % D(l=1) ave= 4.484E+05 +/- 0.00 % D(l=2) ave= 2.989E+05 +/- 0.00 % D(l=3) ave= 0.000E+00 +/- 0.00 %  % || S(l=0) ave= 1.881E-06 +/- 28.68 % S(l=1) ave= 1.734E-04 +/- 3.71 % S(l=2) ave= 1.848E-05 +/- 10.34 % S(l=3) ave= 0.000E+00 +/- 0.00 % 
 ... random file  74 Cap(th)  ave= 2.305E-02 b. +/- 34.04 % || Ela(th) ave= 2.472E+00 b. +/- 5.87 % || RIcap ave= 1.88E-02 b. +/- 17.69 % || Macs30 ave= 4.62E-03 b. +/- 0.43 % || Gn^0(l=0) ave= 4.747E-01 +/- 14.70 % Gn^0(l=1) ave= 1.416E+02 +/- 3.72 % Gn^0(l=2) ave= 7.991E+00 +/- 10.31 % Gn^0(l=3) ave= 0.000E+00 +/- 0.00 % || Gtotal(l=0) ave= 2.437E+02 +/- 39.22 % Gtotal(l=1) ave= 4.711E+04 +/- 0.00 % Gtotal(l=2) ave= 3.113E+02 +/- 0.00 % Gtotal(l=3) ave= 0.000E+00 +/- 0.00 %  % || Gg(l=0) ave= 4.241E+00 +/- 4.64 % Gg(l=1) ave= 1.723E+00 +/- 13.05 % Gg(l=2) ave= 5.078E+00 +/- 10.91 % Gg(l=3) ave= 0.000E+00 +/- 0.00 %  % || D(l=0) ave= 3.787E+05 +/- 19.69 % D(l=1) ave= 4.484E+05 +/- 0.00 % D(l=2) ave= 2.989E+05 +/- 0.00 % D(l=3) ave= 0.000E+00 +/- 0.00 %  % || S(l=0) ave= 1.874E-06 +/- 28.77 % S(l=1) ave= 1.734E-04 +/- 3.70 % S(l=2) ave= 1.850E-05 +/- 10.31 % S(l=3) ave= 0.000E+00 +/- 0.00 % 
 ... random file  75 Cap(th)  ave= 2.303E-02 b. +/- 33.86 % || Ela(th) ave= 2.470E+00 b. +/- 5.86 % || RIcap ave= 1.88E-02 b. +/- 17.58 % || Macs30 ave= 4.62E-03 b. +/- 0.42 % || Gn^0(l=0) ave= 4.738E-01 +/- 14.72 % Gn^0(l=1) ave= 1.417E+02 +/- 3.71 % Gn^0(l=2) ave= 8.001E+00 +/- 10.29 % Gn^0(l=3) ave= 0.000E+00 +/- 0.00 % || Gtotal(l=0) ave= 2.425E+02 +/- 39.38 % Gtotal(l=1) ave= 4.711E+04 +/- 0.00 % Gtotal(l=2) ave= 3.113E+02 +/- 0.00 % Gtotal(l=3) ave= 0.000E+00 +/- 0.00 %  % || Gg(l=0) ave= 4.242E+00 +/- 4.61 % Gg(l=1) ave= 1.722E+00 +/- 12.99 % Gg(l=2) ave= 5.081E+00 +/- 10.84 % Gg(l=3) ave= 0.000E+00 +/- 0.00 %  % || D(l=0) ave= 3.796E+05 +/- 19.63 % D(l=1) ave= 4.484E+05 +/- 0.00 % D(l=2) ave= 2.989E+05 +/- 0.00 % D(l=3) ave= 0.000E+00 +/- 0.00 %  % || S(l=0) ave= 1.867E-06 +/- 28.85 % S(l=1) ave= 1.735E-04 +/- 3.69 % S(l=2) ave= 1.852E-05 +/- 10.29 % S(l=3) ave= 0.000E+00 +/- 0.00 % 
 ... random file  76 Cap(th)  ave= 2.310E-02 b. +/- 33.64 % || Ela(th) ave= 2.468E+00 b. +/- 5.89 % || RIcap ave= 1.88E-02 b. +/- 17.49 % || Macs30 ave= 4.62E-03 b. +/- 0.43 % || Gn^0(l=0) ave= 4.748E-01 +/- 14.71 % Gn^0(l=1) ave= 1.418E+02 +/- 3.71 % Gn^0(l=2) ave= 8.015E+00 +/- 10.32 % Gn^0(l=3) ave= 0.000E+00 +/- 0.00 % || Gtotal(l=0) ave= 2.439E+02 +/- 39.20 % Gtotal(l=1) ave= 4.711E+04 +/- 0.00 % Gtotal(l=2) ave= 3.113E+02 +/- 0.00 % Gtotal(l=3) ave= 0.000E+00 +/- 0.00 %  % || Gg(l=0) ave= 4.238E+00 +/- 4.66 % Gg(l=1) ave= 1.723E+00 +/- 12.91 % Gg(l=2) ave= 5.075E+00 +/- 10.81 % Gg(l=3) ave= 0.000E+00 +/- 0.00 %  % || D(l=0) ave= 3.785E+05 +/- 19.70 % D(l=1) ave= 4.484E+05 +/- 0.00 % D(l=2) ave= 2.989E+05 +/- 0.00 % D(l=3) ave= 0.000E+00 +/- 0.00 %  % || S(l=0) ave= 1.875E-06 +/- 28.76 % S(l=1) ave= 1.736E-04 +/- 3.69 % S(l=2) ave= 1.856E-05 +/- 10.31 % S(l=3) ave= 0.000E+00 +/- 0.00 % 
 ... random file  77 Cap(th)  ave= 2.309E-02 b. +/- 33.44 % || Ela(th) ave= 2.466E+00 b. +/- 5.91 % || RIcap ave= 1.88E-02 b. +/- 17.38 % || Macs30 ave= 4.62E-03 b. +/- 0.42 % || Gn^0(l=0) ave= 4.739E-01 +/- 14.72 % Gn^0(l=1) ave= 1.419E+02 +/- 3.72 % Gn^0(l=2) ave= 8.028E+00 +/- 10.33 % Gn^0(l=3) ave= 0.000E+00 +/- 0.00 % || Gtotal(l=0) ave= 2.427E+02 +/- 39.35 % Gtotal(l=1) ave= 4.711E+04 +/- 0.00 % Gtotal(l=2) ave= 3.113E+02 +/- 0.00 % Gtotal(l=3) ave= 0.000E+00 +/- 0.00 %  % || Gg(l=0) ave= 4.239E+00 +/- 4.63 % Gg(l=1) ave= 1.723E+00 +/- 12.83 % Gg(l=2) ave= 5.079E+00 +/- 10.75 % Gg(l=3) ave= 0.000E+00 +/- 0.00 %  % || D(l=0) ave= 3.794E+05 +/- 19.64 % D(l=1) ave= 4.484E+05 +/- 0.00 % D(l=2) ave= 2.989E+05 +/- 0.00 % D(l=3) ave= 0.000E+00 +/- 0.00 %  % || S(l=0) ave= 1.868E-06 +/- 28.84 % S(l=1) ave= 1.737E-04 +/- 3.70 % S(l=2) ave= 1.859E-05 +/- 10.33 % S(l=3) ave= 0.000E+00 +/- 0.00 % 
 ... random file  78 Cap(th)  ave= 2.316E-02 b. +/- 33.23 % || Ela(th) ave= 2.466E+00 b. +/- 5.87 % || RIcap ave= 1.89E-02 b. +/- 17.31 % || Macs30 ave= 4.62E-03 b. +/- 0.43 % || Gn^0(l=0) ave= 4.749E-01 +/- 14.71 % Gn^0(l=1) ave= 1.419E+02 +/- 3.70 % Gn^0(l=2) ave= 8.025E+00 +/- 10.27 % Gn^0(l=3) ave= 0.000E+00 +/- 0.00 % || Gtotal(l=0) ave= 2.440E+02 +/- 39.18 % Gtotal(l=1) ave= 4.711E+04 +/- 0.00 % Gtotal(l=2) ave= 3.113E+02 +/- 0.00 % Gtotal(l=3) ave= 0.000E+00 +/- 0.00 %  % || Gg(l=0) ave= 4.237E+00 +/- 4.64 % Gg(l=1) ave= 1.720E+00 +/- 12.88 % Gg(l=2) ave= 5.095E+00 +/- 11.01 % Gg(l=3) ave= 0.000E+00 +/- 0.00 %  % || D(l=0) ave= 3.784E+05 +/- 19.71 % D(l=1) ave= 4.484E+05 +/- 0.00 % D(l=2) ave= 2.989E+05 +/- 0.00 % D(l=3) ave= 0.000E+00 +/- 0.00 %  % || S(l=0) ave= 1.876E-06 +/- 28.76 % S(l=1) ave= 1.737E-04 +/- 3.68 % S(l=2) ave= 1.858E-05 +/- 10.27 % S(l=3) ave= 0.000E+00 +/- 0.00 % 
 ... random file  79 Cap(th)  ave= 2.303E-02 b. +/- 33.57 % || Ela(th) ave= 2.468E+00 b. +/- 5.86 % || RIcap ave= 1.88E-02 b. +/- 17.44 % || Macs30 ave= 4.62E-03 b. +/- 0.42 % || Gn^0(l=0) ave= 4.758E-01 +/- 14.69 % Gn^0(l=1) ave= 1.418E+02 +/- 3.70 % Gn^0(l=2) ave= 8.016E+00 +/- 10.26 % Gn^0(l=3) ave= 0.000E+00 +/- 0.00 % || Gtotal(l=0) ave= 2.453E+02 +/- 39.00 % Gtotal(l=1) ave= 4.711E+04 +/- 0.00 % Gtotal(l=2) ave= 3.113E+02 +/- 0.00 % Gtotal(l=3) ave= 0.000E+00 +/- 0.00 %  % || Gg(l=0) ave= 4.233E+00 +/- 4.67 % Gg(l=1) ave= 1.716E+00 +/- 12.97 % Gg(l=2) ave= 5.091E+00 +/- 10.98 % Gg(l=3) ave= 0.000E+00 +/- 0.00 %  % || D(l=0) ave= 3.774E+05 +/- 19.78 % D(l=1) ave= 4.484E+05 +/- 0.00 % D(l=2) ave= 2.989E+05 +/- 0.00 % D(l=3) ave= 0.000E+00 +/- 0.00 %  % || S(l=0) ave= 1.883E-06 +/- 28.67 % S(l=1) ave= 1.736E-04 +/- 3.68 % S(l=2) ave= 1.856E-05 +/- 10.26 % S(l=3) ave= 0.000E+00 +/- 0.00 % 
 ... random file  80 Cap(th)  ave= 2.301E-02 b. +/- 33.41 % || Ela(th) ave= 2.466E+00 b. +/- 5.85 % || RIcap ave= 1.88E-02 b. +/- 17.35 % || Macs30 ave= 4.62E-03 b. +/- 0.42 % || Gn^0(l=0) ave= 4.767E-01 +/- 14.67 % Gn^0(l=1) ave= 1.418E+02 +/- 3.69 % Gn^0(l=2) ave= 8.024E+00 +/- 10.23 % Gn^0(l=3) ave= 0.000E+00 +/- 0.00 % || Gtotal(l=0) ave= 2.466E+02 +/- 38.83 % Gtotal(l=1) ave= 4.711E+04 +/- 0.00 % Gtotal(l=2) ave= 3.113E+02 +/- 0.00 % Gtotal(l=3) ave= 0.000E+00 +/- 0.00 %  % || Gg(l=0) ave= 4.233E+00 +/- 4.65 % Gg(l=1) ave= 1.717E+00 +/- 12.89 % Gg(l=2) ave= 5.103E+00 +/- 11.08 % Gg(l=3) ave= 0.000E+00 +/- 0.00 %  % || D(l=0) ave= 3.764E+05 +/- 19.84 % D(l=1) ave= 4.484E+05 +/- 0.00 % D(l=2) ave= 2.989E+05 +/- 0.00 % D(l=3) ave= 0.000E+00 +/- 0.00 %  % || S(l=0) ave= 1.890E-06 +/- 28.57 % S(l=1) ave= 1.737E-04 +/- 3.67 % S(l=2) ave= 1.858E-05 +/- 10.22 % S(l=3) ave= 0.000E+00 +/- 0.00 % 
 ... random file  81 Cap(th)  ave= 2.300E-02 b. +/- 33.23 % || Ela(th) ave= 2.464E+00 b. +/- 5.86 % || RIcap ave= 1.88E-02 b. +/- 17.25 % || Macs30 ave= 4.62E-03 b. +/- 0.42 % || Gn^0(l=0) ave= 4.776E-01 +/- 14.65 % Gn^0(l=1) ave= 1.419E+02 +/- 3.68 % Gn^0(l=2) ave= 8.036E+00 +/- 10.23 % Gn^0(l=3) ave= 0.000E+00 +/- 0.00 % || Gtotal(l=0) ave= 2.478E+02 +/- 38.65 % Gtotal(l=1) ave= 4.711E+04 +/- 0.00 % Gtotal(l=2) ave= 3.113E+02 +/- 0.00 % Gtotal(l=3) ave= 0.000E+00 +/- 0.00 %  % || Gg(l=0) ave= 4.229E+00 +/- 4.67 % Gg(l=1) ave= 1.719E+00 +/- 12.83 % Gg(l=2) ave= 5.104E+00 +/- 11.02 % Gg(l=3) ave= 0.000E+00 +/- 0.00 %  % || D(l=0) ave= 3.755E+05 +/- 19.90 % D(l=1) ave= 4.484E+05 +/- 0.00 % D(l=2) ave= 2.989E+05 +/- 0.00 % D(l=3) ave= 0.000E+00 +/- 0.00 %  % || S(l=0) ave= 1.897E-06 +/- 28.48 % S(l=1) ave= 1.737E-04 +/- 3.66 % S(l=2) ave= 1.860E-05 +/- 10.23 % S(l=3) ave= 0.000E+00 +/- 0.00 % 
 ... random file  82 Cap(th)  ave= 2.301E-02 b. +/- 33.01 % || Ela(th) ave= 2.462E+00 b. +/- 5.88 % || RIcap ave= 1.88E-02 b. +/- 17.14 % || Macs30 ave= 4.62E-03 b. +/- 0.42 % || Gn^0(l=0) ave= 4.785E-01 +/- 14.62 % Gn^0(l=1) ave= 1.420E+02 +/- 3.69 % Gn^0(l=2) ave= 8.047E+00 +/- 10.24 % Gn^0(l=3) ave= 0.000E+00 +/- 0.00 % || Gtotal(l=0) ave= 2.489E+02 +/- 38.48 % Gtotal(l=1) ave= 4.711E+04 +/- 0.00 % Gtotal(l=2) ave= 3.113E+02 +/- 0.00 % Gtotal(l=3) ave= 0.000E+00 +/- 0.00 %  % || Gg(l=0) ave= 4.229E+00 +/- 4.65 % Gg(l=1) ave= 1.719E+00 +/- 12.75 % Gg(l=2) ave= 5.113E+00 +/- 11.05 % Gg(l=3) ave= 0.000E+00 +/- 0.00 %  % || D(l=0) ave= 3.746E+05 +/- 19.95 % D(l=1) ave= 4.484E+05 +/- 0.00 % D(l=2) ave= 2.989E+05 +/- 0.00 % D(l=3) ave= 0.000E+00 +/- 0.00 %  % || S(l=0) ave= 1.903E-06 +/- 28.39 % S(l=1) ave= 1.738E-04 +/- 3.67 % S(l=2) ave= 1.863E-05 +/- 10.24 % S(l=3) ave= 0.000E+00 +/- 0.00 % 
 ... random file  83 Cap(th)  ave= 2.301E-02 b. +/- 32.82 % || Ela(th) ave= 2.462E+00 b. +/- 5.85 % || RIcap ave= 1.88E-02 b. +/- 17.04 % || Macs30 ave= 4.62E-03 b. +/- 0.42 % || Gn^0(l=0) ave= 4.776E-01 +/- 14.65 % Gn^0(l=1) ave= 1.420E+02 +/- 3.67 % Gn^0(l=2) ave= 8.051E+00 +/- 10.18 % Gn^0(l=3) ave= 0.000E+00 +/- 0.00 % || Gtotal(l=0) ave= 2.478E+02 +/- 38.65 % Gtotal(l=1) ave= 4.711E+04 +/- 0.00 % Gtotal(l=2) ave= 3.113E+02 +/- 0.00 % Gtotal(l=3) ave= 0.000E+00 +/- 0.00 %  % || Gg(l=0) ave= 4.230E+00 +/- 4.62 % Gg(l=1) ave= 1.720E+00 +/- 12.69 % Gg(l=2) ave= 5.108E+00 +/- 11.03 % Gg(l=3) ave= 0.000E+00 +/- 0.00 %  % || D(l=0) ave= 3.755E+05 +/- 19.90 % D(l=1) ave= 4.484E+05 +/- 0.00 % D(l=2) ave= 2.989E+05 +/- 0.00 % D(l=3) ave= 0.000E+00 +/- 0.00 %  % || S(l=0) ave= 1.897E-06 +/- 28.48 % S(l=1) ave= 1.739E-04 +/- 3.65 % S(l=2) ave= 1.864E-05 +/- 10.18 % S(l=3) ave= 0.000E+00 +/- 0.00 % 
 ... random file  84 Cap(th)  ave= 2.298E-02 b. +/- 32.69 % || Ela(th) ave= 2.461E+00 b. +/- 5.82 % || RIcap ave= 1.88E-02 b. +/- 16.96 % || Macs30 ave= 4.62E-03 b. +/- 0.42 % || Gn^0(l=0) ave= 4.785E-01 +/- 14.62 % Gn^0(l=1) ave= 1.420E+02 +/- 3.65 % Gn^0(l=2) ave= 8.052E+00 +/- 10.12 % Gn^0(l=3) ave= 0.000E+00 +/- 0.00 % || Gtotal(l=0) ave= 2.490E+02 +/- 38.47 % Gtotal(l=1) ave= 4.711E+04 +/- 0.00 % Gtotal(l=2) ave= 3.113E+02 +/- 0.00 % Gtotal(l=3) ave= 0.000E+00 +/- 0.00 %  % || Gg(l=0) ave= 4.227E+00 +/- 4.65 % Gg(l=1) ave= 1.723E+00 +/- 12.66 % Gg(l=2) ave= 5.115E+00 +/- 11.01 % Gg(l=3) ave= 0.000E+00 +/- 0.00 %  % || D(l=0) ave= 3.746E+05 +/- 19.95 % D(l=1) ave= 4.484E+05 +/- 0.00 % D(l=2) ave= 2.989E+05 +/- 0.00 % D(l=3) ave= 0.000E+00 +/- 0.00 %  % || S(l=0) ave= 1.903E-06 +/- 28.38 % S(l=1) ave= 1.739E-04 +/- 3.63 % S(l=2) ave= 1.864E-05 +/- 10.12 % S(l=3) ave= 0.000E+00 +/- 0.00 % 
 ... random file  85 Cap(th)  ave= 2.301E-02 b. +/- 32.48 % || Ela(th) ave= 2.463E+00 b. +/- 5.81 % || RIcap ave= 1.88E-02 b. +/- 16.86 % || Macs30 ave= 4.62E-03 b. +/- 0.41 % || Gn^0(l=0) ave= 4.793E-01 +/- 14.60 % Gn^0(l=1) ave= 1.419E+02 +/- 3.65 % Gn^0(l=2) ave= 8.043E+00 +/- 10.13 % Gn^0(l=3) ave= 0.000E+00 +/- 0.00 % || Gtotal(l=0) ave= 2.501E+02 +/- 38.30 % Gtotal(l=1) ave= 4.711E+04 +/- 0.00 % Gtotal(l=2) ave= 3.113E+02 +/- 0.00 % Gtotal(l=3) ave= 0.000E+00 +/- 0.00 %  % || Gg(l=0) ave= 4.225E+00 +/- 4.64 % Gg(l=1) ave= 1.720E+00 +/- 12.70 % Gg(l=2) ave= 5.111E+00 +/- 10.98 % Gg(l=3) ave= 0.000E+00 +/- 0.00 %  % || D(l=0) ave= 3.737E+05 +/- 20.00 % D(l=1) ave= 4.484E+05 +/- 0.00 % D(l=2) ave= 2.989E+05 +/- 0.00 % D(l=3) ave= 0.000E+00 +/- 0.00 %  % || S(l=0) ave= 1.910E-06 +/- 28.29 % S(l=1) ave= 1.738E-04 +/- 3.63 % S(l=2) ave= 1.862E-05 +/- 10.13 % S(l=3) ave= 0.000E+00 +/- 0.00 % 
 ... random file  86 Cap(th)  ave= 2.309E-02 b. +/- 32.34 % || Ela(th) ave= 2.464E+00 b. +/- 5.79 % || RIcap ave= 1.88E-02 b. +/- 16.83 % || Macs30 ave= 4.62E-03 b. +/- 0.41 % || Gn^0(l=0) ave= 4.785E-01 +/- 14.62 % Gn^0(l=1) ave= 1.419E+02 +/- 3.63 % Gn^0(l=2) ave= 8.037E+00 +/- 10.10 % Gn^0(l=3) ave= 0.000E+00 +/- 0.00 % || Gtotal(l=0) ave= 2.490E+02 +/- 38.47 % Gtotal(l=1) ave= 4.711E+04 +/- 0.00 % Gtotal(l=2) ave= 3.113E+02 +/- 0.00 % Gtotal(l=3) ave= 0.000E+00 +/- 0.00 %  % || Gg(l=0) ave= 4.226E+00 +/- 4.62 % Gg(l=1) ave= 1.723E+00 +/- 12.73 % Gg(l=2) ave= 5.127E+00 +/- 11.26 % Gg(l=3) ave= 0.000E+00 +/- 0.00 %  % || D(l=0) ave= 3.745E+05 +/- 19.95 % D(l=1) ave= 4.484E+05 +/- 0.00 % D(l=2) ave= 2.989E+05 +/- 0.00 % D(l=3) ave= 0.000E+00 +/- 0.00 %  % || S(l=0) ave= 1.903E-06 +/- 28.38 % S(l=1) ave= 1.738E-04 +/- 3.62 % S(l=2) ave= 1.861E-05 +/- 10.09 % S(l=3) ave= 0.000E+00 +/- 0.00 % 
 ... random file  87 Cap(th)  ave= 2.313E-02 b. +/- 32.15 % || Ela(th) ave= 2.465E+00 b. +/- 5.78 % || RIcap ave= 1.89E-02 b. +/- 16.74 % || Macs30 ave= 4.62E-03 b. +/- 0.44 % || Gn^0(l=0) ave= 4.793E-01 +/- 14.59 % Gn^0(l=1) ave= 1.418E+02 +/- 3.64 % Gn^0(l=2) ave= 8.028E+00 +/- 10.11 % Gn^0(l=3) ave= 0.000E+00 +/- 0.00 % || Gtotal(l=0) ave= 2.501E+02 +/- 38.30 % Gtotal(l=1) ave= 4.711E+04 +/- 0.00 % Gtotal(l=2) ave= 3.113E+02 +/- 0.00 % Gtotal(l=3) ave= 0.000E+00 +/- 0.00 %  % || Gg(l=0) ave= 4.227E+00 +/- 4.60 % Gg(l=1) ave= 1.721E+00 +/- 12.75 % Gg(l=2) ave= 5.130E+00 +/- 11.21 % Gg(l=3) ave= 0.000E+00 +/- 0.00 %  % || D(l=0) ave= 3.737E+05 +/- 20.00 % D(l=1) ave= 4.484E+05 +/- 0.00 % D(l=2) ave= 2.989E+05 +/- 0.00 % D(l=3) ave= 0.000E+00 +/- 0.00 %  % || S(l=0) ave= 1.910E-06 +/- 28.29 % S(l=1) ave= 1.737E-04 +/- 3.62 % S(l=2) ave= 1.859E-05 +/- 10.11 % S(l=3) ave= 0.000E+00 +/- 0.00 % 
 ... random file  88 Cap(th)  ave= 2.304E-02 b. +/- 32.30 % || Ela(th) ave= 2.466E+00 b. +/- 5.76 % || RIcap ave= 1.88E-02 b. +/- 16.79 % || Macs30 ave= 4.62E-03 b. +/- 0.44 % || Gn^0(l=0) ave= 4.785E-01 +/- 14.61 % Gn^0(l=1) ave= 1.418E+02 +/- 3.63 % Gn^0(l=2) ave= 8.022E+00 +/- 10.09 % Gn^0(l=3) ave= 0.000E+00 +/- 0.00 % || Gtotal(l=0) ave= 2.490E+02 +/- 38.47 % Gtotal(l=1) ave= 4.711E+04 +/- 0.00 % Gtotal(l=2) ave= 3.113E+02 +/- 0.00 % Gtotal(l=3) ave= 0.000E+00 +/- 0.00 %  % || Gg(l=0) ave= 4.228E+00 +/- 4.58 % Gg(l=1) ave= 1.718E+00 +/- 12.82 % Gg(l=2) ave= 5.123E+00 +/- 11.23 % Gg(l=3) ave= 0.000E+00 +/- 0.00 %  % || D(l=0) ave= 3.745E+05 +/- 19.95 % D(l=1) ave= 4.484E+05 +/- 0.00 % D(l=2) ave= 2.989E+05 +/- 0.00 % D(l=3) ave= 0.000E+00 +/- 0.00 %  % || S(l=0) ave= 1.904E-06 +/- 28.37 % S(l=1) ave= 1.736E-04 +/- 3.61 % S(l=2) ave= 1.857E-05 +/- 10.09 % S(l=3) ave= 0.000E+00 +/- 0.00 % 
 ... random file  89 Cap(th)  ave= 2.295E-02 b. +/- 32.46 % || Ela(th) ave= 2.468E+00 b. +/- 5.76 % || RIcap ave= 1.88E-02 b. +/- 16.84 % || Macs30 ave= 4.62E-03 b. +/- 0.43 % || Gn^0(l=0) ave= 4.778E-01 +/- 14.63 % Gn^0(l=1) ave= 1.418E+02 +/- 3.62 % Gn^0(l=2) ave= 8.013E+00 +/- 10.10 % Gn^0(l=3) ave= 0.000E+00 +/- 0.00 % || Gtotal(l=0) ave= 2.480E+02 +/- 38.62 % Gtotal(l=1) ave= 4.711E+04 +/- 0.00 % Gtotal(l=2) ave= 3.113E+02 +/- 0.00 % Gtotal(l=3) ave= 0.000E+00 +/- 0.00 %  % || Gg(l=0) ave= 4.229E+00 +/- 4.55 % Gg(l=1) ave= 1.717E+00 +/- 12.75 % Gg(l=2) ave= 5.125E+00 +/- 11.17 % Gg(l=3) ave= 0.000E+00 +/- 0.00 %  % || D(l=0) ave= 3.753E+05 +/- 19.91 % D(l=1) ave= 4.484E+05 +/- 0.00 % D(l=2) ave= 2.989E+05 +/- 0.00 % D(l=3) ave= 0.000E+00 +/- 0.00 %  % || S(l=0) ave= 1.898E-06 +/- 28.45 % S(l=1) ave= 1.736E-04 +/- 3.60 % S(l=2) ave= 1.855E-05 +/- 10.10 % S(l=3) ave= 0.000E+00 +/- 0.00 % 
 ... random file  90 Cap(th)  ave= 2.291E-02 b. +/- 32.40 % || Ela(th) ave= 2.467E+00 b. +/- 5.74 % || RIcap ave= 1.88E-02 b. +/- 16.79 % || Macs30 ave= 4.62E-03 b. +/- 0.43 % || Gn^0(l=0) ave= 4.770E-01 +/- 14.65 % Gn^0(l=1) ave= 1.418E+02 +/- 3.61 % Gn^0(l=2) ave= 8.017E+00 +/- 10.06 % Gn^0(l=3) ave= 0.000E+00 +/- 0.00 % || Gtotal(l=0) ave= 2.469E+02 +/- 38.77 % Gtotal(l=1) ave= 4.711E+04 +/- 0.00 % Gtotal(l=2) ave= 3.113E+02 +/- 0.00 % Gtotal(l=3) ave= 0.000E+00 +/- 0.00 %  % || Gg(l=0) ave= 4.229E+00 +/- 4.53 % Gg(l=1) ave= 1.718E+00 +/- 12.68 % Gg(l=2) ave= 5.127E+00 +/- 11.11 % Gg(l=3) ave= 0.000E+00 +/- 0.00 %  % || D(l=0) ave= 3.761E+05 +/- 19.86 % D(l=1) ave= 4.484E+05 +/- 0.00 % D(l=2) ave= 2.989E+05 +/- 0.00 % D(l=3) ave= 0.000E+00 +/- 0.00 %  % || S(l=0) ave= 1.892E-06 +/- 28.54 % S(l=1) ave= 1.736E-04 +/- 3.59 % S(l=2) ave= 1.856E-05 +/- 10.05 % S(l=3) ave= 0.000E+00 +/- 0.00 % 
 ... random file  91 Cap(th)  ave= 2.289E-02 b. +/- 32.26 % || Ela(th) ave= 2.466E+00 b. +/- 5.73 % || RIcap ave= 1.88E-02 b. +/- 16.71 % || Macs30 ave= 4.62E-03 b. +/- 0.43 % || Gn^0(l=0) ave= 4.778E-01 +/- 14.63 % Gn^0(l=1) ave= 1.418E+02 +/- 3.60 % Gn^0(l=2) ave= 8.022E+00 +/- 10.01 % Gn^0(l=3) ave= 0.000E+00 +/- 0.00 % || Gtotal(l=0) ave= 2.480E+02 +/- 38.62 % Gtotal(l=1) ave= 4.711E+04 +/- 0.00 % Gtotal(l=2) ave= 3.113E+02 +/- 0.00 % Gtotal(l=3) ave= 0.000E+00 +/- 0.00 %  % || Gg(l=0) ave= 4.228E+00 +/- 4.52 % Gg(l=1) ave= 1.718E+00 +/- 12.61 % Gg(l=2) ave= 5.134E+00 +/- 11.12 % Gg(l=3) ave= 0.000E+00 +/- 0.00 %  % || D(l=0) ave= 3.753E+05 +/- 19.91 % D(l=1) ave= 4.484E+05 +/- 0.00 % D(l=2) ave= 2.989E+05 +/- 0.00 % D(l=3) ave= 0.000E+00 +/- 0.00 %  % || S(l=0) ave= 1.898E-06 +/- 28.45 % S(l=1) ave= 1.737E-04 +/- 3.58 % S(l=2) ave= 1.857E-05 +/- 10.01 % S(l=3) ave= 0.000E+00 +/- 0.00 % 
 ... random file  92 Cap(th)  ave= 2.304E-02 b. +/- 32.49 % || Ela(th) ave= 2.465E+00 b. +/- 5.73 % || RIcap ave= 1.88E-02 b. +/- 16.89 % || Macs30 ave= 4.62E-03 b. +/- 0.43 % || Gn^0(l=0) ave= 4.786E-01 +/- 14.61 % Gn^0(l=1) ave= 1.419E+02 +/- 3.59 % Gn^0(l=2) ave= 8.031E+00 +/- 10.00 % Gn^0(l=3) ave= 0.000E+00 +/- 0.00 % || Gtotal(l=0) ave= 2.491E+02 +/- 38.46 % Gtotal(l=1) ave= 4.711E+04 +/- 0.00 % Gtotal(l=2) ave= 3.113E+02 +/- 0.00 % Gtotal(l=3) ave= 0.000E+00 +/- 0.00 %  % || Gg(l=0) ave= 4.226E+00 +/- 4.51 % Gg(l=1) ave= 1.716E+00 +/- 12.67 % Gg(l=2) ave= 5.144E+00 +/- 11.18 % Gg(l=3) ave= 0.000E+00 +/- 0.00 %  % || D(l=0) ave= 3.745E+05 +/- 19.96 % D(l=1) ave= 4.484E+05 +/- 0.00 % D(l=2) ave= 2.989E+05 +/- 0.00 % D(l=3) ave= 0.000E+00 +/- 0.00 %  % || S(l=0) ave= 1.904E-06 +/- 28.37 % S(l=1) ave= 1.737E-04 +/- 3.57 % S(l=2) ave= 1.859E-05 +/- 10.00 % S(l=3) ave= 0.000E+00 +/- 0.00 % 
 ... random file  93 Cap(th)  ave= 2.292E-02 b. +/- 32.87 % || Ela(th) ave= 2.463E+00 b. +/- 5.73 % || RIcap ave= 1.88E-02 b. +/- 17.05 % || Macs30 ave= 4.62E-03 b. +/- 0.43 % || Gn^0(l=0) ave= 4.793E-01 +/- 14.59 % Gn^0(l=1) ave= 1.419E+02 +/- 3.59 % Gn^0(l=2) ave= 8.039E+00 +/- 9.98 % Gn^0(l=3) ave= 0.000E+00 +/- 0.00 % || Gtotal(l=0) ave= 2.501E+02 +/- 38.30 % Gtotal(l=1) ave= 4.711E+04 +/- 0.00 % Gtotal(l=2) ave= 3.113E+02 +/- 0.00 % Gtotal(l=3) ave= 0.000E+00 +/- 0.00 %  % || Gg(l=0) ave= 4.223E+00 +/- 4.54 % Gg(l=1) ave= 1.716E+00 +/- 12.61 % Gg(l=2) ave= 5.145E+00 +/- 11.12 % Gg(l=3) ave= 0.000E+00 +/- 0.00 %  % || D(l=0) ave= 3.737E+05 +/- 20.00 % D(l=1) ave= 4.484E+05 +/- 0.00 % D(l=2) ave= 2.989E+05 +/- 0.00 % D(l=3) ave= 0.000E+00 +/- 0.00 %  % || S(l=0) ave= 1.909E-06 +/- 28.28 % S(l=1) ave= 1.738E-04 +/- 3.57 % S(l=2) ave= 1.861E-05 +/- 9.98 % S(l=3) ave= 0.000E+00 +/- 0.00 % 
 ... random file  94 Cap(th)  ave= 2.296E-02 b. +/- 32.68 % || Ela(th) ave= 2.463E+00 b. +/- 5.71 % || RIcap ave= 1.88E-02 b. +/- 16.96 % || Macs30 ave= 4.62E-03 b. +/- 0.42 % || Gn^0(l=0) ave= 4.786E-01 +/- 14.60 % Gn^0(l=1) ave= 1.420E+02 +/- 3.57 % Gn^0(l=2) ave= 8.041E+00 +/- 9.93 % Gn^0(l=3) ave= 0.000E+00 +/- 0.00 % || Gtotal(l=0) ave= 2.491E+02 +/- 38.46 % Gtotal(l=1) ave= 4.711E+04 +/- 0.00 % Gtotal(l=2) ave= 3.113E+02 +/- 0.00 % Gtotal(l=3) ave= 0.000E+00 +/- 0.00 %  % || Gg(l=0) ave= 4.224E+00 +/- 4.51 % Gg(l=1) ave= 1.717E+00 +/- 12.55 % Gg(l=2) ave= 5.141E+00 +/- 11.10 % Gg(l=3) ave= 0.000E+00 +/- 0.00 %  % || D(l=0) ave= 3.745E+05 +/- 19.96 % D(l=1) ave= 4.484E+05 +/- 0.00 % D(l=2) ave= 2.989E+05 +/- 0.00 % D(l=3) ave= 0.000E+00 +/- 0.00 %  % || S(l=0) ave= 1.904E-06 +/- 28.36 % S(l=1) ave= 1.738E-04 +/- 3.56 % S(l=2) ave= 1.862E-05 +/- 9.93 % S(l=3) ave= 0.000E+00 +/- 0.00 % 
 ... random file  95 Cap(th)  ave= 2.290E-02 b. +/- 32.71 % || Ela(th) ave= 2.460E+00 b. +/- 5.80 % || RIcap ave= 1.88E-02 b. +/- 16.96 % || Macs30 ave= 4.62E-03 b. +/- 0.42 % || Gn^0(l=0) ave= 4.793E-01 +/- 14.58 % Gn^0(l=1) ave= 1.421E+02 +/- 3.65 % Gn^0(l=2) ave= 8.060E+00 +/- 10.12 % Gn^0(l=3) ave= 0.000E+00 +/- 0.00 % || Gtotal(l=0) ave= 2.501E+02 +/- 38.30 % Gtotal(l=1) ave= 4.711E+04 +/- 0.00 % Gtotal(l=2) ave= 3.113E+02 +/- 0.00 % Gtotal(l=3) ave= 0.000E+00 +/- 0.00 %  % || Gg(l=0) ave= 4.228E+00 +/- 4.56 % Gg(l=1) ave= 1.718E+00 +/- 12.49 % Gg(l=2) ave= 5.142E+00 +/- 11.04 % Gg(l=3) ave= 0.000E+00 +/- 0.00 %  % || D(l=0) ave= 3.737E+05 +/- 20.00 % D(l=1) ave= 4.484E+05 +/- 0.00 % D(l=2) ave= 2.989E+05 +/- 0.00 % D(l=3) ave= 0.000E+00 +/- 0.00 %  % || S(l=0) ave= 1.909E-06 +/- 28.27 % S(l=1) ave= 1.740E-04 +/- 3.63 % S(l=2) ave= 1.866E-05 +/- 10.12 % S(l=3) ave= 0.000E+00 +/- 0.00 % 
 ... random file  96 Cap(th)  ave= 2.289E-02 b. +/- 32.55 % || Ela(th) ave= 2.467E+00 b. +/- 6.37 % || RIcap ave= 1.88E-02 b. +/- 16.87 % || Macs30 ave= 4.62E-03 b. +/- 0.42 % || Gn^0(l=0) ave= 4.800E-01 +/- 14.56 % Gn^0(l=1) ave= 1.419E+02 +/- 3.85 % Gn^0(l=2) ave= 8.032E+00 +/- 10.68 % Gn^0(l=3) ave= 0.000E+00 +/- 0.00 % || Gtotal(l=0) ave= 2.511E+02 +/- 38.15 % Gtotal(l=1) ave= 4.711E+04 +/- 0.00 % Gtotal(l=2) ave= 3.113E+02 +/- 0.00 % Gtotal(l=3) ave= 0.000E+00 +/- 0.00 %  % || Gg(l=0) ave= 4.231E+00 +/- 4.60 % Gg(l=1) ave= 1.720E+00 +/- 12.44 % Gg(l=2) ave= 5.136E+00 +/- 11.04 % Gg(l=3) ave= 0.000E+00 +/- 0.00 %  % || D(l=0) ave= 3.729E+05 +/- 20.04 % D(l=1) ave= 4.484E+05 +/- 0.00 % D(l=2) ave= 2.989E+05 +/- 0.00 % D(l=3) ave= 0.000E+00 +/- 0.00 %  % || S(l=0) ave= 1.915E-06 +/- 28.19 % S(l=1) ave= 1.737E-04 +/- 3.83 % S(l=2) ave= 1.860E-05 +/- 10.67 % S(l=3) ave= 0.000E+00 +/- 0.00 % 
 ... random file  97 Cap(th)  ave= 2.281E-02 b. +/- 32.67 % || Ela(th) ave= 2.459E+00 b. +/- 7.00 % || RIcap ave= 1.87E-02 b. +/- 16.91 % || Macs30 ave= 4.62E-03 b. +/- 0.42 % || Gn^0(l=0) ave= 4.793E-01 +/- 14.58 % Gn^0(l=1) ave= 1.423E+02 +/- 4.62 % Gn^0(l=2) ave= 8.099E+00 +/- 13.32 % Gn^0(l=3) ave= 0.000E+00 +/- 0.00 % || Gtotal(l=0) ave= 2.501E+02 +/- 38.30 % Gtotal(l=1) ave= 4.711E+04 +/- 0.00 % Gtotal(l=2) ave= 3.113E+02 +/- 0.00 % Gtotal(l=3) ave= 0.000E+00 +/- 0.00 %  % || Gg(l=0) ave= 4.232E+00 +/- 4.58 % Gg(l=1) ave= 1.715E+00 +/- 12.68 % Gg(l=2) ave= 5.130E+00 +/- 11.08 % Gg(l=3) ave= 0.000E+00 +/- 0.00 %  % || D(l=0) ave= 3.737E+05 +/- 20.00 % D(l=1) ave= 4.484E+05 +/- 0.00 % D(l=2) ave= 2.989E+05 +/- 0.00 % D(l=3) ave= 0.000E+00 +/- 0.00 %  % || S(l=0) ave= 1.910E-06 +/- 28.28 % S(l=1) ave= 1.742E-04 +/- 4.59 % S(l=2) ave= 1.875E-05 +/- 13.32 % S(l=3) ave= 0.000E+00 +/- 0.00 % 
 ... random file  98 Cap(th)  ave= 2.281E-02 b. +/- 32.51 % || Ela(th) ave= 2.453E+00 b. +/- 7.40 % || RIcap ave= 1.87E-02 b. +/- 16.82 % || Macs30 ave= 4.62E-03 b. +/- 0.42 % || Gn^0(l=0) ave= 4.786E-01 +/- 14.60 % Gn^0(l=1) ave= 1.425E+02 +/- 4.97 % Gn^0(l=2) ave= 8.151E+00 +/- 14.61 % Gn^0(l=3) ave= 0.000E+00 +/- 0.00 % || Gtotal(l=0) ave= 2.491E+02 +/- 38.45 % Gtotal(l=1) ave= 4.711E+04 +/- 0.00 % Gtotal(l=2) ave= 3.113E+02 +/- 0.00 % Gtotal(l=3) ave= 0.000E+00 +/- 0.00 %  % || Gg(l=0) ave= 4.232E+00 +/- 4.56 % Gg(l=1) ave= 1.716E+00 +/- 12.63 % Gg(l=2) ave= 5.134E+00 +/- 11.04 % Gg(l=3) ave= 0.000E+00 +/- 0.00 %  % || D(l=0) ave= 3.744E+05 +/- 19.96 % D(l=1) ave= 4.484E+05 +/- 0.00 % D(l=2) ave= 2.989E+05 +/- 0.00 % D(l=3) ave= 0.000E+00 +/- 0.00 %  % || S(l=0) ave= 1.904E-06 +/- 28.36 % S(l=1) ave= 1.745E-04 +/- 4.94 % S(l=2) ave= 1.887E-05 +/- 14.60 % S(l=3) ave= 0.000E+00 +/- 0.00 % 
 ... random file  99 Cap(th)  ave= 2.277E-02 b. +/- 32.46 % || Ela(th) ave= 2.455E+00 b. +/- 7.39 % || RIcap ave= 1.87E-02 b. +/- 16.79 % || Macs30 ave= 4.62E-03 b. +/- 0.43 % || Gn^0(l=0) ave= 4.779E-01 +/- 14.62 % Gn^0(l=1) ave= 1.425E+02 +/- 4.96 % Gn^0(l=2) ave= 8.142E+00 +/- 14.60 % Gn^0(l=3) ave= 0.000E+00 +/- 0.00 % || Gtotal(l=0) ave= 2.482E+02 +/- 38.59 % Gtotal(l=1) ave= 4.711E+04 +/- 0.00 % Gtotal(l=2) ave= 3.113E+02 +/- 0.00 % Gtotal(l=3) ave= 0.000E+00 +/- 0.00 %  % || Gg(l=0) ave= 4.233E+00 +/- 4.54 % Gg(l=1) ave= 1.719E+00 +/- 12.64 % Gg(l=2) ave= 5.131E+00 +/- 11.01 % Gg(l=3) ave= 0.000E+00 +/- 0.00 %  % || D(l=0) ave= 3.752E+05 +/- 19.92 % D(l=1) ave= 4.484E+05 +/- 0.00 % D(l=2) ave= 2.989E+05 +/- 0.00 % D(l=3) ave= 0.000E+00 +/- 0.00 %  % || S(l=0) ave= 1.899E-06 +/- 28.43 % S(l=1) ave= 1.745E-04 +/- 4.94 % S(l=2) ave= 1.885E-05 +/- 14.59 % S(l=3) ave= 0.000E+00 +/- 0.00 % 
 ... random file  100 Cap(th)  ave= 2.267E-02 b. +/- 32.73 % || Ela(th) ave= 2.462E+00 b. +/- 7.94 % || RIcap ave= 1.87E-02 b. +/- 16.89 % || Macs30 ave= 4.62E-03 b. +/- 0.42 % || Gn^0(l=0) ave= 4.786E-01 +/- 14.60 % Gn^0(l=1) ave= 1.423E+02 +/- 5.15 % Gn^0(l=2) ave= 8.112E+00 +/- 15.05 % Gn^0(l=3) ave= 0.000E+00 +/- 0.00 % || Gtotal(l=0) ave= 2.491E+02 +/- 38.45 % Gtotal(l=1) ave= 4.711E+04 +/- 0.00 % Gtotal(l=2) ave= 3.113E+02 +/- 0.00 % Gtotal(l=3) ave= 0.000E+00 +/- 0.00 %  % || Gg(l=0) ave= 4.234E+00 +/- 4.52 % Gg(l=1) ave= 1.721E+00 +/- 12.61 % Gg(l=2) ave= 5.130E+00 +/- 10.95 % Gg(l=3) ave= 0.000E+00 +/- 0.00 %  % || D(l=0) ave= 3.744E+05 +/- 19.96 % D(l=1) ave= 4.484E+05 +/- 0.00 % D(l=2) ave= 2.989E+05 +/- 0.00 % D(l=3) ave= 0.000E+00 +/- 0.00 %  % || S(l=0) ave= 1.904E-06 +/- 28.35 % S(l=1) ave= 1.742E-04 +/- 5.13 % S(l=2) ave= 1.878E-05 +/- 15.04 % S(l=3) ave= 0.000E+00 +/- 0.00 % 
 ... random file  101 Cap(th)  ave= 2.269E-02 b. +/- 32.55 % || Ela(th) ave= 2.466E+00 b. +/- 8.06 % || RIcap ave= 1.87E-02 b. +/- 16.80 % || Macs30 ave= 4.62E-03 b. +/- 0.42 % || Gn^0(l=0) ave= 4.793E-01 +/- 14.58 % Gn^0(l=1) ave= 1.422E+02 +/- 5.21 % Gn^0(l=2) ave= 8.092E+00 +/- 15.21 % Gn^0(l=3) ave= 0.000E+00 +/- 0.00 % || Gtotal(l=0) ave= 2.501E+02 +/- 38.30 % Gtotal(l=1) ave= 4.711E+04 +/- 0.00 % Gtotal(l=2) ave= 3.113E+02 +/- 0.00 % Gtotal(l=3) ave= 0.000E+00 +/- 0.00 %  % || Gg(l=0) ave= 4.234E+00 +/- 4.50 % Gg(l=1) ave= 1.720E+00 +/- 12.55 % Gg(l=2) ave= 5.134E+00 +/- 10.91 % Gg(l=3) ave= 0.000E+00 +/- 0.00 %  % || D(l=0) ave= 3.737E+05 +/- 20.00 % D(l=1) ave= 4.484E+05 +/- 0.00 % D(l=2) ave= 2.989E+05 +/- 0.00 % D(l=3) ave= 0.000E+00 +/- 0.00 %  % || S(l=0) ave= 1.910E-06 +/- 28.27 % S(l=1) ave= 1.741E-04 +/- 5.19 % S(l=2) ave= 1.873E-05 +/- 15.20 % S(l=3) ave= 0.000E+00 +/- 0.00 % 
 ... random file  102 Cap(th)  ave= 2.260E-02 b. +/- 32.74 % || Ela(th) ave= 2.467E+00 b. +/- 8.03 % || RIcap ave= 1.86E-02 b. +/- 16.87 % || Macs30 ave= 4.62E-03 b. +/- 0.42 % || Gn^0(l=0) ave= 4.800E-01 +/- 14.56 % Gn^0(l=1) ave= 1.421E+02 +/- 5.19 % Gn^0(l=2) ave= 8.084E+00 +/- 15.18 % Gn^0(l=3) ave= 0.000E+00 +/- 0.00 % || Gtotal(l=0) ave= 2.510E+02 +/- 38.16 % Gtotal(l=1) ave= 4.711E+04 +/- 0.00 % Gtotal(l=2) ave= 3.113E+02 +/- 0.00 % Gtotal(l=3) ave= 0.000E+00 +/- 0.00 %  % || Gg(l=0) ave= 4.231E+00 +/- 4.54 % Gg(l=1) ave= 1.720E+00 +/- 12.51 % Gg(l=2) ave= 5.129E+00 +/- 10.91 % Gg(l=3) ave= 0.000E+00 +/- 0.00 %  % || D(l=0) ave= 3.729E+05 +/- 20.04 % D(l=1) ave= 4.484E+05 +/- 0.00 % D(l=2) ave= 2.989E+05 +/- 0.00 % D(l=3) ave= 0.000E+00 +/- 0.00 %  % || S(l=0) ave= 1.915E-06 +/- 28.20 % S(l=1) ave= 1.740E-04 +/- 5.17 % S(l=2) ave= 1.872E-05 +/- 15.17 % S(l=3) ave= 0.000E+00 +/- 0.00 % 
 ... random file  103 Cap(th)  ave= 2.262E-02 b. +/- 32.56 % || Ela(th) ave= 2.466E+00 b. +/- 8.02 % || RIcap ave= 1.86E-02 b. +/- 16.79 % || Macs30 ave= 4.62E-03 b. +/- 0.42 % || Gn^0(l=0) ave= 4.807E-01 +/- 14.53 % Gn^0(l=1) ave= 1.422E+02 +/- 5.18 % Gn^0(l=2) ave= 8.093E+00 +/- 15.13 % Gn^0(l=3) ave= 0.000E+00 +/- 0.00 % || Gtotal(l=0) ave= 2.519E+02 +/- 38.02 % Gtotal(l=1) ave= 4.711E+04 +/- 0.00 % Gtotal(l=2) ave= 3.113E+02 +/- 0.00 % Gtotal(l=3) ave= 0.000E+00 +/- 0.00 %  % || Gg(l=0) ave= 4.231E+00 +/- 4.52 % Gg(l=1) ave= 1.719E+00 +/- 12.46 % Gg(l=2) ave= 5.132E+00 +/- 10.86 % Gg(l=3) ave= 0.000E+00 +/- 0.00 %  % || D(l=0) ave= 3.722E+05 +/- 20.07 % D(l=1) ave= 4.484E+05 +/- 0.00 % D(l=2) ave= 2.989E+05 +/- 0.00 % D(l=3) ave= 0.000E+00 +/- 0.00 %  % || S(l=0) ave= 1.920E-06 +/- 28.12 % S(l=1) ave= 1.741E-04 +/- 5.16 % S(l=2) ave= 1.874E-05 +/- 15.13 % S(l=3) ave= 0.000E+00 +/- 0.00 % 
 ... random file  104 Cap(th)  ave= 2.273E-02 b. +/- 32.64 % || Ela(th) ave= 2.473E+00 b. +/- 8.44 % || RIcap ave= 1.87E-02 b. +/- 16.86 % || Macs30 ave= 4.62E-03 b. +/- 0.42 % || Gn^0(l=0) ave= 4.813E-01 +/- 14.51 % Gn^0(l=1) ave= 1.420E+02 +/- 5.36 % Gn^0(l=2) ave= 8.066E+00 +/- 15.51 % Gn^0(l=3) ave= 0.000E+00 +/- 0.00 % || Gtotal(l=0) ave= 2.528E+02 +/- 37.87 % Gtotal(l=1) ave= 4.711E+04 +/- 0.00 % Gtotal(l=2) ave= 3.113E+02 +/- 0.00 % Gtotal(l=3) ave= 0.000E+00 +/- 0.00 %  % || Gg(l=0) ave= 4.232E+00 +/- 4.51 % Gg(l=1) ave= 1.720E+00 +/- 12.41 % Gg(l=2) ave= 5.126E+00 +/- 10.89 % Gg(l=3) ave= 0.000E+00 +/- 0.00 %  % || D(l=0) ave= 3.715E+05 +/- 20.11 % D(l=1) ave= 4.484E+05 +/- 0.00 % D(l=2) ave= 2.989E+05 +/- 0.00 % D(l=3) ave= 0.000E+00 +/- 0.00 %  % || S(l=0) ave= 1.925E-06 +/- 28.03 % S(l=1) ave= 1.739E-04 +/- 5.33 % S(l=2) ave= 1.867E-05 +/- 15.51 % S(l=3) ave= 0.000E+00 +/- 0.00 % 
 ... random file  105 Cap(th)  ave= 2.262E-02 b. +/- 33.05 % || Ela(th) ave= 2.472E+00 b. +/- 8.41 % || RIcap ave= 1.86E-02 b. +/- 17.03 % || Macs30 ave= 4.62E-03 b. +/- 0.42 % || Gn^0(l=0) ave= 4.819E-01 +/- 14.48 % Gn^0(l=1) ave= 1.420E+02 +/- 5.33 % Gn^0(l=2) ave= 8.070E+00 +/- 15.44 % Gn^0(l=3) ave= 0.000E+00 +/- 0.00 % || Gtotal(l=0) ave= 2.537E+02 +/- 37.73 % Gtotal(l=1) ave= 4.711E+04 +/- 0.00 % Gtotal(l=2) ave= 3.113E+02 +/- 0.00 % Gtotal(l=3) ave= 0.000E+00 +/- 0.00 %  % || Gg(l=0) ave= 4.230E+00 +/- 4.52 % Gg(l=1) ave= 1.720E+00 +/- 12.36 % Gg(l=2) ave= 5.125E+00 +/- 10.84 % Gg(l=3) ave= 0.000E+00 +/- 0.00 %  % || D(l=0) ave= 3.709E+05 +/- 20.14 % D(l=1) ave= 4.484E+05 +/- 0.00 % D(l=2) ave= 2.989E+05 +/- 0.00 % D(l=3) ave= 0.000E+00 +/- 0.00 %  % || S(l=0) ave= 1.930E-06 +/- 27.95 % S(l=1) ave= 1.739E-04 +/- 5.31 % S(l=2) ave= 1.868E-05 +/- 15.43 % S(l=3) ave= 0.000E+00 +/- 0.00 % 
 ... random file  106 Cap(th)  ave= 2.260E-02 b. +/- 32.93 % || Ela(th) ave= 2.473E+00 b. +/- 8.40 % || RIcap ave= 1.86E-02 b. +/- 16.96 % || Macs30 ave= 4.62E-03 b. +/- 0.43 % || Gn^0(l=0) ave= 4.813E-01 +/- 14.51 % Gn^0(l=1) ave= 1.420E+02 +/- 5.32 % Gn^0(l=2) ave= 8.060E+00 +/- 15.44 % Gn^0(l=3) ave= 0.000E+00 +/- 0.00 % || Gtotal(l=0) ave= 2.528E+02 +/- 37.88 % Gtotal(l=1) ave= 4.711E+04 +/- 0.00 % Gtotal(l=2) ave= 3.113E+02 +/- 0.00 % Gtotal(l=3) ave= 0.000E+00 +/- 0.00 %  % || Gg(l=0) ave= 4.231E+00 +/- 4.50 % Gg(l=1) ave= 1.719E+00 +/- 12.30 % Gg(l=2) ave= 5.129E+00 +/- 10.81 % Gg(l=3) ave= 0.000E+00 +/- 0.00 %  % || D(l=0) ave= 3.716E+05 +/- 20.10 % D(l=1) ave= 4.484E+05 +/- 0.00 % D(l=2) ave= 2.989E+05 +/- 0.00 % D(l=3) ave= 0.000E+00 +/- 0.00 %  % || S(l=0) ave= 1.925E-06 +/- 28.04 % S(l=1) ave= 1.738E-04 +/- 5.30 % S(l=2) ave= 1.866E-05 +/- 15.43 % S(l=3) ave= 0.000E+00 +/- 0.00 % 
 ... random file  107 Cap(th)  ave= 2.251E-02 b. +/- 33.18 % || Ela(th) ave= 2.472E+00 b. +/- 8.37 % || RIcap ave= 1.86E-02 b. +/- 17.05 % || Macs30 ave= 4.62E-03 b. +/- 0.43 % || Gn^0(l=0) ave= 4.806E-01 +/- 14.54 % Gn^0(l=1) ave= 1.420E+02 +/- 5.30 % Gn^0(l=2) ave= 8.064E+00 +/- 15.37 % Gn^0(l=3) ave= 0.000E+00 +/- 0.00 % || Gtotal(l=0) ave= 2.519E+02 +/- 38.03 % Gtotal(l=1) ave= 4.711E+04 +/- 0.00 % Gtotal(l=2) ave= 3.113E+02 +/- 0.00 % Gtotal(l=3) ave= 0.000E+00 +/- 0.00 %  % || Gg(l=0) ave= 4.231E+00 +/- 4.49 % Gg(l=1) ave= 1.716E+00 +/- 12.46 % Gg(l=2) ave= 5.134E+00 +/- 10.80 % Gg(l=3) ave= 0.000E+00 +/- 0.00 %  % || D(l=0) ave= 3.723E+05 +/- 20.07 % D(l=1) ave= 4.484E+05 +/- 0.00 % D(l=2) ave= 2.989E+05 +/- 0.00 % D(l=3) ave= 0.000E+00 +/- 0.00 %  % || S(l=0) ave= 1.920E-06 +/- 28.12 % S(l=1) ave= 1.739E-04 +/- 5.27 % S(l=2) ave= 1.867E-05 +/- 15.36 % S(l=3) ave= 0.000E+00 +/- 0.00 % 
 ... random file  108 Cap(th)  ave= 2.256E-02 b. +/- 33.04 % || Ela(th) ave= 2.475E+00 b. +/- 8.38 % || RIcap ave= 1.86E-02 b. +/- 17.00 % || Macs30 ave= 4.62E-03 b. +/- 0.43 % || Gn^0(l=0) ave= 4.799E-01 +/- 14.56 % Gn^0(l=1) ave= 1.419E+02 +/- 5.31 % Gn^0(l=2) ave= 8.052E+00 +/- 15.41 % Gn^0(l=3) ave= 0.000E+00 +/- 0.00 % || Gtotal(l=0) ave= 2.510E+02 +/- 38.17 % Gtotal(l=1) ave= 4.711E+04 +/- 0.00 % Gtotal(l=2) ave= 3.113E+02 +/- 0.00 % Gtotal(l=3) ave= 0.000E+00 +/- 0.00 %  % || Gg(l=0) ave= 4.232E+00 +/- 4.47 % Gg(l=1) ave= 1.716E+00 +/- 12.40 % Gg(l=2) ave= 5.140E+00 +/- 10.81 % Gg(l=3) ave= 0.000E+00 +/- 0.00 %  % || D(l=0) ave= 3.730E+05 +/- 20.04 % D(l=1) ave= 4.484E+05 +/- 0.00 % D(l=2) ave= 2.989E+05 +/- 0.00 % D(l=3) ave= 0.000E+00 +/- 0.00 %  % || S(l=0) ave= 1.914E-06 +/- 28.20 % S(l=1) ave= 1.738E-04 +/- 5.29 % S(l=2) ave= 1.864E-05 +/- 15.40 % S(l=3) ave= 0.000E+00 +/- 0.00 % 
 ... random file  109 Cap(th)  ave= 2.257E-02 b. +/- 32.88 % || Ela(th) ave= 2.480E+00 b. +/- 8.59 % || RIcap ave= 1.86E-02 b. +/- 16.93 % || Macs30 ave= 4.62E-03 b. +/- 0.42 % || Gn^0(l=0) ave= 4.805E-01 +/- 14.54 % Gn^0(l=1) ave= 1.418E+02 +/- 5.40 % Gn^0(l=2) ave= 8.029E+00 +/- 15.65 % Gn^0(l=3) ave= 0.000E+00 +/- 0.00 % || Gtotal(l=0) ave= 2.518E+02 +/- 38.03 % Gtotal(l=1) ave= 4.711E+04 +/- 0.00 % Gtotal(l=2) ave= 3.113E+02 +/- 0.00 % Gtotal(l=3) ave= 0.000E+00 +/- 0.00 %  % || Gg(l=0) ave= 4.229E+00 +/- 4.50 % Gg(l=1) ave= 1.715E+00 +/- 12.38 % Gg(l=2) ave= 5.142E+00 +/- 10.76 % Gg(l=3) ave= 0.000E+00 +/- 0.00 %  % || D(l=0) ave= 3.723E+05 +/- 20.07 % D(l=1) ave= 4.484E+05 +/- 0.00 % D(l=2) ave= 2.989E+05 +/- 0.00 % D(l=3) ave= 0.000E+00 +/- 0.00 %  % || S(l=0) ave= 1.919E-06 +/- 28.12 % S(l=1) ave= 1.736E-04 +/- 5.38 % S(l=2) ave= 1.859E-05 +/- 15.64 % S(l=3) ave= 0.000E+00 +/- 0.00 % 
 ... random file  110 Cap(th)  ave= 2.261E-02 b. +/- 32.72 % || Ela(th) ave= 2.486E+00 b. +/- 8.88 % || RIcap ave= 1.86E-02 b. +/- 16.86 % || Macs30 ave= 4.62E-03 b. +/- 0.43 % || Gn^0(l=0) ave= 4.799E-01 +/- 14.56 % Gn^0(l=1) ave= 1.416E+02 +/- 5.54 % Gn^0(l=2) ave= 8.005E+00 +/- 15.96 % Gn^0(l=3) ave= 0.000E+00 +/- 0.00 % || Gtotal(l=0) ave= 2.510E+02 +/- 38.17 % Gtotal(l=1) ave= 4.711E+04 +/- 0.00 % Gtotal(l=2) ave= 3.113E+02 +/- 0.00 % Gtotal(l=3) ave= 0.000E+00 +/- 0.00 %  % || Gg(l=0) ave= 4.230E+00 +/- 4.48 % Gg(l=1) ave= 1.716E+00 +/- 12.35 % Gg(l=2) ave= 5.135E+00 +/- 10.82 % Gg(l=3) ave= 0.000E+00 +/- 0.00 %  % || D(l=0) ave= 3.730E+05 +/- 20.04 % D(l=1) ave= 4.484E+05 +/- 0.00 % D(l=2) ave= 2.989E+05 +/- 0.00 % D(l=3) ave= 0.000E+00 +/- 0.00 %  % || S(l=0) ave= 1.914E-06 +/- 28.20 % S(l=1) ave= 1.734E-04 +/- 5.51 % S(l=2) ave= 1.853E-05 +/- 15.95 % S(l=3) ave= 0.000E+00 +/- 0.00 % 
 ... random file  111 Cap(th)  ave= 2.265E-02 b. +/- 32.58 % || Ela(th) ave= 2.491E+00 b. +/- 9.15 % || RIcap ave= 1.87E-02 b. +/- 16.80 % || Macs30 ave= 4.62E-03 b. +/- 0.43 % || Gn^0(l=0) ave= 4.793E-01 +/- 14.57 % Gn^0(l=1) ave= 1.414E+02 +/- 5.66 % Gn^0(l=2) ave= 7.981E+00 +/- 16.25 % Gn^0(l=3) ave= 0.000E+00 +/- 0.00 % || Gtotal(l=0) ave= 2.501E+02 +/- 38.30 % Gtotal(l=1) ave= 4.711E+04 +/- 0.00 % Gtotal(l=2) ave= 3.113E+02 +/- 0.00 % Gtotal(l=3) ave= 0.000E+00 +/- 0.00 %  % || Gg(l=0) ave= 4.231E+00 +/- 4.46 % Gg(l=1) ave= 1.720E+00 +/- 12.44 % Gg(l=2) ave= 5.130E+00 +/- 10.82 % Gg(l=3) ave= 0.000E+00 +/- 0.00 %  % || D(l=0) ave= 3.737E+05 +/- 20.00 % D(l=1) ave= 4.484E+05 +/- 0.00 % D(l=2) ave= 2.989E+05 +/- 0.00 % D(l=3) ave= 0.000E+00 +/- 0.00 %  % || S(l=0) ave= 1.909E-06 +/- 28.27 % S(l=1) ave= 1.732E-04 +/- 5.63 % S(l=2) ave= 1.848E-05 +/- 16.25 % S(l=3) ave= 0.000E+00 +/- 0.00 % 
 ... random file  112 Cap(th)  ave= 2.265E-02 b. +/- 32.45 % || Ela(th) ave= 2.497E+00 b. +/- 9.36 % || RIcap ave= 1.86E-02 b. +/- 16.73 % || Macs30 ave= 4.62E-03 b. +/- 0.42 % || Gn^0(l=0) ave= 4.787E-01 +/- 14.59 % Gn^0(l=1) ave= 1.413E+02 +/- 5.77 % Gn^0(l=2) ave= 7.958E+00 +/- 16.51 % Gn^0(l=3) ave= 0.000E+00 +/- 0.00 % || Gtotal(l=0) ave= 2.493E+02 +/- 38.43 % Gtotal(l=1) ave= 4.711E+04 +/- 0.00 % Gtotal(l=2) ave= 3.113E+02 +/- 0.00 % Gtotal(l=3) ave= 0.000E+00 +/- 0.00 %  % || Gg(l=0) ave= 4.231E+00 +/- 4.45 % Gg(l=1) ave= 1.718E+00 +/- 12.42 % Gg(l=2) ave= 5.134E+00 +/- 10.79 % Gg(l=3) ave= 0.000E+00 +/- 0.00 %  % || D(l=0) ave= 3.743E+05 +/- 19.96 % D(l=1) ave= 4.484E+05 +/- 0.00 % D(l=2) ave= 2.989E+05 +/- 0.00 % D(l=3) ave= 0.000E+00 +/- 0.00 %  % || S(l=0) ave= 1.905E-06 +/- 28.33 % S(l=1) ave= 1.730E-04 +/- 5.74 % S(l=2) ave= 1.842E-05 +/- 16.50 % S(l=3) ave= 0.000E+00 +/- 0.00 % 
 ... random file  113 Cap(th)  ave= 2.276E-02 b. +/- 32.56 % || Ela(th) ave= 2.492E+00 b. +/- 9.60 % || RIcap ave= 1.87E-02 b. +/- 16.82 % || Macs30 ave= 4.62E-03 b. +/- 0.42 % || Gn^0(l=0) ave= 4.781E-01 +/- 14.60 % Gn^0(l=1) ave= 1.415E+02 +/- 5.98 % Gn^0(l=2) ave= 7.998E+00 +/- 17.22 % Gn^0(l=3) ave= 0.000E+00 +/- 0.00 % || Gtotal(l=0) ave= 2.484E+02 +/- 38.56 % Gtotal(l=1) ave= 4.711E+04 +/- 0.00 % Gtotal(l=2) ave= 3.113E+02 +/- 0.00 % Gtotal(l=3) ave= 0.000E+00 +/- 0.00 %  % || Gg(l=0) ave= 4.232E+00 +/- 4.43 % Gg(l=1) ave= 1.720E+00 +/- 12.38 % Gg(l=2) ave= 5.133E+00 +/- 10.74 % Gg(l=3) ave= 0.000E+00 +/- 0.00 %  % || D(l=0) ave= 3.750E+05 +/- 19.93 % D(l=1) ave= 4.484E+05 +/- 0.00 % D(l=2) ave= 2.989E+05 +/- 0.00 % D(l=3) ave= 0.000E+00 +/- 0.00 %  % || S(l=0) ave= 1.900E-06 +/- 28.40 % S(l=1) ave= 1.733E-04 +/- 5.95 % S(l=2) ave= 1.852E-05 +/- 17.21 % S(l=3) ave= 0.000E+00 +/- 0.00 % 
 ... random file  114 Cap(th)  ave= 2.287E-02 b. +/- 32.71 % || Ela(th) ave= 2.487E+00 b. +/- 9.78 % || RIcap ave= 1.87E-02 b. +/- 16.94 % || Macs30 ave= 4.62E-03 b. +/- 0.42 % || Gn^0(l=0) ave= 4.787E-01 +/- 14.58 % Gn^0(l=1) ave= 1.417E+02 +/- 6.13 % Gn^0(l=2) ave= 8.032E+00 +/- 17.64 % Gn^0(l=3) ave= 0.000E+00 +/- 0.00 % || Gtotal(l=0) ave= 2.493E+02 +/- 38.43 % Gtotal(l=1) ave= 4.711E+04 +/- 0.00 % Gtotal(l=2) ave= 3.113E+02 +/- 0.00 % Gtotal(l=3) ave= 0.000E+00 +/- 0.00 %  % || Gg(l=0) ave= 4.231E+00 +/- 4.42 % Gg(l=1) ave= 1.722E+00 +/- 12.37 % Gg(l=2) ave= 5.130E+00 +/- 10.72 % Gg(l=3) ave= 0.000E+00 +/- 0.00 %  % || D(l=0) ave= 3.743E+05 +/- 19.96 % D(l=1) ave= 4.484E+05 +/- 0.00 % D(l=2) ave= 2.989E+05 +/- 0.00 % D(l=3) ave= 0.000E+00 +/- 0.00 %  % || S(l=0) ave= 1.905E-06 +/- 28.33 % S(l=1) ave= 1.735E-04 +/- 6.09 % S(l=2) ave= 1.860E-05 +/- 17.64 % S(l=3) ave= 0.000E+00 +/- 0.00 % 
 ... random file  115 Cap(th)  ave= 2.284E-02 b. +/- 32.67 % || Ela(th) ave= 2.490E+00 b. +/- 9.83 % || RIcap ave= 1.87E-02 b. +/- 16.91 % || Macs30 ave= 4.62E-03 b. +/- 0.43 % || Gn^0(l=0) ave= 4.781E-01 +/- 14.60 % Gn^0(l=1) ave= 1.416E+02 +/- 6.17 % Gn^0(l=2) ave= 8.015E+00 +/- 17.75 % Gn^0(l=3) ave= 0.000E+00 +/- 0.00 % || Gtotal(l=0) ave= 2.484E+02 +/- 38.55 % Gtotal(l=1) ave= 4.711E+04 +/- 0.00 % Gtotal(l=2) ave= 3.113E+02 +/- 0.00 % Gtotal(l=3) ave= 0.000E+00 +/- 0.00 %  % || Gg(l=0) ave= 4.231E+00 +/- 4.40 % Gg(l=1) ave= 1.718E+00 +/- 12.56 % Gg(l=2) ave= 5.133E+00 +/- 10.68 % Gg(l=3) ave= 0.000E+00 +/- 0.00 %  % || D(l=0) ave= 3.750E+05 +/- 19.93 % D(l=1) ave= 4.484E+05 +/- 0.00 % D(l=2) ave= 2.989E+05 +/- 0.00 % D(l=3) ave= 0.000E+00 +/- 0.00 %  % || S(l=0) ave= 1.900E-06 +/- 28.39 % S(l=1) ave= 1.733E-04 +/- 6.14 % S(l=2) ave= 1.856E-05 +/- 17.75 % S(l=3) ave= 0.000E+00 +/- 0.00 % 
 ... random file  116 Cap(th)  ave= 2.291E-02 b. +/- 32.61 % || Ela(th) ave= 2.487E+00 b. +/- 9.91 % || RIcap ave= 1.88E-02 b. +/- 16.91 % || Macs30 ave= 4.62E-03 b. +/- 0.43 % || Gn^0(l=0) ave= 4.775E-01 +/- 14.61 % Gn^0(l=1) ave= 1.417E+02 +/- 6.23 % Gn^0(l=2) ave= 8.037E+00 +/- 17.88 % Gn^0(l=3) ave= 0.000E+00 +/- 0.00 % || Gtotal(l=0) ave= 2.476E+02 +/- 38.67 % Gtotal(l=1) ave= 4.711E+04 +/- 0.00 % Gtotal(l=2) ave= 3.113E+02 +/- 0.00 % Gtotal(l=3) ave= 0.000E+00 +/- 0.00 %  % || Gg(l=0) ave= 4.232E+00 +/- 4.38 % Gg(l=1) ave= 1.717E+00 +/- 12.51 % Gg(l=2) ave= 5.146E+00 +/- 10.94 % Gg(l=3) ave= 0.000E+00 +/- 0.00 %  % || D(l=0) ave= 3.756E+05 +/- 19.89 % D(l=1) ave= 4.484E+05 +/- 0.00 % D(l=2) ave= 2.989E+05 +/- 0.00 % D(l=3) ave= 0.000E+00 +/- 0.00 %  % || S(l=0) ave= 1.896E-06 +/- 28.46 % S(l=1) ave= 1.735E-04 +/- 6.19 % S(l=2) ave= 1.861E-05 +/- 17.88 % S(l=3) ave= 0.000E+00 +/- 0.00 % 
 ... random file  117 Cap(th)  ave= 2.309E-02 b. +/- 33.27 % || Ela(th) ave= 2.483E+00 b. +/- 10.07 % || RIcap ave= 1.88E-02 b. +/- 17.31 % || Macs30 ave= 4.62E-03 b. +/- 0.43 % || Gn^0(l=0) ave= 4.781E-01 +/- 14.60 % Gn^0(l=1) ave= 1.419E+02 +/- 6.34 % Gn^0(l=2) ave= 8.069E+00 +/- 18.24 % Gn^0(l=3) ave= 0.000E+00 +/- 0.00 % || Gtotal(l=0) ave= 2.485E+02 +/- 38.55 % Gtotal(l=1) ave= 4.711E+04 +/- 0.00 % Gtotal(l=2) ave= 3.113E+02 +/- 0.00 % Gtotal(l=3) ave= 0.000E+00 +/- 0.00 %  % || Gg(l=0) ave= 4.229E+00 +/- 4.42 % Gg(l=1) ave= 1.718E+00 +/- 12.47 % Gg(l=2) ave= 5.141E+00 +/- 10.94 % Gg(l=3) ave= 0.000E+00 +/- 0.00 %  % || D(l=0) ave= 3.749E+05 +/- 19.93 % D(l=1) ave= 4.484E+05 +/- 0.00 % D(l=2) ave= 2.989E+05 +/- 0.00 % D(l=3) ave= 0.000E+00 +/- 0.00 %  % || S(l=0) ave= 1.900E-06 +/- 28.39 % S(l=1) ave= 1.737E-04 +/- 6.31 % S(l=2) ave= 1.868E-05 +/- 18.24 % S(l=3) ave= 0.000E+00 +/- 0.00 % 
 ... random file  118 Cap(th)  ave= 2.302E-02 b. +/- 33.37 % || Ela(th) ave= 2.484E+00 b. +/- 10.03 % || RIcap ave= 1.88E-02 b. +/- 17.34 % || Macs30 ave= 4.62E-03 b. +/- 0.43 % || Gn^0(l=0) ave= 4.776E-01 +/- 14.60 % Gn^0(l=1) ave= 1.419E+02 +/- 6.32 % Gn^0(l=2) ave= 8.062E+00 +/- 18.21 % Gn^0(l=3) ave= 0.000E+00 +/- 0.00 % || Gtotal(l=0) ave= 2.477E+02 +/- 38.67 % Gtotal(l=1) ave= 4.711E+04 +/- 0.00 % Gtotal(l=2) ave= 3.113E+02 +/- 0.00 % Gtotal(l=3) ave= 0.000E+00 +/- 0.00 %  % || Gg(l=0) ave= 4.230E+00 +/- 4.40 % Gg(l=1) ave= 1.714E+00 +/- 12.71 % Gg(l=2) ave= 5.144E+00 +/- 10.90 % Gg(l=3) ave= 0.000E+00 +/- 0.00 %  % || D(l=0) ave= 3.756E+05 +/- 19.89 % D(l=1) ave= 4.484E+05 +/- 0.00 % D(l=2) ave= 2.989E+05 +/- 0.00 % D(l=3) ave= 0.000E+00 +/- 0.00 %  % || S(l=0) ave= 1.896E-06 +/- 28.45 % S(l=1) ave= 1.737E-04 +/- 6.29 % S(l=2) ave= 1.866E-05 +/- 18.20 % S(l=3) ave= 0.000E+00 +/- 0.00 % 
 ... random file  119 Cap(th)  ave= 2.303E-02 b. +/- 33.21 % || Ela(th) ave= 2.479E+00 b. +/- 10.20 % || RIcap ave= 1.88E-02 b. +/- 17.27 % || Macs30 ave= 4.62E-03 b. +/- 0.43 % || Gn^0(l=0) ave= 4.782E-01 +/- 14.58 % Gn^0(l=1) ave= 1.420E+02 +/- 6.46 % Gn^0(l=2) ave= 8.094E+00 +/- 18.59 % Gn^0(l=3) ave= 0.000E+00 +/- 0.00 % || Gtotal(l=0) ave= 2.485E+02 +/- 38.54 % Gtotal(l=1) ave= 4.711E+04 +/- 0.00 % Gtotal(l=2) ave= 3.113E+02 +/- 0.00 % Gtotal(l=3) ave= 0.000E+00 +/- 0.00 %  % || Gg(l=0) ave= 4.230E+00 +/- 4.39 % Gg(l=1) ave= 1.718E+00 +/- 12.90 % Gg(l=2) ave= 5.140E+00 +/- 10.90 % Gg(l=3) ave= 0.000E+00 +/- 0.00 %  % || D(l=0) ave= 3.749E+05 +/- 19.93 % D(l=1) ave= 4.484E+05 +/- 0.00 % D(l=2) ave= 2.989E+05 +/- 0.00 % D(l=3) ave= 0.000E+00 +/- 0.00 %  % || S(l=0) ave= 1.901E-06 +/- 28.38 % S(l=1) ave= 1.739E-04 +/- 6.42 % S(l=2) ave= 1.874E-05 +/- 18.59 % S(l=3) ave= 0.000E+00 +/- 0.00 % 
 ... random file  120 Cap(th)  ave= 2.308E-02 b. +/- 33.08 % || Ela(th) ave= 2.476E+00 b. +/- 10.28 % || RIcap ave= 1.88E-02 b. +/- 17.21 % || Macs30 ave= 4.62E-03 b. +/- 0.43 % || Gn^0(l=0) ave= 4.776E-01 +/- 14.60 % Gn^0(l=1) ave= 1.422E+02 +/- 6.49 % Gn^0(l=2) ave= 8.117E+00 +/- 18.71 % Gn^0(l=3) ave= 0.000E+00 +/- 0.00 % || Gtotal(l=0) ave= 2.477E+02 +/- 38.66 % Gtotal(l=1) ave= 4.711E+04 +/- 0.00 % Gtotal(l=2) ave= 3.113E+02 +/- 0.00 % Gtotal(l=3) ave= 0.000E+00 +/- 0.00 %  % || Gg(l=0) ave= 4.231E+00 +/- 4.37 % Gg(l=1) ave= 1.718E+00 +/- 12.84 % Gg(l=2) ave= 5.138E+00 +/- 10.87 % Gg(l=3) ave= 0.000E+00 +/- 0.00 %  % || D(l=0) ave= 3.755E+05 +/- 19.90 % D(l=1) ave= 4.484E+05 +/- 0.00 % D(l=2) ave= 2.989E+05 +/- 0.00 % D(l=3) ave= 0.000E+00 +/- 0.00 %  % || S(l=0) ave= 1.896E-06 +/- 28.44 % S(l=1) ave= 1.741E-04 +/- 6.45 % S(l=2) ave= 1.879E-05 +/- 18.71 % S(l=3) ave= 0.000E+00 +/- 0.00 % 
 ... random file  121 Cap(th)  ave= 2.303E-02 b. +/- 33.10 % || Ela(th) ave= 2.475E+00 b. +/- 10.25 % || RIcap ave= 1.88E-02 b. +/- 17.21 % || Macs30 ave= 4.62E-03 b. +/- 0.42 % || Gn^0(l=0) ave= 4.782E-01 +/- 14.58 % Gn^0(l=1) ave= 1.422E+02 +/- 6.46 % Gn^0(l=2) ave= 8.120E+00 +/- 18.63 % Gn^0(l=3) ave= 0.000E+00 +/- 0.00 % || Gtotal(l=0) ave= 2.485E+02 +/- 38.54 % Gtotal(l=1) ave= 4.711E+04 +/- 0.00 % Gtotal(l=2) ave= 3.113E+02 +/- 0.00 % Gtotal(l=3) ave= 0.000E+00 +/- 0.00 %  % || Gg(l=0) ave= 4.232E+00 +/- 4.35 % Gg(l=1) ave= 1.718E+00 +/- 12.79 % Gg(l=2) ave= 5.136E+00 +/- 10.84 % Gg(l=3) ave= 0.000E+00 +/- 0.00 %  % || D(l=0) ave= 3.749E+05 +/- 19.93 % D(l=1) ave= 4.484E+05 +/- 0.00 % D(l=2) ave= 2.989E+05 +/- 0.00 % D(l=3) ave= 0.000E+00 +/- 0.00 %  % || S(l=0) ave= 1.901E-06 +/- 28.37 % S(l=1) ave= 1.741E-04 +/- 6.43 % S(l=2) ave= 1.880E-05 +/- 18.63 % S(l=3) ave= 0.000E+00 +/- 0.00 % 
 ... random file  122 Cap(th)  ave= 2.300E-02 b. +/- 33.04 % || Ela(th) ave= 2.472E+00 b. +/- 10.34 % || RIcap ave= 1.88E-02 b. +/- 17.16 % || Macs30 ave= 4.62E-03 b. +/- 0.43 % || Gn^0(l=0) ave= 4.787E-01 +/- 14.56 % Gn^0(l=1) ave= 1.423E+02 +/- 6.52 % Gn^0(l=2) ave= 8.144E+00 +/- 18.79 % Gn^0(l=3) ave= 0.000E+00 +/- 0.00 % || Gtotal(l=0) ave= 2.493E+02 +/- 38.42 % Gtotal(l=1) ave= 4.711E+04 +/- 0.00 % Gtotal(l=2) ave= 3.113E+02 +/- 0.00 % Gtotal(l=3) ave= 0.000E+00 +/- 0.00 %  % || Gg(l=0) ave= 4.230E+00 +/- 4.35 % Gg(l=1) ave= 1.720E+00 +/- 12.77 % Gg(l=2) ave= 5.147E+00 +/- 11.02 % Gg(l=3) ave= 0.000E+00 +/- 0.00 %  % || D(l=0) ave= 3.743E+05 +/- 19.97 % D(l=1) ave= 4.484E+05 +/- 0.00 % D(l=2) ave= 2.989E+05 +/- 0.00 % D(l=3) ave= 0.000E+00 +/- 0.00 %  % || S(l=0) ave= 1.905E-06 +/- 28.31 % S(l=1) ave= 1.743E-04 +/- 6.49 % S(l=2) ave= 1.885E-05 +/- 18.78 % S(l=3) ave= 0.000E+00 +/- 0.00 % 
 ... random file  123 Cap(th)  ave= 2.300E-02 b. +/- 32.91 % || Ela(th) ave= 2.476E+00 b. +/- 10.48 % || RIcap ave= 1.88E-02 b. +/- 17.09 % || Macs30 ave= 4.62E-03 b. +/- 0.43 % || Gn^0(l=0) ave= 4.793E-01 +/- 14.54 % Gn^0(l=1) ave= 1.422E+02 +/- 6.58 % Gn^0(l=2) ave= 8.123E+00 +/- 18.97 % Gn^0(l=3) ave= 0.000E+00 +/- 0.00 % || Gtotal(l=0) ave= 2.501E+02 +/- 38.30 % Gtotal(l=1) ave= 4.711E+04 +/- 0.00 % Gtotal(l=2) ave= 3.113E+02 +/- 0.00 % Gtotal(l=3) ave= 0.000E+00 +/- 0.00 %  % || Gg(l=0) ave= 4.228E+00 +/- 4.37 % Gg(l=1) ave= 1.719E+00 +/- 12.73 % Gg(l=2) ave= 5.144E+00 +/- 10.99 % Gg(l=3) ave= 0.000E+00 +/- 0.00 %  % || D(l=0) ave= 3.737E+05 +/- 20.00 % D(l=1) ave= 4.484E+05 +/- 0.00 % D(l=2) ave= 2.989E+05 +/- 0.00 % D(l=3) ave= 0.000E+00 +/- 0.00 %  % || S(l=0) ave= 1.909E-06 +/- 28.24 % S(l=1) ave= 1.741E-04 +/- 6.55 % S(l=2) ave= 1.881E-05 +/- 18.97 % S(l=3) ave= 0.000E+00 +/- 0.00 % 
 ... random file  124 Cap(th)  ave= 2.291E-02 b. +/- 33.24 % || Ela(th) ave= 2.476E+00 b. +/- 10.44 % || RIcap ave= 1.88E-02 b. +/- 17.24 % || Macs30 ave= 4.62E-03 b. +/- 0.43 % || Gn^0(l=0) ave= 4.798E-01 +/- 14.53 % Gn^0(l=1) ave= 1.422E+02 +/- 6.56 % Gn^0(l=2) ave= 8.124E+00 +/- 18.89 % Gn^0(l=3) ave= 0.000E+00 +/- 0.00 % || Gtotal(l=0) ave= 2.509E+02 +/- 38.19 % Gtotal(l=1) ave= 4.711E+04 +/- 0.00 % Gtotal(l=2) ave= 3.113E+02 +/- 0.00 % Gtotal(l=3) ave= 0.000E+00 +/- 0.00 %  % || Gg(l=0) ave= 4.227E+00 +/- 4.36 % Gg(l=1) ave= 1.721E+00 +/- 12.72 % Gg(l=2) ave= 5.138E+00 +/- 11.06 % Gg(l=3) ave= 0.000E+00 +/- 0.00 %  % || D(l=0) ave= 3.731E+05 +/- 20.03 % D(l=1) ave= 4.484E+05 +/- 0.00 % D(l=2) ave= 2.989E+05 +/- 0.00 % D(l=3) ave= 0.000E+00 +/- 0.00 %  % || S(l=0) ave= 1.914E-06 +/- 28.18 % S(l=1) ave= 1.741E-04 +/- 6.52 % S(l=2) ave= 1.881E-05 +/- 18.89 % S(l=3) ave= 0.000E+00 +/- 0.00 % 
 ... random file  125 Cap(th)  ave= 2.286E-02 b. +/- 33.25 % || Ela(th) ave= 2.474E+00 b. +/- 10.43 % || RIcap ave= 1.87E-02 b. +/- 17.22 % || Macs30 ave= 4.62E-03 b. +/- 0.43 % || Gn^0(l=0) ave= 4.793E-01 +/- 14.54 % Gn^0(l=1) ave= 1.423E+02 +/- 6.54 % Gn^0(l=2) ave= 8.132E+00 +/- 18.83 % Gn^0(l=3) ave= 0.000E+00 +/- 0.00 % || Gtotal(l=0) ave= 2.501E+02 +/- 38.30 % Gtotal(l=1) ave= 4.711E+04 +/- 0.00 % Gtotal(l=2) ave= 3.113E+02 +/- 0.00 % Gtotal(l=3) ave= 0.000E+00 +/- 0.00 %  % || Gg(l=0) ave= 4.228E+00 +/- 4.34 % Gg(l=1) ave= 1.725E+00 +/- 12.96 % Gg(l=2) ave= 5.142E+00 +/- 11.05 % Gg(l=3) ave= 0.000E+00 +/- 0.00 %  % || D(l=0) ave= 3.737E+05 +/- 20.00 % D(l=1) ave= 4.484E+05 +/- 0.00 % D(l=2) ave= 2.989E+05 +/- 0.00 % D(l=3) ave= 0.000E+00 +/- 0.00 %  % || S(l=0) ave= 1.909E-06 +/- 28.24 % S(l=1) ave= 1.742E-04 +/- 6.51 % S(l=2) ave= 1.883E-05 +/- 18.83 % S(l=3) ave= 0.000E+00 +/- 0.00 % 
 ... random file  126 Cap(th)  ave= 2.284E-02 b. +/- 33.16 % || Ela(th) ave= 2.479E+00 b. +/- 10.56 % || RIcap ave= 1.87E-02 b. +/- 17.17 % || Macs30 ave= 4.62E-03 b. +/- 0.43 % || Gn^0(l=0) ave= 4.798E-01 +/- 14.53 % Gn^0(l=1) ave= 1.421E+02 +/- 6.61 % Gn^0(l=2) ave= 8.112E+00 +/- 19.00 % Gn^0(l=3) ave= 0.000E+00 +/- 0.00 % || Gtotal(l=0) ave= 2.509E+02 +/- 38.19 % Gtotal(l=1) ave= 4.711E+04 +/- 0.00 % Gtotal(l=2) ave= 3.113E+02 +/- 0.00 % Gtotal(l=3) ave= 0.000E+00 +/- 0.00 %  % || Gg(l=0) ave= 4.226E+00 +/- 4.35 % Gg(l=1) ave= 1.726E+00 +/- 12.91 % Gg(l=2) ave= 5.143E+00 +/- 11.00 % Gg(l=3) ave= 0.000E+00 +/- 0.00 %  % || D(l=0) ave= 3.731E+05 +/- 20.03 % D(l=1) ave= 4.484E+05 +/- 0.00 % D(l=2) ave= 2.989E+05 +/- 0.00 % D(l=3) ave= 0.000E+00 +/- 0.00 %  % || S(l=0) ave= 1.914E-06 +/- 28.18 % S(l=1) ave= 1.740E-04 +/- 6.58 % S(l=2) ave= 1.878E-05 +/- 19.00 % S(l=3) ave= 0.000E+00 +/- 0.00 % 
 ... random file  127 Cap(th)  ave= 2.279E-02 b. +/- 33.17 % || Ela(th) ave= 2.476E+00 b. +/- 10.60 % || RIcap ave= 1.87E-02 b. +/- 17.16 % || Macs30 ave= 4.62E-03 b. +/- 0.43 % || Gn^0(l=0) ave= 4.803E-01 +/- 14.50 % Gn^0(l=1) ave= 1.422E+02 +/- 6.63 % Gn^0(l=2) ave= 8.129E+00 +/- 19.04 % Gn^0(l=3) ave= 0.000E+00 +/- 0.00 % || Gtotal(l=0) ave= 2.516E+02 +/- 38.07 % Gtotal(l=1) ave= 4.711E+04 +/- 0.00 % Gtotal(l=2) ave= 3.113E+02 +/- 0.00 % Gtotal(l=3) ave= 0.000E+00 +/- 0.00 %  % || Gg(l=0) ave= 4.227E+00 +/- 4.33 % Gg(l=1) ave= 1.726E+00 +/- 12.86 % Gg(l=2) ave= 5.143E+00 +/- 10.96 % Gg(l=3) ave= 0.000E+00 +/- 0.00 %  % || D(l=0) ave= 3.725E+05 +/- 20.06 % D(l=1) ave= 4.484E+05 +/- 0.00 % D(l=2) ave= 2.989E+05 +/- 0.00 % D(l=3) ave= 0.000E+00 +/- 0.00 %  % || S(l=0) ave= 1.918E-06 +/- 28.11 % S(l=1) ave= 1.742E-04 +/- 6.60 % S(l=2) ave= 1.882E-05 +/- 19.04 % S(l=3) ave= 0.000E+00 +/- 0.00 % 
 ... random file  128 Cap(th)  ave= 2.277E-02 b. +/- 33.12 % || Ela(th) ave= 2.478E+00 b. +/- 10.60 % || RIcap ave= 1.87E-02 b. +/- 17.12 % || Macs30 ave= 4.62E-03 b. +/- 0.43 % || Gn^0(l=0) ave= 4.809E-01 +/- 14.49 % Gn^0(l=1) ave= 1.422E+02 +/- 6.63 % Gn^0(l=2) ave= 8.117E+00 +/- 19.07 % Gn^0(l=3) ave= 0.000E+00 +/- 0.00 % || Gtotal(l=0) ave= 2.523E+02 +/- 37.96 % Gtotal(l=1) ave= 4.711E+04 +/- 0.00 % Gtotal(l=2) ave= 3.113E+02 +/- 0.00 % Gtotal(l=3) ave= 0.000E+00 +/- 0.00 %  % || Gg(l=0) ave= 4.226E+00 +/- 4.32 % Gg(l=1) ave= 1.728E+00 +/- 12.86 % Gg(l=2) ave= 5.144E+00 +/- 10.92 % Gg(l=3) ave= 0.000E+00 +/- 0.00 %  % || D(l=0) ave= 3.719E+05 +/- 20.09 % D(l=1) ave= 4.484E+05 +/- 0.00 % D(l=2) ave= 2.989E+05 +/- 0.00 % D(l=3) ave= 0.000E+00 +/- 0.00 %  % || S(l=0) ave= 1.922E-06 +/- 28.05 % S(l=1) ave= 1.741E-04 +/- 6.60 % S(l=2) ave= 1.879E-05 +/- 19.07 % S(l=3) ave= 0.000E+00 +/- 0.00 % 
 ... random file  129 Cap(th)  ave= 2.288E-02 b. +/- 33.31 % || Ela(th) ave= 2.476E+00 b. +/- 10.61 % || RIcap ave= 1.87E-02 b. +/- 17.27 % || Macs30 ave= 4.62E-03 b. +/- 0.43 % || Gn^0(l=0) ave= 4.814E-01 +/- 14.47 % Gn^0(l=1) ave= 1.422E+02 +/- 6.63 % Gn^0(l=2) ave= 8.129E+00 +/- 19.04 % Gn^0(l=3) ave= 0.000E+00 +/- 0.00 % || Gtotal(l=0) ave= 2.530E+02 +/- 37.84 % Gtotal(l=1) ave= 4.711E+04 +/- 0.00 % Gtotal(l=2) ave= 3.113E+02 +/- 0.00 % Gtotal(l=3) ave= 0.000E+00 +/- 0.00 %  % || Gg(l=0) ave= 4.225E+00 +/- 4.32 % Gg(l=1) ave= 1.729E+00 +/- 12.84 % Gg(l=2) ave= 5.143E+00 +/- 10.88 % Gg(l=3) ave= 0.000E+00 +/- 0.00 %  % || D(l=0) ave= 3.714E+05 +/- 20.11 % D(l=1) ave= 4.484E+05 +/- 0.00 % D(l=2) ave= 2.989E+05 +/- 0.00 % D(l=3) ave= 0.000E+00 +/- 0.00 %  % || S(l=0) ave= 1.926E-06 +/- 27.98 % S(l=1) ave= 1.742E-04 +/- 6.60 % S(l=2) ave= 1.882E-05 +/- 19.04 % S(l=3) ave= 0.000E+00 +/- 0.00 % 
 ... random file  130 Cap(th)  ave= 2.288E-02 b. +/- 33.18 % || Ela(th) ave= 2.480E+00 b. +/- 10.72 % || RIcap ave= 1.87E-02 b. +/- 17.20 % || Macs30 ave= 4.62E-03 b. +/- 0.44 % || Gn^0(l=0) ave= 4.809E-01 +/- 14.49 % Gn^0(l=1) ave= 1.421E+02 +/- 6.69 % Gn^0(l=2) ave= 8.110E+00 +/- 19.20 % Gn^0(l=3) ave= 0.000E+00 +/- 0.00 % || Gtotal(l=0) ave= 2.523E+02 +/- 37.96 % Gtotal(l=1) ave= 4.711E+04 +/- 0.00 % Gtotal(l=2) ave= 3.113E+02 +/- 0.00 % Gtotal(l=3) ave= 0.000E+00 +/- 0.00 %  % || Gg(l=0) ave= 4.226E+00 +/- 4.31 % Gg(l=1) ave= 1.729E+00 +/- 12.80 % Gg(l=2) ave= 5.151E+00 +/- 10.96 % Gg(l=3) ave= 0.000E+00 +/- 0.00 %  % || D(l=0) ave= 3.720E+05 +/- 20.09 % D(l=1) ave= 4.484E+05 +/- 0.00 % D(l=2) ave= 2.989E+05 +/- 0.00 % D(l=3) ave= 0.000E+00 +/- 0.00 %  % || S(l=0) ave= 1.922E-06 +/- 28.05 % S(l=1) ave= 1.740E-04 +/- 6.65 % S(l=2) ave= 1.878E-05 +/- 19.20 % S(l=3) ave= 0.000E+00 +/- 0.00 % 
 ... random file  131 Cap(th)  ave= 2.301E-02 b. +/- 33.48 % || Ela(th) ave= 2.481E+00 b. +/- 10.68 % || RIcap ave= 1.88E-02 b. +/- 17.40 % || Macs30 ave= 4.62E-03 b. +/- 0.44 % || Gn^0(l=0) ave= 4.803E-01 +/- 14.51 % Gn^0(l=1) ave= 1.421E+02 +/- 6.66 % Gn^0(l=2) ave= 8.106E+00 +/- 19.14 % Gn^0(l=3) ave= 0.000E+00 +/- 0.00 % || Gtotal(l=0) ave= 2.515E+02 +/- 38.08 % Gtotal(l=1) ave= 4.711E+04 +/- 0.00 % Gtotal(l=2) ave= 3.113E+02 +/- 0.00 % Gtotal(l=3) ave= 0.000E+00 +/- 0.00 %  % || Gg(l=0) ave= 4.226E+00 +/- 4.29 % Gg(l=1) ave= 1.727E+00 +/- 12.81 % Gg(l=2) ave= 5.153E+00 +/- 10.92 % Gg(l=3) ave= 0.000E+00 +/- 0.00 %  % || D(l=0) ave= 3.725E+05 +/- 20.06 % D(l=1) ave= 4.484E+05 +/- 0.00 % D(l=2) ave= 2.989E+05 +/- 0.00 % D(l=3) ave= 0.000E+00 +/- 0.00 %  % || S(l=0) ave= 1.917E-06 +/- 28.11 % S(l=1) ave= 1.740E-04 +/- 6.63 % S(l=2) ave= 1.877E-05 +/- 19.14 % S(l=3) ave= 0.000E+00 +/- 0.00 % 
 ... random file  132 Cap(th)  ave= 2.301E-02 b. +/- 33.35 % || Ela(th) ave= 2.477E+00 b. +/- 10.75 % || RIcap ave= 1.88E-02 b. +/- 17.34 % || Macs30 ave= 4.62E-03 b. +/- 0.44 % || Gn^0(l=0) ave= 4.798E-01 +/- 14.52 % Gn^0(l=1) ave= 1.422E+02 +/- 6.70 % Gn^0(l=2) ave= 8.127E+00 +/- 19.26 % Gn^0(l=3) ave= 0.000E+00 +/- 0.00 % || Gtotal(l=0) ave= 2.508E+02 +/- 38.19 % Gtotal(l=1) ave= 4.711E+04 +/- 0.00 % Gtotal(l=2) ave= 3.113E+02 +/- 0.00 % Gtotal(l=3) ave= 0.000E+00 +/- 0.00 %  % || Gg(l=0) ave= 4.227E+00 +/- 4.28 % Gg(l=1) ave= 1.726E+00 +/- 12.78 % Gg(l=2) ave= 5.150E+00 +/- 10.90 % Gg(l=3) ave= 0.000E+00 +/- 0.00 %  % || D(l=0) ave= 3.731E+05 +/- 20.03 % D(l=1) ave= 4.484E+05 +/- 0.00 % D(l=2) ave= 2.989E+05 +/- 0.00 % D(l=3) ave= 0.000E+00 +/- 0.00 %  % || S(l=0) ave= 1.913E-06 +/- 28.18 % S(l=1) ave= 1.742E-04 +/- 6.67 % S(l=2) ave= 1.882E-05 +/- 19.25 % S(l=3) ave= 0.000E+00 +/- 0.00 % 
 ... random file  133 Cap(th)  ave= 2.298E-02 b. +/- 33.30 % || Ela(th) ave= 2.475E+00 b. +/- 10.79 % || RIcap ave= 1.88E-02 b. +/- 17.31 % || Macs30 ave= 4.62E-03 b. +/- 0.45 % || Gn^0(l=0) ave= 4.803E-01 +/- 14.51 % Gn^0(l=1) ave= 1.423E+02 +/- 6.72 % Gn^0(l=2) ave= 8.143E+00 +/- 19.28 % Gn^0(l=3) ave= 0.000E+00 +/- 0.00 % || Gtotal(l=0) ave= 2.515E+02 +/- 38.08 % Gtotal(l=1) ave= 4.711E+04 +/- 0.00 % Gtotal(l=2) ave= 3.113E+02 +/- 0.00 % Gtotal(l=3) ave= 0.000E+00 +/- 0.00 %  % || Gg(l=0) ave= 4.227E+00 +/- 4.26 % Gg(l=1) ave= 1.726E+00 +/- 12.74 % Gg(l=2) ave= 5.141E+00 +/- 11.08 % Gg(l=3) ave= 0.000E+00 +/- 0.00 %  % || D(l=0) ave= 3.726E+05 +/- 20.06 % D(l=1) ave= 4.484E+05 +/- 0.00 % D(l=2) ave= 2.989E+05 +/- 0.00 % D(l=3) ave= 0.000E+00 +/- 0.00 %  % || S(l=0) ave= 1.917E-06 +/- 28.12 % S(l=1) ave= 1.743E-04 +/- 6.69 % S(l=2) ave= 1.885E-05 +/- 19.28 % S(l=3) ave= 0.000E+00 +/- 0.00 % 
 ... random file  134 Cap(th)  ave= 2.294E-02 b. +/- 33.33 % || Ela(th) ave= 2.471E+00 b. +/- 10.90 % || RIcap ave= 1.88E-02 b. +/- 17.31 % || Macs30 ave= 4.62E-03 b. +/- 0.45 % || Gn^0(l=0) ave= 4.798E-01 +/- 14.52 % Gn^0(l=1) ave= 1.425E+02 +/- 6.80 % Gn^0(l=2) ave= 8.170E+00 +/- 19.52 % Gn^0(l=3) ave= 0.000E+00 +/- 0.00 % || Gtotal(l=0) ave= 2.508E+02 +/- 38.19 % Gtotal(l=1) ave= 4.711E+04 +/- 0.00 % Gtotal(l=2) ave= 3.113E+02 +/- 0.00 % Gtotal(l=3) ave= 0.000E+00 +/- 0.00 %  % || Gg(l=0) ave= 4.227E+00 +/- 4.25 % Gg(l=1) ave= 1.729E+00 +/- 12.80 % Gg(l=2) ave= 5.137E+00 +/- 11.08 % Gg(l=3) ave= 0.000E+00 +/- 0.00 %  % || D(l=0) ave= 3.731E+05 +/- 20.03 % D(l=1) ave= 4.484E+05 +/- 0.00 % D(l=2) ave= 2.989E+05 +/- 0.00 % D(l=3) ave= 0.000E+00 +/- 0.00 %  % || S(l=0) ave= 1.913E-06 +/- 28.18 % S(l=1) ave= 1.745E-04 +/- 6.77 % S(l=2) ave= 1.891E-05 +/- 19.52 % S(l=3) ave= 0.000E+00 +/- 0.00 % 
 ... random file  135 Cap(th)  ave= 2.293E-02 b. +/- 33.22 % || Ela(th) ave= 2.474E+00 b. +/- 10.91 % || RIcap ave= 1.88E-02 b. +/- 17.25 % || Macs30 ave= 4.62E-03 b. +/- 0.45 % || Gn^0(l=0) ave= 4.803E-01 +/- 14.51 % Gn^0(l=1) ave= 1.424E+02 +/- 6.81 % Gn^0(l=2) ave= 8.157E+00 +/- 19.57 % Gn^0(l=3) ave= 0.000E+00 +/- 0.00 % || Gtotal(l=0) ave= 2.515E+02 +/- 38.09 % Gtotal(l=1) ave= 4.711E+04 +/- 0.00 % Gtotal(l=2) ave= 3.113E+02 +/- 0.00 % Gtotal(l=3) ave= 0.000E+00 +/- 0.00 %  % || Gg(l=0) ave= 4.225E+00 +/- 4.28 % Gg(l=1) ave= 1.732E+00 +/- 12.96 % Gg(l=2) ave= 5.138E+00 +/- 11.04 % Gg(l=3) ave= 0.000E+00 +/- 0.00 %  % || D(l=0) ave= 3.726E+05 +/- 20.06 % D(l=1) ave= 4.484E+05 +/- 0.00 % D(l=2) ave= 2.989E+05 +/- 0.00 % D(l=3) ave= 0.000E+00 +/- 0.00 %  % || S(l=0) ave= 1.917E-06 +/- 28.12 % S(l=1) ave= 1.744E-04 +/- 6.78 % S(l=2) ave= 1.888E-05 +/- 19.57 % S(l=3) ave= 0.000E+00 +/- 0.00 % 
 ... random file  136 Cap(th)  ave= 2.299E-02 b. +/- 33.14 % || Ela(th) ave= 2.471E+00 b. +/- 10.97 % || RIcap ave= 1.88E-02 b. +/- 17.23 % || Macs30 ave= 4.62E-03 b. +/- 0.45 % || Gn^0(l=0) ave= 4.798E-01 +/- 14.53 % Gn^0(l=1) ave= 1.425E+02 +/- 6.84 % Gn^0(l=2) ave= 8.176E+00 +/- 19.64 % Gn^0(l=3) ave= 0.000E+00 +/- 0.00 % || Gtotal(l=0) ave= 2.508E+02 +/- 38.20 % Gtotal(l=1) ave= 4.711E+04 +/- 0.00 % Gtotal(l=2) ave= 3.113E+02 +/- 0.00 % Gtotal(l=3) ave= 0.000E+00 +/- 0.00 %  % || Gg(l=0) ave= 4.226E+00 +/- 4.27 % Gg(l=1) ave= 1.734E+00 +/- 12.97 % Gg(l=2) ave= 5.137E+00 +/- 11.01 % Gg(l=3) ave= 0.000E+00 +/- 0.00 %  % || D(l=0) ave= 3.731E+05 +/- 20.03 % D(l=1) ave= 4.484E+05 +/- 0.00 % D(l=2) ave= 2.989E+05 +/- 0.00 % D(l=3) ave= 0.000E+00 +/- 0.00 %  % || S(l=0) ave= 1.913E-06 +/- 28.18 % S(l=1) ave= 1.745E-04 +/- 6.81 % S(l=2) ave= 1.893E-05 +/- 19.64 % S(l=3) ave= 0.000E+00 +/- 0.00 % 
 ... random file  137 Cap(th)  ave= 2.300E-02 b. +/- 33.00 % || Ela(th) ave= 2.467E+00 b. +/- 11.08 % || RIcap ave= 1.88E-02 b. +/- 17.16 % || Macs30 ave= 4.62E-03 b. +/- 0.45 % || Gn^0(l=0) ave= 4.793E-01 +/- 14.55 % Gn^0(l=1) ave= 1.427E+02 +/- 6.91 % Gn^0(l=2) ave= 8.202E+00 +/- 19.86 % Gn^0(l=3) ave= 0.000E+00 +/- 0.00 % || Gtotal(l=0) ave= 2.501E+02 +/- 38.30 % Gtotal(l=1) ave= 4.711E+04 +/- 0.00 % Gtotal(l=2) ave= 3.113E+02 +/- 0.00 % Gtotal(l=3) ave= 0.000E+00 +/- 0.00 %  % || Gg(l=0) ave= 4.226E+00 +/- 4.25 % Gg(l=1) ave= 1.734E+00 +/- 12.93 % Gg(l=2) ave= 5.132E+00 +/- 11.04 % Gg(l=3) ave= 0.000E+00 +/- 0.00 %  % || D(l=0) ave= 3.737E+05 +/- 20.00 % D(l=1) ave= 4.484E+05 +/- 0.00 % D(l=2) ave= 2.989E+05 +/- 0.00 % D(l=3) ave= 0.000E+00 +/- 0.00 %  % || S(l=0) ave= 1.909E-06 +/- 28.24 % S(l=1) ave= 1.747E-04 +/- 6.88 % S(l=2) ave= 1.899E-05 +/- 19.86 % S(l=3) ave= 0.000E+00 +/- 0.00 % 
 ... random file  138 Cap(th)  ave= 2.302E-02 b. +/- 32.87 % || Ela(th) ave= 2.466E+00 b. +/- 11.05 % || RIcap ave= 1.88E-02 b. +/- 17.10 % || Macs30 ave= 4.62E-03 b. +/- 0.45 % || Gn^0(l=0) ave= 4.788E-01 +/- 14.56 % Gn^0(l=1) ave= 1.427E+02 +/- 6.89 % Gn^0(l=2) ave= 8.205E+00 +/- 19.79 % Gn^0(l=3) ave= 0.000E+00 +/- 0.00 % || Gtotal(l=0) ave= 2.494E+02 +/- 38.41 % Gtotal(l=1) ave= 4.711E+04 +/- 0.00 % Gtotal(l=2) ave= 3.113E+02 +/- 0.00 % Gtotal(l=3) ave= 0.000E+00 +/- 0.00 %  % || Gg(l=0) ave= 4.227E+00 +/- 4.24 % Gg(l=1) ave= 1.731E+00 +/- 13.12 % Gg(l=2) ave= 5.134E+00 +/- 11.01 % Gg(l=3) ave= 0.000E+00 +/- 0.00 %  % || D(l=0) ave= 3.742E+05 +/- 19.97 % D(l=1) ave= 4.484E+05 +/- 0.00 % D(l=2) ave= 2.989E+05 +/- 0.00 % D(l=3) ave= 0.000E+00 +/- 0.00 %  % || S(l=0) ave= 1.905E-06 +/- 28.30 % S(l=1) ave= 1.747E-04 +/- 6.86 % S(l=2) ave= 1.900E-05 +/- 19.79 % S(l=3) ave= 0.000E+00 +/- 0.00 % 
 ... random file  139 Cap(th)  ave= 2.309E-02 b. +/- 32.86 % || Ela(th) ave= 2.466E+00 b. +/- 11.02 % || RIcap ave= 1.88E-02 b. +/- 17.12 % || Macs30 ave= 4.62E-03 b. +/- 0.45 % || Gn^0(l=0) ave= 4.793E-01 +/- 14.54 % Gn^0(l=1) ave= 1.427E+02 +/- 6.87 % Gn^0(l=2) ave= 8.208E+00 +/- 19.72 % Gn^0(l=3) ave= 0.000E+00 +/- 0.00 % || Gtotal(l=0) ave= 2.501E+02 +/- 38.30 % Gtotal(l=1) ave= 4.711E+04 +/- 0.00 % Gtotal(l=2) ave= 3.113E+02 +/- 0.00 % Gtotal(l=3) ave= 0.000E+00 +/- 0.00 %  % || Gg(l=0) ave= 4.225E+00 +/- 4.24 % Gg(l=1) ave= 1.732E+00 +/- 13.08 % Gg(l=2) ave= 5.132E+00 +/- 10.99 % Gg(l=3) ave= 0.000E+00 +/- 0.00 %  % || D(l=0) ave= 3.737E+05 +/- 20.00 % D(l=1) ave= 4.484E+05 +/- 0.00 % D(l=2) ave= 2.989E+05 +/- 0.00 % D(l=3) ave= 0.000E+00 +/- 0.00 %  % || S(l=0) ave= 1.909E-06 +/- 28.24 % S(l=1) ave= 1.747E-04 +/- 6.84 % S(l=2) ave= 1.900E-05 +/- 19.72 % S(l=3) ave= 0.000E+00 +/- 0.00 % 
 ... random file  140 Cap(th)  ave= 2.304E-02 b. +/- 32.92 % || Ela(th) ave= 2.464E+00 b. +/- 11.01 % || RIcap ave= 1.88E-02 b. +/- 17.13 % || Macs30 ave= 4.62E-03 b. +/- 0.45 % || Gn^0(l=0) ave= 4.798E-01 +/- 14.53 % Gn^0(l=1) ave= 1.427E+02 +/- 6.85 % Gn^0(l=2) ave= 8.215E+00 +/- 19.66 % Gn^0(l=3) ave= 0.000E+00 +/- 0.00 % || Gtotal(l=0) ave= 2.508E+02 +/- 38.20 % Gtotal(l=1) ave= 4.711E+04 +/- 0.00 % Gtotal(l=2) ave= 3.113E+02 +/- 0.00 % Gtotal(l=3) ave= 0.000E+00 +/- 0.00 %  % || Gg(l=0) ave= 4.225E+00 +/- 4.23 % Gg(l=1) ave= 1.730E+00 +/- 13.07 % Gg(l=2) ave= 5.134E+00 +/- 10.96 % Gg(l=3) ave= 0.000E+00 +/- 0.00 %  % || D(l=0) ave= 3.731E+05 +/- 20.03 % D(l=1) ave= 4.484E+05 +/- 0.00 % D(l=2) ave= 2.989E+05 +/- 0.00 % D(l=3) ave= 0.000E+00 +/- 0.00 %  % || S(l=0) ave= 1.913E-06 +/- 28.18 % S(l=1) ave= 1.748E-04 +/- 6.82 % S(l=2) ave= 1.902E-05 +/- 19.66 % S(l=3) ave= 0.000E+00 +/- 0.00 % 
 ... random file  141 Cap(th)  ave= 2.295E-02 b. +/- 33.24 % || Ela(th) ave= 2.464E+00 b. +/- 10.97 % || RIcap ave= 1.88E-02 b. +/- 17.27 % || Macs30 ave= 4.62E-03 b. +/- 0.44 % || Gn^0(l=0) ave= 4.793E-01 +/- 14.54 % Gn^0(l=1) ave= 1.427E+02 +/- 6.83 % Gn^0(l=2) ave= 8.213E+00 +/- 19.59 % Gn^0(l=3) ave= 0.000E+00 +/- 0.00 % || Gtotal(l=0) ave= 2.501E+02 +/- 38.30 % Gtotal(l=1) ave= 4.711E+04 +/- 0.00 % Gtotal(l=2) ave= 3.113E+02 +/- 0.00 % Gtotal(l=3) ave= 0.000E+00 +/- 0.00 %  % || Gg(l=0) ave= 4.225E+00 +/- 4.22 % Gg(l=1) ave= 1.728E+00 +/- 13.13 % Gg(l=2) ave= 5.137E+00 +/- 10.93 % Gg(l=3) ave= 0.000E+00 +/- 0.00 %  % || D(l=0) ave= 3.737E+05 +/- 20.00 % D(l=1) ave= 4.484E+05 +/- 0.00 % D(l=2) ave= 2.989E+05 +/- 0.00 % D(l=3) ave= 0.000E+00 +/- 0.00 %  % || S(l=0) ave= 1.909E-06 +/- 28.24 % S(l=1) ave= 1.748E-04 +/- 6.80 % S(l=2) ave= 1.902E-05 +/- 19.59 % S(l=3) ave= 0.000E+00 +/- 0.00 % 
 ... random file  142 Cap(th)  ave= 2.300E-02 b. +/- 33.14 % || Ela(th) ave= 2.468E+00 b. +/- 11.05 % || RIcap ave= 1.88E-02 b. +/- 17.23 % || Macs30 ave= 4.62E-03 b. +/- 0.46 % || Gn^0(l=0) ave= 4.798E-01 +/- 14.53 % Gn^0(l=1) ave= 1.426E+02 +/- 6.87 % Gn^0(l=2) ave= 8.197E+00 +/- 19.71 % Gn^0(l=3) ave= 0.000E+00 +/- 0.00 % || Gtotal(l=0) ave= 2.508E+02 +/- 38.20 % Gtotal(l=1) ave= 4.711E+04 +/- 0.00 % Gtotal(l=2) ave= 3.113E+02 +/- 0.00 % Gtotal(l=3) ave= 0.000E+00 +/- 0.00 %  % || Gg(l=0) ave= 4.223E+00 +/- 4.23 % Gg(l=1) ave= 1.733E+00 +/- 13.56 % Gg(l=2) ave= 5.134E+00 +/- 10.91 % Gg(l=3) ave= 0.000E+00 +/- 0.00 %  % || D(l=0) ave= 3.731E+05 +/- 20.03 % D(l=1) ave= 4.484E+05 +/- 0.00 % D(l=2) ave= 2.989E+05 +/- 0.00 % D(l=3) ave= 0.000E+00 +/- 0.00 %  % || S(l=0) ave= 1.913E-06 +/- 28.18 % S(l=1) ave= 1.746E-04 +/- 6.84 % S(l=2) ave= 1.898E-05 +/- 19.71 % S(l=3) ave= 0.000E+00 +/- 0.00 % 
 ... random file  143 Cap(th)  ave= 2.297E-02 b. +/- 33.10 % || Ela(th) ave= 2.467E+00 b. +/- 11.01 % || RIcap ave= 1.88E-02 b. +/- 17.19 % || Macs30 ave= 4.62E-03 b. +/- 0.46 % || Gn^0(l=0) ave= 4.803E-01 +/- 14.51 % Gn^0(l=1) ave= 1.426E+02 +/- 6.85 % Gn^0(l=2) ave= 8.199E+00 +/- 19.64 % Gn^0(l=3) ave= 0.000E+00 +/- 0.00 % || Gtotal(l=0) ave= 2.514E+02 +/- 38.10 % Gtotal(l=1) ave= 4.711E+04 +/- 0.00 % Gtotal(l=2) ave= 3.113E+02 +/- 0.00 % Gtotal(l=3) ave= 0.000E+00 +/- 0.00 %  % || Gg(l=0) ave= 4.221E+00 +/- 4.29 % Gg(l=1) ave= 1.734E+00 +/- 13.52 % Gg(l=2) ave= 5.143E+00 +/- 11.05 % Gg(l=3) ave= 0.000E+00 +/- 0.00 %  % || D(l=0) ave= 3.726E+05 +/- 20.05 % D(l=1) ave= 4.484E+05 +/- 0.00 % D(l=2) ave= 2.989E+05 +/- 0.00 % D(l=3) ave= 0.000E+00 +/- 0.00 %  % || S(l=0) ave= 1.917E-06 +/- 28.13 % S(l=1) ave= 1.746E-04 +/- 6.82 % S(l=2) ave= 1.898E-05 +/- 19.64 % S(l=3) ave= 0.000E+00 +/- 0.00 % 
 ... random file  144 Cap(th)  ave= 2.295E-02 b. +/- 33.02 % || Ela(th) ave= 2.466E+00 b. +/- 11.00 % || RIcap ave= 1.88E-02 b. +/- 17.15 % || Macs30 ave= 4.62E-03 b. +/- 0.46 % || Gn^0(l=0) ave= 4.807E-01 +/- 14.50 % Gn^0(l=1) ave= 1.427E+02 +/- 6.84 % Gn^0(l=2) ave= 8.205E+00 +/- 19.58 % Gn^0(l=3) ave= 0.000E+00 +/- 0.00 % || Gtotal(l=0) ave= 2.521E+02 +/- 37.99 % Gtotal(l=1) ave= 4.711E+04 +/- 0.00 % Gtotal(l=2) ave= 3.113E+02 +/- 0.00 % Gtotal(l=3) ave= 0.000E+00 +/- 0.00 %  % || Gg(l=0) ave= 4.220E+00 +/- 4.28 % Gg(l=1) ave= 1.734E+00 +/- 13.47 % Gg(l=2) ave= 5.141E+00 +/- 11.03 % Gg(l=3) ave= 0.000E+00 +/- 0.00 %  % || D(l=0) ave= 3.721E+05 +/- 20.08 % D(l=1) ave= 4.484E+05 +/- 0.00 % D(l=2) ave= 2.989E+05 +/- 0.00 % D(l=3) ave= 0.000E+00 +/- 0.00 %  % || S(l=0) ave= 1.921E-06 +/- 28.07 % S(l=1) ave= 1.747E-04 +/- 6.81 % S(l=2) ave= 1.900E-05 +/- 19.58 % S(l=3) ave= 0.000E+00 +/- 0.00 % 
 ... random file  145 Cap(th)  ave= 2.305E-02 b. +/- 33.16 % || Ela(th) ave= 2.463E+00 b. +/- 11.03 % || RIcap ave= 1.88E-02 b. +/- 17.26 % || Macs30 ave= 4.62E-03 b. +/- 0.46 % || Gn^0(l=0) ave= 4.802E-01 +/- 14.51 % Gn^0(l=1) ave= 1.428E+02 +/- 6.86 % Gn^0(l=2) ave= 8.220E+00 +/- 19.60 % Gn^0(l=3) ave= 0.000E+00 +/- 0.00 % || Gtotal(l=0) ave= 2.514E+02 +/- 38.10 % Gtotal(l=1) ave= 4.711E+04 +/- 0.00 % Gtotal(l=2) ave= 3.113E+02 +/- 0.00 % Gtotal(l=3) ave= 0.000E+00 +/- 0.00 %  % || Gg(l=0) ave= 4.220E+00 +/- 4.27 % Gg(l=1) ave= 1.734E+00 +/- 13.43 % Gg(l=2) ave= 5.139E+00 +/- 11.01 % Gg(l=3) ave= 0.000E+00 +/- 0.00 %  % || D(l=0) ave= 3.726E+05 +/- 20.05 % D(l=1) ave= 4.484E+05 +/- 0.00 % D(l=2) ave= 2.989E+05 +/- 0.00 % D(l=3) ave= 0.000E+00 +/- 0.00 %  % || S(l=0) ave= 1.917E-06 +/- 28.13 % S(l=1) ave= 1.748E-04 +/- 6.83 % S(l=2) ave= 1.903E-05 +/- 19.60 % S(l=3) ave= 0.000E+00 +/- 0.00 % 
 ... random file  146 Cap(th)  ave= 2.301E-02 b. +/- 33.17 % || Ela(th) ave= 2.465E+00 b. +/- 11.04 % || RIcap ave= 1.88E-02 b. +/- 17.25 % || Macs30 ave= 4.62E-03 b. +/- 0.46 % || Gn^0(l=0) ave= 4.807E-01 +/- 14.50 % Gn^0(l=1) ave= 1.427E+02 +/- 6.87 % Gn^0(l=2) ave= 8.208E+00 +/- 19.64 % Gn^0(l=3) ave= 0.000E+00 +/- 0.00 % || Gtotal(l=0) ave= 2.521E+02 +/- 38.00 % Gtotal(l=1) ave= 4.711E+04 +/- 0.00 % Gtotal(l=2) ave= 3.113E+02 +/- 0.00 % Gtotal(l=3) ave= 0.000E+00 +/- 0.00 %  % || Gg(l=0) ave= 4.219E+00 +/- 4.26 % Gg(l=1) ave= 1.731E+00 +/- 13.58 % Gg(l=2) ave= 5.139E+00 +/- 10.97 % Gg(l=3) ave= 0.000E+00 +/- 0.00 %  % || D(l=0) ave= 3.721E+05 +/- 20.08 % D(l=1) ave= 4.484E+05 +/- 0.00 % D(l=2) ave= 2.989E+05 +/- 0.00 % D(l=3) ave= 0.000E+00 +/- 0.00 %  % || S(l=0) ave= 1.920E-06 +/- 28.08 % S(l=1) ave= 1.747E-04 +/- 6.84 % S(l=2) ave= 1.900E-05 +/- 19.64 % S(l=3) ave= 0.000E+00 +/- 0.00 % 
 ... random file  147 Cap(th)  ave= 2.302E-02 b. +/- 33.05 % || Ela(th) ave= 2.467E+00 b. +/- 11.03 % || RIcap ave= 1.88E-02 b. +/- 17.19 % || Macs30 ave= 4.62E-03 b. +/- 0.46 % || Gn^0(l=0) ave= 4.802E-01 +/- 14.52 % Gn^0(l=1) ave= 1.426E+02 +/- 6.87 % Gn^0(l=2) ave= 8.198E+00 +/- 19.66 % Gn^0(l=3) ave= 0.000E+00 +/- 0.00 % || Gtotal(l=0) ave= 2.514E+02 +/- 38.10 % Gtotal(l=1) ave= 4.711E+04 +/- 0.00 % Gtotal(l=2) ave= 3.113E+02 +/- 0.00 % Gtotal(l=3) ave= 0.000E+00 +/- 0.00 %  % || Gg(l=0) ave= 4.220E+00 +/- 4.25 % Gg(l=1) ave= 1.731E+00 +/- 13.53 % Gg(l=2) ave= 5.131E+00 +/- 11.08 % Gg(l=3) ave= 0.000E+00 +/- 0.00 %  % || D(l=0) ave= 3.727E+05 +/- 20.05 % D(l=1) ave= 4.484E+05 +/- 0.00 % D(l=2) ave= 2.989E+05 +/- 0.00 % D(l=3) ave= 0.000E+00 +/- 0.00 %  % || S(l=0) ave= 1.917E-06 +/- 28.14 % S(l=1) ave= 1.747E-04 +/- 6.84 % S(l=2) ave= 1.898E-05 +/- 19.66 % S(l=3) ave= 0.000E+00 +/- 0.00 % 
 ... random file  148 Cap(th)  ave= 2.299E-02 b. +/- 33.00 % || Ela(th) ave= 2.464E+00 b. +/- 11.08 % || RIcap ave= 1.88E-02 b. +/- 17.16 % || Macs30 ave= 4.62E-03 b. +/- 0.46 % || Gn^0(l=0) ave= 4.798E-01 +/- 14.53 % Gn^0(l=1) ave= 1.427E+02 +/- 6.89 % Gn^0(l=2) ave= 8.216E+00 +/- 19.74 % Gn^0(l=3) ave= 0.000E+00 +/- 0.00 % || Gtotal(l=0) ave= 2.507E+02 +/- 38.21 % Gtotal(l=1) ave= 4.711E+04 +/- 0.00 % Gtotal(l=2) ave= 3.113E+02 +/- 0.00 % Gtotal(l=3) ave= 0.000E+00 +/- 0.00 %  % || Gg(l=0) ave= 4.221E+00 +/- 4.24 % Gg(l=1) ave= 1.731E+00 +/- 13.49 % Gg(l=2) ave= 5.127E+00 +/- 11.11 % Gg(l=3) ave= 0.000E+00 +/- 0.00 %  % || D(l=0) ave= 3.732E+05 +/- 20.03 % D(l=1) ave= 4.484E+05 +/- 0.00 % D(l=2) ave= 2.989E+05 +/- 0.00 % D(l=3) ave= 0.000E+00 +/- 0.00 %  % || S(l=0) ave= 1.913E-06 +/- 28.19 % S(l=1) ave= 1.748E-04 +/- 6.86 % S(l=2) ave= 1.902E-05 +/- 19.73 % S(l=3) ave= 0.000E+00 +/- 0.00 % 
 ... random file  149 Cap(th)  ave= 2.326E-02 b. +/- 35.31 % || Ela(th) ave= 2.468E+00 b. +/- 11.16 % || RIcap ave= 1.89E-02 b. +/- 18.44 % || Macs30 ave= 4.62E-03 b. +/- 0.46 % || Gn^0(l=0) ave= 4.802E-01 +/- 14.52 % Gn^0(l=1) ave= 1.426E+02 +/- 6.94 % Gn^0(l=2) ave= 8.200E+00 +/- 19.85 % Gn^0(l=3) ave= 0.000E+00 +/- 0.00 % || Gtotal(l=0) ave= 2.514E+02 +/- 38.11 % Gtotal(l=1) ave= 4.711E+04 +/- 0.00 % Gtotal(l=2) ave= 3.113E+02 +/- 0.00 % Gtotal(l=3) ave= 0.000E+00 +/- 0.00 %  % || Gg(l=0) ave= 4.220E+00 +/- 4.23 % Gg(l=1) ave= 1.730E+00 +/- 13.48 % Gg(l=2) ave= 5.127E+00 +/- 11.08 % Gg(l=3) ave= 0.000E+00 +/- 0.00 %  % || D(l=0) ave= 3.727E+05 +/- 20.05 % D(l=1) ave= 4.484E+05 +/- 0.00 % D(l=2) ave= 2.989E+05 +/- 0.00 % D(l=3) ave= 0.000E+00 +/- 0.00 %  % || S(l=0) ave= 1.917E-06 +/- 28.14 % S(l=1) ave= 1.746E-04 +/- 6.91 % S(l=2) ave= 1.899E-05 +/- 19.85 % S(l=3) ave= 0.000E+00 +/- 0.00 % 
 ... random file  150 Cap(th)  ave= 2.327E-02 b. +/- 35.18 % || Ela(th) ave= 2.465E+00 b. +/- 11.22 % || RIcap ave= 1.89E-02 b. +/- 18.38 % || Macs30 ave= 4.62E-03 b. +/- 0.45 % || Gn^0(l=0) ave= 4.798E-01 +/- 14.54 % Gn^0(l=1) ave= 1.427E+02 +/- 6.98 % Gn^0(l=2) ave= 8.220E+00 +/- 19.95 % Gn^0(l=3) ave= 0.000E+00 +/- 0.00 % || Gtotal(l=0) ave= 2.507E+02 +/- 38.21 % Gtotal(l=1) ave= 4.711E+04 +/- 0.00 % Gtotal(l=2) ave= 3.113E+02 +/- 0.00 % Gtotal(l=3) ave= 0.000E+00 +/- 0.00 %  % || Gg(l=0) ave= 4.221E+00 +/- 4.22 % Gg(l=1) ave= 1.731E+00 +/- 13.44 % Gg(l=2) ave= 5.122E+00 +/- 11.13 % Gg(l=3) ave= 0.000E+00 +/- 0.00 %  % || D(l=0) ave= 3.732E+05 +/- 20.03 % D(l=1) ave= 4.484E+05 +/- 0.00 % D(l=2) ave= 2.989E+05 +/- 0.00 % D(l=3) ave= 0.000E+00 +/- 0.00 %  % || S(l=0) ave= 1.913E-06 +/- 28.19 % S(l=1) ave= 1.748E-04 +/- 6.95 % S(l=2) ave= 1.903E-05 +/- 19.94 % S(l=3) ave= 0.000E+00 +/- 0.00 % 
 ... random file  151 Cap(th)  ave= 2.323E-02 b. +/- 35.20 % || Ela(th) ave= 2.462E+00 b. +/- 11.29 % || RIcap ave= 1.89E-02 b. +/- 18.38 % || Macs30 ave= 4.62E-03 b. +/- 0.46 % || Gn^0(l=0) ave= 4.793E-01 +/- 14.55 % Gn^0(l=1) ave= 1.429E+02 +/- 7.02 % Gn^0(l=2) ave= 8.240E+00 +/- 20.06 % Gn^0(l=3) ave= 0.000E+00 +/- 0.00 % || Gtotal(l=0) ave= 2.501E+02 +/- 38.30 % Gtotal(l=1) ave= 4.711E+04 +/- 0.00 % Gtotal(l=2) ave= 3.113E+02 +/- 0.00 % Gtotal(l=3) ave= 0.000E+00 +/- 0.00 %  % || Gg(l=0) ave= 4.221E+00 +/- 4.21 % Gg(l=1) ave= 1.731E+00 +/- 13.40 % Gg(l=2) ave= 5.123E+00 +/- 11.10 % Gg(l=3) ave= 0.000E+00 +/- 0.00 %  % || D(l=0) ave= 3.737E+05 +/- 20.00 % D(l=1) ave= 4.484E+05 +/- 0.00 % D(l=2) ave= 2.989E+05 +/- 0.00 % D(l=3) ave= 0.000E+00 +/- 0.00 %  % || S(l=0) ave= 1.909E-06 +/- 28.25 % S(l=1) ave= 1.749E-04 +/- 6.99 % S(l=2) ave= 1.908E-05 +/- 20.06 % S(l=3) ave= 0.000E+00 +/- 0.00 % 
 ... random file  152 Cap(th)  ave= 2.321E-02 b. +/- 35.13 % || Ela(th) ave= 2.459E+00 b. +/- 11.34 % || RIcap ave= 1.89E-02 b. +/- 18.33 % || Macs30 ave= 4.62E-03 b. +/- 0.46 % || Gn^0(l=0) ave= 4.788E-01 +/- 14.57 % Gn^0(l=1) ave= 1.430E+02 +/- 7.04 % Gn^0(l=2) ave= 8.257E+00 +/- 20.12 % Gn^0(l=3) ave= 0.000E+00 +/- 0.00 % || Gtotal(l=0) ave= 2.495E+02 +/- 38.40 % Gtotal(l=1) ave= 4.711E+04 +/- 0.00 % Gtotal(l=2) ave= 3.113E+02 +/- 0.00 % Gtotal(l=3) ave= 0.000E+00 +/- 0.00 %  % || Gg(l=0) ave= 4.222E+00 +/- 4.20 % Gg(l=1) ave= 1.733E+00 +/- 13.43 % Gg(l=2) ave= 5.120E+00 +/- 11.09 % Gg(l=3) ave= 0.000E+00 +/- 0.00 %  % || D(l=0) ave= 3.742E+05 +/- 19.97 % D(l=1) ave= 4.484E+05 +/- 0.00 % D(l=2) ave= 2.989E+05 +/- 0.00 % D(l=3) ave= 0.000E+00 +/- 0.00 %  % || S(l=0) ave= 1.906E-06 +/- 28.30 % S(l=1) ave= 1.750E-04 +/- 7.01 % S(l=2) ave= 1.912E-05 +/- 20.12 % S(l=3) ave= 0.000E+00 +/- 0.00 % 
 ... random file  153 Cap(th)  ave= 2.314E-02 b. +/- 35.31 % || Ela(th) ave= 2.457E+00 b. +/- 11.38 % || RIcap ave= 1.89E-02 b. +/- 18.40 % || Macs30 ave= 4.62E-03 b. +/- 0.45 % || Gn^0(l=0) ave= 4.793E-01 +/- 14.55 % Gn^0(l=1) ave= 1.430E+02 +/- 7.05 % Gn^0(l=2) ave= 8.272E+00 +/- 20.14 % Gn^0(l=3) ave= 0.000E+00 +/- 0.00 % || Gtotal(l=0) ave= 2.501E+02 +/- 38.30 % Gtotal(l=1) ave= 4.711E+04 +/- 0.00 % Gtotal(l=2) ave= 3.113E+02 +/- 0.00 % Gtotal(l=3) ave= 0.000E+00 +/- 0.00 %  % || Gg(l=0) ave= 4.221E+00 +/- 4.18 % Gg(l=1) ave= 1.733E+00 +/- 13.39 % Gg(l=2) ave= 5.118E+00 +/- 11.06 % Gg(l=3) ave= 0.000E+00 +/- 0.00 %  % || D(l=0) ave= 3.737E+05 +/- 20.00 % D(l=1) ave= 4.484E+05 +/- 0.00 % D(l=2) ave= 2.989E+05 +/- 0.00 % D(l=3) ave= 0.000E+00 +/- 0.00 %  % || S(l=0) ave= 1.909E-06 +/- 28.25 % S(l=1) ave= 1.751E-04 +/- 7.02 % S(l=2) ave= 1.915E-05 +/- 20.13 % S(l=3) ave= 0.000E+00 +/- 0.00 % 
 ... random file  154 Cap(th)  ave= 2.308E-02 b. +/- 35.41 % || Ela(th) ave= 2.454E+00 b. +/- 11.44 % || RIcap ave= 1.88E-02 b. +/- 18.43 % || Macs30 ave= 4.62E-03 b. +/- 0.45 % || Gn^0(l=0) ave= 4.797E-01 +/- 14.54 % Gn^0(l=1) ave= 1.431E+02 +/- 7.09 % Gn^0(l=2) ave= 8.291E+00 +/- 20.24 % Gn^0(l=3) ave= 0.000E+00 +/- 0.00 % || Gtotal(l=0) ave= 2.507E+02 +/- 38.21 % Gtotal(l=1) ave= 4.711E+04 +/- 0.00 % Gtotal(l=2) ave= 3.113E+02 +/- 0.00 % Gtotal(l=3) ave= 0.000E+00 +/- 0.00 %  % || Gg(l=0) ave= 4.221E+00 +/- 4.17 % Gg(l=1) ave= 1.734E+00 +/- 13.36 % Gg(l=2) ave= 5.118E+00 +/- 11.02 % Gg(l=3) ave= 0.000E+00 +/- 0.00 %  % || D(l=0) ave= 3.732E+05 +/- 20.03 % D(l=1) ave= 4.484E+05 +/- 0.00 % D(l=2) ave= 2.989E+05 +/- 0.00 % D(l=3) ave= 0.000E+00 +/- 0.00 %  % || S(l=0) ave= 1.913E-06 +/- 28.20 % S(l=1) ave= 1.753E-04 +/- 7.06 % S(l=2) ave= 1.920E-05 +/- 20.23 % S(l=3) ave= 0.000E+00 +/- 0.00 % 
 ... random file  155 Cap(th)  ave= 2.303E-02 b. +/- 35.51 % || Ela(th) ave= 2.452E+00 b. +/- 11.46 % || RIcap ave= 1.88E-02 b. +/- 18.46 % || Macs30 ave= 4.62E-03 b. +/- 0.45 % || Gn^0(l=0) ave= 4.793E-01 +/- 14.55 % Gn^0(l=1) ave= 1.432E+02 +/- 7.10 % Gn^0(l=2) ave= 8.305E+00 +/- 20.24 % Gn^0(l=3) ave= 0.000E+00 +/- 0.00 % || Gtotal(l=0) ave= 2.501E+02 +/- 38.30 % Gtotal(l=1) ave= 4.711E+04 +/- 0.00 % Gtotal(l=2) ave= 3.113E+02 +/- 0.00 % Gtotal(l=3) ave= 0.000E+00 +/- 0.00 %  % || Gg(l=0) ave= 4.222E+00 +/- 4.16 % Gg(l=1) ave= 1.737E+00 +/- 13.42 % Gg(l=2) ave= 5.126E+00 +/- 11.12 % Gg(l=3) ave= 0.000E+00 +/- 0.00 %  % || D(l=0) ave= 3.737E+05 +/- 20.00 % D(l=1) ave= 4.484E+05 +/- 0.00 % D(l=2) ave= 2.989E+05 +/- 0.00 % D(l=3) ave= 0.000E+00 +/- 0.00 %  % || S(l=0) ave= 1.909E-06 +/- 28.25 % S(l=1) ave= 1.754E-04 +/- 7.07 % S(l=2) ave= 1.923E-05 +/- 20.23 % S(l=3) ave= 0.000E+00 +/- 0.00 % 
 ... random file  156 Cap(th)  ave= 2.297E-02 b. +/- 35.62 % || Ela(th) ave= 2.452E+00 b. +/- 11.44 % || RIcap ave= 1.88E-02 b. +/- 18.49 % || Macs30 ave= 4.62E-03 b. +/- 0.46 % || Gn^0(l=0) ave= 4.797E-01 +/- 14.54 % Gn^0(l=1) ave= 1.432E+02 +/- 7.08 % Gn^0(l=2) ave= 8.307E+00 +/- 20.17 % Gn^0(l=3) ave= 0.000E+00 +/- 0.00 % || Gtotal(l=0) ave= 2.507E+02 +/- 38.21 % Gtotal(l=1) ave= 4.711E+04 +/- 0.00 % Gtotal(l=2) ave= 3.113E+02 +/- 0.00 % Gtotal(l=3) ave= 0.000E+00 +/- 0.00 %  % || Gg(l=0) ave= 4.221E+00 +/- 4.16 % Gg(l=1) ave= 1.736E+00 +/- 13.41 % Gg(l=2) ave= 5.121E+00 +/- 11.15 % Gg(l=3) ave= 0.000E+00 +/- 0.00 %  % || D(l=0) ave= 3.732E+05 +/- 20.03 % D(l=1) ave= 4.484E+05 +/- 0.00 % D(l=2) ave= 2.989E+05 +/- 0.00 % D(l=3) ave= 0.000E+00 +/- 0.00 %  % || S(l=0) ave= 1.913E-06 +/- 28.20 % S(l=1) ave= 1.754E-04 +/- 7.05 % S(l=2) ave= 1.923E-05 +/- 20.17 % S(l=3) ave= 0.000E+00 +/- 0.00 % 
 ... random file  157 Cap(th)  ave= 2.301E-02 b. +/- 35.51 % || Ela(th) ave= 2.455E+00 b. +/- 11.50 % || RIcap ave= 1.88E-02 b. +/- 18.45 % || Macs30 ave= 4.62E-03 b. +/- 0.47 % || Gn^0(l=0) ave= 4.801E-01 +/- 14.53 % Gn^0(l=1) ave= 1.431E+02 +/- 7.11 % Gn^0(l=2) ave= 8.291E+00 +/- 20.28 % Gn^0(l=3) ave= 0.000E+00 +/- 0.00 % || Gtotal(l=0) ave= 2.513E+02 +/- 38.12 % Gtotal(l=1) ave= 4.711E+04 +/- 0.00 % Gtotal(l=2) ave= 3.113E+02 +/- 0.00 % Gtotal(l=3) ave= 0.000E+00 +/- 0.00 %  % || Gg(l=0) ave= 4.220E+00 +/- 4.15 % Gg(l=1) ave= 1.735E+00 +/- 13.40 % Gg(l=2) ave= 5.120E+00 +/- 11.12 % Gg(l=3) ave= 0.000E+00 +/- 0.00 %  % || D(l=0) ave= 3.727E+05 +/- 20.05 % D(l=1) ave= 4.484E+05 +/- 0.00 % D(l=2) ave= 2.989E+05 +/- 0.00 % D(l=3) ave= 0.000E+00 +/- 0.00 %  % || S(l=0) ave= 1.916E-06 +/- 28.15 % S(l=1) ave= 1.753E-04 +/- 7.08 % S(l=2) ave= 1.920E-05 +/- 20.27 % S(l=3) ave= 0.000E+00 +/- 0.00 % 
 ... random file  158 Cap(th)  ave= 2.297E-02 b. +/- 35.51 % || Ela(th) ave= 2.453E+00 b. +/- 11.51 % || RIcap ave= 1.88E-02 b. +/- 18.44 % || Macs30 ave= 4.62E-03 b. +/- 0.47 % || Gn^0(l=0) ave= 4.806E-01 +/- 14.51 % Gn^0(l=1) ave= 1.432E+02 +/- 7.12 % Gn^0(l=2) ave= 8.304E+00 +/- 20.27 % Gn^0(l=3) ave= 0.000E+00 +/- 0.00 % || Gtotal(l=0) ave= 2.519E+02 +/- 38.02 % Gtotal(l=1) ave= 4.711E+04 +/- 0.00 % Gtotal(l=2) ave= 3.113E+02 +/- 0.00 % Gtotal(l=3) ave= 0.000E+00 +/- 0.00 %  % || Gg(l=0) ave= 4.220E+00 +/- 4.14 % Gg(l=1) ave= 1.734E+00 +/- 13.37 % Gg(l=2) ave= 5.124E+00 +/- 11.11 % Gg(l=3) ave= 0.000E+00 +/- 0.00 %  % || D(l=0) ave= 3.723E+05 +/- 20.07 % D(l=1) ave= 4.484E+05 +/- 0.00 % D(l=2) ave= 2.989E+05 +/- 0.00 % D(l=3) ave= 0.000E+00 +/- 0.00 %  % || S(l=0) ave= 1.920E-06 +/- 28.10 % S(l=1) ave= 1.754E-04 +/- 7.09 % S(l=2) ave= 1.922E-05 +/- 20.26 % S(l=3) ave= 0.000E+00 +/- 0.00 % 
 ... random file  159 Cap(th)  ave= 2.302E-02 b. +/- 35.43 % || Ela(th) ave= 2.452E+00 b. +/- 11.50 % || RIcap ave= 1.88E-02 b. +/- 18.41 % || Macs30 ave= 4.62E-03 b. +/- 0.47 % || Gn^0(l=0) ave= 4.802E-01 +/- 14.53 % Gn^0(l=1) ave= 1.433E+02 +/- 7.10 % Gn^0(l=2) ave= 8.309E+00 +/- 20.21 % Gn^0(l=3) ave= 0.000E+00 +/- 0.00 % || Gtotal(l=0) ave= 2.513E+02 +/- 38.12 % Gtotal(l=1) ave= 4.711E+04 +/- 0.00 % Gtotal(l=2) ave= 3.113E+02 +/- 0.00 % Gtotal(l=3) ave= 0.000E+00 +/- 0.00 %  % || Gg(l=0) ave= 4.220E+00 +/- 4.13 % Gg(l=1) ave= 1.734E+00 +/- 13.32 % Gg(l=2) ave= 5.121E+00 +/- 11.10 % Gg(l=3) ave= 0.000E+00 +/- 0.00 %  % || D(l=0) ave= 3.727E+05 +/- 20.05 % D(l=1) ave= 4.484E+05 +/- 0.00 % D(l=2) ave= 2.989E+05 +/- 0.00 % D(l=3) ave= 0.000E+00 +/- 0.00 %  % || S(l=0) ave= 1.916E-06 +/- 28.15 % S(l=1) ave= 1.754E-04 +/- 7.07 % S(l=2) ave= 1.924E-05 +/- 20.20 % S(l=3) ave= 0.000E+00 +/- 0.00 % 
 ... random file  160 Cap(th)  ave= 2.296E-02 b. +/- 35.55 % || Ela(th) ave= 2.455E+00 b. +/- 11.56 % || RIcap ave= 1.88E-02 b. +/- 18.46 % || Macs30 ave= 4.62E-03 b. +/- 0.47 % || Gn^0(l=0) ave= 4.806E-01 +/- 14.51 % Gn^0(l=1) ave= 1.432E+02 +/- 7.14 % Gn^0(l=2) ave= 8.294E+00 +/- 20.31 % Gn^0(l=3) ave= 0.000E+00 +/- 0.00 % || Gtotal(l=0) ave= 2.519E+02 +/- 38.03 % Gtotal(l=1) ave= 4.711E+04 +/- 0.00 % Gtotal(l=2) ave= 3.113E+02 +/- 0.00 % Gtotal(l=3) ave= 0.000E+00 +/- 0.00 %  % || Gg(l=0) ave= 4.220E+00 +/- 4.12 % Gg(l=1) ave= 1.733E+00 +/- 13.30 % Gg(l=2) ave= 5.116E+00 +/- 11.13 % Gg(l=3) ave= 0.000E+00 +/- 0.00 %  % || D(l=0) ave= 3.723E+05 +/- 20.07 % D(l=1) ave= 4.484E+05 +/- 0.00 % D(l=2) ave= 2.989E+05 +/- 0.00 % D(l=3) ave= 0.000E+00 +/- 0.00 %  % || S(l=0) ave= 1.919E-06 +/- 28.10 % S(l=1) ave= 1.753E-04 +/- 7.11 % S(l=2) ave= 1.920E-05 +/- 20.31 % S(l=3) ave= 0.000E+00 +/- 0.00 % 
 ... random file  161 Cap(th)  ave= 2.289E-02 b. +/- 35.77 % || Ela(th) ave= 2.458E+00 b. +/- 11.61 % || RIcap ave= 1.87E-02 b. +/- 18.54 % || Macs30 ave= 4.62E-03 b. +/- 0.47 % || Gn^0(l=0) ave= 4.810E-01 +/- 14.49 % Gn^0(l=1) ave= 1.431E+02 +/- 7.18 % Gn^0(l=2) ave= 8.279E+00 +/- 20.42 % Gn^0(l=3) ave= 0.000E+00 +/- 0.00 % || Gtotal(l=0) ave= 2.525E+02 +/- 37.93 % Gtotal(l=1) ave= 4.711E+04 +/- 0.00 % Gtotal(l=2) ave= 3.113E+02 +/- 0.00 % Gtotal(l=3) ave= 0.000E+00 +/- 0.00 %  % || Gg(l=0) ave= 4.223E+00 +/- 4.24 % Gg(l=1) ave= 1.735E+00 +/- 13.34 % Gg(l=2) ave= 5.112E+00 +/- 11.15 % Gg(l=3) ave= 0.000E+00 +/- 0.00 %  % || D(l=0) ave= 3.718E+05 +/- 20.09 % D(l=1) ave= 4.484E+05 +/- 0.00 % D(l=2) ave= 2.989E+05 +/- 0.00 % D(l=3) ave= 0.000E+00 +/- 0.00 %  % || S(l=0) ave= 1.923E-06 +/- 28.04 % S(l=1) ave= 1.752E-04 +/- 7.15 % S(l=2) ave= 1.917E-05 +/- 20.41 % S(l=3) ave= 0.000E+00 +/- 0.00 % 
 ... random file  162 Cap(th)  ave= 2.284E-02 b. +/- 35.88 % || Ela(th) ave= 2.456E+00 b. +/- 11.64 % || RIcap ave= 1.87E-02 b. +/- 18.58 % || Macs30 ave= 4.62E-03 b. +/- 0.47 % || Gn^0(l=0) ave= 4.814E-01 +/- 14.48 % Gn^0(l=1) ave= 1.431E+02 +/- 7.18 % Gn^0(l=2) ave= 8.292E+00 +/- 20.42 % Gn^0(l=3) ave= 0.000E+00 +/- 0.00 % || Gtotal(l=0) ave= 2.530E+02 +/- 37.84 % Gtotal(l=1) ave= 4.711E+04 +/- 0.00 % Gtotal(l=2) ave= 3.113E+02 +/- 0.00 % Gtotal(l=3) ave= 0.000E+00 +/- 0.00 %  % || Gg(l=0) ave= 4.223E+00 +/- 4.23 % Gg(l=1) ave= 1.734E+00 +/- 13.32 % Gg(l=2) ave= 5.111E+00 +/- 11.12 % Gg(l=3) ave= 0.000E+00 +/- 0.00 %  % || D(l=0) ave= 3.714E+05 +/- 20.11 % D(l=1) ave= 4.484E+05 +/- 0.00 % D(l=2) ave= 2.989E+05 +/- 0.00 % D(l=3) ave= 0.000E+00 +/- 0.00 %  % || S(l=0) ave= 1.926E-06 +/- 27.99 % S(l=1) ave= 1.753E-04 +/- 7.15 % S(l=2) ave= 1.920E-05 +/- 20.42 % S(l=3) ave= 0.000E+00 +/- 0.00 % 
 ... random file  163 Cap(th)  ave= 2.287E-02 b. +/- 35.76 % || Ela(th) ave= 2.458E+00 b. +/- 11.63 % || RIcap ave= 1.87E-02 b. +/- 18.53 % || Macs30 ave= 4.62E-03 b. +/- 0.47 % || Gn^0(l=0) ave= 4.810E-01 +/- 14.50 % Gn^0(l=1) ave= 1.431E+02 +/- 7.19 % Gn^0(l=2) ave= 8.281E+00 +/- 20.45 % Gn^0(l=3) ave= 0.000E+00 +/- 0.00 % || Gtotal(l=0) ave= 2.524E+02 +/- 37.94 % Gtotal(l=1) ave= 4.711E+04 +/- 0.00 % Gtotal(l=2) ave= 3.113E+02 +/- 0.00 % Gtotal(l=3) ave= 0.000E+00 +/- 0.00 %  % || Gg(l=0) ave= 4.223E+00 +/- 4.22 % Gg(l=1) ave= 1.732E+00 +/- 13.41 % Gg(l=2) ave= 5.114E+00 +/- 11.12 % Gg(l=3) ave= 0.000E+00 +/- 0.00 %  % || D(l=0) ave= 3.718E+05 +/- 20.09 % D(l=1) ave= 4.484E+05 +/- 0.00 % D(l=2) ave= 2.989E+05 +/- 0.00 % D(l=3) ave= 0.000E+00 +/- 0.00 %  % || S(l=0) ave= 1.922E-06 +/- 28.05 % S(l=1) ave= 1.752E-04 +/- 7.16 % S(l=2) ave= 1.917E-05 +/- 20.45 % S(l=3) ave= 0.000E+00 +/- 0.00 % 
 ... random file  164 Cap(th)  ave= 2.289E-02 b. +/- 35.64 % || Ela(th) ave= 2.458E+00 b. +/- 11.60 % || RIcap ave= 1.87E-02 b. +/- 18.47 % || Macs30 ave= 4.62E-03 b. +/- 0.47 % || Gn^0(l=0) ave= 4.814E-01 +/- 14.48 % Gn^0(l=1) ave= 1.431E+02 +/- 7.17 % Gn^0(l=2) ave= 8.279E+00 +/- 20.40 % Gn^0(l=3) ave= 0.000E+00 +/- 0.00 % || Gtotal(l=0) ave= 2.530E+02 +/- 37.85 % Gtotal(l=1) ave= 4.711E+04 +/- 0.00 % Gtotal(l=2) ave= 3.113E+02 +/- 0.00 % Gtotal(l=3) ave= 0.000E+00 +/- 0.00 %  % || Gg(l=0) ave= 4.223E+00 +/- 4.21 % Gg(l=1) ave= 1.731E+00 +/- 13.41 % Gg(l=2) ave= 5.114E+00 +/- 11.08 % Gg(l=3) ave= 0.000E+00 +/- 0.00 %  % || D(l=0) ave= 3.714E+05 +/- 20.11 % D(l=1) ave= 4.484E+05 +/- 0.00 % D(l=2) ave= 2.989E+05 +/- 0.00 % D(l=3) ave= 0.000E+00 +/- 0.00 %  % || S(l=0) ave= 1.926E-06 +/- 27.99 % S(l=1) ave= 1.752E-04 +/- 7.14 % S(l=2) ave= 1.917E-05 +/- 20.39 % S(l=3) ave= 0.000E+00 +/- 0.00 % 
 ... random file  165 Cap(th)  ave= 2.284E-02 b. +/- 35.68 % || Ela(th) ave= 2.459E+00 b. +/- 11.58 % || RIcap ave= 1.87E-02 b. +/- 18.48 % || Macs30 ave= 4.62E-03 b. +/- 0.46 % || Gn^0(l=0) ave= 4.809E-01 +/- 14.50 % Gn^0(l=1) ave= 1.430E+02 +/- 7.16 % Gn^0(l=2) ave= 8.271E+00 +/- 20.39 % Gn^0(l=3) ave= 0.000E+00 +/- 0.00 % || Gtotal(l=0) ave= 2.524E+02 +/- 37.94 % Gtotal(l=1) ave= 4.711E+04 +/- 0.00 % Gtotal(l=2) ave= 3.113E+02 +/- 0.00 % Gtotal(l=3) ave= 0.000E+00 +/- 0.00 %  % || Gg(l=0) ave= 4.223E+00 +/- 4.20 % Gg(l=1) ave= 1.730E+00 +/- 13.39 % Gg(l=2) ave= 5.111E+00 +/- 11.08 % Gg(l=3) ave= 0.000E+00 +/- 0.00 %  % || D(l=0) ave= 3.719E+05 +/- 20.09 % D(l=1) ave= 4.484E+05 +/- 0.00 % D(l=2) ave= 2.989E+05 +/- 0.00 % D(l=3) ave= 0.000E+00 +/- 0.00 %  % || S(l=0) ave= 1.922E-06 +/- 28.05 % S(l=1) ave= 1.751E-04 +/- 7.13 % S(l=2) ave= 1.915E-05 +/- 20.39 % S(l=3) ave= 0.000E+00 +/- 0.00 % 
 ... random file  166 Cap(th)  ave= 2.286E-02 b. +/- 35.56 % || Ela(th) ave= 2.458E+00 b. +/- 11.56 % || RIcap ave= 1.87E-02 b. +/- 18.42 % || Macs30 ave= 4.62E-03 b. +/- 0.46 % || Gn^0(l=0) ave= 4.805E-01 +/- 14.51 % Gn^0(l=1) ave= 1.430E+02 +/- 7.15 % Gn^0(l=2) ave= 8.276E+00 +/- 20.34 % Gn^0(l=3) ave= 0.000E+00 +/- 0.00 % || Gtotal(l=0) ave= 2.518E+02 +/- 38.04 % Gtotal(l=1) ave= 4.711E+04 +/- 0.00 % Gtotal(l=2) ave= 3.113E+02 +/- 0.00 % Gtotal(l=3) ave= 0.000E+00 +/- 0.00 %  % || Gg(l=0) ave= 4.224E+00 +/- 4.19 % Gg(l=1) ave= 1.732E+00 +/- 13.40 % Gg(l=2) ave= 5.118E+00 +/- 11.15 % Gg(l=3) ave= 0.000E+00 +/- 0.00 %  % || D(l=0) ave= 3.723E+05 +/- 20.07 % D(l=1) ave= 4.484E+05 +/- 0.00 % D(l=2) ave= 2.989E+05 +/- 0.00 % D(l=3) ave= 0.000E+00 +/- 0.00 %  % || S(l=0) ave= 1.919E-06 +/- 28.10 % S(l=1) ave= 1.751E-04 +/- 7.12 % S(l=2) ave= 1.916E-05 +/- 20.33 % S(l=3) ave= 0.000E+00 +/- 0.00 % 
 ... random file  167 Cap(th)  ave= 2.287E-02 b. +/- 35.45 % || Ela(th) ave= 2.460E+00 b. +/- 11.59 % || RIcap ave= 1.87E-02 b. +/- 18.37 % || Macs30 ave= 4.62E-03 b. +/- 0.46 % || Gn^0(l=0) ave= 4.800E-01 +/- 14.53 % Gn^0(l=1) ave= 1.430E+02 +/- 7.17 % Gn^0(l=2) ave= 8.263E+00 +/- 20.41 % Gn^0(l=3) ave= 0.000E+00 +/- 0.00 % || Gtotal(l=0) ave= 2.512E+02 +/- 38.13 % Gtotal(l=1) ave= 4.711E+04 +/- 0.00 % Gtotal(l=2) ave= 3.113E+02 +/- 0.00 % Gtotal(l=3) ave= 0.000E+00 +/- 0.00 %  % || Gg(l=0) ave= 4.224E+00 +/- 4.18 % Gg(l=1) ave= 1.731E+00 +/- 13.38 % Gg(l=2) ave= 5.119E+00 +/- 11.12 % Gg(l=3) ave= 0.000E+00 +/- 0.00 %  % || D(l=0) ave= 3.728E+05 +/- 20.05 % D(l=1) ave= 4.484E+05 +/- 0.00 % D(l=2) ave= 2.989E+05 +/- 0.00 % D(l=3) ave= 0.000E+00 +/- 0.00 %  % || S(l=0) ave= 1.916E-06 +/- 28.16 % S(l=1) ave= 1.750E-04 +/- 7.14 % S(l=2) ave= 1.913E-05 +/- 20.41 % S(l=3) ave= 0.000E+00 +/- 0.00 % 
 ... random file  168 Cap(th)  ave= 2.293E-02 b. +/- 35.42 % || Ela(th) ave= 2.458E+00 b. +/- 11.65 % || RIcap ave= 1.88E-02 b. +/- 18.38 % || Macs30 ave= 4.62E-03 b. +/- 0.46 % || Gn^0(l=0) ave= 4.805E-01 +/- 14.52 % Gn^0(l=1) ave= 1.431E+02 +/- 7.20 % Gn^0(l=2) ave= 8.280E+00 +/- 20.49 % Gn^0(l=3) ave= 0.000E+00 +/- 0.00 % || Gtotal(l=0) ave= 2.518E+02 +/- 38.04 % Gtotal(l=1) ave= 4.711E+04 +/- 0.00 % Gtotal(l=2) ave= 3.113E+02 +/- 0.00 % Gtotal(l=3) ave= 0.000E+00 +/- 0.00 %  % || Gg(l=0) ave= 4.224E+00 +/- 4.17 % Gg(l=1) ave= 1.730E+00 +/- 13.37 % Gg(l=2) ave= 5.119E+00 +/- 11.09 % Gg(l=3) ave= 0.000E+00 +/- 0.00 %  % || D(l=0) ave= 3.723E+05 +/- 20.07 % D(l=1) ave= 4.484E+05 +/- 0.00 % D(l=2) ave= 2.989E+05 +/- 0.00 % D(l=3) ave= 0.000E+00 +/- 0.00 %  % || S(l=0) ave= 1.919E-06 +/- 28.11 % S(l=1) ave= 1.752E-04 +/- 7.17 % S(l=2) ave= 1.917E-05 +/- 20.48 % S(l=3) ave= 0.000E+00 +/- 0.00 % 
 ... random file  169 Cap(th)  ave= 2.302E-02 b. +/- 35.58 % || Ela(th) ave= 2.457E+00 b. +/- 11.64 % || RIcap ave= 1.88E-02 b. +/- 18.49 % || Macs30 ave= 4.62E-03 b. +/- 0.46 % || Gn^0(l=0) ave= 4.801E-01 +/- 14.53 % Gn^0(l=1) ave= 1.431E+02 +/- 7.19 % Gn^0(l=2) ave= 8.287E+00 +/- 20.44 % Gn^0(l=3) ave= 0.000E+00 +/- 0.00 % || Gtotal(l=0) ave= 2.512E+02 +/- 38.13 % Gtotal(l=1) ave= 4.711E+04 +/- 0.00 % Gtotal(l=2) ave= 3.113E+02 +/- 0.00 % Gtotal(l=3) ave= 0.000E+00 +/- 0.00 %  % || Gg(l=0) ave= 4.224E+00 +/- 4.16 % Gg(l=1) ave= 1.730E+00 +/- 13.34 % Gg(l=2) ave= 5.117E+00 +/- 11.07 % Gg(l=3) ave= 0.000E+00 +/- 0.00 %  % || D(l=0) ave= 3.728E+05 +/- 20.05 % D(l=1) ave= 4.484E+05 +/- 0.00 % D(l=2) ave= 2.989E+05 +/- 0.00 % D(l=3) ave= 0.000E+00 +/- 0.00 %  % || S(l=0) ave= 1.916E-06 +/- 28.16 % S(l=1) ave= 1.752E-04 +/- 7.16 % S(l=2) ave= 1.919E-05 +/- 20.43 % S(l=3) ave= 0.000E+00 +/- 0.00 % 
 ... random file  170 Cap(th)  ave= 2.300E-02 b. +/- 35.55 % || Ela(th) ave= 2.456E+00 b. +/- 11.61 % || RIcap ave= 1.88E-02 b. +/- 18.47 % || Macs30 ave= 4.62E-03 b. +/- 0.46 % || Gn^0(l=0) ave= 4.805E-01 +/- 14.52 % Gn^0(l=1) ave= 1.431E+02 +/- 7.16 % Gn^0(l=2) ave= 8.289E+00 +/- 20.38 % Gn^0(l=3) ave= 0.000E+00 +/- 0.00 % || Gtotal(l=0) ave= 2.518E+02 +/- 38.04 % Gtotal(l=1) ave= 4.711E+04 +/- 0.00 % Gtotal(l=2) ave= 3.113E+02 +/- 0.00 % Gtotal(l=3) ave= 0.000E+00 +/- 0.00 %  % || Gg(l=0) ave= 4.225E+00 +/- 4.15 % Gg(l=1) ave= 1.730E+00 +/- 13.30 % Gg(l=2) ave= 5.115E+00 +/- 11.06 % Gg(l=3) ave= 0.000E+00 +/- 0.00 %  % || D(l=0) ave= 3.724E+05 +/- 20.07 % D(l=1) ave= 4.484E+05 +/- 0.00 % D(l=2) ave= 2.989E+05 +/- 0.00 % D(l=3) ave= 0.000E+00 +/- 0.00 %  % || S(l=0) ave= 1.919E-06 +/- 28.11 % S(l=1) ave= 1.752E-04 +/- 7.13 % S(l=2) ave= 1.919E-05 +/- 20.37 % S(l=3) ave= 0.000E+00 +/- 0.00 % 
 ... random file  171 Cap(th)  ave= 2.299E-02 b. +/- 35.47 % || Ela(th) ave= 2.454E+00 b. +/- 11.63 % || RIcap ave= 1.88E-02 b. +/- 18.42 % || Macs30 ave= 4.62E-03 b. +/- 0.46 % || Gn^0(l=0) ave= 4.800E-01 +/- 14.53 % Gn^0(l=1) ave= 1.432E+02 +/- 7.17 % Gn^0(l=2) ave= 8.301E+00 +/- 20.37 % Gn^0(l=3) ave= 0.000E+00 +/- 0.00 % || Gtotal(l=0) ave= 2.512E+02 +/- 38.13 % Gtotal(l=1) ave= 4.711E+04 +/- 0.00 % Gtotal(l=2) ave= 3.113E+02 +/- 0.00 % Gtotal(l=3) ave= 0.000E+00 +/- 0.00 %  % || Gg(l=0) ave= 4.226E+00 +/- 4.14 % Gg(l=1) ave= 1.730E+00 +/- 13.28 % Gg(l=2) ave= 5.109E+00 +/- 11.15 % Gg(l=3) ave= 0.000E+00 +/- 0.00 %  % || D(l=0) ave= 3.728E+05 +/- 20.05 % D(l=1) ave= 4.484E+05 +/- 0.00 % D(l=2) ave= 2.989E+05 +/- 0.00 % D(l=3) ave= 0.000E+00 +/- 0.00 %  % || S(l=0) ave= 1.915E-06 +/- 28.16 % S(l=1) ave= 1.753E-04 +/- 7.14 % S(l=2) ave= 1.922E-05 +/- 20.36 % S(l=3) ave= 0.000E+00 +/- 0.00 % 
 ... random file  172 Cap(th)  ave= 2.303E-02 b. +/- 35.38 % || Ela(th) ave= 2.457E+00 b. +/- 11.67 % || RIcap ave= 1.88E-02 b. +/- 18.39 % || Macs30 ave= 4.62E-03 b. +/- 0.47 % || Gn^0(l=0) ave= 4.796E-01 +/- 14.55 % Gn^0(l=1) ave= 1.431E+02 +/- 7.19 % Gn^0(l=2) ave= 8.287E+00 +/- 20.45 % Gn^0(l=3) ave= 0.000E+00 +/- 0.00 % || Gtotal(l=0) ave= 2.507E+02 +/- 38.22 % Gtotal(l=1) ave= 4.711E+04 +/- 0.00 % Gtotal(l=2) ave= 3.113E+02 +/- 0.00 % Gtotal(l=3) ave= 0.000E+00 +/- 0.00 %  % || Gg(l=0) ave= 4.226E+00 +/- 4.13 % Gg(l=1) ave= 1.727E+00 +/- 13.40 % Gg(l=2) ave= 5.113E+00 +/- 11.16 % Gg(l=3) ave= 0.000E+00 +/- 0.00 %  % || D(l=0) ave= 3.732E+05 +/- 20.02 % D(l=1) ave= 4.484E+05 +/- 0.00 % D(l=2) ave= 2.989E+05 +/- 0.00 % D(l=3) ave= 0.000E+00 +/- 0.00 %  % || S(l=0) ave= 1.912E-06 +/- 28.21 % S(l=1) ave= 1.752E-04 +/- 7.16 % S(l=2) ave= 1.919E-05 +/- 20.44 % S(l=3) ave= 0.000E+00 +/- 0.00 % 
 ... random file  173 Cap(th)  ave= 2.301E-02 b. +/- 35.34 % || Ela(th) ave= 2.456E+00 b. +/- 11.65 % || RIcap ave= 1.88E-02 b. +/- 18.36 % || Macs30 ave= 4.62E-03 b. +/- 0.47 % || Gn^0(l=0) ave= 4.800E-01 +/- 14.53 % Gn^0(l=1) ave= 1.431E+02 +/- 7.17 % Gn^0(l=2) ave= 8.291E+00 +/- 20.39 % Gn^0(l=3) ave= 0.000E+00 +/- 0.00 % || Gtotal(l=0) ave= 2.512E+02 +/- 38.13 % Gtotal(l=1) ave= 4.711E+04 +/- 0.00 % Gtotal(l=2) ave= 3.113E+02 +/- 0.00 % Gtotal(l=3) ave= 0.000E+00 +/- 0.00 %  % || Gg(l=0) ave= 4.225E+00 +/- 4.13 % Gg(l=1) ave= 1.729E+00 +/- 13.42 % Gg(l=2) ave= 5.114E+00 +/- 11.13 % Gg(l=3) ave= 0.000E+00 +/- 0.00 %  % || D(l=0) ave= 3.728E+05 +/- 20.04 % D(l=1) ave= 4.484E+05 +/- 0.00 % D(l=2) ave= 2.989E+05 +/- 0.00 % D(l=3) ave= 0.000E+00 +/- 0.00 %  % || S(l=0) ave= 1.915E-06 +/- 28.16 % S(l=1) ave= 1.752E-04 +/- 7.14 % S(l=2) ave= 1.919E-05 +/- 20.38 % S(l=3) ave= 0.000E+00 +/- 0.00 % 
 ... random file  174 Cap(th)  ave= 2.299E-02 b. +/- 35.27 % || Ela(th) ave= 2.459E+00 b. +/- 11.69 % || RIcap ave= 1.88E-02 b. +/- 18.32 % || Macs30 ave= 4.62E-03 b. +/- 0.46 % || Gn^0(l=0) ave= 4.796E-01 +/- 14.55 % Gn^0(l=1) ave= 1.430E+02 +/- 7.20 % Gn^0(l=2) ave= 8.278E+00 +/- 20.47 % Gn^0(l=3) ave= 0.000E+00 +/- 0.00 % || Gtotal(l=0) ave= 2.506E+02 +/- 38.22 % Gtotal(l=1) ave= 4.711E+04 +/- 0.00 % Gtotal(l=2) ave= 3.113E+02 +/- 0.00 % Gtotal(l=3) ave= 0.000E+00 +/- 0.00 %  % || Gg(l=0) ave= 4.225E+00 +/- 4.12 % Gg(l=1) ave= 1.729E+00 +/- 13.38 % Gg(l=2) ave= 5.116E+00 +/- 11.10 % Gg(l=3) ave= 0.000E+00 +/- 0.00 %  % || D(l=0) ave= 3.732E+05 +/- 20.02 % D(l=1) ave= 4.484E+05 +/- 0.00 % D(l=2) ave= 2.989E+05 +/- 0.00 % D(l=3) ave= 0.000E+00 +/- 0.00 %  % || S(l=0) ave= 1.912E-06 +/- 28.21 % S(l=1) ave= 1.751E-04 +/- 7.17 % S(l=2) ave= 1.916E-05 +/- 20.47 % S(l=3) ave= 0.000E+00 +/- 0.00 % 
 ... random file  175 Cap(th)  ave= 2.301E-02 b. +/- 35.15 % || Ela(th) ave= 2.456E+00 b. +/- 11.73 % || RIcap ave= 1.88E-02 b. +/- 18.27 % || Macs30 ave= 4.62E-03 b. +/- 0.46 % || Gn^0(l=0) ave= 4.792E-01 +/- 14.57 % Gn^0(l=1) ave= 1.431E+02 +/- 7.22 % Gn^0(l=2) ave= 8.293E+00 +/- 20.53 % Gn^0(l=3) ave= 0.000E+00 +/- 0.00 % || Gtotal(l=0) ave= 2.501E+02 +/- 38.30 % Gtotal(l=1) ave= 4.711E+04 +/- 0.00 % Gtotal(l=2) ave= 3.113E+02 +/- 0.00 % Gtotal(l=3) ave= 0.000E+00 +/- 0.00 %  % || Gg(l=0) ave= 4.226E+00 +/- 4.11 % Gg(l=1) ave= 1.731E+00 +/- 13.39 % Gg(l=2) ave= 5.121E+00 +/- 11.15 % Gg(l=3) ave= 0.000E+00 +/- 0.00 %  % || D(l=0) ave= 3.737E+05 +/- 20.00 % D(l=1) ave= 4.484E+05 +/- 0.00 % D(l=2) ave= 2.989E+05 +/- 0.00 % D(l=3) ave= 0.000E+00 +/- 0.00 %  % || S(l=0) ave= 1.909E-06 +/- 28.26 % S(l=1) ave= 1.752E-04 +/- 7.19 % S(l=2) ave= 1.920E-05 +/- 20.53 % S(l=3) ave= 0.000E+00 +/- 0.00 % 
 ... random file  176 Cap(th)  ave= 2.303E-02 b. +/- 35.04 % || Ela(th) ave= 2.456E+00 b. +/- 11.70 % || RIcap ave= 1.88E-02 b. +/- 18.22 % || Macs30 ave= 4.62E-03 b. +/- 0.47 % || Gn^0(l=0) ave= 4.796E-01 +/- 14.55 % Gn^0(l=1) ave= 1.431E+02 +/- 7.20 % Gn^0(l=2) ave= 8.291E+00 +/- 20.48 % Gn^0(l=3) ave= 0.000E+00 +/- 0.00 % || Gtotal(l=0) ave= 2.506E+02 +/- 38.22 % Gtotal(l=1) ave= 4.711E+04 +/- 0.00 % Gtotal(l=2) ave= 3.113E+02 +/- 0.00 % Gtotal(l=3) ave= 0.000E+00 +/- 0.00 %  % || Gg(l=0) ave= 4.226E+00 +/- 4.10 % Gg(l=1) ave= 1.732E+00 +/- 13.39 % Gg(l=2) ave= 5.123E+00 +/- 11.13 % Gg(l=3) ave= 0.000E+00 +/- 0.00 %  % || D(l=0) ave= 3.732E+05 +/- 20.02 % D(l=1) ave= 4.484E+05 +/- 0.00 % D(l=2) ave= 2.989E+05 +/- 0.00 % D(l=3) ave= 0.000E+00 +/- 0.00 %  % || S(l=0) ave= 1.912E-06 +/- 28.21 % S(l=1) ave= 1.752E-04 +/- 7.17 % S(l=2) ave= 1.919E-05 +/- 20.48 % S(l=3) ave= 0.000E+00 +/- 0.00 % 
 ... random file  177 Cap(th)  ave= 2.306E-02 b. +/- 34.95 % || Ela(th) ave= 2.458E+00 b. +/- 11.71 % || RIcap ave= 1.88E-02 b. +/- 18.18 % || Macs30 ave= 4.62E-03 b. +/- 0.47 % || Gn^0(l=0) ave= 4.800E-01 +/- 14.54 % Gn^0(l=1) ave= 1.430E+02 +/- 7.21 % Gn^0(l=2) ave= 8.280E+00 +/- 20.53 % Gn^0(l=3) ave= 0.000E+00 +/- 0.00 % || Gtotal(l=0) ave= 2.512E+02 +/- 38.14 % Gtotal(l=1) ave= 4.711E+04 +/- 0.00 % Gtotal(l=2) ave= 3.113E+02 +/- 0.00 % Gtotal(l=3) ave= 0.000E+00 +/- 0.00 %  % || Gg(l=0) ave= 4.226E+00 +/- 4.09 % Gg(l=1) ave= 1.732E+00 +/- 13.37 % Gg(l=2) ave= 5.133E+00 +/- 11.33 % Gg(l=3) ave= 0.000E+00 +/- 0.00 %  % || D(l=0) ave= 3.728E+05 +/- 20.04 % D(l=1) ave= 4.484E+05 +/- 0.00 % D(l=2) ave= 2.989E+05 +/- 0.00 % D(l=3) ave= 0.000E+00 +/- 0.00 %  % || S(l=0) ave= 1.915E-06 +/- 28.17 % S(l=1) ave= 1.751E-04 +/- 7.18 % S(l=2) ave= 1.917E-05 +/- 20.53 % S(l=3) ave= 0.000E+00 +/- 0.00 % 
 ... random file  178 Cap(th)  ave= 2.314E-02 b. +/- 34.99 % || Ela(th) ave= 2.458E+00 b. +/- 11.68 % || RIcap ave= 1.89E-02 b. +/- 18.22 % || Macs30 ave= 4.62E-03 b. +/- 0.47 % || Gn^0(l=0) ave= 4.796E-01 +/- 14.55 % Gn^0(l=1) ave= 1.430E+02 +/- 7.19 % Gn^0(l=2) ave= 8.280E+00 +/- 20.47 % Gn^0(l=3) ave= 0.000E+00 +/- 0.00 % || Gtotal(l=0) ave= 2.506E+02 +/- 38.22 % Gtotal(l=1) ave= 4.711E+04 +/- 0.00 % Gtotal(l=2) ave= 3.113E+02 +/- 0.00 % Gtotal(l=3) ave= 0.000E+00 +/- 0.00 %  % || Gg(l=0) ave= 4.226E+00 +/- 4.08 % Gg(l=1) ave= 1.736E+00 +/- 13.73 % Gg(l=2) ave= 5.126E+00 +/- 11.43 % Gg(l=3) ave= 0.000E+00 +/- 0.00 %  % || D(l=0) ave= 3.733E+05 +/- 20.02 % D(l=1) ave= 4.484E+05 +/- 0.00 % D(l=2) ave= 2.989E+05 +/- 0.00 % D(l=3) ave= 0.000E+00 +/- 0.00 %  % || S(l=0) ave= 1.912E-06 +/- 28.21 % S(l=1) ave= 1.751E-04 +/- 7.16 % S(l=2) ave= 1.917E-05 +/- 20.47 % S(l=3) ave= 0.000E+00 +/- 0.00 % 
 ... random file  179 Cap(th)  ave= 2.324E-02 b. +/- 35.23 % || Ela(th) ave= 2.458E+00 b. +/- 11.65 % || RIcap ave= 1.89E-02 b. +/- 18.39 % || Macs30 ave= 4.62E-03 b. +/- 0.47 % || Gn^0(l=0) ave= 4.792E-01 +/- 14.56 % Gn^0(l=1) ave= 1.431E+02 +/- 7.17 % Gn^0(l=2) ave= 8.281E+00 +/- 20.42 % Gn^0(l=3) ave= 0.000E+00 +/- 0.00 % || Gtotal(l=0) ave= 2.501E+02 +/- 38.30 % Gtotal(l=1) ave= 4.711E+04 +/- 0.00 % Gtotal(l=2) ave= 3.113E+02 +/- 0.00 % Gtotal(l=3) ave= 0.000E+00 +/- 0.00 %  % || Gg(l=0) ave= 4.227E+00 +/- 4.07 % Gg(l=1) ave= 1.735E+00 +/- 13.75 % Gg(l=2) ave= 5.122E+00 +/- 11.46 % Gg(l=3) ave= 0.000E+00 +/- 0.00 %  % || D(l=0) ave= 3.737E+05 +/- 20.00 % D(l=1) ave= 4.484E+05 +/- 0.00 % D(l=2) ave= 2.989E+05 +/- 0.00 % D(l=3) ave= 0.000E+00 +/- 0.00 %  % || S(l=0) ave= 1.909E-06 +/- 28.26 % S(l=1) ave= 1.752E-04 +/- 7.15 % S(l=2) ave= 1.917E-05 +/- 20.41 % S(l=3) ave= 0.000E+00 +/- 0.00 % 
 ... random file  180 Cap(th)  ave= 2.331E-02 b. +/- 35.28 % || Ela(th) ave= 2.456E+00 b. +/- 11.67 % || RIcap ave= 1.89E-02 b. +/- 18.44 % || Macs30 ave= 4.62E-03 b. +/- 0.47 % || Gn^0(l=0) ave= 4.796E-01 +/- 14.55 % Gn^0(l=1) ave= 1.431E+02 +/- 7.18 % Gn^0(l=2) ave= 8.292E+00 +/- 20.41 % Gn^0(l=3) ave= 0.000E+00 +/- 0.00 % || Gtotal(l=0) ave= 2.506E+02 +/- 38.22 % Gtotal(l=1) ave= 4.711E+04 +/- 0.00 % Gtotal(l=2) ave= 3.113E+02 +/- 0.00 % Gtotal(l=3) ave= 0.000E+00 +/- 0.00 %  % || Gg(l=0) ave= 4.227E+00 +/- 4.06 % Gg(l=1) ave= 1.735E+00 +/- 13.71 % Gg(l=2) ave= 5.123E+00 +/- 11.43 % Gg(l=3) ave= 0.000E+00 +/- 0.00 %  % || D(l=0) ave= 3.733E+05 +/- 20.02 % D(l=1) ave= 4.484E+05 +/- 0.00 % D(l=2) ave= 2.989E+05 +/- 0.00 % D(l=3) ave= 0.000E+00 +/- 0.00 %  % || S(l=0) ave= 1.912E-06 +/- 28.21 % S(l=1) ave= 1.752E-04 +/- 7.15 % S(l=2) ave= 1.920E-05 +/- 20.41 % S(l=3) ave= 0.000E+00 +/- 0.00 % 
 ... random file  181 Cap(th)  ave= 2.325E-02 b. +/- 35.45 % || Ela(th) ave= 2.458E+00 b. +/- 11.71 % || RIcap ave= 1.89E-02 b. +/- 18.51 % || Macs30 ave= 4.62E-03 b. +/- 0.47 % || Gn^0(l=0) ave= 4.792E-01 +/- 14.56 % Gn^0(l=1) ave= 1.430E+02 +/- 7.21 % Gn^0(l=2) ave= 8.280E+00 +/- 20.49 % Gn^0(l=3) ave= 0.000E+00 +/- 0.00 % || Gtotal(l=0) ave= 2.501E+02 +/- 38.30 % Gtotal(l=1) ave= 4.711E+04 +/- 0.00 % Gtotal(l=2) ave= 3.113E+02 +/- 0.00 % Gtotal(l=3) ave= 0.000E+00 +/- 0.00 %  % || Gg(l=0) ave= 4.228E+00 +/- 4.06 % Gg(l=1) ave= 1.734E+00 +/- 13.69 % Gg(l=2) ave= 5.123E+00 +/- 11.40 % Gg(l=3) ave= 0.000E+00 +/- 0.00 %  % || D(l=0) ave= 3.737E+05 +/- 20.00 % D(l=1) ave= 4.484E+05 +/- 0.00 % D(l=2) ave= 2.989E+05 +/- 0.00 % D(l=3) ave= 0.000E+00 +/- 0.00 %  % || S(l=0) ave= 1.909E-06 +/- 28.26 % S(l=1) ave= 1.751E-04 +/- 7.18 % S(l=2) ave= 1.917E-05 +/- 20.48 % S(l=3) ave= 0.000E+00 +/- 0.00 % 
 ... random file  182 Cap(th)  ave= 2.322E-02 b. +/- 35.45 % || Ela(th) ave= 2.461E+00 b. +/- 11.74 % || RIcap ave= 1.89E-02 b. +/- 18.49 % || Macs30 ave= 4.62E-03 b. +/- 0.47 % || Gn^0(l=0) ave= 4.796E-01 +/- 14.55 % Gn^0(l=1) ave= 1.430E+02 +/- 7.23 % Gn^0(l=2) ave= 8.268E+00 +/- 20.56 % Gn^0(l=3) ave= 0.000E+00 +/- 0.00 % || Gtotal(l=0) ave= 2.506E+02 +/- 38.22 % Gtotal(l=1) ave= 4.711E+04 +/- 0.00 % Gtotal(l=2) ave= 3.113E+02 +/- 0.00 % Gtotal(l=3) ave= 0.000E+00 +/- 0.00 %  % || Gg(l=0) ave= 4.227E+00 +/- 4.05 % Gg(l=1) ave= 1.736E+00 +/- 13.67 % Gg(l=2) ave= 5.121E+00 +/- 11.38 % Gg(l=3) ave= 0.000E+00 +/- 0.00 %  % || D(l=0) ave= 3.733E+05 +/- 20.02 % D(l=1) ave= 4.484E+05 +/- 0.00 % D(l=2) ave= 2.989E+05 +/- 0.00 % D(l=3) ave= 0.000E+00 +/- 0.00 %  % || S(l=0) ave= 1.912E-06 +/- 28.22 % S(l=1) ave= 1.750E-04 +/- 7.20 % S(l=2) ave= 1.914E-05 +/- 20.55 % S(l=3) ave= 0.000E+00 +/- 0.00 % 
 ... random file  183 Cap(th)  ave= 2.326E-02 b. +/- 35.36 % || Ela(th) ave= 2.460E+00 b. +/- 11.73 % || RIcap ave= 1.89E-02 b. +/- 18.47 % || Macs30 ave= 4.62E-03 b. +/- 0.47 % || Gn^0(l=0) ave= 4.792E-01 +/- 14.57 % Gn^0(l=1) ave= 1.430E+02 +/- 7.22 % Gn^0(l=2) ave= 8.273E+00 +/- 20.51 % Gn^0(l=3) ave= 0.000E+00 +/- 0.00 % || Gtotal(l=0) ave= 2.501E+02 +/- 38.30 % Gtotal(l=1) ave= 4.711E+04 +/- 0.00 % Gtotal(l=2) ave= 3.113E+02 +/- 0.00 % Gtotal(l=3) ave= 0.000E+00 +/- 0.00 %  % || Gg(l=0) ave= 4.228E+00 +/- 4.04 % Gg(l=1) ave= 1.735E+00 +/- 13.64 % Gg(l=2) ave= 5.124E+00 +/- 11.37 % Gg(l=3) ave= 0.000E+00 +/- 0.00 %  % || D(l=0) ave= 3.737E+05 +/- 20.00 % D(l=1) ave= 4.484E+05 +/- 0.00 % D(l=2) ave= 2.989E+05 +/- 0.00 % D(l=3) ave= 0.000E+00 +/- 0.00 %  % || S(l=0) ave= 1.909E-06 +/- 28.26 % S(l=1) ave= 1.751E-04 +/- 7.19 % S(l=2) ave= 1.915E-05 +/- 20.50 % S(l=3) ave= 0.000E+00 +/- 0.00 % 
 ... random file  184 Cap(th)  ave= 2.331E-02 b. +/- 35.30 % || Ela(th) ave= 2.461E+00 b. +/- 11.71 % || RIcap ave= 1.89E-02 b. +/- 18.45 % || Macs30 ave= 4.62E-03 b. +/- 0.47 % || Gn^0(l=0) ave= 4.796E-01 +/- 14.55 % Gn^0(l=1) ave= 1.430E+02 +/- 7.22 % Gn^0(l=2) ave= 8.266E+00 +/- 20.51 % Gn^0(l=3) ave= 0.000E+00 +/- 0.00 % || Gtotal(l=0) ave= 2.506E+02 +/- 38.22 % Gtotal(l=1) ave= 4.711E+04 +/- 0.00 % Gtotal(l=2) ave= 3.113E+02 +/- 0.00 % Gtotal(l=3) ave= 0.000E+00 +/- 0.00 %  % || Gg(l=0) ave= 4.227E+00 +/- 4.03 % Gg(l=1) ave= 1.735E+00 +/- 13.61 % Gg(l=2) ave= 5.127E+00 +/- 11.35 % Gg(l=3) ave= 0.000E+00 +/- 0.00 %  % || D(l=0) ave= 3.733E+05 +/- 20.02 % D(l=1) ave= 4.484E+05 +/- 0.00 % D(l=2) ave= 2.989E+05 +/- 0.00 % D(l=3) ave= 0.000E+00 +/- 0.00 %  % || S(l=0) ave= 1.912E-06 +/- 28.22 % S(l=1) ave= 1.750E-04 +/- 7.19 % S(l=2) ave= 1.914E-05 +/- 20.50 % S(l=3) ave= 0.000E+00 +/- 0.00 % 
 ... random file  185 Cap(th)  ave= 2.334E-02 b. +/- 35.20 % || Ela(th) ave= 2.463E+00 b. +/- 11.73 % || RIcap ave= 1.89E-02 b. +/- 18.41 % || Macs30 ave= 4.62E-03 b. +/- 0.47 % || Gn^0(l=0) ave= 4.792E-01 +/- 14.56 % Gn^0(l=1) ave= 1.429E+02 +/- 7.24 % Gn^0(l=2) ave= 8.254E+00 +/- 20.57 % Gn^0(l=3) ave= 0.000E+00 +/- 0.00 % || Gtotal(l=0) ave= 2.501E+02 +/- 38.30 % Gtotal(l=1) ave= 4.711E+04 +/- 0.00 % Gtotal(l=2) ave= 3.113E+02 +/- 0.00 % Gtotal(l=3) ave= 0.000E+00 +/- 0.00 %  % || Gg(l=0) ave= 4.228E+00 +/- 4.02 % Gg(l=1) ave= 1.735E+00 +/- 13.58 % Gg(l=2) ave= 5.131E+00 +/- 11.37 % Gg(l=3) ave= 0.000E+00 +/- 0.00 %  % || D(l=0) ave= 3.737E+05 +/- 20.00 % D(l=1) ave= 4.484E+05 +/- 0.00 % D(l=2) ave= 2.989E+05 +/- 0.00 % D(l=3) ave= 0.000E+00 +/- 0.00 %  % || S(l=0) ave= 1.909E-06 +/- 28.26 % S(l=1) ave= 1.749E-04 +/- 7.21 % S(l=2) ave= 1.911E-05 +/- 20.57 % S(l=3) ave= 0.000E+00 +/- 0.00 % 
 ... random file  186 Cap(th)  ave= 2.332E-02 b. +/- 35.13 % || Ela(th) ave= 2.461E+00 b. +/- 11.76 % || RIcap ave= 1.89E-02 b. +/- 18.37 % || Macs30 ave= 4.62E-03 b. +/- 0.47 % || Gn^0(l=0) ave= 4.788E-01 +/- 14.57 % Gn^0(l=1) ave= 1.430E+02 +/- 7.25 % Gn^0(l=2) ave= 8.267E+00 +/- 20.59 % Gn^0(l=3) ave= 0.000E+00 +/- 0.00 % || Gtotal(l=0) ave= 2.496E+02 +/- 38.38 % Gtotal(l=1) ave= 4.711E+04 +/- 0.00 % Gtotal(l=2) ave= 3.113E+02 +/- 0.00 % Gtotal(l=3) ave= 0.000E+00 +/- 0.00 %  % || Gg(l=0) ave= 4.228E+00 +/- 4.01 % Gg(l=1) ave= 1.733E+00 +/- 13.60 % Gg(l=2) ave= 5.134E+00 +/- 11.36 % Gg(l=3) ave= 0.000E+00 +/- 0.00 %  % || D(l=0) ave= 3.741E+05 +/- 19.98 % D(l=1) ave= 4.484E+05 +/- 0.00 % D(l=2) ave= 2.989E+05 +/- 0.00 % D(l=3) ave= 0.000E+00 +/- 0.00 %  % || S(l=0) ave= 1.906E-06 +/- 28.30 % S(l=1) ave= 1.750E-04 +/- 7.22 % S(l=2) ave= 1.914E-05 +/- 20.59 % S(l=3) ave= 0.000E+00 +/- 0.00 % 
 ... random file  187 Cap(th)  ave= 2.336E-02 b. +/- 35.05 % || Ela(th) ave= 2.459E+00 b. +/- 11.78 % || RIcap ave= 1.89E-02 b. +/- 18.34 % || Macs30 ave= 4.62E-03 b. +/- 0.47 % || Gn^0(l=0) ave= 4.792E-01 +/- 14.56 % Gn^0(l=1) ave= 1.430E+02 +/- 7.25 % Gn^0(l=2) ave= 8.277E+00 +/- 20.58 % Gn^0(l=3) ave= 0.000E+00 +/- 0.00 % || Gtotal(l=0) ave= 2.501E+02 +/- 38.30 % Gtotal(l=1) ave= 4.711E+04 +/- 0.00 % Gtotal(l=2) ave= 3.113E+02 +/- 0.00 % Gtotal(l=3) ave= 0.000E+00 +/- 0.00 %  % || Gg(l=0) ave= 4.228E+00 +/- 4.00 % Gg(l=1) ave= 1.733E+00 +/- 13.58 % Gg(l=2) ave= 5.134E+00 +/- 11.33 % Gg(l=3) ave= 0.000E+00 +/- 0.00 %  % || D(l=0) ave= 3.737E+05 +/- 20.00 % D(l=1) ave= 4.484E+05 +/- 0.00 % D(l=2) ave= 2.989E+05 +/- 0.00 % D(l=3) ave= 0.000E+00 +/- 0.00 %  % || S(l=0) ave= 1.909E-06 +/- 28.26 % S(l=1) ave= 1.751E-04 +/- 7.22 % S(l=2) ave= 1.916E-05 +/- 20.58 % S(l=3) ave= 0.000E+00 +/- 0.00 % 
 ... random file  188 Cap(th)  ave= 2.337E-02 b. +/- 34.94 % || Ela(th) ave= 2.460E+00 b. +/- 11.76 % || RIcap ave= 1.89E-02 b. +/- 18.29 % || Macs30 ave= 4.62E-03 b. +/- 0.48 % || Gn^0(l=0) ave= 4.789E-01 +/- 14.57 % Gn^0(l=1) ave= 1.430E+02 +/- 7.25 % Gn^0(l=2) ave= 8.270E+00 +/- 20.58 % Gn^0(l=3) ave= 0.000E+00 +/- 0.00 % || Gtotal(l=0) ave= 2.496E+02 +/- 38.38 % Gtotal(l=1) ave= 4.711E+04 +/- 0.00 % Gtotal(l=2) ave= 3.113E+02 +/- 0.00 % Gtotal(l=3) ave= 0.000E+00 +/- 0.00 %  % || Gg(l=0) ave= 4.228E+00 +/- 3.99 % Gg(l=1) ave= 1.733E+00 +/- 13.55 % Gg(l=2) ave= 5.131E+00 +/- 11.34 % Gg(l=3) ave= 0.000E+00 +/- 0.00 %  % || D(l=0) ave= 3.741E+05 +/- 19.98 % D(l=1) ave= 4.484E+05 +/- 0.00 % D(l=2) ave= 2.989E+05 +/- 0.00 % D(l=3) ave= 0.000E+00 +/- 0.00 %  % || S(l=0) ave= 1.906E-06 +/- 28.30 % S(l=1) ave= 1.751E-04 +/- 7.22 % S(l=2) ave= 1.915E-05 +/- 20.57 % S(l=3) ave= 0.000E+00 +/- 0.00 % 
 ... random file  189 Cap(th)  ave= 2.330E-02 b. +/- 35.18 % || Ela(th) ave= 2.459E+00 b. +/- 11.77 % || RIcap ave= 1.89E-02 b. +/- 18.39 % || Macs30 ave= 4.62E-03 b. +/- 0.48 % || Gn^0(l=0) ave= 4.792E-01 +/- 14.56 % Gn^0(l=1) ave= 1.430E+02 +/- 7.25 % Gn^0(l=2) ave= 8.281E+00 +/- 20.57 % Gn^0(l=3) ave= 0.000E+00 +/- 0.00 % || Gtotal(l=0) ave= 2.501E+02 +/- 38.30 % Gtotal(l=1) ave= 4.711E+04 +/- 0.00 % Gtotal(l=2) ave= 3.113E+02 +/- 0.00 % Gtotal(l=3) ave= 0.000E+00 +/- 0.00 %  % || Gg(l=0) ave= 4.228E+00 +/- 3.99 % Gg(l=1) ave= 1.732E+00 +/- 13.53 % Gg(l=2) ave= 5.131E+00 +/- 11.31 % Gg(l=3) ave= 0.000E+00 +/- 0.00 %  % || D(l=0) ave= 3.737E+05 +/- 20.00 % D(l=1) ave= 4.484E+05 +/- 0.00 % D(l=2) ave= 2.989E+05 +/- 0.00 % D(l=3) ave= 0.000E+00 +/- 0.00 %  % || S(l=0) ave= 1.909E-06 +/- 28.26 % S(l=1) ave= 1.751E-04 +/- 7.22 % S(l=2) ave= 1.917E-05 +/- 20.56 % S(l=3) ave= 0.000E+00 +/- 0.00 % 
 ... random file  190 Cap(th)  ave= 2.328E-02 b. +/- 35.14 % || Ela(th) ave= 2.460E+00 b. +/- 11.75 % || RIcap ave= 1.89E-02 b. +/- 18.36 % || Macs30 ave= 4.62E-03 b. +/- 0.47 % || Gn^0(l=0) ave= 4.789E-01 +/- 14.57 % Gn^0(l=1) ave= 1.430E+02 +/- 7.25 % Gn^0(l=2) ave= 8.274E+00 +/- 20.56 % Gn^0(l=3) ave= 0.000E+00 +/- 0.00 % || Gtotal(l=0) ave= 2.496E+02 +/- 38.38 % Gtotal(l=1) ave= 4.711E+04 +/- 0.00 % Gtotal(l=2) ave= 3.113E+02 +/- 0.00 % Gtotal(l=3) ave= 0.000E+00 +/- 0.00 %  % || Gg(l=0) ave= 4.228E+00 +/- 3.98 % Gg(l=1) ave= 1.732E+00 +/- 13.49 % Gg(l=2) ave= 5.132E+00 +/- 11.28 % Gg(l=3) ave= 0.000E+00 +/- 0.00 %  % || D(l=0) ave= 3.741E+05 +/- 19.98 % D(l=1) ave= 4.484E+05 +/- 0.00 % D(l=2) ave= 2.989E+05 +/- 0.00 % D(l=3) ave= 0.000E+00 +/- 0.00 %  % || S(l=0) ave= 1.906E-06 +/- 28.30 % S(l=1) ave= 1.751E-04 +/- 7.22 % S(l=2) ave= 1.915E-05 +/- 20.56 % S(l=3) ave= 0.000E+00 +/- 0.00 % 
 ... random file  191 Cap(th)  ave= 2.335E-02 b. +/- 35.21 % || Ela(th) ave= 2.458E+00 b. +/- 11.77 % || RIcap ave= 1.89E-02 b. +/- 18.42 % || Macs30 ave= 4.62E-03 b. +/- 0.47 % || Gn^0(l=0) ave= 4.785E-01 +/- 14.58 % Gn^0(l=1) ave= 1.431E+02 +/- 7.26 % Gn^0(l=2) ave= 8.284E+00 +/- 20.55 % Gn^0(l=3) ave= 0.000E+00 +/- 0.00 % || Gtotal(l=0) ave= 2.491E+02 +/- 38.46 % Gtotal(l=1) ave= 4.711E+04 +/- 0.00 % Gtotal(l=2) ave= 3.113E+02 +/- 0.00 % Gtotal(l=3) ave= 0.000E+00 +/- 0.00 %  % || Gg(l=0) ave= 4.228E+00 +/- 3.97 % Gg(l=1) ave= 1.732E+00 +/- 13.47 % Gg(l=2) ave= 5.131E+00 +/- 11.25 % Gg(l=3) ave= 0.000E+00 +/- 0.00 %  % || D(l=0) ave= 3.745E+05 +/- 19.96 % D(l=1) ave= 4.484E+05 +/- 0.00 % D(l=2) ave= 2.989E+05 +/- 0.00 % D(l=3) ave= 0.000E+00 +/- 0.00 %  % || S(l=0) ave= 1.904E-06 +/- 28.34 % S(l=1) ave= 1.752E-04 +/- 7.22 % S(l=2) ave= 1.918E-05 +/- 20.55 % S(l=3) ave= 0.000E+00 +/- 0.00 % 
 ... random file  192 Cap(th)  ave= 2.335E-02 b. +/- 35.12 % || Ela(th) ave= 2.456E+00 b. +/- 11.80 % || RIcap ave= 1.89E-02 b. +/- 18.38 % || Macs30 ave= 4.62E-03 b. +/- 0.47 % || Gn^0(l=0) ave= 4.781E-01 +/- 14.60 % Gn^0(l=1) ave= 1.431E+02 +/- 7.27 % Gn^0(l=2) ave= 8.297E+00 +/- 20.58 % Gn^0(l=3) ave= 0.000E+00 +/- 0.00 % || Gtotal(l=0) ave= 2.486E+02 +/- 38.53 % Gtotal(l=1) ave= 4.711E+04 +/- 0.00 % Gtotal(l=2) ave= 3.113E+02 +/- 0.00 % Gtotal(l=3) ave= 0.000E+00 +/- 0.00 %  % || Gg(l=0) ave= 4.229E+00 +/- 3.96 % Gg(l=1) ave= 1.731E+00 +/- 13.44 % Gg(l=2) ave= 5.134E+00 +/- 11.23 % Gg(l=3) ave= 0.000E+00 +/- 0.00 %  % || D(l=0) ave= 3.748E+05 +/- 19.94 % D(l=1) ave= 4.484E+05 +/- 0.00 % D(l=2) ave= 2.989E+05 +/- 0.00 % D(l=3) ave= 0.000E+00 +/- 0.00 %  % || S(l=0) ave= 1.901E-06 +/- 28.38 % S(l=1) ave= 1.753E-04 +/- 7.24 % S(l=2) ave= 1.921E-05 +/- 20.57 % S(l=3) ave= 0.000E+00 +/- 0.00 % 
 ... random file  193 Cap(th)  ave= 2.332E-02 b. +/- 35.15 % || Ela(th) ave= 2.456E+00 b. +/- 11.78 % || RIcap ave= 1.89E-02 b. +/- 18.38 % || Macs30 ave= 4.62E-03 b. +/- 0.47 % || Gn^0(l=0) ave= 4.785E-01 +/- 14.58 % Gn^0(l=1) ave= 1.432E+02 +/- 7.26 % Gn^0(l=2) ave= 8.299E+00 +/- 20.52 % Gn^0(l=3) ave= 0.000E+00 +/- 0.00 % || Gtotal(l=0) ave= 2.491E+02 +/- 38.45 % Gtotal(l=1) ave= 4.711E+04 +/- 0.00 % Gtotal(l=2) ave= 3.113E+02 +/- 0.00 % Gtotal(l=3) ave= 0.000E+00 +/- 0.00 %  % || Gg(l=0) ave= 4.229E+00 +/- 3.95 % Gg(l=1) ave= 1.730E+00 +/- 13.51 % Gg(l=2) ave= 5.135E+00 +/- 11.21 % Gg(l=3) ave= 0.000E+00 +/- 0.00 %  % || D(l=0) ave= 3.744E+05 +/- 19.96 % D(l=1) ave= 4.484E+05 +/- 0.00 % D(l=2) ave= 2.989E+05 +/- 0.00 % D(l=3) ave= 0.000E+00 +/- 0.00 %  % || S(l=0) ave= 1.904E-06 +/- 28.34 % S(l=1) ave= 1.753E-04 +/- 7.23 % S(l=2) ave= 1.921E-05 +/- 20.52 % S(l=3) ave= 0.000E+00 +/- 0.00 % 
 ... random file  194 Cap(th)  ave= 2.340E-02 b. +/- 35.27 % || Ela(th) ave= 2.457E+00 b. +/- 11.77 % || RIcap ave= 1.90E-02 b. +/- 18.48 % || Macs30 ave= 4.62E-03 b. +/- 0.47 % || Gn^0(l=0) ave= 4.788E-01 +/- 14.57 % Gn^0(l=1) ave= 1.431E+02 +/- 7.26 % Gn^0(l=2) ave= 8.290E+00 +/- 20.54 % Gn^0(l=3) ave= 0.000E+00 +/- 0.00 % || Gtotal(l=0) ave= 2.496E+02 +/- 38.38 % Gtotal(l=1) ave= 4.711E+04 +/- 0.00 % Gtotal(l=2) ave= 3.113E+02 +/- 0.00 % Gtotal(l=3) ave= 0.000E+00 +/- 0.00 %  % || Gg(l=0) ave= 4.229E+00 +/- 3.94 % Gg(l=1) ave= 1.730E+00 +/- 13.48 % Gg(l=2) ave= 5.137E+00 +/- 11.18 % Gg(l=3) ave= 0.000E+00 +/- 0.00 %  % || D(l=0) ave= 3.741E+05 +/- 19.98 % D(l=1) ave= 4.484E+05 +/- 0.00 % D(l=2) ave= 2.989E+05 +/- 0.00 % D(l=3) ave= 0.000E+00 +/- 0.00 %  % || S(l=0) ave= 1.906E-06 +/- 28.30 % S(l=1) ave= 1.752E-04 +/- 7.23 % S(l=2) ave= 1.919E-05 +/- 20.54 % S(l=3) ave= 0.000E+00 +/- 0.00 % 
 ... random file  195 Cap(th)  ave= 2.336E-02 b. +/- 35.32 % || Ela(th) ave= 2.455E+00 b. +/- 11.80 % || RIcap ave= 1.89E-02 b. +/- 18.49 % || Macs30 ave= 4.62E-03 b. +/- 0.47 % || Gn^0(l=0) ave= 4.792E-01 +/- 14.56 % Gn^0(l=1) ave= 1.432E+02 +/- 7.27 % Gn^0(l=2) ave= 8.303E+00 +/- 20.57 % Gn^0(l=3) ave= 0.000E+00 +/- 0.00 % || Gtotal(l=0) ave= 2.501E+02 +/- 38.30 % Gtotal(l=1) ave= 4.711E+04 +/- 0.00 % Gtotal(l=2) ave= 3.113E+02 +/- 0.00 % Gtotal(l=3) ave= 0.000E+00 +/- 0.00 %  % || Gg(l=0) ave= 4.229E+00 +/- 3.93 % Gg(l=1) ave= 1.729E+00 +/- 13.49 % Gg(l=2) ave= 5.131E+00 +/- 11.27 % Gg(l=3) ave= 0.000E+00 +/- 0.00 %  % || D(l=0) ave= 3.737E+05 +/- 20.00 % D(l=1) ave= 4.484E+05 +/- 0.00 % D(l=2) ave= 2.989E+05 +/- 0.00 % D(l=3) ave= 0.000E+00 +/- 0.00 %  % || S(l=0) ave= 1.909E-06 +/- 28.26 % S(l=1) ave= 1.753E-04 +/- 7.24 % S(l=2) ave= 1.922E-05 +/- 20.56 % S(l=3) ave= 0.000E+00 +/- 0.00 % 
 ... random file  196 Cap(th)  ave= 2.336E-02 b. +/- 35.22 % || Ela(th) ave= 2.454E+00 b. +/- 11.78 % || RIcap ave= 1.89E-02 b. +/- 18.44 % || Macs30 ave= 4.62E-03 b. +/- 0.47 % || Gn^0(l=0) ave= 4.796E-01 +/- 14.55 % Gn^0(l=1) ave= 1.432E+02 +/- 7.26 % Gn^0(l=2) ave= 8.306E+00 +/- 20.51 % Gn^0(l=3) ave= 0.000E+00 +/- 0.00 % || Gtotal(l=0) ave= 2.506E+02 +/- 38.23 % Gtotal(l=1) ave= 4.711E+04 +/- 0.00 % Gtotal(l=2) ave= 3.113E+02 +/- 0.00 % Gtotal(l=3) ave= 0.000E+00 +/- 0.00 %  % || Gg(l=0) ave= 4.228E+00 +/- 3.92 % Gg(l=1) ave= 1.728E+00 +/- 13.49 % Gg(l=2) ave= 5.131E+00 +/- 11.25 % Gg(l=3) ave= 0.000E+00 +/- 0.00 %  % || D(l=0) ave= 3.733E+05 +/- 20.02 % D(l=1) ave= 4.484E+05 +/- 0.00 % D(l=2) ave= 2.989E+05 +/- 0.00 % D(l=3) ave= 0.000E+00 +/- 0.00 %  % || S(l=0) ave= 1.912E-06 +/- 28.22 % S(l=1) ave= 1.754E-04 +/- 7.23 % S(l=2) ave= 1.923E-05 +/- 20.51 % S(l=3) ave= 0.000E+00 +/- 0.00 % 
 ... random file  197 Cap(th)  ave= 2.335E-02 b. +/- 35.17 % || Ela(th) ave= 2.455E+00 b. +/- 11.76 % || RIcap ave= 1.89E-02 b. +/- 18.41 % || Macs30 ave= 4.62E-03 b. +/- 0.47 % || Gn^0(l=0) ave= 4.792E-01 +/- 14.56 % Gn^0(l=1) ave= 1.432E+02 +/- 7.25 % Gn^0(l=2) ave= 8.300E+00 +/- 20.50 % Gn^0(l=3) ave= 0.000E+00 +/- 0.00 % || Gtotal(l=0) ave= 2.501E+02 +/- 38.30 % Gtotal(l=1) ave= 4.711E+04 +/- 0.00 % Gtotal(l=2) ave= 3.113E+02 +/- 0.00 % Gtotal(l=3) ave= 0.000E+00 +/- 0.00 %  % || Gg(l=0) ave= 4.229E+00 +/- 3.91 % Gg(l=1) ave= 1.730E+00 +/- 13.54 % Gg(l=2) ave= 5.129E+00 +/- 11.23 % Gg(l=3) ave= 0.000E+00 +/- 0.00 %  % || D(l=0) ave= 3.737E+05 +/- 20.00 % D(l=1) ave= 4.484E+05 +/- 0.00 % D(l=2) ave= 2.989E+05 +/- 0.00 % D(l=3) ave= 0.000E+00 +/- 0.00 %  % || S(l=0) ave= 1.909E-06 +/- 28.26 % S(l=1) ave= 1.753E-04 +/- 7.22 % S(l=2) ave= 1.922E-05 +/- 20.50 % S(l=3) ave= 0.000E+00 +/- 0.00 % 
 ... random file  198 Cap(th)  ave= 2.330E-02 b. +/- 35.26 % || Ela(th) ave= 2.457E+00 b. +/- 11.76 % || RIcap ave= 1.89E-02 b. +/- 18.44 % || Macs30 ave= 4.62E-03 b. +/- 0.47 % || Gn^0(l=0) ave= 4.796E-01 +/- 14.55 % Gn^0(l=1) ave= 1.431E+02 +/- 7.25 % Gn^0(l=2) ave= 8.291E+00 +/- 20.53 % Gn^0(l=3) ave= 0.000E+00 +/- 0.00 % || Gtotal(l=0) ave= 2.506E+02 +/- 38.23 % Gtotal(l=1) ave= 4.711E+04 +/- 0.00 % Gtotal(l=2) ave= 3.113E+02 +/- 0.00 % Gtotal(l=3) ave= 0.000E+00 +/- 0.00 %  % || Gg(l=0) ave= 4.229E+00 +/- 3.91 % Gg(l=1) ave= 1.730E+00 +/- 13.50 % Gg(l=2) ave= 5.124E+00 +/- 11.29 % Gg(l=3) ave= 0.000E+00 +/- 0.00 %  % || D(l=0) ave= 3.733E+05 +/- 20.02 % D(l=1) ave= 4.484E+05 +/- 0.00 % D(l=2) ave= 2.989E+05 +/- 0.00 % D(l=3) ave= 0.000E+00 +/- 0.00 %  % || S(l=0) ave= 1.912E-06 +/- 28.22 % S(l=1) ave= 1.752E-04 +/- 7.22 % S(l=2) ave= 1.919E-05 +/- 20.52 % S(l=3) ave= 0.000E+00 +/- 0.00 % 
 ... random file  199 Cap(th)  ave= 2.330E-02 b. +/- 35.18 % || Ela(th) ave= 2.457E+00 b. +/- 11.73 % || RIcap ave= 1.89E-02 b. +/- 18.40 % || Macs30 ave= 4.62E-03 b. +/- 0.47 % || Gn^0(l=0) ave= 4.799E-01 +/- 14.54 % Gn^0(l=1) ave= 1.431E+02 +/- 7.24 % Gn^0(l=2) ave= 8.287E+00 +/- 20.50 % Gn^0(l=3) ave= 0.000E+00 +/- 0.00 % || Gtotal(l=0) ave= 2.511E+02 +/- 38.16 % Gtotal(l=1) ave= 4.711E+04 +/- 0.00 % Gtotal(l=2) ave= 3.113E+02 +/- 0.00 % Gtotal(l=3) ave= 0.000E+00 +/- 0.00 %  % || Gg(l=0) ave= 4.229E+00 +/- 3.90 % Gg(l=1) ave= 1.730E+00 +/- 13.47 % Gg(l=2) ave= 5.125E+00 +/- 11.26 % Gg(l=3) ave= 0.000E+00 +/- 0.00 %  % || D(l=0) ave= 3.729E+05 +/- 20.04 % D(l=1) ave= 4.484E+05 +/- 0.00 % D(l=2) ave= 2.989E+05 +/- 0.00 % D(l=3) ave= 0.000E+00 +/- 0.00 %  % || S(l=0) ave= 1.914E-06 +/- 28.17 % S(l=1) ave= 1.752E-04 +/- 7.21 % S(l=2) ave= 1.919E-05 +/- 20.49 % S(l=3) ave= 0.000E+00 +/- 0.00 % 
 ... random file  200 Cap(th)  ave= 2.325E-02 b. +/- 35.29 % || Ela(th) ave= 2.458E+00 b. +/- 11.70 % || RIcap ave= 1.89E-02 b. +/- 18.44 % || Macs30 ave= 4.62E-03 b. +/- 0.47 % || Gn^0(l=0) ave= 4.803E-01 +/- 14.53 % Gn^0(l=1) ave= 1.431E+02 +/- 7.23 % Gn^0(l=2) ave= 8.282E+00 +/- 20.48 % Gn^0(l=3) ave= 0.000E+00 +/- 0.00 % || Gtotal(l=0) ave= 2.515E+02 +/- 38.08 % Gtotal(l=1) ave= 4.711E+04 +/- 0.00 % Gtotal(l=2) ave= 3.113E+02 +/- 0.00 % Gtotal(l=3) ave= 0.000E+00 +/- 0.00 %  % || Gg(l=0) ave= 4.231E+00 +/- 3.93 % Gg(l=1) ave= 1.730E+00 +/- 13.44 % Gg(l=2) ave= 5.125E+00 +/- 11.23 % Gg(l=3) ave= 0.000E+00 +/- 0.00 %  % || D(l=0) ave= 3.726E+05 +/- 20.06 % D(l=1) ave= 4.484E+05 +/- 0.00 % D(l=2) ave= 2.989E+05 +/- 0.00 % D(l=3) ave= 0.000E+00 +/- 0.00 %  % || S(l=0) ave= 1.917E-06 +/- 28.13 % S(l=1) ave= 1.752E-04 +/- 7.20 % S(l=2) ave= 1.917E-05 +/- 20.47 % S(l=3) ave= 0.000E+00 +/- 0.00 % 
 ... random file  201 Cap(th)  ave= 2.330E-02 b. +/- 35.25 % || Ela(th) ave= 2.459E+00 b. +/- 11.69 % || RIcap ave= 1.89E-02 b. +/- 18.44 % || Macs30 ave= 4.62E-03 b. +/- 0.47 % || Gn^0(l=0) ave= 4.806E-01 +/- 14.51 % Gn^0(l=1) ave= 1.430E+02 +/- 7.23 % Gn^0(l=2) ave= 8.275E+00 +/- 20.48 % Gn^0(l=3) ave= 0.000E+00 +/- 0.00 % || Gtotal(l=0) ave= 2.520E+02 +/- 38.01 % Gtotal(l=1) ave= 4.711E+04 +/- 0.00 % Gtotal(l=2) ave= 3.113E+02 +/- 0.00 % Gtotal(l=3) ave= 0.000E+00 +/- 0.00 %  % || Gg(l=0) ave= 4.232E+00 +/- 3.95 % Gg(l=1) ave= 1.729E+00 +/- 13.42 % Gg(l=2) ave= 5.124E+00 +/- 11.21 % Gg(l=3) ave= 0.000E+00 +/- 0.00 %  % || D(l=0) ave= 3.722E+05 +/- 20.08 % D(l=1) ave= 4.484E+05 +/- 0.00 % D(l=2) ave= 2.989E+05 +/- 0.00 % D(l=3) ave= 0.000E+00 +/- 0.00 %  % || S(l=0) ave= 1.920E-06 +/- 28.09 % S(l=1) ave= 1.751E-04 +/- 7.20 % S(l=2) ave= 1.916E-05 +/- 20.48 % S(l=3) ave= 0.000E+00 +/- 0.00 % 
 ... random file  202 Cap(th)  ave= 2.326E-02 b. +/- 35.31 % || Ela(th) ave= 2.461E+00 b. +/- 11.69 % || RIcap ave= 1.89E-02 b. +/- 18.45 % || Macs30 ave= 4.62E-03 b. +/- 0.47 % || Gn^0(l=0) ave= 4.809E-01 +/- 14.50 % Gn^0(l=1) ave= 1.430E+02 +/- 7.24 % Gn^0(l=2) ave= 8.265E+00 +/- 20.52 % Gn^0(l=3) ave= 0.000E+00 +/- 0.00 % || Gtotal(l=0) ave= 2.525E+02 +/- 37.93 % Gtotal(l=1) ave= 4.711E+04 +/- 0.00 % Gtotal(l=2) ave= 3.113E+02 +/- 0.00 % Gtotal(l=3) ave= 0.000E+00 +/- 0.00 %  % || Gg(l=0) ave= 4.231E+00 +/- 3.95 % Gg(l=1) ave= 1.728E+00 +/- 13.41 % Gg(l=2) ave= 5.125E+00 +/- 11.18 % Gg(l=3) ave= 0.000E+00 +/- 0.00 %  % || D(l=0) ave= 3.718E+05 +/- 20.09 % D(l=1) ave= 4.484E+05 +/- 0.00 % D(l=2) ave= 2.989E+05 +/- 0.00 % D(l=3) ave= 0.000E+00 +/- 0.00 %  % || S(l=0) ave= 1.922E-06 +/- 28.05 % S(l=1) ave= 1.751E-04 +/- 7.21 % S(l=2) ave= 1.914E-05 +/- 20.51 % S(l=3) ave= 0.000E+00 +/- 0.00 % 
 ... random file  203 Cap(th)  ave= 2.322E-02 b. +/- 35.34 % || Ela(th) ave= 2.460E+00 b. +/- 11.70 % || RIcap ave= 1.89E-02 b. +/- 18.45 % || Macs30 ave= 4.62E-03 b. +/- 0.47 % || Gn^0(l=0) ave= 4.806E-01 +/- 14.52 % Gn^0(l=1) ave= 1.430E+02 +/- 7.23 % Gn^0(l=2) ave= 8.273E+00 +/- 20.49 % Gn^0(l=3) ave= 0.000E+00 +/- 0.00 % || Gtotal(l=0) ave= 2.520E+02 +/- 38.01 % Gtotal(l=1) ave= 4.711E+04 +/- 0.00 % Gtotal(l=2) ave= 3.113E+02 +/- 0.00 % Gtotal(l=3) ave= 0.000E+00 +/- 0.00 %  % || Gg(l=0) ave= 4.231E+00 +/- 3.94 % Gg(l=1) ave= 1.728E+00 +/- 13.38 % Gg(l=2) ave= 5.124E+00 +/- 11.16 % Gg(l=3) ave= 0.000E+00 +/- 0.00 %  % || D(l=0) ave= 3.722E+05 +/- 20.07 % D(l=1) ave= 4.484E+05 +/- 0.00 % D(l=2) ave= 2.989E+05 +/- 0.00 % D(l=3) ave= 0.000E+00 +/- 0.00 %  % || S(l=0) ave= 1.920E-06 +/- 28.10 % S(l=1) ave= 1.751E-04 +/- 7.20 % S(l=2) ave= 1.915E-05 +/- 20.49 % S(l=3) ave= 0.000E+00 +/- 0.00 % 
 ... random file  204 Cap(th)  ave= 2.322E-02 b. +/- 35.26 % || Ela(th) ave= 2.460E+00 b. +/- 11.67 % || RIcap ave= 1.89E-02 b. +/- 18.41 % || Macs30 ave= 4.62E-03 b. +/- 0.47 % || Gn^0(l=0) ave= 4.809E-01 +/- 14.50 % Gn^0(l=1) ave= 1.430E+02 +/- 7.22 % Gn^0(l=2) ave= 8.268E+00 +/- 20.47 % Gn^0(l=3) ave= 0.000E+00 +/- 0.00 % || Gtotal(l=0) ave= 2.524E+02 +/- 37.94 % Gtotal(l=1) ave= 4.711E+04 +/- 0.00 % Gtotal(l=2) ave= 3.113E+02 +/- 0.00 % Gtotal(l=3) ave= 0.000E+00 +/- 0.00 %  % || Gg(l=0) ave= 4.231E+00 +/- 3.94 % Gg(l=1) ave= 1.728E+00 +/- 13.35 % Gg(l=2) ave= 5.125E+00 +/- 11.14 % Gg(l=3) ave= 0.000E+00 +/- 0.00 %  % || D(l=0) ave= 3.718E+05 +/- 20.09 % D(l=1) ave= 4.484E+05 +/- 0.00 % D(l=2) ave= 2.989E+05 +/- 0.00 % D(l=3) ave= 0.000E+00 +/- 0.00 %  % || S(l=0) ave= 1.922E-06 +/- 28.05 % S(l=1) ave= 1.751E-04 +/- 7.19 % S(l=2) ave= 1.914E-05 +/- 20.47 % S(l=3) ave= 0.000E+00 +/- 0.00 % 
 ... random file  205 Cap(th)  ave= 2.325E-02 b. +/- 35.18 % || Ela(th) ave= 2.459E+00 b. +/- 11.66 % || RIcap ave= 1.89E-02 b. +/- 18.38 % || Macs30 ave= 4.62E-03 b. +/- 0.47 % || Gn^0(l=0) ave= 4.813E-01 +/- 14.49 % Gn^0(l=1) ave= 1.430E+02 +/- 7.21 % Gn^0(l=2) ave= 8.273E+00 +/- 20.43 % Gn^0(l=3) ave= 0.000E+00 +/- 0.00 % || Gtotal(l=0) ave= 2.529E+02 +/- 37.87 % Gtotal(l=1) ave= 4.711E+04 +/- 0.00 % Gtotal(l=2) ave= 3.113E+02 +/- 0.00 % Gtotal(l=3) ave= 0.000E+00 +/- 0.00 %  % || Gg(l=0) ave= 4.232E+00 +/- 3.95 % Gg(l=1) ave= 1.727E+00 +/- 13.38 % Gg(l=2) ave= 5.128E+00 +/- 11.13 % Gg(l=3) ave= 0.000E+00 +/- 0.00 %  % || D(l=0) ave= 3.715E+05 +/- 20.11 % D(l=1) ave= 4.484E+05 +/- 0.00 % D(l=2) ave= 2.989E+05 +/- 0.00 % D(l=3) ave= 0.000E+00 +/- 0.00 %  % || S(l=0) ave= 1.925E-06 +/- 28.02 % S(l=1) ave= 1.751E-04 +/- 7.18 % S(l=2) ave= 1.915E-05 +/- 20.42 % S(l=3) ave= 0.000E+00 +/- 0.00 % 
 ... random file  206 Cap(th)  ave= 2.320E-02 b. +/- 35.31 % || Ela(th) ave= 2.460E+00 b. +/- 11.64 % || RIcap ave= 1.89E-02 b. +/- 18.42 % || Macs30 ave= 4.62E-03 b. +/- 0.47 % || Gn^0(l=0) ave= 4.816E-01 +/- 14.48 % Gn^0(l=1) ave= 1.430E+02 +/- 7.20 % Gn^0(l=2) ave= 8.266E+00 +/- 20.42 % Gn^0(l=3) ave= 0.000E+00 +/- 0.00 % || Gtotal(l=0) ave= 2.533E+02 +/- 37.79 % Gtotal(l=1) ave= 4.711E+04 +/- 0.00 % Gtotal(l=2) ave= 3.113E+02 +/- 0.00 % Gtotal(l=3) ave= 0.000E+00 +/- 0.00 %  % || Gg(l=0) ave= 4.233E+00 +/- 3.94 % Gg(l=1) ave= 1.727E+00 +/- 13.35 % Gg(l=2) ave= 5.127E+00 +/- 11.10 % Gg(l=3) ave= 0.000E+00 +/- 0.00 %  % || D(l=0) ave= 3.711E+05 +/- 20.12 % D(l=1) ave= 4.484E+05 +/- 0.00 % D(l=2) ave= 2.989E+05 +/- 0.00 % D(l=3) ave= 0.000E+00 +/- 0.00 %  % || S(l=0) ave= 1.927E-06 +/- 27.97 % S(l=1) ave= 1.751E-04 +/- 7.17 % S(l=2) ave= 1.914E-05 +/- 20.42 % S(l=3) ave= 0.000E+00 +/- 0.00 % 
 ... random file  207 Cap(th)  ave= 2.319E-02 b. +/- 35.24 % || Ela(th) ave= 2.460E+00 b. +/- 11.62 % || RIcap ave= 1.89E-02 b. +/- 18.39 % || Macs30 ave= 4.62E-03 b. +/- 0.47 % || Gn^0(l=0) ave= 4.819E-01 +/- 14.47 % Gn^0(l=1) ave= 1.430E+02 +/- 7.19 % Gn^0(l=2) ave= 8.265E+00 +/- 20.38 % Gn^0(l=3) ave= 0.000E+00 +/- 0.00 % || Gtotal(l=0) ave= 2.538E+02 +/- 37.72 % Gtotal(l=1) ave= 4.711E+04 +/- 0.00 % Gtotal(l=2) ave= 3.113E+02 +/- 0.00 % Gtotal(l=3) ave= 0.000E+00 +/- 0.00 %  % || Gg(l=0) ave= 4.231E+00 +/- 3.95 % Gg(l=1) ave= 1.728E+00 +/- 13.35 % Gg(l=2) ave= 5.128E+00 +/- 11.08 % Gg(l=3) ave= 0.000E+00 +/- 0.00 %  % || D(l=0) ave= 3.708E+05 +/- 20.14 % D(l=1) ave= 4.484E+05 +/- 0.00 % D(l=2) ave= 2.989E+05 +/- 0.00 % D(l=3) ave= 0.000E+00 +/- 0.00 %  % || S(l=0) ave= 1.930E-06 +/- 27.93 % S(l=1) ave= 1.751E-04 +/- 7.15 % S(l=2) ave= 1.913E-05 +/- 20.37 % S(l=3) ave= 0.000E+00 +/- 0.00 % 
 ... random file  208 Cap(th)  ave= 2.323E-02 b. +/- 35.20 % || Ela(th) ave= 2.461E+00 b. +/- 11.59 % || RIcap ave= 1.89E-02 b. +/- 18.38 % || Macs30 ave= 4.62E-03 b. +/- 0.47 % || Gn^0(l=0) ave= 4.816E-01 +/- 14.48 % Gn^0(l=1) ave= 1.430E+02 +/- 7.17 % Gn^0(l=2) ave= 8.262E+00 +/- 20.34 % Gn^0(l=3) ave= 0.000E+00 +/- 0.00 % || Gtotal(l=0) ave= 2.533E+02 +/- 37.80 % Gtotal(l=1) ave= 4.711E+04 +/- 0.00 % Gtotal(l=2) ave= 3.113E+02 +/- 0.00 % Gtotal(l=3) ave= 0.000E+00 +/- 0.00 %  % || Gg(l=0) ave= 4.232E+00 +/- 3.95 % Gg(l=1) ave= 1.728E+00 +/- 13.32 % Gg(l=2) ave= 5.131E+00 +/- 11.07 % Gg(l=3) ave= 0.000E+00 +/- 0.00 %  % || D(l=0) ave= 3.712E+05 +/- 20.12 % D(l=1) ave= 4.484E+05 +/- 0.00 % D(l=2) ave= 2.989E+05 +/- 0.00 % D(l=3) ave= 0.000E+00 +/- 0.00 %  % || S(l=0) ave= 1.927E-06 +/- 27.98 % S(l=1) ave= 1.750E-04 +/- 7.14 % S(l=2) ave= 1.913E-05 +/- 20.34 % S(l=3) ave= 0.000E+00 +/- 0.00 % 
 ... random file  209 Cap(th)  ave= 2.325E-02 b. +/- 35.11 % || Ela(th) ave= 2.461E+00 b. +/- 11.56 % || RIcap ave= 1.89E-02 b. +/- 18.34 % || Macs30 ave= 4.62E-03 b. +/- 0.47 % || Gn^0(l=0) ave= 4.819E-01 +/- 14.47 % Gn^0(l=1) ave= 1.429E+02 +/- 7.15 % Gn^0(l=2) ave= 8.260E+00 +/- 20.30 % Gn^0(l=3) ave= 0.000E+00 +/- 0.00 % || Gtotal(l=0) ave= 2.537E+02 +/- 37.73 % Gtotal(l=1) ave= 4.711E+04 +/- 0.00 % Gtotal(l=2) ave= 3.113E+02 +/- 0.00 % Gtotal(l=3) ave= 0.000E+00 +/- 0.00 %  % || Gg(l=0) ave= 4.233E+00 +/- 3.95 % Gg(l=1) ave= 1.728E+00 +/- 13.29 % Gg(l=2) ave= 5.130E+00 +/- 11.05 % Gg(l=3) ave= 0.000E+00 +/- 0.00 %  % || D(l=0) ave= 3.708E+05 +/- 20.14 % D(l=1) ave= 4.484E+05 +/- 0.00 % D(l=2) ave= 2.989E+05 +/- 0.00 % D(l=3) ave= 0.000E+00 +/- 0.00 %  % || S(l=0) ave= 1.930E-06 +/- 27.94 % S(l=1) ave= 1.750E-04 +/- 7.12 % S(l=2) ave= 1.912E-05 +/- 20.30 % S(l=3) ave= 0.000E+00 +/- 0.00 % 
 ... random file  210 Cap(th)  ave= 2.325E-02 b. +/- 35.03 % || Ela(th) ave= 2.461E+00 b. +/- 11.53 % || RIcap ave= 1.89E-02 b. +/- 18.30 % || Macs30 ave= 4.62E-03 b. +/- 0.47 % || Gn^0(l=0) ave= 4.815E-01 +/- 14.49 % Gn^0(l=1) ave= 1.429E+02 +/- 7.14 % Gn^0(l=2) ave= 8.260E+00 +/- 20.25 % Gn^0(l=3) ave= 0.000E+00 +/- 0.00 % || Gtotal(l=0) ave= 2.533E+02 +/- 37.80 % Gtotal(l=1) ave= 4.711E+04 +/- 0.00 % Gtotal(l=2) ave= 3.113E+02 +/- 0.00 % Gtotal(l=3) ave= 0.000E+00 +/- 0.00 %  % || Gg(l=0) ave= 4.233E+00 +/- 3.94 % Gg(l=1) ave= 1.730E+00 +/- 13.32 % Gg(l=2) ave= 5.131E+00 +/- 11.03 % Gg(l=3) ave= 0.000E+00 +/- 0.00 %  % || D(l=0) ave= 3.712E+05 +/- 20.12 % D(l=1) ave= 4.484E+05 +/- 0.00 % D(l=2) ave= 2.989E+05 +/- 0.00 % D(l=3) ave= 0.000E+00 +/- 0.00 %  % || S(l=0) ave= 1.927E-06 +/- 27.98 % S(l=1) ave= 1.750E-04 +/- 7.11 % S(l=2) ave= 1.912E-05 +/- 20.25 % S(l=3) ave= 0.000E+00 +/- 0.00 % 
 ... random file  211 Cap(th)  ave= 2.322E-02 b. +/- 35.01 % || Ela(th) ave= 2.461E+00 b. +/- 11.51 % || RIcap ave= 1.89E-02 b. +/- 18.28 % || Macs30 ave= 4.62E-03 b. +/- 0.47 % || Gn^0(l=0) ave= 4.819E-01 +/- 14.47 % Gn^0(l=1) ave= 1.429E+02 +/- 7.13 % Gn^0(l=2) ave= 8.255E+00 +/- 20.24 % Gn^0(l=3) ave= 0.000E+00 +/- 0.00 % || Gtotal(l=0) ave= 2.537E+02 +/- 37.73 % Gtotal(l=1) ave= 4.711E+04 +/- 0.00 % Gtotal(l=2) ave= 3.113E+02 +/- 0.00 % Gtotal(l=3) ave= 0.000E+00 +/- 0.00 %  % || Gg(l=0) ave= 4.234E+00 +/- 3.94 % Gg(l=1) ave= 1.731E+00 +/- 13.31 % Gg(l=2) ave= 5.131E+00 +/- 11.01 % Gg(l=3) ave= 0.000E+00 +/- 0.00 %  % || D(l=0) ave= 3.709E+05 +/- 20.14 % D(l=1) ave= 4.484E+05 +/- 0.00 % D(l=2) ave= 2.989E+05 +/- 0.00 % D(l=3) ave= 0.000E+00 +/- 0.00 %  % || S(l=0) ave= 1.930E-06 +/- 27.94 % S(l=1) ave= 1.750E-04 +/- 7.10 % S(l=2) ave= 1.911E-05 +/- 20.24 % S(l=3) ave= 0.000E+00 +/- 0.00 % 
 ... random file  212 Cap(th)  ave= 2.324E-02 b. +/- 34.92 % || Ela(th) ave= 2.463E+00 b. +/- 11.53 % || RIcap ave= 1.89E-02 b. +/- 18.24 % || Macs30 ave= 4.62E-03 b. +/- 0.47 % || Gn^0(l=0) ave= 4.822E-01 +/- 14.46 % Gn^0(l=1) ave= 1.428E+02 +/- 7.14 % Gn^0(l=2) ave= 8.245E+00 +/- 20.29 % Gn^0(l=3) ave= 0.000E+00 +/- 0.00 % || Gtotal(l=0) ave= 2.541E+02 +/- 37.66 % Gtotal(l=1) ave= 4.711E+04 +/- 0.00 % Gtotal(l=2) ave= 3.113E+02 +/- 0.00 % Gtotal(l=3) ave= 0.000E+00 +/- 0.00 %  % || Gg(l=0) ave= 4.232E+00 +/- 3.95 % Gg(l=1) ave= 1.731E+00 +/- 13.28 % Gg(l=2) ave= 5.132E+00 +/- 10.99 % Gg(l=3) ave= 0.000E+00 +/- 0.00 %  % || D(l=0) ave= 3.705E+05 +/- 20.15 % D(l=1) ave= 4.484E+05 +/- 0.00 % D(l=2) ave= 2.989E+05 +/- 0.00 % D(l=3) ave= 0.000E+00 +/- 0.00 %  % || S(l=0) ave= 1.932E-06 +/- 27.90 % S(l=1) ave= 1.749E-04 +/- 7.11 % S(l=2) ave= 1.909E-05 +/- 20.28 % S(l=3) ave= 0.000E+00 +/- 0.00 % 
 ... random file  213 Cap(th)  ave= 2.325E-02 b. +/- 34.83 % || Ela(th) ave= 2.465E+00 b. +/- 11.54 % || RIcap ave= 1.89E-02 b. +/- 18.20 % || Macs30 ave= 4.62E-03 b. +/- 0.47 % || Gn^0(l=0) ave= 4.818E-01 +/- 14.47 % Gn^0(l=1) ave= 1.428E+02 +/- 7.16 % Gn^0(l=2) ave= 8.236E+00 +/- 20.33 % Gn^0(l=3) ave= 0.000E+00 +/- 0.00 % || Gtotal(l=0) ave= 2.537E+02 +/- 37.74 % Gtotal(l=1) ave= 4.711E+04 +/- 0.00 % Gtotal(l=2) ave= 3.113E+02 +/- 0.00 % Gtotal(l=3) ave= 0.000E+00 +/- 0.00 %  % || Gg(l=0) ave= 4.233E+00 +/- 3.95 % Gg(l=1) ave= 1.730E+00 +/- 13.26 % Gg(l=2) ave= 5.133E+00 +/- 10.97 % Gg(l=3) ave= 0.000E+00 +/- 0.00 %  % || D(l=0) ave= 3.709E+05 +/- 20.14 % D(l=1) ave= 4.484E+05 +/- 0.00 % D(l=2) ave= 2.989E+05 +/- 0.00 % D(l=3) ave= 0.000E+00 +/- 0.00 %  % || S(l=0) ave= 1.929E-06 +/- 27.94 % S(l=1) ave= 1.748E-04 +/- 7.13 % S(l=2) ave= 1.907E-05 +/- 20.33 % S(l=3) ave= 0.000E+00 +/- 0.00 % 
 ... random file  214 Cap(th)  ave= 2.321E-02 b. +/- 34.91 % || Ela(th) ave= 2.463E+00 b. +/- 11.56 % || RIcap ave= 1.89E-02 b. +/- 18.23 % || Macs30 ave= 4.62E-03 b. +/- 0.47 % || Gn^0(l=0) ave= 4.821E-01 +/- 14.46 % Gn^0(l=1) ave= 1.428E+02 +/- 7.17 % Gn^0(l=2) ave= 8.246E+00 +/- 20.34 % Gn^0(l=3) ave= 0.000E+00 +/- 0.00 % || Gtotal(l=0) ave= 2.541E+02 +/- 37.67 % Gtotal(l=1) ave= 4.711E+04 +/- 0.00 % Gtotal(l=2) ave= 3.113E+02 +/- 0.00 % Gtotal(l=3) ave= 0.000E+00 +/- 0.00 %  % || Gg(l=0) ave= 4.231E+00 +/- 3.96 % Gg(l=1) ave= 1.729E+00 +/- 13.27 % Gg(l=2) ave= 5.130E+00 +/- 10.98 % Gg(l=3) ave= 0.000E+00 +/- 0.00 %  % || D(l=0) ave= 3.705E+05 +/- 20.15 % D(l=1) ave= 4.484E+05 +/- 0.00 % D(l=2) ave= 2.989E+05 +/- 0.00 % D(l=3) ave= 0.000E+00 +/- 0.00 %  % || S(l=0) ave= 1.932E-06 +/- 27.90 % S(l=1) ave= 1.749E-04 +/- 7.14 % S(l=2) ave= 1.909E-05 +/- 20.34 % S(l=3) ave= 0.000E+00 +/- 0.00 % 
 ... random file  215 Cap(th)  ave= 2.318E-02 b. +/- 34.89 % || Ela(th) ave= 2.463E+00 b. +/- 11.54 % || RIcap ave= 1.89E-02 b. +/- 18.20 % || Macs30 ave= 4.62E-03 b. +/- 0.47 % || Gn^0(l=0) ave= 4.825E-01 +/- 14.45 % Gn^0(l=1) ave= 1.429E+02 +/- 7.15 % Gn^0(l=2) ave= 8.247E+00 +/- 20.29 % Gn^0(l=3) ave= 0.000E+00 +/- 0.00 % || Gtotal(l=0) ave= 2.545E+02 +/- 37.60 % Gtotal(l=1) ave= 4.711E+04 +/- 0.00 % Gtotal(l=2) ave= 3.113E+02 +/- 0.00 % Gtotal(l=3) ave= 0.000E+00 +/- 0.00 %  % || Gg(l=0) ave= 4.232E+00 +/- 3.96 % Gg(l=1) ave= 1.730E+00 +/- 13.24 % Gg(l=2) ave= 5.134E+00 +/- 10.98 % Gg(l=3) ave= 0.000E+00 +/- 0.00 %  % || D(l=0) ave= 3.702E+05 +/- 20.17 % D(l=1) ave= 4.484E+05 +/- 0.00 % D(l=2) ave= 2.989E+05 +/- 0.00 % D(l=3) ave= 0.000E+00 +/- 0.00 %  % || S(l=0) ave= 1.934E-06 +/- 27.86 % S(l=1) ave= 1.749E-04 +/- 7.12 % S(l=2) ave= 1.909E-05 +/- 20.29 % S(l=3) ave= 0.000E+00 +/- 0.00 % 
 ... random file  216 Cap(th)  ave= 2.315E-02 b. +/- 34.93 % || Ela(th) ave= 2.465E+00 b. +/- 11.55 % || RIcap ave= 1.89E-02 b. +/- 18.21 % || Macs30 ave= 4.62E-03 b. +/- 0.47 % || Gn^0(l=0) ave= 4.821E-01 +/- 14.46 % Gn^0(l=1) ave= 1.428E+02 +/- 7.16 % Gn^0(l=2) ave= 8.238E+00 +/- 20.33 % Gn^0(l=3) ave= 0.000E+00 +/- 0.00 % || Gtotal(l=0) ave= 2.541E+02 +/- 37.67 % Gtotal(l=1) ave= 4.711E+04 +/- 0.00 % Gtotal(l=2) ave= 3.113E+02 +/- 0.00 % Gtotal(l=3) ave= 0.000E+00 +/- 0.00 %  % || Gg(l=0) ave= 4.232E+00 +/- 3.95 % Gg(l=1) ave= 1.730E+00 +/- 13.22 % Gg(l=2) ave= 5.134E+00 +/- 10.95 % Gg(l=3) ave= 0.000E+00 +/- 0.00 %  % || D(l=0) ave= 3.706E+05 +/- 20.15 % D(l=1) ave= 4.484E+05 +/- 0.00 % D(l=2) ave= 2.989E+05 +/- 0.00 % D(l=3) ave= 0.000E+00 +/- 0.00 %  % || S(l=0) ave= 1.932E-06 +/- 27.91 % S(l=1) ave= 1.749E-04 +/- 7.13 % S(l=2) ave= 1.907E-05 +/- 20.33 % S(l=3) ave= 0.000E+00 +/- 0.00 % 
 ... random file  217 Cap(th)  ave= 2.318E-02 b. +/- 34.87 % || Ela(th) ave= 2.466E+00 b. +/- 11.56 % || RIcap ave= 1.89E-02 b. +/- 18.19 % || Macs30 ave= 4.62E-03 b. +/- 0.47 % || Gn^0(l=0) ave= 4.824E-01 +/- 14.45 % Gn^0(l=1) ave= 1.427E+02 +/- 7.17 % Gn^0(l=2) ave= 8.229E+00 +/- 20.37 % Gn^0(l=3) ave= 0.000E+00 +/- 0.00 % || Gtotal(l=0) ave= 2.545E+02 +/- 37.60 % Gtotal(l=1) ave= 4.711E+04 +/- 0.00 % Gtotal(l=2) ave= 3.113E+02 +/- 0.00 % Gtotal(l=3) ave= 0.000E+00 +/- 0.00 %  % || Gg(l=0) ave= 4.233E+00 +/- 3.94 % Gg(l=1) ave= 1.730E+00 +/- 13.18 % Gg(l=2) ave= 5.133E+00 +/- 10.93 % Gg(l=3) ave= 0.000E+00 +/- 0.00 %  % || D(l=0) ave= 3.702E+05 +/- 20.16 % D(l=1) ave= 4.484E+05 +/- 0.00 % D(l=2) ave= 2.989E+05 +/- 0.00 % D(l=3) ave= 0.000E+00 +/- 0.00 %  % || S(l=0) ave= 1.934E-06 +/- 27.87 % S(l=1) ave= 1.748E-04 +/- 7.14 % S(l=2) ave= 1.905E-05 +/- 20.37 % S(l=3) ave= 0.000E+00 +/- 0.00 % 
 ... random file  218 Cap(th)  ave= 2.316E-02 b. +/- 34.85 % || Ela(th) ave= 2.465E+00 b. +/- 11.59 % || RIcap ave= 1.89E-02 b. +/- 18.17 % || Macs30 ave= 4.62E-03 b. +/- 0.47 % || Gn^0(l=0) ave= 4.827E-01 +/- 14.44 % Gn^0(l=1) ave= 1.428E+02 +/- 7.18 % Gn^0(l=2) ave= 8.239E+00 +/- 20.39 % Gn^0(l=3) ave= 0.000E+00 +/- 0.00 % || Gtotal(l=0) ave= 2.549E+02 +/- 37.53 % Gtotal(l=1) ave= 4.711E+04 +/- 0.00 % Gtotal(l=2) ave= 3.113E+02 +/- 0.00 % Gtotal(l=3) ave= 0.000E+00 +/- 0.00 %  % || Gg(l=0) ave= 4.232E+00 +/- 3.94 % Gg(l=1) ave= 1.731E+00 +/- 13.17 % Gg(l=2) ave= 5.134E+00 +/- 10.91 % Gg(l=3) ave= 0.000E+00 +/- 0.00 %  % || D(l=0) ave= 3.699E+05 +/- 20.18 % D(l=1) ave= 4.484E+05 +/- 0.00 % D(l=2) ave= 2.989E+05 +/- 0.00 % D(l=3) ave= 0.000E+00 +/- 0.00 %  % || S(l=0) ave= 1.936E-06 +/- 27.83 % S(l=1) ave= 1.749E-04 +/- 7.15 % S(l=2) ave= 1.908E-05 +/- 20.38 % S(l=3) ave= 0.000E+00 +/- 0.00 % 
 ... random file  219 Cap(th)  ave= 2.314E-02 b. +/- 34.82 % || Ela(th) ave= 2.464E+00 b. +/- 11.58 % || RIcap ave= 1.89E-02 b. +/- 18.15 % || Macs30 ave= 4.62E-03 b. +/- 0.47 % || Gn^0(l=0) ave= 4.824E-01 +/- 14.45 % Gn^0(l=1) ave= 1.428E+02 +/- 7.17 % Gn^0(l=2) ave= 8.245E+00 +/- 20.35 % Gn^0(l=3) ave= 0.000E+00 +/- 0.00 % || Gtotal(l=0) ave= 2.545E+02 +/- 37.61 % Gtotal(l=1) ave= 4.711E+04 +/- 0.00 % Gtotal(l=2) ave= 3.113E+02 +/- 0.00 % Gtotal(l=3) ave= 0.000E+00 +/- 0.00 %  % || Gg(l=0) ave= 4.232E+00 +/- 3.94 % Gg(l=1) ave= 1.729E+00 +/- 13.18 % Gg(l=2) ave= 5.135E+00 +/- 10.88 % Gg(l=3) ave= 0.000E+00 +/- 0.00 %  % || D(l=0) ave= 3.703E+05 +/- 20.16 % D(l=1) ave= 4.484E+05 +/- 0.00 % D(l=2) ave= 2.989E+05 +/- 0.00 % D(l=3) ave= 0.000E+00 +/- 0.00 %  % || S(l=0) ave= 1.934E-06 +/- 27.87 % S(l=1) ave= 1.749E-04 +/- 7.14 % S(l=2) ave= 1.909E-05 +/- 20.35 % S(l=3) ave= 0.000E+00 +/- 0.00 % 
 ... random file  220 Cap(th)  ave= 2.311E-02 b. +/- 34.88 % || Ela(th) ave= 2.462E+00 b. +/- 11.59 % || RIcap ave= 1.88E-02 b. +/- 18.16 % || Macs30 ave= 4.62E-03 b. +/- 0.47 % || Gn^0(l=0) ave= 4.820E-01 +/- 14.47 % Gn^0(l=1) ave= 1.429E+02 +/- 7.17 % Gn^0(l=2) ave= 8.252E+00 +/- 20.33 % Gn^0(l=3) ave= 0.000E+00 +/- 0.00 % || Gtotal(l=0) ave= 2.540E+02 +/- 37.68 % Gtotal(l=1) ave= 4.711E+04 +/- 0.00 % Gtotal(l=2) ave= 3.113E+02 +/- 0.00 % Gtotal(l=3) ave= 0.000E+00 +/- 0.00 %  % || Gg(l=0) ave= 4.232E+00 +/- 3.93 % Gg(l=1) ave= 1.731E+00 +/- 13.18 % Gg(l=2) ave= 5.131E+00 +/- 10.91 % Gg(l=3) ave= 0.000E+00 +/- 0.00 %  % || D(l=0) ave= 3.706E+05 +/- 20.15 % D(l=1) ave= 4.484E+05 +/- 0.00 % D(l=2) ave= 2.989E+05 +/- 0.00 % D(l=3) ave= 0.000E+00 +/- 0.00 %  % || S(l=0) ave= 1.931E-06 +/- 27.92 % S(l=1) ave= 1.750E-04 +/- 7.14 % S(l=2) ave= 1.910E-05 +/- 20.33 % S(l=3) ave= 0.000E+00 +/- 0.00 % 
 ... random file  221 Cap(th)  ave= 2.310E-02 b. +/- 34.81 % || Ela(th) ave= 2.462E+00 b. +/- 11.58 % || RIcap ave= 1.88E-02 b. +/- 18.13 % || Macs30 ave= 4.62E-03 b. +/- 0.47 % || Gn^0(l=0) ave= 4.823E-01 +/- 14.45 % Gn^0(l=1) ave= 1.429E+02 +/- 7.16 % Gn^0(l=2) ave= 8.256E+00 +/- 20.29 % Gn^0(l=3) ave= 0.000E+00 +/- 0.00 % || Gtotal(l=0) ave= 2.544E+02 +/- 37.62 % Gtotal(l=1) ave= 4.711E+04 +/- 0.00 % Gtotal(l=2) ave= 3.113E+02 +/- 0.00 % Gtotal(l=3) ave= 0.000E+00 +/- 0.00 %  % || Gg(l=0) ave= 4.232E+00 +/- 3.93 % Gg(l=1) ave= 1.731E+00 +/- 13.15 % Gg(l=2) ave= 5.130E+00 +/- 10.90 % Gg(l=3) ave= 0.000E+00 +/- 0.00 %  % || D(l=0) ave= 3.703E+05 +/- 20.16 % D(l=1) ave= 4.484E+05 +/- 0.00 % D(l=2) ave= 2.989E+05 +/- 0.00 % D(l=3) ave= 0.000E+00 +/- 0.00 %  % || S(l=0) ave= 1.933E-06 +/- 27.88 % S(l=1) ave= 1.750E-04 +/- 7.13 % S(l=2) ave= 1.911E-05 +/- 20.28 % S(l=3) ave= 0.000E+00 +/- 0.00 % 
 ... random file  222 Cap(th)  ave= 2.308E-02 b. +/- 34.76 % || Ela(th) ave= 2.461E+00 b. +/- 11.55 % || RIcap ave= 1.88E-02 b. +/- 18.10 % || Macs30 ave= 4.62E-03 b. +/- 0.47 % || Gn^0(l=0) ave= 4.826E-01 +/- 14.44 % Gn^0(l=1) ave= 1.429E+02 +/- 7.14 % Gn^0(l=2) ave= 8.256E+00 +/- 20.24 % Gn^0(l=3) ave= 0.000E+00 +/- 0.00 % || Gtotal(l=0) ave= 2.548E+02 +/- 37.55 % Gtotal(l=1) ave= 4.711E+04 +/- 0.00 % Gtotal(l=2) ave= 3.113E+02 +/- 0.00 % Gtotal(l=3) ave= 0.000E+00 +/- 0.00 %  % || Gg(l=0) ave= 4.232E+00 +/- 3.92 % Gg(l=1) ave= 1.730E+00 +/- 13.18 % Gg(l=2) ave= 5.128E+00 +/- 10.89 % Gg(l=3) ave= 0.000E+00 +/- 0.00 %  % || D(l=0) ave= 3.700E+05 +/- 20.17 % D(l=1) ave= 4.484E+05 +/- 0.00 % D(l=2) ave= 2.989E+05 +/- 0.00 % D(l=3) ave= 0.000E+00 +/- 0.00 %  % || S(l=0) ave= 1.936E-06 +/- 27.84 % S(l=1) ave= 1.750E-04 +/- 7.11 % S(l=2) ave= 1.911E-05 +/- 20.24 % S(l=3) ave= 0.000E+00 +/- 0.00 % 
 ... random file  223 Cap(th)  ave= 2.305E-02 b. +/- 34.82 % || Ela(th) ave= 2.461E+00 b. +/- 11.53 % || RIcap ave= 1.88E-02 b. +/- 18.11 % || Macs30 ave= 4.62E-03 b. +/- 0.47 % || Gn^0(l=0) ave= 4.829E-01 +/- 14.43 % Gn^0(l=1) ave= 1.429E+02 +/- 7.12 % Gn^0(l=2) ave= 8.256E+00 +/- 20.20 % Gn^0(l=3) ave= 0.000E+00 +/- 0.00 % || Gtotal(l=0) ave= 2.552E+02 +/- 37.48 % Gtotal(l=1) ave= 4.711E+04 +/- 0.00 % Gtotal(l=2) ave= 3.113E+02 +/- 0.00 % Gtotal(l=3) ave= 0.000E+00 +/- 0.00 %  % || Gg(l=0) ave= 4.232E+00 +/- 3.92 % Gg(l=1) ave= 1.728E+00 +/- 13.21 % Gg(l=2) ave= 5.127E+00 +/- 10.88 % Gg(l=3) ave= 0.000E+00 +/- 0.00 %  % || D(l=0) ave= 3.697E+05 +/- 20.19 % D(l=1) ave= 4.484E+05 +/- 0.00 % D(l=2) ave= 2.989E+05 +/- 0.00 % D(l=3) ave= 0.000E+00 +/- 0.00 %  % || S(l=0) ave= 1.938E-06 +/- 27.80 % S(l=1) ave= 1.750E-04 +/- 7.09 % S(l=2) ave= 1.911E-05 +/- 20.19 % S(l=3) ave= 0.000E+00 +/- 0.00 % 
 ... random file  224 Cap(th)  ave= 2.303E-02 b. +/- 34.77 % || Ela(th) ave= 2.460E+00 b. +/- 11.55 % || RIcap ave= 1.88E-02 b. +/- 18.09 % || Macs30 ave= 4.62E-03 b. +/- 0.47 % || Gn^0(l=0) ave= 4.832E-01 +/- 14.42 % Gn^0(l=1) ave= 1.430E+02 +/- 7.13 % Gn^0(l=2) ave= 8.265E+00 +/- 20.20 % Gn^0(l=3) ave= 0.000E+00 +/- 0.00 % || Gtotal(l=0) ave= 2.556E+02 +/- 37.41 % Gtotal(l=1) ave= 4.711E+04 +/- 0.00 % Gtotal(l=2) ave= 3.113E+02 +/- 0.00 % Gtotal(l=3) ave= 0.000E+00 +/- 0.00 %  % || Gg(l=0) ave= 4.232E+00 +/- 3.91 % Gg(l=1) ave= 1.728E+00 +/- 13.18 % Gg(l=2) ave= 5.122E+00 +/- 10.95 % Gg(l=3) ave= 0.000E+00 +/- 0.00 %  % || D(l=0) ave= 3.694E+05 +/- 20.20 % D(l=1) ave= 4.484E+05 +/- 0.00 % D(l=2) ave= 2.989E+05 +/- 0.00 % D(l=3) ave= 0.000E+00 +/- 0.00 %  % || S(l=0) ave= 1.940E-06 +/- 27.76 % S(l=1) ave= 1.751E-04 +/- 7.10 % S(l=2) ave= 1.913E-05 +/- 20.20 % S(l=3) ave= 0.000E+00 +/- 0.00 % 
 ... random file  225 Cap(th)  ave= 2.305E-02 b. +/- 34.69 % || Ela(th) ave= 2.461E+00 b. +/- 11.56 % || RIcap ave= 1.88E-02 b. +/- 18.05 % || Macs30 ave= 4.62E-03 b. +/- 0.47 % || Gn^0(l=0) ave= 4.829E-01 +/- 14.43 % Gn^0(l=1) ave= 1.429E+02 +/- 7.14 % Gn^0(l=2) ave= 8.256E+00 +/- 20.24 % Gn^0(l=3) ave= 0.000E+00 +/- 0.00 % || Gtotal(l=0) ave= 2.552E+02 +/- 37.49 % Gtotal(l=1) ave= 4.711E+04 +/- 0.00 % Gtotal(l=2) ave= 3.113E+02 +/- 0.00 % Gtotal(l=3) ave= 0.000E+00 +/- 0.00 %  % || Gg(l=0) ave= 4.232E+00 +/- 3.90 % Gg(l=1) ave= 1.728E+00 +/- 13.15 % Gg(l=2) ave= 5.123E+00 +/- 10.92 % Gg(l=3) ave= 0.000E+00 +/- 0.00 %  % || D(l=0) ave= 3.697E+05 +/- 20.19 % D(l=1) ave= 4.484E+05 +/- 0.00 % D(l=2) ave= 2.989E+05 +/- 0.00 % D(l=3) ave= 0.000E+00 +/- 0.00 %  % || S(l=0) ave= 1.938E-06 +/- 27.80 % S(l=1) ave= 1.750E-04 +/- 7.11 % S(l=2) ave= 1.911E-05 +/- 20.24 % S(l=3) ave= 0.000E+00 +/- 0.00 % 
 ... random file  226 Cap(th)  ave= 2.300E-02 b. +/- 34.77 % || Ela(th) ave= 2.462E+00 b. +/- 11.53 % || RIcap ave= 1.88E-02 b. +/- 18.07 % || Macs30 ave= 4.62E-03 b. +/- 0.47 % || Gn^0(l=0) ave= 4.826E-01 +/- 14.44 % Gn^0(l=1) ave= 1.429E+02 +/- 7.13 % Gn^0(l=2) ave= 8.253E+00 +/- 20.22 % Gn^0(l=3) ave= 0.000E+00 +/- 0.00 % || Gtotal(l=0) ave= 2.547E+02 +/- 37.56 % Gtotal(l=1) ave= 4.711E+04 +/- 0.00 % Gtotal(l=2) ave= 3.113E+02 +/- 0.00 % Gtotal(l=3) ave= 0.000E+00 +/- 0.00 %  % || Gg(l=0) ave= 4.232E+00 +/- 3.90 % Gg(l=1) ave= 1.727E+00 +/- 13.16 % Gg(l=2) ave= 5.127E+00 +/- 10.94 % Gg(l=3) ave= 0.000E+00 +/- 0.00 %  % || D(l=0) ave= 3.701E+05 +/- 20.17 % D(l=1) ave= 4.484E+05 +/- 0.00 % D(l=2) ave= 2.989E+05 +/- 0.00 % D(l=3) ave= 0.000E+00 +/- 0.00 %  % || S(l=0) ave= 1.935E-06 +/- 27.84 % S(l=1) ave= 1.750E-04 +/- 7.10 % S(l=2) ave= 1.911E-05 +/- 20.21 % S(l=3) ave= 0.000E+00 +/- 0.00 % 
 ... random file  227 Cap(th)  ave= 2.301E-02 b. +/- 34.69 % || Ela(th) ave= 2.463E+00 b. +/- 11.54 % || RIcap ave= 1.88E-02 b. +/- 18.03 % || Macs30 ave= 4.62E-03 b. +/- 0.47 % || Gn^0(l=0) ave= 4.823E-01 +/- 14.46 % Gn^0(l=1) ave= 1.428E+02 +/- 7.14 % Gn^0(l=2) ave= 8.244E+00 +/- 20.26 % Gn^0(l=3) ave= 0.000E+00 +/- 0.00 % || Gtotal(l=0) ave= 2.543E+02 +/- 37.64 % Gtotal(l=1) ave= 4.711E+04 +/- 0.00 % Gtotal(l=2) ave= 3.113E+02 +/- 0.00 % Gtotal(l=3) ave= 0.000E+00 +/- 0.00 %  % || Gg(l=0) ave= 4.233E+00 +/- 3.89 % Gg(l=1) ave= 1.727E+00 +/- 13.14 % Gg(l=2) ave= 5.126E+00 +/- 10.92 % Gg(l=3) ave= 0.000E+00 +/- 0.00 %  % || D(l=0) ave= 3.704E+05 +/- 20.16 % D(l=1) ave= 4.484E+05 +/- 0.00 % D(l=2) ave= 2.989E+05 +/- 0.00 % D(l=3) ave= 0.000E+00 +/- 0.00 %  % || S(l=0) ave= 1.933E-06 +/- 27.89 % S(l=1) ave= 1.749E-04 +/- 7.11 % S(l=2) ave= 1.909E-05 +/- 20.25 % S(l=3) ave= 0.000E+00 +/- 0.00 % 
 ... random file  228 Cap(th)  ave= 2.321E-02 b. +/- 36.59 % || Ela(th) ave= 2.464E+00 b. +/- 11.52 % || RIcap ave= 1.89E-02 b. +/- 19.09 % || Macs30 ave= 4.62E-03 b. +/- 0.47 % || Gn^0(l=0) ave= 4.825E-01 +/- 14.44 % Gn^0(l=1) ave= 1.428E+02 +/- 7.13 % Gn^0(l=2) ave= 8.240E+00 +/- 20.24 % Gn^0(l=3) ave= 0.000E+00 +/- 0.00 % || Gtotal(l=0) ave= 2.547E+02 +/- 37.57 % Gtotal(l=1) ave= 4.711E+04 +/- 0.00 % Gtotal(l=2) ave= 3.113E+02 +/- 0.00 % Gtotal(l=3) ave= 0.000E+00 +/- 0.00 %  % || Gg(l=0) ave= 4.233E+00 +/- 3.88 % Gg(l=1) ave= 1.728E+00 +/- 13.11 % Gg(l=2) ave= 5.123E+00 +/- 10.96 % Gg(l=3) ave= 0.000E+00 +/- 0.00 %  % || D(l=0) ave= 3.701E+05 +/- 20.17 % D(l=1) ave= 4.484E+05 +/- 0.00 % D(l=2) ave= 2.989E+05 +/- 0.00 % D(l=3) ave= 0.000E+00 +/- 0.00 %  % || S(l=0) ave= 1.935E-06 +/- 27.85 % S(l=1) ave= 1.749E-04 +/- 7.10 % S(l=2) ave= 1.908E-05 +/- 20.23 % S(l=3) ave= 0.000E+00 +/- 0.00 % 
 ... random file  229 Cap(th)  ave= 2.319E-02 b. +/- 36.59 % || Ela(th) ave= 2.462E+00 b. +/- 11.54 % || RIcap ave= 1.89E-02 b. +/- 19.08 % || Macs30 ave= 4.62E-03 b. +/- 0.47 % || Gn^0(l=0) ave= 4.828E-01 +/- 14.43 % Gn^0(l=1) ave= 1.429E+02 +/- 7.13 % Gn^0(l=2) ave= 8.250E+00 +/- 20.25 % Gn^0(l=3) ave= 0.000E+00 +/- 0.00 % || Gtotal(l=0) ave= 2.551E+02 +/- 37.50 % Gtotal(l=1) ave= 4.711E+04 +/- 0.00 % Gtotal(l=2) ave= 3.113E+02 +/- 0.00 % Gtotal(l=3) ave= 0.000E+00 +/- 0.00 %  % || Gg(l=0) ave= 4.234E+00 +/- 3.91 % Gg(l=1) ave= 1.728E+00 +/- 13.09 % Gg(l=2) ave= 5.126E+00 +/- 10.96 % Gg(l=3) ave= 0.000E+00 +/- 0.00 %  % || D(l=0) ave= 3.698E+05 +/- 20.18 % D(l=1) ave= 4.484E+05 +/- 0.00 % D(l=2) ave= 2.989E+05 +/- 0.00 % D(l=3) ave= 0.000E+00 +/- 0.00 %  % || S(l=0) ave= 1.937E-06 +/- 27.81 % S(l=1) ave= 1.750E-04 +/- 7.10 % S(l=2) ave= 1.910E-05 +/- 20.24 % S(l=3) ave= 0.000E+00 +/- 0.00 % 
 ... random file  230 Cap(th)  ave= 2.318E-02 b. +/- 36.53 % || Ela(th) ave= 2.464E+00 b. +/- 11.54 % || RIcap ave= 1.89E-02 b. +/- 19.04 % || Macs30 ave= 4.62E-03 b. +/- 0.47 % || Gn^0(l=0) ave= 4.825E-01 +/- 14.44 % Gn^0(l=1) ave= 1.428E+02 +/- 7.14 % Gn^0(l=2) ave= 8.242E+00 +/- 20.27 % Gn^0(l=3) ave= 0.000E+00 +/- 0.00 % || Gtotal(l=0) ave= 2.547E+02 +/- 37.58 % Gtotal(l=1) ave= 4.711E+04 +/- 0.00 % Gtotal(l=2) ave= 3.113E+02 +/- 0.00 % Gtotal(l=3) ave= 0.000E+00 +/- 0.00 %  % || Gg(l=0) ave= 4.235E+00 +/- 3.90 % Gg(l=1) ave= 1.729E+00 +/- 13.07 % Gg(l=2) ave= 5.125E+00 +/- 10.94 % Gg(l=3) ave= 0.000E+00 +/- 0.00 %  % || D(l=0) ave= 3.701E+05 +/- 20.17 % D(l=1) ave= 4.484E+05 +/- 0.00 % D(l=2) ave= 2.989E+05 +/- 0.00 % D(l=3) ave= 0.000E+00 +/- 0.00 %  % || S(l=0) ave= 1.935E-06 +/- 27.85 % S(l=1) ave= 1.749E-04 +/- 7.11 % S(l=2) ave= 1.908E-05 +/- 20.26 % S(l=3) ave= 0.000E+00 +/- 0.00 % 
 ... random file  231 Cap(th)  ave= 2.316E-02 b. +/- 36.51 % || Ela(th) ave= 2.462E+00 b. +/- 11.55 % || RIcap ave= 1.89E-02 b. +/- 19.02 % || Macs30 ave= 4.62E-03 b. +/- 0.47 % || Gn^0(l=0) ave= 4.822E-01 +/- 14.45 % Gn^0(l=1) ave= 1.429E+02 +/- 7.14 % Gn^0(l=2) ave= 8.251E+00 +/- 20.27 % Gn^0(l=3) ave= 0.000E+00 +/- 0.00 % || Gtotal(l=0) ave= 2.542E+02 +/- 37.65 % Gtotal(l=1) ave= 4.711E+04 +/- 0.00 % Gtotal(l=2) ave= 3.113E+02 +/- 0.00 % Gtotal(l=3) ave= 0.000E+00 +/- 0.00 %  % || Gg(l=0) ave= 4.235E+00 +/- 3.90 % Gg(l=1) ave= 1.728E+00 +/- 13.10 % Gg(l=2) ave= 5.127E+00 +/- 10.93 % Gg(l=3) ave= 0.000E+00 +/- 0.00 %  % || D(l=0) ave= 3.705E+05 +/- 20.16 % D(l=1) ave= 4.484E+05 +/- 0.00 % D(l=2) ave= 2.989E+05 +/- 0.00 % D(l=3) ave= 0.000E+00 +/- 0.00 %  % || S(l=0) ave= 1.932E-06 +/- 27.89 % S(l=1) ave= 1.750E-04 +/- 7.11 % S(l=2) ave= 1.910E-05 +/- 20.26 % S(l=3) ave= 0.000E+00 +/- 0.00 % 
 ... random file  232 Cap(th)  ave= 2.313E-02 b. +/- 36.53 % || Ela(th) ave= 2.462E+00 b. +/- 11.53 % || RIcap ave= 1.88E-02 b. +/- 19.02 % || Macs30 ave= 4.62E-03 b. +/- 0.47 % || Gn^0(l=0) ave= 4.825E-01 +/- 14.44 % Gn^0(l=1) ave= 1.429E+02 +/- 7.12 % Gn^0(l=2) ave= 8.251E+00 +/- 20.22 % Gn^0(l=3) ave= 0.000E+00 +/- 0.00 % || Gtotal(l=0) ave= 2.546E+02 +/- 37.58 % Gtotal(l=1) ave= 4.711E+04 +/- 0.00 % Gtotal(l=2) ave= 3.113E+02 +/- 0.00 % Gtotal(l=3) ave= 0.000E+00 +/- 0.00 %  % || Gg(l=0) ave= 4.236E+00 +/- 3.89 % Gg(l=1) ave= 1.728E+00 +/- 13.07 % Gg(l=2) ave= 5.122E+00 +/- 10.99 % Gg(l=3) ave= 0.000E+00 +/- 0.00 %  % || D(l=0) ave= 3.701E+05 +/- 20.17 % D(l=1) ave= 4.484E+05 +/- 0.00 % D(l=2) ave= 2.989E+05 +/- 0.00 % D(l=3) ave= 0.000E+00 +/- 0.00 %  % || S(l=0) ave= 1.935E-06 +/- 27.85 % S(l=1) ave= 1.750E-04 +/- 7.09 % S(l=2) ave= 1.910E-05 +/- 20.22 % S(l=3) ave= 0.000E+00 +/- 0.00 % 
 ... random file  233 Cap(th)  ave= 2.317E-02 b. +/- 36.51 % || Ela(th) ave= 2.462E+00 b. +/- 11.51 % || RIcap ave= 1.89E-02 b. +/- 19.03 % || Macs30 ave= 4.62E-03 b. +/- 0.46 % || Gn^0(l=0) ave= 4.828E-01 +/- 14.43 % Gn^0(l=1) ave= 1.429E+02 +/- 7.11 % Gn^0(l=2) ave= 8.251E+00 +/- 20.18 % Gn^0(l=3) ave= 0.000E+00 +/- 0.00 % || Gtotal(l=0) ave= 2.550E+02 +/- 37.52 % Gtotal(l=1) ave= 4.711E+04 +/- 0.00 % Gtotal(l=2) ave= 3.113E+02 +/- 0.00 % Gtotal(l=3) ave= 0.000E+00 +/- 0.00 %  % || Gg(l=0) ave= 4.235E+00 +/- 3.89 % Gg(l=1) ave= 1.730E+00 +/- 13.08 % Gg(l=2) ave= 5.118E+00 +/- 11.05 % Gg(l=3) ave= 0.000E+00 +/- 0.00 %  % || D(l=0) ave= 3.698E+05 +/- 20.18 % D(l=1) ave= 4.484E+05 +/- 0.00 % D(l=2) ave= 2.989E+05 +/- 0.00 % D(l=3) ave= 0.000E+00 +/- 0.00 %  % || S(l=0) ave= 1.937E-06 +/- 27.82 % S(l=1) ave= 1.750E-04 +/- 7.08 % S(l=2) ave= 1.910E-05 +/- 20.18 % S(l=3) ave= 0.000E+00 +/- 0.00 % 
 ... random file  234 Cap(th)  ave= 2.319E-02 b. +/- 36.42 % || Ela(th) ave= 2.463E+00 b. +/- 11.51 % || RIcap ave= 1.89E-02 b. +/- 18.99 % || Macs30 ave= 4.62E-03 b. +/- 0.46 % || Gn^0(l=0) ave= 4.825E-01 +/- 14.45 % Gn^0(l=1) ave= 1.428E+02 +/- 7.12 % Gn^0(l=2) ave= 8.243E+00 +/- 20.21 % Gn^0(l=3) ave= 0.000E+00 +/- 0.00 % || Gtotal(l=0) ave= 2.546E+02 +/- 37.59 % Gtotal(l=1) ave= 4.711E+04 +/- 0.00 % Gtotal(l=2) ave= 3.113E+02 +/- 0.00 % Gtotal(l=3) ave= 0.000E+00 +/- 0.00 %  % || Gg(l=0) ave= 4.236E+00 +/- 3.88 % Gg(l=1) ave= 1.732E+00 +/- 13.23 % Gg(l=2) ave= 5.117E+00 +/- 11.04 % Gg(l=3) ave= 0.000E+00 +/- 0.00 %  % || D(l=0) ave= 3.702E+05 +/- 20.17 % D(l=1) ave= 4.484E+05 +/- 0.00 % D(l=2) ave= 2.989E+05 +/- 0.00 % D(l=3) ave= 0.000E+00 +/- 0.00 %  % || S(l=0) ave= 1.934E-06 +/- 27.86 % S(l=1) ave= 1.749E-04 +/- 7.09 % S(l=2) ave= 1.908E-05 +/- 20.21 % S(l=3) ave= 0.000E+00 +/- 0.00 % 
 ... random file  235 Cap(th)  ave= 2.323E-02 b. +/- 36.37 % || Ela(th) ave= 2.463E+00 b. +/- 11.49 % || RIcap ave= 1.89E-02 b. +/- 18.98 % || Macs30 ave= 4.62E-03 b. +/- 0.46 % || Gn^0(l=0) ave= 4.827E-01 +/- 14.43 % Gn^0(l=1) ave= 1.429E+02 +/- 7.10 % Gn^0(l=2) ave= 8.243E+00 +/- 20.17 % Gn^0(l=3) ave= 0.000E+00 +/- 0.00 % || Gtotal(l=0) ave= 2.550E+02 +/- 37.52 % Gtotal(l=1) ave= 4.711E+04 +/- 0.00 % Gtotal(l=2) ave= 3.113E+02 +/- 0.00 % Gtotal(l=3) ave= 0.000E+00 +/- 0.00 %  % || Gg(l=0) ave= 4.235E+00 +/- 3.87 % Gg(l=1) ave= 1.733E+00 +/- 13.22 % Gg(l=2) ave= 5.119E+00 +/- 11.04 % Gg(l=3) ave= 0.000E+00 +/- 0.00 %  % || D(l=0) ave= 3.699E+05 +/- 20.18 % D(l=1) ave= 4.484E+05 +/- 0.00 % D(l=2) ave= 2.989E+05 +/- 0.00 % D(l=3) ave= 0.000E+00 +/- 0.00 %  % || S(l=0) ave= 1.936E-06 +/- 27.82 % S(l=1) ave= 1.749E-04 +/- 7.07 % S(l=2) ave= 1.908E-05 +/- 20.16 % S(l=3) ave= 0.000E+00 +/- 0.00 % 
 ... random file  236 Cap(th)  ave= 2.318E-02 b. +/- 36.47 % || Ela(th) ave= 2.465E+00 b. +/- 11.50 % || RIcap ave= 1.89E-02 b. +/- 19.01 % || Macs30 ave= 4.62E-03 b. +/- 0.46 % || Gn^0(l=0) ave= 4.824E-01 +/- 14.45 % Gn^0(l=1) ave= 1.428E+02 +/- 7.11 % Gn^0(l=2) ave= 8.235E+00 +/- 20.20 % Gn^0(l=3) ave= 0.000E+00 +/- 0.00 % || Gtotal(l=0) ave= 2.545E+02 +/- 37.59 % Gtotal(l=1) ave= 4.711E+04 +/- 0.00 % Gtotal(l=2) ave= 3.113E+02 +/- 0.00 % Gtotal(l=3) ave= 0.000E+00 +/- 0.00 %  % || Gg(l=0) ave= 4.235E+00 +/- 3.87 % Gg(l=1) ave= 1.734E+00 +/- 13.20 % Gg(l=2) ave= 5.121E+00 +/- 11.02 % Gg(l=3) ave= 0.000E+00 +/- 0.00 %  % || D(l=0) ave= 3.702E+05 +/- 20.17 % D(l=1) ave= 4.484E+05 +/- 0.00 % D(l=2) ave= 2.989E+05 +/- 0.00 % D(l=3) ave= 0.000E+00 +/- 0.00 %  % || S(l=0) ave= 1.934E-06 +/- 27.86 % S(l=1) ave= 1.749E-04 +/- 7.08 % S(l=2) ave= 1.907E-05 +/- 20.20 % S(l=3) ave= 0.000E+00 +/- 0.00 % 
 ... random file  237 Cap(th)  ave= 2.324E-02 b. +/- 36.52 % || Ela(th) ave= 2.463E+00 b. +/- 11.50 % || RIcap ave= 1.89E-02 b. +/- 19.06 % || Macs30 ave= 4.62E-03 b. +/- 0.46 % || Gn^0(l=0) ave= 4.821E-01 +/- 14.46 % Gn^0(l=1) ave= 1.428E+02 +/- 7.11 % Gn^0(l=2) ave= 8.241E+00 +/- 20.18 % Gn^0(l=3) ave= 0.000E+00 +/- 0.00 % || Gtotal(l=0) ave= 2.541E+02 +/- 37.66 % Gtotal(l=1) ave= 4.711E+04 +/- 0.00 % Gtotal(l=2) ave= 3.113E+02 +/- 0.00 % Gtotal(l=3) ave= 0.000E+00 +/- 0.00 %  % || Gg(l=0) ave= 4.236E+00 +/- 3.86 % Gg(l=1) ave= 1.735E+00 +/- 13.19 % Gg(l=2) ave= 5.118E+00 +/- 11.04 % Gg(l=3) ave= 0.000E+00 +/- 0.00 %  % || D(l=0) ave= 3.705E+05 +/- 20.15 % D(l=1) ave= 4.484E+05 +/- 0.00 % D(l=2) ave= 2.989E+05 +/- 0.00 % D(l=3) ave= 0.000E+00 +/- 0.00 %  % || S(l=0) ave= 1.932E-06 +/- 27.90 % S(l=1) ave= 1.749E-04 +/- 7.08 % S(l=2) ave= 1.908E-05 +/- 20.17 % S(l=3) ave= 0.000E+00 +/- 0.00 % 
 ... random file  238 Cap(th)  ave= 2.322E-02 b. +/- 36.53 % || Ela(th) ave= 2.465E+00 b. +/- 11.50 % || RIcap ave= 1.89E-02 b. +/- 19.06 % || Macs30 ave= 4.62E-03 b. +/- 0.46 % || Gn^0(l=0) ave= 4.818E-01 +/- 14.47 % Gn^0(l=1) ave= 1.428E+02 +/- 7.11 % Gn^0(l=2) ave= 8.233E+00 +/- 20.21 % Gn^0(l=3) ave= 0.000E+00 +/- 0.00 % || Gtotal(l=0) ave= 2.537E+02 +/- 37.73 % Gtotal(l=1) ave= 4.711E+04 +/- 0.00 % Gtotal(l=2) ave= 3.113E+02 +/- 0.00 % Gtotal(l=3) ave= 0.000E+00 +/- 0.00 %  % || Gg(l=0) ave= 4.236E+00 +/- 3.85 % Gg(l=1) ave= 1.734E+00 +/- 13.18 % Gg(l=2) ave= 5.115E+00 +/- 11.07 % Gg(l=3) ave= 0.000E+00 +/- 0.00 %  % || D(l=0) ave= 3.709E+05 +/- 20.14 % D(l=1) ave= 4.484E+05 +/- 0.00 % D(l=2) ave= 2.989E+05 +/- 0.00 % D(l=3) ave= 0.000E+00 +/- 0.00 %  % || S(l=0) ave= 1.929E-06 +/- 27.94 % S(l=1) ave= 1.748E-04 +/- 7.08 % S(l=2) ave= 1.906E-05 +/- 20.20 % S(l=3) ave= 0.000E+00 +/- 0.00 % 
 ... random file  239 Cap(th)  ave= 2.325E-02 b. +/- 36.47 % || Ela(th) ave= 2.466E+00 b. +/- 11.51 % || RIcap ave= 1.89E-02 b. +/- 19.04 % || Macs30 ave= 4.62E-03 b. +/- 0.46 % || Gn^0(l=0) ave= 4.815E-01 +/- 14.48 % Gn^0(l=1) ave= 1.427E+02 +/- 7.12 % Gn^0(l=2) ave= 8.225E+00 +/- 20.24 % Gn^0(l=3) ave= 0.000E+00 +/- 0.00 % || Gtotal(l=0) ave= 2.533E+02 +/- 37.80 % Gtotal(l=1) ave= 4.711E+04 +/- 0.00 % Gtotal(l=2) ave= 3.113E+02 +/- 0.00 % Gtotal(l=3) ave= 0.000E+00 +/- 0.00 %  % || Gg(l=0) ave= 4.236E+00 +/- 3.85 % Gg(l=1) ave= 1.734E+00 +/- 13.16 % Gg(l=2) ave= 5.117E+00 +/- 11.05 % Gg(l=3) ave= 0.000E+00 +/- 0.00 %  % || D(l=0) ave= 3.712E+05 +/- 20.12 % D(l=1) ave= 4.484E+05 +/- 0.00 % D(l=2) ave= 2.989E+05 +/- 0.00 % D(l=3) ave= 0.000E+00 +/- 0.00 %  % || S(l=0) ave= 1.927E-06 +/- 27.98 % S(l=1) ave= 1.748E-04 +/- 7.09 % S(l=2) ave= 1.904E-05 +/- 20.24 % S(l=3) ave= 0.000E+00 +/- 0.00 % 
 ... random file  240 Cap(th)  ave= 2.338E-02 b. +/- 37.16 % || Ela(th) ave= 2.467E+00 b. +/- 11.50 % || RIcap ave= 1.90E-02 b. +/- 19.47 % || Macs30 ave= 4.62E-03 b. +/- 0.47 % || Gn^0(l=0) ave= 4.818E-01 +/- 14.48 % Gn^0(l=1) ave= 1.427E+02 +/- 7.12 % Gn^0(l=2) ave= 8.219E+00 +/- 20.25 % Gn^0(l=3) ave= 0.000E+00 +/- 0.00 % || Gtotal(l=0) ave= 2.537E+02 +/- 37.74 % Gtotal(l=1) ave= 4.711E+04 +/- 0.00 % Gtotal(l=2) ave= 3.113E+02 +/- 0.00 % Gtotal(l=3) ave= 0.000E+00 +/- 0.00 %  % || Gg(l=0) ave= 4.237E+00 +/- 3.84 % Gg(l=1) ave= 1.733E+00 +/- 13.14 % Gg(l=2) ave= 5.123E+00 +/- 11.22 % Gg(l=3) ave= 0.000E+00 +/- 0.00 %  % || D(l=0) ave= 3.709E+05 +/- 20.14 % D(l=1) ave= 4.484E+05 +/- 0.00 % D(l=2) ave= 2.989E+05 +/- 0.00 % D(l=3) ave= 0.000E+00 +/- 0.00 %  % || S(l=0) ave= 1.929E-06 +/- 27.95 % S(l=1) ave= 1.747E-04 +/- 7.09 % S(l=2) ave= 1.903E-05 +/- 20.24 % S(l=3) ave= 0.000E+00 +/- 0.00 % 
 ... random file  241 Cap(th)  ave= 2.339E-02 b. +/- 37.08 % || Ela(th) ave= 2.466E+00 b. +/- 11.51 % || RIcap ave= 1.90E-02 b. +/- 19.43 % || Macs30 ave= 4.62E-03 b. +/- 0.47 % || Gn^0(l=0) ave= 4.821E-01 +/- 14.47 % Gn^0(l=1) ave= 1.427E+02 +/- 7.12 % Gn^0(l=2) ave= 8.228E+00 +/- 20.25 % Gn^0(l=3) ave= 0.000E+00 +/- 0.00 % || Gtotal(l=0) ave= 2.541E+02 +/- 37.68 % Gtotal(l=1) ave= 4.711E+04 +/- 0.00 % Gtotal(l=2) ave= 3.113E+02 +/- 0.00 % Gtotal(l=3) ave= 0.000E+00 +/- 0.00 %  % || Gg(l=0) ave= 4.237E+00 +/- 3.83 % Gg(l=1) ave= 1.733E+00 +/- 13.12 % Gg(l=2) ave= 5.125E+00 +/- 11.19 % Gg(l=3) ave= 0.000E+00 +/- 0.00 %  % || D(l=0) ave= 3.706E+05 +/- 20.15 % D(l=1) ave= 4.484E+05 +/- 0.00 % D(l=2) ave= 2.989E+05 +/- 0.00 % D(l=3) ave= 0.000E+00 +/- 0.00 %  % || S(l=0) ave= 1.931E-06 +/- 27.91 % S(l=1) ave= 1.748E-04 +/- 7.09 % S(l=2) ave= 1.905E-05 +/- 20.24 % S(l=3) ave= 0.000E+00 +/- 0.00 % 
 ... random file  242 Cap(th)  ave= 2.335E-02 b. +/- 37.13 % || Ela(th) ave= 2.465E+00 b. +/- 11.50 % || RIcap ave= 1.89E-02 b. +/- 19.44 % || Macs30 ave= 4.62E-03 b. +/- 0.46 % || Gn^0(l=0) ave= 4.818E-01 +/- 14.48 % Gn^0(l=1) ave= 1.428E+02 +/- 7.11 % Gn^0(l=2) ave= 8.230E+00 +/- 20.21 % Gn^0(l=3) ave= 0.000E+00 +/- 0.00 % || Gtotal(l=0) ave= 2.536E+02 +/- 37.74 % Gtotal(l=1) ave= 4.711E+04 +/- 0.00 % Gtotal(l=2) ave= 3.113E+02 +/- 0.00 % Gtotal(l=3) ave= 0.000E+00 +/- 0.00 %  % || Gg(l=0) ave= 4.237E+00 +/- 3.83 % Gg(l=1) ave= 1.732E+00 +/- 13.15 % Gg(l=2) ave= 5.121E+00 +/- 11.24 % Gg(l=3) ave= 0.000E+00 +/- 0.00 %  % || D(l=0) ave= 3.709E+05 +/- 20.14 % D(l=1) ave= 4.484E+05 +/- 0.00 % D(l=2) ave= 2.989E+05 +/- 0.00 % D(l=3) ave= 0.000E+00 +/- 0.00 %  % || S(l=0) ave= 1.929E-06 +/- 27.95 % S(l=1) ave= 1.748E-04 +/- 7.08 % S(l=2) ave= 1.905E-05 +/- 20.20 % S(l=3) ave= 0.000E+00 +/- 0.00 % 
 ... random file  243 Cap(th)  ave= 2.330E-02 b. +/- 37.28 % || Ela(th) ave= 2.465E+00 b. +/- 11.48 % || RIcap ave= 1.89E-02 b. +/- 19.50 % || Macs30 ave= 4.62E-03 b. +/- 0.46 % || Gn^0(l=0) ave= 4.821E-01 +/- 14.47 % Gn^0(l=1) ave= 1.428E+02 +/- 7.09 % Gn^0(l=2) ave= 8.230E+00 +/- 20.17 % Gn^0(l=3) ave= 0.000E+00 +/- 0.00 % || Gtotal(l=0) ave= 2.540E+02 +/- 37.68 % Gtotal(l=1) ave= 4.711E+04 +/- 0.00 % Gtotal(l=2) ave= 3.113E+02 +/- 0.00 % Gtotal(l=3) ave= 0.000E+00 +/- 0.00 %  % || Gg(l=0) ave= 4.237E+00 +/- 3.83 % Gg(l=1) ave= 1.732E+00 +/- 13.12 % Gg(l=2) ave= 5.125E+00 +/- 11.29 % Gg(l=3) ave= 0.000E+00 +/- 0.00 %  % || D(l=0) ave= 3.706E+05 +/- 20.15 % D(l=1) ave= 4.484E+05 +/- 0.00 % D(l=2) ave= 2.989E+05 +/- 0.00 % D(l=3) ave= 0.000E+00 +/- 0.00 %  % || S(l=0) ave= 1.931E-06 +/- 27.92 % S(l=1) ave= 1.748E-04 +/- 7.07 % S(l=2) ave= 1.905E-05 +/- 20.16 % S(l=3) ave= 0.000E+00 +/- 0.00 % 
 ... random file  244 Cap(th)  ave= 2.332E-02 b. +/- 37.19 % || Ela(th) ave= 2.464E+00 b. +/- 11.47 % || RIcap ave= 1.89E-02 b. +/- 19.46 % || Macs30 ave= 4.62E-03 b. +/- 0.47 % || Gn^0(l=0) ave= 4.823E-01 +/- 14.46 % Gn^0(l=1) ave= 1.428E+02 +/- 7.09 % Gn^0(l=2) ave= 8.235E+00 +/- 20.13 % Gn^0(l=3) ave= 0.000E+00 +/- 0.00 % || Gtotal(l=0) ave= 2.544E+02 +/- 37.62 % Gtotal(l=1) ave= 4.711E+04 +/- 0.00 % Gtotal(l=2) ave= 3.113E+02 +/- 0.00 % Gtotal(l=3) ave= 0.000E+00 +/- 0.00 %  % || Gg(l=0) ave= 4.236E+00 +/- 3.82 % Gg(l=1) ave= 1.732E+00 +/- 13.10 % Gg(l=2) ave= 5.122E+00 +/- 11.33 % Gg(l=3) ave= 0.000E+00 +/- 0.00 %  % || D(l=0) ave= 3.703E+05 +/- 20.16 % D(l=1) ave= 4.484E+05 +/- 0.00 % D(l=2) ave= 2.989E+05 +/- 0.00 % D(l=3) ave= 0.000E+00 +/- 0.00 %  % || S(l=0) ave= 1.933E-06 +/- 27.88 % S(l=1) ave= 1.748E-04 +/- 7.06 % S(l=2) ave= 1.906E-05 +/- 20.13 % S(l=3) ave= 0.000E+00 +/- 0.00 % 
 ... random file  245 Cap(th)  ave= 2.330E-02 b. +/- 37.18 % || Ela(th) ave= 2.466E+00 b. +/- 11.47 % || RIcap ave= 1.89E-02 b. +/- 19.44 % || Macs30 ave= 4.62E-03 b. +/- 0.47 % || Gn^0(l=0) ave= 4.826E-01 +/- 14.45 % Gn^0(l=1) ave= 1.427E+02 +/- 7.09 % Gn^0(l=2) ave= 8.228E+00 +/- 20.15 % Gn^0(l=3) ave= 0.000E+00 +/- 0.00 % || Gtotal(l=0) ave= 2.548E+02 +/- 37.56 % Gtotal(l=1) ave= 4.711E+04 +/- 0.00 % Gtotal(l=2) ave= 3.113E+02 +/- 0.00 % Gtotal(l=3) ave= 0.000E+00 +/- 0.00 %  % || Gg(l=0) ave= 4.236E+00 +/- 3.82 % Gg(l=1) ave= 1.731E+00 +/- 13.08 % Gg(l=2) ave= 5.129E+00 +/- 11.49 % Gg(l=3) ave= 0.000E+00 +/- 0.00 %  % || D(l=0) ave= 3.700E+05 +/- 20.17 % D(l=1) ave= 4.484E+05 +/- 0.00 % D(l=2) ave= 2.989E+05 +/- 0.00 % D(l=3) ave= 0.000E+00 +/- 0.00 %  % || S(l=0) ave= 1.935E-06 +/- 27.84 % S(l=1) ave= 1.748E-04 +/- 7.06 % S(l=2) ave= 1.905E-05 +/- 20.14 % S(l=3) ave= 0.000E+00 +/- 0.00 % 
 ... random file  246 Cap(th)  ave= 2.333E-02 b. +/- 37.10 % || Ela(th) ave= 2.465E+00 b. +/- 11.46 % || RIcap ave= 1.89E-02 b. +/- 19.41 % || Macs30 ave= 4.62E-03 b. +/- 0.47 % || Gn^0(l=0) ave= 4.829E-01 +/- 14.44 % Gn^0(l=1) ave= 1.428E+02 +/- 7.08 % Gn^0(l=2) ave= 8.233E+00 +/- 20.11 % Gn^0(l=3) ave= 0.000E+00 +/- 0.00 % || Gtotal(l=0) ave= 2.551E+02 +/- 37.50 % Gtotal(l=1) ave= 4.711E+04 +/- 0.00 % Gtotal(l=2) ave= 3.113E+02 +/- 0.00 % Gtotal(l=3) ave= 0.000E+00 +/- 0.00 %  % || Gg(l=0) ave= 4.237E+00 +/- 3.82 % Gg(l=1) ave= 1.731E+00 +/- 13.07 % Gg(l=2) ave= 5.127E+00 +/- 11.50 % Gg(l=3) ave= 0.000E+00 +/- 0.00 %  % || D(l=0) ave= 3.697E+05 +/- 20.18 % D(l=1) ave= 4.484E+05 +/- 0.00 % D(l=2) ave= 2.989E+05 +/- 0.00 % D(l=3) ave= 0.000E+00 +/- 0.00 %  % || S(l=0) ave= 1.937E-06 +/- 27.81 % S(l=1) ave= 1.748E-04 +/- 7.05 % S(l=2) ave= 1.906E-05 +/- 20.11 % S(l=3) ave= 0.000E+00 +/- 0.00 % 
 ... random file  247 Cap(th)  ave= 2.331E-02 b. +/- 37.06 % || Ela(th) ave= 2.466E+00 b. +/- 11.46 % || RIcap ave= 1.89E-02 b. +/- 19.38 % || Macs30 ave= 4.62E-03 b. +/- 0.47 % || Gn^0(l=0) ave= 4.826E-01 +/- 14.45 % Gn^0(l=1) ave= 1.427E+02 +/- 7.09 % Gn^0(l=2) ave= 8.225E+00 +/- 20.14 % Gn^0(l=3) ave= 0.000E+00 +/- 0.00 % || Gtotal(l=0) ave= 2.547E+02 +/- 37.56 % Gtotal(l=1) ave= 4.711E+04 +/- 0.00 % Gtotal(l=2) ave= 3.113E+02 +/- 0.00 % Gtotal(l=3) ave= 0.000E+00 +/- 0.00 %  % || Gg(l=0) ave= 4.237E+00 +/- 3.81 % Gg(l=1) ave= 1.732E+00 +/- 13.05 % Gg(l=2) ave= 5.129E+00 +/- 11.49 % Gg(l=3) ave= 0.000E+00 +/- 0.00 %  % || D(l=0) ave= 3.701E+05 +/- 20.17 % D(l=1) ave= 4.484E+05 +/- 0.00 % D(l=2) ave= 2.989E+05 +/- 0.00 % D(l=3) ave= 0.000E+00 +/- 0.00 %  % || S(l=0) ave= 1.935E-06 +/- 27.85 % S(l=1) ave= 1.748E-04 +/- 7.06 % S(l=2) ave= 1.904E-05 +/- 20.14 % S(l=3) ave= 0.000E+00 +/- 0.00 % 
 ... random file  248 Cap(th)  ave= 2.327E-02 b. +/- 37.20 % || Ela(th) ave= 2.465E+00 b. +/- 11.48 % || RIcap ave= 1.89E-02 b. +/- 19.43 % || Macs30 ave= 4.62E-03 b. +/- 0.47 % || Gn^0(l=0) ave= 4.823E-01 +/- 14.46 % Gn^0(l=1) ave= 1.428E+02 +/- 7.09 % Gn^0(l=2) ave= 8.234E+00 +/- 20.14 % Gn^0(l=3) ave= 0.000E+00 +/- 0.00 % || Gtotal(l=0) ave= 2.543E+02 +/- 37.63 % Gtotal(l=1) ave= 4.711E+04 +/- 0.00 % Gtotal(l=2) ave= 3.113E+02 +/- 0.00 % Gtotal(l=3) ave= 0.000E+00 +/- 0.00 %  % || Gg(l=0) ave= 4.237E+00 +/- 3.80 % Gg(l=1) ave= 1.734E+00 +/- 13.12 % Gg(l=2) ave= 5.131E+00 +/- 11.49 % Gg(l=3) ave= 0.000E+00 +/- 0.00 %  % || D(l=0) ave= 3.704E+05 +/- 20.16 % D(l=1) ave= 4.484E+05 +/- 0.00 % D(l=2) ave= 2.989E+05 +/- 0.00 % D(l=3) ave= 0.000E+00 +/- 0.00 %  % || S(l=0) ave= 1.933E-06 +/- 27.89 % S(l=1) ave= 1.748E-04 +/- 7.06 % S(l=2) ave= 1.906E-05 +/- 20.14 % S(l=3) ave= 0.000E+00 +/- 0.00 % 
 ... random file  249 Cap(th)  ave= 2.331E-02 b. +/- 37.17 % || Ela(th) ave= 2.466E+00 b. +/- 11.48 % || RIcap ave= 1.89E-02 b. +/- 19.44 % || Macs30 ave= 4.62E-03 b. +/- 0.47 % || Gn^0(l=0) ave= 4.820E-01 +/- 14.47 % Gn^0(l=1) ave= 1.427E+02 +/- 7.09 % Gn^0(l=2) ave= 8.227E+00 +/- 20.16 % Gn^0(l=3) ave= 0.000E+00 +/- 0.00 % || Gtotal(l=0) ave= 2.539E+02 +/- 37.70 % Gtotal(l=1) ave= 4.711E+04 +/- 0.00 % Gtotal(l=2) ave= 3.113E+02 +/- 0.00 % Gtotal(l=3) ave= 0.000E+00 +/- 0.00 %  % || Gg(l=0) ave= 4.237E+00 +/- 3.79 % Gg(l=1) ave= 1.734E+00 +/- 13.12 % Gg(l=2) ave= 5.132E+00 +/- 11.47 % Gg(l=3) ave= 0.000E+00 +/- 0.00 %  % || D(l=0) ave= 3.707E+05 +/- 20.15 % D(l=1) ave= 4.484E+05 +/- 0.00 % D(l=2) ave= 2.989E+05 +/- 0.00 % D(l=3) ave= 0.000E+00 +/- 0.00 %  % || S(l=0) ave= 1.931E-06 +/- 27.93 % S(l=1) ave= 1.748E-04 +/- 7.07 % S(l=2) ave= 1.905E-05 +/- 20.16 % S(l=3) ave= 0.000E+00 +/- 0.00 % 
 ... random file  250 Cap(th)  ave= 2.328E-02 b. +/- 37.18 % || Ela(th) ave= 2.465E+00 b. +/- 11.46 % || RIcap ave= 1.89E-02 b. +/- 19.43 % || Macs30 ave= 4.62E-03 b. +/- 0.46 % || Gn^0(l=0) ave= 4.817E-01 +/- 14.49 % Gn^0(l=1) ave= 1.427E+02 +/- 7.08 % Gn^0(l=2) ave= 8.229E+00 +/- 20.12 % Gn^0(l=3) ave= 0.000E+00 +/- 0.00 % || Gtotal(l=0) ave= 2.535E+02 +/- 37.76 % Gtotal(l=1) ave= 4.711E+04 +/- 0.00 % Gtotal(l=2) ave= 3.113E+02 +/- 0.00 % Gtotal(l=3) ave= 0.000E+00 +/- 0.00 %  % || Gg(l=0) ave= 4.238E+00 +/- 3.79 % Gg(l=1) ave= 1.733E+00 +/- 13.14 % Gg(l=2) ave= 5.131E+00 +/- 11.45 % Gg(l=3) ave= 0.000E+00 +/- 0.00 %  % || D(l=0) ave= 3.710E+05 +/- 20.13 % D(l=1) ave= 4.484E+05 +/- 0.00 % D(l=2) ave= 2.989E+05 +/- 0.00 % D(l=3) ave= 0.000E+00 +/- 0.00 %  % || S(l=0) ave= 1.928E-06 +/- 27.97 % S(l=1) ave= 1.748E-04 +/- 7.05 % S(l=2) ave= 1.905E-05 +/- 20.12 % S(l=3) ave= 0.000E+00 +/- 0.00 % 
 ... random file  251 Cap(th)  ave= 2.326E-02 b. +/- 37.17 % || Ela(th) ave= 2.467E+00 b. +/- 11.47 % || RIcap ave= 1.89E-02 b. +/- 19.42 % || Macs30 ave= 4.62E-03 b. +/- 0.46 % || Gn^0(l=0) ave= 4.819E-01 +/- 14.47 % Gn^0(l=1) ave= 1.427E+02 +/- 7.08 % Gn^0(l=2) ave= 8.222E+00 +/- 20.15 % Gn^0(l=3) ave= 0.000E+00 +/- 0.00 % || Gtotal(l=0) ave= 2.539E+02 +/- 37.70 % Gtotal(l=1) ave= 4.711E+04 +/- 0.00 % Gtotal(l=2) ave= 3.113E+02 +/- 0.00 % Gtotal(l=3) ave= 0.000E+00 +/- 0.00 %  % || Gg(l=0) ave= 4.236E+00 +/- 3.86 % Gg(l=1) ave= 1.735E+00 +/- 13.18 % Gg(l=2) ave= 5.133E+00 +/- 11.44 % Gg(l=3) ave= 0.000E+00 +/- 0.00 %  % || D(l=0) ave= 3.707E+05 +/- 20.14 % D(l=1) ave= 4.484E+05 +/- 0.00 % D(l=2) ave= 2.989E+05 +/- 0.00 % D(l=3) ave= 0.000E+00 +/- 0.00 %  % || S(l=0) ave= 1.930E-06 +/- 27.93 % S(l=1) ave= 1.747E-04 +/- 7.06 % S(l=2) ave= 1.903E-05 +/- 20.15 % S(l=3) ave= 0.000E+00 +/- 0.00 % 
 ... random file  252 Cap(th)  ave= 2.330E-02 b. +/- 37.13 % || Ela(th) ave= 2.468E+00 b. +/- 11.46 % || RIcap ave= 1.89E-02 b. +/- 19.41 % || Macs30 ave= 4.62E-03 b. +/- 0.46 % || Gn^0(l=0) ave= 4.817E-01 +/- 14.49 % Gn^0(l=1) ave= 1.427E+02 +/- 7.08 % Gn^0(l=2) ave= 8.216E+00 +/- 20.16 % Gn^0(l=3) ave= 0.000E+00 +/- 0.00 % || Gtotal(l=0) ave= 2.535E+02 +/- 37.77 % Gtotal(l=1) ave= 4.711E+04 +/- 0.00 % Gtotal(l=2) ave= 3.113E+02 +/- 0.00 % Gtotal(l=3) ave= 0.000E+00 +/- 0.00 %  % || Gg(l=0) ave= 4.236E+00 +/- 3.85 % Gg(l=1) ave= 1.734E+00 +/- 13.16 % Gg(l=2) ave= 5.131E+00 +/- 11.44 % Gg(l=3) ave= 0.000E+00 +/- 0.00 %  % || D(l=0) ave= 3.710E+05 +/- 20.13 % D(l=1) ave= 4.484E+05 +/- 0.00 % D(l=2) ave= 2.989E+05 +/- 0.00 % D(l=3) ave= 0.000E+00 +/- 0.00 %  % || S(l=0) ave= 1.928E-06 +/- 27.97 % S(l=1) ave= 1.747E-04 +/- 7.06 % S(l=2) ave= 1.902E-05 +/- 20.15 % S(l=3) ave= 0.000E+00 +/- 0.00 % 
 ... random file  253 Cap(th)  ave= 2.329E-02 b. +/- 37.09 % || Ela(th) ave= 2.468E+00 b. +/- 11.44 % || RIcap ave= 1.89E-02 b. +/- 19.38 % || Macs30 ave= 4.62E-03 b. +/- 0.46 % || Gn^0(l=0) ave= 4.819E-01 +/- 14.48 % Gn^0(l=1) ave= 1.427E+02 +/- 7.07 % Gn^0(l=2) ave= 8.215E+00 +/- 20.12 % Gn^0(l=3) ave= 0.000E+00 +/- 0.00 % || Gtotal(l=0) ave= 2.539E+02 +/- 37.71 % Gtotal(l=1) ave= 4.711E+04 +/- 0.00 % Gtotal(l=2) ave= 3.113E+02 +/- 0.00 % Gtotal(l=3) ave= 0.000E+00 +/- 0.00 %  % || Gg(l=0) ave= 4.235E+00 +/- 3.85 % Gg(l=1) ave= 1.735E+00 +/- 13.15 % Gg(l=2) ave= 5.131E+00 +/- 11.42 % Gg(l=3) ave= 0.000E+00 +/- 0.00 %  % || D(l=0) ave= 3.707E+05 +/- 20.14 % D(l=1) ave= 4.484E+05 +/- 0.00 % D(l=2) ave= 2.989E+05 +/- 0.00 % D(l=3) ave= 0.000E+00 +/- 0.00 %  % || S(l=0) ave= 1.930E-06 +/- 27.93 % S(l=1) ave= 1.747E-04 +/- 7.04 % S(l=2) ave= 1.902E-05 +/- 20.12 % S(l=3) ave= 0.000E+00 +/- 0.00 % 
 ... random file  254 Cap(th)  ave= 2.330E-02 b. +/- 37.00 % || Ela(th) ave= 2.467E+00 b. +/- 11.42 % || RIcap ave= 1.89E-02 b. +/- 19.34 % || Macs30 ave= 4.62E-03 b. +/- 0.46 % || Gn^0(l=0) ave= 4.822E-01 +/- 14.47 % Gn^0(l=1) ave= 1.427E+02 +/- 7.06 % Gn^0(l=2) ave= 8.217E+00 +/- 20.08 % Gn^0(l=3) ave= 0.000E+00 +/- 0.00 % || Gtotal(l=0) ave= 2.542E+02 +/- 37.65 % Gtotal(l=1) ave= 4.711E+04 +/- 0.00 % Gtotal(l=2) ave= 3.113E+02 +/- 0.00 % Gtotal(l=3) ave= 0.000E+00 +/- 0.00 %  % || Gg(l=0) ave= 4.234E+00 +/- 3.88 % Gg(l=1) ave= 1.736E+00 +/- 13.14 % Gg(l=2) ave= 5.129E+00 +/- 11.41 % Gg(l=3) ave= 0.000E+00 +/- 0.00 %  % || D(l=0) ave= 3.704E+05 +/- 20.16 % D(l=1) ave= 4.484E+05 +/- 0.00 % D(l=2) ave= 2.989E+05 +/- 0.00 % D(l=3) ave= 0.000E+00 +/- 0.00 %  % || S(l=0) ave= 1.932E-06 +/- 27.90 % S(l=1) ave= 1.747E-04 +/- 7.03 % S(l=2) ave= 1.902E-05 +/- 20.08 % S(l=3) ave= 0.000E+00 +/- 0.00 % 
 ... random file  255 Cap(th)  ave= 2.333E-02 b. +/- 36.94 % || Ela(th) ave= 2.468E+00 b. +/- 11.42 % || RIcap ave= 1.89E-02 b. +/- 19.32 % || Macs30 ave= 4.62E-03 b. +/- 0.46 % || Gn^0(l=0) ave= 4.824E-01 +/- 14.46 % Gn^0(l=1) ave= 1.426E+02 +/- 7.06 % Gn^0(l=2) ave= 8.211E+00 +/- 20.10 % Gn^0(l=3) ave= 0.000E+00 +/- 0.00 % || Gtotal(l=0) ave= 2.546E+02 +/- 37.59 % Gtotal(l=1) ave= 4.711E+04 +/- 0.00 % Gtotal(l=2) ave= 3.113E+02 +/- 0.00 % Gtotal(l=3) ave= 0.000E+00 +/- 0.00 %  % || Gg(l=0) ave= 4.233E+00 +/- 3.89 % Gg(l=1) ave= 1.736E+00 +/- 13.12 % Gg(l=2) ave= 5.132E+00 +/- 11.43 % Gg(l=3) ave= 0.000E+00 +/- 0.00 %  % || D(l=0) ave= 3.702E+05 +/- 20.17 % D(l=1) ave= 4.484E+05 +/- 0.00 % D(l=2) ave= 2.989E+05 +/- 0.00 % D(l=3) ave= 0.000E+00 +/- 0.00 %  % || S(l=0) ave= 1.934E-06 +/- 27.87 % S(l=1) ave= 1.747E-04 +/- 7.03 % S(l=2) ave= 1.901E-05 +/- 20.10 % S(l=3) ave= 0.000E+00 +/- 0.00 % 
 ... random file  256 Cap(th)  ave= 2.330E-02 b. +/- 36.95 % || Ela(th) ave= 2.469E+00 b. +/- 11.41 % || RIcap ave= 1.89E-02 b. +/- 19.32 % || Macs30 ave= 4.62E-03 b. +/- 0.46 % || Gn^0(l=0) ave= 4.827E-01 +/- 14.44 % Gn^0(l=1) ave= 1.426E+02 +/- 7.06 % Gn^0(l=2) ave= 8.205E+00 +/- 20.11 % Gn^0(l=3) ave= 0.000E+00 +/- 0.00 % || Gtotal(l=0) ave= 2.549E+02 +/- 37.53 % Gtotal(l=1) ave= 4.711E+04 +/- 0.00 % Gtotal(l=2) ave= 3.113E+02 +/- 0.00 % Gtotal(l=3) ave= 0.000E+00 +/- 0.00 %  % || Gg(l=0) ave= 4.233E+00 +/- 3.89 % Gg(l=1) ave= 1.736E+00 +/- 13.10 % Gg(l=2) ave= 5.131E+00 +/- 11.42 % Gg(l=3) ave= 0.000E+00 +/- 0.00 %  % || D(l=0) ave= 3.699E+05 +/- 20.18 % D(l=1) ave= 4.484E+05 +/- 0.00 % D(l=2) ave= 2.989E+05 +/- 0.00 % D(l=3) ave= 0.000E+00 +/- 0.00 %  % || S(l=0) ave= 1.936E-06 +/- 27.83 % S(l=1) ave= 1.746E-04 +/- 7.03 % S(l=2) ave= 1.899E-05 +/- 20.11 % S(l=3) ave= 0.000E+00 +/- 0.00 % 
 ... random file  257 Cap(th)  ave= 2.326E-02 b. +/- 37.05 % || Ela(th) ave= 2.468E+00 b. +/- 11.41 % || RIcap ave= 1.89E-02 b. +/- 19.35 % || Macs30 ave= 4.62E-03 b. +/- 0.46 % || Gn^0(l=0) ave= 4.824E-01 +/- 14.46 % Gn^0(l=1) ave= 1.426E+02 +/- 7.06 % Gn^0(l=2) ave= 8.209E+00 +/- 20.08 % Gn^0(l=3) ave= 0.000E+00 +/- 0.00 % || Gtotal(l=0) ave= 2.546E+02 +/- 37.59 % Gtotal(l=1) ave= 4.711E+04 +/- 0.00 % Gtotal(l=2) ave= 3.113E+02 +/- 0.00 % Gtotal(l=3) ave= 0.000E+00 +/- 0.00 %  % || Gg(l=0) ave= 4.233E+00 +/- 3.88 % Gg(l=1) ave= 1.738E+00 +/- 13.20 % Gg(l=2) ave= 5.132E+00 +/- 11.40 % Gg(l=3) ave= 0.000E+00 +/- 0.00 %  % || D(l=0) ave= 3.702E+05 +/- 20.17 % D(l=1) ave= 4.484E+05 +/- 0.00 % D(l=2) ave= 2.989E+05 +/- 0.00 % D(l=3) ave= 0.000E+00 +/- 0.00 %  % || S(l=0) ave= 1.934E-06 +/- 27.87 % S(l=1) ave= 1.747E-04 +/- 7.03 % S(l=2) ave= 1.901E-05 +/- 20.07 % S(l=3) ave= 0.000E+00 +/- 0.00 % 
 ... random file  258 Cap(th)  ave= 2.331E-02 b. +/- 37.04 % || Ela(th) ave= 2.470E+00 b. +/- 11.41 % || RIcap ave= 1.89E-02 b. +/- 19.37 % || Macs30 ave= 4.62E-03 b. +/- 0.46 % || Gn^0(l=0) ave= 4.827E-01 +/- 14.45 % Gn^0(l=1) ave= 1.426E+02 +/- 7.06 % Gn^0(l=2) ave= 8.202E+00 +/- 20.10 % Gn^0(l=3) ave= 0.000E+00 +/- 0.00 % || Gtotal(l=0) ave= 2.549E+02 +/- 37.53 % Gtotal(l=1) ave= 4.711E+04 +/- 0.00 % Gtotal(l=2) ave= 3.113E+02 +/- 0.00 % Gtotal(l=3) ave= 0.000E+00 +/- 0.00 %  % || Gg(l=0) ave= 4.233E+00 +/- 3.88 % Gg(l=1) ave= 1.737E+00 +/- 13.21 % Gg(l=2) ave= 5.130E+00 +/- 11.40 % Gg(l=3) ave= 0.000E+00 +/- 0.00 %  % || D(l=0) ave= 3.699E+05 +/- 20.18 % D(l=1) ave= 4.484E+05 +/- 0.00 % D(l=2) ave= 2.989E+05 +/- 0.00 % D(l=3) ave= 0.000E+00 +/- 0.00 %  % || S(l=0) ave= 1.936E-06 +/- 27.84 % S(l=1) ave= 1.746E-04 +/- 7.03 % S(l=2) ave= 1.899E-05 +/- 20.10 % S(l=3) ave= 0.000E+00 +/- 0.00 % 
 ... random file  259 Cap(th)  ave= 2.331E-02 b. +/- 36.97 % || Ela(th) ave= 2.469E+00 b. +/- 11.40 % || RIcap ave= 1.89E-02 b. +/- 19.33 % || Macs30 ave= 4.62E-03 b. +/- 0.46 % || Gn^0(l=0) ave= 4.829E-01 +/- 14.44 % Gn^0(l=1) ave= 1.426E+02 +/- 7.05 % Gn^0(l=2) ave= 8.205E+00 +/- 20.07 % Gn^0(l=3) ave= 0.000E+00 +/- 0.00 % || Gtotal(l=0) ave= 2.553E+02 +/- 37.48 % Gtotal(l=1) ave= 4.711E+04 +/- 0.00 % Gtotal(l=2) ave= 3.113E+02 +/- 0.00 % Gtotal(l=3) ave= 0.000E+00 +/- 0.00 %  % || Gg(l=0) ave= 4.233E+00 +/- 3.87 % Gg(l=1) ave= 1.738E+00 +/- 13.19 % Gg(l=2) ave= 5.130E+00 +/- 11.38 % Gg(l=3) ave= 0.000E+00 +/- 0.00 %  % || D(l=0) ave= 3.696E+05 +/- 20.19 % D(l=1) ave= 4.484E+05 +/- 0.00 % D(l=2) ave= 2.989E+05 +/- 0.00 % D(l=3) ave= 0.000E+00 +/- 0.00 %  % || S(l=0) ave= 1.938E-06 +/- 27.80 % S(l=1) ave= 1.746E-04 +/- 7.02 % S(l=2) ave= 1.900E-05 +/- 20.06 % S(l=3) ave= 0.000E+00 +/- 0.00 % 
 ... random file  260 Cap(th)  ave= 2.345E-02 b. +/- 37.88 % || Ela(th) ave= 2.468E+00 b. +/- 11.41 % || RIcap ave= 1.90E-02 b. +/- 19.86 % || Macs30 ave= 4.62E-03 b. +/- 0.46 % || Gn^0(l=0) ave= 4.826E-01 +/- 14.45 % Gn^0(l=1) ave= 1.427E+02 +/- 7.05 % Gn^0(l=2) ave= 8.212E+00 +/- 20.05 % Gn^0(l=3) ave= 0.000E+00 +/- 0.00 % || Gtotal(l=0) ave= 2.549E+02 +/- 37.54 % Gtotal(l=1) ave= 4.711E+04 +/- 0.00 % Gtotal(l=2) ave= 3.113E+02 +/- 0.00 % Gtotal(l=3) ave= 0.000E+00 +/- 0.00 %  % || Gg(l=0) ave= 4.234E+00 +/- 3.87 % Gg(l=1) ave= 1.737E+00 +/- 13.21 % Gg(l=2) ave= 5.131E+00 +/- 11.36 % Gg(l=3) ave= 0.000E+00 +/- 0.00 %  % || D(l=0) ave= 3.699E+05 +/- 20.18 % D(l=1) ave= 4.484E+05 +/- 0.00 % D(l=2) ave= 2.989E+05 +/- 0.00 % D(l=3) ave= 0.000E+00 +/- 0.00 %  % || S(l=0) ave= 1.936E-06 +/- 27.84 % S(l=1) ave= 1.747E-04 +/- 7.02 % S(l=2) ave= 1.901E-05 +/- 20.05 % S(l=3) ave= 0.000E+00 +/- 0.00 % 
 ... random file  261 Cap(th)  ave= 2.348E-02 b. +/- 37.82 % || Ela(th) ave= 2.467E+00 b. +/- 11.42 % || RIcap ave= 1.90E-02 b. +/- 19.83 % || Macs30 ave= 4.62E-03 b. +/- 0.46 % || Gn^0(l=0) ave= 4.824E-01 +/- 14.46 % Gn^0(l=1) ave= 1.427E+02 +/- 7.05 % Gn^0(l=2) ave= 8.219E+00 +/- 20.05 % Gn^0(l=3) ave= 0.000E+00 +/- 0.00 % || Gtotal(l=0) ave= 2.545E+02 +/- 37.60 % Gtotal(l=1) ave= 4.711E+04 +/- 0.00 % Gtotal(l=2) ave= 3.113E+02 +/- 0.00 % Gtotal(l=3) ave= 0.000E+00 +/- 0.00 %  % || Gg(l=0) ave= 4.234E+00 +/- 3.86 % Gg(l=1) ave= 1.736E+00 +/- 13.20 % Gg(l=2) ave= 5.130E+00 +/- 11.33 % Gg(l=3) ave= 0.000E+00 +/- 0.00 %  % || D(l=0) ave= 3.702E+05 +/- 20.16 % D(l=1) ave= 4.484E+05 +/- 0.00 % D(l=2) ave= 2.989E+05 +/- 0.00 % D(l=3) ave= 0.000E+00 +/- 0.00 %  % || S(l=0) ave= 1.934E-06 +/- 27.87 % S(l=1) ave= 1.747E-04 +/- 7.02 % S(l=2) ave= 1.903E-05 +/- 20.04 % S(l=3) ave= 0.000E+00 +/- 0.00 % 
 ... random file  262 Cap(th)  ave= 2.349E-02 b. +/- 37.73 % || Ela(th) ave= 2.466E+00 b. +/- 11.40 % || RIcap ave= 1.90E-02 b. +/- 19.80 % || Macs30 ave= 4.62E-03 b. +/- 0.46 % || Gn^0(l=0) ave= 4.821E-01 +/- 14.47 % Gn^0(l=1) ave= 1.427E+02 +/- 7.04 % Gn^0(l=2) ave= 8.220E+00 +/- 20.01 % Gn^0(l=3) ave= 0.000E+00 +/- 0.00 % || Gtotal(l=0) ave= 2.541E+02 +/- 37.67 % Gtotal(l=1) ave= 4.711E+04 +/- 0.00 % Gtotal(l=2) ave= 3.113E+02 +/- 0.00 % Gtotal(l=3) ave= 0.000E+00 +/- 0.00 %  % || Gg(l=0) ave= 4.234E+00 +/- 3.85 % Gg(l=1) ave= 1.735E+00 +/- 13.20 % Gg(l=2) ave= 5.131E+00 +/- 11.31 % Gg(l=3) ave= 0.000E+00 +/- 0.00 %  % || D(l=0) ave= 3.705E+05 +/- 20.15 % D(l=1) ave= 4.484E+05 +/- 0.00 % D(l=2) ave= 2.989E+05 +/- 0.00 % D(l=3) ave= 0.000E+00 +/- 0.00 %  % || S(l=0) ave= 1.932E-06 +/- 27.91 % S(l=1) ave= 1.747E-04 +/- 7.01 % S(l=2) ave= 1.903E-05 +/- 20.00 % S(l=3) ave= 0.000E+00 +/- 0.00 % 
 ... random file  263 Cap(th)  ave= 2.351E-02 b. +/- 37.65 % || Ela(th) ave= 2.467E+00 b. +/- 11.39 % || RIcap ave= 1.90E-02 b. +/- 19.76 % || Macs30 ave= 4.62E-03 b. +/- 0.46 % || Gn^0(l=0) ave= 4.823E-01 +/- 14.46 % Gn^0(l=1) ave= 1.427E+02 +/- 7.04 % Gn^0(l=2) ave= 8.214E+00 +/- 20.02 % Gn^0(l=3) ave= 0.000E+00 +/- 0.00 % || Gtotal(l=0) ave= 2.545E+02 +/- 37.61 % Gtotal(l=1) ave= 4.711E+04 +/- 0.00 % Gtotal(l=2) ave= 3.113E+02 +/- 0.00 % Gtotal(l=3) ave= 0.000E+00 +/- 0.00 %  % || Gg(l=0) ave= 4.234E+00 +/- 3.85 % Gg(l=1) ave= 1.736E+00 +/- 13.19 % Gg(l=2) ave= 5.130E+00 +/- 11.29 % Gg(l=3) ave= 0.000E+00 +/- 0.00 %  % || D(l=0) ave= 3.703E+05 +/- 20.16 % D(l=1) ave= 4.484E+05 +/- 0.00 % D(l=2) ave= 2.989E+05 +/- 0.00 % D(l=3) ave= 0.000E+00 +/- 0.00 %  % || S(l=0) ave= 1.933E-06 +/- 27.88 % S(l=1) ave= 1.747E-04 +/- 7.01 % S(l=2) ave= 1.902E-05 +/- 20.01 % S(l=3) ave= 0.000E+00 +/- 0.00 % 
 ... random file  264 Cap(th)  ave= 2.349E-02 b. +/- 37.63 % || Ela(th) ave= 2.467E+00 b. +/- 11.37 % || RIcap ave= 1.90E-02 b. +/- 19.74 % || Macs30 ave= 4.62E-03 b. +/- 0.46 % || Gn^0(l=0) ave= 4.826E-01 +/- 14.44 % Gn^0(l=1) ave= 1.427E+02 +/- 7.03 % Gn^0(l=2) ave= 8.214E+00 +/- 19.98 % Gn^0(l=3) ave= 0.000E+00 +/- 0.00 % || Gtotal(l=0) ave= 2.548E+02 +/- 37.55 % Gtotal(l=1) ave= 4.711E+04 +/- 0.00 % Gtotal(l=2) ave= 3.113E+02 +/- 0.00 % Gtotal(l=3) ave= 0.000E+00 +/- 0.00 %  % || Gg(l=0) ave= 4.234E+00 +/- 3.84 % Gg(l=1) ave= 1.736E+00 +/- 13.16 % Gg(l=2) ave= 5.130E+00 +/- 11.27 % Gg(l=3) ave= 0.000E+00 +/- 0.00 %  % || D(l=0) ave= 3.700E+05 +/- 20.17 % D(l=1) ave= 4.484E+05 +/- 0.00 % D(l=2) ave= 2.989E+05 +/- 0.00 % D(l=3) ave= 0.000E+00 +/- 0.00 %  % || S(l=0) ave= 1.935E-06 +/- 27.84 % S(l=1) ave= 1.747E-04 +/- 7.00 % S(l=2) ave= 1.902E-05 +/- 19.97 % S(l=3) ave= 0.000E+00 +/- 0.00 % 
 ... random file  265 Cap(th)  ave= 2.348E-02 b. +/- 37.59 % || Ela(th) ave= 2.468E+00 b. +/- 11.36 % || RIcap ave= 1.90E-02 b. +/- 19.72 % || Macs30 ave= 4.62E-03 b. +/- 0.46 % || Gn^0(l=0) ave= 4.823E-01 +/- 14.45 % Gn^0(l=1) ave= 1.426E+02 +/- 7.02 % Gn^0(l=2) ave= 8.209E+00 +/- 19.98 % Gn^0(l=3) ave= 0.000E+00 +/- 0.00 % || Gtotal(l=0) ave= 2.544E+02 +/- 37.62 % Gtotal(l=1) ave= 4.711E+04 +/- 0.00 % Gtotal(l=2) ave= 3.113E+02 +/- 0.00 % Gtotal(l=3) ave= 0.000E+00 +/- 0.00 %  % || Gg(l=0) ave= 4.234E+00 +/- 3.84 % Gg(l=1) ave= 1.736E+00 +/- 13.14 % Gg(l=2) ave= 5.133E+00 +/- 11.28 % Gg(l=3) ave= 0.000E+00 +/- 0.00 %  % || D(l=0) ave= 3.703E+05 +/- 20.16 % D(l=1) ave= 4.484E+05 +/- 0.00 % D(l=2) ave= 2.989E+05 +/- 0.00 % D(l=3) ave= 0.000E+00 +/- 0.00 %  % || S(l=0) ave= 1.933E-06 +/- 27.88 % S(l=1) ave= 1.747E-04 +/- 7.00 % S(l=2) ave= 1.900E-05 +/- 19.98 % S(l=3) ave= 0.000E+00 +/- 0.00 % 
 ... random file  266 Cap(th)  ave= 2.350E-02 b. +/- 37.52 % || Ela(th) ave= 2.469E+00 b. +/- 11.35 % || RIcap ave= 1.90E-02 b. +/- 19.69 % || Macs30 ave= 4.62E-03 b. +/- 0.46 % || Gn^0(l=0) ave= 4.826E-01 +/- 14.44 % Gn^0(l=1) ave= 1.426E+02 +/- 7.02 % Gn^0(l=2) ave= 8.203E+00 +/- 19.99 % Gn^0(l=3) ave= 0.000E+00 +/- 0.00 % || Gtotal(l=0) ave= 2.548E+02 +/- 37.56 % Gtotal(l=1) ave= 4.711E+04 +/- 0.00 % Gtotal(l=2) ave= 3.113E+02 +/- 0.00 % Gtotal(l=3) ave= 0.000E+00 +/- 0.00 %  % || Gg(l=0) ave= 4.233E+00 +/- 3.84 % Gg(l=1) ave= 1.735E+00 +/- 13.16 % Gg(l=2) ave= 5.137E+00 +/- 11.31 % Gg(l=3) ave= 0.000E+00 +/- 0.00 %  % || D(l=0) ave= 3.700E+05 +/- 20.17 % D(l=1) ave= 4.484E+05 +/- 0.00 % D(l=2) ave= 2.989E+05 +/- 0.00 % D(l=3) ave= 0.000E+00 +/- 0.00 %  % || S(l=0) ave= 1.935E-06 +/- 27.84 % S(l=1) ave= 1.746E-04 +/- 7.00 % S(l=2) ave= 1.899E-05 +/- 19.98 % S(l=3) ave= 0.000E+00 +/- 0.00 % 
 ... random file  267 Cap(th)  ave= 2.357E-02 b. +/- 37.62 % || Ela(th) ave= 2.470E+00 b. +/- 11.35 % || RIcap ave= 1.90E-02 b. +/- 19.77 % || Macs30 ave= 4.62E-03 b. +/- 0.46 % || Gn^0(l=0) ave= 4.823E-01 +/- 14.46 % Gn^0(l=1) ave= 1.426E+02 +/- 7.03 % Gn^0(l=2) ave= 8.197E+00 +/- 20.01 % Gn^0(l=3) ave= 0.000E+00 +/- 0.00 % || Gtotal(l=0) ave= 2.544E+02 +/- 37.62 % Gtotal(l=1) ave= 4.711E+04 +/- 0.00 % Gtotal(l=2) ave= 3.113E+02 +/- 0.00 % Gtotal(l=3) ave= 0.000E+00 +/- 0.00 %  % || Gg(l=0) ave= 4.234E+00 +/- 3.83 % Gg(l=1) ave= 1.736E+00 +/- 13.16 % Gg(l=2) ave= 5.139E+00 +/- 11.30 % Gg(l=3) ave= 0.000E+00 +/- 0.00 %  % || D(l=0) ave= 3.703E+05 +/- 20.16 % D(l=1) ave= 4.484E+05 +/- 0.00 % D(l=2) ave= 2.989E+05 +/- 0.00 % D(l=3) ave= 0.000E+00 +/- 0.00 %  % || S(l=0) ave= 1.933E-06 +/- 27.88 % S(l=1) ave= 1.746E-04 +/- 7.00 % S(l=2) ave= 1.898E-05 +/- 20.01 % S(l=3) ave= 0.000E+00 +/- 0.00 % 
 ... random file  268 Cap(th)  ave= 2.357E-02 b. +/- 37.54 % || Ela(th) ave= 2.469E+00 b. +/- 11.37 % || RIcap ave= 1.90E-02 b. +/- 19.73 % || Macs30 ave= 4.62E-03 b. +/- 0.46 % || Gn^0(l=0) ave= 4.825E-01 +/- 14.45 % Gn^0(l=1) ave= 1.426E+02 +/- 7.03 % Gn^0(l=2) ave= 8.204E+00 +/- 20.01 % Gn^0(l=3) ave= 0.000E+00 +/- 0.00 % || Gtotal(l=0) ave= 2.547E+02 +/- 37.56 % Gtotal(l=1) ave= 4.711E+04 +/- 0.00 % Gtotal(l=2) ave= 3.113E+02 +/- 0.00 % Gtotal(l=3) ave= 0.000E+00 +/- 0.00 %  % || Gg(l=0) ave= 4.234E+00 +/- 3.82 % Gg(l=1) ave= 1.737E+00 +/- 13.16 % Gg(l=2) ave= 5.137E+00 +/- 11.31 % Gg(l=3) ave= 0.000E+00 +/- 0.00 %  % || D(l=0) ave= 3.701E+05 +/- 20.17 % D(l=1) ave= 4.484E+05 +/- 0.00 % D(l=2) ave= 2.989E+05 +/- 0.00 % D(l=3) ave= 0.000E+00 +/- 0.00 %  % || S(l=0) ave= 1.935E-06 +/- 27.85 % S(l=1) ave= 1.746E-04 +/- 7.00 % S(l=2) ave= 1.899E-05 +/- 20.00 % S(l=3) ave= 0.000E+00 +/- 0.00 % 
 ... random file  269 Cap(th)  ave= 2.358E-02 b. +/- 37.46 % || Ela(th) ave= 2.468E+00 b. +/- 11.37 % || RIcap ave= 1.90E-02 b. +/- 19.69 % || Macs30 ave= 4.62E-03 b. +/- 0.46 % || Gn^0(l=0) ave= 4.823E-01 +/- 14.46 % Gn^0(l=1) ave= 1.426E+02 +/- 7.03 % Gn^0(l=2) ave= 8.210E+00 +/- 20.00 % Gn^0(l=3) ave= 0.000E+00 +/- 0.00 % || Gtotal(l=0) ave= 2.544E+02 +/- 37.63 % Gtotal(l=1) ave= 4.711E+04 +/- 0.00 % Gtotal(l=2) ave= 3.113E+02 +/- 0.00 % Gtotal(l=3) ave= 0.000E+00 +/- 0.00 %  % || Gg(l=0) ave= 4.234E+00 +/- 3.82 % Gg(l=1) ave= 1.736E+00 +/- 13.16 % Gg(l=2) ave= 5.134E+00 +/- 11.32 % Gg(l=3) ave= 0.000E+00 +/- 0.00 %  % || D(l=0) ave= 3.704E+05 +/- 20.16 % D(l=1) ave= 4.484E+05 +/- 0.00 % D(l=2) ave= 2.989E+05 +/- 0.00 % D(l=3) ave= 0.000E+00 +/- 0.00 %  % || S(l=0) ave= 1.933E-06 +/- 27.89 % S(l=1) ave= 1.747E-04 +/- 7.00 % S(l=2) ave= 1.901E-05 +/- 19.99 % S(l=3) ave= 0.000E+00 +/- 0.00 % 
 ... random file  270 Cap(th)  ave= 2.360E-02 b. +/- 37.39 % || Ela(th) ave= 2.469E+00 b. +/- 11.36 % || RIcap ave= 1.90E-02 b. +/- 19.66 % || Macs30 ave= 4.62E-03 b. +/- 0.47 % || Gn^0(l=0) ave= 4.820E-01 +/- 14.47 % Gn^0(l=1) ave= 1.426E+02 +/- 7.03 % Gn^0(l=2) ave= 8.205E+00 +/- 19.99 % Gn^0(l=3) ave= 0.000E+00 +/- 0.00 % || Gtotal(l=0) ave= 2.540E+02 +/- 37.69 % Gtotal(l=1) ave= 4.711E+04 +/- 0.00 % Gtotal(l=2) ave= 3.113E+02 +/- 0.00 % Gtotal(l=3) ave= 0.000E+00 +/- 0.00 %  % || Gg(l=0) ave= 4.234E+00 +/- 3.81 % Gg(l=1) ave= 1.735E+00 +/- 13.15 % Gg(l=2) ave= 5.131E+00 +/- 11.35 % Gg(l=3) ave= 0.000E+00 +/- 0.00 %  % || D(l=0) ave= 3.706E+05 +/- 20.15 % D(l=1) ave= 4.484E+05 +/- 0.00 % D(l=2) ave= 2.989E+05 +/- 0.00 % D(l=3) ave= 0.000E+00 +/- 0.00 %  % || S(l=0) ave= 1.931E-06 +/- 27.92 % S(l=1) ave= 1.746E-04 +/- 7.00 % S(l=2) ave= 1.900E-05 +/- 19.99 % S(l=3) ave= 0.000E+00 +/- 0.00 % 
 ... random file  271 Cap(th)  ave= 2.357E-02 b. +/- 37.40 % || Ela(th) ave= 2.468E+00 b. +/- 11.37 % || RIcap ave= 1.90E-02 b. +/- 19.66 % || Macs30 ave= 4.62E-03 b. +/- 0.47 % || Gn^0(l=0) ave= 4.822E-01 +/- 14.46 % Gn^0(l=1) ave= 1.427E+02 +/- 7.03 % Gn^0(l=2) ave= 8.212E+00 +/- 19.99 % Gn^0(l=3) ave= 0.000E+00 +/- 0.00 % || Gtotal(l=0) ave= 2.543E+02 +/- 37.63 % Gtotal(l=1) ave= 4.711E+04 +/- 0.00 % Gtotal(l=2) ave= 3.113E+02 +/- 0.00 % Gtotal(l=3) ave= 0.000E+00 +/- 0.00 %  % || Gg(l=0) ave= 4.234E+00 +/- 3.82 % Gg(l=1) ave= 1.735E+00 +/- 13.14 % Gg(l=2) ave= 5.131E+00 +/- 11.33 % Gg(l=3) ave= 0.000E+00 +/- 0.00 %  % || D(l=0) ave= 3.704E+05 +/- 20.16 % D(l=1) ave= 4.484E+05 +/- 0.00 % D(l=2) ave= 2.989E+05 +/- 0.00 % D(l=3) ave= 0.000E+00 +/- 0.00 %  % || S(l=0) ave= 1.933E-06 +/- 27.89 % S(l=1) ave= 1.747E-04 +/- 7.00 % S(l=2) ave= 1.901E-05 +/- 19.98 % S(l=3) ave= 0.000E+00 +/- 0.00 % 
 ... random file  272 Cap(th)  ave= 2.357E-02 b. +/- 37.34 % || Ela(th) ave= 2.466E+00 b. +/- 11.38 % || RIcap ave= 1.90E-02 b. +/- 19.62 % || Macs30 ave= 4.62E-03 b. +/- 0.46 % || Gn^0(l=0) ave= 4.825E-01 +/- 14.45 % Gn^0(l=1) ave= 1.427E+02 +/- 7.03 % Gn^0(l=2) ave= 8.219E+00 +/- 19.98 % Gn^0(l=3) ave= 0.000E+00 +/- 0.00 % || Gtotal(l=0) ave= 2.547E+02 +/- 37.58 % Gtotal(l=1) ave= 4.711E+04 +/- 0.00 % Gtotal(l=2) ave= 3.113E+02 +/- 0.00 % Gtotal(l=3) ave= 0.000E+00 +/- 0.00 %  % || Gg(l=0) ave= 4.234E+00 +/- 3.81 % Gg(l=1) ave= 1.735E+00 +/- 13.12 % Gg(l=2) ave= 5.133E+00 +/- 11.32 % Gg(l=3) ave= 0.000E+00 +/- 0.00 %  % || D(l=0) ave= 3.701E+05 +/- 20.17 % D(l=1) ave= 4.484E+05 +/- 0.00 % D(l=2) ave= 2.989E+05 +/- 0.00 % D(l=3) ave= 0.000E+00 +/- 0.00 %  % || S(l=0) ave= 1.935E-06 +/- 27.85 % S(l=1) ave= 1.747E-04 +/- 7.00 % S(l=2) ave= 1.903E-05 +/- 19.98 % S(l=3) ave= 0.000E+00 +/- 0.00 % 
 ... random file  273 Cap(th)  ave= 2.354E-02 b. +/- 37.37 % || Ela(th) ave= 2.467E+00 b. +/- 11.36 % || RIcap ave= 1.90E-02 b. +/- 19.63 % || Macs30 ave= 4.62E-03 b. +/- 0.47 % || Gn^0(l=0) ave= 4.822E-01 +/- 14.46 % Gn^0(l=1) ave= 1.427E+02 +/- 7.02 % Gn^0(l=2) ave= 8.216E+00 +/- 19.97 % Gn^0(l=3) ave= 0.000E+00 +/- 0.00 % || Gtotal(l=0) ave= 2.543E+02 +/- 37.64 % Gtotal(l=1) ave= 4.711E+04 +/- 0.00 % Gtotal(l=2) ave= 3.113E+02 +/- 0.00 % Gtotal(l=3) ave= 0.000E+00 +/- 0.00 %  % || Gg(l=0) ave= 4.234E+00 +/- 3.81 % Gg(l=1) ave= 1.736E+00 +/- 13.10 % Gg(l=2) ave= 5.131E+00 +/- 11.34 % Gg(l=3) ave= 0.000E+00 +/- 0.00 %  % || D(l=0) ave= 3.704E+05 +/- 20.16 % D(l=1) ave= 4.484E+05 +/- 0.00 % D(l=2) ave= 2.989E+05 +/- 0.00 % D(l=3) ave= 0.000E+00 +/- 0.00 %  % || S(l=0) ave= 1.933E-06 +/- 27.89 % S(l=1) ave= 1.747E-04 +/- 6.99 % S(l=2) ave= 1.902E-05 +/- 19.96 % S(l=3) ave= 0.000E+00 +/- 0.00 % 
 ... random file  274 Cap(th)  ave= 2.351E-02 b. +/- 37.41 % || Ela(th) ave= 2.466E+00 b. +/- 11.37 % || RIcap ave= 1.90E-02 b. +/- 19.64 % || Macs30 ave= 4.62E-03 b. +/- 0.47 % || Gn^0(l=0) ave= 4.819E-01 +/- 14.47 % Gn^0(l=1) ave= 1.427E+02 +/- 7.02 % Gn^0(l=2) ave= 8.222E+00 +/- 19.96 % Gn^0(l=3) ave= 0.000E+00 +/- 0.00 % || Gtotal(l=0) ave= 2.539E+02 +/- 37.70 % Gtotal(l=1) ave= 4.711E+04 +/- 0.00 % Gtotal(l=2) ave= 3.113E+02 +/- 0.00 % Gtotal(l=3) ave= 0.000E+00 +/- 0.00 %  % || Gg(l=0) ave= 4.235E+00 +/- 3.80 % Gg(l=1) ave= 1.736E+00 +/- 13.07 % Gg(l=2) ave= 5.130E+00 +/- 11.32 % Gg(l=3) ave= 0.000E+00 +/- 0.00 %  % || D(l=0) ave= 3.707E+05 +/- 20.15 % D(l=1) ave= 4.484E+05 +/- 0.00 % D(l=2) ave= 2.989E+05 +/- 0.00 % D(l=3) ave= 0.000E+00 +/- 0.00 %  % || S(l=0) ave= 1.930E-06 +/- 27.92 % S(l=1) ave= 1.747E-04 +/- 7.00 % S(l=2) ave= 1.903E-05 +/- 19.95 % S(l=3) ave= 0.000E+00 +/- 0.00 % 
 ... random file  275 Cap(th)  ave= 2.351E-02 b. +/- 37.34 % || Ela(th) ave= 2.465E+00 b. +/- 11.36 % || RIcap ave= 1.90E-02 b. +/- 19.60 % || Macs30 ave= 4.62E-03 b. +/- 0.47 % || Gn^0(l=0) ave= 4.817E-01 +/- 14.48 % Gn^0(l=1) ave= 1.427E+02 +/- 7.01 % Gn^0(l=2) ave= 8.223E+00 +/- 19.92 % Gn^0(l=3) ave= 0.000E+00 +/- 0.00 % || Gtotal(l=0) ave= 2.536E+02 +/- 37.76 % Gtotal(l=1) ave= 4.711E+04 +/- 0.00 % Gtotal(l=2) ave= 3.113E+02 +/- 0.00 % Gtotal(l=3) ave= 0.000E+00 +/- 0.00 %  % || Gg(l=0) ave= 4.235E+00 +/- 3.79 % Gg(l=1) ave= 1.735E+00 +/- 13.06 % Gg(l=2) ave= 5.131E+00 +/- 11.31 % Gg(l=3) ave= 0.000E+00 +/- 0.00 %  % || D(l=0) ave= 3.710E+05 +/- 20.13 % D(l=1) ave= 4.484E+05 +/- 0.00 % D(l=2) ave= 2.989E+05 +/- 0.00 % D(l=3) ave= 0.000E+00 +/- 0.00 %  % || S(l=0) ave= 1.928E-06 +/- 27.95 % S(l=1) ave= 1.748E-04 +/- 6.99 % S(l=2) ave= 1.904E-05 +/- 19.92 % S(l=3) ave= 0.000E+00 +/- 0.00 % 
 ... random file  276 Cap(th)  ave= 2.349E-02 b. +/- 37.33 % || Ela(th) ave= 2.466E+00 b. +/- 11.34 % || RIcap ave= 1.90E-02 b. +/- 19.59 % || Macs30 ave= 4.62E-03 b. +/- 0.47 % || Gn^0(l=0) ave= 4.819E-01 +/- 14.47 % Gn^0(l=1) ave= 1.427E+02 +/- 7.01 % Gn^0(l=2) ave= 8.219E+00 +/- 19.91 % Gn^0(l=3) ave= 0.000E+00 +/- 0.00 % || Gtotal(l=0) ave= 2.539E+02 +/- 37.70 % Gtotal(l=1) ave= 4.711E+04 +/- 0.00 % Gtotal(l=2) ave= 3.113E+02 +/- 0.00 % Gtotal(l=3) ave= 0.000E+00 +/- 0.00 %  % || Gg(l=0) ave= 4.235E+00 +/- 3.79 % Gg(l=1) ave= 1.735E+00 +/- 13.05 % Gg(l=2) ave= 5.129E+00 +/- 11.33 % Gg(l=3) ave= 0.000E+00 +/- 0.00 %  % || D(l=0) ave= 3.707E+05 +/- 20.14 % D(l=1) ave= 4.484E+05 +/- 0.00 % D(l=2) ave= 2.989E+05 +/- 0.00 % D(l=3) ave= 0.000E+00 +/- 0.00 %  % || S(l=0) ave= 1.930E-06 +/- 27.92 % S(l=1) ave= 1.747E-04 +/- 6.98 % S(l=2) ave= 1.903E-05 +/- 19.91 % S(l=3) ave= 0.000E+00 +/- 0.00 % 
 ... random file  277 Cap(th)  ave= 2.350E-02 b. +/- 37.25 % || Ela(th) ave= 2.465E+00 b. +/- 11.33 % || RIcap ave= 1.90E-02 b. +/- 19.55 % || Macs30 ave= 4.62E-03 b. +/- 0.46 % || Gn^0(l=0) ave= 4.822E-01 +/- 14.46 % Gn^0(l=1) ave= 1.427E+02 +/- 7.00 % Gn^0(l=2) ave= 8.222E+00 +/- 19.88 % Gn^0(l=3) ave= 0.000E+00 +/- 0.00 % || Gtotal(l=0) ave= 2.542E+02 +/- 37.65 % Gtotal(l=1) ave= 4.711E+04 +/- 0.00 % Gtotal(l=2) ave= 3.113E+02 +/- 0.00 % Gtotal(l=3) ave= 0.000E+00 +/- 0.00 %  % || Gg(l=0) ave= 4.235E+00 +/- 3.78 % Gg(l=1) ave= 1.735E+00 +/- 13.03 % Gg(l=2) ave= 5.128E+00 +/- 11.31 % Gg(l=3) ave= 0.000E+00 +/- 0.00 %  % || D(l=0) ave= 3.704E+05 +/- 20.16 % D(l=1) ave= 4.484E+05 +/- 0.00 % D(l=2) ave= 2.989E+05 +/- 0.00 % D(l=3) ave= 0.000E+00 +/- 0.00 %  % || S(l=0) ave= 1.932E-06 +/- 27.89 % S(l=1) ave= 1.748E-04 +/- 6.97 % S(l=2) ave= 1.903E-05 +/- 19.87 % S(l=3) ave= 0.000E+00 +/- 0.00 % 
 ... random file  278 Cap(th)  ave= 2.350E-02 b. +/- 37.19 % || Ela(th) ave= 2.466E+00 b. +/- 11.32 % || RIcap ave= 1.90E-02 b. +/- 19.52 % || Macs30 ave= 4.62E-03 b. +/- 0.46 % || Gn^0(l=0) ave= 4.824E-01 +/- 14.45 % Gn^0(l=1) ave= 1.427E+02 +/- 7.00 % Gn^0(l=2) ave= 8.216E+00 +/- 19.89 % Gn^0(l=3) ave= 0.000E+00 +/- 0.00 % || Gtotal(l=0) ave= 2.546E+02 +/- 37.59 % Gtotal(l=1) ave= 4.711E+04 +/- 0.00 % Gtotal(l=2) ave= 3.113E+02 +/- 0.00 % Gtotal(l=3) ave= 0.000E+00 +/- 0.00 %  % || Gg(l=0) ave= 4.235E+00 +/- 3.79 % Gg(l=1) ave= 1.735E+00 +/- 13.00 % Gg(l=2) ave= 5.131E+00 +/- 11.33 % Gg(l=3) ave= 0.000E+00 +/- 0.00 %  % || D(l=0) ave= 3.702E+05 +/- 20.17 % D(l=1) ave= 4.484E+05 +/- 0.00 % D(l=2) ave= 2.989E+05 +/- 0.00 % D(l=3) ave= 0.000E+00 +/- 0.00 %  % || S(l=0) ave= 1.934E-06 +/- 27.86 % S(l=1) ave= 1.747E-04 +/- 6.97 % S(l=2) ave= 1.902E-05 +/- 19.88 % S(l=3) ave= 0.000E+00 +/- 0.00 % 
 ... random file  279 Cap(th)  ave= 2.350E-02 b. +/- 37.12 % || Ela(th) ave= 2.467E+00 b. +/- 11.30 % || RIcap ave= 1.90E-02 b. +/- 19.48 % || Macs30 ave= 4.62E-03 b. +/- 0.46 % || Gn^0(l=0) ave= 4.826E-01 +/- 14.44 % Gn^0(l=1) ave= 1.427E+02 +/- 6.99 % Gn^0(l=2) ave= 8.214E+00 +/- 19.86 % Gn^0(l=3) ave= 0.000E+00 +/- 0.00 % || Gtotal(l=0) ave= 2.549E+02 +/- 37.54 % Gtotal(l=1) ave= 4.711E+04 +/- 0.00 % Gtotal(l=2) ave= 3.113E+02 +/- 0.00 % Gtotal(l=3) ave= 0.000E+00 +/- 0.00 %  % || Gg(l=0) ave= 4.235E+00 +/- 3.79 % Gg(l=1) ave= 1.736E+00 +/- 12.99 % Gg(l=2) ave= 5.131E+00 +/- 11.31 % Gg(l=3) ave= 0.000E+00 +/- 0.00 %  % || D(l=0) ave= 3.699E+05 +/- 20.18 % D(l=1) ave= 4.484E+05 +/- 0.00 % D(l=2) ave= 2.989E+05 +/- 0.00 % D(l=3) ave= 0.000E+00 +/- 0.00 %  % || S(l=0) ave= 1.936E-06 +/- 27.83 % S(l=1) ave= 1.747E-04 +/- 6.96 % S(l=2) ave= 1.902E-05 +/- 19.86 % S(l=3) ave= 0.000E+00 +/- 0.00 % 
 ... random file  280 Cap(th)  ave= 2.352E-02 b. +/- 37.05 % || Ela(th) ave= 2.466E+00 b. +/- 11.30 % || RIcap ave= 1.90E-02 b. +/- 19.45 % || Macs30 ave= 4.62E-03 b. +/- 0.46 % || Gn^0(l=0) ave= 4.824E-01 +/- 14.45 % Gn^0(l=1) ave= 1.427E+02 +/- 6.98 % Gn^0(l=2) ave= 8.218E+00 +/- 19.83 % Gn^0(l=3) ave= 0.000E+00 +/- 0.00 % || Gtotal(l=0) ave= 2.545E+02 +/- 37.60 % Gtotal(l=1) ave= 4.711E+04 +/- 0.00 % Gtotal(l=2) ave= 3.113E+02 +/- 0.00 % Gtotal(l=3) ave= 0.000E+00 +/- 0.00 %  % || Gg(l=0) ave= 4.236E+00 +/- 3.79 % Gg(l=1) ave= 1.735E+00 +/- 12.98 % Gg(l=2) ave= 5.130E+00 +/- 11.31 % Gg(l=3) ave= 0.000E+00 +/- 0.00 %  % || D(l=0) ave= 3.702E+05 +/- 20.17 % D(l=1) ave= 4.484E+05 +/- 0.00 % D(l=2) ave= 2.989E+05 +/- 0.00 % D(l=3) ave= 0.000E+00 +/- 0.00 %  % || S(l=0) ave= 1.934E-06 +/- 27.86 % S(l=1) ave= 1.747E-04 +/- 6.95 % S(l=2) ave= 1.903E-05 +/- 19.83 % S(l=3) ave= 0.000E+00 +/- 0.00 % 
 ... random file  281 Cap(th)  ave= 2.351E-02 b. +/- 37.01 % || Ela(th) ave= 2.465E+00 b. +/- 11.29 % || RIcap ave= 1.90E-02 b. +/- 19.43 % || Macs30 ave= 4.62E-03 b. +/- 0.46 % || Gn^0(l=0) ave= 4.821E-01 +/- 14.46 % Gn^0(l=1) ave= 1.427E+02 +/- 6.97 % Gn^0(l=2) ave= 8.221E+00 +/- 19.80 % Gn^0(l=3) ave= 0.000E+00 +/- 0.00 % || Gtotal(l=0) ave= 2.542E+02 +/- 37.66 % Gtotal(l=1) ave= 4.711E+04 +/- 0.00 % Gtotal(l=2) ave= 3.113E+02 +/- 0.00 % Gtotal(l=3) ave= 0.000E+00 +/- 0.00 %  % || Gg(l=0) ave= 4.236E+00 +/- 3.78 % Gg(l=1) ave= 1.737E+00 +/- 13.03 % Gg(l=2) ave= 5.133E+00 +/- 11.33 % Gg(l=3) ave= 0.000E+00 +/- 0.00 %  % || D(l=0) ave= 3.705E+05 +/- 20.15 % D(l=1) ave= 4.484E+05 +/- 0.00 % D(l=2) ave= 2.989E+05 +/- 0.00 % D(l=3) ave= 0.000E+00 +/- 0.00 %  % || S(l=0) ave= 1.932E-06 +/- 27.90 % S(l=1) ave= 1.748E-04 +/- 6.94 % S(l=2) ave= 1.903E-05 +/- 19.79 % S(l=3) ave= 0.000E+00 +/- 0.00 % 
 ... random file  282 Cap(th)  ave= 2.354E-02 b. +/- 36.97 % || Ela(th) ave= 2.466E+00 b. +/- 11.29 % || RIcap ave= 1.90E-02 b. +/- 19.42 % || Macs30 ave= 4.62E-03 b. +/- 0.46 % || Gn^0(l=0) ave= 4.824E-01 +/- 14.45 % Gn^0(l=1) ave= 1.427E+02 +/- 6.97 % Gn^0(l=2) ave= 8.215E+00 +/- 19.82 % Gn^0(l=3) ave= 0.000E+00 +/- 0.00 % || Gtotal(l=0) ave= 2.545E+02 +/- 37.60 % Gtotal(l=1) ave= 4.711E+04 +/- 0.00 % Gtotal(l=2) ave= 3.113E+02 +/- 0.00 % Gtotal(l=3) ave= 0.000E+00 +/- 0.00 %  % || Gg(l=0) ave= 4.236E+00 +/- 3.78 % Gg(l=1) ave= 1.736E+00 +/- 13.01 % Gg(l=2) ave= 5.131E+00 +/- 11.33 % Gg(l=3) ave= 0.000E+00 +/- 0.00 %  % || D(l=0) ave= 3.702E+05 +/- 20.16 % D(l=1) ave= 4.484E+05 +/- 0.00 % D(l=2) ave= 2.989E+05 +/- 0.00 % D(l=3) ave= 0.000E+00 +/- 0.00 %  % || S(l=0) ave= 1.934E-06 +/- 27.87 % S(l=1) ave= 1.747E-04 +/- 6.95 % S(l=2) ave= 1.902E-05 +/- 19.81 % S(l=3) ave= 0.000E+00 +/- 0.00 % 
 ... random file  283 Cap(th)  ave= 2.356E-02 b. +/- 36.90 % || Ela(th) ave= 2.466E+00 b. +/- 11.27 % || RIcap ave= 1.90E-02 b. +/- 19.39 % || Macs30 ave= 4.62E-03 b. +/- 0.46 % || Gn^0(l=0) ave= 4.826E-01 +/- 14.44 % Gn^0(l=1) ave= 1.427E+02 +/- 6.96 % Gn^0(l=2) ave= 8.214E+00 +/- 19.79 % Gn^0(l=3) ave= 0.000E+00 +/- 0.00 % || Gtotal(l=0) ave= 2.548E+02 +/- 37.55 % Gtotal(l=1) ave= 4.711E+04 +/- 0.00 % Gtotal(l=2) ave= 3.113E+02 +/- 0.00 % Gtotal(l=3) ave= 0.000E+00 +/- 0.00 %  % || Gg(l=0) ave= 4.236E+00 +/- 3.77 % Gg(l=1) ave= 1.736E+00 +/- 13.01 % Gg(l=2) ave= 5.129E+00 +/- 11.33 % Gg(l=3) ave= 0.000E+00 +/- 0.00 %  % || D(l=0) ave= 3.700E+05 +/- 20.17 % D(l=1) ave= 4.484E+05 +/- 0.00 % D(l=2) ave= 2.989E+05 +/- 0.00 % D(l=3) ave= 0.000E+00 +/- 0.00 %  % || S(l=0) ave= 1.935E-06 +/- 27.84 % S(l=1) ave= 1.747E-04 +/- 6.93 % S(l=2) ave= 1.902E-05 +/- 19.78 % S(l=3) ave= 0.000E+00 +/- 0.00 % 
 ... random file  284 Cap(th)  ave= 2.354E-02 b. +/- 36.91 % || Ela(th) ave= 2.467E+00 b. +/- 11.27 % || RIcap ave= 1.90E-02 b. +/- 19.38 % || Macs30 ave= 4.62E-03 b. +/- 0.46 % || Gn^0(l=0) ave= 4.828E-01 +/- 14.43 % Gn^0(l=1) ave= 1.426E+02 +/- 6.96 % Gn^0(l=2) ave= 8.208E+00 +/- 19.80 % Gn^0(l=3) ave= 0.000E+00 +/- 0.00 % || Gtotal(l=0) ave= 2.551E+02 +/- 37.50 % Gtotal(l=1) ave= 4.711E+04 +/- 0.00 % Gtotal(l=2) ave= 3.113E+02 +/- 0.00 % Gtotal(l=3) ave= 0.000E+00 +/- 0.00 %  % || Gg(l=0) ave= 4.236E+00 +/- 3.77 % Gg(l=1) ave= 1.736E+00 +/- 12.99 % Gg(l=2) ave= 5.129E+00 +/- 11.32 % Gg(l=3) ave= 0.000E+00 +/- 0.00 %  % || D(l=0) ave= 3.697E+05 +/- 20.18 % D(l=1) ave= 4.484E+05 +/- 0.00 % D(l=2) ave= 2.989E+05 +/- 0.00 % D(l=3) ave= 0.000E+00 +/- 0.00 %  % || S(l=0) ave= 1.937E-06 +/- 27.80 % S(l=1) ave= 1.747E-04 +/- 6.94 % S(l=2) ave= 1.900E-05 +/- 19.80 % S(l=3) ave= 0.000E+00 +/- 0.00 % 
 ... random file  285 Cap(th)  ave= 2.354E-02 b. +/- 36.84 % || Ela(th) ave= 2.467E+00 b. +/- 11.26 % || RIcap ave= 1.90E-02 b. +/- 19.35 % || Macs30 ave= 4.62E-03 b. +/- 0.46 % || Gn^0(l=0) ave= 4.830E-01 +/- 14.42 % Gn^0(l=1) ave= 1.427E+02 +/- 6.95 % Gn^0(l=2) ave= 8.211E+00 +/- 19.77 % Gn^0(l=3) ave= 0.000E+00 +/- 0.00 % || Gtotal(l=0) ave= 2.555E+02 +/- 37.44 % Gtotal(l=1) ave= 4.711E+04 +/- 0.00 % Gtotal(l=2) ave= 3.113E+02 +/- 0.00 % Gtotal(l=3) ave= 0.000E+00 +/- 0.00 %  % || Gg(l=0) ave= 4.235E+00 +/- 3.77 % Gg(l=1) ave= 1.735E+00 +/- 12.98 % Gg(l=2) ave= 5.132E+00 +/- 11.34 % Gg(l=3) ave= 0.000E+00 +/- 0.00 %  % || D(l=0) ave= 3.695E+05 +/- 20.19 % D(l=1) ave= 4.484E+05 +/- 0.00 % D(l=2) ave= 2.989E+05 +/- 0.00 % D(l=3) ave= 0.000E+00 +/- 0.00 %  % || S(l=0) ave= 1.939E-06 +/- 27.77 % S(l=1) ave= 1.747E-04 +/- 6.93 % S(l=2) ave= 1.901E-05 +/- 19.77 % S(l=3) ave= 0.000E+00 +/- 0.00 % 
 ... random file  286 Cap(th)  ave= 2.354E-02 b. +/- 36.78 % || Ela(th) ave= 2.466E+00 b. +/- 11.26 % || RIcap ave= 1.90E-02 b. +/- 19.32 % || Macs30 ave= 4.62E-03 b. +/- 0.46 % || Gn^0(l=0) ave= 4.833E-01 +/- 14.41 % Gn^0(l=1) ave= 1.427E+02 +/- 6.95 % Gn^0(l=2) ave= 8.216E+00 +/- 19.76 % Gn^0(l=3) ave= 0.000E+00 +/- 0.00 % || Gtotal(l=0) ave= 2.558E+02 +/- 37.39 % Gtotal(l=1) ave= 4.711E+04 +/- 0.00 % Gtotal(l=2) ave= 3.113E+02 +/- 0.00 % Gtotal(l=3) ave= 0.000E+00 +/- 0.00 %  % || Gg(l=0) ave= 4.235E+00 +/- 3.76 % Gg(l=1) ave= 1.735E+00 +/- 12.98 % Gg(l=2) ave= 5.130E+00 +/- 11.36 % Gg(l=3) ave= 0.000E+00 +/- 0.00 %  % || D(l=0) ave= 3.692E+05 +/- 20.20 % D(l=1) ave= 4.484E+05 +/- 0.00 % D(l=2) ave= 2.989E+05 +/- 0.00 % D(l=3) ave= 0.000E+00 +/- 0.00 %  % || S(l=0) ave= 1.941E-06 +/- 27.74 % S(l=1) ave= 1.747E-04 +/- 6.92 % S(l=2) ave= 1.902E-05 +/- 19.75 % S(l=3) ave= 0.000E+00 +/- 0.00 % 
 ... random file  287 Cap(th)  ave= 2.351E-02 b. +/- 36.85 % || Ela(th) ave= 2.465E+00 b. +/- 11.26 % || RIcap ave= 1.90E-02 b. +/- 19.34 % || Macs30 ave= 4.62E-03 b. +/- 0.46 % || Gn^0(l=0) ave= 4.835E-01 +/- 14.40 % Gn^0(l=1) ave= 1.427E+02 +/- 6.94 % Gn^0(l=2) ave= 8.220E+00 +/- 19.73 % Gn^0(l=3) ave= 0.000E+00 +/- 0.00 % || Gtotal(l=0) ave= 2.561E+02 +/- 37.34 % Gtotal(l=1) ave= 4.711E+04 +/- 0.00 % Gtotal(l=2) ave= 3.113E+02 +/- 0.00 % Gtotal(l=3) ave= 0.000E+00 +/- 0.00 %  % || Gg(l=0) ave= 4.235E+00 +/- 3.76 % Gg(l=1) ave= 1.734E+00 +/- 12.96 % Gg(l=2) ave= 5.129E+00 +/- 11.35 % Gg(l=3) ave= 0.000E+00 +/- 0.00 %  % || D(l=0) ave= 3.690E+05 +/- 20.21 % D(l=1) ave= 4.484E+05 +/- 0.00 % D(l=2) ave= 2.989E+05 +/- 0.00 % D(l=3) ave= 0.000E+00 +/- 0.00 %  % || S(l=0) ave= 1.943E-06 +/- 27.71 % S(l=1) ave= 1.748E-04 +/- 6.92 % S(l=2) ave= 1.903E-05 +/- 19.73 % S(l=3) ave= 0.000E+00 +/- 0.00 % 
 ... random file  288 Cap(th)  ave= 2.351E-02 b. +/- 36.79 % || Ela(th) ave= 2.465E+00 b. +/- 11.25 % || RIcap ave= 1.90E-02 b. +/- 19.31 % || Macs30 ave= 4.62E-03 b. +/- 0.46 % || Gn^0(l=0) ave= 4.837E-01 +/- 14.39 % Gn^0(l=1) ave= 1.427E+02 +/- 6.93 % Gn^0(l=2) ave= 8.222E+00 +/- 19.70 % Gn^0(l=3) ave= 0.000E+00 +/- 0.00 % || Gtotal(l=0) ave= 2.564E+02 +/- 37.28 % Gtotal(l=1) ave= 4.711E+04 +/- 0.00 % Gtotal(l=2) ave= 3.113E+02 +/- 0.00 % Gtotal(l=3) ave= 0.000E+00 +/- 0.00 %  % || Gg(l=0) ave= 4.235E+00 +/- 3.76 % Gg(l=1) ave= 1.734E+00 +/- 12.94 % Gg(l=2) ave= 5.130E+00 +/- 11.33 % Gg(l=3) ave= 0.000E+00 +/- 0.00 %  % || D(l=0) ave= 3.688E+05 +/- 20.22 % D(l=1) ave= 4.484E+05 +/- 0.00 % D(l=2) ave= 2.989E+05 +/- 0.00 % D(l=3) ave= 0.000E+00 +/- 0.00 %  % || S(l=0) ave= 1.944E-06 +/- 27.68 % S(l=1) ave= 1.748E-04 +/- 6.91 % S(l=2) ave= 1.904E-05 +/- 19.69 % S(l=3) ave= 0.000E+00 +/- 0.00 % 
 ... random file  289 Cap(th)  ave= 2.354E-02 b. +/- 36.74 % || Ela(th) ave= 2.465E+00 b. +/- 11.24 % || RIcap ave= 1.90E-02 b. +/- 19.29 % || Macs30 ave= 4.62E-03 b. +/- 0.46 % || Gn^0(l=0) ave= 4.835E-01 +/- 14.40 % Gn^0(l=1) ave= 1.427E+02 +/- 6.93 % Gn^0(l=2) ave= 8.217E+00 +/- 19.70 % Gn^0(l=3) ave= 0.000E+00 +/- 0.00 % || Gtotal(l=0) ave= 2.560E+02 +/- 37.34 % Gtotal(l=1) ave= 4.711E+04 +/- 0.00 % Gtotal(l=2) ave= 3.113E+02 +/- 0.00 % Gtotal(l=3) ave= 0.000E+00 +/- 0.00 %  % || Gg(l=0) ave= 4.235E+00 +/- 3.75 % Gg(l=1) ave= 1.733E+00 +/- 12.95 % Gg(l=2) ave= 5.136E+00 +/- 11.50 % Gg(l=3) ave= 0.000E+00 +/- 0.00 %  % || D(l=0) ave= 3.690E+05 +/- 20.21 % D(l=1) ave= 4.484E+05 +/- 0.00 % D(l=2) ave= 2.989E+05 +/- 0.00 % D(l=3) ave= 0.000E+00 +/- 0.00 %  % || S(l=0) ave= 1.942E-06 +/- 27.71 % S(l=1) ave= 1.747E-04 +/- 6.91 % S(l=2) ave= 1.902E-05 +/- 19.70 % S(l=3) ave= 0.000E+00 +/- 0.00 % 
 ... random file  290 Cap(th)  ave= 2.352E-02 b. +/- 36.72 % || Ela(th) ave= 2.465E+00 b. +/- 11.24 % || RIcap ave= 1.90E-02 b. +/- 19.28 % || Macs30 ave= 4.62E-03 b. +/- 0.46 % || Gn^0(l=0) ave= 4.832E-01 +/- 14.41 % Gn^0(l=1) ave= 1.427E+02 +/- 6.93 % Gn^0(l=2) ave= 8.222E+00 +/- 19.69 % Gn^0(l=3) ave= 0.000E+00 +/- 0.00 % || Gtotal(l=0) ave= 2.557E+02 +/- 37.40 % Gtotal(l=1) ave= 4.711E+04 +/- 0.00 % Gtotal(l=2) ave= 3.113E+02 +/- 0.00 % Gtotal(l=3) ave= 0.000E+00 +/- 0.00 %  % || Gg(l=0) ave= 4.235E+00 +/- 3.74 % Gg(l=1) ave= 1.734E+00 +/- 12.95 % Gg(l=2) ave= 5.135E+00 +/- 11.50 % Gg(l=3) ave= 0.000E+00 +/- 0.00 %  % || D(l=0) ave= 3.693E+05 +/- 20.20 % D(l=1) ave= 4.484E+05 +/- 0.00 % D(l=2) ave= 2.989E+05 +/- 0.00 % D(l=3) ave= 0.000E+00 +/- 0.00 %  % || S(l=0) ave= 1.940E-06 +/- 27.75 % S(l=1) ave= 1.748E-04 +/- 6.91 % S(l=2) ave= 1.904E-05 +/- 19.68 % S(l=3) ave= 0.000E+00 +/- 0.00 % 
 ... random file  291 Cap(th)  ave= 2.351E-02 b. +/- 36.69 % || Ela(th) ave= 2.464E+00 b. +/- 11.25 % || RIcap ave= 1.90E-02 b. +/- 19.26 % || Macs30 ave= 4.62E-03 b. +/- 0.46 % || Gn^0(l=0) ave= 4.835E-01 +/- 14.40 % Gn^0(l=1) ave= 1.428E+02 +/- 6.93 % Gn^0(l=2) ave= 8.228E+00 +/- 19.68 % Gn^0(l=3) ave= 0.000E+00 +/- 0.00 % || Gtotal(l=0) ave= 2.560E+02 +/- 37.35 % Gtotal(l=1) ave= 4.711E+04 +/- 0.00 % Gtotal(l=2) ave= 3.113E+02 +/- 0.00 % Gtotal(l=3) ave= 0.000E+00 +/- 0.00 %  % || Gg(l=0) ave= 4.235E+00 +/- 3.74 % Gg(l=1) ave= 1.734E+00 +/- 12.92 % Gg(l=2) ave= 5.135E+00 +/- 11.48 % Gg(l=3) ave= 0.000E+00 +/- 0.00 %  % || D(l=0) ave= 3.691E+05 +/- 20.21 % D(l=1) ave= 4.484E+05 +/- 0.00 % D(l=2) ave= 2.989E+05 +/- 0.00 % D(l=3) ave= 0.000E+00 +/- 0.00 %  % || S(l=0) ave= 1.942E-06 +/- 27.72 % S(l=1) ave= 1.748E-04 +/- 6.91 % S(l=2) ave= 1.905E-05 +/- 19.67 % S(l=3) ave= 0.000E+00 +/- 0.00 % 
 ... random file  292 Cap(th)  ave= 2.361E-02 b. +/- 37.19 % || Ela(th) ave= 2.463E+00 b. +/- 11.25 % || RIcap ave= 1.91E-02 b. +/- 19.55 % || Macs30 ave= 4.62E-03 b. +/- 0.46 % || Gn^0(l=0) ave= 4.837E-01 +/- 14.39 % Gn^0(l=1) ave= 1.428E+02 +/- 6.93 % Gn^0(l=2) ave= 8.233E+00 +/- 19.66 % Gn^0(l=3) ave= 0.000E+00 +/- 0.00 % || Gtotal(l=0) ave= 2.563E+02 +/- 37.30 % Gtotal(l=1) ave= 4.711E+04 +/- 0.00 % Gtotal(l=2) ave= 3.113E+02 +/- 0.00 % Gtotal(l=3) ave= 0.000E+00 +/- 0.00 %  % || Gg(l=0) ave= 4.235E+00 +/- 3.74 % Gg(l=1) ave= 1.735E+00 +/- 12.95 % Gg(l=2) ave= 5.133E+00 +/- 11.49 % Gg(l=3) ave= 0.000E+00 +/- 0.00 %  % || D(l=0) ave= 3.688E+05 +/- 20.22 % D(l=1) ave= 4.484E+05 +/- 0.00 % D(l=2) ave= 2.989E+05 +/- 0.00 % D(l=3) ave= 0.000E+00 +/- 0.00 %  % || S(l=0) ave= 1.944E-06 +/- 27.69 % S(l=1) ave= 1.749E-04 +/- 6.90 % S(l=2) ave= 1.906E-05 +/- 19.65 % S(l=3) ave= 0.000E+00 +/- 0.00 % 
 ... random file  293 Cap(th)  ave= 2.359E-02 b. +/- 37.18 % || Ela(th) ave= 2.462E+00 b. +/- 11.24 % || RIcap ave= 1.90E-02 b. +/- 19.54 % || Macs30 ave= 4.62E-03 b. +/- 0.46 % || Gn^0(l=0) ave= 4.839E-01 +/- 14.38 % Gn^0(l=1) ave= 1.428E+02 +/- 6.92 % Gn^0(l=2) ave= 8.235E+00 +/- 19.62 % Gn^0(l=3) ave= 0.000E+00 +/- 0.00 % || Gtotal(l=0) ave= 2.566E+02 +/- 37.24 % Gtotal(l=1) ave= 4.711E+04 +/- 0.00 % Gtotal(l=2) ave= 3.113E+02 +/- 0.00 % Gtotal(l=3) ave= 0.000E+00 +/- 0.00 %  % || Gg(l=0) ave= 4.234E+00 +/- 3.74 % Gg(l=1) ave= 1.736E+00 +/- 12.93 % Gg(l=2) ave= 5.134E+00 +/- 11.48 % Gg(l=3) ave= 0.000E+00 +/- 0.00 %  % || D(l=0) ave= 3.686E+05 +/- 20.23 % D(l=1) ave= 4.484E+05 +/- 0.00 % D(l=2) ave= 2.989E+05 +/- 0.00 % D(l=3) ave= 0.000E+00 +/- 0.00 %  % || S(l=0) ave= 1.946E-06 +/- 27.66 % S(l=1) ave= 1.749E-04 +/- 6.89 % S(l=2) ave= 1.907E-05 +/- 19.62 % S(l=3) ave= 0.000E+00 +/- 0.00 % 
 ... random file  294 Cap(th)  ave= 2.356E-02 b. +/- 37.23 % || Ela(th) ave= 2.461E+00 b. +/- 11.24 % || RIcap ave= 1.90E-02 b. +/- 19.55 % || Macs30 ave= 4.62E-03 b. +/- 0.47 % || Gn^0(l=0) ave= 4.837E-01 +/- 14.39 % Gn^0(l=1) ave= 1.428E+02 +/- 6.91 % Gn^0(l=2) ave= 8.240E+00 +/- 19.60 % Gn^0(l=3) ave= 0.000E+00 +/- 0.00 % || Gtotal(l=0) ave= 2.563E+02 +/- 37.30 % Gtotal(l=1) ave= 4.711E+04 +/- 0.00 % Gtotal(l=2) ave= 3.113E+02 +/- 0.00 % Gtotal(l=3) ave= 0.000E+00 +/- 0.00 %  % || Gg(l=0) ave= 4.235E+00 +/- 3.74 % Gg(l=1) ave= 1.736E+00 +/- 12.92 % Gg(l=2) ave= 5.136E+00 +/- 11.47 % Gg(l=3) ave= 0.000E+00 +/- 0.00 %  % || D(l=0) ave= 3.689E+05 +/- 20.22 % D(l=1) ave= 4.484E+05 +/- 0.00 % D(l=2) ave= 2.989E+05 +/- 0.00 % D(l=3) ave= 0.000E+00 +/- 0.00 %  % || S(l=0) ave= 1.944E-06 +/- 27.69 % S(l=1) ave= 1.749E-04 +/- 6.88 % S(l=2) ave= 1.908E-05 +/- 19.60 % S(l=3) ave= 0.000E+00 +/- 0.00 % 
 ... random file  295 Cap(th)  ave= 2.354E-02 b. +/- 37.22 % || Ela(th) ave= 2.462E+00 b. +/- 11.22 % || RIcap ave= 1.90E-02 b. +/- 19.54 % || Macs30 ave= 4.62E-03 b. +/- 0.47 % || Gn^0(l=0) ave= 4.834E-01 +/- 14.40 % Gn^0(l=1) ave= 1.428E+02 +/- 6.90 % Gn^0(l=2) ave= 8.238E+00 +/- 19.58 % Gn^0(l=3) ave= 0.000E+00 +/- 0.00 % || Gtotal(l=0) ave= 2.559E+02 +/- 37.36 % Gtotal(l=1) ave= 4.711E+04 +/- 0.00 % Gtotal(l=2) ave= 3.113E+02 +/- 0.00 % Gtotal(l=3) ave= 0.000E+00 +/- 0.00 %  % || Gg(l=0) ave= 4.235E+00 +/- 3.73 % Gg(l=1) ave= 1.736E+00 +/- 12.91 % Gg(l=2) ave= 5.140E+00 +/- 11.53 % Gg(l=3) ave= 0.000E+00 +/- 0.00 %  % || D(l=0) ave= 3.691E+05 +/- 20.21 % D(l=1) ave= 4.484E+05 +/- 0.00 % D(l=2) ave= 2.989E+05 +/- 0.00 % D(l=3) ave= 0.000E+00 +/- 0.00 %  % || S(l=0) ave= 1.942E-06 +/- 27.73 % S(l=1) ave= 1.749E-04 +/- 6.87 % S(l=2) ave= 1.907E-05 +/- 19.57 % S(l=3) ave= 0.000E+00 +/- 0.00 % 
 ... random file  296 Cap(th)  ave= 2.351E-02 b. +/- 37.26 % || Ela(th) ave= 2.463E+00 b. +/- 11.22 % || RIcap ave= 1.90E-02 b. +/- 19.55 % || Macs30 ave= 4.62E-03 b. +/- 0.47 % || Gn^0(l=0) ave= 4.836E-01 +/- 14.40 % Gn^0(l=1) ave= 1.428E+02 +/- 6.90 % Gn^0(l=2) ave= 8.232E+00 +/- 19.59 % Gn^0(l=3) ave= 0.000E+00 +/- 0.00 % || Gtotal(l=0) ave= 2.562E+02 +/- 37.31 % Gtotal(l=1) ave= 4.711E+04 +/- 0.00 % Gtotal(l=2) ave= 3.113E+02 +/- 0.00 % Gtotal(l=3) ave= 0.000E+00 +/- 0.00 %  % || Gg(l=0) ave= 4.233E+00 +/- 3.79 % Gg(l=1) ave= 1.737E+00 +/- 12.92 % Gg(l=2) ave= 5.140E+00 +/- 11.51 % Gg(l=3) ave= 0.000E+00 +/- 0.00 %  % || D(l=0) ave= 3.689E+05 +/- 20.22 % D(l=1) ave= 4.484E+05 +/- 0.00 % D(l=2) ave= 2.989E+05 +/- 0.00 % D(l=3) ave= 0.000E+00 +/- 0.00 %  % || S(l=0) ave= 1.944E-06 +/- 27.70 % S(l=1) ave= 1.749E-04 +/- 6.88 % S(l=2) ave= 1.906E-05 +/- 19.59 % S(l=3) ave= 0.000E+00 +/- 0.00 % 
 ... random file  297 Cap(th)  ave= 2.351E-02 b. +/- 37.21 % || Ela(th) ave= 2.462E+00 b. +/- 11.22 % || RIcap ave= 1.90E-02 b. +/- 19.52 % || Macs30 ave= 4.62E-03 b. +/- 0.47 % || Gn^0(l=0) ave= 4.839E-01 +/- 14.39 % Gn^0(l=1) ave= 1.428E+02 +/- 6.90 % Gn^0(l=2) ave= 8.237E+00 +/- 19.57 % Gn^0(l=3) ave= 0.000E+00 +/- 0.00 % || Gtotal(l=0) ave= 2.565E+02 +/- 37.26 % Gtotal(l=1) ave= 4.711E+04 +/- 0.00 % Gtotal(l=2) ave= 3.113E+02 +/- 0.00 % Gtotal(l=3) ave= 0.000E+00 +/- 0.00 %  % || Gg(l=0) ave= 4.235E+00 +/- 3.82 % Gg(l=1) ave= 1.737E+00 +/- 12.90 % Gg(l=2) ave= 5.142E+00 +/- 11.51 % Gg(l=3) ave= 0.000E+00 +/- 0.00 %  % || D(l=0) ave= 3.687E+05 +/- 20.23 % D(l=1) ave= 4.484E+05 +/- 0.00 % D(l=2) ave= 2.989E+05 +/- 0.00 % D(l=3) ave= 0.000E+00 +/- 0.00 %  % || S(l=0) ave= 1.945E-06 +/- 27.67 % S(l=1) ave= 1.749E-04 +/- 6.87 % S(l=2) ave= 1.907E-05 +/- 19.57 % S(l=3) ave= 0.000E+00 +/- 0.00 % 
 ... random file  298 Cap(th)  ave= 2.351E-02 b. +/- 37.15 % || Ela(th) ave= 2.463E+00 b. +/- 11.22 % || RIcap ave= 1.90E-02 b. +/- 19.49 % || Macs30 ave= 4.62E-03 b. +/- 0.47 % || Gn^0(l=0) ave= 4.836E-01 +/- 14.40 % Gn^0(l=1) ave= 1.428E+02 +/- 6.90 % Gn^0(l=2) ave= 8.231E+00 +/- 19.59 % Gn^0(l=3) ave= 0.000E+00 +/- 0.00 % || Gtotal(l=0) ave= 2.562E+02 +/- 37.32 % Gtotal(l=1) ave= 4.711E+04 +/- 0.00 % Gtotal(l=2) ave= 3.113E+02 +/- 0.00 % Gtotal(l=3) ave= 0.000E+00 +/- 0.00 %  % || Gg(l=0) ave= 4.235E+00 +/- 3.82 % Gg(l=1) ave= 1.736E+00 +/- 12.95 % Gg(l=2) ave= 5.143E+00 +/- 11.50 % Gg(l=3) ave= 0.000E+00 +/- 0.00 %  % || D(l=0) ave= 3.689E+05 +/- 20.22 % D(l=1) ave= 4.484E+05 +/- 0.00 % D(l=2) ave= 2.989E+05 +/- 0.00 % D(l=3) ave= 0.000E+00 +/- 0.00 %  % || S(l=0) ave= 1.943E-06 +/- 27.70 % S(l=1) ave= 1.748E-04 +/- 6.88 % S(l=2) ave= 1.906E-05 +/- 19.59 % S(l=3) ave= 0.000E+00 +/- 0.00 % 
 ... random file  299 Cap(th)  ave= 2.353E-02 b. +/- 37.10 % || Ela(th) ave= 2.464E+00 b. +/- 11.21 % || RIcap ave= 1.90E-02 b. +/- 19.48 % || Macs30 ave= 4.62E-03 b. +/- 0.47 % || Gn^0(l=0) ave= 4.838E-01 +/- 14.39 % Gn^0(l=1) ave= 1.428E+02 +/- 6.91 % Gn^0(l=2) ave= 8.226E+00 +/- 19.60 % Gn^0(l=3) ave= 0.000E+00 +/- 0.00 % || Gtotal(l=0) ave= 2.565E+02 +/- 37.27 % Gtotal(l=1) ave= 4.711E+04 +/- 0.00 % Gtotal(l=2) ave= 3.113E+02 +/- 0.00 % Gtotal(l=3) ave= 0.000E+00 +/- 0.00 %  % || Gg(l=0) ave= 4.234E+00 +/- 3.84 % Gg(l=1) ave= 1.735E+00 +/- 12.96 % Gg(l=2) ave= 5.147E+00 +/- 11.53 % Gg(l=3) ave= 0.000E+00 +/- 0.00 %  % || D(l=0) ave= 3.687E+05 +/- 20.23 % D(l=1) ave= 4.484E+05 +/- 0.00 % D(l=2) ave= 2.989E+05 +/- 0.00 % D(l=3) ave= 0.000E+00 +/- 0.00 %  % || S(l=0) ave= 1.945E-06 +/- 27.67 % S(l=1) ave= 1.748E-04 +/- 6.88 % S(l=2) ave= 1.904E-05 +/- 19.60 % S(l=3) ave= 0.000E+00 +/- 0.00 % 
 ... random file  300 Cap(th)  ave= 2.355E-02 b. +/- 37.03 % || Ela(th) ave= 2.464E+00 b. +/- 11.20 % || RIcap ave= 1.90E-02 b. +/- 19.45 % || Macs30 ave= 4.62E-03 b. +/- 0.47 % || Gn^0(l=0) ave= 4.841E-01 +/- 14.38 % Gn^0(l=1) ave= 1.427E+02 +/- 6.90 % Gn^0(l=2) ave= 8.222E+00 +/- 19.59 % Gn^0(l=3) ave= 0.000E+00 +/- 0.00 % || Gtotal(l=0) ave= 2.568E+02 +/- 37.22 % Gtotal(l=1) ave= 4.711E+04 +/- 0.00 % Gtotal(l=2) ave= 3.113E+02 +/- 0.00 % Gtotal(l=3) ave= 0.000E+00 +/- 0.00 %  % || Gg(l=0) ave= 4.233E+00 +/- 3.84 % Gg(l=1) ave= 1.735E+00 +/- 12.94 % Gg(l=2) ave= 5.146E+00 +/- 11.53 % Gg(l=3) ave= 0.000E+00 +/- 0.00 %  % || D(l=0) ave= 3.685E+05 +/- 20.23 % D(l=1) ave= 4.484E+05 +/- 0.00 % D(l=2) ave= 2.989E+05 +/- 0.00 % D(l=3) ave= 0.000E+00 +/- 0.00 %  % || S(l=0) ave= 1.947E-06 +/- 27.64 % S(l=1) ave= 1.748E-04 +/- 6.87 % S(l=2) ave= 1.904E-05 +/- 19.59 % S(l=3) ave= 0.000E+00 +/- 0.00 % 
 ... Histogram plot for thermal (n,g)
 ... Write covariances  ... MT1  ... plot correlations
 ... MT2  ... MT102 


 ================================================
 ============== From 300 random values === start ======
 Thermal (n,tot) xs  0 K =  2.48762 b. +/- 0.276321 b. ( 11.1079 %) skew= +0.25 +/- 0.14
 Thermal (n,el) xs   0 K =  2.46406 b. +/- 0.275853 b. ( 11.1951 %) skew= +0.24 +/- 0.14
 Thermal (n,g) xs    0 K =  0.0235495 b. +/- 0.00872057 b. ( 37.0308 %) skew= +1.41 +/- 0.14
 RI      (n,g)       0 K =  0.0190274 b. +/- 0.00370003 b. ( 19.4458 %) 
 MACS    (n,g)       0 K (at Emacs= 30000 eV) =  0.00461626 b. +/- 2.15944e-05 b. ( 0.46779 %) 
 Ave. Gtotal  L=0        =  2.568E+02 +/- 37.22 %
 Ave. Gn^(0)  L=0        =  4.841E-01 +/- 14.38 %
 Ave. Gg      L=0        =  4.233E+00 +/- 3.84 %
 Ave. D       L=0        =  3.685E+05 +/- 20.23 %
 Ave. S       L=0        =  1.947E-06 +/- 27.64 %
 Ave. Gtotal  L=1        =  4.711E+04 +/- 0.00 %
 Ave. Gn^(1)  L=1        =  1.427E+02 +/- 6.90 %
 Ave. Gg      L=1        =  1.735E+00 +/- 12.94 %
 Ave. D       L=1        =  4.484E+05 +/- 0.00 %
 Ave. S       L=1        =  1.748E-04 +/- 6.87 %
 Ave. Gtotal  L=2        =  3.113E+02 +/- 0.00 %
 Ave. Gn^(2)  L=2        =  8.222E+00 +/- 19.59 %
 Ave. Gg      L=2        =  5.146E+00 +/- 11.53 %
 Ave. D       L=2        =  2.989E+05 +/- 0.00 %
 Ave. S       L=2        =  1.904E-05 +/- 19.59 %

 Expected Thermal (n,g) (syst or meas)= 0.236 b. +/- 0.006 b. nominal: 0.0240004 b.
 ratio Calculated/expected thermal (n,g): 0.10 ratio DCalculated/Dexpected: 1.45 ratio Calculated/Nominal: 0.98
 ============== From 300 random values ===== stop ======
 ================================================
 ... Calculation of (n,a) and (n,p) cross sections at 300 K
 <<(n,a) Q-value negative for this element>> ... (n,p) Q-value negative for this element
 ... Rewrite index for MF2
 ... Write text for MF1 in file mf1.tares.txt
 ... plotting cross sections for the MF1
 ... order output files


================== summary ==================
 Thermal (n,tot) xs = 2.48273 b. 
 Thermal (n,el)  xs = 2.45873 b. 
 Thermal (n,g)   xs = 0.0240004 b. (meas/sys: 0.236 b.)
 At 300 K (thermal adjustment): (n,el) = 2.49365 b., (n,g) = 0.0240069 b.

 RI      (n,g)      = 0.0194409 b. (meas or sys: 0.17 b.)
 RI      (n,el)     = 35.6864 b.
=============================================


 ... cleaning
                                                 
  -------------------------------------------------------------
  -                                                           -
  - TARES: successful end of run with data from the database  -
  -             for Z= 16,  A= 36 and isomer= 0               -
  -                                                           -
  -------------------------------------------------------------

   Running time:       82 seconds

 End time: Wed Oct  7 11:00:00 2026

