
  -------------------------------------------------------------
  -                                                           -
  -              Welcome to TARES version 1.8                 -
  -                                                           -
  -  (C) Copyright 2007-2025 D. Rochman, All Rights Reserved  -
  -           NRG, Petten, the Netherlands 2007-2014          -
  -           PSI, Villigen    Switzerland 2015-2025          -
  -         Nagra, Wettingen   Switzerland 2025-              -
  -           (Last Modified October 06, 2026)                -
  -           (Database from October 06, 2026)                -
  -                                                           -
  -------------------------------------------------------------


  ---------------------------------------------
   Compilation information:
   Compiled on:         Oct  8 2026, 18:36:06
   Compiled by:         koning
   Compiler version:    clang++ - 21.0.0
   Source location:     /Users/koning/tares-1.8/source/Module/
   Binaries location:   /Users/koning/bin
   System:              Darwin 25.6.0
   System version:      Darwin Kernel Version 25.6.0: Fri Jul 31 19:19:08 PDT 2026; root:xnu-12377.161.14~5/RELEASE_ARM64_T6050  
   Machine:             arm64 
  ---------------------------------------------

   User information:
   User name:           koning
   Running directory:   /Users/koning/tendl/resbase/Fe056/work
   Owner mode for running directory : rwx
   Group mode for running directory : r-x
  ---------------------------------------------


 Starting time: Fri Oct  9 11:57:58 2026
 ... inputs directory found (/Users/koning/tares-1.8/source/Module//../../inputs/).
 ... It will be used for resonance parameters 
 ... ###############################################
 ... #     read the input file tares.inp
 ... ###############################################
 ... line: #
 ... line: # Input file generated by Autorochman
          --> line not read
 ... line: #
 ... line: isotope    Fe
          --> Isotope name: Fe
 ... line: mass       56
          --> isotopic mass: 56
 ... line: output     n-Fe056
         ---> Name of the output files: n-Fe056
 ... line: isomer     0
          --> isomeric state: 0
 ... line: mf32mf33   y
          --> MF33 based on MF32: y
 ... line: nbrRandom  300
          --> Nbr of random files: 300
 ... ###############################################
 ... # end read the input file tares.inp
 ... ###############################################
Value for random generator type not considered in since Tares 1.7 due to compilation issues

 ... ###############################################
     #   Interpretation of the Input definition    #
     ###############################################

 ... Default energy limit: End of resonance region
 ... Nuclear charge    = 26
 ... Element           = Fe
 ... Mass              = 56
 ... Isomer            = 0
 ... Correlation for (Gn,Gg) not included in random files
 ... Default random option: No random
 ... Output name: n-Fe056
 ... Energy for the MACS: 30000 eV
 ... Resonances from CALENDF reduced (reduce=y) 
 ... For URR, level density model from TALYS selected: 91n3n12611.2850 (see manual for description)
 ... Random Generator: default (pseudo random numbers from ansi c++)
 ... Reconstruction of cross section selected
 ... Doppler broadening at 0 Kelvin
 ... Default Formalism: Reich Moore (from file best.tendl.yes)
 ... URR not included (from the input file flag)
 ... Weight for grouping is flat
 ... Calculation of (n,alpha) cross section selected
 ... Number of digit for MF32c covariance representation: 2
 ... MF32 included
 ... MF33 will be used for covariance processing
 ... TENDL option set to yes (automatic choice of MF2 and format)
 ... Retroactive option set to no with the 2025 option
 ... ladder option set to no (CALENDF will not be used for statistical resonances)

 ... ###############################################
     #           End of Input definition           #
     ###############################################

 ... gnuplot found, will be used for plotting
 ... latex found, will be used for plotting
 ... dvips found, will be used for plotting
 ... ps2epsi not found, limited plotting available
 ... uncertainties on default parameters multiplied by 1.01546
 ... Read resonance data from the 2025 directory
 ... Resonance parameters taken from /Users/koning/tares-1.8/source/Module//../../inputs/2025/Resonance/endfb8.1/
 ---> Processing Z= 26 and A= 56 and isomer= 0 (level number: 0)
Thermal file; Could not open file /Users/koning/tares-1.8/source/Module//../../inputs/2025/runThermal/results//thermal.mxw.ng.cendl3.1
Thermal file; Could not open file /Users/koning/tares-1.8/source/Module//../../inputs/2025/runThermal/results//thermal.mxw.ng.brond3.1
Thermal file; Could not open file /Users/koning/tares-1.8/source/Module//../../inputs/2025/runThermal/results//thermal.xs.ng.unc.cendl3.1
 ... spin taken from the final/ directory (1)
 ... The spin found in level file ( 0 ) and the one in the urr file ( 5.5 ) differ

 ... ###############################################
 ... #  Nucleus global parameters (2025 database)  #
 ... ###############################################
 ... Scattering radius from file /Users/koning/tares-1.8/source/Module//../../inputs/2025/Resonance/endfb8.1//global.2023.txt
 0. Spin of the target isotope: 0
 1. Relative Atomic Mass of the target isotope: 55.9349
 2. Isotopic composition of the target isotope: 91.754 %
 3. Scattering radius from endfb8.1 (local compilation): 5.444 fm +/- 0.08166 fm
 4. Scattering radius (Mughabghab): 5.9 +/- 0.3 fm
      .......................................
      ... Thermal capture cross sections: ...
 5. Thermal (total) (n,g) cross section from endfb8.1 (local compilation): 2.576 +/- 0.1288 b.
 6. Thermal (n,g) cross section from compilation (Firestone-2022 average on element Fe): 2.57 +/- 0.04 b.
 7. Thermal (n,g) cross section from compilation (Firestone-2022 final on element Fe): 2.53 +/- 0.03 b.
 8. Thermal (n,g) cross section from compilation (Firestone-2022 isotopic): 2.55 +/- 0.2 b.
 9. Thermal Maxwellian (n,g) XS from compilation (Mughabghab-2006): 2.59 +/- 0.14 b.
 10. Thermal Maxwellian (n,g) XS from compilation (Mughabghab-2018): 2.59 +/- 0.14 b.
 11. Thermal Maxwellian (n,g) XS from compilation (Sukhoruchkin-2009): 2.59 +/- 0.14 b.
 12. Thermal Maxwellian (n,g) XS from compilation (Sukhoruchkin-2015): 2.59 +/- 0.14 b.
 13. Thermal (n,g) cross section from EAF-2010: 2.5912 b.
 14. Thermal (n,g) cross section from compilation (CRP-2007): 2.49 +/- 0.05 b.
 15. Thermal (n,g) cross section from ENDF/B-VI.8: 2.6 b.
 16. Thermal (n,g) cross section from ENDF/B-VIII.1: 2.578 +/- 0.1314 b.
 17. Thermal (n,g) cross section from ENDF/B-VIII.0: 2.616 +/- 0.1328 b.
 18. Thermal (n,g) cross section from JEF2.2: 2.602 b.
 19. Thermal (n,g) cross section from TENDL-2023: 2.604 +/- 0.01189 b.
 20. Thermal (n,g) cross section from CENDL3.3: 2.59 b.
 21. Thermal (n,g) cross section from JEFF-3.3: 2.597 +/- 0.07816 b.
 22. Thermal (n,g) cross section from JEFF-4.0: 2.587 +/- 0.1319 b.
 23. Thermal (n,g) cross section from JENDL-5.0: 2.607 b.
      .......................................
      ...  Thermal total cross sections:  ...
 24. Thermal (n,tot) cross section from recommendations (resonancetables): 15.48 +/- 0.37 b.
 25. Thermal (n,tot) cross section from JENDL-5.0 (resonancetables): 14.7845 b.
 26. Thermal (n,tot) cross section from ENDF/B-VIII.1 (resonancetables): 14.7841 b.
 27. Thermal (n,tot) cross section from JEFF-4.0 (resonancetables): 14.7932 b.
 28. Thermal (n,tot) cross section from TENDL-2025 (resonancetables): 14.7942 b.
 29. Thermal (n,tot) cross section from CENDL-3.2 (resonancetables): 14.7946 b.
      .......................................
      ... Thermal elastic cross sections: ...
 30. Thermal (n,el) cross section from compilation (Mughabghab): 12.62 +/- 0.49 b.
 31. Thermal (n,el) cross section from ENDF/B-VIII.1: 12.21 b.
 32. Thermal (n,el) cross section from ENDF/B-VIII.0: 12.19 +/- 0.1328 b.
 33. Thermal (n,el) cross section from ENDF/B-VI.8: 12.16 b.
 34. Thermal (n,el) cross section from JENDL-5.0: 12.19 b.
 35. Thermal (n,el) cross section from JEFF-3.3: 12.21 b.
 36. Thermal (n,el) cross section from experiments (local compilation): 12.1 +/- 0.605 b.
 37. Neutron scattering length from Atominstitut (TU Wien): 10.1 +/- 0.2 fm.
      .......................................
             ... Resonance integral: ...
 38. Experimental capture integral (local compilation): 1.36 +/- 0.15 b.
 39. Experimental capture integral (Sukhoruchkin): 1.35 +/- 0.15 b.
   ---- MACS 30 keV ----- 
 40. TALYS MACS 30 keV (HF): 0.0204618 b. 
 41. Recommended MACS 30 keV from EAF: 0.0117 b. 
 42. Recommended MACS 30 keV (local compilation): 0.013 +/- 0 b. 
 43. Recommended MACS 30 keV from Kadonis: 0.0117 +/- 0.0005 b. 
 44. Recommended MACS (Sukhoruchkin): 0.0115 +/- 0.0022 b.
 45. Recommended MACS (Mughabghab): 0.0151 +/- 0.0013 b.
   ---------- S0 -------- 
 46. S0 from TALYS: 5.99645
 47. Experimental S0: 2.26 +/- 0.5
 48. endfb8.1 S0: 2.277 +/- 0
   ---------- S1 -------- 
 49. S1 from TALYS: 0.613847
 50. Experimental S1: 0.35 +/- 0.06
 51. endfb8.1 S1: 0.464 +/- 0
   ---------- S2 -------- 
 52. S2 from TALYS: 4.25848
 53. endfb8.1 S2: 2.666 +/- 0
   ---------- D0 -------- 
 54. D0 from TALYS: 31551.4 eV
 55. Experimental D0: 22000 +/- 1700 eV
 56. endfb8.1 D0: 26562 +/- 0
   ---------- D1 -------- 
 57. Experimental D1: 8210 +/- 480 eV
 58. D1 from TALYS: 11619.2 eV
 59. endfb8.1 D1: 6071 +/- 0
   ---------- D2 -------- 
 60. D2 from TALYS: 8509.15 eV
 61. endfb8.1 D2: 6693 +/- 0
   ---------- G0 -------- 
 62. Experimental average Gg0: 0.9 +/- 0.47 eV
 63. Gg0 from TALYS: 0.998936 eV
   ---------- G1 -------- 
 64. Experimental average Gg1: 0.49 +/- 0.19 eV
 65. Gg1 from TALYS: 0.663147 eV
   ---------- G2 -------- 
 66. Gg2 from TALYS: 0.880114 eV


   ---------------------- 
 ... Read resonance parameters (format: 3: Reich Moore)
 ... 312 resonances found 
 --> 67. Number of resonances from the input file: 312 up to 865400 eV
 68. Read nuclear quantities (mass, MAT...)
 69. Read thermal (n,g) xs 
 70. Read the scattering radius 
 71. Read uncertainty on Gg for 312 resonances
 72. Read uncertainty on Gg for 312 resonances ... done
 ... order resonances 
 ... Upper limit for the RRR: 850000 eV (no statistical resonances HFR) from the limit.RRR file
 ... Write parameters for l=0 waves
 ... Write parameters for l=1 waves
 ... Write parameters for l=2 waves
 ... End writing original MF2 
 ... Gn-Gg correlations: calculated capture kernel used for 312 evaluated resonances (no measured kernel)
 ... Write parameter covariances (MF32) for l=0
 Write parameter covariances (MF32) for l=1
 Write parameter covariances (MF32) for l=2
 ... MF32: 45 energy correlation lines (time of flight) for the first 10 evaluated resonances
 ... copy the mf2 and mf32 to .mlbw files
 ... Ladder option set to no --> no use of calendf_xs
 ... no thermal/RI adjustment (ladder option set to no): no GLS calculation of parameter correlations
 ... translate into MLBW
 ... copy the mf2 and mf32 to .mlbw files

 ... Start of final reconstruction and testing ...
 ... Reconstruction of cross sections at 0 Kelvin  ... Import MF2 from TARES calculations
 ... End energy of TARES MF2 : 8.500000E+5 eV and limit to 40000 resonances
 ... File used for reconstruction: n-Fe056.reconst
 ... run RECENT ...
 ... Doppler broadened at a unique temperature: 0 Kelvin using sigma1
 ... The keyword temperature is zero, no Doppler broadening for the MACS

 ============== INTER values at 0 Kelvin ==============
 Thermal (n,g) xs =  2.57637 b. (meas/sys: 2.576 b.) (warning: comparison to be done at 296 or 300 K)
 Th Maxw (n,g) xs =  2.5778 b. (thermal Maxwellian value)
 Westcott factor  =  1.00055
 RI      (n,g)    =  1.28381 b. (meas or sys: 1.36 b.)
 MACS 3.000e+04 eV=  0.012051 b. (meas or sys: - b.) from 1.00E+00 to 2.00E+07 eV (end of RRR) at T= 0 Kelvin 
 Thermal (n,el) xs=  12.0982 b.
 RI      (n,el)   =  126.851 b.
 ============= PSYCHE values ==============
 Ave. Gn_0    L0  =  5.86423
 Ave. Gn_0    L1  =  0.459356
 Ave. Gn_0    L2  =  3.49377
 Ave. Gg      L0  =  1.03853 eV
 Ave. Gg      L1  =  0.527143 eV
 Ave. Gg      L2  =  0.758422 eV
 Ave. D       L0  =  26562.5 eV
 Ave. D       L1  =  6071.43 eV
 Ave. D       L2  =  6692.91 eV
 Ave. S       L0  =  0.00022767 eV
 Ave. S       L1  =  4.17234e-05 eV
 Ave. S       L2  =  0.000266595 eV
 =========================================
 ... End of final reconstruction and testing ...

 ... grouping is not optimum, change to 70 groups
 ... Produce MF33 based on MF32 and 300 random files
 ... MF3 of n-Fe056.reconst (3 sections) added to the files for ENDSAM
 ... run endsam for 300 in groups of 1 global run(s)
 ... run endsam from 201 to 300
 ... preparing the vectors  ... done
 ... nominal file 0 Cap(th)  ave= 2.576E+00 b. +/- 0.00 % || Ela(th) ave= 1.210E+01 b. +/- 0.00 % || RIcap ave= 1.28E+00 b. +/- 0.00 % || Macs30 ave= 1.21E-02 b. +/- 0.00 % || Gn^0(l=0) ave= 5.864E+00 +/- 0.00 % Gn^0(l=1) ave= 4.594E-01 +/- 0.00 % Gn^0(l=2) ave= 3.494E+00 +/- 0.00 % Gn^0(l=3) ave= 0.000E+00 +/- 0.00 % || Gtotal(l=0) ave= 0.000E+00 +/- 0.00 % Gtotal(l=1) ave= 0.000E+00 +/- 0.00 % Gtotal(l=2) ave= 0.000E+00 +/- 0.00 % Gtotal(l=3) ave= 0.000E+00 +/- 0.00 %  % || Gg(l=0) ave= 1.039E+00 +/- 0.00 % Gg(l=1) ave= 5.271E-01 +/- 0.00 % Gg(l=2) ave= 7.584E-01 +/- 0.00 % Gg(l=3) ave= 0.000E+00 +/- 0.00 %  % || D(l=0) ave= 2.656E+04 +/- 0.00 % D(l=1) ave= 6.071E+03 +/- 0.00 % D(l=2) ave= 6.693E+03 +/- 0.00 % D(l=3) ave= 0.000E+00 +/- 0.00 %  % || S(l=0) ave= 2.277E-04 +/- 0.00 % S(l=1) ave= 4.172E-05 +/- 0.00 % S(l=2) ave= 2.666E-04 +/- 0.00 % S(l=3) ave= 0.000E+00 +/- 0.00 % 
 ... random file  1 Cap(th)  ave= 2.572E+00 b. +/- 0.17 % || Ela(th) ave= 1.270E+01 b. +/- 4.76 % || RIcap ave= 1.28E+00 b. +/- 0.17 % || Macs30 ave= 1.20E-02 b. +/- 0.37 % || Gn^0(l=0) ave= 5.862E+00 +/- 0.03 % Gn^0(l=1) ave= 4.571E-01 +/- 0.50 % Gn^0(l=2) ave= 3.805E+00 +/- 8.18 % Gn^0(l=3) ave= 0.000E+00 +/- 0.00 % || Gtotal(l=0) ave= 0.000E+00 +/- 0.00 % Gtotal(l=1) ave= 0.000E+00 +/- 0.00 % Gtotal(l=2) ave= 0.000E+00 +/- 0.00 % Gtotal(l=3) ave= 0.000E+00 +/- 0.00 %  % || Gg(l=0) ave= 1.033E+00 +/- 0.53 % Gg(l=1) ave= 5.269E-01 +/- 0.04 % Gg(l=2) ave= 7.570E-01 +/- 0.18 % Gg(l=3) ave= 0.000E+00 +/- 0.00 %  % || D(l=0) ave= 2.656E+04 +/- 0.00 % D(l=1) ave= 6.071E+03 +/- 0.00 % D(l=2) ave= 6.693E+03 +/- 0.00 % D(l=3) ave= 0.000E+00 +/- 0.00 %  % || S(l=0) ave= 2.276E-04 +/- 0.03 % S(l=1) ave= 4.151E-05 +/- 0.50 % S(l=2) ave= 2.902E-04 +/- 8.14 % S(l=3) ave= 0.000E+00 +/- 0.00 % 
 ... random file  2 Cap(th)  ave= 2.570E+00 b. +/- 0.19 % || Ela(th) ave= 1.264E+01 b. +/- 3.97 % || RIcap ave= 1.28E+00 b. +/- 0.16 % || Macs30 ave= 1.20E-02 b. +/- 0.48 % || Gn^0(l=0) ave= 5.867E+00 +/- 0.12 % Gn^0(l=1) ave= 4.560E-01 +/- 0.52 % Gn^0(l=2) ave= 3.577E+00 +/- 11.48 % Gn^0(l=3) ave= 0.000E+00 +/- 0.00 % || Gtotal(l=0) ave= 0.000E+00 +/- 0.00 % Gtotal(l=1) ave= 0.000E+00 +/- 0.00 % Gtotal(l=2) ave= 0.000E+00 +/- 0.00 % Gtotal(l=3) ave= 0.000E+00 +/- 0.00 %  % || Gg(l=0) ave= 1.036E+00 +/- 0.59 % Gg(l=1) ave= 5.278E-01 +/- 0.22 % Gg(l=2) ave= 7.579E-01 +/- 0.22 % Gg(l=3) ave= 0.000E+00 +/- 0.00 %  % || D(l=0) ave= 2.656E+04 +/- 0.00 % D(l=1) ave= 6.071E+03 +/- 0.00 % D(l=2) ave= 6.693E+03 +/- 0.00 % D(l=3) ave= 0.000E+00 +/- 0.00 %  % || S(l=0) ave= 2.278E-04 +/- 0.12 % S(l=1) ave= 4.141E-05 +/- 0.54 % S(l=2) ave= 2.729E-04 +/- 11.44 % S(l=3) ave= 0.000E+00 +/- 0.00 % 
 ... random file  3 Cap(th)  ave= 2.569E+00 b. +/- 0.17 % || Ela(th) ave= 1.263E+01 b. +/- 3.45 % || RIcap ave= 1.28E+00 b. +/- 0.14 % || Macs30 ave= 1.21E-02 b. +/- 0.90 % || Gn^0(l=0) ave= 5.868E+00 +/- 0.11 % Gn^0(l=1) ave= 4.569E-01 +/- 0.56 % Gn^0(l=2) ave= 3.695E+00 +/- 11.11 % Gn^0(l=3) ave= 0.000E+00 +/- 0.00 % || Gtotal(l=0) ave= 0.000E+00 +/- 0.00 % Gtotal(l=1) ave= 0.000E+00 +/- 0.00 % Gtotal(l=2) ave= 0.000E+00 +/- 0.00 % Gtotal(l=3) ave= 0.000E+00 +/- 0.00 %  % || Gg(l=0) ave= 1.037E+00 +/- 0.52 % Gg(l=1) ave= 5.272E-01 +/- 0.27 % Gg(l=2) ave= 7.576E-01 +/- 0.19 % Gg(l=3) ave= 0.000E+00 +/- 0.00 %  % || D(l=0) ave= 2.656E+04 +/- 0.00 % D(l=1) ave= 6.071E+03 +/- 0.00 % D(l=2) ave= 6.693E+03 +/- 0.00 % D(l=3) ave= 0.000E+00 +/- 0.00 %  % || S(l=0) ave= 2.278E-04 +/- 0.11 % S(l=1) ave= 4.149E-05 +/- 0.57 % S(l=2) ave= 2.819E-04 +/- 11.08 % S(l=3) ave= 0.000E+00 +/- 0.00 % 
 ... random file  4 Cap(th)  ave= 2.573E+00 b. +/- 0.34 % || Ela(th) ave= 1.247E+01 b. +/- 4.02 % || RIcap ave= 1.28E+00 b. +/- 0.31 % || Macs30 ave= 1.21E-02 b. +/- 0.87 % || Gn^0(l=0) ave= 5.869E+00 +/- 0.10 % Gn^0(l=1) ave= 4.569E-01 +/- 0.50 % Gn^0(l=2) ave= 3.726E+00 +/- 9.99 % Gn^0(l=3) ave= 0.000E+00 +/- 0.00 % || Gtotal(l=0) ave= 0.000E+00 +/- 0.00 % Gtotal(l=1) ave= 0.000E+00 +/- 0.00 % Gtotal(l=2) ave= 0.000E+00 +/- 0.00 % Gtotal(l=3) ave= 0.000E+00 +/- 0.00 %  % || Gg(l=0) ave= 1.032E+00 +/- 0.93 % Gg(l=1) ave= 5.270E-01 +/- 0.25 % Gg(l=2) ave= 7.578E-01 +/- 0.18 % Gg(l=3) ave= 0.000E+00 +/- 0.00 %  % || D(l=0) ave= 2.656E+04 +/- 0.00 % D(l=1) ave= 6.071E+03 +/- 0.00 % D(l=2) ave= 6.693E+03 +/- 0.00 % D(l=3) ave= 0.000E+00 +/- 0.00 %  % || S(l=0) ave= 2.279E-04 +/- 0.10 % S(l=1) ave= 4.150E-05 +/- 0.51 % S(l=2) ave= 2.842E-04 +/- 9.96 % S(l=3) ave= 0.000E+00 +/- 0.00 % 
 ... random file  5 Cap(th)  ave= 2.571E+00 b. +/- 0.34 % || Ela(th) ave= 1.264E+01 b. +/- 4.76 % || RIcap ave= 1.28E+00 b. +/- 0.32 % || Macs30 ave= 1.21E-02 b. +/- 0.85 % || Gn^0(l=0) ave= 5.867E+00 +/- 0.13 % Gn^0(l=1) ave= 4.652E-01 +/- 3.99 % Gn^0(l=2) ave= 3.592E+00 +/- 12.61 % Gn^0(l=3) ave= 0.000E+00 +/- 0.00 % || Gtotal(l=0) ave= 0.000E+00 +/- 0.00 % Gtotal(l=1) ave= 0.000E+00 +/- 0.00 % Gtotal(l=2) ave= 0.000E+00 +/- 0.00 % Gtotal(l=3) ave= 0.000E+00 +/- 0.00 %  % || Gg(l=0) ave= 1.034E+00 +/- 0.88 % Gg(l=1) ave= 5.269E-01 +/- 0.23 % Gg(l=2) ave= 7.568E-01 +/- 0.32 % Gg(l=3) ave= 0.000E+00 +/- 0.00 %  % || D(l=0) ave= 2.656E+04 +/- 0.00 % D(l=1) ave= 6.071E+03 +/- 0.00 % D(l=2) ave= 6.693E+03 +/- 0.00 % D(l=3) ave= 0.000E+00 +/- 0.00 %  % || S(l=0) ave= 2.278E-04 +/- 0.13 % S(l=1) ave= 4.225E-05 +/- 3.99 % S(l=2) ave= 2.740E-04 +/- 12.57 % S(l=3) ave= 0.000E+00 +/- 0.00 % 
 ... random file  6 Cap(th)  ave= 2.572E+00 b. +/- 0.32 % || Ela(th) ave= 1.256E+01 b. +/- 4.69 % || RIcap ave= 1.28E+00 b. +/- 0.30 % || Macs30 ave= 1.20E-02 b. +/- 1.35 % || Gn^0(l=0) ave= 5.868E+00 +/- 0.13 % Gn^0(l=1) ave= 4.618E-01 +/- 4.11 % Gn^0(l=2) ave= 3.540E+00 +/- 12.38 % Gn^0(l=3) ave= 0.000E+00 +/- 0.00 % || Gtotal(l=0) ave= 0.000E+00 +/- 0.00 % Gtotal(l=1) ave= 0.000E+00 +/- 0.00 % Gtotal(l=2) ave= 0.000E+00 +/- 0.00 % Gtotal(l=3) ave= 0.000E+00 +/- 0.00 %  % || Gg(l=0) ave= 1.036E+00 +/- 0.94 % Gg(l=1) ave= 5.262E-01 +/- 0.38 % Gg(l=2) ave= 7.566E-01 +/- 0.30 % Gg(l=3) ave= 0.000E+00 +/- 0.00 %  % || D(l=0) ave= 2.656E+04 +/- 0.00 % D(l=1) ave= 6.071E+03 +/- 0.00 % D(l=2) ave= 6.693E+03 +/- 0.00 % D(l=3) ave= 0.000E+00 +/- 0.00 %  % || S(l=0) ave= 2.278E-04 +/- 0.13 % S(l=1) ave= 4.194E-05 +/- 4.12 % S(l=2) ave= 2.701E-04 +/- 12.34 % S(l=3) ave= 0.000E+00 +/- 0.00 % 
 ... random file  7 Cap(th)  ave= 2.574E+00 b. +/- 0.36 % || Ela(th) ave= 1.243E+01 b. +/- 5.26 % || RIcap ave= 1.28E+00 b. +/- 0.33 % || Macs30 ave= 1.20E-02 b. +/- 1.26 % || Gn^0(l=0) ave= 5.869E+00 +/- 0.13 % Gn^0(l=1) ave= 4.592E-01 +/- 4.17 % Gn^0(l=2) ave= 3.541E+00 +/- 11.57 % Gn^0(l=3) ave= 0.000E+00 +/- 0.00 % || Gtotal(l=0) ave= 0.000E+00 +/- 0.00 % Gtotal(l=1) ave= 0.000E+00 +/- 0.00 % Gtotal(l=2) ave= 0.000E+00 +/- 0.00 % Gtotal(l=3) ave= 0.000E+00 +/- 0.00 %  % || Gg(l=0) ave= 1.036E+00 +/- 0.88 % Gg(l=1) ave= 5.266E-01 +/- 0.40 % Gg(l=2) ave= 7.568E-01 +/- 0.29 % Gg(l=3) ave= 0.000E+00 +/- 0.00 %  % || D(l=0) ave= 2.656E+04 +/- 0.00 % D(l=1) ave= 6.071E+03 +/- 0.00 % D(l=2) ave= 6.693E+03 +/- 0.00 % D(l=3) ave= 0.000E+00 +/- 0.00 %  % || S(l=0) ave= 2.279E-04 +/- 0.13 % S(l=1) ave= 4.170E-05 +/- 4.17 % S(l=2) ave= 2.702E-04 +/- 11.54 % S(l=3) ave= 0.000E+00 +/- 0.00 % 
 ... random file  8 Cap(th)  ave= 2.574E+00 b. +/- 0.34 % || Ela(th) ave= 1.227E+01 b. +/- 6.22 % || RIcap ave= 1.28E+00 b. +/- 0.32 % || Macs30 ave= 1.20E-02 b. +/- 1.20 % || Gn^0(l=0) ave= 5.867E+00 +/- 0.15 % Gn^0(l=1) ave= 4.588E-01 +/- 3.94 % Gn^0(l=2) ave= 3.472E+00 +/- 12.46 % Gn^0(l=3) ave= 0.000E+00 +/- 0.00 % || Gtotal(l=0) ave= 0.000E+00 +/- 0.00 % Gtotal(l=1) ave= 0.000E+00 +/- 0.00 % Gtotal(l=2) ave= 0.000E+00 +/- 0.00 % Gtotal(l=3) ave= 0.000E+00 +/- 0.00 %  % || Gg(l=0) ave= 1.036E+00 +/- 0.84 % Gg(l=1) ave= 5.267E-01 +/- 0.38 % Gg(l=2) ave= 7.576E-01 +/- 0.40 % Gg(l=3) ave= 0.000E+00 +/- 0.00 %  % || D(l=0) ave= 2.656E+04 +/- 0.00 % D(l=1) ave= 6.071E+03 +/- 0.00 % D(l=2) ave= 6.693E+03 +/- 0.00 % D(l=3) ave= 0.000E+00 +/- 0.00 %  % || S(l=0) ave= 2.278E-04 +/- 0.15 % S(l=1) ave= 4.167E-05 +/- 3.94 % S(l=2) ave= 2.649E-04 +/- 12.43 % S(l=3) ave= 0.000E+00 +/- 0.00 % 
 ... random file  9 Cap(th)  ave= 2.576E+00 b. +/- 0.46 % || Ela(th) ave= 1.228E+01 b. +/- 5.90 % || RIcap ave= 1.28E+00 b. +/- 0.41 % || Macs30 ave= 1.20E-02 b. +/- 1.16 % || Gn^0(l=0) ave= 5.865E+00 +/- 0.20 % Gn^0(l=1) ave= 4.581E-01 +/- 3.77 % Gn^0(l=2) ave= 3.474E+00 +/- 11.81 % Gn^0(l=3) ave= 0.000E+00 +/- 0.00 % || Gtotal(l=0) ave= 0.000E+00 +/- 0.00 % Gtotal(l=1) ave= 0.000E+00 +/- 0.00 % Gtotal(l=2) ave= 0.000E+00 +/- 0.00 % Gtotal(l=3) ave= 0.000E+00 +/- 0.00 %  % || Gg(l=0) ave= 1.037E+00 +/- 0.95 % Gg(l=1) ave= 5.267E-01 +/- 0.36 % Gg(l=2) ave= 7.576E-01 +/- 0.38 % Gg(l=3) ave= 0.000E+00 +/- 0.00 %  % || D(l=0) ave= 2.656E+04 +/- 0.00 % D(l=1) ave= 6.071E+03 +/- 0.00 % D(l=2) ave= 6.693E+03 +/- 0.00 % D(l=3) ave= 0.000E+00 +/- 0.00 %  % || S(l=0) ave= 2.277E-04 +/- 0.20 % S(l=1) ave= 4.161E-05 +/- 3.77 % S(l=2) ave= 2.651E-04 +/- 11.78 % S(l=3) ave= 0.000E+00 +/- 0.00 % 
 ... random file  10 Cap(th)  ave= 2.576E+00 b. +/- 0.44 % || Ela(th) ave= 1.215E+01 b. +/- 6.56 % || RIcap ave= 1.28E+00 b. +/- 0.40 % || Macs30 ave= 1.20E-02 b. +/- 1.13 % || Gn^0(l=0) ave= 5.863E+00 +/- 0.20 % Gn^0(l=1) ave= 4.568E-01 +/- 3.72 % Gn^0(l=2) ave= 3.443E+00 +/- 11.72 % Gn^0(l=3) ave= 0.000E+00 +/- 0.00 % || Gtotal(l=0) ave= 0.000E+00 +/- 0.00 % Gtotal(l=1) ave= 0.000E+00 +/- 0.00 % Gtotal(l=2) ave= 0.000E+00 +/- 0.00 % Gtotal(l=3) ave= 0.000E+00 +/- 0.00 %  % || Gg(l=0) ave= 1.038E+00 +/- 0.91 % Gg(l=1) ave= 5.268E-01 +/- 0.35 % Gg(l=2) ave= 7.574E-01 +/- 0.38 % Gg(l=3) ave= 0.000E+00 +/- 0.00 %  % || D(l=0) ave= 2.656E+04 +/- 0.00 % D(l=1) ave= 6.071E+03 +/- 0.00 % D(l=2) ave= 6.693E+03 +/- 0.00 % D(l=3) ave= 0.000E+00 +/- 0.00 %  % || S(l=0) ave= 2.276E-04 +/- 0.20 % S(l=1) ave= 4.149E-05 +/- 3.72 % S(l=2) ave= 2.627E-04 +/- 11.69 % S(l=3) ave= 0.000E+00 +/- 0.00 % 
 ... random file  11 Cap(th)  ave= 2.577E+00 b. +/- 0.46 % || Ela(th) ave= 1.214E+01 b. +/- 6.29 % || RIcap ave= 1.28E+00 b. +/- 0.41 % || Macs30 ave= 1.20E-02 b. +/- 1.13 % || Gn^0(l=0) ave= 5.864E+00 +/- 0.20 % Gn^0(l=1) ave= 4.548E-01 +/- 3.85 % Gn^0(l=2) ave= 3.472E+00 +/- 11.47 % Gn^0(l=3) ave= 0.000E+00 +/- 0.00 % || Gtotal(l=0) ave= 0.000E+00 +/- 0.00 % Gtotal(l=1) ave= 0.000E+00 +/- 0.00 % Gtotal(l=2) ave= 0.000E+00 +/- 0.00 % Gtotal(l=3) ave= 0.000E+00 +/- 0.00 %  % || Gg(l=0) ave= 1.036E+00 +/- 0.94 % Gg(l=1) ave= 5.267E-01 +/- 0.33 % Gg(l=2) ave= 7.569E-01 +/- 0.41 % Gg(l=3) ave= 0.000E+00 +/- 0.00 %  % || D(l=0) ave= 2.656E+04 +/- 0.00 % D(l=1) ave= 6.071E+03 +/- 0.00 % D(l=2) ave= 6.693E+03 +/- 0.00 % D(l=3) ave= 0.000E+00 +/- 0.00 %  % || S(l=0) ave= 2.277E-04 +/- 0.20 % S(l=1) ave= 4.131E-05 +/- 3.84 % S(l=2) ave= 2.649E-04 +/- 11.44 % S(l=3) ave= 0.000E+00 +/- 0.00 % 
 ... random file  12 Cap(th)  ave= 2.577E+00 b. +/- 0.44 % || Ela(th) ave= 1.213E+01 b. +/- 6.06 % || RIcap ave= 1.28E+00 b. +/- 0.39 % || Macs30 ave= 1.20E-02 b. +/- 1.31 % || Gn^0(l=0) ave= 5.865E+00 +/- 0.19 % Gn^0(l=1) ave= 4.554E-01 +/- 3.72 % Gn^0(l=2) ave= 3.555E+00 +/- 13.42 % Gn^0(l=3) ave= 0.000E+00 +/- 0.00 % || Gtotal(l=0) ave= 0.000E+00 +/- 0.00 % Gtotal(l=1) ave= 0.000E+00 +/- 0.00 % Gtotal(l=2) ave= 0.000E+00 +/- 0.00 % Gtotal(l=3) ave= 0.000E+00 +/- 0.00 %  % || Gg(l=0) ave= 1.038E+00 +/- 1.00 % Gg(l=1) ave= 5.266E-01 +/- 0.32 % Gg(l=2) ave= 7.574E-01 +/- 0.44 % Gg(l=3) ave= 0.000E+00 +/- 0.00 %  % || D(l=0) ave= 2.656E+04 +/- 0.00 % D(l=1) ave= 6.071E+03 +/- 0.00 % D(l=2) ave= 6.693E+03 +/- 0.00 % D(l=3) ave= 0.000E+00 +/- 0.00 %  % || S(l=0) ave= 2.277E-04 +/- 0.19 % S(l=1) ave= 4.137E-05 +/- 3.71 % S(l=2) ave= 2.712E-04 +/- 13.39 % S(l=3) ave= 0.000E+00 +/- 0.00 % 
 ... random file  13 Cap(th)  ave= 2.577E+00 b. +/- 0.43 % || Ela(th) ave= 1.222E+01 b. +/- 6.35 % || RIcap ave= 1.28E+00 b. +/- 0.38 % || Macs30 ave= 1.20E-02 b. +/- 1.26 % || Gn^0(l=0) ave= 5.865E+00 +/- 0.19 % Gn^0(l=1) ave= 4.573E-01 +/- 3.87 % Gn^0(l=2) ave= 3.502E+00 +/- 14.20 % Gn^0(l=3) ave= 0.000E+00 +/- 0.00 % || Gtotal(l=0) ave= 0.000E+00 +/- 0.00 % Gtotal(l=1) ave= 0.000E+00 +/- 0.00 % Gtotal(l=2) ave= 0.000E+00 +/- 0.00 % Gtotal(l=3) ave= 0.000E+00 +/- 0.00 %  % || Gg(l=0) ave= 1.038E+00 +/- 0.99 % Gg(l=1) ave= 5.266E-01 +/- 0.31 % Gg(l=2) ave= 7.573E-01 +/- 0.43 % Gg(l=3) ave= 0.000E+00 +/- 0.00 %  % || D(l=0) ave= 2.656E+04 +/- 0.00 % D(l=1) ave= 6.071E+03 +/- 0.00 % D(l=2) ave= 6.693E+03 +/- 0.00 % D(l=3) ave= 0.000E+00 +/- 0.00 %  % || S(l=0) ave= 2.277E-04 +/- 0.19 % S(l=1) ave= 4.154E-05 +/- 3.87 % S(l=2) ave= 2.672E-04 +/- 14.16 % S(l=3) ave= 0.000E+00 +/- 0.00 % 
 ... random file  14 Cap(th)  ave= 2.576E+00 b. +/- 0.46 % || Ela(th) ave= 1.218E+01 b. +/- 6.26 % || RIcap ave= 1.28E+00 b. +/- 0.40 % || Macs30 ave= 1.20E-02 b. +/- 1.22 % || Gn^0(l=0) ave= 5.865E+00 +/- 0.19 % Gn^0(l=1) ave= 4.548E-01 +/- 4.28 % Gn^0(l=2) ave= 3.554E+00 +/- 14.58 % Gn^0(l=3) ave= 0.000E+00 +/- 0.00 % || Gtotal(l=0) ave= 0.000E+00 +/- 0.00 % Gtotal(l=1) ave= 0.000E+00 +/- 0.00 % Gtotal(l=2) ave= 0.000E+00 +/- 0.00 % Gtotal(l=3) ave= 0.000E+00 +/- 0.00 %  % || Gg(l=0) ave= 1.038E+00 +/- 0.96 % Gg(l=1) ave= 5.268E-01 +/- 0.35 % Gg(l=2) ave= 7.571E-01 +/- 0.43 % Gg(l=3) ave= 0.000E+00 +/- 0.00 %  % || D(l=0) ave= 2.656E+04 +/- 0.00 % D(l=1) ave= 6.071E+03 +/- 0.00 % D(l=2) ave= 6.693E+03 +/- 0.00 % D(l=3) ave= 0.000E+00 +/- 0.00 %  % || S(l=0) ave= 2.277E-04 +/- 0.19 % S(l=1) ave= 4.131E-05 +/- 4.28 % S(l=2) ave= 2.711E-04 +/- 14.54 % S(l=3) ave= 0.000E+00 +/- 0.00 % 
 ... random file  15 Cap(th)  ave= 2.576E+00 b. +/- 0.44 % || Ela(th) ave= 1.224E+01 b. +/- 6.28 % || RIcap ave= 1.28E+00 b. +/- 0.38 % || Macs30 ave= 1.20E-02 b. +/- 1.20 % || Gn^0(l=0) ave= 5.865E+00 +/- 0.18 % Gn^0(l=1) ave= 4.570E-01 +/- 4.52 % Gn^0(l=2) ave= 3.636E+00 +/- 16.37 % Gn^0(l=3) ave= 0.000E+00 +/- 0.00 % || Gtotal(l=0) ave= 0.000E+00 +/- 0.00 % Gtotal(l=1) ave= 0.000E+00 +/- 0.00 % Gtotal(l=2) ave= 0.000E+00 +/- 0.00 % Gtotal(l=3) ave= 0.000E+00 +/- 0.00 %  % || Gg(l=0) ave= 1.038E+00 +/- 0.94 % Gg(l=1) ave= 5.266E-01 +/- 0.37 % Gg(l=2) ave= 7.572E-01 +/- 0.42 % Gg(l=3) ave= 0.000E+00 +/- 0.00 %  % || D(l=0) ave= 2.656E+04 +/- 0.00 % D(l=1) ave= 6.071E+03 +/- 0.00 % D(l=2) ave= 6.693E+03 +/- 0.00 % D(l=3) ave= 0.000E+00 +/- 0.00 %  % || S(l=0) ave= 2.277E-04 +/- 0.18 % S(l=1) ave= 4.151E-05 +/- 4.51 % S(l=2) ave= 2.774E-04 +/- 16.33 % S(l=3) ave= 0.000E+00 +/- 0.00 % 
 ... random file  16 Cap(th)  ave= 2.576E+00 b. +/- 0.43 % || Ela(th) ave= 1.228E+01 b. +/- 6.24 % || RIcap ave= 1.28E+00 b. +/- 0.37 % || Macs30 ave= 1.20E-02 b. +/- 1.18 % || Gn^0(l=0) ave= 5.866E+00 +/- 0.18 % Gn^0(l=1) ave= 4.570E-01 +/- 4.38 % Gn^0(l=2) ave= 3.644E+00 +/- 15.87 % Gn^0(l=3) ave= 0.000E+00 +/- 0.00 % || Gtotal(l=0) ave= 0.000E+00 +/- 0.00 % Gtotal(l=1) ave= 0.000E+00 +/- 0.00 % Gtotal(l=2) ave= 0.000E+00 +/- 0.00 % Gtotal(l=3) ave= 0.000E+00 +/- 0.00 %  % || Gg(l=0) ave= 1.038E+00 +/- 0.92 % Gg(l=1) ave= 5.267E-01 +/- 0.36 % Gg(l=2) ave= 7.569E-01 +/- 0.44 % Gg(l=3) ave= 0.000E+00 +/- 0.00 %  % || D(l=0) ave= 2.656E+04 +/- 0.00 % D(l=1) ave= 6.071E+03 +/- 0.00 % D(l=2) ave= 6.693E+03 +/- 0.00 % D(l=3) ave= 0.000E+00 +/- 0.00 %  % || S(l=0) ave= 2.277E-04 +/- 0.18 % S(l=1) ave= 4.151E-05 +/- 4.38 % S(l=2) ave= 2.780E-04 +/- 15.83 % S(l=3) ave= 0.000E+00 +/- 0.00 % 
 ... random file  17 Cap(th)  ave= 2.576E+00 b. +/- 0.42 % || Ela(th) ave= 1.229E+01 b. +/- 6.07 % || RIcap ave= 1.28E+00 b. +/- 0.36 % || Macs30 ave= 1.20E-02 b. +/- 1.15 % || Gn^0(l=0) ave= 5.866E+00 +/- 0.18 % Gn^0(l=1) ave= 4.586E-01 +/- 4.48 % Gn^0(l=2) ave= 3.663E+00 +/- 15.49 % Gn^0(l=3) ave= 0.000E+00 +/- 0.00 % || Gtotal(l=0) ave= 0.000E+00 +/- 0.00 % Gtotal(l=1) ave= 0.000E+00 +/- 0.00 % Gtotal(l=2) ave= 0.000E+00 +/- 0.00 % Gtotal(l=3) ave= 0.000E+00 +/- 0.00 %  % || Gg(l=0) ave= 1.038E+00 +/- 0.90 % Gg(l=1) ave= 5.267E-01 +/- 0.35 % Gg(l=2) ave= 7.574E-01 +/- 0.50 % Gg(l=3) ave= 0.000E+00 +/- 0.00 %  % || D(l=0) ave= 2.656E+04 +/- 0.00 % D(l=1) ave= 6.071E+03 +/- 0.00 % D(l=2) ave= 6.693E+03 +/- 0.00 % D(l=3) ave= 0.000E+00 +/- 0.00 %  % || S(l=0) ave= 2.277E-04 +/- 0.18 % S(l=1) ave= 4.166E-05 +/- 4.48 % S(l=2) ave= 2.795E-04 +/- 15.45 % S(l=3) ave= 0.000E+00 +/- 0.00 % 
 ... random file  18 Cap(th)  ave= 2.576E+00 b. +/- 0.42 % || Ela(th) ave= 1.223E+01 b. +/- 6.29 % || RIcap ave= 1.28E+00 b. +/- 0.36 % || Macs30 ave= 1.20E-02 b. +/- 1.14 % || Gn^0(l=0) ave= 5.867E+00 +/- 0.18 % Gn^0(l=1) ave= 4.628E-01 +/- 5.76 % Gn^0(l=2) ave= 3.700E+00 +/- 15.51 % Gn^0(l=3) ave= 0.000E+00 +/- 0.00 % || Gtotal(l=0) ave= 0.000E+00 +/- 0.00 % Gtotal(l=1) ave= 0.000E+00 +/- 0.00 % Gtotal(l=2) ave= 0.000E+00 +/- 0.00 % Gtotal(l=3) ave= 0.000E+00 +/- 0.00 %  % || Gg(l=0) ave= 1.038E+00 +/- 0.88 % Gg(l=1) ave= 5.267E-01 +/- 0.34 % Gg(l=2) ave= 7.573E-01 +/- 0.49 % Gg(l=3) ave= 0.000E+00 +/- 0.00 %  % || D(l=0) ave= 2.656E+04 +/- 0.00 % D(l=1) ave= 6.071E+03 +/- 0.00 % D(l=2) ave= 6.693E+03 +/- 0.00 % D(l=3) ave= 0.000E+00 +/- 0.00 %  % || S(l=0) ave= 2.278E-04 +/- 0.18 % S(l=1) ave= 4.203E-05 +/- 5.76 % S(l=2) ave= 2.823E-04 +/- 15.47 % S(l=3) ave= 0.000E+00 +/- 0.00 % 
 ... random file  19 Cap(th)  ave= 2.576E+00 b. +/- 0.41 % || Ela(th) ave= 1.222E+01 b. +/- 6.15 % || RIcap ave= 1.28E+00 b. +/- 0.36 % || Macs30 ave= 1.20E-02 b. +/- 1.11 % || Gn^0(l=0) ave= 5.867E+00 +/- 0.18 % Gn^0(l=1) ave= 4.642E-01 +/- 5.76 % Gn^0(l=2) ave= 3.673E+00 +/- 15.57 % Gn^0(l=3) ave= 0.000E+00 +/- 0.00 % || Gtotal(l=0) ave= 0.000E+00 +/- 0.00 % Gtotal(l=1) ave= 0.000E+00 +/- 0.00 % Gtotal(l=2) ave= 0.000E+00 +/- 0.00 % Gtotal(l=3) ave= 0.000E+00 +/- 0.00 %  % || Gg(l=0) ave= 1.038E+00 +/- 0.89 % Gg(l=1) ave= 5.268E-01 +/- 0.34 % Gg(l=2) ave= 7.575E-01 +/- 0.49 % Gg(l=3) ave= 0.000E+00 +/- 0.00 %  % || D(l=0) ave= 2.656E+04 +/- 0.00 % D(l=1) ave= 6.071E+03 +/- 0.00 % D(l=2) ave= 6.693E+03 +/- 0.00 % D(l=3) ave= 0.000E+00 +/- 0.00 %  % || S(l=0) ave= 2.278E-04 +/- 0.18 % S(l=1) ave= 4.216E-05 +/- 5.76 % S(l=2) ave= 2.802E-04 +/- 15.53 % S(l=3) ave= 0.000E+00 +/- 0.00 % 
 ... random file  20 Cap(th)  ave= 2.577E+00 b. +/- 0.43 % || Ela(th) ave= 1.218E+01 b. +/- 6.20 % || RIcap ave= 1.28E+00 b. +/- 0.38 % || Macs30 ave= 1.21E-02 b. +/- 1.20 % || Gn^0(l=0) ave= 5.866E+00 +/- 0.19 % Gn^0(l=1) ave= 4.636E-01 +/- 5.65 % Gn^0(l=2) ave= 3.710E+00 +/- 15.69 % Gn^0(l=3) ave= 0.000E+00 +/- 0.00 % || Gtotal(l=0) ave= 0.000E+00 +/- 0.00 % Gtotal(l=1) ave= 0.000E+00 +/- 0.00 % Gtotal(l=2) ave= 0.000E+00 +/- 0.00 % Gtotal(l=3) ave= 0.000E+00 +/- 0.00 %  % || Gg(l=0) ave= 1.038E+00 +/- 0.87 % Gg(l=1) ave= 5.270E-01 +/- 0.38 % Gg(l=2) ave= 7.573E-01 +/- 0.49 % Gg(l=3) ave= 0.000E+00 +/- 0.00 %  % || D(l=0) ave= 2.656E+04 +/- 0.00 % D(l=1) ave= 6.071E+03 +/- 0.00 % D(l=2) ave= 6.693E+03 +/- 0.00 % D(l=3) ave= 0.000E+00 +/- 0.00 %  % || S(l=0) ave= 2.277E-04 +/- 0.19 % S(l=1) ave= 4.211E-05 +/- 5.65 % S(l=2) ave= 2.830E-04 +/- 15.65 % S(l=3) ave= 0.000E+00 +/- 0.00 % 
 ... random file  21 Cap(th)  ave= 2.577E+00 b. +/- 0.43 % || Ela(th) ave= 1.215E+01 b. +/- 6.21 % || RIcap ave= 1.28E+00 b. +/- 0.38 % || Macs30 ave= 1.21E-02 b. +/- 1.17 % || Gn^0(l=0) ave= 5.866E+00 +/- 0.19 % Gn^0(l=1) ave= 4.625E-01 +/- 5.65 % Gn^0(l=2) ave= 3.744E+00 +/- 15.75 % Gn^0(l=3) ave= 0.000E+00 +/- 0.00 % || Gtotal(l=0) ave= 0.000E+00 +/- 0.00 % Gtotal(l=1) ave= 0.000E+00 +/- 0.00 % Gtotal(l=2) ave= 0.000E+00 +/- 0.00 % Gtotal(l=3) ave= 0.000E+00 +/- 0.00 %  % || Gg(l=0) ave= 1.037E+00 +/- 0.88 % Gg(l=1) ave= 5.271E-01 +/- 0.37 % Gg(l=2) ave= 7.572E-01 +/- 0.48 % Gg(l=3) ave= 0.000E+00 +/- 0.00 %  % || D(l=0) ave= 2.656E+04 +/- 0.00 % D(l=1) ave= 6.071E+03 +/- 0.00 % D(l=2) ave= 6.693E+03 +/- 0.00 % D(l=3) ave= 0.000E+00 +/- 0.00 %  % || S(l=0) ave= 2.277E-04 +/- 0.19 % S(l=1) ave= 4.201E-05 +/- 5.65 % S(l=2) ave= 2.856E-04 +/- 15.71 % S(l=3) ave= 0.000E+00 +/- 0.00 % 
 ... random file  22 Cap(th)  ave= 2.577E+00 b. +/- 0.43 % || Ela(th) ave= 1.215E+01 b. +/- 6.07 % || RIcap ave= 1.28E+00 b. +/- 0.37 % || Macs30 ave= 1.20E-02 b. +/- 1.17 % || Gn^0(l=0) ave= 5.865E+00 +/- 0.19 % Gn^0(l=1) ave= 4.612E-01 +/- 5.70 % Gn^0(l=2) ave= 3.744E+00 +/- 15.41 % Gn^0(l=3) ave= 0.000E+00 +/- 0.00 % || Gtotal(l=0) ave= 0.000E+00 +/- 0.00 % Gtotal(l=1) ave= 0.000E+00 +/- 0.00 % Gtotal(l=2) ave= 0.000E+00 +/- 0.00 % Gtotal(l=3) ave= 0.000E+00 +/- 0.00 %  % || Gg(l=0) ave= 1.037E+00 +/- 0.86 % Gg(l=1) ave= 5.270E-01 +/- 0.38 % Gg(l=2) ave= 7.571E-01 +/- 0.47 % Gg(l=3) ave= 0.000E+00 +/- 0.00 %  % || D(l=0) ave= 2.656E+04 +/- 0.00 % D(l=1) ave= 6.071E+03 +/- 0.00 % D(l=2) ave= 6.693E+03 +/- 0.00 % D(l=3) ave= 0.000E+00 +/- 0.00 %  % || S(l=0) ave= 2.277E-04 +/- 0.19 % S(l=1) ave= 4.189E-05 +/- 5.70 % S(l=2) ave= 2.857E-04 +/- 15.37 % S(l=3) ave= 0.000E+00 +/- 0.00 % 
 ... random file  23 Cap(th)  ave= 2.577E+00 b. +/- 0.42 % || Ela(th) ave= 1.212E+01 b. +/- 6.08 % || RIcap ave= 1.28E+00 b. +/- 0.37 % || Macs30 ave= 1.21E-02 b. +/- 1.19 % || Gn^0(l=0) ave= 5.865E+00 +/- 0.19 % Gn^0(l=1) ave= 4.603E-01 +/- 5.66 % Gn^0(l=2) ave= 3.732E+00 +/- 15.21 % Gn^0(l=3) ave= 0.000E+00 +/- 0.00 % || Gtotal(l=0) ave= 0.000E+00 +/- 0.00 % Gtotal(l=1) ave= 0.000E+00 +/- 0.00 % Gtotal(l=2) ave= 0.000E+00 +/- 0.00 % Gtotal(l=3) ave= 0.000E+00 +/- 0.00 %  % || Gg(l=0) ave= 1.038E+00 +/- 0.88 % Gg(l=1) ave= 5.269E-01 +/- 0.39 % Gg(l=2) ave= 7.571E-01 +/- 0.46 % Gg(l=3) ave= 0.000E+00 +/- 0.00 %  % || D(l=0) ave= 2.656E+04 +/- 0.00 % D(l=1) ave= 6.071E+03 +/- 0.00 % D(l=2) ave= 6.693E+03 +/- 0.00 % D(l=3) ave= 0.000E+00 +/- 0.00 %  % || S(l=0) ave= 2.277E-04 +/- 0.19 % S(l=1) ave= 4.181E-05 +/- 5.66 % S(l=2) ave= 2.847E-04 +/- 15.18 % S(l=3) ave= 0.000E+00 +/- 0.00 % 
 ... random file  24 Cap(th)  ave= 2.577E+00 b. +/- 0.42 % || Ela(th) ave= 1.213E+01 b. +/- 5.97 % || RIcap ave= 1.28E+00 b. +/- 0.36 % || Macs30 ave= 1.21E-02 b. +/- 1.17 % || Gn^0(l=0) ave= 5.865E+00 +/- 0.19 % Gn^0(l=1) ave= 4.605E-01 +/- 5.55 % Gn^0(l=2) ave= 3.742E+00 +/- 14.92 % Gn^0(l=3) ave= 0.000E+00 +/- 0.00 % || Gtotal(l=0) ave= 0.000E+00 +/- 0.00 % Gtotal(l=1) ave= 0.000E+00 +/- 0.00 % Gtotal(l=2) ave= 0.000E+00 +/- 0.00 % Gtotal(l=3) ave= 0.000E+00 +/- 0.00 %  % || Gg(l=0) ave= 1.038E+00 +/- 0.87 % Gg(l=1) ave= 5.267E-01 +/- 0.42 % Gg(l=2) ave= 7.572E-01 +/- 0.46 % Gg(l=3) ave= 0.000E+00 +/- 0.00 %  % || D(l=0) ave= 2.656E+04 +/- 0.00 % D(l=1) ave= 6.071E+03 +/- 0.00 % D(l=2) ave= 6.693E+03 +/- 0.00 % D(l=3) ave= 0.000E+00 +/- 0.00 %  % || S(l=0) ave= 2.277E-04 +/- 0.19 % S(l=1) ave= 4.183E-05 +/- 5.55 % S(l=2) ave= 2.855E-04 +/- 14.89 % S(l=3) ave= 0.000E+00 +/- 0.00 % 
 ... random file  25 Cap(th)  ave= 2.578E+00 b. +/- 0.42 % || Ela(th) ave= 1.214E+01 b. +/- 5.86 % || RIcap ave= 1.28E+00 b. +/- 0.37 % || Macs30 ave= 1.21E-02 b. +/- 1.18 % || Gn^0(l=0) ave= 5.864E+00 +/- 0.20 % Gn^0(l=1) ave= 4.607E-01 +/- 5.45 % Gn^0(l=2) ave= 3.782E+00 +/- 15.41 % Gn^0(l=3) ave= 0.000E+00 +/- 0.00 % || Gtotal(l=0) ave= 0.000E+00 +/- 0.00 % Gtotal(l=1) ave= 0.000E+00 +/- 0.00 % Gtotal(l=2) ave= 0.000E+00 +/- 0.00 % Gtotal(l=3) ave= 0.000E+00 +/- 0.00 %  % || Gg(l=0) ave= 1.038E+00 +/- 0.87 % Gg(l=1) ave= 5.266E-01 +/- 0.41 % Gg(l=2) ave= 7.573E-01 +/- 0.45 % Gg(l=3) ave= 0.000E+00 +/- 0.00 %  % || D(l=0) ave= 2.656E+04 +/- 0.00 % D(l=1) ave= 6.071E+03 +/- 0.00 % D(l=2) ave= 6.693E+03 +/- 0.00 % D(l=3) ave= 0.000E+00 +/- 0.00 %  % || S(l=0) ave= 2.277E-04 +/- 0.20 % S(l=1) ave= 4.185E-05 +/- 5.45 % S(l=2) ave= 2.885E-04 +/- 15.37 % S(l=3) ave= 0.000E+00 +/- 0.00 % 
 ... random file  26 Cap(th)  ave= 2.577E+00 b. +/- 0.43 % || Ela(th) ave= 1.212E+01 b. +/- 5.79 % || RIcap ave= 1.28E+00 b. +/- 0.38 % || Macs30 ave= 1.21E-02 b. +/- 1.17 % || Gn^0(l=0) ave= 5.864E+00 +/- 0.20 % Gn^0(l=1) ave= 4.631E-01 +/- 5.92 % Gn^0(l=2) ave= 3.758E+00 +/- 15.55 % Gn^0(l=3) ave= 0.000E+00 +/- 0.00 % || Gtotal(l=0) ave= 0.000E+00 +/- 0.00 % Gtotal(l=1) ave= 0.000E+00 +/- 0.00 % Gtotal(l=2) ave= 0.000E+00 +/- 0.00 % Gtotal(l=3) ave= 0.000E+00 +/- 0.00 %  % || Gg(l=0) ave= 1.037E+00 +/- 0.93 % Gg(l=1) ave= 5.267E-01 +/- 0.42 % Gg(l=2) ave= 7.574E-01 +/- 0.45 % Gg(l=3) ave= 0.000E+00 +/- 0.00 %  % || D(l=0) ave= 2.656E+04 +/- 0.00 % D(l=1) ave= 6.071E+03 +/- 0.00 % D(l=2) ave= 6.693E+03 +/- 0.00 % D(l=3) ave= 0.000E+00 +/- 0.00 %  % || S(l=0) ave= 2.277E-04 +/- 0.20 % S(l=1) ave= 4.207E-05 +/- 5.92 % S(l=2) ave= 2.867E-04 +/- 15.51 % S(l=3) ave= 0.000E+00 +/- 0.00 % 
 ... random file  27 Cap(th)  ave= 2.577E+00 b. +/- 0.42 % || Ela(th) ave= 1.211E+01 b. +/- 5.73 % || RIcap ave= 1.28E+00 b. +/- 0.37 % || Macs30 ave= 1.21E-02 b. +/- 1.16 % || Gn^0(l=0) ave= 5.864E+00 +/- 0.19 % Gn^0(l=1) ave= 4.635E-01 +/- 5.82 % Gn^0(l=2) ave= 3.723E+00 +/- 16.16 % Gn^0(l=3) ave= 0.000E+00 +/- 0.00 % || Gtotal(l=0) ave= 0.000E+00 +/- 0.00 % Gtotal(l=1) ave= 0.000E+00 +/- 0.00 % Gtotal(l=2) ave= 0.000E+00 +/- 0.00 % Gtotal(l=3) ave= 0.000E+00 +/- 0.00 %  % || Gg(l=0) ave= 1.038E+00 +/- 0.92 % Gg(l=1) ave= 5.267E-01 +/- 0.42 % Gg(l=2) ave= 7.574E-01 +/- 0.44 % Gg(l=3) ave= 0.000E+00 +/- 0.00 %  % || D(l=0) ave= 2.656E+04 +/- 0.00 % D(l=1) ave= 6.071E+03 +/- 0.00 % D(l=2) ave= 6.693E+03 +/- 0.00 % D(l=3) ave= 0.000E+00 +/- 0.00 %  % || S(l=0) ave= 2.277E-04 +/- 0.19 % S(l=1) ave= 4.210E-05 +/- 5.83 % S(l=2) ave= 2.841E-04 +/- 16.12 % S(l=3) ave= 0.000E+00 +/- 0.00 % 
 ... random file  28 Cap(th)  ave= 2.577E+00 b. +/- 0.42 % || Ela(th) ave= 1.207E+01 b. +/- 5.81 % || RIcap ave= 1.28E+00 b. +/- 0.36 % || Macs30 ave= 1.21E-02 b. +/- 1.14 % || Gn^0(l=0) ave= 5.865E+00 +/- 0.20 % Gn^0(l=1) ave= 4.617E-01 +/- 6.09 % Gn^0(l=2) ave= 3.723E+00 +/- 15.88 % Gn^0(l=3) ave= 0.000E+00 +/- 0.00 % || Gtotal(l=0) ave= 0.000E+00 +/- 0.00 % Gtotal(l=1) ave= 0.000E+00 +/- 0.00 % Gtotal(l=2) ave= 0.000E+00 +/- 0.00 % Gtotal(l=3) ave= 0.000E+00 +/- 0.00 %  % || Gg(l=0) ave= 1.038E+00 +/- 0.91 % Gg(l=1) ave= 5.266E-01 +/- 0.43 % Gg(l=2) ave= 7.574E-01 +/- 0.43 % Gg(l=3) ave= 0.000E+00 +/- 0.00 %  % || D(l=0) ave= 2.656E+04 +/- 0.00 % D(l=1) ave= 6.071E+03 +/- 0.00 % D(l=2) ave= 6.693E+03 +/- 0.00 % D(l=3) ave= 0.000E+00 +/- 0.00 %  % || S(l=0) ave= 2.277E-04 +/- 0.20 % S(l=1) ave= 4.194E-05 +/- 6.09 % S(l=2) ave= 2.840E-04 +/- 15.84 % S(l=3) ave= 0.000E+00 +/- 0.00 % 
 ... random file  29 Cap(th)  ave= 2.577E+00 b. +/- 0.41 % || Ela(th) ave= 1.207E+01 b. +/- 5.73 % || RIcap ave= 1.28E+00 b. +/- 0.36 % || Macs30 ave= 1.21E-02 b. +/- 1.16 % || Gn^0(l=0) ave= 5.865E+00 +/- 0.19 % Gn^0(l=1) ave= 4.606E-01 +/- 6.15 % Gn^0(l=2) ave= 3.724E+00 +/- 15.61 % Gn^0(l=3) ave= 0.000E+00 +/- 0.00 % || Gtotal(l=0) ave= 0.000E+00 +/- 0.00 % Gtotal(l=1) ave= 0.000E+00 +/- 0.00 % Gtotal(l=2) ave= 0.000E+00 +/- 0.00 % Gtotal(l=3) ave= 0.000E+00 +/- 0.00 %  % || Gg(l=0) ave= 1.038E+00 +/- 0.90 % Gg(l=1) ave= 5.266E-01 +/- 0.42 % Gg(l=2) ave= 7.575E-01 +/- 0.43 % Gg(l=3) ave= 0.000E+00 +/- 0.00 %  % || D(l=0) ave= 2.656E+04 +/- 0.00 % D(l=1) ave= 6.071E+03 +/- 0.00 % D(l=2) ave= 6.693E+03 +/- 0.00 % D(l=3) ave= 0.000E+00 +/- 0.00 %  % || S(l=0) ave= 2.277E-04 +/- 0.19 % S(l=1) ave= 4.184E-05 +/- 6.15 % S(l=2) ave= 2.841E-04 +/- 15.57 % S(l=3) ave= 0.000E+00 +/- 0.00 % 
 ... random file  30 Cap(th)  ave= 2.577E+00 b. +/- 0.41 % || Ela(th) ave= 1.206E+01 b. +/- 5.64 % || RIcap ave= 1.28E+00 b. +/- 0.36 % || Macs30 ave= 1.21E-02 b. +/- 1.14 % || Gn^0(l=0) ave= 5.865E+00 +/- 0.19 % Gn^0(l=1) ave= 4.617E-01 +/- 6.19 % Gn^0(l=2) ave= 3.718E+00 +/- 15.40 % Gn^0(l=3) ave= 0.000E+00 +/- 0.00 % || Gtotal(l=0) ave= 0.000E+00 +/- 0.00 % Gtotal(l=1) ave= 0.000E+00 +/- 0.00 % Gtotal(l=2) ave= 0.000E+00 +/- 0.00 % Gtotal(l=3) ave= 0.000E+00 +/- 0.00 %  % || Gg(l=0) ave= 1.038E+00 +/- 0.89 % Gg(l=1) ave= 5.267E-01 +/- 0.42 % Gg(l=2) ave= 7.578E-01 +/- 0.48 % Gg(l=3) ave= 0.000E+00 +/- 0.00 %  % || D(l=0) ave= 2.656E+04 +/- 0.00 % D(l=1) ave= 6.071E+03 +/- 0.00 % D(l=2) ave= 6.693E+03 +/- 0.00 % D(l=3) ave= 0.000E+00 +/- 0.00 %  % || S(l=0) ave= 2.277E-04 +/- 0.19 % S(l=1) ave= 4.194E-05 +/- 6.19 % S(l=2) ave= 2.837E-04 +/- 15.36 % S(l=3) ave= 0.000E+00 +/- 0.00 % 
 ... random file  31 Cap(th)  ave= 2.577E+00 b. +/- 0.41 % || Ela(th) ave= 1.207E+01 b. +/- 5.57 % || RIcap ave= 1.28E+00 b. +/- 0.35 % || Macs30 ave= 1.21E-02 b. +/- 1.14 % || Gn^0(l=0) ave= 5.865E+00 +/- 0.19 % Gn^0(l=1) ave= 4.627E-01 +/- 6.20 % Gn^0(l=2) ave= 3.705E+00 +/- 15.35 % Gn^0(l=3) ave= 0.000E+00 +/- 0.00 % || Gtotal(l=0) ave= 0.000E+00 +/- 0.00 % Gtotal(l=1) ave= 0.000E+00 +/- 0.00 % Gtotal(l=2) ave= 0.000E+00 +/- 0.00 % Gtotal(l=3) ave= 0.000E+00 +/- 0.00 %  % || Gg(l=0) ave= 1.038E+00 +/- 0.88 % Gg(l=1) ave= 5.267E-01 +/- 0.41 % Gg(l=2) ave= 7.579E-01 +/- 0.47 % Gg(l=3) ave= 0.000E+00 +/- 0.00 %  % || D(l=0) ave= 2.656E+04 +/- 0.00 % D(l=1) ave= 6.071E+03 +/- 0.00 % D(l=2) ave= 6.693E+03 +/- 0.00 % D(l=3) ave= 0.000E+00 +/- 0.00 %  % || S(l=0) ave= 2.277E-04 +/- 0.19 % S(l=1) ave= 4.203E-05 +/- 6.20 % S(l=2) ave= 2.827E-04 +/- 15.31 % S(l=3) ave= 0.000E+00 +/- 0.00 % 
 ... random file  32 Cap(th)  ave= 2.577E+00 b. +/- 0.40 % || Ela(th) ave= 1.206E+01 b. +/- 5.57 % || RIcap ave= 1.28E+00 b. +/- 0.35 % || Macs30 ave= 1.21E-02 b. +/- 1.14 % || Gn^0(l=0) ave= 5.866E+00 +/- 0.19 % Gn^0(l=1) ave= 4.632E-01 +/- 6.12 % Gn^0(l=2) ave= 3.683E+00 +/- 15.56 % Gn^0(l=3) ave= 0.000E+00 +/- 0.00 % || Gtotal(l=0) ave= 0.000E+00 +/- 0.00 % Gtotal(l=1) ave= 0.000E+00 +/- 0.00 % Gtotal(l=2) ave= 0.000E+00 +/- 0.00 % Gtotal(l=3) ave= 0.000E+00 +/- 0.00 %  % || Gg(l=0) ave= 1.038E+00 +/- 0.87 % Gg(l=1) ave= 5.267E-01 +/- 0.41 % Gg(l=2) ave= 7.579E-01 +/- 0.46 % Gg(l=3) ave= 0.000E+00 +/- 0.00 %  % || D(l=0) ave= 2.656E+04 +/- 0.00 % D(l=1) ave= 6.071E+03 +/- 0.00 % D(l=2) ave= 6.693E+03 +/- 0.00 % D(l=3) ave= 0.000E+00 +/- 0.00 %  % || S(l=0) ave= 2.277E-04 +/- 0.19 % S(l=1) ave= 4.207E-05 +/- 6.12 % S(l=2) ave= 2.810E-04 +/- 15.52 % S(l=3) ave= 0.000E+00 +/- 0.00 % 
 ... random file  33 Cap(th)  ave= 2.577E+00 b. +/- 0.40 % || Ela(th) ave= 1.201E+01 b. +/- 6.00 % || RIcap ave= 1.28E+00 b. +/- 0.35 % || Macs30 ave= 1.21E-02 b. +/- 1.13 % || Gn^0(l=0) ave= 5.866E+00 +/- 0.19 % Gn^0(l=1) ave= 4.636E-01 +/- 6.05 % Gn^0(l=2) ave= 3.658E+00 +/- 15.96 % Gn^0(l=3) ave= 0.000E+00 +/- 0.00 % || Gtotal(l=0) ave= 0.000E+00 +/- 0.00 % Gtotal(l=1) ave= 0.000E+00 +/- 0.00 % Gtotal(l=2) ave= 0.000E+00 +/- 0.00 % Gtotal(l=3) ave= 0.000E+00 +/- 0.00 %  % || Gg(l=0) ave= 1.038E+00 +/- 0.86 % Gg(l=1) ave= 5.269E-01 +/- 0.44 % Gg(l=2) ave= 7.580E-01 +/- 0.46 % Gg(l=3) ave= 0.000E+00 +/- 0.00 %  % || D(l=0) ave= 2.656E+04 +/- 0.00 % D(l=1) ave= 6.071E+03 +/- 0.00 % D(l=2) ave= 6.693E+03 +/- 0.00 % D(l=3) ave= 0.000E+00 +/- 0.00 %  % || S(l=0) ave= 2.277E-04 +/- 0.19 % S(l=1) ave= 4.211E-05 +/- 6.05 % S(l=2) ave= 2.791E-04 +/- 15.91 % S(l=3) ave= 0.000E+00 +/- 0.00 % 
 ... random file  34 Cap(th)  ave= 2.577E+00 b. +/- 0.40 % || Ela(th) ave= 1.202E+01 b. +/- 5.95 % || RIcap ave= 1.28E+00 b. +/- 0.35 % || Macs30 ave= 1.21E-02 b. +/- 1.11 % || Gn^0(l=0) ave= 5.866E+00 +/- 0.19 % Gn^0(l=1) ave= 4.629E-01 +/- 6.02 % Gn^0(l=2) ave= 3.650E+00 +/- 15.81 % Gn^0(l=3) ave= 0.000E+00 +/- 0.00 % || Gtotal(l=0) ave= 0.000E+00 +/- 0.00 % Gtotal(l=1) ave= 0.000E+00 +/- 0.00 % Gtotal(l=2) ave= 0.000E+00 +/- 0.00 % Gtotal(l=3) ave= 0.000E+00 +/- 0.00 %  % || Gg(l=0) ave= 1.038E+00 +/- 0.84 % Gg(l=1) ave= 5.268E-01 +/- 0.44 % Gg(l=2) ave= 7.578E-01 +/- 0.48 % Gg(l=3) ave= 0.000E+00 +/- 0.00 %  % || D(l=0) ave= 2.656E+04 +/- 0.00 % D(l=1) ave= 6.071E+03 +/- 0.00 % D(l=2) ave= 6.693E+03 +/- 0.00 % D(l=3) ave= 0.000E+00 +/- 0.00 %  % || S(l=0) ave= 2.277E-04 +/- 0.19 % S(l=1) ave= 4.205E-05 +/- 6.02 % S(l=2) ave= 2.785E-04 +/- 15.77 % S(l=3) ave= 0.000E+00 +/- 0.00 % 
 ... random file  35 Cap(th)  ave= 2.577E+00 b. +/- 0.40 % || Ela(th) ave= 1.203E+01 b. +/- 5.90 % || RIcap ave= 1.28E+00 b. +/- 0.35 % || Macs30 ave= 1.21E-02 b. +/- 1.10 % || Gn^0(l=0) ave= 5.866E+00 +/- 0.19 % Gn^0(l=1) ave= 4.622E-01 +/- 6.03 % Gn^0(l=2) ave= 3.660E+00 +/- 15.63 % Gn^0(l=3) ave= 0.000E+00 +/- 0.00 % || Gtotal(l=0) ave= 0.000E+00 +/- 0.00 % Gtotal(l=1) ave= 0.000E+00 +/- 0.00 % Gtotal(l=2) ave= 0.000E+00 +/- 0.00 % Gtotal(l=3) ave= 0.000E+00 +/- 0.00 %  % || Gg(l=0) ave= 1.038E+00 +/- 0.84 % Gg(l=1) ave= 5.269E-01 +/- 0.43 % Gg(l=2) ave= 7.576E-01 +/- 0.49 % Gg(l=3) ave= 0.000E+00 +/- 0.00 %  % || D(l=0) ave= 2.656E+04 +/- 0.00 % D(l=1) ave= 6.071E+03 +/- 0.00 % D(l=2) ave= 6.693E+03 +/- 0.00 % D(l=3) ave= 0.000E+00 +/- 0.00 %  % || S(l=0) ave= 2.277E-04 +/- 0.19 % S(l=1) ave= 4.198E-05 +/- 6.03 % S(l=2) ave= 2.793E-04 +/- 15.59 % S(l=3) ave= 0.000E+00 +/- 0.00 % 
 ... random file  36 Cap(th)  ave= 2.577E+00 b. +/- 0.40 % || Ela(th) ave= 1.203E+01 b. +/- 5.82 % || RIcap ave= 1.28E+00 b. +/- 0.35 % || Macs30 ave= 1.21E-02 b. +/- 1.11 % || Gn^0(l=0) ave= 5.866E+00 +/- 0.19 % Gn^0(l=1) ave= 4.615E-01 +/- 6.03 % Gn^0(l=2) ave= 3.657E+00 +/- 15.44 % Gn^0(l=3) ave= 0.000E+00 +/- 0.00 % || Gtotal(l=0) ave= 0.000E+00 +/- 0.00 % Gtotal(l=1) ave= 0.000E+00 +/- 0.00 % Gtotal(l=2) ave= 0.000E+00 +/- 0.00 % Gtotal(l=3) ave= 0.000E+00 +/- 0.00 %  % || Gg(l=0) ave= 1.038E+00 +/- 0.83 % Gg(l=1) ave= 5.268E-01 +/- 0.42 % Gg(l=2) ave= 7.576E-01 +/- 0.48 % Gg(l=3) ave= 0.000E+00 +/- 0.00 %  % || D(l=0) ave= 2.656E+04 +/- 0.00 % D(l=1) ave= 6.071E+03 +/- 0.00 % D(l=2) ave= 6.693E+03 +/- 0.00 % D(l=3) ave= 0.000E+00 +/- 0.00 %  % || S(l=0) ave= 2.277E-04 +/- 0.19 % S(l=1) ave= 4.191E-05 +/- 6.03 % S(l=2) ave= 2.790E-04 +/- 15.40 % S(l=3) ave= 0.000E+00 +/- 0.00 % 
 ... random file  37 Cap(th)  ave= 2.577E+00 b. +/- 0.40 % || Ela(th) ave= 1.203E+01 b. +/- 5.76 % || RIcap ave= 1.28E+00 b. +/- 0.35 % || Macs30 ave= 1.21E-02 b. +/- 1.12 % || Gn^0(l=0) ave= 5.866E+00 +/- 0.19 % Gn^0(l=1) ave= 4.624E-01 +/- 6.06 % Gn^0(l=2) ave= 3.648E+00 +/- 15.34 % Gn^0(l=3) ave= 0.000E+00 +/- 0.00 % || Gtotal(l=0) ave= 0.000E+00 +/- 0.00 % Gtotal(l=1) ave= 0.000E+00 +/- 0.00 % Gtotal(l=2) ave= 0.000E+00 +/- 0.00 % Gtotal(l=3) ave= 0.000E+00 +/- 0.00 %  % || Gg(l=0) ave= 1.038E+00 +/- 0.83 % Gg(l=1) ave= 5.268E-01 +/- 0.42 % Gg(l=2) ave= 7.579E-01 +/- 0.51 % Gg(l=3) ave= 0.000E+00 +/- 0.00 %  % || D(l=0) ave= 2.656E+04 +/- 0.00 % D(l=1) ave= 6.071E+03 +/- 0.00 % D(l=2) ave= 6.693E+03 +/- 0.00 % D(l=3) ave= 0.000E+00 +/- 0.00 %  % || S(l=0) ave= 2.277E-04 +/- 0.19 % S(l=1) ave= 4.200E-05 +/- 6.06 % S(l=2) ave= 2.783E-04 +/- 15.30 % S(l=3) ave= 0.000E+00 +/- 0.00 % 
 ... random file  38 Cap(th)  ave= 2.577E+00 b. +/- 0.40 % || Ela(th) ave= 1.204E+01 b. +/- 5.73 % || RIcap ave= 1.28E+00 b. +/- 0.34 % || Macs30 ave= 1.21E-02 b. +/- 1.12 % || Gn^0(l=0) ave= 5.866E+00 +/- 0.19 % Gn^0(l=1) ave= 4.614E-01 +/- 6.14 % Gn^0(l=2) ave= 3.648E+00 +/- 15.15 % Gn^0(l=3) ave= 0.000E+00 +/- 0.00 % || Gtotal(l=0) ave= 0.000E+00 +/- 0.00 % Gtotal(l=1) ave= 0.000E+00 +/- 0.00 % Gtotal(l=2) ave= 0.000E+00 +/- 0.00 % Gtotal(l=3) ave= 0.000E+00 +/- 0.00 %  % || Gg(l=0) ave= 1.038E+00 +/- 0.82 % Gg(l=1) ave= 5.269E-01 +/- 0.42 % Gg(l=2) ave= 7.579E-01 +/- 0.50 % Gg(l=3) ave= 0.000E+00 +/- 0.00 %  % || D(l=0) ave= 2.656E+04 +/- 0.00 % D(l=1) ave= 6.071E+03 +/- 0.00 % D(l=2) ave= 6.693E+03 +/- 0.00 % D(l=3) ave= 0.000E+00 +/- 0.00 %  % || S(l=0) ave= 2.277E-04 +/- 0.19 % S(l=1) ave= 4.191E-05 +/- 6.14 % S(l=2) ave= 2.783E-04 +/- 15.11 % S(l=3) ave= 0.000E+00 +/- 0.00 % 
 ... random file  39 Cap(th)  ave= 2.577E+00 b. +/- 0.40 % || Ela(th) ave= 1.205E+01 b. +/- 5.67 % || RIcap ave= 1.28E+00 b. +/- 0.34 % || Macs30 ave= 1.21E-02 b. +/- 1.16 % || Gn^0(l=0) ave= 5.866E+00 +/- 0.19 % Gn^0(l=1) ave= 4.611E-01 +/- 6.08 % Gn^0(l=2) ave= 3.648E+00 +/- 14.95 % Gn^0(l=3) ave= 0.000E+00 +/- 0.00 % || Gtotal(l=0) ave= 0.000E+00 +/- 0.00 % Gtotal(l=1) ave= 0.000E+00 +/- 0.00 % Gtotal(l=2) ave= 0.000E+00 +/- 0.00 % Gtotal(l=3) ave= 0.000E+00 +/- 0.00 %  % || Gg(l=0) ave= 1.039E+00 +/- 0.84 % Gg(l=1) ave= 5.269E-01 +/- 0.42 % Gg(l=2) ave= 7.579E-01 +/- 0.49 % Gg(l=3) ave= 0.000E+00 +/- 0.00 %  % || D(l=0) ave= 2.656E+04 +/- 0.00 % D(l=1) ave= 6.071E+03 +/- 0.00 % D(l=2) ave= 6.693E+03 +/- 0.00 % D(l=3) ave= 0.000E+00 +/- 0.00 %  % || S(l=0) ave= 2.277E-04 +/- 0.19 % S(l=1) ave= 4.188E-05 +/- 6.08 % S(l=2) ave= 2.783E-04 +/- 14.92 % S(l=3) ave= 0.000E+00 +/- 0.00 % 
 ... random file  40 Cap(th)  ave= 2.576E+00 b. +/- 0.40 % || Ela(th) ave= 1.206E+01 b. +/- 5.65 % || RIcap ave= 1.28E+00 b. +/- 0.34 % || Macs30 ave= 1.21E-02 b. +/- 1.15 % || Gn^0(l=0) ave= 5.866E+00 +/- 0.19 % Gn^0(l=1) ave= 4.621E-01 +/- 6.14 % Gn^0(l=2) ave= 3.660E+00 +/- 14.87 % Gn^0(l=3) ave= 0.000E+00 +/- 0.00 % || Gtotal(l=0) ave= 0.000E+00 +/- 0.00 % Gtotal(l=1) ave= 0.000E+00 +/- 0.00 % Gtotal(l=2) ave= 0.000E+00 +/- 0.00 % Gtotal(l=3) ave= 0.000E+00 +/- 0.00 %  % || Gg(l=0) ave= 1.039E+00 +/- 0.84 % Gg(l=1) ave= 5.269E-01 +/- 0.43 % Gg(l=2) ave= 7.580E-01 +/- 0.49 % Gg(l=3) ave= 0.000E+00 +/- 0.00 %  % || D(l=0) ave= 2.656E+04 +/- 0.00 % D(l=1) ave= 6.071E+03 +/- 0.00 % D(l=2) ave= 6.693E+03 +/- 0.00 % D(l=3) ave= 0.000E+00 +/- 0.00 %  % || S(l=0) ave= 2.278E-04 +/- 0.19 % S(l=1) ave= 4.197E-05 +/- 6.14 % S(l=2) ave= 2.792E-04 +/- 14.84 % S(l=3) ave= 0.000E+00 +/- 0.00 % 
 ... random file  41 Cap(th)  ave= 2.576E+00 b. +/- 0.40 % || Ela(th) ave= 1.206E+01 b. +/- 5.61 % || RIcap ave= 1.28E+00 b. +/- 0.34 % || Macs30 ave= 1.21E-02 b. +/- 1.14 % || Gn^0(l=0) ave= 5.866E+00 +/- 0.18 % Gn^0(l=1) ave= 4.633E-01 +/- 6.28 % Gn^0(l=2) ave= 3.657E+00 +/- 14.72 % Gn^0(l=3) ave= 0.000E+00 +/- 0.00 % || Gtotal(l=0) ave= 0.000E+00 +/- 0.00 % Gtotal(l=1) ave= 0.000E+00 +/- 0.00 % Gtotal(l=2) ave= 0.000E+00 +/- 0.00 % Gtotal(l=3) ave= 0.000E+00 +/- 0.00 %  % || Gg(l=0) ave= 1.039E+00 +/- 0.85 % Gg(l=1) ave= 5.270E-01 +/- 0.42 % Gg(l=2) ave= 7.581E-01 +/- 0.49 % Gg(l=3) ave= 0.000E+00 +/- 0.00 %  % || D(l=0) ave= 2.656E+04 +/- 0.00 % D(l=1) ave= 6.071E+03 +/- 0.00 % D(l=2) ave= 6.693E+03 +/- 0.00 % D(l=3) ave= 0.000E+00 +/- 0.00 %  % || S(l=0) ave= 2.277E-04 +/- 0.18 % S(l=1) ave= 4.208E-05 +/- 6.28 % S(l=2) ave= 2.790E-04 +/- 14.68 % S(l=3) ave= 0.000E+00 +/- 0.00 % 
 ... random file  42 Cap(th)  ave= 2.576E+00 b. +/- 0.40 % || Ela(th) ave= 1.205E+01 b. +/- 5.54 % || RIcap ave= 1.28E+00 b. +/- 0.34 % || Macs30 ave= 1.21E-02 b. +/- 1.15 % || Gn^0(l=0) ave= 5.866E+00 +/- 0.18 % Gn^0(l=1) ave= 4.629E-01 +/- 6.25 % Gn^0(l=2) ave= 3.676E+00 +/- 14.85 % Gn^0(l=3) ave= 0.000E+00 +/- 0.00 % || Gtotal(l=0) ave= 0.000E+00 +/- 0.00 % Gtotal(l=1) ave= 0.000E+00 +/- 0.00 % Gtotal(l=2) ave= 0.000E+00 +/- 0.00 % Gtotal(l=3) ave= 0.000E+00 +/- 0.00 %  % || Gg(l=0) ave= 1.040E+00 +/- 0.88 % Gg(l=1) ave= 5.270E-01 +/- 0.42 % Gg(l=2) ave= 7.581E-01 +/- 0.49 % Gg(l=3) ave= 0.000E+00 +/- 0.00 %  % || D(l=0) ave= 2.656E+04 +/- 0.00 % D(l=1) ave= 6.071E+03 +/- 0.00 % D(l=2) ave= 6.693E+03 +/- 0.00 % D(l=3) ave= 0.000E+00 +/- 0.00 %  % || S(l=0) ave= 2.277E-04 +/- 0.18 % S(l=1) ave= 4.204E-05 +/- 6.25 % S(l=2) ave= 2.805E-04 +/- 14.81 % S(l=3) ave= 0.000E+00 +/- 0.00 % 
 ... random file  43 Cap(th)  ave= 2.576E+00 b. +/- 0.39 % || Ela(th) ave= 1.207E+01 b. +/- 5.52 % || RIcap ave= 1.28E+00 b. +/- 0.34 % || Macs30 ave= 1.21E-02 b. +/- 1.17 % || Gn^0(l=0) ave= 5.866E+00 +/- 0.18 % Gn^0(l=1) ave= 4.626E-01 +/- 6.19 % Gn^0(l=2) ave= 3.695E+00 +/- 14.97 % Gn^0(l=3) ave= 0.000E+00 +/- 0.00 % || Gtotal(l=0) ave= 0.000E+00 +/- 0.00 % Gtotal(l=1) ave= 0.000E+00 +/- 0.00 % Gtotal(l=2) ave= 0.000E+00 +/- 0.00 % Gtotal(l=3) ave= 0.000E+00 +/- 0.00 %  % || Gg(l=0) ave= 1.039E+00 +/- 0.88 % Gg(l=1) ave= 5.269E-01 +/- 0.42 % Gg(l=2) ave= 7.581E-01 +/- 0.48 % Gg(l=3) ave= 0.000E+00 +/- 0.00 %  % || D(l=0) ave= 2.656E+04 +/- 0.00 % D(l=1) ave= 6.071E+03 +/- 0.00 % D(l=2) ave= 6.693E+03 +/- 0.00 % D(l=3) ave= 0.000E+00 +/- 0.00 %  % || S(l=0) ave= 2.277E-04 +/- 0.18 % S(l=1) ave= 4.202E-05 +/- 6.19 % S(l=2) ave= 2.819E-04 +/- 14.93 % S(l=3) ave= 0.000E+00 +/- 0.00 % 
 ... random file  44 Cap(th)  ave= 2.577E+00 b. +/- 0.41 % || Ela(th) ave= 1.205E+01 b. +/- 5.53 % || RIcap ave= 1.28E+00 b. +/- 0.35 % || Macs30 ave= 1.21E-02 b. +/- 1.16 % || Gn^0(l=0) ave= 5.866E+00 +/- 0.18 % Gn^0(l=1) ave= 4.628E-01 +/- 6.12 % Gn^0(l=2) ave= 3.685E+00 +/- 14.95 % Gn^0(l=3) ave= 0.000E+00 +/- 0.00 % || Gtotal(l=0) ave= 0.000E+00 +/- 0.00 % Gtotal(l=1) ave= 0.000E+00 +/- 0.00 % Gtotal(l=2) ave= 0.000E+00 +/- 0.00 % Gtotal(l=3) ave= 0.000E+00 +/- 0.00 %  % || Gg(l=0) ave= 1.039E+00 +/- 0.87 % Gg(l=1) ave= 5.269E-01 +/- 0.42 % Gg(l=2) ave= 7.581E-01 +/- 0.48 % Gg(l=3) ave= 0.000E+00 +/- 0.00 %  % || D(l=0) ave= 2.656E+04 +/- 0.00 % D(l=1) ave= 6.071E+03 +/- 0.00 % D(l=2) ave= 6.693E+03 +/- 0.00 % D(l=3) ave= 0.000E+00 +/- 0.00 %  % || S(l=0) ave= 2.277E-04 +/- 0.18 % S(l=1) ave= 4.204E-05 +/- 6.12 % S(l=2) ave= 2.811E-04 +/- 14.91 % S(l=3) ave= 0.000E+00 +/- 0.00 % 
 ... random file  45 Cap(th)  ave= 2.577E+00 b. +/- 0.41 % || Ela(th) ave= 1.205E+01 b. +/- 5.47 % || RIcap ave= 1.28E+00 b. +/- 0.35 % || Macs30 ave= 1.21E-02 b. +/- 1.15 % || Gn^0(l=0) ave= 5.866E+00 +/- 0.19 % Gn^0(l=1) ave= 4.626E-01 +/- 6.06 % Gn^0(l=2) ave= 3.695E+00 +/- 14.85 % Gn^0(l=3) ave= 0.000E+00 +/- 0.00 % || Gtotal(l=0) ave= 0.000E+00 +/- 0.00 % Gtotal(l=1) ave= 0.000E+00 +/- 0.00 % Gtotal(l=2) ave= 0.000E+00 +/- 0.00 % Gtotal(l=3) ave= 0.000E+00 +/- 0.00 %  % || Gg(l=0) ave= 1.039E+00 +/- 0.86 % Gg(l=1) ave= 5.268E-01 +/- 0.42 % Gg(l=2) ave= 7.580E-01 +/- 0.48 % Gg(l=3) ave= 0.000E+00 +/- 0.00 %  % || D(l=0) ave= 2.656E+04 +/- 0.00 % D(l=1) ave= 6.071E+03 +/- 0.00 % D(l=2) ave= 6.693E+03 +/- 0.00 % D(l=3) ave= 0.000E+00 +/- 0.00 %  % || S(l=0) ave= 2.277E-04 +/- 0.19 % S(l=1) ave= 4.202E-05 +/- 6.06 % S(l=2) ave= 2.819E-04 +/- 14.81 % S(l=3) ave= 0.000E+00 +/- 0.00 % 
 ... random file  46 Cap(th)  ave= 2.577E+00 b. +/- 0.41 % || Ela(th) ave= 1.205E+01 b. +/- 5.42 % || RIcap ave= 1.28E+00 b. +/- 0.34 % || Macs30 ave= 1.21E-02 b. +/- 1.18 % || Gn^0(l=0) ave= 5.866E+00 +/- 0.19 % Gn^0(l=1) ave= 4.631E-01 +/- 6.03 % Gn^0(l=2) ave= 3.679E+00 +/- 15.03 % Gn^0(l=3) ave= 0.000E+00 +/- 0.00 % || Gtotal(l=0) ave= 0.000E+00 +/- 0.00 % Gtotal(l=1) ave= 0.000E+00 +/- 0.00 % Gtotal(l=2) ave= 0.000E+00 +/- 0.00 % Gtotal(l=3) ave= 0.000E+00 +/- 0.00 %  % || Gg(l=0) ave= 1.039E+00 +/- 0.85 % Gg(l=1) ave= 5.267E-01 +/- 0.45 % Gg(l=2) ave= 7.580E-01 +/- 0.47 % Gg(l=3) ave= 0.000E+00 +/- 0.00 %  % || D(l=0) ave= 2.656E+04 +/- 0.00 % D(l=1) ave= 6.071E+03 +/- 0.00 % D(l=2) ave= 6.693E+03 +/- 0.00 % D(l=3) ave= 0.000E+00 +/- 0.00 %  % || S(l=0) ave= 2.277E-04 +/- 0.19 % S(l=1) ave= 4.206E-05 +/- 6.04 % S(l=2) ave= 2.807E-04 +/- 14.99 % S(l=3) ave= 0.000E+00 +/- 0.00 % 
 ... random file  47 Cap(th)  ave= 2.577E+00 b. +/- 0.41 % || Ela(th) ave= 1.207E+01 b. +/- 5.43 % || RIcap ave= 1.28E+00 b. +/- 0.34 % || Macs30 ave= 1.21E-02 b. +/- 1.16 % || Gn^0(l=0) ave= 5.866E+00 +/- 0.18 % Gn^0(l=1) ave= 4.629E-01 +/- 5.98 % Gn^0(l=2) ave= 3.681E+00 +/- 14.87 % Gn^0(l=3) ave= 0.000E+00 +/- 0.00 % || Gtotal(l=0) ave= 0.000E+00 +/- 0.00 % Gtotal(l=1) ave= 0.000E+00 +/- 0.00 % Gtotal(l=2) ave= 0.000E+00 +/- 0.00 % Gtotal(l=3) ave= 0.000E+00 +/- 0.00 %  % || Gg(l=0) ave= 1.039E+00 +/- 0.87 % Gg(l=1) ave= 5.268E-01 +/- 0.45 % Gg(l=2) ave= 7.581E-01 +/- 0.47 % Gg(l=3) ave= 0.000E+00 +/- 0.00 %  % || D(l=0) ave= 2.656E+04 +/- 0.00 % D(l=1) ave= 6.071E+03 +/- 0.00 % D(l=2) ave= 6.693E+03 +/- 0.00 % D(l=3) ave= 0.000E+00 +/- 0.00 %  % || S(l=0) ave= 2.277E-04 +/- 0.18 % S(l=1) ave= 4.205E-05 +/- 5.98 % S(l=2) ave= 2.808E-04 +/- 14.83 % S(l=3) ave= 0.000E+00 +/- 0.00 % 
 ... random file  48 Cap(th)  ave= 2.577E+00 b. +/- 0.42 % || Ela(th) ave= 1.209E+01 b. +/- 5.49 % || RIcap ave= 1.28E+00 b. +/- 0.35 % || Macs30 ave= 1.21E-02 b. +/- 1.17 % || Gn^0(l=0) ave= 5.866E+00 +/- 0.19 % Gn^0(l=1) ave= 4.628E-01 +/- 5.92 % Gn^0(l=2) ave= 3.677E+00 +/- 14.75 % Gn^0(l=3) ave= 0.000E+00 +/- 0.00 % || Gtotal(l=0) ave= 0.000E+00 +/- 0.00 % Gtotal(l=1) ave= 0.000E+00 +/- 0.00 % Gtotal(l=2) ave= 0.000E+00 +/- 0.00 % Gtotal(l=3) ave= 0.000E+00 +/- 0.00 %  % || Gg(l=0) ave= 1.039E+00 +/- 0.86 % Gg(l=1) ave= 5.268E-01 +/- 0.45 % Gg(l=2) ave= 7.581E-01 +/- 0.47 % Gg(l=3) ave= 0.000E+00 +/- 0.00 %  % || D(l=0) ave= 2.656E+04 +/- 0.00 % D(l=1) ave= 6.071E+03 +/- 0.00 % D(l=2) ave= 6.693E+03 +/- 0.00 % D(l=3) ave= 0.000E+00 +/- 0.00 %  % || S(l=0) ave= 2.277E-04 +/- 0.19 % S(l=1) ave= 4.203E-05 +/- 5.93 % S(l=2) ave= 2.805E-04 +/- 14.71 % S(l=3) ave= 0.000E+00 +/- 0.00 % 
 ... random file  49 Cap(th)  ave= 2.577E+00 b. +/- 0.43 % || Ela(th) ave= 1.207E+01 b. +/- 5.55 % || RIcap ave= 1.28E+00 b. +/- 0.36 % || Macs30 ave= 1.21E-02 b. +/- 1.16 % || Gn^0(l=0) ave= 5.865E+00 +/- 0.18 % Gn^0(l=1) ave= 4.633E-01 +/- 5.92 % Gn^0(l=2) ave= 3.701E+00 +/- 15.19 % Gn^0(l=3) ave= 0.000E+00 +/- 0.00 % || Gtotal(l=0) ave= 0.000E+00 +/- 0.00 % Gtotal(l=1) ave= 0.000E+00 +/- 0.00 % Gtotal(l=2) ave= 0.000E+00 +/- 0.00 % Gtotal(l=3) ave= 0.000E+00 +/- 0.00 %  % || Gg(l=0) ave= 1.039E+00 +/- 0.86 % Gg(l=1) ave= 5.268E-01 +/- 0.45 % Gg(l=2) ave= 7.580E-01 +/- 0.48 % Gg(l=3) ave= 0.000E+00 +/- 0.00 %  % || D(l=0) ave= 2.656E+04 +/- 0.00 % D(l=1) ave= 6.071E+03 +/- 0.00 % D(l=2) ave= 6.693E+03 +/- 0.00 % D(l=3) ave= 0.000E+00 +/- 0.00 %  % || S(l=0) ave= 2.277E-04 +/- 0.18 % S(l=1) ave= 4.208E-05 +/- 5.92 % S(l=2) ave= 2.823E-04 +/- 15.15 % S(l=3) ave= 0.000E+00 +/- 0.00 % 
 ... random file  50 Cap(th)  ave= 2.577E+00 b. +/- 0.42 % || Ela(th) ave= 1.207E+01 b. +/- 5.50 % || RIcap ave= 1.28E+00 b. +/- 0.36 % || Macs30 ave= 1.21E-02 b. +/- 1.15 % || Gn^0(l=0) ave= 5.865E+00 +/- 0.18 % Gn^0(l=1) ave= 4.633E-01 +/- 5.86 % Gn^0(l=2) ave= 3.723E+00 +/- 15.55 % Gn^0(l=3) ave= 0.000E+00 +/- 0.00 % || Gtotal(l=0) ave= 0.000E+00 +/- 0.00 % Gtotal(l=1) ave= 0.000E+00 +/- 0.00 % Gtotal(l=2) ave= 0.000E+00 +/- 0.00 % Gtotal(l=3) ave= 0.000E+00 +/- 0.00 %  % || Gg(l=0) ave= 1.039E+00 +/- 0.85 % Gg(l=1) ave= 5.269E-01 +/- 0.46 % Gg(l=2) ave= 7.578E-01 +/- 0.50 % Gg(l=3) ave= 0.000E+00 +/- 0.00 %  % || D(l=0) ave= 2.656E+04 +/- 0.00 % D(l=1) ave= 6.071E+03 +/- 0.00 % D(l=2) ave= 6.693E+03 +/- 0.00 % D(l=3) ave= 0.000E+00 +/- 0.00 %  % || S(l=0) ave= 2.277E-04 +/- 0.18 % S(l=1) ave= 4.209E-05 +/- 5.86 % S(l=2) ave= 2.840E-04 +/- 15.51 % S(l=3) ave= 0.000E+00 +/- 0.00 % 
 ... random file  51 Cap(th)  ave= 2.577E+00 b. +/- 0.42 % || Ela(th) ave= 1.206E+01 b. +/- 5.45 % || RIcap ave= 1.28E+00 b. +/- 0.35 % || Macs30 ave= 1.21E-02 b. +/- 1.14 % || Gn^0(l=0) ave= 5.865E+00 +/- 0.18 % Gn^0(l=1) ave= 4.636E-01 +/- 5.81 % Gn^0(l=2) ave= 3.707E+00 +/- 15.75 % Gn^0(l=3) ave= 0.000E+00 +/- 0.00 % || Gtotal(l=0) ave= 0.000E+00 +/- 0.00 % Gtotal(l=1) ave= 0.000E+00 +/- 0.00 % Gtotal(l=2) ave= 0.000E+00 +/- 0.00 % Gtotal(l=3) ave= 0.000E+00 +/- 0.00 %  % || Gg(l=0) ave= 1.039E+00 +/- 0.85 % Gg(l=1) ave= 5.270E-01 +/- 0.46 % Gg(l=2) ave= 7.579E-01 +/- 0.50 % Gg(l=3) ave= 0.000E+00 +/- 0.00 %  % || D(l=0) ave= 2.656E+04 +/- 0.00 % D(l=1) ave= 6.071E+03 +/- 0.00 % D(l=2) ave= 6.693E+03 +/- 0.00 % D(l=3) ave= 0.000E+00 +/- 0.00 %  % || S(l=0) ave= 2.277E-04 +/- 0.18 % S(l=1) ave= 4.211E-05 +/- 5.82 % S(l=2) ave= 2.828E-04 +/- 15.71 % S(l=3) ave= 0.000E+00 +/- 0.00 % 
 ... random file  52 Cap(th)  ave= 2.577E+00 b. +/- 0.42 % || Ela(th) ave= 1.206E+01 b. +/- 5.41 % || RIcap ave= 1.28E+00 b. +/- 0.35 % || Macs30 ave= 1.21E-02 b. +/- 1.16 % || Gn^0(l=0) ave= 5.865E+00 +/- 0.18 % Gn^0(l=1) ave= 4.634E-01 +/- 5.76 % Gn^0(l=2) ave= 3.717E+00 +/- 15.68 % Gn^0(l=3) ave= 0.000E+00 +/- 0.00 % || Gtotal(l=0) ave= 0.000E+00 +/- 0.00 % Gtotal(l=1) ave= 0.000E+00 +/- 0.00 % Gtotal(l=2) ave= 0.000E+00 +/- 0.00 % Gtotal(l=3) ave= 0.000E+00 +/- 0.00 %  % || Gg(l=0) ave= 1.039E+00 +/- 0.85 % Gg(l=1) ave= 5.270E-01 +/- 0.46 % Gg(l=2) ave= 7.579E-01 +/- 0.49 % Gg(l=3) ave= 0.000E+00 +/- 0.00 %  % || D(l=0) ave= 2.656E+04 +/- 0.00 % D(l=1) ave= 6.071E+03 +/- 0.00 % D(l=2) ave= 6.693E+03 +/- 0.00 % D(l=3) ave= 0.000E+00 +/- 0.00 %  % || S(l=0) ave= 2.277E-04 +/- 0.18 % S(l=1) ave= 4.209E-05 +/- 5.77 % S(l=2) ave= 2.836E-04 +/- 15.63 % S(l=3) ave= 0.000E+00 +/- 0.00 % 
 ... random file  53 Cap(th)  ave= 2.576E+00 b. +/- 0.42 % || Ela(th) ave= 1.206E+01 b. +/- 5.36 % || RIcap ave= 1.28E+00 b. +/- 0.35 % || Macs30 ave= 1.21E-02 b. +/- 1.16 % || Gn^0(l=0) ave= 5.865E+00 +/- 0.18 % Gn^0(l=1) ave= 4.631E-01 +/- 5.74 % Gn^0(l=2) ave= 3.706E+00 +/- 15.74 % Gn^0(l=3) ave= 0.000E+00 +/- 0.00 % || Gtotal(l=0) ave= 0.000E+00 +/- 0.00 % Gtotal(l=1) ave= 0.000E+00 +/- 0.00 % Gtotal(l=2) ave= 0.000E+00 +/- 0.00 % Gtotal(l=3) ave= 0.000E+00 +/- 0.00 %  % || Gg(l=0) ave= 1.039E+00 +/- 0.84 % Gg(l=1) ave= 5.269E-01 +/- 0.47 % Gg(l=2) ave= 7.579E-01 +/- 0.49 % Gg(l=3) ave= 0.000E+00 +/- 0.00 %  % || D(l=0) ave= 2.656E+04 +/- 0.00 % D(l=1) ave= 6.071E+03 +/- 0.00 % D(l=2) ave= 6.693E+03 +/- 0.00 % D(l=3) ave= 0.000E+00 +/- 0.00 %  % || S(l=0) ave= 2.277E-04 +/- 0.18 % S(l=1) ave= 4.206E-05 +/- 5.74 % S(l=2) ave= 2.827E-04 +/- 15.69 % S(l=3) ave= 0.000E+00 +/- 0.00 % 
 ... random file  54 Cap(th)  ave= 2.577E+00 b. +/- 0.43 % || Ela(th) ave= 1.205E+01 b. +/- 5.35 % || RIcap ave= 1.28E+00 b. +/- 0.36 % || Macs30 ave= 1.21E-02 b. +/- 1.15 % || Gn^0(l=0) ave= 5.865E+00 +/- 0.18 % Gn^0(l=1) ave= 4.631E-01 +/- 5.69 % Gn^0(l=2) ave= 3.690E+00 +/- 15.97 % Gn^0(l=3) ave= 0.000E+00 +/- 0.00 % || Gtotal(l=0) ave= 0.000E+00 +/- 0.00 % Gtotal(l=1) ave= 0.000E+00 +/- 0.00 % Gtotal(l=2) ave= 0.000E+00 +/- 0.00 % Gtotal(l=3) ave= 0.000E+00 +/- 0.00 %  % || Gg(l=0) ave= 1.039E+00 +/- 0.84 % Gg(l=1) ave= 5.270E-01 +/- 0.48 % Gg(l=2) ave= 7.579E-01 +/- 0.49 % Gg(l=3) ave= 0.000E+00 +/- 0.00 %  % || D(l=0) ave= 2.656E+04 +/- 0.00 % D(l=1) ave= 6.071E+03 +/- 0.00 % D(l=2) ave= 6.693E+03 +/- 0.00 % D(l=3) ave= 0.000E+00 +/- 0.00 %  % || S(l=0) ave= 2.277E-04 +/- 0.18 % S(l=1) ave= 4.207E-05 +/- 5.69 % S(l=2) ave= 2.815E-04 +/- 15.93 % S(l=3) ave= 0.000E+00 +/- 0.00 % 
 ... random file  55 Cap(th)  ave= 2.577E+00 b. +/- 0.43 % || Ela(th) ave= 1.205E+01 b. +/- 5.30 % || RIcap ave= 1.28E+00 b. +/- 0.36 % || Macs30 ave= 1.21E-02 b. +/- 1.14 % || Gn^0(l=0) ave= 5.865E+00 +/- 0.18 % Gn^0(l=1) ave= 4.631E-01 +/- 5.64 % Gn^0(l=2) ave= 3.683E+00 +/- 15.93 % Gn^0(l=3) ave= 0.000E+00 +/- 0.00 % || Gtotal(l=0) ave= 0.000E+00 +/- 0.00 % Gtotal(l=1) ave= 0.000E+00 +/- 0.00 % Gtotal(l=2) ave= 0.000E+00 +/- 0.00 % Gtotal(l=3) ave= 0.000E+00 +/- 0.00 %  % || Gg(l=0) ave= 1.038E+00 +/- 0.84 % Gg(l=1) ave= 5.270E-01 +/- 0.47 % Gg(l=2) ave= 7.578E-01 +/- 0.49 % Gg(l=3) ave= 0.000E+00 +/- 0.00 %  % || D(l=0) ave= 2.656E+04 +/- 0.00 % D(l=1) ave= 6.071E+03 +/- 0.00 % D(l=2) ave= 6.693E+03 +/- 0.00 % D(l=3) ave= 0.000E+00 +/- 0.00 %  % || S(l=0) ave= 2.277E-04 +/- 0.18 % S(l=1) ave= 4.207E-05 +/- 5.64 % S(l=2) ave= 2.810E-04 +/- 15.89 % S(l=3) ave= 0.000E+00 +/- 0.00 % 
 ... random file  56 Cap(th)  ave= 2.577E+00 b. +/- 0.43 % || Ela(th) ave= 1.204E+01 b. +/- 5.29 % || RIcap ave= 1.28E+00 b. +/- 0.36 % || Macs30 ave= 1.21E-02 b. +/- 1.14 % || Gn^0(l=0) ave= 5.865E+00 +/- 0.18 % Gn^0(l=1) ave= 4.635E-01 +/- 5.61 % Gn^0(l=2) ave= 3.679E+00 +/- 15.82 % Gn^0(l=3) ave= 0.000E+00 +/- 0.00 % || Gtotal(l=0) ave= 0.000E+00 +/- 0.00 % Gtotal(l=1) ave= 0.000E+00 +/- 0.00 % Gtotal(l=2) ave= 0.000E+00 +/- 0.00 % Gtotal(l=3) ave= 0.000E+00 +/- 0.00 %  % || Gg(l=0) ave= 1.039E+00 +/- 0.83 % Gg(l=1) ave= 5.270E-01 +/- 0.47 % Gg(l=2) ave= 7.580E-01 +/- 0.50 % Gg(l=3) ave= 0.000E+00 +/- 0.00 %  % || D(l=0) ave= 2.656E+04 +/- 0.00 % D(l=1) ave= 6.071E+03 +/- 0.00 % D(l=2) ave= 6.693E+03 +/- 0.00 % D(l=3) ave= 0.000E+00 +/- 0.00 %  % || S(l=0) ave= 2.277E-04 +/- 0.18 % S(l=1) ave= 4.210E-05 +/- 5.61 % S(l=2) ave= 2.807E-04 +/- 15.78 % S(l=3) ave= 0.000E+00 +/- 0.00 % 
 ... random file  57 Cap(th)  ave= 2.577E+00 b. +/- 0.43 % || Ela(th) ave= 1.202E+01 b. +/- 5.33 % || RIcap ave= 1.28E+00 b. +/- 0.36 % || Macs30 ave= 1.21E-02 b. +/- 1.16 % || Gn^0(l=0) ave= 5.866E+00 +/- 0.18 % Gn^0(l=1) ave= 4.633E-01 +/- 5.57 % Gn^0(l=2) ave= 3.661E+00 +/- 16.18 % Gn^0(l=3) ave= 0.000E+00 +/- 0.00 % || Gtotal(l=0) ave= 0.000E+00 +/- 0.00 % Gtotal(l=1) ave= 0.000E+00 +/- 0.00 % Gtotal(l=2) ave= 0.000E+00 +/- 0.00 % Gtotal(l=3) ave= 0.000E+00 +/- 0.00 %  % || Gg(l=0) ave= 1.039E+00 +/- 0.84 % Gg(l=1) ave= 5.271E-01 +/- 0.47 % Gg(l=2) ave= 7.579E-01 +/- 0.50 % Gg(l=3) ave= 0.000E+00 +/- 0.00 %  % || D(l=0) ave= 2.656E+04 +/- 0.00 % D(l=1) ave= 6.071E+03 +/- 0.00 % D(l=2) ave= 6.693E+03 +/- 0.00 % D(l=3) ave= 0.000E+00 +/- 0.00 %  % || S(l=0) ave= 2.277E-04 +/- 0.18 % S(l=1) ave= 4.208E-05 +/- 5.57 % S(l=2) ave= 2.793E-04 +/- 16.13 % S(l=3) ave= 0.000E+00 +/- 0.00 % 
 ... random file  58 Cap(th)  ave= 2.577E+00 b. +/- 0.42 % || Ela(th) ave= 1.202E+01 b. +/- 5.29 % || RIcap ave= 1.28E+00 b. +/- 0.36 % || Macs30 ave= 1.21E-02 b. +/- 1.15 % || Gn^0(l=0) ave= 5.865E+00 +/- 0.18 % Gn^0(l=1) ave= 4.631E-01 +/- 5.54 % Gn^0(l=2) ave= 3.663E+00 +/- 16.04 % Gn^0(l=3) ave= 0.000E+00 +/- 0.00 % || Gtotal(l=0) ave= 0.000E+00 +/- 0.00 % Gtotal(l=1) ave= 0.000E+00 +/- 0.00 % Gtotal(l=2) ave= 0.000E+00 +/- 0.00 % Gtotal(l=3) ave= 0.000E+00 +/- 0.00 %  % || Gg(l=0) ave= 1.039E+00 +/- 0.84 % Gg(l=1) ave= 5.271E-01 +/- 0.47 % Gg(l=2) ave= 7.579E-01 +/- 0.49 % Gg(l=3) ave= 0.000E+00 +/- 0.00 %  % || D(l=0) ave= 2.656E+04 +/- 0.00 % D(l=1) ave= 6.071E+03 +/- 0.00 % D(l=2) ave= 6.693E+03 +/- 0.00 % D(l=3) ave= 0.000E+00 +/- 0.00 %  % || S(l=0) ave= 2.277E-04 +/- 0.18 % S(l=1) ave= 4.206E-05 +/- 5.54 % S(l=2) ave= 2.795E-04 +/- 15.99 % S(l=3) ave= 0.000E+00 +/- 0.00 % 
 ... random file  59 Cap(th)  ave= 2.576E+00 b. +/- 0.43 % || Ela(th) ave= 1.200E+01 b. +/- 5.50 % || RIcap ave= 1.28E+00 b. +/- 0.36 % || Macs30 ave= 1.21E-02 b. +/- 1.19 % || Gn^0(l=0) ave= 5.865E+00 +/- 0.18 % Gn^0(l=1) ave= 4.637E-01 +/- 5.59 % Gn^0(l=2) ave= 3.657E+00 +/- 15.97 % Gn^0(l=3) ave= 0.000E+00 +/- 0.00 % || Gtotal(l=0) ave= 0.000E+00 +/- 0.00 % Gtotal(l=1) ave= 0.000E+00 +/- 0.00 % Gtotal(l=2) ave= 0.000E+00 +/- 0.00 % Gtotal(l=3) ave= 0.000E+00 +/- 0.00 %  % || Gg(l=0) ave= 1.039E+00 +/- 0.83 % Gg(l=1) ave= 5.272E-01 +/- 0.47 % Gg(l=2) ave= 7.579E-01 +/- 0.49 % Gg(l=3) ave= 0.000E+00 +/- 0.00 %  % || D(l=0) ave= 2.656E+04 +/- 0.00 % D(l=1) ave= 6.071E+03 +/- 0.00 % D(l=2) ave= 6.693E+03 +/- 0.00 % D(l=3) ave= 0.000E+00 +/- 0.00 %  % || S(l=0) ave= 2.277E-04 +/- 0.18 % S(l=1) ave= 4.212E-05 +/- 5.60 % S(l=2) ave= 2.790E-04 +/- 15.92 % S(l=3) ave= 0.000E+00 +/- 0.00 % 
 ... random file  60 Cap(th)  ave= 2.577E+00 b. +/- 0.43 % || Ela(th) ave= 1.199E+01 b. +/- 5.49 % || RIcap ave= 1.28E+00 b. +/- 0.36 % || Macs30 ave= 1.21E-02 b. +/- 1.22 % || Gn^0(l=0) ave= 5.865E+00 +/- 0.17 % Gn^0(l=1) ave= 4.644E-01 +/- 5.64 % Gn^0(l=2) ave= 3.655E+00 +/- 15.86 % Gn^0(l=3) ave= 0.000E+00 +/- 0.00 % || Gtotal(l=0) ave= 0.000E+00 +/- 0.00 % Gtotal(l=1) ave= 0.000E+00 +/- 0.00 % Gtotal(l=2) ave= 0.000E+00 +/- 0.00 % Gtotal(l=3) ave= 0.000E+00 +/- 0.00 %  % || Gg(l=0) ave= 1.039E+00 +/- 0.83 % Gg(l=1) ave= 5.272E-01 +/- 0.48 % Gg(l=2) ave= 7.579E-01 +/- 0.49 % Gg(l=3) ave= 0.000E+00 +/- 0.00 %  % || D(l=0) ave= 2.656E+04 +/- 0.00 % D(l=1) ave= 6.071E+03 +/- 0.00 % D(l=2) ave= 6.693E+03 +/- 0.00 % D(l=3) ave= 0.000E+00 +/- 0.00 %  % || S(l=0) ave= 2.277E-04 +/- 0.17 % S(l=1) ave= 4.218E-05 +/- 5.64 % S(l=2) ave= 2.788E-04 +/- 15.82 % S(l=3) ave= 0.000E+00 +/- 0.00 % 
 ... random file  61 Cap(th)  ave= 2.577E+00 b. +/- 0.43 % || Ela(th) ave= 1.198E+01 b. +/- 5.46 % || RIcap ave= 1.28E+00 b. +/- 0.36 % || Macs30 ave= 1.21E-02 b. +/- 1.23 % || Gn^0(l=0) ave= 5.865E+00 +/- 0.17 % Gn^0(l=1) ave= 4.648E-01 +/- 5.63 % Gn^0(l=2) ave= 3.660E+00 +/- 15.76 % Gn^0(l=3) ave= 0.000E+00 +/- 0.00 % || Gtotal(l=0) ave= 0.000E+00 +/- 0.00 % Gtotal(l=1) ave= 0.000E+00 +/- 0.00 % Gtotal(l=2) ave= 0.000E+00 +/- 0.00 % Gtotal(l=3) ave= 0.000E+00 +/- 0.00 %  % || Gg(l=0) ave= 1.039E+00 +/- 0.86 % Gg(l=1) ave= 5.272E-01 +/- 0.48 % Gg(l=2) ave= 7.579E-01 +/- 0.48 % Gg(l=3) ave= 0.000E+00 +/- 0.00 %  % || D(l=0) ave= 2.656E+04 +/- 0.00 % D(l=1) ave= 6.071E+03 +/- 0.00 % D(l=2) ave= 6.693E+03 +/- 0.00 % D(l=3) ave= 0.000E+00 +/- 0.00 %  % || S(l=0) ave= 2.277E-04 +/- 0.17 % S(l=1) ave= 4.221E-05 +/- 5.63 % S(l=2) ave= 2.793E-04 +/- 15.71 % S(l=3) ave= 0.000E+00 +/- 0.00 % 
 ... random file  62 Cap(th)  ave= 2.576E+00 b. +/- 0.43 % || Ela(th) ave= 1.199E+01 b. +/- 5.45 % || RIcap ave= 1.28E+00 b. +/- 0.36 % || Macs30 ave= 1.21E-02 b. +/- 1.22 % || Gn^0(l=0) ave= 5.865E+00 +/- 0.17 % Gn^0(l=1) ave= 4.650E-01 +/- 5.60 % Gn^0(l=2) ave= 3.646E+00 +/- 16.01 % Gn^0(l=3) ave= 0.000E+00 +/- 0.00 % || Gtotal(l=0) ave= 0.000E+00 +/- 0.00 % Gtotal(l=1) ave= 0.000E+00 +/- 0.00 % Gtotal(l=2) ave= 0.000E+00 +/- 0.00 % Gtotal(l=3) ave= 0.000E+00 +/- 0.00 %  % || Gg(l=0) ave= 1.039E+00 +/- 0.85 % Gg(l=1) ave= 5.272E-01 +/- 0.48 % Gg(l=2) ave= 7.580E-01 +/- 0.49 % Gg(l=3) ave= 0.000E+00 +/- 0.00 %  % || D(l=0) ave= 2.656E+04 +/- 0.00 % D(l=1) ave= 6.071E+03 +/- 0.00 % D(l=2) ave= 6.693E+03 +/- 0.00 % D(l=3) ave= 0.000E+00 +/- 0.00 %  % || S(l=0) ave= 2.277E-04 +/- 0.17 % S(l=1) ave= 4.224E-05 +/- 5.60 % S(l=2) ave= 2.781E-04 +/- 15.96 % S(l=3) ave= 0.000E+00 +/- 0.00 % 
 ... random file  63 Cap(th)  ave= 2.577E+00 b. +/- 0.43 % || Ela(th) ave= 1.200E+01 b. +/- 5.44 % || RIcap ave= 1.28E+00 b. +/- 0.37 % || Macs30 ave= 1.21E-02 b. +/- 1.24 % || Gn^0(l=0) ave= 5.866E+00 +/- 0.17 % Gn^0(l=1) ave= 4.647E-01 +/- 5.58 % Gn^0(l=2) ave= 3.650E+00 +/- 15.89 % Gn^0(l=3) ave= 0.000E+00 +/- 0.00 % || Gtotal(l=0) ave= 0.000E+00 +/- 0.00 % Gtotal(l=1) ave= 0.000E+00 +/- 0.00 % Gtotal(l=2) ave= 0.000E+00 +/- 0.00 % Gtotal(l=3) ave= 0.000E+00 +/- 0.00 %  % || Gg(l=0) ave= 1.039E+00 +/- 0.84 % Gg(l=1) ave= 5.271E-01 +/- 0.47 % Gg(l=2) ave= 7.581E-01 +/- 0.49 % Gg(l=3) ave= 0.000E+00 +/- 0.00 %  % || D(l=0) ave= 2.656E+04 +/- 0.00 % D(l=1) ave= 6.071E+03 +/- 0.00 % D(l=2) ave= 6.693E+03 +/- 0.00 % D(l=3) ave= 0.000E+00 +/- 0.00 %  % || S(l=0) ave= 2.277E-04 +/- 0.17 % S(l=1) ave= 4.221E-05 +/- 5.58 % S(l=2) ave= 2.785E-04 +/- 15.85 % S(l=3) ave= 0.000E+00 +/- 0.00 % 
 ... random file  64 Cap(th)  ave= 2.577E+00 b. +/- 0.43 % || Ela(th) ave= 1.200E+01 b. +/- 5.39 % || RIcap ave= 1.28E+00 b. +/- 0.37 % || Macs30 ave= 1.21E-02 b. +/- 1.24 % || Gn^0(l=0) ave= 5.866E+00 +/- 0.17 % Gn^0(l=1) ave= 4.646E-01 +/- 5.55 % Gn^0(l=2) ave= 3.646E+00 +/- 15.81 % Gn^0(l=3) ave= 0.000E+00 +/- 0.00 % || Gtotal(l=0) ave= 0.000E+00 +/- 0.00 % Gtotal(l=1) ave= 0.000E+00 +/- 0.00 % Gtotal(l=2) ave= 0.000E+00 +/- 0.00 % Gtotal(l=3) ave= 0.000E+00 +/- 0.00 %  % || Gg(l=0) ave= 1.039E+00 +/- 0.86 % Gg(l=1) ave= 5.272E-01 +/- 0.48 % Gg(l=2) ave= 7.581E-01 +/- 0.49 % Gg(l=3) ave= 0.000E+00 +/- 0.00 %  % || D(l=0) ave= 2.656E+04 +/- 0.00 % D(l=1) ave= 6.071E+03 +/- 0.00 % D(l=2) ave= 6.693E+03 +/- 0.00 % D(l=3) ave= 0.000E+00 +/- 0.00 %  % || S(l=0) ave= 2.277E-04 +/- 0.17 % S(l=1) ave= 4.220E-05 +/- 5.55 % S(l=2) ave= 2.782E-04 +/- 15.77 % S(l=3) ave= 0.000E+00 +/- 0.00 % 
 ... random file  65 Cap(th)  ave= 2.576E+00 b. +/- 0.44 % || Ela(th) ave= 1.201E+01 b. +/- 5.36 % || RIcap ave= 1.28E+00 b. +/- 0.38 % || Macs30 ave= 1.21E-02 b. +/- 1.25 % || Gn^0(l=0) ave= 5.865E+00 +/- 0.18 % Gn^0(l=1) ave= 4.646E-01 +/- 5.51 % Gn^0(l=2) ave= 3.661E+00 +/- 15.99 % Gn^0(l=3) ave= 0.000E+00 +/- 0.00 % || Gtotal(l=0) ave= 0.000E+00 +/- 0.00 % Gtotal(l=1) ave= 0.000E+00 +/- 0.00 % Gtotal(l=2) ave= 0.000E+00 +/- 0.00 % Gtotal(l=3) ave= 0.000E+00 +/- 0.00 %  % || Gg(l=0) ave= 1.039E+00 +/- 0.86 % Gg(l=1) ave= 5.272E-01 +/- 0.47 % Gg(l=2) ave= 7.581E-01 +/- 0.48 % Gg(l=3) ave= 0.000E+00 +/- 0.00 %  % || D(l=0) ave= 2.656E+04 +/- 0.00 % D(l=1) ave= 6.071E+03 +/- 0.00 % D(l=2) ave= 6.693E+03 +/- 0.00 % D(l=3) ave= 0.000E+00 +/- 0.00 %  % || S(l=0) ave= 2.277E-04 +/- 0.18 % S(l=1) ave= 4.220E-05 +/- 5.51 % S(l=2) ave= 2.793E-04 +/- 15.95 % S(l=3) ave= 0.000E+00 +/- 0.00 % 
 ... random file  66 Cap(th)  ave= 2.576E+00 b. +/- 0.44 % || Ela(th) ave= 1.201E+01 b. +/- 5.32 % || RIcap ave= 1.28E+00 b. +/- 0.38 % || Macs30 ave= 1.21E-02 b. +/- 1.24 % || Gn^0(l=0) ave= 5.865E+00 +/- 0.18 % Gn^0(l=1) ave= 4.641E-01 +/- 5.56 % Gn^0(l=2) ave= 3.661E+00 +/- 15.87 % Gn^0(l=3) ave= 0.000E+00 +/- 0.00 % || Gtotal(l=0) ave= 0.000E+00 +/- 0.00 % Gtotal(l=1) ave= 0.000E+00 +/- 0.00 % Gtotal(l=2) ave= 0.000E+00 +/- 0.00 % Gtotal(l=3) ave= 0.000E+00 +/- 0.00 %  % || Gg(l=0) ave= 1.039E+00 +/- 0.86 % Gg(l=1) ave= 5.272E-01 +/- 0.47 % Gg(l=2) ave= 7.581E-01 +/- 0.48 % Gg(l=3) ave= 0.000E+00 +/- 0.00 %  % || D(l=0) ave= 2.656E+04 +/- 0.00 % D(l=1) ave= 6.071E+03 +/- 0.00 % D(l=2) ave= 6.693E+03 +/- 0.00 % D(l=3) ave= 0.000E+00 +/- 0.00 %  % || S(l=0) ave= 2.277E-04 +/- 0.18 % S(l=1) ave= 4.215E-05 +/- 5.56 % S(l=2) ave= 2.793E-04 +/- 15.83 % S(l=3) ave= 0.000E+00 +/- 0.00 % 
 ... random file  67 Cap(th)  ave= 2.576E+00 b. +/- 0.44 % || Ela(th) ave= 1.200E+01 b. +/- 5.28 % || RIcap ave= 1.28E+00 b. +/- 0.38 % || Macs30 ave= 1.21E-02 b. +/- 1.33 % || Gn^0(l=0) ave= 5.866E+00 +/- 0.18 % Gn^0(l=1) ave= 4.646E-01 +/- 5.57 % Gn^0(l=2) ave= 3.659E+00 +/- 15.77 % Gn^0(l=3) ave= 0.000E+00 +/- 0.00 % || Gtotal(l=0) ave= 0.000E+00 +/- 0.00 % Gtotal(l=1) ave= 0.000E+00 +/- 0.00 % Gtotal(l=2) ave= 0.000E+00 +/- 0.00 % Gtotal(l=3) ave= 0.000E+00 +/- 0.00 %  % || Gg(l=0) ave= 1.039E+00 +/- 0.86 % Gg(l=1) ave= 5.273E-01 +/- 0.48 % Gg(l=2) ave= 7.581E-01 +/- 0.48 % Gg(l=3) ave= 0.000E+00 +/- 0.00 %  % || D(l=0) ave= 2.656E+04 +/- 0.00 % D(l=1) ave= 6.071E+03 +/- 0.00 % D(l=2) ave= 6.693E+03 +/- 0.00 % D(l=3) ave= 0.000E+00 +/- 0.00 %  % || S(l=0) ave= 2.277E-04 +/- 0.18 % S(l=1) ave= 4.220E-05 +/- 5.57 % S(l=2) ave= 2.792E-04 +/- 15.72 % S(l=3) ave= 0.000E+00 +/- 0.00 % 
 ... random file  68 Cap(th)  ave= 2.576E+00 b. +/- 0.44 % || Ela(th) ave= 1.202E+01 b. +/- 5.32 % || RIcap ave= 1.28E+00 b. +/- 0.37 % || Macs30 ave= 1.21E-02 b. +/- 1.32 % || Gn^0(l=0) ave= 5.866E+00 +/- 0.18 % Gn^0(l=1) ave= 4.650E-01 +/- 5.59 % Gn^0(l=2) ave= 3.660E+00 +/- 15.65 % Gn^0(l=3) ave= 0.000E+00 +/- 0.00 % || Gtotal(l=0) ave= 0.000E+00 +/- 0.00 % Gtotal(l=1) ave= 0.000E+00 +/- 0.00 % Gtotal(l=2) ave= 0.000E+00 +/- 0.00 % Gtotal(l=3) ave= 0.000E+00 +/- 0.00 %  % || Gg(l=0) ave= 1.039E+00 +/- 0.85 % Gg(l=1) ave= 5.273E-01 +/- 0.48 % Gg(l=2) ave= 7.581E-01 +/- 0.48 % Gg(l=3) ave= 0.000E+00 +/- 0.00 %  % || D(l=0) ave= 2.656E+04 +/- 0.00 % D(l=1) ave= 6.071E+03 +/- 0.00 % D(l=2) ave= 6.693E+03 +/- 0.00 % D(l=3) ave= 0.000E+00 +/- 0.00 %  % || S(l=0) ave= 2.277E-04 +/- 0.18 % S(l=1) ave= 4.224E-05 +/- 5.59 % S(l=2) ave= 2.793E-04 +/- 15.61 % S(l=3) ave= 0.000E+00 +/- 0.00 % 
 ... random file  69 Cap(th)  ave= 2.576E+00 b. +/- 0.43 % || Ela(th) ave= 1.202E+01 b. +/- 5.28 % || RIcap ave= 1.28E+00 b. +/- 0.37 % || Macs30 ave= 1.21E-02 b. +/- 1.34 % || Gn^0(l=0) ave= 5.866E+00 +/- 0.18 % Gn^0(l=1) ave= 4.646E-01 +/- 5.61 % Gn^0(l=2) ave= 3.646E+00 +/- 15.95 % Gn^0(l=3) ave= 0.000E+00 +/- 0.00 % || Gtotal(l=0) ave= 0.000E+00 +/- 0.00 % Gtotal(l=1) ave= 0.000E+00 +/- 0.00 % Gtotal(l=2) ave= 0.000E+00 +/- 0.00 % Gtotal(l=3) ave= 0.000E+00 +/- 0.00 %  % || Gg(l=0) ave= 1.039E+00 +/- 0.88 % Gg(l=1) ave= 5.273E-01 +/- 0.48 % Gg(l=2) ave= 7.581E-01 +/- 0.47 % Gg(l=3) ave= 0.000E+00 +/- 0.00 %  % || D(l=0) ave= 2.656E+04 +/- 0.00 % D(l=1) ave= 6.071E+03 +/- 0.00 % D(l=2) ave= 6.693E+03 +/- 0.00 % D(l=3) ave= 0.000E+00 +/- 0.00 %  % || S(l=0) ave= 2.277E-04 +/- 0.18 % S(l=1) ave= 4.220E-05 +/- 5.62 % S(l=2) ave= 2.781E-04 +/- 15.91 % S(l=3) ave= 0.000E+00 +/- 0.00 % 
 ... random file  70 Cap(th)  ave= 2.576E+00 b. +/- 0.43 % || Ela(th) ave= 1.200E+01 b. +/- 5.40 % || RIcap ave= 1.28E+00 b. +/- 0.37 % || Macs30 ave= 1.21E-02 b. +/- 1.34 % || Gn^0(l=0) ave= 5.866E+00 +/- 0.18 % Gn^0(l=1) ave= 4.649E-01 +/- 5.61 % Gn^0(l=2) ave= 3.655E+00 +/- 15.96 % Gn^0(l=3) ave= 0.000E+00 +/- 0.00 % || Gtotal(l=0) ave= 0.000E+00 +/- 0.00 % Gtotal(l=1) ave= 0.000E+00 +/- 0.00 % Gtotal(l=2) ave= 0.000E+00 +/- 0.00 % Gtotal(l=3) ave= 0.000E+00 +/- 0.00 %  % || Gg(l=0) ave= 1.039E+00 +/- 0.87 % Gg(l=1) ave= 5.272E-01 +/- 0.47 % Gg(l=2) ave= 7.581E-01 +/- 0.47 % Gg(l=3) ave= 0.000E+00 +/- 0.00 %  % || D(l=0) ave= 2.656E+04 +/- 0.00 % D(l=1) ave= 6.071E+03 +/- 0.00 % D(l=2) ave= 6.693E+03 +/- 0.00 % D(l=3) ave= 0.000E+00 +/- 0.00 %  % || S(l=0) ave= 2.277E-04 +/- 0.18 % S(l=1) ave= 4.223E-05 +/- 5.61 % S(l=2) ave= 2.789E-04 +/- 15.92 % S(l=3) ave= 0.000E+00 +/- 0.00 % 
 ... random file  71 Cap(th)  ave= 2.576E+00 b. +/- 0.44 % || Ela(th) ave= 1.201E+01 b. +/- 5.43 % || RIcap ave= 1.28E+00 b. +/- 0.38 % || Macs30 ave= 1.21E-02 b. +/- 1.33 % || Gn^0(l=0) ave= 5.866E+00 +/- 0.18 % Gn^0(l=1) ave= 4.647E-01 +/- 5.60 % Gn^0(l=2) ave= 3.644E+00 +/- 16.13 % Gn^0(l=3) ave= 0.000E+00 +/- 0.00 % || Gtotal(l=0) ave= 0.000E+00 +/- 0.00 % Gtotal(l=1) ave= 0.000E+00 +/- 0.00 % Gtotal(l=2) ave= 0.000E+00 +/- 0.00 % Gtotal(l=3) ave= 0.000E+00 +/- 0.00 %  % || Gg(l=0) ave= 1.038E+00 +/- 0.87 % Gg(l=1) ave= 5.272E-01 +/- 0.47 % Gg(l=2) ave= 7.581E-01 +/- 0.47 % Gg(l=3) ave= 0.000E+00 +/- 0.00 %  % || D(l=0) ave= 2.656E+04 +/- 0.00 % D(l=1) ave= 6.071E+03 +/- 0.00 % D(l=2) ave= 6.693E+03 +/- 0.00 % D(l=3) ave= 0.000E+00 +/- 0.00 %  % || S(l=0) ave= 2.277E-04 +/- 0.18 % S(l=1) ave= 4.220E-05 +/- 5.60 % S(l=2) ave= 2.780E-04 +/- 16.09 % S(l=3) ave= 0.000E+00 +/- 0.00 % 
 ... random file  72 Cap(th)  ave= 2.576E+00 b. +/- 0.44 % || Ela(th) ave= 1.202E+01 b. +/- 5.41 % || RIcap ave= 1.28E+00 b. +/- 0.38 % || Macs30 ave= 1.21E-02 b. +/- 1.32 % || Gn^0(l=0) ave= 5.866E+00 +/- 0.18 % Gn^0(l=1) ave= 4.648E-01 +/- 5.57 % Gn^0(l=2) ave= 3.647E+00 +/- 16.03 % Gn^0(l=3) ave= 0.000E+00 +/- 0.00 % || Gtotal(l=0) ave= 0.000E+00 +/- 0.00 % Gtotal(l=1) ave= 0.000E+00 +/- 0.00 % Gtotal(l=2) ave= 0.000E+00 +/- 0.00 % Gtotal(l=3) ave= 0.000E+00 +/- 0.00 %  % || Gg(l=0) ave= 1.038E+00 +/- 0.87 % Gg(l=1) ave= 5.273E-01 +/- 0.47 % Gg(l=2) ave= 7.581E-01 +/- 0.47 % Gg(l=3) ave= 0.000E+00 +/- 0.00 %  % || D(l=0) ave= 2.656E+04 +/- 0.00 % D(l=1) ave= 6.071E+03 +/- 0.00 % D(l=2) ave= 6.693E+03 +/- 0.00 % D(l=3) ave= 0.000E+00 +/- 0.00 %  % || S(l=0) ave= 2.277E-04 +/- 0.18 % S(l=1) ave= 4.222E-05 +/- 5.57 % S(l=2) ave= 2.782E-04 +/- 15.98 % S(l=3) ave= 0.000E+00 +/- 0.00 % 
 ... random file  73 Cap(th)  ave= 2.576E+00 b. +/- 0.44 % || Ela(th) ave= 1.202E+01 b. +/- 5.37 % || RIcap ave= 1.28E+00 b. +/- 0.37 % || Macs30 ave= 1.21E-02 b. +/- 1.32 % || Gn^0(l=0) ave= 5.866E+00 +/- 0.18 % Gn^0(l=1) ave= 4.645E-01 +/- 5.57 % Gn^0(l=2) ave= 3.642E+00 +/- 15.97 % Gn^0(l=3) ave= 0.000E+00 +/- 0.00 % || Gtotal(l=0) ave= 0.000E+00 +/- 0.00 % Gtotal(l=1) ave= 0.000E+00 +/- 0.00 % Gtotal(l=2) ave= 0.000E+00 +/- 0.00 % Gtotal(l=3) ave= 0.000E+00 +/- 0.00 %  % || Gg(l=0) ave= 1.039E+00 +/- 0.86 % Gg(l=1) ave= 5.273E-01 +/- 0.47 % Gg(l=2) ave= 7.581E-01 +/- 0.47 % Gg(l=3) ave= 0.000E+00 +/- 0.00 %  % || D(l=0) ave= 2.656E+04 +/- 0.00 % D(l=1) ave= 6.071E+03 +/- 0.00 % D(l=2) ave= 6.693E+03 +/- 0.00 % D(l=3) ave= 0.000E+00 +/- 0.00 %  % || S(l=0) ave= 2.277E-04 +/- 0.18 % S(l=1) ave= 4.219E-05 +/- 5.57 % S(l=2) ave= 2.779E-04 +/- 15.93 % S(l=3) ave= 0.000E+00 +/- 0.00 % 
 ... random file  74 Cap(th)  ave= 2.576E+00 b. +/- 0.44 % || Ela(th) ave= 1.201E+01 b. +/- 5.37 % || RIcap ave= 1.28E+00 b. +/- 0.37 % || Macs30 ave= 1.21E-02 b. +/- 1.31 % || Gn^0(l=0) ave= 5.866E+00 +/- 0.18 % Gn^0(l=1) ave= 4.647E-01 +/- 5.54 % Gn^0(l=2) ave= 3.648E+00 +/- 15.89 % Gn^0(l=3) ave= 0.000E+00 +/- 0.00 % || Gtotal(l=0) ave= 0.000E+00 +/- 0.00 % Gtotal(l=1) ave= 0.000E+00 +/- 0.00 % Gtotal(l=2) ave= 0.000E+00 +/- 0.00 % Gtotal(l=3) ave= 0.000E+00 +/- 0.00 %  % || Gg(l=0) ave= 1.039E+00 +/- 0.87 % Gg(l=1) ave= 5.272E-01 +/- 0.47 % Gg(l=2) ave= 7.581E-01 +/- 0.46 % Gg(l=3) ave= 0.000E+00 +/- 0.00 %  % || D(l=0) ave= 2.656E+04 +/- 0.00 % D(l=1) ave= 6.071E+03 +/- 0.00 % D(l=2) ave= 6.693E+03 +/- 0.00 % D(l=3) ave= 0.000E+00 +/- 0.00 %  % || S(l=0) ave= 2.277E-04 +/- 0.18 % S(l=1) ave= 4.221E-05 +/- 5.54 % S(l=2) ave= 2.783E-04 +/- 15.85 % S(l=3) ave= 0.000E+00 +/- 0.00 % 
 ... random file  75 Cap(th)  ave= 2.576E+00 b. +/- 0.44 % || Ela(th) ave= 1.200E+01 b. +/- 5.45 % || RIcap ave= 1.28E+00 b. +/- 0.37 % || Macs30 ave= 1.21E-02 b. +/- 1.30 % || Gn^0(l=0) ave= 5.866E+00 +/- 0.18 % Gn^0(l=1) ave= 4.651E-01 +/- 5.54 % Gn^0(l=2) ave= 3.655E+00 +/- 15.85 % Gn^0(l=3) ave= 0.000E+00 +/- 0.00 % || Gtotal(l=0) ave= 0.000E+00 +/- 0.00 % Gtotal(l=1) ave= 0.000E+00 +/- 0.00 % Gtotal(l=2) ave= 0.000E+00 +/- 0.00 % Gtotal(l=3) ave= 0.000E+00 +/- 0.00 %  % || Gg(l=0) ave= 1.039E+00 +/- 0.87 % Gg(l=1) ave= 5.273E-01 +/- 0.47 % Gg(l=2) ave= 7.581E-01 +/- 0.46 % Gg(l=3) ave= 0.000E+00 +/- 0.00 %  % || D(l=0) ave= 2.656E+04 +/- 0.00 % D(l=1) ave= 6.071E+03 +/- 0.00 % D(l=2) ave= 6.693E+03 +/- 0.00 % D(l=3) ave= 0.000E+00 +/- 0.00 %  % || S(l=0) ave= 2.277E-04 +/- 0.18 % S(l=1) ave= 4.224E-05 +/- 5.54 % S(l=2) ave= 2.789E-04 +/- 15.80 % S(l=3) ave= 0.000E+00 +/- 0.00 % 
 ... random file  76 Cap(th)  ave= 2.576E+00 b. +/- 0.43 % || Ela(th) ave= 1.199E+01 b. +/- 5.43 % || RIcap ave= 1.28E+00 b. +/- 0.37 % || Macs30 ave= 1.21E-02 b. +/- 1.30 % || Gn^0(l=0) ave= 5.866E+00 +/- 0.17 % Gn^0(l=1) ave= 4.651E-01 +/- 5.50 % Gn^0(l=2) ave= 3.638E+00 +/- 16.35 % Gn^0(l=3) ave= 0.000E+00 +/- 0.00 % || Gtotal(l=0) ave= 0.000E+00 +/- 0.00 % Gtotal(l=1) ave= 0.000E+00 +/- 0.00 % Gtotal(l=2) ave= 0.000E+00 +/- 0.00 % Gtotal(l=3) ave= 0.000E+00 +/- 0.00 %  % || Gg(l=0) ave= 1.039E+00 +/- 0.88 % Gg(l=1) ave= 5.272E-01 +/- 0.47 % Gg(l=2) ave= 7.580E-01 +/- 0.47 % Gg(l=3) ave= 0.000E+00 +/- 0.00 %  % || D(l=0) ave= 2.656E+04 +/- 0.00 % D(l=1) ave= 6.071E+03 +/- 0.00 % D(l=2) ave= 6.693E+03 +/- 0.00 % D(l=3) ave= 0.000E+00 +/- 0.00 %  % || S(l=0) ave= 2.277E-04 +/- 0.17 % S(l=1) ave= 4.225E-05 +/- 5.50 % S(l=2) ave= 2.775E-04 +/- 16.31 % S(l=3) ave= 0.000E+00 +/- 0.00 % 
 ... random file  77 Cap(th)  ave= 2.575E+00 b. +/- 0.43 % || Ela(th) ave= 1.201E+01 b. +/- 5.47 % || RIcap ave= 1.28E+00 b. +/- 0.37 % || Macs30 ave= 1.21E-02 b. +/- 1.29 % || Gn^0(l=0) ave= 5.866E+00 +/- 0.17 % Gn^0(l=1) ave= 4.647E-01 +/- 5.52 % Gn^0(l=2) ave= 3.636E+00 +/- 16.26 % Gn^0(l=3) ave= 0.000E+00 +/- 0.00 % || Gtotal(l=0) ave= 0.000E+00 +/- 0.00 % Gtotal(l=1) ave= 0.000E+00 +/- 0.00 % Gtotal(l=2) ave= 0.000E+00 +/- 0.00 % Gtotal(l=3) ave= 0.000E+00 +/- 0.00 %  % || Gg(l=0) ave= 1.039E+00 +/- 0.88 % Gg(l=1) ave= 5.273E-01 +/- 0.47 % Gg(l=2) ave= 7.580E-01 +/- 0.46 % Gg(l=3) ave= 0.000E+00 +/- 0.00 %  % || D(l=0) ave= 2.656E+04 +/- 0.00 % D(l=1) ave= 6.071E+03 +/- 0.00 % D(l=2) ave= 6.693E+03 +/- 0.00 % D(l=3) ave= 0.000E+00 +/- 0.00 %  % || S(l=0) ave= 2.277E-04 +/- 0.17 % S(l=1) ave= 4.221E-05 +/- 5.52 % S(l=2) ave= 2.774E-04 +/- 16.21 % S(l=3) ave= 0.000E+00 +/- 0.00 % 
 ... random file  78 Cap(th)  ave= 2.575E+00 b. +/- 0.43 % || Ela(th) ave= 1.200E+01 b. +/- 5.44 % || RIcap ave= 1.28E+00 b. +/- 0.37 % || Macs30 ave= 1.21E-02 b. +/- 1.29 % || Gn^0(l=0) ave= 5.866E+00 +/- 0.17 % Gn^0(l=1) ave= 4.649E-01 +/- 5.49 % Gn^0(l=2) ave= 3.635E+00 +/- 16.16 % Gn^0(l=3) ave= 0.000E+00 +/- 0.00 % || Gtotal(l=0) ave= 0.000E+00 +/- 0.00 % Gtotal(l=1) ave= 0.000E+00 +/- 0.00 % Gtotal(l=2) ave= 0.000E+00 +/- 0.00 % Gtotal(l=3) ave= 0.000E+00 +/- 0.00 %  % || Gg(l=0) ave= 1.039E+00 +/- 0.89 % Gg(l=1) ave= 5.273E-01 +/- 0.47 % Gg(l=2) ave= 7.580E-01 +/- 0.46 % Gg(l=3) ave= 0.000E+00 +/- 0.00 %  % || D(l=0) ave= 2.656E+04 +/- 0.00 % D(l=1) ave= 6.071E+03 +/- 0.00 % D(l=2) ave= 6.693E+03 +/- 0.00 % D(l=3) ave= 0.000E+00 +/- 0.00 %  % || S(l=0) ave= 2.277E-04 +/- 0.17 % S(l=1) ave= 4.223E-05 +/- 5.49 % S(l=2) ave= 2.774E-04 +/- 16.12 % S(l=3) ave= 0.000E+00 +/- 0.00 % 
 ... random file  79 Cap(th)  ave= 2.575E+00 b. +/- 0.43 % || Ela(th) ave= 1.200E+01 b. +/- 5.42 % || RIcap ave= 1.28E+00 b. +/- 0.36 % || Macs30 ave= 1.21E-02 b. +/- 1.28 % || Gn^0(l=0) ave= 5.866E+00 +/- 0.17 % Gn^0(l=1) ave= 4.646E-01 +/- 5.48 % Gn^0(l=2) ave= 3.630E+00 +/- 16.14 % Gn^0(l=3) ave= 0.000E+00 +/- 0.00 % || Gtotal(l=0) ave= 0.000E+00 +/- 0.00 % Gtotal(l=1) ave= 0.000E+00 +/- 0.00 % Gtotal(l=2) ave= 0.000E+00 +/- 0.00 % Gtotal(l=3) ave= 0.000E+00 +/- 0.00 %  % || Gg(l=0) ave= 1.039E+00 +/- 0.88 % Gg(l=1) ave= 5.273E-01 +/- 0.46 % Gg(l=2) ave= 7.580E-01 +/- 0.46 % Gg(l=3) ave= 0.000E+00 +/- 0.00 %  % || D(l=0) ave= 2.656E+04 +/- 0.00 % D(l=1) ave= 6.071E+03 +/- 0.00 % D(l=2) ave= 6.693E+03 +/- 0.00 % D(l=3) ave= 0.000E+00 +/- 0.00 %  % || S(l=0) ave= 2.277E-04 +/- 0.17 % S(l=1) ave= 4.220E-05 +/- 5.48 % S(l=2) ave= 2.769E-04 +/- 16.10 % S(l=3) ave= 0.000E+00 +/- 0.00 % 
 ... random file  80 Cap(th)  ave= 2.575E+00 b. +/- 0.44 % || Ela(th) ave= 1.200E+01 b. +/- 5.39 % || RIcap ave= 1.28E+00 b. +/- 0.37 % || Macs30 ave= 1.21E-02 b. +/- 1.28 % || Gn^0(l=0) ave= 5.866E+00 +/- 0.17 % Gn^0(l=1) ave= 4.649E-01 +/- 5.48 % Gn^0(l=2) ave= 3.628E+00 +/- 16.06 % Gn^0(l=3) ave= 0.000E+00 +/- 0.00 % || Gtotal(l=0) ave= 0.000E+00 +/- 0.00 % Gtotal(l=1) ave= 0.000E+00 +/- 0.00 % Gtotal(l=2) ave= 0.000E+00 +/- 0.00 % Gtotal(l=3) ave= 0.000E+00 +/- 0.00 %  % || Gg(l=0) ave= 1.039E+00 +/- 0.88 % Gg(l=1) ave= 5.272E-01 +/- 0.47 % Gg(l=2) ave= 7.580E-01 +/- 0.45 % Gg(l=3) ave= 0.000E+00 +/- 0.00 %  % || D(l=0) ave= 2.656E+04 +/- 0.00 % D(l=1) ave= 6.071E+03 +/- 0.00 % D(l=2) ave= 6.693E+03 +/- 0.00 % D(l=3) ave= 0.000E+00 +/- 0.00 %  % || S(l=0) ave= 2.277E-04 +/- 0.17 % S(l=1) ave= 4.223E-05 +/- 5.48 % S(l=2) ave= 2.768E-04 +/- 16.01 % S(l=3) ave= 0.000E+00 +/- 0.00 % 
 ... random file  81 Cap(th)  ave= 2.575E+00 b. +/- 0.43 % || Ela(th) ave= 1.200E+01 b. +/- 5.36 % || RIcap ave= 1.28E+00 b. +/- 0.37 % || Macs30 ave= 1.21E-02 b. +/- 1.28 % || Gn^0(l=0) ave= 5.866E+00 +/- 0.17 % Gn^0(l=1) ave= 4.652E-01 +/- 5.47 % Gn^0(l=2) ave= 3.619E+00 +/- 16.14 % Gn^0(l=3) ave= 0.000E+00 +/- 0.00 % || Gtotal(l=0) ave= 0.000E+00 +/- 0.00 % Gtotal(l=1) ave= 0.000E+00 +/- 0.00 % Gtotal(l=2) ave= 0.000E+00 +/- 0.00 % Gtotal(l=3) ave= 0.000E+00 +/- 0.00 %  % || Gg(l=0) ave= 1.039E+00 +/- 0.87 % Gg(l=1) ave= 5.272E-01 +/- 0.47 % Gg(l=2) ave= 7.581E-01 +/- 0.45 % Gg(l=3) ave= 0.000E+00 +/- 0.00 %  % || D(l=0) ave= 2.656E+04 +/- 0.00 % D(l=1) ave= 6.071E+03 +/- 0.00 % D(l=2) ave= 6.693E+03 +/- 0.00 % D(l=3) ave= 0.000E+00 +/- 0.00 %  % || S(l=0) ave= 2.277E-04 +/- 0.17 % S(l=1) ave= 4.226E-05 +/- 5.47 % S(l=2) ave= 2.761E-04 +/- 16.09 % S(l=3) ave= 0.000E+00 +/- 0.00 % 
 ... random file  82 Cap(th)  ave= 2.575E+00 b. +/- 0.43 % || Ela(th) ave= 1.201E+01 b. +/- 5.37 % || RIcap ave= 1.28E+00 b. +/- 0.37 % || Macs30 ave= 1.21E-02 b. +/- 1.31 % || Gn^0(l=0) ave= 5.866E+00 +/- 0.17 % Gn^0(l=1) ave= 4.657E-01 +/- 5.51 % Gn^0(l=2) ave= 3.631E+00 +/- 16.25 % Gn^0(l=3) ave= 0.000E+00 +/- 0.00 % || Gtotal(l=0) ave= 0.000E+00 +/- 0.00 % Gtotal(l=1) ave= 0.000E+00 +/- 0.00 % Gtotal(l=2) ave= 0.000E+00 +/- 0.00 % Gtotal(l=3) ave= 0.000E+00 +/- 0.00 %  % || Gg(l=0) ave= 1.039E+00 +/- 0.87 % Gg(l=1) ave= 5.272E-01 +/- 0.47 % Gg(l=2) ave= 7.581E-01 +/- 0.45 % Gg(l=3) ave= 0.000E+00 +/- 0.00 %  % || D(l=0) ave= 2.656E+04 +/- 0.00 % D(l=1) ave= 6.071E+03 +/- 0.00 % D(l=2) ave= 6.693E+03 +/- 0.00 % D(l=3) ave= 0.000E+00 +/- 0.00 %  % || S(l=0) ave= 2.277E-04 +/- 0.17 % S(l=1) ave= 4.230E-05 +/- 5.51 % S(l=2) ave= 2.770E-04 +/- 16.20 % S(l=3) ave= 0.000E+00 +/- 0.00 % 
 ... random file  83 Cap(th)  ave= 2.575E+00 b. +/- 0.44 % || Ela(th) ave= 1.201E+01 b. +/- 5.35 % || RIcap ave= 1.28E+00 b. +/- 0.37 % || Macs30 ave= 1.21E-02 b. +/- 1.33 % || Gn^0(l=0) ave= 5.866E+00 +/- 0.17 % Gn^0(l=1) ave= 4.653E-01 +/- 5.54 % Gn^0(l=2) ave= 3.641E+00 +/- 16.32 % Gn^0(l=3) ave= 0.000E+00 +/- 0.00 % || Gtotal(l=0) ave= 0.000E+00 +/- 0.00 % Gtotal(l=1) ave= 0.000E+00 +/- 0.00 % Gtotal(l=2) ave= 0.000E+00 +/- 0.00 % Gtotal(l=3) ave= 0.000E+00 +/- 0.00 %  % || Gg(l=0) ave= 1.038E+00 +/- 0.87 % Gg(l=1) ave= 5.272E-01 +/- 0.47 % Gg(l=2) ave= 7.581E-01 +/- 0.45 % Gg(l=3) ave= 0.000E+00 +/- 0.00 %  % || D(l=0) ave= 2.656E+04 +/- 0.00 % D(l=1) ave= 6.071E+03 +/- 0.00 % D(l=2) ave= 6.693E+03 +/- 0.00 % D(l=3) ave= 0.000E+00 +/- 0.00 %  % || S(l=0) ave= 2.277E-04 +/- 0.17 % S(l=1) ave= 4.226E-05 +/- 5.54 % S(l=2) ave= 2.778E-04 +/- 16.28 % S(l=3) ave= 0.000E+00 +/- 0.00 % 
 ... random file  84 Cap(th)  ave= 2.576E+00 b. +/- 0.44 % || Ela(th) ave= 1.201E+01 b. +/- 5.32 % || RIcap ave= 1.28E+00 b. +/- 0.37 % || Macs30 ave= 1.21E-02 b. +/- 1.32 % || Gn^0(l=0) ave= 5.866E+00 +/- 0.17 % Gn^0(l=1) ave= 4.654E-01 +/- 5.51 % Gn^0(l=2) ave= 3.636E+00 +/- 16.30 % Gn^0(l=3) ave= 0.000E+00 +/- 0.00 % || Gtotal(l=0) ave= 0.000E+00 +/- 0.00 % Gtotal(l=1) ave= 0.000E+00 +/- 0.00 % Gtotal(l=2) ave= 0.000E+00 +/- 0.00 % Gtotal(l=3) ave= 0.000E+00 +/- 0.00 %  % || Gg(l=0) ave= 1.039E+00 +/- 0.87 % Gg(l=1) ave= 5.272E-01 +/- 0.46 % Gg(l=2) ave= 7.581E-01 +/- 0.45 % Gg(l=3) ave= 0.000E+00 +/- 0.00 %  % || D(l=0) ave= 2.656E+04 +/- 0.00 % D(l=1) ave= 6.071E+03 +/- 0.00 % D(l=2) ave= 6.693E+03 +/- 0.00 % D(l=3) ave= 0.000E+00 +/- 0.00 %  % || S(l=0) ave= 2.277E-04 +/- 0.17 % S(l=1) ave= 4.227E-05 +/- 5.51 % S(l=2) ave= 2.774E-04 +/- 16.26 % S(l=3) ave= 0.000E+00 +/- 0.00 % 
 ... random file  85 Cap(th)  ave= 2.576E+00 b. +/- 0.44 % || Ela(th) ave= 1.202E+01 b. +/- 5.30 % || RIcap ave= 1.28E+00 b. +/- 0.37 % || Macs30 ave= 1.21E-02 b. +/- 1.31 % || Gn^0(l=0) ave= 5.866E+00 +/- 0.17 % Gn^0(l=1) ave= 4.653E-01 +/- 5.48 % Gn^0(l=2) ave= 3.627E+00 +/- 16.41 % Gn^0(l=3) ave= 0.000E+00 +/- 0.00 % || Gtotal(l=0) ave= 0.000E+00 +/- 0.00 % Gtotal(l=1) ave= 0.000E+00 +/- 0.00 % Gtotal(l=2) ave= 0.000E+00 +/- 0.00 % Gtotal(l=3) ave= 0.000E+00 +/- 0.00 %  % || Gg(l=0) ave= 1.038E+00 +/- 0.88 % Gg(l=1) ave= 5.272E-01 +/- 0.46 % Gg(l=2) ave= 7.581E-01 +/- 0.45 % Gg(l=3) ave= 0.000E+00 +/- 0.00 %  % || D(l=0) ave= 2.656E+04 +/- 0.00 % D(l=1) ave= 6.071E+03 +/- 0.00 % D(l=2) ave= 6.693E+03 +/- 0.00 % D(l=3) ave= 0.000E+00 +/- 0.00 %  % || S(l=0) ave= 2.277E-04 +/- 0.17 % S(l=1) ave= 4.226E-05 +/- 5.48 % S(l=2) ave= 2.767E-04 +/- 16.37 % S(l=3) ave= 0.000E+00 +/- 0.00 % 
 ... random file  86 Cap(th)  ave= 2.576E+00 b. +/- 0.44 % || Ela(th) ave= 1.200E+01 b. +/- 5.37 % || RIcap ave= 1.28E+00 b. +/- 0.37 % || Macs30 ave= 1.21E-02 b. +/- 1.31 % || Gn^0(l=0) ave= 5.866E+00 +/- 0.17 % Gn^0(l=1) ave= 4.651E-01 +/- 5.45 % Gn^0(l=2) ave= 3.618E+00 +/- 16.53 % Gn^0(l=3) ave= 0.000E+00 +/- 0.00 % || Gtotal(l=0) ave= 0.000E+00 +/- 0.00 % Gtotal(l=1) ave= 0.000E+00 +/- 0.00 % Gtotal(l=2) ave= 0.000E+00 +/- 0.00 % Gtotal(l=3) ave= 0.000E+00 +/- 0.00 %  % || Gg(l=0) ave= 1.039E+00 +/- 0.88 % Gg(l=1) ave= 5.272E-01 +/- 0.46 % Gg(l=2) ave= 7.581E-01 +/- 0.45 % Gg(l=3) ave= 0.000E+00 +/- 0.00 %  % || D(l=0) ave= 2.656E+04 +/- 0.00 % D(l=1) ave= 6.071E+03 +/- 0.00 % D(l=2) ave= 6.693E+03 +/- 0.00 % D(l=3) ave= 0.000E+00 +/- 0.00 %  % || S(l=0) ave= 2.277E-04 +/- 0.17 % S(l=1) ave= 4.225E-05 +/- 5.46 % S(l=2) ave= 2.760E-04 +/- 16.48 % S(l=3) ave= 0.000E+00 +/- 0.00 % 
 ... random file  87 Cap(th)  ave= 2.576E+00 b. +/- 0.44 % || Ela(th) ave= 1.201E+01 b. +/- 5.35 % || RIcap ave= 1.28E+00 b. +/- 0.37 % || Macs30 ave= 1.21E-02 b. +/- 1.30 % || Gn^0(l=0) ave= 5.865E+00 +/- 0.17 % Gn^0(l=1) ave= 4.647E-01 +/- 5.51 % Gn^0(l=2) ave= 3.615E+00 +/- 16.46 % Gn^0(l=3) ave= 0.000E+00 +/- 0.00 % || Gtotal(l=0) ave= 0.000E+00 +/- 0.00 % Gtotal(l=1) ave= 0.000E+00 +/- 0.00 % Gtotal(l=2) ave= 0.000E+00 +/- 0.00 % Gtotal(l=3) ave= 0.000E+00 +/- 0.00 %  % || Gg(l=0) ave= 1.039E+00 +/- 0.87 % Gg(l=1) ave= 5.272E-01 +/- 0.46 % Gg(l=2) ave= 7.581E-01 +/- 0.45 % Gg(l=3) ave= 0.000E+00 +/- 0.00 %  % || D(l=0) ave= 2.656E+04 +/- 0.00 % D(l=1) ave= 6.071E+03 +/- 0.00 % D(l=2) ave= 6.693E+03 +/- 0.00 % D(l=3) ave= 0.000E+00 +/- 0.00 %  % || S(l=0) ave= 2.277E-04 +/- 0.17 % S(l=1) ave= 4.221E-05 +/- 5.51 % S(l=2) ave= 2.758E-04 +/- 16.42 % S(l=3) ave= 0.000E+00 +/- 0.00 % 
 ... random file  88 Cap(th)  ave= 2.576E+00 b. +/- 0.44 % || Ela(th) ave= 1.200E+01 b. +/- 5.34 % || RIcap ave= 1.28E+00 b. +/- 0.37 % || Macs30 ave= 1.21E-02 b. +/- 1.30 % || Gn^0(l=0) ave= 5.865E+00 +/- 0.17 % Gn^0(l=1) ave= 4.654E-01 +/- 5.68 % Gn^0(l=2) ave= 3.613E+00 +/- 16.39 % Gn^0(l=3) ave= 0.000E+00 +/- 0.00 % || Gtotal(l=0) ave= 0.000E+00 +/- 0.00 % Gtotal(l=1) ave= 0.000E+00 +/- 0.00 % Gtotal(l=2) ave= 0.000E+00 +/- 0.00 % Gtotal(l=3) ave= 0.000E+00 +/- 0.00 %  % || Gg(l=0) ave= 1.039E+00 +/- 0.88 % Gg(l=1) ave= 5.272E-01 +/- 0.47 % Gg(l=2) ave= 7.582E-01 +/- 0.45 % Gg(l=3) ave= 0.000E+00 +/- 0.00 %  % || D(l=0) ave= 2.656E+04 +/- 0.00 % D(l=1) ave= 6.071E+03 +/- 0.00 % D(l=2) ave= 6.693E+03 +/- 0.00 % D(l=3) ave= 0.000E+00 +/- 0.00 %  % || S(l=0) ave= 2.277E-04 +/- 0.17 % S(l=1) ave= 4.228E-05 +/- 5.68 % S(l=2) ave= 2.756E-04 +/- 16.35 % S(l=3) ave= 0.000E+00 +/- 0.00 % 
 ... random file  89 Cap(th)  ave= 2.576E+00 b. +/- 0.44 % || Ela(th) ave= 1.201E+01 b. +/- 5.32 % || RIcap ave= 1.28E+00 b. +/- 0.37 % || Macs30 ave= 1.21E-02 b. +/- 1.29 % || Gn^0(l=0) ave= 5.865E+00 +/- 0.17 % Gn^0(l=1) ave= 4.651E-01 +/- 5.70 % Gn^0(l=2) ave= 3.619E+00 +/- 16.37 % Gn^0(l=3) ave= 0.000E+00 +/- 0.00 % || Gtotal(l=0) ave= 0.000E+00 +/- 0.00 % Gtotal(l=1) ave= 0.000E+00 +/- 0.00 % Gtotal(l=2) ave= 0.000E+00 +/- 0.00 % Gtotal(l=3) ave= 0.000E+00 +/- 0.00 %  % || Gg(l=0) ave= 1.039E+00 +/- 0.87 % Gg(l=1) ave= 5.272E-01 +/- 0.47 % Gg(l=2) ave= 7.581E-01 +/- 0.45 % Gg(l=3) ave= 0.000E+00 +/- 0.00 %  % || D(l=0) ave= 2.656E+04 +/- 0.00 % D(l=1) ave= 6.071E+03 +/- 0.00 % D(l=2) ave= 6.693E+03 +/- 0.00 % D(l=3) ave= 0.000E+00 +/- 0.00 %  % || S(l=0) ave= 2.277E-04 +/- 0.17 % S(l=1) ave= 4.224E-05 +/- 5.70 % S(l=2) ave= 2.762E-04 +/- 16.32 % S(l=3) ave= 0.000E+00 +/- 0.00 % 
 ... random file  90 Cap(th)  ave= 2.576E+00 b. +/- 0.44 % || Ela(th) ave= 1.201E+01 b. +/- 5.29 % || RIcap ave= 1.28E+00 b. +/- 0.38 % || Macs30 ave= 1.21E-02 b. +/- 1.29 % || Gn^0(l=0) ave= 5.865E+00 +/- 0.17 % Gn^0(l=1) ave= 4.647E-01 +/- 5.73 % Gn^0(l=2) ave= 3.610E+00 +/- 16.52 % Gn^0(l=3) ave= 0.000E+00 +/- 0.00 % || Gtotal(l=0) ave= 0.000E+00 +/- 0.00 % Gtotal(l=1) ave= 0.000E+00 +/- 0.00 % Gtotal(l=2) ave= 0.000E+00 +/- 0.00 % Gtotal(l=3) ave= 0.000E+00 +/- 0.00 %  % || Gg(l=0) ave= 1.038E+00 +/- 0.89 % Gg(l=1) ave= 5.271E-01 +/- 0.47 % Gg(l=2) ave= 7.581E-01 +/- 0.45 % Gg(l=3) ave= 0.000E+00 +/- 0.00 %  % || D(l=0) ave= 2.656E+04 +/- 0.00 % D(l=1) ave= 6.071E+03 +/- 0.00 % D(l=2) ave= 6.693E+03 +/- 0.00 % D(l=3) ave= 0.000E+00 +/- 0.00 %  % || S(l=0) ave= 2.277E-04 +/- 0.17 % S(l=1) ave= 4.221E-05 +/- 5.73 % S(l=2) ave= 2.754E-04 +/- 16.47 % S(l=3) ave= 0.000E+00 +/- 0.00 % 
 ... random file  91 Cap(th)  ave= 2.576E+00 b. +/- 0.44 % || Ela(th) ave= 1.202E+01 b. +/- 5.32 % || RIcap ave= 1.28E+00 b. +/- 0.37 % || Macs30 ave= 1.21E-02 b. +/- 1.28 % || Gn^0(l=0) ave= 5.865E+00 +/- 0.17 % Gn^0(l=1) ave= 4.640E-01 +/- 5.88 % Gn^0(l=2) ave= 3.610E+00 +/- 16.43 % Gn^0(l=3) ave= 0.000E+00 +/- 0.00 % || Gtotal(l=0) ave= 0.000E+00 +/- 0.00 % Gtotal(l=1) ave= 0.000E+00 +/- 0.00 % Gtotal(l=2) ave= 0.000E+00 +/- 0.00 % Gtotal(l=3) ave= 0.000E+00 +/- 0.00 %  % || Gg(l=0) ave= 1.038E+00 +/- 0.89 % Gg(l=1) ave= 5.271E-01 +/- 0.48 % Gg(l=2) ave= 7.581E-01 +/- 0.44 % Gg(l=3) ave= 0.000E+00 +/- 0.00 %  % || D(l=0) ave= 2.656E+04 +/- 0.00 % D(l=1) ave= 6.071E+03 +/- 0.00 % D(l=2) ave= 6.693E+03 +/- 0.00 % D(l=3) ave= 0.000E+00 +/- 0.00 %  % || S(l=0) ave= 2.277E-04 +/- 0.17 % S(l=1) ave= 4.215E-05 +/- 5.87 % S(l=2) ave= 2.754E-04 +/- 16.39 % S(l=3) ave= 0.000E+00 +/- 0.00 % 
 ... random file  92 Cap(th)  ave= 2.576E+00 b. +/- 0.44 % || Ela(th) ave= 1.201E+01 b. +/- 5.33 % || RIcap ave= 1.28E+00 b. +/- 0.38 % || Macs30 ave= 1.21E-02 b. +/- 1.27 % || Gn^0(l=0) ave= 5.865E+00 +/- 0.17 % Gn^0(l=1) ave= 4.638E-01 +/- 5.86 % Gn^0(l=2) ave= 3.612E+00 +/- 16.34 % Gn^0(l=3) ave= 0.000E+00 +/- 0.00 % || Gtotal(l=0) ave= 0.000E+00 +/- 0.00 % Gtotal(l=1) ave= 0.000E+00 +/- 0.00 % Gtotal(l=2) ave= 0.000E+00 +/- 0.00 % Gtotal(l=3) ave= 0.000E+00 +/- 0.00 %  % || Gg(l=0) ave= 1.039E+00 +/- 0.89 % Gg(l=1) ave= 5.271E-01 +/- 0.47 % Gg(l=2) ave= 7.581E-01 +/- 0.44 % Gg(l=3) ave= 0.000E+00 +/- 0.00 %  % || D(l=0) ave= 2.656E+04 +/- 0.00 % D(l=1) ave= 6.071E+03 +/- 0.00 % D(l=2) ave= 6.693E+03 +/- 0.00 % D(l=3) ave= 0.000E+00 +/- 0.00 %  % || S(l=0) ave= 2.277E-04 +/- 0.17 % S(l=1) ave= 4.213E-05 +/- 5.86 % S(l=2) ave= 2.756E-04 +/- 16.30 % S(l=3) ave= 0.000E+00 +/- 0.00 % 
 ... random file  93 Cap(th)  ave= 2.576E+00 b. +/- 0.44 % || Ela(th) ave= 1.200E+01 b. +/- 5.33 % || RIcap ave= 1.28E+00 b. +/- 0.38 % || Macs30 ave= 1.21E-02 b. +/- 1.28 % || Gn^0(l=0) ave= 5.865E+00 +/- 0.17 % Gn^0(l=1) ave= 4.639E-01 +/- 5.83 % Gn^0(l=2) ave= 3.601E+00 +/- 16.59 % Gn^0(l=3) ave= 0.000E+00 +/- 0.00 % || Gtotal(l=0) ave= 0.000E+00 +/- 0.00 % Gtotal(l=1) ave= 0.000E+00 +/- 0.00 % Gtotal(l=2) ave= 0.000E+00 +/- 0.00 % Gtotal(l=3) ave= 0.000E+00 +/- 0.00 %  % || Gg(l=0) ave= 1.039E+00 +/- 0.88 % Gg(l=1) ave= 5.271E-01 +/- 0.47 % Gg(l=2) ave= 7.582E-01 +/- 0.44 % Gg(l=3) ave= 0.000E+00 +/- 0.00 %  % || D(l=0) ave= 2.656E+04 +/- 0.00 % D(l=1) ave= 6.071E+03 +/- 0.00 % D(l=2) ave= 6.693E+03 +/- 0.00 % D(l=3) ave= 0.000E+00 +/- 0.00 %  % || S(l=0) ave= 2.277E-04 +/- 0.17 % S(l=1) ave= 4.214E-05 +/- 5.83 % S(l=2) ave= 2.747E-04 +/- 16.54 % S(l=3) ave= 0.000E+00 +/- 0.00 % 
 ... random file  94 Cap(th)  ave= 2.576E+00 b. +/- 0.44 % || Ela(th) ave= 1.201E+01 b. +/- 5.32 % || RIcap ave= 1.28E+00 b. +/- 0.37 % || Macs30 ave= 1.21E-02 b. +/- 1.28 % || Gn^0(l=0) ave= 5.865E+00 +/- 0.17 % Gn^0(l=1) ave= 4.642E-01 +/- 5.82 % Gn^0(l=2) ave= 3.614E+00 +/- 16.82 % Gn^0(l=3) ave= 0.000E+00 +/- 0.00 % || Gtotal(l=0) ave= 0.000E+00 +/- 0.00 % Gtotal(l=1) ave= 0.000E+00 +/- 0.00 % Gtotal(l=2) ave= 0.000E+00 +/- 0.00 % Gtotal(l=3) ave= 0.000E+00 +/- 0.00 %  % || Gg(l=0) ave= 1.039E+00 +/- 0.88 % Gg(l=1) ave= 5.271E-01 +/- 0.47 % Gg(l=2) ave= 7.582E-01 +/- 0.44 % Gg(l=3) ave= 0.000E+00 +/- 0.00 %  % || D(l=0) ave= 2.656E+04 +/- 0.00 % D(l=1) ave= 6.071E+03 +/- 0.00 % D(l=2) ave= 6.693E+03 +/- 0.00 % D(l=3) ave= 0.000E+00 +/- 0.00 %  % || S(l=0) ave= 2.277E-04 +/- 0.17 % S(l=1) ave= 4.216E-05 +/- 5.82 % S(l=2) ave= 2.757E-04 +/- 16.77 % S(l=3) ave= 0.000E+00 +/- 0.00 % 
 ... random file  95 Cap(th)  ave= 2.576E+00 b. +/- 0.44 % || Ela(th) ave= 1.201E+01 b. +/- 5.30 % || RIcap ave= 1.28E+00 b. +/- 0.37 % || Macs30 ave= 1.21E-02 b. +/- 1.28 % || Gn^0(l=0) ave= 5.865E+00 +/- 0.17 % Gn^0(l=1) ave= 4.641E-01 +/- 5.80 % Gn^0(l=2) ave= 3.615E+00 +/- 16.73 % Gn^0(l=3) ave= 0.000E+00 +/- 0.00 % || Gtotal(l=0) ave= 0.000E+00 +/- 0.00 % Gtotal(l=1) ave= 0.000E+00 +/- 0.00 % Gtotal(l=2) ave= 0.000E+00 +/- 0.00 % Gtotal(l=3) ave= 0.000E+00 +/- 0.00 %  % || Gg(l=0) ave= 1.039E+00 +/- 0.88 % Gg(l=1) ave= 5.271E-01 +/- 0.47 % Gg(l=2) ave= 7.582E-01 +/- 0.44 % Gg(l=3) ave= 0.000E+00 +/- 0.00 %  % || D(l=0) ave= 2.656E+04 +/- 0.00 % D(l=1) ave= 6.071E+03 +/- 0.00 % D(l=2) ave= 6.693E+03 +/- 0.00 % D(l=3) ave= 0.000E+00 +/- 0.00 %  % || S(l=0) ave= 2.277E-04 +/- 0.17 % S(l=1) ave= 4.215E-05 +/- 5.80 % S(l=2) ave= 2.758E-04 +/- 16.68 % S(l=3) ave= 0.000E+00 +/- 0.00 % 
 ... random file  96 Cap(th)  ave= 2.576E+00 b. +/- 0.44 % || Ela(th) ave= 1.200E+01 b. +/- 5.29 % || RIcap ave= 1.28E+00 b. +/- 0.37 % || Macs30 ave= 1.21E-02 b. +/- 1.28 % || Gn^0(l=0) ave= 5.865E+00 +/- 0.17 % Gn^0(l=1) ave= 4.639E-01 +/- 5.79 % Gn^0(l=2) ave= 3.629E+00 +/- 16.99 % Gn^0(l=3) ave= 0.000E+00 +/- 0.00 % || Gtotal(l=0) ave= 0.000E+00 +/- 0.00 % Gtotal(l=1) ave= 0.000E+00 +/- 0.00 % Gtotal(l=2) ave= 0.000E+00 +/- 0.00 % Gtotal(l=3) ave= 0.000E+00 +/- 0.00 %  % || Gg(l=0) ave= 1.039E+00 +/- 0.87 % Gg(l=1) ave= 5.271E-01 +/- 0.47 % Gg(l=2) ave= 7.581E-01 +/- 0.44 % Gg(l=3) ave= 0.000E+00 +/- 0.00 %  % || D(l=0) ave= 2.656E+04 +/- 0.00 % D(l=1) ave= 6.071E+03 +/- 0.00 % D(l=2) ave= 6.693E+03 +/- 0.00 % D(l=3) ave= 0.000E+00 +/- 0.00 %  % || S(l=0) ave= 2.277E-04 +/- 0.17 % S(l=1) ave= 4.213E-05 +/- 5.79 % S(l=2) ave= 2.769E-04 +/- 16.94 % S(l=3) ave= 0.000E+00 +/- 0.00 % 
 ... random file  97 Cap(th)  ave= 2.576E+00 b. +/- 0.44 % || Ela(th) ave= 1.199E+01 b. +/- 5.31 % || RIcap ave= 1.28E+00 b. +/- 0.37 % || Macs30 ave= 1.21E-02 b. +/- 1.27 % || Gn^0(l=0) ave= 5.865E+00 +/- 0.17 % Gn^0(l=1) ave= 4.636E-01 +/- 5.80 % Gn^0(l=2) ave= 3.633E+00 +/- 16.92 % Gn^0(l=3) ave= 0.000E+00 +/- 0.00 % || Gtotal(l=0) ave= 0.000E+00 +/- 0.00 % Gtotal(l=1) ave= 0.000E+00 +/- 0.00 % Gtotal(l=2) ave= 0.000E+00 +/- 0.00 % Gtotal(l=3) ave= 0.000E+00 +/- 0.00 %  % || Gg(l=0) ave= 1.039E+00 +/- 0.90 % Gg(l=1) ave= 5.271E-01 +/- 0.47 % Gg(l=2) ave= 7.581E-01 +/- 0.44 % Gg(l=3) ave= 0.000E+00 +/- 0.00 %  % || D(l=0) ave= 2.656E+04 +/- 0.00 % D(l=1) ave= 6.071E+03 +/- 0.00 % D(l=2) ave= 6.693E+03 +/- 0.00 % D(l=3) ave= 0.000E+00 +/- 0.00 %  % || S(l=0) ave= 2.277E-04 +/- 0.17 % S(l=1) ave= 4.211E-05 +/- 5.80 % S(l=2) ave= 2.772E-04 +/- 16.87 % S(l=3) ave= 0.000E+00 +/- 0.00 % 
 ... random file  98 Cap(th)  ave= 2.576E+00 b. +/- 0.43 % || Ela(th) ave= 1.199E+01 b. +/- 5.31 % || RIcap ave= 1.28E+00 b. +/- 0.37 % || Macs30 ave= 1.21E-02 b. +/- 1.27 % || Gn^0(l=0) ave= 5.865E+00 +/- 0.17 % Gn^0(l=1) ave= 4.634E-01 +/- 5.78 % Gn^0(l=2) ave= 3.639E+00 +/- 16.89 % Gn^0(l=3) ave= 0.000E+00 +/- 0.00 % || Gtotal(l=0) ave= 0.000E+00 +/- 0.00 % Gtotal(l=1) ave= 0.000E+00 +/- 0.00 % Gtotal(l=2) ave= 0.000E+00 +/- 0.00 % Gtotal(l=3) ave= 0.000E+00 +/- 0.00 %  % || Gg(l=0) ave= 1.039E+00 +/- 0.90 % Gg(l=1) ave= 5.271E-01 +/- 0.46 % Gg(l=2) ave= 7.581E-01 +/- 0.44 % Gg(l=3) ave= 0.000E+00 +/- 0.00 %  % || D(l=0) ave= 2.656E+04 +/- 0.00 % D(l=1) ave= 6.071E+03 +/- 0.00 % D(l=2) ave= 6.693E+03 +/- 0.00 % D(l=3) ave= 0.000E+00 +/- 0.00 %  % || S(l=0) ave= 2.277E-04 +/- 0.17 % S(l=1) ave= 4.209E-05 +/- 5.78 % S(l=2) ave= 2.777E-04 +/- 16.85 % S(l=3) ave= 0.000E+00 +/- 0.00 % 
 ... random file  99 Cap(th)  ave= 2.576E+00 b. +/- 0.43 % || Ela(th) ave= 1.200E+01 b. +/- 5.34 % || RIcap ave= 1.28E+00 b. +/- 0.37 % || Macs30 ave= 1.21E-02 b. +/- 1.26 % || Gn^0(l=0) ave= 5.865E+00 +/- 0.17 % Gn^0(l=1) ave= 4.635E-01 +/- 5.75 % Gn^0(l=2) ave= 3.645E+00 +/- 16.85 % Gn^0(l=3) ave= 0.000E+00 +/- 0.00 % || Gtotal(l=0) ave= 0.000E+00 +/- 0.00 % Gtotal(l=1) ave= 0.000E+00 +/- 0.00 % Gtotal(l=2) ave= 0.000E+00 +/- 0.00 % Gtotal(l=3) ave= 0.000E+00 +/- 0.00 %  % || Gg(l=0) ave= 1.039E+00 +/- 0.90 % Gg(l=1) ave= 5.271E-01 +/- 0.46 % Gg(l=2) ave= 7.581E-01 +/- 0.44 % Gg(l=3) ave= 0.000E+00 +/- 0.00 %  % || D(l=0) ave= 2.656E+04 +/- 0.00 % D(l=1) ave= 6.071E+03 +/- 0.00 % D(l=2) ave= 6.693E+03 +/- 0.00 % D(l=3) ave= 0.000E+00 +/- 0.00 %  % || S(l=0) ave= 2.277E-04 +/- 0.17 % S(l=1) ave= 4.210E-05 +/- 5.75 % S(l=2) ave= 2.781E-04 +/- 16.80 % S(l=3) ave= 0.000E+00 +/- 0.00 % 
 ... random file  100 Cap(th)  ave= 2.576E+00 b. +/- 0.43 % || Ela(th) ave= 1.201E+01 b. +/- 5.37 % || RIcap ave= 1.28E+00 b. +/- 0.37 % || Macs30 ave= 1.21E-02 b. +/- 1.27 % || Gn^0(l=0) ave= 5.865E+00 +/- 0.17 % Gn^0(l=1) ave= 4.632E-01 +/- 5.75 % Gn^0(l=2) ave= 3.641E+00 +/- 16.82 % Gn^0(l=3) ave= 0.000E+00 +/- 0.00 % || Gtotal(l=0) ave= 0.000E+00 +/- 0.00 % Gtotal(l=1) ave= 0.000E+00 +/- 0.00 % Gtotal(l=2) ave= 0.000E+00 +/- 0.00 % Gtotal(l=3) ave= 0.000E+00 +/- 0.00 %  % || Gg(l=0) ave= 1.039E+00 +/- 0.89 % Gg(l=1) ave= 5.271E-01 +/- 0.46 % Gg(l=2) ave= 7.582E-01 +/- 0.46 % Gg(l=3) ave= 0.000E+00 +/- 0.00 %  % || D(l=0) ave= 2.656E+04 +/- 0.00 % D(l=1) ave= 6.071E+03 +/- 0.00 % D(l=2) ave= 6.693E+03 +/- 0.00 % D(l=3) ave= 0.000E+00 +/- 0.00 %  % || S(l=0) ave= 2.277E-04 +/- 0.17 % S(l=1) ave= 4.208E-05 +/- 5.75 % S(l=2) ave= 2.778E-04 +/- 16.78 % S(l=3) ave= 0.000E+00 +/- 0.00 % 
 ... random file  101 Cap(th)  ave= 2.576E+00 b. +/- 0.43 % || Ela(th) ave= 1.201E+01 b. +/- 5.34 % || RIcap ave= 1.28E+00 b. +/- 0.36 % || Macs30 ave= 1.21E-02 b. +/- 1.27 % || Gn^0(l=0) ave= 5.865E+00 +/- 0.17 % Gn^0(l=1) ave= 4.633E-01 +/- 5.72 % Gn^0(l=2) ave= 3.632E+00 +/- 16.98 % Gn^0(l=3) ave= 0.000E+00 +/- 0.00 % || Gtotal(l=0) ave= 0.000E+00 +/- 0.00 % Gtotal(l=1) ave= 0.000E+00 +/- 0.00 % Gtotal(l=2) ave= 0.000E+00 +/- 0.00 % Gtotal(l=3) ave= 0.000E+00 +/- 0.00 %  % || Gg(l=0) ave= 1.039E+00 +/- 0.90 % Gg(l=1) ave= 5.271E-01 +/- 0.46 % Gg(l=2) ave= 7.582E-01 +/- 0.46 % Gg(l=3) ave= 0.000E+00 +/- 0.00 %  % || D(l=0) ave= 2.656E+04 +/- 0.00 % D(l=1) ave= 6.071E+03 +/- 0.00 % D(l=2) ave= 6.693E+03 +/- 0.00 % D(l=3) ave= 0.000E+00 +/- 0.00 %  % || S(l=0) ave= 2.277E-04 +/- 0.17 % S(l=1) ave= 4.208E-05 +/- 5.72 % S(l=2) ave= 2.771E-04 +/- 16.93 % S(l=3) ave= 0.000E+00 +/- 0.00 % 
 ... random file  102 Cap(th)  ave= 2.576E+00 b. +/- 0.43 % || Ela(th) ave= 1.201E+01 b. +/- 5.32 % || RIcap ave= 1.28E+00 b. +/- 0.36 % || Macs30 ave= 1.21E-02 b. +/- 1.26 % || Gn^0(l=0) ave= 5.865E+00 +/- 0.17 % Gn^0(l=1) ave= 4.631E-01 +/- 5.72 % Gn^0(l=2) ave= 3.627E+00 +/- 16.96 % Gn^0(l=3) ave= 0.000E+00 +/- 0.00 % || Gtotal(l=0) ave= 0.000E+00 +/- 0.00 % Gtotal(l=1) ave= 0.000E+00 +/- 0.00 % Gtotal(l=2) ave= 0.000E+00 +/- 0.00 % Gtotal(l=3) ave= 0.000E+00 +/- 0.00 %  % || Gg(l=0) ave= 1.039E+00 +/- 0.89 % Gg(l=1) ave= 5.271E-01 +/- 0.46 % Gg(l=2) ave= 7.581E-01 +/- 0.46 % Gg(l=3) ave= 0.000E+00 +/- 0.00 %  % || D(l=0) ave= 2.656E+04 +/- 0.00 % D(l=1) ave= 6.071E+03 +/- 0.00 % D(l=2) ave= 6.693E+03 +/- 0.00 % D(l=3) ave= 0.000E+00 +/- 0.00 %  % || S(l=0) ave= 2.277E-04 +/- 0.17 % S(l=1) ave= 4.207E-05 +/- 5.72 % S(l=2) ave= 2.768E-04 +/- 16.91 % S(l=3) ave= 0.000E+00 +/- 0.00 % 
 ... random file  103 Cap(th)  ave= 2.576E+00 b. +/- 0.43 % || Ela(th) ave= 1.200E+01 b. +/- 5.31 % || RIcap ave= 1.28E+00 b. +/- 0.36 % || Macs30 ave= 1.21E-02 b. +/- 1.26 % || Gn^0(l=0) ave= 5.865E+00 +/- 0.17 % Gn^0(l=1) ave= 4.635E-01 +/- 5.75 % Gn^0(l=2) ave= 3.622E+00 +/- 16.95 % Gn^0(l=3) ave= 0.000E+00 +/- 0.00 % || Gtotal(l=0) ave= 0.000E+00 +/- 0.00 % Gtotal(l=1) ave= 0.000E+00 +/- 0.00 % Gtotal(l=2) ave= 0.000E+00 +/- 0.00 % Gtotal(l=3) ave= 0.000E+00 +/- 0.00 %  % || Gg(l=0) ave= 1.039E+00 +/- 0.89 % Gg(l=1) ave= 5.271E-01 +/- 0.46 % Gg(l=2) ave= 7.581E-01 +/- 0.46 % Gg(l=3) ave= 0.000E+00 +/- 0.00 %  % || D(l=0) ave= 2.656E+04 +/- 0.00 % D(l=1) ave= 6.071E+03 +/- 0.00 % D(l=2) ave= 6.693E+03 +/- 0.00 % D(l=3) ave= 0.000E+00 +/- 0.00 %  % || S(l=0) ave= 2.277E-04 +/- 0.17 % S(l=1) ave= 4.210E-05 +/- 5.75 % S(l=2) ave= 2.764E-04 +/- 16.91 % S(l=3) ave= 0.000E+00 +/- 0.00 % 
 ... random file  104 Cap(th)  ave= 2.576E+00 b. +/- 0.43 % || Ela(th) ave= 1.200E+01 b. +/- 5.28 % || RIcap ave= 1.28E+00 b. +/- 0.36 % || Macs30 ave= 1.21E-02 b. +/- 1.27 % || Gn^0(l=0) ave= 5.865E+00 +/- 0.16 % Gn^0(l=1) ave= 4.637E-01 +/- 5.73 % Gn^0(l=2) ave= 3.627E+00 +/- 16.90 % Gn^0(l=3) ave= 0.000E+00 +/- 0.00 % || Gtotal(l=0) ave= 0.000E+00 +/- 0.00 % Gtotal(l=1) ave= 0.000E+00 +/- 0.00 % Gtotal(l=2) ave= 0.000E+00 +/- 0.00 % Gtotal(l=3) ave= 0.000E+00 +/- 0.00 %  % || Gg(l=0) ave= 1.039E+00 +/- 0.89 % Gg(l=1) ave= 5.271E-01 +/- 0.46 % Gg(l=2) ave= 7.581E-01 +/- 0.46 % Gg(l=3) ave= 0.000E+00 +/- 0.00 %  % || D(l=0) ave= 2.656E+04 +/- 0.00 % D(l=1) ave= 6.071E+03 +/- 0.00 % D(l=2) ave= 6.693E+03 +/- 0.00 % D(l=3) ave= 0.000E+00 +/- 0.00 %  % || S(l=0) ave= 2.277E-04 +/- 0.16 % S(l=1) ave= 4.211E-05 +/- 5.73 % S(l=2) ave= 2.767E-04 +/- 16.86 % S(l=3) ave= 0.000E+00 +/- 0.00 % 
 ... random file  105 Cap(th)  ave= 2.576E+00 b. +/- 0.42 % || Ela(th) ave= 1.200E+01 b. +/- 5.27 % || RIcap ave= 1.28E+00 b. +/- 0.36 % || Macs30 ave= 1.21E-02 b. +/- 1.26 % || Gn^0(l=0) ave= 5.865E+00 +/- 0.16 % Gn^0(l=1) ave= 4.635E-01 +/- 5.72 % Gn^0(l=2) ave= 3.632E+00 +/- 16.85 % Gn^0(l=3) ave= 0.000E+00 +/- 0.00 % || Gtotal(l=0) ave= 0.000E+00 +/- 0.00 % Gtotal(l=1) ave= 0.000E+00 +/- 0.00 % Gtotal(l=2) ave= 0.000E+00 +/- 0.00 % Gtotal(l=3) ave= 0.000E+00 +/- 0.00 %  % || Gg(l=0) ave= 1.039E+00 +/- 0.89 % Gg(l=1) ave= 5.271E-01 +/- 0.46 % Gg(l=2) ave= 7.581E-01 +/- 0.46 % Gg(l=3) ave= 0.000E+00 +/- 0.00 %  % || D(l=0) ave= 2.656E+04 +/- 0.00 % D(l=1) ave= 6.071E+03 +/- 0.00 % D(l=2) ave= 6.693E+03 +/- 0.00 % D(l=3) ave= 0.000E+00 +/- 0.00 %  % || S(l=0) ave= 2.277E-04 +/- 0.16 % S(l=1) ave= 4.210E-05 +/- 5.72 % S(l=2) ave= 2.771E-04 +/- 16.81 % S(l=3) ave= 0.000E+00 +/- 0.00 % 
 ... random file  106 Cap(th)  ave= 2.576E+00 b. +/- 0.43 % || Ela(th) ave= 1.201E+01 b. +/- 5.33 % || RIcap ave= 1.28E+00 b. +/- 0.36 % || Macs30 ave= 1.21E-02 b. +/- 1.27 % || Gn^0(l=0) ave= 5.865E+00 +/- 0.16 % Gn^0(l=1) ave= 4.634E-01 +/- 5.70 % Gn^0(l=2) ave= 3.635E+00 +/- 16.78 % Gn^0(l=3) ave= 0.000E+00 +/- 0.00 % || Gtotal(l=0) ave= 0.000E+00 +/- 0.00 % Gtotal(l=1) ave= 0.000E+00 +/- 0.00 % Gtotal(l=2) ave= 0.000E+00 +/- 0.00 % Gtotal(l=3) ave= 0.000E+00 +/- 0.00 %  % || Gg(l=0) ave= 1.038E+00 +/- 0.89 % Gg(l=1) ave= 5.271E-01 +/- 0.46 % Gg(l=2) ave= 7.581E-01 +/- 0.45 % Gg(l=3) ave= 0.000E+00 +/- 0.00 %  % || D(l=0) ave= 2.656E+04 +/- 0.00 % D(l=1) ave= 6.071E+03 +/- 0.00 % D(l=2) ave= 6.693E+03 +/- 0.00 % D(l=3) ave= 0.000E+00 +/- 0.00 %  % || S(l=0) ave= 2.277E-04 +/- 0.16 % S(l=1) ave= 4.209E-05 +/- 5.70 % S(l=2) ave= 2.773E-04 +/- 16.74 % S(l=3) ave= 0.000E+00 +/- 0.00 % 
 ... random file  107 Cap(th)  ave= 2.576E+00 b. +/- 0.43 % || Ela(th) ave= 1.201E+01 b. +/- 5.31 % || RIcap ave= 1.28E+00 b. +/- 0.36 % || Macs30 ave= 1.21E-02 b. +/- 1.26 % || Gn^0(l=0) ave= 5.865E+00 +/- 0.16 % Gn^0(l=1) ave= 4.635E-01 +/- 5.68 % Gn^0(l=2) ave= 3.627E+00 +/- 16.88 % Gn^0(l=3) ave= 0.000E+00 +/- 0.00 % || Gtotal(l=0) ave= 0.000E+00 +/- 0.00 % Gtotal(l=1) ave= 0.000E+00 +/- 0.00 % Gtotal(l=2) ave= 0.000E+00 +/- 0.00 % Gtotal(l=3) ave= 0.000E+00 +/- 0.00 %  % || Gg(l=0) ave= 1.038E+00 +/- 0.89 % Gg(l=1) ave= 5.271E-01 +/- 0.46 % Gg(l=2) ave= 7.581E-01 +/- 0.45 % Gg(l=3) ave= 0.000E+00 +/- 0.00 %  % || D(l=0) ave= 2.656E+04 +/- 0.00 % D(l=1) ave= 6.071E+03 +/- 0.00 % D(l=2) ave= 6.693E+03 +/- 0.00 % D(l=3) ave= 0.000E+00 +/- 0.00 %  % || S(l=0) ave= 2.277E-04 +/- 0.16 % S(l=1) ave= 4.210E-05 +/- 5.67 % S(l=2) ave= 2.767E-04 +/- 16.83 % S(l=3) ave= 0.000E+00 +/- 0.00 % 
 ... random file  108 Cap(th)  ave= 2.576E+00 b. +/- 0.43 % || Ela(th) ave= 1.202E+01 b. +/- 5.33 % || RIcap ave= 1.28E+00 b. +/- 0.36 % || Macs30 ave= 1.21E-02 b. +/- 1.26 % || Gn^0(l=0) ave= 5.865E+00 +/- 0.16 % Gn^0(l=1) ave= 4.639E-01 +/- 5.72 % Gn^0(l=2) ave= 3.618E+00 +/- 17.07 % Gn^0(l=3) ave= 0.000E+00 +/- 0.00 % || Gtotal(l=0) ave= 0.000E+00 +/- 0.00 % Gtotal(l=1) ave= 0.000E+00 +/- 0.00 % Gtotal(l=2) ave= 0.000E+00 +/- 0.00 % Gtotal(l=3) ave= 0.000E+00 +/- 0.00 %  % || Gg(l=0) ave= 1.039E+00 +/- 0.89 % Gg(l=1) ave= 5.271E-01 +/- 0.46 % Gg(l=2) ave= 7.581E-01 +/- 0.45 % Gg(l=3) ave= 0.000E+00 +/- 0.00 %  % || D(l=0) ave= 2.656E+04 +/- 0.00 % D(l=1) ave= 6.071E+03 +/- 0.00 % D(l=2) ave= 6.693E+03 +/- 0.00 % D(l=3) ave= 0.000E+00 +/- 0.00 %  % || S(l=0) ave= 2.277E-04 +/- 0.16 % S(l=1) ave= 4.213E-05 +/- 5.72 % S(l=2) ave= 2.760E-04 +/- 17.02 % S(l=3) ave= 0.000E+00 +/- 0.00 % 
 ... random file  109 Cap(th)  ave= 2.576E+00 b. +/- 0.42 % || Ela(th) ave= 1.201E+01 b. +/- 5.34 % || RIcap ave= 1.28E+00 b. +/- 0.36 % || Macs30 ave= 1.21E-02 b. +/- 1.25 % || Gn^0(l=0) ave= 5.865E+00 +/- 0.17 % Gn^0(l=1) ave= 4.640E-01 +/- 5.71 % Gn^0(l=2) ave= 3.621E+00 +/- 17.01 % Gn^0(l=3) ave= 0.000E+00 +/- 0.00 % || Gtotal(l=0) ave= 0.000E+00 +/- 0.00 % Gtotal(l=1) ave= 0.000E+00 +/- 0.00 % Gtotal(l=2) ave= 0.000E+00 +/- 0.00 % Gtotal(l=3) ave= 0.000E+00 +/- 0.00 %  % || Gg(l=0) ave= 1.039E+00 +/- 0.89 % Gg(l=1) ave= 5.272E-01 +/- 0.47 % Gg(l=2) ave= 7.581E-01 +/- 0.45 % Gg(l=3) ave= 0.000E+00 +/- 0.00 %  % || D(l=0) ave= 2.656E+04 +/- 0.00 % D(l=1) ave= 6.071E+03 +/- 0.00 % D(l=2) ave= 6.693E+03 +/- 0.00 % D(l=3) ave= 0.000E+00 +/- 0.00 %  % || S(l=0) ave= 2.277E-04 +/- 0.17 % S(l=1) ave= 4.215E-05 +/- 5.71 % S(l=2) ave= 2.763E-04 +/- 16.96 % S(l=3) ave= 0.000E+00 +/- 0.00 % 
 ... random file  110 Cap(th)  ave= 2.576E+00 b. +/- 0.42 % || Ela(th) ave= 1.201E+01 b. +/- 5.31 % || RIcap ave= 1.28E+00 b. +/- 0.36 % || Macs30 ave= 1.21E-02 b. +/- 1.25 % || Gn^0(l=0) ave= 5.865E+00 +/- 0.17 % Gn^0(l=1) ave= 4.642E-01 +/- 5.69 % Gn^0(l=2) ave= 3.617E+00 +/- 16.98 % Gn^0(l=3) ave= 0.000E+00 +/- 0.00 % || Gtotal(l=0) ave= 0.000E+00 +/- 0.00 % Gtotal(l=1) ave= 0.000E+00 +/- 0.00 % Gtotal(l=2) ave= 0.000E+00 +/- 0.00 % Gtotal(l=3) ave= 0.000E+00 +/- 0.00 %  % || Gg(l=0) ave= 1.038E+00 +/- 0.89 % Gg(l=1) ave= 5.272E-01 +/- 0.46 % Gg(l=2) ave= 7.581E-01 +/- 0.45 % Gg(l=3) ave= 0.000E+00 +/- 0.00 %  % || D(l=0) ave= 2.656E+04 +/- 0.00 % D(l=1) ave= 6.071E+03 +/- 0.00 % D(l=2) ave= 6.693E+03 +/- 0.00 % D(l=3) ave= 0.000E+00 +/- 0.00 %  % || S(l=0) ave= 2.277E-04 +/- 0.17 % S(l=1) ave= 4.217E-05 +/- 5.69 % S(l=2) ave= 2.760E-04 +/- 16.94 % S(l=3) ave= 0.000E+00 +/- 0.00 % 
 ... random file  111 Cap(th)  ave= 2.576E+00 b. +/- 0.42 % || Ela(th) ave= 1.201E+01 b. +/- 5.30 % || RIcap ave= 1.28E+00 b. +/- 0.36 % || Macs30 ave= 1.21E-02 b. +/- 1.25 % || Gn^0(l=0) ave= 5.865E+00 +/- 0.17 % Gn^0(l=1) ave= 4.639E-01 +/- 5.73 % Gn^0(l=2) ave= 3.625E+00 +/- 17.03 % Gn^0(l=3) ave= 0.000E+00 +/- 0.00 % || Gtotal(l=0) ave= 0.000E+00 +/- 0.00 % Gtotal(l=1) ave= 0.000E+00 +/- 0.00 % Gtotal(l=2) ave= 0.000E+00 +/- 0.00 % Gtotal(l=3) ave= 0.000E+00 +/- 0.00 %  % || Gg(l=0) ave= 1.038E+00 +/- 0.89 % Gg(l=1) ave= 5.272E-01 +/- 0.46 % Gg(l=2) ave= 7.581E-01 +/- 0.45 % Gg(l=3) ave= 0.000E+00 +/- 0.00 %  % || D(l=0) ave= 2.656E+04 +/- 0.00 % D(l=1) ave= 6.071E+03 +/- 0.00 % D(l=2) ave= 6.693E+03 +/- 0.00 % D(l=3) ave= 0.000E+00 +/- 0.00 %  % || S(l=0) ave= 2.277E-04 +/- 0.17 % S(l=1) ave= 4.213E-05 +/- 5.73 % S(l=2) ave= 2.766E-04 +/- 16.98 % S(l=3) ave= 0.000E+00 +/- 0.00 % 
 ... random file  112 Cap(th)  ave= 2.576E+00 b. +/- 0.43 % || Ela(th) ave= 1.201E+01 b. +/- 5.31 % || RIcap ave= 1.28E+00 b. +/- 0.36 % || Macs30 ave= 1.21E-02 b. +/- 1.26 % || Gn^0(l=0) ave= 5.865E+00 +/- 0.17 % Gn^0(l=1) ave= 4.639E-01 +/- 5.70 % Gn^0(l=2) ave= 3.626E+00 +/- 16.95 % Gn^0(l=3) ave= 0.000E+00 +/- 0.00 % || Gtotal(l=0) ave= 0.000E+00 +/- 0.00 % Gtotal(l=1) ave= 0.000E+00 +/- 0.00 % Gtotal(l=2) ave= 0.000E+00 +/- 0.00 % Gtotal(l=3) ave= 0.000E+00 +/- 0.00 %  % || Gg(l=0) ave= 1.038E+00 +/- 0.89 % Gg(l=1) ave= 5.272E-01 +/- 0.46 % Gg(l=2) ave= 7.581E-01 +/- 0.45 % Gg(l=3) ave= 0.000E+00 +/- 0.00 %  % || D(l=0) ave= 2.656E+04 +/- 0.00 % D(l=1) ave= 6.071E+03 +/- 0.00 % D(l=2) ave= 6.693E+03 +/- 0.00 % D(l=3) ave= 0.000E+00 +/- 0.00 %  % || S(l=0) ave= 2.277E-04 +/- 0.17 % S(l=1) ave= 4.214E-05 +/- 5.70 % S(l=2) ave= 2.767E-04 +/- 16.90 % S(l=3) ave= 0.000E+00 +/- 0.00 % 
 ... random file  113 Cap(th)  ave= 2.576E+00 b. +/- 0.43 % || Ela(th) ave= 1.201E+01 b. +/- 5.30 % || RIcap ave= 1.28E+00 b. +/- 0.36 % || Macs30 ave= 1.21E-02 b. +/- 1.26 % || Gn^0(l=0) ave= 5.865E+00 +/- 0.17 % Gn^0(l=1) ave= 4.640E-01 +/- 5.68 % Gn^0(l=2) ave= 3.626E+00 +/- 16.88 % Gn^0(l=3) ave= 0.000E+00 +/- 0.00 % || Gtotal(l=0) ave= 0.000E+00 +/- 0.00 % Gtotal(l=1) ave= 0.000E+00 +/- 0.00 % Gtotal(l=2) ave= 0.000E+00 +/- 0.00 % Gtotal(l=3) ave= 0.000E+00 +/- 0.00 %  % || Gg(l=0) ave= 1.038E+00 +/- 0.88 % Gg(l=1) ave= 5.272E-01 +/- 0.46 % Gg(l=2) ave= 7.580E-01 +/- 0.46 % Gg(l=3) ave= 0.000E+00 +/- 0.00 %  % || D(l=0) ave= 2.656E+04 +/- 0.00 % D(l=1) ave= 6.071E+03 +/- 0.00 % D(l=2) ave= 6.693E+03 +/- 0.00 % D(l=3) ave= 0.000E+00 +/- 0.00 %  % || S(l=0) ave= 2.277E-04 +/- 0.17 % S(l=1) ave= 4.215E-05 +/- 5.68 % S(l=2) ave= 2.766E-04 +/- 16.83 % S(l=3) ave= 0.000E+00 +/- 0.00 % 
 ... random file  114 Cap(th)  ave= 2.576E+00 b. +/- 0.42 % || Ela(th) ave= 1.201E+01 b. +/- 5.28 % || RIcap ave= 1.28E+00 b. +/- 0.36 % || Macs30 ave= 1.21E-02 b. +/- 1.26 % || Gn^0(l=0) ave= 5.865E+00 +/- 0.17 % Gn^0(l=1) ave= 4.638E-01 +/- 5.69 % Gn^0(l=2) ave= 3.627E+00 +/- 16.80 % Gn^0(l=3) ave= 0.000E+00 +/- 0.00 % || Gtotal(l=0) ave= 0.000E+00 +/- 0.00 % Gtotal(l=1) ave= 0.000E+00 +/- 0.00 % Gtotal(l=2) ave= 0.000E+00 +/- 0.00 % Gtotal(l=3) ave= 0.000E+00 +/- 0.00 %  % || Gg(l=0) ave= 1.038E+00 +/- 0.88 % Gg(l=1) ave= 5.273E-01 +/- 0.47 % Gg(l=2) ave= 7.579E-01 +/- 0.46 % Gg(l=3) ave= 0.000E+00 +/- 0.00 %  % || D(l=0) ave= 2.656E+04 +/- 0.00 % D(l=1) ave= 6.071E+03 +/- 0.00 % D(l=2) ave= 6.693E+03 +/- 0.00 % D(l=3) ave= 0.000E+00 +/- 0.00 %  % || S(l=0) ave= 2.277E-04 +/- 0.17 % S(l=1) ave= 4.213E-05 +/- 5.69 % S(l=2) ave= 2.767E-04 +/- 16.76 % S(l=3) ave= 0.000E+00 +/- 0.00 % 
 ... random file  115 Cap(th)  ave= 2.576E+00 b. +/- 0.42 % || Ela(th) ave= 1.202E+01 b. +/- 5.26 % || RIcap ave= 1.28E+00 b. +/- 0.36 % || Macs30 ave= 1.21E-02 b. +/- 1.25 % || Gn^0(l=0) ave= 5.865E+00 +/- 0.17 % Gn^0(l=1) ave= 4.636E-01 +/- 5.68 % Gn^0(l=2) ave= 3.626E+00 +/- 16.73 % Gn^0(l=3) ave= 0.000E+00 +/- 0.00 % || Gtotal(l=0) ave= 0.000E+00 +/- 0.00 % Gtotal(l=1) ave= 0.000E+00 +/- 0.00 % Gtotal(l=2) ave= 0.000E+00 +/- 0.00 % Gtotal(l=3) ave= 0.000E+00 +/- 0.00 %  % || Gg(l=0) ave= 1.038E+00 +/- 0.89 % Gg(l=1) ave= 5.273E-01 +/- 0.47 % Gg(l=2) ave= 7.579E-01 +/- 0.46 % Gg(l=3) ave= 0.000E+00 +/- 0.00 %  % || D(l=0) ave= 2.656E+04 +/- 0.00 % D(l=1) ave= 6.071E+03 +/- 0.00 % D(l=2) ave= 6.693E+03 +/- 0.00 % D(l=3) ave= 0.000E+00 +/- 0.00 %  % || S(l=0) ave= 2.277E-04 +/- 0.17 % S(l=1) ave= 4.211E-05 +/- 5.68 % S(l=2) ave= 2.767E-04 +/- 16.69 % S(l=3) ave= 0.000E+00 +/- 0.00 % 
 ... random file  116 Cap(th)  ave= 2.576E+00 b. +/- 0.43 % || Ela(th) ave= 1.202E+01 b. +/- 5.24 % || RIcap ave= 1.28E+00 b. +/- 0.36 % || Macs30 ave= 1.21E-02 b. +/- 1.25 % || Gn^0(l=0) ave= 5.865E+00 +/- 0.17 % Gn^0(l=1) ave= 4.641E-01 +/- 5.75 % Gn^0(l=2) ave= 3.620E+00 +/- 16.79 % Gn^0(l=3) ave= 0.000E+00 +/- 0.00 % || Gtotal(l=0) ave= 0.000E+00 +/- 0.00 % Gtotal(l=1) ave= 0.000E+00 +/- 0.00 % Gtotal(l=2) ave= 0.000E+00 +/- 0.00 % Gtotal(l=3) ave= 0.000E+00 +/- 0.00 %  % || Gg(l=0) ave= 1.038E+00 +/- 0.88 % Gg(l=1) ave= 5.273E-01 +/- 0.46 % Gg(l=2) ave= 7.579E-01 +/- 0.46 % Gg(l=3) ave= 0.000E+00 +/- 0.00 %  % || D(l=0) ave= 2.656E+04 +/- 0.00 % D(l=1) ave= 6.071E+03 +/- 0.00 % D(l=2) ave= 6.693E+03 +/- 0.00 % D(l=3) ave= 0.000E+00 +/- 0.00 %  % || S(l=0) ave= 2.277E-04 +/- 0.17 % S(l=1) ave= 4.215E-05 +/- 5.75 % S(l=2) ave= 2.762E-04 +/- 16.74 % S(l=3) ave= 0.000E+00 +/- 0.00 % 
 ... random file  117 Cap(th)  ave= 2.576E+00 b. +/- 0.43 % || Ela(th) ave= 1.202E+01 b. +/- 5.22 % || RIcap ave= 1.28E+00 b. +/- 0.36 % || Macs30 ave= 1.21E-02 b. +/- 1.25 % || Gn^0(l=0) ave= 5.865E+00 +/- 0.17 % Gn^0(l=1) ave= 4.637E-01 +/- 5.79 % Gn^0(l=2) ave= 3.612E+00 +/- 16.93 % Gn^0(l=3) ave= 0.000E+00 +/- 0.00 % || Gtotal(l=0) ave= 0.000E+00 +/- 0.00 % Gtotal(l=1) ave= 0.000E+00 +/- 0.00 % Gtotal(l=2) ave= 0.000E+00 +/- 0.00 % Gtotal(l=3) ave= 0.000E+00 +/- 0.00 %  % || Gg(l=0) ave= 1.038E+00 +/- 0.88 % Gg(l=1) ave= 5.273E-01 +/- 0.46 % Gg(l=2) ave= 7.579E-01 +/- 0.46 % Gg(l=3) ave= 0.000E+00 +/- 0.00 %  % || D(l=0) ave= 2.656E+04 +/- 0.00 % D(l=1) ave= 6.071E+03 +/- 0.00 % D(l=2) ave= 6.693E+03 +/- 0.00 % D(l=3) ave= 0.000E+00 +/- 0.00 %  % || S(l=0) ave= 2.277E-04 +/- 0.17 % S(l=1) ave= 4.212E-05 +/- 5.79 % S(l=2) ave= 2.756E-04 +/- 16.88 % S(l=3) ave= 0.000E+00 +/- 0.00 % 
 ... random file  118 Cap(th)  ave= 2.576E+00 b. +/- 0.43 % || Ela(th) ave= 1.202E+01 b. +/- 5.21 % || RIcap ave= 1.28E+00 b. +/- 0.36 % || Macs30 ave= 1.21E-02 b. +/- 1.25 % || Gn^0(l=0) ave= 5.865E+00 +/- 0.17 % Gn^0(l=1) ave= 4.644E-01 +/- 5.99 % Gn^0(l=2) ave= 3.627E+00 +/- 17.35 % Gn^0(l=3) ave= 0.000E+00 +/- 0.00 % || Gtotal(l=0) ave= 0.000E+00 +/- 0.00 % Gtotal(l=1) ave= 0.000E+00 +/- 0.00 % Gtotal(l=2) ave= 0.000E+00 +/- 0.00 % Gtotal(l=3) ave= 0.000E+00 +/- 0.00 %  % || Gg(l=0) ave= 1.038E+00 +/- 0.88 % Gg(l=1) ave= 5.272E-01 +/- 0.46 % Gg(l=2) ave= 7.579E-01 +/- 0.45 % Gg(l=3) ave= 0.000E+00 +/- 0.00 %  % || D(l=0) ave= 2.656E+04 +/- 0.00 % D(l=1) ave= 6.071E+03 +/- 0.00 % D(l=2) ave= 6.693E+03 +/- 0.00 % D(l=3) ave= 0.000E+00 +/- 0.00 %  % || S(l=0) ave= 2.277E-04 +/- 0.17 % S(l=1) ave= 4.218E-05 +/- 5.99 % S(l=2) ave= 2.767E-04 +/- 17.31 % S(l=3) ave= 0.000E+00 +/- 0.00 % 
 ... random file  119 Cap(th)  ave= 2.576E+00 b. +/- 0.43 % || Ela(th) ave= 1.202E+01 b. +/- 5.19 % || RIcap ave= 1.28E+00 b. +/- 0.36 % || Macs30 ave= 1.21E-02 b. +/- 1.24 % || Gn^0(l=0) ave= 5.865E+00 +/- 0.17 % Gn^0(l=1) ave= 4.647E-01 +/- 5.99 % Gn^0(l=2) ave= 3.623E+00 +/- 17.34 % Gn^0(l=3) ave= 0.000E+00 +/- 0.00 % || Gtotal(l=0) ave= 0.000E+00 +/- 0.00 % Gtotal(l=1) ave= 0.000E+00 +/- 0.00 % Gtotal(l=2) ave= 0.000E+00 +/- 0.00 % Gtotal(l=3) ave= 0.000E+00 +/- 0.00 %  % || Gg(l=0) ave= 1.039E+00 +/- 0.89 % Gg(l=1) ave= 5.272E-01 +/- 0.46 % Gg(l=2) ave= 7.579E-01 +/- 0.45 % Gg(l=3) ave= 0.000E+00 +/- 0.00 %  % || D(l=0) ave= 2.656E+04 +/- 0.00 % D(l=1) ave= 6.071E+03 +/- 0.00 % D(l=2) ave= 6.693E+03 +/- 0.00 % D(l=3) ave= 0.000E+00 +/- 0.00 %  % || S(l=0) ave= 2.277E-04 +/- 0.17 % S(l=1) ave= 4.221E-05 +/- 5.99 % S(l=2) ave= 2.764E-04 +/- 17.29 % S(l=3) ave= 0.000E+00 +/- 0.00 % 
 ... random file  120 Cap(th)  ave= 2.576E+00 b. +/- 0.43 % || Ela(th) ave= 1.202E+01 b. +/- 5.17 % || RIcap ave= 1.28E+00 b. +/- 0.36 % || Macs30 ave= 1.21E-02 b. +/- 1.24 % || Gn^0(l=0) ave= 5.865E+00 +/- 0.17 % Gn^0(l=1) ave= 4.648E-01 +/- 5.97 % Gn^0(l=2) ave= 3.621E+00 +/- 17.29 % Gn^0(l=3) ave= 0.000E+00 +/- 0.00 % || Gtotal(l=0) ave= 0.000E+00 +/- 0.00 % Gtotal(l=1) ave= 0.000E+00 +/- 0.00 % Gtotal(l=2) ave= 0.000E+00 +/- 0.00 % Gtotal(l=3) ave= 0.000E+00 +/- 0.00 %  % || Gg(l=0) ave= 1.039E+00 +/- 0.88 % Gg(l=1) ave= 5.272E-01 +/- 0.46 % Gg(l=2) ave= 7.579E-01 +/- 0.45 % Gg(l=3) ave= 0.000E+00 +/- 0.00 %  % || D(l=0) ave= 2.656E+04 +/- 0.00 % D(l=1) ave= 6.071E+03 +/- 0.00 % D(l=2) ave= 6.693E+03 +/- 0.00 % D(l=3) ave= 0.000E+00 +/- 0.00 %  % || S(l=0) ave= 2.277E-04 +/- 0.17 % S(l=1) ave= 4.222E-05 +/- 5.97 % S(l=2) ave= 2.762E-04 +/- 17.24 % S(l=3) ave= 0.000E+00 +/- 0.00 % 
 ... random file  121 Cap(th)  ave= 2.576E+00 b. +/- 0.43 % || Ela(th) ave= 1.202E+01 b. +/- 5.15 % || RIcap ave= 1.28E+00 b. +/- 0.36 % || Macs30 ave= 1.21E-02 b. +/- 1.24 % || Gn^0(l=0) ave= 5.865E+00 +/- 0.17 % Gn^0(l=1) ave= 4.649E-01 +/- 5.95 % Gn^0(l=2) ave= 3.616E+00 +/- 17.29 % Gn^0(l=3) ave= 0.000E+00 +/- 0.00 % || Gtotal(l=0) ave= 0.000E+00 +/- 0.00 % Gtotal(l=1) ave= 0.000E+00 +/- 0.00 % Gtotal(l=2) ave= 0.000E+00 +/- 0.00 % Gtotal(l=3) ave= 0.000E+00 +/- 0.00 %  % || Gg(l=0) ave= 1.039E+00 +/- 0.90 % Gg(l=1) ave= 5.272E-01 +/- 0.46 % Gg(l=2) ave= 7.579E-01 +/- 0.45 % Gg(l=3) ave= 0.000E+00 +/- 0.00 %  % || D(l=0) ave= 2.656E+04 +/- 0.00 % D(l=1) ave= 6.071E+03 +/- 0.00 % D(l=2) ave= 6.693E+03 +/- 0.00 % D(l=3) ave= 0.000E+00 +/- 0.00 %  % || S(l=0) ave= 2.277E-04 +/- 0.17 % S(l=1) ave= 4.222E-05 +/- 5.95 % S(l=2) ave= 2.759E-04 +/- 17.25 % S(l=3) ave= 0.000E+00 +/- 0.00 % 
 ... random file  122 Cap(th)  ave= 2.575E+00 b. +/- 0.43 % || Ela(th) ave= 1.203E+01 b. +/- 5.17 % || RIcap ave= 1.28E+00 b. +/- 0.37 % || Macs30 ave= 1.21E-02 b. +/- 1.25 % || Gn^0(l=0) ave= 5.865E+00 +/- 0.17 % Gn^0(l=1) ave= 4.646E-01 +/- 5.96 % Gn^0(l=2) ave= 3.619E+00 +/- 17.23 % Gn^0(l=3) ave= 0.000E+00 +/- 0.00 % || Gtotal(l=0) ave= 0.000E+00 +/- 0.00 % Gtotal(l=1) ave= 0.000E+00 +/- 0.00 % Gtotal(l=2) ave= 0.000E+00 +/- 0.00 % Gtotal(l=3) ave= 0.000E+00 +/- 0.00 %  % || Gg(l=0) ave= 1.039E+00 +/- 0.91 % Gg(l=1) ave= 5.272E-01 +/- 0.46 % Gg(l=2) ave= 7.579E-01 +/- 0.45 % Gg(l=3) ave= 0.000E+00 +/- 0.00 %  % || D(l=0) ave= 2.656E+04 +/- 0.00 % D(l=1) ave= 6.071E+03 +/- 0.00 % D(l=2) ave= 6.693E+03 +/- 0.00 % D(l=3) ave= 0.000E+00 +/- 0.00 %  % || S(l=0) ave= 2.277E-04 +/- 0.17 % S(l=1) ave= 4.220E-05 +/- 5.96 % S(l=2) ave= 2.761E-04 +/- 17.19 % S(l=3) ave= 0.000E+00 +/- 0.00 % 
 ... random file  123 Cap(th)  ave= 2.575E+00 b. +/- 0.43 % || Ela(th) ave= 1.202E+01 b. +/- 5.16 % || RIcap ave= 1.28E+00 b. +/- 0.37 % || Macs30 ave= 1.21E-02 b. +/- 1.27 % || Gn^0(l=0) ave= 5.865E+00 +/- 0.17 % Gn^0(l=1) ave= 4.645E-01 +/- 5.94 % Gn^0(l=2) ave= 3.627E+00 +/- 17.30 % Gn^0(l=3) ave= 0.000E+00 +/- 0.00 % || Gtotal(l=0) ave= 0.000E+00 +/- 0.00 % Gtotal(l=1) ave= 0.000E+00 +/- 0.00 % Gtotal(l=2) ave= 0.000E+00 +/- 0.00 % Gtotal(l=3) ave= 0.000E+00 +/- 0.00 %  % || Gg(l=0) ave= 1.039E+00 +/- 0.91 % Gg(l=1) ave= 5.272E-01 +/- 0.46 % Gg(l=2) ave= 7.579E-01 +/- 0.45 % Gg(l=3) ave= 0.000E+00 +/- 0.00 %  % || D(l=0) ave= 2.656E+04 +/- 0.00 % D(l=1) ave= 6.071E+03 +/- 0.00 % D(l=2) ave= 6.693E+03 +/- 0.00 % D(l=3) ave= 0.000E+00 +/- 0.00 %  % || S(l=0) ave= 2.277E-04 +/- 0.17 % S(l=1) ave= 4.219E-05 +/- 5.94 % S(l=2) ave= 2.767E-04 +/- 17.25 % S(l=3) ave= 0.000E+00 +/- 0.00 % 
 ... random file  124 Cap(th)  ave= 2.575E+00 b. +/- 0.43 % || Ela(th) ave= 1.202E+01 b. +/- 5.15 % || RIcap ave= 1.28E+00 b. +/- 0.37 % || Macs30 ave= 1.21E-02 b. +/- 1.27 % || Gn^0(l=0) ave= 5.865E+00 +/- 0.17 % Gn^0(l=1) ave= 4.643E-01 +/- 5.93 % Gn^0(l=2) ave= 3.640E+00 +/- 17.64 % Gn^0(l=3) ave= 0.000E+00 +/- 0.00 % || Gtotal(l=0) ave= 0.000E+00 +/- 0.00 % Gtotal(l=1) ave= 0.000E+00 +/- 0.00 % Gtotal(l=2) ave= 0.000E+00 +/- 0.00 % Gtotal(l=3) ave= 0.000E+00 +/- 0.00 %  % || Gg(l=0) ave= 1.039E+00 +/- 0.91 % Gg(l=1) ave= 5.272E-01 +/- 0.46 % Gg(l=2) ave= 7.579E-01 +/- 0.45 % Gg(l=3) ave= 0.000E+00 +/- 0.00 %  % || D(l=0) ave= 2.656E+04 +/- 0.00 % D(l=1) ave= 6.071E+03 +/- 0.00 % D(l=2) ave= 6.693E+03 +/- 0.00 % D(l=3) ave= 0.000E+00 +/- 0.00 %  % || S(l=0) ave= 2.277E-04 +/- 0.17 % S(l=1) ave= 4.217E-05 +/- 5.93 % S(l=2) ave= 2.777E-04 +/- 17.59 % S(l=3) ave= 0.000E+00 +/- 0.00 % 
 ... random file  125 Cap(th)  ave= 2.575E+00 b. +/- 0.43 % || Ela(th) ave= 1.202E+01 b. +/- 5.15 % || RIcap ave= 1.28E+00 b. +/- 0.37 % || Macs30 ave= 1.21E-02 b. +/- 1.27 % || Gn^0(l=0) ave= 5.865E+00 +/- 0.17 % Gn^0(l=1) ave= 4.642E-01 +/- 5.92 % Gn^0(l=2) ave= 3.641E+00 +/- 17.57 % Gn^0(l=3) ave= 0.000E+00 +/- 0.00 % || Gtotal(l=0) ave= 0.000E+00 +/- 0.00 % Gtotal(l=1) ave= 0.000E+00 +/- 0.00 % Gtotal(l=2) ave= 0.000E+00 +/- 0.00 % Gtotal(l=3) ave= 0.000E+00 +/- 0.00 %  % || Gg(l=0) ave= 1.039E+00 +/- 0.90 % Gg(l=1) ave= 5.273E-01 +/- 0.46 % Gg(l=2) ave= 7.579E-01 +/- 0.45 % Gg(l=3) ave= 0.000E+00 +/- 0.00 %  % || D(l=0) ave= 2.656E+04 +/- 0.00 % D(l=1) ave= 6.071E+03 +/- 0.00 % D(l=2) ave= 6.693E+03 +/- 0.00 % D(l=3) ave= 0.000E+00 +/- 0.00 %  % || S(l=0) ave= 2.277E-04 +/- 0.17 % S(l=1) ave= 4.216E-05 +/- 5.92 % S(l=2) ave= 2.778E-04 +/- 17.52 % S(l=3) ave= 0.000E+00 +/- 0.00 % 
 ... random file  126 Cap(th)  ave= 2.575E+00 b. +/- 0.43 % || Ela(th) ave= 1.202E+01 b. +/- 5.17 % || RIcap ave= 1.28E+00 b. +/- 0.37 % || Macs30 ave= 1.21E-02 b. +/- 1.27 % || Gn^0(l=0) ave= 5.865E+00 +/- 0.17 % Gn^0(l=1) ave= 4.641E-01 +/- 5.91 % Gn^0(l=2) ave= 3.642E+00 +/- 17.50 % Gn^0(l=3) ave= 0.000E+00 +/- 0.00 % || Gtotal(l=0) ave= 0.000E+00 +/- 0.00 % Gtotal(l=1) ave= 0.000E+00 +/- 0.00 % Gtotal(l=2) ave= 0.000E+00 +/- 0.00 % Gtotal(l=3) ave= 0.000E+00 +/- 0.00 %  % || Gg(l=0) ave= 1.039E+00 +/- 0.90 % Gg(l=1) ave= 5.272E-01 +/- 0.47 % Gg(l=2) ave= 7.579E-01 +/- 0.44 % Gg(l=3) ave= 0.000E+00 +/- 0.00 %  % || D(l=0) ave= 2.656E+04 +/- 0.00 % D(l=1) ave= 6.071E+03 +/- 0.00 % D(l=2) ave= 6.693E+03 +/- 0.00 % D(l=3) ave= 0.000E+00 +/- 0.00 %  % || S(l=0) ave= 2.277E-04 +/- 0.17 % S(l=1) ave= 4.215E-05 +/- 5.90 % S(l=2) ave= 2.779E-04 +/- 17.45 % S(l=3) ave= 0.000E+00 +/- 0.00 % 
 ... random file  127 Cap(th)  ave= 2.575E+00 b. +/- 0.44 % || Ela(th) ave= 1.201E+01 b. +/- 5.23 % || RIcap ave= 1.28E+00 b. +/- 0.37 % || Macs30 ave= 1.21E-02 b. +/- 1.27 % || Gn^0(l=0) ave= 5.865E+00 +/- 0.17 % Gn^0(l=1) ave= 4.638E-01 +/- 5.92 % Gn^0(l=2) ave= 3.638E+00 +/- 17.49 % Gn^0(l=3) ave= 0.000E+00 +/- 0.00 % || Gtotal(l=0) ave= 0.000E+00 +/- 0.00 % Gtotal(l=1) ave= 0.000E+00 +/- 0.00 % Gtotal(l=2) ave= 0.000E+00 +/- 0.00 % Gtotal(l=3) ave= 0.000E+00 +/- 0.00 %  % || Gg(l=0) ave= 1.039E+00 +/- 0.90 % Gg(l=1) ave= 5.272E-01 +/- 0.47 % Gg(l=2) ave= 7.579E-01 +/- 0.44 % Gg(l=3) ave= 0.000E+00 +/- 0.00 %  % || D(l=0) ave= 2.656E+04 +/- 0.00 % D(l=1) ave= 6.071E+03 +/- 0.00 % D(l=2) ave= 6.693E+03 +/- 0.00 % D(l=3) ave= 0.000E+00 +/- 0.00 %  % || S(l=0) ave= 2.277E-04 +/- 0.17 % S(l=1) ave= 4.213E-05 +/- 5.92 % S(l=2) ave= 2.776E-04 +/- 17.44 % S(l=3) ave= 0.000E+00 +/- 0.00 % 
 ... random file  128 Cap(th)  ave= 2.575E+00 b. +/- 0.44 % || Ela(th) ave= 1.200E+01 b. +/- 5.24 % || RIcap ave= 1.28E+00 b. +/- 0.37 % || Macs30 ave= 1.21E-02 b. +/- 1.26 % || Gn^0(l=0) ave= 5.865E+00 +/- 0.17 % Gn^0(l=1) ave= 4.639E-01 +/- 5.90 % Gn^0(l=2) ave= 3.647E+00 +/- 17.60 % Gn^0(l=3) ave= 0.000E+00 +/- 0.00 % || Gtotal(l=0) ave= 0.000E+00 +/- 0.00 % Gtotal(l=1) ave= 0.000E+00 +/- 0.00 % Gtotal(l=2) ave= 0.000E+00 +/- 0.00 % Gtotal(l=3) ave= 0.000E+00 +/- 0.00 %  % || Gg(l=0) ave= 1.039E+00 +/- 0.90 % Gg(l=1) ave= 5.272E-01 +/- 0.46 % Gg(l=2) ave= 7.579E-01 +/- 0.44 % Gg(l=3) ave= 0.000E+00 +/- 0.00 %  % || D(l=0) ave= 2.656E+04 +/- 0.00 % D(l=1) ave= 6.071E+03 +/- 0.00 % D(l=2) ave= 6.693E+03 +/- 0.00 % D(l=3) ave= 0.000E+00 +/- 0.00 %  % || S(l=0) ave= 2.277E-04 +/- 0.17 % S(l=1) ave= 4.214E-05 +/- 5.90 % S(l=2) ave= 2.783E-04 +/- 17.55 % S(l=3) ave= 0.000E+00 +/- 0.00 % 
 ... random file  129 Cap(th)  ave= 2.575E+00 b. +/- 0.44 % || Ela(th) ave= 1.201E+01 b. +/- 5.33 % || RIcap ave= 1.28E+00 b. +/- 0.37 % || Macs30 ave= 1.21E-02 b. +/- 1.26 % || Gn^0(l=0) ave= 5.865E+00 +/- 0.17 % Gn^0(l=1) ave= 4.635E-01 +/- 5.95 % Gn^0(l=2) ave= 3.648E+00 +/- 17.53 % Gn^0(l=3) ave= 0.000E+00 +/- 0.00 % || Gtotal(l=0) ave= 0.000E+00 +/- 0.00 % Gtotal(l=1) ave= 0.000E+00 +/- 0.00 % Gtotal(l=2) ave= 0.000E+00 +/- 0.00 % Gtotal(l=3) ave= 0.000E+00 +/- 0.00 %  % || Gg(l=0) ave= 1.039E+00 +/- 0.89 % Gg(l=1) ave= 5.272E-01 +/- 0.46 % Gg(l=2) ave= 7.579E-01 +/- 0.44 % Gg(l=3) ave= 0.000E+00 +/- 0.00 %  % || D(l=0) ave= 2.656E+04 +/- 0.00 % D(l=1) ave= 6.071E+03 +/- 0.00 % D(l=2) ave= 6.693E+03 +/- 0.00 % D(l=3) ave= 0.000E+00 +/- 0.00 %  % || S(l=0) ave= 2.277E-04 +/- 0.17 % S(l=1) ave= 4.210E-05 +/- 5.95 % S(l=2) ave= 2.784E-04 +/- 17.48 % S(l=3) ave= 0.000E+00 +/- 0.00 % 
 ... random file  130 Cap(th)  ave= 2.575E+00 b. +/- 0.43 % || Ela(th) ave= 1.202E+01 b. +/- 5.35 % || RIcap ave= 1.28E+00 b. +/- 0.37 % || Macs30 ave= 1.21E-02 b. +/- 1.25 % || Gn^0(l=0) ave= 5.865E+00 +/- 0.17 % Gn^0(l=1) ave= 4.637E-01 +/- 5.93 % Gn^0(l=2) ave= 3.646E+00 +/- 17.49 % Gn^0(l=3) ave= 0.000E+00 +/- 0.00 % || Gtotal(l=0) ave= 0.000E+00 +/- 0.00 % Gtotal(l=1) ave= 0.000E+00 +/- 0.00 % Gtotal(l=2) ave= 0.000E+00 +/- 0.00 % Gtotal(l=3) ave= 0.000E+00 +/- 0.00 %  % || Gg(l=0) ave= 1.039E+00 +/- 0.89 % Gg(l=1) ave= 5.272E-01 +/- 0.46 % Gg(l=2) ave= 7.579E-01 +/- 0.44 % Gg(l=3) ave= 0.000E+00 +/- 0.00 %  % || D(l=0) ave= 2.656E+04 +/- 0.00 % D(l=1) ave= 6.071E+03 +/- 0.00 % D(l=2) ave= 6.693E+03 +/- 0.00 % D(l=3) ave= 0.000E+00 +/- 0.00 %  % || S(l=0) ave= 2.277E-04 +/- 0.17 % S(l=1) ave= 4.211E-05 +/- 5.93 % S(l=2) ave= 2.782E-04 +/- 17.45 % S(l=3) ave= 0.000E+00 +/- 0.00 % 
 ... random file  131 Cap(th)  ave= 2.575E+00 b. +/- 0.43 % || Ela(th) ave= 1.202E+01 b. +/- 5.35 % || RIcap ave= 1.28E+00 b. +/- 0.37 % || Macs30 ave= 1.21E-02 b. +/- 1.25 % || Gn^0(l=0) ave= 5.865E+00 +/- 0.17 % Gn^0(l=1) ave= 4.638E-01 +/- 5.92 % Gn^0(l=2) ave= 3.646E+00 +/- 17.43 % Gn^0(l=3) ave= 0.000E+00 +/- 0.00 % || Gtotal(l=0) ave= 0.000E+00 +/- 0.00 % Gtotal(l=1) ave= 0.000E+00 +/- 0.00 % Gtotal(l=2) ave= 0.000E+00 +/- 0.00 % Gtotal(l=3) ave= 0.000E+00 +/- 0.00 %  % || Gg(l=0) ave= 1.039E+00 +/- 0.89 % Gg(l=1) ave= 5.272E-01 +/- 0.46 % Gg(l=2) ave= 7.579E-01 +/- 0.44 % Gg(l=3) ave= 0.000E+00 +/- 0.00 %  % || D(l=0) ave= 2.656E+04 +/- 0.00 % D(l=1) ave= 6.071E+03 +/- 0.00 % D(l=2) ave= 6.693E+03 +/- 0.00 % D(l=3) ave= 0.000E+00 +/- 0.00 %  % || S(l=0) ave= 2.277E-04 +/- 0.17 % S(l=1) ave= 4.213E-05 +/- 5.91 % S(l=2) ave= 2.782E-04 +/- 17.38 % S(l=3) ave= 0.000E+00 +/- 0.00 % 
 ... random file  132 Cap(th)  ave= 2.575E+00 b. +/- 0.43 % || Ela(th) ave= 1.203E+01 b. +/- 5.33 % || RIcap ave= 1.28E+00 b. +/- 0.37 % || Macs30 ave= 1.21E-02 b. +/- 1.24 % || Gn^0(l=0) ave= 5.865E+00 +/- 0.17 % Gn^0(l=1) ave= 4.639E-01 +/- 5.90 % Gn^0(l=2) ave= 3.645E+00 +/- 17.37 % Gn^0(l=3) ave= 0.000E+00 +/- 0.00 % || Gtotal(l=0) ave= 0.000E+00 +/- 0.00 % Gtotal(l=1) ave= 0.000E+00 +/- 0.00 % Gtotal(l=2) ave= 0.000E+00 +/- 0.00 % Gtotal(l=3) ave= 0.000E+00 +/- 0.00 %  % || Gg(l=0) ave= 1.039E+00 +/- 0.90 % Gg(l=1) ave= 5.272E-01 +/- 0.46 % Gg(l=2) ave= 7.580E-01 +/- 0.44 % Gg(l=3) ave= 0.000E+00 +/- 0.00 %  % || D(l=0) ave= 2.656E+04 +/- 0.00 % D(l=1) ave= 6.071E+03 +/- 0.00 % D(l=2) ave= 6.693E+03 +/- 0.00 % D(l=3) ave= 0.000E+00 +/- 0.00 %  % || S(l=0) ave= 2.277E-04 +/- 0.17 % S(l=1) ave= 4.214E-05 +/- 5.90 % S(l=2) ave= 2.781E-04 +/- 17.33 % S(l=3) ave= 0.000E+00 +/- 0.00 % 
 ... random file  133 Cap(th)  ave= 2.575E+00 b. +/- 0.43 % || Ela(th) ave= 1.203E+01 b. +/- 5.31 % || RIcap ave= 1.28E+00 b. +/- 0.37 % || Macs30 ave= 1.21E-02 b. +/- 1.24 % || Gn^0(l=0) ave= 5.865E+00 +/- 0.17 % Gn^0(l=1) ave= 4.643E-01 +/- 5.93 % Gn^0(l=2) ave= 3.644E+00 +/- 17.31 % Gn^0(l=3) ave= 0.000E+00 +/- 0.00 % || Gtotal(l=0) ave= 0.000E+00 +/- 0.00 % Gtotal(l=1) ave= 0.000E+00 +/- 0.00 % Gtotal(l=2) ave= 0.000E+00 +/- 0.00 % Gtotal(l=3) ave= 0.000E+00 +/- 0.00 %  % || Gg(l=0) ave= 1.039E+00 +/- 0.90 % Gg(l=1) ave= 5.272E-01 +/- 0.46 % Gg(l=2) ave= 7.580E-01 +/- 0.44 % Gg(l=3) ave= 0.000E+00 +/- 0.00 %  % || D(l=0) ave= 2.656E+04 +/- 0.00 % D(l=1) ave= 6.071E+03 +/- 0.00 % D(l=2) ave= 6.693E+03 +/- 0.00 % D(l=3) ave= 0.000E+00 +/- 0.00 %  % || S(l=0) ave= 2.277E-04 +/- 0.17 % S(l=1) ave= 4.217E-05 +/- 5.93 % S(l=2) ave= 2.780E-04 +/- 17.27 % S(l=3) ave= 0.000E+00 +/- 0.00 % 
 ... random file  134 Cap(th)  ave= 2.575E+00 b. +/- 0.43 % || Ela(th) ave= 1.203E+01 b. +/- 5.33 % || RIcap ave= 1.28E+00 b. +/- 0.37 % || Macs30 ave= 1.21E-02 b. +/- 1.24 % || Gn^0(l=0) ave= 5.865E+00 +/- 0.17 % Gn^0(l=1) ave= 4.642E-01 +/- 5.91 % Gn^0(l=2) ave= 3.641E+00 +/- 17.29 % Gn^0(l=3) ave= 0.000E+00 +/- 0.00 % || Gtotal(l=0) ave= 0.000E+00 +/- 0.00 % Gtotal(l=1) ave= 0.000E+00 +/- 0.00 % Gtotal(l=2) ave= 0.000E+00 +/- 0.00 % Gtotal(l=3) ave= 0.000E+00 +/- 0.00 %  % || Gg(l=0) ave= 1.039E+00 +/- 0.89 % Gg(l=1) ave= 5.272E-01 +/- 0.46 % Gg(l=2) ave= 7.579E-01 +/- 0.44 % Gg(l=3) ave= 0.000E+00 +/- 0.00 %  % || D(l=0) ave= 2.656E+04 +/- 0.00 % D(l=1) ave= 6.071E+03 +/- 0.00 % D(l=2) ave= 6.693E+03 +/- 0.00 % D(l=3) ave= 0.000E+00 +/- 0.00 %  % || S(l=0) ave= 2.277E-04 +/- 0.17 % S(l=1) ave= 4.216E-05 +/- 5.91 % S(l=2) ave= 2.778E-04 +/- 17.25 % S(l=3) ave= 0.000E+00 +/- 0.00 % 
 ... random file  135 Cap(th)  ave= 2.575E+00 b. +/- 0.43 % || Ela(th) ave= 1.204E+01 b. +/- 5.31 % || RIcap ave= 1.28E+00 b. +/- 0.36 % || Macs30 ave= 1.21E-02 b. +/- 1.24 % || Gn^0(l=0) ave= 5.865E+00 +/- 0.17 % Gn^0(l=1) ave= 4.638E-01 +/- 6.00 % Gn^0(l=2) ave= 3.633E+00 +/- 17.43 % Gn^0(l=3) ave= 0.000E+00 +/- 0.00 % || Gtotal(l=0) ave= 0.000E+00 +/- 0.00 % Gtotal(l=1) ave= 0.000E+00 +/- 0.00 % Gtotal(l=2) ave= 0.000E+00 +/- 0.00 % Gtotal(l=3) ave= 0.000E+00 +/- 0.00 %  % || Gg(l=0) ave= 1.039E+00 +/- 0.89 % Gg(l=1) ave= 5.272E-01 +/- 0.46 % Gg(l=2) ave= 7.579E-01 +/- 0.44 % Gg(l=3) ave= 0.000E+00 +/- 0.00 %  % || D(l=0) ave= 2.656E+04 +/- 0.00 % D(l=1) ave= 6.071E+03 +/- 0.00 % D(l=2) ave= 6.693E+03 +/- 0.00 % D(l=3) ave= 0.000E+00 +/- 0.00 %  % || S(l=0) ave= 2.277E-04 +/- 0.17 % S(l=1) ave= 4.212E-05 +/- 6.00 % S(l=2) ave= 2.772E-04 +/- 17.39 % S(l=3) ave= 0.000E+00 +/- 0.00 % 
 ... random file  136 Cap(th)  ave= 2.576E+00 b. +/- 0.43 % || Ela(th) ave= 1.204E+01 b. +/- 5.33 % || RIcap ave= 1.28E+00 b. +/- 0.37 % || Macs30 ave= 1.21E-02 b. +/- 1.23 % || Gn^0(l=0) ave= 5.865E+00 +/- 0.17 % Gn^0(l=1) ave= 4.637E-01 +/- 5.98 % Gn^0(l=2) ave= 3.627E+00 +/- 17.52 % Gn^0(l=3) ave= 0.000E+00 +/- 0.00 % || Gtotal(l=0) ave= 0.000E+00 +/- 0.00 % Gtotal(l=1) ave= 0.000E+00 +/- 0.00 % Gtotal(l=2) ave= 0.000E+00 +/- 0.00 % Gtotal(l=3) ave= 0.000E+00 +/- 0.00 %  % || Gg(l=0) ave= 1.039E+00 +/- 0.89 % Gg(l=1) ave= 5.272E-01 +/- 0.46 % Gg(l=2) ave= 7.579E-01 +/- 0.44 % Gg(l=3) ave= 0.000E+00 +/- 0.00 %  % || D(l=0) ave= 2.656E+04 +/- 0.00 % D(l=1) ave= 6.071E+03 +/- 0.00 % D(l=2) ave= 6.693E+03 +/- 0.00 % D(l=3) ave= 0.000E+00 +/- 0.00 %  % || S(l=0) ave= 2.277E-04 +/- 0.17 % S(l=1) ave= 4.212E-05 +/- 5.98 % S(l=2) ave= 2.767E-04 +/- 17.48 % S(l=3) ave= 0.000E+00 +/- 0.00 % 
 ... random file  137 Cap(th)  ave= 2.576E+00 b. +/- 0.43 % || Ela(th) ave= 1.204E+01 b. +/- 5.32 % || RIcap ave= 1.28E+00 b. +/- 0.36 % || Macs30 ave= 1.21E-02 b. +/- 1.23 % || Gn^0(l=0) ave= 5.865E+00 +/- 0.17 % Gn^0(l=1) ave= 4.634E-01 +/- 6.00 % Gn^0(l=2) ave= 3.623E+00 +/- 17.52 % Gn^0(l=3) ave= 0.000E+00 +/- 0.00 % || Gtotal(l=0) ave= 0.000E+00 +/- 0.00 % Gtotal(l=1) ave= 0.000E+00 +/- 0.00 % Gtotal(l=2) ave= 0.000E+00 +/- 0.00 % Gtotal(l=3) ave= 0.000E+00 +/- 0.00 %  % || Gg(l=0) ave= 1.039E+00 +/- 0.89 % Gg(l=1) ave= 5.272E-01 +/- 0.46 % Gg(l=2) ave= 7.578E-01 +/- 0.44 % Gg(l=3) ave= 0.000E+00 +/- 0.00 %  % || D(l=0) ave= 2.656E+04 +/- 0.00 % D(l=1) ave= 6.071E+03 +/- 0.00 % D(l=2) ave= 6.693E+03 +/- 0.00 % D(l=3) ave= 0.000E+00 +/- 0.00 %  % || S(l=0) ave= 2.277E-04 +/- 0.17 % S(l=1) ave= 4.209E-05 +/- 6.00 % S(l=2) ave= 2.764E-04 +/- 17.47 % S(l=3) ave= 0.000E+00 +/- 0.00 % 
 ... random file  138 Cap(th)  ave= 2.576E+00 b. +/- 0.43 % || Ela(th) ave= 1.204E+01 b. +/- 5.33 % || RIcap ave= 1.28E+00 b. +/- 0.36 % || Macs30 ave= 1.21E-02 b. +/- 1.22 % || Gn^0(l=0) ave= 5.865E+00 +/- 0.17 % Gn^0(l=1) ave= 4.635E-01 +/- 5.98 % Gn^0(l=2) ave= 3.622E+00 +/- 17.46 % Gn^0(l=3) ave= 0.000E+00 +/- 0.00 % || Gtotal(l=0) ave= 0.000E+00 +/- 0.00 % Gtotal(l=1) ave= 0.000E+00 +/- 0.00 % Gtotal(l=2) ave= 0.000E+00 +/- 0.00 % Gtotal(l=3) ave= 0.000E+00 +/- 0.00 %  % || Gg(l=0) ave= 1.039E+00 +/- 0.89 % Gg(l=1) ave= 5.272E-01 +/- 0.46 % Gg(l=2) ave= 7.578E-01 +/- 0.44 % Gg(l=3) ave= 0.000E+00 +/- 0.00 %  % || D(l=0) ave= 2.656E+04 +/- 0.00 % D(l=1) ave= 6.071E+03 +/- 0.00 % D(l=2) ave= 6.693E+03 +/- 0.00 % D(l=3) ave= 0.000E+00 +/- 0.00 %  % || S(l=0) ave= 2.277E-04 +/- 0.17 % S(l=1) ave= 4.210E-05 +/- 5.98 % S(l=2) ave= 2.763E-04 +/- 17.42 % S(l=3) ave= 0.000E+00 +/- 0.00 % 
 ... random file  139 Cap(th)  ave= 2.576E+00 b. +/- 0.43 % || Ela(th) ave= 1.204E+01 b. +/- 5.31 % || RIcap ave= 1.28E+00 b. +/- 0.36 % || Macs30 ave= 1.21E-02 b. +/- 1.22 % || Gn^0(l=0) ave= 5.865E+00 +/- 0.17 % Gn^0(l=1) ave= 4.634E-01 +/- 5.96 % Gn^0(l=2) ave= 3.617E+00 +/- 17.51 % Gn^0(l=3) ave= 0.000E+00 +/- 0.00 % || Gtotal(l=0) ave= 0.000E+00 +/- 0.00 % Gtotal(l=1) ave= 0.000E+00 +/- 0.00 % Gtotal(l=2) ave= 0.000E+00 +/- 0.00 % Gtotal(l=3) ave= 0.000E+00 +/- 0.00 %  % || Gg(l=0) ave= 1.038E+00 +/- 0.89 % Gg(l=1) ave= 5.272E-01 +/- 0.46 % Gg(l=2) ave= 7.578E-01 +/- 0.44 % Gg(l=3) ave= 0.000E+00 +/- 0.00 %  % || D(l=0) ave= 2.656E+04 +/- 0.00 % D(l=1) ave= 6.071E+03 +/- 0.00 % D(l=2) ave= 6.693E+03 +/- 0.00 % D(l=3) ave= 0.000E+00 +/- 0.00 %  % || S(l=0) ave= 2.277E-04 +/- 0.17 % S(l=1) ave= 4.209E-05 +/- 5.96 % S(l=2) ave= 2.759E-04 +/- 17.46 % S(l=3) ave= 0.000E+00 +/- 0.00 % 
 ... random file  140 Cap(th)  ave= 2.576E+00 b. +/- 0.42 % || Ela(th) ave= 1.203E+01 b. +/- 5.30 % || RIcap ave= 1.28E+00 b. +/- 0.36 % || Macs30 ave= 1.21E-02 b. +/- 1.22 % || Gn^0(l=0) ave= 5.865E+00 +/- 0.17 % Gn^0(l=1) ave= 4.633E-01 +/- 5.94 % Gn^0(l=2) ave= 3.626E+00 +/- 17.68 % Gn^0(l=3) ave= 0.000E+00 +/- 0.00 % || Gtotal(l=0) ave= 0.000E+00 +/- 0.00 % Gtotal(l=1) ave= 0.000E+00 +/- 0.00 % Gtotal(l=2) ave= 0.000E+00 +/- 0.00 % Gtotal(l=3) ave= 0.000E+00 +/- 0.00 %  % || Gg(l=0) ave= 1.038E+00 +/- 0.89 % Gg(l=1) ave= 5.272E-01 +/- 0.46 % Gg(l=2) ave= 7.578E-01 +/- 0.44 % Gg(l=3) ave= 0.000E+00 +/- 0.00 %  % || D(l=0) ave= 2.656E+04 +/- 0.00 % D(l=1) ave= 6.071E+03 +/- 0.00 % D(l=2) ave= 6.693E+03 +/- 0.00 % D(l=3) ave= 0.000E+00 +/- 0.00 %  % || S(l=0) ave= 2.277E-04 +/- 0.17 % S(l=1) ave= 4.208E-05 +/- 5.94 % S(l=2) ave= 2.767E-04 +/- 17.63 % S(l=3) ave= 0.000E+00 +/- 0.00 % 
 ... random file  141 Cap(th)  ave= 2.576E+00 b. +/- 0.42 % || Ela(th) ave= 1.204E+01 b. +/- 5.35 % || RIcap ave= 1.28E+00 b. +/- 0.36 % || Macs30 ave= 1.21E-02 b. +/- 1.22 % || Gn^0(l=0) ave= 5.865E+00 +/- 0.17 % Gn^0(l=1) ave= 4.633E-01 +/- 5.92 % Gn^0(l=2) ave= 3.624E+00 +/- 17.63 % Gn^0(l=3) ave= 0.000E+00 +/- 0.00 % || Gtotal(l=0) ave= 0.000E+00 +/- 0.00 % Gtotal(l=1) ave= 0.000E+00 +/- 0.00 % Gtotal(l=2) ave= 0.000E+00 +/- 0.00 % Gtotal(l=3) ave= 0.000E+00 +/- 0.00 %  % || Gg(l=0) ave= 1.038E+00 +/- 0.89 % Gg(l=1) ave= 5.272E-01 +/- 0.46 % Gg(l=2) ave= 7.578E-01 +/- 0.44 % Gg(l=3) ave= 0.000E+00 +/- 0.00 %  % || D(l=0) ave= 2.656E+04 +/- 0.00 % D(l=1) ave= 6.071E+03 +/- 0.00 % D(l=2) ave= 6.693E+03 +/- 0.00 % D(l=3) ave= 0.000E+00 +/- 0.00 %  % || S(l=0) ave= 2.277E-04 +/- 0.17 % S(l=1) ave= 4.208E-05 +/- 5.92 % S(l=2) ave= 2.765E-04 +/- 17.59 % S(l=3) ave= 0.000E+00 +/- 0.00 % 
 ... random file  142 Cap(th)  ave= 2.576E+00 b. +/- 0.42 % || Ela(th) ave= 1.204E+01 b. +/- 5.33 % || RIcap ave= 1.28E+00 b. +/- 0.36 % || Macs30 ave= 1.21E-02 b. +/- 1.23 % || Gn^0(l=0) ave= 5.865E+00 +/- 0.17 % Gn^0(l=1) ave= 4.636E-01 +/- 5.95 % Gn^0(l=2) ave= 3.619E+00 +/- 17.67 % Gn^0(l=3) ave= 0.000E+00 +/- 0.00 % || Gtotal(l=0) ave= 0.000E+00 +/- 0.00 % Gtotal(l=1) ave= 0.000E+00 +/- 0.00 % Gtotal(l=2) ave= 0.000E+00 +/- 0.00 % Gtotal(l=3) ave= 0.000E+00 +/- 0.00 %  % || Gg(l=0) ave= 1.038E+00 +/- 0.89 % Gg(l=1) ave= 5.272E-01 +/- 0.45 % Gg(l=2) ave= 7.578E-01 +/- 0.44 % Gg(l=3) ave= 0.000E+00 +/- 0.00 %  % || D(l=0) ave= 2.656E+04 +/- 0.00 % D(l=1) ave= 6.071E+03 +/- 0.00 % D(l=2) ave= 6.693E+03 +/- 0.00 % D(l=3) ave= 0.000E+00 +/- 0.00 %  % || S(l=0) ave= 2.277E-04 +/- 0.17 % S(l=1) ave= 4.211E-05 +/- 5.95 % S(l=2) ave= 2.762E-04 +/- 17.62 % S(l=3) ave= 0.000E+00 +/- 0.00 % 
 ... random file  143 Cap(th)  ave= 2.575E+00 b. +/- 0.43 % || Ela(th) ave= 1.203E+01 b. +/- 5.45 % || RIcap ave= 1.28E+00 b. +/- 0.37 % || Macs30 ave= 1.21E-02 b. +/- 1.24 % || Gn^0(l=0) ave= 5.865E+00 +/- 0.17 % Gn^0(l=1) ave= 4.642E-01 +/- 6.13 % Gn^0(l=2) ave= 3.623E+00 +/- 17.64 % Gn^0(l=3) ave= 0.000E+00 +/- 0.00 % || Gtotal(l=0) ave= 0.000E+00 +/- 0.00 % Gtotal(l=1) ave= 0.000E+00 +/- 0.00 % Gtotal(l=2) ave= 0.000E+00 +/- 0.00 % Gtotal(l=3) ave= 0.000E+00 +/- 0.00 %  % || Gg(l=0) ave= 1.038E+00 +/- 0.89 % Gg(l=1) ave= 5.272E-01 +/- 0.45 % Gg(l=2) ave= 7.578E-01 +/- 0.44 % Gg(l=3) ave= 0.000E+00 +/- 0.00 %  % || D(l=0) ave= 2.656E+04 +/- 0.00 % D(l=1) ave= 6.071E+03 +/- 0.00 % D(l=2) ave= 6.693E+03 +/- 0.00 % D(l=3) ave= 0.000E+00 +/- 0.00 %  % || S(l=0) ave= 2.277E-04 +/- 0.17 % S(l=1) ave= 4.217E-05 +/- 6.13 % S(l=2) ave= 2.765E-04 +/- 17.59 % S(l=3) ave= 0.000E+00 +/- 0.00 % 
 ... random file  144 Cap(th)  ave= 2.575E+00 b. +/- 0.43 % || Ela(th) ave= 1.203E+01 b. +/- 5.44 % || RIcap ave= 1.28E+00 b. +/- 0.37 % || Macs30 ave= 1.21E-02 b. +/- 1.23 % || Gn^0(l=0) ave= 5.865E+00 +/- 0.17 % Gn^0(l=1) ave= 4.640E-01 +/- 6.13 % Gn^0(l=2) ave= 3.622E+00 +/- 17.59 % Gn^0(l=3) ave= 0.000E+00 +/- 0.00 % || Gtotal(l=0) ave= 0.000E+00 +/- 0.00 % Gtotal(l=1) ave= 0.000E+00 +/- 0.00 % Gtotal(l=2) ave= 0.000E+00 +/- 0.00 % Gtotal(l=3) ave= 0.000E+00 +/- 0.00 %  % || Gg(l=0) ave= 1.038E+00 +/- 0.88 % Gg(l=1) ave= 5.272E-01 +/- 0.45 % Gg(l=2) ave= 7.579E-01 +/- 0.44 % Gg(l=3) ave= 0.000E+00 +/- 0.00 %  % || D(l=0) ave= 2.656E+04 +/- 0.00 % D(l=1) ave= 6.071E+03 +/- 0.00 % D(l=2) ave= 6.693E+03 +/- 0.00 % D(l=3) ave= 0.000E+00 +/- 0.00 %  % || S(l=0) ave= 2.277E-04 +/- 0.17 % S(l=1) ave= 4.215E-05 +/- 6.13 % S(l=2) ave= 2.763E-04 +/- 17.54 % S(l=3) ave= 0.000E+00 +/- 0.00 % 
 ... random file  145 Cap(th)  ave= 2.575E+00 b. +/- 0.43 % || Ela(th) ave= 1.203E+01 b. +/- 5.42 % || RIcap ave= 1.28E+00 b. +/- 0.37 % || Macs30 ave= 1.21E-02 b. +/- 1.23 % || Gn^0(l=0) ave= 5.865E+00 +/- 0.17 % Gn^0(l=1) ave= 4.641E-01 +/- 6.11 % Gn^0(l=2) ave= 3.622E+00 +/- 17.53 % Gn^0(l=3) ave= 0.000E+00 +/- 0.00 % || Gtotal(l=0) ave= 0.000E+00 +/- 0.00 % Gtotal(l=1) ave= 0.000E+00 +/- 0.00 % Gtotal(l=2) ave= 0.000E+00 +/- 0.00 % Gtotal(l=3) ave= 0.000E+00 +/- 0.00 %  % || Gg(l=0) ave= 1.038E+00 +/- 0.89 % Gg(l=1) ave= 5.271E-01 +/- 0.45 % Gg(l=2) ave= 7.580E-01 +/- 0.46 % Gg(l=3) ave= 0.000E+00 +/- 0.00 %  % || D(l=0) ave= 2.656E+04 +/- 0.00 % D(l=1) ave= 6.071E+03 +/- 0.00 % D(l=2) ave= 6.693E+03 +/- 0.00 % D(l=3) ave= 0.000E+00 +/- 0.00 %  % || S(l=0) ave= 2.277E-04 +/- 0.17 % S(l=1) ave= 4.215E-05 +/- 6.11 % S(l=2) ave= 2.763E-04 +/- 17.49 % S(l=3) ave= 0.000E+00 +/- 0.00 % 
 ... random file  146 Cap(th)  ave= 2.575E+00 b. +/- 0.43 % || Ela(th) ave= 1.204E+01 b. +/- 5.44 % || RIcap ave= 1.28E+00 b. +/- 0.37 % || Macs30 ave= 1.21E-02 b. +/- 1.23 % || Gn^0(l=0) ave= 5.865E+00 +/- 0.17 % Gn^0(l=1) ave= 4.642E-01 +/- 6.10 % Gn^0(l=2) ave= 3.622E+00 +/- 17.47 % Gn^0(l=3) ave= 0.000E+00 +/- 0.00 % || Gtotal(l=0) ave= 0.000E+00 +/- 0.00 % Gtotal(l=1) ave= 0.000E+00 +/- 0.00 % Gtotal(l=2) ave= 0.000E+00 +/- 0.00 % Gtotal(l=3) ave= 0.000E+00 +/- 0.00 %  % || Gg(l=0) ave= 1.038E+00 +/- 0.88 % Gg(l=1) ave= 5.272E-01 +/- 0.45 % Gg(l=2) ave= 7.580E-01 +/- 0.46 % Gg(l=3) ave= 0.000E+00 +/- 0.00 %  % || D(l=0) ave= 2.656E+04 +/- 0.00 % D(l=1) ave= 6.071E+03 +/- 0.00 % D(l=2) ave= 6.693E+03 +/- 0.00 % D(l=3) ave= 0.000E+00 +/- 0.00 %  % || S(l=0) ave= 2.277E-04 +/- 0.17 % S(l=1) ave= 4.216E-05 +/- 6.10 % S(l=2) ave= 2.764E-04 +/- 17.42 % S(l=3) ave= 0.000E+00 +/- 0.00 % 
 ... random file  147 Cap(th)  ave= 2.575E+00 b. +/- 0.43 % || Ela(th) ave= 1.204E+01 b. +/- 5.44 % || RIcap ave= 1.28E+00 b. +/- 0.37 % || Macs30 ave= 1.21E-02 b. +/- 1.23 % || Gn^0(l=0) ave= 5.865E+00 +/- 0.17 % Gn^0(l=1) ave= 4.643E-01 +/- 6.08 % Gn^0(l=2) ave= 3.618E+00 +/- 17.49 % Gn^0(l=3) ave= 0.000E+00 +/- 0.00 % || Gtotal(l=0) ave= 0.000E+00 +/- 0.00 % Gtotal(l=1) ave= 0.000E+00 +/- 0.00 % Gtotal(l=2) ave= 0.000E+00 +/- 0.00 % Gtotal(l=3) ave= 0.000E+00 +/- 0.00 %  % || Gg(l=0) ave= 1.038E+00 +/- 0.89 % Gg(l=1) ave= 5.271E-01 +/- 0.45 % Gg(l=2) ave= 7.580E-01 +/- 0.46 % Gg(l=3) ave= 0.000E+00 +/- 0.00 %  % || D(l=0) ave= 2.656E+04 +/- 0.00 % D(l=1) ave= 6.071E+03 +/- 0.00 % D(l=2) ave= 6.693E+03 +/- 0.00 % D(l=3) ave= 0.000E+00 +/- 0.00 %  % || S(l=0) ave= 2.277E-04 +/- 0.17 % S(l=1) ave= 4.217E-05 +/- 6.08 % S(l=2) ave= 2.761E-04 +/- 17.44 % S(l=3) ave= 0.000E+00 +/- 0.00 % 
 ... random file  148 Cap(th)  ave= 2.575E+00 b. +/- 0.43 % || Ela(th) ave= 1.204E+01 b. +/- 5.42 % || RIcap ave= 1.28E+00 b. +/- 0.37 % || Macs30 ave= 1.21E-02 b. +/- 1.23 % || Gn^0(l=0) ave= 5.865E+00 +/- 0.17 % Gn^0(l=1) ave= 4.640E-01 +/- 6.10 % Gn^0(l=2) ave= 3.613E+00 +/- 17.54 % Gn^0(l=3) ave= 0.000E+00 +/- 0.00 % || Gtotal(l=0) ave= 0.000E+00 +/- 0.00 % Gtotal(l=1) ave= 0.000E+00 +/- 0.00 % Gtotal(l=2) ave= 0.000E+00 +/- 0.00 % Gtotal(l=3) ave= 0.000E+00 +/- 0.00 %  % || Gg(l=0) ave= 1.038E+00 +/- 0.89 % Gg(l=1) ave= 5.272E-01 +/- 0.45 % Gg(l=2) ave= 7.579E-01 +/- 0.46 % Gg(l=3) ave= 0.000E+00 +/- 0.00 %  % || D(l=0) ave= 2.656E+04 +/- 0.00 % D(l=1) ave= 6.071E+03 +/- 0.00 % D(l=2) ave= 6.693E+03 +/- 0.00 % D(l=3) ave= 0.000E+00 +/- 0.00 %  % || S(l=0) ave= 2.277E-04 +/- 0.17 % S(l=1) ave= 4.215E-05 +/- 6.10 % S(l=2) ave= 2.757E-04 +/- 17.49 % S(l=3) ave= 0.000E+00 +/- 0.00 % 
 ... random file  149 Cap(th)  ave= 2.575E+00 b. +/- 0.43 % || Ela(th) ave= 1.204E+01 b. +/- 5.41 % || RIcap ave= 1.28E+00 b. +/- 0.36 % || Macs30 ave= 1.21E-02 b. +/- 1.23 % || Gn^0(l=0) ave= 5.865E+00 +/- 0.17 % Gn^0(l=1) ave= 4.640E-01 +/- 6.08 % Gn^0(l=2) ave= 3.622E+00 +/- 17.69 % Gn^0(l=3) ave= 0.000E+00 +/- 0.00 % || Gtotal(l=0) ave= 0.000E+00 +/- 0.00 % Gtotal(l=1) ave= 0.000E+00 +/- 0.00 % Gtotal(l=2) ave= 0.000E+00 +/- 0.00 % Gtotal(l=3) ave= 0.000E+00 +/- 0.00 %  % || Gg(l=0) ave= 1.038E+00 +/- 0.88 % Gg(l=1) ave= 5.272E-01 +/- 0.45 % Gg(l=2) ave= 7.579E-01 +/- 0.46 % Gg(l=3) ave= 0.000E+00 +/- 0.00 %  % || D(l=0) ave= 2.656E+04 +/- 0.00 % D(l=1) ave= 6.071E+03 +/- 0.00 % D(l=2) ave= 6.693E+03 +/- 0.00 % D(l=3) ave= 0.000E+00 +/- 0.00 %  % || S(l=0) ave= 2.277E-04 +/- 0.17 % S(l=1) ave= 4.214E-05 +/- 6.08 % S(l=2) ave= 2.763E-04 +/- 17.64 % S(l=3) ave= 0.000E+00 +/- 0.00 % 
 ... random file  150 Cap(th)  ave= 2.575E+00 b. +/- 0.43 % || Ela(th) ave= 1.205E+01 b. +/- 5.43 % || RIcap ave= 1.28E+00 b. +/- 0.37 % || Macs30 ave= 1.21E-02 b. +/- 1.22 % || Gn^0(l=0) ave= 5.865E+00 +/- 0.17 % Gn^0(l=1) ave= 4.642E-01 +/- 6.09 % Gn^0(l=2) ave= 3.621E+00 +/- 17.63 % Gn^0(l=3) ave= 0.000E+00 +/- 0.00 % || Gtotal(l=0) ave= 0.000E+00 +/- 0.00 % Gtotal(l=1) ave= 0.000E+00 +/- 0.00 % Gtotal(l=2) ave= 0.000E+00 +/- 0.00 % Gtotal(l=3) ave= 0.000E+00 +/- 0.00 %  % || Gg(l=0) ave= 1.038E+00 +/- 0.88 % Gg(l=1) ave= 5.272E-01 +/- 0.45 % Gg(l=2) ave= 7.579E-01 +/- 0.46 % Gg(l=3) ave= 0.000E+00 +/- 0.00 %  % || D(l=0) ave= 2.656E+04 +/- 0.00 % D(l=1) ave= 6.071E+03 +/- 0.00 % D(l=2) ave= 6.693E+03 +/- 0.00 % D(l=3) ave= 0.000E+00 +/- 0.00 %  % || S(l=0) ave= 2.277E-04 +/- 0.17 % S(l=1) ave= 4.216E-05 +/- 6.09 % S(l=2) ave= 2.763E-04 +/- 17.59 % S(l=3) ave= 0.000E+00 +/- 0.00 % 
 ... random file  151 Cap(th)  ave= 2.575E+00 b. +/- 0.43 % || Ela(th) ave= 1.205E+01 b. +/- 5.42 % || RIcap ave= 1.28E+00 b. +/- 0.36 % || Macs30 ave= 1.21E-02 b. +/- 1.22 % || Gn^0(l=0) ave= 5.865E+00 +/- 0.17 % Gn^0(l=1) ave= 4.641E-01 +/- 6.07 % Gn^0(l=2) ave= 3.623E+00 +/- 17.58 % Gn^0(l=3) ave= 0.000E+00 +/- 0.00 % || Gtotal(l=0) ave= 0.000E+00 +/- 0.00 % Gtotal(l=1) ave= 0.000E+00 +/- 0.00 % Gtotal(l=2) ave= 0.000E+00 +/- 0.00 % Gtotal(l=3) ave= 0.000E+00 +/- 0.00 %  % || Gg(l=0) ave= 1.038E+00 +/- 0.88 % Gg(l=1) ave= 5.272E-01 +/- 0.45 % Gg(l=2) ave= 7.579E-01 +/- 0.46 % Gg(l=3) ave= 0.000E+00 +/- 0.00 %  % || D(l=0) ave= 2.656E+04 +/- 0.00 % D(l=1) ave= 6.071E+03 +/- 0.00 % D(l=2) ave= 6.693E+03 +/- 0.00 % D(l=3) ave= 0.000E+00 +/- 0.00 %  % || S(l=0) ave= 2.277E-04 +/- 0.17 % S(l=1) ave= 4.216E-05 +/- 6.07 % S(l=2) ave= 2.764E-04 +/- 17.53 % S(l=3) ave= 0.000E+00 +/- 0.00 % 
 ... random file  152 Cap(th)  ave= 2.575E+00 b. +/- 0.43 % || Ela(th) ave= 1.205E+01 b. +/- 5.40 % || RIcap ave= 1.28E+00 b. +/- 0.36 % || Macs30 ave= 1.21E-02 b. +/- 1.22 % || Gn^0(l=0) ave= 5.865E+00 +/- 0.17 % Gn^0(l=1) ave= 4.642E-01 +/- 6.05 % Gn^0(l=2) ave= 3.619E+00 +/- 17.61 % Gn^0(l=3) ave= 0.000E+00 +/- 0.00 % || Gtotal(l=0) ave= 0.000E+00 +/- 0.00 % Gtotal(l=1) ave= 0.000E+00 +/- 0.00 % Gtotal(l=2) ave= 0.000E+00 +/- 0.00 % Gtotal(l=3) ave= 0.000E+00 +/- 0.00 %  % || Gg(l=0) ave= 1.038E+00 +/- 0.89 % Gg(l=1) ave= 5.272E-01 +/- 0.45 % Gg(l=2) ave= 7.579E-01 +/- 0.46 % Gg(l=3) ave= 0.000E+00 +/- 0.00 %  % || D(l=0) ave= 2.656E+04 +/- 0.00 % D(l=1) ave= 6.071E+03 +/- 0.00 % D(l=2) ave= 6.693E+03 +/- 0.00 % D(l=3) ave= 0.000E+00 +/- 0.00 %  % || S(l=0) ave= 2.277E-04 +/- 0.17 % S(l=1) ave= 4.216E-05 +/- 6.05 % S(l=2) ave= 2.761E-04 +/- 17.56 % S(l=3) ave= 0.000E+00 +/- 0.00 % 
 ... random file  153 Cap(th)  ave= 2.575E+00 b. +/- 0.43 % || Ela(th) ave= 1.205E+01 b. +/- 5.39 % || RIcap ave= 1.28E+00 b. +/- 0.37 % || Macs30 ave= 1.21E-02 b. +/- 1.22 % || Gn^0(l=0) ave= 5.865E+00 +/- 0.17 % Gn^0(l=1) ave= 4.643E-01 +/- 6.03 % Gn^0(l=2) ave= 3.620E+00 +/- 17.55 % Gn^0(l=3) ave= 0.000E+00 +/- 0.00 % || Gtotal(l=0) ave= 0.000E+00 +/- 0.00 % Gtotal(l=1) ave= 0.000E+00 +/- 0.00 % Gtotal(l=2) ave= 0.000E+00 +/- 0.00 % Gtotal(l=3) ave= 0.000E+00 +/- 0.00 %  % || Gg(l=0) ave= 1.038E+00 +/- 0.89 % Gg(l=1) ave= 5.271E-01 +/- 0.45 % Gg(l=2) ave= 7.579E-01 +/- 0.46 % Gg(l=3) ave= 0.000E+00 +/- 0.00 %  % || D(l=0) ave= 2.656E+04 +/- 0.00 % D(l=1) ave= 6.071E+03 +/- 0.00 % D(l=2) ave= 6.693E+03 +/- 0.00 % D(l=3) ave= 0.000E+00 +/- 0.00 %  % || S(l=0) ave= 2.277E-04 +/- 0.17 % S(l=1) ave= 4.217E-05 +/- 6.03 % S(l=2) ave= 2.762E-04 +/- 17.50 % S(l=3) ave= 0.000E+00 +/- 0.00 % 
 ... random file  154 Cap(th)  ave= 2.575E+00 b. +/- 0.43 % || Ela(th) ave= 1.206E+01 b. +/- 5.38 % || RIcap ave= 1.28E+00 b. +/- 0.36 % || Macs30 ave= 1.21E-02 b. +/- 1.21 % || Gn^0(l=0) ave= 5.865E+00 +/- 0.17 % Gn^0(l=1) ave= 4.642E-01 +/- 6.01 % Gn^0(l=2) ave= 3.616E+00 +/- 17.60 % Gn^0(l=3) ave= 0.000E+00 +/- 0.00 % || Gtotal(l=0) ave= 0.000E+00 +/- 0.00 % Gtotal(l=1) ave= 0.000E+00 +/- 0.00 % Gtotal(l=2) ave= 0.000E+00 +/- 0.00 % Gtotal(l=3) ave= 0.000E+00 +/- 0.00 %  % || Gg(l=0) ave= 1.038E+00 +/- 0.89 % Gg(l=1) ave= 5.271E-01 +/- 0.45 % Gg(l=2) ave= 7.579E-01 +/- 0.46 % Gg(l=3) ave= 0.000E+00 +/- 0.00 %  % || D(l=0) ave= 2.656E+04 +/- 0.00 % D(l=1) ave= 6.071E+03 +/- 0.00 % D(l=2) ave= 6.693E+03 +/- 0.00 % D(l=3) ave= 0.000E+00 +/- 0.00 %  % || S(l=0) ave= 2.277E-04 +/- 0.17 % S(l=1) ave= 4.217E-05 +/- 6.01 % S(l=2) ave= 2.759E-04 +/- 17.55 % S(l=3) ave= 0.000E+00 +/- 0.00 % 
 ... random file  155 Cap(th)  ave= 2.575E+00 b. +/- 0.43 % || Ela(th) ave= 1.205E+01 b. +/- 5.39 % || RIcap ave= 1.28E+00 b. +/- 0.36 % || Macs30 ave= 1.21E-02 b. +/- 1.21 % || Gn^0(l=0) ave= 5.865E+00 +/- 0.17 % Gn^0(l=1) ave= 4.642E-01 +/- 5.99 % Gn^0(l=2) ave= 3.616E+00 +/- 17.54 % Gn^0(l=3) ave= 0.000E+00 +/- 0.00 % || Gtotal(l=0) ave= 0.000E+00 +/- 0.00 % Gtotal(l=1) ave= 0.000E+00 +/- 0.00 % Gtotal(l=2) ave= 0.000E+00 +/- 0.00 % Gtotal(l=3) ave= 0.000E+00 +/- 0.00 %  % || Gg(l=0) ave= 1.038E+00 +/- 0.88 % Gg(l=1) ave= 5.271E-01 +/- 0.45 % Gg(l=2) ave= 7.579E-01 +/- 0.46 % Gg(l=3) ave= 0.000E+00 +/- 0.00 %  % || D(l=0) ave= 2.656E+04 +/- 0.00 % D(l=1) ave= 6.071E+03 +/- 0.00 % D(l=2) ave= 6.693E+03 +/- 0.00 % D(l=3) ave= 0.000E+00 +/- 0.00 %  % || S(l=0) ave= 2.277E-04 +/- 0.17 % S(l=1) ave= 4.217E-05 +/- 5.99 % S(l=2) ave= 2.759E-04 +/- 17.49 % S(l=3) ave= 0.000E+00 +/- 0.00 % 
 ... random file  156 Cap(th)  ave= 2.575E+00 b. +/- 0.43 % || Ela(th) ave= 1.206E+01 b. +/- 5.38 % || RIcap ave= 1.28E+00 b. +/- 0.36 % || Macs30 ave= 1.21E-02 b. +/- 1.23 % || Gn^0(l=0) ave= 5.865E+00 +/- 0.17 % Gn^0(l=1) ave= 4.643E-01 +/- 5.98 % Gn^0(l=2) ave= 3.616E+00 +/- 17.49 % Gn^0(l=3) ave= 0.000E+00 +/- 0.00 % || Gtotal(l=0) ave= 0.000E+00 +/- 0.00 % Gtotal(l=1) ave= 0.000E+00 +/- 0.00 % Gtotal(l=2) ave= 0.000E+00 +/- 0.00 % Gtotal(l=3) ave= 0.000E+00 +/- 0.00 %  % || Gg(l=0) ave= 1.038E+00 +/- 0.88 % Gg(l=1) ave= 5.271E-01 +/- 0.44 % Gg(l=2) ave= 7.579E-01 +/- 0.46 % Gg(l=3) ave= 0.000E+00 +/- 0.00 %  % || D(l=0) ave= 2.656E+04 +/- 0.00 % D(l=1) ave= 6.071E+03 +/- 0.00 % D(l=2) ave= 6.693E+03 +/- 0.00 % D(l=3) ave= 0.000E+00 +/- 0.00 %  % || S(l=0) ave= 2.277E-04 +/- 0.17 % S(l=1) ave= 4.217E-05 +/- 5.97 % S(l=2) ave= 2.759E-04 +/- 17.44 % S(l=3) ave= 0.000E+00 +/- 0.00 % 
 ... random file  157 Cap(th)  ave= 2.575E+00 b. +/- 0.43 % || Ela(th) ave= 1.206E+01 b. +/- 5.37 % || RIcap ave= 1.28E+00 b. +/- 0.36 % || Macs30 ave= 1.21E-02 b. +/- 1.23 % || Gn^0(l=0) ave= 5.865E+00 +/- 0.17 % Gn^0(l=1) ave= 4.644E-01 +/- 5.97 % Gn^0(l=2) ave= 3.612E+00 +/- 17.49 % Gn^0(l=3) ave= 0.000E+00 +/- 0.00 % || Gtotal(l=0) ave= 0.000E+00 +/- 0.00 % Gtotal(l=1) ave= 0.000E+00 +/- 0.00 % Gtotal(l=2) ave= 0.000E+00 +/- 0.00 % Gtotal(l=3) ave= 0.000E+00 +/- 0.00 %  % || Gg(l=0) ave= 1.038E+00 +/- 0.88 % Gg(l=1) ave= 5.271E-01 +/- 0.44 % Gg(l=2) ave= 7.579E-01 +/- 0.46 % Gg(l=3) ave= 0.000E+00 +/- 0.00 %  % || D(l=0) ave= 2.656E+04 +/- 0.00 % D(l=1) ave= 6.071E+03 +/- 0.00 % D(l=2) ave= 6.693E+03 +/- 0.00 % D(l=3) ave= 0.000E+00 +/- 0.00 %  % || S(l=0) ave= 2.277E-04 +/- 0.17 % S(l=1) ave= 4.218E-05 +/- 5.96 % S(l=2) ave= 2.756E-04 +/- 17.45 % S(l=3) ave= 0.000E+00 +/- 0.00 % 
 ... random file  158 Cap(th)  ave= 2.575E+00 b. +/- 0.43 % || Ela(th) ave= 1.206E+01 b. +/- 5.36 % || RIcap ave= 1.28E+00 b. +/- 0.36 % || Macs30 ave= 1.21E-02 b. +/- 1.24 % || Gn^0(l=0) ave= 5.865E+00 +/- 0.17 % Gn^0(l=1) ave= 4.643E-01 +/- 5.96 % Gn^0(l=2) ave= 3.611E+00 +/- 17.45 % Gn^0(l=3) ave= 0.000E+00 +/- 0.00 % || Gtotal(l=0) ave= 0.000E+00 +/- 0.00 % Gtotal(l=1) ave= 0.000E+00 +/- 0.00 % Gtotal(l=2) ave= 0.000E+00 +/- 0.00 % Gtotal(l=3) ave= 0.000E+00 +/- 0.00 %  % || Gg(l=0) ave= 1.038E+00 +/- 0.88 % Gg(l=1) ave= 5.271E-01 +/- 0.44 % Gg(l=2) ave= 7.579E-01 +/- 0.46 % Gg(l=3) ave= 0.000E+00 +/- 0.00 %  % || D(l=0) ave= 2.656E+04 +/- 0.00 % D(l=1) ave= 6.071E+03 +/- 0.00 % D(l=2) ave= 6.693E+03 +/- 0.00 % D(l=3) ave= 0.000E+00 +/- 0.00 %  % || S(l=0) ave= 2.277E-04 +/- 0.17 % S(l=1) ave= 4.217E-05 +/- 5.95 % S(l=2) ave= 2.755E-04 +/- 17.40 % S(l=3) ave= 0.000E+00 +/- 0.00 % 
 ... random file  159 Cap(th)  ave= 2.575E+00 b. +/- 0.43 % || Ela(th) ave= 1.206E+01 b. +/- 5.35 % || RIcap ave= 1.28E+00 b. +/- 0.36 % || Macs30 ave= 1.21E-02 b. +/- 1.24 % || Gn^0(l=0) ave= 5.865E+00 +/- 0.17 % Gn^0(l=1) ave= 4.650E-01 +/- 6.24 % Gn^0(l=2) ave= 3.605E+00 +/- 17.56 % Gn^0(l=3) ave= 0.000E+00 +/- 0.00 % || Gtotal(l=0) ave= 0.000E+00 +/- 0.00 % Gtotal(l=1) ave= 0.000E+00 +/- 0.00 % Gtotal(l=2) ave= 0.000E+00 +/- 0.00 % Gtotal(l=3) ave= 0.000E+00 +/- 0.00 %  % || Gg(l=0) ave= 1.038E+00 +/- 0.88 % Gg(l=1) ave= 5.271E-01 +/- 0.44 % Gg(l=2) ave= 7.579E-01 +/- 0.46 % Gg(l=3) ave= 0.000E+00 +/- 0.00 %  % || D(l=0) ave= 2.656E+04 +/- 0.00 % D(l=1) ave= 6.071E+03 +/- 0.00 % D(l=2) ave= 6.693E+03 +/- 0.00 % D(l=3) ave= 0.000E+00 +/- 0.00 %  % || S(l=0) ave= 2.277E-04 +/- 0.17 % S(l=1) ave= 4.224E-05 +/- 6.24 % S(l=2) ave= 2.750E-04 +/- 17.52 % S(l=3) ave= 0.000E+00 +/- 0.00 % 
 ... random file  160 Cap(th)  ave= 2.575E+00 b. +/- 0.43 % || Ela(th) ave= 1.205E+01 b. +/- 5.34 % || RIcap ave= 1.28E+00 b. +/- 0.36 % || Macs30 ave= 1.21E-02 b. +/- 1.24 % || Gn^0(l=0) ave= 5.865E+00 +/- 0.17 % Gn^0(l=1) ave= 4.651E-01 +/- 6.22 % Gn^0(l=2) ave= 3.609E+00 +/- 17.55 % Gn^0(l=3) ave= 0.000E+00 +/- 0.00 % || Gtotal(l=0) ave= 0.000E+00 +/- 0.00 % Gtotal(l=1) ave= 0.000E+00 +/- 0.00 % Gtotal(l=2) ave= 0.000E+00 +/- 0.00 % Gtotal(l=3) ave= 0.000E+00 +/- 0.00 %  % || Gg(l=0) ave= 1.038E+00 +/- 0.88 % Gg(l=1) ave= 5.271E-01 +/- 0.44 % Gg(l=2) ave= 7.579E-01 +/- 0.46 % Gg(l=3) ave= 0.000E+00 +/- 0.00 %  % || D(l=0) ave= 2.656E+04 +/- 0.00 % D(l=1) ave= 6.071E+03 +/- 0.00 % D(l=2) ave= 6.693E+03 +/- 0.00 % D(l=3) ave= 0.000E+00 +/- 0.00 %  % || S(l=0) ave= 2.277E-04 +/- 0.17 % S(l=1) ave= 4.224E-05 +/- 6.22 % S(l=2) ave= 2.754E-04 +/- 17.50 % S(l=3) ave= 0.000E+00 +/- 0.00 % 
 ... random file  161 Cap(th)  ave= 2.575E+00 b. +/- 0.42 % || Ela(th) ave= 1.206E+01 b. +/- 5.46 % || RIcap ave= 1.28E+00 b. +/- 0.36 % || Macs30 ave= 1.21E-02 b. +/- 1.25 % || Gn^0(l=0) ave= 5.865E+00 +/- 0.17 % Gn^0(l=1) ave= 4.651E-01 +/- 6.21 % Gn^0(l=2) ave= 3.608E+00 +/- 17.50 % Gn^0(l=3) ave= 0.000E+00 +/- 0.00 % || Gtotal(l=0) ave= 0.000E+00 +/- 0.00 % Gtotal(l=1) ave= 0.000E+00 +/- 0.00 % Gtotal(l=2) ave= 0.000E+00 +/- 0.00 % Gtotal(l=3) ave= 0.000E+00 +/- 0.00 %  % || Gg(l=0) ave= 1.038E+00 +/- 0.89 % Gg(l=1) ave= 5.271E-01 +/- 0.44 % Gg(l=2) ave= 7.579E-01 +/- 0.46 % Gg(l=3) ave= 0.000E+00 +/- 0.00 %  % || D(l=0) ave= 2.656E+04 +/- 0.00 % D(l=1) ave= 6.071E+03 +/- 0.00 % D(l=2) ave= 6.693E+03 +/- 0.00 % D(l=3) ave= 0.000E+00 +/- 0.00 %  % || S(l=0) ave= 2.277E-04 +/- 0.17 % S(l=1) ave= 4.224E-05 +/- 6.20 % S(l=2) ave= 2.753E-04 +/- 17.45 % S(l=3) ave= 0.000E+00 +/- 0.00 % 
 ... random file  162 Cap(th)  ave= 2.575E+00 b. +/- 0.42 % || Ela(th) ave= 1.206E+01 b. +/- 5.45 % || RIcap ave= 1.28E+00 b. +/- 0.36 % || Macs30 ave= 1.21E-02 b. +/- 1.24 % || Gn^0(l=0) ave= 5.865E+00 +/- 0.17 % Gn^0(l=1) ave= 4.649E-01 +/- 6.21 % Gn^0(l=2) ave= 3.605E+00 +/- 17.49 % Gn^0(l=3) ave= 0.000E+00 +/- 0.00 % || Gtotal(l=0) ave= 0.000E+00 +/- 0.00 % Gtotal(l=1) ave= 0.000E+00 +/- 0.00 % Gtotal(l=2) ave= 0.000E+00 +/- 0.00 % Gtotal(l=3) ave= 0.000E+00 +/- 0.00 %  % || Gg(l=0) ave= 1.038E+00 +/- 0.88 % Gg(l=1) ave= 5.271E-01 +/- 0.44 % Gg(l=2) ave= 7.579E-01 +/- 0.46 % Gg(l=3) ave= 0.000E+00 +/- 0.00 %  % || D(l=0) ave= 2.656E+04 +/- 0.00 % D(l=1) ave= 6.071E+03 +/- 0.00 % D(l=2) ave= 6.693E+03 +/- 0.00 % D(l=3) ave= 0.000E+00 +/- 0.00 %  % || S(l=0) ave= 2.277E-04 +/- 0.17 % S(l=1) ave= 4.223E-05 +/- 6.21 % S(l=2) ave= 2.751E-04 +/- 17.44 % S(l=3) ave= 0.000E+00 +/- 0.00 % 
 ... random file  163 Cap(th)  ave= 2.575E+00 b. +/- 0.43 % || Ela(th) ave= 1.206E+01 b. +/- 5.44 % || RIcap ave= 1.28E+00 b. +/- 0.36 % || Macs30 ave= 1.21E-02 b. +/- 1.29 % || Gn^0(l=0) ave= 5.865E+00 +/- 0.17 % Gn^0(l=1) ave= 4.648E-01 +/- 6.21 % Gn^0(l=2) ave= 3.610E+00 +/- 17.49 % Gn^0(l=3) ave= 0.000E+00 +/- 0.00 % || Gtotal(l=0) ave= 0.000E+00 +/- 0.00 % Gtotal(l=1) ave= 0.000E+00 +/- 0.00 % Gtotal(l=2) ave= 0.000E+00 +/- 0.00 % Gtotal(l=3) ave= 0.000E+00 +/- 0.00 %  % || Gg(l=0) ave= 1.039E+00 +/- 0.89 % Gg(l=1) ave= 5.271E-01 +/- 0.44 % Gg(l=2) ave= 7.579E-01 +/- 0.46 % Gg(l=3) ave= 0.000E+00 +/- 0.00 %  % || D(l=0) ave= 2.656E+04 +/- 0.00 % D(l=1) ave= 6.071E+03 +/- 0.00 % D(l=2) ave= 6.693E+03 +/- 0.00 % D(l=3) ave= 0.000E+00 +/- 0.00 %  % || S(l=0) ave= 2.277E-04 +/- 0.17 % S(l=1) ave= 4.221E-05 +/- 6.20 % S(l=2) ave= 2.754E-04 +/- 17.44 % S(l=3) ave= 0.000E+00 +/- 0.00 % 
 ... random file  164 Cap(th)  ave= 2.575E+00 b. +/- 0.43 % || Ela(th) ave= 1.207E+01 b. +/- 5.46 % || RIcap ave= 1.28E+00 b. +/- 0.36 % || Macs30 ave= 1.21E-02 b. +/- 1.29 % || Gn^0(l=0) ave= 5.865E+00 +/- 0.17 % Gn^0(l=1) ave= 4.646E-01 +/- 6.21 % Gn^0(l=2) ave= 3.609E+00 +/- 17.44 % Gn^0(l=3) ave= 0.000E+00 +/- 0.00 % || Gtotal(l=0) ave= 0.000E+00 +/- 0.00 % Gtotal(l=1) ave= 0.000E+00 +/- 0.00 % Gtotal(l=2) ave= 0.000E+00 +/- 0.00 % Gtotal(l=3) ave= 0.000E+00 +/- 0.00 %  % || Gg(l=0) ave= 1.039E+00 +/- 0.89 % Gg(l=1) ave= 5.271E-01 +/- 0.44 % Gg(l=2) ave= 7.579E-01 +/- 0.46 % Gg(l=3) ave= 0.000E+00 +/- 0.00 %  % || D(l=0) ave= 2.656E+04 +/- 0.00 % D(l=1) ave= 6.071E+03 +/- 0.00 % D(l=2) ave= 6.693E+03 +/- 0.00 % D(l=3) ave= 0.000E+00 +/- 0.00 %  % || S(l=0) ave= 2.277E-04 +/- 0.17 % S(l=1) ave= 4.220E-05 +/- 6.20 % S(l=2) ave= 2.754E-04 +/- 17.39 % S(l=3) ave= 0.000E+00 +/- 0.00 % 
 ... random file  165 Cap(th)  ave= 2.575E+00 b. +/- 0.42 % || Ela(th) ave= 1.208E+01 b. +/- 5.50 % || RIcap ave= 1.28E+00 b. +/- 0.36 % || Macs30 ave= 1.21E-02 b. +/- 1.29 % || Gn^0(l=0) ave= 5.865E+00 +/- 0.17 % Gn^0(l=1) ave= 4.644E-01 +/- 6.21 % Gn^0(l=2) ave= 3.612E+00 +/- 17.40 % Gn^0(l=3) ave= 0.000E+00 +/- 0.00 % || Gtotal(l=0) ave= 0.000E+00 +/- 0.00 % Gtotal(l=1) ave= 0.000E+00 +/- 0.00 % Gtotal(l=2) ave= 0.000E+00 +/- 0.00 % Gtotal(l=3) ave= 0.000E+00 +/- 0.00 %  % || Gg(l=0) ave= 1.039E+00 +/- 0.89 % Gg(l=1) ave= 5.272E-01 +/- 0.44 % Gg(l=2) ave= 7.580E-01 +/- 0.46 % Gg(l=3) ave= 0.000E+00 +/- 0.00 %  % || D(l=0) ave= 2.656E+04 +/- 0.00 % D(l=1) ave= 6.071E+03 +/- 0.00 % D(l=2) ave= 6.693E+03 +/- 0.00 % D(l=3) ave= 0.000E+00 +/- 0.00 %  % || S(l=0) ave= 2.277E-04 +/- 0.17 % S(l=1) ave= 4.218E-05 +/- 6.21 % S(l=2) ave= 2.756E-04 +/- 17.35 % S(l=3) ave= 0.000E+00 +/- 0.00 % 
 ... random file  166 Cap(th)  ave= 2.575E+00 b. +/- 0.42 % || Ela(th) ave= 1.208E+01 b. +/- 5.53 % || RIcap ave= 1.28E+00 b. +/- 0.36 % || Macs30 ave= 1.21E-02 b. +/- 1.29 % || Gn^0(l=0) ave= 5.865E+00 +/- 0.17 % Gn^0(l=1) ave= 4.643E-01 +/- 6.19 % Gn^0(l=2) ave= 3.607E+00 +/- 17.45 % Gn^0(l=3) ave= 0.000E+00 +/- 0.00 % || Gtotal(l=0) ave= 0.000E+00 +/- 0.00 % Gtotal(l=1) ave= 0.000E+00 +/- 0.00 % Gtotal(l=2) ave= 0.000E+00 +/- 0.00 % Gtotal(l=3) ave= 0.000E+00 +/- 0.00 %  % || Gg(l=0) ave= 1.039E+00 +/- 0.89 % Gg(l=1) ave= 5.272E-01 +/- 0.43 % Gg(l=2) ave= 7.579E-01 +/- 0.46 % Gg(l=3) ave= 0.000E+00 +/- 0.00 %  % || D(l=0) ave= 2.656E+04 +/- 0.00 % D(l=1) ave= 6.071E+03 +/- 0.00 % D(l=2) ave= 6.693E+03 +/- 0.00 % D(l=3) ave= 0.000E+00 +/- 0.00 %  % || S(l=0) ave= 2.277E-04 +/- 0.17 % S(l=1) ave= 4.218E-05 +/- 6.19 % S(l=2) ave= 2.752E-04 +/- 17.40 % S(l=3) ave= 0.000E+00 +/- 0.00 % 
 ... random file  167 Cap(th)  ave= 2.575E+00 b. +/- 0.43 % || Ela(th) ave= 1.208E+01 b. +/- 5.52 % || RIcap ave= 1.28E+00 b. +/- 0.37 % || Macs30 ave= 1.21E-02 b. +/- 1.30 % || Gn^0(l=0) ave= 5.865E+00 +/- 0.17 % Gn^0(l=1) ave= 4.644E-01 +/- 6.17 % Gn^0(l=2) ave= 3.610E+00 +/- 17.41 % Gn^0(l=3) ave= 0.000E+00 +/- 0.00 % || Gtotal(l=0) ave= 0.000E+00 +/- 0.00 % Gtotal(l=1) ave= 0.000E+00 +/- 0.00 % Gtotal(l=2) ave= 0.000E+00 +/- 0.00 % Gtotal(l=3) ave= 0.000E+00 +/- 0.00 %  % || Gg(l=0) ave= 1.039E+00 +/- 0.89 % Gg(l=1) ave= 5.272E-01 +/- 0.43 % Gg(l=2) ave= 7.580E-01 +/- 0.46 % Gg(l=3) ave= 0.000E+00 +/- 0.00 %  % || D(l=0) ave= 2.656E+04 +/- 0.00 % D(l=1) ave= 6.071E+03 +/- 0.00 % D(l=2) ave= 6.693E+03 +/- 0.00 % D(l=3) ave= 0.000E+00 +/- 0.00 %  % || S(l=0) ave= 2.277E-04 +/- 0.17 % S(l=1) ave= 4.218E-05 +/- 6.17 % S(l=2) ave= 2.754E-04 +/- 17.37 % S(l=3) ave= 0.000E+00 +/- 0.00 % 
 ... random file  168 Cap(th)  ave= 2.575E+00 b. +/- 0.43 % || Ela(th) ave= 1.209E+01 b. +/- 5.54 % || RIcap ave= 1.28E+00 b. +/- 0.37 % || Macs30 ave= 1.21E-02 b. +/- 1.30 % || Gn^0(l=0) ave= 5.865E+00 +/- 0.17 % Gn^0(l=1) ave= 4.642E-01 +/- 6.18 % Gn^0(l=2) ave= 3.611E+00 +/- 17.36 % Gn^0(l=3) ave= 0.000E+00 +/- 0.00 % || Gtotal(l=0) ave= 0.000E+00 +/- 0.00 % Gtotal(l=1) ave= 0.000E+00 +/- 0.00 % Gtotal(l=2) ave= 0.000E+00 +/- 0.00 % Gtotal(l=3) ave= 0.000E+00 +/- 0.00 %  % || Gg(l=0) ave= 1.039E+00 +/- 0.89 % Gg(l=1) ave= 5.272E-01 +/- 0.43 % Gg(l=2) ave= 7.579E-01 +/- 0.46 % Gg(l=3) ave= 0.000E+00 +/- 0.00 %  % || D(l=0) ave= 2.656E+04 +/- 0.00 % D(l=1) ave= 6.071E+03 +/- 0.00 % D(l=2) ave= 6.693E+03 +/- 0.00 % D(l=3) ave= 0.000E+00 +/- 0.00 %  % || S(l=0) ave= 2.277E-04 +/- 0.17 % S(l=1) ave= 4.216E-05 +/- 6.18 % S(l=2) ave= 2.755E-04 +/- 17.31 % S(l=3) ave= 0.000E+00 +/- 0.00 % 
 ... random file  169 Cap(th)  ave= 2.575E+00 b. +/- 0.43 % || Ela(th) ave= 1.209E+01 b. +/- 5.53 % || RIcap ave= 1.28E+00 b. +/- 0.37 % || Macs30 ave= 1.21E-02 b. +/- 1.32 % || Gn^0(l=0) ave= 5.865E+00 +/- 0.17 % Gn^0(l=1) ave= 4.643E-01 +/- 6.16 % Gn^0(l=2) ave= 3.610E+00 +/- 17.31 % Gn^0(l=3) ave= 0.000E+00 +/- 0.00 % || Gtotal(l=0) ave= 0.000E+00 +/- 0.00 % Gtotal(l=1) ave= 0.000E+00 +/- 0.00 % Gtotal(l=2) ave= 0.000E+00 +/- 0.00 % Gtotal(l=3) ave= 0.000E+00 +/- 0.00 %  % || Gg(l=0) ave= 1.039E+00 +/- 0.88 % Gg(l=1) ave= 5.272E-01 +/- 0.43 % Gg(l=2) ave= 7.579E-01 +/- 0.46 % Gg(l=3) ave= 0.000E+00 +/- 0.00 %  % || D(l=0) ave= 2.656E+04 +/- 0.00 % D(l=1) ave= 6.071E+03 +/- 0.00 % D(l=2) ave= 6.693E+03 +/- 0.00 % D(l=3) ave= 0.000E+00 +/- 0.00 %  % || S(l=0) ave= 2.277E-04 +/- 0.17 % S(l=1) ave= 4.217E-05 +/- 6.16 % S(l=2) ave= 2.754E-04 +/- 17.27 % S(l=3) ave= 0.000E+00 +/- 0.00 % 
 ... random file  170 Cap(th)  ave= 2.575E+00 b. +/- 0.43 % || Ela(th) ave= 1.209E+01 b. +/- 5.53 % || RIcap ave= 1.28E+00 b. +/- 0.37 % || Macs30 ave= 1.21E-02 b. +/- 1.31 % || Gn^0(l=0) ave= 5.865E+00 +/- 0.17 % Gn^0(l=1) ave= 4.644E-01 +/- 6.16 % Gn^0(l=2) ave= 3.609E+00 +/- 17.27 % Gn^0(l=3) ave= 0.000E+00 +/- 0.00 % || Gtotal(l=0) ave= 0.000E+00 +/- 0.00 % Gtotal(l=1) ave= 0.000E+00 +/- 0.00 % Gtotal(l=2) ave= 0.000E+00 +/- 0.00 % Gtotal(l=3) ave= 0.000E+00 +/- 0.00 %  % || Gg(l=0) ave= 1.039E+00 +/- 0.88 % Gg(l=1) ave= 5.272E-01 +/- 0.43 % Gg(l=2) ave= 7.579E-01 +/- 0.46 % Gg(l=3) ave= 0.000E+00 +/- 0.00 %  % || D(l=0) ave= 2.656E+04 +/- 0.00 % D(l=1) ave= 6.071E+03 +/- 0.00 % D(l=2) ave= 6.693E+03 +/- 0.00 % D(l=3) ave= 0.000E+00 +/- 0.00 %  % || S(l=0) ave= 2.277E-04 +/- 0.17 % S(l=1) ave= 4.219E-05 +/- 6.16 % S(l=2) ave= 2.753E-04 +/- 17.23 % S(l=3) ave= 0.000E+00 +/- 0.00 % 
 ... random file  171 Cap(th)  ave= 2.575E+00 b. +/- 0.43 % || Ela(th) ave= 1.209E+01 b. +/- 5.54 % || RIcap ave= 1.28E+00 b. +/- 0.37 % || Macs30 ave= 1.21E-02 b. +/- 1.31 % || Gn^0(l=0) ave= 5.865E+00 +/- 0.17 % Gn^0(l=1) ave= 4.646E-01 +/- 6.16 % Gn^0(l=2) ave= 3.610E+00 +/- 17.22 % Gn^0(l=3) ave= 0.000E+00 +/- 0.00 % || Gtotal(l=0) ave= 0.000E+00 +/- 0.00 % Gtotal(l=1) ave= 0.000E+00 +/- 0.00 % Gtotal(l=2) ave= 0.000E+00 +/- 0.00 % Gtotal(l=3) ave= 0.000E+00 +/- 0.00 %  % || Gg(l=0) ave= 1.039E+00 +/- 0.88 % Gg(l=1) ave= 5.272E-01 +/- 0.43 % Gg(l=2) ave= 7.579E-01 +/- 0.46 % Gg(l=3) ave= 0.000E+00 +/- 0.00 %  % || D(l=0) ave= 2.656E+04 +/- 0.00 % D(l=1) ave= 6.071E+03 +/- 0.00 % D(l=2) ave= 6.693E+03 +/- 0.00 % D(l=3) ave= 0.000E+00 +/- 0.00 %  % || S(l=0) ave= 2.277E-04 +/- 0.17 % S(l=1) ave= 4.220E-05 +/- 6.15 % S(l=2) ave= 2.754E-04 +/- 17.18 % S(l=3) ave= 0.000E+00 +/- 0.00 % 
 ... random file  172 Cap(th)  ave= 2.575E+00 b. +/- 0.43 % || Ela(th) ave= 1.208E+01 b. +/- 5.55 % || RIcap ave= 1.28E+00 b. +/- 0.37 % || Macs30 ave= 1.21E-02 b. +/- 1.32 % || Gn^0(l=0) ave= 5.865E+00 +/- 0.17 % Gn^0(l=1) ave= 4.646E-01 +/- 6.14 % Gn^0(l=2) ave= 3.613E+00 +/- 17.21 % Gn^0(l=3) ave= 0.000E+00 +/- 0.00 % || Gtotal(l=0) ave= 0.000E+00 +/- 0.00 % Gtotal(l=1) ave= 0.000E+00 +/- 0.00 % Gtotal(l=2) ave= 0.000E+00 +/- 0.00 % Gtotal(l=3) ave= 0.000E+00 +/- 0.00 %  % || Gg(l=0) ave= 1.039E+00 +/- 0.88 % Gg(l=1) ave= 5.271E-01 +/- 0.43 % Gg(l=2) ave= 7.580E-01 +/- 0.46 % Gg(l=3) ave= 0.000E+00 +/- 0.00 %  % || D(l=0) ave= 2.656E+04 +/- 0.00 % D(l=1) ave= 6.071E+03 +/- 0.00 % D(l=2) ave= 6.693E+03 +/- 0.00 % D(l=3) ave= 0.000E+00 +/- 0.00 %  % || S(l=0) ave= 2.277E-04 +/- 0.17 % S(l=1) ave= 4.220E-05 +/- 6.14 % S(l=2) ave= 2.757E-04 +/- 17.16 % S(l=3) ave= 0.000E+00 +/- 0.00 % 
 ... random file  173 Cap(th)  ave= 2.575E+00 b. +/- 0.43 % || Ela(th) ave= 1.209E+01 b. +/- 5.54 % || RIcap ave= 1.28E+00 b. +/- 0.37 % || Macs30 ave= 1.21E-02 b. +/- 1.32 % || Gn^0(l=0) ave= 5.865E+00 +/- 0.17 % Gn^0(l=1) ave= 4.646E-01 +/- 6.12 % Gn^0(l=2) ave= 3.608E+00 +/- 17.30 % Gn^0(l=3) ave= 0.000E+00 +/- 0.00 % || Gtotal(l=0) ave= 0.000E+00 +/- 0.00 % Gtotal(l=1) ave= 0.000E+00 +/- 0.00 % Gtotal(l=2) ave= 0.000E+00 +/- 0.00 % Gtotal(l=3) ave= 0.000E+00 +/- 0.00 %  % || Gg(l=0) ave= 1.039E+00 +/- 0.88 % Gg(l=1) ave= 5.271E-01 +/- 0.43 % Gg(l=2) ave= 7.580E-01 +/- 0.46 % Gg(l=3) ave= 0.000E+00 +/- 0.00 %  % || D(l=0) ave= 2.656E+04 +/- 0.00 % D(l=1) ave= 6.071E+03 +/- 0.00 % D(l=2) ave= 6.693E+03 +/- 0.00 % D(l=3) ave= 0.000E+00 +/- 0.00 %  % || S(l=0) ave= 2.277E-04 +/- 0.17 % S(l=1) ave= 4.220E-05 +/- 6.12 % S(l=2) ave= 2.753E-04 +/- 17.25 % S(l=3) ave= 0.000E+00 +/- 0.00 % 
 ... random file  174 Cap(th)  ave= 2.575E+00 b. +/- 0.43 % || Ela(th) ave= 1.209E+01 b. +/- 5.53 % || RIcap ave= 1.28E+00 b. +/- 0.37 % || Macs30 ave= 1.21E-02 b. +/- 1.32 % || Gn^0(l=0) ave= 5.865E+00 +/- 0.17 % Gn^0(l=1) ave= 4.646E-01 +/- 6.10 % Gn^0(l=2) ave= 3.608E+00 +/- 17.25 % Gn^0(l=3) ave= 0.000E+00 +/- 0.00 % || Gtotal(l=0) ave= 0.000E+00 +/- 0.00 % Gtotal(l=1) ave= 0.000E+00 +/- 0.00 % Gtotal(l=2) ave= 0.000E+00 +/- 0.00 % Gtotal(l=3) ave= 0.000E+00 +/- 0.00 %  % || Gg(l=0) ave= 1.039E+00 +/- 0.88 % Gg(l=1) ave= 5.272E-01 +/- 0.43 % Gg(l=2) ave= 7.579E-01 +/- 0.47 % Gg(l=3) ave= 0.000E+00 +/- 0.00 %  % || D(l=0) ave= 2.656E+04 +/- 0.00 % D(l=1) ave= 6.071E+03 +/- 0.00 % D(l=2) ave= 6.693E+03 +/- 0.00 % D(l=3) ave= 0.000E+00 +/- 0.00 %  % || S(l=0) ave= 2.277E-04 +/- 0.17 % S(l=1) ave= 4.220E-05 +/- 6.10 % S(l=2) ave= 2.753E-04 +/- 17.20 % S(l=3) ave= 0.000E+00 +/- 0.00 % 
 ... random file  175 Cap(th)  ave= 2.575E+00 b. +/- 0.44 % || Ela(th) ave= 1.209E+01 b. +/- 5.55 % || RIcap ave= 1.28E+00 b. +/- 0.37 % || Macs30 ave= 1.21E-02 b. +/- 1.32 % || Gn^0(l=0) ave= 5.865E+00 +/- 0.17 % Gn^0(l=1) ave= 4.645E-01 +/- 6.09 % Gn^0(l=2) ave= 3.611E+00 +/- 17.23 % Gn^0(l=3) ave= 0.000E+00 +/- 0.00 % || Gtotal(l=0) ave= 0.000E+00 +/- 0.00 % Gtotal(l=1) ave= 0.000E+00 +/- 0.00 % Gtotal(l=2) ave= 0.000E+00 +/- 0.00 % Gtotal(l=3) ave= 0.000E+00 +/- 0.00 %  % || Gg(l=0) ave= 1.039E+00 +/- 0.88 % Gg(l=1) ave= 5.272E-01 +/- 0.43 % Gg(l=2) ave= 7.579E-01 +/- 0.47 % Gg(l=3) ave= 0.000E+00 +/- 0.00 %  % || D(l=0) ave= 2.656E+04 +/- 0.00 % D(l=1) ave= 6.071E+03 +/- 0.00 % D(l=2) ave= 6.693E+03 +/- 0.00 % D(l=3) ave= 0.000E+00 +/- 0.00 %  % || S(l=0) ave= 2.277E-04 +/- 0.17 % S(l=1) ave= 4.219E-05 +/- 6.09 % S(l=2) ave= 2.755E-04 +/- 17.19 % S(l=3) ave= 0.000E+00 +/- 0.00 % 
 ... random file  176 Cap(th)  ave= 2.575E+00 b. +/- 0.44 % || Ela(th) ave= 1.209E+01 b. +/- 5.53 % || RIcap ave= 1.28E+00 b. +/- 0.37 % || Macs30 ave= 1.21E-02 b. +/- 1.31 % || Gn^0(l=0) ave= 5.865E+00 +/- 0.17 % Gn^0(l=1) ave= 4.642E-01 +/- 6.14 % Gn^0(l=2) ave= 3.610E+00 +/- 17.20 % Gn^0(l=3) ave= 0.000E+00 +/- 0.00 % || Gtotal(l=0) ave= 0.000E+00 +/- 0.00 % Gtotal(l=1) ave= 0.000E+00 +/- 0.00 % Gtotal(l=2) ave= 0.000E+00 +/- 0.00 % Gtotal(l=3) ave= 0.000E+00 +/- 0.00 %  % || Gg(l=0) ave= 1.039E+00 +/- 0.89 % Gg(l=1) ave= 5.272E-01 +/- 0.43 % Gg(l=2) ave= 7.579E-01 +/- 0.46 % Gg(l=3) ave= 0.000E+00 +/- 0.00 %  % || D(l=0) ave= 2.656E+04 +/- 0.00 % D(l=1) ave= 6.071E+03 +/- 0.00 % D(l=2) ave= 6.693E+03 +/- 0.00 % D(l=3) ave= 0.000E+00 +/- 0.00 %  % || S(l=0) ave= 2.277E-04 +/- 0.17 % S(l=1) ave= 4.217E-05 +/- 6.13 % S(l=2) ave= 2.754E-04 +/- 17.15 % S(l=3) ave= 0.000E+00 +/- 0.00 % 
 ... random file  177 Cap(th)  ave= 2.575E+00 b. +/- 0.44 % || Ela(th) ave= 1.209E+01 b. +/- 5.52 % || RIcap ave= 1.28E+00 b. +/- 0.37 % || Macs30 ave= 1.21E-02 b. +/- 1.32 % || Gn^0(l=0) ave= 5.865E+00 +/- 0.17 % Gn^0(l=1) ave= 4.644E-01 +/- 6.13 % Gn^0(l=2) ave= 3.616E+00 +/- 17.25 % Gn^0(l=3) ave= 0.000E+00 +/- 0.00 % || Gtotal(l=0) ave= 0.000E+00 +/- 0.00 % Gtotal(l=1) ave= 0.000E+00 +/- 0.00 % Gtotal(l=2) ave= 0.000E+00 +/- 0.00 % Gtotal(l=3) ave= 0.000E+00 +/- 0.00 %  % || Gg(l=0) ave= 1.038E+00 +/- 0.88 % Gg(l=1) ave= 5.272E-01 +/- 0.43 % Gg(l=2) ave= 7.579E-01 +/- 0.46 % Gg(l=3) ave= 0.000E+00 +/- 0.00 %  % || D(l=0) ave= 2.656E+04 +/- 0.00 % D(l=1) ave= 6.071E+03 +/- 0.00 % D(l=2) ave= 6.693E+03 +/- 0.00 % D(l=3) ave= 0.000E+00 +/- 0.00 %  % || S(l=0) ave= 2.277E-04 +/- 0.17 % S(l=1) ave= 4.218E-05 +/- 6.13 % S(l=2) ave= 2.759E-04 +/- 17.20 % S(l=3) ave= 0.000E+00 +/- 0.00 % 
 ... random file  178 Cap(th)  ave= 2.575E+00 b. +/- 0.43 % || Ela(th) ave= 1.210E+01 b. +/- 5.51 % || RIcap ave= 1.28E+00 b. +/- 0.37 % || Macs30 ave= 1.21E-02 b. +/- 1.31 % || Gn^0(l=0) ave= 5.865E+00 +/- 0.17 % Gn^0(l=1) ave= 4.647E-01 +/- 6.18 % Gn^0(l=2) ave= 3.614E+00 +/- 17.22 % Gn^0(l=3) ave= 0.000E+00 +/- 0.00 % || Gtotal(l=0) ave= 0.000E+00 +/- 0.00 % Gtotal(l=1) ave= 0.000E+00 +/- 0.00 % Gtotal(l=2) ave= 0.000E+00 +/- 0.00 % Gtotal(l=3) ave= 0.000E+00 +/- 0.00 %  % || Gg(l=0) ave= 1.038E+00 +/- 0.88 % Gg(l=1) ave= 5.272E-01 +/- 0.44 % Gg(l=2) ave= 7.579E-01 +/- 0.46 % Gg(l=3) ave= 0.000E+00 +/- 0.00 %  % || D(l=0) ave= 2.656E+04 +/- 0.00 % D(l=1) ave= 6.071E+03 +/- 0.00 % D(l=2) ave= 6.693E+03 +/- 0.00 % D(l=3) ave= 0.000E+00 +/- 0.00 %  % || S(l=0) ave= 2.277E-04 +/- 0.17 % S(l=1) ave= 4.221E-05 +/- 6.18 % S(l=2) ave= 2.758E-04 +/- 17.17 % S(l=3) ave= 0.000E+00 +/- 0.00 % 
 ... random file  179 Cap(th)  ave= 2.575E+00 b. +/- 0.43 % || Ela(th) ave= 1.209E+01 b. +/- 5.50 % || RIcap ave= 1.28E+00 b. +/- 0.37 % || Macs30 ave= 1.21E-02 b. +/- 1.31 % || Gn^0(l=0) ave= 5.865E+00 +/- 0.17 % Gn^0(l=1) ave= 4.649E-01 +/- 6.20 % Gn^0(l=2) ave= 3.619E+00 +/- 17.24 % Gn^0(l=3) ave= 0.000E+00 +/- 0.00 % || Gtotal(l=0) ave= 0.000E+00 +/- 0.00 % Gtotal(l=1) ave= 0.000E+00 +/- 0.00 % Gtotal(l=2) ave= 0.000E+00 +/- 0.00 % Gtotal(l=3) ave= 0.000E+00 +/- 0.00 %  % || Gg(l=0) ave= 1.038E+00 +/- 0.88 % Gg(l=1) ave= 5.272E-01 +/- 0.43 % Gg(l=2) ave= 7.579E-01 +/- 0.46 % Gg(l=3) ave= 0.000E+00 +/- 0.00 %  % || D(l=0) ave= 2.656E+04 +/- 0.00 % D(l=1) ave= 6.071E+03 +/- 0.00 % D(l=2) ave= 6.693E+03 +/- 0.00 % D(l=3) ave= 0.000E+00 +/- 0.00 %  % || S(l=0) ave= 2.277E-04 +/- 0.17 % S(l=1) ave= 4.223E-05 +/- 6.20 % S(l=2) ave= 2.761E-04 +/- 17.19 % S(l=3) ave= 0.000E+00 +/- 0.00 % 
 ... random file  180 Cap(th)  ave= 2.575E+00 b. +/- 0.44 % || Ela(th) ave= 1.209E+01 b. +/- 5.49 % || RIcap ave= 1.28E+00 b. +/- 0.37 % || Macs30 ave= 1.21E-02 b. +/- 1.31 % || Gn^0(l=0) ave= 5.865E+00 +/- 0.17 % Gn^0(l=1) ave= 4.647E-01 +/- 6.23 % Gn^0(l=2) ave= 3.616E+00 +/- 17.24 % Gn^0(l=3) ave= 0.000E+00 +/- 0.00 % || Gtotal(l=0) ave= 0.000E+00 +/- 0.00 % Gtotal(l=1) ave= 0.000E+00 +/- 0.00 % Gtotal(l=2) ave= 0.000E+00 +/- 0.00 % Gtotal(l=3) ave= 0.000E+00 +/- 0.00 %  % || Gg(l=0) ave= 1.038E+00 +/- 0.88 % Gg(l=1) ave= 5.272E-01 +/- 0.43 % Gg(l=2) ave= 7.579E-01 +/- 0.46 % Gg(l=3) ave= 0.000E+00 +/- 0.00 %  % || D(l=0) ave= 2.656E+04 +/- 0.00 % D(l=1) ave= 6.071E+03 +/- 0.00 % D(l=2) ave= 6.693E+03 +/- 0.00 % D(l=3) ave= 0.000E+00 +/- 0.00 %  % || S(l=0) ave= 2.277E-04 +/- 0.17 % S(l=1) ave= 4.221E-05 +/- 6.23 % S(l=2) ave= 2.759E-04 +/- 17.19 % S(l=3) ave= 0.000E+00 +/- 0.00 % 
 ... random file  181 Cap(th)  ave= 2.575E+00 b. +/- 0.43 % || Ela(th) ave= 1.210E+01 b. +/- 5.49 % || RIcap ave= 1.28E+00 b. +/- 0.37 % || Macs30 ave= 1.21E-02 b. +/- 1.31 % || Gn^0(l=0) ave= 5.865E+00 +/- 0.17 % Gn^0(l=1) ave= 4.646E-01 +/- 6.21 % Gn^0(l=2) ave= 3.612E+00 +/- 17.30 % Gn^0(l=3) ave= 0.000E+00 +/- 0.00 % || Gtotal(l=0) ave= 0.000E+00 +/- 0.00 % Gtotal(l=1) ave= 0.000E+00 +/- 0.00 % Gtotal(l=2) ave= 0.000E+00 +/- 0.00 % Gtotal(l=3) ave= 0.000E+00 +/- 0.00 %  % || Gg(l=0) ave= 1.039E+00 +/- 0.88 % Gg(l=1) ave= 5.272E-01 +/- 0.43 % Gg(l=2) ave= 7.579E-01 +/- 0.46 % Gg(l=3) ave= 0.000E+00 +/- 0.00 %  % || D(l=0) ave= 2.656E+04 +/- 0.00 % D(l=1) ave= 6.071E+03 +/- 0.00 % D(l=2) ave= 6.693E+03 +/- 0.00 % D(l=3) ave= 0.000E+00 +/- 0.00 %  % || S(l=0) ave= 2.277E-04 +/- 0.17 % S(l=1) ave= 4.220E-05 +/- 6.21 % S(l=2) ave= 2.756E-04 +/- 17.25 % S(l=3) ave= 0.000E+00 +/- 0.00 % 
 ... random file  182 Cap(th)  ave= 2.575E+00 b. +/- 0.43 % || Ela(th) ave= 1.209E+01 b. +/- 5.50 % || RIcap ave= 1.28E+00 b. +/- 0.37 % || Macs30 ave= 1.21E-02 b. +/- 1.31 % || Gn^0(l=0) ave= 5.865E+00 +/- 0.17 % Gn^0(l=1) ave= 4.650E-01 +/- 6.28 % Gn^0(l=2) ave= 3.606E+00 +/- 17.39 % Gn^0(l=3) ave= 0.000E+00 +/- 0.00 % || Gtotal(l=0) ave= 0.000E+00 +/- 0.00 % Gtotal(l=1) ave= 0.000E+00 +/- 0.00 % Gtotal(l=2) ave= 0.000E+00 +/- 0.00 % Gtotal(l=3) ave= 0.000E+00 +/- 0.00 %  % || Gg(l=0) ave= 1.038E+00 +/- 0.88 % Gg(l=1) ave= 5.272E-01 +/- 0.44 % Gg(l=2) ave= 7.579E-01 +/- 0.46 % Gg(l=3) ave= 0.000E+00 +/- 0.00 %  % || D(l=0) ave= 2.656E+04 +/- 0.00 % D(l=1) ave= 6.071E+03 +/- 0.00 % D(l=2) ave= 6.693E+03 +/- 0.00 % D(l=3) ave= 0.000E+00 +/- 0.00 %  % || S(l=0) ave= 2.277E-04 +/- 0.17 % S(l=1) ave= 4.223E-05 +/- 6.28 % S(l=2) ave= 2.752E-04 +/- 17.34 % S(l=3) ave= 0.000E+00 +/- 0.00 % 
 ... random file  183 Cap(th)  ave= 2.575E+00 b. +/- 0.43 % || Ela(th) ave= 1.209E+01 b. +/- 5.49 % || RIcap ave= 1.28E+00 b. +/- 0.37 % || Macs30 ave= 1.21E-02 b. +/- 1.31 % || Gn^0(l=0) ave= 5.865E+00 +/- 0.17 % Gn^0(l=1) ave= 4.650E-01 +/- 6.26 % Gn^0(l=2) ave= 3.602E+00 +/- 17.45 % Gn^0(l=3) ave= 0.000E+00 +/- 0.00 % || Gtotal(l=0) ave= 0.000E+00 +/- 0.00 % Gtotal(l=1) ave= 0.000E+00 +/- 0.00 % Gtotal(l=2) ave= 0.000E+00 +/- 0.00 % Gtotal(l=3) ave= 0.000E+00 +/- 0.00 %  % || Gg(l=0) ave= 1.038E+00 +/- 0.87 % Gg(l=1) ave= 5.272E-01 +/- 0.44 % Gg(l=2) ave= 7.579E-01 +/- 0.46 % Gg(l=3) ave= 0.000E+00 +/- 0.00 %  % || D(l=0) ave= 2.656E+04 +/- 0.00 % D(l=1) ave= 6.071E+03 +/- 0.00 % D(l=2) ave= 6.693E+03 +/- 0.00 % D(l=3) ave= 0.000E+00 +/- 0.00 %  % || S(l=0) ave= 2.277E-04 +/- 0.17 % S(l=1) ave= 4.223E-05 +/- 6.26 % S(l=2) ave= 2.748E-04 +/- 17.40 % S(l=3) ave= 0.000E+00 +/- 0.00 % 
 ... random file  184 Cap(th)  ave= 2.575E+00 b. +/- 0.44 % || Ela(th) ave= 1.210E+01 b. +/- 5.52 % || RIcap ave= 1.28E+00 b. +/- 0.37 % || Macs30 ave= 1.21E-02 b. +/- 1.30 % || Gn^0(l=0) ave= 5.865E+00 +/- 0.17 % Gn^0(l=1) ave= 4.648E-01 +/- 6.26 % Gn^0(l=2) ave= 3.599E+00 +/- 17.45 % Gn^0(l=3) ave= 0.000E+00 +/- 0.00 % || Gtotal(l=0) ave= 0.000E+00 +/- 0.00 % Gtotal(l=1) ave= 0.000E+00 +/- 0.00 % Gtotal(l=2) ave= 0.000E+00 +/- 0.00 % Gtotal(l=3) ave= 0.000E+00 +/- 0.00 %  % || Gg(l=0) ave= 1.039E+00 +/- 0.90 % Gg(l=1) ave= 5.272E-01 +/- 0.43 % Gg(l=2) ave= 7.579E-01 +/- 0.46 % Gg(l=3) ave= 0.000E+00 +/- 0.00 %  % || D(l=0) ave= 2.656E+04 +/- 0.00 % D(l=1) ave= 6.071E+03 +/- 0.00 % D(l=2) ave= 6.693E+03 +/- 0.00 % D(l=3) ave= 0.000E+00 +/- 0.00 %  % || S(l=0) ave= 2.277E-04 +/- 0.17 % S(l=1) ave= 4.222E-05 +/- 6.26 % S(l=2) ave= 2.746E-04 +/- 17.40 % S(l=3) ave= 0.000E+00 +/- 0.00 % 
 ... random file  185 Cap(th)  ave= 2.575E+00 b. +/- 0.44 % || Ela(th) ave= 1.210E+01 b. +/- 5.52 % || RIcap ave= 1.28E+00 b. +/- 0.37 % || Macs30 ave= 1.21E-02 b. +/- 1.30 % || Gn^0(l=0) ave= 5.865E+00 +/- 0.17 % Gn^0(l=1) ave= 4.650E-01 +/- 6.26 % Gn^0(l=2) ave= 3.597E+00 +/- 17.43 % Gn^0(l=3) ave= 0.000E+00 +/- 0.00 % || Gtotal(l=0) ave= 0.000E+00 +/- 0.00 % Gtotal(l=1) ave= 0.000E+00 +/- 0.00 % Gtotal(l=2) ave= 0.000E+00 +/- 0.00 % Gtotal(l=3) ave= 0.000E+00 +/- 0.00 %  % || Gg(l=0) ave= 1.039E+00 +/- 0.89 % Gg(l=1) ave= 5.271E-01 +/- 0.44 % Gg(l=2) ave= 7.579E-01 +/- 0.46 % Gg(l=3) ave= 0.000E+00 +/- 0.00 %  % || D(l=0) ave= 2.656E+04 +/- 0.00 % D(l=1) ave= 6.071E+03 +/- 0.00 % D(l=2) ave= 6.693E+03 +/- 0.00 % D(l=3) ave= 0.000E+00 +/- 0.00 %  % || S(l=0) ave= 2.277E-04 +/- 0.17 % S(l=1) ave= 4.223E-05 +/- 6.26 % S(l=2) ave= 2.744E-04 +/- 17.38 % S(l=3) ave= 0.000E+00 +/- 0.00 % 
 ... random file  186 Cap(th)  ave= 2.575E+00 b. +/- 0.43 % || Ela(th) ave= 1.210E+01 b. +/- 5.50 % || RIcap ave= 1.28E+00 b. +/- 0.37 % || Macs30 ave= 1.21E-02 b. +/- 1.30 % || Gn^0(l=0) ave= 5.865E+00 +/- 0.16 % Gn^0(l=1) ave= 4.650E-01 +/- 6.24 % Gn^0(l=2) ave= 3.595E+00 +/- 17.42 % Gn^0(l=3) ave= 0.000E+00 +/- 0.00 % || Gtotal(l=0) ave= 0.000E+00 +/- 0.00 % Gtotal(l=1) ave= 0.000E+00 +/- 0.00 % Gtotal(l=2) ave= 0.000E+00 +/- 0.00 % Gtotal(l=3) ave= 0.000E+00 +/- 0.00 %  % || Gg(l=0) ave= 1.039E+00 +/- 0.90 % Gg(l=1) ave= 5.271E-01 +/- 0.44 % Gg(l=2) ave= 7.579E-01 +/- 0.46 % Gg(l=3) ave= 0.000E+00 +/- 0.00 %  % || D(l=0) ave= 2.656E+04 +/- 0.00 % D(l=1) ave= 6.071E+03 +/- 0.00 % D(l=2) ave= 6.693E+03 +/- 0.00 % D(l=3) ave= 0.000E+00 +/- 0.00 %  % || S(l=0) ave= 2.277E-04 +/- 0.16 % S(l=1) ave= 4.224E-05 +/- 6.24 % S(l=2) ave= 2.743E-04 +/- 17.37 % S(l=3) ave= 0.000E+00 +/- 0.00 % 
 ... random file  187 Cap(th)  ave= 2.576E+00 b. +/- 0.44 % || Ela(th) ave= 1.210E+01 b. +/- 5.53 % || RIcap ave= 1.28E+00 b. +/- 0.37 % || Macs30 ave= 1.21E-02 b. +/- 1.31 % || Gn^0(l=0) ave= 5.865E+00 +/- 0.17 % Gn^0(l=1) ave= 4.648E-01 +/- 6.25 % Gn^0(l=2) ave= 3.595E+00 +/- 17.37 % Gn^0(l=3) ave= 0.000E+00 +/- 0.00 % || Gtotal(l=0) ave= 0.000E+00 +/- 0.00 % Gtotal(l=1) ave= 0.000E+00 +/- 0.00 % Gtotal(l=2) ave= 0.000E+00 +/- 0.00 % Gtotal(l=3) ave= 0.000E+00 +/- 0.00 %  % || Gg(l=0) ave= 1.038E+00 +/- 0.91 % Gg(l=1) ave= 5.271E-01 +/- 0.44 % Gg(l=2) ave= 7.579E-01 +/- 0.46 % Gg(l=3) ave= 0.000E+00 +/- 0.00 %  % || D(l=0) ave= 2.656E+04 +/- 0.00 % D(l=1) ave= 6.071E+03 +/- 0.00 % D(l=2) ave= 6.693E+03 +/- 0.00 % D(l=3) ave= 0.000E+00 +/- 0.00 %  % || S(l=0) ave= 2.277E-04 +/- 0.17 % S(l=1) ave= 4.222E-05 +/- 6.25 % S(l=2) ave= 2.743E-04 +/- 17.32 % S(l=3) ave= 0.000E+00 +/- 0.00 % 
 ... random file  188 Cap(th)  ave= 2.576E+00 b. +/- 0.44 % || Ela(th) ave= 1.210E+01 b. +/- 5.55 % || RIcap ave= 1.28E+00 b. +/- 0.37 % || Macs30 ave= 1.21E-02 b. +/- 1.30 % || Gn^0(l=0) ave= 5.865E+00 +/- 0.17 % Gn^0(l=1) ave= 4.648E-01 +/- 6.23 % Gn^0(l=2) ave= 3.593E+00 +/- 17.36 % Gn^0(l=3) ave= 0.000E+00 +/- 0.00 % || Gtotal(l=0) ave= 0.000E+00 +/- 0.00 % Gtotal(l=1) ave= 0.000E+00 +/- 0.00 % Gtotal(l=2) ave= 0.000E+00 +/- 0.00 % Gtotal(l=3) ave= 0.000E+00 +/- 0.00 %  % || Gg(l=0) ave= 1.039E+00 +/- 0.91 % Gg(l=1) ave= 5.271E-01 +/- 0.44 % Gg(l=2) ave= 7.579E-01 +/- 0.46 % Gg(l=3) ave= 0.000E+00 +/- 0.00 %  % || D(l=0) ave= 2.656E+04 +/- 0.00 % D(l=1) ave= 6.071E+03 +/- 0.00 % D(l=2) ave= 6.693E+03 +/- 0.00 % D(l=3) ave= 0.000E+00 +/- 0.00 %  % || S(l=0) ave= 2.277E-04 +/- 0.17 % S(l=1) ave= 4.222E-05 +/- 6.23 % S(l=2) ave= 2.741E-04 +/- 17.31 % S(l=3) ave= 0.000E+00 +/- 0.00 % 
 ... random file  189 Cap(th)  ave= 2.576E+00 b. +/- 0.44 % || Ela(th) ave= 1.211E+01 b. +/- 5.53 % || RIcap ave= 1.28E+00 b. +/- 0.37 % || Macs30 ave= 1.21E-02 b. +/- 1.30 % || Gn^0(l=0) ave= 5.865E+00 +/- 0.16 % Gn^0(l=1) ave= 4.647E-01 +/- 6.22 % Gn^0(l=2) ave= 3.592E+00 +/- 17.33 % Gn^0(l=3) ave= 0.000E+00 +/- 0.00 % || Gtotal(l=0) ave= 0.000E+00 +/- 0.00 % Gtotal(l=1) ave= 0.000E+00 +/- 0.00 % Gtotal(l=2) ave= 0.000E+00 +/- 0.00 % Gtotal(l=3) ave= 0.000E+00 +/- 0.00 %  % || Gg(l=0) ave= 1.039E+00 +/- 0.90 % Gg(l=1) ave= 5.271E-01 +/- 0.43 % Gg(l=2) ave= 7.579E-01 +/- 0.46 % Gg(l=3) ave= 0.000E+00 +/- 0.00 %  % || D(l=0) ave= 2.656E+04 +/- 0.00 % D(l=1) ave= 6.071E+03 +/- 0.00 % D(l=2) ave= 6.693E+03 +/- 0.00 % D(l=3) ave= 0.000E+00 +/- 0.00 %  % || S(l=0) ave= 2.277E-04 +/- 0.16 % S(l=1) ave= 4.221E-05 +/- 6.22 % S(l=2) ave= 2.740E-04 +/- 17.28 % S(l=3) ave= 0.000E+00 +/- 0.00 % 
 ... random file  190 Cap(th)  ave= 2.575E+00 b. +/- 0.44 % || Ela(th) ave= 1.211E+01 b. +/- 5.54 % || RIcap ave= 1.28E+00 b. +/- 0.38 % || Macs30 ave= 1.21E-02 b. +/- 1.30 % || Gn^0(l=0) ave= 5.865E+00 +/- 0.16 % Gn^0(l=1) ave= 4.647E-01 +/- 6.20 % Gn^0(l=2) ave= 3.595E+00 +/- 17.31 % Gn^0(l=3) ave= 0.000E+00 +/- 0.00 % || Gtotal(l=0) ave= 0.000E+00 +/- 0.00 % Gtotal(l=1) ave= 0.000E+00 +/- 0.00 % Gtotal(l=2) ave= 0.000E+00 +/- 0.00 % Gtotal(l=3) ave= 0.000E+00 +/- 0.00 %  % || Gg(l=0) ave= 1.039E+00 +/- 0.90 % Gg(l=1) ave= 5.271E-01 +/- 0.44 % Gg(l=2) ave= 7.579E-01 +/- 0.46 % Gg(l=3) ave= 0.000E+00 +/- 0.00 %  % || D(l=0) ave= 2.656E+04 +/- 0.00 % D(l=1) ave= 6.071E+03 +/- 0.00 % D(l=2) ave= 6.693E+03 +/- 0.00 % D(l=3) ave= 0.000E+00 +/- 0.00 %  % || S(l=0) ave= 2.277E-04 +/- 0.16 % S(l=1) ave= 4.221E-05 +/- 6.20 % S(l=2) ave= 2.743E-04 +/- 17.26 % S(l=3) ave= 0.000E+00 +/- 0.00 % 
 ... random file  191 Cap(th)  ave= 2.575E+00 b. +/- 0.44 % || Ela(th) ave= 1.211E+01 b. +/- 5.52 % || RIcap ave= 1.28E+00 b. +/- 0.38 % || Macs30 ave= 1.21E-02 b. +/- 1.31 % || Gn^0(l=0) ave= 5.865E+00 +/- 0.17 % Gn^0(l=1) ave= 4.648E-01 +/- 6.19 % Gn^0(l=2) ave= 3.597E+00 +/- 17.28 % Gn^0(l=3) ave= 0.000E+00 +/- 0.00 % || Gtotal(l=0) ave= 0.000E+00 +/- 0.00 % Gtotal(l=1) ave= 0.000E+00 +/- 0.00 % Gtotal(l=2) ave= 0.000E+00 +/- 0.00 % Gtotal(l=3) ave= 0.000E+00 +/- 0.00 %  % || Gg(l=0) ave= 1.039E+00 +/- 0.90 % Gg(l=1) ave= 5.271E-01 +/- 0.44 % Gg(l=2) ave= 7.579E-01 +/- 0.46 % Gg(l=3) ave= 0.000E+00 +/- 0.00 %  % || D(l=0) ave= 2.656E+04 +/- 0.00 % D(l=1) ave= 6.071E+03 +/- 0.00 % D(l=2) ave= 6.693E+03 +/- 0.00 % D(l=3) ave= 0.000E+00 +/- 0.00 %  % || S(l=0) ave= 2.277E-04 +/- 0.17 % S(l=1) ave= 4.222E-05 +/- 6.19 % S(l=2) ave= 2.745E-04 +/- 17.23 % S(l=3) ave= 0.000E+00 +/- 0.00 % 
 ... random file  192 Cap(th)  ave= 2.576E+00 b. +/- 0.44 % || Ela(th) ave= 1.211E+01 b. +/- 5.51 % || RIcap ave= 1.28E+00 b. +/- 0.37 % || Macs30 ave= 1.21E-02 b. +/- 1.30 % || Gn^0(l=0) ave= 5.865E+00 +/- 0.16 % Gn^0(l=1) ave= 4.647E-01 +/- 6.18 % Gn^0(l=2) ave= 3.595E+00 +/- 17.26 % Gn^0(l=3) ave= 0.000E+00 +/- 0.00 % || Gtotal(l=0) ave= 0.000E+00 +/- 0.00 % Gtotal(l=1) ave= 0.000E+00 +/- 0.00 % Gtotal(l=2) ave= 0.000E+00 +/- 0.00 % Gtotal(l=3) ave= 0.000E+00 +/- 0.00 %  % || Gg(l=0) ave= 1.039E+00 +/- 0.90 % Gg(l=1) ave= 5.271E-01 +/- 0.44 % Gg(l=2) ave= 7.579E-01 +/- 0.46 % Gg(l=3) ave= 0.000E+00 +/- 0.00 %  % || D(l=0) ave= 2.656E+04 +/- 0.00 % D(l=1) ave= 6.071E+03 +/- 0.00 % D(l=2) ave= 6.693E+03 +/- 0.00 % D(l=3) ave= 0.000E+00 +/- 0.00 %  % || S(l=0) ave= 2.277E-04 +/- 0.16 % S(l=1) ave= 4.221E-05 +/- 6.18 % S(l=2) ave= 2.743E-04 +/- 17.22 % S(l=3) ave= 0.000E+00 +/- 0.00 % 
 ... random file  193 Cap(th)  ave= 2.576E+00 b. +/- 0.44 % || Ela(th) ave= 1.211E+01 b. +/- 5.50 % || RIcap ave= 1.28E+00 b. +/- 0.37 % || Macs30 ave= 1.21E-02 b. +/- 1.31 % || Gn^0(l=0) ave= 5.865E+00 +/- 0.16 % Gn^0(l=1) ave= 4.647E-01 +/- 6.17 % Gn^0(l=2) ave= 3.593E+00 +/- 17.25 % Gn^0(l=3) ave= 0.000E+00 +/- 0.00 % || Gtotal(l=0) ave= 0.000E+00 +/- 0.00 % Gtotal(l=1) ave= 0.000E+00 +/- 0.00 % Gtotal(l=2) ave= 0.000E+00 +/- 0.00 % Gtotal(l=3) ave= 0.000E+00 +/- 0.00 %  % || Gg(l=0) ave= 1.038E+00 +/- 0.91 % Gg(l=1) ave= 5.271E-01 +/- 0.44 % Gg(l=2) ave= 7.579E-01 +/- 0.45 % Gg(l=3) ave= 0.000E+00 +/- 0.00 %  % || D(l=0) ave= 2.656E+04 +/- 0.00 % D(l=1) ave= 6.071E+03 +/- 0.00 % D(l=2) ave= 6.693E+03 +/- 0.00 % D(l=3) ave= 0.000E+00 +/- 0.00 %  % || S(l=0) ave= 2.277E-04 +/- 0.16 % S(l=1) ave= 4.221E-05 +/- 6.17 % S(l=2) ave= 2.741E-04 +/- 17.21 % S(l=3) ave= 0.000E+00 +/- 0.00 % 
 ... random file  194 Cap(th)  ave= 2.576E+00 b. +/- 0.44 % || Ela(th) ave= 1.212E+01 b. +/- 5.55 % || RIcap ave= 1.28E+00 b. +/- 0.37 % || Macs30 ave= 1.21E-02 b. +/- 1.31 % || Gn^0(l=0) ave= 5.865E+00 +/- 0.16 % Gn^0(l=1) ave= 4.647E-01 +/- 6.15 % Gn^0(l=2) ave= 3.590E+00 +/- 17.26 % Gn^0(l=3) ave= 0.000E+00 +/- 0.00 % || Gtotal(l=0) ave= 0.000E+00 +/- 0.00 % Gtotal(l=1) ave= 0.000E+00 +/- 0.00 % Gtotal(l=2) ave= 0.000E+00 +/- 0.00 % Gtotal(l=3) ave= 0.000E+00 +/- 0.00 %  % || Gg(l=0) ave= 1.039E+00 +/- 0.92 % Gg(l=1) ave= 5.271E-01 +/- 0.44 % Gg(l=2) ave= 7.579E-01 +/- 0.45 % Gg(l=3) ave= 0.000E+00 +/- 0.00 %  % || D(l=0) ave= 2.656E+04 +/- 0.00 % D(l=1) ave= 6.071E+03 +/- 0.00 % D(l=2) ave= 6.693E+03 +/- 0.00 % D(l=3) ave= 0.000E+00 +/- 0.00 %  % || S(l=0) ave= 2.277E-04 +/- 0.16 % S(l=1) ave= 4.221E-05 +/- 6.15 % S(l=2) ave= 2.739E-04 +/- 17.21 % S(l=3) ave= 0.000E+00 +/- 0.00 % 
 ... random file  195 Cap(th)  ave= 2.576E+00 b. +/- 0.44 % || Ela(th) ave= 1.211E+01 b. +/- 5.54 % || RIcap ave= 1.28E+00 b. +/- 0.37 % || Macs30 ave= 1.21E-02 b. +/- 1.30 % || Gn^0(l=0) ave= 5.865E+00 +/- 0.16 % Gn^0(l=1) ave= 4.648E-01 +/- 6.14 % Gn^0(l=2) ave= 3.590E+00 +/- 17.21 % Gn^0(l=3) ave= 0.000E+00 +/- 0.00 % || Gtotal(l=0) ave= 0.000E+00 +/- 0.00 % Gtotal(l=1) ave= 0.000E+00 +/- 0.00 % Gtotal(l=2) ave= 0.000E+00 +/- 0.00 % Gtotal(l=3) ave= 0.000E+00 +/- 0.00 %  % || Gg(l=0) ave= 1.039E+00 +/- 0.91 % Gg(l=1) ave= 5.272E-01 +/- 0.44 % Gg(l=2) ave= 7.579E-01 +/- 0.45 % Gg(l=3) ave= 0.000E+00 +/- 0.00 %  % || D(l=0) ave= 2.656E+04 +/- 0.00 % D(l=1) ave= 6.071E+03 +/- 0.00 % D(l=2) ave= 6.693E+03 +/- 0.00 % D(l=3) ave= 0.000E+00 +/- 0.00 %  % || S(l=0) ave= 2.277E-04 +/- 0.16 % S(l=1) ave= 4.222E-05 +/- 6.14 % S(l=2) ave= 2.739E-04 +/- 17.17 % S(l=3) ave= 0.000E+00 +/- 0.00 % 
 ... random file  196 Cap(th)  ave= 2.576E+00 b. +/- 0.44 % || Ela(th) ave= 1.211E+01 b. +/- 5.52 % || RIcap ave= 1.28E+00 b. +/- 0.37 % || Macs30 ave= 1.21E-02 b. +/- 1.30 % || Gn^0(l=0) ave= 5.865E+00 +/- 0.16 % Gn^0(l=1) ave= 4.648E-01 +/- 6.12 % Gn^0(l=2) ave= 3.585E+00 +/- 17.29 % Gn^0(l=3) ave= 0.000E+00 +/- 0.00 % || Gtotal(l=0) ave= 0.000E+00 +/- 0.00 % Gtotal(l=1) ave= 0.000E+00 +/- 0.00 % Gtotal(l=2) ave= 0.000E+00 +/- 0.00 % Gtotal(l=3) ave= 0.000E+00 +/- 0.00 %  % || Gg(l=0) ave= 1.039E+00 +/- 0.91 % Gg(l=1) ave= 5.272E-01 +/- 0.43 % Gg(l=2) ave= 7.579E-01 +/- 0.45 % Gg(l=3) ave= 0.000E+00 +/- 0.00 %  % || D(l=0) ave= 2.656E+04 +/- 0.00 % D(l=1) ave= 6.071E+03 +/- 0.00 % D(l=2) ave= 6.693E+03 +/- 0.00 % D(l=3) ave= 0.000E+00 +/- 0.00 %  % || S(l=0) ave= 2.277E-04 +/- 0.16 % S(l=1) ave= 4.222E-05 +/- 6.12 % S(l=2) ave= 2.736E-04 +/- 17.24 % S(l=3) ave= 0.000E+00 +/- 0.00 % 
 ... random file  197 Cap(th)  ave= 2.576E+00 b. +/- 0.44 % || Ela(th) ave= 1.211E+01 b. +/- 5.51 % || RIcap ave= 1.28E+00 b. +/- 0.37 % || Macs30 ave= 1.21E-02 b. +/- 1.31 % || Gn^0(l=0) ave= 5.865E+00 +/- 0.16 % Gn^0(l=1) ave= 4.648E-01 +/- 6.11 % Gn^0(l=2) ave= 3.582E+00 +/- 17.30 % Gn^0(l=3) ave= 0.000E+00 +/- 0.00 % || Gtotal(l=0) ave= 0.000E+00 +/- 0.00 % Gtotal(l=1) ave= 0.000E+00 +/- 0.00 % Gtotal(l=2) ave= 0.000E+00 +/- 0.00 % Gtotal(l=3) ave= 0.000E+00 +/- 0.00 %  % || Gg(l=0) ave= 1.039E+00 +/- 0.92 % Gg(l=1) ave= 5.272E-01 +/- 0.43 % Gg(l=2) ave= 7.579E-01 +/- 0.45 % Gg(l=3) ave= 0.000E+00 +/- 0.00 %  % || D(l=0) ave= 2.656E+04 +/- 0.00 % D(l=1) ave= 6.071E+03 +/- 0.00 % D(l=2) ave= 6.693E+03 +/- 0.00 % D(l=3) ave= 0.000E+00 +/- 0.00 %  % || S(l=0) ave= 2.277E-04 +/- 0.16 % S(l=1) ave= 4.222E-05 +/- 6.11 % S(l=2) ave= 2.733E-04 +/- 17.25 % S(l=3) ave= 0.000E+00 +/- 0.00 % 
 ... random file  198 Cap(th)  ave= 2.576E+00 b. +/- 0.44 % || Ela(th) ave= 1.212E+01 b. +/- 5.51 % || RIcap ave= 1.28E+00 b. +/- 0.37 % || Macs30 ave= 1.21E-02 b. +/- 1.31 % || Gn^0(l=0) ave= 5.865E+00 +/- 0.16 % Gn^0(l=1) ave= 4.649E-01 +/- 6.10 % Gn^0(l=2) ave= 3.578E+00 +/- 17.34 % Gn^0(l=3) ave= 0.000E+00 +/- 0.00 % || Gtotal(l=0) ave= 0.000E+00 +/- 0.00 % Gtotal(l=1) ave= 0.000E+00 +/- 0.00 % Gtotal(l=2) ave= 0.000E+00 +/- 0.00 % Gtotal(l=3) ave= 0.000E+00 +/- 0.00 %  % || Gg(l=0) ave= 1.039E+00 +/- 0.92 % Gg(l=1) ave= 5.272E-01 +/- 0.43 % Gg(l=2) ave= 7.579E-01 +/- 0.45 % Gg(l=3) ave= 0.000E+00 +/- 0.00 %  % || D(l=0) ave= 2.656E+04 +/- 0.00 % D(l=1) ave= 6.071E+03 +/- 0.00 % D(l=2) ave= 6.693E+03 +/- 0.00 % D(l=3) ave= 0.000E+00 +/- 0.00 %  % || S(l=0) ave= 2.277E-04 +/- 0.16 % S(l=1) ave= 4.222E-05 +/- 6.10 % S(l=2) ave= 2.730E-04 +/- 17.29 % S(l=3) ave= 0.000E+00 +/- 0.00 % 
 ... random file  199 Cap(th)  ave= 2.576E+00 b. +/- 0.44 % || Ela(th) ave= 1.212E+01 b. +/- 5.50 % || RIcap ave= 1.28E+00 b. +/- 0.38 % || Macs30 ave= 1.21E-02 b. +/- 1.30 % || Gn^0(l=0) ave= 5.865E+00 +/- 0.16 % Gn^0(l=1) ave= 4.649E-01 +/- 6.08 % Gn^0(l=2) ave= 3.575E+00 +/- 17.36 % Gn^0(l=3) ave= 0.000E+00 +/- 0.00 % || Gtotal(l=0) ave= 0.000E+00 +/- 0.00 % Gtotal(l=1) ave= 0.000E+00 +/- 0.00 % Gtotal(l=2) ave= 0.000E+00 +/- 0.00 % Gtotal(l=3) ave= 0.000E+00 +/- 0.00 %  % || Gg(l=0) ave= 1.039E+00 +/- 0.92 % Gg(l=1) ave= 5.272E-01 +/- 0.43 % Gg(l=2) ave= 7.579E-01 +/- 0.45 % Gg(l=3) ave= 0.000E+00 +/- 0.00 %  % || D(l=0) ave= 2.656E+04 +/- 0.00 % D(l=1) ave= 6.071E+03 +/- 0.00 % D(l=2) ave= 6.693E+03 +/- 0.00 % D(l=3) ave= 0.000E+00 +/- 0.00 %  % || S(l=0) ave= 2.277E-04 +/- 0.16 % S(l=1) ave= 4.223E-05 +/- 6.08 % S(l=2) ave= 2.728E-04 +/- 17.31 % S(l=3) ave= 0.000E+00 +/- 0.00 % 
 ... random file  200 Cap(th)  ave= 2.576E+00 b. +/- 0.44 % || Ela(th) ave= 1.212E+01 b. +/- 5.49 % || RIcap ave= 1.28E+00 b. +/- 0.38 % || Macs30 ave= 1.21E-02 b. +/- 1.30 % || Gn^0(l=0) ave= 5.865E+00 +/- 0.16 % Gn^0(l=1) ave= 4.650E-01 +/- 6.07 % Gn^0(l=2) ave= 3.579E+00 +/- 17.37 % Gn^0(l=3) ave= 0.000E+00 +/- 0.00 % || Gtotal(l=0) ave= 0.000E+00 +/- 0.00 % Gtotal(l=1) ave= 0.000E+00 +/- 0.00 % Gtotal(l=2) ave= 0.000E+00 +/- 0.00 % Gtotal(l=3) ave= 0.000E+00 +/- 0.00 %  % || Gg(l=0) ave= 1.039E+00 +/- 0.92 % Gg(l=1) ave= 5.271E-01 +/- 0.43 % Gg(l=2) ave= 7.580E-01 +/- 0.46 % Gg(l=3) ave= 0.000E+00 +/- 0.00 %  % || D(l=0) ave= 2.656E+04 +/- 0.00 % D(l=1) ave= 6.071E+03 +/- 0.00 % D(l=2) ave= 6.693E+03 +/- 0.00 % D(l=3) ave= 0.000E+00 +/- 0.00 %  % || S(l=0) ave= 2.277E-04 +/- 0.16 % S(l=1) ave= 4.223E-05 +/- 6.07 % S(l=2) ave= 2.731E-04 +/- 17.32 % S(l=3) ave= 0.000E+00 +/- 0.00 % 
 ... random file  201 Cap(th)  ave= 2.576E+00 b. +/- 0.45 % || Ela(th) ave= 1.212E+01 b. +/- 5.48 % || RIcap ave= 1.28E+00 b. +/- 0.38 % || Macs30 ave= 1.21E-02 b. +/- 1.30 % || Gn^0(l=0) ave= 5.865E+00 +/- 0.16 % Gn^0(l=1) ave= 4.650E-01 +/- 6.06 % Gn^0(l=2) ave= 3.579E+00 +/- 17.32 % Gn^0(l=3) ave= 0.000E+00 +/- 0.00 % || Gtotal(l=0) ave= 0.000E+00 +/- 0.00 % Gtotal(l=1) ave= 0.000E+00 +/- 0.00 % Gtotal(l=2) ave= 0.000E+00 +/- 0.00 % Gtotal(l=3) ave= 0.000E+00 +/- 0.00 %  % || Gg(l=0) ave= 1.039E+00 +/- 0.91 % Gg(l=1) ave= 5.272E-01 +/- 0.43 % Gg(l=2) ave= 7.580E-01 +/- 0.46 % Gg(l=3) ave= 0.000E+00 +/- 0.00 %  % || D(l=0) ave= 2.656E+04 +/- 0.00 % D(l=1) ave= 6.071E+03 +/- 0.00 % D(l=2) ave= 6.693E+03 +/- 0.00 % D(l=3) ave= 0.000E+00 +/- 0.00 %  % || S(l=0) ave= 2.277E-04 +/- 0.16 % S(l=1) ave= 4.224E-05 +/- 6.06 % S(l=2) ave= 2.731E-04 +/- 17.27 % S(l=3) ave= 0.000E+00 +/- 0.00 % 
 ... random file  202 Cap(th)  ave= 2.576E+00 b. +/- 0.44 % || Ela(th) ave= 1.212E+01 b. +/- 5.47 % || RIcap ave= 1.28E+00 b. +/- 0.38 % || Macs30 ave= 1.21E-02 b. +/- 1.30 % || Gn^0(l=0) ave= 5.865E+00 +/- 0.16 % Gn^0(l=1) ave= 4.651E-01 +/- 6.05 % Gn^0(l=2) ave= 3.578E+00 +/- 17.29 % Gn^0(l=3) ave= 0.000E+00 +/- 0.00 % || Gtotal(l=0) ave= 0.000E+00 +/- 0.00 % Gtotal(l=1) ave= 0.000E+00 +/- 0.00 % Gtotal(l=2) ave= 0.000E+00 +/- 0.00 % Gtotal(l=3) ave= 0.000E+00 +/- 0.00 %  % || Gg(l=0) ave= 1.039E+00 +/- 0.91 % Gg(l=1) ave= 5.272E-01 +/- 0.43 % Gg(l=2) ave= 7.580E-01 +/- 0.46 % Gg(l=3) ave= 0.000E+00 +/- 0.00 %  % || D(l=0) ave= 2.656E+04 +/- 0.00 % D(l=1) ave= 6.071E+03 +/- 0.00 % D(l=2) ave= 6.693E+03 +/- 0.00 % D(l=3) ave= 0.000E+00 +/- 0.00 %  % || S(l=0) ave= 2.277E-04 +/- 0.16 % S(l=1) ave= 4.225E-05 +/- 6.05 % S(l=2) ave= 2.730E-04 +/- 17.24 % S(l=3) ave= 0.000E+00 +/- 0.00 % 
 ... random file  203 Cap(th)  ave= 2.576E+00 b. +/- 0.45 % || Ela(th) ave= 1.213E+01 b. +/- 5.46 % || RIcap ave= 1.28E+00 b. +/- 0.38 % || Macs30 ave= 1.21E-02 b. +/- 1.30 % || Gn^0(l=0) ave= 5.865E+00 +/- 0.16 % Gn^0(l=1) ave= 4.654E-01 +/- 6.09 % Gn^0(l=2) ave= 3.574E+00 +/- 17.34 % Gn^0(l=3) ave= 0.000E+00 +/- 0.00 % || Gtotal(l=0) ave= 0.000E+00 +/- 0.00 % Gtotal(l=1) ave= 0.000E+00 +/- 0.00 % Gtotal(l=2) ave= 0.000E+00 +/- 0.00 % Gtotal(l=3) ave= 0.000E+00 +/- 0.00 %  % || Gg(l=0) ave= 1.039E+00 +/- 0.92 % Gg(l=1) ave= 5.272E-01 +/- 0.43 % Gg(l=2) ave= 7.580E-01 +/- 0.46 % Gg(l=3) ave= 0.000E+00 +/- 0.00 %  % || D(l=0) ave= 2.656E+04 +/- 0.00 % D(l=1) ave= 6.071E+03 +/- 0.00 % D(l=2) ave= 6.693E+03 +/- 0.00 % D(l=3) ave= 0.000E+00 +/- 0.00 %  % || S(l=0) ave= 2.277E-04 +/- 0.16 % S(l=1) ave= 4.227E-05 +/- 6.09 % S(l=2) ave= 2.727E-04 +/- 17.29 % S(l=3) ave= 0.000E+00 +/- 0.00 % 
 ... random file  204 Cap(th)  ave= 2.576E+00 b. +/- 0.45 % || Ela(th) ave= 1.212E+01 b. +/- 5.48 % || RIcap ave= 1.28E+00 b. +/- 0.38 % || Macs30 ave= 1.21E-02 b. +/- 1.30 % || Gn^0(l=0) ave= 5.865E+00 +/- 0.16 % Gn^0(l=1) ave= 4.654E-01 +/- 6.07 % Gn^0(l=2) ave= 3.576E+00 +/- 17.30 % Gn^0(l=3) ave= 0.000E+00 +/- 0.00 % || Gtotal(l=0) ave= 0.000E+00 +/- 0.00 % Gtotal(l=1) ave= 0.000E+00 +/- 0.00 % Gtotal(l=2) ave= 0.000E+00 +/- 0.00 % Gtotal(l=3) ave= 0.000E+00 +/- 0.00 %  % || Gg(l=0) ave= 1.039E+00 +/- 0.92 % Gg(l=1) ave= 5.271E-01 +/- 0.44 % Gg(l=2) ave= 7.580E-01 +/- 0.46 % Gg(l=3) ave= 0.000E+00 +/- 0.00 %  % || D(l=0) ave= 2.656E+04 +/- 0.00 % D(l=1) ave= 6.071E+03 +/- 0.00 % D(l=2) ave= 6.693E+03 +/- 0.00 % D(l=3) ave= 0.000E+00 +/- 0.00 %  % || S(l=0) ave= 2.277E-04 +/- 0.16 % S(l=1) ave= 4.227E-05 +/- 6.07 % S(l=2) ave= 2.728E-04 +/- 17.25 % S(l=3) ave= 0.000E+00 +/- 0.00 % 
 ... random file  205 Cap(th)  ave= 2.576E+00 b. +/- 0.45 % || Ela(th) ave= 1.213E+01 b. +/- 5.52 % || RIcap ave= 1.28E+00 b. +/- 0.38 % || Macs30 ave= 1.21E-02 b. +/- 1.30 % || Gn^0(l=0) ave= 5.865E+00 +/- 0.16 % Gn^0(l=1) ave= 4.656E-01 +/- 6.08 % Gn^0(l=2) ave= 3.576E+00 +/- 17.25 % Gn^0(l=3) ave= 0.000E+00 +/- 0.00 % || Gtotal(l=0) ave= 0.000E+00 +/- 0.00 % Gtotal(l=1) ave= 0.000E+00 +/- 0.00 % Gtotal(l=2) ave= 0.000E+00 +/- 0.00 % Gtotal(l=3) ave= 0.000E+00 +/- 0.00 %  % || Gg(l=0) ave= 1.039E+00 +/- 0.91 % Gg(l=1) ave= 5.271E-01 +/- 0.43 % Gg(l=2) ave= 7.580E-01 +/- 0.46 % Gg(l=3) ave= 0.000E+00 +/- 0.00 %  % || D(l=0) ave= 2.656E+04 +/- 0.00 % D(l=1) ave= 6.071E+03 +/- 0.00 % D(l=2) ave= 6.693E+03 +/- 0.00 % D(l=3) ave= 0.000E+00 +/- 0.00 %  % || S(l=0) ave= 2.277E-04 +/- 0.16 % S(l=1) ave= 4.229E-05 +/- 6.07 % S(l=2) ave= 2.729E-04 +/- 17.21 % S(l=3) ave= 0.000E+00 +/- 0.00 % 
 ... random file  206 Cap(th)  ave= 2.576E+00 b. +/- 0.45 % || Ela(th) ave= 1.212E+01 b. +/- 5.53 % || RIcap ave= 1.28E+00 b. +/- 0.38 % || Macs30 ave= 1.21E-02 b. +/- 1.30 % || Gn^0(l=0) ave= 5.865E+00 +/- 0.16 % Gn^0(l=1) ave= 4.655E-01 +/- 6.07 % Gn^0(l=2) ave= 3.575E+00 +/- 17.23 % Gn^0(l=3) ave= 0.000E+00 +/- 0.00 % || Gtotal(l=0) ave= 0.000E+00 +/- 0.00 % Gtotal(l=1) ave= 0.000E+00 +/- 0.00 % Gtotal(l=2) ave= 0.000E+00 +/- 0.00 % Gtotal(l=3) ave= 0.000E+00 +/- 0.00 %  % || Gg(l=0) ave= 1.039E+00 +/- 0.91 % Gg(l=1) ave= 5.271E-01 +/- 0.44 % Gg(l=2) ave= 7.579E-01 +/- 0.46 % Gg(l=3) ave= 0.000E+00 +/- 0.00 %  % || D(l=0) ave= 2.656E+04 +/- 0.00 % D(l=1) ave= 6.071E+03 +/- 0.00 % D(l=2) ave= 6.693E+03 +/- 0.00 % D(l=3) ave= 0.000E+00 +/- 0.00 %  % || S(l=0) ave= 2.277E-04 +/- 0.16 % S(l=1) ave= 4.228E-05 +/- 6.07 % S(l=2) ave= 2.728E-04 +/- 17.18 % S(l=3) ave= 0.000E+00 +/- 0.00 % 
 ... random file  207 Cap(th)  ave= 2.576E+00 b. +/- 0.45 % || Ela(th) ave= 1.212E+01 b. +/- 5.51 % || RIcap ave= 1.28E+00 b. +/- 0.38 % || Macs30 ave= 1.21E-02 b. +/- 1.30 % || Gn^0(l=0) ave= 5.865E+00 +/- 0.16 % Gn^0(l=1) ave= 4.654E-01 +/- 6.06 % Gn^0(l=2) ave= 3.574E+00 +/- 17.19 % Gn^0(l=3) ave= 0.000E+00 +/- 0.00 % || Gtotal(l=0) ave= 0.000E+00 +/- 0.00 % Gtotal(l=1) ave= 0.000E+00 +/- 0.00 % Gtotal(l=2) ave= 0.000E+00 +/- 0.00 % Gtotal(l=3) ave= 0.000E+00 +/- 0.00 %  % || Gg(l=0) ave= 1.038E+00 +/- 0.91 % Gg(l=1) ave= 5.271E-01 +/- 0.44 % Gg(l=2) ave= 7.579E-01 +/- 0.46 % Gg(l=3) ave= 0.000E+00 +/- 0.00 %  % || D(l=0) ave= 2.656E+04 +/- 0.00 % D(l=1) ave= 6.071E+03 +/- 0.00 % D(l=2) ave= 6.693E+03 +/- 0.00 % D(l=3) ave= 0.000E+00 +/- 0.00 %  % || S(l=0) ave= 2.277E-04 +/- 0.16 % S(l=1) ave= 4.227E-05 +/- 6.06 % S(l=2) ave= 2.727E-04 +/- 17.14 % S(l=3) ave= 0.000E+00 +/- 0.00 % 
 ... random file  208 Cap(th)  ave= 2.576E+00 b. +/- 0.45 % || Ela(th) ave= 1.212E+01 b. +/- 5.50 % || RIcap ave= 1.28E+00 b. +/- 0.38 % || Macs30 ave= 1.21E-02 b. +/- 1.30 % || Gn^0(l=0) ave= 5.865E+00 +/- 0.16 % Gn^0(l=1) ave= 4.652E-01 +/- 6.09 % Gn^0(l=2) ave= 3.574E+00 +/- 17.15 % Gn^0(l=3) ave= 0.000E+00 +/- 0.00 % || Gtotal(l=0) ave= 0.000E+00 +/- 0.00 % Gtotal(l=1) ave= 0.000E+00 +/- 0.00 % Gtotal(l=2) ave= 0.000E+00 +/- 0.00 % Gtotal(l=3) ave= 0.000E+00 +/- 0.00 %  % || Gg(l=0) ave= 1.039E+00 +/- 0.91 % Gg(l=1) ave= 5.271E-01 +/- 0.43 % Gg(l=2) ave= 7.579E-01 +/- 0.46 % Gg(l=3) ave= 0.000E+00 +/- 0.00 %  % || D(l=0) ave= 2.656E+04 +/- 0.00 % D(l=1) ave= 6.071E+03 +/- 0.00 % D(l=2) ave= 6.693E+03 +/- 0.00 % D(l=3) ave= 0.000E+00 +/- 0.00 %  % || S(l=0) ave= 2.277E-04 +/- 0.16 % S(l=1) ave= 4.225E-05 +/- 6.09 % S(l=2) ave= 2.727E-04 +/- 17.10 % S(l=3) ave= 0.000E+00 +/- 0.00 % 
 ... random file  209 Cap(th)  ave= 2.576E+00 b. +/- 0.45 % || Ela(th) ave= 1.212E+01 b. +/- 5.49 % || RIcap ave= 1.28E+00 b. +/- 0.38 % || Macs30 ave= 1.21E-02 b. +/- 1.29 % || Gn^0(l=0) ave= 5.865E+00 +/- 0.16 % Gn^0(l=1) ave= 4.651E-01 +/- 6.08 % Gn^0(l=2) ave= 3.571E+00 +/- 17.17 % Gn^0(l=3) ave= 0.000E+00 +/- 0.00 % || Gtotal(l=0) ave= 0.000E+00 +/- 0.00 % Gtotal(l=1) ave= 0.000E+00 +/- 0.00 % Gtotal(l=2) ave= 0.000E+00 +/- 0.00 % Gtotal(l=3) ave= 0.000E+00 +/- 0.00 %  % || Gg(l=0) ave= 1.039E+00 +/- 0.91 % Gg(l=1) ave= 5.271E-01 +/- 0.44 % Gg(l=2) ave= 7.579E-01 +/- 0.46 % Gg(l=3) ave= 0.000E+00 +/- 0.00 %  % || D(l=0) ave= 2.656E+04 +/- 0.00 % D(l=1) ave= 6.071E+03 +/- 0.00 % D(l=2) ave= 6.693E+03 +/- 0.00 % D(l=3) ave= 0.000E+00 +/- 0.00 %  % || S(l=0) ave= 2.277E-04 +/- 0.16 % S(l=1) ave= 4.224E-05 +/- 6.08 % S(l=2) ave= 2.725E-04 +/- 17.12 % S(l=3) ave= 0.000E+00 +/- 0.00 % 
 ... random file  210 Cap(th)  ave= 2.576E+00 b. +/- 0.44 % || Ela(th) ave= 1.212E+01 b. +/- 5.50 % || RIcap ave= 1.28E+00 b. +/- 0.38 % || Macs30 ave= 1.21E-02 b. +/- 1.29 % || Gn^0(l=0) ave= 5.865E+00 +/- 0.16 % Gn^0(l=1) ave= 4.649E-01 +/- 6.11 % Gn^0(l=2) ave= 3.565E+00 +/- 17.35 % Gn^0(l=3) ave= 0.000E+00 +/- 0.00 % || Gtotal(l=0) ave= 0.000E+00 +/- 0.00 % Gtotal(l=1) ave= 0.000E+00 +/- 0.00 % Gtotal(l=2) ave= 0.000E+00 +/- 0.00 % Gtotal(l=3) ave= 0.000E+00 +/- 0.00 %  % || Gg(l=0) ave= 1.039E+00 +/- 0.91 % Gg(l=1) ave= 5.271E-01 +/- 0.43 % Gg(l=2) ave= 7.579E-01 +/- 0.46 % Gg(l=3) ave= 0.000E+00 +/- 0.00 %  % || D(l=0) ave= 2.656E+04 +/- 0.00 % D(l=1) ave= 6.071E+03 +/- 0.00 % D(l=2) ave= 6.693E+03 +/- 0.00 % D(l=3) ave= 0.000E+00 +/- 0.00 %  % || S(l=0) ave= 2.277E-04 +/- 0.16 % S(l=1) ave= 4.223E-05 +/- 6.11 % S(l=2) ave= 2.720E-04 +/- 17.30 % S(l=3) ave= 0.000E+00 +/- 0.00 % 
 ... random file  211 Cap(th)  ave= 2.576E+00 b. +/- 0.44 % || Ela(th) ave= 1.212E+01 b. +/- 5.49 % || RIcap ave= 1.28E+00 b. +/- 0.38 % || Macs30 ave= 1.21E-02 b. +/- 1.29 % || Gn^0(l=0) ave= 5.865E+00 +/- 0.16 % Gn^0(l=1) ave= 4.648E-01 +/- 6.11 % Gn^0(l=2) ave= 3.566E+00 +/- 17.31 % Gn^0(l=3) ave= 0.000E+00 +/- 0.00 % || Gtotal(l=0) ave= 0.000E+00 +/- 0.00 % Gtotal(l=1) ave= 0.000E+00 +/- 0.00 % Gtotal(l=2) ave= 0.000E+00 +/- 0.00 % Gtotal(l=3) ave= 0.000E+00 +/- 0.00 %  % || Gg(l=0) ave= 1.039E+00 +/- 0.91 % Gg(l=1) ave= 5.271E-01 +/- 0.44 % Gg(l=2) ave= 7.579E-01 +/- 0.45 % Gg(l=3) ave= 0.000E+00 +/- 0.00 %  % || D(l=0) ave= 2.656E+04 +/- 0.00 % D(l=1) ave= 6.071E+03 +/- 0.00 % D(l=2) ave= 6.693E+03 +/- 0.00 % D(l=3) ave= 0.000E+00 +/- 0.00 %  % || S(l=0) ave= 2.277E-04 +/- 0.16 % S(l=1) ave= 4.221E-05 +/- 6.11 % S(l=2) ave= 2.721E-04 +/- 17.26 % S(l=3) ave= 0.000E+00 +/- 0.00 % 
 ... random file  212 Cap(th)  ave= 2.576E+00 b. +/- 0.44 % || Ela(th) ave= 1.212E+01 b. +/- 5.48 % || RIcap ave= 1.28E+00 b. +/- 0.38 % || Macs30 ave= 1.21E-02 b. +/- 1.29 % || Gn^0(l=0) ave= 5.865E+00 +/- 0.16 % Gn^0(l=1) ave= 4.648E-01 +/- 6.09 % Gn^0(l=2) ave= 3.567E+00 +/- 17.27 % Gn^0(l=3) ave= 0.000E+00 +/- 0.00 % || Gtotal(l=0) ave= 0.000E+00 +/- 0.00 % Gtotal(l=1) ave= 0.000E+00 +/- 0.00 % Gtotal(l=2) ave= 0.000E+00 +/- 0.00 % Gtotal(l=3) ave= 0.000E+00 +/- 0.00 %  % || Gg(l=0) ave= 1.039E+00 +/- 0.91 % Gg(l=1) ave= 5.271E-01 +/- 0.44 % Gg(l=2) ave= 7.580E-01 +/- 0.45 % Gg(l=3) ave= 0.000E+00 +/- 0.00 %  % || D(l=0) ave= 2.656E+04 +/- 0.00 % D(l=1) ave= 6.071E+03 +/- 0.00 % D(l=2) ave= 6.693E+03 +/- 0.00 % D(l=3) ave= 0.000E+00 +/- 0.00 %  % || S(l=0) ave= 2.277E-04 +/- 0.16 % S(l=1) ave= 4.222E-05 +/- 6.09 % S(l=2) ave= 2.722E-04 +/- 17.22 % S(l=3) ave= 0.000E+00 +/- 0.00 % 
 ... random file  213 Cap(th)  ave= 2.576E+00 b. +/- 0.44 % || Ela(th) ave= 1.211E+01 b. +/- 5.50 % || RIcap ave= 1.28E+00 b. +/- 0.38 % || Macs30 ave= 1.21E-02 b. +/- 1.28 % || Gn^0(l=0) ave= 5.865E+00 +/- 0.16 % Gn^0(l=1) ave= 4.645E-01 +/- 6.14 % Gn^0(l=2) ave= 3.565E+00 +/- 17.27 % Gn^0(l=3) ave= 0.000E+00 +/- 0.00 % || Gtotal(l=0) ave= 0.000E+00 +/- 0.00 % Gtotal(l=1) ave= 0.000E+00 +/- 0.00 % Gtotal(l=2) ave= 0.000E+00 +/- 0.00 % Gtotal(l=3) ave= 0.000E+00 +/- 0.00 %  % || Gg(l=0) ave= 1.039E+00 +/- 0.91 % Gg(l=1) ave= 5.271E-01 +/- 0.44 % Gg(l=2) ave= 7.579E-01 +/- 0.45 % Gg(l=3) ave= 0.000E+00 +/- 0.00 %  % || D(l=0) ave= 2.656E+04 +/- 0.00 % D(l=1) ave= 6.071E+03 +/- 0.00 % D(l=2) ave= 6.693E+03 +/- 0.00 % D(l=3) ave= 0.000E+00 +/- 0.00 %  % || S(l=0) ave= 2.277E-04 +/- 0.16 % S(l=1) ave= 4.219E-05 +/- 6.14 % S(l=2) ave= 2.720E-04 +/- 17.22 % S(l=3) ave= 0.000E+00 +/- 0.00 % 
 ... random file  214 Cap(th)  ave= 2.576E+00 b. +/- 0.45 % || Ela(th) ave= 1.212E+01 b. +/- 5.50 % || RIcap ave= 1.28E+00 b. +/- 0.38 % || Macs30 ave= 1.21E-02 b. +/- 1.28 % || Gn^0(l=0) ave= 5.864E+00 +/- 0.16 % Gn^0(l=1) ave= 4.646E-01 +/- 6.13 % Gn^0(l=2) ave= 3.563E+00 +/- 17.25 % Gn^0(l=3) ave= 0.000E+00 +/- 0.00 % || Gtotal(l=0) ave= 0.000E+00 +/- 0.00 % Gtotal(l=1) ave= 0.000E+00 +/- 0.00 % Gtotal(l=2) ave= 0.000E+00 +/- 0.00 % Gtotal(l=3) ave= 0.000E+00 +/- 0.00 %  % || Gg(l=0) ave= 1.039E+00 +/- 0.91 % Gg(l=1) ave= 5.271E-01 +/- 0.44 % Gg(l=2) ave= 7.579E-01 +/- 0.45 % Gg(l=3) ave= 0.000E+00 +/- 0.00 %  % || D(l=0) ave= 2.656E+04 +/- 0.00 % D(l=1) ave= 6.071E+03 +/- 0.00 % D(l=2) ave= 6.693E+03 +/- 0.00 % D(l=3) ave= 0.000E+00 +/- 0.00 %  % || S(l=0) ave= 2.277E-04 +/- 0.16 % S(l=1) ave= 4.220E-05 +/- 6.13 % S(l=2) ave= 2.718E-04 +/- 17.21 % S(l=3) ave= 0.000E+00 +/- 0.00 % 
 ... random file  215 Cap(th)  ave= 2.576E+00 b. +/- 0.45 % || Ela(th) ave= 1.211E+01 b. +/- 5.53 % || RIcap ave= 1.28E+00 b. +/- 0.38 % || Macs30 ave= 1.21E-02 b. +/- 1.28 % || Gn^0(l=0) ave= 5.864E+00 +/- 0.16 % Gn^0(l=1) ave= 4.646E-01 +/- 6.12 % Gn^0(l=2) ave= 3.562E+00 +/- 17.22 % Gn^0(l=3) ave= 0.000E+00 +/- 0.00 % || Gtotal(l=0) ave= 0.000E+00 +/- 0.00 % Gtotal(l=1) ave= 0.000E+00 +/- 0.00 % Gtotal(l=2) ave= 0.000E+00 +/- 0.00 % Gtotal(l=3) ave= 0.000E+00 +/- 0.00 %  % || Gg(l=0) ave= 1.039E+00 +/- 0.91 % Gg(l=1) ave= 5.271E-01 +/- 0.44 % Gg(l=2) ave= 7.579E-01 +/- 0.45 % Gg(l=3) ave= 0.000E+00 +/- 0.00 %  % || D(l=0) ave= 2.656E+04 +/- 0.00 % D(l=1) ave= 6.071E+03 +/- 0.00 % D(l=2) ave= 6.693E+03 +/- 0.00 % D(l=3) ave= 0.000E+00 +/- 0.00 %  % || S(l=0) ave= 2.277E-04 +/- 0.16 % S(l=1) ave= 4.220E-05 +/- 6.12 % S(l=2) ave= 2.718E-04 +/- 17.17 % S(l=3) ave= 0.000E+00 +/- 0.00 % 
 ... random file  216 Cap(th)  ave= 2.575E+00 b. +/- 0.44 % || Ela(th) ave= 1.211E+01 b. +/- 5.53 % || RIcap ave= 1.28E+00 b. +/- 0.38 % || Macs30 ave= 1.21E-02 b. +/- 1.28 % || Gn^0(l=0) ave= 5.864E+00 +/- 0.16 % Gn^0(l=1) ave= 4.647E-01 +/- 6.11 % Gn^0(l=2) ave= 3.563E+00 +/- 17.18 % Gn^0(l=3) ave= 0.000E+00 +/- 0.00 % || Gtotal(l=0) ave= 0.000E+00 +/- 0.00 % Gtotal(l=1) ave= 0.000E+00 +/- 0.00 % Gtotal(l=2) ave= 0.000E+00 +/- 0.00 % Gtotal(l=3) ave= 0.000E+00 +/- 0.00 %  % || Gg(l=0) ave= 1.039E+00 +/- 0.90 % Gg(l=1) ave= 5.271E-01 +/- 0.44 % Gg(l=2) ave= 7.579E-01 +/- 0.45 % Gg(l=3) ave= 0.000E+00 +/- 0.00 %  % || D(l=0) ave= 2.656E+04 +/- 0.00 % D(l=1) ave= 6.071E+03 +/- 0.00 % D(l=2) ave= 6.693E+03 +/- 0.00 % D(l=3) ave= 0.000E+00 +/- 0.00 %  % || S(l=0) ave= 2.277E-04 +/- 0.16 % S(l=1) ave= 4.221E-05 +/- 6.11 % S(l=2) ave= 2.718E-04 +/- 17.13 % S(l=3) ave= 0.000E+00 +/- 0.00 % 
 ... random file  217 Cap(th)  ave= 2.576E+00 b. +/- 0.44 % || Ela(th) ave= 1.211E+01 b. +/- 5.52 % || RIcap ave= 1.28E+00 b. +/- 0.38 % || Macs30 ave= 1.21E-02 b. +/- 1.28 % || Gn^0(l=0) ave= 5.865E+00 +/- 0.16 % Gn^0(l=1) ave= 4.647E-01 +/- 6.09 % Gn^0(l=2) ave= 3.557E+00 +/- 17.31 % Gn^0(l=3) ave= 0.000E+00 +/- 0.00 % || Gtotal(l=0) ave= 0.000E+00 +/- 0.00 % Gtotal(l=1) ave= 0.000E+00 +/- 0.00 % Gtotal(l=2) ave= 0.000E+00 +/- 0.00 % Gtotal(l=3) ave= 0.000E+00 +/- 0.00 %  % || Gg(l=0) ave= 1.039E+00 +/- 0.90 % Gg(l=1) ave= 5.271E-01 +/- 0.43 % Gg(l=2) ave= 7.579E-01 +/- 0.45 % Gg(l=3) ave= 0.000E+00 +/- 0.00 %  % || D(l=0) ave= 2.656E+04 +/- 0.00 % D(l=1) ave= 6.071E+03 +/- 0.00 % D(l=2) ave= 6.693E+03 +/- 0.00 % D(l=3) ave= 0.000E+00 +/- 0.00 %  % || S(l=0) ave= 2.277E-04 +/- 0.16 % S(l=1) ave= 4.221E-05 +/- 6.09 % S(l=2) ave= 2.714E-04 +/- 17.26 % S(l=3) ave= 0.000E+00 +/- 0.00 % 
 ... random file  218 Cap(th)  ave= 2.575E+00 b. +/- 0.44 % || Ela(th) ave= 1.211E+01 b. +/- 5.51 % || RIcap ave= 1.28E+00 b. +/- 0.38 % || Macs30 ave= 1.21E-02 b. +/- 1.28 % || Gn^0(l=0) ave= 5.864E+00 +/- 0.16 % Gn^0(l=1) ave= 4.647E-01 +/- 6.08 % Gn^0(l=2) ave= 3.559E+00 +/- 17.27 % Gn^0(l=3) ave= 0.000E+00 +/- 0.00 % || Gtotal(l=0) ave= 0.000E+00 +/- 0.00 % Gtotal(l=1) ave= 0.000E+00 +/- 0.00 % Gtotal(l=2) ave= 0.000E+00 +/- 0.00 % Gtotal(l=3) ave= 0.000E+00 +/- 0.00 %  % || Gg(l=0) ave= 1.039E+00 +/- 0.90 % Gg(l=1) ave= 5.271E-01 +/- 0.44 % Gg(l=2) ave= 7.580E-01 +/- 0.45 % Gg(l=3) ave= 0.000E+00 +/- 0.00 %  % || D(l=0) ave= 2.656E+04 +/- 0.00 % D(l=1) ave= 6.071E+03 +/- 0.00 % D(l=2) ave= 6.693E+03 +/- 0.00 % D(l=3) ave= 0.000E+00 +/- 0.00 %  % || S(l=0) ave= 2.277E-04 +/- 0.16 % S(l=1) ave= 4.221E-05 +/- 6.08 % S(l=2) ave= 2.716E-04 +/- 17.22 % S(l=3) ave= 0.000E+00 +/- 0.00 % 
 ... random file  219 Cap(th)  ave= 2.575E+00 b. +/- 0.44 % || Ela(th) ave= 1.211E+01 b. +/- 5.51 % || RIcap ave= 1.28E+00 b. +/- 0.38 % || Macs30 ave= 1.21E-02 b. +/- 1.28 % || Gn^0(l=0) ave= 5.864E+00 +/- 0.16 % Gn^0(l=1) ave= 4.645E-01 +/- 6.11 % Gn^0(l=2) ave= 3.560E+00 +/- 17.23 % Gn^0(l=3) ave= 0.000E+00 +/- 0.00 % || Gtotal(l=0) ave= 0.000E+00 +/- 0.00 % Gtotal(l=1) ave= 0.000E+00 +/- 0.00 % Gtotal(l=2) ave= 0.000E+00 +/- 0.00 % Gtotal(l=3) ave= 0.000E+00 +/- 0.00 %  % || Gg(l=0) ave= 1.038E+00 +/- 0.90 % Gg(l=1) ave= 5.271E-01 +/- 0.45 % Gg(l=2) ave= 7.580E-01 +/- 0.45 % Gg(l=3) ave= 0.000E+00 +/- 0.00 %  % || D(l=0) ave= 2.656E+04 +/- 0.00 % D(l=1) ave= 6.071E+03 +/- 0.00 % D(l=2) ave= 6.693E+03 +/- 0.00 % D(l=3) ave= 0.000E+00 +/- 0.00 %  % || S(l=0) ave= 2.277E-04 +/- 0.16 % S(l=1) ave= 4.219E-05 +/- 6.11 % S(l=2) ave= 2.716E-04 +/- 17.18 % S(l=3) ave= 0.000E+00 +/- 0.00 % 
 ... random file  220 Cap(th)  ave= 2.575E+00 b. +/- 0.44 % || Ela(th) ave= 1.212E+01 b. +/- 5.54 % || RIcap ave= 1.28E+00 b. +/- 0.38 % || Macs30 ave= 1.21E-02 b. +/- 1.28 % || Gn^0(l=0) ave= 5.864E+00 +/- 0.16 % Gn^0(l=1) ave= 4.644E-01 +/- 6.10 % Gn^0(l=2) ave= 3.561E+00 +/- 17.20 % Gn^0(l=3) ave= 0.000E+00 +/- 0.00 % || Gtotal(l=0) ave= 0.000E+00 +/- 0.00 % Gtotal(l=1) ave= 0.000E+00 +/- 0.00 % Gtotal(l=2) ave= 0.000E+00 +/- 0.00 % Gtotal(l=3) ave= 0.000E+00 +/- 0.00 %  % || Gg(l=0) ave= 1.038E+00 +/- 0.90 % Gg(l=1) ave= 5.271E-01 +/- 0.45 % Gg(l=2) ave= 7.580E-01 +/- 0.45 % Gg(l=3) ave= 0.000E+00 +/- 0.00 %  % || D(l=0) ave= 2.656E+04 +/- 0.00 % D(l=1) ave= 6.071E+03 +/- 0.00 % D(l=2) ave= 6.693E+03 +/- 0.00 % D(l=3) ave= 0.000E+00 +/- 0.00 %  % || S(l=0) ave= 2.277E-04 +/- 0.16 % S(l=1) ave= 4.218E-05 +/- 6.10 % S(l=2) ave= 2.717E-04 +/- 17.15 % S(l=3) ave= 0.000E+00 +/- 0.00 % 
 ... random file  221 Cap(th)  ave= 2.575E+00 b. +/- 0.44 % || Ela(th) ave= 1.212E+01 b. +/- 5.52 % || RIcap ave= 1.28E+00 b. +/- 0.38 % || Macs30 ave= 1.21E-02 b. +/- 1.28 % || Gn^0(l=0) ave= 5.864E+00 +/- 0.16 % Gn^0(l=1) ave= 4.644E-01 +/- 6.09 % Gn^0(l=2) ave= 3.562E+00 +/- 17.16 % Gn^0(l=3) ave= 0.000E+00 +/- 0.00 % || Gtotal(l=0) ave= 0.000E+00 +/- 0.00 % Gtotal(l=1) ave= 0.000E+00 +/- 0.00 % Gtotal(l=2) ave= 0.000E+00 +/- 0.00 % Gtotal(l=3) ave= 0.000E+00 +/- 0.00 %  % || Gg(l=0) ave= 1.038E+00 +/- 0.90 % Gg(l=1) ave= 5.271E-01 +/- 0.45 % Gg(l=2) ave= 7.580E-01 +/- 0.45 % Gg(l=3) ave= 0.000E+00 +/- 0.00 %  % || D(l=0) ave= 2.656E+04 +/- 0.00 % D(l=1) ave= 6.071E+03 +/- 0.00 % D(l=2) ave= 6.693E+03 +/- 0.00 % D(l=3) ave= 0.000E+00 +/- 0.00 %  % || S(l=0) ave= 2.277E-04 +/- 0.16 % S(l=1) ave= 4.218E-05 +/- 6.09 % S(l=2) ave= 2.718E-04 +/- 17.11 % S(l=3) ave= 0.000E+00 +/- 0.00 % 
 ... random file  222 Cap(th)  ave= 2.576E+00 b. +/- 0.44 % || Ela(th) ave= 1.212E+01 b. +/- 5.51 % || RIcap ave= 1.28E+00 b. +/- 0.38 % || Macs30 ave= 1.21E-02 b. +/- 1.28 % || Gn^0(l=0) ave= 5.864E+00 +/- 0.16 % Gn^0(l=1) ave= 4.645E-01 +/- 6.08 % Gn^0(l=2) ave= 3.562E+00 +/- 17.13 % Gn^0(l=3) ave= 0.000E+00 +/- 0.00 % || Gtotal(l=0) ave= 0.000E+00 +/- 0.00 % Gtotal(l=1) ave= 0.000E+00 +/- 0.00 % Gtotal(l=2) ave= 0.000E+00 +/- 0.00 % Gtotal(l=3) ave= 0.000E+00 +/- 0.00 %  % || Gg(l=0) ave= 1.039E+00 +/- 0.90 % Gg(l=1) ave= 5.271E-01 +/- 0.45 % Gg(l=2) ave= 7.580E-01 +/- 0.45 % Gg(l=3) ave= 0.000E+00 +/- 0.00 %  % || D(l=0) ave= 2.656E+04 +/- 0.00 % D(l=1) ave= 6.071E+03 +/- 0.00 % D(l=2) ave= 6.693E+03 +/- 0.00 % D(l=3) ave= 0.000E+00 +/- 0.00 %  % || S(l=0) ave= 2.277E-04 +/- 0.16 % S(l=1) ave= 4.219E-05 +/- 6.08 % S(l=2) ave= 2.718E-04 +/- 17.08 % S(l=3) ave= 0.000E+00 +/- 0.00 % 
 ... random file  223 Cap(th)  ave= 2.576E+00 b. +/- 0.44 % || Ela(th) ave= 1.211E+01 b. +/- 5.52 % || RIcap ave= 1.28E+00 b. +/- 0.38 % || Macs30 ave= 1.21E-02 b. +/- 1.28 % || Gn^0(l=0) ave= 5.864E+00 +/- 0.16 % Gn^0(l=1) ave= 4.646E-01 +/- 6.09 % Gn^0(l=2) ave= 3.561E+00 +/- 17.10 % Gn^0(l=3) ave= 0.000E+00 +/- 0.00 % || Gtotal(l=0) ave= 0.000E+00 +/- 0.00 % Gtotal(l=1) ave= 0.000E+00 +/- 0.00 % Gtotal(l=2) ave= 0.000E+00 +/- 0.00 % Gtotal(l=3) ave= 0.000E+00 +/- 0.00 %  % || Gg(l=0) ave= 1.039E+00 +/- 0.90 % Gg(l=1) ave= 5.271E-01 +/- 0.45 % Gg(l=2) ave= 7.580E-01 +/- 0.45 % Gg(l=3) ave= 0.000E+00 +/- 0.00 %  % || D(l=0) ave= 2.656E+04 +/- 0.00 % D(l=1) ave= 6.071E+03 +/- 0.00 % D(l=2) ave= 6.693E+03 +/- 0.00 % D(l=3) ave= 0.000E+00 +/- 0.00 %  % || S(l=0) ave= 2.277E-04 +/- 0.16 % S(l=1) ave= 4.220E-05 +/- 6.09 % S(l=2) ave= 2.717E-04 +/- 17.05 % S(l=3) ave= 0.000E+00 +/- 0.00 % 
 ... random file  224 Cap(th)  ave= 2.576E+00 b. +/- 0.44 % || Ela(th) ave= 1.211E+01 b. +/- 5.52 % || RIcap ave= 1.28E+00 b. +/- 0.38 % || Macs30 ave= 1.21E-02 b. +/- 1.28 % || Gn^0(l=0) ave= 5.864E+00 +/- 0.16 % Gn^0(l=1) ave= 4.647E-01 +/- 6.08 % Gn^0(l=2) ave= 3.559E+00 +/- 17.09 % Gn^0(l=3) ave= 0.000E+00 +/- 0.00 % || Gtotal(l=0) ave= 0.000E+00 +/- 0.00 % Gtotal(l=1) ave= 0.000E+00 +/- 0.00 % Gtotal(l=2) ave= 0.000E+00 +/- 0.00 % Gtotal(l=3) ave= 0.000E+00 +/- 0.00 %  % || Gg(l=0) ave= 1.038E+00 +/- 0.91 % Gg(l=1) ave= 5.271E-01 +/- 0.45 % Gg(l=2) ave= 7.580E-01 +/- 0.45 % Gg(l=3) ave= 0.000E+00 +/- 0.00 %  % || D(l=0) ave= 2.656E+04 +/- 0.00 % D(l=1) ave= 6.071E+03 +/- 0.00 % D(l=2) ave= 6.693E+03 +/- 0.00 % D(l=3) ave= 0.000E+00 +/- 0.00 %  % || S(l=0) ave= 2.277E-04 +/- 0.16 % S(l=1) ave= 4.221E-05 +/- 6.08 % S(l=2) ave= 2.715E-04 +/- 17.04 % S(l=3) ave= 0.000E+00 +/- 0.00 % 
 ... random file  225 Cap(th)  ave= 2.576E+00 b. +/- 0.44 % || Ela(th) ave= 1.211E+01 b. +/- 5.51 % || RIcap ave= 1.28E+00 b. +/- 0.38 % || Macs30 ave= 1.21E-02 b. +/- 1.28 % || Gn^0(l=0) ave= 5.864E+00 +/- 0.16 % Gn^0(l=1) ave= 4.647E-01 +/- 6.07 % Gn^0(l=2) ave= 3.556E+00 +/- 17.10 % Gn^0(l=3) ave= 0.000E+00 +/- 0.00 % || Gtotal(l=0) ave= 0.000E+00 +/- 0.00 % Gtotal(l=1) ave= 0.000E+00 +/- 0.00 % Gtotal(l=2) ave= 0.000E+00 +/- 0.00 % Gtotal(l=3) ave= 0.000E+00 +/- 0.00 %  % || Gg(l=0) ave= 1.039E+00 +/- 0.91 % Gg(l=1) ave= 5.271E-01 +/- 0.45 % Gg(l=2) ave= 7.579E-01 +/- 0.44 % Gg(l=3) ave= 0.000E+00 +/- 0.00 %  % || D(l=0) ave= 2.656E+04 +/- 0.00 % D(l=1) ave= 6.071E+03 +/- 0.00 % D(l=2) ave= 6.693E+03 +/- 0.00 % D(l=3) ave= 0.000E+00 +/- 0.00 %  % || S(l=0) ave= 2.277E-04 +/- 0.16 % S(l=1) ave= 4.221E-05 +/- 6.07 % S(l=2) ave= 2.713E-04 +/- 17.05 % S(l=3) ave= 0.000E+00 +/- 0.00 % 
 ... random file  226 Cap(th)  ave= 2.576E+00 b. +/- 0.44 % || Ela(th) ave= 1.211E+01 b. +/- 5.50 % || RIcap ave= 1.28E+00 b. +/- 0.37 % || Macs30 ave= 1.21E-02 b. +/- 1.27 % || Gn^0(l=0) ave= 5.865E+00 +/- 0.16 % Gn^0(l=1) ave= 4.647E-01 +/- 6.05 % Gn^0(l=2) ave= 3.553E+00 +/- 17.15 % Gn^0(l=3) ave= 0.000E+00 +/- 0.00 % || Gtotal(l=0) ave= 0.000E+00 +/- 0.00 % Gtotal(l=1) ave= 0.000E+00 +/- 0.00 % Gtotal(l=2) ave= 0.000E+00 +/- 0.00 % Gtotal(l=3) ave= 0.000E+00 +/- 0.00 %  % || Gg(l=0) ave= 1.039E+00 +/- 0.91 % Gg(l=1) ave= 5.271E-01 +/- 0.45 % Gg(l=2) ave= 7.580E-01 +/- 0.44 % Gg(l=3) ave= 0.000E+00 +/- 0.00 %  % || D(l=0) ave= 2.656E+04 +/- 0.00 % D(l=1) ave= 6.071E+03 +/- 0.00 % D(l=2) ave= 6.693E+03 +/- 0.00 % D(l=3) ave= 0.000E+00 +/- 0.00 %  % || S(l=0) ave= 2.277E-04 +/- 0.16 % S(l=1) ave= 4.221E-05 +/- 6.05 % S(l=2) ave= 2.711E-04 +/- 17.10 % S(l=3) ave= 0.000E+00 +/- 0.00 % 
 ... random file  227 Cap(th)  ave= 2.576E+00 b. +/- 0.44 % || Ela(th) ave= 1.212E+01 b. +/- 5.51 % || RIcap ave= 1.28E+00 b. +/- 0.37 % || Macs30 ave= 1.21E-02 b. +/- 1.27 % || Gn^0(l=0) ave= 5.865E+00 +/- 0.16 % Gn^0(l=1) ave= 4.647E-01 +/- 6.04 % Gn^0(l=2) ave= 3.554E+00 +/- 17.12 % Gn^0(l=3) ave= 0.000E+00 +/- 0.00 % || Gtotal(l=0) ave= 0.000E+00 +/- 0.00 % Gtotal(l=1) ave= 0.000E+00 +/- 0.00 % Gtotal(l=2) ave= 0.000E+00 +/- 0.00 % Gtotal(l=3) ave= 0.000E+00 +/- 0.00 %  % || Gg(l=0) ave= 1.039E+00 +/- 0.91 % Gg(l=1) ave= 5.271E-01 +/- 0.45 % Gg(l=2) ave= 7.580E-01 +/- 0.44 % Gg(l=3) ave= 0.000E+00 +/- 0.00 %  % || D(l=0) ave= 2.656E+04 +/- 0.00 % D(l=1) ave= 6.071E+03 +/- 0.00 % D(l=2) ave= 6.693E+03 +/- 0.00 % D(l=3) ave= 0.000E+00 +/- 0.00 %  % || S(l=0) ave= 2.277E-04 +/- 0.16 % S(l=1) ave= 4.221E-05 +/- 6.04 % S(l=2) ave= 2.712E-04 +/- 17.07 % S(l=3) ave= 0.000E+00 +/- 0.00 % 
 ... random file  228 Cap(th)  ave= 2.576E+00 b. +/- 0.44 % || Ela(th) ave= 1.212E+01 b. +/- 5.51 % || RIcap ave= 1.28E+00 b. +/- 0.37 % || Macs30 ave= 1.21E-02 b. +/- 1.27 % || Gn^0(l=0) ave= 5.865E+00 +/- 0.16 % Gn^0(l=1) ave= 4.647E-01 +/- 6.03 % Gn^0(l=2) ave= 3.553E+00 +/- 17.09 % Gn^0(l=3) ave= 0.000E+00 +/- 0.00 % || Gtotal(l=0) ave= 0.000E+00 +/- 0.00 % Gtotal(l=1) ave= 0.000E+00 +/- 0.00 % Gtotal(l=2) ave= 0.000E+00 +/- 0.00 % Gtotal(l=3) ave= 0.000E+00 +/- 0.00 %  % || Gg(l=0) ave= 1.039E+00 +/- 0.91 % Gg(l=1) ave= 5.271E-01 +/- 0.45 % Gg(l=2) ave= 7.579E-01 +/- 0.45 % Gg(l=3) ave= 0.000E+00 +/- 0.00 %  % || D(l=0) ave= 2.656E+04 +/- 0.00 % D(l=1) ave= 6.071E+03 +/- 0.00 % D(l=2) ave= 6.693E+03 +/- 0.00 % D(l=3) ave= 0.000E+00 +/- 0.00 %  % || S(l=0) ave= 2.277E-04 +/- 0.16 % S(l=1) ave= 4.221E-05 +/- 6.03 % S(l=2) ave= 2.711E-04 +/- 17.04 % S(l=3) ave= 0.000E+00 +/- 0.00 % 
 ... random file  229 Cap(th)  ave= 2.576E+00 b. +/- 0.44 % || Ela(th) ave= 1.212E+01 b. +/- 5.50 % || RIcap ave= 1.28E+00 b. +/- 0.37 % || Macs30 ave= 1.21E-02 b. +/- 1.27 % || Gn^0(l=0) ave= 5.865E+00 +/- 0.16 % Gn^0(l=1) ave= 4.647E-01 +/- 6.01 % Gn^0(l=2) ave= 3.559E+00 +/- 17.20 % Gn^0(l=3) ave= 0.000E+00 +/- 0.00 % || Gtotal(l=0) ave= 0.000E+00 +/- 0.00 % Gtotal(l=1) ave= 0.000E+00 +/- 0.00 % Gtotal(l=2) ave= 0.000E+00 +/- 0.00 % Gtotal(l=3) ave= 0.000E+00 +/- 0.00 %  % || Gg(l=0) ave= 1.039E+00 +/- 0.91 % Gg(l=1) ave= 5.271E-01 +/- 0.45 % Gg(l=2) ave= 7.580E-01 +/- 0.45 % Gg(l=3) ave= 0.000E+00 +/- 0.00 %  % || D(l=0) ave= 2.656E+04 +/- 0.00 % D(l=1) ave= 6.071E+03 +/- 0.00 % D(l=2) ave= 6.693E+03 +/- 0.00 % D(l=3) ave= 0.000E+00 +/- 0.00 %  % || S(l=0) ave= 2.277E-04 +/- 0.16 % S(l=1) ave= 4.221E-05 +/- 6.01 % S(l=2) ave= 2.716E-04 +/- 17.15 % S(l=3) ave= 0.000E+00 +/- 0.00 % 
 ... random file  230 Cap(th)  ave= 2.576E+00 b. +/- 0.44 % || Ela(th) ave= 1.213E+01 b. +/- 5.57 % || RIcap ave= 1.28E+00 b. +/- 0.37 % || Macs30 ave= 1.21E-02 b. +/- 1.27 % || Gn^0(l=0) ave= 5.865E+00 +/- 0.16 % Gn^0(l=1) ave= 4.647E-01 +/- 6.00 % Gn^0(l=2) ave= 3.560E+00 +/- 17.16 % Gn^0(l=3) ave= 0.000E+00 +/- 0.00 % || Gtotal(l=0) ave= 0.000E+00 +/- 0.00 % Gtotal(l=1) ave= 0.000E+00 +/- 0.00 % Gtotal(l=2) ave= 0.000E+00 +/- 0.00 % Gtotal(l=3) ave= 0.000E+00 +/- 0.00 %  % || Gg(l=0) ave= 1.039E+00 +/- 0.91 % Gg(l=1) ave= 5.271E-01 +/- 0.45 % Gg(l=2) ave= 7.580E-01 +/- 0.45 % Gg(l=3) ave= 0.000E+00 +/- 0.00 %  % || D(l=0) ave= 2.656E+04 +/- 0.00 % D(l=1) ave= 6.071E+03 +/- 0.00 % D(l=2) ave= 6.693E+03 +/- 0.00 % D(l=3) ave= 0.000E+00 +/- 0.00 %  % || S(l=0) ave= 2.277E-04 +/- 0.16 % S(l=1) ave= 4.221E-05 +/- 6.00 % S(l=2) ave= 2.716E-04 +/- 17.12 % S(l=3) ave= 0.000E+00 +/- 0.00 % 
 ... random file  231 Cap(th)  ave= 2.576E+00 b. +/- 0.44 % || Ela(th) ave= 1.213E+01 b. +/- 5.56 % || RIcap ave= 1.28E+00 b. +/- 0.38 % || Macs30 ave= 1.21E-02 b. +/- 1.27 % || Gn^0(l=0) ave= 5.865E+00 +/- 0.16 % Gn^0(l=1) ave= 4.646E-01 +/- 6.01 % Gn^0(l=2) ave= 3.559E+00 +/- 17.13 % Gn^0(l=3) ave= 0.000E+00 +/- 0.00 % || Gtotal(l=0) ave= 0.000E+00 +/- 0.00 % Gtotal(l=1) ave= 0.000E+00 +/- 0.00 % Gtotal(l=2) ave= 0.000E+00 +/- 0.00 % Gtotal(l=3) ave= 0.000E+00 +/- 0.00 %  % || Gg(l=0) ave= 1.039E+00 +/- 0.91 % Gg(l=1) ave= 5.271E-01 +/- 0.45 % Gg(l=2) ave= 7.580E-01 +/- 0.45 % Gg(l=3) ave= 0.000E+00 +/- 0.00 %  % || D(l=0) ave= 2.656E+04 +/- 0.00 % D(l=1) ave= 6.071E+03 +/- 0.00 % D(l=2) ave= 6.693E+03 +/- 0.00 % D(l=3) ave= 0.000E+00 +/- 0.00 %  % || S(l=0) ave= 2.277E-04 +/- 0.16 % S(l=1) ave= 4.220E-05 +/- 6.01 % S(l=2) ave= 2.716E-04 +/- 17.08 % S(l=3) ave= 0.000E+00 +/- 0.00 % 
 ... random file  232 Cap(th)  ave= 2.576E+00 b. +/- 0.44 % || Ela(th) ave= 1.213E+01 b. +/- 5.56 % || RIcap ave= 1.28E+00 b. +/- 0.38 % || Macs30 ave= 1.21E-02 b. +/- 1.27 % || Gn^0(l=0) ave= 5.865E+00 +/- 0.16 % Gn^0(l=1) ave= 4.645E-01 +/- 6.00 % Gn^0(l=2) ave= 3.569E+00 +/- 17.59 % Gn^0(l=3) ave= 0.000E+00 +/- 0.00 % || Gtotal(l=0) ave= 0.000E+00 +/- 0.00 % Gtotal(l=1) ave= 0.000E+00 +/- 0.00 % Gtotal(l=2) ave= 0.000E+00 +/- 0.00 % Gtotal(l=3) ave= 0.000E+00 +/- 0.00 %  % || Gg(l=0) ave= 1.039E+00 +/- 0.91 % Gg(l=1) ave= 5.271E-01 +/- 0.45 % Gg(l=2) ave= 7.580E-01 +/- 0.45 % Gg(l=3) ave= 0.000E+00 +/- 0.00 %  % || D(l=0) ave= 2.656E+04 +/- 0.00 % D(l=1) ave= 6.071E+03 +/- 0.00 % D(l=2) ave= 6.693E+03 +/- 0.00 % D(l=3) ave= 0.000E+00 +/- 0.00 %  % || S(l=0) ave= 2.277E-04 +/- 0.16 % S(l=1) ave= 4.219E-05 +/- 6.00 % S(l=2) ave= 2.723E-04 +/- 17.54 % S(l=3) ave= 0.000E+00 +/- 0.00 % 
 ... random file  233 Cap(th)  ave= 2.576E+00 b. +/- 0.44 % || Ela(th) ave= 1.213E+01 b. +/- 5.56 % || RIcap ave= 1.28E+00 b. +/- 0.38 % || Macs30 ave= 1.21E-02 b. +/- 1.27 % || Gn^0(l=0) ave= 5.865E+00 +/- 0.16 % Gn^0(l=1) ave= 4.643E-01 +/- 6.04 % Gn^0(l=2) ave= 3.569E+00 +/- 17.56 % Gn^0(l=3) ave= 0.000E+00 +/- 0.00 % || Gtotal(l=0) ave= 0.000E+00 +/- 0.00 % Gtotal(l=1) ave= 0.000E+00 +/- 0.00 % Gtotal(l=2) ave= 0.000E+00 +/- 0.00 % Gtotal(l=3) ave= 0.000E+00 +/- 0.00 %  % || Gg(l=0) ave= 1.039E+00 +/- 0.91 % Gg(l=1) ave= 5.271E-01 +/- 0.45 % Gg(l=2) ave= 7.580E-01 +/- 0.45 % Gg(l=3) ave= 0.000E+00 +/- 0.00 %  % || D(l=0) ave= 2.656E+04 +/- 0.00 % D(l=1) ave= 6.071E+03 +/- 0.00 % D(l=2) ave= 6.693E+03 +/- 0.00 % D(l=3) ave= 0.000E+00 +/- 0.00 %  % || S(l=0) ave= 2.277E-04 +/- 0.16 % S(l=1) ave= 4.217E-05 +/- 6.04 % S(l=2) ave= 2.724E-04 +/- 17.51 % S(l=3) ave= 0.000E+00 +/- 0.00 % 
 ... random file  234 Cap(th)  ave= 2.576E+00 b. +/- 0.45 % || Ela(th) ave= 1.212E+01 b. +/- 5.63 % || RIcap ave= 1.28E+00 b. +/- 0.38 % || Macs30 ave= 1.21E-02 b. +/- 1.27 % || Gn^0(l=0) ave= 5.865E+00 +/- 0.16 % Gn^0(l=1) ave= 4.643E-01 +/- 6.03 % Gn^0(l=2) ave= 3.575E+00 +/- 17.63 % Gn^0(l=3) ave= 0.000E+00 +/- 0.00 % || Gtotal(l=0) ave= 0.000E+00 +/- 0.00 % Gtotal(l=1) ave= 0.000E+00 +/- 0.00 % Gtotal(l=2) ave= 0.000E+00 +/- 0.00 % Gtotal(l=3) ave= 0.000E+00 +/- 0.00 %  % || Gg(l=0) ave= 1.039E+00 +/- 0.91 % Gg(l=1) ave= 5.271E-01 +/- 0.45 % Gg(l=2) ave= 7.580E-01 +/- 0.45 % Gg(l=3) ave= 0.000E+00 +/- 0.00 %  % || D(l=0) ave= 2.656E+04 +/- 0.00 % D(l=1) ave= 6.071E+03 +/- 0.00 % D(l=2) ave= 6.693E+03 +/- 0.00 % D(l=3) ave= 0.000E+00 +/- 0.00 %  % || S(l=0) ave= 2.277E-04 +/- 0.16 % S(l=1) ave= 4.218E-05 +/- 6.03 % S(l=2) ave= 2.727E-04 +/- 17.58 % S(l=3) ave= 0.000E+00 +/- 0.00 % 
 ... random file  235 Cap(th)  ave= 2.575E+00 b. +/- 0.45 % || Ela(th) ave= 1.212E+01 b. +/- 5.62 % || RIcap ave= 1.28E+00 b. +/- 0.38 % || Macs30 ave= 1.21E-02 b. +/- 1.27 % || Gn^0(l=0) ave= 5.865E+00 +/- 0.16 % Gn^0(l=1) ave= 4.643E-01 +/- 6.03 % Gn^0(l=2) ave= 3.572E+00 +/- 17.64 % Gn^0(l=3) ave= 0.000E+00 +/- 0.00 % || Gtotal(l=0) ave= 0.000E+00 +/- 0.00 % Gtotal(l=1) ave= 0.000E+00 +/- 0.00 % Gtotal(l=2) ave= 0.000E+00 +/- 0.00 % Gtotal(l=3) ave= 0.000E+00 +/- 0.00 %  % || Gg(l=0) ave= 1.039E+00 +/- 0.90 % Gg(l=1) ave= 5.271E-01 +/- 0.45 % Gg(l=2) ave= 7.580E-01 +/- 0.45 % Gg(l=3) ave= 0.000E+00 +/- 0.00 %  % || D(l=0) ave= 2.656E+04 +/- 0.00 % D(l=1) ave= 6.071E+03 +/- 0.00 % D(l=2) ave= 6.693E+03 +/- 0.00 % D(l=3) ave= 0.000E+00 +/- 0.00 %  % || S(l=0) ave= 2.277E-04 +/- 0.16 % S(l=1) ave= 4.217E-05 +/- 6.02 % S(l=2) ave= 2.725E-04 +/- 17.59 % S(l=3) ave= 0.000E+00 +/- 0.00 % 
 ... random file  236 Cap(th)  ave= 2.575E+00 b. +/- 0.45 % || Ela(th) ave= 1.212E+01 b. +/- 5.61 % || RIcap ave= 1.28E+00 b. +/- 0.38 % || Macs30 ave= 1.21E-02 b. +/- 1.27 % || Gn^0(l=0) ave= 5.865E+00 +/- 0.16 % Gn^0(l=1) ave= 4.642E-01 +/- 6.01 % Gn^0(l=2) ave= 3.574E+00 +/- 17.62 % Gn^0(l=3) ave= 0.000E+00 +/- 0.00 % || Gtotal(l=0) ave= 0.000E+00 +/- 0.00 % Gtotal(l=1) ave= 0.000E+00 +/- 0.00 % Gtotal(l=2) ave= 0.000E+00 +/- 0.00 % Gtotal(l=3) ave= 0.000E+00 +/- 0.00 %  % || Gg(l=0) ave= 1.039E+00 +/- 0.90 % Gg(l=1) ave= 5.271E-01 +/- 0.45 % Gg(l=2) ave= 7.580E-01 +/- 0.45 % Gg(l=3) ave= 0.000E+00 +/- 0.00 %  % || D(l=0) ave= 2.656E+04 +/- 0.00 % D(l=1) ave= 6.071E+03 +/- 0.00 % D(l=2) ave= 6.693E+03 +/- 0.00 % D(l=3) ave= 0.000E+00 +/- 0.00 %  % || S(l=0) ave= 2.277E-04 +/- 0.16 % S(l=1) ave= 4.217E-05 +/- 6.01 % S(l=2) ave= 2.727E-04 +/- 17.57 % S(l=3) ave= 0.000E+00 +/- 0.00 % 
 ... random file  237 Cap(th)  ave= 2.575E+00 b. +/- 0.45 % || Ela(th) ave= 1.211E+01 b. +/- 5.61 % || RIcap ave= 1.28E+00 b. +/- 0.38 % || Macs30 ave= 1.21E-02 b. +/- 1.27 % || Gn^0(l=0) ave= 5.865E+00 +/- 0.16 % Gn^0(l=1) ave= 4.641E-01 +/- 6.01 % Gn^0(l=2) ave= 3.580E+00 +/- 17.70 % Gn^0(l=3) ave= 0.000E+00 +/- 0.00 % || Gtotal(l=0) ave= 0.000E+00 +/- 0.00 % Gtotal(l=1) ave= 0.000E+00 +/- 0.00 % Gtotal(l=2) ave= 0.000E+00 +/- 0.00 % Gtotal(l=3) ave= 0.000E+00 +/- 0.00 %  % || Gg(l=0) ave= 1.039E+00 +/- 0.90 % Gg(l=1) ave= 5.271E-01 +/- 0.45 % Gg(l=2) ave= 7.580E-01 +/- 0.45 % Gg(l=3) ave= 0.000E+00 +/- 0.00 %  % || D(l=0) ave= 2.656E+04 +/- 0.00 % D(l=1) ave= 6.071E+03 +/- 0.00 % D(l=2) ave= 6.693E+03 +/- 0.00 % D(l=3) ave= 0.000E+00 +/- 0.00 %  % || S(l=0) ave= 2.277E-04 +/- 0.16 % S(l=1) ave= 4.216E-05 +/- 6.01 % S(l=2) ave= 2.731E-04 +/- 17.65 % S(l=3) ave= 0.000E+00 +/- 0.00 % 
 ... random file  238 Cap(th)  ave= 2.575E+00 b. +/- 0.45 % || Ela(th) ave= 1.211E+01 b. +/- 5.60 % || RIcap ave= 1.28E+00 b. +/- 0.38 % || Macs30 ave= 1.21E-02 b. +/- 1.28 % || Gn^0(l=0) ave= 5.865E+00 +/- 0.16 % Gn^0(l=1) ave= 4.642E-01 +/- 6.00 % Gn^0(l=2) ave= 3.578E+00 +/- 17.67 % Gn^0(l=3) ave= 0.000E+00 +/- 0.00 % || Gtotal(l=0) ave= 0.000E+00 +/- 0.00 % Gtotal(l=1) ave= 0.000E+00 +/- 0.00 % Gtotal(l=2) ave= 0.000E+00 +/- 0.00 % Gtotal(l=3) ave= 0.000E+00 +/- 0.00 %  % || Gg(l=0) ave= 1.039E+00 +/- 0.90 % Gg(l=1) ave= 5.271E-01 +/- 0.45 % Gg(l=2) ave= 7.580E-01 +/- 0.45 % Gg(l=3) ave= 0.000E+00 +/- 0.00 %  % || D(l=0) ave= 2.656E+04 +/- 0.00 % D(l=1) ave= 6.071E+03 +/- 0.00 % D(l=2) ave= 6.693E+03 +/- 0.00 % D(l=3) ave= 0.000E+00 +/- 0.00 %  % || S(l=0) ave= 2.277E-04 +/- 0.16 % S(l=1) ave= 4.216E-05 +/- 6.00 % S(l=2) ave= 2.730E-04 +/- 17.62 % S(l=3) ave= 0.000E+00 +/- 0.00 % 
 ... random file  239 Cap(th)  ave= 2.575E+00 b. +/- 0.45 % || Ela(th) ave= 1.211E+01 b. +/- 5.60 % || RIcap ave= 1.28E+00 b. +/- 0.38 % || Macs30 ave= 1.21E-02 b. +/- 1.29 % || Gn^0(l=0) ave= 5.865E+00 +/- 0.16 % Gn^0(l=1) ave= 4.641E-01 +/- 6.00 % Gn^0(l=2) ave= 3.577E+00 +/- 17.65 % Gn^0(l=3) ave= 0.000E+00 +/- 0.00 % || Gtotal(l=0) ave= 0.000E+00 +/- 0.00 % Gtotal(l=1) ave= 0.000E+00 +/- 0.00 % Gtotal(l=2) ave= 0.000E+00 +/- 0.00 % Gtotal(l=3) ave= 0.000E+00 +/- 0.00 %  % || Gg(l=0) ave= 1.039E+00 +/- 0.90 % Gg(l=1) ave= 5.271E-01 +/- 0.45 % Gg(l=2) ave= 7.580E-01 +/- 0.45 % Gg(l=3) ave= 0.000E+00 +/- 0.00 %  % || D(l=0) ave= 2.656E+04 +/- 0.00 % D(l=1) ave= 6.071E+03 +/- 0.00 % D(l=2) ave= 6.693E+03 +/- 0.00 % D(l=3) ave= 0.000E+00 +/- 0.00 %  % || S(l=0) ave= 2.277E-04 +/- 0.16 % S(l=1) ave= 4.215E-05 +/- 6.00 % S(l=2) ave= 2.730E-04 +/- 17.60 % S(l=3) ave= 0.000E+00 +/- 0.00 % 
 ... random file  240 Cap(th)  ave= 2.575E+00 b. +/- 0.45 % || Ela(th) ave= 1.211E+01 b. +/- 5.59 % || RIcap ave= 1.28E+00 b. +/- 0.38 % || Macs30 ave= 1.21E-02 b. +/- 1.29 % || Gn^0(l=0) ave= 5.865E+00 +/- 0.16 % Gn^0(l=1) ave= 4.640E-01 +/- 5.99 % Gn^0(l=2) ave= 3.578E+00 +/- 17.61 % Gn^0(l=3) ave= 0.000E+00 +/- 0.00 % || Gtotal(l=0) ave= 0.000E+00 +/- 0.00 % Gtotal(l=1) ave= 0.000E+00 +/- 0.00 % Gtotal(l=2) ave= 0.000E+00 +/- 0.00 % Gtotal(l=3) ave= 0.000E+00 +/- 0.00 %  % || Gg(l=0) ave= 1.039E+00 +/- 0.90 % Gg(l=1) ave= 5.271E-01 +/- 0.45 % Gg(l=2) ave= 7.580E-01 +/- 0.45 % Gg(l=3) ave= 0.000E+00 +/- 0.00 %  % || D(l=0) ave= 2.656E+04 +/- 0.00 % D(l=1) ave= 6.071E+03 +/- 0.00 % D(l=2) ave= 6.693E+03 +/- 0.00 % D(l=3) ave= 0.000E+00 +/- 0.00 %  % || S(l=0) ave= 2.277E-04 +/- 0.16 % S(l=1) ave= 4.215E-05 +/- 5.99 % S(l=2) ave= 2.730E-04 +/- 17.56 % S(l=3) ave= 0.000E+00 +/- 0.00 % 
 ... random file  241 Cap(th)  ave= 2.575E+00 b. +/- 0.45 % || Ela(th) ave= 1.211E+01 b. +/- 5.58 % || RIcap ave= 1.28E+00 b. +/- 0.38 % || Macs30 ave= 1.21E-02 b. +/- 1.29 % || Gn^0(l=0) ave= 5.865E+00 +/- 0.16 % Gn^0(l=1) ave= 4.640E-01 +/- 5.98 % Gn^0(l=2) ave= 3.578E+00 +/- 17.57 % Gn^0(l=3) ave= 0.000E+00 +/- 0.00 % || Gtotal(l=0) ave= 0.000E+00 +/- 0.00 % Gtotal(l=1) ave= 0.000E+00 +/- 0.00 % Gtotal(l=2) ave= 0.000E+00 +/- 0.00 % Gtotal(l=3) ave= 0.000E+00 +/- 0.00 %  % || Gg(l=0) ave= 1.039E+00 +/- 0.90 % Gg(l=1) ave= 5.271E-01 +/- 0.45 % Gg(l=2) ave= 7.580E-01 +/- 0.46 % Gg(l=3) ave= 0.000E+00 +/- 0.00 %  % || D(l=0) ave= 2.656E+04 +/- 0.00 % D(l=1) ave= 6.071E+03 +/- 0.00 % D(l=2) ave= 6.693E+03 +/- 0.00 % D(l=3) ave= 0.000E+00 +/- 0.00 %  % || S(l=0) ave= 2.277E-04 +/- 0.16 % S(l=1) ave= 4.215E-05 +/- 5.98 % S(l=2) ave= 2.730E-04 +/- 17.52 % S(l=3) ave= 0.000E+00 +/- 0.00 % 
 ... random file  242 Cap(th)  ave= 2.575E+00 b. +/- 0.45 % || Ela(th) ave= 1.211E+01 b. +/- 5.57 % || RIcap ave= 1.28E+00 b. +/- 0.38 % || Macs30 ave= 1.21E-02 b. +/- 1.28 % || Gn^0(l=0) ave= 5.865E+00 +/- 0.16 % Gn^0(l=1) ave= 4.639E-01 +/- 5.99 % Gn^0(l=2) ave= 3.574E+00 +/- 17.62 % Gn^0(l=3) ave= 0.000E+00 +/- 0.00 % || Gtotal(l=0) ave= 0.000E+00 +/- 0.00 % Gtotal(l=1) ave= 0.000E+00 +/- 0.00 % Gtotal(l=2) ave= 0.000E+00 +/- 0.00 % Gtotal(l=3) ave= 0.000E+00 +/- 0.00 %  % || Gg(l=0) ave= 1.039E+00 +/- 0.90 % Gg(l=1) ave= 5.271E-01 +/- 0.45 % Gg(l=2) ave= 7.580E-01 +/- 0.45 % Gg(l=3) ave= 0.000E+00 +/- 0.00 %  % || D(l=0) ave= 2.656E+04 +/- 0.00 % D(l=1) ave= 6.071E+03 +/- 0.00 % D(l=2) ave= 6.693E+03 +/- 0.00 % D(l=3) ave= 0.000E+00 +/- 0.00 %  % || S(l=0) ave= 2.277E-04 +/- 0.16 % S(l=1) ave= 4.214E-05 +/- 5.99 % S(l=2) ave= 2.727E-04 +/- 17.57 % S(l=3) ave= 0.000E+00 +/- 0.00 % 
 ... random file  243 Cap(th)  ave= 2.575E+00 b. +/- 0.45 % || Ela(th) ave= 1.211E+01 b. +/- 5.56 % || RIcap ave= 1.28E+00 b. +/- 0.38 % || Macs30 ave= 1.21E-02 b. +/- 1.29 % || Gn^0(l=0) ave= 5.865E+00 +/- 0.16 % Gn^0(l=1) ave= 4.639E-01 +/- 5.98 % Gn^0(l=2) ave= 3.578E+00 +/- 17.65 % Gn^0(l=3) ave= 0.000E+00 +/- 0.00 % || Gtotal(l=0) ave= 0.000E+00 +/- 0.00 % Gtotal(l=1) ave= 0.000E+00 +/- 0.00 % Gtotal(l=2) ave= 0.000E+00 +/- 0.00 % Gtotal(l=3) ave= 0.000E+00 +/- 0.00 %  % || Gg(l=0) ave= 1.039E+00 +/- 0.90 % Gg(l=1) ave= 5.271E-01 +/- 0.45 % Gg(l=2) ave= 7.580E-01 +/- 0.45 % Gg(l=3) ave= 0.000E+00 +/- 0.00 %  % || D(l=0) ave= 2.656E+04 +/- 0.00 % D(l=1) ave= 6.071E+03 +/- 0.00 % D(l=2) ave= 6.693E+03 +/- 0.00 % D(l=3) ave= 0.000E+00 +/- 0.00 %  % || S(l=0) ave= 2.277E-04 +/- 0.16 % S(l=1) ave= 4.213E-05 +/- 5.98 % S(l=2) ave= 2.730E-04 +/- 17.60 % S(l=3) ave= 0.000E+00 +/- 0.00 % 
 ... random file  244 Cap(th)  ave= 2.575E+00 b. +/- 0.45 % || Ela(th) ave= 1.211E+01 b. +/- 5.56 % || RIcap ave= 1.28E+00 b. +/- 0.38 % || Macs30 ave= 1.21E-02 b. +/- 1.29 % || Gn^0(l=0) ave= 5.865E+00 +/- 0.16 % Gn^0(l=1) ave= 4.639E-01 +/- 5.96 % Gn^0(l=2) ave= 3.574E+00 +/- 17.75 % Gn^0(l=3) ave= 0.000E+00 +/- 0.00 % || Gtotal(l=0) ave= 0.000E+00 +/- 0.00 % Gtotal(l=1) ave= 0.000E+00 +/- 0.00 % Gtotal(l=2) ave= 0.000E+00 +/- 0.00 % Gtotal(l=3) ave= 0.000E+00 +/- 0.00 %  % || Gg(l=0) ave= 1.039E+00 +/- 0.90 % Gg(l=1) ave= 5.271E-01 +/- 0.45 % Gg(l=2) ave= 7.580E-01 +/- 0.45 % Gg(l=3) ave= 0.000E+00 +/- 0.00 %  % || D(l=0) ave= 2.656E+04 +/- 0.00 % D(l=1) ave= 6.071E+03 +/- 0.00 % D(l=2) ave= 6.693E+03 +/- 0.00 % D(l=3) ave= 0.000E+00 +/- 0.00 %  % || S(l=0) ave= 2.277E-04 +/- 0.16 % S(l=1) ave= 4.213E-05 +/- 5.96 % S(l=2) ave= 2.727E-04 +/- 17.70 % S(l=3) ave= 0.000E+00 +/- 0.00 % 
 ... random file  245 Cap(th)  ave= 2.575E+00 b. +/- 0.45 % || Ela(th) ave= 1.211E+01 b. +/- 5.54 % || RIcap ave= 1.28E+00 b. +/- 0.38 % || Macs30 ave= 1.21E-02 b. +/- 1.28 % || Gn^0(l=0) ave= 5.865E+00 +/- 0.16 % Gn^0(l=1) ave= 4.639E-01 +/- 5.96 % Gn^0(l=2) ave= 3.572E+00 +/- 17.73 % Gn^0(l=3) ave= 0.000E+00 +/- 0.00 % || Gtotal(l=0) ave= 0.000E+00 +/- 0.00 % Gtotal(l=1) ave= 0.000E+00 +/- 0.00 % Gtotal(l=2) ave= 0.000E+00 +/- 0.00 % Gtotal(l=3) ave= 0.000E+00 +/- 0.00 %  % || Gg(l=0) ave= 1.039E+00 +/- 0.90 % Gg(l=1) ave= 5.271E-01 +/- 0.45 % Gg(l=2) ave= 7.581E-01 +/- 0.46 % Gg(l=3) ave= 0.000E+00 +/- 0.00 %  % || D(l=0) ave= 2.656E+04 +/- 0.00 % D(l=1) ave= 6.071E+03 +/- 0.00 % D(l=2) ave= 6.693E+03 +/- 0.00 % D(l=3) ave= 0.000E+00 +/- 0.00 %  % || S(l=0) ave= 2.277E-04 +/- 0.16 % S(l=1) ave= 4.214E-05 +/- 5.96 % S(l=2) ave= 2.725E-04 +/- 17.68 % S(l=3) ave= 0.000E+00 +/- 0.00 % 
 ... random file  246 Cap(th)  ave= 2.575E+00 b. +/- 0.45 % || Ela(th) ave= 1.212E+01 b. +/- 5.56 % || RIcap ave= 1.28E+00 b. +/- 0.38 % || Macs30 ave= 1.21E-02 b. +/- 1.28 % || Gn^0(l=0) ave= 5.865E+00 +/- 0.16 % Gn^0(l=1) ave= 4.639E-01 +/- 5.95 % Gn^0(l=2) ave= 3.572E+00 +/- 17.70 % Gn^0(l=3) ave= 0.000E+00 +/- 0.00 % || Gtotal(l=0) ave= 0.000E+00 +/- 0.00 % Gtotal(l=1) ave= 0.000E+00 +/- 0.00 % Gtotal(l=2) ave= 0.000E+00 +/- 0.00 % Gtotal(l=3) ave= 0.000E+00 +/- 0.00 %  % || Gg(l=0) ave= 1.039E+00 +/- 0.92 % Gg(l=1) ave= 5.271E-01 +/- 0.45 % Gg(l=2) ave= 7.581E-01 +/- 0.46 % Gg(l=3) ave= 0.000E+00 +/- 0.00 %  % || D(l=0) ave= 2.656E+04 +/- 0.00 % D(l=1) ave= 6.071E+03 +/- 0.00 % D(l=2) ave= 6.693E+03 +/- 0.00 % D(l=3) ave= 0.000E+00 +/- 0.00 %  % || S(l=0) ave= 2.277E-04 +/- 0.16 % S(l=1) ave= 4.214E-05 +/- 5.94 % S(l=2) ave= 2.725E-04 +/- 17.65 % S(l=3) ave= 0.000E+00 +/- 0.00 % 
 ... random file  247 Cap(th)  ave= 2.575E+00 b. +/- 0.45 % || Ela(th) ave= 1.212E+01 b. +/- 5.59 % || RIcap ave= 1.28E+00 b. +/- 0.38 % || Macs30 ave= 1.21E-02 b. +/- 1.28 % || Gn^0(l=0) ave= 5.865E+00 +/- 0.16 % Gn^0(l=1) ave= 4.639E-01 +/- 5.93 % Gn^0(l=2) ave= 3.574E+00 +/- 17.67 % Gn^0(l=3) ave= 0.000E+00 +/- 0.00 % || Gtotal(l=0) ave= 0.000E+00 +/- 0.00 % Gtotal(l=1) ave= 0.000E+00 +/- 0.00 % Gtotal(l=2) ave= 0.000E+00 +/- 0.00 % Gtotal(l=3) ave= 0.000E+00 +/- 0.00 %  % || Gg(l=0) ave= 1.039E+00 +/- 0.91 % Gg(l=1) ave= 5.271E-01 +/- 0.45 % Gg(l=2) ave= 7.581E-01 +/- 0.46 % Gg(l=3) ave= 0.000E+00 +/- 0.00 %  % || D(l=0) ave= 2.656E+04 +/- 0.00 % D(l=1) ave= 6.071E+03 +/- 0.00 % D(l=2) ave= 6.693E+03 +/- 0.00 % D(l=3) ave= 0.000E+00 +/- 0.00 %  % || S(l=0) ave= 2.277E-04 +/- 0.16 % S(l=1) ave= 4.213E-05 +/- 5.93 % S(l=2) ave= 2.727E-04 +/- 17.62 % S(l=3) ave= 0.000E+00 +/- 0.00 % 
 ... random file  248 Cap(th)  ave= 2.575E+00 b. +/- 0.45 % || Ela(th) ave= 1.212E+01 b. +/- 5.58 % || RIcap ave= 1.28E+00 b. +/- 0.38 % || Macs30 ave= 1.21E-02 b. +/- 1.28 % || Gn^0(l=0) ave= 5.865E+00 +/- 0.16 % Gn^0(l=1) ave= 4.638E-01 +/- 5.93 % Gn^0(l=2) ave= 3.572E+00 +/- 17.67 % Gn^0(l=3) ave= 0.000E+00 +/- 0.00 % || Gtotal(l=0) ave= 0.000E+00 +/- 0.00 % Gtotal(l=1) ave= 0.000E+00 +/- 0.00 % Gtotal(l=2) ave= 0.000E+00 +/- 0.00 % Gtotal(l=3) ave= 0.000E+00 +/- 0.00 %  % || Gg(l=0) ave= 1.039E+00 +/- 0.91 % Gg(l=1) ave= 5.271E-01 +/- 0.45 % Gg(l=2) ave= 7.581E-01 +/- 0.46 % Gg(l=3) ave= 0.000E+00 +/- 0.00 %  % || D(l=0) ave= 2.656E+04 +/- 0.00 % D(l=1) ave= 6.071E+03 +/- 0.00 % D(l=2) ave= 6.693E+03 +/- 0.00 % D(l=3) ave= 0.000E+00 +/- 0.00 %  % || S(l=0) ave= 2.277E-04 +/- 0.16 % S(l=1) ave= 4.213E-05 +/- 5.93 % S(l=2) ave= 2.725E-04 +/- 17.62 % S(l=3) ave= 0.000E+00 +/- 0.00 % 
 ... random file  249 Cap(th)  ave= 2.575E+00 b. +/- 0.45 % || Ela(th) ave= 1.212E+01 b. +/- 5.59 % || RIcap ave= 1.28E+00 b. +/- 0.38 % || Macs30 ave= 1.21E-02 b. +/- 1.28 % || Gn^0(l=0) ave= 5.865E+00 +/- 0.16 % Gn^0(l=1) ave= 4.636E-01 +/- 5.94 % Gn^0(l=2) ave= 3.568E+00 +/- 17.71 % Gn^0(l=3) ave= 0.000E+00 +/- 0.00 % || Gtotal(l=0) ave= 0.000E+00 +/- 0.00 % Gtotal(l=1) ave= 0.000E+00 +/- 0.00 % Gtotal(l=2) ave= 0.000E+00 +/- 0.00 % Gtotal(l=3) ave= 0.000E+00 +/- 0.00 %  % || Gg(l=0) ave= 1.039E+00 +/- 0.91 % Gg(l=1) ave= 5.271E-01 +/- 0.45 % Gg(l=2) ave= 7.581E-01 +/- 0.46 % Gg(l=3) ave= 0.000E+00 +/- 0.00 %  % || D(l=0) ave= 2.656E+04 +/- 0.00 % D(l=1) ave= 6.071E+03 +/- 0.00 % D(l=2) ave= 6.693E+03 +/- 0.00 % D(l=3) ave= 0.000E+00 +/- 0.00 %  % || S(l=0) ave= 2.277E-04 +/- 0.16 % S(l=1) ave= 4.211E-05 +/- 5.94 % S(l=2) ave= 2.723E-04 +/- 17.66 % S(l=3) ave= 0.000E+00 +/- 0.00 % 
 ... random file  250 Cap(th)  ave= 2.575E+00 b. +/- 0.45 % || Ela(th) ave= 1.212E+01 b. +/- 5.58 % || RIcap ave= 1.28E+00 b. +/- 0.38 % || Macs30 ave= 1.21E-02 b. +/- 1.28 % || Gn^0(l=0) ave= 5.865E+00 +/- 0.16 % Gn^0(l=1) ave= 4.637E-01 +/- 5.93 % Gn^0(l=2) ave= 3.569E+00 +/- 17.68 % Gn^0(l=3) ave= 0.000E+00 +/- 0.00 % || Gtotal(l=0) ave= 0.000E+00 +/- 0.00 % Gtotal(l=1) ave= 0.000E+00 +/- 0.00 % Gtotal(l=2) ave= 0.000E+00 +/- 0.00 % Gtotal(l=3) ave= 0.000E+00 +/- 0.00 %  % || Gg(l=0) ave= 1.039E+00 +/- 0.91 % Gg(l=1) ave= 5.271E-01 +/- 0.44 % Gg(l=2) ave= 7.581E-01 +/- 0.46 % Gg(l=3) ave= 0.000E+00 +/- 0.00 %  % || D(l=0) ave= 2.656E+04 +/- 0.00 % D(l=1) ave= 6.071E+03 +/- 0.00 % D(l=2) ave= 6.693E+03 +/- 0.00 % D(l=3) ave= 0.000E+00 +/- 0.00 %  % || S(l=0) ave= 2.277E-04 +/- 0.16 % S(l=1) ave= 4.211E-05 +/- 5.93 % S(l=2) ave= 2.723E-04 +/- 17.63 % S(l=3) ave= 0.000E+00 +/- 0.00 % 
 ... random file  251 Cap(th)  ave= 2.575E+00 b. +/- 0.45 % || Ela(th) ave= 1.212E+01 b. +/- 5.57 % || RIcap ave= 1.28E+00 b. +/- 0.38 % || Macs30 ave= 1.21E-02 b. +/- 1.28 % || Gn^0(l=0) ave= 5.865E+00 +/- 0.16 % Gn^0(l=1) ave= 4.636E-01 +/- 5.93 % Gn^0(l=2) ave= 3.571E+00 +/- 17.66 % Gn^0(l=3) ave= 0.000E+00 +/- 0.00 % || Gtotal(l=0) ave= 0.000E+00 +/- 0.00 % Gtotal(l=1) ave= 0.000E+00 +/- 0.00 % Gtotal(l=2) ave= 0.000E+00 +/- 0.00 % Gtotal(l=3) ave= 0.000E+00 +/- 0.00 %  % || Gg(l=0) ave= 1.039E+00 +/- 0.91 % Gg(l=1) ave= 5.270E-01 +/- 0.45 % Gg(l=2) ave= 7.581E-01 +/- 0.46 % Gg(l=3) ave= 0.000E+00 +/- 0.00 %  % || D(l=0) ave= 2.656E+04 +/- 0.00 % D(l=1) ave= 6.071E+03 +/- 0.00 % D(l=2) ave= 6.693E+03 +/- 0.00 % D(l=3) ave= 0.000E+00 +/- 0.00 %  % || S(l=0) ave= 2.277E-04 +/- 0.16 % S(l=1) ave= 4.211E-05 +/- 5.93 % S(l=2) ave= 2.725E-04 +/- 17.61 % S(l=3) ave= 0.000E+00 +/- 0.00 % 
 ... random file  252 Cap(th)  ave= 2.575E+00 b. +/- 0.45 % || Ela(th) ave= 1.212E+01 b. +/- 5.59 % || RIcap ave= 1.28E+00 b. +/- 0.38 % || Macs30 ave= 1.21E-02 b. +/- 1.28 % || Gn^0(l=0) ave= 5.865E+00 +/- 0.16 % Gn^0(l=1) ave= 4.635E-01 +/- 5.92 % Gn^0(l=2) ave= 3.570E+00 +/- 17.64 % Gn^0(l=3) ave= 0.000E+00 +/- 0.00 % || Gtotal(l=0) ave= 0.000E+00 +/- 0.00 % Gtotal(l=1) ave= 0.000E+00 +/- 0.00 % Gtotal(l=2) ave= 0.000E+00 +/- 0.00 % Gtotal(l=3) ave= 0.000E+00 +/- 0.00 %  % || Gg(l=0) ave= 1.039E+00 +/- 0.91 % Gg(l=1) ave= 5.270E-01 +/- 0.45 % Gg(l=2) ave= 7.581E-01 +/- 0.46 % Gg(l=3) ave= 0.000E+00 +/- 0.00 %  % || D(l=0) ave= 2.656E+04 +/- 0.00 % D(l=1) ave= 6.071E+03 +/- 0.00 % D(l=2) ave= 6.693E+03 +/- 0.00 % D(l=3) ave= 0.000E+00 +/- 0.00 %  % || S(l=0) ave= 2.277E-04 +/- 0.16 % S(l=1) ave= 4.210E-05 +/- 5.92 % S(l=2) ave= 2.724E-04 +/- 17.59 % S(l=3) ave= 0.000E+00 +/- 0.00 % 
 ... random file  253 Cap(th)  ave= 2.575E+00 b. +/- 0.45 % || Ela(th) ave= 1.213E+01 b. +/- 5.58 % || RIcap ave= 1.28E+00 b. +/- 0.38 % || Macs30 ave= 1.21E-02 b. +/- 1.28 % || Gn^0(l=0) ave= 5.865E+00 +/- 0.16 % Gn^0(l=1) ave= 4.635E-01 +/- 5.91 % Gn^0(l=2) ave= 3.571E+00 +/- 17.61 % Gn^0(l=3) ave= 0.000E+00 +/- 0.00 % || Gtotal(l=0) ave= 0.000E+00 +/- 0.00 % Gtotal(l=1) ave= 0.000E+00 +/- 0.00 % Gtotal(l=2) ave= 0.000E+00 +/- 0.00 % Gtotal(l=3) ave= 0.000E+00 +/- 0.00 %  % || Gg(l=0) ave= 1.039E+00 +/- 0.91 % Gg(l=1) ave= 5.270E-01 +/- 0.45 % Gg(l=2) ave= 7.581E-01 +/- 0.46 % Gg(l=3) ave= 0.000E+00 +/- 0.00 %  % || D(l=0) ave= 2.656E+04 +/- 0.00 % D(l=1) ave= 6.071E+03 +/- 0.00 % D(l=2) ave= 6.693E+03 +/- 0.00 % D(l=3) ave= 0.000E+00 +/- 0.00 %  % || S(l=0) ave= 2.277E-04 +/- 0.16 % S(l=1) ave= 4.210E-05 +/- 5.91 % S(l=2) ave= 2.725E-04 +/- 17.56 % S(l=3) ave= 0.000E+00 +/- 0.00 % 
 ... random file  254 Cap(th)  ave= 2.575E+00 b. +/- 0.45 % || Ela(th) ave= 1.213E+01 b. +/- 5.58 % || RIcap ave= 1.28E+00 b. +/- 0.38 % || Macs30 ave= 1.21E-02 b. +/- 1.28 % || Gn^0(l=0) ave= 5.865E+00 +/- 0.16 % Gn^0(l=1) ave= 4.633E-01 +/- 5.94 % Gn^0(l=2) ave= 3.569E+00 +/- 17.59 % Gn^0(l=3) ave= 0.000E+00 +/- 0.00 % || Gtotal(l=0) ave= 0.000E+00 +/- 0.00 % Gtotal(l=1) ave= 0.000E+00 +/- 0.00 % Gtotal(l=2) ave= 0.000E+00 +/- 0.00 % Gtotal(l=3) ave= 0.000E+00 +/- 0.00 %  % || Gg(l=0) ave= 1.039E+00 +/- 0.91 % Gg(l=1) ave= 5.270E-01 +/- 0.45 % Gg(l=2) ave= 7.581E-01 +/- 0.46 % Gg(l=3) ave= 0.000E+00 +/- 0.00 %  % || D(l=0) ave= 2.656E+04 +/- 0.00 % D(l=1) ave= 6.071E+03 +/- 0.00 % D(l=2) ave= 6.693E+03 +/- 0.00 % D(l=3) ave= 0.000E+00 +/- 0.00 %  % || S(l=0) ave= 2.277E-04 +/- 0.16 % S(l=1) ave= 4.208E-05 +/- 5.94 % S(l=2) ave= 2.723E-04 +/- 17.54 % S(l=3) ave= 0.000E+00 +/- 0.00 % 
 ... random file  255 Cap(th)  ave= 2.575E+00 b. +/- 0.45 % || Ela(th) ave= 1.213E+01 b. +/- 5.57 % || RIcap ave= 1.28E+00 b. +/- 0.38 % || Macs30 ave= 1.21E-02 b. +/- 1.28 % || Gn^0(l=0) ave= 5.865E+00 +/- 0.16 % Gn^0(l=1) ave= 4.632E-01 +/- 5.95 % Gn^0(l=2) ave= 3.570E+00 +/- 17.56 % Gn^0(l=3) ave= 0.000E+00 +/- 0.00 % || Gtotal(l=0) ave= 0.000E+00 +/- 0.00 % Gtotal(l=1) ave= 0.000E+00 +/- 0.00 % Gtotal(l=2) ave= 0.000E+00 +/- 0.00 % Gtotal(l=3) ave= 0.000E+00 +/- 0.00 %  % || Gg(l=0) ave= 1.039E+00 +/- 0.91 % Gg(l=1) ave= 5.270E-01 +/- 0.45 % Gg(l=2) ave= 7.581E-01 +/- 0.46 % Gg(l=3) ave= 0.000E+00 +/- 0.00 %  % || D(l=0) ave= 2.656E+04 +/- 0.00 % D(l=1) ave= 6.071E+03 +/- 0.00 % D(l=2) ave= 6.693E+03 +/- 0.00 % D(l=3) ave= 0.000E+00 +/- 0.00 %  % || S(l=0) ave= 2.277E-04 +/- 0.16 % S(l=1) ave= 4.207E-05 +/- 5.95 % S(l=2) ave= 2.724E-04 +/- 17.51 % S(l=3) ave= 0.000E+00 +/- 0.00 % 
 ... random file  256 Cap(th)  ave= 2.575E+00 b. +/- 0.45 % || Ela(th) ave= 1.212E+01 b. +/- 5.60 % || RIcap ave= 1.28E+00 b. +/- 0.38 % || Macs30 ave= 1.21E-02 b. +/- 1.29 % || Gn^0(l=0) ave= 5.865E+00 +/- 0.16 % Gn^0(l=1) ave= 4.630E-01 +/- 5.95 % Gn^0(l=2) ave= 3.566E+00 +/- 17.62 % Gn^0(l=3) ave= 0.000E+00 +/- 0.00 % || Gtotal(l=0) ave= 0.000E+00 +/- 0.00 % Gtotal(l=1) ave= 0.000E+00 +/- 0.00 % Gtotal(l=2) ave= 0.000E+00 +/- 0.00 % Gtotal(l=3) ave= 0.000E+00 +/- 0.00 %  % || Gg(l=0) ave= 1.039E+00 +/- 0.91 % Gg(l=1) ave= 5.270E-01 +/- 0.45 % Gg(l=2) ave= 7.581E-01 +/- 0.46 % Gg(l=3) ave= 0.000E+00 +/- 0.00 %  % || D(l=0) ave= 2.656E+04 +/- 0.00 % D(l=1) ave= 6.071E+03 +/- 0.00 % D(l=2) ave= 6.693E+03 +/- 0.00 % D(l=3) ave= 0.000E+00 +/- 0.00 %  % || S(l=0) ave= 2.277E-04 +/- 0.16 % S(l=1) ave= 4.206E-05 +/- 5.95 % S(l=2) ave= 2.721E-04 +/- 17.57 % S(l=3) ave= 0.000E+00 +/- 0.00 % 
 ... random file  257 Cap(th)  ave= 2.575E+00 b. +/- 0.45 % || Ela(th) ave= 1.212E+01 b. +/- 5.63 % || RIcap ave= 1.28E+00 b. +/- 0.38 % || Macs30 ave= 1.21E-02 b. +/- 1.28 % || Gn^0(l=0) ave= 5.865E+00 +/- 0.16 % Gn^0(l=1) ave= 4.630E-01 +/- 5.94 % Gn^0(l=2) ave= 3.562E+00 +/- 17.70 % Gn^0(l=3) ave= 0.000E+00 +/- 0.00 % || Gtotal(l=0) ave= 0.000E+00 +/- 0.00 % Gtotal(l=1) ave= 0.000E+00 +/- 0.00 % Gtotal(l=2) ave= 0.000E+00 +/- 0.00 % Gtotal(l=3) ave= 0.000E+00 +/- 0.00 %  % || Gg(l=0) ave= 1.039E+00 +/- 0.91 % Gg(l=1) ave= 5.270E-01 +/- 0.45 % Gg(l=2) ave= 7.581E-01 +/- 0.46 % Gg(l=3) ave= 0.000E+00 +/- 0.00 %  % || D(l=0) ave= 2.656E+04 +/- 0.00 % D(l=1) ave= 6.071E+03 +/- 0.00 % D(l=2) ave= 6.693E+03 +/- 0.00 % D(l=3) ave= 0.000E+00 +/- 0.00 %  % || S(l=0) ave= 2.277E-04 +/- 0.16 % S(l=1) ave= 4.206E-05 +/- 5.94 % S(l=2) ave= 2.718E-04 +/- 17.65 % S(l=3) ave= 0.000E+00 +/- 0.00 % 
 ... random file  258 Cap(th)  ave= 2.575E+00 b. +/- 0.45 % || Ela(th) ave= 1.212E+01 b. +/- 5.62 % || RIcap ave= 1.28E+00 b. +/- 0.38 % || Macs30 ave= 1.21E-02 b. +/- 1.28 % || Gn^0(l=0) ave= 5.865E+00 +/- 0.16 % Gn^0(l=1) ave= 4.631E-01 +/- 5.93 % Gn^0(l=2) ave= 3.563E+00 +/- 17.66 % Gn^0(l=3) ave= 0.000E+00 +/- 0.00 % || Gtotal(l=0) ave= 0.000E+00 +/- 0.00 % Gtotal(l=1) ave= 0.000E+00 +/- 0.00 % Gtotal(l=2) ave= 0.000E+00 +/- 0.00 % Gtotal(l=3) ave= 0.000E+00 +/- 0.00 %  % || Gg(l=0) ave= 1.039E+00 +/- 0.91 % Gg(l=1) ave= 5.270E-01 +/- 0.45 % Gg(l=2) ave= 7.581E-01 +/- 0.45 % Gg(l=3) ave= 0.000E+00 +/- 0.00 %  % || D(l=0) ave= 2.656E+04 +/- 0.00 % D(l=1) ave= 6.071E+03 +/- 0.00 % D(l=2) ave= 6.693E+03 +/- 0.00 % D(l=3) ave= 0.000E+00 +/- 0.00 %  % || S(l=0) ave= 2.277E-04 +/- 0.16 % S(l=1) ave= 4.206E-05 +/- 5.93 % S(l=2) ave= 2.719E-04 +/- 17.61 % S(l=3) ave= 0.000E+00 +/- 0.00 % 
 ... random file  259 Cap(th)  ave= 2.575E+00 b. +/- 0.45 % || Ela(th) ave= 1.212E+01 b. +/- 5.61 % || RIcap ave= 1.28E+00 b. +/- 0.38 % || Macs30 ave= 1.21E-02 b. +/- 1.28 % || Gn^0(l=0) ave= 5.865E+00 +/- 0.16 % Gn^0(l=1) ave= 4.632E-01 +/- 5.92 % Gn^0(l=2) ave= 3.565E+00 +/- 17.64 % Gn^0(l=3) ave= 0.000E+00 +/- 0.00 % || Gtotal(l=0) ave= 0.000E+00 +/- 0.00 % Gtotal(l=1) ave= 0.000E+00 +/- 0.00 % Gtotal(l=2) ave= 0.000E+00 +/- 0.00 % Gtotal(l=3) ave= 0.000E+00 +/- 0.00 %  % || Gg(l=0) ave= 1.039E+00 +/- 0.91 % Gg(l=1) ave= 5.270E-01 +/- 0.45 % Gg(l=2) ave= 7.581E-01 +/- 0.45 % Gg(l=3) ave= 0.000E+00 +/- 0.00 %  % || D(l=0) ave= 2.656E+04 +/- 0.00 % D(l=1) ave= 6.071E+03 +/- 0.00 % D(l=2) ave= 6.693E+03 +/- 0.00 % D(l=3) ave= 0.000E+00 +/- 0.00 %  % || S(l=0) ave= 2.277E-04 +/- 0.16 % S(l=1) ave= 4.207E-05 +/- 5.92 % S(l=2) ave= 2.720E-04 +/- 17.59 % S(l=3) ave= 0.000E+00 +/- 0.00 % 
 ... random file  260 Cap(th)  ave= 2.575E+00 b. +/- 0.45 % || Ela(th) ave= 1.212E+01 b. +/- 5.61 % || RIcap ave= 1.28E+00 b. +/- 0.38 % || Macs30 ave= 1.21E-02 b. +/- 1.28 % || Gn^0(l=0) ave= 5.865E+00 +/- 0.16 % Gn^0(l=1) ave= 4.632E-01 +/- 5.92 % Gn^0(l=2) ave= 3.566E+00 +/- 17.61 % Gn^0(l=3) ave= 0.000E+00 +/- 0.00 % || Gtotal(l=0) ave= 0.000E+00 +/- 0.00 % Gtotal(l=1) ave= 0.000E+00 +/- 0.00 % Gtotal(l=2) ave= 0.000E+00 +/- 0.00 % Gtotal(l=3) ave= 0.000E+00 +/- 0.00 %  % || Gg(l=0) ave= 1.039E+00 +/- 0.91 % Gg(l=1) ave= 5.270E-01 +/- 0.45 % Gg(l=2) ave= 7.581E-01 +/- 0.45 % Gg(l=3) ave= 0.000E+00 +/- 0.00 %  % || D(l=0) ave= 2.656E+04 +/- 0.00 % D(l=1) ave= 6.071E+03 +/- 0.00 % D(l=2) ave= 6.693E+03 +/- 0.00 % D(l=3) ave= 0.000E+00 +/- 0.00 %  % || S(l=0) ave= 2.277E-04 +/- 0.16 % S(l=1) ave= 4.208E-05 +/- 5.92 % S(l=2) ave= 2.721E-04 +/- 17.56 % S(l=3) ave= 0.000E+00 +/- 0.00 % 
 ... random file  261 Cap(th)  ave= 2.575E+00 b. +/- 0.45 % || Ela(th) ave= 1.212E+01 b. +/- 5.60 % || RIcap ave= 1.28E+00 b. +/- 0.38 % || Macs30 ave= 1.21E-02 b. +/- 1.28 % || Gn^0(l=0) ave= 5.865E+00 +/- 0.16 % Gn^0(l=1) ave= 4.631E-01 +/- 5.93 % Gn^0(l=2) ave= 3.565E+00 +/- 17.58 % Gn^0(l=3) ave= 0.000E+00 +/- 0.00 % || Gtotal(l=0) ave= 0.000E+00 +/- 0.00 % Gtotal(l=1) ave= 0.000E+00 +/- 0.00 % Gtotal(l=2) ave= 0.000E+00 +/- 0.00 % Gtotal(l=3) ave= 0.000E+00 +/- 0.00 %  % || Gg(l=0) ave= 1.039E+00 +/- 0.91 % Gg(l=1) ave= 5.270E-01 +/- 0.45 % Gg(l=2) ave= 7.581E-01 +/- 0.45 % Gg(l=3) ave= 0.000E+00 +/- 0.00 %  % || D(l=0) ave= 2.656E+04 +/- 0.00 % D(l=1) ave= 6.071E+03 +/- 0.00 % D(l=2) ave= 6.693E+03 +/- 0.00 % D(l=3) ave= 0.000E+00 +/- 0.00 %  % || S(l=0) ave= 2.277E-04 +/- 0.16 % S(l=1) ave= 4.207E-05 +/- 5.93 % S(l=2) ave= 2.720E-04 +/- 17.53 % S(l=3) ave= 0.000E+00 +/- 0.00 % 
 ... random file  262 Cap(th)  ave= 2.575E+00 b. +/- 0.45 % || Ela(th) ave= 1.212E+01 b. +/- 5.59 % || RIcap ave= 1.28E+00 b. +/- 0.38 % || Macs30 ave= 1.21E-02 b. +/- 1.27 % || Gn^0(l=0) ave= 5.865E+00 +/- 0.16 % Gn^0(l=1) ave= 4.631E-01 +/- 5.92 % Gn^0(l=2) ave= 3.565E+00 +/- 17.55 % Gn^0(l=3) ave= 0.000E+00 +/- 0.00 % || Gtotal(l=0) ave= 0.000E+00 +/- 0.00 % Gtotal(l=1) ave= 0.000E+00 +/- 0.00 % Gtotal(l=2) ave= 0.000E+00 +/- 0.00 % Gtotal(l=3) ave= 0.000E+00 +/- 0.00 %  % || Gg(l=0) ave= 1.039E+00 +/- 0.91 % Gg(l=1) ave= 5.270E-01 +/- 0.45 % Gg(l=2) ave= 7.581E-01 +/- 0.45 % Gg(l=3) ave= 0.000E+00 +/- 0.00 %  % || D(l=0) ave= 2.656E+04 +/- 0.00 % D(l=1) ave= 6.071E+03 +/- 0.00 % D(l=2) ave= 6.693E+03 +/- 0.00 % D(l=3) ave= 0.000E+00 +/- 0.00 %  % || S(l=0) ave= 2.277E-04 +/- 0.16 % S(l=1) ave= 4.206E-05 +/- 5.92 % S(l=2) ave= 2.720E-04 +/- 17.50 % S(l=3) ave= 0.000E+00 +/- 0.00 % 
 ... random file  263 Cap(th)  ave= 2.575E+00 b. +/- 0.44 % || Ela(th) ave= 1.212E+01 b. +/- 5.58 % || RIcap ave= 1.28E+00 b. +/- 0.38 % || Macs30 ave= 1.21E-02 b. +/- 1.27 % || Gn^0(l=0) ave= 5.865E+00 +/- 0.16 % Gn^0(l=1) ave= 4.632E-01 +/- 5.92 % Gn^0(l=2) ave= 3.564E+00 +/- 17.52 % Gn^0(l=3) ave= 0.000E+00 +/- 0.00 % || Gtotal(l=0) ave= 0.000E+00 +/- 0.00 % Gtotal(l=1) ave= 0.000E+00 +/- 0.00 % Gtotal(l=2) ave= 0.000E+00 +/- 0.00 % Gtotal(l=3) ave= 0.000E+00 +/- 0.00 %  % || Gg(l=0) ave= 1.039E+00 +/- 0.91 % Gg(l=1) ave= 5.270E-01 +/- 0.45 % Gg(l=2) ave= 7.581E-01 +/- 0.45 % Gg(l=3) ave= 0.000E+00 +/- 0.00 %  % || D(l=0) ave= 2.656E+04 +/- 0.00 % D(l=1) ave= 6.071E+03 +/- 0.00 % D(l=2) ave= 6.693E+03 +/- 0.00 % D(l=3) ave= 0.000E+00 +/- 0.00 %  % || S(l=0) ave= 2.277E-04 +/- 0.16 % S(l=1) ave= 4.207E-05 +/- 5.92 % S(l=2) ave= 2.720E-04 +/- 17.47 % S(l=3) ave= 0.000E+00 +/- 0.00 % 
 ... random file  264 Cap(th)  ave= 2.575E+00 b. +/- 0.44 % || Ela(th) ave= 1.212E+01 b. +/- 5.57 % || RIcap ave= 1.28E+00 b. +/- 0.38 % || Macs30 ave= 1.21E-02 b. +/- 1.27 % || Gn^0(l=0) ave= 5.865E+00 +/- 0.16 % Gn^0(l=1) ave= 4.632E-01 +/- 5.91 % Gn^0(l=2) ave= 3.562E+00 +/- 17.52 % Gn^0(l=3) ave= 0.000E+00 +/- 0.00 % || Gtotal(l=0) ave= 0.000E+00 +/- 0.00 % Gtotal(l=1) ave= 0.000E+00 +/- 0.00 % Gtotal(l=2) ave= 0.000E+00 +/- 0.00 % Gtotal(l=3) ave= 0.000E+00 +/- 0.00 %  % || Gg(l=0) ave= 1.039E+00 +/- 0.91 % Gg(l=1) ave= 5.270E-01 +/- 0.45 % Gg(l=2) ave= 7.581E-01 +/- 0.45 % Gg(l=3) ave= 0.000E+00 +/- 0.00 %  % || D(l=0) ave= 2.656E+04 +/- 0.00 % D(l=1) ave= 6.071E+03 +/- 0.00 % D(l=2) ave= 6.693E+03 +/- 0.00 % D(l=3) ave= 0.000E+00 +/- 0.00 %  % || S(l=0) ave= 2.277E-04 +/- 0.16 % S(l=1) ave= 4.207E-05 +/- 5.91 % S(l=2) ave= 2.718E-04 +/- 17.47 % S(l=3) ave= 0.000E+00 +/- 0.00 % 
 ... random file  265 Cap(th)  ave= 2.575E+00 b. +/- 0.44 % || Ela(th) ave= 1.212E+01 b. +/- 5.61 % || RIcap ave= 1.28E+00 b. +/- 0.38 % || Macs30 ave= 1.21E-02 b. +/- 1.27 % || Gn^0(l=0) ave= 5.865E+00 +/- 0.16 % Gn^0(l=1) ave= 4.630E-01 +/- 5.93 % Gn^0(l=2) ave= 3.561E+00 +/- 17.52 % Gn^0(l=3) ave= 0.000E+00 +/- 0.00 % || Gtotal(l=0) ave= 0.000E+00 +/- 0.00 % Gtotal(l=1) ave= 0.000E+00 +/- 0.00 % Gtotal(l=2) ave= 0.000E+00 +/- 0.00 % Gtotal(l=3) ave= 0.000E+00 +/- 0.00 %  % || Gg(l=0) ave= 1.039E+00 +/- 0.91 % Gg(l=1) ave= 5.270E-01 +/- 0.45 % Gg(l=2) ave= 7.581E-01 +/- 0.45 % Gg(l=3) ave= 0.000E+00 +/- 0.00 %  % || D(l=0) ave= 2.656E+04 +/- 0.00 % D(l=1) ave= 6.071E+03 +/- 0.00 % D(l=2) ave= 6.693E+03 +/- 0.00 % D(l=3) ave= 0.000E+00 +/- 0.00 %  % || S(l=0) ave= 2.277E-04 +/- 0.16 % S(l=1) ave= 4.206E-05 +/- 5.92 % S(l=2) ave= 2.717E-04 +/- 17.47 % S(l=3) ave= 0.000E+00 +/- 0.00 % 
 ... random file  266 Cap(th)  ave= 2.575E+00 b. +/- 0.44 % || Ela(th) ave= 1.212E+01 b. +/- 5.60 % || RIcap ave= 1.28E+00 b. +/- 0.38 % || Macs30 ave= 1.21E-02 b. +/- 1.27 % || Gn^0(l=0) ave= 5.865E+00 +/- 0.16 % Gn^0(l=1) ave= 4.630E-01 +/- 5.92 % Gn^0(l=2) ave= 3.560E+00 +/- 17.49 % Gn^0(l=3) ave= 0.000E+00 +/- 0.00 % || Gtotal(l=0) ave= 0.000E+00 +/- 0.00 % Gtotal(l=1) ave= 0.000E+00 +/- 0.00 % Gtotal(l=2) ave= 0.000E+00 +/- 0.00 % Gtotal(l=3) ave= 0.000E+00 +/- 0.00 %  % || Gg(l=0) ave= 1.039E+00 +/- 0.91 % Gg(l=1) ave= 5.270E-01 +/- 0.44 % Gg(l=2) ave= 7.581E-01 +/- 0.45 % Gg(l=3) ave= 0.000E+00 +/- 0.00 %  % || D(l=0) ave= 2.656E+04 +/- 0.00 % D(l=1) ave= 6.071E+03 +/- 0.00 % D(l=2) ave= 6.693E+03 +/- 0.00 % D(l=3) ave= 0.000E+00 +/- 0.00 %  % || S(l=0) ave= 2.277E-04 +/- 0.16 % S(l=1) ave= 4.205E-05 +/- 5.92 % S(l=2) ave= 2.717E-04 +/- 17.44 % S(l=3) ave= 0.000E+00 +/- 0.00 % 
 ... random file  267 Cap(th)  ave= 2.575E+00 b. +/- 0.44 % || Ela(th) ave= 1.212E+01 b. +/- 5.59 % || RIcap ave= 1.28E+00 b. +/- 0.38 % || Macs30 ave= 1.21E-02 b. +/- 1.27 % || Gn^0(l=0) ave= 5.865E+00 +/- 0.16 % Gn^0(l=1) ave= 4.630E-01 +/- 5.91 % Gn^0(l=2) ave= 3.559E+00 +/- 17.47 % Gn^0(l=3) ave= 0.000E+00 +/- 0.00 % || Gtotal(l=0) ave= 0.000E+00 +/- 0.00 % Gtotal(l=1) ave= 0.000E+00 +/- 0.00 % Gtotal(l=2) ave= 0.000E+00 +/- 0.00 % Gtotal(l=3) ave= 0.000E+00 +/- 0.00 %  % || Gg(l=0) ave= 1.039E+00 +/- 0.90 % Gg(l=1) ave= 5.270E-01 +/- 0.44 % Gg(l=2) ave= 7.581E-01 +/- 0.45 % Gg(l=3) ave= 0.000E+00 +/- 0.00 %  % || D(l=0) ave= 2.656E+04 +/- 0.00 % D(l=1) ave= 6.071E+03 +/- 0.00 % D(l=2) ave= 6.693E+03 +/- 0.00 % D(l=3) ave= 0.000E+00 +/- 0.00 %  % || S(l=0) ave= 2.277E-04 +/- 0.16 % S(l=1) ave= 4.206E-05 +/- 5.91 % S(l=2) ave= 2.716E-04 +/- 17.42 % S(l=3) ave= 0.000E+00 +/- 0.00 % 
 ... random file  268 Cap(th)  ave= 2.575E+00 b. +/- 0.44 % || Ela(th) ave= 1.212E+01 b. +/- 5.58 % || RIcap ave= 1.28E+00 b. +/- 0.38 % || Macs30 ave= 1.21E-02 b. +/- 1.27 % || Gn^0(l=0) ave= 5.865E+00 +/- 0.16 % Gn^0(l=1) ave= 4.631E-01 +/- 5.91 % Gn^0(l=2) ave= 3.559E+00 +/- 17.44 % Gn^0(l=3) ave= 0.000E+00 +/- 0.00 % || Gtotal(l=0) ave= 0.000E+00 +/- 0.00 % Gtotal(l=1) ave= 0.000E+00 +/- 0.00 % Gtotal(l=2) ave= 0.000E+00 +/- 0.00 % Gtotal(l=3) ave= 0.000E+00 +/- 0.00 %  % || Gg(l=0) ave= 1.039E+00 +/- 0.90 % Gg(l=1) ave= 5.270E-01 +/- 0.44 % Gg(l=2) ave= 7.581E-01 +/- 0.45 % Gg(l=3) ave= 0.000E+00 +/- 0.00 %  % || D(l=0) ave= 2.656E+04 +/- 0.00 % D(l=1) ave= 6.071E+03 +/- 0.00 % D(l=2) ave= 6.693E+03 +/- 0.00 % D(l=3) ave= 0.000E+00 +/- 0.00 %  % || S(l=0) ave= 2.277E-04 +/- 0.16 % S(l=1) ave= 4.207E-05 +/- 5.91 % S(l=2) ave= 2.715E-04 +/- 17.39 % S(l=3) ave= 0.000E+00 +/- 0.00 % 
 ... random file  269 Cap(th)  ave= 2.575E+00 b. +/- 0.44 % || Ela(th) ave= 1.211E+01 b. +/- 5.58 % || RIcap ave= 1.28E+00 b. +/- 0.38 % || Macs30 ave= 1.21E-02 b. +/- 1.26 % || Gn^0(l=0) ave= 5.865E+00 +/- 0.16 % Gn^0(l=1) ave= 4.633E-01 +/- 5.92 % Gn^0(l=2) ave= 3.558E+00 +/- 17.41 % Gn^0(l=3) ave= 0.000E+00 +/- 0.00 % || Gtotal(l=0) ave= 0.000E+00 +/- 0.00 % Gtotal(l=1) ave= 0.000E+00 +/- 0.00 % Gtotal(l=2) ave= 0.000E+00 +/- 0.00 % Gtotal(l=3) ave= 0.000E+00 +/- 0.00 %  % || Gg(l=0) ave= 1.039E+00 +/- 0.90 % Gg(l=1) ave= 5.270E-01 +/- 0.45 % Gg(l=2) ave= 7.581E-01 +/- 0.45 % Gg(l=3) ave= 0.000E+00 +/- 0.00 %  % || D(l=0) ave= 2.656E+04 +/- 0.00 % D(l=1) ave= 6.071E+03 +/- 0.00 % D(l=2) ave= 6.693E+03 +/- 0.00 % D(l=3) ave= 0.000E+00 +/- 0.00 %  % || S(l=0) ave= 2.277E-04 +/- 0.16 % S(l=1) ave= 4.208E-05 +/- 5.92 % S(l=2) ave= 2.715E-04 +/- 17.36 % S(l=3) ave= 0.000E+00 +/- 0.00 % 
 ... random file  270 Cap(th)  ave= 2.575E+00 b. +/- 0.44 % || Ela(th) ave= 1.211E+01 b. +/- 5.58 % || RIcap ave= 1.28E+00 b. +/- 0.38 % || Macs30 ave= 1.21E-02 b. +/- 1.26 % || Gn^0(l=0) ave= 5.865E+00 +/- 0.16 % Gn^0(l=1) ave= 4.634E-01 +/- 5.93 % Gn^0(l=2) ave= 3.558E+00 +/- 17.38 % Gn^0(l=3) ave= 0.000E+00 +/- 0.00 % || Gtotal(l=0) ave= 0.000E+00 +/- 0.00 % Gtotal(l=1) ave= 0.000E+00 +/- 0.00 % Gtotal(l=2) ave= 0.000E+00 +/- 0.00 % Gtotal(l=3) ave= 0.000E+00 +/- 0.00 %  % || Gg(l=0) ave= 1.039E+00 +/- 0.90 % Gg(l=1) ave= 5.270E-01 +/- 0.45 % Gg(l=2) ave= 7.581E-01 +/- 0.45 % Gg(l=3) ave= 0.000E+00 +/- 0.00 %  % || D(l=0) ave= 2.656E+04 +/- 0.00 % D(l=1) ave= 6.071E+03 +/- 0.00 % D(l=2) ave= 6.693E+03 +/- 0.00 % D(l=3) ave= 0.000E+00 +/- 0.00 %  % || S(l=0) ave= 2.277E-04 +/- 0.16 % S(l=1) ave= 4.209E-05 +/- 5.93 % S(l=2) ave= 2.715E-04 +/- 17.33 % S(l=3) ave= 0.000E+00 +/- 0.00 % 
 ... random file  271 Cap(th)  ave= 2.575E+00 b. +/- 0.44 % || Ela(th) ave= 1.211E+01 b. +/- 5.57 % || RIcap ave= 1.28E+00 b. +/- 0.38 % || Macs30 ave= 1.21E-02 b. +/- 1.26 % || Gn^0(l=0) ave= 5.865E+00 +/- 0.16 % Gn^0(l=1) ave= 4.635E-01 +/- 5.92 % Gn^0(l=2) ave= 3.557E+00 +/- 17.37 % Gn^0(l=3) ave= 0.000E+00 +/- 0.00 % || Gtotal(l=0) ave= 0.000E+00 +/- 0.00 % Gtotal(l=1) ave= 0.000E+00 +/- 0.00 % Gtotal(l=2) ave= 0.000E+00 +/- 0.00 % Gtotal(l=3) ave= 0.000E+00 +/- 0.00 %  % || Gg(l=0) ave= 1.039E+00 +/- 0.90 % Gg(l=1) ave= 5.270E-01 +/- 0.45 % Gg(l=2) ave= 7.581E-01 +/- 0.45 % Gg(l=3) ave= 0.000E+00 +/- 0.00 %  % || D(l=0) ave= 2.656E+04 +/- 0.00 % D(l=1) ave= 6.071E+03 +/- 0.00 % D(l=2) ave= 6.693E+03 +/- 0.00 % D(l=3) ave= 0.000E+00 +/- 0.00 %  % || S(l=0) ave= 2.277E-04 +/- 0.16 % S(l=1) ave= 4.210E-05 +/- 5.92 % S(l=2) ave= 2.714E-04 +/- 17.32 % S(l=3) ave= 0.000E+00 +/- 0.00 % 
 ... random file  272 Cap(th)  ave= 2.575E+00 b. +/- 0.44 % || Ela(th) ave= 1.211E+01 b. +/- 5.57 % || RIcap ave= 1.28E+00 b. +/- 0.38 % || Macs30 ave= 1.21E-02 b. +/- 1.26 % || Gn^0(l=0) ave= 5.865E+00 +/- 0.16 % Gn^0(l=1) ave= 4.636E-01 +/- 5.94 % Gn^0(l=2) ave= 3.554E+00 +/- 17.41 % Gn^0(l=3) ave= 0.000E+00 +/- 0.00 % || Gtotal(l=0) ave= 0.000E+00 +/- 0.00 % Gtotal(l=1) ave= 0.000E+00 +/- 0.00 % Gtotal(l=2) ave= 0.000E+00 +/- 0.00 % Gtotal(l=3) ave= 0.000E+00 +/- 0.00 %  % || Gg(l=0) ave= 1.039E+00 +/- 0.90 % Gg(l=1) ave= 5.270E-01 +/- 0.45 % Gg(l=2) ave= 7.580E-01 +/- 0.45 % Gg(l=3) ave= 0.000E+00 +/- 0.00 %  % || D(l=0) ave= 2.656E+04 +/- 0.00 % D(l=1) ave= 6.071E+03 +/- 0.00 % D(l=2) ave= 6.693E+03 +/- 0.00 % D(l=3) ave= 0.000E+00 +/- 0.00 %  % || S(l=0) ave= 2.277E-04 +/- 0.16 % S(l=1) ave= 4.211E-05 +/- 5.94 % S(l=2) ave= 2.712E-04 +/- 17.36 % S(l=3) ave= 0.000E+00 +/- 0.00 % 
 ... random file  273 Cap(th)  ave= 2.575E+00 b. +/- 0.44 % || Ela(th) ave= 1.212E+01 b. +/- 5.57 % || RIcap ave= 1.28E+00 b. +/- 0.38 % || Macs30 ave= 1.21E-02 b. +/- 1.27 % || Gn^0(l=0) ave= 5.865E+00 +/- 0.16 % Gn^0(l=1) ave= 4.636E-01 +/- 5.93 % Gn^0(l=2) ave= 3.552E+00 +/- 17.42 % Gn^0(l=3) ave= 0.000E+00 +/- 0.00 % || Gtotal(l=0) ave= 0.000E+00 +/- 0.00 % Gtotal(l=1) ave= 0.000E+00 +/- 0.00 % Gtotal(l=2) ave= 0.000E+00 +/- 0.00 % Gtotal(l=3) ave= 0.000E+00 +/- 0.00 %  % || Gg(l=0) ave= 1.039E+00 +/- 0.90 % Gg(l=1) ave= 5.270E-01 +/- 0.45 % Gg(l=2) ave= 7.581E-01 +/- 0.45 % Gg(l=3) ave= 0.000E+00 +/- 0.00 %  % || D(l=0) ave= 2.656E+04 +/- 0.00 % D(l=1) ave= 6.071E+03 +/- 0.00 % D(l=2) ave= 6.693E+03 +/- 0.00 % D(l=3) ave= 0.000E+00 +/- 0.00 %  % || S(l=0) ave= 2.277E-04 +/- 0.16 % S(l=1) ave= 4.211E-05 +/- 5.93 % S(l=2) ave= 2.710E-04 +/- 17.37 % S(l=3) ave= 0.000E+00 +/- 0.00 % 
 ... random file  274 Cap(th)  ave= 2.575E+00 b. +/- 0.44 % || Ela(th) ave= 1.211E+01 b. +/- 5.60 % || RIcap ave= 1.28E+00 b. +/- 0.38 % || Macs30 ave= 1.21E-02 b. +/- 1.27 % || Gn^0(l=0) ave= 5.865E+00 +/- 0.16 % Gn^0(l=1) ave= 4.636E-01 +/- 5.92 % Gn^0(l=2) ave= 3.551E+00 +/- 17.39 % Gn^0(l=3) ave= 0.000E+00 +/- 0.00 % || Gtotal(l=0) ave= 0.000E+00 +/- 0.00 % Gtotal(l=1) ave= 0.000E+00 +/- 0.00 % Gtotal(l=2) ave= 0.000E+00 +/- 0.00 % Gtotal(l=3) ave= 0.000E+00 +/- 0.00 %  % || Gg(l=0) ave= 1.039E+00 +/- 0.92 % Gg(l=1) ave= 5.270E-01 +/- 0.45 % Gg(l=2) ave= 7.581E-01 +/- 0.45 % Gg(l=3) ave= 0.000E+00 +/- 0.00 %  % || D(l=0) ave= 2.656E+04 +/- 0.00 % D(l=1) ave= 6.071E+03 +/- 0.00 % D(l=2) ave= 6.693E+03 +/- 0.00 % D(l=3) ave= 0.000E+00 +/- 0.00 %  % || S(l=0) ave= 2.277E-04 +/- 0.16 % S(l=1) ave= 4.211E-05 +/- 5.92 % S(l=2) ave= 2.710E-04 +/- 17.34 % S(l=3) ave= 0.000E+00 +/- 0.00 % 
 ... random file  275 Cap(th)  ave= 2.575E+00 b. +/- 0.44 % || Ela(th) ave= 1.211E+01 b. +/- 5.59 % || RIcap ave= 1.28E+00 b. +/- 0.38 % || Macs30 ave= 1.21E-02 b. +/- 1.26 % || Gn^0(l=0) ave= 5.865E+00 +/- 0.16 % Gn^0(l=1) ave= 4.636E-01 +/- 5.91 % Gn^0(l=2) ave= 3.552E+00 +/- 17.36 % Gn^0(l=3) ave= 0.000E+00 +/- 0.00 % || Gtotal(l=0) ave= 0.000E+00 +/- 0.00 % Gtotal(l=1) ave= 0.000E+00 +/- 0.00 % Gtotal(l=2) ave= 0.000E+00 +/- 0.00 % Gtotal(l=3) ave= 0.000E+00 +/- 0.00 %  % || Gg(l=0) ave= 1.039E+00 +/- 0.92 % Gg(l=1) ave= 5.270E-01 +/- 0.45 % Gg(l=2) ave= 7.581E-01 +/- 0.45 % Gg(l=3) ave= 0.000E+00 +/- 0.00 %  % || D(l=0) ave= 2.656E+04 +/- 0.00 % D(l=1) ave= 6.071E+03 +/- 0.00 % D(l=2) ave= 6.693E+03 +/- 0.00 % D(l=3) ave= 0.000E+00 +/- 0.00 %  % || S(l=0) ave= 2.277E-04 +/- 0.16 % S(l=1) ave= 4.211E-05 +/- 5.91 % S(l=2) ave= 2.710E-04 +/- 17.31 % S(l=3) ave= 0.000E+00 +/- 0.00 % 
 ... random file  276 Cap(th)  ave= 2.575E+00 b. +/- 0.44 % || Ela(th) ave= 1.211E+01 b. +/- 5.58 % || RIcap ave= 1.28E+00 b. +/- 0.38 % || Macs30 ave= 1.21E-02 b. +/- 1.27 % || Gn^0(l=0) ave= 5.865E+00 +/- 0.16 % Gn^0(l=1) ave= 4.634E-01 +/- 5.93 % Gn^0(l=2) ave= 3.552E+00 +/- 17.32 % Gn^0(l=3) ave= 0.000E+00 +/- 0.00 % || Gtotal(l=0) ave= 0.000E+00 +/- 0.00 % Gtotal(l=1) ave= 0.000E+00 +/- 0.00 % Gtotal(l=2) ave= 0.000E+00 +/- 0.00 % Gtotal(l=3) ave= 0.000E+00 +/- 0.00 %  % || Gg(l=0) ave= 1.039E+00 +/- 0.92 % Gg(l=1) ave= 5.270E-01 +/- 0.45 % Gg(l=2) ave= 7.581E-01 +/- 0.45 % Gg(l=3) ave= 0.000E+00 +/- 0.00 %  % || D(l=0) ave= 2.656E+04 +/- 0.00 % D(l=1) ave= 6.071E+03 +/- 0.00 % D(l=2) ave= 6.693E+03 +/- 0.00 % D(l=3) ave= 0.000E+00 +/- 0.00 %  % || S(l=0) ave= 2.277E-04 +/- 0.16 % S(l=1) ave= 4.209E-05 +/- 5.93 % S(l=2) ave= 2.711E-04 +/- 17.27 % S(l=3) ave= 0.000E+00 +/- 0.00 % 
 ... random file  277 Cap(th)  ave= 2.575E+00 b. +/- 0.44 % || Ela(th) ave= 1.211E+01 b. +/- 5.57 % || RIcap ave= 1.28E+00 b. +/- 0.38 % || Macs30 ave= 1.21E-02 b. +/- 1.27 % || Gn^0(l=0) ave= 5.865E+00 +/- 0.16 % Gn^0(l=1) ave= 4.635E-01 +/- 5.92 % Gn^0(l=2) ave= 3.552E+00 +/- 17.29 % Gn^0(l=3) ave= 0.000E+00 +/- 0.00 % || Gtotal(l=0) ave= 0.000E+00 +/- 0.00 % Gtotal(l=1) ave= 0.000E+00 +/- 0.00 % Gtotal(l=2) ave= 0.000E+00 +/- 0.00 % Gtotal(l=3) ave= 0.000E+00 +/- 0.00 %  % || Gg(l=0) ave= 1.039E+00 +/- 0.92 % Gg(l=1) ave= 5.270E-01 +/- 0.45 % Gg(l=2) ave= 7.581E-01 +/- 0.45 % Gg(l=3) ave= 0.000E+00 +/- 0.00 %  % || D(l=0) ave= 2.656E+04 +/- 0.00 % D(l=1) ave= 6.071E+03 +/- 0.00 % D(l=2) ave= 6.693E+03 +/- 0.00 % D(l=3) ave= 0.000E+00 +/- 0.00 %  % || S(l=0) ave= 2.277E-04 +/- 0.16 % S(l=1) ave= 4.210E-05 +/- 5.92 % S(l=2) ave= 2.710E-04 +/- 17.24 % S(l=3) ave= 0.000E+00 +/- 0.00 % 
 ... random file  278 Cap(th)  ave= 2.575E+00 b. +/- 0.44 % || Ela(th) ave= 1.211E+01 b. +/- 5.56 % || RIcap ave= 1.28E+00 b. +/- 0.38 % || Macs30 ave= 1.21E-02 b. +/- 1.26 % || Gn^0(l=0) ave= 5.865E+00 +/- 0.16 % Gn^0(l=1) ave= 4.636E-01 +/- 5.91 % Gn^0(l=2) ave= 3.552E+00 +/- 17.26 % Gn^0(l=3) ave= 0.000E+00 +/- 0.00 % || Gtotal(l=0) ave= 0.000E+00 +/- 0.00 % Gtotal(l=1) ave= 0.000E+00 +/- 0.00 % Gtotal(l=2) ave= 0.000E+00 +/- 0.00 % Gtotal(l=3) ave= 0.000E+00 +/- 0.00 %  % || Gg(l=0) ave= 1.039E+00 +/- 0.92 % Gg(l=1) ave= 5.270E-01 +/- 0.45 % Gg(l=2) ave= 7.581E-01 +/- 0.45 % Gg(l=3) ave= 0.000E+00 +/- 0.00 %  % || D(l=0) ave= 2.656E+04 +/- 0.00 % D(l=1) ave= 6.071E+03 +/- 0.00 % D(l=2) ave= 6.693E+03 +/- 0.00 % D(l=3) ave= 0.000E+00 +/- 0.00 %  % || S(l=0) ave= 2.277E-04 +/- 0.16 % S(l=1) ave= 4.211E-05 +/- 5.91 % S(l=2) ave= 2.710E-04 +/- 17.21 % S(l=3) ave= 0.000E+00 +/- 0.00 % 
 ... random file  279 Cap(th)  ave= 2.575E+00 b. +/- 0.44 % || Ela(th) ave= 1.211E+01 b. +/- 5.57 % || RIcap ave= 1.28E+00 b. +/- 0.38 % || Macs30 ave= 1.21E-02 b. +/- 1.26 % || Gn^0(l=0) ave= 5.865E+00 +/- 0.16 % Gn^0(l=1) ave= 4.635E-01 +/- 5.90 % Gn^0(l=2) ave= 3.554E+00 +/- 17.24 % Gn^0(l=3) ave= 0.000E+00 +/- 0.00 % || Gtotal(l=0) ave= 0.000E+00 +/- 0.00 % Gtotal(l=1) ave= 0.000E+00 +/- 0.00 % Gtotal(l=2) ave= 0.000E+00 +/- 0.00 % Gtotal(l=3) ave= 0.000E+00 +/- 0.00 %  % || Gg(l=0) ave= 1.039E+00 +/- 0.92 % Gg(l=1) ave= 5.270E-01 +/- 0.44 % Gg(l=2) ave= 7.581E-01 +/- 0.45 % Gg(l=3) ave= 0.000E+00 +/- 0.00 %  % || D(l=0) ave= 2.656E+04 +/- 0.00 % D(l=1) ave= 6.071E+03 +/- 0.00 % D(l=2) ave= 6.693E+03 +/- 0.00 % D(l=3) ave= 0.000E+00 +/- 0.00 %  % || S(l=0) ave= 2.277E-04 +/- 0.16 % S(l=1) ave= 4.210E-05 +/- 5.90 % S(l=2) ave= 2.712E-04 +/- 17.19 % S(l=3) ave= 0.000E+00 +/- 0.00 % 
 ... random file  280 Cap(th)  ave= 2.575E+00 b. +/- 0.44 % || Ela(th) ave= 1.211E+01 b. +/- 5.56 % || RIcap ave= 1.28E+00 b. +/- 0.38 % || Macs30 ave= 1.21E-02 b. +/- 1.26 % || Gn^0(l=0) ave= 5.865E+00 +/- 0.16 % Gn^0(l=1) ave= 4.636E-01 +/- 5.90 % Gn^0(l=2) ave= 3.555E+00 +/- 17.21 % Gn^0(l=3) ave= 0.000E+00 +/- 0.00 % || Gtotal(l=0) ave= 0.000E+00 +/- 0.00 % Gtotal(l=1) ave= 0.000E+00 +/- 0.00 % Gtotal(l=2) ave= 0.000E+00 +/- 0.00 % Gtotal(l=3) ave= 0.000E+00 +/- 0.00 %  % || Gg(l=0) ave= 1.039E+00 +/- 0.92 % Gg(l=1) ave= 5.270E-01 +/- 0.44 % Gg(l=2) ave= 7.581E-01 +/- 0.45 % Gg(l=3) ave= 0.000E+00 +/- 0.00 %  % || D(l=0) ave= 2.656E+04 +/- 0.00 % D(l=1) ave= 6.071E+03 +/- 0.00 % D(l=2) ave= 6.693E+03 +/- 0.00 % D(l=3) ave= 0.000E+00 +/- 0.00 %  % || S(l=0) ave= 2.277E-04 +/- 0.16 % S(l=1) ave= 4.211E-05 +/- 5.90 % S(l=2) ave= 2.712E-04 +/- 17.16 % S(l=3) ave= 0.000E+00 +/- 0.00 % 
 ... random file  281 Cap(th)  ave= 2.575E+00 b. +/- 0.44 % || Ela(th) ave= 1.211E+01 b. +/- 5.55 % || RIcap ave= 1.28E+00 b. +/- 0.38 % || Macs30 ave= 1.21E-02 b. +/- 1.26 % || Gn^0(l=0) ave= 5.865E+00 +/- 0.16 % Gn^0(l=1) ave= 4.637E-01 +/- 5.90 % Gn^0(l=2) ave= 3.554E+00 +/- 17.20 % Gn^0(l=3) ave= 0.000E+00 +/- 0.00 % || Gtotal(l=0) ave= 0.000E+00 +/- 0.00 % Gtotal(l=1) ave= 0.000E+00 +/- 0.00 % Gtotal(l=2) ave= 0.000E+00 +/- 0.00 % Gtotal(l=3) ave= 0.000E+00 +/- 0.00 %  % || Gg(l=0) ave= 1.039E+00 +/- 0.92 % Gg(l=1) ave= 5.270E-01 +/- 0.44 % Gg(l=2) ave= 7.581E-01 +/- 0.45 % Gg(l=3) ave= 0.000E+00 +/- 0.00 %  % || D(l=0) ave= 2.656E+04 +/- 0.00 % D(l=1) ave= 6.071E+03 +/- 0.00 % D(l=2) ave= 6.693E+03 +/- 0.00 % D(l=3) ave= 0.000E+00 +/- 0.00 %  % || S(l=0) ave= 2.277E-04 +/- 0.16 % S(l=1) ave= 4.212E-05 +/- 5.90 % S(l=2) ave= 2.711E-04 +/- 17.15 % S(l=3) ave= 0.000E+00 +/- 0.00 % 
 ... random file  282 Cap(th)  ave= 2.575E+00 b. +/- 0.44 % || Ela(th) ave= 1.211E+01 b. +/- 5.54 % || RIcap ave= 1.28E+00 b. +/- 0.38 % || Macs30 ave= 1.21E-02 b. +/- 1.26 % || Gn^0(l=0) ave= 5.865E+00 +/- 0.16 % Gn^0(l=1) ave= 4.637E-01 +/- 5.89 % Gn^0(l=2) ave= 3.553E+00 +/- 17.18 % Gn^0(l=3) ave= 0.000E+00 +/- 0.00 % || Gtotal(l=0) ave= 0.000E+00 +/- 0.00 % Gtotal(l=1) ave= 0.000E+00 +/- 0.00 % Gtotal(l=2) ave= 0.000E+00 +/- 0.00 % Gtotal(l=3) ave= 0.000E+00 +/- 0.00 %  % || Gg(l=0) ave= 1.039E+00 +/- 0.92 % Gg(l=1) ave= 5.270E-01 +/- 0.44 % Gg(l=2) ave= 7.581E-01 +/- 0.45 % Gg(l=3) ave= 0.000E+00 +/- 0.00 %  % || D(l=0) ave= 2.656E+04 +/- 0.00 % D(l=1) ave= 6.071E+03 +/- 0.00 % D(l=2) ave= 6.693E+03 +/- 0.00 % D(l=3) ave= 0.000E+00 +/- 0.00 %  % || S(l=0) ave= 2.277E-04 +/- 0.16 % S(l=1) ave= 4.212E-05 +/- 5.89 % S(l=2) ave= 2.711E-04 +/- 17.13 % S(l=3) ave= 0.000E+00 +/- 0.00 % 
 ... random file  283 Cap(th)  ave= 2.575E+00 b. +/- 0.45 % || Ela(th) ave= 1.211E+01 b. +/- 5.55 % || RIcap ave= 1.28E+00 b. +/- 0.39 % || Macs30 ave= 1.21E-02 b. +/- 1.26 % || Gn^0(l=0) ave= 5.865E+00 +/- 0.16 % Gn^0(l=1) ave= 4.638E-01 +/- 5.89 % Gn^0(l=2) ave= 3.550E+00 +/- 17.21 % Gn^0(l=3) ave= 0.000E+00 +/- 0.00 % || Gtotal(l=0) ave= 0.000E+00 +/- 0.00 % Gtotal(l=1) ave= 0.000E+00 +/- 0.00 % Gtotal(l=2) ave= 0.000E+00 +/- 0.00 % Gtotal(l=3) ave= 0.000E+00 +/- 0.00 %  % || Gg(l=0) ave= 1.038E+00 +/- 0.92 % Gg(l=1) ave= 5.270E-01 +/- 0.44 % Gg(l=2) ave= 7.581E-01 +/- 0.45 % Gg(l=3) ave= 0.000E+00 +/- 0.00 %  % || D(l=0) ave= 2.656E+04 +/- 0.00 % D(l=1) ave= 6.071E+03 +/- 0.00 % D(l=2) ave= 6.693E+03 +/- 0.00 % D(l=3) ave= 0.000E+00 +/- 0.00 %  % || S(l=0) ave= 2.277E-04 +/- 0.16 % S(l=1) ave= 4.212E-05 +/- 5.89 % S(l=2) ave= 2.709E-04 +/- 17.16 % S(l=3) ave= 0.000E+00 +/- 0.00 % 
 ... random file  284 Cap(th)  ave= 2.575E+00 b. +/- 0.45 % || Ela(th) ave= 1.211E+01 b. +/- 5.54 % || RIcap ave= 1.28E+00 b. +/- 0.39 % || Macs30 ave= 1.21E-02 b. +/- 1.26 % || Gn^0(l=0) ave= 5.865E+00 +/- 0.16 % Gn^0(l=1) ave= 4.637E-01 +/- 5.88 % Gn^0(l=2) ave= 3.551E+00 +/- 17.18 % Gn^0(l=3) ave= 0.000E+00 +/- 0.00 % || Gtotal(l=0) ave= 0.000E+00 +/- 0.00 % Gtotal(l=1) ave= 0.000E+00 +/- 0.00 % Gtotal(l=2) ave= 0.000E+00 +/- 0.00 % Gtotal(l=3) ave= 0.000E+00 +/- 0.00 %  % || Gg(l=0) ave= 1.038E+00 +/- 0.92 % Gg(l=1) ave= 5.270E-01 +/- 0.44 % Gg(l=2) ave= 7.581E-01 +/- 0.45 % Gg(l=3) ave= 0.000E+00 +/- 0.00 %  % || D(l=0) ave= 2.656E+04 +/- 0.00 % D(l=1) ave= 6.071E+03 +/- 0.00 % D(l=2) ave= 6.693E+03 +/- 0.00 % D(l=3) ave= 0.000E+00 +/- 0.00 %  % || S(l=0) ave= 2.277E-04 +/- 0.16 % S(l=1) ave= 4.212E-05 +/- 5.88 % S(l=2) ave= 2.710E-04 +/- 17.14 % S(l=3) ave= 0.000E+00 +/- 0.00 % 
 ... random file  285 Cap(th)  ave= 2.575E+00 b. +/- 0.45 % || Ela(th) ave= 1.211E+01 b. +/- 5.54 % || RIcap ave= 1.28E+00 b. +/- 0.39 % || Macs30 ave= 1.21E-02 b. +/- 1.26 % || Gn^0(l=0) ave= 5.865E+00 +/- 0.16 % Gn^0(l=1) ave= 4.637E-01 +/- 5.87 % Gn^0(l=2) ave= 3.550E+00 +/- 17.18 % Gn^0(l=3) ave= 0.000E+00 +/- 0.00 % || Gtotal(l=0) ave= 0.000E+00 +/- 0.00 % Gtotal(l=1) ave= 0.000E+00 +/- 0.00 % Gtotal(l=2) ave= 0.000E+00 +/- 0.00 % Gtotal(l=3) ave= 0.000E+00 +/- 0.00 %  % || Gg(l=0) ave= 1.038E+00 +/- 0.92 % Gg(l=1) ave= 5.270E-01 +/- 0.44 % Gg(l=2) ave= 7.581E-01 +/- 0.45 % Gg(l=3) ave= 0.000E+00 +/- 0.00 %  % || D(l=0) ave= 2.656E+04 +/- 0.00 % D(l=1) ave= 6.071E+03 +/- 0.00 % D(l=2) ave= 6.693E+03 +/- 0.00 % D(l=3) ave= 0.000E+00 +/- 0.00 %  % || S(l=0) ave= 2.277E-04 +/- 0.16 % S(l=1) ave= 4.212E-05 +/- 5.87 % S(l=2) ave= 2.709E-04 +/- 17.13 % S(l=3) ave= 0.000E+00 +/- 0.00 % 
 ... random file  286 Cap(th)  ave= 2.575E+00 b. +/- 0.45 % || Ela(th) ave= 1.212E+01 b. +/- 5.54 % || RIcap ave= 1.28E+00 b. +/- 0.39 % || Macs30 ave= 1.21E-02 b. +/- 1.25 % || Gn^0(l=0) ave= 5.865E+00 +/- 0.16 % Gn^0(l=1) ave= 4.638E-01 +/- 5.87 % Gn^0(l=2) ave= 3.548E+00 +/- 17.19 % Gn^0(l=3) ave= 0.000E+00 +/- 0.00 % || Gtotal(l=0) ave= 0.000E+00 +/- 0.00 % Gtotal(l=1) ave= 0.000E+00 +/- 0.00 % Gtotal(l=2) ave= 0.000E+00 +/- 0.00 % Gtotal(l=3) ave= 0.000E+00 +/- 0.00 %  % || Gg(l=0) ave= 1.039E+00 +/- 0.92 % Gg(l=1) ave= 5.270E-01 +/- 0.44 % Gg(l=2) ave= 7.581E-01 +/- 0.45 % Gg(l=3) ave= 0.000E+00 +/- 0.00 %  % || D(l=0) ave= 2.656E+04 +/- 0.00 % D(l=1) ave= 6.071E+03 +/- 0.00 % D(l=2) ave= 6.693E+03 +/- 0.00 % D(l=3) ave= 0.000E+00 +/- 0.00 %  % || S(l=0) ave= 2.277E-04 +/- 0.16 % S(l=1) ave= 4.212E-05 +/- 5.87 % S(l=2) ave= 2.707E-04 +/- 17.14 % S(l=3) ave= 0.000E+00 +/- 0.00 % 
 ... random file  287 Cap(th)  ave= 2.575E+00 b. +/- 0.45 % || Ela(th) ave= 1.212E+01 b. +/- 5.54 % || RIcap ave= 1.28E+00 b. +/- 0.39 % || Macs30 ave= 1.21E-02 b. +/- 1.25 % || Gn^0(l=0) ave= 5.865E+00 +/- 0.16 % Gn^0(l=1) ave= 4.638E-01 +/- 5.86 % Gn^0(l=2) ave= 3.547E+00 +/- 17.16 % Gn^0(l=3) ave= 0.000E+00 +/- 0.00 % || Gtotal(l=0) ave= 0.000E+00 +/- 0.00 % Gtotal(l=1) ave= 0.000E+00 +/- 0.00 % Gtotal(l=2) ave= 0.000E+00 +/- 0.00 % Gtotal(l=3) ave= 0.000E+00 +/- 0.00 %  % || Gg(l=0) ave= 1.039E+00 +/- 0.92 % Gg(l=1) ave= 5.270E-01 +/- 0.44 % Gg(l=2) ave= 7.581E-01 +/- 0.45 % Gg(l=3) ave= 0.000E+00 +/- 0.00 %  % || D(l=0) ave= 2.656E+04 +/- 0.00 % D(l=1) ave= 6.071E+03 +/- 0.00 % D(l=2) ave= 6.693E+03 +/- 0.00 % D(l=3) ave= 0.000E+00 +/- 0.00 %  % || S(l=0) ave= 2.277E-04 +/- 0.16 % S(l=1) ave= 4.213E-05 +/- 5.86 % S(l=2) ave= 2.707E-04 +/- 17.11 % S(l=3) ave= 0.000E+00 +/- 0.00 % 
 ... random file  288 Cap(th)  ave= 2.575E+00 b. +/- 0.45 % || Ela(th) ave= 1.212E+01 b. +/- 5.53 % || RIcap ave= 1.28E+00 b. +/- 0.39 % || Macs30 ave= 1.21E-02 b. +/- 1.25 % || Gn^0(l=0) ave= 5.865E+00 +/- 0.16 % Gn^0(l=1) ave= 4.637E-01 +/- 5.90 % Gn^0(l=2) ave= 3.548E+00 +/- 17.13 % Gn^0(l=3) ave= 0.000E+00 +/- 0.00 % || Gtotal(l=0) ave= 0.000E+00 +/- 0.00 % Gtotal(l=1) ave= 0.000E+00 +/- 0.00 % Gtotal(l=2) ave= 0.000E+00 +/- 0.00 % Gtotal(l=3) ave= 0.000E+00 +/- 0.00 %  % || Gg(l=0) ave= 1.038E+00 +/- 0.93 % Gg(l=1) ave= 5.270E-01 +/- 0.44 % Gg(l=2) ave= 7.581E-01 +/- 0.45 % Gg(l=3) ave= 0.000E+00 +/- 0.00 %  % || D(l=0) ave= 2.656E+04 +/- 0.00 % D(l=1) ave= 6.071E+03 +/- 0.00 % D(l=2) ave= 6.693E+03 +/- 0.00 % D(l=3) ave= 0.000E+00 +/- 0.00 %  % || S(l=0) ave= 2.277E-04 +/- 0.16 % S(l=1) ave= 4.211E-05 +/- 5.90 % S(l=2) ave= 2.707E-04 +/- 17.08 % S(l=3) ave= 0.000E+00 +/- 0.00 % 
 ... random file  289 Cap(th)  ave= 2.575E+00 b. +/- 0.45 % || Ela(th) ave= 1.212E+01 b. +/- 5.53 % || RIcap ave= 1.28E+00 b. +/- 0.39 % || Macs30 ave= 1.21E-02 b. +/- 1.26 % || Gn^0(l=0) ave= 5.865E+00 +/- 0.16 % Gn^0(l=1) ave= 4.637E-01 +/- 5.89 % Gn^0(l=2) ave= 3.547E+00 +/- 17.11 % Gn^0(l=3) ave= 0.000E+00 +/- 0.00 % || Gtotal(l=0) ave= 0.000E+00 +/- 0.00 % Gtotal(l=1) ave= 0.000E+00 +/- 0.00 % Gtotal(l=2) ave= 0.000E+00 +/- 0.00 % Gtotal(l=3) ave= 0.000E+00 +/- 0.00 %  % || Gg(l=0) ave= 1.039E+00 +/- 0.93 % Gg(l=1) ave= 5.270E-01 +/- 0.44 % Gg(l=2) ave= 7.581E-01 +/- 0.45 % Gg(l=3) ave= 0.000E+00 +/- 0.00 %  % || D(l=0) ave= 2.656E+04 +/- 0.00 % D(l=1) ave= 6.071E+03 +/- 0.00 % D(l=2) ave= 6.693E+03 +/- 0.05 % D(l=3) ave= 0.000E+00 +/- 0.00 %  % || S(l=0) ave= 2.277E-04 +/- 0.16 % S(l=1) ave= 4.212E-05 +/- 5.89 % S(l=2) ave= 2.707E-04 +/- 17.06 % S(l=3) ave= 0.000E+00 +/- 0.00 % 
 ... random file  290 Cap(th)  ave= 2.575E+00 b. +/- 0.45 % || Ela(th) ave= 1.212E+01 b. +/- 5.52 % || RIcap ave= 1.28E+00 b. +/- 0.39 % || Macs30 ave= 1.21E-02 b. +/- 1.26 % || Gn^0(l=0) ave= 5.865E+00 +/- 0.16 % Gn^0(l=1) ave= 4.637E-01 +/- 5.88 % Gn^0(l=2) ave= 3.548E+00 +/- 17.08 % Gn^0(l=3) ave= 0.000E+00 +/- 0.00 % || Gtotal(l=0) ave= 0.000E+00 +/- 0.00 % Gtotal(l=1) ave= 0.000E+00 +/- 0.00 % Gtotal(l=2) ave= 0.000E+00 +/- 0.00 % Gtotal(l=3) ave= 0.000E+00 +/- 0.00 %  % || Gg(l=0) ave= 1.039E+00 +/- 0.93 % Gg(l=1) ave= 5.270E-01 +/- 0.44 % Gg(l=2) ave= 7.581E-01 +/- 0.45 % Gg(l=3) ave= 0.000E+00 +/- 0.00 %  % || D(l=0) ave= 2.656E+04 +/- 0.00 % D(l=1) ave= 6.071E+03 +/- 0.00 % D(l=2) ave= 6.693E+03 +/- 0.05 % D(l=3) ave= 0.000E+00 +/- 0.00 %  % || S(l=0) ave= 2.277E-04 +/- 0.16 % S(l=1) ave= 4.212E-05 +/- 5.88 % S(l=2) ave= 2.707E-04 +/- 17.03 % S(l=3) ave= 0.000E+00 +/- 0.00 % 
 ... random file  291 Cap(th)  ave= 2.575E+00 b. +/- 0.45 % || Ela(th) ave= 1.211E+01 b. +/- 5.52 % || RIcap ave= 1.28E+00 b. +/- 0.39 % || Macs30 ave= 1.21E-02 b. +/- 1.26 % || Gn^0(l=0) ave= 5.865E+00 +/- 0.16 % Gn^0(l=1) ave= 4.637E-01 +/- 5.88 % Gn^0(l=2) ave= 3.550E+00 +/- 17.07 % Gn^0(l=3) ave= 0.000E+00 +/- 0.00 % || Gtotal(l=0) ave= 0.000E+00 +/- 0.00 % Gtotal(l=1) ave= 0.000E+00 +/- 0.00 % Gtotal(l=2) ave= 0.000E+00 +/- 0.00 % Gtotal(l=3) ave= 0.000E+00 +/- 0.00 %  % || Gg(l=0) ave= 1.039E+00 +/- 0.93 % Gg(l=1) ave= 5.270E-01 +/- 0.44 % Gg(l=2) ave= 7.581E-01 +/- 0.45 % Gg(l=3) ave= 0.000E+00 +/- 0.00 %  % || D(l=0) ave= 2.656E+04 +/- 0.00 % D(l=1) ave= 6.071E+03 +/- 0.00 % D(l=2) ave= 6.693E+03 +/- 0.05 % D(l=3) ave= 0.000E+00 +/- 0.00 %  % || S(l=0) ave= 2.277E-04 +/- 0.16 % S(l=1) ave= 4.211E-05 +/- 5.88 % S(l=2) ave= 2.709E-04 +/- 17.02 % S(l=3) ave= 0.000E+00 +/- 0.00 % 
 ... random file  292 Cap(th)  ave= 2.575E+00 b. +/- 0.45 % || Ela(th) ave= 1.212E+01 b. +/- 5.53 % || RIcap ave= 1.28E+00 b. +/- 0.38 % || Macs30 ave= 1.21E-02 b. +/- 1.26 % || Gn^0(l=0) ave= 5.865E+00 +/- 0.16 % Gn^0(l=1) ave= 4.636E-01 +/- 5.87 % Gn^0(l=2) ave= 3.555E+00 +/- 17.19 % Gn^0(l=3) ave= 0.000E+00 +/- 0.00 % || Gtotal(l=0) ave= 0.000E+00 +/- 0.00 % Gtotal(l=1) ave= 0.000E+00 +/- 0.00 % Gtotal(l=2) ave= 0.000E+00 +/- 0.00 % Gtotal(l=3) ave= 0.000E+00 +/- 0.00 %  % || Gg(l=0) ave= 1.039E+00 +/- 0.93 % Gg(l=1) ave= 5.270E-01 +/- 0.44 % Gg(l=2) ave= 7.581E-01 +/- 0.45 % Gg(l=3) ave= 0.000E+00 +/- 0.00 %  % || D(l=0) ave= 2.656E+04 +/- 0.00 % D(l=1) ave= 6.071E+03 +/- 0.00 % D(l=2) ave= 6.693E+03 +/- 0.05 % D(l=3) ave= 0.000E+00 +/- 0.00 %  % || S(l=0) ave= 2.277E-04 +/- 0.16 % S(l=1) ave= 4.211E-05 +/- 5.87 % S(l=2) ave= 2.713E-04 +/- 17.13 % S(l=3) ave= 0.000E+00 +/- 0.00 % 
 ... random file  293 Cap(th)  ave= 2.575E+00 b. +/- 0.45 % || Ela(th) ave= 1.212E+01 b. +/- 5.53 % || RIcap ave= 1.28E+00 b. +/- 0.39 % || Macs30 ave= 1.21E-02 b. +/- 1.26 % || Gn^0(l=0) ave= 5.865E+00 +/- 0.16 % Gn^0(l=1) ave= 4.637E-01 +/- 5.89 % Gn^0(l=2) ave= 3.555E+00 +/- 17.16 % Gn^0(l=3) ave= 0.000E+00 +/- 0.00 % || Gtotal(l=0) ave= 0.000E+00 +/- 0.00 % Gtotal(l=1) ave= 0.000E+00 +/- 0.00 % Gtotal(l=2) ave= 0.000E+00 +/- 0.00 % Gtotal(l=3) ave= 0.000E+00 +/- 0.00 %  % || Gg(l=0) ave= 1.039E+00 +/- 0.93 % Gg(l=1) ave= 5.270E-01 +/- 0.44 % Gg(l=2) ave= 7.581E-01 +/- 0.45 % Gg(l=3) ave= 0.000E+00 +/- 0.00 %  % || D(l=0) ave= 2.656E+04 +/- 0.00 % D(l=1) ave= 6.071E+03 +/- 0.00 % D(l=2) ave= 6.693E+03 +/- 0.05 % D(l=3) ave= 0.000E+00 +/- 0.00 %  % || S(l=0) ave= 2.277E-04 +/- 0.16 % S(l=1) ave= 4.212E-05 +/- 5.89 % S(l=2) ave= 2.713E-04 +/- 17.10 % S(l=3) ave= 0.000E+00 +/- 0.00 % 
 ... random file  294 Cap(th)  ave= 2.575E+00 b. +/- 0.45 % || Ela(th) ave= 1.212E+01 b. +/- 5.53 % || RIcap ave= 1.28E+00 b. +/- 0.38 % || Macs30 ave= 1.21E-02 b. +/- 1.25 % || Gn^0(l=0) ave= 5.865E+00 +/- 0.16 % Gn^0(l=1) ave= 4.639E-01 +/- 5.90 % Gn^0(l=2) ave= 3.556E+00 +/- 17.13 % Gn^0(l=3) ave= 0.000E+00 +/- 0.00 % || Gtotal(l=0) ave= 0.000E+00 +/- 0.00 % Gtotal(l=1) ave= 0.000E+00 +/- 0.00 % Gtotal(l=2) ave= 0.000E+00 +/- 0.00 % Gtotal(l=3) ave= 0.000E+00 +/- 0.00 %  % || Gg(l=0) ave= 1.039E+00 +/- 0.93 % Gg(l=1) ave= 5.270E-01 +/- 0.44 % Gg(l=2) ave= 7.581E-01 +/- 0.45 % Gg(l=3) ave= 0.000E+00 +/- 0.00 %  % || D(l=0) ave= 2.656E+04 +/- 0.00 % D(l=1) ave= 6.071E+03 +/- 0.00 % D(l=2) ave= 6.693E+03 +/- 0.05 % D(l=3) ave= 0.000E+00 +/- 0.00 %  % || S(l=0) ave= 2.277E-04 +/- 0.16 % S(l=1) ave= 4.213E-05 +/- 5.90 % S(l=2) ave= 2.713E-04 +/- 17.08 % S(l=3) ave= 0.000E+00 +/- 0.00 % 
 ... random file  295 Cap(th)  ave= 2.575E+00 b. +/- 0.45 % || Ela(th) ave= 1.211E+01 b. +/- 5.55 % || RIcap ave= 1.28E+00 b. +/- 0.38 % || Macs30 ave= 1.21E-02 b. +/- 1.25 % || Gn^0(l=0) ave= 5.865E+00 +/- 0.16 % Gn^0(l=1) ave= 4.638E-01 +/- 5.89 % Gn^0(l=2) ave= 3.553E+00 +/- 17.15 % Gn^0(l=3) ave= 0.000E+00 +/- 0.00 % || Gtotal(l=0) ave= 0.000E+00 +/- 0.00 % Gtotal(l=1) ave= 0.000E+00 +/- 0.00 % Gtotal(l=2) ave= 0.000E+00 +/- 0.00 % Gtotal(l=3) ave= 0.000E+00 +/- 0.00 %  % || Gg(l=0) ave= 1.039E+00 +/- 0.94 % Gg(l=1) ave= 5.269E-01 +/- 0.44 % Gg(l=2) ave= 7.581E-01 +/- 0.45 % Gg(l=3) ave= 0.000E+00 +/- 0.00 %  % || D(l=0) ave= 2.656E+04 +/- 0.00 % D(l=1) ave= 6.071E+03 +/- 0.00 % D(l=2) ave= 6.693E+03 +/- 0.05 % D(l=3) ave= 0.000E+00 +/- 0.00 %  % || S(l=0) ave= 2.277E-04 +/- 0.16 % S(l=1) ave= 4.213E-05 +/- 5.89 % S(l=2) ave= 2.711E-04 +/- 17.10 % S(l=3) ave= 0.000E+00 +/- 0.00 % 
 ... random file  296 Cap(th)  ave= 2.575E+00 b. +/- 0.45 % || Ela(th) ave= 1.212E+01 b. +/- 5.55 % || RIcap ave= 1.28E+00 b. +/- 0.38 % || Macs30 ave= 1.21E-02 b. +/- 1.25 % || Gn^0(l=0) ave= 5.865E+00 +/- 0.16 % Gn^0(l=1) ave= 4.637E-01 +/- 5.91 % Gn^0(l=2) ave= 3.552E+00 +/- 17.15 % Gn^0(l=3) ave= 0.000E+00 +/- 0.00 % || Gtotal(l=0) ave= 0.000E+00 +/- 0.00 % Gtotal(l=1) ave= 0.000E+00 +/- 0.00 % Gtotal(l=2) ave= 0.000E+00 +/- 0.00 % Gtotal(l=3) ave= 0.000E+00 +/- 0.00 %  % || Gg(l=0) ave= 1.039E+00 +/- 0.94 % Gg(l=1) ave= 5.270E-01 +/- 0.44 % Gg(l=2) ave= 7.581E-01 +/- 0.45 % Gg(l=3) ave= 0.000E+00 +/- 0.00 %  % || D(l=0) ave= 2.656E+04 +/- 0.00 % D(l=1) ave= 6.071E+03 +/- 0.00 % D(l=2) ave= 6.693E+03 +/- 0.05 % D(l=3) ave= 0.000E+00 +/- 0.00 %  % || S(l=0) ave= 2.277E-04 +/- 0.16 % S(l=1) ave= 4.212E-05 +/- 5.91 % S(l=2) ave= 2.710E-04 +/- 17.10 % S(l=3) ave= 0.000E+00 +/- 0.00 % 
 ... random file  297 Cap(th)  ave= 2.575E+00 b. +/- 0.45 % || Ela(th) ave= 1.212E+01 b. +/- 5.54 % || RIcap ave= 1.28E+00 b. +/- 0.38 % || Macs30 ave= 1.21E-02 b. +/- 1.25 % || Gn^0(l=0) ave= 5.865E+00 +/- 0.16 % Gn^0(l=1) ave= 4.637E-01 +/- 5.90 % Gn^0(l=2) ave= 3.552E+00 +/- 17.12 % Gn^0(l=3) ave= 0.000E+00 +/- 0.00 % || Gtotal(l=0) ave= 0.000E+00 +/- 0.00 % Gtotal(l=1) ave= 0.000E+00 +/- 0.00 % Gtotal(l=2) ave= 0.000E+00 +/- 0.00 % Gtotal(l=3) ave= 0.000E+00 +/- 0.00 %  % || Gg(l=0) ave= 1.039E+00 +/- 0.94 % Gg(l=1) ave= 5.270E-01 +/- 0.44 % Gg(l=2) ave= 7.581E-01 +/- 0.45 % Gg(l=3) ave= 0.000E+00 +/- 0.00 %  % || D(l=0) ave= 2.656E+04 +/- 0.00 % D(l=1) ave= 6.071E+03 +/- 0.00 % D(l=2) ave= 6.693E+03 +/- 0.05 % D(l=3) ave= 0.000E+00 +/- 0.00 %  % || S(l=0) ave= 2.277E-04 +/- 0.16 % S(l=1) ave= 4.212E-05 +/- 5.90 % S(l=2) ave= 2.710E-04 +/- 17.07 % S(l=3) ave= 0.000E+00 +/- 0.00 % 
 ... random file  298 Cap(th)  ave= 2.575E+00 b. +/- 0.45 % || Ela(th) ave= 1.212E+01 b. +/- 5.53 % || RIcap ave= 1.28E+00 b. +/- 0.39 % || Macs30 ave= 1.21E-02 b. +/- 1.25 % || Gn^0(l=0) ave= 5.865E+00 +/- 0.16 % Gn^0(l=1) ave= 4.637E-01 +/- 5.89 % Gn^0(l=2) ave= 3.553E+00 +/- 17.10 % Gn^0(l=3) ave= 0.000E+00 +/- 0.00 % || Gtotal(l=0) ave= 0.000E+00 +/- 0.00 % Gtotal(l=1) ave= 0.000E+00 +/- 0.00 % Gtotal(l=2) ave= 0.000E+00 +/- 0.00 % Gtotal(l=3) ave= 0.000E+00 +/- 0.00 %  % || Gg(l=0) ave= 1.039E+00 +/- 0.94 % Gg(l=1) ave= 5.270E-01 +/- 0.44 % Gg(l=2) ave= 7.581E-01 +/- 0.45 % Gg(l=3) ave= 0.000E+00 +/- 0.00 %  % || D(l=0) ave= 2.656E+04 +/- 0.00 % D(l=1) ave= 6.071E+03 +/- 0.00 % D(l=2) ave= 6.693E+03 +/- 0.05 % D(l=3) ave= 0.000E+00 +/- 0.00 %  % || S(l=0) ave= 2.277E-04 +/- 0.16 % S(l=1) ave= 4.212E-05 +/- 5.89 % S(l=2) ave= 2.711E-04 +/- 17.05 % S(l=3) ave= 0.000E+00 +/- 0.00 % 
 ... random file  299 Cap(th)  ave= 2.575E+00 b. +/- 0.45 % || Ela(th) ave= 1.212E+01 b. +/- 5.52 % || RIcap ave= 1.28E+00 b. +/- 0.39 % || Macs30 ave= 1.21E-02 b. +/- 1.25 % || Gn^0(l=0) ave= 5.865E+00 +/- 0.16 % Gn^0(l=1) ave= 4.636E-01 +/- 5.89 % Gn^0(l=2) ave= 3.555E+00 +/- 17.09 % Gn^0(l=3) ave= 0.000E+00 +/- 0.00 % || Gtotal(l=0) ave= 0.000E+00 +/- 0.00 % Gtotal(l=1) ave= 0.000E+00 +/- 0.00 % Gtotal(l=2) ave= 0.000E+00 +/- 0.00 % Gtotal(l=3) ave= 0.000E+00 +/- 0.00 %  % || Gg(l=0) ave= 1.039E+00 +/- 0.94 % Gg(l=1) ave= 5.270E-01 +/- 0.44 % Gg(l=2) ave= 7.581E-01 +/- 0.46 % Gg(l=3) ave= 0.000E+00 +/- 0.00 %  % || D(l=0) ave= 2.656E+04 +/- 0.00 % D(l=1) ave= 6.071E+03 +/- 0.00 % D(l=2) ave= 6.693E+03 +/- 0.05 % D(l=3) ave= 0.000E+00 +/- 0.00 %  % || S(l=0) ave= 2.277E-04 +/- 0.16 % S(l=1) ave= 4.211E-05 +/- 5.89 % S(l=2) ave= 2.713E-04 +/- 17.04 % S(l=3) ave= 0.000E+00 +/- 0.00 % 
 ... random file  300 Cap(th)  ave= 2.575E+00 b. +/- 0.45 % || Ela(th) ave= 1.212E+01 b. +/- 5.52 % || RIcap ave= 1.28E+00 b. +/- 0.39 % || Macs30 ave= 1.21E-02 b. +/- 1.25 % || Gn^0(l=0) ave= 5.865E+00 +/- 0.16 % Gn^0(l=1) ave= 4.637E-01 +/- 5.90 % Gn^0(l=2) ave= 3.554E+00 +/- 17.07 % Gn^0(l=3) ave= 0.000E+00 +/- 0.00 % || Gtotal(l=0) ave= 0.000E+00 +/- 0.00 % Gtotal(l=1) ave= 0.000E+00 +/- 0.00 % Gtotal(l=2) ave= 0.000E+00 +/- 0.00 % Gtotal(l=3) ave= 0.000E+00 +/- 0.00 %  % || Gg(l=0) ave= 1.039E+00 +/- 0.93 % Gg(l=1) ave= 5.270E-01 +/- 0.44 % Gg(l=2) ave= 7.581E-01 +/- 0.46 % Gg(l=3) ave= 0.000E+00 +/- 0.00 %  % || D(l=0) ave= 2.656E+04 +/- 0.00 % D(l=1) ave= 6.071E+03 +/- 0.00 % D(l=2) ave= 6.693E+03 +/- 0.04 % D(l=3) ave= 0.000E+00 +/- 0.00 %  % || S(l=0) ave= 2.277E-04 +/- 0.16 % S(l=1) ave= 4.212E-05 +/- 5.90 % S(l=2) ave= 2.712E-04 +/- 17.02 % S(l=3) ave= 0.000E+00 +/- 0.00 % 
 ... Histogram plot for thermal (n,g)
 ... Write covariances  ... MT1  ... plot correlations
 ... MT2  ... MT102 


 ================================================
 ============== From 300 random values === start ======
 Thermal (n,tot) xs  0 K =  14.6928 b. +/- 0.670077 b. ( 4.56058 %) skew= -0.03 +/- 0.14
 Thermal (n,el) xs   0 K =  12.1175 b. +/- 0.669022 b. ( 5.52112 %) skew= -0.02 +/- 0.14
 Thermal (n,g) xs    0 K =  2.57529 b. +/- 0.0117092 b. ( 0.454676 %) skew= -0.10 +/- 0.14
 RI      (n,g)       0 K =  1.28335 b. +/- 0.00500665 b. ( 0.390123 %) 
 MACS    (n,g)       0 K (at Emacs= 30000 eV) =  0.0120655 b. +/- 0.000150874 b. ( 1.25046 %) 
 Ave. Gn^(0)  L=0        =  5.865E+00 +/- 0.16 %
 Ave. Gg      L=0        =  1.039E+00 +/- 0.93 %
 Ave. D       L=0        =  2.656E+04 +/- 0.00 %
 Ave. S       L=0        =  2.277E-04 +/- 0.16 %
 Ave. Gn^(1)  L=1        =  4.637E-01 +/- 5.90 %
 Ave. Gg      L=1        =  5.270E-01 +/- 0.44 %
 Ave. D       L=1        =  6.071E+03 +/- 0.00 %
 Ave. S       L=1        =  4.212E-05 +/- 5.90 %
 Ave. Gn^(2)  L=2        =  3.554E+00 +/- 17.07 %
 Ave. Gg      L=2        =  7.581E-01 +/- 0.46 %
 Ave. D       L=2        =  6.693E+03 +/- 0.04 %
 Ave. S       L=2        =  2.712E-04 +/- 17.02 %

 Expected Thermal (n,g) (syst or meas)= 2.576 b. +/- 0.1288 b. nominal: 2.57637 b.
 ratio Calculated/expected thermal (n,g): 1.00 ratio DCalculated/Dexpected: 0.09 ratio Calculated/Nominal: 1.00
 ============== From 300 random values ===== stop ======
 ================================================
 ... Calculation of (n,a) and (n,p) cross sections at 300 K
 ... thermal (n,a) cross section is 0.363332 +/- 0.181666 b.
 ... thermal (n,a) cross section is 0.143151 b. (random case 1)
 ... thermal (n,a) cross section is 0.453729 b. (random case 2)
 ... thermal (n,a) cross section is 0.217009 b. (random case 3)
 ... thermal (n,a) cross section is 0.282347 b. (random case 4)
 ... thermal (n,a) cross section is 0.049831 b. (random case 5)
 ... thermal (n,a) cross section is 0.511551 b. (random case 6)
 ... thermal (n,a) cross section is 0.375148 b. (random case 7)
 ... thermal (n,a) cross section is 0.258999 b. (random case 8)
 ... thermal (n,a) cross section is 0.193386 b. (random case 9)
 ... thermal (n,a) cross section is 0.0423201 b. (random case 10)
 ... thermal (n,a) cross section is 0.65302 b. (random case 11)
 ... thermal (n,a) cross section is 0.38972 b. (random case 12)
 ... thermal (n,a) cross section is 0.217855 b. (random case 13)
 ... thermal (n,a) cross section is 0.475029 b. (random case 14)
 ... thermal (n,a) cross section is 0.42156 b. (random case 15)
 ... thermal (n,a) cross section is 0.424223 b. (random case 16)
 ... thermal (n,a) cross section is 0.339947 b. (random case 17)
 ... thermal (n,a) cross section is 0.432455 b. (random case 18)
 ... thermal (n,a) cross section is 0.244089 b. (random case 19)
 ... thermal (n,a) cross section is 0.241732 b. (random case 20)
 ... thermal (n,a) cross section is 0.288047 b. (random case 21)
 ... thermal (n,a) cross section is 0.035821 b. (random case 22)
 ... thermal (n,a) cross section is 0.298277 b. (random case 23)
 ... thermal (n,a) cross section is 0.355469 b. (random case 24)
 ... thermal (n,a) cross section is 0.136161 b. (random case 25)
 ... thermal (n,a) cross section is 0.311088 b. (random case 26)
 ... thermal (n,a) cross section is 0.231855 b. (random case 27)
 ... thermal (n,a) cross section is 0.516648 b. (random case 28)
 ... thermal (n,a) cross section is 0.557958 b. (random case 29)
 ... thermal (n,a) cross section is 0.534421 b. (random case 30)
 ... thermal (n,a) cross section is 0.552458 b. (random case 31)
 ... thermal (n,a) cross section is 0.275252 b. (random case 32)
 ... thermal (n,a) cross section is 0.421978 b. (random case 33)
 ... thermal (n,a) cross section is 0.441314 b. (random case 34)
 ... thermal (n,a) cross section is 0.450141 b. (random case 35)
 ... thermal (n,a) cross section is 0.456086 b. (random case 36)
 ... thermal (n,a) cross section is 0.244936 b. (random case 37)
 ... thermal (n,a) cross section is 0.509984 b. (random case 38)
 ... thermal (n,a) cross section is 0.547529 b. (random case 39)
 ... thermal (n,a) cross section is 0.58931 b. (random case 40)
 ... thermal (n,a) cross section is 0.235021 b. (random case 41)
 ... thermal (n,a) cross section is 0.398607 b. (random case 42)
 ... thermal (n,a) cross section is 0.27608 b. (random case 43)
 ... thermal (n,a) cross section is 0.307631 b. (random case 44)
 ... thermal (n,a) cross section is 0.576414 b. (random case 45)
 ... thermal (n,a) cross section is 0.308159 b. (random case 46)
 ... thermal (n,a) cross section is 0.324072 b. (random case 47)
 ... thermal (n,a) cross section is 0.23618 b. (random case 48)
 ... thermal (n,a) cross section is 0.286925 b. (random case 49)
 ... thermal (n,a) cross section is 0.403536 b. (random case 50)
 ... thermal (n,a) cross section is 0.506748 b. (random case 51)
 ... thermal (n,a) cross section is 0.746049 b. (random case 52)
 ... thermal (n,a) cross section is 0.43995 b. (random case 53)
 ... thermal (n,a) cross section is 0.470705 b. (random case 54)
 ... thermal (n,a) cross section is 0.382254 b. (random case 55)
 ... thermal (n,a) cross section is 0.370894 b. (random case 56)
 ... thermal (n,a) cross section is 0.320191 b. (random case 57)
 ... thermal (n,a) cross section is 0.494974 b. (random case 58)
 ... thermal (n,a) cross section is 0.295398 b. (random case 59)
 ... thermal (n,a) cross section is 0.361307 b. (random case 60)
 ... thermal (n,a) cross section is 0.212462 b. (random case 61)
 ... thermal (n,a) cross section is 0.175343 b. (random case 62)
 ... thermal (n,a) cross section is 0.234231 b. (random case 63)
 ... thermal (n,a) cross section is 0.32577 b. (random case 64)
 ... thermal (n,a) cross section is 0.180147 b. (random case 65)
 ... thermal (n,a) cross section is 0.114919 b. (random case 66)
 ... thermal (n,a) cross section is 0.269096 b. (random case 67)
 ... thermal (n,a) cross section is 0.082105 b. (random case 68)
 ... thermal (n,a) cross section is 0.646043 b. (random case 69)
 ... thermal (n,a) cross section is 0.200652 b. (random case 70)
 ... thermal (n,a) cross section is 0.0467958 b. (random case 71)
 ... thermal (n,a) cross section is 0.183245 b. (random case 72)
 ... thermal (n,a) cross section is 0.014894 b. (random case 73)
 ... thermal (n,a) cross section is 0.454794 b. (random case 74)
 ... thermal (n,a) cross section is 0.148137 b. (random case 75)
 ... thermal (n,a) cross section is 0.423667 b. (random case 76)
 ... thermal (n,a) cross section is 0.322176 b. (random case 77)
 ... thermal (n,a) cross section is 0.321921 b. (random case 78)
 ... thermal (n,a) cross section is 0.0482065 b. (random case 79)
 ... thermal (n,a) cross section is 0.35455 b. (random case 80)
 ... thermal (n,a) cross section is 0.154792 b. (random case 81)
 ... thermal (n,a) cross section is 0.60594 b. (random case 82)
 ... thermal (n,a) cross section is 0.270887 b. (random case 83)
 ... thermal (n,a) cross section is 0.530346 b. (random case 84)
 ... thermal (n,a) cross section is 0.372455 b. (random case 85)
 ... thermal (n,a) cross section is 0.366445 b. (random case 86)
 ... thermal (n,a) cross section is 0.418341 b. (random case 87)
 ... thermal (n,a) cross section is 0.369263 b. (random case 88)
 ... thermal (n,a) cross section is 0.289803 b. (random case 89)
 ... thermal (n,a) cross section is 0.43135 b. (random case 90)
 ... thermal (n,a) cross section is 0.591485 b. (random case 91)
 ... thermal (n,a) cross section is 0.314892 b. (random case 92)
 ... thermal (n,a) cross section is 0.314614 b. (random case 93)
 ... thermal (n,a) cross section is 0.619778 b. (random case 94)
 ... thermal (n,a) cross section is 0.384432 b. (random case 95)
 ... thermal (n,a) cross section is 0.348495 b. (random case 96)
 ... thermal (n,a) cross section is 0.582232 b. (random case 97)
 ... thermal (n,a) cross section is 0.539703 b. (random case 98)
 ... thermal (n,a) cross section is 0.864407 b. (random case 99)
 ... thermal (n,a) cross section is 0.505619 b. (random case 100)
 ... thermal (n,a) cross section is 0.181525 b. (random case 101)
 ... thermal (n,a) cross section is 0.477139 b. (random case 102)
 ... thermal (n,a) cross section is 0.679058 b. (random case 103)
 ... thermal (n,a) cross section is 0.129935 b. (random case 104)
 ... thermal (n,a) cross section is 0.41384 b. (random case 105)
 ... thermal (n,a) cross section is 0.35278 b. (random case 106)
 ... thermal (n,a) cross section is 0.707166 b. (random case 107)
 ... thermal (n,a) cross section is 0.754994 b. (random case 108)
 ... thermal (n,a) cross section is 0.582206 b. (random case 109)
 ... thermal (n,a) cross section is 0.418922 b. (random case 110)
 ... thermal (n,a) cross section is 0.391881 b. (random case 111)
 ... thermal (n,a) cross section is 0.491899 b. (random case 112)
 ... thermal (n,a) cross section is 0.703231 b. (random case 113)
 ... thermal (n,a) cross section is 0.265921 b. (random case 114)
 ... thermal (n,a) cross section is 0.479208 b. (random case 115)
 ... thermal (n,a) cross section is 0.0933784 b. (random case 116)
 ... thermal (n,a) cross section is 0.142076 b. (random case 117)
 ... thermal (n,a) cross section is 0.0207455 b. (random case 118)
 ... thermal (n,a) cross section is 0.180322 b. (random case 119)
 ... thermal (n,a) cross section is 0.174442 b. (random case 120)
 ... thermal (n,a) cross section is 0.324429 b. (random case 121)
 ... thermal (n,a) cross section is 0.417625 b. (random case 122)
 ... thermal (n,a) cross section is 0.148055 b. (random case 123)
 ... thermal (n,a) cross section is 0.133918 b. (random case 124)
 ... thermal (n,a) cross section is 0.20856 b. (random case 125)
 ... thermal (n,a) cross section is 0.612089 b. (random case 126)
 ... thermal (n,a) cross section is 0.199233 b. (random case 127)
 ... thermal (n,a) cross section is 0.56771 b. (random case 128)
 ... thermal (n,a) cross section is 0.432538 b. (random case 129)
 ... thermal (n,a) cross section is 0.0907425 b. (random case 130)
 ... thermal (n,a) cross section is 0.326831 b. (random case 131)
 ... thermal (n,a) cross section is 0.323738 b. (random case 132)
 ... thermal (n,a) cross section is 0.305627 b. (random case 133)
 ... thermal (n,a) cross section is 0.014181 b. (random case 134)
 ... thermal (n,a) cross section is 0.49406 b. (random case 135)
 ... thermal (n,a) cross section is 0.297445 b. (random case 136)
 ... thermal (n,a) cross section is 0.316431 b. (random case 137)
 ... thermal (n,a) cross section is 0.454779 b. (random case 138)
 ... thermal (n,a) cross section is 0.643909 b. (random case 139)
 ... thermal (n,a) cross section is 0.185282 b. (random case 140)
 ... thermal (n,a) cross section is 0.184044 b. (random case 141)
 ... thermal (n,a) cross section is 0.246184 b. (random case 142)
 ... thermal (n,a) cross section is 0.190125 b. (random case 143)
 ... thermal (n,a) cross section is 0.46959 b. (random case 144)
 ... thermal (n,a) cross section is 0.476254 b. (random case 145)
 ... thermal (n,a) cross section is 0.266541 b. (random case 146)
 ... thermal (n,a) cross section is 0.568496 b. (random case 147)
 ... thermal (n,a) cross section is 0.0460628 b. (random case 148)
 ... thermal (n,a) cross section is 0.112488 b. (random case 149)
 ... thermal (n,a) cross section is 0.570474 b. (random case 150)
 ... thermal (n,a) cross section is 0.418222 b. (random case 151)
 ... thermal (n,a) cross section is 0.402186 b. (random case 152)
 ... thermal (n,a) cross section is 0.357811 b. (random case 153)
 ... thermal (n,a) cross section is 0.242044 b. (random case 154)
 ... thermal (n,a) cross section is 0.253334 b. (random case 155)
 ... thermal (n,a) cross section is 0.268606 b. (random case 156)
 ... thermal (n,a) cross section is 0.369435 b. (random case 157)
 ... thermal (n,a) cross section is 0.752538 b. (random case 158)
 ... thermal (n,a) cross section is 0.534423 b. (random case 159)
 ... thermal (n,a) cross section is 0.414272 b. (random case 160)
 ... thermal (n,a) cross section is 0.388092 b. (random case 161)
 ... thermal (n,a) cross section is 0.443179 b. (random case 162)
 ... thermal (n,a) cross section is 0.397602 b. (random case 163)
 ... thermal (n,a) cross section is 0.548921 b. (random case 164)
 ... thermal (n,a) cross section is 0.298191 b. (random case 165)
 ... thermal (n,a) cross section is 0.529646 b. (random case 166)
 ... thermal (n,a) cross section is 0.315838 b. (random case 167)
 ... thermal (n,a) cross section is 0.363705 b. (random case 168)
 ... thermal (n,a) cross section is 0.358223 b. (random case 169)
 ... thermal (n,a) cross section is 0.0217222 b. (random case 170)
 ... thermal (n,a) cross section is 0.374099 b. (random case 171)
 ... thermal (n,a) cross section is 0.59706 b. (random case 172)
 ... thermal (n,a) cross section is 0.31708 b. (random case 173)
 ... thermal (n,a) cross section is 0.366127 b. (random case 174)
 ... thermal (n,a) cross section is 0.42559 b. (random case 175)
 ... thermal (n,a) cross section is 0.244006 b. (random case 176)
 ... thermal (n,a) cross section is 0.281475 b. (random case 177)
 ... thermal (n,a) cross section is 0.350149 b. (random case 178)
 ... thermal (n,a) cross section is 0.672282 b. (random case 179)
 ... thermal (n,a) cross section is 0.262731 b. (random case 180)
 ... thermal (n,a) cross section is 0.310022 b. (random case 181)
 ... thermal (n,a) cross section is 0.508142 b. (random case 182)
 ... thermal (n,a) cross section is 0.477955 b. (random case 183)
 ... thermal (n,a) cross section is 0.38992 b. (random case 184)
 ... thermal (n,a) cross section is 0.247677 b. (random case 185)
 ... thermal (n,a) cross section is 0.0874717 b. (random case 186)
 ... thermal (n,a) cross section is 0.160151 b. (random case 187)
 ... thermal (n,a) cross section is 0.461556 b. (random case 188)
 ... thermal (n,a) cross section is 0.476869 b. (random case 189)
 ... thermal (n,a) cross section is 0.429541 b. (random case 190)
 ... thermal (n,a) cross section is 0.667112 b. (random case 191)
 ... thermal (n,a) cross section is 0.242116 b. (random case 192)
 ... thermal (n,a) cross section is 0.185102 b. (random case 193)
 ... thermal (n,a) cross section is 0.266859 b. (random case 194)
 ... thermal (n,a) cross section is 0.373205 b. (random case 195)
 ... thermal (n,a) cross section is 0.425123 b. (random case 196)
 ... thermal (n,a) cross section is 0.388432 b. (random case 197)
 ... thermal (n,a) cross section is 0.500572 b. (random case 198)
 ... thermal (n,a) cross section is 0.277369 b. (random case 199)
 ... thermal (n,a) cross section is 0.378498 b. (random case 200)
 ... thermal (n,a) cross section is 0.277777 b. (random case 201)
 ... thermal (n,a) cross section is 0.0681812 b. (random case 202)
 ... thermal (n,a) cross section is 0.0565674 b. (random case 203)
 ... thermal (n,a) cross section is 0.571936 b. (random case 204)
 ... thermal (n,a) cross section is 0.170248 b. (random case 205)
 ... thermal (n,a) cross section is 0.502818 b. (random case 206)
 ... thermal (n,a) cross section is 0.269499 b. (random case 207)
 ... thermal (n,a) cross section is 0.282256 b. (random case 208)
 ... thermal (n,a) cross section is 0.317567 b. (random case 209)
 ... thermal (n,a) cross section is 0.136289 b. (random case 210)
 ... thermal (n,a) cross section is 0.362311 b. (random case 211)
 ... thermal (n,a) cross section is 0.383876 b. (random case 212)
 ... thermal (n,a) cross section is 0.232194 b. (random case 213)
 ... thermal (n,a) cross section is 0.528445 b. (random case 214)
 ... thermal (n,a) cross section is 0.361106 b. (random case 215)
 ... thermal (n,a) cross section is 0.345766 b. (random case 216)
 ... thermal (n,a) cross section is 0.258836 b. (random case 217)
 ... thermal (n,a) cross section is 0.745453 b. (random case 218)
 ... thermal (n,a) cross section is 0.29659 b. (random case 219)
 ... thermal (n,a) cross section is 0.868421 b. (random case 220)
 ... thermal (n,a) cross section is 0.234574 b. (random case 221)
 ... thermal (n,a) cross section is 0.479852 b. (random case 222)
 ... thermal (n,a) cross section is 0.577713 b. (random case 223)
 ... thermal (n,a) cross section is 0.268324 b. (random case 224)
 ... thermal (n,a) cross section is 0.104028 b. (random case 225)
 ... thermal (n,a) cross section is 0.115603 b. (random case 226)
 ... thermal (n,a) cross section is 0.60652 b. (random case 227)
 ... thermal (n,a) cross section is 0.416099 b. (random case 228)
 ... thermal (n,a) cross section is 0.390329 b. (random case 229)
 ... thermal (n,a) cross section is 0.345059 b. (random case 230)
 ... thermal (n,a) cross section is 0.419276 b. (random case 231)
 ... thermal (n,a) cross section is 0.317625 b. (random case 232)
 ... thermal (n,a) cross section is 0.616935 b. (random case 233)
 ... thermal (n,a) cross section is 0.0357913 b. (random case 234)
 ... thermal (n,a) cross section is 0.386672 b. (random case 235)
 ... thermal (n,a) cross section is 0.353688 b. (random case 236)
 ... thermal (n,a) cross section is 0.205995 b. (random case 237)
 ... thermal (n,a) cross section is 0.250739 b. (random case 238)
 ... thermal (n,a) cross section is 0.343025 b. (random case 239)
 ... thermal (n,a) cross section is 0.390941 b. (random case 240)
 ... thermal (n,a) cross section is 0.464263 b. (random case 241)
 ... thermal (n,a) cross section is 0.308704 b. (random case 242)
 ... thermal (n,a) cross section is 0.499428 b. (random case 243)
 ... thermal (n,a) cross section is 0.334802 b. (random case 244)
 ... thermal (n,a) cross section is 0.00508327 b. (random case 245)
 ... thermal (n,a) cross section is 0.362393 b. (random case 246)
 ... thermal (n,a) cross section is 0.500023 b. (random case 247)
 ... thermal (n,a) cross section is 0.4389 b. (random case 248)
 ... thermal (n,a) cross section is 0.217231 b. (random case 249)
 ... thermal (n,a) cross section is 0.245583 b. (random case 250)
 ... thermal (n,a) cross section is 0.104763 b. (random case 251)
 ... thermal (n,a) cross section is 0.488747 b. (random case 252)
 ... thermal (n,a) cross section is 0.268267 b. (random case 253)
 ... thermal (n,a) cross section is 0.712248 b. (random case 254)
 ... thermal (n,a) cross section is 0.530022 b. (random case 255)
 ... thermal (n,a) cross section is 0.235991 b. (random case 256)
 ... thermal (n,a) cross section is 0.433826 b. (random case 257)
 ... thermal (n,a) cross section is 0.294677 b. (random case 258)
 ... thermal (n,a) cross section is 0.27233 b. (random case 259)
 ... thermal (n,a) cross section is 0.420489 b. (random case 260)
 ... thermal (n,a) cross section is 0.20315 b. (random case 261)
 ... thermal (n,a) cross section is 0.280596 b. (random case 262)
 ... thermal (n,a) cross section is 0.0772265 b. (random case 263)
 ... thermal (n,a) cross section is 0.195295 b. (random case 264)
 ... thermal (n,a) cross section is 0.499074 b. (random case 265)
 ... thermal (n,a) cross section is 0.312713 b. (random case 266)
 ... thermal (n,a) cross section is 0.498704 b. (random case 267)
 ... thermal (n,a) cross section is 0.197491 b. (random case 268)
 ... thermal (n,a) cross section is 0.209093 b. (random case 269)
 ... thermal (n,a) cross section is 0.202967 b. (random case 270)
 ... thermal (n,a) cross section is 0.217985 b. (random case 271)
 ... thermal (n,a) cross section is 0.54182 b. (random case 272)
 ... thermal (n,a) cross section is 0.226544 b. (random case 273)
 ... thermal (n,a) cross section is 0.273241 b. (random case 274)
 ... thermal (n,a) cross section is 0.470335 b. (random case 275)
 ... thermal (n,a) cross section is 0.350719 b. (random case 276)
 ... thermal (n,a) cross section is 0.0693099 b. (random case 277)
 ... thermal (n,a) cross section is 0.188545 b. (random case 278)
 ... thermal (n,a) cross section is 0.239441 b. (random case 279)
 ... thermal (n,a) cross section is 0.116822 b. (random case 280)
 ... thermal (n,a) cross section is 0.441853 b. (random case 281)
 ... thermal (n,a) cross section is 0.630465 b. (random case 282)
 ... thermal (n,a) cross section is 0.386662 b. (random case 283)
 ... thermal (n,a) cross section is 0.453882 b. (random case 284)
 ... thermal (n,a) cross section is 0.509164 b. (random case 285)
 ... thermal (n,a) cross section is 0.341509 b. (random case 286)
 ... thermal (n,a) cross section is 0.178163 b. (random case 287)
 ... thermal (n,a) cross section is 0.648198 b. (random case 288)
 ... thermal (n,a) cross section is 0.480192 b. (random case 289)
 ... thermal (n,a) cross section is 0.57906 b. (random case 290)
 ... thermal (n,a) cross section is 0.00735261 b. (random case 291)
 ... thermal (n,a) cross section is 0.395113 b. (random case 292)
 ... thermal (n,a) cross section is 0.477486 b. (random case 293)
 ... thermal (n,a) cross section is 0.407591 b. (random case 294)
 ... thermal (n,a) cross section is 0.12068 b. (random case 295)
 ... thermal (n,a) cross section is 0.430981 b. (random case 296)
 ... thermal (n,a) cross section is 0.269669 b. (random case 297)
 ... thermal (n,a) cross section is 0.252697 b. (random case 298)
 ... thermal (n,a) cross section is 0.14467 b. (random case 299)
 ... thermal (n,a) cross section is 0.364299 b. (random case 300)
 ... (n,p) Q-value negative for this element
 ... Rewrite index for MF2
 ... Write text for MF1 in file mf1.tares.txt
 ... plotting cross sections for the MF1
 ... order output files


================== summary ==================
 Thermal (n,tot) xs = 15.0379 b. (recommended: 15.48 b.)
 Thermal (n,el)  xs = 12.0982 b. 
 Thermal (n,g)   xs = 2.57637 b. (meas/sys: 2.576 b.)
 Thermal (n,a)   xs = 0.363332 b. 

 RI      (n,g)      = 1.28381 b. (meas or sys: 1.36 b.)
 RI      (n,el)     = 126.851 b.
=============================================


 ... cleaning
                                                 
  -------------------------------------------------------------
  -                                                           -
  - TARES: successful end of run with data from the database  -
  -             for Z= 26,  A= 56 and isomer= 0               -
  -                                                           -
  -------------------------------------------------------------

   Running time:       2627 seconds

 End time: Fri Oct  9 12:41:45 2026

