
  -------------------------------------------------------------
  -                                                           -
  -              Welcome to TARES version 1.8                 -
  -                                                           -
  -  (C) Copyright 2007-2025 D. Rochman, All Rights Reserved  -
  -           NRG, Petten, the Netherlands 2007-2014          -
  -           PSI, Villigen    Switzerland 2015-2025          -
  -         Nagra, Wettingen   Switzerland 2025-              -
  -           (Last Modified October 06, 2026)                -
  -           (Database from October 06, 2026)                -
  -                                                           -
  -------------------------------------------------------------


  ---------------------------------------------
   Compilation information:
   Compiled on:         Oct  7 2026, 09:32:19
   Compiled by:         koning
   Compiler version:    clang++ - 21.0.0
   Source location:     /Users/koning/tares-1.8/source/Module/
   Binaries location:   /Users/koning/bin
   System:              Darwin 25.6.0
   System version:      Darwin Kernel Version 25.6.0: Fri Jul 31 19:19:08 PDT 2026; root:xnu-12377.161.14~5/RELEASE_ARM64_T6050  
   Machine:             arm64 
  ---------------------------------------------

   User information:
   User name:           koning
   Running directory:   /Users/koning/tendl/resbase/K041/work
   Owner mode for running directory : rwx
   Group mode for running directory : r-x
  ---------------------------------------------


 Starting time: Wed Oct  7 11:09:17 2026
 ... inputs directory found (/Users/koning/tares-1.8/source/Module//../../inputs/).
 ... It will be used for resonance parameters 
 ... ###############################################
 ... #     read the input file tares.inp
 ... ###############################################
 ... line: #
 ... line: # Input file generated by Autorochman
          --> line not read
 ... line: #
 ... line: isotope    K
          --> Isotope name: K
 ... line: mass       41
          --> isotopic mass: 41
 ... line: output     n-K041
         ---> Name of the output files: n-K041
 ... line: isomer     0
          --> isomeric state: 0
 ... line: mf32mf33   y
          --> MF33 based on MF32: y
 ... line: nbrRandom  300
          --> Nbr of random files: 300
 ... ###############################################
 ... # end read the input file tares.inp
 ... ###############################################
Value for random generator type not considered in since Tares 1.7 due to compilation issues

 ... ###############################################
     #   Interpretation of the Input definition    #
     ###############################################

 ... Default energy limit: End of resonance region
 ... Nuclear charge    = 19
 ... Element           = K
 ... Mass              = 41
 ... Isomer            = 0
 ... Correlation for (Gn,Gg) not included in random files
 ... Default random option: No random
 ... Output name: n-K041
 ... Energy for the MACS: 30000 eV
 ... Resonances from CALENDF reduced (reduce=y) 
 ... For URR, level density model from TALYS selected: 91n3n12611.2850 (see manual for description)
 ... Random Generator: default (pseudo random numbers from ansi c++)
 ... Reconstruction of cross section selected
 ... Doppler broadening at 0 Kelvin
 ... Default formalism: Multi Level Breit Wigner (from file best.tendl.yes)
 ... URR not included (from the input file flag)
 ... Weight for grouping is flat
 ... Calculation of (n,alpha) cross section selected
 ... Number of digit for MF32c covariance representation: 2
 ... MF32 included
 ... MF33 will be used for covariance processing
 ... TENDL option set to yes (automatic choice of MF2 and format)
 ... default option: Multi level Breit Wigner approximation selected
 ... (check file best.tendl.yes for changing this option)
 ... Retroactive option set to no with the 2025 option
 ... ladder option set to no (CALENDF will not be used for statistical resonances)

 ... ###############################################
     #           End of Input definition           #
     ###############################################

 ... gnuplot found, will be used for plotting
 ... latex found, will be used for plotting
 ... dvips found, will be used for plotting
 ... ps2epsi not found, limited plotting available
 ... uncertainties on default parameters multiplied by 1.01622
 ... Read resonance data from the 2025 directory
 ... Resonance parameters taken from /Users/koning/tares-1.8/source/Module//../../inputs/2025/Resonance/default/
 ---> Processing Z= 19 and A= 41 and isomer= 0 (level number: 0)
Thermal file; Could not open file /Users/koning/tares-1.8/source/Module//../../inputs/2025/runThermal/results//thermal.mxw.ng.cendl3.1
Thermal file; Could not open file /Users/koning/tares-1.8/source/Module//../../inputs/2025/runThermal/results//thermal.mxw.ng.brond3.1
Thermal file; Could not open file /Users/koning/tares-1.8/source/Module//../../inputs/2025/runThermal/results//thermal.xs.ng.unc.cendl3.1
 ... spin taken from the final/ directory (1)

 ... ###############################################
 ... #  Nucleus global parameters (2025 database)  #
 ... ###############################################
 ... Scattering radius from file /Users/koning/tares-1.8/source/Module//../../inputs/2025/Resonance/default//global.2023.txt
 0. Spin of the target isotope: 1.5
 1. Relative Atomic Mass of the target isotope: 40.9618
 2. Isotopic composition of the target isotope: 6.73 %
 3. Scattering radius (local compilation): 3.4 fm +/- 0.051 fm
      .......................................
      ... Thermal capture cross sections: ...
 4. Thermal (total) (n,g) cross section from experiments (local compilation): 1.46 +/- 0.03 b.
 5. Thermal (n,g) cross section from experiments (Kzero): 1.453 +/- 0.011 b.
 6. Thermal (n,g) cross section from compilation (Firestone-2022 average on element K): 2.14 +/- 9 b.
 7. Thermal (n,g) cross section from compilation (Firestone-2022 isotopic): 1.19 +/- 0.1 b.
 8. Thermal Maxwellian (n,g) XS from compilation (Mughabghab-2006): 1.46 +/- 0.03 b.
 9. Thermal Maxwellian (n,g) XS from compilation (Mughabghab-2018): 1.46 +/- 0.03 b.
 10. Thermal Maxwellian (n,g) XS from compilation (Sukhoruchkin-2009): 1.46 +/- 0.03 b.
 11. Thermal Maxwellian (n,g) XS from compilation (Sukhoruchkin-2015): 1.46 +/- 0.03 b.
 12. Thermal (n,g) cross section from EAF-2010: 1.4612 b.
 13. Thermal (n,g) cross section from compilation (CRP-2007): 1.64 +/- 0.06 b.
 14. Thermal (n,g) cross section from ENDF/B-VIII.1: 1.461 b.
 15. Thermal (n,g) cross section from ENDF/B-VIII.0: 1.464 b.
 16. Thermal (n,g) cross section from TENDL-2023: 1.459 +/- 0.06176 b.
 17. Thermal (n,g) cross section from JEFF-3.3: 1.445 +/- 0.02936 b.
 18. Thermal (n,g) cross section from JEFF-4.0: 1.459 +/- 0.06394 b.
 19. Thermal (n,g) cross section from JENDL-5.0: 1.464 b.
      .......................................
      ...  Thermal total cross sections:  ...
      .......................................
      ... Thermal elastic cross sections: ...
 20. Thermal (n,el) cross section from compilation (Mughabghab): 0.92 +/- 0.2 b.
 21. Thermal (n,el) cross section from ENDF/B-VIII.1: 2.597 b.
 22. Thermal (n,el) cross section from ENDF/B-VIII.0: 2.597 b.
 23. Thermal (n,el) cross section from JENDL-5.0: 2.597 b.
 24. Thermal (n,el) cross section from JEFF-3.3: 4.422 b.
 25. Thermal (n,el) cross section from experiments (local compilation): 0.92 +/- 0.2 b.
 26. Neutron scattering length from Atominstitut (TU Wien): 2.69 +/- 0.08 fm.
      .......................................
             ... Resonance integral: ...
 27. Experimental capture integral (local compilation): 1.42 +/- 0.06 b.
 28. Experimental capture integral (Kzero): 1.264 +/- 0.039 b.
 29. Experimental capture integral (Mughabghab): 1.42 +/- 0.06 b.
 30. Experimental capture integral (Sukhoruchkin): 0.97 +/- 0.05 b.
   ---- MACS 30 keV ----- 
 31. TALYS MACS 30 keV (HF): 0.0273037 b. 
 32. Recommended MACS 30 keV from EAF: 0.022 b. 
 33. Recommended MACS 30 keV (local compilation): 0.0192 +/- 0.0006 b. 
 34. Recommended MACS 30 keV from Kadonis: 0.022 +/- 0.0007 b. 
 35. Recommended MACS (Sukhoruchkin): 0.02 +/- 0.004 b.
 36. Recommended MACS (Mughabghab): 0.0192 +/- 0.0006 b.
   ---------- S0 -------- 
 37. S0 from TALYS: 2.18899
   ---------- S1 -------- 
 38. S1 from TALYS: 1.57683
 39. Experimental S1: 2.3 +/- 0.6
 40. Atlas S1: 2.3 +/- 0.6
   ---------- S2 -------- 
 41. S2 from TALYS: 1.21391
   ---------- D0 -------- 
 42. D0 from TALYS: 1715.89 eV
   ---------- D1 -------- 
 43. Experimental D1: 7400 +/- 700 eV
 44. D1 from TALYS: 999.106 eV
 45. Atlas D1: 7400 +/- 700
   ---------- D2 -------- 
 46. D2 from TALYS: 794.536 eV
   ---------- G0 -------- 
 47. Experimental average Gg0: 0.94 +/- 0.18 eV
 48. Gg0 from TALYS: 0.235389 eV
   ---------- G1 -------- 
 49. Experimental average Gg1: 0.54 +/- 0.2 eV
 50. Gg1 from TALYS: 0.201965 eV
   ---------- G2 -------- 
 51. Gg2 from TALYS: 0.201901 eV


   ---------------------- 
 ... Read resonance parameters (format: 2: Multi Level Breit Wigner)
 ... 109 resonances found 
 --> 52. Number of resonances from the input file: 109 up to 150400 eV
 53. Read nuclear quantities (mass, MAT...)
 54. Read thermal (n,g) xs 
 55. Read the scattering radius 
 56. Read uncertainty on Gg for 109 resonances
 57. Read uncertainty on Gg for 109 resonances ... done
 ... order resonances 
 ... Upper limit for the RRR: 121001 eV (no statistical resonances HFR) from the limit.RRR file
 ... Write parameters for l=0 waves
 ... Write parameters for l=1 waves
 ... End writing original MF2 
 ... Enter in to_MLBW_mf2 function
 ... Convert to Multi Level Breit Wigner (MLBW)
 ... Gn-Gg correlations: calculated capture kernel used for 24 evaluated resonances (no measured kernel)
 ... Write parameter covariances (MF32) for l=0
 Write parameter covariances (MF32) for l=1
 ... MF32: 45 energy correlation lines (time of flight) for the first 10 evaluated resonances
 ... Convert parameter covariances (MF32) to MLBW
 ... copy the mf2 and mf32 to .mlbw files
 ... Ladder option set to no --> no use of calendf_xs
 ... no thermal/RI adjustment (ladder option set to no): no GLS calculation of parameter correlations
 ... copy the mf2 and mf32 to .mlbw files

 ... Start of final reconstruction and testing ...
 ... Reconstruction of cross sections at 0 Kelvin  ... Import MF2 from TARES calculations
 ... End energy of TARES MF2 : 1.210010E+5 eV and limit to 40000 resonances
 ... File used for reconstruction: n-K041.reconst
 ... run RECENT ...
 ... Doppler broadened at a unique temperature: 0 Kelvin using sigma1
 ... The keyword temperature is zero, no Doppler broadening for the MACS

 ============== INTER values at 0 Kelvin ==============
 Thermal (n,g) xs =  1.45865 b. (meas/sys: 1.46 b.) (warning: comparison to be done at 296 or 300 K)
 Th Maxw (n,g) xs =  1.4595 b. (thermal Maxwellian value)
 Westcott factor  =  1.00056
 RI      (n,g)    =  1.40403 b. (meas or sys: 1.42 b.)
 MACS 3.000e+04 eV=  0.01577 b. (meas or sys: - b.) from 1.00E+00 to 2.00E+07 eV (end of RRR) at T= 0 Kelvin 
 Thermal (n,el) xs=  0.900236 b.
 RI      (n,el)   =  75.3732 b.
 ============= PSYCHE values ==============
 Ave. G_total L0  =  277.201 eV
 Ave. G_total L1  =  119.888 eV
 Ave. Gn_0    L0  =  1.8519
 Ave. Gn_0    L1  =  11.5994
 Ave. Gg      L0  =  1.02786 eV
 Ave. Gg      L1  =  0.520096 eV
 Ave. D       L0  =  20166.8 eV
 Ave. D       L1  =  5500.05 eV
 Ave. S       L0  =  5.30791e-05 eV
 Ave. S       L1  =  0.000431413 eV
 =========================================
 ... End of final reconstruction and testing ...

 ... grouping is not optimum, change to 70 groups
 ... Produce MF33 based on MF32 and 300 random files
 ... run endsam for 300 in groups of 1 global run(s)
 ... run endsam from 201 to 300
 ... preparing the vectors  ... done
 ... nominal file 0 Cap(th)  ave= 1.459E+00 b. +/- 0.00 % || Ela(th) ave= 9.002E-01 b. +/- 0.00 % || RIcap ave= 1.39E+00 b. +/- 0.00 % || Macs30 ave= 1.63E-02 b. +/- 0.00 % || Gn^0(l=0) ave= 1.852E+00 +/- 0.00 % Gn^0(l=1) ave= 1.160E+01 +/- 0.00 % Gn^0(l=2) ave= 0.000E+00 +/- 0.00 % Gn^0(l=3) ave= 0.000E+00 +/- 0.00 % || Gtotal(l=0) ave= 2.772E+02 +/- 0.00 % Gtotal(l=1) ave= 1.199E+02 +/- 0.00 % Gtotal(l=2) ave= 0.000E+00 +/- 0.00 % Gtotal(l=3) ave= 0.000E+00 +/- 0.00 %  % || Gg(l=0) ave= 1.028E+00 +/- 0.00 % Gg(l=1) ave= 5.201E-01 +/- 0.00 % Gg(l=2) ave= 0.000E+00 +/- 0.00 % Gg(l=3) ave= 0.000E+00 +/- 0.00 %  % || D(l=0) ave= 2.017E+04 +/- 0.00 % D(l=1) ave= 5.500E+03 +/- 0.00 % D(l=2) ave= 0.000E+00 +/- 0.00 % D(l=3) ave= 0.000E+00 +/- 0.00 %  % || S(l=0) ave= 5.308E-05 +/- 0.00 % S(l=1) ave= 4.314E-04 +/- 0.00 % S(l=2) ave= 0.000E+00 +/- 0.00 % S(l=3) ave= 0.000E+00 +/- 0.00 % 
 ... random file  1 Cap(th)  ave= 1.458E+00 b. +/- 0.06 % || Ela(th) ave= 8.787E-01 b. +/- 2.45 % || RIcap ave= 1.39E+00 b. +/- 0.20 % || Macs30 ave= 1.63E-02 b. +/- 0.45 % || Gn^0(l=0) ave= 1.826E+00 +/- 1.44 % Gn^0(l=1) ave= 1.238E+01 +/- 6.28 % Gn^0(l=2) ave= 0.000E+00 +/- 0.00 % Gn^0(l=3) ave= 0.000E+00 +/- 0.00 % || Gtotal(l=0) ave= 2.772E+02 +/- 0.00 % Gtotal(l=1) ave= 1.171E+02 +/- 2.35 % Gtotal(l=2) ave= 0.000E+00 +/- 0.00 % Gtotal(l=3) ave= 0.000E+00 +/- 0.00 %  % || Gg(l=0) ave= 1.032E+00 +/- 0.40 % Gg(l=1) ave= 5.016E-01 +/- 3.68 % Gg(l=2) ave= 0.000E+00 +/- 0.00 % Gg(l=3) ave= 0.000E+00 +/- 0.00 %  % || D(l=0) ave= 2.017E+04 +/- 0.00 % D(l=1) ave= 5.631E+03 +/- 2.33 % D(l=2) ave= 0.000E+00 +/- 0.00 % D(l=3) ave= 0.000E+00 +/- 0.00 %  % || S(l=0) ave= 5.226E-05 +/- 1.57 % S(l=1) ave= 4.442E-04 +/- 2.87 % S(l=2) ave= 0.000E+00 +/- 0.00 % S(l=3) ave= 0.000E+00 +/- 0.00 % 
 ... random file  2 Cap(th)  ave= 1.460E+00 b. +/- 0.21 % || Ela(th) ave= 9.136E-01 b. +/- 5.72 % || RIcap ave= 1.39E+00 b. +/- 0.56 % || Macs30 ave= 1.63E-02 b. +/- 0.56 % || Gn^0(l=0) ave= 1.809E+00 +/- 1.74 % Gn^0(l=1) ave= 1.191E+01 +/- 7.70 % Gn^0(l=2) ave= 0.000E+00 +/- 0.00 % Gn^0(l=3) ave= 0.000E+00 +/- 0.00 % || Gtotal(l=0) ave= 2.772E+02 +/- 0.00 % Gtotal(l=1) ave= 1.162E+02 +/- 2.24 % Gtotal(l=2) ave= 0.000E+00 +/- 0.00 % Gtotal(l=3) ave= 0.000E+00 +/- 0.00 %  % || Gg(l=0) ave= 1.031E+00 +/- 0.33 % Gg(l=1) ave= 4.984E-01 +/- 3.16 % Gg(l=2) ave= 0.000E+00 +/- 0.00 % Gg(l=3) ave= 0.000E+00 +/- 0.00 %  % || D(l=0) ave= 2.017E+04 +/- 0.00 % D(l=1) ave= 5.675E+03 +/- 2.18 % D(l=2) ave= 0.000E+00 +/- 0.00 % D(l=3) ave= 0.000E+00 +/- 0.00 %  % || S(l=0) ave= 5.169E-05 +/- 2.03 % S(l=1) ave= 4.245E-04 +/- 7.00 % S(l=2) ave= 0.000E+00 +/- 0.00 % S(l=3) ave= 0.000E+00 +/- 0.00 % 
 ... random file  3 Cap(th)  ave= 1.459E+00 b. +/- 0.22 % || Ela(th) ave= 8.660E-01 b. +/- 10.86 % || RIcap ave= 1.39E+00 b. +/- 0.49 % || Macs30 ave= 1.63E-02 b. +/- 0.50 % || Gn^0(l=0) ave= 1.825E+00 +/- 2.07 % Gn^0(l=1) ave= 1.157E+01 +/- 8.49 % Gn^0(l=2) ave= 0.000E+00 +/- 0.00 % Gn^0(l=3) ave= 0.000E+00 +/- 0.00 % || Gtotal(l=0) ave= 2.772E+02 +/- 0.00 % Gtotal(l=1) ave= 1.171E+02 +/- 2.35 % Gtotal(l=2) ave= 0.000E+00 +/- 0.00 % Gtotal(l=3) ave= 0.000E+00 +/- 0.00 %  % || Gg(l=0) ave= 1.028E+00 +/- 0.64 % Gg(l=1) ave= 5.045E-01 +/- 3.41 % Gg(l=2) ave= 0.000E+00 +/- 0.00 % Gg(l=3) ave= 0.000E+00 +/- 0.00 %  % || D(l=0) ave= 2.017E+04 +/- 0.00 % D(l=1) ave= 5.631E+03 +/- 2.33 % D(l=2) ave= 0.000E+00 +/- 0.00 % D(l=3) ave= 0.000E+00 +/- 0.00 %  % || S(l=0) ave= 5.215E-05 +/- 2.32 % S(l=1) ave= 4.124E-04 +/- 8.04 % S(l=2) ave= 0.000E+00 +/- 0.00 % S(l=3) ave= 0.000E+00 +/- 0.00 % 
 ... random file  4 Cap(th)  ave= 1.455E+00 b. +/- 0.62 % || Ela(th) ave= 8.709E-01 b. +/- 9.72 % || RIcap ave= 1.39E+00 b. +/- 0.55 % || Macs30 ave= 1.63E-02 b. +/- 0.45 % || Gn^0(l=0) ave= 1.801E+00 +/- 3.18 % Gn^0(l=1) ave= 1.158E+01 +/- 7.59 % Gn^0(l=2) ave= 0.000E+00 +/- 0.00 % Gn^0(l=3) ave= 0.000E+00 +/- 0.00 % || Gtotal(l=0) ave= 2.772E+02 +/- 0.00 % Gtotal(l=1) ave= 1.177E+02 +/- 2.30 % Gtotal(l=2) ave= 0.000E+00 +/- 0.00 % Gtotal(l=3) ave= 0.000E+00 +/- 0.00 %  % || Gg(l=0) ave= 1.030E+00 +/- 0.73 % Gg(l=1) ave= 5.069E-01 +/- 3.18 % Gg(l=2) ave= 0.000E+00 +/- 0.00 % Gg(l=3) ave= 0.000E+00 +/- 0.00 %  % || D(l=0) ave= 2.017E+04 +/- 0.00 % D(l=1) ave= 5.605E+03 +/- 2.29 % D(l=2) ave= 0.000E+00 +/- 0.00 % D(l=3) ave= 0.000E+00 +/- 0.00 %  % || S(l=0) ave= 5.145E-05 +/- 3.43 % S(l=1) ave= 4.137E-04 +/- 7.19 % S(l=2) ave= 0.000E+00 +/- 0.00 % S(l=3) ave= 0.000E+00 +/- 0.00 % 
 ... random file  5 Cap(th)  ave= 1.466E+00 b. +/- 1.86 % || Ela(th) ave= 9.051E-01 b. +/- 12.01 % || RIcap ave= 1.39E+00 b. +/- 1.05 % || Macs30 ave= 1.64E-02 b. +/- 0.65 % || Gn^0(l=0) ave= 1.809E+00 +/- 3.05 % Gn^0(l=1) ave= 1.149E+01 +/- 7.21 % Gn^0(l=2) ave= 0.000E+00 +/- 0.00 % Gn^0(l=3) ave= 0.000E+00 +/- 0.00 % || Gtotal(l=0) ave= 2.772E+02 +/- 0.00 % Gtotal(l=1) ave= 1.171E+02 +/- 2.35 % Gtotal(l=2) ave= 0.000E+00 +/- 0.00 % Gtotal(l=3) ave= 0.000E+00 +/- 0.00 %  % || Gg(l=0) ave= 1.034E+00 +/- 1.01 % Gg(l=1) ave= 5.015E-01 +/- 3.78 % Gg(l=2) ave= 0.000E+00 +/- 0.00 % Gg(l=3) ave= 0.000E+00 +/- 0.00 %  % || D(l=0) ave= 2.017E+04 +/- 0.00 % D(l=1) ave= 5.631E+03 +/- 2.33 % D(l=2) ave= 0.000E+00 +/- 0.00 % D(l=3) ave= 0.000E+00 +/- 0.00 %  % || S(l=0) ave= 5.164E-05 +/- 3.22 % S(l=1) ave= 4.065E-04 +/- 7.78 % S(l=2) ave= 0.000E+00 +/- 0.00 % S(l=3) ave= 0.000E+00 +/- 0.00 % 
 ... random file  6 Cap(th)  ave= 1.472E+00 b. +/- 2.00 % || Ela(th) ave= 9.224E-01 b. +/- 11.84 % || RIcap ave= 1.40E+00 b. +/- 1.08 % || Macs30 ave= 1.64E-02 b. +/- 0.67 % || Gn^0(l=0) ave= 1.816E+00 +/- 2.96 % Gn^0(l=1) ave= 1.141E+01 +/- 6.94 % Gn^0(l=2) ave= 0.000E+00 +/- 0.00 % Gn^0(l=3) ave= 0.000E+00 +/- 0.00 % || Gtotal(l=0) ave= 2.772E+02 +/- 0.00 % Gtotal(l=1) ave= 1.167E+02 +/- 2.34 % Gtotal(l=2) ave= 0.000E+00 +/- 0.00 % Gtotal(l=3) ave= 0.000E+00 +/- 0.00 %  % || Gg(l=0) ave= 1.037E+00 +/- 1.16 % Gg(l=1) ave= 4.993E-01 +/- 3.68 % Gg(l=2) ave= 0.000E+00 +/- 0.00 % Gg(l=3) ave= 0.000E+00 +/- 0.00 %  % || D(l=0) ave= 2.017E+04 +/- 0.00 % D(l=1) ave= 5.650E+03 +/- 2.29 % D(l=2) ave= 0.000E+00 +/- 0.00 % D(l=3) ave= 0.000E+00 +/- 0.00 %  % || S(l=0) ave= 5.195E-05 +/- 3.30 % S(l=1) ave= 4.006E-04 +/- 8.13 % S(l=2) ave= 0.000E+00 +/- 0.00 % S(l=3) ave= 0.000E+00 +/- 0.00 % 
 ... random file  7 Cap(th)  ave= 1.464E+00 b. +/- 2.39 % || Ela(th) ave= 9.076E-01 b. +/- 12.06 % || RIcap ave= 1.39E+00 b. +/- 1.29 % || Macs30 ave= 1.64E-02 b. +/- 0.81 % || Gn^0(l=0) ave= 1.825E+00 +/- 3.01 % Gn^0(l=1) ave= 1.133E+01 +/- 6.82 % Gn^0(l=2) ave= 0.000E+00 +/- 0.00 % Gn^0(l=3) ave= 0.000E+00 +/- 0.00 % || Gtotal(l=0) ave= 2.772E+02 +/- 0.00 % Gtotal(l=1) ave= 1.164E+02 +/- 2.29 % Gtotal(l=2) ave= 0.000E+00 +/- 0.00 % Gtotal(l=3) ave= 0.000E+00 +/- 0.00 %  % || Gg(l=0) ave= 1.035E+00 +/- 1.21 % Gg(l=1) ave= 4.967E-01 +/- 3.73 % Gg(l=2) ave= 0.000E+00 +/- 0.00 % Gg(l=3) ave= 0.000E+00 +/- 0.00 %  % || D(l=0) ave= 2.017E+04 +/- 0.00 % D(l=1) ave= 5.664E+03 +/- 2.24 % D(l=2) ave= 0.000E+00 +/- 0.00 % D(l=3) ave= 0.000E+00 +/- 0.00 %  % || S(l=0) ave= 5.217E-05 +/- 3.26 % S(l=1) ave= 3.986E-04 +/- 7.76 % S(l=2) ave= 0.000E+00 +/- 0.00 % S(l=3) ave= 0.000E+00 +/- 0.00 % 
 ... random file  8 Cap(th)  ave= 1.464E+00 b. +/- 2.26 % || Ela(th) ave= 8.879E-01 b. +/- 13.20 % || RIcap ave= 1.39E+00 b. +/- 1.23 % || Macs30 ave= 1.64E-02 b. +/- 0.79 % || Gn^0(l=0) ave= 1.831E+00 +/- 2.99 % Gn^0(l=1) ave= 1.129E+01 +/- 6.52 % Gn^0(l=2) ave= 0.000E+00 +/- 0.00 % Gn^0(l=3) ave= 0.000E+00 +/- 0.00 % || Gtotal(l=0) ave= 2.772E+02 +/- 0.00 % Gtotal(l=1) ave= 1.162E+02 +/- 2.24 % Gtotal(l=2) ave= 0.000E+00 +/- 0.00 % Gtotal(l=3) ave= 0.000E+00 +/- 0.00 %  % || Gg(l=0) ave= 1.036E+00 +/- 1.19 % Gg(l=1) ave= 4.976E-01 +/- 3.55 % Gg(l=2) ave= 0.000E+00 +/- 0.00 % Gg(l=3) ave= 0.000E+00 +/- 0.00 %  % || D(l=0) ave= 2.017E+04 +/- 0.00 % D(l=1) ave= 5.675E+03 +/- 2.18 % D(l=2) ave= 0.000E+00 +/- 0.00 % D(l=3) ave= 0.000E+00 +/- 0.00 %  % || S(l=0) ave= 5.234E-05 +/- 3.20 % S(l=1) ave= 3.964E-04 +/- 7.52 % S(l=2) ave= 0.000E+00 +/- 0.00 % S(l=3) ave= 0.000E+00 +/- 0.00 % 
 ... random file  9 Cap(th)  ave= 1.461E+00 b. +/- 2.21 % || Ela(th) ave= 8.971E-01 b. +/- 12.77 % || RIcap ave= 1.39E+00 b. +/- 1.18 % || Macs30 ave= 1.64E-02 b. +/- 0.76 % || Gn^0(l=0) ave= 1.826E+00 +/- 2.96 % Gn^0(l=1) ave= 1.126E+01 +/- 6.26 % Gn^0(l=2) ave= 0.000E+00 +/- 0.00 % Gn^0(l=3) ave= 0.000E+00 +/- 0.00 % || Gtotal(l=0) ave= 2.772E+02 +/- 0.00 % Gtotal(l=1) ave= 1.160E+02 +/- 2.18 % Gtotal(l=2) ave= 0.000E+00 +/- 0.00 % Gtotal(l=3) ave= 0.000E+00 +/- 0.00 %  % || Gg(l=0) ave= 1.034E+00 +/- 1.27 % Gg(l=1) ave= 4.961E-01 +/- 3.49 % Gg(l=2) ave= 0.000E+00 +/- 0.00 % Gg(l=3) ave= 0.000E+00 +/- 0.00 %  % || D(l=0) ave= 2.017E+04 +/- 0.00 % D(l=1) ave= 5.683E+03 +/- 2.11 % D(l=2) ave= 0.000E+00 +/- 0.00 % D(l=3) ave= 0.000E+00 +/- 0.00 %  % || S(l=0) ave= 5.219E-05 +/- 3.17 % S(l=1) ave= 3.947E-04 +/- 7.28 % S(l=2) ave= 0.000E+00 +/- 0.00 % S(l=3) ave= 0.000E+00 +/- 0.00 % 
 ... random file  10 Cap(th)  ave= 1.457E+00 b. +/- 2.32 % || Ela(th) ave= 8.897E-01 b. +/- 12.56 % || RIcap ave= 1.39E+00 b. +/- 1.29 % || Macs30 ave= 1.63E-02 b. +/- 0.77 % || Gn^0(l=0) ave= 1.824E+00 +/- 2.85 % Gn^0(l=1) ave= 1.140E+01 +/- 7.13 % Gn^0(l=2) ave= 0.000E+00 +/- 0.00 % Gn^0(l=3) ave= 0.000E+00 +/- 0.00 % || Gtotal(l=0) ave= 2.772E+02 +/- 0.00 % Gtotal(l=1) ave= 1.159E+02 +/- 2.12 % Gtotal(l=2) ave= 0.000E+00 +/- 0.00 % Gtotal(l=3) ave= 0.000E+00 +/- 0.00 %  % || Gg(l=0) ave= 1.033E+00 +/- 1.21 % Gg(l=1) ave= 4.949E-01 +/- 3.42 % Gg(l=2) ave= 0.000E+00 +/- 0.00 % Gg(l=3) ave= 0.000E+00 +/- 0.00 %  % || D(l=0) ave= 2.017E+04 +/- 0.00 % D(l=1) ave= 5.691E+03 +/- 2.05 % D(l=2) ave= 0.000E+00 +/- 0.00 % D(l=3) ave= 0.000E+00 +/- 0.00 %  % || S(l=0) ave= 5.207E-05 +/- 3.11 % S(l=1) ave= 3.985E-04 +/- 7.51 % S(l=2) ave= 0.000E+00 +/- 0.00 % S(l=3) ave= 0.000E+00 +/- 0.00 % 
 ... random file  11 Cap(th)  ave= 1.462E+00 b. +/- 2.56 % || Ela(th) ave= 9.133E-01 b. +/- 14.53 % || RIcap ave= 1.39E+00 b. +/- 1.27 % || Macs30 ave= 1.63E-02 b. +/- 0.91 % || Gn^0(l=0) ave= 1.819E+00 +/- 2.84 % Gn^0(l=1) ave= 1.146E+01 +/- 6.98 % Gn^0(l=2) ave= 0.000E+00 +/- 0.00 % Gn^0(l=3) ave= 0.000E+00 +/- 0.00 % || Gtotal(l=0) ave= 2.772E+02 +/- 0.00 % Gtotal(l=1) ave= 1.162E+02 +/- 2.24 % Gtotal(l=2) ave= 0.000E+00 +/- 0.00 % Gtotal(l=3) ave= 0.000E+00 +/- 0.00 %  % || Gg(l=0) ave= 1.031E+00 +/- 1.38 % Gg(l=1) ave= 4.977E-01 +/- 3.74 % Gg(l=2) ave= 0.000E+00 +/- 0.00 % Gg(l=3) ave= 0.000E+00 +/- 0.00 %  % || D(l=0) ave= 2.017E+04 +/- 0.00 % D(l=1) ave= 5.675E+03 +/- 2.18 % D(l=2) ave= 0.000E+00 +/- 0.00 % D(l=3) ave= 0.000E+00 +/- 0.00 %  % || S(l=0) ave= 5.190E-05 +/- 3.17 % S(l=1) ave= 4.027E-04 +/- 7.89 % S(l=2) ave= 0.000E+00 +/- 0.00 % S(l=3) ave= 0.000E+00 +/- 0.00 % 
 ... random file  12 Cap(th)  ave= 1.456E+00 b. +/- 2.93 % || Ela(th) ave= 8.989E-01 b. +/- 15.23 % || RIcap ave= 1.39E+00 b. +/- 1.51 % || Macs30 ave= 1.63E-02 b. +/- 1.11 % || Gn^0(l=0) ave= 1.820E+00 +/- 2.73 % Gn^0(l=1) ave= 1.152E+01 +/- 6.95 % Gn^0(l=2) ave= 0.000E+00 +/- 0.00 % Gn^0(l=3) ave= 0.000E+00 +/- 0.00 % || Gtotal(l=0) ave= 2.772E+02 +/- 0.00 % Gtotal(l=1) ave= 1.165E+02 +/- 2.30 % Gtotal(l=2) ave= 0.000E+00 +/- 0.00 % Gtotal(l=3) ave= 0.000E+00 +/- 0.00 %  % || Gg(l=0) ave= 1.028E+00 +/- 1.60 % Gg(l=1) ave= 5.002E-01 +/- 3.99 % Gg(l=2) ave= 0.000E+00 +/- 0.00 % Gg(l=3) ave= 0.000E+00 +/- 0.00 %  % || D(l=0) ave= 2.017E+04 +/- 0.00 % D(l=1) ave= 5.661E+03 +/- 2.25 % D(l=2) ave= 0.000E+00 +/- 0.00 % D(l=3) ave= 0.000E+00 +/- 0.00 %  % || S(l=0) ave= 5.198E-05 +/- 3.08 % S(l=1) ave= 4.077E-04 +/- 8.63 % S(l=2) ave= 0.000E+00 +/- 0.00 % S(l=3) ave= 0.000E+00 +/- 0.00 % 
 ... random file  13 Cap(th)  ave= 1.453E+00 b. +/- 2.92 % || Ela(th) ave= 8.793E-01 b. +/- 17.02 % || RIcap ave= 1.38E+00 b. +/- 1.53 % || Macs30 ave= 1.63E-02 b. +/- 1.08 % || Gn^0(l=0) ave= 1.825E+00 +/- 2.80 % Gn^0(l=1) ave= 1.160E+01 +/- 7.04 % Gn^0(l=2) ave= 0.000E+00 +/- 0.00 % Gn^0(l=3) ave= 0.000E+00 +/- 0.00 % || Gtotal(l=0) ave= 2.772E+02 +/- 0.00 % Gtotal(l=1) ave= 1.167E+02 +/- 2.34 % Gtotal(l=2) ave= 0.000E+00 +/- 0.00 % Gtotal(l=3) ave= 0.000E+00 +/- 0.00 %  % || Gg(l=0) ave= 1.032E+00 +/- 1.90 % Gg(l=1) ave= 5.015E-01 +/- 3.93 % Gg(l=2) ave= 0.000E+00 +/- 0.00 % Gg(l=3) ave= 0.000E+00 +/- 0.00 %  % || D(l=0) ave= 2.017E+04 +/- 0.00 % D(l=1) ave= 5.650E+03 +/- 2.29 % D(l=2) ave= 0.000E+00 +/- 0.00 % D(l=3) ave= 0.000E+00 +/- 0.00 %  % || S(l=0) ave= 5.216E-05 +/- 3.21 % S(l=1) ave= 4.117E-04 +/- 8.96 % S(l=2) ave= 0.000E+00 +/- 0.00 % S(l=3) ave= 0.000E+00 +/- 0.00 % 
 ... random file  14 Cap(th)  ave= 1.451E+00 b. +/- 2.87 % || Ela(th) ave= 8.772E-01 b. +/- 16.51 % || RIcap ave= 1.38E+00 b. +/- 1.52 % || Macs30 ave= 1.63E-02 b. +/- 1.06 % || Gn^0(l=0) ave= 1.830E+00 +/- 2.91 % Gn^0(l=1) ave= 1.169E+01 +/- 7.35 % Gn^0(l=2) ave= 0.000E+00 +/- 0.00 % Gn^0(l=3) ave= 0.000E+00 +/- 0.00 % || Gtotal(l=0) ave= 2.772E+02 +/- 0.00 % Gtotal(l=1) ave= 1.166E+02 +/- 2.32 % Gtotal(l=2) ave= 0.000E+00 +/- 0.00 % Gtotal(l=3) ave= 0.000E+00 +/- 0.00 %  % || Gg(l=0) ave= 1.032E+00 +/- 1.84 % Gg(l=1) ave= 5.002E-01 +/- 3.92 % Gg(l=2) ave= 0.000E+00 +/- 0.00 % Gg(l=3) ave= 0.000E+00 +/- 0.00 %  % || D(l=0) ave= 2.017E+04 +/- 0.00 % D(l=1) ave= 5.657E+03 +/- 2.27 % D(l=2) ave= 0.000E+00 +/- 0.00 % D(l=3) ave= 0.000E+00 +/- 0.00 %  % || S(l=0) ave= 5.232E-05 +/- 3.30 % S(l=1) ave= 4.138E-04 +/- 8.82 % S(l=2) ave= 0.000E+00 +/- 0.00 % S(l=3) ave= 0.000E+00 +/- 0.00 % 
 ... random file  15 Cap(th)  ave= 1.450E+00 b. +/- 2.80 % || Ela(th) ave= 8.839E-01 b. +/- 16.13 % || RIcap ave= 1.38E+00 b. +/- 1.47 % || Macs30 ave= 1.63E-02 b. +/- 1.03 % || Gn^0(l=0) ave= 1.832E+00 +/- 2.86 % Gn^0(l=1) ave= 1.175E+01 +/- 7.32 % Gn^0(l=2) ave= 0.000E+00 +/- 0.00 % Gn^0(l=3) ave= 0.000E+00 +/- 0.00 % || Gtotal(l=0) ave= 2.772E+02 +/- 0.00 % Gtotal(l=1) ave= 1.164E+02 +/- 2.29 % Gtotal(l=2) ave= 0.000E+00 +/- 0.00 % Gtotal(l=3) ave= 0.000E+00 +/- 0.00 %  % || Gg(l=0) ave= 1.032E+00 +/- 1.79 % Gg(l=1) ave= 4.991E-01 +/- 3.91 % Gg(l=2) ave= 0.000E+00 +/- 0.00 % Gg(l=3) ave= 0.000E+00 +/- 0.00 %  % || D(l=0) ave= 2.017E+04 +/- 0.00 % D(l=1) ave= 5.664E+03 +/- 2.24 % D(l=2) ave= 0.000E+00 +/- 0.00 % D(l=3) ave= 0.000E+00 +/- 0.00 %  % || S(l=0) ave= 5.242E-05 +/- 3.27 % S(l=1) ave= 4.169E-04 +/- 8.94 % S(l=2) ave= 0.000E+00 +/- 0.00 % S(l=3) ave= 0.000E+00 +/- 0.00 % 
 ... random file  16 Cap(th)  ave= 1.449E+00 b. +/- 2.72 % || Ela(th) ave= 8.770E-01 b. +/- 16.08 % || RIcap ave= 1.38E+00 b. +/- 1.43 % || Macs30 ave= 1.63E-02 b. +/- 1.01 % || Gn^0(l=0) ave= 1.830E+00 +/- 2.81 % Gn^0(l=1) ave= 1.171E+01 +/- 7.23 % Gn^0(l=2) ave= 0.000E+00 +/- 0.00 % Gn^0(l=3) ave= 0.000E+00 +/- 0.00 % || Gtotal(l=0) ave= 2.772E+02 +/- 0.00 % Gtotal(l=1) ave= 1.163E+02 +/- 2.27 % Gtotal(l=2) ave= 0.000E+00 +/- 0.00 % Gtotal(l=3) ave= 0.000E+00 +/- 0.00 %  % || Gg(l=0) ave= 1.033E+00 +/- 1.79 % Gg(l=1) ave= 4.978E-01 +/- 3.94 % Gg(l=2) ave= 0.000E+00 +/- 0.00 % Gg(l=3) ave= 0.000E+00 +/- 0.00 %  % || D(l=0) ave= 2.017E+04 +/- 0.00 % D(l=1) ave= 5.670E+03 +/- 2.21 % D(l=2) ave= 0.000E+00 +/- 0.00 % D(l=3) ave= 0.000E+00 +/- 0.00 %  % || S(l=0) ave= 5.232E-05 +/- 3.27 % S(l=1) ave= 4.150E-04 +/- 8.90 % S(l=2) ave= 0.000E+00 +/- 0.00 % S(l=3) ave= 0.000E+00 +/- 0.00 % 
 ... random file  17 Cap(th)  ave= 1.447E+00 b. +/- 2.73 % || Ela(th) ave= 8.667E-01 b. +/- 16.56 % || RIcap ave= 1.38E+00 b. +/- 1.44 % || Macs30 ave= 1.63E-02 b. +/- 0.98 % || Gn^0(l=0) ave= 1.828E+00 +/- 2.79 % Gn^0(l=1) ave= 1.176E+01 +/- 7.23 % Gn^0(l=2) ave= 0.000E+00 +/- 0.00 % Gn^0(l=3) ave= 0.000E+00 +/- 0.00 % || Gtotal(l=0) ave= 2.772E+02 +/- 0.00 % Gtotal(l=1) ave= 1.165E+02 +/- 2.31 % Gtotal(l=2) ave= 0.000E+00 +/- 0.00 % Gtotal(l=3) ave= 0.000E+00 +/- 0.00 %  % || Gg(l=0) ave= 1.033E+00 +/- 1.75 % Gg(l=1) ave= 4.994E-01 +/- 4.05 % Gg(l=2) ave= 0.000E+00 +/- 0.00 % Gg(l=3) ave= 0.000E+00 +/- 0.00 %  % || D(l=0) ave= 2.017E+04 +/- 0.00 % D(l=1) ave= 5.660E+03 +/- 2.26 % D(l=2) ave= 0.000E+00 +/- 0.00 % D(l=3) ave= 0.000E+00 +/- 0.00 %  % || S(l=0) ave= 5.226E-05 +/- 3.21 % S(l=1) ave= 4.172E-04 +/- 8.88 % S(l=2) ave= 0.000E+00 +/- 0.00 % S(l=3) ave= 0.000E+00 +/- 0.00 % 
 ... random file  18 Cap(th)  ave= 1.447E+00 b. +/- 2.66 % || Ela(th) ave= 8.719E-01 b. +/- 16.22 % || RIcap ave= 1.38E+00 b. +/- 1.40 % || Macs30 ave= 1.63E-02 b. +/- 0.98 % || Gn^0(l=0) ave= 1.827E+00 +/- 2.72 % Gn^0(l=1) ave= 1.167E+01 +/- 7.79 % Gn^0(l=2) ave= 0.000E+00 +/- 0.00 % Gn^0(l=3) ave= 0.000E+00 +/- 0.00 % || Gtotal(l=0) ave= 2.772E+02 +/- 0.00 % Gtotal(l=1) ave= 1.164E+02 +/- 2.29 % Gtotal(l=2) ave= 0.000E+00 +/- 0.00 % Gtotal(l=3) ave= 0.000E+00 +/- 0.00 %  % || Gg(l=0) ave= 1.033E+00 +/- 1.70 % Gg(l=1) ave= 4.989E-01 +/- 3.98 % Gg(l=2) ave= 0.000E+00 +/- 0.00 % Gg(l=3) ave= 0.000E+00 +/- 0.00 %  % || D(l=0) ave= 2.017E+04 +/- 0.00 % D(l=1) ave= 5.665E+03 +/- 2.23 % D(l=2) ave= 0.000E+00 +/- 0.00 % D(l=3) ave= 0.000E+00 +/- 0.00 %  % || S(l=0) ave= 5.222E-05 +/- 3.15 % S(l=1) ave= 4.144E-04 +/- 9.18 % S(l=2) ave= 0.000E+00 +/- 0.00 % S(l=3) ave= 0.000E+00 +/- 0.00 % 
 ... random file  19 Cap(th)  ave= 1.447E+00 b. +/- 2.60 % || Ela(th) ave= 8.769E-01 b. +/- 15.91 % || RIcap ave= 1.38E+00 b. +/- 1.38 % || Macs30 ave= 1.63E-02 b. +/- 1.09 % || Gn^0(l=0) ave= 1.830E+00 +/- 2.71 % Gn^0(l=1) ave= 1.165E+01 +/- 7.64 % Gn^0(l=2) ave= 0.000E+00 +/- 0.00 % Gn^0(l=3) ave= 0.000E+00 +/- 0.00 % || Gtotal(l=0) ave= 2.772E+02 +/- 0.00 % Gtotal(l=1) ave= 1.163E+02 +/- 2.26 % Gtotal(l=2) ave= 0.000E+00 +/- 0.00 % Gtotal(l=3) ave= 0.000E+00 +/- 0.00 %  % || Gg(l=0) ave= 1.035E+00 +/- 1.84 % Gg(l=1) ave= 4.989E-01 +/- 3.88 % Gg(l=2) ave= 0.000E+00 +/- 0.00 % Gg(l=3) ave= 0.000E+00 +/- 0.00 %  % || D(l=0) ave= 2.017E+04 +/- 0.00 % D(l=1) ave= 5.670E+03 +/- 2.20 % D(l=2) ave= 0.000E+00 +/- 0.00 % D(l=3) ave= 0.000E+00 +/- 0.00 %  % || S(l=0) ave= 5.229E-05 +/- 3.12 % S(l=1) ave= 4.131E-04 +/- 9.07 % S(l=2) ave= 0.000E+00 +/- 0.00 % S(l=3) ave= 0.000E+00 +/- 0.00 % 
 ... random file  20 Cap(th)  ave= 1.447E+00 b. +/- 2.55 % || Ela(th) ave= 8.775E-01 b. +/- 15.52 % || RIcap ave= 1.38E+00 b. +/- 1.35 % || Macs30 ave= 1.63E-02 b. +/- 1.07 % || Gn^0(l=0) ave= 1.827E+00 +/- 2.72 % Gn^0(l=1) ave= 1.158E+01 +/- 7.96 % Gn^0(l=2) ave= 0.000E+00 +/- 0.00 % Gn^0(l=3) ave= 0.000E+00 +/- 0.00 % || Gtotal(l=0) ave= 2.772E+02 +/- 0.00 % Gtotal(l=1) ave= 1.165E+02 +/- 2.30 % Gtotal(l=2) ave= 0.000E+00 +/- 0.00 % Gtotal(l=3) ave= 0.000E+00 +/- 0.00 %  % || Gg(l=0) ave= 1.035E+00 +/- 1.80 % Gg(l=1) ave= 4.989E-01 +/- 3.79 % Gg(l=2) ave= 0.000E+00 +/- 0.00 % Gg(l=3) ave= 0.000E+00 +/- 0.00 %  % || D(l=0) ave= 2.017E+04 +/- 0.00 % D(l=1) ave= 5.662E+03 +/- 2.25 % D(l=2) ave= 0.000E+00 +/- 0.00 % D(l=3) ave= 0.000E+00 +/- 0.00 %  % || S(l=0) ave= 5.221E-05 +/- 3.12 % S(l=1) ave= 4.114E-04 +/- 9.10 % S(l=2) ave= 0.000E+00 +/- 0.00 % S(l=3) ave= 0.000E+00 +/- 0.00 % 
 ... random file  21 Cap(th)  ave= 1.447E+00 b. +/- 2.50 % || Ela(th) ave= 8.745E-01 b. +/- 15.29 % || RIcap ave= 1.38E+00 b. +/- 1.34 % || Macs30 ave= 1.63E-02 b. +/- 1.09 % || Gn^0(l=0) ave= 1.829E+00 +/- 2.71 % Gn^0(l=1) ave= 1.168E+01 +/- 8.55 % Gn^0(l=2) ave= 0.000E+00 +/- 0.00 % Gn^0(l=3) ave= 0.000E+00 +/- 0.00 % || Gtotal(l=0) ave= 2.772E+02 +/- 0.00 % Gtotal(l=1) ave= 1.164E+02 +/- 2.28 % Gtotal(l=2) ave= 0.000E+00 +/- 0.00 % Gtotal(l=3) ave= 0.000E+00 +/- 0.00 %  % || Gg(l=0) ave= 1.036E+00 +/- 1.93 % Gg(l=1) ave= 4.986E-01 +/- 3.71 % Gg(l=2) ave= 0.000E+00 +/- 0.00 % Gg(l=3) ave= 0.000E+00 +/- 0.00 %  % || D(l=0) ave= 2.017E+04 +/- 0.00 % D(l=1) ave= 5.667E+03 +/- 2.22 % D(l=2) ave= 0.000E+00 +/- 0.00 % D(l=3) ave= 0.000E+00 +/- 0.00 %  % || S(l=0) ave= 5.232E-05 +/- 3.17 % S(l=1) ave= 4.145E-04 +/- 9.47 % S(l=2) ave= 0.000E+00 +/- 0.00 % S(l=3) ave= 0.000E+00 +/- 0.00 % 
 ... random file  22 Cap(th)  ave= 1.448E+00 b. +/- 2.46 % || Ela(th) ave= 8.791E-01 b. +/- 15.08 % || RIcap ave= 1.38E+00 b. +/- 1.31 % || Macs30 ave= 1.63E-02 b. +/- 1.07 % || Gn^0(l=0) ave= 1.830E+00 +/- 2.65 % Gn^0(l=1) ave= 1.162E+01 +/- 8.77 % Gn^0(l=2) ave= 0.000E+00 +/- 0.00 % Gn^0(l=3) ave= 0.000E+00 +/- 0.00 % || Gtotal(l=0) ave= 2.772E+02 +/- 0.00 % Gtotal(l=1) ave= 1.163E+02 +/- 2.26 % Gtotal(l=2) ave= 0.000E+00 +/- 0.00 % Gtotal(l=3) ave= 0.000E+00 +/- 0.00 %  % || Gg(l=0) ave= 1.036E+00 +/- 1.93 % Gg(l=1) ave= 4.979E-01 +/- 3.70 % Gg(l=2) ave= 0.000E+00 +/- 0.00 % Gg(l=3) ave= 0.000E+00 +/- 0.00 %  % || D(l=0) ave= 2.017E+04 +/- 0.00 % D(l=1) ave= 5.671E+03 +/- 2.20 % D(l=2) ave= 0.000E+00 +/- 0.00 % D(l=3) ave= 0.000E+00 +/- 0.00 %  % || S(l=0) ave= 5.236E-05 +/- 3.13 % S(l=1) ave= 4.122E-04 +/- 9.68 % S(l=2) ave= 0.000E+00 +/- 0.00 % S(l=3) ave= 0.000E+00 +/- 0.00 % 
 ... random file  23 Cap(th)  ave= 1.452E+00 b. +/- 2.67 % || Ela(th) ave= 8.831E-01 b. +/- 14.85 % || RIcap ave= 1.38E+00 b. +/- 1.40 % || Macs30 ave= 1.63E-02 b. +/- 1.04 % || Gn^0(l=0) ave= 1.828E+00 +/- 2.65 % Gn^0(l=1) ave= 1.163E+01 +/- 8.61 % Gn^0(l=2) ave= 0.000E+00 +/- 0.00 % Gn^0(l=3) ave= 0.000E+00 +/- 0.00 % || Gtotal(l=0) ave= 2.772E+02 +/- 0.00 % Gtotal(l=1) ave= 1.162E+02 +/- 2.24 % Gtotal(l=2) ave= 0.000E+00 +/- 0.00 % Gtotal(l=3) ave= 0.000E+00 +/- 0.00 %  % || Gg(l=0) ave= 1.035E+00 +/- 1.92 % Gg(l=1) ave= 4.981E-01 +/- 3.63 % Gg(l=2) ave= 0.000E+00 +/- 0.00 % Gg(l=3) ave= 0.000E+00 +/- 0.00 %  % || D(l=0) ave= 2.017E+04 +/- 0.00 % D(l=1) ave= 5.675E+03 +/- 2.18 % D(l=2) ave= 0.000E+00 +/- 0.00 % D(l=3) ave= 0.000E+00 +/- 0.00 %  % || S(l=0) ave= 5.229E-05 +/- 3.13 % S(l=1) ave= 4.133E-04 +/- 9.54 % S(l=2) ave= 0.000E+00 +/- 0.00 % S(l=3) ave= 0.000E+00 +/- 0.00 % 
 ... random file  24 Cap(th)  ave= 1.452E+00 b. +/- 2.62 % || Ela(th) ave= 8.821E-01 b. +/- 14.58 % || RIcap ave= 1.39E+00 b. +/- 1.42 % || Macs30 ave= 1.64E-02 b. +/- 1.21 % || Gn^0(l=0) ave= 1.835E+00 +/- 3.15 % Gn^0(l=1) ave= 1.166E+01 +/- 8.47 % Gn^0(l=2) ave= 0.000E+00 +/- 0.00 % Gn^0(l=3) ave= 0.000E+00 +/- 0.00 % || Gtotal(l=0) ave= 2.772E+02 +/- 0.00 % Gtotal(l=1) ave= 1.161E+02 +/- 2.22 % Gtotal(l=2) ave= 0.000E+00 +/- 0.00 % Gtotal(l=3) ave= 0.000E+00 +/- 0.00 %  % || Gg(l=0) ave= 1.036E+00 +/- 1.97 % Gg(l=1) ave= 4.983E-01 +/- 3.55 % Gg(l=2) ave= 0.000E+00 +/- 0.00 % Gg(l=3) ave= 0.000E+00 +/- 0.00 %  % || D(l=0) ave= 2.017E+04 +/- 0.00 % D(l=1) ave= 5.678E+03 +/- 2.15 % D(l=2) ave= 0.000E+00 +/- 0.00 % D(l=3) ave= 0.000E+00 +/- 0.00 %  % || S(l=0) ave= 5.252E-05 +/- 3.74 % S(l=1) ave= 4.134E-04 +/- 9.35 % S(l=2) ave= 0.000E+00 +/- 0.00 % S(l=3) ave= 0.000E+00 +/- 0.00 % 
 ... random file  25 Cap(th)  ave= 1.451E+00 b. +/- 2.60 % || Ela(th) ave= 8.860E-01 b. +/- 14.41 % || RIcap ave= 1.39E+00 b. +/- 1.39 % || Macs30 ave= 1.64E-02 b. +/- 1.27 % || Gn^0(l=0) ave= 1.835E+00 +/- 3.09 % Gn^0(l=1) ave= 1.161E+01 +/- 8.56 % Gn^0(l=2) ave= 0.000E+00 +/- 0.00 % Gn^0(l=3) ave= 0.000E+00 +/- 0.00 % || Gtotal(l=0) ave= 2.772E+02 +/- 0.00 % Gtotal(l=1) ave= 1.163E+02 +/- 2.26 % Gtotal(l=2) ave= 0.000E+00 +/- 0.00 % Gtotal(l=3) ave= 0.000E+00 +/- 0.00 %  % || Gg(l=0) ave= 1.037E+00 +/- 2.00 % Gg(l=1) ave= 4.988E-01 +/- 3.52 % Gg(l=2) ave= 0.000E+00 +/- 0.00 % Gg(l=3) ave= 0.000E+00 +/- 0.00 %  % || D(l=0) ave= 2.017E+04 +/- 0.00 % D(l=1) ave= 5.671E+03 +/- 2.20 % D(l=2) ave= 0.000E+00 +/- 0.00 % D(l=3) ave= 0.000E+00 +/- 0.00 %  % || S(l=0) ave= 5.254E-05 +/- 3.67 % S(l=1) ave= 4.127E-04 +/- 9.22 % S(l=2) ave= 0.000E+00 +/- 0.00 % S(l=3) ave= 0.000E+00 +/- 0.00 % 
 ... random file  26 Cap(th)  ave= 1.452E+00 b. +/- 2.56 % || Ela(th) ave= 8.887E-01 b. +/- 14.18 % || RIcap ave= 1.39E+00 b. +/- 1.37 % || Macs30 ave= 1.64E-02 b. +/- 1.26 % || Gn^0(l=0) ave= 1.838E+00 +/- 3.18 % Gn^0(l=1) ave= 1.169E+01 +/- 9.03 % Gn^0(l=2) ave= 0.000E+00 +/- 0.00 % Gn^0(l=3) ave= 0.000E+00 +/- 0.00 % || Gtotal(l=0) ave= 2.772E+02 +/- 0.00 % Gtotal(l=1) ave= 1.162E+02 +/- 2.24 % Gtotal(l=2) ave= 0.000E+00 +/- 0.00 % Gtotal(l=3) ave= 0.000E+00 +/- 0.00 %  % || Gg(l=0) ave= 1.037E+00 +/- 1.97 % Gg(l=1) ave= 4.984E-01 +/- 3.48 % Gg(l=2) ave= 0.000E+00 +/- 0.00 % Gg(l=3) ave= 0.000E+00 +/- 0.00 %  % || D(l=0) ave= 2.017E+04 +/- 0.00 % D(l=1) ave= 5.675E+03 +/- 2.18 % D(l=2) ave= 0.000E+00 +/- 0.00 % D(l=3) ave= 0.000E+00 +/- 0.00 %  % || S(l=0) ave= 5.266E-05 +/- 3.78 % S(l=1) ave= 4.141E-04 +/- 9.20 % S(l=2) ave= 0.000E+00 +/- 0.00 % S(l=3) ave= 0.000E+00 +/- 0.00 % 
 ... random file  27 Cap(th)  ave= 1.453E+00 b. +/- 2.55 % || Ela(th) ave= 9.000E-01 b. +/- 15.21 % || RIcap ave= 1.39E+00 b. +/- 1.36 % || Macs30 ave= 1.64E-02 b. +/- 1.24 % || Gn^0(l=0) ave= 1.837E+00 +/- 3.14 % Gn^0(l=1) ave= 1.171E+01 +/- 8.88 % Gn^0(l=2) ave= 0.000E+00 +/- 0.00 % Gn^0(l=3) ave= 0.000E+00 +/- 0.00 % || Gtotal(l=0) ave= 2.772E+02 +/- 0.00 % Gtotal(l=1) ave= 1.161E+02 +/- 2.22 % Gtotal(l=2) ave= 0.000E+00 +/- 0.00 % Gtotal(l=3) ave= 0.000E+00 +/- 0.00 %  % || Gg(l=0) ave= 1.036E+00 +/- 2.00 % Gg(l=1) ave= 4.984E-01 +/- 3.42 % Gg(l=2) ave= 0.000E+00 +/- 0.00 % Gg(l=3) ave= 0.000E+00 +/- 0.00 %  % || D(l=0) ave= 2.017E+04 +/- 0.00 % D(l=1) ave= 5.678E+03 +/- 2.15 % D(l=2) ave= 0.000E+00 +/- 0.00 % D(l=3) ave= 0.000E+00 +/- 0.00 %  % || S(l=0) ave= 5.264E-05 +/- 3.71 % S(l=1) ave= 4.139E-04 +/- 9.04 % S(l=2) ave= 0.000E+00 +/- 0.00 % S(l=3) ave= 0.000E+00 +/- 0.00 % 
 ... random file  28 Cap(th)  ave= 1.453E+00 b. +/- 2.51 % || Ela(th) ave= 8.960E-01 b. +/- 15.20 % || RIcap ave= 1.39E+00 b. +/- 1.35 % || Macs30 ave= 1.64E-02 b. +/- 1.22 % || Gn^0(l=0) ave= 1.838E+00 +/- 3.09 % Gn^0(l=1) ave= 1.170E+01 +/- 8.74 % Gn^0(l=2) ave= 0.000E+00 +/- 0.00 % Gn^0(l=3) ave= 0.000E+00 +/- 0.00 % || Gtotal(l=0) ave= 2.772E+02 +/- 0.00 % Gtotal(l=1) ave= 1.161E+02 +/- 2.20 % Gtotal(l=2) ave= 0.000E+00 +/- 0.00 % Gtotal(l=3) ave= 0.000E+00 +/- 0.00 %  % || Gg(l=0) ave= 1.036E+00 +/- 1.97 % Gg(l=1) ave= 4.978E-01 +/- 3.42 % Gg(l=2) ave= 0.000E+00 +/- 0.00 % Gg(l=3) ave= 0.000E+00 +/- 0.00 %  % || D(l=0) ave= 2.017E+04 +/- 0.00 % D(l=1) ave= 5.681E+03 +/- 2.13 % D(l=2) ave= 0.000E+00 +/- 0.00 % D(l=3) ave= 0.000E+00 +/- 0.00 %  % || S(l=0) ave= 5.266E-05 +/- 3.65 % S(l=1) ave= 4.140E-04 +/- 8.88 % S(l=2) ave= 0.000E+00 +/- 0.00 % S(l=3) ave= 0.000E+00 +/- 0.00 % 
 ... random file  29 Cap(th)  ave= 1.455E+00 b. +/- 2.50 % || Ela(th) ave= 9.019E-01 b. +/- 15.26 % || RIcap ave= 1.39E+00 b. +/- 1.33 % || Macs30 ave= 1.64E-02 b. +/- 1.21 % || Gn^0(l=0) ave= 1.841E+00 +/- 3.23 % Gn^0(l=1) ave= 1.166E+01 +/- 8.79 % Gn^0(l=2) ave= 0.000E+00 +/- 0.00 % Gn^0(l=3) ave= 0.000E+00 +/- 0.00 % || Gtotal(l=0) ave= 2.772E+02 +/- 0.00 % Gtotal(l=1) ave= 1.162E+02 +/- 2.24 % Gtotal(l=2) ave= 0.000E+00 +/- 0.00 % Gtotal(l=3) ave= 0.000E+00 +/- 0.00 %  % || Gg(l=0) ave= 1.035E+00 +/- 1.97 % Gg(l=1) ave= 4.983E-01 +/- 3.40 % Gg(l=2) ave= 0.000E+00 +/- 0.00 % Gg(l=3) ave= 0.000E+00 +/- 0.00 %  % || D(l=0) ave= 2.017E+04 +/- 0.00 % D(l=1) ave= 5.675E+03 +/- 2.18 % D(l=2) ave= 0.000E+00 +/- 0.00 % D(l=3) ave= 0.000E+00 +/- 0.00 %  % || S(l=0) ave= 5.279E-05 +/- 3.80 % S(l=1) ave= 4.136E-04 +/- 8.76 % S(l=2) ave= 0.000E+00 +/- 0.00 % S(l=3) ave= 0.000E+00 +/- 0.00 % 
 ... random file  30 Cap(th)  ave= 1.454E+00 b. +/- 2.47 % || Ela(th) ave= 8.981E-01 b. +/- 15.26 % || RIcap ave= 1.39E+00 b. +/- 1.31 % || Macs30 ave= 1.64E-02 b. +/- 1.22 % || Gn^0(l=0) ave= 1.842E+00 +/- 3.18 % Gn^0(l=1) ave= 1.165E+01 +/- 8.66 % Gn^0(l=2) ave= 0.000E+00 +/- 0.00 % Gn^0(l=3) ave= 0.000E+00 +/- 0.00 % || Gtotal(l=0) ave= 2.772E+02 +/- 0.00 % Gtotal(l=1) ave= 1.162E+02 +/- 2.22 % Gtotal(l=2) ave= 0.000E+00 +/- 0.00 % Gtotal(l=3) ave= 0.000E+00 +/- 0.00 %  % || Gg(l=0) ave= 1.035E+00 +/- 1.95 % Gg(l=1) ave= 4.982E-01 +/- 3.34 % Gg(l=2) ave= 0.000E+00 +/- 0.00 % Gg(l=3) ave= 0.000E+00 +/- 0.00 %  % || D(l=0) ave= 2.017E+04 +/- 0.00 % D(l=1) ave= 5.677E+03 +/- 2.16 % D(l=2) ave= 0.000E+00 +/- 0.00 % D(l=3) ave= 0.000E+00 +/- 0.00 %  % || S(l=0) ave= 5.278E-05 +/- 3.74 % S(l=1) ave= 4.135E-04 +/- 8.62 % S(l=2) ave= 0.000E+00 +/- 0.00 % S(l=3) ave= 0.000E+00 +/- 0.00 % 
 ... random file  31 Cap(th)  ave= 1.454E+00 b. +/- 2.43 % || Ela(th) ave= 8.947E-01 b. +/- 15.21 % || RIcap ave= 1.39E+00 b. +/- 1.30 % || Macs30 ave= 1.64E-02 b. +/- 1.21 % || Gn^0(l=0) ave= 1.843E+00 +/- 3.16 % Gn^0(l=1) ave= 1.166E+01 +/- 8.53 % Gn^0(l=2) ave= 0.000E+00 +/- 0.00 % Gn^0(l=3) ave= 0.000E+00 +/- 0.00 % || Gtotal(l=0) ave= 2.772E+02 +/- 0.00 % Gtotal(l=1) ave= 1.161E+02 +/- 2.20 % Gtotal(l=2) ave= 0.000E+00 +/- 0.00 % Gtotal(l=3) ave= 0.000E+00 +/- 0.00 %  % || Gg(l=0) ave= 1.036E+00 +/- 1.92 % Gg(l=1) ave= 4.980E-01 +/- 3.30 % Gg(l=2) ave= 0.000E+00 +/- 0.00 % Gg(l=3) ave= 0.000E+00 +/- 0.00 %  % || D(l=0) ave= 2.017E+04 +/- 0.00 % D(l=1) ave= 5.680E+03 +/- 2.14 % D(l=2) ave= 0.000E+00 +/- 0.00 % D(l=3) ave= 0.000E+00 +/- 0.00 %  % || S(l=0) ave= 5.282E-05 +/- 3.70 % S(l=1) ave= 4.132E-04 +/- 8.51 % S(l=2) ave= 0.000E+00 +/- 0.00 % S(l=3) ave= 0.000E+00 +/- 0.00 % 
 ... random file  32 Cap(th)  ave= 1.453E+00 b. +/- 2.50 % || Ela(th) ave= 8.867E-01 b. +/- 15.96 % || RIcap ave= 1.39E+00 b. +/- 1.35 % || Macs30 ave= 1.64E-02 b. +/- 1.21 % || Gn^0(l=0) ave= 1.845E+00 +/- 3.15 % Gn^0(l=1) ave= 1.164E+01 +/- 8.45 % Gn^0(l=2) ave= 0.000E+00 +/- 0.00 % Gn^0(l=3) ave= 0.000E+00 +/- 0.00 % || Gtotal(l=0) ave= 2.772E+02 +/- 0.00 % Gtotal(l=1) ave= 1.160E+02 +/- 2.18 % Gtotal(l=2) ave= 0.000E+00 +/- 0.00 % Gtotal(l=3) ave= 0.000E+00 +/- 0.00 %  % || Gg(l=0) ave= 1.035E+00 +/- 1.91 % Gg(l=1) ave= 4.983E-01 +/- 3.26 % Gg(l=2) ave= 0.000E+00 +/- 0.00 % Gg(l=3) ave= 0.000E+00 +/- 0.00 %  % || D(l=0) ave= 2.017E+04 +/- 0.00 % D(l=1) ave= 5.683E+03 +/- 2.12 % D(l=2) ave= 0.000E+00 +/- 0.00 % D(l=3) ave= 0.000E+00 +/- 0.00 %  % || S(l=0) ave= 5.289E-05 +/- 3.72 % S(l=1) ave= 4.126E-04 +/- 8.43 % S(l=2) ave= 0.000E+00 +/- 0.00 % S(l=3) ave= 0.000E+00 +/- 0.00 % 
 ... random file  33 Cap(th)  ave= 1.451E+00 b. +/- 2.57 % || Ela(th) ave= 8.840E-01 b. +/- 15.87 % || RIcap ave= 1.39E+00 b. +/- 1.35 % || Macs30 ave= 1.64E-02 b. +/- 1.22 % || Gn^0(l=0) ave= 1.842E+00 +/- 3.22 % Gn^0(l=1) ave= 1.163E+01 +/- 8.35 % Gn^0(l=2) ave= 0.000E+00 +/- 0.00 % Gn^0(l=3) ave= 0.000E+00 +/- 0.00 % || Gtotal(l=0) ave= 2.772E+02 +/- 0.00 % Gtotal(l=1) ave= 1.162E+02 +/- 2.22 % Gtotal(l=2) ave= 0.000E+00 +/- 0.00 % Gtotal(l=3) ave= 0.000E+00 +/- 0.00 %  % || Gg(l=0) ave= 1.036E+00 +/- 1.90 % Gg(l=1) ave= 4.990E-01 +/- 3.32 % Gg(l=2) ave= 0.000E+00 +/- 0.00 % Gg(l=3) ave= 0.000E+00 +/- 0.00 %  % || D(l=0) ave= 2.017E+04 +/- 0.00 % D(l=1) ave= 5.677E+03 +/- 2.16 % D(l=2) ave= 0.000E+00 +/- 0.00 % D(l=3) ave= 0.000E+00 +/- 0.00 %  % || S(l=0) ave= 5.280E-05 +/- 3.80 % S(l=1) ave= 4.129E-04 +/- 8.31 % S(l=2) ave= 0.000E+00 +/- 0.00 % S(l=3) ave= 0.000E+00 +/- 0.00 % 
 ... random file  34 Cap(th)  ave= 1.450E+00 b. +/- 2.54 % || Ela(th) ave= 8.811E-01 b. +/- 15.81 % || RIcap ave= 1.39E+00 b. +/- 1.34 % || Macs30 ave= 1.64E-02 b. +/- 1.23 % || Gn^0(l=0) ave= 1.845E+00 +/- 3.26 % Gn^0(l=1) ave= 1.165E+01 +/- 8.24 % Gn^0(l=2) ave= 0.000E+00 +/- 0.00 % Gn^0(l=3) ave= 0.000E+00 +/- 0.00 % || Gtotal(l=0) ave= 2.772E+02 +/- 0.00 % Gtotal(l=1) ave= 1.161E+02 +/- 2.21 % Gtotal(l=2) ave= 0.000E+00 +/- 0.00 % Gtotal(l=3) ave= 0.000E+00 +/- 0.00 %  % || Gg(l=0) ave= 1.035E+00 +/- 1.91 % Gg(l=1) ave= 4.990E-01 +/- 3.27 % Gg(l=2) ave= 0.000E+00 +/- 0.00 % Gg(l=3) ave= 0.000E+00 +/- 0.00 %  % || D(l=0) ave= 2.017E+04 +/- 0.00 % D(l=1) ave= 5.680E+03 +/- 2.14 % D(l=2) ave= 0.000E+00 +/- 0.00 % D(l=3) ave= 0.000E+00 +/- 0.00 %  % || S(l=0) ave= 5.290E-05 +/- 3.90 % S(l=1) ave= 4.131E-04 +/- 8.19 % S(l=2) ave= 0.000E+00 +/- 0.00 % S(l=3) ave= 0.000E+00 +/- 0.00 % 
 ... random file  35 Cap(th)  ave= 1.453E+00 b. +/- 2.72 % || Ela(th) ave= 8.792E-01 b. +/- 15.67 % || RIcap ave= 1.39E+00 b. +/- 1.37 % || Macs30 ave= 1.64E-02 b. +/- 1.24 % || Gn^0(l=0) ave= 1.843E+00 +/- 3.27 % Gn^0(l=1) ave= 1.168E+01 +/- 8.32 % Gn^0(l=2) ave= 0.000E+00 +/- 0.00 % Gn^0(l=3) ave= 0.000E+00 +/- 0.00 % || Gtotal(l=0) ave= 2.772E+02 +/- 0.00 % Gtotal(l=1) ave= 1.161E+02 +/- 2.19 % Gtotal(l=2) ave= 0.000E+00 +/- 0.00 % Gtotal(l=3) ave= 0.000E+00 +/- 0.00 %  % || Gg(l=0) ave= 1.034E+00 +/- 1.93 % Gg(l=1) ave= 4.989E-01 +/- 3.23 % Gg(l=2) ave= 0.000E+00 +/- 0.00 % Gg(l=3) ave= 0.000E+00 +/- 0.00 %  % || D(l=0) ave= 2.017E+04 +/- 0.00 % D(l=1) ave= 5.682E+03 +/- 2.12 % D(l=2) ave= 0.000E+00 +/- 0.00 % D(l=3) ave= 0.000E+00 +/- 0.00 %  % || S(l=0) ave= 5.285E-05 +/- 3.89 % S(l=1) ave= 4.144E-04 +/- 8.24 % S(l=2) ave= 0.000E+00 +/- 0.00 % S(l=3) ave= 0.000E+00 +/- 0.00 % 
 ... random file  36 Cap(th)  ave= 1.454E+00 b. +/- 2.70 % || Ela(th) ave= 8.850E-01 b. +/- 15.85 % || RIcap ave= 1.39E+00 b. +/- 1.35 % || Macs30 ave= 1.64E-02 b. +/- 1.25 % || Gn^0(l=0) ave= 1.846E+00 +/- 3.42 % Gn^0(l=1) ave= 1.166E+01 +/- 8.33 % Gn^0(l=2) ave= 0.000E+00 +/- 0.00 % Gn^0(l=3) ave= 0.000E+00 +/- 0.00 % || Gtotal(l=0) ave= 2.772E+02 +/- 0.00 % Gtotal(l=1) ave= 1.160E+02 +/- 2.17 % Gtotal(l=2) ave= 0.000E+00 +/- 0.00 % Gtotal(l=3) ave= 0.000E+00 +/- 0.00 %  % || Gg(l=0) ave= 1.034E+00 +/- 1.90 % Gg(l=1) ave= 4.990E-01 +/- 3.18 % Gg(l=2) ave= 0.000E+00 +/- 0.00 % Gg(l=3) ave= 0.000E+00 +/- 0.00 %  % || D(l=0) ave= 2.017E+04 +/- 0.00 % D(l=1) ave= 5.684E+03 +/- 2.11 % D(l=2) ave= 0.000E+00 +/- 0.00 % D(l=3) ave= 0.000E+00 +/- 0.00 %  % || S(l=0) ave= 5.299E-05 +/- 4.13 % S(l=1) ave= 4.136E-04 +/- 8.22 % S(l=2) ave= 0.000E+00 +/- 0.00 % S(l=3) ave= 0.000E+00 +/- 0.00 % 
 ... random file  37 Cap(th)  ave= 1.456E+00 b. +/- 2.78 % || Ela(th) ave= 8.847E-01 b. +/- 15.65 % || RIcap ave= 1.39E+00 b. +/- 1.36 % || Macs30 ave= 1.64E-02 b. +/- 1.23 % || Gn^0(l=0) ave= 1.850E+00 +/- 3.58 % Gn^0(l=1) ave= 1.171E+01 +/- 8.67 % Gn^0(l=2) ave= 0.000E+00 +/- 0.00 % Gn^0(l=3) ave= 0.000E+00 +/- 0.00 % || Gtotal(l=0) ave= 2.772E+02 +/- 0.00 % Gtotal(l=1) ave= 1.161E+02 +/- 2.21 % Gtotal(l=2) ave= 0.000E+00 +/- 0.00 % Gtotal(l=3) ave= 0.000E+00 +/- 0.00 %  % || Gg(l=0) ave= 1.034E+00 +/- 1.88 % Gg(l=1) ave= 4.990E-01 +/- 3.14 % Gg(l=2) ave= 0.000E+00 +/- 0.00 % Gg(l=3) ave= 0.000E+00 +/- 0.00 %  % || D(l=0) ave= 2.017E+04 +/- 0.00 % D(l=1) ave= 5.679E+03 +/- 2.14 % D(l=2) ave= 0.000E+00 +/- 0.00 % D(l=3) ave= 0.000E+00 +/- 0.00 %  % || S(l=0) ave= 5.310E-05 +/- 4.24 % S(l=1) ave= 4.162E-04 +/- 8.91 % S(l=2) ave= 0.000E+00 +/- 0.00 % S(l=3) ave= 0.000E+00 +/- 0.00 % 
 ... random file  38 Cap(th)  ave= 1.454E+00 b. +/- 2.82 % || Ela(th) ave= 8.806E-01 b. +/- 15.78 % || RIcap ave= 1.39E+00 b. +/- 1.36 % || Macs30 ave= 1.64E-02 b. +/- 1.22 % || Gn^0(l=0) ave= 1.850E+00 +/- 3.53 % Gn^0(l=1) ave= 1.176E+01 +/- 8.92 % Gn^0(l=2) ave= 0.000E+00 +/- 0.00 % Gn^0(l=3) ave= 0.000E+00 +/- 0.00 % || Gtotal(l=0) ave= 2.772E+02 +/- 0.00 % Gtotal(l=1) ave= 1.162E+02 +/- 2.24 % Gtotal(l=2) ave= 0.000E+00 +/- 0.00 % Gtotal(l=3) ave= 0.000E+00 +/- 0.00 %  % || Gg(l=0) ave= 1.034E+00 +/- 1.86 % Gg(l=1) ave= 4.988E-01 +/- 3.11 % Gg(l=2) ave= 0.000E+00 +/- 0.00 % Gg(l=3) ave= 0.000E+00 +/- 0.00 %  % || D(l=0) ave= 2.017E+04 +/- 0.00 % D(l=1) ave= 5.675E+03 +/- 2.18 % D(l=2) ave= 0.000E+00 +/- 0.00 % D(l=3) ave= 0.000E+00 +/- 0.00 %  % || S(l=0) ave= 5.309E-05 +/- 4.18 % S(l=1) ave= 4.182E-04 +/- 9.26 % S(l=2) ave= 0.000E+00 +/- 0.00 % S(l=3) ave= 0.000E+00 +/- 0.00 % 
 ... random file  39 Cap(th)  ave= 1.456E+00 b. +/- 2.85 % || Ela(th) ave= 8.818E-01 b. +/- 15.58 % || RIcap ave= 1.39E+00 b. +/- 1.37 % || Macs30 ave= 1.64E-02 b. +/- 1.20 % || Gn^0(l=0) ave= 1.847E+00 +/- 3.60 % Gn^0(l=1) ave= 1.170E+01 +/- 9.34 % Gn^0(l=2) ave= 0.000E+00 +/- 0.00 % Gn^0(l=3) ave= 0.000E+00 +/- 0.00 % || Gtotal(l=0) ave= 2.772E+02 +/- 0.00 % Gtotal(l=1) ave= 1.162E+02 +/- 2.22 % Gtotal(l=2) ave= 0.000E+00 +/- 0.00 % Gtotal(l=3) ave= 0.000E+00 +/- 0.00 %  % || Gg(l=0) ave= 1.034E+00 +/- 1.84 % Gg(l=1) ave= 4.988E-01 +/- 3.07 % Gg(l=2) ave= 0.000E+00 +/- 0.00 % Gg(l=3) ave= 0.000E+00 +/- 0.00 %  % || D(l=0) ave= 2.017E+04 +/- 0.00 % D(l=1) ave= 5.677E+03 +/- 2.16 % D(l=2) ave= 0.000E+00 +/- 0.00 % D(l=3) ave= 0.000E+00 +/- 0.00 %  % || S(l=0) ave= 5.301E-05 +/- 4.25 % S(l=1) ave= 4.159E-04 +/- 9.85 % S(l=2) ave= 0.000E+00 +/- 0.00 % S(l=3) ave= 0.000E+00 +/- 0.00 % 
 ... random file  40 Cap(th)  ave= 1.458E+00 b. +/- 2.92 % || Ela(th) ave= 8.837E-01 b. +/- 15.42 % || RIcap ave= 1.39E+00 b. +/- 1.42 % || Macs30 ave= 1.64E-02 b. +/- 1.20 % || Gn^0(l=0) ave= 1.847E+00 +/- 3.56 % Gn^0(l=1) ave= 1.171E+01 +/- 9.22 % Gn^0(l=2) ave= 0.000E+00 +/- 0.00 % Gn^0(l=3) ave= 0.000E+00 +/- 0.00 % || Gtotal(l=0) ave= 2.772E+02 +/- 0.00 % Gtotal(l=1) ave= 1.161E+02 +/- 2.21 % Gtotal(l=2) ave= 0.000E+00 +/- 0.00 % Gtotal(l=3) ave= 0.000E+00 +/- 0.00 %  % || Gg(l=0) ave= 1.035E+00 +/- 1.82 % Gg(l=1) ave= 4.985E-01 +/- 3.06 % Gg(l=2) ave= 0.000E+00 +/- 0.00 % Gg(l=3) ave= 0.000E+00 +/- 0.00 %  % || D(l=0) ave= 2.017E+04 +/- 0.00 % D(l=1) ave= 5.679E+03 +/- 2.15 % D(l=2) ave= 0.000E+00 +/- 0.00 % D(l=3) ave= 0.000E+00 +/- 0.00 %  % || S(l=0) ave= 5.300E-05 +/- 4.20 % S(l=1) ave= 4.158E-04 +/- 9.74 % S(l=2) ave= 0.000E+00 +/- 0.00 % S(l=3) ave= 0.000E+00 +/- 0.00 % 
 ... random file  41 Cap(th)  ave= 1.456E+00 b. +/- 2.98 % || Ela(th) ave= 8.804E-01 b. +/- 15.48 % || RIcap ave= 1.39E+00 b. +/- 1.46 % || Macs30 ave= 1.64E-02 b. +/- 1.20 % || Gn^0(l=0) ave= 1.846E+00 +/- 3.53 % Gn^0(l=1) ave= 1.170E+01 +/- 9.12 % Gn^0(l=2) ave= 0.000E+00 +/- 0.00 % Gn^0(l=3) ave= 0.000E+00 +/- 0.00 % || Gtotal(l=0) ave= 2.772E+02 +/- 0.00 % Gtotal(l=1) ave= 1.161E+02 +/- 2.20 % Gtotal(l=2) ave= 0.000E+00 +/- 0.00 % Gtotal(l=3) ave= 0.000E+00 +/- 0.00 %  % || Gg(l=0) ave= 1.034E+00 +/- 1.82 % Gg(l=1) ave= 4.981E-01 +/- 3.08 % Gg(l=2) ave= 0.000E+00 +/- 0.00 % Gg(l=3) ave= 0.000E+00 +/- 0.00 %  % || D(l=0) ave= 2.017E+04 +/- 0.00 % D(l=1) ave= 5.681E+03 +/- 2.13 % D(l=2) ave= 0.000E+00 +/- 0.00 % D(l=3) ave= 0.000E+00 +/- 0.00 %  % || S(l=0) ave= 5.296E-05 +/- 4.19 % S(l=1) ave= 4.160E-04 +/- 9.62 % S(l=2) ave= 0.000E+00 +/- 0.00 % S(l=3) ave= 0.000E+00 +/- 0.00 % 
 ... random file  42 Cap(th)  ave= 1.461E+00 b. +/- 3.63 % || Ela(th) ave= 8.978E-01 b. +/- 19.57 % || RIcap ave= 1.39E+00 b. +/- 1.67 % || Macs30 ave= 1.63E-02 b. +/- 1.23 % || Gn^0(l=0) ave= 1.845E+00 +/- 3.49 % Gn^0(l=1) ave= 1.168E+01 +/- 9.11 % Gn^0(l=2) ave= 0.000E+00 +/- 0.00 % Gn^0(l=3) ave= 0.000E+00 +/- 0.00 % || Gtotal(l=0) ave= 2.772E+02 +/- 0.00 % Gtotal(l=1) ave= 1.162E+02 +/- 2.22 % Gtotal(l=2) ave= 0.000E+00 +/- 0.00 % Gtotal(l=3) ave= 0.000E+00 +/- 0.00 %  % || Gg(l=0) ave= 1.033E+00 +/- 1.93 % Gg(l=1) ave= 4.988E-01 +/- 3.18 % Gg(l=2) ave= 0.000E+00 +/- 0.00 % Gg(l=3) ave= 0.000E+00 +/- 0.00 %  % || D(l=0) ave= 2.017E+04 +/- 0.00 % D(l=1) ave= 5.677E+03 +/- 2.16 % D(l=2) ave= 0.000E+00 +/- 0.00 % D(l=3) ave= 0.000E+00 +/- 0.00 %  % || S(l=0) ave= 5.295E-05 +/- 4.14 % S(l=1) ave= 4.160E-04 +/- 9.51 % S(l=2) ave= 0.000E+00 +/- 0.00 % S(l=3) ave= 0.000E+00 +/- 0.00 % 
 ... random file  43 Cap(th)  ave= 1.460E+00 b. +/- 3.60 % || Ela(th) ave= 8.985E-01 b. +/- 19.34 % || RIcap ave= 1.39E+00 b. +/- 1.65 % || Macs30 ave= 1.63E-02 b. +/- 1.24 % || Gn^0(l=0) ave= 1.844E+00 +/- 3.51 % Gn^0(l=1) ave= 1.167E+01 +/- 9.02 % Gn^0(l=2) ave= 0.000E+00 +/- 0.00 % Gn^0(l=3) ave= 0.000E+00 +/- 0.00 % || Gtotal(l=0) ave= 2.772E+02 +/- 0.00 % Gtotal(l=1) ave= 1.163E+02 +/- 2.25 % Gtotal(l=2) ave= 0.000E+00 +/- 0.00 % Gtotal(l=3) ave= 0.000E+00 +/- 0.00 %  % || Gg(l=0) ave= 1.033E+00 +/- 1.91 % Gg(l=1) ave= 4.986E-01 +/- 3.15 % Gg(l=2) ave= 0.000E+00 +/- 0.00 % Gg(l=3) ave= 0.000E+00 +/- 0.00 %  % || D(l=0) ave= 2.017E+04 +/- 0.00 % D(l=1) ave= 5.673E+03 +/- 2.19 % D(l=2) ave= 0.000E+00 +/- 0.00 % D(l=3) ave= 0.000E+00 +/- 0.00 %  % || S(l=0) ave= 5.290E-05 +/- 4.14 % S(l=1) ave= 4.159E-04 +/- 9.40 % S(l=2) ave= 0.000E+00 +/- 0.00 % S(l=3) ave= 0.000E+00 +/- 0.00 % 
 ... random file  44 Cap(th)  ave= 1.460E+00 b. +/- 3.56 % || Ela(th) ave= 8.997E-01 b. +/- 19.12 % || RIcap ave= 1.39E+00 b. +/- 1.64 % || Macs30 ave= 1.63E-02 b. +/- 1.24 % || Gn^0(l=0) ave= 1.847E+00 +/- 3.60 % Gn^0(l=1) ave= 1.171E+01 +/- 9.14 % Gn^0(l=2) ave= 0.000E+00 +/- 0.00 % Gn^0(l=3) ave= 0.000E+00 +/- 0.00 % || Gtotal(l=0) ave= 2.772E+02 +/- 0.00 % Gtotal(l=1) ave= 1.163E+02 +/- 2.27 % Gtotal(l=2) ave= 0.000E+00 +/- 0.00 % Gtotal(l=3) ave= 0.000E+00 +/- 0.00 %  % || Gg(l=0) ave= 1.033E+00 +/- 1.89 % Gg(l=1) ave= 4.991E-01 +/- 3.19 % Gg(l=2) ave= 0.000E+00 +/- 0.00 % Gg(l=3) ave= 0.000E+00 +/- 0.00 %  % || D(l=0) ave= 2.017E+04 +/- 0.00 % D(l=1) ave= 5.669E+03 +/- 2.21 % D(l=2) ave= 0.000E+00 +/- 0.00 % D(l=3) ave= 0.000E+00 +/- 0.00 %  % || S(l=0) ave= 5.300E-05 +/- 4.25 % S(l=1) ave= 4.181E-04 +/- 9.92 % S(l=2) ave= 0.000E+00 +/- 0.00 % S(l=3) ave= 0.000E+00 +/- 0.00 % 
 ... random file  45 Cap(th)  ave= 1.460E+00 b. +/- 3.52 % || Ela(th) ave= 8.995E-01 b. +/- 18.91 % || RIcap ave= 1.39E+00 b. +/- 1.62 % || Macs30 ave= 1.63E-02 b. +/- 1.22 % || Gn^0(l=0) ave= 1.846E+00 +/- 3.58 % Gn^0(l=1) ave= 1.171E+01 +/- 9.04 % Gn^0(l=2) ave= 0.000E+00 +/- 0.00 % Gn^0(l=3) ave= 0.000E+00 +/- 0.00 % || Gtotal(l=0) ave= 2.772E+02 +/- 0.00 % Gtotal(l=1) ave= 1.163E+02 +/- 2.26 % Gtotal(l=2) ave= 0.000E+00 +/- 0.00 % Gtotal(l=3) ave= 0.000E+00 +/- 0.00 %  % || Gg(l=0) ave= 1.033E+00 +/- 1.88 % Gg(l=1) ave= 4.993E-01 +/- 3.16 % Gg(l=2) ave= 0.000E+00 +/- 0.00 % Gg(l=3) ave= 0.000E+00 +/- 0.00 %  % || D(l=0) ave= 2.017E+04 +/- 0.00 % D(l=1) ave= 5.671E+03 +/- 2.20 % D(l=2) ave= 0.000E+00 +/- 0.00 % D(l=3) ave= 0.000E+00 +/- 0.00 %  % || S(l=0) ave= 5.297E-05 +/- 4.23 % S(l=1) ave= 4.174E-04 +/- 9.89 % S(l=2) ave= 0.000E+00 +/- 0.00 % S(l=3) ave= 0.000E+00 +/- 0.00 % 
 ... random file  46 Cap(th)  ave= 1.460E+00 b. +/- 3.49 % || Ela(th) ave= 8.970E-01 b. +/- 18.85 % || RIcap ave= 1.39E+00 b. +/- 1.61 % || Macs30 ave= 1.63E-02 b. +/- 1.22 % || Gn^0(l=0) ave= 1.848E+00 +/- 3.63 % Gn^0(l=1) ave= 1.174E+01 +/- 9.05 % Gn^0(l=2) ave= 0.000E+00 +/- 0.00 % Gn^0(l=3) ave= 0.000E+00 +/- 0.00 % || Gtotal(l=0) ave= 2.772E+02 +/- 0.00 % Gtotal(l=1) ave= 1.164E+02 +/- 2.28 % Gtotal(l=2) ave= 0.000E+00 +/- 0.00 % Gtotal(l=3) ave= 0.000E+00 +/- 0.00 %  % || Gg(l=0) ave= 1.032E+00 +/- 1.92 % Gg(l=1) ave= 5.003E-01 +/- 3.43 % Gg(l=2) ave= 0.000E+00 +/- 0.00 % Gg(l=3) ave= 0.000E+00 +/- 0.00 %  % || D(l=0) ave= 2.017E+04 +/- 0.00 % D(l=1) ave= 5.667E+03 +/- 2.22 % D(l=2) ave= 0.000E+00 +/- 0.00 % D(l=3) ave= 0.000E+00 +/- 0.00 %  % || S(l=0) ave= 5.303E-05 +/- 4.27 % S(l=1) ave= 4.189E-04 +/- 10.03 % S(l=2) ave= 0.000E+00 +/- 0.00 % S(l=3) ave= 0.000E+00 +/- 0.00 % 
 ... random file  47 Cap(th)  ave= 1.459E+00 b. +/- 3.46 % || Ela(th) ave= 8.959E-01 b. +/- 18.70 % || RIcap ave= 1.39E+00 b. +/- 1.59 % || Macs30 ave= 1.63E-02 b. +/- 1.22 % || Gn^0(l=0) ave= 1.847E+00 +/- 3.62 % Gn^0(l=1) ave= 1.170E+01 +/- 9.20 % Gn^0(l=2) ave= 0.000E+00 +/- 0.00 % Gn^0(l=3) ave= 0.000E+00 +/- 0.00 % || Gtotal(l=0) ave= 2.772E+02 +/- 0.00 % Gtotal(l=1) ave= 1.164E+02 +/- 2.29 % Gtotal(l=2) ave= 0.000E+00 +/- 0.00 % Gtotal(l=3) ave= 0.000E+00 +/- 0.00 %  % || Gg(l=0) ave= 1.032E+00 +/- 1.91 % Gg(l=1) ave= 5.006E-01 +/- 3.41 % Gg(l=2) ave= 0.000E+00 +/- 0.00 % Gg(l=3) ave= 0.000E+00 +/- 0.00 %  % || D(l=0) ave= 2.017E+04 +/- 0.00 % D(l=1) ave= 5.664E+03 +/- 2.24 % D(l=2) ave= 0.000E+00 +/- 0.00 % D(l=3) ave= 0.000E+00 +/- 0.00 %  % || S(l=0) ave= 5.299E-05 +/- 4.27 % S(l=1) ave= 4.181E-04 +/- 10.03 % S(l=2) ave= 0.000E+00 +/- 0.00 % S(l=3) ave= 0.000E+00 +/- 0.00 % 
 ... random file  48 Cap(th)  ave= 1.459E+00 b. +/- 3.44 % || Ela(th) ave= 8.944E-01 b. +/- 18.57 % || RIcap ave= 1.39E+00 b. +/- 1.58 % || Macs30 ave= 1.63E-02 b. +/- 1.22 % || Gn^0(l=0) ave= 1.846E+00 +/- 3.60 % Gn^0(l=1) ave= 1.171E+01 +/- 9.11 % Gn^0(l=2) ave= 0.000E+00 +/- 0.00 % Gn^0(l=3) ave= 0.000E+00 +/- 0.00 % || Gtotal(l=0) ave= 2.772E+02 +/- 0.00 % Gtotal(l=1) ave= 1.164E+02 +/- 2.28 % Gtotal(l=2) ave= 0.000E+00 +/- 0.00 % Gtotal(l=3) ave= 0.000E+00 +/- 0.00 %  % || Gg(l=0) ave= 1.032E+00 +/- 1.92 % Gg(l=1) ave= 5.003E-01 +/- 3.40 % Gg(l=2) ave= 0.000E+00 +/- 0.00 % Gg(l=3) ave= 0.000E+00 +/- 0.00 %  % || D(l=0) ave= 2.017E+04 +/- 0.00 % D(l=1) ave= 5.666E+03 +/- 2.23 % D(l=2) ave= 0.000E+00 +/- 0.00 % D(l=3) ave= 0.000E+00 +/- 0.00 %  % || S(l=0) ave= 5.297E-05 +/- 4.23 % S(l=1) ave= 4.185E-04 +/- 9.95 % S(l=2) ave= 0.000E+00 +/- 0.00 % S(l=3) ave= 0.000E+00 +/- 0.00 % 
 ... random file  49 Cap(th)  ave= 1.459E+00 b. +/- 3.40 % || Ela(th) ave= 8.952E-01 b. +/- 18.38 % || RIcap ave= 1.39E+00 b. +/- 1.57 % || Macs30 ave= 1.63E-02 b. +/- 1.20 % || Gn^0(l=0) ave= 1.846E+00 +/- 3.57 % Gn^0(l=1) ave= 1.168E+01 +/- 9.19 % Gn^0(l=2) ave= 0.000E+00 +/- 0.00 % Gn^0(l=3) ave= 0.000E+00 +/- 0.00 % || Gtotal(l=0) ave= 2.772E+02 +/- 0.00 % Gtotal(l=1) ave= 1.165E+02 +/- 2.30 % Gtotal(l=2) ave= 0.000E+00 +/- 0.00 % Gtotal(l=3) ave= 0.000E+00 +/- 0.00 %  % || Gg(l=0) ave= 1.032E+00 +/- 1.90 % Gg(l=1) ave= 5.005E-01 +/- 3.38 % Gg(l=2) ave= 0.000E+00 +/- 0.00 % Gg(l=3) ave= 0.000E+00 +/- 0.00 %  % || D(l=0) ave= 2.017E+04 +/- 0.00 % D(l=1) ave= 5.662E+03 +/- 2.25 % D(l=2) ave= 0.000E+00 +/- 0.00 % D(l=3) ave= 0.000E+00 +/- 0.00 %  % || S(l=0) ave= 5.296E-05 +/- 4.19 % S(l=1) ave= 4.179E-04 +/- 9.92 % S(l=2) ave= 0.000E+00 +/- 0.00 % S(l=3) ave= 0.000E+00 +/- 0.00 % 
 ... random file  50 Cap(th)  ave= 1.458E+00 b. +/- 3.38 % || Ela(th) ave= 8.938E-01 b. +/- 18.26 % || RIcap ave= 1.39E+00 b. +/- 1.56 % || Macs30 ave= 1.63E-02 b. +/- 1.20 % || Gn^0(l=0) ave= 1.847E+00 +/- 3.57 % Gn^0(l=1) ave= 1.168E+01 +/- 9.10 % Gn^0(l=2) ave= 0.000E+00 +/- 0.00 % Gn^0(l=3) ave= 0.000E+00 +/- 0.00 % || Gtotal(l=0) ave= 2.772E+02 +/- 0.00 % Gtotal(l=1) ave= 1.165E+02 +/- 2.31 % Gtotal(l=2) ave= 0.000E+00 +/- 0.00 % Gtotal(l=3) ave= 0.000E+00 +/- 0.00 %  % || Gg(l=0) ave= 1.031E+00 +/- 1.91 % Gg(l=1) ave= 5.006E-01 +/- 3.35 % Gg(l=2) ave= 0.000E+00 +/- 0.00 % Gg(l=3) ave= 0.000E+00 +/- 0.00 %  % || D(l=0) ave= 2.017E+04 +/- 0.00 % D(l=1) ave= 5.659E+03 +/- 2.26 % D(l=2) ave= 0.000E+00 +/- 0.00 % D(l=3) ave= 0.000E+00 +/- 0.00 %  % || S(l=0) ave= 5.300E-05 +/- 4.18 % S(l=1) ave= 4.184E-04 +/- 9.85 % S(l=2) ave= 0.000E+00 +/- 0.00 % S(l=3) ave= 0.000E+00 +/- 0.00 % 
 ... random file  51 Cap(th)  ave= 1.460E+00 b. +/- 3.48 % || Ela(th) ave= 8.992E-01 b. +/- 18.48 % || RIcap ave= 1.39E+00 b. +/- 1.60 % || Macs30 ave= 1.63E-02 b. +/- 1.21 % || Gn^0(l=0) ave= 1.847E+00 +/- 3.54 % Gn^0(l=1) ave= 1.172E+01 +/- 9.36 % Gn^0(l=2) ave= 0.000E+00 +/- 0.00 % Gn^0(l=3) ave= 0.000E+00 +/- 0.00 % || Gtotal(l=0) ave= 2.772E+02 +/- 0.00 % Gtotal(l=1) ave= 1.166E+02 +/- 2.32 % Gtotal(l=2) ave= 0.000E+00 +/- 0.00 % Gtotal(l=3) ave= 0.000E+00 +/- 0.00 %  % || Gg(l=0) ave= 1.032E+00 +/- 1.89 % Gg(l=1) ave= 5.009E-01 +/- 3.34 % Gg(l=2) ave= 0.000E+00 +/- 0.00 % Gg(l=3) ave= 0.000E+00 +/- 0.00 %  % || D(l=0) ave= 2.017E+04 +/- 0.00 % D(l=1) ave= 5.656E+03 +/- 2.27 % D(l=2) ave= 0.000E+00 +/- 0.00 % D(l=3) ave= 0.000E+00 +/- 0.00 %  % || S(l=0) ave= 5.298E-05 +/- 4.15 % S(l=1) ave= 4.200E-04 +/- 10.09 % S(l=2) ave= 0.000E+00 +/- 0.00 % S(l=3) ave= 0.000E+00 +/- 0.00 % 
 ... random file  52 Cap(th)  ave= 1.459E+00 b. +/- 3.51 % || Ela(th) ave= 9.005E-01 b. +/- 18.31 % || RIcap ave= 1.39E+00 b. +/- 1.64 % || Macs30 ave= 1.63E-02 b. +/- 1.25 % || Gn^0(l=0) ave= 1.845E+00 +/- 3.59 % Gn^0(l=1) ave= 1.171E+01 +/- 9.34 % Gn^0(l=2) ave= 0.000E+00 +/- 0.00 % Gn^0(l=3) ave= 0.000E+00 +/- 0.00 % || Gtotal(l=0) ave= 2.772E+02 +/- 0.00 % Gtotal(l=1) ave= 1.166E+02 +/- 2.31 % Gtotal(l=2) ave= 0.000E+00 +/- 0.00 % Gtotal(l=3) ave= 0.000E+00 +/- 0.00 %  % || Gg(l=0) ave= 1.031E+00 +/- 1.88 % Gg(l=1) ave= 5.007E-01 +/- 3.33 % Gg(l=2) ave= 0.000E+00 +/- 0.00 % Gg(l=3) ave= 0.000E+00 +/- 0.00 %  % || D(l=0) ave= 2.017E+04 +/- 0.00 % D(l=1) ave= 5.658E+03 +/- 2.26 % D(l=2) ave= 0.000E+00 +/- 0.00 % D(l=3) ave= 0.000E+00 +/- 0.00 %  % || S(l=0) ave= 5.293E-05 +/- 4.18 % S(l=1) ave= 4.194E-04 +/- 10.07 % S(l=2) ave= 0.000E+00 +/- 0.00 % S(l=3) ave= 0.000E+00 +/- 0.00 % 
 ... random file  53 Cap(th)  ave= 1.461E+00 b. +/- 3.64 % || Ela(th) ave= 9.045E-01 b. +/- 18.35 % || RIcap ave= 1.39E+00 b. +/- 1.74 % || Macs30 ave= 1.63E-02 b. +/- 1.25 % || Gn^0(l=0) ave= 1.847E+00 +/- 3.63 % Gn^0(l=1) ave= 1.174E+01 +/- 9.40 % Gn^0(l=2) ave= 0.000E+00 +/- 0.00 % Gn^0(l=3) ave= 0.000E+00 +/- 0.00 % || Gtotal(l=0) ave= 2.772E+02 +/- 0.00 % Gtotal(l=1) ave= 1.166E+02 +/- 2.32 % Gtotal(l=2) ave= 0.000E+00 +/- 0.00 % Gtotal(l=3) ave= 0.000E+00 +/- 0.00 %  % || Gg(l=0) ave= 1.031E+00 +/- 1.87 % Gg(l=1) ave= 5.013E-01 +/- 3.40 % Gg(l=2) ave= 0.000E+00 +/- 0.00 % Gg(l=3) ave= 0.000E+00 +/- 0.00 %  % || D(l=0) ave= 2.017E+04 +/- 0.00 % D(l=1) ave= 5.655E+03 +/- 2.28 % D(l=2) ave= 0.000E+00 +/- 0.00 % D(l=3) ave= 0.000E+00 +/- 0.00 %  % || S(l=0) ave= 5.299E-05 +/- 4.23 % S(l=1) ave= 4.207E-04 +/- 10.18 % S(l=2) ave= 0.000E+00 +/- 0.00 % S(l=3) ave= 0.000E+00 +/- 0.00 % 
 ... random file  54 Cap(th)  ave= 1.462E+00 b. +/- 3.63 % || Ela(th) ave= 9.060E-01 b. +/- 18.20 % || RIcap ave= 1.39E+00 b. +/- 1.74 % || Macs30 ave= 1.63E-02 b. +/- 1.24 % || Gn^0(l=0) ave= 1.844E+00 +/- 3.73 % Gn^0(l=1) ave= 1.183E+01 +/- 10.95 % Gn^0(l=2) ave= 0.000E+00 +/- 0.00 % Gn^0(l=3) ave= 0.000E+00 +/- 0.00 % || Gtotal(l=0) ave= 2.772E+02 +/- 0.00 % Gtotal(l=1) ave= 1.166E+02 +/- 2.32 % Gtotal(l=2) ave= 0.000E+00 +/- 0.00 % Gtotal(l=3) ave= 0.000E+00 +/- 0.00 %  % || Gg(l=0) ave= 1.031E+00 +/- 1.86 % Gg(l=1) ave= 5.015E-01 +/- 3.37 % Gg(l=2) ave= 0.000E+00 +/- 0.00 % Gg(l=3) ave= 0.000E+00 +/- 0.00 %  % || D(l=0) ave= 2.017E+04 +/- 0.00 % D(l=1) ave= 5.657E+03 +/- 2.27 % D(l=2) ave= 0.000E+00 +/- 0.00 % D(l=3) ave= 0.000E+00 +/- 0.00 %  % || S(l=0) ave= 5.291E-05 +/- 4.34 % S(l=1) ave= 4.233E-04 +/- 11.01 % S(l=2) ave= 0.000E+00 +/- 0.00 % S(l=3) ave= 0.000E+00 +/- 0.00 % 
 ... random file  55 Cap(th)  ave= 1.463E+00 b. +/- 3.61 % || Ela(th) ave= 9.083E-01 b. +/- 18.08 % || RIcap ave= 1.39E+00 b. +/- 1.72 % || Macs30 ave= 1.63E-02 b. +/- 1.26 % || Gn^0(l=0) ave= 1.844E+00 +/- 3.70 % Gn^0(l=1) ave= 1.182E+01 +/- 10.87 % Gn^0(l=2) ave= 0.000E+00 +/- 0.00 % Gn^0(l=3) ave= 0.000E+00 +/- 0.00 % || Gtotal(l=0) ave= 2.772E+02 +/- 0.00 % Gtotal(l=1) ave= 1.165E+02 +/- 2.31 % Gtotal(l=2) ave= 0.000E+00 +/- 0.00 % Gtotal(l=3) ave= 0.000E+00 +/- 0.00 %  % || Gg(l=0) ave= 1.031E+00 +/- 1.86 % Gg(l=1) ave= 5.012E-01 +/- 3.37 % Gg(l=2) ave= 0.000E+00 +/- 0.00 % Gg(l=3) ave= 0.000E+00 +/- 0.00 %  % || D(l=0) ave= 2.017E+04 +/- 0.00 % D(l=1) ave= 5.659E+03 +/- 2.26 % D(l=2) ave= 0.000E+00 +/- 0.00 % D(l=3) ave= 0.000E+00 +/- 0.00 %  % || S(l=0) ave= 5.288E-05 +/- 4.32 % S(l=1) ave= 4.229E-04 +/- 10.94 % S(l=2) ave= 0.000E+00 +/- 0.00 % S(l=3) ave= 0.000E+00 +/- 0.00 % 
 ... random file  56 Cap(th)  ave= 1.462E+00 b. +/- 3.59 % || Ela(th) ave= 9.071E-01 b. +/- 17.98 % || RIcap ave= 1.39E+00 b. +/- 1.72 % || Macs30 ave= 1.63E-02 b. +/- 1.26 % || Gn^0(l=0) ave= 1.842E+00 +/- 3.70 % Gn^0(l=1) ave= 1.183E+01 +/- 10.78 % Gn^0(l=2) ave= 0.000E+00 +/- 0.00 % Gn^0(l=3) ave= 0.000E+00 +/- 0.00 % || Gtotal(l=0) ave= 2.772E+02 +/- 0.00 % Gtotal(l=1) ave= 1.165E+02 +/- 2.30 % Gtotal(l=2) ave= 0.000E+00 +/- 0.00 % Gtotal(l=3) ave= 0.000E+00 +/- 0.00 %  % || Gg(l=0) ave= 1.031E+00 +/- 1.85 % Gg(l=1) ave= 5.011E-01 +/- 3.34 % Gg(l=2) ave= 0.000E+00 +/- 0.00 % Gg(l=3) ave= 0.000E+00 +/- 0.00 %  % || D(l=0) ave= 2.017E+04 +/- 0.00 % D(l=1) ave= 5.661E+03 +/- 2.25 % D(l=2) ave= 0.000E+00 +/- 0.00 % D(l=3) ave= 0.000E+00 +/- 0.00 %  % || S(l=0) ave= 5.284E-05 +/- 4.33 % S(l=1) ave= 4.229E-04 +/- 10.85 % S(l=2) ave= 0.000E+00 +/- 0.00 % S(l=3) ave= 0.000E+00 +/- 0.00 % 
 ... random file  57 Cap(th)  ave= 1.461E+00 b. +/- 3.59 % || Ela(th) ave= 9.044E-01 b. +/- 18.01 % || RIcap ave= 1.39E+00 b. +/- 1.72 % || Macs30 ave= 1.63E-02 b. +/- 1.25 % || Gn^0(l=0) ave= 1.841E+00 +/- 3.71 % Gn^0(l=1) ave= 1.186E+01 +/- 10.84 % Gn^0(l=2) ave= 0.000E+00 +/- 0.00 % Gn^0(l=3) ave= 0.000E+00 +/- 0.00 % || Gtotal(l=0) ave= 2.772E+02 +/- 0.00 % Gtotal(l=1) ave= 1.165E+02 +/- 2.30 % Gtotal(l=2) ave= 0.000E+00 +/- 0.00 % Gtotal(l=3) ave= 0.000E+00 +/- 0.00 %  % || Gg(l=0) ave= 1.030E+00 +/- 1.84 % Gg(l=1) ave= 5.009E-01 +/- 3.34 % Gg(l=2) ave= 0.000E+00 +/- 0.00 % Gg(l=3) ave= 0.000E+00 +/- 0.00 %  % || D(l=0) ave= 2.017E+04 +/- 0.00 % D(l=1) ave= 5.663E+03 +/- 2.24 % D(l=2) ave= 0.000E+00 +/- 0.00 % D(l=3) ave= 0.000E+00 +/- 0.00 %  % || S(l=0) ave= 5.280E-05 +/- 4.34 % S(l=1) ave= 4.233E-04 +/- 10.77 % S(l=2) ave= 0.000E+00 +/- 0.00 % S(l=3) ave= 0.000E+00 +/- 0.00 % 
 ... random file  58 Cap(th)  ave= 1.462E+00 b. +/- 3.57 % || Ela(th) ave= 9.038E-01 b. +/- 17.88 % || RIcap ave= 1.39E+00 b. +/- 1.71 % || Macs30 ave= 1.63E-02 b. +/- 1.24 % || Gn^0(l=0) ave= 1.842E+00 +/- 3.68 % Gn^0(l=1) ave= 1.188E+01 +/- 10.79 % Gn^0(l=2) ave= 0.000E+00 +/- 0.00 % Gn^0(l=3) ave= 0.000E+00 +/- 0.00 % || Gtotal(l=0) ave= 2.772E+02 +/- 0.00 % Gtotal(l=1) ave= 1.164E+02 +/- 2.29 % Gtotal(l=2) ave= 0.000E+00 +/- 0.00 % Gtotal(l=3) ave= 0.000E+00 +/- 0.00 %  % || Gg(l=0) ave= 1.031E+00 +/- 1.87 % Gg(l=1) ave= 5.007E-01 +/- 3.32 % Gg(l=2) ave= 0.000E+00 +/- 0.00 % Gg(l=3) ave= 0.000E+00 +/- 0.00 %  % || D(l=0) ave= 2.017E+04 +/- 0.00 % D(l=1) ave= 5.664E+03 +/- 2.24 % D(l=2) ave= 0.000E+00 +/- 0.00 % D(l=3) ave= 0.000E+00 +/- 0.00 %  % || S(l=0) ave= 5.282E-05 +/- 4.31 % S(l=1) ave= 4.235E-04 +/- 10.68 % S(l=2) ave= 0.000E+00 +/- 0.00 % S(l=3) ave= 0.000E+00 +/- 0.00 % 
 ... random file  59 Cap(th)  ave= 1.463E+00 b. +/- 3.57 % || Ela(th) ave= 9.103E-01 b. +/- 18.44 % || RIcap ave= 1.39E+00 b. +/- 1.70 % || Macs30 ave= 1.63E-02 b. +/- 1.25 % || Gn^0(l=0) ave= 1.843E+00 +/- 3.69 % Gn^0(l=1) ave= 1.187E+01 +/- 10.71 % Gn^0(l=2) ave= 0.000E+00 +/- 0.00 % Gn^0(l=3) ave= 0.000E+00 +/- 0.00 % || Gtotal(l=0) ave= 2.772E+02 +/- 0.00 % Gtotal(l=1) ave= 1.164E+02 +/- 2.28 % Gtotal(l=2) ave= 0.000E+00 +/- 0.00 % Gtotal(l=3) ave= 0.000E+00 +/- 0.00 %  % || Gg(l=0) ave= 1.030E+00 +/- 1.92 % Gg(l=1) ave= 5.006E-01 +/- 3.30 % Gg(l=2) ave= 0.000E+00 +/- 0.00 % Gg(l=3) ave= 0.000E+00 +/- 0.00 %  % || D(l=0) ave= 2.017E+04 +/- 0.00 % D(l=1) ave= 5.666E+03 +/- 2.23 % D(l=2) ave= 0.000E+00 +/- 0.00 % D(l=3) ave= 0.000E+00 +/- 0.00 %  % || S(l=0) ave= 5.286E-05 +/- 4.31 % S(l=1) ave= 4.229E-04 +/- 10.67 % S(l=2) ave= 0.000E+00 +/- 0.00 % S(l=3) ave= 0.000E+00 +/- 0.00 % 
 ... random file  60 Cap(th)  ave= 1.463E+00 b. +/- 3.54 % || Ela(th) ave= 9.081E-01 b. +/- 18.44 % || RIcap ave= 1.39E+00 b. +/- 1.69 % || Macs30 ave= 1.63E-02 b. +/- 1.24 % || Gn^0(l=0) ave= 1.841E+00 +/- 3.73 % Gn^0(l=1) ave= 1.188E+01 +/- 10.65 % Gn^0(l=2) ave= 0.000E+00 +/- 0.00 % Gn^0(l=3) ave= 0.000E+00 +/- 0.00 % || Gtotal(l=0) ave= 2.772E+02 +/- 0.00 % Gtotal(l=1) ave= 1.164E+02 +/- 2.28 % Gtotal(l=2) ave= 0.000E+00 +/- 0.00 % Gtotal(l=3) ave= 0.000E+00 +/- 0.00 %  % || Gg(l=0) ave= 1.030E+00 +/- 1.93 % Gg(l=1) ave= 5.006E-01 +/- 3.27 % Gg(l=2) ave= 0.000E+00 +/- 0.00 % Gg(l=3) ave= 0.000E+00 +/- 0.00 %  % || D(l=0) ave= 2.017E+04 +/- 0.00 % D(l=1) ave= 5.667E+03 +/- 2.22 % D(l=2) ave= 0.000E+00 +/- 0.00 % D(l=3) ave= 0.000E+00 +/- 0.00 %  % || S(l=0) ave= 5.280E-05 +/- 4.35 % S(l=1) ave= 4.232E-04 +/- 10.59 % S(l=2) ave= 0.000E+00 +/- 0.00 % S(l=3) ave= 0.000E+00 +/- 0.00 % 
 ... random file  61 Cap(th)  ave= 1.465E+00 b. +/- 3.62 % || Ela(th) ave= 9.132E-01 b. +/- 18.70 % || RIcap ave= 1.39E+00 b. +/- 1.70 % || Macs30 ave= 1.63E-02 b. +/- 1.25 % || Gn^0(l=0) ave= 1.850E+00 +/- 5.05 % Gn^0(l=1) ave= 1.187E+01 +/- 10.60 % Gn^0(l=2) ave= 0.000E+00 +/- 0.00 % Gn^0(l=3) ave= 0.000E+00 +/- 0.00 % || Gtotal(l=0) ave= 2.772E+02 +/- 0.00 % Gtotal(l=1) ave= 1.163E+02 +/- 2.27 % Gtotal(l=2) ave= 0.000E+00 +/- 0.00 % Gtotal(l=3) ave= 0.000E+00 +/- 0.00 %  % || Gg(l=0) ave= 1.030E+00 +/- 1.92 % Gg(l=1) ave= 5.005E-01 +/- 3.24 % Gg(l=2) ave= 0.000E+00 +/- 0.00 % Gg(l=3) ave= 0.000E+00 +/- 0.00 %  % || D(l=0) ave= 2.017E+04 +/- 0.00 % D(l=1) ave= 5.669E+03 +/- 2.21 % D(l=2) ave= 0.000E+00 +/- 0.00 % D(l=3) ave= 0.000E+00 +/- 0.00 %  % || S(l=0) ave= 5.310E-05 +/- 6.11 % S(l=1) ave= 4.225E-04 +/- 10.60 % S(l=2) ave= 0.000E+00 +/- 0.00 % S(l=3) ave= 0.000E+00 +/- 0.00 % 
 ... random file  62 Cap(th)  ave= 1.462E+00 b. +/- 3.80 % || Ela(th) ave= 9.073E-01 b. +/- 19.35 % || RIcap ave= 1.39E+00 b. +/- 1.78 % || Macs30 ave= 1.63E-02 b. +/- 1.26 % || Gn^0(l=0) ave= 1.850E+00 +/- 5.01 % Gn^0(l=1) ave= 1.189E+01 +/- 10.58 % Gn^0(l=2) ave= 0.000E+00 +/- 0.00 % Gn^0(l=3) ave= 0.000E+00 +/- 0.00 % || Gtotal(l=0) ave= 2.772E+02 +/- 0.00 % Gtotal(l=1) ave= 1.164E+02 +/- 2.28 % Gtotal(l=2) ave= 0.000E+00 +/- 0.00 % Gtotal(l=3) ave= 0.000E+00 +/- 0.00 %  % || Gg(l=0) ave= 1.029E+00 +/- 1.95 % Gg(l=1) ave= 5.008E-01 +/- 3.25 % Gg(l=2) ave= 0.000E+00 +/- 0.00 % Gg(l=3) ave= 0.000E+00 +/- 0.00 %  % || D(l=0) ave= 2.017E+04 +/- 0.00 % D(l=1) ave= 5.666E+03 +/- 2.23 % D(l=2) ave= 0.000E+00 +/- 0.00 % D(l=3) ave= 0.000E+00 +/- 0.00 %  % || S(l=0) ave= 5.311E-05 +/- 6.06 % S(l=1) ave= 4.233E-04 +/- 10.61 % S(l=2) ave= 0.000E+00 +/- 0.00 % S(l=3) ave= 0.000E+00 +/- 0.00 % 
 ... random file  63 Cap(th)  ave= 1.463E+00 b. +/- 3.77 % || Ela(th) ave= 9.107E-01 b. +/- 19.36 % || RIcap ave= 1.39E+00 b. +/- 1.77 % || Macs30 ave= 1.63E-02 b. +/- 1.25 % || Gn^0(l=0) ave= 1.850E+00 +/- 4.98 % Gn^0(l=1) ave= 1.189E+01 +/- 10.50 % Gn^0(l=2) ave= 0.000E+00 +/- 0.00 % Gn^0(l=3) ave= 0.000E+00 +/- 0.00 % || Gtotal(l=0) ave= 2.772E+02 +/- 0.00 % Gtotal(l=1) ave= 1.164E+02 +/- 2.29 % Gtotal(l=2) ave= 0.000E+00 +/- 0.00 % Gtotal(l=3) ave= 0.000E+00 +/- 0.00 %  % || Gg(l=0) ave= 1.029E+00 +/- 1.94 % Gg(l=1) ave= 5.008E-01 +/- 3.22 % Gg(l=2) ave= 0.000E+00 +/- 0.00 % Gg(l=3) ave= 0.000E+00 +/- 0.00 %  % || D(l=0) ave= 2.017E+04 +/- 0.00 % D(l=1) ave= 5.664E+03 +/- 2.24 % D(l=2) ave= 0.000E+00 +/- 0.00 % D(l=3) ave= 0.000E+00 +/- 0.00 %  % || S(l=0) ave= 5.315E-05 +/- 6.04 % S(l=1) ave= 4.234E-04 +/- 10.53 % S(l=2) ave= 0.000E+00 +/- 0.00 % S(l=3) ave= 0.000E+00 +/- 0.00 % 
 ... random file  64 Cap(th)  ave= 1.461E+00 b. +/- 3.80 % || Ela(th) ave= 9.084E-01 b. +/- 19.36 % || RIcap ave= 1.39E+00 b. +/- 1.78 % || Macs30 ave= 1.63E-02 b. +/- 1.24 % || Gn^0(l=0) ave= 1.849E+00 +/- 4.97 % Gn^0(l=1) ave= 1.186E+01 +/- 10.59 % Gn^0(l=2) ave= 0.000E+00 +/- 0.00 % Gn^0(l=3) ave= 0.000E+00 +/- 0.00 % || Gtotal(l=0) ave= 2.772E+02 +/- 0.00 % Gtotal(l=1) ave= 1.165E+02 +/- 2.30 % Gtotal(l=2) ave= 0.000E+00 +/- 0.00 % Gtotal(l=3) ave= 0.000E+00 +/- 0.00 %  % || Gg(l=0) ave= 1.029E+00 +/- 1.93 % Gg(l=1) ave= 5.010E-01 +/- 3.21 % Gg(l=2) ave= 0.000E+00 +/- 0.00 % Gg(l=3) ave= 0.000E+00 +/- 0.00 %  % || D(l=0) ave= 2.017E+04 +/- 0.00 % D(l=1) ave= 5.661E+03 +/- 2.25 % D(l=2) ave= 0.000E+00 +/- 0.00 % D(l=3) ave= 0.000E+00 +/- 0.00 %  % || S(l=0) ave= 5.310E-05 +/- 6.03 % S(l=1) ave= 4.227E-04 +/- 10.57 % S(l=2) ave= 0.000E+00 +/- 0.00 % S(l=3) ave= 0.000E+00 +/- 0.00 % 
 ... random file  65 Cap(th)  ave= 1.461E+00 b. +/- 3.77 % || Ela(th) ave= 9.062E-01 b. +/- 19.36 % || RIcap ave= 1.39E+00 b. +/- 1.76 % || Macs30 ave= 1.63E-02 b. +/- 1.23 % || Gn^0(l=0) ave= 1.848E+00 +/- 4.96 % Gn^0(l=1) ave= 1.187E+01 +/- 10.52 % Gn^0(l=2) ave= 0.000E+00 +/- 0.00 % Gn^0(l=3) ave= 0.000E+00 +/- 0.00 % || Gtotal(l=0) ave= 2.772E+02 +/- 0.00 % Gtotal(l=1) ave= 1.165E+02 +/- 2.31 % Gtotal(l=2) ave= 0.000E+00 +/- 0.00 % Gtotal(l=3) ave= 0.000E+00 +/- 0.00 %  % || Gg(l=0) ave= 1.029E+00 +/- 1.95 % Gg(l=1) ave= 5.013E-01 +/- 3.21 % Gg(l=2) ave= 0.000E+00 +/- 0.00 % Gg(l=3) ave= 0.000E+00 +/- 0.00 %  % || D(l=0) ave= 2.017E+04 +/- 0.00 % D(l=1) ave= 5.659E+03 +/- 2.26 % D(l=2) ave= 0.000E+00 +/- 0.00 % D(l=3) ave= 0.000E+00 +/- 0.00 %  % || S(l=0) ave= 5.306E-05 +/- 6.02 % S(l=1) ave= 4.235E-04 +/- 10.59 % S(l=2) ave= 0.000E+00 +/- 0.00 % S(l=3) ave= 0.000E+00 +/- 0.00 % 
 ... random file  66 Cap(th)  ave= 1.460E+00 b. +/- 3.78 % || Ela(th) ave= 9.045E-01 b. +/- 19.32 % || RIcap ave= 1.39E+00 b. +/- 1.77 % || Macs30 ave= 1.63E-02 b. +/- 1.24 % || Gn^0(l=0) ave= 1.847E+00 +/- 4.96 % Gn^0(l=1) ave= 1.184E+01 +/- 10.63 % Gn^0(l=2) ave= 0.000E+00 +/- 0.00 % Gn^0(l=3) ave= 0.000E+00 +/- 0.00 % || Gtotal(l=0) ave= 2.772E+02 +/- 0.00 % Gtotal(l=1) ave= 1.166E+02 +/- 2.32 % Gtotal(l=2) ave= 0.000E+00 +/- 0.00 % Gtotal(l=3) ave= 0.000E+00 +/- 0.00 %  % || Gg(l=0) ave= 1.028E+00 +/- 1.97 % Gg(l=1) ave= 5.013E-01 +/- 3.19 % Gg(l=2) ave= 0.000E+00 +/- 0.00 % Gg(l=3) ave= 0.000E+00 +/- 0.00 %  % || D(l=0) ave= 2.017E+04 +/- 0.00 % D(l=1) ave= 5.656E+03 +/- 2.27 % D(l=2) ave= 0.000E+00 +/- 0.00 % D(l=3) ave= 0.000E+00 +/- 0.00 %  % || S(l=0) ave= 5.302E-05 +/- 6.02 % S(l=1) ave= 4.228E-04 +/- 10.60 % S(l=2) ave= 0.000E+00 +/- 0.00 % S(l=3) ave= 0.000E+00 +/- 0.00 % 
 ... random file  67 Cap(th)  ave= 1.462E+00 b. +/- 3.87 % || Ela(th) ave= 9.099E-01 b. +/- 19.67 % || RIcap ave= 1.39E+00 b. +/- 1.82 % || Macs30 ave= 1.63E-02 b. +/- 1.24 % || Gn^0(l=0) ave= 1.846E+00 +/- 4.94 % Gn^0(l=1) ave= 1.183E+01 +/- 10.58 % Gn^0(l=2) ave= 0.000E+00 +/- 0.00 % Gn^0(l=3) ave= 0.000E+00 +/- 0.00 % || Gtotal(l=0) ave= 2.772E+02 +/- 0.00 % Gtotal(l=1) ave= 1.166E+02 +/- 2.31 % Gtotal(l=2) ave= 0.000E+00 +/- 0.00 % Gtotal(l=3) ave= 0.000E+00 +/- 0.00 %  % || Gg(l=0) ave= 1.029E+00 +/- 1.96 % Gg(l=1) ave= 5.012E-01 +/- 3.17 % Gg(l=2) ave= 0.000E+00 +/- 0.00 % Gg(l=3) ave= 0.000E+00 +/- 0.00 %  % || D(l=0) ave= 2.017E+04 +/- 0.00 % D(l=1) ave= 5.658E+03 +/- 2.26 % D(l=2) ave= 0.000E+00 +/- 0.00 % D(l=3) ave= 0.000E+00 +/- 0.00 %  % || S(l=0) ave= 5.299E-05 +/- 6.00 % S(l=1) ave= 4.224E-04 +/- 10.56 % S(l=2) ave= 0.000E+00 +/- 0.00 % S(l=3) ave= 0.000E+00 +/- 0.00 % 
 ... random file  68 Cap(th)  ave= 1.461E+00 b. +/- 3.89 % || Ela(th) ave= 9.071E-01 b. +/- 19.75 % || RIcap ave= 1.39E+00 b. +/- 1.83 % || Macs30 ave= 1.63E-02 b. +/- 1.24 % || Gn^0(l=0) ave= 1.846E+00 +/- 4.90 % Gn^0(l=1) ave= 1.184E+01 +/- 10.50 % Gn^0(l=2) ave= 0.000E+00 +/- 0.00 % Gn^0(l=3) ave= 0.000E+00 +/- 0.00 % || Gtotal(l=0) ave= 2.772E+02 +/- 0.00 % Gtotal(l=1) ave= 1.165E+02 +/- 2.31 % Gtotal(l=2) ave= 0.000E+00 +/- 0.00 % Gtotal(l=3) ave= 0.000E+00 +/- 0.00 %  % || Gg(l=0) ave= 1.028E+00 +/- 1.99 % Gg(l=1) ave= 5.011E-01 +/- 3.15 % Gg(l=2) ave= 0.000E+00 +/- 0.00 % Gg(l=3) ave= 0.000E+00 +/- 0.00 %  % || D(l=0) ave= 2.017E+04 +/- 0.00 % D(l=1) ave= 5.659E+03 +/- 2.26 % D(l=2) ave= 0.000E+00 +/- 0.00 % D(l=3) ave= 0.000E+00 +/- 0.00 %  % || S(l=0) ave= 5.298E-05 +/- 5.96 % S(l=1) ave= 4.223E-04 +/- 10.49 % S(l=2) ave= 0.000E+00 +/- 0.00 % S(l=3) ave= 0.000E+00 +/- 0.00 % 
 ... random file  69 Cap(th)  ave= 1.461E+00 b. +/- 3.86 % || Ela(th) ave= 9.091E-01 b. +/- 19.65 % || RIcap ave= 1.39E+00 b. +/- 1.81 % || Macs30 ave= 1.63E-02 b. +/- 1.23 % || Gn^0(l=0) ave= 1.844E+00 +/- 4.90 % Gn^0(l=1) ave= 1.183E+01 +/- 10.44 % Gn^0(l=2) ave= 0.000E+00 +/- 0.00 % Gn^0(l=3) ave= 0.000E+00 +/- 0.00 % || Gtotal(l=0) ave= 2.772E+02 +/- 0.00 % Gtotal(l=1) ave= 1.165E+02 +/- 2.30 % Gtotal(l=2) ave= 0.000E+00 +/- 0.00 % Gtotal(l=3) ave= 0.000E+00 +/- 0.00 %  % || Gg(l=0) ave= 1.028E+00 +/- 1.98 % Gg(l=1) ave= 5.006E-01 +/- 3.22 % Gg(l=2) ave= 0.000E+00 +/- 0.00 % Gg(l=3) ave= 0.000E+00 +/- 0.00 %  % || D(l=0) ave= 2.017E+04 +/- 0.00 % D(l=1) ave= 5.661E+03 +/- 2.25 % D(l=2) ave= 0.000E+00 +/- 0.00 % D(l=3) ave= 0.000E+00 +/- 0.00 %  % || S(l=0) ave= 5.294E-05 +/- 5.96 % S(l=1) ave= 4.218E-04 +/- 10.48 % S(l=2) ave= 0.000E+00 +/- 0.00 % S(l=3) ave= 0.000E+00 +/- 0.00 % 
 ... random file  70 Cap(th)  ave= 1.462E+00 b. +/- 3.86 % || Ela(th) ave= 9.126E-01 b. +/- 19.71 % || RIcap ave= 1.39E+00 b. +/- 1.81 % || Macs30 ave= 1.63E-02 b. +/- 1.22 % || Gn^0(l=0) ave= 1.845E+00 +/- 4.87 % Gn^0(l=1) ave= 1.181E+01 +/- 10.50 % Gn^0(l=2) ave= 0.000E+00 +/- 0.00 % Gn^0(l=3) ave= 0.000E+00 +/- 0.00 % || Gtotal(l=0) ave= 2.772E+02 +/- 0.00 % Gtotal(l=1) ave= 1.165E+02 +/- 2.31 % Gtotal(l=2) ave= 0.000E+00 +/- 0.00 % Gtotal(l=3) ave= 0.000E+00 +/- 0.00 %  % || Gg(l=0) ave= 1.028E+00 +/- 1.97 % Gg(l=1) ave= 5.009E-01 +/- 3.23 % Gg(l=2) ave= 0.000E+00 +/- 0.00 % Gg(l=3) ave= 0.000E+00 +/- 0.00 %  % || D(l=0) ave= 2.017E+04 +/- 0.00 % D(l=1) ave= 5.659E+03 +/- 2.26 % D(l=2) ave= 0.000E+00 +/- 0.00 % D(l=3) ave= 0.000E+00 +/- 0.00 %  % || S(l=0) ave= 5.294E-05 +/- 5.92 % S(l=1) ave= 4.213E-04 +/- 10.47 % S(l=2) ave= 0.000E+00 +/- 0.00 % S(l=3) ave= 0.000E+00 +/- 0.00 % 
 ... random file  71 Cap(th)  ave= 1.461E+00 b. +/- 3.89 % || Ela(th) ave= 9.108E-01 b. +/- 19.68 % || RIcap ave= 1.39E+00 b. +/- 1.83 % || Macs30 ave= 1.63E-02 b. +/- 1.22 % || Gn^0(l=0) ave= 1.846E+00 +/- 4.85 % Gn^0(l=1) ave= 1.178E+01 +/- 10.62 % Gn^0(l=2) ave= 0.000E+00 +/- 0.00 % Gn^0(l=3) ave= 0.000E+00 +/- 0.00 % || Gtotal(l=0) ave= 2.772E+02 +/- 0.00 % Gtotal(l=1) ave= 1.166E+02 +/- 2.32 % Gtotal(l=2) ave= 0.000E+00 +/- 0.00 % Gtotal(l=3) ave= 0.000E+00 +/- 0.00 %  % || Gg(l=0) ave= 1.028E+00 +/- 1.98 % Gg(l=1) ave= 5.016E-01 +/- 3.37 % Gg(l=2) ave= 0.000E+00 +/- 0.00 % Gg(l=3) ave= 0.000E+00 +/- 0.00 %  % || D(l=0) ave= 2.017E+04 +/- 0.00 % D(l=1) ave= 5.656E+03 +/- 2.27 % D(l=2) ave= 0.000E+00 +/- 0.00 % D(l=3) ave= 0.000E+00 +/- 0.00 %  % || S(l=0) ave= 5.296E-05 +/- 5.88 % S(l=1) ave= 4.206E-04 +/- 10.51 % S(l=2) ave= 0.000E+00 +/- 0.00 % S(l=3) ave= 0.000E+00 +/- 0.00 % 
 ... random file  72 Cap(th)  ave= 1.461E+00 b. +/- 3.86 % || Ela(th) ave= 9.102E-01 b. +/- 19.57 % || RIcap ave= 1.39E+00 b. +/- 1.82 % || Macs30 ave= 1.63E-02 b. +/- 1.21 % || Gn^0(l=0) ave= 1.844E+00 +/- 4.85 % Gn^0(l=1) ave= 1.178E+01 +/- 10.55 % Gn^0(l=2) ave= 0.000E+00 +/- 0.00 % Gn^0(l=3) ave= 0.000E+00 +/- 0.00 % || Gtotal(l=0) ave= 2.772E+02 +/- 0.00 % Gtotal(l=1) ave= 1.166E+02 +/- 2.32 % Gtotal(l=2) ave= 0.000E+00 +/- 0.00 % Gtotal(l=3) ave= 0.000E+00 +/- 0.00 %  % || Gg(l=0) ave= 1.027E+00 +/- 1.97 % Gg(l=1) ave= 5.014E-01 +/- 3.36 % Gg(l=2) ave= 0.000E+00 +/- 0.00 % Gg(l=3) ave= 0.000E+00 +/- 0.00 %  % || D(l=0) ave= 2.017E+04 +/- 0.00 % D(l=1) ave= 5.658E+03 +/- 2.27 % D(l=2) ave= 0.000E+00 +/- 0.00 % D(l=3) ave= 0.000E+00 +/- 0.00 %  % || S(l=0) ave= 5.292E-05 +/- 5.88 % S(l=1) ave= 4.205E-04 +/- 10.44 % S(l=2) ave= 0.000E+00 +/- 0.00 % S(l=3) ave= 0.000E+00 +/- 0.00 % 
 ... random file  73 Cap(th)  ave= 1.461E+00 b. +/- 3.86 % || Ela(th) ave= 9.123E-01 b. +/- 19.49 % || RIcap ave= 1.39E+00 b. +/- 1.81 % || Macs30 ave= 1.63E-02 b. +/- 1.21 % || Gn^0(l=0) ave= 1.844E+00 +/- 4.82 % Gn^0(l=1) ave= 1.177E+01 +/- 10.56 % Gn^0(l=2) ave= 0.000E+00 +/- 0.00 % Gn^0(l=3) ave= 0.000E+00 +/- 0.00 % || Gtotal(l=0) ave= 2.772E+02 +/- 0.00 % Gtotal(l=1) ave= 1.166E+02 +/- 2.32 % Gtotal(l=2) ave= 0.000E+00 +/- 0.00 % Gtotal(l=3) ave= 0.000E+00 +/- 0.00 %  % || Gg(l=0) ave= 1.027E+00 +/- 1.97 % Gg(l=1) ave= 5.015E-01 +/- 3.34 % Gg(l=2) ave= 0.000E+00 +/- 0.00 % Gg(l=3) ave= 0.000E+00 +/- 0.00 %  % || D(l=0) ave= 2.017E+04 +/- 0.00 % D(l=1) ave= 5.656E+03 +/- 2.27 % D(l=2) ave= 0.000E+00 +/- 0.00 % D(l=3) ave= 0.000E+00 +/- 0.00 %  % || S(l=0) ave= 5.291E-05 +/- 5.84 % S(l=1) ave= 4.201E-04 +/- 10.41 % S(l=2) ave= 0.000E+00 +/- 0.00 % S(l=3) ave= 0.000E+00 +/- 0.00 % 
 ... random file  74 Cap(th)  ave= 1.461E+00 b. +/- 3.84 % || Ela(th) ave= 9.094E-01 b. +/- 19.62 % || RIcap ave= 1.39E+00 b. +/- 1.80 % || Macs30 ave= 1.63E-02 b. +/- 1.22 % || Gn^0(l=0) ave= 1.844E+00 +/- 4.79 % Gn^0(l=1) ave= 1.180E+01 +/- 10.71 % Gn^0(l=2) ave= 0.000E+00 +/- 0.00 % Gn^0(l=3) ave= 0.000E+00 +/- 0.00 % || Gtotal(l=0) ave= 2.772E+02 +/- 0.00 % Gtotal(l=1) ave= 1.167E+02 +/- 2.33 % Gtotal(l=2) ave= 0.000E+00 +/- 0.00 % Gtotal(l=3) ave= 0.000E+00 +/- 0.00 %  % || Gg(l=0) ave= 1.028E+00 +/- 1.98 % Gg(l=1) ave= 5.017E-01 +/- 3.35 % Gg(l=2) ave= 0.000E+00 +/- 0.00 % Gg(l=3) ave= 0.000E+00 +/- 0.00 %  % || D(l=0) ave= 2.017E+04 +/- 0.00 % D(l=1) ave= 5.654E+03 +/- 2.28 % D(l=2) ave= 0.000E+00 +/- 0.00 % D(l=3) ave= 0.000E+00 +/- 0.00 %  % || S(l=0) ave= 5.291E-05 +/- 5.80 % S(l=1) ave= 4.213E-04 +/- 10.59 % S(l=2) ave= 0.000E+00 +/- 0.00 % S(l=3) ave= 0.000E+00 +/- 0.00 % 
 ... random file  75 Cap(th)  ave= 1.461E+00 b. +/- 3.82 % || Ela(th) ave= 9.085E-01 b. +/- 19.53 % || RIcap ave= 1.39E+00 b. +/- 1.79 % || Macs30 ave= 1.63E-02 b. +/- 1.22 % || Gn^0(l=0) ave= 1.844E+00 +/- 4.77 % Gn^0(l=1) ave= 1.179E+01 +/- 10.66 % Gn^0(l=2) ave= 0.000E+00 +/- 0.00 % Gn^0(l=3) ave= 0.000E+00 +/- 0.00 % || Gtotal(l=0) ave= 2.772E+02 +/- 0.00 % Gtotal(l=1) ave= 1.167E+02 +/- 2.33 % Gtotal(l=2) ave= 0.000E+00 +/- 0.00 % Gtotal(l=3) ave= 0.000E+00 +/- 0.00 %  % || Gg(l=0) ave= 1.028E+00 +/- 1.96 % Gg(l=1) ave= 5.021E-01 +/- 3.38 % Gg(l=2) ave= 0.000E+00 +/- 0.00 % Gg(l=3) ave= 0.000E+00 +/- 0.00 %  % || D(l=0) ave= 2.017E+04 +/- 0.00 % D(l=1) ave= 5.652E+03 +/- 2.29 % D(l=2) ave= 0.000E+00 +/- 0.00 % D(l=3) ave= 0.000E+00 +/- 0.00 %  % || S(l=0) ave= 5.288E-05 +/- 5.79 % S(l=1) ave= 4.214E-04 +/- 10.52 % S(l=2) ave= 0.000E+00 +/- 0.00 % S(l=3) ave= 0.000E+00 +/- 0.00 % 
 ... random file  76 Cap(th)  ave= 1.462E+00 b. +/- 3.82 % || Ela(th) ave= 9.101E-01 b. +/- 19.43 % || RIcap ave= 1.39E+00 b. +/- 1.79 % || Macs30 ave= 1.63E-02 b. +/- 1.21 % || Gn^0(l=0) ave= 1.844E+00 +/- 4.74 % Gn^0(l=1) ave= 1.179E+01 +/- 10.60 % Gn^0(l=2) ave= 0.000E+00 +/- 0.00 % Gn^0(l=3) ave= 0.000E+00 +/- 0.00 % || Gtotal(l=0) ave= 2.772E+02 +/- 0.00 % Gtotal(l=1) ave= 1.167E+02 +/- 2.33 % Gtotal(l=2) ave= 0.000E+00 +/- 0.00 % Gtotal(l=3) ave= 0.000E+00 +/- 0.00 %  % || Gg(l=0) ave= 1.028E+00 +/- 1.95 % Gg(l=1) ave= 5.018E-01 +/- 3.39 % Gg(l=2) ave= 0.000E+00 +/- 0.00 % Gg(l=3) ave= 0.000E+00 +/- 0.00 %  % || D(l=0) ave= 2.017E+04 +/- 0.00 % D(l=1) ave= 5.653E+03 +/- 2.28 % D(l=2) ave= 0.000E+00 +/- 0.00 % D(l=3) ave= 0.000E+00 +/- 0.00 %  % || S(l=0) ave= 5.289E-05 +/- 5.76 % S(l=1) ave= 4.210E-04 +/- 10.49 % S(l=2) ave= 0.000E+00 +/- 0.00 % S(l=3) ave= 0.000E+00 +/- 0.00 % 
 ... random file  77 Cap(th)  ave= 1.462E+00 b. +/- 3.80 % || Ela(th) ave= 9.118E-01 b. +/- 19.34 % || RIcap ave= 1.39E+00 b. +/- 1.78 % || Macs30 ave= 1.63E-02 b. +/- 1.22 % || Gn^0(l=0) ave= 1.842E+00 +/- 4.80 % Gn^0(l=1) ave= 1.177E+01 +/- 10.64 % Gn^0(l=2) ave= 0.000E+00 +/- 0.00 % Gn^0(l=3) ave= 0.000E+00 +/- 0.00 % || Gtotal(l=0) ave= 2.772E+02 +/- 0.00 % Gtotal(l=1) ave= 1.166E+02 +/- 2.33 % Gtotal(l=2) ave= 0.000E+00 +/- 0.00 % Gtotal(l=3) ave= 0.000E+00 +/- 0.00 %  % || Gg(l=0) ave= 1.028E+00 +/- 1.95 % Gg(l=1) ave= 5.016E-01 +/- 3.38 % Gg(l=2) ave= 0.000E+00 +/- 0.00 % Gg(l=3) ave= 0.000E+00 +/- 0.00 %  % || D(l=0) ave= 2.017E+04 +/- 0.00 % D(l=1) ave= 5.655E+03 +/- 2.28 % D(l=2) ave= 0.000E+00 +/- 0.00 % D(l=3) ave= 0.000E+00 +/- 0.00 %  % || S(l=0) ave= 5.283E-05 +/- 5.82 % S(l=1) ave= 4.202E-04 +/- 10.57 % S(l=2) ave= 0.000E+00 +/- 0.00 % S(l=3) ave= 0.000E+00 +/- 0.00 % 
 ... random file  78 Cap(th)  ave= 1.462E+00 b. +/- 3.78 % || Ela(th) ave= 9.098E-01 b. +/- 19.36 % || RIcap ave= 1.39E+00 b. +/- 1.77 % || Macs30 ave= 1.63E-02 b. +/- 1.21 % || Gn^0(l=0) ave= 1.842E+00 +/- 4.77 % Gn^0(l=1) ave= 1.177E+01 +/- 10.58 % Gn^0(l=2) ave= 0.000E+00 +/- 0.00 % Gn^0(l=3) ave= 0.000E+00 +/- 0.00 % || Gtotal(l=0) ave= 2.772E+02 +/- 0.00 % Gtotal(l=1) ave= 1.167E+02 +/- 2.33 % Gtotal(l=2) ave= 0.000E+00 +/- 0.00 % Gtotal(l=3) ave= 0.000E+00 +/- 0.00 %  % || Gg(l=0) ave= 1.028E+00 +/- 1.94 % Gg(l=1) ave= 5.018E-01 +/- 3.37 % Gg(l=2) ave= 0.000E+00 +/- 0.00 % Gg(l=3) ave= 0.000E+00 +/- 0.00 %  % || D(l=0) ave= 2.017E+04 +/- 0.00 % D(l=1) ave= 5.653E+03 +/- 2.29 % D(l=2) ave= 0.000E+00 +/- 0.00 % D(l=3) ave= 0.000E+00 +/- 0.00 %  % || S(l=0) ave= 5.283E-05 +/- 5.79 % S(l=1) ave= 4.205E-04 +/- 10.51 % S(l=2) ave= 0.000E+00 +/- 0.00 % S(l=3) ave= 0.000E+00 +/- 0.00 % 
 ... random file  79 Cap(th)  ave= 1.462E+00 b. +/- 3.75 % || Ela(th) ave= 9.090E-01 b. +/- 19.27 % || RIcap ave= 1.39E+00 b. +/- 1.76 % || Macs30 ave= 1.63E-02 b. +/- 1.22 % || Gn^0(l=0) ave= 1.841E+00 +/- 4.75 % Gn^0(l=1) ave= 1.175E+01 +/- 10.58 % Gn^0(l=2) ave= 0.000E+00 +/- 0.00 % Gn^0(l=3) ave= 0.000E+00 +/- 0.00 % || Gtotal(l=0) ave= 2.772E+02 +/- 0.00 % Gtotal(l=1) ave= 1.167E+02 +/- 2.34 % Gtotal(l=2) ave= 0.000E+00 +/- 0.00 % Gtotal(l=3) ave= 0.000E+00 +/- 0.00 %  % || Gg(l=0) ave= 1.027E+00 +/- 1.96 % Gg(l=1) ave= 5.020E-01 +/- 3.38 % Gg(l=2) ave= 0.000E+00 +/- 0.00 % Gg(l=3) ave= 0.000E+00 +/- 0.00 %  % || D(l=0) ave= 2.017E+04 +/- 0.00 % D(l=1) ave= 5.651E+03 +/- 2.29 % D(l=2) ave= 0.000E+00 +/- 0.00 % D(l=3) ave= 0.000E+00 +/- 0.00 %  % || S(l=0) ave= 5.280E-05 +/- 5.76 % S(l=1) ave= 4.201E-04 +/- 10.48 % S(l=2) ave= 0.000E+00 +/- 0.00 % S(l=3) ave= 0.000E+00 +/- 0.00 % 
 ... random file  80 Cap(th)  ave= 1.462E+00 b. +/- 3.74 % || Ela(th) ave= 9.090E-01 b. +/- 19.15 % || RIcap ave= 1.39E+00 b. +/- 1.76 % || Macs30 ave= 1.63E-02 b. +/- 1.22 % || Gn^0(l=0) ave= 1.843E+00 +/- 4.80 % Gn^0(l=1) ave= 1.174E+01 +/- 10.55 % Gn^0(l=2) ave= 0.000E+00 +/- 0.00 % Gn^0(l=3) ave= 0.000E+00 +/- 0.00 % || Gtotal(l=0) ave= 2.772E+02 +/- 0.00 % Gtotal(l=1) ave= 1.167E+02 +/- 2.33 % Gtotal(l=2) ave= 0.000E+00 +/- 0.00 % Gtotal(l=3) ave= 0.000E+00 +/- 0.00 %  % || Gg(l=0) ave= 1.027E+00 +/- 1.96 % Gg(l=1) ave= 5.020E-01 +/- 3.36 % Gg(l=2) ave= 0.000E+00 +/- 0.00 % Gg(l=3) ave= 0.000E+00 +/- 0.00 %  % || D(l=0) ave= 2.017E+04 +/- 0.00 % D(l=1) ave= 5.652E+03 +/- 2.29 % D(l=2) ave= 0.000E+00 +/- 0.00 % D(l=3) ave= 0.000E+00 +/- 0.00 %  % || S(l=0) ave= 5.287E-05 +/- 5.84 % S(l=1) ave= 4.197E-04 +/- 10.45 % S(l=2) ave= 0.000E+00 +/- 0.00 % S(l=3) ave= 0.000E+00 +/- 0.00 % 
 ... random file  81 Cap(th)  ave= 1.462E+00 b. +/- 3.73 % || Ela(th) ave= 9.073E-01 b. +/- 19.14 % || RIcap ave= 1.39E+00 b. +/- 1.75 % || Macs30 ave= 1.63E-02 b. +/- 1.21 % || Gn^0(l=0) ave= 1.844E+00 +/- 4.79 % Gn^0(l=1) ave= 1.173E+01 +/- 10.52 % Gn^0(l=2) ave= 0.000E+00 +/- 0.00 % Gn^0(l=3) ave= 0.000E+00 +/- 0.00 % || Gtotal(l=0) ave= 2.772E+02 +/- 0.00 % Gtotal(l=1) ave= 1.167E+02 +/- 2.33 % Gtotal(l=2) ave= 0.000E+00 +/- 0.00 % Gtotal(l=3) ave= 0.000E+00 +/- 0.00 %  % || Gg(l=0) ave= 1.027E+00 +/- 1.95 % Gg(l=1) ave= 5.018E-01 +/- 3.35 % Gg(l=2) ave= 0.000E+00 +/- 0.00 % Gg(l=3) ave= 0.000E+00 +/- 0.00 %  % || D(l=0) ave= 2.017E+04 +/- 0.00 % D(l=1) ave= 5.653E+03 +/- 2.28 % D(l=2) ave= 0.000E+00 +/- 0.00 % D(l=3) ave= 0.000E+00 +/- 0.00 %  % || S(l=0) ave= 5.291E-05 +/- 5.83 % S(l=1) ave= 4.193E-04 +/- 10.44 % S(l=2) ave= 0.000E+00 +/- 0.00 % S(l=3) ave= 0.000E+00 +/- 0.00 % 
 ... random file  82 Cap(th)  ave= 1.462E+00 b. +/- 3.71 % || Ela(th) ave= 9.084E-01 b. +/- 19.03 % || RIcap ave= 1.39E+00 b. +/- 1.75 % || Macs30 ave= 1.63E-02 b. +/- 1.20 % || Gn^0(l=0) ave= 1.845E+00 +/- 4.81 % Gn^0(l=1) ave= 1.172E+01 +/- 10.49 % Gn^0(l=2) ave= 0.000E+00 +/- 0.00 % Gn^0(l=3) ave= 0.000E+00 +/- 0.00 % || Gtotal(l=0) ave= 2.772E+02 +/- 0.00 % Gtotal(l=1) ave= 1.167E+02 +/- 2.33 % Gtotal(l=2) ave= 0.000E+00 +/- 0.00 % Gtotal(l=3) ave= 0.000E+00 +/- 0.00 %  % || Gg(l=0) ave= 1.027E+00 +/- 1.94 % Gg(l=1) ave= 5.021E-01 +/- 3.36 % Gg(l=2) ave= 0.000E+00 +/- 0.00 % Gg(l=3) ave= 0.000E+00 +/- 0.00 %  % || D(l=0) ave= 2.017E+04 +/- 0.00 % D(l=1) ave= 5.652E+03 +/- 2.29 % D(l=2) ave= 0.000E+00 +/- 0.00 % D(l=3) ave= 0.000E+00 +/- 0.00 %  % || S(l=0) ave= 5.297E-05 +/- 5.88 % S(l=1) ave= 4.193E-04 +/- 10.37 % S(l=2) ave= 0.000E+00 +/- 0.00 % S(l=3) ave= 0.000E+00 +/- 0.00 % 
 ... random file  83 Cap(th)  ave= 1.461E+00 b. +/- 3.69 % || Ela(th) ave= 9.083E-01 b. +/- 18.92 % || RIcap ave= 1.39E+00 b. +/- 1.73 % || Macs30 ave= 1.63E-02 b. +/- 1.20 % || Gn^0(l=0) ave= 1.845E+00 +/- 4.80 % Gn^0(l=1) ave= 1.174E+01 +/- 10.50 % Gn^0(l=2) ave= 0.000E+00 +/- 0.00 % Gn^0(l=3) ave= 0.000E+00 +/- 0.00 % || Gtotal(l=0) ave= 2.772E+02 +/- 0.00 % Gtotal(l=1) ave= 1.167E+02 +/- 2.33 % Gtotal(l=2) ave= 0.000E+00 +/- 0.00 % Gtotal(l=3) ave= 0.000E+00 +/- 0.00 %  % || Gg(l=0) ave= 1.027E+00 +/- 1.94 % Gg(l=1) ave= 5.020E-01 +/- 3.35 % Gg(l=2) ave= 0.000E+00 +/- 0.00 % Gg(l=3) ave= 0.000E+00 +/- 0.00 %  % || D(l=0) ave= 2.017E+04 +/- 0.00 % D(l=1) ave= 5.653E+03 +/- 2.28 % D(l=2) ave= 0.000E+00 +/- 0.00 % D(l=3) ave= 0.000E+00 +/- 0.00 %  % || S(l=0) ave= 5.294E-05 +/- 5.88 % S(l=1) ave= 4.200E-04 +/- 10.39 % S(l=2) ave= 0.000E+00 +/- 0.00 % S(l=3) ave= 0.000E+00 +/- 0.00 % 
 ... random file  84 Cap(th)  ave= 1.462E+00 b. +/- 3.67 % || Ela(th) ave= 9.081E-01 b. +/- 18.82 % || RIcap ave= 1.39E+00 b. +/- 1.72 % || Macs30 ave= 1.63E-02 b. +/- 1.20 % || Gn^0(l=0) ave= 1.845E+00 +/- 4.77 % Gn^0(l=1) ave= 1.174E+01 +/- 10.46 % Gn^0(l=2) ave= 0.000E+00 +/- 0.00 % Gn^0(l=3) ave= 0.000E+00 +/- 0.00 % || Gtotal(l=0) ave= 2.772E+02 +/- 0.00 % Gtotal(l=1) ave= 1.166E+02 +/- 2.33 % Gtotal(l=2) ave= 0.000E+00 +/- 0.00 % Gtotal(l=3) ave= 0.000E+00 +/- 0.00 %  % || Gg(l=0) ave= 1.027E+00 +/- 1.93 % Gg(l=1) ave= 5.016E-01 +/- 3.39 % Gg(l=2) ave= 0.000E+00 +/- 0.00 % Gg(l=3) ave= 0.000E+00 +/- 0.00 %  % || D(l=0) ave= 2.017E+04 +/- 0.00 % D(l=1) ave= 5.654E+03 +/- 2.28 % D(l=2) ave= 0.000E+00 +/- 0.00 % D(l=3) ave= 0.000E+00 +/- 0.00 %  % || S(l=0) ave= 5.295E-05 +/- 5.84 % S(l=1) ave= 4.194E-04 +/- 10.42 % S(l=2) ave= 0.000E+00 +/- 0.00 % S(l=3) ave= 0.000E+00 +/- 0.00 % 
 ... random file  85 Cap(th)  ave= 1.461E+00 b. +/- 3.70 % || Ela(th) ave= 9.073E-01 b. +/- 18.74 % || RIcap ave= 1.39E+00 b. +/- 1.75 % || Macs30 ave= 1.63E-02 b. +/- 1.19 % || Gn^0(l=0) ave= 1.846E+00 +/- 4.75 % Gn^0(l=1) ave= 1.172E+01 +/- 10.45 % Gn^0(l=2) ave= 0.000E+00 +/- 0.00 % Gn^0(l=3) ave= 0.000E+00 +/- 0.00 % || Gtotal(l=0) ave= 2.772E+02 +/- 0.00 % Gtotal(l=1) ave= 1.167E+02 +/- 2.33 % Gtotal(l=2) ave= 0.000E+00 +/- 0.00 % Gtotal(l=3) ave= 0.000E+00 +/- 0.00 %  % || Gg(l=0) ave= 1.027E+00 +/- 1.92 % Gg(l=1) ave= 5.019E-01 +/- 3.40 % Gg(l=2) ave= 0.000E+00 +/- 0.00 % Gg(l=3) ave= 0.000E+00 +/- 0.00 %  % || D(l=0) ave= 2.017E+04 +/- 0.00 % D(l=1) ave= 5.652E+03 +/- 2.29 % D(l=2) ave= 0.000E+00 +/- 0.00 % D(l=3) ave= 0.000E+00 +/- 0.00 %  % || S(l=0) ave= 5.298E-05 +/- 5.84 % S(l=1) ave= 4.191E-04 +/- 10.39 % S(l=2) ave= 0.000E+00 +/- 0.00 % S(l=3) ave= 0.000E+00 +/- 0.00 % 
 ... random file  86 Cap(th)  ave= 1.460E+00 b. +/- 3.68 % || Ela(th) ave= 9.079E-01 b. +/- 18.63 % || RIcap ave= 1.39E+00 b. +/- 1.74 % || Macs30 ave= 1.63E-02 b. +/- 1.19 % || Gn^0(l=0) ave= 1.847E+00 +/- 4.77 % Gn^0(l=1) ave= 1.172E+01 +/- 10.41 % Gn^0(l=2) ave= 0.000E+00 +/- 0.00 % Gn^0(l=3) ave= 0.000E+00 +/- 0.00 % || Gtotal(l=0) ave= 2.772E+02 +/- 0.00 % Gtotal(l=1) ave= 1.167E+02 +/- 2.33 % Gtotal(l=2) ave= 0.000E+00 +/- 0.00 % Gtotal(l=3) ave= 0.000E+00 +/- 0.00 %  % || Gg(l=0) ave= 1.027E+00 +/- 1.92 % Gg(l=1) ave= 5.017E-01 +/- 3.41 % Gg(l=2) ave= 0.000E+00 +/- 0.00 % Gg(l=3) ave= 0.000E+00 +/- 0.00 %  % || D(l=0) ave= 2.017E+04 +/- 0.00 % D(l=1) ave= 5.654E+03 +/- 2.28 % D(l=2) ave= 0.000E+00 +/- 0.00 % D(l=3) ave= 0.000E+00 +/- 0.00 %  % || S(l=0) ave= 5.303E-05 +/- 5.84 % S(l=1) ave= 4.189E-04 +/- 10.33 % S(l=2) ave= 0.000E+00 +/- 0.00 % S(l=3) ave= 0.000E+00 +/- 0.00 % 
 ... random file  87 Cap(th)  ave= 1.462E+00 b. +/- 3.76 % || Ela(th) ave= 9.097E-01 b. +/- 18.58 % || RIcap ave= 1.39E+00 b. +/- 1.78 % || Macs30 ave= 1.63E-02 b. +/- 1.18 % || Gn^0(l=0) ave= 1.848E+00 +/- 4.78 % Gn^0(l=1) ave= 1.172E+01 +/- 10.35 % Gn^0(l=2) ave= 0.000E+00 +/- 0.00 % Gn^0(l=3) ave= 0.000E+00 +/- 0.00 % || Gtotal(l=0) ave= 2.772E+02 +/- 0.00 % Gtotal(l=1) ave= 1.166E+02 +/- 2.32 % Gtotal(l=2) ave= 0.000E+00 +/- 0.00 % Gtotal(l=3) ave= 0.000E+00 +/- 0.00 %  % || Gg(l=0) ave= 1.028E+00 +/- 1.94 % Gg(l=1) ave= 5.014E-01 +/- 3.42 % Gg(l=2) ave= 0.000E+00 +/- 0.00 % Gg(l=3) ave= 0.000E+00 +/- 0.00 %  % || D(l=0) ave= 2.017E+04 +/- 0.00 % D(l=1) ave= 5.655E+03 +/- 2.28 % D(l=2) ave= 0.000E+00 +/- 0.00 % D(l=3) ave= 0.000E+00 +/- 0.00 %  % || S(l=0) ave= 5.307E-05 +/- 5.86 % S(l=1) ave= 4.188E-04 +/- 10.28 % S(l=2) ave= 0.000E+00 +/- 0.00 % S(l=3) ave= 0.000E+00 +/- 0.00 % 
 ... random file  88 Cap(th)  ave= 1.463E+00 b. +/- 3.80 % || Ela(th) ave= 9.145E-01 b. +/- 19.02 % || RIcap ave= 1.39E+00 b. +/- 1.81 % || Macs30 ave= 1.63E-02 b. +/- 1.18 % || Gn^0(l=0) ave= 1.847E+00 +/- 4.81 % Gn^0(l=1) ave= 1.172E+01 +/- 10.29 % Gn^0(l=2) ave= 0.000E+00 +/- 0.00 % Gn^0(l=3) ave= 0.000E+00 +/- 0.00 % || Gtotal(l=0) ave= 2.772E+02 +/- 0.00 % Gtotal(l=1) ave= 1.167E+02 +/- 2.33 % Gtotal(l=2) ave= 0.000E+00 +/- 0.00 % Gtotal(l=3) ave= 0.000E+00 +/- 0.00 %  % || Gg(l=0) ave= 1.027E+00 +/- 1.98 % Gg(l=1) ave= 5.019E-01 +/- 3.52 % Gg(l=2) ave= 0.000E+00 +/- 0.00 % Gg(l=3) ave= 0.000E+00 +/- 0.00 %  % || D(l=0) ave= 2.017E+04 +/- 0.00 % D(l=1) ave= 5.653E+03 +/- 2.28 % D(l=2) ave= 0.000E+00 +/- 0.00 % D(l=3) ave= 0.000E+00 +/- 0.00 %  % || S(l=0) ave= 5.303E-05 +/- 5.88 % S(l=1) ave= 4.190E-04 +/- 10.23 % S(l=2) ave= 0.000E+00 +/- 0.00 % S(l=3) ave= 0.000E+00 +/- 0.00 % 
 ... random file  89 Cap(th)  ave= 1.463E+00 b. +/- 3.78 % || Ela(th) ave= 9.162E-01 b. +/- 18.96 % || RIcap ave= 1.39E+00 b. +/- 1.80 % || Macs30 ave= 1.63E-02 b. +/- 1.17 % || Gn^0(l=0) ave= 1.847E+00 +/- 4.79 % Gn^0(l=1) ave= 1.171E+01 +/- 10.29 % Gn^0(l=2) ave= 0.000E+00 +/- 0.00 % Gn^0(l=3) ave= 0.000E+00 +/- 0.00 % || Gtotal(l=0) ave= 2.772E+02 +/- 0.00 % Gtotal(l=1) ave= 1.167E+02 +/- 2.33 % Gtotal(l=2) ave= 0.000E+00 +/- 0.00 % Gtotal(l=3) ave= 0.000E+00 +/- 0.00 %  % || Gg(l=0) ave= 1.027E+00 +/- 1.97 % Gg(l=1) ave= 5.019E-01 +/- 3.50 % Gg(l=2) ave= 0.000E+00 +/- 0.00 % Gg(l=3) ave= 0.000E+00 +/- 0.00 %  % || D(l=0) ave= 2.017E+04 +/- 0.00 % D(l=1) ave= 5.651E+03 +/- 2.29 % D(l=2) ave= 0.000E+00 +/- 0.00 % D(l=3) ave= 0.000E+00 +/- 0.00 %  % || S(l=0) ave= 5.302E-05 +/- 5.85 % S(l=1) ave= 4.191E-04 +/- 10.17 % S(l=2) ave= 0.000E+00 +/- 0.00 % S(l=3) ave= 0.000E+00 +/- 0.00 % 
 ... random file  90 Cap(th)  ave= 1.463E+00 b. +/- 3.76 % || Ela(th) ave= 9.176E-01 b. +/- 18.88 % || RIcap ave= 1.39E+00 b. +/- 1.79 % || Macs30 ave= 1.63E-02 b. +/- 1.17 % || Gn^0(l=0) ave= 1.847E+00 +/- 4.78 % Gn^0(l=1) ave= 1.170E+01 +/- 10.30 % Gn^0(l=2) ave= 0.000E+00 +/- 0.00 % Gn^0(l=3) ave= 0.000E+00 +/- 0.00 % || Gtotal(l=0) ave= 2.772E+02 +/- 0.00 % Gtotal(l=1) ave= 1.167E+02 +/- 2.34 % Gtotal(l=2) ave= 0.000E+00 +/- 0.00 % Gtotal(l=3) ave= 0.000E+00 +/- 0.00 %  % || Gg(l=0) ave= 1.027E+00 +/- 1.97 % Gg(l=1) ave= 5.018E-01 +/- 3.49 % Gg(l=2) ave= 0.000E+00 +/- 0.00 % Gg(l=3) ave= 0.000E+00 +/- 0.00 %  % || D(l=0) ave= 2.017E+04 +/- 0.00 % D(l=1) ave= 5.650E+03 +/- 2.29 % D(l=2) ave= 0.000E+00 +/- 0.00 % D(l=3) ave= 0.000E+00 +/- 0.00 %  % || S(l=0) ave= 5.305E-05 +/- 5.84 % S(l=1) ave= 4.187E-04 +/- 10.16 % S(l=2) ave= 0.000E+00 +/- 0.00 % S(l=3) ave= 0.000E+00 +/- 0.00 % 
 ... random file  91 Cap(th)  ave= 1.463E+00 b. +/- 3.75 % || Ela(th) ave= 9.200E-01 b. +/- 18.89 % || RIcap ave= 1.39E+00 b. +/- 1.78 % || Macs30 ave= 1.63E-02 b. +/- 1.16 % || Gn^0(l=0) ave= 1.848E+00 +/- 4.76 % Gn^0(l=1) ave= 1.169E+01 +/- 10.26 % Gn^0(l=2) ave= 0.000E+00 +/- 0.00 % Gn^0(l=3) ave= 0.000E+00 +/- 0.00 % || Gtotal(l=0) ave= 2.772E+02 +/- 0.00 % Gtotal(l=1) ave= 1.167E+02 +/- 2.34 % Gtotal(l=2) ave= 0.000E+00 +/- 0.00 % Gtotal(l=3) ave= 0.000E+00 +/- 0.00 %  % || Gg(l=0) ave= 1.027E+00 +/- 1.96 % Gg(l=1) ave= 5.017E-01 +/- 3.48 % Gg(l=2) ave= 0.000E+00 +/- 0.00 % Gg(l=3) ave= 0.000E+00 +/- 0.00 %  % || D(l=0) ave= 2.017E+04 +/- 0.00 % D(l=1) ave= 5.651E+03 +/- 2.29 % D(l=2) ave= 0.000E+00 +/- 0.00 % D(l=3) ave= 0.000E+00 +/- 0.00 %  % || S(l=0) ave= 5.307E-05 +/- 5.82 % S(l=1) ave= 4.186E-04 +/- 10.12 % S(l=2) ave= 0.000E+00 +/- 0.00 % S(l=3) ave= 0.000E+00 +/- 0.00 % 
 ... random file  92 Cap(th)  ave= 1.464E+00 b. +/- 3.74 % || Ela(th) ave= 9.228E-01 b. +/- 18.95 % || RIcap ave= 1.39E+00 b. +/- 1.77 % || Macs30 ave= 1.63E-02 b. +/- 1.18 % || Gn^0(l=0) ave= 1.847E+00 +/- 4.76 % Gn^0(l=1) ave= 1.173E+01 +/- 10.56 % Gn^0(l=2) ave= 0.000E+00 +/- 0.00 % Gn^0(l=3) ave= 0.000E+00 +/- 0.00 % || Gtotal(l=0) ave= 2.772E+02 +/- 0.00 % Gtotal(l=1) ave= 1.167E+02 +/- 2.34 % Gtotal(l=2) ave= 0.000E+00 +/- 0.00 % Gtotal(l=3) ave= 0.000E+00 +/- 0.00 %  % || Gg(l=0) ave= 1.027E+00 +/- 1.95 % Gg(l=1) ave= 5.016E-01 +/- 3.47 % Gg(l=2) ave= 0.000E+00 +/- 0.00 % Gg(l=3) ave= 0.000E+00 +/- 0.00 %  % || D(l=0) ave= 2.017E+04 +/- 0.00 % D(l=1) ave= 5.649E+03 +/- 2.30 % D(l=2) ave= 0.000E+00 +/- 0.00 % D(l=3) ave= 0.000E+00 +/- 0.00 %  % || S(l=0) ave= 5.304E-05 +/- 5.81 % S(l=1) ave= 4.200E-04 +/- 10.53 % S(l=2) ave= 0.000E+00 +/- 0.00 % S(l=3) ave= 0.000E+00 +/- 0.00 % 
 ... random file  93 Cap(th)  ave= 1.463E+00 b. +/- 3.73 % || Ela(th) ave= 9.223E-01 b. +/- 18.87 % || RIcap ave= 1.39E+00 b. +/- 1.76 % || Macs30 ave= 1.63E-02 b. +/- 1.19 % || Gn^0(l=0) ave= 1.847E+00 +/- 4.73 % Gn^0(l=1) ave= 1.171E+01 +/- 10.57 % Gn^0(l=2) ave= 0.000E+00 +/- 0.00 % Gn^0(l=3) ave= 0.000E+00 +/- 0.00 % || Gtotal(l=0) ave= 2.772E+02 +/- 0.00 % Gtotal(l=1) ave= 1.168E+02 +/- 2.34 % Gtotal(l=2) ave= 0.000E+00 +/- 0.00 % Gtotal(l=3) ave= 0.000E+00 +/- 0.00 %  % || Gg(l=0) ave= 1.027E+00 +/- 1.95 % Gg(l=1) ave= 5.018E-01 +/- 3.46 % Gg(l=2) ave= 0.000E+00 +/- 0.00 % Gg(l=3) ave= 0.000E+00 +/- 0.00 %  % || D(l=0) ave= 2.017E+04 +/- 0.00 % D(l=1) ave= 5.648E+03 +/- 2.30 % D(l=2) ave= 0.000E+00 +/- 0.00 % D(l=3) ave= 0.000E+00 +/- 0.00 %  % || S(l=0) ave= 5.303E-05 +/- 5.79 % S(l=1) ave= 4.196E-04 +/- 10.52 % S(l=2) ave= 0.000E+00 +/- 0.00 % S(l=3) ave= 0.000E+00 +/- 0.00 % 
 ... random file  94 Cap(th)  ave= 1.462E+00 b. +/- 3.73 % || Ela(th) ave= 9.209E-01 b. +/- 18.86 % || RIcap ave= 1.39E+00 b. +/- 1.78 % || Macs30 ave= 1.63E-02 b. +/- 1.18 % || Gn^0(l=0) ave= 1.847E+00 +/- 4.71 % Gn^0(l=1) ave= 1.171E+01 +/- 10.53 % Gn^0(l=2) ave= 0.000E+00 +/- 0.00 % Gn^0(l=3) ave= 0.000E+00 +/- 0.00 % || Gtotal(l=0) ave= 2.772E+02 +/- 0.00 % Gtotal(l=1) ave= 1.168E+02 +/- 2.34 % Gtotal(l=2) ave= 0.000E+00 +/- 0.00 % Gtotal(l=3) ave= 0.000E+00 +/- 0.00 %  % || Gg(l=0) ave= 1.027E+00 +/- 1.94 % Gg(l=1) ave= 5.018E-01 +/- 3.45 % Gg(l=2) ave= 0.000E+00 +/- 0.00 % Gg(l=3) ave= 0.000E+00 +/- 0.00 %  % || D(l=0) ave= 2.017E+04 +/- 0.00 % D(l=1) ave= 5.649E+03 +/- 2.30 % D(l=2) ave= 0.000E+00 +/- 0.00 % D(l=3) ave= 0.000E+00 +/- 0.00 %  % || S(l=0) ave= 5.302E-05 +/- 5.76 % S(l=1) ave= 4.193E-04 +/- 10.49 % S(l=2) ave= 0.000E+00 +/- 0.00 % S(l=3) ave= 0.000E+00 +/- 0.00 % 
 ... random file  95 Cap(th)  ave= 1.462E+00 b. +/- 3.72 % || Ela(th) ave= 9.210E-01 b. +/- 18.76 % || RIcap ave= 1.39E+00 b. +/- 1.77 % || Macs30 ave= 1.63E-02 b. +/- 1.19 % || Gn^0(l=0) ave= 1.847E+00 +/- 4.69 % Gn^0(l=1) ave= 1.171E+01 +/- 10.48 % Gn^0(l=2) ave= 0.000E+00 +/- 0.00 % Gn^0(l=3) ave= 0.000E+00 +/- 0.00 % || Gtotal(l=0) ave= 2.772E+02 +/- 0.00 % Gtotal(l=1) ave= 1.168E+02 +/- 2.34 % Gtotal(l=2) ave= 0.000E+00 +/- 0.00 % Gtotal(l=3) ave= 0.000E+00 +/- 0.00 %  % || Gg(l=0) ave= 1.027E+00 +/- 1.94 % Gg(l=1) ave= 5.019E-01 +/- 3.44 % Gg(l=2) ave= 0.000E+00 +/- 0.00 % Gg(l=3) ave= 0.000E+00 +/- 0.00 %  % || D(l=0) ave= 2.017E+04 +/- 0.00 % D(l=1) ave= 5.647E+03 +/- 2.30 % D(l=2) ave= 0.000E+00 +/- 0.00 % D(l=3) ave= 0.000E+00 +/- 0.00 %  % || S(l=0) ave= 5.304E-05 +/- 5.73 % S(l=1) ave= 4.194E-04 +/- 10.43 % S(l=2) ave= 0.000E+00 +/- 0.00 % S(l=3) ave= 0.000E+00 +/- 0.00 % 
 ... random file  96 Cap(th)  ave= 1.462E+00 b. +/- 3.72 % || Ela(th) ave= 9.193E-01 b. +/- 18.78 % || RIcap ave= 1.39E+00 b. +/- 1.77 % || Macs30 ave= 1.63E-02 b. +/- 1.19 % || Gn^0(l=0) ave= 1.847E+00 +/- 4.67 % Gn^0(l=1) ave= 1.169E+01 +/- 10.55 % Gn^0(l=2) ave= 0.000E+00 +/- 0.00 % Gn^0(l=3) ave= 0.000E+00 +/- 0.00 % || Gtotal(l=0) ave= 2.772E+02 +/- 0.00 % Gtotal(l=1) ave= 1.168E+02 +/- 2.34 % Gtotal(l=2) ave= 0.000E+00 +/- 0.00 % Gtotal(l=3) ave= 0.000E+00 +/- 0.00 %  % || Gg(l=0) ave= 1.027E+00 +/- 1.93 % Gg(l=1) ave= 5.018E-01 +/- 3.43 % Gg(l=2) ave= 0.000E+00 +/- 0.00 % Gg(l=3) ave= 0.000E+00 +/- 0.00 %  % || D(l=0) ave= 2.017E+04 +/- 0.00 % D(l=1) ave= 5.649E+03 +/- 2.30 % D(l=2) ave= 0.000E+00 +/- 0.00 % D(l=3) ave= 0.000E+00 +/- 0.00 %  % || S(l=0) ave= 5.304E-05 +/- 5.70 % S(l=1) ave= 4.187E-04 +/- 10.53 % S(l=2) ave= 0.000E+00 +/- 0.00 % S(l=3) ave= 0.000E+00 +/- 0.00 % 
 ... random file  97 Cap(th)  ave= 1.461E+00 b. +/- 3.75 % || Ela(th) ave= 9.173E-01 b. +/- 18.84 % || RIcap ave= 1.39E+00 b. +/- 1.78 % || Macs30 ave= 1.63E-02 b. +/- 1.18 % || Gn^0(l=0) ave= 1.847E+00 +/- 4.65 % Gn^0(l=1) ave= 1.167E+01 +/- 10.57 % Gn^0(l=2) ave= 0.000E+00 +/- 0.00 % Gn^0(l=3) ave= 0.000E+00 +/- 0.00 % || Gtotal(l=0) ave= 2.772E+02 +/- 0.00 % Gtotal(l=1) ave= 1.167E+02 +/- 2.34 % Gtotal(l=2) ave= 0.000E+00 +/- 0.00 % Gtotal(l=3) ave= 0.000E+00 +/- 0.00 %  % || Gg(l=0) ave= 1.027E+00 +/- 1.92 % Gg(l=1) ave= 5.019E-01 +/- 3.41 % Gg(l=2) ave= 0.000E+00 +/- 0.00 % Gg(l=3) ave= 0.000E+00 +/- 0.00 %  % || D(l=0) ave= 2.017E+04 +/- 0.00 % D(l=1) ave= 5.650E+03 +/- 2.29 % D(l=2) ave= 0.000E+00 +/- 0.00 % D(l=3) ave= 0.000E+00 +/- 0.00 %  % || S(l=0) ave= 5.302E-05 +/- 5.68 % S(l=1) ave= 4.180E-04 +/- 10.63 % S(l=2) ave= 0.000E+00 +/- 0.00 % S(l=3) ave= 0.000E+00 +/- 0.00 % 
 ... random file  98 Cap(th)  ave= 1.460E+00 b. +/- 3.76 % || Ela(th) ave= 9.153E-01 b. +/- 18.91 % || RIcap ave= 1.39E+00 b. +/- 1.77 % || Macs30 ave= 1.63E-02 b. +/- 1.20 % || Gn^0(l=0) ave= 1.846E+00 +/- 4.64 % Gn^0(l=1) ave= 1.169E+01 +/- 10.56 % Gn^0(l=2) ave= 0.000E+00 +/- 0.00 % Gn^0(l=3) ave= 0.000E+00 +/- 0.00 % || Gtotal(l=0) ave= 2.772E+02 +/- 0.00 % Gtotal(l=1) ave= 1.167E+02 +/- 2.34 % Gtotal(l=2) ave= 0.000E+00 +/- 0.00 % Gtotal(l=3) ave= 0.000E+00 +/- 0.00 %  % || Gg(l=0) ave= 1.027E+00 +/- 1.93 % Gg(l=1) ave= 5.020E-01 +/- 3.41 % Gg(l=2) ave= 0.000E+00 +/- 0.00 % Gg(l=3) ave= 0.000E+00 +/- 0.00 %  % || D(l=0) ave= 2.017E+04 +/- 0.00 % D(l=1) ave= 5.651E+03 +/- 2.29 % D(l=2) ave= 0.000E+00 +/- 0.00 % D(l=3) ave= 0.000E+00 +/- 0.00 %  % || S(l=0) ave= 5.301E-05 +/- 5.66 % S(l=1) ave= 4.182E-04 +/- 10.58 % S(l=2) ave= 0.000E+00 +/- 0.00 % S(l=3) ave= 0.000E+00 +/- 0.00 % 
 ... random file  99 Cap(th)  ave= 1.459E+00 b. +/- 3.79 % || Ela(th) ave= 9.125E-01 b. +/- 19.13 % || RIcap ave= 1.39E+00 b. +/- 1.77 % || Macs30 ave= 1.63E-02 b. +/- 1.23 % || Gn^0(l=0) ave= 1.846E+00 +/- 4.62 % Gn^0(l=1) ave= 1.168E+01 +/- 10.57 % Gn^0(l=2) ave= 0.000E+00 +/- 0.00 % Gn^0(l=3) ave= 0.000E+00 +/- 0.00 % || Gtotal(l=0) ave= 2.772E+02 +/- 0.00 % Gtotal(l=1) ave= 1.167E+02 +/- 2.34 % Gtotal(l=2) ave= 0.000E+00 +/- 0.00 % Gtotal(l=3) ave= 0.000E+00 +/- 0.00 %  % || Gg(l=0) ave= 1.028E+00 +/- 1.94 % Gg(l=1) ave= 5.026E-01 +/- 3.56 % Gg(l=2) ave= 0.000E+00 +/- 0.00 % Gg(l=3) ave= 0.000E+00 +/- 0.00 %  % || D(l=0) ave= 2.017E+04 +/- 0.00 % D(l=1) ave= 5.649E+03 +/- 2.30 % D(l=2) ave= 0.000E+00 +/- 0.00 % D(l=3) ave= 0.000E+00 +/- 0.00 %  % || S(l=0) ave= 5.302E-05 +/- 5.63 % S(l=1) ave= 4.180E-04 +/- 10.56 % S(l=2) ave= 0.000E+00 +/- 0.00 % S(l=3) ave= 0.000E+00 +/- 0.00 % 
 ... random file  100 Cap(th)  ave= 1.460E+00 b. +/- 3.84 % || Ela(th) ave= 9.158E-01 b. +/- 19.30 % || RIcap ave= 1.39E+00 b. +/- 1.79 % || Macs30 ave= 1.63E-02 b. +/- 1.23 % || Gn^0(l=0) ave= 1.848E+00 +/- 4.63 % Gn^0(l=1) ave= 1.167E+01 +/- 10.55 % Gn^0(l=2) ave= 0.000E+00 +/- 0.00 % Gn^0(l=3) ave= 0.000E+00 +/- 0.00 % || Gtotal(l=0) ave= 2.772E+02 +/- 0.00 % Gtotal(l=1) ave= 1.167E+02 +/- 2.34 % Gtotal(l=2) ave= 0.000E+00 +/- 0.00 % Gtotal(l=3) ave= 0.000E+00 +/- 0.00 %  % || Gg(l=0) ave= 1.027E+00 +/- 1.94 % Gg(l=1) ave= 5.024E-01 +/- 3.55 % Gg(l=2) ave= 0.000E+00 +/- 0.00 % Gg(l=3) ave= 0.000E+00 +/- 0.00 %  % || D(l=0) ave= 2.017E+04 +/- 0.00 % D(l=1) ave= 5.650E+03 +/- 2.29 % D(l=2) ave= 0.000E+00 +/- 0.00 % D(l=3) ave= 0.000E+00 +/- 0.00 %  % || S(l=0) ave= 5.305E-05 +/- 5.64 % S(l=1) ave= 4.175E-04 +/- 10.57 % S(l=2) ave= 0.000E+00 +/- 0.00 % S(l=3) ave= 0.000E+00 +/- 0.00 % 
 ... random file  101 Cap(th)  ave= 1.461E+00 b. +/- 3.83 % || Ela(th) ave= 9.153E-01 b. +/- 19.23 % || RIcap ave= 1.39E+00 b. +/- 1.78 % || Macs30 ave= 1.63E-02 b. +/- 1.22 % || Gn^0(l=0) ave= 1.847E+00 +/- 4.61 % Gn^0(l=1) ave= 1.166E+01 +/- 10.55 % Gn^0(l=2) ave= 0.000E+00 +/- 0.00 % Gn^0(l=3) ave= 0.000E+00 +/- 0.00 % || Gtotal(l=0) ave= 2.772E+02 +/- 0.00 % Gtotal(l=1) ave= 1.167E+02 +/- 2.33 % Gtotal(l=2) ave= 0.000E+00 +/- 0.00 % Gtotal(l=3) ave= 0.000E+00 +/- 0.00 %  % || Gg(l=0) ave= 1.027E+00 +/- 1.94 % Gg(l=1) ave= 5.022E-01 +/- 3.56 % Gg(l=2) ave= 0.000E+00 +/- 0.00 % Gg(l=3) ave= 0.000E+00 +/- 0.00 %  % || D(l=0) ave= 2.017E+04 +/- 0.00 % D(l=1) ave= 5.652E+03 +/- 2.29 % D(l=2) ave= 0.000E+00 +/- 0.00 % D(l=3) ave= 0.000E+00 +/- 0.00 %  % || S(l=0) ave= 5.305E-05 +/- 5.61 % S(l=1) ave= 4.170E-04 +/- 10.61 % S(l=2) ave= 0.000E+00 +/- 0.00 % S(l=3) ave= 0.000E+00 +/- 0.00 % 
 ... random file  102 Cap(th)  ave= 1.461E+00 b. +/- 3.82 % || Ela(th) ave= 9.173E-01 b. +/- 19.23 % || RIcap ave= 1.39E+00 b. +/- 1.77 % || Macs30 ave= 1.63E-02 b. +/- 1.23 % || Gn^0(l=0) ave= 1.847E+00 +/- 4.59 % Gn^0(l=1) ave= 1.165E+01 +/- 10.51 % Gn^0(l=2) ave= 0.000E+00 +/- 0.00 % Gn^0(l=3) ave= 0.000E+00 +/- 0.00 % || Gtotal(l=0) ave= 2.772E+02 +/- 0.00 % Gtotal(l=1) ave= 1.167E+02 +/- 2.34 % Gtotal(l=2) ave= 0.000E+00 +/- 0.00 % Gtotal(l=3) ave= 0.000E+00 +/- 0.00 %  % || Gg(l=0) ave= 1.027E+00 +/- 1.96 % Gg(l=1) ave= 5.029E-01 +/- 3.81 % Gg(l=2) ave= 0.000E+00 +/- 0.00 % Gg(l=3) ave= 0.000E+00 +/- 0.00 %  % || D(l=0) ave= 2.017E+04 +/- 0.00 % D(l=1) ave= 5.650E+03 +/- 2.29 % D(l=2) ave= 0.000E+00 +/- 0.00 % D(l=3) ave= 0.000E+00 +/- 0.00 %  % || S(l=0) ave= 5.304E-05 +/- 5.59 % S(l=1) ave= 4.170E-04 +/- 10.55 % S(l=2) ave= 0.000E+00 +/- 0.00 % S(l=3) ave= 0.000E+00 +/- 0.00 % 
 ... random file  103 Cap(th)  ave= 1.461E+00 b. +/- 3.82 % || Ela(th) ave= 9.167E-01 b. +/- 19.16 % || RIcap ave= 1.39E+00 b. +/- 1.77 % || Macs30 ave= 1.63E-02 b. +/- 1.23 % || Gn^0(l=0) ave= 1.847E+00 +/- 4.57 % Gn^0(l=1) ave= 1.166E+01 +/- 10.49 % Gn^0(l=2) ave= 0.000E+00 +/- 0.00 % Gn^0(l=3) ave= 0.000E+00 +/- 0.00 % || Gtotal(l=0) ave= 2.772E+02 +/- 0.00 % Gtotal(l=1) ave= 1.167E+02 +/- 2.33 % Gtotal(l=2) ave= 0.000E+00 +/- 0.00 % Gtotal(l=3) ave= 0.000E+00 +/- 0.00 %  % || Gg(l=0) ave= 1.027E+00 +/- 1.98 % Gg(l=1) ave= 5.028E-01 +/- 3.80 % Gg(l=2) ave= 0.000E+00 +/- 0.00 % Gg(l=3) ave= 0.000E+00 +/- 0.00 %  % || D(l=0) ave= 2.017E+04 +/- 0.00 % D(l=1) ave= 5.651E+03 +/- 2.29 % D(l=2) ave= 0.000E+00 +/- 0.00 % D(l=3) ave= 0.000E+00 +/- 0.00 %  % || S(l=0) ave= 5.305E-05 +/- 5.56 % S(l=1) ave= 4.173E-04 +/- 10.52 % S(l=2) ave= 0.000E+00 +/- 0.00 % S(l=3) ave= 0.000E+00 +/- 0.00 % 
 ... random file  104 Cap(th)  ave= 1.461E+00 b. +/- 3.80 % || Ela(th) ave= 9.176E-01 b. +/- 19.07 % || RIcap ave= 1.39E+00 b. +/- 1.76 % || Macs30 ave= 1.63E-02 b. +/- 1.22 % || Gn^0(l=0) ave= 1.848E+00 +/- 4.55 % Gn^0(l=1) ave= 1.166E+01 +/- 10.45 % Gn^0(l=2) ave= 0.000E+00 +/- 0.00 % Gn^0(l=3) ave= 0.000E+00 +/- 0.00 % || Gtotal(l=0) ave= 2.772E+02 +/- 0.00 % Gtotal(l=1) ave= 1.167E+02 +/- 2.33 % Gtotal(l=2) ave= 0.000E+00 +/- 0.00 % Gtotal(l=3) ave= 0.000E+00 +/- 0.00 %  % || Gg(l=0) ave= 1.026E+00 +/- 1.98 % Gg(l=1) ave= 5.028E-01 +/- 3.78 % Gg(l=2) ave= 0.000E+00 +/- 0.00 % Gg(l=3) ave= 0.000E+00 +/- 0.00 %  % || D(l=0) ave= 2.017E+04 +/- 0.00 % D(l=1) ave= 5.652E+03 +/- 2.29 % D(l=2) ave= 0.000E+00 +/- 0.00 % D(l=3) ave= 0.000E+00 +/- 0.00 %  % || S(l=0) ave= 5.306E-05 +/- 5.54 % S(l=1) ave= 4.170E-04 +/- 10.49 % S(l=2) ave= 0.000E+00 +/- 0.00 % S(l=3) ave= 0.000E+00 +/- 0.00 % 
 ... random file  105 Cap(th)  ave= 1.462E+00 b. +/- 3.81 % || Ela(th) ave= 9.195E-01 b. +/- 19.06 % || RIcap ave= 1.39E+00 b. +/- 1.75 % || Macs30 ave= 1.63E-02 b. +/- 1.23 % || Gn^0(l=0) ave= 1.847E+00 +/- 4.53 % Gn^0(l=1) ave= 1.167E+01 +/- 10.42 % Gn^0(l=2) ave= 0.000E+00 +/- 0.00 % Gn^0(l=3) ave= 0.000E+00 +/- 0.00 % || Gtotal(l=0) ave= 2.772E+02 +/- 0.00 % Gtotal(l=1) ave= 1.167E+02 +/- 2.33 % Gtotal(l=2) ave= 0.000E+00 +/- 0.00 % Gtotal(l=3) ave= 0.000E+00 +/- 0.00 %  % || Gg(l=0) ave= 1.026E+00 +/- 1.98 % Gg(l=1) ave= 5.026E-01 +/- 3.78 % Gg(l=2) ave= 0.000E+00 +/- 0.00 % Gg(l=3) ave= 0.000E+00 +/- 0.00 %  % || D(l=0) ave= 2.017E+04 +/- 0.00 % D(l=1) ave= 5.653E+03 +/- 2.28 % D(l=2) ave= 0.000E+00 +/- 0.00 % D(l=3) ave= 0.000E+00 +/- 0.00 %  % || S(l=0) ave= 5.305E-05 +/- 5.52 % S(l=1) ave= 4.173E-04 +/- 10.45 % S(l=2) ave= 0.000E+00 +/- 0.00 % S(l=3) ave= 0.000E+00 +/- 0.00 % 
 ... random file  106 Cap(th)  ave= 1.461E+00 b. +/- 3.82 % || Ela(th) ave= 9.181E-01 b. +/- 19.07 % || RIcap ave= 1.39E+00 b. +/- 1.76 % || Macs30 ave= 1.63E-02 b. +/- 1.22 % || Gn^0(l=0) ave= 1.848E+00 +/- 4.51 % Gn^0(l=1) ave= 1.165E+01 +/- 10.47 % Gn^0(l=2) ave= 0.000E+00 +/- 0.00 % Gn^0(l=3) ave= 0.000E+00 +/- 0.00 % || Gtotal(l=0) ave= 2.772E+02 +/- 0.00 % Gtotal(l=1) ave= 1.166E+02 +/- 2.33 % Gtotal(l=2) ave= 0.000E+00 +/- 0.00 % Gtotal(l=3) ave= 0.000E+00 +/- 0.00 %  % || Gg(l=0) ave= 1.026E+00 +/- 1.97 % Gg(l=1) ave= 5.026E-01 +/- 3.76 % Gg(l=2) ave= 0.000E+00 +/- 0.00 % Gg(l=3) ave= 0.000E+00 +/- 0.00 %  % || D(l=0) ave= 2.017E+04 +/- 0.00 % D(l=1) ave= 5.654E+03 +/- 2.28 % D(l=2) ave= 0.000E+00 +/- 0.00 % D(l=3) ave= 0.000E+00 +/- 0.00 %  % || S(l=0) ave= 5.306E-05 +/- 5.49 % S(l=1) ave= 4.167E-04 +/- 10.52 % S(l=2) ave= 0.000E+00 +/- 0.00 % S(l=3) ave= 0.000E+00 +/- 0.00 % 
 ... random file  107 Cap(th)  ave= 1.462E+00 b. +/- 3.80 % || Ela(th) ave= 9.188E-01 b. +/- 18.99 % || RIcap ave= 1.39E+00 b. +/- 1.75 % || Macs30 ave= 1.63E-02 b. +/- 1.22 % || Gn^0(l=0) ave= 1.848E+00 +/- 4.49 % Gn^0(l=1) ave= 1.165E+01 +/- 10.42 % Gn^0(l=2) ave= 0.000E+00 +/- 0.00 % Gn^0(l=3) ave= 0.000E+00 +/- 0.00 % || Gtotal(l=0) ave= 2.772E+02 +/- 0.00 % Gtotal(l=1) ave= 1.166E+02 +/- 2.32 % Gtotal(l=2) ave= 0.000E+00 +/- 0.00 % Gtotal(l=3) ave= 0.000E+00 +/- 0.00 %  % || Gg(l=0) ave= 1.026E+00 +/- 1.97 % Gg(l=1) ave= 5.024E-01 +/- 3.77 % Gg(l=2) ave= 0.000E+00 +/- 0.00 % Gg(l=3) ave= 0.000E+00 +/- 0.00 %  % || D(l=0) ave= 2.017E+04 +/- 0.00 % D(l=1) ave= 5.655E+03 +/- 2.28 % D(l=2) ave= 0.000E+00 +/- 0.00 % D(l=3) ave= 0.000E+00 +/- 0.00 %  % || S(l=0) ave= 5.305E-05 +/- 5.47 % S(l=1) ave= 4.165E-04 +/- 10.49 % S(l=2) ave= 0.000E+00 +/- 0.00 % S(l=3) ave= 0.000E+00 +/- 0.00 % 
 ... random file  108 Cap(th)  ave= 1.461E+00 b. +/- 3.80 % || Ela(th) ave= 9.173E-01 b. +/- 19.00 % || RIcap ave= 1.39E+00 b. +/- 1.75 % || Macs30 ave= 1.63E-02 b. +/- 1.22 % || Gn^0(l=0) ave= 1.848E+00 +/- 4.47 % Gn^0(l=1) ave= 1.166E+01 +/- 10.37 % Gn^0(l=2) ave= 0.000E+00 +/- 0.00 % Gn^0(l=3) ave= 0.000E+00 +/- 0.00 % || Gtotal(l=0) ave= 2.772E+02 +/- 0.00 % Gtotal(l=1) ave= 1.166E+02 +/- 2.32 % Gtotal(l=2) ave= 0.000E+00 +/- 0.00 % Gtotal(l=3) ave= 0.000E+00 +/- 0.00 %  % || Gg(l=0) ave= 1.026E+00 +/- 1.96 % Gg(l=1) ave= 5.023E-01 +/- 3.76 % Gg(l=2) ave= 0.000E+00 +/- 0.00 % Gg(l=3) ave= 0.000E+00 +/- 0.00 %  % || D(l=0) ave= 2.017E+04 +/- 0.00 % D(l=1) ave= 5.656E+03 +/- 2.27 % D(l=2) ave= 0.000E+00 +/- 0.00 % D(l=3) ave= 0.000E+00 +/- 0.00 %  % || S(l=0) ave= 5.305E-05 +/- 5.45 % S(l=1) ave= 4.166E-04 +/- 10.44 % S(l=2) ave= 0.000E+00 +/- 0.00 % S(l=3) ave= 0.000E+00 +/- 0.00 % 
 ... random file  109 Cap(th)  ave= 1.461E+00 b. +/- 3.79 % || Ela(th) ave= 9.173E-01 b. +/- 18.92 % || RIcap ave= 1.39E+00 b. +/- 1.74 % || Macs30 ave= 1.63E-02 b. +/- 1.21 % || Gn^0(l=0) ave= 1.847E+00 +/- 4.49 % Gn^0(l=1) ave= 1.165E+01 +/- 10.36 % Gn^0(l=2) ave= 0.000E+00 +/- 0.00 % Gn^0(l=3) ave= 0.000E+00 +/- 0.00 % || Gtotal(l=0) ave= 2.772E+02 +/- 0.00 % Gtotal(l=1) ave= 1.166E+02 +/- 2.32 % Gtotal(l=2) ave= 0.000E+00 +/- 0.00 % Gtotal(l=3) ave= 0.000E+00 +/- 0.00 %  % || Gg(l=0) ave= 1.026E+00 +/- 1.95 % Gg(l=1) ave= 5.021E-01 +/- 3.76 % Gg(l=2) ave= 0.000E+00 +/- 0.00 % Gg(l=3) ave= 0.000E+00 +/- 0.00 %  % || D(l=0) ave= 2.017E+04 +/- 0.00 % D(l=1) ave= 5.657E+03 +/- 2.27 % D(l=2) ave= 0.000E+00 +/- 0.00 % D(l=3) ave= 0.000E+00 +/- 0.00 %  % || S(l=0) ave= 5.301E-05 +/- 5.47 % S(l=1) ave= 4.162E-04 +/- 10.43 % S(l=2) ave= 0.000E+00 +/- 0.00 % S(l=3) ave= 0.000E+00 +/- 0.00 % 
 ... random file  110 Cap(th)  ave= 1.461E+00 b. +/- 3.78 % || Ela(th) ave= 9.172E-01 b. +/- 18.83 % || RIcap ave= 1.39E+00 b. +/- 1.73 % || Macs30 ave= 1.63E-02 b. +/- 1.21 % || Gn^0(l=0) ave= 1.847E+00 +/- 4.47 % Gn^0(l=1) ave= 1.164E+01 +/- 10.33 % Gn^0(l=2) ave= 0.000E+00 +/- 0.00 % Gn^0(l=3) ave= 0.000E+00 +/- 0.00 % || Gtotal(l=0) ave= 2.772E+02 +/- 0.00 % Gtotal(l=1) ave= 1.166E+02 +/- 2.32 % Gtotal(l=2) ave= 0.000E+00 +/- 0.00 % Gtotal(l=3) ave= 0.000E+00 +/- 0.00 %  % || Gg(l=0) ave= 1.026E+00 +/- 1.94 % Gg(l=1) ave= 5.022E-01 +/- 3.74 % Gg(l=2) ave= 0.000E+00 +/- 0.00 % Gg(l=3) ave= 0.000E+00 +/- 0.00 %  % || D(l=0) ave= 2.017E+04 +/- 0.00 % D(l=1) ave= 5.656E+03 +/- 2.27 % D(l=2) ave= 0.000E+00 +/- 0.00 % D(l=3) ave= 0.000E+00 +/- 0.00 %  % || S(l=0) ave= 5.301E-05 +/- 5.45 % S(l=1) ave= 4.163E-04 +/- 10.39 % S(l=2) ave= 0.000E+00 +/- 0.00 % S(l=3) ave= 0.000E+00 +/- 0.00 % 
 ... random file  111 Cap(th)  ave= 1.460E+00 b. +/- 3.81 % || Ela(th) ave= 9.157E-01 b. +/- 18.86 % || RIcap ave= 1.39E+00 b. +/- 1.75 % || Macs30 ave= 1.63E-02 b. +/- 1.20 % || Gn^0(l=0) ave= 1.847E+00 +/- 4.45 % Gn^0(l=1) ave= 1.166E+01 +/- 10.38 % Gn^0(l=2) ave= 0.000E+00 +/- 0.00 % Gn^0(l=3) ave= 0.000E+00 +/- 0.00 % || Gtotal(l=0) ave= 2.772E+02 +/- 0.00 % Gtotal(l=1) ave= 1.166E+02 +/- 2.32 % Gtotal(l=2) ave= 0.000E+00 +/- 0.00 % Gtotal(l=3) ave= 0.000E+00 +/- 0.00 %  % || Gg(l=0) ave= 1.026E+00 +/- 1.94 % Gg(l=1) ave= 5.023E-01 +/- 3.73 % Gg(l=2) ave= 0.000E+00 +/- 0.00 % Gg(l=3) ave= 0.000E+00 +/- 0.00 %  % || D(l=0) ave= 2.017E+04 +/- 0.00 % D(l=1) ave= 5.657E+03 +/- 2.27 % D(l=2) ave= 0.000E+00 +/- 0.00 % D(l=3) ave= 0.000E+00 +/- 0.00 %  % || S(l=0) ave= 5.300E-05 +/- 5.43 % S(l=1) ave= 4.168E-04 +/- 10.40 % S(l=2) ave= 0.000E+00 +/- 0.00 % S(l=3) ave= 0.000E+00 +/- 0.00 % 
 ... random file  112 Cap(th)  ave= 1.459E+00 b. +/- 3.80 % || Ela(th) ave= 9.143E-01 b. +/- 18.87 % || RIcap ave= 1.39E+00 b. +/- 1.75 % || Macs30 ave= 1.63E-02 b. +/- 1.20 % || Gn^0(l=0) ave= 1.847E+00 +/- 4.43 % Gn^0(l=1) ave= 1.166E+01 +/- 10.33 % Gn^0(l=2) ave= 0.000E+00 +/- 0.00 % Gn^0(l=3) ave= 0.000E+00 +/- 0.00 % || Gtotal(l=0) ave= 2.772E+02 +/- 0.00 % Gtotal(l=1) ave= 1.166E+02 +/- 2.32 % Gtotal(l=2) ave= 0.000E+00 +/- 0.00 % Gtotal(l=3) ave= 0.000E+00 +/- 0.00 %  % || Gg(l=0) ave= 1.026E+00 +/- 1.93 % Gg(l=1) ave= 5.022E-01 +/- 3.71 % Gg(l=2) ave= 0.000E+00 +/- 0.00 % Gg(l=3) ave= 0.000E+00 +/- 0.00 %  % || D(l=0) ave= 2.017E+04 +/- 0.00 % D(l=1) ave= 5.655E+03 +/- 2.28 % D(l=2) ave= 0.000E+00 +/- 0.00 % D(l=3) ave= 0.000E+00 +/- 0.00 %  % || S(l=0) ave= 5.302E-05 +/- 5.41 % S(l=1) ave= 4.169E-04 +/- 10.35 % S(l=2) ave= 0.000E+00 +/- 0.00 % S(l=3) ave= 0.000E+00 +/- 0.00 % 
 ... random file  113 Cap(th)  ave= 1.459E+00 b. +/- 3.83 % || Ela(th) ave= 9.127E-01 b. +/- 18.92 % || RIcap ave= 1.39E+00 b. +/- 1.75 % || Macs30 ave= 1.63E-02 b. +/- 1.20 % || Gn^0(l=0) ave= 1.847E+00 +/- 4.41 % Gn^0(l=1) ave= 1.165E+01 +/- 10.43 % Gn^0(l=2) ave= 0.000E+00 +/- 0.00 % Gn^0(l=3) ave= 0.000E+00 +/- 0.00 % || Gtotal(l=0) ave= 2.772E+02 +/- 0.00 % Gtotal(l=1) ave= 1.166E+02 +/- 2.32 % Gtotal(l=2) ave= 0.000E+00 +/- 0.00 % Gtotal(l=3) ave= 0.000E+00 +/- 0.00 %  % || Gg(l=0) ave= 1.026E+00 +/- 1.93 % Gg(l=1) ave= 5.021E-01 +/- 3.70 % Gg(l=2) ave= 0.000E+00 +/- 0.00 % Gg(l=3) ave= 0.000E+00 +/- 0.00 %  % || D(l=0) ave= 2.017E+04 +/- 0.00 % D(l=1) ave= 5.656E+03 +/- 2.27 % D(l=2) ave= 0.000E+00 +/- 0.00 % D(l=3) ave= 0.000E+00 +/- 0.00 %  % || S(l=0) ave= 5.301E-05 +/- 5.39 % S(l=1) ave= 4.162E-04 +/- 10.49 % S(l=2) ave= 0.000E+00 +/- 0.00 % S(l=3) ave= 0.000E+00 +/- 0.00 % 
 ... random file  114 Cap(th)  ave= 1.459E+00 b. +/- 3.81 % || Ela(th) ave= 9.125E-01 b. +/- 18.84 % || RIcap ave= 1.39E+00 b. +/- 1.75 % || Macs30 ave= 1.63E-02 b. +/- 1.20 % || Gn^0(l=0) ave= 1.847E+00 +/- 4.40 % Gn^0(l=1) ave= 1.165E+01 +/- 10.39 % Gn^0(l=2) ave= 0.000E+00 +/- 0.00 % Gn^0(l=3) ave= 0.000E+00 +/- 0.00 % || Gtotal(l=0) ave= 2.772E+02 +/- 0.00 % Gtotal(l=1) ave= 1.166E+02 +/- 2.32 % Gtotal(l=2) ave= 0.000E+00 +/- 0.00 % Gtotal(l=3) ave= 0.000E+00 +/- 0.00 %  % || Gg(l=0) ave= 1.026E+00 +/- 1.96 % Gg(l=1) ave= 5.023E-01 +/- 3.70 % Gg(l=2) ave= 0.000E+00 +/- 0.00 % Gg(l=3) ave= 0.000E+00 +/- 0.00 %  % || D(l=0) ave= 2.017E+04 +/- 0.00 % D(l=1) ave= 5.655E+03 +/- 2.28 % D(l=2) ave= 0.000E+00 +/- 0.00 % D(l=3) ave= 0.000E+00 +/- 0.00 %  % || S(l=0) ave= 5.302E-05 +/- 5.37 % S(l=1) ave= 4.164E-04 +/- 10.45 % S(l=2) ave= 0.000E+00 +/- 0.00 % S(l=3) ave= 0.000E+00 +/- 0.00 % 
 ... random file  115 Cap(th)  ave= 1.459E+00 b. +/- 3.80 % || Ela(th) ave= 9.123E-01 b. +/- 18.76 % || RIcap ave= 1.39E+00 b. +/- 1.75 % || Macs30 ave= 1.63E-02 b. +/- 1.22 % || Gn^0(l=0) ave= 1.847E+00 +/- 4.38 % Gn^0(l=1) ave= 1.165E+01 +/- 10.35 % Gn^0(l=2) ave= 0.000E+00 +/- 0.00 % Gn^0(l=3) ave= 0.000E+00 +/- 0.00 % || Gtotal(l=0) ave= 2.772E+02 +/- 0.00 % Gtotal(l=1) ave= 1.166E+02 +/- 2.32 % Gtotal(l=2) ave= 0.000E+00 +/- 0.00 % Gtotal(l=3) ave= 0.000E+00 +/- 0.00 %  % || Gg(l=0) ave= 1.026E+00 +/- 1.95 % Gg(l=1) ave= 5.024E-01 +/- 3.69 % Gg(l=2) ave= 0.000E+00 +/- 0.00 % Gg(l=3) ave= 0.000E+00 +/- 0.00 %  % || D(l=0) ave= 2.017E+04 +/- 0.00 % D(l=1) ave= 5.656E+03 +/- 2.27 % D(l=2) ave= 0.000E+00 +/- 0.00 % D(l=3) ave= 0.000E+00 +/- 0.00 %  % || S(l=0) ave= 5.301E-05 +/- 5.35 % S(l=1) ave= 4.165E-04 +/- 10.41 % S(l=2) ave= 0.000E+00 +/- 0.00 % S(l=3) ave= 0.000E+00 +/- 0.00 % 
 ... random file  116 Cap(th)  ave= 1.459E+00 b. +/- 3.78 % || Ela(th) ave= 9.124E-01 b. +/- 18.68 % || RIcap ave= 1.39E+00 b. +/- 1.74 % || Macs30 ave= 1.63E-02 b. +/- 1.22 % || Gn^0(l=0) ave= 1.848E+00 +/- 4.38 % Gn^0(l=1) ave= 1.165E+01 +/- 10.31 % Gn^0(l=2) ave= 0.000E+00 +/- 0.00 % Gn^0(l=3) ave= 0.000E+00 +/- 0.00 % || Gtotal(l=0) ave= 2.772E+02 +/- 0.00 % Gtotal(l=1) ave= 1.166E+02 +/- 2.32 % Gtotal(l=2) ave= 0.000E+00 +/- 0.00 % Gtotal(l=3) ave= 0.000E+00 +/- 0.00 %  % || Gg(l=0) ave= 1.026E+00 +/- 1.94 % Gg(l=1) ave= 5.022E-01 +/- 3.68 % Gg(l=2) ave= 0.000E+00 +/- 0.00 % Gg(l=3) ave= 0.000E+00 +/- 0.00 %  % || D(l=0) ave= 2.017E+04 +/- 0.00 % D(l=1) ave= 5.657E+03 +/- 2.27 % D(l=2) ave= 0.000E+00 +/- 0.00 % D(l=3) ave= 0.000E+00 +/- 0.00 %  % || S(l=0) ave= 5.303E-05 +/- 5.34 % S(l=1) ave= 4.163E-04 +/- 10.38 % S(l=2) ave= 0.000E+00 +/- 0.00 % S(l=3) ave= 0.000E+00 +/- 0.00 % 
 ... random file  117 Cap(th)  ave= 1.459E+00 b. +/- 3.77 % || Ela(th) ave= 9.125E-01 b. +/- 18.60 % || RIcap ave= 1.39E+00 b. +/- 1.74 % || Macs30 ave= 1.63E-02 b. +/- 1.21 % || Gn^0(l=0) ave= 1.848E+00 +/- 4.36 % Gn^0(l=1) ave= 1.164E+01 +/- 10.32 % Gn^0(l=2) ave= 0.000E+00 +/- 0.00 % Gn^0(l=3) ave= 0.000E+00 +/- 0.00 % || Gtotal(l=0) ave= 2.772E+02 +/- 0.00 % Gtotal(l=1) ave= 1.166E+02 +/- 2.32 % Gtotal(l=2) ave= 0.000E+00 +/- 0.00 % Gtotal(l=3) ave= 0.000E+00 +/- 0.00 %  % || Gg(l=0) ave= 1.026E+00 +/- 1.94 % Gg(l=1) ave= 5.020E-01 +/- 3.69 % Gg(l=2) ave= 0.000E+00 +/- 0.00 % Gg(l=3) ave= 0.000E+00 +/- 0.00 %  % || D(l=0) ave= 2.017E+04 +/- 0.00 % D(l=1) ave= 5.658E+03 +/- 2.27 % D(l=2) ave= 0.000E+00 +/- 0.00 % D(l=3) ave= 0.000E+00 +/- 0.00 %  % || S(l=0) ave= 5.303E-05 +/- 5.31 % S(l=1) ave= 4.160E-04 +/- 10.37 % S(l=2) ave= 0.000E+00 +/- 0.00 % S(l=3) ave= 0.000E+00 +/- 0.00 % 
 ... random file  118 Cap(th)  ave= 1.459E+00 b. +/- 3.77 % || Ela(th) ave= 9.128E-01 b. +/- 18.52 % || RIcap ave= 1.39E+00 b. +/- 1.74 % || Macs30 ave= 1.63E-02 b. +/- 1.21 % || Gn^0(l=0) ave= 1.848E+00 +/- 4.34 % Gn^0(l=1) ave= 1.163E+01 +/- 10.30 % Gn^0(l=2) ave= 0.000E+00 +/- 0.00 % Gn^0(l=3) ave= 0.000E+00 +/- 0.00 % || Gtotal(l=0) ave= 2.772E+02 +/- 0.00 % Gtotal(l=1) ave= 1.166E+02 +/- 2.31 % Gtotal(l=2) ave= 0.000E+00 +/- 0.00 % Gtotal(l=3) ave= 0.000E+00 +/- 0.00 %  % || Gg(l=0) ave= 1.026E+00 +/- 1.93 % Gg(l=1) ave= 5.019E-01 +/- 3.69 % Gg(l=2) ave= 0.000E+00 +/- 0.00 % Gg(l=3) ave= 0.000E+00 +/- 0.00 %  % || D(l=0) ave= 2.017E+04 +/- 0.00 % D(l=1) ave= 5.659E+03 +/- 2.26 % D(l=2) ave= 0.000E+00 +/- 0.00 % D(l=3) ave= 0.000E+00 +/- 0.00 %  % || S(l=0) ave= 5.304E-05 +/- 5.30 % S(l=1) ave= 4.156E-04 +/- 10.37 % S(l=2) ave= 0.000E+00 +/- 0.00 % S(l=3) ave= 0.000E+00 +/- 0.00 % 
 ... random file  119 Cap(th)  ave= 1.459E+00 b. +/- 3.76 % || Ela(th) ave= 9.115E-01 b. +/- 18.54 % || RIcap ave= 1.39E+00 b. +/- 1.74 % || Macs30 ave= 1.63E-02 b. +/- 1.20 % || Gn^0(l=0) ave= 1.847E+00 +/- 4.33 % Gn^0(l=1) ave= 1.164E+01 +/- 10.28 % Gn^0(l=2) ave= 0.000E+00 +/- 0.00 % Gn^0(l=3) ave= 0.000E+00 +/- 0.00 % || Gtotal(l=0) ave= 2.772E+02 +/- 0.00 % Gtotal(l=1) ave= 1.166E+02 +/- 2.32 % Gtotal(l=2) ave= 0.000E+00 +/- 0.00 % Gtotal(l=3) ave= 0.000E+00 +/- 0.00 %  % || Gg(l=0) ave= 1.026E+00 +/- 1.92 % Gg(l=1) ave= 5.021E-01 +/- 3.69 % Gg(l=2) ave= 0.000E+00 +/- 0.00 % Gg(l=3) ave= 0.000E+00 +/- 0.00 %  % || D(l=0) ave= 2.017E+04 +/- 0.00 % D(l=1) ave= 5.657E+03 +/- 2.27 % D(l=2) ave= 0.000E+00 +/- 0.00 % D(l=3) ave= 0.000E+00 +/- 0.00 %  % || S(l=0) ave= 5.302E-05 +/- 5.29 % S(l=1) ave= 4.158E-04 +/- 10.34 % S(l=2) ave= 0.000E+00 +/- 0.00 % S(l=3) ave= 0.000E+00 +/- 0.00 % 
 ... random file  120 Cap(th)  ave= 1.459E+00 b. +/- 3.76 % || Ela(th) ave= 9.112E-01 b. +/- 18.47 % || RIcap ave= 1.39E+00 b. +/- 1.74 % || Macs30 ave= 1.63E-02 b. +/- 1.21 % || Gn^0(l=0) ave= 1.848E+00 +/- 4.33 % Gn^0(l=1) ave= 1.163E+01 +/- 10.33 % Gn^0(l=2) ave= 0.000E+00 +/- 0.00 % Gn^0(l=3) ave= 0.000E+00 +/- 0.00 % || Gtotal(l=0) ave= 2.772E+02 +/- 0.00 % Gtotal(l=1) ave= 1.166E+02 +/- 2.32 % Gtotal(l=2) ave= 0.000E+00 +/- 0.00 % Gtotal(l=3) ave= 0.000E+00 +/- 0.00 %  % || Gg(l=0) ave= 1.026E+00 +/- 1.93 % Gg(l=1) ave= 5.023E-01 +/- 3.70 % Gg(l=2) ave= 0.000E+00 +/- 0.00 % Gg(l=3) ave= 0.000E+00 +/- 0.00 %  % || D(l=0) ave= 2.017E+04 +/- 0.00 % D(l=1) ave= 5.656E+03 +/- 2.27 % D(l=2) ave= 0.000E+00 +/- 0.00 % D(l=3) ave= 0.000E+00 +/- 0.00 %  % || S(l=0) ave= 5.304E-05 +/- 5.28 % S(l=1) ave= 4.155E-04 +/- 10.34 % S(l=2) ave= 0.000E+00 +/- 0.00 % S(l=3) ave= 0.000E+00 +/- 0.00 % 
 ... random file  121 Cap(th)  ave= 1.460E+00 b. +/- 3.79 % || Ela(th) ave= 9.132E-01 b. +/- 18.51 % || RIcap ave= 1.39E+00 b. +/- 1.74 % || Macs30 ave= 1.63E-02 b. +/- 1.21 % || Gn^0(l=0) ave= 1.847E+00 +/- 4.32 % Gn^0(l=1) ave= 1.163E+01 +/- 10.28 % Gn^0(l=2) ave= 0.000E+00 +/- 0.00 % Gn^0(l=3) ave= 0.000E+00 +/- 0.00 % || Gtotal(l=0) ave= 2.772E+02 +/- 0.00 % Gtotal(l=1) ave= 1.166E+02 +/- 2.33 % Gtotal(l=2) ave= 0.000E+00 +/- 0.00 % Gtotal(l=3) ave= 0.000E+00 +/- 0.00 %  % || Gg(l=0) ave= 1.026E+00 +/- 1.92 % Gg(l=1) ave= 5.027E-01 +/- 3.76 % Gg(l=2) ave= 0.000E+00 +/- 0.00 % Gg(l=3) ave= 0.000E+00 +/- 0.00 %  % || D(l=0) ave= 2.017E+04 +/- 0.00 % D(l=1) ave= 5.655E+03 +/- 2.28 % D(l=2) ave= 0.000E+00 +/- 0.00 % D(l=3) ave= 0.000E+00 +/- 0.00 %  % || S(l=0) ave= 5.302E-05 +/- 5.27 % S(l=1) ave= 4.158E-04 +/- 10.31 % S(l=2) ave= 0.000E+00 +/- 0.00 % S(l=3) ave= 0.000E+00 +/- 0.00 % 
 ... random file  122 Cap(th)  ave= 1.460E+00 b. +/- 3.79 % || Ela(th) ave= 9.154E-01 b. +/- 18.59 % || RIcap ave= 1.39E+00 b. +/- 1.75 % || Macs30 ave= 1.63E-02 b. +/- 1.20 % || Gn^0(l=0) ave= 1.847E+00 +/- 4.30 % Gn^0(l=1) ave= 1.163E+01 +/- 10.25 % Gn^0(l=2) ave= 0.000E+00 +/- 0.00 % Gn^0(l=3) ave= 0.000E+00 +/- 0.00 % || Gtotal(l=0) ave= 2.772E+02 +/- 0.00 % Gtotal(l=1) ave= 1.167E+02 +/- 2.33 % Gtotal(l=2) ave= 0.000E+00 +/- 0.00 % Gtotal(l=3) ave= 0.000E+00 +/- 0.00 %  % || Gg(l=0) ave= 1.026E+00 +/- 1.92 % Gg(l=1) ave= 5.026E-01 +/- 3.75 % Gg(l=2) ave= 0.000E+00 +/- 0.00 % Gg(l=3) ave= 0.000E+00 +/- 0.00 %  % || D(l=0) ave= 2.017E+04 +/- 0.00 % D(l=1) ave= 5.653E+03 +/- 2.28 % D(l=2) ave= 0.000E+00 +/- 0.00 % D(l=3) ave= 0.000E+00 +/- 0.00 %  % || S(l=0) ave= 5.302E-05 +/- 5.25 % S(l=1) ave= 4.159E-04 +/- 10.27 % S(l=2) ave= 0.000E+00 +/- 0.00 % S(l=3) ave= 0.000E+00 +/- 0.00 % 
 ... random file  123 Cap(th)  ave= 1.460E+00 b. +/- 3.77 % || Ela(th) ave= 9.147E-01 b. +/- 18.55 % || RIcap ave= 1.39E+00 b. +/- 1.74 % || Macs30 ave= 1.63E-02 b. +/- 1.20 % || Gn^0(l=0) ave= 1.848E+00 +/- 4.29 % Gn^0(l=1) ave= 1.163E+01 +/- 10.21 % Gn^0(l=2) ave= 0.000E+00 +/- 0.00 % Gn^0(l=3) ave= 0.000E+00 +/- 0.00 % || Gtotal(l=0) ave= 2.772E+02 +/- 0.00 % Gtotal(l=1) ave= 1.166E+02 +/- 2.33 % Gtotal(l=2) ave= 0.000E+00 +/- 0.00 % Gtotal(l=3) ave= 0.000E+00 +/- 0.00 %  % || Gg(l=0) ave= 1.026E+00 +/- 1.93 % Gg(l=1) ave= 5.025E-01 +/- 3.75 % Gg(l=2) ave= 0.000E+00 +/- 0.00 % Gg(l=3) ave= 0.000E+00 +/- 0.00 %  % || D(l=0) ave= 2.017E+04 +/- 0.00 % D(l=1) ave= 5.654E+03 +/- 2.28 % D(l=2) ave= 0.000E+00 +/- 0.00 % D(l=3) ave= 0.000E+00 +/- 0.00 %  % || S(l=0) ave= 5.304E-05 +/- 5.24 % S(l=1) ave= 4.158E-04 +/- 10.23 % S(l=2) ave= 0.000E+00 +/- 0.00 % S(l=3) ave= 0.000E+00 +/- 0.00 % 
 ... random file  124 Cap(th)  ave= 1.460E+00 b. +/- 3.76 % || Ela(th) ave= 9.154E-01 b. +/- 18.48 % || RIcap ave= 1.39E+00 b. +/- 1.74 % || Macs30 ave= 1.63E-02 b. +/- 1.20 % || Gn^0(l=0) ave= 1.848E+00 +/- 4.28 % Gn^0(l=1) ave= 1.163E+01 +/- 10.17 % Gn^0(l=2) ave= 0.000E+00 +/- 0.00 % Gn^0(l=3) ave= 0.000E+00 +/- 0.00 % || Gtotal(l=0) ave= 2.772E+02 +/- 0.00 % Gtotal(l=1) ave= 1.167E+02 +/- 2.33 % Gtotal(l=2) ave= 0.000E+00 +/- 0.00 % Gtotal(l=3) ave= 0.000E+00 +/- 0.00 %  % || Gg(l=0) ave= 1.026E+00 +/- 1.93 % Gg(l=1) ave= 5.025E-01 +/- 3.74 % Gg(l=2) ave= 0.000E+00 +/- 0.00 % Gg(l=3) ave= 0.000E+00 +/- 0.00 %  % || D(l=0) ave= 2.017E+04 +/- 0.00 % D(l=1) ave= 5.653E+03 +/- 2.28 % D(l=2) ave= 0.000E+00 +/- 0.00 % D(l=3) ave= 0.000E+00 +/- 0.00 %  % || S(l=0) ave= 5.306E-05 +/- 5.23 % S(l=1) ave= 4.158E-04 +/- 10.19 % S(l=2) ave= 0.000E+00 +/- 0.00 % S(l=3) ave= 0.000E+00 +/- 0.00 % 
 ... random file  125 Cap(th)  ave= 1.461E+00 b. +/- 3.78 % || Ela(th) ave= 9.165E-01 b. +/- 18.44 % || RIcap ave= 1.39E+00 b. +/- 1.76 % || Macs30 ave= 1.63E-02 b. +/- 1.21 % || Gn^0(l=0) ave= 1.848E+00 +/- 4.27 % Gn^0(l=1) ave= 1.163E+01 +/- 10.13 % Gn^0(l=2) ave= 0.000E+00 +/- 0.00 % Gn^0(l=3) ave= 0.000E+00 +/- 0.00 % || Gtotal(l=0) ave= 2.772E+02 +/- 0.00 % Gtotal(l=1) ave= 1.166E+02 +/- 2.33 % Gtotal(l=2) ave= 0.000E+00 +/- 0.00 % Gtotal(l=3) ave= 0.000E+00 +/- 0.00 %  % || Gg(l=0) ave= 1.026E+00 +/- 1.94 % Gg(l=1) ave= 5.024E-01 +/- 3.74 % Gg(l=2) ave= 0.000E+00 +/- 0.00 % Gg(l=3) ave= 0.000E+00 +/- 0.00 %  % || D(l=0) ave= 2.017E+04 +/- 0.00 % D(l=1) ave= 5.654E+03 +/- 2.28 % D(l=2) ave= 0.000E+00 +/- 0.00 % D(l=3) ave= 0.000E+00 +/- 0.00 %  % || S(l=0) ave= 5.304E-05 +/- 5.23 % S(l=1) ave= 4.159E-04 +/- 10.15 % S(l=2) ave= 0.000E+00 +/- 0.00 % S(l=3) ave= 0.000E+00 +/- 0.00 % 
 ... random file  126 Cap(th)  ave= 1.462E+00 b. +/- 3.79 % || Ela(th) ave= 9.181E-01 b. +/- 18.44 % || RIcap ave= 1.39E+00 b. +/- 1.76 % || Macs30 ave= 1.63E-02 b. +/- 1.20 % || Gn^0(l=0) ave= 1.848E+00 +/- 4.26 % Gn^0(l=1) ave= 1.162E+01 +/- 10.16 % Gn^0(l=2) ave= 0.000E+00 +/- 0.00 % Gn^0(l=3) ave= 0.000E+00 +/- 0.00 % || Gtotal(l=0) ave= 2.772E+02 +/- 0.00 % Gtotal(l=1) ave= 1.167E+02 +/- 2.33 % Gtotal(l=2) ave= 0.000E+00 +/- 0.00 % Gtotal(l=3) ave= 0.000E+00 +/- 0.00 %  % || Gg(l=0) ave= 1.026E+00 +/- 1.94 % Gg(l=1) ave= 5.025E-01 +/- 3.73 % Gg(l=2) ave= 0.000E+00 +/- 0.00 % Gg(l=3) ave= 0.000E+00 +/- 0.00 %  % || D(l=0) ave= 2.017E+04 +/- 0.00 % D(l=1) ave= 5.653E+03 +/- 2.28 % D(l=2) ave= 0.000E+00 +/- 0.00 % D(l=3) ave= 0.000E+00 +/- 0.00 %  % || S(l=0) ave= 5.303E-05 +/- 5.21 % S(l=1) ave= 4.156E-04 +/- 10.14 % S(l=2) ave= 0.000E+00 +/- 0.00 % S(l=3) ave= 0.000E+00 +/- 0.00 % 
 ... random file  127 Cap(th)  ave= 1.461E+00 b. +/- 3.79 % || Ela(th) ave= 9.178E-01 b. +/- 18.37 % || RIcap ave= 1.39E+00 b. +/- 1.76 % || Macs30 ave= 1.63E-02 b. +/- 1.20 % || Gn^0(l=0) ave= 1.849E+00 +/- 4.35 % Gn^0(l=1) ave= 1.162E+01 +/- 10.12 % Gn^0(l=2) ave= 0.000E+00 +/- 0.00 % Gn^0(l=3) ave= 0.000E+00 +/- 0.00 % || Gtotal(l=0) ave= 2.772E+02 +/- 0.00 % Gtotal(l=1) ave= 1.167E+02 +/- 2.33 % Gtotal(l=2) ave= 0.000E+00 +/- 0.00 % Gtotal(l=3) ave= 0.000E+00 +/- 0.00 %  % || Gg(l=0) ave= 1.026E+00 +/- 1.93 % Gg(l=1) ave= 5.027E-01 +/- 3.76 % Gg(l=2) ave= 0.000E+00 +/- 0.00 % Gg(l=3) ave= 0.000E+00 +/- 0.00 %  % || D(l=0) ave= 2.017E+04 +/- 0.00 % D(l=1) ave= 5.651E+03 +/- 2.29 % D(l=2) ave= 0.000E+00 +/- 0.00 % D(l=3) ave= 0.000E+00 +/- 0.00 %  % || S(l=0) ave= 5.309E-05 +/- 5.33 % S(l=1) ave= 4.158E-04 +/- 10.11 % S(l=2) ave= 0.000E+00 +/- 0.00 % S(l=3) ave= 0.000E+00 +/- 0.00 % 
 ... random file  128 Cap(th)  ave= 1.461E+00 b. +/- 3.78 % || Ela(th) ave= 9.162E-01 b. +/- 18.44 % || RIcap ave= 1.39E+00 b. +/- 1.76 % || Macs30 ave= 1.63E-02 b. +/- 1.19 % || Gn^0(l=0) ave= 1.850E+00 +/- 4.34 % Gn^0(l=1) ave= 1.161E+01 +/- 10.09 % Gn^0(l=2) ave= 0.000E+00 +/- 0.00 % Gn^0(l=3) ave= 0.000E+00 +/- 0.00 % || Gtotal(l=0) ave= 2.772E+02 +/- 0.00 % Gtotal(l=1) ave= 1.167E+02 +/- 2.33 % Gtotal(l=2) ave= 0.000E+00 +/- 0.00 % Gtotal(l=3) ave= 0.000E+00 +/- 0.00 %  % || Gg(l=0) ave= 1.026E+00 +/- 1.93 % Gg(l=1) ave= 5.026E-01 +/- 3.76 % Gg(l=2) ave= 0.000E+00 +/- 0.00 % Gg(l=3) ave= 0.000E+00 +/- 0.00 %  % || D(l=0) ave= 2.017E+04 +/- 0.00 % D(l=1) ave= 5.652E+03 +/- 2.29 % D(l=2) ave= 0.000E+00 +/- 0.00 % D(l=3) ave= 0.000E+00 +/- 0.00 %  % || S(l=0) ave= 5.311E-05 +/- 5.32 % S(l=1) ave= 4.156E-04 +/- 10.10 % S(l=2) ave= 0.000E+00 +/- 0.00 % S(l=3) ave= 0.000E+00 +/- 0.00 % 
 ... random file  129 Cap(th)  ave= 1.461E+00 b. +/- 3.77 % || Ela(th) ave= 9.164E-01 b. +/- 18.36 % || RIcap ave= 1.39E+00 b. +/- 1.76 % || Macs30 ave= 1.63E-02 b. +/- 1.19 % || Gn^0(l=0) ave= 1.851E+00 +/- 4.40 % Gn^0(l=1) ave= 1.160E+01 +/- 10.12 % Gn^0(l=2) ave= 0.000E+00 +/- 0.00 % Gn^0(l=3) ave= 0.000E+00 +/- 0.00 % || Gtotal(l=0) ave= 2.772E+02 +/- 0.00 % Gtotal(l=1) ave= 1.167E+02 +/- 2.33 % Gtotal(l=2) ave= 0.000E+00 +/- 0.00 % Gtotal(l=3) ave= 0.000E+00 +/- 0.00 %  % || Gg(l=0) ave= 1.026E+00 +/- 1.92 % Gg(l=1) ave= 5.025E-01 +/- 3.75 % Gg(l=2) ave= 0.000E+00 +/- 0.00 % Gg(l=3) ave= 0.000E+00 +/- 0.00 %  % || D(l=0) ave= 2.017E+04 +/- 0.00 % D(l=1) ave= 5.653E+03 +/- 2.28 % D(l=2) ave= 0.000E+00 +/- 0.00 % D(l=3) ave= 0.000E+00 +/- 0.00 %  % || S(l=0) ave= 5.315E-05 +/- 5.39 % S(l=1) ave= 4.151E-04 +/- 10.15 % S(l=2) ave= 0.000E+00 +/- 0.00 % S(l=3) ave= 0.000E+00 +/- 0.00 % 
 ... random file  130 Cap(th)  ave= 1.462E+00 b. +/- 3.81 % || Ela(th) ave= 9.169E-01 b. +/- 18.29 % || RIcap ave= 1.39E+00 b. +/- 1.77 % || Macs30 ave= 1.63E-02 b. +/- 1.19 % || Gn^0(l=0) ave= 1.851E+00 +/- 4.39 % Gn^0(l=1) ave= 1.161E+01 +/- 10.08 % Gn^0(l=2) ave= 0.000E+00 +/- 0.00 % Gn^0(l=3) ave= 0.000E+00 +/- 0.00 % || Gtotal(l=0) ave= 2.772E+02 +/- 0.00 % Gtotal(l=1) ave= 1.167E+02 +/- 2.33 % Gtotal(l=2) ave= 0.000E+00 +/- 0.00 % Gtotal(l=3) ave= 0.000E+00 +/- 0.00 %  % || Gg(l=0) ave= 1.026E+00 +/- 1.92 % Gg(l=1) ave= 5.025E-01 +/- 3.73 % Gg(l=2) ave= 0.000E+00 +/- 0.00 % Gg(l=3) ave= 0.000E+00 +/- 0.00 %  % || D(l=0) ave= 2.017E+04 +/- 0.00 % D(l=1) ave= 5.652E+03 +/- 2.29 % D(l=2) ave= 0.000E+00 +/- 0.00 % D(l=3) ave= 0.000E+00 +/- 0.00 %  % || S(l=0) ave= 5.315E-05 +/- 5.37 % S(l=1) ave= 4.154E-04 +/- 10.13 % S(l=2) ave= 0.000E+00 +/- 0.00 % S(l=3) ave= 0.000E+00 +/- 0.00 % 
 ... random file  131 Cap(th)  ave= 1.461E+00 b. +/- 3.80 % || Ela(th) ave= 9.162E-01 b. +/- 18.26 % || RIcap ave= 1.39E+00 b. +/- 1.76 % || Macs30 ave= 1.63E-02 b. +/- 1.19 % || Gn^0(l=0) ave= 1.851E+00 +/- 4.37 % Gn^0(l=1) ave= 1.160E+01 +/- 10.06 % Gn^0(l=2) ave= 0.000E+00 +/- 0.00 % Gn^0(l=3) ave= 0.000E+00 +/- 0.00 % || Gtotal(l=0) ave= 2.772E+02 +/- 0.00 % Gtotal(l=1) ave= 1.167E+02 +/- 2.34 % Gtotal(l=2) ave= 0.000E+00 +/- 0.00 % Gtotal(l=3) ave= 0.000E+00 +/- 0.00 %  % || Gg(l=0) ave= 1.027E+00 +/- 1.92 % Gg(l=1) ave= 5.027E-01 +/- 3.76 % Gg(l=2) ave= 0.000E+00 +/- 0.00 % Gg(l=3) ave= 0.000E+00 +/- 0.00 %  % || D(l=0) ave= 2.017E+04 +/- 0.00 % D(l=1) ave= 5.651E+03 +/- 2.29 % D(l=2) ave= 0.000E+00 +/- 0.00 % D(l=3) ave= 0.000E+00 +/- 0.00 %  % || S(l=0) ave= 5.314E-05 +/- 5.36 % S(l=1) ave= 4.154E-04 +/- 10.09 % S(l=2) ave= 0.000E+00 +/- 0.00 % S(l=3) ave= 0.000E+00 +/- 0.00 % 
 ... random file  132 Cap(th)  ave= 1.462E+00 b. +/- 3.80 % || Ela(th) ave= 9.164E-01 b. +/- 18.19 % || RIcap ave= 1.39E+00 b. +/- 1.77 % || Macs30 ave= 1.63E-02 b. +/- 1.19 % || Gn^0(l=0) ave= 1.851E+00 +/- 4.36 % Gn^0(l=1) ave= 1.161E+01 +/- 10.05 % Gn^0(l=2) ave= 0.000E+00 +/- 0.00 % Gn^0(l=3) ave= 0.000E+00 +/- 0.00 % || Gtotal(l=0) ave= 2.772E+02 +/- 0.00 % Gtotal(l=1) ave= 1.167E+02 +/- 2.33 % Gtotal(l=2) ave= 0.000E+00 +/- 0.00 % Gtotal(l=3) ave= 0.000E+00 +/- 0.00 %  % || Gg(l=0) ave= 1.027E+00 +/- 1.92 % Gg(l=1) ave= 5.028E-01 +/- 3.74 % Gg(l=2) ave= 0.000E+00 +/- 0.00 % Gg(l=3) ave= 0.000E+00 +/- 0.00 %  % || D(l=0) ave= 2.017E+04 +/- 0.00 % D(l=1) ave= 5.652E+03 +/- 2.29 % D(l=2) ave= 0.000E+00 +/- 0.00 % D(l=3) ave= 0.000E+00 +/- 0.00 %  % || S(l=0) ave= 5.315E-05 +/- 5.34 % S(l=1) ave= 4.154E-04 +/- 10.05 % S(l=2) ave= 0.000E+00 +/- 0.00 % S(l=3) ave= 0.000E+00 +/- 0.00 % 
 ... random file  133 Cap(th)  ave= 1.461E+00 b. +/- 3.84 % || Ela(th) ave= 9.144E-01 b. +/- 18.33 % || RIcap ave= 1.39E+00 b. +/- 1.78 % || Macs30 ave= 1.63E-02 b. +/- 1.18 % || Gn^0(l=0) ave= 1.850E+00 +/- 4.37 % Gn^0(l=1) ave= 1.163E+01 +/- 10.16 % Gn^0(l=2) ave= 0.000E+00 +/- 0.00 % Gn^0(l=3) ave= 0.000E+00 +/- 0.00 % || Gtotal(l=0) ave= 2.772E+02 +/- 0.00 % Gtotal(l=1) ave= 1.167E+02 +/- 2.34 % Gtotal(l=2) ave= 0.000E+00 +/- 0.00 % Gtotal(l=3) ave= 0.000E+00 +/- 0.00 %  % || Gg(l=0) ave= 1.027E+00 +/- 1.91 % Gg(l=1) ave= 5.030E-01 +/- 3.77 % Gg(l=2) ave= 0.000E+00 +/- 0.00 % Gg(l=3) ave= 0.000E+00 +/- 0.00 %  % || D(l=0) ave= 2.017E+04 +/- 0.00 % D(l=1) ave= 5.651E+03 +/- 2.29 % D(l=2) ave= 0.000E+00 +/- 0.00 % D(l=3) ave= 0.000E+00 +/- 0.00 %  % || S(l=0) ave= 5.313E-05 +/- 5.35 % S(l=1) ave= 4.160E-04 +/- 10.13 % S(l=2) ave= 0.000E+00 +/- 0.00 % S(l=3) ave= 0.000E+00 +/- 0.00 % 
 ... random file  134 Cap(th)  ave= 1.461E+00 b. +/- 3.82 % || Ela(th) ave= 9.141E-01 b. +/- 18.27 % || RIcap ave= 1.39E+00 b. +/- 1.78 % || Macs30 ave= 1.63E-02 b. +/- 1.18 % || Gn^0(l=0) ave= 1.849E+00 +/- 4.37 % Gn^0(l=1) ave= 1.163E+01 +/- 10.13 % Gn^0(l=2) ave= 0.000E+00 +/- 0.00 % Gn^0(l=3) ave= 0.000E+00 +/- 0.00 % || Gtotal(l=0) ave= 2.772E+02 +/- 0.00 % Gtotal(l=1) ave= 1.167E+02 +/- 2.34 % Gtotal(l=2) ave= 0.000E+00 +/- 0.00 % Gtotal(l=3) ave= 0.000E+00 +/- 0.00 %  % || Gg(l=0) ave= 1.027E+00 +/- 1.91 % Gg(l=1) ave= 5.031E-01 +/- 3.76 % Gg(l=2) ave= 0.000E+00 +/- 0.00 % Gg(l=3) ave= 0.000E+00 +/- 0.00 %  % || D(l=0) ave= 2.017E+04 +/- 0.00 % D(l=1) ave= 5.649E+03 +/- 2.29 % D(l=2) ave= 0.000E+00 +/- 0.00 % D(l=3) ave= 0.000E+00 +/- 0.00 %  % || S(l=0) ave= 5.311E-05 +/- 5.36 % S(l=1) ave= 4.164E-04 +/- 10.14 % S(l=2) ave= 0.000E+00 +/- 0.00 % S(l=3) ave= 0.000E+00 +/- 0.00 % 
 ... random file  135 Cap(th)  ave= 1.461E+00 b. +/- 3.81 % || Ela(th) ave= 9.148E-01 b. +/- 18.21 % || RIcap ave= 1.39E+00 b. +/- 1.77 % || Macs30 ave= 1.63E-02 b. +/- 1.18 % || Gn^0(l=0) ave= 1.849E+00 +/- 4.36 % Gn^0(l=1) ave= 1.163E+01 +/- 10.12 % Gn^0(l=2) ave= 0.000E+00 +/- 0.00 % Gn^0(l=3) ave= 0.000E+00 +/- 0.00 % || Gtotal(l=0) ave= 2.772E+02 +/- 0.00 % Gtotal(l=1) ave= 1.167E+02 +/- 2.34 % Gtotal(l=2) ave= 0.000E+00 +/- 0.00 % Gtotal(l=3) ave= 0.000E+00 +/- 0.00 %  % || Gg(l=0) ave= 1.027E+00 +/- 1.90 % Gg(l=1) ave= 5.029E-01 +/- 3.77 % Gg(l=2) ave= 0.000E+00 +/- 0.00 % Gg(l=3) ave= 0.000E+00 +/- 0.00 %  % || D(l=0) ave= 2.017E+04 +/- 0.00 % D(l=1) ave= 5.650E+03 +/- 2.29 % D(l=2) ave= 0.000E+00 +/- 0.00 % D(l=3) ave= 0.000E+00 +/- 0.00 %  % || S(l=0) ave= 5.310E-05 +/- 5.34 % S(l=1) ave= 4.161E-04 +/- 10.14 % S(l=2) ave= 0.000E+00 +/- 0.00 % S(l=3) ave= 0.000E+00 +/- 0.00 % 
 ... random file  136 Cap(th)  ave= 1.461E+00 b. +/- 3.80 % || Ela(th) ave= 9.132E-01 b. +/- 18.30 % || RIcap ave= 1.39E+00 b. +/- 1.76 % || Macs30 ave= 1.63E-02 b. +/- 1.17 % || Gn^0(l=0) ave= 1.849E+00 +/- 4.35 % Gn^0(l=1) ave= 1.162E+01 +/- 10.13 % Gn^0(l=2) ave= 0.000E+00 +/- 0.00 % Gn^0(l=3) ave= 0.000E+00 +/- 0.00 % || Gtotal(l=0) ave= 2.772E+02 +/- 0.00 % Gtotal(l=1) ave= 1.167E+02 +/- 2.34 % Gtotal(l=2) ave= 0.000E+00 +/- 0.00 % Gtotal(l=3) ave= 0.000E+00 +/- 0.00 %  % || Gg(l=0) ave= 1.027E+00 +/- 1.90 % Gg(l=1) ave= 5.029E-01 +/- 3.76 % Gg(l=2) ave= 0.000E+00 +/- 0.00 % Gg(l=3) ave= 0.000E+00 +/- 0.00 %  % || D(l=0) ave= 2.017E+04 +/- 0.00 % D(l=1) ave= 5.649E+03 +/- 2.30 % D(l=2) ave= 0.000E+00 +/- 0.00 % D(l=3) ave= 0.000E+00 +/- 0.00 %  % || S(l=0) ave= 5.308E-05 +/- 5.33 % S(l=1) ave= 4.158E-04 +/- 10.14 % S(l=2) ave= 0.000E+00 +/- 0.00 % S(l=3) ave= 0.000E+00 +/- 0.00 % 
 ... random file  137 Cap(th)  ave= 1.461E+00 b. +/- 3.78 % || Ela(th) ave= 9.136E-01 b. +/- 18.23 % || RIcap ave= 1.39E+00 b. +/- 1.76 % || Macs30 ave= 1.63E-02 b. +/- 1.18 % || Gn^0(l=0) ave= 1.848E+00 +/- 4.36 % Gn^0(l=1) ave= 1.162E+01 +/- 10.09 % Gn^0(l=2) ave= 0.000E+00 +/- 0.00 % Gn^0(l=3) ave= 0.000E+00 +/- 0.00 % || Gtotal(l=0) ave= 2.772E+02 +/- 0.00 % Gtotal(l=1) ave= 1.167E+02 +/- 2.34 % Gtotal(l=2) ave= 0.000E+00 +/- 0.00 % Gtotal(l=3) ave= 0.000E+00 +/- 0.00 %  % || Gg(l=0) ave= 1.027E+00 +/- 1.91 % Gg(l=1) ave= 5.027E-01 +/- 3.77 % Gg(l=2) ave= 0.000E+00 +/- 0.00 % Gg(l=3) ave= 0.000E+00 +/- 0.00 %  % || D(l=0) ave= 2.017E+04 +/- 0.00 % D(l=1) ave= 5.650E+03 +/- 2.29 % D(l=2) ave= 0.000E+00 +/- 0.00 % D(l=3) ave= 0.000E+00 +/- 0.00 %  % || S(l=0) ave= 5.306E-05 +/- 5.34 % S(l=1) ave= 4.158E-04 +/- 10.10 % S(l=2) ave= 0.000E+00 +/- 0.00 % S(l=3) ave= 0.000E+00 +/- 0.00 % 
 ... random file  138 Cap(th)  ave= 1.462E+00 b. +/- 3.84 % || Ela(th) ave= 9.146E-01 b. +/- 18.19 % || RIcap ave= 1.39E+00 b. +/- 1.78 % || Macs30 ave= 1.63E-02 b. +/- 1.18 % || Gn^0(l=0) ave= 1.849E+00 +/- 4.41 % Gn^0(l=1) ave= 1.162E+01 +/- 10.05 % Gn^0(l=2) ave= 0.000E+00 +/- 0.00 % Gn^0(l=3) ave= 0.000E+00 +/- 0.00 % || Gtotal(l=0) ave= 2.772E+02 +/- 0.00 % Gtotal(l=1) ave= 1.167E+02 +/- 2.34 % Gtotal(l=2) ave= 0.000E+00 +/- 0.00 % Gtotal(l=3) ave= 0.000E+00 +/- 0.00 %  % || Gg(l=0) ave= 1.028E+00 +/- 1.93 % Gg(l=1) ave= 5.026E-01 +/- 3.76 % Gg(l=2) ave= 0.000E+00 +/- 0.00 % Gg(l=3) ave= 0.000E+00 +/- 0.00 %  % || D(l=0) ave= 2.017E+04 +/- 0.00 % D(l=1) ave= 5.651E+03 +/- 2.29 % D(l=2) ave= 0.000E+00 +/- 0.00 % D(l=3) ave= 0.000E+00 +/- 0.00 %  % || S(l=0) ave= 5.310E-05 +/- 5.39 % S(l=1) ave= 4.157E-04 +/- 10.07 % S(l=2) ave= 0.000E+00 +/- 0.00 % S(l=3) ave= 0.000E+00 +/- 0.00 % 
 ... random file  139 Cap(th)  ave= 1.462E+00 b. +/- 3.83 % || Ela(th) ave= 9.140E-01 b. +/- 18.15 % || RIcap ave= 1.39E+00 b. +/- 1.79 % || Macs30 ave= 1.63E-02 b. +/- 1.20 % || Gn^0(l=0) ave= 1.849E+00 +/- 4.41 % Gn^0(l=1) ave= 1.162E+01 +/- 10.02 % Gn^0(l=2) ave= 0.000E+00 +/- 0.00 % Gn^0(l=3) ave= 0.000E+00 +/- 0.00 % || Gtotal(l=0) ave= 2.772E+02 +/- 0.00 % Gtotal(l=1) ave= 1.167E+02 +/- 2.33 % Gtotal(l=2) ave= 0.000E+00 +/- 0.00 % Gtotal(l=3) ave= 0.000E+00 +/- 0.00 %  % || Gg(l=0) ave= 1.027E+00 +/- 1.93 % Gg(l=1) ave= 5.024E-01 +/- 3.77 % Gg(l=2) ave= 0.000E+00 +/- 0.00 % Gg(l=3) ave= 0.000E+00 +/- 0.00 %  % || D(l=0) ave= 2.017E+04 +/- 0.00 % D(l=1) ave= 5.652E+03 +/- 2.29 % D(l=2) ave= 0.000E+00 +/- 0.00 % D(l=3) ave= 0.000E+00 +/- 0.00 %  % || S(l=0) ave= 5.309E-05 +/- 5.38 % S(l=1) ave= 4.157E-04 +/- 10.04 % S(l=2) ave= 0.000E+00 +/- 0.00 % S(l=3) ave= 0.000E+00 +/- 0.00 % 
 ... random file  140 Cap(th)  ave= 1.461E+00 b. +/- 3.83 % || Ela(th) ave= 9.141E-01 b. +/- 18.08 % || RIcap ave= 1.39E+00 b. +/- 1.79 % || Macs30 ave= 1.63E-02 b. +/- 1.21 % || Gn^0(l=0) ave= 1.848E+00 +/- 4.40 % Gn^0(l=1) ave= 1.162E+01 +/- 9.98 % Gn^0(l=2) ave= 0.000E+00 +/- 0.00 % Gn^0(l=3) ave= 0.000E+00 +/- 0.00 % || Gtotal(l=0) ave= 2.772E+02 +/- 0.00 % Gtotal(l=1) ave= 1.167E+02 +/- 2.34 % Gtotal(l=2) ave= 0.000E+00 +/- 0.00 % Gtotal(l=3) ave= 0.000E+00 +/- 0.00 %  % || Gg(l=0) ave= 1.028E+00 +/- 1.94 % Gg(l=1) ave= 5.027E-01 +/- 3.83 % Gg(l=2) ave= 0.000E+00 +/- 0.00 % Gg(l=3) ave= 0.000E+00 +/- 0.00 %  % || D(l=0) ave= 2.017E+04 +/- 0.00 % D(l=1) ave= 5.651E+03 +/- 2.29 % D(l=2) ave= 0.000E+00 +/- 0.00 % D(l=3) ave= 0.000E+00 +/- 0.00 %  % || S(l=0) ave= 5.308E-05 +/- 5.36 % S(l=1) ave= 4.159E-04 +/- 10.01 % S(l=2) ave= 0.000E+00 +/- 0.00 % S(l=3) ave= 0.000E+00 +/- 0.00 % 
 ... random file  141 Cap(th)  ave= 1.462E+00 b. +/- 3.84 % || Ela(th) ave= 9.147E-01 b. +/- 18.02 % || RIcap ave= 1.39E+00 b. +/- 1.80 % || Macs30 ave= 1.63E-02 b. +/- 1.22 % || Gn^0(l=0) ave= 1.848E+00 +/- 4.40 % Gn^0(l=1) ave= 1.162E+01 +/- 9.95 % Gn^0(l=2) ave= 0.000E+00 +/- 0.00 % Gn^0(l=3) ave= 0.000E+00 +/- 0.00 % || Gtotal(l=0) ave= 2.772E+02 +/- 0.00 % Gtotal(l=1) ave= 1.167E+02 +/- 2.34 % Gtotal(l=2) ave= 0.000E+00 +/- 0.00 % Gtotal(l=3) ave= 0.000E+00 +/- 0.00 %  % || Gg(l=0) ave= 1.028E+00 +/- 1.95 % Gg(l=1) ave= 5.027E-01 +/- 3.81 % Gg(l=2) ave= 0.000E+00 +/- 0.00 % Gg(l=3) ave= 0.000E+00 +/- 0.00 %  % || D(l=0) ave= 2.017E+04 +/- 0.00 % D(l=1) ave= 5.649E+03 +/- 2.29 % D(l=2) ave= 0.000E+00 +/- 0.00 % D(l=3) ave= 0.000E+00 +/- 0.00 %  % || S(l=0) ave= 5.305E-05 +/- 5.37 % S(l=1) ave= 4.159E-04 +/- 9.98 % S(l=2) ave= 0.000E+00 +/- 0.00 % S(l=3) ave= 0.000E+00 +/- 0.00 % 
 ... random file  142 Cap(th)  ave= 1.462E+00 b. +/- 3.84 % || Ela(th) ave= 9.137E-01 b. +/- 18.03 % || RIcap ave= 1.39E+00 b. +/- 1.80 % || Macs30 ave= 1.63E-02 b. +/- 1.24 % || Gn^0(l=0) ave= 1.848E+00 +/- 4.38 % Gn^0(l=1) ave= 1.161E+01 +/- 10.00 % Gn^0(l=2) ave= 0.000E+00 +/- 0.00 % Gn^0(l=3) ave= 0.000E+00 +/- 0.00 % || Gtotal(l=0) ave= 2.772E+02 +/- 0.00 % Gtotal(l=1) ave= 1.167E+02 +/- 2.34 % Gtotal(l=2) ave= 0.000E+00 +/- 0.00 % Gtotal(l=3) ave= 0.000E+00 +/- 0.00 %  % || Gg(l=0) ave= 1.028E+00 +/- 1.97 % Gg(l=1) ave= 5.027E-01 +/- 3.80 % Gg(l=2) ave= 0.000E+00 +/- 0.00 % Gg(l=3) ave= 0.000E+00 +/- 0.00 %  % || D(l=0) ave= 2.017E+04 +/- 0.00 % D(l=1) ave= 5.650E+03 +/- 2.29 % D(l=2) ave= 0.000E+00 +/- 0.00 % D(l=3) ave= 0.000E+00 +/- 0.00 %  % || S(l=0) ave= 5.305E-05 +/- 5.35 % S(l=1) ave= 4.154E-04 +/- 10.06 % S(l=2) ave= 0.000E+00 +/- 0.00 % S(l=3) ave= 0.000E+00 +/- 0.00 % 
 ... random file  143 Cap(th)  ave= 1.462E+00 b. +/- 3.83 % || Ela(th) ave= 9.140E-01 b. +/- 17.97 % || RIcap ave= 1.39E+00 b. +/- 1.80 % || Macs30 ave= 1.63E-02 b. +/- 1.24 % || Gn^0(l=0) ave= 1.848E+00 +/- 4.37 % Gn^0(l=1) ave= 1.160E+01 +/- 9.98 % Gn^0(l=2) ave= 0.000E+00 +/- 0.00 % Gn^0(l=3) ave= 0.000E+00 +/- 0.00 % || Gtotal(l=0) ave= 2.772E+02 +/- 0.00 % Gtotal(l=1) ave= 1.167E+02 +/- 2.33 % Gtotal(l=2) ave= 0.000E+00 +/- 0.00 % Gtotal(l=3) ave= 0.000E+00 +/- 0.00 %  % || Gg(l=0) ave= 1.028E+00 +/- 1.98 % Gg(l=1) ave= 5.027E-01 +/- 3.79 % Gg(l=2) ave= 0.000E+00 +/- 0.00 % Gg(l=3) ave= 0.000E+00 +/- 0.00 %  % || D(l=0) ave= 2.017E+04 +/- 0.00 % D(l=1) ave= 5.651E+03 +/- 2.29 % D(l=2) ave= 0.000E+00 +/- 0.00 % D(l=3) ave= 0.000E+00 +/- 0.00 %  % || S(l=0) ave= 5.304E-05 +/- 5.34 % S(l=1) ave= 4.151E-04 +/- 10.05 % S(l=2) ave= 0.000E+00 +/- 0.00 % S(l=3) ave= 0.000E+00 +/- 0.00 % 
 ... random file  144 Cap(th)  ave= 1.462E+00 b. +/- 3.82 % || Ela(th) ave= 9.135E-01 b. +/- 17.93 % || RIcap ave= 1.39E+00 b. +/- 1.79 % || Macs30 ave= 1.63E-02 b. +/- 1.24 % || Gn^0(l=0) ave= 1.847E+00 +/- 4.37 % Gn^0(l=1) ave= 1.161E+01 +/- 9.97 % Gn^0(l=2) ave= 0.000E+00 +/- 0.00 % Gn^0(l=3) ave= 0.000E+00 +/- 0.00 % || Gtotal(l=0) ave= 2.772E+02 +/- 0.00 % Gtotal(l=1) ave= 1.167E+02 +/- 2.33 % Gtotal(l=2) ave= 0.000E+00 +/- 0.00 % Gtotal(l=3) ave= 0.000E+00 +/- 0.00 %  % || Gg(l=0) ave= 1.028E+00 +/- 1.97 % Gg(l=1) ave= 5.026E-01 +/- 3.79 % Gg(l=2) ave= 0.000E+00 +/- 0.00 % Gg(l=3) ave= 0.000E+00 +/- 0.00 %  % || D(l=0) ave= 2.017E+04 +/- 0.00 % D(l=1) ave= 5.652E+03 +/- 2.29 % D(l=2) ave= 0.000E+00 +/- 0.00 % D(l=3) ave= 0.000E+00 +/- 0.00 %  % || S(l=0) ave= 5.303E-05 +/- 5.34 % S(l=1) ave= 4.153E-04 +/- 10.02 % S(l=2) ave= 0.000E+00 +/- 0.00 % S(l=3) ave= 0.000E+00 +/- 0.00 % 
 ... random file  145 Cap(th)  ave= 1.462E+00 b. +/- 3.81 % || Ela(th) ave= 9.138E-01 b. +/- 17.87 % || RIcap ave= 1.39E+00 b. +/- 1.79 % || Macs30 ave= 1.63E-02 b. +/- 1.24 % || Gn^0(l=0) ave= 1.847E+00 +/- 4.36 % Gn^0(l=1) ave= 1.160E+01 +/- 9.98 % Gn^0(l=2) ave= 0.000E+00 +/- 0.00 % Gn^0(l=3) ave= 0.000E+00 +/- 0.00 % || Gtotal(l=0) ave= 2.772E+02 +/- 0.00 % Gtotal(l=1) ave= 1.167E+02 +/- 2.33 % Gtotal(l=2) ave= 0.000E+00 +/- 0.00 % Gtotal(l=3) ave= 0.000E+00 +/- 0.00 %  % || Gg(l=0) ave= 1.028E+00 +/- 1.97 % Gg(l=1) ave= 5.026E-01 +/- 3.78 % Gg(l=2) ave= 0.000E+00 +/- 0.00 % Gg(l=3) ave= 0.000E+00 +/- 0.00 %  % || D(l=0) ave= 2.017E+04 +/- 0.00 % D(l=1) ave= 5.653E+03 +/- 2.29 % D(l=2) ave= 0.000E+00 +/- 0.00 % D(l=3) ave= 0.000E+00 +/- 0.00 %  % || S(l=0) ave= 5.302E-05 +/- 5.32 % S(l=1) ave= 4.148E-04 +/- 10.08 % S(l=2) ave= 0.000E+00 +/- 0.00 % S(l=3) ave= 0.000E+00 +/- 0.00 % 
 ... random file  146 Cap(th)  ave= 1.462E+00 b. +/- 3.80 % || Ela(th) ave= 9.133E-01 b. +/- 17.83 % || RIcap ave= 1.39E+00 b. +/- 1.78 % || Macs30 ave= 1.63E-02 b. +/- 1.24 % || Gn^0(l=0) ave= 1.847E+00 +/- 4.35 % Gn^0(l=1) ave= 1.160E+01 +/- 9.95 % Gn^0(l=2) ave= 0.000E+00 +/- 0.00 % Gn^0(l=3) ave= 0.000E+00 +/- 0.00 % || Gtotal(l=0) ave= 2.772E+02 +/- 0.00 % Gtotal(l=1) ave= 1.167E+02 +/- 2.33 % Gtotal(l=2) ave= 0.000E+00 +/- 0.00 % Gtotal(l=3) ave= 0.000E+00 +/- 0.00 %  % || Gg(l=0) ave= 1.028E+00 +/- 1.96 % Gg(l=1) ave= 5.026E-01 +/- 3.77 % Gg(l=2) ave= 0.000E+00 +/- 0.00 % Gg(l=3) ave= 0.000E+00 +/- 0.00 %  % || D(l=0) ave= 2.017E+04 +/- 0.00 % D(l=1) ave= 5.653E+03 +/- 2.28 % D(l=2) ave= 0.000E+00 +/- 0.00 % D(l=3) ave= 0.000E+00 +/- 0.00 %  % || S(l=0) ave= 5.303E-05 +/- 5.31 % S(l=1) ave= 4.146E-04 +/- 10.08 % S(l=2) ave= 0.000E+00 +/- 0.00 % S(l=3) ave= 0.000E+00 +/- 0.00 % 
 ... random file  147 Cap(th)  ave= 1.462E+00 b. +/- 3.80 % || Ela(th) ave= 9.118E-01 b. +/- 17.92 % || RIcap ave= 1.39E+00 b. +/- 1.78 % || Macs30 ave= 1.63E-02 b. +/- 1.24 % || Gn^0(l=0) ave= 1.847E+00 +/- 4.33 % Gn^0(l=1) ave= 1.161E+01 +/- 10.00 % Gn^0(l=2) ave= 0.000E+00 +/- 0.00 % Gn^0(l=3) ave= 0.000E+00 +/- 0.00 % || Gtotal(l=0) ave= 2.772E+02 +/- 0.00 % Gtotal(l=1) ave= 1.167E+02 +/- 2.33 % Gtotal(l=2) ave= 0.000E+00 +/- 0.00 % Gtotal(l=3) ave= 0.000E+00 +/- 0.00 %  % || Gg(l=0) ave= 1.028E+00 +/- 1.96 % Gg(l=1) ave= 5.028E-01 +/- 3.78 % Gg(l=2) ave= 0.000E+00 +/- 0.00 % Gg(l=3) ave= 0.000E+00 +/- 0.00 %  % || D(l=0) ave= 2.017E+04 +/- 0.00 % D(l=1) ave= 5.652E+03 +/- 2.29 % D(l=2) ave= 0.000E+00 +/- 0.00 % D(l=3) ave= 0.000E+00 +/- 0.00 %  % || S(l=0) ave= 5.303E-05 +/- 5.29 % S(l=1) ave= 4.153E-04 +/- 10.24 % S(l=2) ave= 0.000E+00 +/- 0.00 % S(l=3) ave= 0.000E+00 +/- 0.00 % 
 ... random file  148 Cap(th)  ave= 1.462E+00 b. +/- 3.80 % || Ela(th) ave= 9.128E-01 b. +/- 17.90 % || RIcap ave= 1.39E+00 b. +/- 1.78 % || Macs30 ave= 1.63E-02 b. +/- 1.24 % || Gn^0(l=0) ave= 1.848E+00 +/- 4.33 % Gn^0(l=1) ave= 1.161E+01 +/- 9.99 % Gn^0(l=2) ave= 0.000E+00 +/- 0.00 % Gn^0(l=3) ave= 0.000E+00 +/- 0.00 % || Gtotal(l=0) ave= 2.772E+02 +/- 0.00 % Gtotal(l=1) ave= 1.167E+02 +/- 2.33 % Gtotal(l=2) ave= 0.000E+00 +/- 0.00 % Gtotal(l=3) ave= 0.000E+00 +/- 0.00 %  % || Gg(l=0) ave= 1.028E+00 +/- 1.95 % Gg(l=1) ave= 5.029E-01 +/- 3.78 % Gg(l=2) ave= 0.000E+00 +/- 0.00 % Gg(l=3) ave= 0.000E+00 +/- 0.00 %  % || D(l=0) ave= 2.017E+04 +/- 0.00 % D(l=1) ave= 5.651E+03 +/- 2.29 % D(l=2) ave= 0.000E+00 +/- 0.00 % D(l=3) ave= 0.000E+00 +/- 0.00 %  % || S(l=0) ave= 5.305E-05 +/- 5.29 % S(l=1) ave= 4.151E-04 +/- 10.22 % S(l=2) ave= 0.000E+00 +/- 0.00 % S(l=3) ave= 0.000E+00 +/- 0.00 % 
 ... random file  149 Cap(th)  ave= 1.462E+00 b. +/- 3.78 % || Ela(th) ave= 9.127E-01 b. +/- 17.84 % || RIcap ave= 1.39E+00 b. +/- 1.77 % || Macs30 ave= 1.63E-02 b. +/- 1.23 % || Gn^0(l=0) ave= 1.850E+00 +/- 4.56 % Gn^0(l=1) ave= 1.161E+01 +/- 9.96 % Gn^0(l=2) ave= 0.000E+00 +/- 0.00 % Gn^0(l=3) ave= 0.000E+00 +/- 0.00 % || Gtotal(l=0) ave= 2.772E+02 +/- 0.00 % Gtotal(l=1) ave= 1.167E+02 +/- 2.33 % Gtotal(l=2) ave= 0.000E+00 +/- 0.00 % Gtotal(l=3) ave= 0.000E+00 +/- 0.00 %  % || Gg(l=0) ave= 1.028E+00 +/- 1.96 % Gg(l=1) ave= 5.028E-01 +/- 3.78 % Gg(l=2) ave= 0.000E+00 +/- 0.00 % Gg(l=3) ave= 0.000E+00 +/- 0.00 %  % || D(l=0) ave= 2.017E+04 +/- 0.00 % D(l=1) ave= 5.652E+03 +/- 2.29 % D(l=2) ave= 0.000E+00 +/- 0.00 % D(l=3) ave= 0.000E+00 +/- 0.00 %  % || S(l=0) ave= 5.313E-05 +/- 5.57 % S(l=1) ave= 4.150E-04 +/- 10.19 % S(l=2) ave= 0.000E+00 +/- 0.00 % S(l=3) ave= 0.000E+00 +/- 0.00 % 
 ... random file  150 Cap(th)  ave= 1.462E+00 b. +/- 3.77 % || Ela(th) ave= 9.131E-01 b. +/- 17.78 % || RIcap ave= 1.39E+00 b. +/- 1.77 % || Macs30 ave= 1.63E-02 b. +/- 1.25 % || Gn^0(l=0) ave= 1.849E+00 +/- 4.60 % Gn^0(l=1) ave= 1.162E+01 +/- 10.00 % Gn^0(l=2) ave= 0.000E+00 +/- 0.00 % Gn^0(l=3) ave= 0.000E+00 +/- 0.00 % || Gtotal(l=0) ave= 2.772E+02 +/- 0.00 % Gtotal(l=1) ave= 1.167E+02 +/- 2.33 % Gtotal(l=2) ave= 0.000E+00 +/- 0.00 % Gtotal(l=3) ave= 0.000E+00 +/- 0.00 %  % || Gg(l=0) ave= 1.028E+00 +/- 1.98 % Gg(l=1) ave= 5.028E-01 +/- 3.77 % Gg(l=2) ave= 0.000E+00 +/- 0.00 % Gg(l=3) ave= 0.000E+00 +/- 0.00 %  % || D(l=0) ave= 2.017E+04 +/- 0.00 % D(l=1) ave= 5.653E+03 +/- 2.28 % D(l=2) ave= 0.000E+00 +/- 0.00 % D(l=3) ave= 0.000E+00 +/- 0.00 %  % || S(l=0) ave= 5.310E-05 +/- 5.60 % S(l=1) ave= 4.155E-04 +/- 10.24 % S(l=2) ave= 0.000E+00 +/- 0.00 % S(l=3) ave= 0.000E+00 +/- 0.00 % 
 ... random file  151 Cap(th)  ave= 1.462E+00 b. +/- 3.77 % || Ela(th) ave= 9.126E-01 b. +/- 17.74 % || RIcap ave= 1.39E+00 b. +/- 1.77 % || Macs30 ave= 1.63E-02 b. +/- 1.26 % || Gn^0(l=0) ave= 1.849E+00 +/- 4.59 % Gn^0(l=1) ave= 1.162E+01 +/- 9.97 % Gn^0(l=2) ave= 0.000E+00 +/- 0.00 % Gn^0(l=3) ave= 0.000E+00 +/- 0.00 % || Gtotal(l=0) ave= 2.772E+02 +/- 0.00 % Gtotal(l=1) ave= 1.167E+02 +/- 2.33 % Gtotal(l=2) ave= 0.000E+00 +/- 0.00 % Gtotal(l=3) ave= 0.000E+00 +/- 0.00 %  % || Gg(l=0) ave= 1.027E+00 +/- 1.98 % Gg(l=1) ave= 5.027E-01 +/- 3.77 % Gg(l=2) ave= 0.000E+00 +/- 0.00 % Gg(l=3) ave= 0.000E+00 +/- 0.00 %  % || D(l=0) ave= 2.017E+04 +/- 0.00 % D(l=1) ave= 5.653E+03 +/- 2.28 % D(l=2) ave= 0.000E+00 +/- 0.00 % D(l=3) ave= 0.000E+00 +/- 0.00 %  % || S(l=0) ave= 5.310E-05 +/- 5.58 % S(l=1) ave= 4.154E-04 +/- 10.22 % S(l=2) ave= 0.000E+00 +/- 0.00 % S(l=3) ave= 0.000E+00 +/- 0.00 % 
 ... random file  152 Cap(th)  ave= 1.462E+00 b. +/- 3.78 % || Ela(th) ave= 9.126E-01 b. +/- 17.69 % || RIcap ave= 1.39E+00 b. +/- 1.76 % || Macs30 ave= 1.63E-02 b. +/- 1.26 % || Gn^0(l=0) ave= 1.849E+00 +/- 4.57 % Gn^0(l=1) ave= 1.162E+01 +/- 9.94 % Gn^0(l=2) ave= 0.000E+00 +/- 0.00 % Gn^0(l=3) ave= 0.000E+00 +/- 0.00 % || Gtotal(l=0) ave= 2.772E+02 +/- 0.00 % Gtotal(l=1) ave= 1.167E+02 +/- 2.33 % Gtotal(l=2) ave= 0.000E+00 +/- 0.00 % Gtotal(l=3) ave= 0.000E+00 +/- 0.00 %  % || Gg(l=0) ave= 1.027E+00 +/- 1.98 % Gg(l=1) ave= 5.027E-01 +/- 3.76 % Gg(l=2) ave= 0.000E+00 +/- 0.00 % Gg(l=3) ave= 0.000E+00 +/- 0.00 %  % || D(l=0) ave= 2.017E+04 +/- 0.00 % D(l=1) ave= 5.652E+03 +/- 2.29 % D(l=2) ave= 0.000E+00 +/- 0.00 % D(l=3) ave= 0.000E+00 +/- 0.00 %  % || S(l=0) ave= 5.310E-05 +/- 5.56 % S(l=1) ave= 4.155E-04 +/- 10.19 % S(l=2) ave= 0.000E+00 +/- 0.00 % S(l=3) ave= 0.000E+00 +/- 0.00 % 
 ... random file  153 Cap(th)  ave= 1.462E+00 b. +/- 3.77 % || Ela(th) ave= 9.120E-01 b. +/- 17.66 % || RIcap ave= 1.39E+00 b. +/- 1.76 % || Macs30 ave= 1.63E-02 b. +/- 1.26 % || Gn^0(l=0) ave= 1.849E+00 +/- 4.56 % Gn^0(l=1) ave= 1.161E+01 +/- 9.93 % Gn^0(l=2) ave= 0.000E+00 +/- 0.00 % Gn^0(l=3) ave= 0.000E+00 +/- 0.00 % || Gtotal(l=0) ave= 2.772E+02 +/- 0.00 % Gtotal(l=1) ave= 1.167E+02 +/- 2.33 % Gtotal(l=2) ave= 0.000E+00 +/- 0.00 % Gtotal(l=3) ave= 0.000E+00 +/- 0.00 %  % || Gg(l=0) ave= 1.027E+00 +/- 1.97 % Gg(l=1) ave= 5.028E-01 +/- 3.75 % Gg(l=2) ave= 0.000E+00 +/- 0.00 % Gg(l=3) ave= 0.000E+00 +/- 0.00 %  % || D(l=0) ave= 2.017E+04 +/- 0.00 % D(l=1) ave= 5.653E+03 +/- 2.28 % D(l=2) ave= 0.000E+00 +/- 0.00 % D(l=3) ave= 0.000E+00 +/- 0.00 %  % || S(l=0) ave= 5.309E-05 +/- 5.55 % S(l=1) ave= 4.152E-04 +/- 10.19 % S(l=2) ave= 0.000E+00 +/- 0.00 % S(l=3) ave= 0.000E+00 +/- 0.00 % 
 ... random file  154 Cap(th)  ave= 1.462E+00 b. +/- 3.76 % || Ela(th) ave= 9.121E-01 b. +/- 17.60 % || RIcap ave= 1.39E+00 b. +/- 1.76 % || Macs30 ave= 1.63E-02 b. +/- 1.26 % || Gn^0(l=0) ave= 1.849E+00 +/- 4.55 % Gn^0(l=1) ave= 1.161E+01 +/- 9.92 % Gn^0(l=2) ave= 0.000E+00 +/- 0.00 % Gn^0(l=3) ave= 0.000E+00 +/- 0.00 % || Gtotal(l=0) ave= 2.772E+02 +/- 0.00 % Gtotal(l=1) ave= 1.167E+02 +/- 2.33 % Gtotal(l=2) ave= 0.000E+00 +/- 0.00 % Gtotal(l=3) ave= 0.000E+00 +/- 0.00 %  % || Gg(l=0) ave= 1.027E+00 +/- 1.97 % Gg(l=1) ave= 5.029E-01 +/- 3.75 % Gg(l=2) ave= 0.000E+00 +/- 0.00 % Gg(l=3) ave= 0.000E+00 +/- 0.00 %  % || D(l=0) ave= 2.017E+04 +/- 0.00 % D(l=1) ave= 5.652E+03 +/- 2.29 % D(l=2) ave= 0.000E+00 +/- 0.00 % D(l=3) ave= 0.000E+00 +/- 0.00 %  % || S(l=0) ave= 5.309E-05 +/- 5.53 % S(l=1) ave= 4.152E-04 +/- 10.16 % S(l=2) ave= 0.000E+00 +/- 0.00 % S(l=3) ave= 0.000E+00 +/- 0.00 % 
 ... random file  155 Cap(th)  ave= 1.462E+00 b. +/- 3.75 % || Ela(th) ave= 9.112E-01 b. +/- 17.60 % || RIcap ave= 1.39E+00 b. +/- 1.75 % || Macs30 ave= 1.63E-02 b. +/- 1.26 % || Gn^0(l=0) ave= 1.849E+00 +/- 4.54 % Gn^0(l=1) ave= 1.161E+01 +/- 9.89 % Gn^0(l=2) ave= 0.000E+00 +/- 0.00 % Gn^0(l=3) ave= 0.000E+00 +/- 0.00 % || Gtotal(l=0) ave= 2.772E+02 +/- 0.00 % Gtotal(l=1) ave= 1.167E+02 +/- 2.33 % Gtotal(l=2) ave= 0.000E+00 +/- 0.00 % Gtotal(l=3) ave= 0.000E+00 +/- 0.00 %  % || Gg(l=0) ave= 1.028E+00 +/- 1.97 % Gg(l=1) ave= 5.029E-01 +/- 3.75 % Gg(l=2) ave= 0.000E+00 +/- 0.00 % Gg(l=3) ave= 0.000E+00 +/- 0.00 %  % || D(l=0) ave= 2.017E+04 +/- 0.00 % D(l=1) ave= 5.653E+03 +/- 2.28 % D(l=2) ave= 0.000E+00 +/- 0.00 % D(l=3) ave= 0.000E+00 +/- 0.00 %  % || S(l=0) ave= 5.310E-05 +/- 5.52 % S(l=1) ave= 4.151E-04 +/- 10.13 % S(l=2) ave= 0.000E+00 +/- 0.00 % S(l=3) ave= 0.000E+00 +/- 0.00 % 
 ... random file  156 Cap(th)  ave= 1.462E+00 b. +/- 3.75 % || Ela(th) ave= 9.125E-01 b. +/- 17.61 % || RIcap ave= 1.39E+00 b. +/- 1.75 % || Macs30 ave= 1.63E-02 b. +/- 1.27 % || Gn^0(l=0) ave= 1.850E+00 +/- 4.54 % Gn^0(l=1) ave= 1.161E+01 +/- 9.86 % Gn^0(l=2) ave= 0.000E+00 +/- 0.00 % Gn^0(l=3) ave= 0.000E+00 +/- 0.00 % || Gtotal(l=0) ave= 2.772E+02 +/- 0.00 % Gtotal(l=1) ave= 1.167E+02 +/- 2.33 % Gtotal(l=2) ave= 0.000E+00 +/- 0.00 % Gtotal(l=3) ave= 0.000E+00 +/- 0.00 %  % || Gg(l=0) ave= 1.027E+00 +/- 1.96 % Gg(l=1) ave= 5.029E-01 +/- 3.73 % Gg(l=2) ave= 0.000E+00 +/- 0.00 % Gg(l=3) ave= 0.000E+00 +/- 0.00 %  % || D(l=0) ave= 2.017E+04 +/- 0.00 % D(l=1) ave= 5.652E+03 +/- 2.29 % D(l=2) ave= 0.000E+00 +/- 0.00 % D(l=3) ave= 0.000E+00 +/- 0.00 %  % || S(l=0) ave= 5.313E-05 +/- 5.53 % S(l=1) ave= 4.152E-04 +/- 10.10 % S(l=2) ave= 0.000E+00 +/- 0.00 % S(l=3) ave= 0.000E+00 +/- 0.00 % 
 ... random file  157 Cap(th)  ave= 1.462E+00 b. +/- 3.74 % || Ela(th) ave= 9.123E-01 b. +/- 17.56 % || RIcap ave= 1.39E+00 b. +/- 1.74 % || Macs30 ave= 1.63E-02 b. +/- 1.27 % || Gn^0(l=0) ave= 1.850E+00 +/- 4.53 % Gn^0(l=1) ave= 1.162E+01 +/- 9.85 % Gn^0(l=2) ave= 0.000E+00 +/- 0.00 % Gn^0(l=3) ave= 0.000E+00 +/- 0.00 % || Gtotal(l=0) ave= 2.772E+02 +/- 0.00 % Gtotal(l=1) ave= 1.167E+02 +/- 2.34 % Gtotal(l=2) ave= 0.000E+00 +/- 0.00 % Gtotal(l=3) ave= 0.000E+00 +/- 0.00 %  % || Gg(l=0) ave= 1.028E+00 +/- 1.98 % Gg(l=1) ave= 5.029E-01 +/- 3.72 % Gg(l=2) ave= 0.000E+00 +/- 0.00 % Gg(l=3) ave= 0.000E+00 +/- 0.00 %  % || D(l=0) ave= 2.017E+04 +/- 0.00 % D(l=1) ave= 5.651E+03 +/- 2.29 % D(l=2) ave= 0.000E+00 +/- 0.00 % D(l=3) ave= 0.000E+00 +/- 0.00 %  % || S(l=0) ave= 5.312E-05 +/- 5.52 % S(l=1) ave= 4.156E-04 +/- 10.12 % S(l=2) ave= 0.000E+00 +/- 0.00 % S(l=3) ave= 0.000E+00 +/- 0.00 % 
 ... random file  158 Cap(th)  ave= 1.462E+00 b. +/- 3.74 % || Ela(th) ave= 9.108E-01 b. +/- 17.67 % || RIcap ave= 1.39E+00 b. +/- 1.75 % || Macs30 ave= 1.63E-02 b. +/- 1.27 % || Gn^0(l=0) ave= 1.850E+00 +/- 4.52 % Gn^0(l=1) ave= 1.162E+01 +/- 9.82 % Gn^0(l=2) ave= 0.000E+00 +/- 0.00 % Gn^0(l=3) ave= 0.000E+00 +/- 0.00 % || Gtotal(l=0) ave= 2.772E+02 +/- 0.00 % Gtotal(l=1) ave= 1.167E+02 +/- 2.34 % Gtotal(l=2) ave= 0.000E+00 +/- 0.00 % Gtotal(l=3) ave= 0.000E+00 +/- 0.00 %  % || Gg(l=0) ave= 1.028E+00 +/- 1.98 % Gg(l=1) ave= 5.029E-01 +/- 3.71 % Gg(l=2) ave= 0.000E+00 +/- 0.00 % Gg(l=3) ave= 0.000E+00 +/- 0.00 %  % || D(l=0) ave= 2.017E+04 +/- 0.00 % D(l=1) ave= 5.650E+03 +/- 2.29 % D(l=2) ave= 0.000E+00 +/- 0.00 % D(l=3) ave= 0.000E+00 +/- 0.00 %  % || S(l=0) ave= 5.313E-05 +/- 5.50 % S(l=1) ave= 4.157E-04 +/- 10.10 % S(l=2) ave= 0.000E+00 +/- 0.00 % S(l=3) ave= 0.000E+00 +/- 0.00 % 
 ... random file  159 Cap(th)  ave= 1.462E+00 b. +/- 3.74 % || Ela(th) ave= 9.109E-01 b. +/- 17.61 % || RIcap ave= 1.39E+00 b. +/- 1.75 % || Macs30 ave= 1.63E-02 b. +/- 1.26 % || Gn^0(l=0) ave= 1.850E+00 +/- 4.50 % Gn^0(l=1) ave= 1.161E+01 +/- 9.81 % Gn^0(l=2) ave= 0.000E+00 +/- 0.00 % Gn^0(l=3) ave= 0.000E+00 +/- 0.00 % || Gtotal(l=0) ave= 2.772E+02 +/- 0.00 % Gtotal(l=1) ave= 1.167E+02 +/- 2.34 % Gtotal(l=2) ave= 0.000E+00 +/- 0.00 % Gtotal(l=3) ave= 0.000E+00 +/- 0.00 %  % || Gg(l=0) ave= 1.028E+00 +/- 1.97 % Gg(l=1) ave= 5.029E-01 +/- 3.70 % Gg(l=2) ave= 0.000E+00 +/- 0.00 % Gg(l=3) ave= 0.000E+00 +/- 0.00 %  % || D(l=0) ave= 2.017E+04 +/- 0.00 % D(l=1) ave= 5.651E+03 +/- 2.29 % D(l=2) ave= 0.000E+00 +/- 0.00 % D(l=3) ave= 0.000E+00 +/- 0.00 %  % || S(l=0) ave= 5.313E-05 +/- 5.48 % S(l=1) ave= 4.154E-04 +/- 10.10 % S(l=2) ave= 0.000E+00 +/- 0.00 % S(l=3) ave= 0.000E+00 +/- 0.00 % 
 ... random file  160 Cap(th)  ave= 1.462E+00 b. +/- 3.73 % || Ela(th) ave= 9.110E-01 b. +/- 17.56 % || RIcap ave= 1.39E+00 b. +/- 1.74 % || Macs30 ave= 1.63E-02 b. +/- 1.26 % || Gn^0(l=0) ave= 1.851E+00 +/- 4.55 % Gn^0(l=1) ave= 1.161E+01 +/- 9.78 % Gn^0(l=2) ave= 0.000E+00 +/- 0.00 % Gn^0(l=3) ave= 0.000E+00 +/- 0.00 % || Gtotal(l=0) ave= 2.772E+02 +/- 0.00 % Gtotal(l=1) ave= 1.167E+02 +/- 2.33 % Gtotal(l=2) ave= 0.000E+00 +/- 0.00 % Gtotal(l=3) ave= 0.000E+00 +/- 0.00 %  % || Gg(l=0) ave= 1.028E+00 +/- 1.97 % Gg(l=1) ave= 5.029E-01 +/- 3.69 % Gg(l=2) ave= 0.000E+00 +/- 0.00 % Gg(l=3) ave= 0.000E+00 +/- 0.00 %  % || D(l=0) ave= 2.017E+04 +/- 0.00 % D(l=1) ave= 5.651E+03 +/- 2.29 % D(l=2) ave= 0.000E+00 +/- 0.00 % D(l=3) ave= 0.000E+00 +/- 0.00 %  % || S(l=0) ave= 5.317E-05 +/- 5.56 % S(l=1) ave= 4.154E-04 +/- 10.07 % S(l=2) ave= 0.000E+00 +/- 0.00 % S(l=3) ave= 0.000E+00 +/- 0.00 % 
 ... random file  161 Cap(th)  ave= 1.462E+00 b. +/- 3.72 % || Ela(th) ave= 9.105E-01 b. +/- 17.53 % || RIcap ave= 1.39E+00 b. +/- 1.74 % || Macs30 ave= 1.63E-02 b. +/- 1.26 % || Gn^0(l=0) ave= 1.851E+00 +/- 4.54 % Gn^0(l=1) ave= 1.161E+01 +/- 9.76 % Gn^0(l=2) ave= 0.000E+00 +/- 0.00 % Gn^0(l=3) ave= 0.000E+00 +/- 0.00 % || Gtotal(l=0) ave= 2.772E+02 +/- 0.00 % Gtotal(l=1) ave= 1.167E+02 +/- 2.33 % Gtotal(l=2) ave= 0.000E+00 +/- 0.00 % Gtotal(l=3) ave= 0.000E+00 +/- 0.00 %  % || Gg(l=0) ave= 1.028E+00 +/- 1.96 % Gg(l=1) ave= 5.027E-01 +/- 3.70 % Gg(l=2) ave= 0.000E+00 +/- 0.00 % Gg(l=3) ave= 0.000E+00 +/- 0.00 %  % || D(l=0) ave= 2.017E+04 +/- 0.00 % D(l=1) ave= 5.652E+03 +/- 2.29 % D(l=2) ave= 0.000E+00 +/- 0.00 % D(l=3) ave= 0.000E+00 +/- 0.00 %  % || S(l=0) ave= 5.316E-05 +/- 5.55 % S(l=1) ave= 4.153E-04 +/- 10.05 % S(l=2) ave= 0.000E+00 +/- 0.00 % S(l=3) ave= 0.000E+00 +/- 0.00 % 
 ... random file  162 Cap(th)  ave= 1.462E+00 b. +/- 3.71 % || Ela(th) ave= 9.100E-01 b. +/- 17.50 % || RIcap ave= 1.39E+00 b. +/- 1.73 % || Macs30 ave= 1.63E-02 b. +/- 1.26 % || Gn^0(l=0) ave= 1.850E+00 +/- 4.55 % Gn^0(l=1) ave= 1.161E+01 +/- 9.74 % Gn^0(l=2) ave= 0.000E+00 +/- 0.00 % Gn^0(l=3) ave= 0.000E+00 +/- 0.00 % || Gtotal(l=0) ave= 2.772E+02 +/- 0.00 % Gtotal(l=1) ave= 1.167E+02 +/- 2.33 % Gtotal(l=2) ave= 0.000E+00 +/- 0.00 % Gtotal(l=3) ave= 0.000E+00 +/- 0.00 %  % || Gg(l=0) ave= 1.028E+00 +/- 1.96 % Gg(l=1) ave= 5.027E-01 +/- 3.69 % Gg(l=2) ave= 0.000E+00 +/- 0.00 % Gg(l=3) ave= 0.000E+00 +/- 0.00 %  % || D(l=0) ave= 2.017E+04 +/- 0.00 % D(l=1) ave= 5.651E+03 +/- 2.29 % D(l=2) ave= 0.000E+00 +/- 0.00 % D(l=3) ave= 0.000E+00 +/- 0.00 %  % || S(l=0) ave= 5.314E-05 +/- 5.56 % S(l=1) ave= 4.154E-04 +/- 10.02 % S(l=2) ave= 0.000E+00 +/- 0.00 % S(l=3) ave= 0.000E+00 +/- 0.00 % 
 ... random file  163 Cap(th)  ave= 1.461E+00 b. +/- 3.73 % || Ela(th) ave= 9.087E-01 b. +/- 17.56 % || RIcap ave= 1.39E+00 b. +/- 1.74 % || Macs30 ave= 1.63E-02 b. +/- 1.25 % || Gn^0(l=0) ave= 1.850E+00 +/- 4.54 % Gn^0(l=1) ave= 1.160E+01 +/- 9.73 % Gn^0(l=2) ave= 0.000E+00 +/- 0.00 % Gn^0(l=3) ave= 0.000E+00 +/- 0.00 % || Gtotal(l=0) ave= 2.772E+02 +/- 0.00 % Gtotal(l=1) ave= 1.167E+02 +/- 2.34 % Gtotal(l=2) ave= 0.000E+00 +/- 0.00 % Gtotal(l=3) ave= 0.000E+00 +/- 0.00 %  % || Gg(l=0) ave= 1.028E+00 +/- 1.95 % Gg(l=1) ave= 5.028E-01 +/- 3.69 % Gg(l=2) ave= 0.000E+00 +/- 0.00 % Gg(l=3) ave= 0.000E+00 +/- 0.00 %  % || D(l=0) ave= 2.017E+04 +/- 0.00 % D(l=1) ave= 5.650E+03 +/- 2.29 % D(l=2) ave= 0.000E+00 +/- 0.00 % D(l=3) ave= 0.000E+00 +/- 0.00 %  % || S(l=0) ave= 5.313E-05 +/- 5.55 % S(l=1) ave= 4.153E-04 +/- 9.99 % S(l=2) ave= 0.000E+00 +/- 0.00 % S(l=3) ave= 0.000E+00 +/- 0.00 % 
 ... random file  164 Cap(th)  ave= 1.462E+00 b. +/- 3.82 % || Ela(th) ave= 9.122E-01 b. +/- 18.12 % || RIcap ave= 1.39E+00 b. +/- 1.78 % || Macs30 ave= 1.63E-02 b. +/- 1.25 % || Gn^0(l=0) ave= 1.850E+00 +/- 4.53 % Gn^0(l=1) ave= 1.160E+01 +/- 9.70 % Gn^0(l=2) ave= 0.000E+00 +/- 0.00 % Gn^0(l=3) ave= 0.000E+00 +/- 0.00 % || Gtotal(l=0) ave= 2.772E+02 +/- 0.00 % Gtotal(l=1) ave= 1.167E+02 +/- 2.34 % Gtotal(l=2) ave= 0.000E+00 +/- 0.00 % Gtotal(l=3) ave= 0.000E+00 +/- 0.00 %  % || Gg(l=0) ave= 1.028E+00 +/- 1.95 % Gg(l=1) ave= 5.029E-01 +/- 3.68 % Gg(l=2) ave= 0.000E+00 +/- 0.00 % Gg(l=3) ave= 0.000E+00 +/- 0.00 %  % || D(l=0) ave= 2.017E+04 +/- 0.00 % D(l=1) ave= 5.649E+03 +/- 2.30 % D(l=2) ave= 0.000E+00 +/- 0.00 % D(l=3) ave= 0.000E+00 +/- 0.00 %  % || S(l=0) ave= 5.313E-05 +/- 5.54 % S(l=1) ave= 4.153E-04 +/- 9.96 % S(l=2) ave= 0.000E+00 +/- 0.00 % S(l=3) ave= 0.000E+00 +/- 0.00 % 
 ... random file  165 Cap(th)  ave= 1.462E+00 b. +/- 3.83 % || Ela(th) ave= 9.109E-01 b. +/- 18.18 % || RIcap ave= 1.39E+00 b. +/- 1.77 % || Macs30 ave= 1.63E-02 b. +/- 1.25 % || Gn^0(l=0) ave= 1.850E+00 +/- 4.52 % Gn^0(l=1) ave= 1.160E+01 +/- 9.68 % Gn^0(l=2) ave= 0.000E+00 +/- 0.00 % Gn^0(l=3) ave= 0.000E+00 +/- 0.00 % || Gtotal(l=0) ave= 2.772E+02 +/- 0.00 % Gtotal(l=1) ave= 1.167E+02 +/- 2.34 % Gtotal(l=2) ave= 0.000E+00 +/- 0.00 % Gtotal(l=3) ave= 0.000E+00 +/- 0.00 %  % || Gg(l=0) ave= 1.028E+00 +/- 1.94 % Gg(l=1) ave= 5.028E-01 +/- 3.69 % Gg(l=2) ave= 0.000E+00 +/- 0.00 % Gg(l=3) ave= 0.000E+00 +/- 0.00 %  % || D(l=0) ave= 2.017E+04 +/- 0.00 % D(l=1) ave= 5.650E+03 +/- 2.29 % D(l=2) ave= 0.000E+00 +/- 0.00 % D(l=3) ave= 0.000E+00 +/- 0.00 %  % || S(l=0) ave= 5.313E-05 +/- 5.52 % S(l=1) ave= 4.150E-04 +/- 9.97 % S(l=2) ave= 0.000E+00 +/- 0.00 % S(l=3) ave= 0.000E+00 +/- 0.00 % 
 ... random file  166 Cap(th)  ave= 1.462E+00 b. +/- 3.82 % || Ela(th) ave= 9.114E-01 b. +/- 18.13 % || RIcap ave= 1.39E+00 b. +/- 1.77 % || Macs30 ave= 1.63E-02 b. +/- 1.24 % || Gn^0(l=0) ave= 1.850E+00 +/- 4.51 % Gn^0(l=1) ave= 1.160E+01 +/- 9.65 % Gn^0(l=2) ave= 0.000E+00 +/- 0.00 % Gn^0(l=3) ave= 0.000E+00 +/- 0.00 % || Gtotal(l=0) ave= 2.772E+02 +/- 0.00 % Gtotal(l=1) ave= 1.167E+02 +/- 2.34 % Gtotal(l=2) ave= 0.000E+00 +/- 0.00 % Gtotal(l=3) ave= 0.000E+00 +/- 0.00 %  % || Gg(l=0) ave= 1.028E+00 +/- 1.95 % Gg(l=1) ave= 5.027E-01 +/- 3.68 % Gg(l=2) ave= 0.000E+00 +/- 0.00 % Gg(l=3) ave= 0.000E+00 +/- 0.00 %  % || D(l=0) ave= 2.017E+04 +/- 0.00 % D(l=1) ave= 5.651E+03 +/- 2.29 % D(l=2) ave= 0.000E+00 +/- 0.00 % D(l=3) ave= 0.000E+00 +/- 0.00 %  % || S(l=0) ave= 5.311E-05 +/- 5.51 % S(l=1) ave= 4.150E-04 +/- 9.94 % S(l=2) ave= 0.000E+00 +/- 0.00 % S(l=3) ave= 0.000E+00 +/- 0.00 % 
 ... random file  167 Cap(th)  ave= 1.462E+00 b. +/- 3.81 % || Ela(th) ave= 9.121E-01 b. +/- 18.09 % || RIcap ave= 1.39E+00 b. +/- 1.76 % || Macs30 ave= 1.63E-02 b. +/- 1.24 % || Gn^0(l=0) ave= 1.850E+00 +/- 4.52 % Gn^0(l=1) ave= 1.159E+01 +/- 9.64 % Gn^0(l=2) ave= 0.000E+00 +/- 0.00 % Gn^0(l=3) ave= 0.000E+00 +/- 0.00 % || Gtotal(l=0) ave= 2.772E+02 +/- 0.00 % Gtotal(l=1) ave= 1.167E+02 +/- 2.34 % Gtotal(l=2) ave= 0.000E+00 +/- 0.00 % Gtotal(l=3) ave= 0.000E+00 +/- 0.00 %  % || Gg(l=0) ave= 1.028E+00 +/- 1.94 % Gg(l=1) ave= 5.028E-01 +/- 3.67 % Gg(l=2) ave= 0.000E+00 +/- 0.00 % Gg(l=3) ave= 0.000E+00 +/- 0.00 %  % || D(l=0) ave= 2.017E+04 +/- 0.00 % D(l=1) ave= 5.650E+03 +/- 2.29 % D(l=2) ave= 0.000E+00 +/- 0.00 % D(l=3) ave= 0.000E+00 +/- 0.00 %  % || S(l=0) ave= 5.313E-05 +/- 5.51 % S(l=1) ave= 4.150E-04 +/- 9.91 % S(l=2) ave= 0.000E+00 +/- 0.00 % S(l=3) ave= 0.000E+00 +/- 0.00 % 
 ... random file  168 Cap(th)  ave= 1.461E+00 b. +/- 3.80 % || Ela(th) ave= 9.118E-01 b. +/- 18.05 % || RIcap ave= 1.39E+00 b. +/- 1.76 % || Macs30 ave= 1.63E-02 b. +/- 1.24 % || Gn^0(l=0) ave= 1.850E+00 +/- 4.50 % Gn^0(l=1) ave= 1.159E+01 +/- 9.61 % Gn^0(l=2) ave= 0.000E+00 +/- 0.00 % Gn^0(l=3) ave= 0.000E+00 +/- 0.00 % || Gtotal(l=0) ave= 2.772E+02 +/- 0.00 % Gtotal(l=1) ave= 1.168E+02 +/- 2.34 % Gtotal(l=2) ave= 0.000E+00 +/- 0.00 % Gtotal(l=3) ave= 0.000E+00 +/- 0.00 %  % || Gg(l=0) ave= 1.028E+00 +/- 1.94 % Gg(l=1) ave= 5.031E-01 +/- 3.72 % Gg(l=2) ave= 0.000E+00 +/- 0.00 % Gg(l=3) ave= 0.000E+00 +/- 0.00 %  % || D(l=0) ave= 2.017E+04 +/- 0.00 % D(l=1) ave= 5.649E+03 +/- 2.30 % D(l=2) ave= 0.000E+00 +/- 0.00 % D(l=3) ave= 0.000E+00 +/- 0.00 %  % || S(l=0) ave= 5.312E-05 +/- 5.51 % S(l=1) ave= 4.151E-04 +/- 9.89 % S(l=2) ave= 0.000E+00 +/- 0.00 % S(l=3) ave= 0.000E+00 +/- 0.00 % 
 ... random file  169 Cap(th)  ave= 1.461E+00 b. +/- 3.80 % || Ela(th) ave= 9.117E-01 b. +/- 18.00 % || RIcap ave= 1.39E+00 b. +/- 1.75 % || Macs30 ave= 1.63E-02 b. +/- 1.23 % || Gn^0(l=0) ave= 1.850E+00 +/- 4.49 % Gn^0(l=1) ave= 1.159E+01 +/- 9.61 % Gn^0(l=2) ave= 0.000E+00 +/- 0.00 % Gn^0(l=3) ave= 0.000E+00 +/- 0.00 % || Gtotal(l=0) ave= 2.772E+02 +/- 0.00 % Gtotal(l=1) ave= 1.167E+02 +/- 2.34 % Gtotal(l=2) ave= 0.000E+00 +/- 0.00 % Gtotal(l=3) ave= 0.000E+00 +/- 0.00 %  % || Gg(l=0) ave= 1.028E+00 +/- 1.94 % Gg(l=1) ave= 5.031E-01 +/- 3.71 % Gg(l=2) ave= 0.000E+00 +/- 0.00 % Gg(l=3) ave= 0.000E+00 +/- 0.00 %  % || D(l=0) ave= 2.017E+04 +/- 0.00 % D(l=1) ave= 5.649E+03 +/- 2.29 % D(l=2) ave= 0.000E+00 +/- 0.00 % D(l=3) ave= 0.000E+00 +/- 0.00 %  % || S(l=0) ave= 5.311E-05 +/- 5.49 % S(l=1) ave= 4.149E-04 +/- 9.90 % S(l=2) ave= 0.000E+00 +/- 0.00 % S(l=3) ave= 0.000E+00 +/- 0.00 % 
 ... random file  170 Cap(th)  ave= 1.461E+00 b. +/- 3.83 % || Ela(th) ave= 9.105E-01 b. +/- 18.05 % || RIcap ave= 1.39E+00 b. +/- 1.77 % || Macs30 ave= 1.63E-02 b. +/- 1.23 % || Gn^0(l=0) ave= 1.850E+00 +/- 4.49 % Gn^0(l=1) ave= 1.158E+01 +/- 9.59 % Gn^0(l=2) ave= 0.000E+00 +/- 0.00 % Gn^0(l=3) ave= 0.000E+00 +/- 0.00 % || Gtotal(l=0) ave= 2.772E+02 +/- 0.00 % Gtotal(l=1) ave= 1.167E+02 +/- 2.34 % Gtotal(l=2) ave= 0.000E+00 +/- 0.00 % Gtotal(l=3) ave= 0.000E+00 +/- 0.00 %  % || Gg(l=0) ave= 1.028E+00 +/- 1.93 % Gg(l=1) ave= 5.030E-01 +/- 3.71 % Gg(l=2) ave= 0.000E+00 +/- 0.00 % Gg(l=3) ave= 0.000E+00 +/- 0.00 %  % || D(l=0) ave= 2.017E+04 +/- 0.00 % D(l=1) ave= 5.650E+03 +/- 2.29 % D(l=2) ave= 0.000E+00 +/- 0.00 % D(l=3) ave= 0.000E+00 +/- 0.00 %  % || S(l=0) ave= 5.310E-05 +/- 5.49 % S(l=1) ave= 4.148E-04 +/- 9.88 % S(l=2) ave= 0.000E+00 +/- 0.00 % S(l=3) ave= 0.000E+00 +/- 0.00 % 
 ... random file  171 Cap(th)  ave= 1.460E+00 b. +/- 3.82 % || Ela(th) ave= 9.106E-01 b. +/- 17.99 % || RIcap ave= 1.39E+00 b. +/- 1.77 % || Macs30 ave= 1.63E-02 b. +/- 1.23 % || Gn^0(l=0) ave= 1.850E+00 +/- 4.47 % Gn^0(l=1) ave= 1.159E+01 +/- 9.57 % Gn^0(l=2) ave= 0.000E+00 +/- 0.00 % Gn^0(l=3) ave= 0.000E+00 +/- 0.00 % || Gtotal(l=0) ave= 2.772E+02 +/- 0.00 % Gtotal(l=1) ave= 1.167E+02 +/- 2.34 % Gtotal(l=2) ave= 0.000E+00 +/- 0.00 % Gtotal(l=3) ave= 0.000E+00 +/- 0.00 %  % || Gg(l=0) ave= 1.028E+00 +/- 1.93 % Gg(l=1) ave= 5.031E-01 +/- 3.72 % Gg(l=2) ave= 0.000E+00 +/- 0.00 % Gg(l=3) ave= 0.000E+00 +/- 0.00 %  % || D(l=0) ave= 2.017E+04 +/- 0.00 % D(l=1) ave= 5.649E+03 +/- 2.30 % D(l=2) ave= 0.000E+00 +/- 0.00 % D(l=3) ave= 0.000E+00 +/- 0.00 %  % || S(l=0) ave= 5.310E-05 +/- 5.47 % S(l=1) ave= 4.148E-04 +/- 9.85 % S(l=2) ave= 0.000E+00 +/- 0.00 % S(l=3) ave= 0.000E+00 +/- 0.00 % 
 ... random file  172 Cap(th)  ave= 1.460E+00 b. +/- 3.81 % || Ela(th) ave= 9.107E-01 b. +/- 17.94 % || RIcap ave= 1.39E+00 b. +/- 1.76 % || Macs30 ave= 1.63E-02 b. +/- 1.23 % || Gn^0(l=0) ave= 1.850E+00 +/- 4.47 % Gn^0(l=1) ave= 1.158E+01 +/- 9.57 % Gn^0(l=2) ave= 0.000E+00 +/- 0.00 % Gn^0(l=3) ave= 0.000E+00 +/- 0.00 % || Gtotal(l=0) ave= 2.772E+02 +/- 0.00 % Gtotal(l=1) ave= 1.167E+02 +/- 2.34 % Gtotal(l=2) ave= 0.000E+00 +/- 0.00 % Gtotal(l=3) ave= 0.000E+00 +/- 0.00 %  % || Gg(l=0) ave= 1.028E+00 +/- 1.92 % Gg(l=1) ave= 5.030E-01 +/- 3.72 % Gg(l=2) ave= 0.000E+00 +/- 0.00 % Gg(l=3) ave= 0.000E+00 +/- 0.00 %  % || D(l=0) ave= 2.017E+04 +/- 0.00 % D(l=1) ave= 5.650E+03 +/- 2.29 % D(l=2) ave= 0.000E+00 +/- 0.00 % D(l=3) ave= 0.000E+00 +/- 0.00 %  % || S(l=0) ave= 5.310E-05 +/- 5.46 % S(l=1) ave= 4.145E-04 +/- 9.87 % S(l=2) ave= 0.000E+00 +/- 0.00 % S(l=3) ave= 0.000E+00 +/- 0.00 % 
 ... random file  173 Cap(th)  ave= 1.460E+00 b. +/- 3.80 % || Ela(th) ave= 9.101E-01 b. +/- 17.91 % || RIcap ave= 1.39E+00 b. +/- 1.76 % || Macs30 ave= 1.63E-02 b. +/- 1.24 % || Gn^0(l=0) ave= 1.850E+00 +/- 4.45 % Gn^0(l=1) ave= 1.159E+01 +/- 9.55 % Gn^0(l=2) ave= 0.000E+00 +/- 0.00 % Gn^0(l=3) ave= 0.000E+00 +/- 0.00 % || Gtotal(l=0) ave= 2.772E+02 +/- 0.00 % Gtotal(l=1) ave= 1.168E+02 +/- 2.34 % Gtotal(l=2) ave= 0.000E+00 +/- 0.00 % Gtotal(l=3) ave= 0.000E+00 +/- 0.00 %  % || Gg(l=0) ave= 1.028E+00 +/- 1.92 % Gg(l=1) ave= 5.031E-01 +/- 3.72 % Gg(l=2) ave= 0.000E+00 +/- 0.00 % Gg(l=3) ave= 0.000E+00 +/- 0.00 %  % || D(l=0) ave= 2.017E+04 +/- 0.00 % D(l=1) ave= 5.649E+03 +/- 2.30 % D(l=2) ave= 0.000E+00 +/- 0.00 % D(l=3) ave= 0.000E+00 +/- 0.00 %  % || S(l=0) ave= 5.311E-05 +/- 5.45 % S(l=1) ave= 4.149E-04 +/- 9.90 % S(l=2) ave= 0.000E+00 +/- 0.00 % S(l=3) ave= 0.000E+00 +/- 0.00 % 
 ... random file  174 Cap(th)  ave= 1.460E+00 b. +/- 3.79 % || Ela(th) ave= 9.096E-01 b. +/- 17.89 % || RIcap ave= 1.39E+00 b. +/- 1.75 % || Macs30 ave= 1.63E-02 b. +/- 1.23 % || Gn^0(l=0) ave= 1.852E+00 +/- 4.70 % Gn^0(l=1) ave= 1.159E+01 +/- 9.55 % Gn^0(l=2) ave= 0.000E+00 +/- 0.00 % Gn^0(l=3) ave= 0.000E+00 +/- 0.00 % || Gtotal(l=0) ave= 2.772E+02 +/- 0.00 % Gtotal(l=1) ave= 1.167E+02 +/- 2.34 % Gtotal(l=2) ave= 0.000E+00 +/- 0.00 % Gtotal(l=3) ave= 0.000E+00 +/- 0.00 %  % || Gg(l=0) ave= 1.028E+00 +/- 1.92 % Gg(l=1) ave= 5.031E-01 +/- 3.71 % Gg(l=2) ave= 0.000E+00 +/- 0.00 % Gg(l=3) ave= 0.000E+00 +/- 0.00 %  % || D(l=0) ave= 2.017E+04 +/- 0.00 % D(l=1) ave= 5.650E+03 +/- 2.29 % D(l=2) ave= 0.000E+00 +/- 0.00 % D(l=3) ave= 0.000E+00 +/- 0.00 %  % || S(l=0) ave= 5.318E-05 +/- 5.73 % S(l=1) ave= 4.150E-04 +/- 9.87 % S(l=2) ave= 0.000E+00 +/- 0.00 % S(l=3) ave= 0.000E+00 +/- 0.00 % 
 ... random file  175 Cap(th)  ave= 1.461E+00 b. +/- 3.79 % || Ela(th) ave= 9.130E-01 b. +/- 18.43 % || RIcap ave= 1.39E+00 b. +/- 1.75 % || Macs30 ave= 1.63E-02 b. +/- 1.23 % || Gn^0(l=0) ave= 1.852E+00 +/- 4.69 % Gn^0(l=1) ave= 1.157E+01 +/- 9.80 % Gn^0(l=2) ave= 0.000E+00 +/- 0.00 % Gn^0(l=3) ave= 0.000E+00 +/- 0.00 % || Gtotal(l=0) ave= 2.772E+02 +/- 0.00 % Gtotal(l=1) ave= 1.168E+02 +/- 2.34 % Gtotal(l=2) ave= 0.000E+00 +/- 0.00 % Gtotal(l=3) ave= 0.000E+00 +/- 0.00 %  % || Gg(l=0) ave= 1.028E+00 +/- 1.92 % Gg(l=1) ave= 5.031E-01 +/- 3.70 % Gg(l=2) ave= 0.000E+00 +/- 0.00 % Gg(l=3) ave= 0.000E+00 +/- 0.00 %  % || D(l=0) ave= 2.017E+04 +/- 0.00 % D(l=1) ave= 5.649E+03 +/- 2.30 % D(l=2) ave= 0.000E+00 +/- 0.00 % D(l=3) ave= 0.000E+00 +/- 0.00 %  % || S(l=0) ave= 5.319E-05 +/- 5.71 % S(l=1) ave= 4.143E-04 +/- 10.10 % S(l=2) ave= 0.000E+00 +/- 0.00 % S(l=3) ave= 0.000E+00 +/- 0.00 % 
 ... random file  176 Cap(th)  ave= 1.460E+00 b. +/- 3.79 % || Ela(th) ave= 9.127E-01 b. +/- 18.39 % || RIcap ave= 1.39E+00 b. +/- 1.75 % || Macs30 ave= 1.63E-02 b. +/- 1.23 % || Gn^0(l=0) ave= 1.852E+00 +/- 4.69 % Gn^0(l=1) ave= 1.157E+01 +/- 9.78 % Gn^0(l=2) ave= 0.000E+00 +/- 0.00 % Gn^0(l=3) ave= 0.000E+00 +/- 0.00 % || Gtotal(l=0) ave= 2.772E+02 +/- 0.00 % Gtotal(l=1) ave= 1.167E+02 +/- 2.34 % Gtotal(l=2) ave= 0.000E+00 +/- 0.00 % Gtotal(l=3) ave= 0.000E+00 +/- 0.00 %  % || Gg(l=0) ave= 1.029E+00 +/- 1.94 % Gg(l=1) ave= 5.030E-01 +/- 3.70 % Gg(l=2) ave= 0.000E+00 +/- 0.00 % Gg(l=3) ave= 0.000E+00 +/- 0.00 %  % || D(l=0) ave= 2.017E+04 +/- 0.00 % D(l=1) ave= 5.649E+03 +/- 2.29 % D(l=2) ave= 0.000E+00 +/- 0.00 % D(l=3) ave= 0.000E+00 +/- 0.00 %  % || S(l=0) ave= 5.317E-05 +/- 5.70 % S(l=1) ave= 4.141E-04 +/- 10.10 % S(l=2) ave= 0.000E+00 +/- 0.00 % S(l=3) ave= 0.000E+00 +/- 0.00 % 
 ... random file  177 Cap(th)  ave= 1.460E+00 b. +/- 3.79 % || Ela(th) ave= 9.108E-01 b. +/- 18.59 % || RIcap ave= 1.39E+00 b. +/- 1.75 % || Macs30 ave= 1.63E-02 b. +/- 1.23 % || Gn^0(l=0) ave= 1.851E+00 +/- 4.69 % Gn^0(l=1) ave= 1.158E+01 +/- 9.83 % Gn^0(l=2) ave= 0.000E+00 +/- 0.00 % Gn^0(l=3) ave= 0.000E+00 +/- 0.00 % || Gtotal(l=0) ave= 2.772E+02 +/- 0.00 % Gtotal(l=1) ave= 1.168E+02 +/- 2.34 % Gtotal(l=2) ave= 0.000E+00 +/- 0.00 % Gtotal(l=3) ave= 0.000E+00 +/- 0.00 %  % || Gg(l=0) ave= 1.029E+00 +/- 1.93 % Gg(l=1) ave= 5.030E-01 +/- 3.70 % Gg(l=2) ave= 0.000E+00 +/- 0.00 % Gg(l=3) ave= 0.000E+00 +/- 0.00 %  % || D(l=0) ave= 2.017E+04 +/- 0.00 % D(l=1) ave= 5.649E+03 +/- 2.30 % D(l=2) ave= 0.000E+00 +/- 0.00 % D(l=3) ave= 0.000E+00 +/- 0.00 %  % || S(l=0) ave= 5.316E-05 +/- 5.70 % S(l=1) ave= 4.145E-04 +/- 10.15 % S(l=2) ave= 0.000E+00 +/- 0.00 % S(l=3) ave= 0.000E+00 +/- 0.00 % 
 ... random file  178 Cap(th)  ave= 1.460E+00 b. +/- 3.78 % || Ela(th) ave= 9.118E-01 b. +/- 18.58 % || RIcap ave= 1.39E+00 b. +/- 1.75 % || Macs30 ave= 1.63E-02 b. +/- 1.23 % || Gn^0(l=0) ave= 1.851E+00 +/- 4.68 % Gn^0(l=1) ave= 1.156E+01 +/- 10.02 % Gn^0(l=2) ave= 0.000E+00 +/- 0.00 % Gn^0(l=3) ave= 0.000E+00 +/- 0.00 % || Gtotal(l=0) ave= 2.772E+02 +/- 0.00 % Gtotal(l=1) ave= 1.167E+02 +/- 2.34 % Gtotal(l=2) ave= 0.000E+00 +/- 0.00 % Gtotal(l=3) ave= 0.000E+00 +/- 0.00 %  % || Gg(l=0) ave= 1.029E+00 +/- 1.93 % Gg(l=1) ave= 5.030E-01 +/- 3.69 % Gg(l=2) ave= 0.000E+00 +/- 0.00 % Gg(l=3) ave= 0.000E+00 +/- 0.00 %  % || D(l=0) ave= 2.017E+04 +/- 0.00 % D(l=1) ave= 5.649E+03 +/- 2.30 % D(l=2) ave= 0.000E+00 +/- 0.00 % D(l=3) ave= 0.000E+00 +/- 0.00 %  % || S(l=0) ave= 5.316E-05 +/- 5.68 % S(l=1) ave= 4.138E-04 +/- 10.37 % S(l=2) ave= 0.000E+00 +/- 0.00 % S(l=3) ave= 0.000E+00 +/- 0.00 % 
 ... random file  179 Cap(th)  ave= 1.460E+00 b. +/- 3.78 % || Ela(th) ave= 9.126E-01 b. +/- 18.55 % || RIcap ave= 1.39E+00 b. +/- 1.75 % || Macs30 ave= 1.63E-02 b. +/- 1.23 % || Gn^0(l=0) ave= 1.851E+00 +/- 4.67 % Gn^0(l=1) ave= 1.157E+01 +/- 10.01 % Gn^0(l=2) ave= 0.000E+00 +/- 0.00 % Gn^0(l=3) ave= 0.000E+00 +/- 0.00 % || Gtotal(l=0) ave= 2.772E+02 +/- 0.00 % Gtotal(l=1) ave= 1.168E+02 +/- 2.34 % Gtotal(l=2) ave= 0.000E+00 +/- 0.00 % Gtotal(l=3) ave= 0.000E+00 +/- 0.00 %  % || Gg(l=0) ave= 1.029E+00 +/- 1.94 % Gg(l=1) ave= 5.031E-01 +/- 3.70 % Gg(l=2) ave= 0.000E+00 +/- 0.00 % Gg(l=3) ave= 0.000E+00 +/- 0.00 %  % || D(l=0) ave= 2.017E+04 +/- 0.00 % D(l=1) ave= 5.648E+03 +/- 2.30 % D(l=2) ave= 0.000E+00 +/- 0.00 % D(l=3) ave= 0.000E+00 +/- 0.00 %  % || S(l=0) ave= 5.317E-05 +/- 5.67 % S(l=1) ave= 4.142E-04 +/- 10.39 % S(l=2) ave= 0.000E+00 +/- 0.00 % S(l=3) ave= 0.000E+00 +/- 0.00 % 
 ... random file  180 Cap(th)  ave= 1.461E+00 b. +/- 3.83 % || Ela(th) ave= 9.124E-01 b. +/- 18.50 % || RIcap ave= 1.39E+00 b. +/- 1.77 % || Macs30 ave= 1.63E-02 b. +/- 1.23 % || Gn^0(l=0) ave= 1.851E+00 +/- 4.65 % Gn^0(l=1) ave= 1.159E+01 +/- 10.16 % Gn^0(l=2) ave= 0.000E+00 +/- 0.00 % Gn^0(l=3) ave= 0.000E+00 +/- 0.00 % || Gtotal(l=0) ave= 2.772E+02 +/- 0.00 % Gtotal(l=1) ave= 1.168E+02 +/- 2.34 % Gtotal(l=2) ave= 0.000E+00 +/- 0.00 % Gtotal(l=3) ave= 0.000E+00 +/- 0.00 %  % || Gg(l=0) ave= 1.029E+00 +/- 1.94 % Gg(l=1) ave= 5.032E-01 +/- 3.69 % Gg(l=2) ave= 0.000E+00 +/- 0.00 % Gg(l=3) ave= 0.000E+00 +/- 0.00 %  % || D(l=0) ave= 2.017E+04 +/- 0.00 % D(l=1) ave= 5.648E+03 +/- 2.30 % D(l=2) ave= 0.000E+00 +/- 0.00 % D(l=3) ave= 0.000E+00 +/- 0.00 %  % || S(l=0) ave= 5.317E-05 +/- 5.65 % S(l=1) ave= 4.149E-04 +/- 10.65 % S(l=2) ave= 0.000E+00 +/- 0.00 % S(l=3) ave= 0.000E+00 +/- 0.00 % 
 ... random file  181 Cap(th)  ave= 1.461E+00 b. +/- 3.84 % || Ela(th) ave= 9.100E-01 b. +/- 18.82 % || RIcap ave= 1.39E+00 b. +/- 1.77 % || Macs30 ave= 1.63E-02 b. +/- 1.23 % || Gn^0(l=0) ave= 1.852E+00 +/- 4.65 % Gn^0(l=1) ave= 1.160E+01 +/- 10.29 % Gn^0(l=2) ave= 0.000E+00 +/- 0.00 % Gn^0(l=3) ave= 0.000E+00 +/- 0.00 % || Gtotal(l=0) ave= 2.772E+02 +/- 0.00 % Gtotal(l=1) ave= 1.168E+02 +/- 2.34 % Gtotal(l=2) ave= 0.000E+00 +/- 0.00 % Gtotal(l=3) ave= 0.000E+00 +/- 0.00 %  % || Gg(l=0) ave= 1.029E+00 +/- 1.96 % Gg(l=1) ave= 5.032E-01 +/- 3.68 % Gg(l=2) ave= 0.000E+00 +/- 0.00 % Gg(l=3) ave= 0.000E+00 +/- 0.00 %  % || D(l=0) ave= 2.017E+04 +/- 0.00 % D(l=1) ave= 5.647E+03 +/- 2.30 % D(l=2) ave= 0.000E+00 +/- 0.00 % D(l=3) ave= 0.000E+00 +/- 0.00 %  % || S(l=0) ave= 5.318E-05 +/- 5.64 % S(l=1) ave= 4.156E-04 +/- 10.84 % S(l=2) ave= 0.000E+00 +/- 0.00 % S(l=3) ave= 0.000E+00 +/- 0.00 % 
 ... random file  182 Cap(th)  ave= 1.461E+00 b. +/- 3.84 % || Ela(th) ave= 9.094E-01 b. +/- 18.81 % || RIcap ave= 1.39E+00 b. +/- 1.77 % || Macs30 ave= 1.63E-02 b. +/- 1.23 % || Gn^0(l=0) ave= 1.852E+00 +/- 4.64 % Gn^0(l=1) ave= 1.161E+01 +/- 10.33 % Gn^0(l=2) ave= 0.000E+00 +/- 0.00 % Gn^0(l=3) ave= 0.000E+00 +/- 0.00 % || Gtotal(l=0) ave= 2.772E+02 +/- 0.00 % Gtotal(l=1) ave= 1.168E+02 +/- 2.34 % Gtotal(l=2) ave= 0.000E+00 +/- 0.00 % Gtotal(l=3) ave= 0.000E+00 +/- 0.00 %  % || Gg(l=0) ave= 1.029E+00 +/- 1.96 % Gg(l=1) ave= 5.031E-01 +/- 3.68 % Gg(l=2) ave= 0.000E+00 +/- 0.00 % Gg(l=3) ave= 0.000E+00 +/- 0.00 %  % || D(l=0) ave= 2.017E+04 +/- 0.00 % D(l=1) ave= 5.647E+03 +/- 2.30 % D(l=2) ave= 0.000E+00 +/- 0.00 % D(l=3) ave= 0.000E+00 +/- 0.00 %  % || S(l=0) ave= 5.317E-05 +/- 5.63 % S(l=1) ave= 4.159E-04 +/- 10.85 % S(l=2) ave= 0.000E+00 +/- 0.00 % S(l=3) ave= 0.000E+00 +/- 0.00 % 
 ... random file  183 Cap(th)  ave= 1.461E+00 b. +/- 3.83 % || Ela(th) ave= 9.114E-01 b. +/- 18.94 % || RIcap ave= 1.39E+00 b. +/- 1.77 % || Macs30 ave= 1.63E-02 b. +/- 1.23 % || Gn^0(l=0) ave= 1.851E+00 +/- 4.66 % Gn^0(l=1) ave= 1.160E+01 +/- 10.37 % Gn^0(l=2) ave= 0.000E+00 +/- 0.00 % Gn^0(l=3) ave= 0.000E+00 +/- 0.00 % || Gtotal(l=0) ave= 2.772E+02 +/- 0.00 % Gtotal(l=1) ave= 1.168E+02 +/- 2.34 % Gtotal(l=2) ave= 0.000E+00 +/- 0.00 % Gtotal(l=3) ave= 0.000E+00 +/- 0.00 %  % || Gg(l=0) ave= 1.029E+00 +/- 1.96 % Gg(l=1) ave= 5.031E-01 +/- 3.67 % Gg(l=2) ave= 0.000E+00 +/- 0.00 % Gg(l=3) ave= 0.000E+00 +/- 0.00 %  % || D(l=0) ave= 2.017E+04 +/- 0.00 % D(l=1) ave= 5.648E+03 +/- 2.30 % D(l=2) ave= 0.000E+00 +/- 0.00 % D(l=3) ave= 0.000E+00 +/- 0.00 %  % || S(l=0) ave= 5.315E-05 +/- 5.65 % S(l=1) ave= 4.156E-04 +/- 10.88 % S(l=2) ave= 0.000E+00 +/- 0.00 % S(l=3) ave= 0.000E+00 +/- 0.00 % 
 ... random file  184 Cap(th)  ave= 1.462E+00 b. +/- 3.87 % || Ela(th) ave= 9.113E-01 b. +/- 18.89 % || RIcap ave= 1.39E+00 b. +/- 1.79 % || Macs30 ave= 1.63E-02 b. +/- 1.23 % || Gn^0(l=0) ave= 1.851E+00 +/- 4.65 % Gn^0(l=1) ave= 1.163E+01 +/- 10.63 % Gn^0(l=2) ave= 0.000E+00 +/- 0.00 % Gn^0(l=3) ave= 0.000E+00 +/- 0.00 % || Gtotal(l=0) ave= 2.772E+02 +/- 0.00 % Gtotal(l=1) ave= 1.168E+02 +/- 2.34 % Gtotal(l=2) ave= 0.000E+00 +/- 0.00 % Gtotal(l=3) ave= 0.000E+00 +/- 0.00 %  % || Gg(l=0) ave= 1.029E+00 +/- 1.95 % Gg(l=1) ave= 5.031E-01 +/- 3.66 % Gg(l=2) ave= 0.000E+00 +/- 0.00 % Gg(l=3) ave= 0.000E+00 +/- 0.00 %  % || D(l=0) ave= 2.017E+04 +/- 0.00 % D(l=1) ave= 5.649E+03 +/- 2.30 % D(l=2) ave= 0.000E+00 +/- 0.00 % D(l=3) ave= 0.000E+00 +/- 0.00 %  % || S(l=0) ave= 5.314E-05 +/- 5.64 % S(l=1) ave= 4.161E-04 +/- 10.97 % S(l=2) ave= 0.000E+00 +/- 0.00 % S(l=3) ave= 0.000E+00 +/- 0.00 % 
 ... random file  185 Cap(th)  ave= 1.462E+00 b. +/- 3.86 % || Ela(th) ave= 9.124E-01 b. +/- 18.90 % || RIcap ave= 1.39E+00 b. +/- 1.79 % || Macs30 ave= 1.63E-02 b. +/- 1.23 % || Gn^0(l=0) ave= 1.851E+00 +/- 4.63 % Gn^0(l=1) ave= 1.161E+01 +/- 10.77 % Gn^0(l=2) ave= 0.000E+00 +/- 0.00 % Gn^0(l=3) ave= 0.000E+00 +/- 0.00 % || Gtotal(l=0) ave= 2.772E+02 +/- 0.00 % Gtotal(l=1) ave= 1.168E+02 +/- 2.34 % Gtotal(l=2) ave= 0.000E+00 +/- 0.00 % Gtotal(l=3) ave= 0.000E+00 +/- 0.00 %  % || Gg(l=0) ave= 1.029E+00 +/- 1.95 % Gg(l=1) ave= 5.032E-01 +/- 3.66 % Gg(l=2) ave= 0.000E+00 +/- 0.00 % Gg(l=3) ave= 0.000E+00 +/- 0.00 %  % || D(l=0) ave= 2.017E+04 +/- 0.00 % D(l=1) ave= 5.648E+03 +/- 2.30 % D(l=2) ave= 0.000E+00 +/- 0.00 % D(l=3) ave= 0.000E+00 +/- 0.00 %  % || S(l=0) ave= 5.314E-05 +/- 5.63 % S(l=1) ave= 4.156E-04 +/- 11.07 % S(l=2) ave= 0.000E+00 +/- 0.00 % S(l=3) ave= 0.000E+00 +/- 0.00 % 
 ... random file  186 Cap(th)  ave= 1.461E+00 b. +/- 3.85 % || Ela(th) ave= 9.112E-01 b. +/- 18.97 % || RIcap ave= 1.39E+00 b. +/- 1.78 % || Macs30 ave= 1.63E-02 b. +/- 1.23 % || Gn^0(l=0) ave= 1.851E+00 +/- 4.62 % Gn^0(l=1) ave= 1.162E+01 +/- 10.76 % Gn^0(l=2) ave= 0.000E+00 +/- 0.00 % Gn^0(l=3) ave= 0.000E+00 +/- 0.00 % || Gtotal(l=0) ave= 2.772E+02 +/- 0.00 % Gtotal(l=1) ave= 1.168E+02 +/- 2.34 % Gtotal(l=2) ave= 0.000E+00 +/- 0.00 % Gtotal(l=3) ave= 0.000E+00 +/- 0.00 %  % || Gg(l=0) ave= 1.029E+00 +/- 1.95 % Gg(l=1) ave= 5.031E-01 +/- 3.68 % Gg(l=2) ave= 0.000E+00 +/- 0.00 % Gg(l=3) ave= 0.000E+00 +/- 0.00 %  % || D(l=0) ave= 2.017E+04 +/- 0.00 % D(l=1) ave= 5.649E+03 +/- 2.30 % D(l=2) ave= 0.000E+00 +/- 0.00 % D(l=3) ave= 0.000E+00 +/- 0.00 %  % || S(l=0) ave= 5.314E-05 +/- 5.61 % S(l=1) ave= 4.158E-04 +/- 11.06 % S(l=2) ave= 0.000E+00 +/- 0.00 % S(l=3) ave= 0.000E+00 +/- 0.00 % 
 ... random file  187 Cap(th)  ave= 1.462E+00 b. +/- 3.86 % || Ela(th) ave= 9.138E-01 b. +/- 19.25 % || RIcap ave= 1.39E+00 b. +/- 1.79 % || Macs30 ave= 1.63E-02 b. +/- 1.23 % || Gn^0(l=0) ave= 1.852E+00 +/- 4.64 % Gn^0(l=1) ave= 1.161E+01 +/- 10.83 % Gn^0(l=2) ave= 0.000E+00 +/- 0.00 % Gn^0(l=3) ave= 0.000E+00 +/- 0.00 % || Gtotal(l=0) ave= 2.772E+02 +/- 0.00 % Gtotal(l=1) ave= 1.167E+02 +/- 2.34 % Gtotal(l=2) ave= 0.000E+00 +/- 0.00 % Gtotal(l=3) ave= 0.000E+00 +/- 0.00 %  % || Gg(l=0) ave= 1.029E+00 +/- 1.95 % Gg(l=1) ave= 5.029E-01 +/- 3.69 % Gg(l=2) ave= 0.000E+00 +/- 0.00 % Gg(l=3) ave= 0.000E+00 +/- 0.00 %  % || D(l=0) ave= 2.017E+04 +/- 0.00 % D(l=1) ave= 5.649E+03 +/- 2.30 % D(l=2) ave= 0.000E+00 +/- 0.00 % D(l=3) ave= 0.000E+00 +/- 0.00 %  % || S(l=0) ave= 5.316E-05 +/- 5.63 % S(l=1) ave= 4.154E-04 +/- 11.11 % S(l=2) ave= 0.000E+00 +/- 0.00 % S(l=3) ave= 0.000E+00 +/- 0.00 % 
 ... random file  188 Cap(th)  ave= 1.462E+00 b. +/- 3.86 % || Ela(th) ave= 9.141E-01 b. +/- 19.20 % || RIcap ave= 1.39E+00 b. +/- 1.79 % || Macs30 ave= 1.63E-02 b. +/- 1.23 % || Gn^0(l=0) ave= 1.851E+00 +/- 4.64 % Gn^0(l=1) ave= 1.160E+01 +/- 10.85 % Gn^0(l=2) ave= 0.000E+00 +/- 0.00 % Gn^0(l=3) ave= 0.000E+00 +/- 0.00 % || Gtotal(l=0) ave= 2.772E+02 +/- 0.00 % Gtotal(l=1) ave= 1.168E+02 +/- 2.34 % Gtotal(l=2) ave= 0.000E+00 +/- 0.00 % Gtotal(l=3) ave= 0.000E+00 +/- 0.00 %  % || Gg(l=0) ave= 1.029E+00 +/- 1.95 % Gg(l=1) ave= 5.030E-01 +/- 3.68 % Gg(l=2) ave= 0.000E+00 +/- 0.00 % Gg(l=3) ave= 0.000E+00 +/- 0.00 %  % || D(l=0) ave= 2.017E+04 +/- 0.00 % D(l=1) ave= 5.648E+03 +/- 2.30 % D(l=2) ave= 0.000E+00 +/- 0.00 % D(l=3) ave= 0.000E+00 +/- 0.00 %  % || S(l=0) ave= 5.315E-05 +/- 5.62 % S(l=1) ave= 4.152E-04 +/- 11.11 % S(l=2) ave= 0.000E+00 +/- 0.00 % S(l=3) ave= 0.000E+00 +/- 0.00 % 
 ... random file  189 Cap(th)  ave= 1.462E+00 b. +/- 3.85 % || Ela(th) ave= 9.146E-01 b. +/- 19.15 % || RIcap ave= 1.39E+00 b. +/- 1.78 % || Macs30 ave= 1.63E-02 b. +/- 1.23 % || Gn^0(l=0) ave= 1.851E+00 +/- 4.63 % Gn^0(l=1) ave= 1.160E+01 +/- 10.82 % Gn^0(l=2) ave= 0.000E+00 +/- 0.00 % Gn^0(l=3) ave= 0.000E+00 +/- 0.00 % || Gtotal(l=0) ave= 2.772E+02 +/- 0.00 % Gtotal(l=1) ave= 1.168E+02 +/- 2.34 % Gtotal(l=2) ave= 0.000E+00 +/- 0.00 % Gtotal(l=3) ave= 0.000E+00 +/- 0.00 %  % || Gg(l=0) ave= 1.029E+00 +/- 1.95 % Gg(l=1) ave= 5.032E-01 +/- 3.70 % Gg(l=2) ave= 0.000E+00 +/- 0.00 % Gg(l=3) ave= 0.000E+00 +/- 0.00 %  % || D(l=0) ave= 2.017E+04 +/- 0.00 % D(l=1) ave= 5.648E+03 +/- 2.30 % D(l=2) ave= 0.000E+00 +/- 0.00 % D(l=3) ave= 0.000E+00 +/- 0.00 %  % || S(l=0) ave= 5.314E-05 +/- 5.61 % S(l=1) ave= 4.153E-04 +/- 11.08 % S(l=2) ave= 0.000E+00 +/- 0.00 % S(l=3) ave= 0.000E+00 +/- 0.00 % 
 ... random file  190 Cap(th)  ave= 1.461E+00 b. +/- 3.86 % || Ela(th) ave= 9.147E-01 b. +/- 19.10 % || RIcap ave= 1.39E+00 b. +/- 1.79 % || Macs30 ave= 1.63E-02 b. +/- 1.23 % || Gn^0(l=0) ave= 1.851E+00 +/- 4.62 % Gn^0(l=1) ave= 1.158E+01 +/- 10.95 % Gn^0(l=2) ave= 0.000E+00 +/- 0.00 % Gn^0(l=3) ave= 0.000E+00 +/- 0.00 % || Gtotal(l=0) ave= 2.772E+02 +/- 0.00 % Gtotal(l=1) ave= 1.168E+02 +/- 2.34 % Gtotal(l=2) ave= 0.000E+00 +/- 0.00 % Gtotal(l=3) ave= 0.000E+00 +/- 0.00 %  % || Gg(l=0) ave= 1.029E+00 +/- 1.94 % Gg(l=1) ave= 5.031E-01 +/- 3.71 % Gg(l=2) ave= 0.000E+00 +/- 0.00 % Gg(l=3) ave= 0.000E+00 +/- 0.00 %  % || D(l=0) ave= 2.017E+04 +/- 0.00 % D(l=1) ave= 5.648E+03 +/- 2.30 % D(l=2) ave= 0.000E+00 +/- 0.00 % D(l=3) ave= 0.000E+00 +/- 0.00 %  % || S(l=0) ave= 5.313E-05 +/- 5.61 % S(l=1) ave= 4.147E-04 +/- 11.26 % S(l=2) ave= 0.000E+00 +/- 0.00 % S(l=3) ave= 0.000E+00 +/- 0.00 % 
 ... random file  191 Cap(th)  ave= 1.462E+00 b. +/- 3.91 % || Ela(th) ave= 9.167E-01 b. +/- 19.24 % || RIcap ave= 1.39E+00 b. +/- 1.81 % || Macs30 ave= 1.63E-02 b. +/- 1.22 % || Gn^0(l=0) ave= 1.851E+00 +/- 4.61 % Gn^0(l=1) ave= 1.157E+01 +/- 10.96 % Gn^0(l=2) ave= 0.000E+00 +/- 0.00 % Gn^0(l=3) ave= 0.000E+00 +/- 0.00 % || Gtotal(l=0) ave= 2.772E+02 +/- 0.00 % Gtotal(l=1) ave= 1.168E+02 +/- 2.34 % Gtotal(l=2) ave= 0.000E+00 +/- 0.00 % Gtotal(l=3) ave= 0.000E+00 +/- 0.00 %  % || Gg(l=0) ave= 1.029E+00 +/- 1.94 % Gg(l=1) ave= 5.032E-01 +/- 3.70 % Gg(l=2) ave= 0.000E+00 +/- 0.00 % Gg(l=3) ave= 0.000E+00 +/- 0.00 %  % || D(l=0) ave= 2.017E+04 +/- 0.00 % D(l=1) ave= 5.647E+03 +/- 2.30 % D(l=2) ave= 0.000E+00 +/- 0.00 % D(l=3) ave= 0.000E+00 +/- 0.00 %  % || S(l=0) ave= 5.313E-05 +/- 5.59 % S(l=1) ave= 4.145E-04 +/- 11.25 % S(l=2) ave= 0.000E+00 +/- 0.00 % S(l=3) ave= 0.000E+00 +/- 0.00 % 
 ... random file  192 Cap(th)  ave= 1.462E+00 b. +/- 3.92 % || Ela(th) ave= 9.153E-01 b. +/- 19.34 % || RIcap ave= 1.39E+00 b. +/- 1.81 % || Macs30 ave= 1.63E-02 b. +/- 1.22 % || Gn^0(l=0) ave= 1.851E+00 +/- 4.60 % Gn^0(l=1) ave= 1.157E+01 +/- 10.96 % Gn^0(l=2) ave= 0.000E+00 +/- 0.00 % Gn^0(l=3) ave= 0.000E+00 +/- 0.00 % || Gtotal(l=0) ave= 2.772E+02 +/- 0.00 % Gtotal(l=1) ave= 1.168E+02 +/- 2.34 % Gtotal(l=2) ave= 0.000E+00 +/- 0.00 % Gtotal(l=3) ave= 0.000E+00 +/- 0.00 %  % || Gg(l=0) ave= 1.029E+00 +/- 1.94 % Gg(l=1) ave= 5.032E-01 +/- 3.69 % Gg(l=2) ave= 0.000E+00 +/- 0.00 % Gg(l=3) ave= 0.000E+00 +/- 0.00 %  % || D(l=0) ave= 2.017E+04 +/- 0.00 % D(l=1) ave= 5.647E+03 +/- 2.30 % D(l=2) ave= 0.000E+00 +/- 0.00 % D(l=3) ave= 0.000E+00 +/- 0.00 %  % || S(l=0) ave= 5.314E-05 +/- 5.58 % S(l=1) ave= 4.143E-04 +/- 11.24 % S(l=2) ave= 0.000E+00 +/- 0.00 % S(l=3) ave= 0.000E+00 +/- 0.00 % 
 ... random file  193 Cap(th)  ave= 1.462E+00 b. +/- 3.93 % || Ela(th) ave= 9.148E-01 b. +/- 19.31 % || RIcap ave= 1.39E+00 b. +/- 1.81 % || Macs30 ave= 1.63E-02 b. +/- 1.22 % || Gn^0(l=0) ave= 1.851E+00 +/- 4.59 % Gn^0(l=1) ave= 1.159E+01 +/- 11.10 % Gn^0(l=2) ave= 0.000E+00 +/- 0.00 % Gn^0(l=3) ave= 0.000E+00 +/- 0.00 % || Gtotal(l=0) ave= 2.772E+02 +/- 0.00 % Gtotal(l=1) ave= 1.168E+02 +/- 2.34 % Gtotal(l=2) ave= 0.000E+00 +/- 0.00 % Gtotal(l=3) ave= 0.000E+00 +/- 0.00 %  % || Gg(l=0) ave= 1.029E+00 +/- 1.94 % Gg(l=1) ave= 5.031E-01 +/- 3.69 % Gg(l=2) ave= 0.000E+00 +/- 0.00 % Gg(l=3) ave= 0.000E+00 +/- 0.00 %  % || D(l=0) ave= 2.017E+04 +/- 0.00 % D(l=1) ave= 5.647E+03 +/- 2.30 % D(l=2) ave= 0.000E+00 +/- 0.00 % D(l=3) ave= 0.000E+00 +/- 0.00 %  % || S(l=0) ave= 5.313E-05 +/- 5.57 % S(l=1) ave= 4.149E-04 +/- 11.36 % S(l=2) ave= 0.000E+00 +/- 0.00 % S(l=3) ave= 0.000E+00 +/- 0.00 % 
 ... random file  194 Cap(th)  ave= 1.462E+00 b. +/- 3.93 % || Ela(th) ave= 9.143E-01 b. +/- 19.29 % || RIcap ave= 1.39E+00 b. +/- 1.81 % || Macs30 ave= 1.63E-02 b. +/- 1.23 % || Gn^0(l=0) ave= 1.850E+00 +/- 4.61 % Gn^0(l=1) ave= 1.159E+01 +/- 11.07 % Gn^0(l=2) ave= 0.000E+00 +/- 0.00 % Gn^0(l=3) ave= 0.000E+00 +/- 0.00 % || Gtotal(l=0) ave= 2.772E+02 +/- 0.00 % Gtotal(l=1) ave= 1.168E+02 +/- 2.34 % Gtotal(l=2) ave= 0.000E+00 +/- 0.00 % Gtotal(l=3) ave= 0.000E+00 +/- 0.00 %  % || Gg(l=0) ave= 1.029E+00 +/- 1.94 % Gg(l=1) ave= 5.030E-01 +/- 3.69 % Gg(l=2) ave= 0.000E+00 +/- 0.00 % Gg(l=3) ave= 0.000E+00 +/- 0.00 %  % || D(l=0) ave= 2.017E+04 +/- 0.00 % D(l=1) ave= 5.648E+03 +/- 2.30 % D(l=2) ave= 0.000E+00 +/- 0.00 % D(l=3) ave= 0.000E+00 +/- 0.00 %  % || S(l=0) ave= 5.312E-05 +/- 5.58 % S(l=1) ave= 4.149E-04 +/- 11.33 % S(l=2) ave= 0.000E+00 +/- 0.00 % S(l=3) ave= 0.000E+00 +/- 0.00 % 
 ... random file  195 Cap(th)  ave= 1.461E+00 b. +/- 3.92 % || Ela(th) ave= 9.132E-01 b. +/- 19.34 % || RIcap ave= 1.39E+00 b. +/- 1.81 % || Macs30 ave= 1.63E-02 b. +/- 1.22 % || Gn^0(l=0) ave= 1.850E+00 +/- 4.59 % Gn^0(l=1) ave= 1.159E+01 +/- 11.05 % Gn^0(l=2) ave= 0.000E+00 +/- 0.00 % Gn^0(l=3) ave= 0.000E+00 +/- 0.00 % || Gtotal(l=0) ave= 2.772E+02 +/- 0.00 % Gtotal(l=1) ave= 1.168E+02 +/- 2.34 % Gtotal(l=2) ave= 0.000E+00 +/- 0.00 % Gtotal(l=3) ave= 0.000E+00 +/- 0.00 %  % || Gg(l=0) ave= 1.029E+00 +/- 1.94 % Gg(l=1) ave= 5.029E-01 +/- 3.69 % Gg(l=2) ave= 0.000E+00 +/- 0.00 % Gg(l=3) ave= 0.000E+00 +/- 0.00 %  % || D(l=0) ave= 2.017E+04 +/- 0.00 % D(l=1) ave= 5.648E+03 +/- 2.30 % D(l=2) ave= 0.000E+00 +/- 0.00 % D(l=3) ave= 0.000E+00 +/- 0.00 %  % || S(l=0) ave= 5.311E-05 +/- 5.56 % S(l=1) ave= 4.150E-04 +/- 11.31 % S(l=2) ave= 0.000E+00 +/- 0.00 % S(l=3) ave= 0.000E+00 +/- 0.00 % 
 ... random file  196 Cap(th)  ave= 1.461E+00 b. +/- 3.94 % || Ela(th) ave= 9.132E-01 b. +/- 19.29 % || RIcap ave= 1.39E+00 b. +/- 1.81 % || Macs30 ave= 1.63E-02 b. +/- 1.22 % || Gn^0(l=0) ave= 1.850E+00 +/- 4.59 % Gn^0(l=1) ave= 1.158E+01 +/- 11.13 % Gn^0(l=2) ave= 0.000E+00 +/- 0.00 % Gn^0(l=3) ave= 0.000E+00 +/- 0.00 % || Gtotal(l=0) ave= 2.772E+02 +/- 0.00 % Gtotal(l=1) ave= 1.168E+02 +/- 2.34 % Gtotal(l=2) ave= 0.000E+00 +/- 0.00 % Gtotal(l=3) ave= 0.000E+00 +/- 0.00 %  % || Gg(l=0) ave= 1.029E+00 +/- 1.93 % Gg(l=1) ave= 5.032E-01 +/- 3.74 % Gg(l=2) ave= 0.000E+00 +/- 0.00 % Gg(l=3) ave= 0.000E+00 +/- 0.00 %  % || D(l=0) ave= 2.017E+04 +/- 0.00 % D(l=1) ave= 5.648E+03 +/- 2.30 % D(l=2) ave= 0.000E+00 +/- 0.00 % D(l=3) ave= 0.000E+00 +/- 0.00 %  % || S(l=0) ave= 5.312E-05 +/- 5.55 % S(l=1) ave= 4.146E-04 +/- 11.38 % S(l=2) ave= 0.000E+00 +/- 0.00 % S(l=3) ave= 0.000E+00 +/- 0.00 % 
 ... random file  197 Cap(th)  ave= 1.461E+00 b. +/- 3.94 % || Ela(th) ave= 9.133E-01 b. +/- 19.24 % || RIcap ave= 1.39E+00 b. +/- 1.81 % || Macs30 ave= 1.63E-02 b. +/- 1.22 % || Gn^0(l=0) ave= 1.850E+00 +/- 4.57 % Gn^0(l=1) ave= 1.158E+01 +/- 11.11 % Gn^0(l=2) ave= 0.000E+00 +/- 0.00 % Gn^0(l=3) ave= 0.000E+00 +/- 0.00 % || Gtotal(l=0) ave= 2.772E+02 +/- 0.00 % Gtotal(l=1) ave= 1.168E+02 +/- 2.34 % Gtotal(l=2) ave= 0.000E+00 +/- 0.00 % Gtotal(l=3) ave= 0.000E+00 +/- 0.00 %  % || Gg(l=0) ave= 1.029E+00 +/- 1.93 % Gg(l=1) ave= 5.032E-01 +/- 3.73 % Gg(l=2) ave= 0.000E+00 +/- 0.00 % Gg(l=3) ave= 0.000E+00 +/- 0.00 %  % || D(l=0) ave= 2.017E+04 +/- 0.00 % D(l=1) ave= 5.648E+03 +/- 2.30 % D(l=2) ave= 0.000E+00 +/- 0.00 % D(l=3) ave= 0.000E+00 +/- 0.00 %  % || S(l=0) ave= 5.312E-05 +/- 5.54 % S(l=1) ave= 4.145E-04 +/- 11.37 % S(l=2) ave= 0.000E+00 +/- 0.00 % S(l=3) ave= 0.000E+00 +/- 0.00 % 
 ... random file  198 Cap(th)  ave= 1.460E+00 b. +/- 3.95 % || Ela(th) ave= 9.120E-01 b. +/- 19.33 % || RIcap ave= 1.39E+00 b. +/- 1.82 % || Macs30 ave= 1.63E-02 b. +/- 1.22 % || Gn^0(l=0) ave= 1.851E+00 +/- 4.57 % Gn^0(l=1) ave= 1.160E+01 +/- 11.33 % Gn^0(l=2) ave= 0.000E+00 +/- 0.00 % Gn^0(l=3) ave= 0.000E+00 +/- 0.00 % || Gtotal(l=0) ave= 2.772E+02 +/- 0.00 % Gtotal(l=1) ave= 1.168E+02 +/- 2.34 % Gtotal(l=2) ave= 0.000E+00 +/- 0.00 % Gtotal(l=3) ave= 0.000E+00 +/- 0.00 %  % || Gg(l=0) ave= 1.029E+00 +/- 1.93 % Gg(l=1) ave= 5.032E-01 +/- 3.72 % Gg(l=2) ave= 0.000E+00 +/- 0.00 % Gg(l=3) ave= 0.000E+00 +/- 0.00 %  % || D(l=0) ave= 2.017E+04 +/- 0.00 % D(l=1) ave= 5.647E+03 +/- 2.30 % D(l=2) ave= 0.000E+00 +/- 0.00 % D(l=3) ave= 0.000E+00 +/- 0.00 %  % || S(l=0) ave= 5.313E-05 +/- 5.53 % S(l=1) ave= 4.153E-04 +/- 11.62 % S(l=2) ave= 0.000E+00 +/- 0.00 % S(l=3) ave= 0.000E+00 +/- 0.00 % 
 ... random file  199 Cap(th)  ave= 1.460E+00 b. +/- 3.94 % || Ela(th) ave= 9.101E-01 b. +/- 19.54 % || RIcap ave= 1.39E+00 b. +/- 1.81 % || Macs30 ave= 1.63E-02 b. +/- 1.21 % || Gn^0(l=0) ave= 1.851E+00 +/- 4.56 % Gn^0(l=1) ave= 1.161E+01 +/- 11.38 % Gn^0(l=2) ave= 0.000E+00 +/- 0.00 % Gn^0(l=3) ave= 0.000E+00 +/- 0.00 % || Gtotal(l=0) ave= 2.772E+02 +/- 0.00 % Gtotal(l=1) ave= 1.168E+02 +/- 2.34 % Gtotal(l=2) ave= 0.000E+00 +/- 0.00 % Gtotal(l=3) ave= 0.000E+00 +/- 0.00 %  % || Gg(l=0) ave= 1.029E+00 +/- 1.94 % Gg(l=1) ave= 5.032E-01 +/- 3.71 % Gg(l=2) ave= 0.000E+00 +/- 0.00 % Gg(l=3) ave= 0.000E+00 +/- 0.00 %  % || D(l=0) ave= 2.017E+04 +/- 0.00 % D(l=1) ave= 5.647E+03 +/- 2.30 % D(l=2) ave= 0.000E+00 +/- 0.00 % D(l=3) ave= 0.000E+00 +/- 0.00 %  % || S(l=0) ave= 5.313E-05 +/- 5.51 % S(l=1) ave= 4.158E-04 +/- 11.72 % S(l=2) ave= 0.000E+00 +/- 0.00 % S(l=3) ave= 0.000E+00 +/- 0.00 % 
 ... random file  200 Cap(th)  ave= 1.460E+00 b. +/- 3.93 % || Ela(th) ave= 9.119E-01 b. +/- 19.65 % || RIcap ave= 1.39E+00 b. +/- 1.81 % || Macs30 ave= 1.63E-02 b. +/- 1.22 % || Gn^0(l=0) ave= 1.850E+00 +/- 4.55 % Gn^0(l=1) ave= 1.160E+01 +/- 11.39 % Gn^0(l=2) ave= 0.000E+00 +/- 0.00 % Gn^0(l=3) ave= 0.000E+00 +/- 0.00 % || Gtotal(l=0) ave= 2.772E+02 +/- 0.00 % Gtotal(l=1) ave= 1.168E+02 +/- 2.34 % Gtotal(l=2) ave= 0.000E+00 +/- 0.00 % Gtotal(l=3) ave= 0.000E+00 +/- 0.00 %  % || Gg(l=0) ave= 1.029E+00 +/- 1.93 % Gg(l=1) ave= 5.032E-01 +/- 3.70 % Gg(l=2) ave= 0.000E+00 +/- 0.00 % Gg(l=3) ave= 0.000E+00 +/- 0.00 %  % || D(l=0) ave= 2.017E+04 +/- 0.00 % D(l=1) ave= 5.647E+03 +/- 2.30 % D(l=2) ave= 0.000E+00 +/- 0.00 % D(l=3) ave= 0.000E+00 +/- 0.00 %  % || S(l=0) ave= 5.312E-05 +/- 5.50 % S(l=1) ave= 4.155E-04 +/- 11.73 % S(l=2) ave= 0.000E+00 +/- 0.00 % S(l=3) ave= 0.000E+00 +/- 0.00 % 
 ... random file  201 Cap(th)  ave= 1.461E+00 b. +/- 3.93 % || Ela(th) ave= 9.126E-01 b. +/- 19.62 % || RIcap ave= 1.39E+00 b. +/- 1.80 % || Macs30 ave= 1.63E-02 b. +/- 1.21 % || Gn^0(l=0) ave= 1.851E+00 +/- 4.54 % Gn^0(l=1) ave= 1.160E+01 +/- 11.37 % Gn^0(l=2) ave= 0.000E+00 +/- 0.00 % Gn^0(l=3) ave= 0.000E+00 +/- 0.00 % || Gtotal(l=0) ave= 2.772E+02 +/- 0.00 % Gtotal(l=1) ave= 1.168E+02 +/- 2.34 % Gtotal(l=2) ave= 0.000E+00 +/- 0.00 % Gtotal(l=3) ave= 0.000E+00 +/- 0.00 %  % || Gg(l=0) ave= 1.029E+00 +/- 1.93 % Gg(l=1) ave= 5.031E-01 +/- 3.71 % Gg(l=2) ave= 0.000E+00 +/- 0.00 % Gg(l=3) ave= 0.000E+00 +/- 0.00 %  % || D(l=0) ave= 2.017E+04 +/- 0.00 % D(l=1) ave= 5.648E+03 +/- 2.30 % D(l=2) ave= 0.000E+00 +/- 0.00 % D(l=3) ave= 0.000E+00 +/- 0.00 %  % || S(l=0) ave= 5.312E-05 +/- 5.49 % S(l=1) ave= 4.154E-04 +/- 11.71 % S(l=2) ave= 0.000E+00 +/- 0.00 % S(l=3) ave= 0.000E+00 +/- 0.00 % 
 ... random file  202 Cap(th)  ave= 1.461E+00 b. +/- 3.98 % || Ela(th) ave= 9.139E-01 b. +/- 19.64 % || RIcap ave= 1.39E+00 b. +/- 1.82 % || Macs30 ave= 1.63E-02 b. +/- 1.21 % || Gn^0(l=0) ave= 1.851E+00 +/- 4.53 % Gn^0(l=1) ave= 1.160E+01 +/- 11.34 % Gn^0(l=2) ave= 0.000E+00 +/- 0.00 % Gn^0(l=3) ave= 0.000E+00 +/- 0.00 % || Gtotal(l=0) ave= 2.772E+02 +/- 0.00 % Gtotal(l=1) ave= 1.168E+02 +/- 2.34 % Gtotal(l=2) ave= 0.000E+00 +/- 0.00 % Gtotal(l=3) ave= 0.000E+00 +/- 0.00 %  % || Gg(l=0) ave= 1.029E+00 +/- 1.92 % Gg(l=1) ave= 5.030E-01 +/- 3.71 % Gg(l=2) ave= 0.000E+00 +/- 0.00 % Gg(l=3) ave= 0.000E+00 +/- 0.00 %  % || D(l=0) ave= 2.017E+04 +/- 0.00 % D(l=1) ave= 5.648E+03 +/- 2.30 % D(l=2) ave= 0.000E+00 +/- 0.00 % D(l=3) ave= 0.000E+00 +/- 0.00 %  % || S(l=0) ave= 5.313E-05 +/- 5.48 % S(l=1) ave= 4.155E-04 +/- 11.68 % S(l=2) ave= 0.000E+00 +/- 0.00 % S(l=3) ave= 0.000E+00 +/- 0.00 % 
 ... random file  203 Cap(th)  ave= 1.462E+00 b. +/- 3.99 % || Ela(th) ave= 9.142E-01 b. +/- 19.59 % || RIcap ave= 1.39E+00 b. +/- 1.83 % || Macs30 ave= 1.63E-02 b. +/- 1.21 % || Gn^0(l=0) ave= 1.851E+00 +/- 4.52 % Gn^0(l=1) ave= 1.161E+01 +/- 11.42 % Gn^0(l=2) ave= 0.000E+00 +/- 0.00 % Gn^0(l=3) ave= 0.000E+00 +/- 0.00 % || Gtotal(l=0) ave= 2.772E+02 +/- 0.00 % Gtotal(l=1) ave= 1.168E+02 +/- 2.34 % Gtotal(l=2) ave= 0.000E+00 +/- 0.00 % Gtotal(l=3) ave= 0.000E+00 +/- 0.00 %  % || Gg(l=0) ave= 1.029E+00 +/- 1.92 % Gg(l=1) ave= 5.032E-01 +/- 3.73 % Gg(l=2) ave= 0.000E+00 +/- 0.00 % Gg(l=3) ave= 0.000E+00 +/- 0.00 %  % || D(l=0) ave= 2.017E+04 +/- 0.00 % D(l=1) ave= 5.648E+03 +/- 2.30 % D(l=2) ave= 0.000E+00 +/- 0.00 % D(l=3) ave= 0.000E+00 +/- 0.00 %  % || S(l=0) ave= 5.313E-05 +/- 5.47 % S(l=1) ave= 4.160E-04 +/- 11.79 % S(l=2) ave= 0.000E+00 +/- 0.00 % S(l=3) ave= 0.000E+00 +/- 0.00 % 
 ... random file  204 Cap(th)  ave= 1.462E+00 b. +/- 3.98 % || Ela(th) ave= 9.147E-01 b. +/- 19.55 % || RIcap ave= 1.39E+00 b. +/- 1.83 % || Macs30 ave= 1.63E-02 b. +/- 1.21 % || Gn^0(l=0) ave= 1.850E+00 +/- 4.53 % Gn^0(l=1) ave= 1.160E+01 +/- 11.51 % Gn^0(l=2) ave= 0.000E+00 +/- 0.00 % Gn^0(l=3) ave= 0.000E+00 +/- 0.00 % || Gtotal(l=0) ave= 2.772E+02 +/- 0.00 % Gtotal(l=1) ave= 1.168E+02 +/- 2.34 % Gtotal(l=2) ave= 0.000E+00 +/- 0.00 % Gtotal(l=3) ave= 0.000E+00 +/- 0.00 %  % || Gg(l=0) ave= 1.029E+00 +/- 1.92 % Gg(l=1) ave= 5.032E-01 +/- 3.72 % Gg(l=2) ave= 0.000E+00 +/- 0.00 % Gg(l=3) ave= 0.000E+00 +/- 0.00 %  % || D(l=0) ave= 2.017E+04 +/- 0.00 % D(l=1) ave= 5.647E+03 +/- 2.30 % D(l=2) ave= 0.000E+00 +/- 0.00 % D(l=3) ave= 0.000E+00 +/- 0.00 %  % || S(l=0) ave= 5.312E-05 +/- 5.48 % S(l=1) ave= 4.157E-04 +/- 11.83 % S(l=2) ave= 0.000E+00 +/- 0.00 % S(l=3) ave= 0.000E+00 +/- 0.00 % 
 ... random file  205 Cap(th)  ave= 1.462E+00 b. +/- 3.97 % || Ela(th) ave= 9.132E-01 b. +/- 19.67 % || RIcap ave= 1.39E+00 b. +/- 1.82 % || Macs30 ave= 1.63E-02 b. +/- 1.21 % || Gn^0(l=0) ave= 1.850E+00 +/- 4.52 % Gn^0(l=1) ave= 1.162E+01 +/- 11.77 % Gn^0(l=2) ave= 0.000E+00 +/- 0.00 % Gn^0(l=3) ave= 0.000E+00 +/- 0.00 % || Gtotal(l=0) ave= 2.772E+02 +/- 0.00 % Gtotal(l=1) ave= 1.168E+02 +/- 2.34 % Gtotal(l=2) ave= 0.000E+00 +/- 0.00 % Gtotal(l=3) ave= 0.000E+00 +/- 0.00 %  % || Gg(l=0) ave= 1.029E+00 +/- 1.91 % Gg(l=1) ave= 5.032E-01 +/- 3.71 % Gg(l=2) ave= 0.000E+00 +/- 0.00 % Gg(l=3) ave= 0.000E+00 +/- 0.00 %  % || D(l=0) ave= 2.017E+04 +/- 0.00 % D(l=1) ave= 5.646E+03 +/- 2.30 % D(l=2) ave= 0.000E+00 +/- 0.00 % D(l=3) ave= 0.000E+00 +/- 0.00 %  % || S(l=0) ave= 5.311E-05 +/- 5.47 % S(l=1) ave= 4.164E-04 +/- 12.03 % S(l=2) ave= 0.000E+00 +/- 0.00 % S(l=3) ave= 0.000E+00 +/- 0.00 % 
 ... random file  206 Cap(th)  ave= 1.461E+00 b. +/- 3.98 % || Ela(th) ave= 9.132E-01 b. +/- 19.63 % || RIcap ave= 1.39E+00 b. +/- 1.83 % || Macs30 ave= 1.63E-02 b. +/- 1.21 % || Gn^0(l=0) ave= 1.850E+00 +/- 4.51 % Gn^0(l=1) ave= 1.162E+01 +/- 11.75 % Gn^0(l=2) ave= 0.000E+00 +/- 0.00 % Gn^0(l=3) ave= 0.000E+00 +/- 0.00 % || Gtotal(l=0) ave= 2.772E+02 +/- 0.00 % Gtotal(l=1) ave= 1.168E+02 +/- 2.35 % Gtotal(l=2) ave= 0.000E+00 +/- 0.00 % Gtotal(l=3) ave= 0.000E+00 +/- 0.00 %  % || Gg(l=0) ave= 1.029E+00 +/- 1.91 % Gg(l=1) ave= 5.032E-01 +/- 3.70 % Gg(l=2) ave= 0.000E+00 +/- 0.00 % Gg(l=3) ave= 0.000E+00 +/- 0.00 %  % || D(l=0) ave= 2.017E+04 +/- 0.00 % D(l=1) ave= 5.646E+03 +/- 2.31 % D(l=2) ave= 0.000E+00 +/- 0.00 % D(l=3) ave= 0.000E+00 +/- 0.00 %  % || S(l=0) ave= 5.310E-05 +/- 5.46 % S(l=1) ave= 4.164E-04 +/- 12.00 % S(l=2) ave= 0.000E+00 +/- 0.00 % S(l=3) ave= 0.000E+00 +/- 0.00 % 
 ... random file  207 Cap(th)  ave= 1.461E+00 b. +/- 3.97 % || Ela(th) ave= 9.127E-01 b. +/- 19.61 % || RIcap ave= 1.39E+00 b. +/- 1.82 % || Macs30 ave= 1.63E-02 b. +/- 1.21 % || Gn^0(l=0) ave= 1.850E+00 +/- 4.50 % Gn^0(l=1) ave= 1.162E+01 +/- 11.73 % Gn^0(l=2) ave= 0.000E+00 +/- 0.00 % Gn^0(l=3) ave= 0.000E+00 +/- 0.00 % || Gtotal(l=0) ave= 2.772E+02 +/- 0.00 % Gtotal(l=1) ave= 1.168E+02 +/- 2.34 % Gtotal(l=2) ave= 0.000E+00 +/- 0.00 % Gtotal(l=3) ave= 0.000E+00 +/- 0.00 %  % || Gg(l=0) ave= 1.029E+00 +/- 1.91 % Gg(l=1) ave= 5.032E-01 +/- 3.70 % Gg(l=2) ave= 0.000E+00 +/- 0.00 % Gg(l=3) ave= 0.000E+00 +/- 0.00 %  % || D(l=0) ave= 2.017E+04 +/- 0.00 % D(l=1) ave= 5.646E+03 +/- 2.30 % D(l=2) ave= 0.000E+00 +/- 0.00 % D(l=3) ave= 0.000E+00 +/- 0.00 %  % || S(l=0) ave= 5.310E-05 +/- 5.45 % S(l=1) ave= 4.165E-04 +/- 11.98 % S(l=2) ave= 0.000E+00 +/- 0.00 % S(l=3) ave= 0.000E+00 +/- 0.00 % 
 ... random file  208 Cap(th)  ave= 1.461E+00 b. +/- 3.97 % || Ela(th) ave= 9.124E-01 b. +/- 19.57 % || RIcap ave= 1.39E+00 b. +/- 1.82 % || Macs30 ave= 1.63E-02 b. +/- 1.21 % || Gn^0(l=0) ave= 1.850E+00 +/- 4.49 % Gn^0(l=1) ave= 1.162E+01 +/- 11.72 % Gn^0(l=2) ave= 0.000E+00 +/- 0.00 % Gn^0(l=3) ave= 0.000E+00 +/- 0.00 % || Gtotal(l=0) ave= 2.772E+02 +/- 0.00 % Gtotal(l=1) ave= 1.168E+02 +/- 2.35 % Gtotal(l=2) ave= 0.000E+00 +/- 0.00 % Gtotal(l=3) ave= 0.000E+00 +/- 0.00 %  % || Gg(l=0) ave= 1.029E+00 +/- 1.91 % Gg(l=1) ave= 5.033E-01 +/- 3.69 % Gg(l=2) ave= 0.000E+00 +/- 0.00 % Gg(l=3) ave= 0.000E+00 +/- 0.00 %  % || D(l=0) ave= 2.017E+04 +/- 0.00 % D(l=1) ave= 5.645E+03 +/- 2.31 % D(l=2) ave= 0.000E+00 +/- 0.00 % D(l=3) ave= 0.000E+00 +/- 0.00 %  % || S(l=0) ave= 5.311E-05 +/- 5.44 % S(l=1) ave= 4.164E-04 +/- 11.97 % S(l=2) ave= 0.000E+00 +/- 0.00 % S(l=3) ave= 0.000E+00 +/- 0.00 % 
 ... random file  209 Cap(th)  ave= 1.461E+00 b. +/- 3.97 % || Ela(th) ave= 9.118E-01 b. +/- 19.56 % || RIcap ave= 1.39E+00 b. +/- 1.82 % || Macs30 ave= 1.63E-02 b. +/- 1.21 % || Gn^0(l=0) ave= 1.850E+00 +/- 4.49 % Gn^0(l=1) ave= 1.162E+01 +/- 11.69 % Gn^0(l=2) ave= 0.000E+00 +/- 0.00 % Gn^0(l=3) ave= 0.000E+00 +/- 0.00 % || Gtotal(l=0) ave= 2.772E+02 +/- 0.00 % Gtotal(l=1) ave= 1.168E+02 +/- 2.35 % Gtotal(l=2) ave= 0.000E+00 +/- 0.00 % Gtotal(l=3) ave= 0.000E+00 +/- 0.00 %  % || Gg(l=0) ave= 1.029E+00 +/- 1.91 % Gg(l=1) ave= 5.032E-01 +/- 3.68 % Gg(l=2) ave= 0.000E+00 +/- 0.00 % Gg(l=3) ave= 0.000E+00 +/- 0.00 %  % || D(l=0) ave= 2.017E+04 +/- 0.00 % D(l=1) ave= 5.646E+03 +/- 2.30 % D(l=2) ave= 0.000E+00 +/- 0.00 % D(l=3) ave= 0.000E+00 +/- 0.00 %  % || S(l=0) ave= 5.310E-05 +/- 5.43 % S(l=1) ave= 4.164E-04 +/- 11.94 % S(l=2) ave= 0.000E+00 +/- 0.00 % S(l=3) ave= 0.000E+00 +/- 0.00 % 
 ... random file  210 Cap(th)  ave= 1.461E+00 b. +/- 3.97 % || Ela(th) ave= 9.134E-01 b. +/- 19.63 % || RIcap ave= 1.39E+00 b. +/- 1.82 % || Macs30 ave= 1.63E-02 b. +/- 1.21 % || Gn^0(l=0) ave= 1.850E+00 +/- 4.48 % Gn^0(l=1) ave= 1.161E+01 +/- 11.76 % Gn^0(l=2) ave= 0.000E+00 +/- 0.00 % Gn^0(l=3) ave= 0.000E+00 +/- 0.00 % || Gtotal(l=0) ave= 2.772E+02 +/- 0.00 % Gtotal(l=1) ave= 1.168E+02 +/- 2.35 % Gtotal(l=2) ave= 0.000E+00 +/- 0.00 % Gtotal(l=3) ave= 0.000E+00 +/- 0.00 %  % || Gg(l=0) ave= 1.029E+00 +/- 1.91 % Gg(l=1) ave= 5.034E-01 +/- 3.71 % Gg(l=2) ave= 0.000E+00 +/- 0.00 % Gg(l=3) ave= 0.000E+00 +/- 0.00 %  % || D(l=0) ave= 2.017E+04 +/- 0.00 % D(l=1) ave= 5.645E+03 +/- 2.31 % D(l=2) ave= 0.000E+00 +/- 0.00 % D(l=3) ave= 0.000E+00 +/- 0.00 %  % || S(l=0) ave= 5.310E-05 +/- 5.42 % S(l=1) ave= 4.160E-04 +/- 11.99 % S(l=2) ave= 0.000E+00 +/- 0.00 % S(l=3) ave= 0.000E+00 +/- 0.00 % 
 ... random file  211 Cap(th)  ave= 1.462E+00 b. +/- 4.04 % || Ela(th) ave= 9.145E-01 b. +/- 19.65 % || RIcap ave= 1.39E+00 b. +/- 1.85 % || Macs30 ave= 1.63E-02 b. +/- 1.20 % || Gn^0(l=0) ave= 1.850E+00 +/- 4.48 % Gn^0(l=1) ave= 1.161E+01 +/- 11.75 % Gn^0(l=2) ave= 0.000E+00 +/- 0.00 % Gn^0(l=3) ave= 0.000E+00 +/- 0.00 % || Gtotal(l=0) ave= 2.772E+02 +/- 0.00 % Gtotal(l=1) ave= 1.168E+02 +/- 2.35 % Gtotal(l=2) ave= 0.000E+00 +/- 0.00 % Gtotal(l=3) ave= 0.000E+00 +/- 0.00 %  % || Gg(l=0) ave= 1.029E+00 +/- 1.92 % Gg(l=1) ave= 5.034E-01 +/- 3.70 % Gg(l=2) ave= 0.000E+00 +/- 0.00 % Gg(l=3) ave= 0.000E+00 +/- 0.00 %  % || D(l=0) ave= 2.017E+04 +/- 0.00 % D(l=1) ave= 5.645E+03 +/- 2.31 % D(l=2) ave= 0.000E+00 +/- 0.00 % D(l=3) ave= 0.000E+00 +/- 0.00 %  % || S(l=0) ave= 5.310E-05 +/- 5.41 % S(l=1) ave= 4.163E-04 +/- 11.98 % S(l=2) ave= 0.000E+00 +/- 0.00 % S(l=3) ave= 0.000E+00 +/- 0.00 % 
 ... random file  212 Cap(th)  ave= 1.462E+00 b. +/- 4.04 % || Ela(th) ave= 9.146E-01 b. +/- 19.60 % || RIcap ave= 1.39E+00 b. +/- 1.85 % || Macs30 ave= 1.63E-02 b. +/- 1.20 % || Gn^0(l=0) ave= 1.850E+00 +/- 4.47 % Gn^0(l=1) ave= 1.163E+01 +/- 11.81 % Gn^0(l=2) ave= 0.000E+00 +/- 0.00 % Gn^0(l=3) ave= 0.000E+00 +/- 0.00 % || Gtotal(l=0) ave= 2.772E+02 +/- 0.00 % Gtotal(l=1) ave= 1.169E+02 +/- 2.35 % Gtotal(l=2) ave= 0.000E+00 +/- 0.00 % Gtotal(l=3) ave= 0.000E+00 +/- 0.00 %  % || Gg(l=0) ave= 1.029E+00 +/- 1.91 % Gg(l=1) ave= 5.036E-01 +/- 3.72 % Gg(l=2) ave= 0.000E+00 +/- 0.00 % Gg(l=3) ave= 0.000E+00 +/- 0.00 %  % || D(l=0) ave= 2.017E+04 +/- 0.00 % D(l=1) ave= 5.644E+03 +/- 2.31 % D(l=2) ave= 0.000E+00 +/- 0.00 % D(l=3) ave= 0.000E+00 +/- 0.00 %  % || S(l=0) ave= 5.310E-05 +/- 5.40 % S(l=1) ave= 4.169E-04 +/- 12.13 % S(l=2) ave= 0.000E+00 +/- 0.00 % S(l=3) ave= 0.000E+00 +/- 0.00 % 
 ... random file  213 Cap(th)  ave= 1.463E+00 b. +/- 4.05 % || Ela(th) ave= 9.149E-01 b. +/- 19.55 % || RIcap ave= 1.39E+00 b. +/- 1.85 % || Macs30 ave= 1.63E-02 b. +/- 1.20 % || Gn^0(l=0) ave= 1.850E+00 +/- 4.45 % Gn^0(l=1) ave= 1.164E+01 +/- 11.89 % Gn^0(l=2) ave= 0.000E+00 +/- 0.00 % Gn^0(l=3) ave= 0.000E+00 +/- 0.00 % || Gtotal(l=0) ave= 2.772E+02 +/- 0.00 % Gtotal(l=1) ave= 1.169E+02 +/- 2.35 % Gtotal(l=2) ave= 0.000E+00 +/- 0.00 % Gtotal(l=3) ave= 0.000E+00 +/- 0.00 %  % || Gg(l=0) ave= 1.029E+00 +/- 1.92 % Gg(l=1) ave= 5.039E-01 +/- 3.78 % Gg(l=2) ave= 0.000E+00 +/- 0.00 % Gg(l=3) ave= 0.000E+00 +/- 0.00 %  % || D(l=0) ave= 2.017E+04 +/- 0.00 % D(l=1) ave= 5.643E+03 +/- 2.31 % D(l=2) ave= 0.000E+00 +/- 0.00 % D(l=3) ave= 0.000E+00 +/- 0.00 %  % || S(l=0) ave= 5.310E-05 +/- 5.38 % S(l=1) ave= 4.174E-04 +/- 12.23 % S(l=2) ave= 0.000E+00 +/- 0.00 % S(l=3) ave= 0.000E+00 +/- 0.00 % 
 ... random file  214 Cap(th)  ave= 1.463E+00 b. +/- 4.05 % || Ela(th) ave= 9.164E-01 b. +/- 19.62 % || RIcap ave= 1.39E+00 b. +/- 1.85 % || Macs30 ave= 1.63E-02 b. +/- 1.20 % || Gn^0(l=0) ave= 1.849E+00 +/- 4.49 % Gn^0(l=1) ave= 1.163E+01 +/- 11.90 % Gn^0(l=2) ave= 0.000E+00 +/- 0.00 % Gn^0(l=3) ave= 0.000E+00 +/- 0.00 % || Gtotal(l=0) ave= 2.772E+02 +/- 0.00 % Gtotal(l=1) ave= 1.169E+02 +/- 2.35 % Gtotal(l=2) ave= 0.000E+00 +/- 0.00 % Gtotal(l=3) ave= 0.000E+00 +/- 0.00 %  % || Gg(l=0) ave= 1.028E+00 +/- 1.92 % Gg(l=1) ave= 5.041E-01 +/- 3.82 % Gg(l=2) ave= 0.000E+00 +/- 0.00 % Gg(l=3) ave= 0.000E+00 +/- 0.00 %  % || D(l=0) ave= 2.017E+04 +/- 0.00 % D(l=1) ave= 5.643E+03 +/- 2.31 % D(l=2) ave= 0.000E+00 +/- 0.00 % D(l=3) ave= 0.000E+00 +/- 0.00 %  % || S(l=0) ave= 5.308E-05 +/- 5.41 % S(l=1) ave= 4.172E-04 +/- 12.22 % S(l=2) ave= 0.000E+00 +/- 0.00 % S(l=3) ave= 0.000E+00 +/- 0.00 % 
 ... random file  215 Cap(th)  ave= 1.463E+00 b. +/- 4.06 % || Ela(th) ave= 9.178E-01 b. +/- 19.68 % || RIcap ave= 1.39E+00 b. +/- 1.85 % || Macs30 ave= 1.63E-02 b. +/- 1.20 % || Gn^0(l=0) ave= 1.850E+00 +/- 4.51 % Gn^0(l=1) ave= 1.163E+01 +/- 11.87 % Gn^0(l=2) ave= 0.000E+00 +/- 0.00 % Gn^0(l=3) ave= 0.000E+00 +/- 0.00 % || Gtotal(l=0) ave= 2.772E+02 +/- 0.00 % Gtotal(l=1) ave= 1.169E+02 +/- 2.35 % Gtotal(l=2) ave= 0.000E+00 +/- 0.00 % Gtotal(l=3) ave= 0.000E+00 +/- 0.00 %  % || Gg(l=0) ave= 1.028E+00 +/- 1.91 % Gg(l=1) ave= 5.041E-01 +/- 3.81 % Gg(l=2) ave= 0.000E+00 +/- 0.00 % Gg(l=3) ave= 0.000E+00 +/- 0.00 %  % || D(l=0) ave= 2.017E+04 +/- 0.00 % D(l=1) ave= 5.643E+03 +/- 2.31 % D(l=2) ave= 0.000E+00 +/- 0.00 % D(l=3) ave= 0.000E+00 +/- 0.00 %  % || S(l=0) ave= 5.310E-05 +/- 5.44 % S(l=1) ave= 4.171E-04 +/- 12.20 % S(l=2) ave= 0.000E+00 +/- 0.00 % S(l=3) ave= 0.000E+00 +/- 0.00 % 
 ... random file  216 Cap(th)  ave= 1.463E+00 b. +/- 4.05 % || Ela(th) ave= 9.196E-01 b. +/- 19.80 % || RIcap ave= 1.39E+00 b. +/- 1.85 % || Macs30 ave= 1.63E-02 b. +/- 1.20 % || Gn^0(l=0) ave= 1.851E+00 +/- 4.56 % Gn^0(l=1) ave= 1.163E+01 +/- 11.88 % Gn^0(l=2) ave= 0.000E+00 +/- 0.00 % Gn^0(l=3) ave= 0.000E+00 +/- 0.00 % || Gtotal(l=0) ave= 2.772E+02 +/- 0.00 % Gtotal(l=1) ave= 1.169E+02 +/- 2.35 % Gtotal(l=2) ave= 0.000E+00 +/- 0.00 % Gtotal(l=3) ave= 0.000E+00 +/- 0.00 %  % || Gg(l=0) ave= 1.028E+00 +/- 1.92 % Gg(l=1) ave= 5.041E-01 +/- 3.81 % Gg(l=2) ave= 0.000E+00 +/- 0.00 % Gg(l=3) ave= 0.000E+00 +/- 0.00 %  % || D(l=0) ave= 2.017E+04 +/- 0.00 % D(l=1) ave= 5.642E+03 +/- 2.31 % D(l=2) ave= 0.000E+00 +/- 0.00 % D(l=3) ave= 0.000E+00 +/- 0.00 %  % || S(l=0) ave= 5.313E-05 +/- 5.49 % S(l=1) ave= 4.170E-04 +/- 12.18 % S(l=2) ave= 0.000E+00 +/- 0.00 % S(l=3) ave= 0.000E+00 +/- 0.00 % 
 ... random file  217 Cap(th)  ave= 1.463E+00 b. +/- 4.04 % || Ela(th) ave= 9.196E-01 b. +/- 19.76 % || RIcap ave= 1.39E+00 b. +/- 1.85 % || Macs30 ave= 1.63E-02 b. +/- 1.20 % || Gn^0(l=0) ave= 1.851E+00 +/- 4.55 % Gn^0(l=1) ave= 1.162E+01 +/- 11.89 % Gn^0(l=2) ave= 0.000E+00 +/- 0.00 % Gn^0(l=3) ave= 0.000E+00 +/- 0.00 % || Gtotal(l=0) ave= 2.772E+02 +/- 0.00 % Gtotal(l=1) ave= 1.169E+02 +/- 2.35 % Gtotal(l=2) ave= 0.000E+00 +/- 0.00 % Gtotal(l=3) ave= 0.000E+00 +/- 0.00 %  % || Gg(l=0) ave= 1.029E+00 +/- 1.93 % Gg(l=1) ave= 5.042E-01 +/- 3.81 % Gg(l=2) ave= 0.000E+00 +/- 0.00 % Gg(l=3) ave= 0.000E+00 +/- 0.00 %  % || D(l=0) ave= 2.017E+04 +/- 0.00 % D(l=1) ave= 5.642E+03 +/- 2.31 % D(l=2) ave= 0.000E+00 +/- 0.00 % D(l=3) ave= 0.000E+00 +/- 0.00 %  % || S(l=0) ave= 5.313E-05 +/- 5.48 % S(l=1) ave= 4.168E-04 +/- 12.18 % S(l=2) ave= 0.000E+00 +/- 0.00 % S(l=3) ave= 0.000E+00 +/- 0.00 % 
 ... random file  218 Cap(th)  ave= 1.464E+00 b. +/- 4.07 % || Ela(th) ave= 9.238E-01 b. +/- 20.72 % || RIcap ave= 1.39E+00 b. +/- 1.86 % || Macs30 ave= 1.63E-02 b. +/- 1.20 % || Gn^0(l=0) ave= 1.851E+00 +/- 4.54 % Gn^0(l=1) ave= 1.161E+01 +/- 11.88 % Gn^0(l=2) ave= 0.000E+00 +/- 0.00 % Gn^0(l=3) ave= 0.000E+00 +/- 0.00 % || Gtotal(l=0) ave= 2.772E+02 +/- 0.00 % Gtotal(l=1) ave= 1.169E+02 +/- 2.35 % Gtotal(l=2) ave= 0.000E+00 +/- 0.00 % Gtotal(l=3) ave= 0.000E+00 +/- 0.00 %  % || Gg(l=0) ave= 1.029E+00 +/- 1.92 % Gg(l=1) ave= 5.043E-01 +/- 3.80 % Gg(l=2) ave= 0.000E+00 +/- 0.00 % Gg(l=3) ave= 0.000E+00 +/- 0.00 %  % || D(l=0) ave= 2.017E+04 +/- 0.00 % D(l=1) ave= 5.641E+03 +/- 2.31 % D(l=2) ave= 0.000E+00 +/- 0.00 % D(l=3) ave= 0.000E+00 +/- 0.00 %  % || S(l=0) ave= 5.313E-05 +/- 5.47 % S(l=1) ave= 4.166E-04 +/- 12.18 % S(l=2) ave= 0.000E+00 +/- 0.00 % S(l=3) ave= 0.000E+00 +/- 0.00 % 
 ... random file  219 Cap(th)  ave= 1.464E+00 b. +/- 4.06 % || Ela(th) ave= 9.230E-01 b. +/- 20.74 % || RIcap ave= 1.39E+00 b. +/- 1.85 % || Macs30 ave= 1.63E-02 b. +/- 1.20 % || Gn^0(l=0) ave= 1.851E+00 +/- 4.54 % Gn^0(l=1) ave= 1.163E+01 +/- 11.94 % Gn^0(l=2) ave= 0.000E+00 +/- 0.00 % Gn^0(l=3) ave= 0.000E+00 +/- 0.00 % || Gtotal(l=0) ave= 2.772E+02 +/- 0.00 % Gtotal(l=1) ave= 1.169E+02 +/- 2.35 % Gtotal(l=2) ave= 0.000E+00 +/- 0.00 % Gtotal(l=3) ave= 0.000E+00 +/- 0.00 %  % || Gg(l=0) ave= 1.028E+00 +/- 1.93 % Gg(l=1) ave= 5.043E-01 +/- 3.79 % Gg(l=2) ave= 0.000E+00 +/- 0.00 % Gg(l=3) ave= 0.000E+00 +/- 0.00 %  % || D(l=0) ave= 2.017E+04 +/- 0.00 % D(l=1) ave= 5.641E+03 +/- 2.32 % D(l=2) ave= 0.000E+00 +/- 0.00 % D(l=3) ave= 0.000E+00 +/- 0.00 %  % || S(l=0) ave= 5.314E-05 +/- 5.47 % S(l=1) ave= 4.171E-04 +/- 12.24 % S(l=2) ave= 0.000E+00 +/- 0.00 % S(l=3) ave= 0.000E+00 +/- 0.00 % 
 ... random file  220 Cap(th)  ave= 1.464E+00 b. +/- 4.05 % || Ela(th) ave= 9.224E-01 b. +/- 20.72 % || RIcap ave= 1.39E+00 b. +/- 1.85 % || Macs30 ave= 1.63E-02 b. +/- 1.20 % || Gn^0(l=0) ave= 1.851E+00 +/- 4.53 % Gn^0(l=1) ave= 1.164E+01 +/- 12.07 % Gn^0(l=2) ave= 0.000E+00 +/- 0.00 % Gn^0(l=3) ave= 0.000E+00 +/- 0.00 % || Gtotal(l=0) ave= 2.772E+02 +/- 0.00 % Gtotal(l=1) ave= 1.169E+02 +/- 2.35 % Gtotal(l=2) ave= 0.000E+00 +/- 0.00 % Gtotal(l=3) ave= 0.000E+00 +/- 0.00 %  % || Gg(l=0) ave= 1.028E+00 +/- 1.93 % Gg(l=1) ave= 5.043E-01 +/- 3.79 % Gg(l=2) ave= 0.000E+00 +/- 0.00 % Gg(l=3) ave= 0.000E+00 +/- 0.00 %  % || D(l=0) ave= 2.017E+04 +/- 0.00 % D(l=1) ave= 5.641E+03 +/- 2.31 % D(l=2) ave= 0.000E+00 +/- 0.00 % D(l=3) ave= 0.000E+00 +/- 0.00 %  % || S(l=0) ave= 5.315E-05 +/- 5.46 % S(l=1) ave= 4.175E-04 +/- 12.31 % S(l=2) ave= 0.000E+00 +/- 0.00 % S(l=3) ave= 0.000E+00 +/- 0.00 % 
 ... random file  221 Cap(th)  ave= 1.464E+00 b. +/- 4.05 % || Ela(th) ave= 9.214E-01 b. +/- 20.76 % || RIcap ave= 1.39E+00 b. +/- 1.85 % || Macs30 ave= 1.63E-02 b. +/- 1.19 % || Gn^0(l=0) ave= 1.851E+00 +/- 4.52 % Gn^0(l=1) ave= 1.166E+01 +/- 12.14 % Gn^0(l=2) ave= 0.000E+00 +/- 0.00 % Gn^0(l=3) ave= 0.000E+00 +/- 0.00 % || Gtotal(l=0) ave= 2.772E+02 +/- 0.00 % Gtotal(l=1) ave= 1.169E+02 +/- 2.35 % Gtotal(l=2) ave= 0.000E+00 +/- 0.00 % Gtotal(l=3) ave= 0.000E+00 +/- 0.00 %  % || Gg(l=0) ave= 1.028E+00 +/- 1.93 % Gg(l=1) ave= 5.043E-01 +/- 3.78 % Gg(l=2) ave= 0.000E+00 +/- 0.00 % Gg(l=3) ave= 0.000E+00 +/- 0.00 %  % || D(l=0) ave= 2.017E+04 +/- 0.00 % D(l=1) ave= 5.640E+03 +/- 2.32 % D(l=2) ave= 0.000E+00 +/- 0.00 % D(l=3) ave= 0.000E+00 +/- 0.00 %  % || S(l=0) ave= 5.314E-05 +/- 5.45 % S(l=1) ave= 4.181E-04 +/- 12.45 % S(l=2) ave= 0.000E+00 +/- 0.00 % S(l=3) ave= 0.000E+00 +/- 0.00 % 
 ... random file  222 Cap(th)  ave= 1.464E+00 b. +/- 4.05 % || Ela(th) ave= 9.213E-01 b. +/- 20.72 % || RIcap ave= 1.39E+00 b. +/- 1.85 % || Macs30 ave= 1.63E-02 b. +/- 1.19 % || Gn^0(l=0) ave= 1.851E+00 +/- 4.51 % Gn^0(l=1) ave= 1.165E+01 +/- 12.17 % Gn^0(l=2) ave= 0.000E+00 +/- 0.00 % Gn^0(l=3) ave= 0.000E+00 +/- 0.00 % || Gtotal(l=0) ave= 2.772E+02 +/- 0.00 % Gtotal(l=1) ave= 1.169E+02 +/- 2.35 % Gtotal(l=2) ave= 0.000E+00 +/- 0.00 % Gtotal(l=3) ave= 0.000E+00 +/- 0.00 %  % || Gg(l=0) ave= 1.028E+00 +/- 1.93 % Gg(l=1) ave= 5.042E-01 +/- 3.79 % Gg(l=2) ave= 0.000E+00 +/- 0.00 % Gg(l=3) ave= 0.000E+00 +/- 0.00 %  % || D(l=0) ave= 2.017E+04 +/- 0.00 % D(l=1) ave= 5.641E+03 +/- 2.31 % D(l=2) ave= 0.000E+00 +/- 0.00 % D(l=3) ave= 0.000E+00 +/- 0.00 %  % || S(l=0) ave= 5.314E-05 +/- 5.44 % S(l=1) ave= 4.178E-04 +/- 12.50 % S(l=2) ave= 0.000E+00 +/- 0.00 % S(l=3) ave= 0.000E+00 +/- 0.00 % 
 ... random file  223 Cap(th)  ave= 1.463E+00 b. +/- 4.05 % || Ela(th) ave= 9.201E-01 b. +/- 20.79 % || RIcap ave= 1.39E+00 b. +/- 1.85 % || Macs30 ave= 1.63E-02 b. +/- 1.19 % || Gn^0(l=0) ave= 1.851E+00 +/- 4.50 % Gn^0(l=1) ave= 1.166E+01 +/- 12.26 % Gn^0(l=2) ave= 0.000E+00 +/- 0.00 % Gn^0(l=3) ave= 0.000E+00 +/- 0.00 % || Gtotal(l=0) ave= 2.772E+02 +/- 0.00 % Gtotal(l=1) ave= 1.169E+02 +/- 2.35 % Gtotal(l=2) ave= 0.000E+00 +/- 0.00 % Gtotal(l=3) ave= 0.000E+00 +/- 0.00 %  % || Gg(l=0) ave= 1.028E+00 +/- 1.92 % Gg(l=1) ave= 5.043E-01 +/- 3.79 % Gg(l=2) ave= 0.000E+00 +/- 0.00 % Gg(l=3) ave= 0.000E+00 +/- 0.00 %  % || D(l=0) ave= 2.017E+04 +/- 0.00 % D(l=1) ave= 5.640E+03 +/- 2.32 % D(l=2) ave= 0.000E+00 +/- 0.00 % D(l=3) ave= 0.000E+00 +/- 0.00 %  % || S(l=0) ave= 5.315E-05 +/- 5.43 % S(l=1) ave= 4.183E-04 +/- 12.59 % S(l=2) ave= 0.000E+00 +/- 0.00 % S(l=3) ave= 0.000E+00 +/- 0.00 % 
 ... random file  224 Cap(th)  ave= 1.464E+00 b. +/- 4.04 % || Ela(th) ave= 9.219E-01 b. +/- 20.90 % || RIcap ave= 1.39E+00 b. +/- 1.85 % || Macs30 ave= 1.63E-02 b. +/- 1.19 % || Gn^0(l=0) ave= 1.852E+00 +/- 4.50 % Gn^0(l=1) ave= 1.165E+01 +/- 12.29 % Gn^0(l=2) ave= 0.000E+00 +/- 0.00 % Gn^0(l=3) ave= 0.000E+00 +/- 0.00 % || Gtotal(l=0) ave= 2.772E+02 +/- 0.00 % Gtotal(l=1) ave= 1.169E+02 +/- 2.35 % Gtotal(l=2) ave= 0.000E+00 +/- 0.00 % Gtotal(l=3) ave= 0.000E+00 +/- 0.00 %  % || Gg(l=0) ave= 1.028E+00 +/- 1.92 % Gg(l=1) ave= 5.043E-01 +/- 3.79 % Gg(l=2) ave= 0.000E+00 +/- 0.00 % Gg(l=3) ave= 0.000E+00 +/- 0.00 %  % || D(l=0) ave= 2.017E+04 +/- 0.00 % D(l=1) ave= 5.641E+03 +/- 2.31 % D(l=2) ave= 0.000E+00 +/- 0.00 % D(l=3) ave= 0.000E+00 +/- 0.00 %  % || S(l=0) ave= 5.316E-05 +/- 5.42 % S(l=1) ave= 4.180E-04 +/- 12.61 % S(l=2) ave= 0.000E+00 +/- 0.00 % S(l=3) ave= 0.000E+00 +/- 0.00 % 
 ... random file  225 Cap(th)  ave= 1.463E+00 b. +/- 4.05 % || Ela(th) ave= 9.217E-01 b. +/- 20.86 % || RIcap ave= 1.39E+00 b. +/- 1.85 % || Macs30 ave= 1.63E-02 b. +/- 1.19 % || Gn^0(l=0) ave= 1.852E+00 +/- 4.49 % Gn^0(l=1) ave= 1.165E+01 +/- 12.26 % Gn^0(l=2) ave= 0.000E+00 +/- 0.00 % Gn^0(l=3) ave= 0.000E+00 +/- 0.00 % || Gtotal(l=0) ave= 2.772E+02 +/- 0.00 % Gtotal(l=1) ave= 1.169E+02 +/- 2.35 % Gtotal(l=2) ave= 0.000E+00 +/- 0.00 % Gtotal(l=3) ave= 0.000E+00 +/- 0.00 %  % || Gg(l=0) ave= 1.029E+00 +/- 1.91 % Gg(l=1) ave= 5.042E-01 +/- 3.80 % Gg(l=2) ave= 0.000E+00 +/- 0.00 % Gg(l=3) ave= 0.000E+00 +/- 0.00 %  % || D(l=0) ave= 2.017E+04 +/- 0.00 % D(l=1) ave= 5.641E+03 +/- 2.31 % D(l=2) ave= 0.000E+00 +/- 0.00 % D(l=3) ave= 0.000E+00 +/- 0.00 %  % || S(l=0) ave= 5.318E-05 +/- 5.42 % S(l=1) ave= 4.179E-04 +/- 12.59 % S(l=2) ave= 0.000E+00 +/- 0.00 % S(l=3) ave= 0.000E+00 +/- 0.00 % 
 ... random file  226 Cap(th)  ave= 1.463E+00 b. +/- 4.04 % || Ela(th) ave= 9.226E-01 b. +/- 20.84 % || RIcap ave= 1.39E+00 b. +/- 1.85 % || Macs30 ave= 1.63E-02 b. +/- 1.19 % || Gn^0(l=0) ave= 1.852E+00 +/- 4.49 % Gn^0(l=1) ave= 1.164E+01 +/- 12.31 % Gn^0(l=2) ave= 0.000E+00 +/- 0.00 % Gn^0(l=3) ave= 0.000E+00 +/- 0.00 % || Gtotal(l=0) ave= 2.772E+02 +/- 0.00 % Gtotal(l=1) ave= 1.169E+02 +/- 2.35 % Gtotal(l=2) ave= 0.000E+00 +/- 0.00 % Gtotal(l=3) ave= 0.000E+00 +/- 0.00 %  % || Gg(l=0) ave= 1.028E+00 +/- 1.92 % Gg(l=1) ave= 5.041E-01 +/- 3.79 % Gg(l=2) ave= 0.000E+00 +/- 0.00 % Gg(l=3) ave= 0.000E+00 +/- 0.00 %  % || D(l=0) ave= 2.017E+04 +/- 0.00 % D(l=1) ave= 5.642E+03 +/- 2.31 % D(l=2) ave= 0.000E+00 +/- 0.00 % D(l=3) ave= 0.000E+00 +/- 0.00 %  % || S(l=0) ave= 5.319E-05 +/- 5.42 % S(l=1) ave= 4.174E-04 +/- 12.68 % S(l=2) ave= 0.000E+00 +/- 0.00 % S(l=3) ave= 0.000E+00 +/- 0.00 % 
 ... random file  227 Cap(th)  ave= 1.463E+00 b. +/- 4.03 % || Ela(th) ave= 9.238E-01 b. +/- 20.86 % || RIcap ave= 1.39E+00 b. +/- 1.84 % || Macs30 ave= 1.63E-02 b. +/- 1.19 % || Gn^0(l=0) ave= 1.853E+00 +/- 4.48 % Gn^0(l=1) ave= 1.164E+01 +/- 12.29 % Gn^0(l=2) ave= 0.000E+00 +/- 0.00 % Gn^0(l=3) ave= 0.000E+00 +/- 0.00 % || Gtotal(l=0) ave= 2.772E+02 +/- 0.00 % Gtotal(l=1) ave= 1.169E+02 +/- 2.35 % Gtotal(l=2) ave= 0.000E+00 +/- 0.00 % Gtotal(l=3) ave= 0.000E+00 +/- 0.00 %  % || Gg(l=0) ave= 1.028E+00 +/- 1.92 % Gg(l=1) ave= 5.042E-01 +/- 3.79 % Gg(l=2) ave= 0.000E+00 +/- 0.00 % Gg(l=3) ave= 0.000E+00 +/- 0.00 %  % || D(l=0) ave= 2.017E+04 +/- 0.00 % D(l=1) ave= 5.641E+03 +/- 2.31 % D(l=2) ave= 0.000E+00 +/- 0.00 % D(l=3) ave= 0.000E+00 +/- 0.00 %  % || S(l=0) ave= 5.319E-05 +/- 5.41 % S(l=1) ave= 4.174E-04 +/- 12.66 % S(l=2) ave= 0.000E+00 +/- 0.00 % S(l=3) ave= 0.000E+00 +/- 0.00 % 
 ... random file  228 Cap(th)  ave= 1.463E+00 b. +/- 4.03 % || Ela(th) ave= 9.241E-01 b. +/- 20.81 % || RIcap ave= 1.39E+00 b. +/- 1.84 % || Macs30 ave= 1.63E-02 b. +/- 1.18 % || Gn^0(l=0) ave= 1.853E+00 +/- 4.48 % Gn^0(l=1) ave= 1.163E+01 +/- 12.36 % Gn^0(l=2) ave= 0.000E+00 +/- 0.00 % Gn^0(l=3) ave= 0.000E+00 +/- 0.00 % || Gtotal(l=0) ave= 2.772E+02 +/- 0.00 % Gtotal(l=1) ave= 1.169E+02 +/- 2.35 % Gtotal(l=2) ave= 0.000E+00 +/- 0.00 % Gtotal(l=3) ave= 0.000E+00 +/- 0.00 %  % || Gg(l=0) ave= 1.029E+00 +/- 1.92 % Gg(l=1) ave= 5.042E-01 +/- 3.78 % Gg(l=2) ave= 0.000E+00 +/- 0.00 % Gg(l=3) ave= 0.000E+00 +/- 0.00 %  % || D(l=0) ave= 2.017E+04 +/- 0.00 % D(l=1) ave= 5.642E+03 +/- 2.31 % D(l=2) ave= 0.000E+00 +/- 0.00 % D(l=3) ave= 0.000E+00 +/- 0.00 %  % || S(l=0) ave= 5.319E-05 +/- 5.39 % S(l=1) ave= 4.169E-04 +/- 12.75 % S(l=2) ave= 0.000E+00 +/- 0.00 % S(l=3) ave= 0.000E+00 +/- 0.00 % 
 ... random file  229 Cap(th)  ave= 1.463E+00 b. +/- 4.02 % || Ela(th) ave= 9.226E-01 b. +/- 20.95 % || RIcap ave= 1.39E+00 b. +/- 1.84 % || Macs30 ave= 1.63E-02 b. +/- 1.18 % || Gn^0(l=0) ave= 1.853E+00 +/- 4.47 % Gn^0(l=1) ave= 1.164E+01 +/- 12.45 % Gn^0(l=2) ave= 0.000E+00 +/- 0.00 % Gn^0(l=3) ave= 0.000E+00 +/- 0.00 % || Gtotal(l=0) ave= 2.772E+02 +/- 0.00 % Gtotal(l=1) ave= 1.169E+02 +/- 2.35 % Gtotal(l=2) ave= 0.000E+00 +/- 0.00 % Gtotal(l=3) ave= 0.000E+00 +/- 0.00 %  % || Gg(l=0) ave= 1.029E+00 +/- 1.91 % Gg(l=1) ave= 5.041E-01 +/- 3.77 % Gg(l=2) ave= 0.000E+00 +/- 0.00 % Gg(l=3) ave= 0.000E+00 +/- 0.00 %  % || D(l=0) ave= 2.017E+04 +/- 0.00 % D(l=1) ave= 5.642E+03 +/- 2.31 % D(l=2) ave= 0.000E+00 +/- 0.00 % D(l=3) ave= 0.000E+00 +/- 0.00 %  % || S(l=0) ave= 5.319E-05 +/- 5.38 % S(l=1) ave= 4.174E-04 +/- 12.81 % S(l=2) ave= 0.000E+00 +/- 0.00 % S(l=3) ave= 0.000E+00 +/- 0.00 % 
 ... random file  230 Cap(th)  ave= 1.463E+00 b. +/- 4.02 % || Ela(th) ave= 9.226E-01 b. +/- 20.90 % || RIcap ave= 1.39E+00 b. +/- 1.84 % || Macs30 ave= 1.63E-02 b. +/- 1.18 % || Gn^0(l=0) ave= 1.852E+00 +/- 4.46 % Gn^0(l=1) ave= 1.164E+01 +/- 12.43 % Gn^0(l=2) ave= 0.000E+00 +/- 0.00 % Gn^0(l=3) ave= 0.000E+00 +/- 0.00 % || Gtotal(l=0) ave= 2.772E+02 +/- 0.00 % Gtotal(l=1) ave= 1.169E+02 +/- 2.35 % Gtotal(l=2) ave= 0.000E+00 +/- 0.00 % Gtotal(l=3) ave= 0.000E+00 +/- 0.00 %  % || Gg(l=0) ave= 1.029E+00 +/- 1.92 % Gg(l=1) ave= 5.041E-01 +/- 3.77 % Gg(l=2) ave= 0.000E+00 +/- 0.00 % Gg(l=3) ave= 0.000E+00 +/- 0.00 %  % || D(l=0) ave= 2.017E+04 +/- 0.00 % D(l=1) ave= 5.643E+03 +/- 2.31 % D(l=2) ave= 0.000E+00 +/- 0.00 % D(l=3) ave= 0.000E+00 +/- 0.00 %  % || S(l=0) ave= 5.319E-05 +/- 5.37 % S(l=1) ave= 4.174E-04 +/- 12.78 % S(l=2) ave= 0.000E+00 +/- 0.00 % S(l=3) ave= 0.000E+00 +/- 0.00 % 
 ... random file  231 Cap(th)  ave= 1.463E+00 b. +/- 4.01 % || Ela(th) ave= 9.225E-01 b. +/- 20.86 % || RIcap ave= 1.39E+00 b. +/- 1.84 % || Macs30 ave= 1.63E-02 b. +/- 1.18 % || Gn^0(l=0) ave= 1.853E+00 +/- 4.45 % Gn^0(l=1) ave= 1.164E+01 +/- 12.40 % Gn^0(l=2) ave= 0.000E+00 +/- 0.00 % Gn^0(l=3) ave= 0.000E+00 +/- 0.00 % || Gtotal(l=0) ave= 2.772E+02 +/- 0.00 % Gtotal(l=1) ave= 1.169E+02 +/- 2.35 % Gtotal(l=2) ave= 0.000E+00 +/- 0.00 % Gtotal(l=3) ave= 0.000E+00 +/- 0.00 %  % || Gg(l=0) ave= 1.029E+00 +/- 1.92 % Gg(l=1) ave= 5.040E-01 +/- 3.76 % Gg(l=2) ave= 0.000E+00 +/- 0.00 % Gg(l=3) ave= 0.000E+00 +/- 0.00 %  % || D(l=0) ave= 2.017E+04 +/- 0.00 % D(l=1) ave= 5.643E+03 +/- 2.31 % D(l=2) ave= 0.000E+00 +/- 0.00 % D(l=3) ave= 0.000E+00 +/- 0.00 %  % || S(l=0) ave= 5.319E-05 +/- 5.36 % S(l=1) ave= 4.174E-04 +/- 12.75 % S(l=2) ave= 0.000E+00 +/- 0.00 % S(l=3) ave= 0.000E+00 +/- 0.00 % 
 ... random file  232 Cap(th)  ave= 1.463E+00 b. +/- 4.00 % || Ela(th) ave= 9.229E-01 b. +/- 20.81 % || RIcap ave= 1.39E+00 b. +/- 1.83 % || Macs30 ave= 1.63E-02 b. +/- 1.18 % || Gn^0(l=0) ave= 1.853E+00 +/- 4.45 % Gn^0(l=1) ave= 1.163E+01 +/- 12.47 % Gn^0(l=2) ave= 0.000E+00 +/- 0.00 % Gn^0(l=3) ave= 0.000E+00 +/- 0.00 % || Gtotal(l=0) ave= 2.772E+02 +/- 0.00 % Gtotal(l=1) ave= 1.169E+02 +/- 2.35 % Gtotal(l=2) ave= 0.000E+00 +/- 0.00 % Gtotal(l=3) ave= 0.000E+00 +/- 0.00 %  % || Gg(l=0) ave= 1.029E+00 +/- 1.92 % Gg(l=1) ave= 5.040E-01 +/- 3.75 % Gg(l=2) ave= 0.000E+00 +/- 0.00 % Gg(l=3) ave= 0.000E+00 +/- 0.00 %  % || D(l=0) ave= 2.017E+04 +/- 0.00 % D(l=1) ave= 5.643E+03 +/- 2.31 % D(l=2) ave= 0.000E+00 +/- 0.00 % D(l=3) ave= 0.000E+00 +/- 0.00 %  % || S(l=0) ave= 5.321E-05 +/- 5.36 % S(l=1) ave= 4.170E-04 +/- 12.79 % S(l=2) ave= 0.000E+00 +/- 0.00 % S(l=3) ave= 0.000E+00 +/- 0.00 % 
 ... random file  233 Cap(th)  ave= 1.464E+00 b. +/- 4.02 % || Ela(th) ave= 9.234E-01 b. +/- 20.78 % || RIcap ave= 1.39E+00 b. +/- 1.84 % || Macs30 ave= 1.63E-02 b. +/- 1.20 % || Gn^0(l=0) ave= 1.853E+00 +/- 4.44 % Gn^0(l=1) ave= 1.164E+01 +/- 12.45 % Gn^0(l=2) ave= 0.000E+00 +/- 0.00 % Gn^0(l=3) ave= 0.000E+00 +/- 0.00 % || Gtotal(l=0) ave= 2.772E+02 +/- 0.00 % Gtotal(l=1) ave= 1.169E+02 +/- 2.35 % Gtotal(l=2) ave= 0.000E+00 +/- 0.00 % Gtotal(l=3) ave= 0.000E+00 +/- 0.00 %  % || Gg(l=0) ave= 1.029E+00 +/- 1.94 % Gg(l=1) ave= 5.041E-01 +/- 3.75 % Gg(l=2) ave= 0.000E+00 +/- 0.00 % Gg(l=3) ave= 0.000E+00 +/- 0.00 %  % || D(l=0) ave= 2.017E+04 +/- 0.00 % D(l=1) ave= 5.642E+03 +/- 2.31 % D(l=2) ave= 0.000E+00 +/- 0.00 % D(l=3) ave= 0.000E+00 +/- 0.00 %  % || S(l=0) ave= 5.319E-05 +/- 5.36 % S(l=1) ave= 4.172E-04 +/- 12.77 % S(l=2) ave= 0.000E+00 +/- 0.00 % S(l=3) ave= 0.000E+00 +/- 0.00 % 
 ... random file  234 Cap(th)  ave= 1.463E+00 b. +/- 4.02 % || Ela(th) ave= 9.235E-01 b. +/- 20.73 % || RIcap ave= 1.39E+00 b. +/- 1.85 % || Macs30 ave= 1.63E-02 b. +/- 1.19 % || Gn^0(l=0) ave= 1.853E+00 +/- 4.45 % Gn^0(l=1) ave= 1.163E+01 +/- 12.53 % Gn^0(l=2) ave= 0.000E+00 +/- 0.00 % Gn^0(l=3) ave= 0.000E+00 +/- 0.00 % || Gtotal(l=0) ave= 2.772E+02 +/- 0.00 % Gtotal(l=1) ave= 1.169E+02 +/- 2.35 % Gtotal(l=2) ave= 0.000E+00 +/- 0.00 % Gtotal(l=3) ave= 0.000E+00 +/- 0.00 %  % || Gg(l=0) ave= 1.029E+00 +/- 1.94 % Gg(l=1) ave= 5.041E-01 +/- 3.74 % Gg(l=2) ave= 0.000E+00 +/- 0.00 % Gg(l=3) ave= 0.000E+00 +/- 0.00 %  % || D(l=0) ave= 2.017E+04 +/- 0.00 % D(l=1) ave= 5.643E+03 +/- 2.31 % D(l=2) ave= 0.000E+00 +/- 0.00 % D(l=3) ave= 0.000E+00 +/- 0.00 %  % || S(l=0) ave= 5.321E-05 +/- 5.37 % S(l=1) ave= 4.168E-04 +/- 12.86 % S(l=2) ave= 0.000E+00 +/- 0.00 % S(l=3) ave= 0.000E+00 +/- 0.00 % 
 ... random file  235 Cap(th)  ave= 1.464E+00 b. +/- 4.01 % || Ela(th) ave= 9.245E-01 b. +/- 20.74 % || RIcap ave= 1.39E+00 b. +/- 1.84 % || Macs30 ave= 1.63E-02 b. +/- 1.19 % || Gn^0(l=0) ave= 1.853E+00 +/- 4.45 % Gn^0(l=1) ave= 1.162E+01 +/- 12.56 % Gn^0(l=2) ave= 0.000E+00 +/- 0.00 % Gn^0(l=3) ave= 0.000E+00 +/- 0.00 % || Gtotal(l=0) ave= 2.772E+02 +/- 0.00 % Gtotal(l=1) ave= 1.169E+02 +/- 2.35 % Gtotal(l=2) ave= 0.000E+00 +/- 0.00 % Gtotal(l=3) ave= 0.000E+00 +/- 0.00 %  % || Gg(l=0) ave= 1.029E+00 +/- 1.94 % Gg(l=1) ave= 5.041E-01 +/- 3.73 % Gg(l=2) ave= 0.000E+00 +/- 0.00 % Gg(l=3) ave= 0.000E+00 +/- 0.00 %  % || D(l=0) ave= 2.017E+04 +/- 0.00 % D(l=1) ave= 5.642E+03 +/- 2.31 % D(l=2) ave= 0.000E+00 +/- 0.00 % D(l=3) ave= 0.000E+00 +/- 0.00 %  % || S(l=0) ave= 5.322E-05 +/- 5.37 % S(l=1) ave= 4.165E-04 +/- 12.87 % S(l=2) ave= 0.000E+00 +/- 0.00 % S(l=3) ave= 0.000E+00 +/- 0.00 % 
 ... random file  236 Cap(th)  ave= 1.464E+00 b. +/- 4.02 % || Ela(th) ave= 9.261E-01 b. +/- 20.82 % || RIcap ave= 1.39E+00 b. +/- 1.85 % || Macs30 ave= 1.63E-02 b. +/- 1.20 % || Gn^0(l=0) ave= 1.853E+00 +/- 4.45 % Gn^0(l=1) ave= 1.161E+01 +/- 12.57 % Gn^0(l=2) ave= 0.000E+00 +/- 0.00 % Gn^0(l=3) ave= 0.000E+00 +/- 0.00 % || Gtotal(l=0) ave= 2.772E+02 +/- 0.00 % Gtotal(l=1) ave= 1.169E+02 +/- 2.35 % Gtotal(l=2) ave= 0.000E+00 +/- 0.00 % Gtotal(l=3) ave= 0.000E+00 +/- 0.00 %  % || Gg(l=0) ave= 1.029E+00 +/- 1.94 % Gg(l=1) ave= 5.041E-01 +/- 3.73 % Gg(l=2) ave= 0.000E+00 +/- 0.00 % Gg(l=3) ave= 0.000E+00 +/- 0.00 %  % || D(l=0) ave= 2.017E+04 +/- 0.00 % D(l=1) ave= 5.641E+03 +/- 2.31 % D(l=2) ave= 0.000E+00 +/- 0.00 % D(l=3) ave= 0.000E+00 +/- 0.00 %  % || S(l=0) ave= 5.321E-05 +/- 5.36 % S(l=1) ave= 4.164E-04 +/- 12.85 % S(l=2) ave= 0.000E+00 +/- 0.00 % S(l=3) ave= 0.000E+00 +/- 0.00 % 
 ... random file  237 Cap(th)  ave= 1.464E+00 b. +/- 4.02 % || Ela(th) ave= 9.266E-01 b. +/- 20.78 % || RIcap ave= 1.39E+00 b. +/- 1.85 % || Macs30 ave= 1.63E-02 b. +/- 1.19 % || Gn^0(l=0) ave= 1.853E+00 +/- 4.45 % Gn^0(l=1) ave= 1.161E+01 +/- 12.56 % Gn^0(l=2) ave= 0.000E+00 +/- 0.00 % Gn^0(l=3) ave= 0.000E+00 +/- 0.00 % || Gtotal(l=0) ave= 2.772E+02 +/- 0.00 % Gtotal(l=1) ave= 1.169E+02 +/- 2.35 % Gtotal(l=2) ave= 0.000E+00 +/- 0.00 % Gtotal(l=3) ave= 0.000E+00 +/- 0.00 %  % || Gg(l=0) ave= 1.029E+00 +/- 1.94 % Gg(l=1) ave= 5.041E-01 +/- 3.73 % Gg(l=2) ave= 0.000E+00 +/- 0.00 % Gg(l=3) ave= 0.000E+00 +/- 0.00 %  % || D(l=0) ave= 2.017E+04 +/- 0.00 % D(l=1) ave= 5.642E+03 +/- 2.31 % D(l=2) ave= 0.000E+00 +/- 0.00 % D(l=3) ave= 0.000E+00 +/- 0.00 %  % || S(l=0) ave= 5.322E-05 +/- 5.35 % S(l=1) ave= 4.162E-04 +/- 12.85 % S(l=2) ave= 0.000E+00 +/- 0.00 % S(l=3) ave= 0.000E+00 +/- 0.00 % 
 ... random file  238 Cap(th)  ave= 1.464E+00 b. +/- 4.01 % || Ela(th) ave= 9.265E-01 b. +/- 20.74 % || RIcap ave= 1.39E+00 b. +/- 1.85 % || Macs30 ave= 1.63E-02 b. +/- 1.19 % || Gn^0(l=0) ave= 1.854E+00 +/- 4.44 % Gn^0(l=1) ave= 1.160E+01 +/- 12.62 % Gn^0(l=2) ave= 0.000E+00 +/- 0.00 % Gn^0(l=3) ave= 0.000E+00 +/- 0.00 % || Gtotal(l=0) ave= 2.772E+02 +/- 0.00 % Gtotal(l=1) ave= 1.169E+02 +/- 2.35 % Gtotal(l=2) ave= 0.000E+00 +/- 0.00 % Gtotal(l=3) ave= 0.000E+00 +/- 0.00 %  % || Gg(l=0) ave= 1.029E+00 +/- 1.94 % Gg(l=1) ave= 5.040E-01 +/- 3.73 % Gg(l=2) ave= 0.000E+00 +/- 0.00 % Gg(l=3) ave= 0.000E+00 +/- 0.00 %  % || D(l=0) ave= 2.017E+04 +/- 0.00 % D(l=1) ave= 5.643E+03 +/- 2.31 % D(l=2) ave= 0.000E+00 +/- 0.00 % D(l=3) ave= 0.000E+00 +/- 0.00 %  % || S(l=0) ave= 5.322E-05 +/- 5.34 % S(l=1) ave= 4.158E-04 +/- 12.93 % S(l=2) ave= 0.000E+00 +/- 0.00 % S(l=3) ave= 0.000E+00 +/- 0.00 % 
 ... random file  239 Cap(th)  ave= 1.463E+00 b. +/- 4.01 % || Ela(th) ave= 9.247E-01 b. +/- 20.97 % || RIcap ave= 1.39E+00 b. +/- 1.84 % || Macs30 ave= 1.63E-02 b. +/- 1.19 % || Gn^0(l=0) ave= 1.854E+00 +/- 4.43 % Gn^0(l=1) ave= 1.161E+01 +/- 12.74 % Gn^0(l=2) ave= 0.000E+00 +/- 0.00 % Gn^0(l=3) ave= 0.000E+00 +/- 0.00 % || Gtotal(l=0) ave= 2.772E+02 +/- 0.00 % Gtotal(l=1) ave= 1.169E+02 +/- 2.35 % Gtotal(l=2) ave= 0.000E+00 +/- 0.00 % Gtotal(l=3) ave= 0.000E+00 +/- 0.00 %  % || Gg(l=0) ave= 1.029E+00 +/- 1.94 % Gg(l=1) ave= 5.040E-01 +/- 3.72 % Gg(l=2) ave= 0.000E+00 +/- 0.00 % Gg(l=3) ave= 0.000E+00 +/- 0.00 %  % || D(l=0) ave= 2.017E+04 +/- 0.00 % D(l=1) ave= 5.642E+03 +/- 2.31 % D(l=2) ave= 0.000E+00 +/- 0.00 % D(l=3) ave= 0.000E+00 +/- 0.00 %  % || S(l=0) ave= 5.322E-05 +/- 5.33 % S(l=1) ave= 4.164E-04 +/- 13.05 % S(l=2) ave= 0.000E+00 +/- 0.00 % S(l=3) ave= 0.000E+00 +/- 0.00 % 
 ... random file  240 Cap(th)  ave= 1.464E+00 b. +/- 4.00 % || Ela(th) ave= 9.256E-01 b. +/- 20.96 % || RIcap ave= 1.39E+00 b. +/- 1.84 % || Macs30 ave= 1.63E-02 b. +/- 1.19 % || Gn^0(l=0) ave= 1.854E+00 +/- 4.44 % Gn^0(l=1) ave= 1.161E+01 +/- 12.74 % Gn^0(l=2) ave= 0.000E+00 +/- 0.00 % Gn^0(l=3) ave= 0.000E+00 +/- 0.00 % || Gtotal(l=0) ave= 2.772E+02 +/- 0.00 % Gtotal(l=1) ave= 1.169E+02 +/- 2.35 % Gtotal(l=2) ave= 0.000E+00 +/- 0.00 % Gtotal(l=3) ave= 0.000E+00 +/- 0.00 %  % || Gg(l=0) ave= 1.029E+00 +/- 1.93 % Gg(l=1) ave= 5.041E-01 +/- 3.72 % Gg(l=2) ave= 0.000E+00 +/- 0.00 % Gg(l=3) ave= 0.000E+00 +/- 0.00 %  % || D(l=0) ave= 2.017E+04 +/- 0.00 % D(l=1) ave= 5.641E+03 +/- 2.31 % D(l=2) ave= 0.000E+00 +/- 0.00 % D(l=3) ave= 0.000E+00 +/- 0.00 %  % || S(l=0) ave= 5.324E-05 +/- 5.34 % S(l=1) ave= 4.162E-04 +/- 13.05 % S(l=2) ave= 0.000E+00 +/- 0.00 % S(l=3) ave= 0.000E+00 +/- 0.00 % 
 ... random file  241 Cap(th)  ave= 1.463E+00 b. +/- 4.02 % || Ela(th) ave= 9.250E-01 b. +/- 20.95 % || RIcap ave= 1.39E+00 b. +/- 1.86 % || Macs30 ave= 1.63E-02 b. +/- 1.20 % || Gn^0(l=0) ave= 1.854E+00 +/- 4.43 % Gn^0(l=1) ave= 1.160E+01 +/- 12.73 % Gn^0(l=2) ave= 0.000E+00 +/- 0.00 % Gn^0(l=3) ave= 0.000E+00 +/- 0.00 % || Gtotal(l=0) ave= 2.772E+02 +/- 0.00 % Gtotal(l=1) ave= 1.169E+02 +/- 2.35 % Gtotal(l=2) ave= 0.000E+00 +/- 0.00 % Gtotal(l=3) ave= 0.000E+00 +/- 0.00 %  % || Gg(l=0) ave= 1.029E+00 +/- 1.94 % Gg(l=1) ave= 5.040E-01 +/- 3.73 % Gg(l=2) ave= 0.000E+00 +/- 0.00 % Gg(l=3) ave= 0.000E+00 +/- 0.00 %  % || D(l=0) ave= 2.017E+04 +/- 0.00 % D(l=1) ave= 5.642E+03 +/- 2.31 % D(l=2) ave= 0.000E+00 +/- 0.00 % D(l=3) ave= 0.000E+00 +/- 0.00 %  % || S(l=0) ave= 5.323E-05 +/- 5.33 % S(l=1) ave= 4.160E-04 +/- 13.04 % S(l=2) ave= 0.000E+00 +/- 0.00 % S(l=3) ave= 0.000E+00 +/- 0.00 % 
 ... random file  242 Cap(th)  ave= 1.464E+00 b. +/- 4.08 % || Ela(th) ave= 9.279E-01 b. +/- 21.38 % || RIcap ave= 1.39E+00 b. +/- 1.88 % || Macs30 ave= 1.63E-02 b. +/- 1.20 % || Gn^0(l=0) ave= 1.854E+00 +/- 4.43 % Gn^0(l=1) ave= 1.161E+01 +/- 12.71 % Gn^0(l=2) ave= 0.000E+00 +/- 0.00 % Gn^0(l=3) ave= 0.000E+00 +/- 0.00 % || Gtotal(l=0) ave= 2.772E+02 +/- 0.00 % Gtotal(l=1) ave= 1.169E+02 +/- 2.35 % Gtotal(l=2) ave= 0.000E+00 +/- 0.00 % Gtotal(l=3) ave= 0.000E+00 +/- 0.00 %  % || Gg(l=0) ave= 1.029E+00 +/- 1.93 % Gg(l=1) ave= 5.039E-01 +/- 3.73 % Gg(l=2) ave= 0.000E+00 +/- 0.00 % Gg(l=3) ave= 0.000E+00 +/- 0.00 %  % || D(l=0) ave= 2.017E+04 +/- 0.00 % D(l=1) ave= 5.642E+03 +/- 2.31 % D(l=2) ave= 0.000E+00 +/- 0.00 % D(l=3) ave= 0.000E+00 +/- 0.00 %  % || S(l=0) ave= 5.322E-05 +/- 5.33 % S(l=1) ave= 4.160E-04 +/- 13.01 % S(l=2) ave= 0.000E+00 +/- 0.00 % S(l=3) ave= 0.000E+00 +/- 0.00 % 
 ... random file  243 Cap(th)  ave= 1.464E+00 b. +/- 4.07 % || Ela(th) ave= 9.283E-01 b. +/- 21.34 % || RIcap ave= 1.39E+00 b. +/- 1.88 % || Macs30 ave= 1.63E-02 b. +/- 1.19 % || Gn^0(l=0) ave= 1.853E+00 +/- 4.43 % Gn^0(l=1) ave= 1.160E+01 +/- 12.74 % Gn^0(l=2) ave= 0.000E+00 +/- 0.00 % Gn^0(l=3) ave= 0.000E+00 +/- 0.00 % || Gtotal(l=0) ave= 2.772E+02 +/- 0.00 % Gtotal(l=1) ave= 1.169E+02 +/- 2.35 % Gtotal(l=2) ave= 0.000E+00 +/- 0.00 % Gtotal(l=3) ave= 0.000E+00 +/- 0.00 %  % || Gg(l=0) ave= 1.029E+00 +/- 1.93 % Gg(l=1) ave= 5.039E-01 +/- 3.73 % Gg(l=2) ave= 0.000E+00 +/- 0.00 % Gg(l=3) ave= 0.000E+00 +/- 0.00 %  % || D(l=0) ave= 2.017E+04 +/- 0.00 % D(l=1) ave= 5.642E+03 +/- 2.31 % D(l=2) ave= 0.000E+00 +/- 0.00 % D(l=3) ave= 0.000E+00 +/- 0.00 %  % || S(l=0) ave= 5.321E-05 +/- 5.34 % S(l=1) ave= 4.158E-04 +/- 13.02 % S(l=2) ave= 0.000E+00 +/- 0.00 % S(l=3) ave= 0.000E+00 +/- 0.00 % 
 ... random file  244 Cap(th)  ave= 1.464E+00 b. +/- 4.06 % || Ela(th) ave= 9.282E-01 b. +/- 21.30 % || RIcap ave= 1.39E+00 b. +/- 1.88 % || Macs30 ave= 1.63E-02 b. +/- 1.19 % || Gn^0(l=0) ave= 1.853E+00 +/- 4.42 % Gn^0(l=1) ave= 1.159E+01 +/- 12.72 % Gn^0(l=2) ave= 0.000E+00 +/- 0.00 % Gn^0(l=3) ave= 0.000E+00 +/- 0.00 % || Gtotal(l=0) ave= 2.772E+02 +/- 0.00 % Gtotal(l=1) ave= 1.169E+02 +/- 2.35 % Gtotal(l=2) ave= 0.000E+00 +/- 0.00 % Gtotal(l=3) ave= 0.000E+00 +/- 0.00 %  % || Gg(l=0) ave= 1.029E+00 +/- 1.93 % Gg(l=1) ave= 5.038E-01 +/- 3.72 % Gg(l=2) ave= 0.000E+00 +/- 0.00 % Gg(l=3) ave= 0.000E+00 +/- 0.00 %  % || D(l=0) ave= 2.017E+04 +/- 0.00 % D(l=1) ave= 5.642E+03 +/- 2.31 % D(l=2) ave= 0.000E+00 +/- 0.00 % D(l=3) ave= 0.000E+00 +/- 0.00 %  % || S(l=0) ave= 5.321E-05 +/- 5.33 % S(l=1) ave= 4.156E-04 +/- 13.02 % S(l=2) ave= 0.000E+00 +/- 0.00 % S(l=3) ave= 0.000E+00 +/- 0.00 % 
 ... random file  245 Cap(th)  ave= 1.464E+00 b. +/- 4.07 % || Ela(th) ave= 9.285E-01 b. +/- 21.25 % || RIcap ave= 1.39E+00 b. +/- 1.88 % || Macs30 ave= 1.63E-02 b. +/- 1.19 % || Gn^0(l=0) ave= 1.853E+00 +/- 4.41 % Gn^0(l=1) ave= 1.160E+01 +/- 12.70 % Gn^0(l=2) ave= 0.000E+00 +/- 0.00 % Gn^0(l=3) ave= 0.000E+00 +/- 0.00 % || Gtotal(l=0) ave= 2.772E+02 +/- 0.00 % Gtotal(l=1) ave= 1.169E+02 +/- 2.35 % Gtotal(l=2) ave= 0.000E+00 +/- 0.00 % Gtotal(l=3) ave= 0.000E+00 +/- 0.00 %  % || Gg(l=0) ave= 1.029E+00 +/- 1.92 % Gg(l=1) ave= 5.039E-01 +/- 3.72 % Gg(l=2) ave= 0.000E+00 +/- 0.00 % Gg(l=3) ave= 0.000E+00 +/- 0.00 %  % || D(l=0) ave= 2.017E+04 +/- 0.00 % D(l=1) ave= 5.642E+03 +/- 2.31 % D(l=2) ave= 0.000E+00 +/- 0.00 % D(l=3) ave= 0.000E+00 +/- 0.00 %  % || S(l=0) ave= 5.321E-05 +/- 5.32 % S(l=1) ave= 4.157E-04 +/- 13.00 % S(l=2) ave= 0.000E+00 +/- 0.00 % S(l=3) ave= 0.000E+00 +/- 0.00 % 
 ... random file  246 Cap(th)  ave= 1.464E+00 b. +/- 4.06 % || Ela(th) ave= 9.291E-01 b. +/- 21.22 % || RIcap ave= 1.39E+00 b. +/- 1.87 % || Macs30 ave= 1.63E-02 b. +/- 1.19 % || Gn^0(l=0) ave= 1.853E+00 +/- 4.40 % Gn^0(l=1) ave= 1.159E+01 +/- 12.72 % Gn^0(l=2) ave= 0.000E+00 +/- 0.00 % Gn^0(l=3) ave= 0.000E+00 +/- 0.00 % || Gtotal(l=0) ave= 2.772E+02 +/- 0.00 % Gtotal(l=1) ave= 1.169E+02 +/- 2.35 % Gtotal(l=2) ave= 0.000E+00 +/- 0.00 % Gtotal(l=3) ave= 0.000E+00 +/- 0.00 %  % || Gg(l=0) ave= 1.029E+00 +/- 1.92 % Gg(l=1) ave= 5.038E-01 +/- 3.72 % Gg(l=2) ave= 0.000E+00 +/- 0.00 % Gg(l=3) ave= 0.000E+00 +/- 0.00 %  % || D(l=0) ave= 2.017E+04 +/- 0.00 % D(l=1) ave= 5.642E+03 +/- 2.31 % D(l=2) ave= 0.000E+00 +/- 0.00 % D(l=3) ave= 0.000E+00 +/- 0.00 %  % || S(l=0) ave= 5.321E-05 +/- 5.31 % S(l=1) ave= 4.155E-04 +/- 13.03 % S(l=2) ave= 0.000E+00 +/- 0.00 % S(l=3) ave= 0.000E+00 +/- 0.00 % 
 ... random file  247 Cap(th)  ave= 1.464E+00 b. +/- 4.05 % || Ela(th) ave= 9.286E-01 b. +/- 21.20 % || RIcap ave= 1.39E+00 b. +/- 1.87 % || Macs30 ave= 1.63E-02 b. +/- 1.19 % || Gn^0(l=0) ave= 1.853E+00 +/- 4.40 % Gn^0(l=1) ave= 1.159E+01 +/- 12.71 % Gn^0(l=2) ave= 0.000E+00 +/- 0.00 % Gn^0(l=3) ave= 0.000E+00 +/- 0.00 % || Gtotal(l=0) ave= 2.772E+02 +/- 0.00 % Gtotal(l=1) ave= 1.169E+02 +/- 2.35 % Gtotal(l=2) ave= 0.000E+00 +/- 0.00 % Gtotal(l=3) ave= 0.000E+00 +/- 0.00 %  % || Gg(l=0) ave= 1.029E+00 +/- 1.92 % Gg(l=1) ave= 5.038E-01 +/- 3.71 % Gg(l=2) ave= 0.000E+00 +/- 0.00 % Gg(l=3) ave= 0.000E+00 +/- 0.00 %  % || D(l=0) ave= 2.017E+04 +/- 0.00 % D(l=1) ave= 5.642E+03 +/- 2.31 % D(l=2) ave= 0.000E+00 +/- 0.00 % D(l=3) ave= 0.000E+00 +/- 0.00 %  % || S(l=0) ave= 5.320E-05 +/- 5.30 % S(l=1) ave= 4.154E-04 +/- 13.01 % S(l=2) ave= 0.000E+00 +/- 0.00 % S(l=3) ave= 0.000E+00 +/- 0.00 % 
 ... random file  248 Cap(th)  ave= 1.464E+00 b. +/- 4.05 % || Ela(th) ave= 9.283E-01 b. +/- 21.17 % || RIcap ave= 1.39E+00 b. +/- 1.87 % || Macs30 ave= 1.63E-02 b. +/- 1.18 % || Gn^0(l=0) ave= 1.853E+00 +/- 4.40 % Gn^0(l=1) ave= 1.158E+01 +/- 12.70 % Gn^0(l=2) ave= 0.000E+00 +/- 0.00 % Gn^0(l=3) ave= 0.000E+00 +/- 0.00 % || Gtotal(l=0) ave= 2.772E+02 +/- 0.00 % Gtotal(l=1) ave= 1.169E+02 +/- 2.35 % Gtotal(l=2) ave= 0.000E+00 +/- 0.00 % Gtotal(l=3) ave= 0.000E+00 +/- 0.00 %  % || Gg(l=0) ave= 1.029E+00 +/- 1.91 % Gg(l=1) ave= 5.039E-01 +/- 3.72 % Gg(l=2) ave= 0.000E+00 +/- 0.00 % Gg(l=3) ave= 0.000E+00 +/- 0.00 %  % || D(l=0) ave= 2.017E+04 +/- 0.00 % D(l=1) ave= 5.641E+03 +/- 2.31 % D(l=2) ave= 0.000E+00 +/- 0.00 % D(l=3) ave= 0.000E+00 +/- 0.00 %  % || S(l=0) ave= 5.319E-05 +/- 5.31 % S(l=1) ave= 4.153E-04 +/- 12.99 % S(l=2) ave= 0.000E+00 +/- 0.00 % S(l=3) ave= 0.000E+00 +/- 0.00 % 
 ... random file  249 Cap(th)  ave= 1.463E+00 b. +/- 4.05 % || Ela(th) ave= 9.279E-01 b. +/- 21.15 % || RIcap ave= 1.39E+00 b. +/- 1.87 % || Macs30 ave= 1.63E-02 b. +/- 1.18 % || Gn^0(l=0) ave= 1.853E+00 +/- 4.40 % Gn^0(l=1) ave= 1.157E+01 +/- 12.72 % Gn^0(l=2) ave= 0.000E+00 +/- 0.00 % Gn^0(l=3) ave= 0.000E+00 +/- 0.00 % || Gtotal(l=0) ave= 2.772E+02 +/- 0.00 % Gtotal(l=1) ave= 1.169E+02 +/- 2.35 % Gtotal(l=2) ave= 0.000E+00 +/- 0.00 % Gtotal(l=3) ave= 0.000E+00 +/- 0.00 %  % || Gg(l=0) ave= 1.029E+00 +/- 1.91 % Gg(l=1) ave= 5.038E-01 +/- 3.72 % Gg(l=2) ave= 0.000E+00 +/- 0.00 % Gg(l=3) ave= 0.000E+00 +/- 0.00 %  % || D(l=0) ave= 2.017E+04 +/- 0.00 % D(l=1) ave= 5.641E+03 +/- 2.31 % D(l=2) ave= 0.000E+00 +/- 0.00 % D(l=3) ave= 0.000E+00 +/- 0.00 %  % || S(l=0) ave= 5.318E-05 +/- 5.30 % S(l=1) ave= 4.150E-04 +/- 13.03 % S(l=2) ave= 0.000E+00 +/- 0.00 % S(l=3) ave= 0.000E+00 +/- 0.00 % 
 ... random file  250 Cap(th)  ave= 1.463E+00 b. +/- 4.04 % || Ela(th) ave= 9.287E-01 b. +/- 21.13 % || RIcap ave= 1.39E+00 b. +/- 1.86 % || Macs30 ave= 1.63E-02 b. +/- 1.18 % || Gn^0(l=0) ave= 1.852E+00 +/- 4.40 % Gn^0(l=1) ave= 1.157E+01 +/- 12.75 % Gn^0(l=2) ave= 0.000E+00 +/- 0.00 % Gn^0(l=3) ave= 0.000E+00 +/- 0.00 % || Gtotal(l=0) ave= 2.772E+02 +/- 0.00 % Gtotal(l=1) ave= 1.169E+02 +/- 2.35 % Gtotal(l=2) ave= 0.000E+00 +/- 0.00 % Gtotal(l=3) ave= 0.000E+00 +/- 0.00 %  % || Gg(l=0) ave= 1.029E+00 +/- 1.91 % Gg(l=1) ave= 5.038E-01 +/- 3.71 % Gg(l=2) ave= 0.000E+00 +/- 0.00 % Gg(l=3) ave= 0.000E+00 +/- 0.00 %  % || D(l=0) ave= 2.017E+04 +/- 0.00 % D(l=1) ave= 5.641E+03 +/- 2.31 % D(l=2) ave= 0.000E+00 +/- 0.00 % D(l=3) ave= 0.000E+00 +/- 0.00 %  % || S(l=0) ave= 5.317E-05 +/- 5.30 % S(l=1) ave= 4.148E-04 +/- 13.03 % S(l=2) ave= 0.000E+00 +/- 0.00 % S(l=3) ave= 0.000E+00 +/- 0.00 % 
 ... random file  251 Cap(th)  ave= 1.463E+00 b. +/- 4.04 % || Ela(th) ave= 9.277E-01 b. +/- 21.19 % || RIcap ave= 1.39E+00 b. +/- 1.86 % || Macs30 ave= 1.63E-02 b. +/- 1.18 % || Gn^0(l=0) ave= 1.853E+00 +/- 4.39 % Gn^0(l=1) ave= 1.156E+01 +/- 12.74 % Gn^0(l=2) ave= 0.000E+00 +/- 0.00 % Gn^0(l=3) ave= 0.000E+00 +/- 0.00 % || Gtotal(l=0) ave= 2.772E+02 +/- 0.00 % Gtotal(l=1) ave= 1.169E+02 +/- 2.35 % Gtotal(l=2) ave= 0.000E+00 +/- 0.00 % Gtotal(l=3) ave= 0.000E+00 +/- 0.00 %  % || Gg(l=0) ave= 1.029E+00 +/- 1.91 % Gg(l=1) ave= 5.038E-01 +/- 3.71 % Gg(l=2) ave= 0.000E+00 +/- 0.00 % Gg(l=3) ave= 0.000E+00 +/- 0.00 %  % || D(l=0) ave= 2.017E+04 +/- 0.00 % D(l=1) ave= 5.641E+03 +/- 2.31 % D(l=2) ave= 0.000E+00 +/- 0.00 % D(l=3) ave= 0.000E+00 +/- 0.00 %  % || S(l=0) ave= 5.318E-05 +/- 5.29 % S(l=1) ave= 4.146E-04 +/- 13.02 % S(l=2) ave= 0.000E+00 +/- 0.00 % S(l=3) ave= 0.000E+00 +/- 0.00 % 
 ... random file  252 Cap(th)  ave= 1.463E+00 b. +/- 4.04 % || Ela(th) ave= 9.267E-01 b. +/- 21.23 % || RIcap ave= 1.39E+00 b. +/- 1.86 % || Macs30 ave= 1.63E-02 b. +/- 1.18 % || Gn^0(l=0) ave= 1.852E+00 +/- 4.38 % Gn^0(l=1) ave= 1.157E+01 +/- 12.76 % Gn^0(l=2) ave= 0.000E+00 +/- 0.00 % Gn^0(l=3) ave= 0.000E+00 +/- 0.00 % || Gtotal(l=0) ave= 2.772E+02 +/- 0.00 % Gtotal(l=1) ave= 1.169E+02 +/- 2.35 % Gtotal(l=2) ave= 0.000E+00 +/- 0.00 % Gtotal(l=3) ave= 0.000E+00 +/- 0.00 %  % || Gg(l=0) ave= 1.029E+00 +/- 1.91 % Gg(l=1) ave= 5.039E-01 +/- 3.71 % Gg(l=2) ave= 0.000E+00 +/- 0.00 % Gg(l=3) ave= 0.000E+00 +/- 0.00 %  % || D(l=0) ave= 2.017E+04 +/- 0.00 % D(l=1) ave= 5.641E+03 +/- 2.31 % D(l=2) ave= 0.000E+00 +/- 0.00 % D(l=3) ave= 0.000E+00 +/- 0.00 %  % || S(l=0) ave= 5.317E-05 +/- 5.28 % S(l=1) ave= 4.150E-04 +/- 13.06 % S(l=2) ave= 0.000E+00 +/- 0.00 % S(l=3) ave= 0.000E+00 +/- 0.00 % 
 ... random file  253 Cap(th)  ave= 1.463E+00 b. +/- 4.03 % || Ela(th) ave= 9.279E-01 b. +/- 21.25 % || RIcap ave= 1.39E+00 b. +/- 1.86 % || Macs30 ave= 1.63E-02 b. +/- 1.17 % || Gn^0(l=0) ave= 1.852E+00 +/- 4.39 % Gn^0(l=1) ave= 1.157E+01 +/- 12.76 % Gn^0(l=2) ave= 0.000E+00 +/- 0.00 % Gn^0(l=3) ave= 0.000E+00 +/- 0.00 % || Gtotal(l=0) ave= 2.772E+02 +/- 0.00 % Gtotal(l=1) ave= 1.169E+02 +/- 2.35 % Gtotal(l=2) ave= 0.000E+00 +/- 0.00 % Gtotal(l=3) ave= 0.000E+00 +/- 0.00 %  % || Gg(l=0) ave= 1.029E+00 +/- 1.90 % Gg(l=1) ave= 5.040E-01 +/- 3.72 % Gg(l=2) ave= 0.000E+00 +/- 0.00 % Gg(l=3) ave= 0.000E+00 +/- 0.00 %  % || D(l=0) ave= 2.017E+04 +/- 0.00 % D(l=1) ave= 5.640E+03 +/- 2.32 % D(l=2) ave= 0.000E+00 +/- 0.00 % D(l=3) ave= 0.000E+00 +/- 0.00 %  % || S(l=0) ave= 5.316E-05 +/- 5.28 % S(l=1) ave= 4.148E-04 +/- 13.05 % S(l=2) ave= 0.000E+00 +/- 0.00 % S(l=3) ave= 0.000E+00 +/- 0.00 % 
 ... random file  254 Cap(th)  ave= 1.463E+00 b. +/- 4.02 % || Ela(th) ave= 9.274E-01 b. +/- 21.24 % || RIcap ave= 1.39E+00 b. +/- 1.85 % || Macs30 ave= 1.63E-02 b. +/- 1.18 % || Gn^0(l=0) ave= 1.852E+00 +/- 4.39 % Gn^0(l=1) ave= 1.157E+01 +/- 12.74 % Gn^0(l=2) ave= 0.000E+00 +/- 0.00 % Gn^0(l=3) ave= 0.000E+00 +/- 0.00 % || Gtotal(l=0) ave= 2.772E+02 +/- 0.00 % Gtotal(l=1) ave= 1.169E+02 +/- 2.35 % Gtotal(l=2) ave= 0.000E+00 +/- 0.00 % Gtotal(l=3) ave= 0.000E+00 +/- 0.00 %  % || Gg(l=0) ave= 1.028E+00 +/- 1.90 % Gg(l=1) ave= 5.040E-01 +/- 3.72 % Gg(l=2) ave= 0.000E+00 +/- 0.00 % Gg(l=3) ave= 0.000E+00 +/- 0.00 %  % || D(l=0) ave= 2.017E+04 +/- 0.00 % D(l=1) ave= 5.641E+03 +/- 2.32 % D(l=2) ave= 0.000E+00 +/- 0.00 % D(l=3) ave= 0.000E+00 +/- 0.00 %  % || S(l=0) ave= 5.317E-05 +/- 5.28 % S(l=1) ave= 4.149E-04 +/- 13.03 % S(l=2) ave= 0.000E+00 +/- 0.00 % S(l=3) ave= 0.000E+00 +/- 0.00 % 
 ... random file  255 Cap(th)  ave= 1.463E+00 b. +/- 4.02 % || Ela(th) ave= 9.265E-01 b. +/- 21.28 % || RIcap ave= 1.39E+00 b. +/- 1.85 % || Macs30 ave= 1.63E-02 b. +/- 1.18 % || Gn^0(l=0) ave= 1.853E+00 +/- 4.38 % Gn^0(l=1) ave= 1.158E+01 +/- 12.78 % Gn^0(l=2) ave= 0.000E+00 +/- 0.00 % Gn^0(l=3) ave= 0.000E+00 +/- 0.00 % || Gtotal(l=0) ave= 2.772E+02 +/- 0.00 % Gtotal(l=1) ave= 1.169E+02 +/- 2.35 % Gtotal(l=2) ave= 0.000E+00 +/- 0.00 % Gtotal(l=3) ave= 0.000E+00 +/- 0.00 %  % || Gg(l=0) ave= 1.028E+00 +/- 1.91 % Gg(l=1) ave= 5.040E-01 +/- 3.71 % Gg(l=2) ave= 0.000E+00 +/- 0.00 % Gg(l=3) ave= 0.000E+00 +/- 0.00 %  % || D(l=0) ave= 2.017E+04 +/- 0.00 % D(l=1) ave= 5.640E+03 +/- 2.32 % D(l=2) ave= 0.000E+00 +/- 0.00 % D(l=3) ave= 0.000E+00 +/- 0.00 %  % || S(l=0) ave= 5.318E-05 +/- 5.28 % S(l=1) ave= 4.155E-04 +/- 13.16 % S(l=2) ave= 0.000E+00 +/- 0.00 % S(l=3) ave= 0.000E+00 +/- 0.00 % 
 ... random file  256 Cap(th)  ave= 1.463E+00 b. +/- 4.01 % || Ela(th) ave= 9.262E-01 b. +/- 21.24 % || RIcap ave= 1.39E+00 b. +/- 1.85 % || Macs30 ave= 1.63E-02 b. +/- 1.17 % || Gn^0(l=0) ave= 1.852E+00 +/- 4.40 % Gn^0(l=1) ave= 1.159E+01 +/- 12.78 % Gn^0(l=2) ave= 0.000E+00 +/- 0.00 % Gn^0(l=3) ave= 0.000E+00 +/- 0.00 % || Gtotal(l=0) ave= 2.772E+02 +/- 0.00 % Gtotal(l=1) ave= 1.169E+02 +/- 2.35 % Gtotal(l=2) ave= 0.000E+00 +/- 0.00 % Gtotal(l=3) ave= 0.000E+00 +/- 0.00 %  % || Gg(l=0) ave= 1.028E+00 +/- 1.90 % Gg(l=1) ave= 5.039E-01 +/- 3.71 % Gg(l=2) ave= 0.000E+00 +/- 0.00 % Gg(l=3) ave= 0.000E+00 +/- 0.00 %  % || D(l=0) ave= 2.017E+04 +/- 0.00 % D(l=1) ave= 5.641E+03 +/- 2.32 % D(l=2) ave= 0.000E+00 +/- 0.00 % D(l=3) ave= 0.000E+00 +/- 0.00 %  % || S(l=0) ave= 5.316E-05 +/- 5.29 % S(l=1) ave= 4.156E-04 +/- 13.14 % S(l=2) ave= 0.000E+00 +/- 0.00 % S(l=3) ave= 0.000E+00 +/- 0.00 % 
 ... random file  257 Cap(th)  ave= 1.463E+00 b. +/- 4.01 % || Ela(th) ave= 9.254E-01 b. +/- 21.27 % || RIcap ave= 1.39E+00 b. +/- 1.85 % || Macs30 ave= 1.63E-02 b. +/- 1.17 % || Gn^0(l=0) ave= 1.852E+00 +/- 4.39 % Gn^0(l=1) ave= 1.159E+01 +/- 12.77 % Gn^0(l=2) ave= 0.000E+00 +/- 0.00 % Gn^0(l=3) ave= 0.000E+00 +/- 0.00 % || Gtotal(l=0) ave= 2.772E+02 +/- 0.00 % Gtotal(l=1) ave= 1.169E+02 +/- 2.35 % Gtotal(l=2) ave= 0.000E+00 +/- 0.00 % Gtotal(l=3) ave= 0.000E+00 +/- 0.00 %  % || Gg(l=0) ave= 1.028E+00 +/- 1.91 % Gg(l=1) ave= 5.040E-01 +/- 3.71 % Gg(l=2) ave= 0.000E+00 +/- 0.00 % Gg(l=3) ave= 0.000E+00 +/- 0.00 %  % || D(l=0) ave= 2.017E+04 +/- 0.00 % D(l=1) ave= 5.640E+03 +/- 2.32 % D(l=2) ave= 0.000E+00 +/- 0.00 % D(l=3) ave= 0.000E+00 +/- 0.00 %  % || S(l=0) ave= 5.316E-05 +/- 5.28 % S(l=1) ave= 4.156E-04 +/- 13.12 % S(l=2) ave= 0.000E+00 +/- 0.00 % S(l=3) ave= 0.000E+00 +/- 0.00 % 
 ... random file  258 Cap(th)  ave= 1.463E+00 b. +/- 4.01 % || Ela(th) ave= 9.243E-01 b. +/- 21.35 % || RIcap ave= 1.39E+00 b. +/- 1.85 % || Macs30 ave= 1.63E-02 b. +/- 1.17 % || Gn^0(l=0) ave= 1.852E+00 +/- 4.38 % Gn^0(l=1) ave= 1.159E+01 +/- 12.76 % Gn^0(l=2) ave= 0.000E+00 +/- 0.00 % Gn^0(l=3) ave= 0.000E+00 +/- 0.00 % || Gtotal(l=0) ave= 2.772E+02 +/- 0.00 % Gtotal(l=1) ave= 1.169E+02 +/- 2.35 % Gtotal(l=2) ave= 0.000E+00 +/- 0.00 % Gtotal(l=3) ave= 0.000E+00 +/- 0.00 %  % || Gg(l=0) ave= 1.028E+00 +/- 1.90 % Gg(l=1) ave= 5.039E-01 +/- 3.71 % Gg(l=2) ave= 0.000E+00 +/- 0.00 % Gg(l=3) ave= 0.000E+00 +/- 0.00 %  % || D(l=0) ave= 2.017E+04 +/- 0.00 % D(l=1) ave= 5.641E+03 +/- 2.32 % D(l=2) ave= 0.000E+00 +/- 0.00 % D(l=3) ave= 0.000E+00 +/- 0.00 %  % || S(l=0) ave= 5.316E-05 +/- 5.27 % S(l=1) ave= 4.158E-04 +/- 13.11 % S(l=2) ave= 0.000E+00 +/- 0.00 % S(l=3) ave= 0.000E+00 +/- 0.00 % 
 ... random file  259 Cap(th)  ave= 1.463E+00 b. +/- 4.00 % || Ela(th) ave= 9.237E-01 b. +/- 21.35 % || RIcap ave= 1.39E+00 b. +/- 1.84 % || Macs30 ave= 1.63E-02 b. +/- 1.17 % || Gn^0(l=0) ave= 1.852E+00 +/- 4.37 % Gn^0(l=1) ave= 1.160E+01 +/- 12.76 % Gn^0(l=2) ave= 0.000E+00 +/- 0.00 % Gn^0(l=3) ave= 0.000E+00 +/- 0.00 % || Gtotal(l=0) ave= 2.772E+02 +/- 0.00 % Gtotal(l=1) ave= 1.169E+02 +/- 2.35 % Gtotal(l=2) ave= 0.000E+00 +/- 0.00 % Gtotal(l=3) ave= 0.000E+00 +/- 0.00 %  % || Gg(l=0) ave= 1.028E+00 +/- 1.90 % Gg(l=1) ave= 5.038E-01 +/- 3.72 % Gg(l=2) ave= 0.000E+00 +/- 0.00 % Gg(l=3) ave= 0.000E+00 +/- 0.00 %  % || D(l=0) ave= 2.017E+04 +/- 0.00 % D(l=1) ave= 5.641E+03 +/- 2.31 % D(l=2) ave= 0.000E+00 +/- 0.00 % D(l=3) ave= 0.000E+00 +/- 0.00 %  % || S(l=0) ave= 5.316E-05 +/- 5.26 % S(l=1) ave= 4.161E-04 +/- 13.11 % S(l=2) ave= 0.000E+00 +/- 0.00 % S(l=3) ave= 0.000E+00 +/- 0.00 % 
 ... random file  260 Cap(th)  ave= 1.462E+00 b. +/- 4.01 % || Ela(th) ave= 9.236E-01 b. +/- 21.31 % || RIcap ave= 1.39E+00 b. +/- 1.84 % || Macs30 ave= 1.63E-02 b. +/- 1.17 % || Gn^0(l=0) ave= 1.852E+00 +/- 4.37 % Gn^0(l=1) ave= 1.160E+01 +/- 12.74 % Gn^0(l=2) ave= 0.000E+00 +/- 0.00 % Gn^0(l=3) ave= 0.000E+00 +/- 0.00 % || Gtotal(l=0) ave= 2.772E+02 +/- 0.00 % Gtotal(l=1) ave= 1.169E+02 +/- 2.35 % Gtotal(l=2) ave= 0.000E+00 +/- 0.00 % Gtotal(l=3) ave= 0.000E+00 +/- 0.00 %  % || Gg(l=0) ave= 1.028E+00 +/- 1.90 % Gg(l=1) ave= 5.038E-01 +/- 3.71 % Gg(l=2) ave= 0.000E+00 +/- 0.00 % Gg(l=3) ave= 0.000E+00 +/- 0.00 %  % || D(l=0) ave= 2.017E+04 +/- 0.00 % D(l=1) ave= 5.642E+03 +/- 2.31 % D(l=2) ave= 0.000E+00 +/- 0.00 % D(l=3) ave= 0.000E+00 +/- 0.00 %  % || S(l=0) ave= 5.317E-05 +/- 5.26 % S(l=1) ave= 4.162E-04 +/- 13.08 % S(l=2) ave= 0.000E+00 +/- 0.00 % S(l=3) ave= 0.000E+00 +/- 0.00 % 
 ... random file  261 Cap(th)  ave= 1.463E+00 b. +/- 4.01 % || Ela(th) ave= 9.246E-01 b. +/- 21.32 % || RIcap ave= 1.39E+00 b. +/- 1.84 % || Macs30 ave= 1.63E-02 b. +/- 1.17 % || Gn^0(l=0) ave= 1.852E+00 +/- 4.36 % Gn^0(l=1) ave= 1.160E+01 +/- 12.73 % Gn^0(l=2) ave= 0.000E+00 +/- 0.00 % Gn^0(l=3) ave= 0.000E+00 +/- 0.00 % || Gtotal(l=0) ave= 2.772E+02 +/- 0.00 % Gtotal(l=1) ave= 1.169E+02 +/- 2.35 % Gtotal(l=2) ave= 0.000E+00 +/- 0.00 % Gtotal(l=3) ave= 0.000E+00 +/- 0.00 %  % || Gg(l=0) ave= 1.028E+00 +/- 1.90 % Gg(l=1) ave= 5.038E-01 +/- 3.72 % Gg(l=2) ave= 0.000E+00 +/- 0.00 % Gg(l=3) ave= 0.000E+00 +/- 0.00 %  % || D(l=0) ave= 2.017E+04 +/- 0.00 % D(l=1) ave= 5.642E+03 +/- 2.31 % D(l=2) ave= 0.000E+00 +/- 0.00 % D(l=3) ave= 0.000E+00 +/- 0.00 %  % || S(l=0) ave= 5.317E-05 +/- 5.25 % S(l=1) ave= 4.160E-04 +/- 13.08 % S(l=2) ave= 0.000E+00 +/- 0.00 % S(l=3) ave= 0.000E+00 +/- 0.00 % 
 ... random file  262 Cap(th)  ave= 1.463E+00 b. +/- 4.00 % || Ela(th) ave= 9.255E-01 b. +/- 21.31 % || RIcap ave= 1.39E+00 b. +/- 1.84 % || Macs30 ave= 1.63E-02 b. +/- 1.17 % || Gn^0(l=0) ave= 1.852E+00 +/- 4.36 % Gn^0(l=1) ave= 1.159E+01 +/- 12.76 % Gn^0(l=2) ave= 0.000E+00 +/- 0.00 % Gn^0(l=3) ave= 0.000E+00 +/- 0.00 % || Gtotal(l=0) ave= 2.772E+02 +/- 0.00 % Gtotal(l=1) ave= 1.169E+02 +/- 2.35 % Gtotal(l=2) ave= 0.000E+00 +/- 0.00 % Gtotal(l=3) ave= 0.000E+00 +/- 0.00 %  % || Gg(l=0) ave= 1.028E+00 +/- 1.89 % Gg(l=1) ave= 5.038E-01 +/- 3.72 % Gg(l=2) ave= 0.000E+00 +/- 0.00 % Gg(l=3) ave= 0.000E+00 +/- 0.00 %  % || D(l=0) ave= 2.017E+04 +/- 0.00 % D(l=1) ave= 5.641E+03 +/- 2.31 % D(l=2) ave= 0.000E+00 +/- 0.00 % D(l=3) ave= 0.000E+00 +/- 0.00 %  % || S(l=0) ave= 5.316E-05 +/- 5.25 % S(l=1) ave= 4.158E-04 +/- 13.08 % S(l=2) ave= 0.000E+00 +/- 0.00 % S(l=3) ave= 0.000E+00 +/- 0.00 % 
 ... random file  263 Cap(th)  ave= 1.463E+00 b. +/- 4.00 % || Ela(th) ave= 9.256E-01 b. +/- 21.27 % || RIcap ave= 1.39E+00 b. +/- 1.84 % || Macs30 ave= 1.63E-02 b. +/- 1.17 % || Gn^0(l=0) ave= 1.852E+00 +/- 4.36 % Gn^0(l=1) ave= 1.159E+01 +/- 12.73 % Gn^0(l=2) ave= 0.000E+00 +/- 0.00 % Gn^0(l=3) ave= 0.000E+00 +/- 0.00 % || Gtotal(l=0) ave= 2.772E+02 +/- 0.00 % Gtotal(l=1) ave= 1.169E+02 +/- 2.35 % Gtotal(l=2) ave= 0.000E+00 +/- 0.00 % Gtotal(l=3) ave= 0.000E+00 +/- 0.00 %  % || Gg(l=0) ave= 1.028E+00 +/- 1.89 % Gg(l=1) ave= 5.038E-01 +/- 3.71 % Gg(l=2) ave= 0.000E+00 +/- 0.00 % Gg(l=3) ave= 0.000E+00 +/- 0.00 %  % || D(l=0) ave= 2.017E+04 +/- 0.00 % D(l=1) ave= 5.642E+03 +/- 2.31 % D(l=2) ave= 0.000E+00 +/- 0.00 % D(l=3) ave= 0.000E+00 +/- 0.00 %  % || S(l=0) ave= 5.315E-05 +/- 5.24 % S(l=1) ave= 4.157E-04 +/- 13.06 % S(l=2) ave= 0.000E+00 +/- 0.00 % S(l=3) ave= 0.000E+00 +/- 0.00 % 
 ... random file  264 Cap(th)  ave= 1.463E+00 b. +/- 3.99 % || Ela(th) ave= 9.249E-01 b. +/- 21.28 % || RIcap ave= 1.39E+00 b. +/- 1.83 % || Macs30 ave= 1.63E-02 b. +/- 1.16 % || Gn^0(l=0) ave= 1.852E+00 +/- 4.35 % Gn^0(l=1) ave= 1.160E+01 +/- 12.77 % Gn^0(l=2) ave= 0.000E+00 +/- 0.00 % Gn^0(l=3) ave= 0.000E+00 +/- 0.00 % || Gtotal(l=0) ave= 2.772E+02 +/- 0.00 % Gtotal(l=1) ave= 1.169E+02 +/- 2.35 % Gtotal(l=2) ave= 0.000E+00 +/- 0.00 % Gtotal(l=3) ave= 0.000E+00 +/- 0.00 %  % || Gg(l=0) ave= 1.028E+00 +/- 1.89 % Gg(l=1) ave= 5.039E-01 +/- 3.71 % Gg(l=2) ave= 0.000E+00 +/- 0.00 % Gg(l=3) ave= 0.000E+00 +/- 0.00 %  % || D(l=0) ave= 2.017E+04 +/- 0.00 % D(l=1) ave= 5.641E+03 +/- 2.31 % D(l=2) ave= 0.000E+00 +/- 0.00 % D(l=3) ave= 0.000E+00 +/- 0.00 %  % || S(l=0) ave= 5.315E-05 +/- 5.23 % S(l=1) ave= 4.161E-04 +/- 13.10 % S(l=2) ave= 0.000E+00 +/- 0.00 % S(l=3) ave= 0.000E+00 +/- 0.00 % 
 ... random file  265 Cap(th)  ave= 1.463E+00 b. +/- 3.99 % || Ela(th) ave= 9.247E-01 b. +/- 21.24 % || RIcap ave= 1.39E+00 b. +/- 1.83 % || Macs30 ave= 1.63E-02 b. +/- 1.16 % || Gn^0(l=0) ave= 1.852E+00 +/- 4.34 % Gn^0(l=1) ave= 1.159E+01 +/- 12.82 % Gn^0(l=2) ave= 0.000E+00 +/- 0.00 % Gn^0(l=3) ave= 0.000E+00 +/- 0.00 % || Gtotal(l=0) ave= 2.772E+02 +/- 0.00 % Gtotal(l=1) ave= 1.169E+02 +/- 2.35 % Gtotal(l=2) ave= 0.000E+00 +/- 0.00 % Gtotal(l=3) ave= 0.000E+00 +/- 0.00 %  % || Gg(l=0) ave= 1.028E+00 +/- 1.89 % Gg(l=1) ave= 5.039E-01 +/- 3.71 % Gg(l=2) ave= 0.000E+00 +/- 0.00 % Gg(l=3) ave= 0.000E+00 +/- 0.00 %  % || D(l=0) ave= 2.017E+04 +/- 0.00 % D(l=1) ave= 5.642E+03 +/- 2.31 % D(l=2) ave= 0.000E+00 +/- 0.00 % D(l=3) ave= 0.000E+00 +/- 0.00 %  % || S(l=0) ave= 5.314E-05 +/- 5.23 % S(l=1) ave= 4.157E-04 +/- 13.16 % S(l=2) ave= 0.000E+00 +/- 0.00 % S(l=3) ave= 0.000E+00 +/- 0.00 % 
 ... random file  266 Cap(th)  ave= 1.463E+00 b. +/- 3.98 % || Ela(th) ave= 9.245E-01 b. +/- 21.21 % || RIcap ave= 1.39E+00 b. +/- 1.83 % || Macs30 ave= 1.63E-02 b. +/- 1.17 % || Gn^0(l=0) ave= 1.851E+00 +/- 4.33 % Gn^0(l=1) ave= 1.159E+01 +/- 12.80 % Gn^0(l=2) ave= 0.000E+00 +/- 0.00 % Gn^0(l=3) ave= 0.000E+00 +/- 0.00 % || Gtotal(l=0) ave= 2.772E+02 +/- 0.00 % Gtotal(l=1) ave= 1.169E+02 +/- 2.35 % Gtotal(l=2) ave= 0.000E+00 +/- 0.00 % Gtotal(l=3) ave= 0.000E+00 +/- 0.00 %  % || Gg(l=0) ave= 1.028E+00 +/- 1.93 % Gg(l=1) ave= 5.038E-01 +/- 3.70 % Gg(l=2) ave= 0.000E+00 +/- 0.00 % Gg(l=3) ave= 0.000E+00 +/- 0.00 %  % || D(l=0) ave= 2.017E+04 +/- 0.00 % D(l=1) ave= 5.642E+03 +/- 2.31 % D(l=2) ave= 0.000E+00 +/- 0.00 % D(l=3) ave= 0.000E+00 +/- 0.00 %  % || S(l=0) ave= 5.314E-05 +/- 5.22 % S(l=1) ave= 4.157E-04 +/- 13.14 % S(l=2) ave= 0.000E+00 +/- 0.00 % S(l=3) ave= 0.000E+00 +/- 0.00 % 
 ... random file  267 Cap(th)  ave= 1.463E+00 b. +/- 3.98 % || Ela(th) ave= 9.244E-01 b. +/- 21.17 % || RIcap ave= 1.39E+00 b. +/- 1.82 % || Macs30 ave= 1.63E-02 b. +/- 1.17 % || Gn^0(l=0) ave= 1.851E+00 +/- 4.33 % Gn^0(l=1) ave= 1.159E+01 +/- 12.80 % Gn^0(l=2) ave= 0.000E+00 +/- 0.00 % Gn^0(l=3) ave= 0.000E+00 +/- 0.00 % || Gtotal(l=0) ave= 2.772E+02 +/- 0.00 % Gtotal(l=1) ave= 1.169E+02 +/- 2.35 % Gtotal(l=2) ave= 0.000E+00 +/- 0.00 % Gtotal(l=3) ave= 0.000E+00 +/- 0.00 %  % || Gg(l=0) ave= 1.028E+00 +/- 1.93 % Gg(l=1) ave= 5.038E-01 +/- 3.70 % Gg(l=2) ave= 0.000E+00 +/- 0.00 % Gg(l=3) ave= 0.000E+00 +/- 0.00 %  % || D(l=0) ave= 2.017E+04 +/- 0.00 % D(l=1) ave= 5.643E+03 +/- 2.31 % D(l=2) ave= 0.000E+00 +/- 0.00 % D(l=3) ave= 0.000E+00 +/- 0.00 %  % || S(l=0) ave= 5.314E-05 +/- 5.21 % S(l=1) ave= 4.155E-04 +/- 13.13 % S(l=2) ave= 0.000E+00 +/- 0.00 % S(l=3) ave= 0.000E+00 +/- 0.00 % 
 ... random file  268 Cap(th)  ave= 1.462E+00 b. +/- 3.97 % || Ela(th) ave= 9.241E-01 b. +/- 21.15 % || RIcap ave= 1.39E+00 b. +/- 1.82 % || Macs30 ave= 1.63E-02 b. +/- 1.17 % || Gn^0(l=0) ave= 1.852E+00 +/- 4.34 % Gn^0(l=1) ave= 1.159E+01 +/- 12.78 % Gn^0(l=2) ave= 0.000E+00 +/- 0.00 % Gn^0(l=3) ave= 0.000E+00 +/- 0.00 % || Gtotal(l=0) ave= 2.772E+02 +/- 0.00 % Gtotal(l=1) ave= 1.169E+02 +/- 2.35 % Gtotal(l=2) ave= 0.000E+00 +/- 0.00 % Gtotal(l=3) ave= 0.000E+00 +/- 0.00 %  % || Gg(l=0) ave= 1.028E+00 +/- 1.93 % Gg(l=1) ave= 5.039E-01 +/- 3.70 % Gg(l=2) ave= 0.000E+00 +/- 0.00 % Gg(l=3) ave= 0.000E+00 +/- 0.00 %  % || D(l=0) ave= 2.017E+04 +/- 0.00 % D(l=1) ave= 5.642E+03 +/- 2.31 % D(l=2) ave= 0.000E+00 +/- 0.00 % D(l=3) ave= 0.000E+00 +/- 0.00 %  % || S(l=0) ave= 5.316E-05 +/- 5.23 % S(l=1) ave= 4.156E-04 +/- 13.11 % S(l=2) ave= 0.000E+00 +/- 0.00 % S(l=3) ave= 0.000E+00 +/- 0.00 % 
 ... random file  269 Cap(th)  ave= 1.462E+00 b. +/- 3.97 % || Ela(th) ave= 9.246E-01 b. +/- 21.11 % || RIcap ave= 1.39E+00 b. +/- 1.82 % || Macs30 ave= 1.63E-02 b. +/- 1.17 % || Gn^0(l=0) ave= 1.852E+00 +/- 4.34 % Gn^0(l=1) ave= 1.158E+01 +/- 12.76 % Gn^0(l=2) ave= 0.000E+00 +/- 0.00 % Gn^0(l=3) ave= 0.000E+00 +/- 0.00 % || Gtotal(l=0) ave= 2.772E+02 +/- 0.00 % Gtotal(l=1) ave= 1.169E+02 +/- 2.35 % Gtotal(l=2) ave= 0.000E+00 +/- 0.00 % Gtotal(l=3) ave= 0.000E+00 +/- 0.00 %  % || Gg(l=0) ave= 1.028E+00 +/- 1.93 % Gg(l=1) ave= 5.038E-01 +/- 3.69 % Gg(l=2) ave= 0.000E+00 +/- 0.00 % Gg(l=3) ave= 0.000E+00 +/- 0.00 %  % || D(l=0) ave= 2.017E+04 +/- 0.00 % D(l=1) ave= 5.643E+03 +/- 2.31 % D(l=2) ave= 0.000E+00 +/- 0.00 % D(l=3) ave= 0.000E+00 +/- 0.00 %  % || S(l=0) ave= 5.315E-05 +/- 5.23 % S(l=1) ave= 4.155E-04 +/- 13.11 % S(l=2) ave= 0.000E+00 +/- 0.00 % S(l=3) ave= 0.000E+00 +/- 0.00 % 
 ... random file  270 Cap(th)  ave= 1.462E+00 b. +/- 3.97 % || Ela(th) ave= 9.243E-01 b. +/- 21.09 % || RIcap ave= 1.39E+00 b. +/- 1.82 % || Macs30 ave= 1.63E-02 b. +/- 1.17 % || Gn^0(l=0) ave= 1.852E+00 +/- 4.34 % Gn^0(l=1) ave= 1.158E+01 +/- 12.76 % Gn^0(l=2) ave= 0.000E+00 +/- 0.00 % Gn^0(l=3) ave= 0.000E+00 +/- 0.00 % || Gtotal(l=0) ave= 2.772E+02 +/- 0.00 % Gtotal(l=1) ave= 1.169E+02 +/- 2.35 % Gtotal(l=2) ave= 0.000E+00 +/- 0.00 % Gtotal(l=3) ave= 0.000E+00 +/- 0.00 %  % || Gg(l=0) ave= 1.028E+00 +/- 1.92 % Gg(l=1) ave= 5.039E-01 +/- 3.70 % Gg(l=2) ave= 0.000E+00 +/- 0.00 % Gg(l=3) ave= 0.000E+00 +/- 0.00 %  % || D(l=0) ave= 2.017E+04 +/- 0.00 % D(l=1) ave= 5.642E+03 +/- 2.31 % D(l=2) ave= 0.000E+00 +/- 0.00 % D(l=3) ave= 0.000E+00 +/- 0.00 %  % || S(l=0) ave= 5.316E-05 +/- 5.23 % S(l=1) ave= 4.154E-04 +/- 13.09 % S(l=2) ave= 0.000E+00 +/- 0.00 % S(l=3) ave= 0.000E+00 +/- 0.00 % 
 ... random file  271 Cap(th)  ave= 1.462E+00 b. +/- 3.96 % || Ela(th) ave= 9.242E-01 b. +/- 21.05 % || RIcap ave= 1.39E+00 b. +/- 1.82 % || Macs30 ave= 1.63E-02 b. +/- 1.17 % || Gn^0(l=0) ave= 1.852E+00 +/- 4.34 % Gn^0(l=1) ave= 1.158E+01 +/- 12.73 % Gn^0(l=2) ave= 0.000E+00 +/- 0.00 % Gn^0(l=3) ave= 0.000E+00 +/- 0.00 % || Gtotal(l=0) ave= 2.772E+02 +/- 0.00 % Gtotal(l=1) ave= 1.169E+02 +/- 2.35 % Gtotal(l=2) ave= 0.000E+00 +/- 0.00 % Gtotal(l=3) ave= 0.000E+00 +/- 0.00 %  % || Gg(l=0) ave= 1.028E+00 +/- 1.92 % Gg(l=1) ave= 5.040E-01 +/- 3.71 % Gg(l=2) ave= 0.000E+00 +/- 0.00 % Gg(l=3) ave= 0.000E+00 +/- 0.00 %  % || D(l=0) ave= 2.017E+04 +/- 0.00 % D(l=1) ave= 5.642E+03 +/- 2.31 % D(l=2) ave= 0.000E+00 +/- 0.00 % D(l=3) ave= 0.000E+00 +/- 0.00 %  % || S(l=0) ave= 5.316E-05 +/- 5.22 % S(l=1) ave= 4.155E-04 +/- 13.07 % S(l=2) ave= 0.000E+00 +/- 0.00 % S(l=3) ave= 0.000E+00 +/- 0.00 % 
 ... random file  272 Cap(th)  ave= 1.462E+00 b. +/- 3.96 % || Ela(th) ave= 9.247E-01 b. +/- 21.02 % || RIcap ave= 1.39E+00 b. +/- 1.82 % || Macs30 ave= 1.63E-02 b. +/- 1.17 % || Gn^0(l=0) ave= 1.852E+00 +/- 4.34 % Gn^0(l=1) ave= 1.158E+01 +/- 12.72 % Gn^0(l=2) ave= 0.000E+00 +/- 0.00 % Gn^0(l=3) ave= 0.000E+00 +/- 0.00 % || Gtotal(l=0) ave= 2.772E+02 +/- 0.00 % Gtotal(l=1) ave= 1.169E+02 +/- 2.35 % Gtotal(l=2) ave= 0.000E+00 +/- 0.00 % Gtotal(l=3) ave= 0.000E+00 +/- 0.00 %  % || Gg(l=0) ave= 1.028E+00 +/- 1.92 % Gg(l=1) ave= 5.041E-01 +/- 3.71 % Gg(l=2) ave= 0.000E+00 +/- 0.00 % Gg(l=3) ave= 0.000E+00 +/- 0.00 %  % || D(l=0) ave= 2.017E+04 +/- 0.00 % D(l=1) ave= 5.641E+03 +/- 2.31 % D(l=2) ave= 0.000E+00 +/- 0.00 % D(l=3) ave= 0.000E+00 +/- 0.00 %  % || S(l=0) ave= 5.316E-05 +/- 5.22 % S(l=1) ave= 4.154E-04 +/- 13.04 % S(l=2) ave= 0.000E+00 +/- 0.00 % S(l=3) ave= 0.000E+00 +/- 0.00 % 
 ... random file  273 Cap(th)  ave= 1.462E+00 b. +/- 3.96 % || Ela(th) ave= 9.255E-01 b. +/- 21.02 % || RIcap ave= 1.39E+00 b. +/- 1.81 % || Macs30 ave= 1.63E-02 b. +/- 1.16 % || Gn^0(l=0) ave= 1.852E+00 +/- 4.33 % Gn^0(l=1) ave= 1.158E+01 +/- 12.70 % Gn^0(l=2) ave= 0.000E+00 +/- 0.00 % Gn^0(l=3) ave= 0.000E+00 +/- 0.00 % || Gtotal(l=0) ave= 2.772E+02 +/- 0.00 % Gtotal(l=1) ave= 1.169E+02 +/- 2.35 % Gtotal(l=2) ave= 0.000E+00 +/- 0.00 % Gtotal(l=3) ave= 0.000E+00 +/- 0.00 %  % || Gg(l=0) ave= 1.028E+00 +/- 1.92 % Gg(l=1) ave= 5.040E-01 +/- 3.71 % Gg(l=2) ave= 0.000E+00 +/- 0.00 % Gg(l=3) ave= 0.000E+00 +/- 0.00 %  % || D(l=0) ave= 2.017E+04 +/- 0.00 % D(l=1) ave= 5.642E+03 +/- 2.31 % D(l=2) ave= 0.000E+00 +/- 0.00 % D(l=3) ave= 0.000E+00 +/- 0.00 %  % || S(l=0) ave= 5.316E-05 +/- 5.21 % S(l=1) ave= 4.153E-04 +/- 13.03 % S(l=2) ave= 0.000E+00 +/- 0.00 % S(l=3) ave= 0.000E+00 +/- 0.00 % 
 ... random file  274 Cap(th)  ave= 1.462E+00 b. +/- 3.95 % || Ela(th) ave= 9.262E-01 b. +/- 21.00 % || RIcap ave= 1.39E+00 b. +/- 1.81 % || Macs30 ave= 1.63E-02 b. +/- 1.17 % || Gn^0(l=0) ave= 1.852E+00 +/- 4.32 % Gn^0(l=1) ave= 1.157E+01 +/- 12.68 % Gn^0(l=2) ave= 0.000E+00 +/- 0.00 % Gn^0(l=3) ave= 0.000E+00 +/- 0.00 % || Gtotal(l=0) ave= 2.772E+02 +/- 0.00 % Gtotal(l=1) ave= 1.169E+02 +/- 2.35 % Gtotal(l=2) ave= 0.000E+00 +/- 0.00 % Gtotal(l=3) ave= 0.000E+00 +/- 0.00 %  % || Gg(l=0) ave= 1.028E+00 +/- 1.93 % Gg(l=1) ave= 5.041E-01 +/- 3.71 % Gg(l=2) ave= 0.000E+00 +/- 0.00 % Gg(l=3) ave= 0.000E+00 +/- 0.00 %  % || D(l=0) ave= 2.017E+04 +/- 0.00 % D(l=1) ave= 5.641E+03 +/- 2.31 % D(l=2) ave= 0.000E+00 +/- 0.00 % D(l=3) ave= 0.000E+00 +/- 0.00 %  % || S(l=0) ave= 5.316E-05 +/- 5.20 % S(l=1) ave= 4.153E-04 +/- 13.00 % S(l=2) ave= 0.000E+00 +/- 0.00 % S(l=3) ave= 0.000E+00 +/- 0.00 % 
 ... random file  275 Cap(th)  ave= 1.462E+00 b. +/- 3.94 % || Ela(th) ave= 9.255E-01 b. +/- 21.01 % || RIcap ave= 1.39E+00 b. +/- 1.81 % || Macs30 ave= 1.63E-02 b. +/- 1.17 % || Gn^0(l=0) ave= 1.853E+00 +/- 4.34 % Gn^0(l=1) ave= 1.158E+01 +/- 12.75 % Gn^0(l=2) ave= 0.000E+00 +/- 0.00 % Gn^0(l=3) ave= 0.000E+00 +/- 0.00 % || Gtotal(l=0) ave= 2.772E+02 +/- 0.00 % Gtotal(l=1) ave= 1.169E+02 +/- 2.35 % Gtotal(l=2) ave= 0.000E+00 +/- 0.00 % Gtotal(l=3) ave= 0.000E+00 +/- 0.00 %  % || Gg(l=0) ave= 1.028E+00 +/- 1.92 % Gg(l=1) ave= 5.041E-01 +/- 3.70 % Gg(l=2) ave= 0.000E+00 +/- 0.00 % Gg(l=3) ave= 0.000E+00 +/- 0.00 %  % || D(l=0) ave= 2.017E+04 +/- 0.00 % D(l=1) ave= 5.640E+03 +/- 2.32 % D(l=2) ave= 0.000E+00 +/- 0.00 % D(l=3) ave= 0.000E+00 +/- 0.00 %  % || S(l=0) ave= 5.318E-05 +/- 5.21 % S(l=1) ave= 4.158E-04 +/- 13.12 % S(l=2) ave= 0.000E+00 +/- 0.00 % S(l=3) ave= 0.000E+00 +/- 0.00 % 
 ... random file  276 Cap(th)  ave= 1.462E+00 b. +/- 3.94 % || Ela(th) ave= 9.259E-01 b. +/- 20.98 % || RIcap ave= 1.39E+00 b. +/- 1.81 % || Macs30 ave= 1.63E-02 b. +/- 1.17 % || Gn^0(l=0) ave= 1.852E+00 +/- 4.34 % Gn^0(l=1) ave= 1.158E+01 +/- 12.73 % Gn^0(l=2) ave= 0.000E+00 +/- 0.00 % Gn^0(l=3) ave= 0.000E+00 +/- 0.00 % || Gtotal(l=0) ave= 2.772E+02 +/- 0.00 % Gtotal(l=1) ave= 1.169E+02 +/- 2.35 % Gtotal(l=2) ave= 0.000E+00 +/- 0.00 % Gtotal(l=3) ave= 0.000E+00 +/- 0.00 %  % || Gg(l=0) ave= 1.028E+00 +/- 1.92 % Gg(l=1) ave= 5.042E-01 +/- 3.71 % Gg(l=2) ave= 0.000E+00 +/- 0.00 % Gg(l=3) ave= 0.000E+00 +/- 0.00 %  % || D(l=0) ave= 2.017E+04 +/- 0.00 % D(l=1) ave= 5.640E+03 +/- 2.32 % D(l=2) ave= 0.000E+00 +/- 0.00 % D(l=3) ave= 0.000E+00 +/- 0.00 %  % || S(l=0) ave= 5.317E-05 +/- 5.21 % S(l=1) ave= 4.157E-04 +/- 13.11 % S(l=2) ave= 0.000E+00 +/- 0.00 % S(l=3) ave= 0.000E+00 +/- 0.00 % 
 ... random file  277 Cap(th)  ave= 1.462E+00 b. +/- 3.94 % || Ela(th) ave= 9.249E-01 b. +/- 21.04 % || RIcap ave= 1.39E+00 b. +/- 1.81 % || Macs30 ave= 1.63E-02 b. +/- 1.17 % || Gn^0(l=0) ave= 1.852E+00 +/- 4.35 % Gn^0(l=1) ave= 1.159E+01 +/- 12.80 % Gn^0(l=2) ave= 0.000E+00 +/- 0.00 % Gn^0(l=3) ave= 0.000E+00 +/- 0.00 % || Gtotal(l=0) ave= 2.772E+02 +/- 0.00 % Gtotal(l=1) ave= 1.170E+02 +/- 2.35 % Gtotal(l=2) ave= 0.000E+00 +/- 0.00 % Gtotal(l=3) ave= 0.000E+00 +/- 0.00 %  % || Gg(l=0) ave= 1.028E+00 +/- 1.92 % Gg(l=1) ave= 5.042E-01 +/- 3.71 % Gg(l=2) ave= 0.000E+00 +/- 0.00 % Gg(l=3) ave= 0.000E+00 +/- 0.00 %  % || D(l=0) ave= 2.017E+04 +/- 0.00 % D(l=1) ave= 5.639E+03 +/- 2.32 % D(l=2) ave= 0.000E+00 +/- 0.00 % D(l=3) ave= 0.000E+00 +/- 0.00 %  % || S(l=0) ave= 5.316E-05 +/- 5.22 % S(l=1) ave= 4.162E-04 +/- 13.20 % S(l=2) ave= 0.000E+00 +/- 0.00 % S(l=3) ave= 0.000E+00 +/- 0.00 % 
 ... random file  278 Cap(th)  ave= 1.462E+00 b. +/- 3.93 % || Ela(th) ave= 9.267E-01 b. +/- 21.20 % || RIcap ave= 1.39E+00 b. +/- 1.80 % || Macs30 ave= 1.63E-02 b. +/- 1.17 % || Gn^0(l=0) ave= 1.852E+00 +/- 4.34 % Gn^0(l=1) ave= 1.159E+01 +/- 12.82 % Gn^0(l=2) ave= 0.000E+00 +/- 0.00 % Gn^0(l=3) ave= 0.000E+00 +/- 0.00 % || Gtotal(l=0) ave= 2.772E+02 +/- 0.00 % Gtotal(l=1) ave= 1.169E+02 +/- 2.35 % Gtotal(l=2) ave= 0.000E+00 +/- 0.00 % Gtotal(l=3) ave= 0.000E+00 +/- 0.00 %  % || Gg(l=0) ave= 1.028E+00 +/- 1.92 % Gg(l=1) ave= 5.042E-01 +/- 3.70 % Gg(l=2) ave= 0.000E+00 +/- 0.00 % Gg(l=3) ave= 0.000E+00 +/- 0.00 %  % || D(l=0) ave= 2.017E+04 +/- 0.00 % D(l=1) ave= 5.640E+03 +/- 2.32 % D(l=2) ave= 0.000E+00 +/- 0.00 % D(l=3) ave= 0.000E+00 +/- 0.00 %  % || S(l=0) ave= 5.316E-05 +/- 5.21 % S(l=1) ave= 4.159E-04 +/- 13.22 % S(l=2) ave= 0.000E+00 +/- 0.00 % S(l=3) ave= 0.000E+00 +/- 0.00 % 
 ... random file  279 Cap(th)  ave= 1.462E+00 b. +/- 3.93 % || Ela(th) ave= 9.262E-01 b. +/- 21.19 % || RIcap ave= 1.39E+00 b. +/- 1.80 % || Macs30 ave= 1.63E-02 b. +/- 1.17 % || Gn^0(l=0) ave= 1.853E+00 +/- 4.34 % Gn^0(l=1) ave= 1.160E+01 +/- 12.91 % Gn^0(l=2) ave= 0.000E+00 +/- 0.00 % Gn^0(l=3) ave= 0.000E+00 +/- 0.00 % || Gtotal(l=0) ave= 2.772E+02 +/- 0.00 % Gtotal(l=1) ave= 1.169E+02 +/- 2.35 % Gtotal(l=2) ave= 0.000E+00 +/- 0.00 % Gtotal(l=3) ave= 0.000E+00 +/- 0.00 %  % || Gg(l=0) ave= 1.028E+00 +/- 1.91 % Gg(l=1) ave= 5.042E-01 +/- 3.70 % Gg(l=2) ave= 0.000E+00 +/- 0.00 % Gg(l=3) ave= 0.000E+00 +/- 0.00 %  % || D(l=0) ave= 2.017E+04 +/- 0.00 % D(l=1) ave= 5.640E+03 +/- 2.32 % D(l=2) ave= 0.000E+00 +/- 0.00 % D(l=3) ave= 0.000E+00 +/- 0.00 %  % || S(l=0) ave= 5.317E-05 +/- 5.21 % S(l=1) ave= 4.163E-04 +/- 13.27 % S(l=2) ave= 0.000E+00 +/- 0.00 % S(l=3) ave= 0.000E+00 +/- 0.00 % 
 ... random file  280 Cap(th)  ave= 1.462E+00 b. +/- 3.93 % || Ela(th) ave= 9.253E-01 b. +/- 21.24 % || RIcap ave= 1.39E+00 b. +/- 1.81 % || Macs30 ave= 1.63E-02 b. +/- 1.17 % || Gn^0(l=0) ave= 1.853E+00 +/- 4.35 % Gn^0(l=1) ave= 1.160E+01 +/- 12.90 % Gn^0(l=2) ave= 0.000E+00 +/- 0.00 % Gn^0(l=3) ave= 0.000E+00 +/- 0.00 % || Gtotal(l=0) ave= 2.772E+02 +/- 0.00 % Gtotal(l=1) ave= 1.169E+02 +/- 2.35 % Gtotal(l=2) ave= 0.000E+00 +/- 0.00 % Gtotal(l=3) ave= 0.000E+00 +/- 0.00 %  % || Gg(l=0) ave= 1.028E+00 +/- 1.92 % Gg(l=1) ave= 5.043E-01 +/- 3.71 % Gg(l=2) ave= 0.000E+00 +/- 0.00 % Gg(l=3) ave= 0.000E+00 +/- 0.00 %  % || D(l=0) ave= 2.017E+04 +/- 0.00 % D(l=1) ave= 5.640E+03 +/- 2.32 % D(l=2) ave= 0.000E+00 +/- 0.00 % D(l=3) ave= 0.000E+00 +/- 0.00 %  % || S(l=0) ave= 5.318E-05 +/- 5.21 % S(l=1) ave= 4.162E-04 +/- 13.26 % S(l=2) ave= 0.000E+00 +/- 0.00 % S(l=3) ave= 0.000E+00 +/- 0.00 % 
 ... random file  281 Cap(th)  ave= 1.462E+00 b. +/- 3.93 % || Ela(th) ave= 9.248E-01 b. +/- 21.24 % || RIcap ave= 1.39E+00 b. +/- 1.80 % || Macs30 ave= 1.63E-02 b. +/- 1.17 % || Gn^0(l=0) ave= 1.853E+00 +/- 4.36 % Gn^0(l=1) ave= 1.160E+01 +/- 12.89 % Gn^0(l=2) ave= 0.000E+00 +/- 0.00 % Gn^0(l=3) ave= 0.000E+00 +/- 0.00 % || Gtotal(l=0) ave= 2.772E+02 +/- 0.00 % Gtotal(l=1) ave= 1.169E+02 +/- 2.35 % Gtotal(l=2) ave= 0.000E+00 +/- 0.00 % Gtotal(l=3) ave= 0.000E+00 +/- 0.00 %  % || Gg(l=0) ave= 1.028E+00 +/- 1.92 % Gg(l=1) ave= 5.042E-01 +/- 3.71 % Gg(l=2) ave= 0.000E+00 +/- 0.00 % Gg(l=3) ave= 0.000E+00 +/- 0.00 %  % || D(l=0) ave= 2.017E+04 +/- 0.00 % D(l=1) ave= 5.640E+03 +/- 2.32 % D(l=2) ave= 0.000E+00 +/- 0.00 % D(l=3) ave= 0.000E+00 +/- 0.00 %  % || S(l=0) ave= 5.317E-05 +/- 5.21 % S(l=1) ave= 4.163E-04 +/- 13.23 % S(l=2) ave= 0.000E+00 +/- 0.00 % S(l=3) ave= 0.000E+00 +/- 0.00 % 
 ... random file  282 Cap(th)  ave= 1.462E+00 b. +/- 3.92 % || Ela(th) ave= 9.243E-01 b. +/- 21.23 % || RIcap ave= 1.39E+00 b. +/- 1.80 % || Macs30 ave= 1.63E-02 b. +/- 1.17 % || Gn^0(l=0) ave= 1.853E+00 +/- 4.35 % Gn^0(l=1) ave= 1.161E+01 +/- 12.88 % Gn^0(l=2) ave= 0.000E+00 +/- 0.00 % Gn^0(l=3) ave= 0.000E+00 +/- 0.00 % || Gtotal(l=0) ave= 2.772E+02 +/- 0.00 % Gtotal(l=1) ave= 1.169E+02 +/- 2.35 % Gtotal(l=2) ave= 0.000E+00 +/- 0.00 % Gtotal(l=3) ave= 0.000E+00 +/- 0.00 %  % || Gg(l=0) ave= 1.028E+00 +/- 1.92 % Gg(l=1) ave= 5.042E-01 +/- 3.72 % Gg(l=2) ave= 0.000E+00 +/- 0.00 % Gg(l=3) ave= 0.000E+00 +/- 0.00 %  % || D(l=0) ave= 2.017E+04 +/- 0.00 % D(l=1) ave= 5.641E+03 +/- 2.32 % D(l=2) ave= 0.000E+00 +/- 0.00 % D(l=3) ave= 0.000E+00 +/- 0.00 %  % || S(l=0) ave= 5.318E-05 +/- 5.21 % S(l=1) ave= 4.164E-04 +/- 13.22 % S(l=2) ave= 0.000E+00 +/- 0.00 % S(l=3) ave= 0.000E+00 +/- 0.00 % 
 ... random file  283 Cap(th)  ave= 1.462E+00 b. +/- 3.91 % || Ela(th) ave= 9.245E-01 b. +/- 21.19 % || RIcap ave= 1.39E+00 b. +/- 1.80 % || Macs30 ave= 1.63E-02 b. +/- 1.17 % || Gn^0(l=0) ave= 1.853E+00 +/- 4.35 % Gn^0(l=1) ave= 1.160E+01 +/- 12.87 % Gn^0(l=2) ave= 0.000E+00 +/- 0.00 % Gn^0(l=3) ave= 0.000E+00 +/- 0.00 % || Gtotal(l=0) ave= 2.772E+02 +/- 0.00 % Gtotal(l=1) ave= 1.169E+02 +/- 2.35 % Gtotal(l=2) ave= 0.000E+00 +/- 0.00 % Gtotal(l=3) ave= 0.000E+00 +/- 0.00 %  % || Gg(l=0) ave= 1.028E+00 +/- 1.92 % Gg(l=1) ave= 5.043E-01 +/- 3.73 % Gg(l=2) ave= 0.000E+00 +/- 0.00 % Gg(l=3) ave= 0.000E+00 +/- 0.00 %  % || D(l=0) ave= 2.017E+04 +/- 0.00 % D(l=1) ave= 5.640E+03 +/- 2.32 % D(l=2) ave= 0.000E+00 +/- 0.00 % D(l=3) ave= 0.000E+00 +/- 0.00 %  % || S(l=0) ave= 5.318E-05 +/- 5.20 % S(l=1) ave= 4.163E-04 +/- 13.22 % S(l=2) ave= 0.000E+00 +/- 0.00 % S(l=3) ave= 0.000E+00 +/- 0.00 % 
 ... random file  284 Cap(th)  ave= 1.462E+00 b. +/- 3.91 % || Ela(th) ave= 9.244E-01 b. +/- 21.16 % || RIcap ave= 1.39E+00 b. +/- 1.80 % || Macs30 ave= 1.63E-02 b. +/- 1.17 % || Gn^0(l=0) ave= 1.853E+00 +/- 4.34 % Gn^0(l=1) ave= 1.160E+01 +/- 12.87 % Gn^0(l=2) ave= 0.000E+00 +/- 0.00 % Gn^0(l=3) ave= 0.000E+00 +/- 0.00 % || Gtotal(l=0) ave= 2.772E+02 +/- 0.00 % Gtotal(l=1) ave= 1.169E+02 +/- 2.35 % Gtotal(l=2) ave= 0.000E+00 +/- 0.00 % Gtotal(l=3) ave= 0.000E+00 +/- 0.00 %  % || Gg(l=0) ave= 1.028E+00 +/- 1.94 % Gg(l=1) ave= 5.043E-01 +/- 3.73 % Gg(l=2) ave= 0.000E+00 +/- 0.00 % Gg(l=3) ave= 0.000E+00 +/- 0.00 %  % || D(l=0) ave= 2.017E+04 +/- 0.00 % D(l=1) ave= 5.640E+03 +/- 2.32 % D(l=2) ave= 0.000E+00 +/- 0.00 % D(l=3) ave= 0.000E+00 +/- 0.00 %  % || S(l=0) ave= 5.318E-05 +/- 5.19 % S(l=1) ave= 4.162E-04 +/- 13.20 % S(l=2) ave= 0.000E+00 +/- 0.00 % S(l=3) ave= 0.000E+00 +/- 0.00 % 
 ... random file  285 Cap(th)  ave= 1.462E+00 b. +/- 3.90 % || Ela(th) ave= 9.241E-01 b. +/- 21.14 % || RIcap ave= 1.39E+00 b. +/- 1.79 % || Macs30 ave= 1.63E-02 b. +/- 1.17 % || Gn^0(l=0) ave= 1.853E+00 +/- 4.34 % Gn^0(l=1) ave= 1.160E+01 +/- 12.85 % Gn^0(l=2) ave= 0.000E+00 +/- 0.00 % Gn^0(l=3) ave= 0.000E+00 +/- 0.00 % || Gtotal(l=0) ave= 2.772E+02 +/- 0.00 % Gtotal(l=1) ave= 1.170E+02 +/- 2.35 % Gtotal(l=2) ave= 0.000E+00 +/- 0.00 % Gtotal(l=3) ave= 0.000E+00 +/- 0.00 %  % || Gg(l=0) ave= 1.028E+00 +/- 1.93 % Gg(l=1) ave= 5.043E-01 +/- 3.72 % Gg(l=2) ave= 0.000E+00 +/- 0.00 % Gg(l=3) ave= 0.000E+00 +/- 0.00 %  % || D(l=0) ave= 2.017E+04 +/- 0.00 % D(l=1) ave= 5.639E+03 +/- 2.32 % D(l=2) ave= 0.000E+00 +/- 0.00 % D(l=3) ave= 0.000E+00 +/- 0.00 %  % || S(l=0) ave= 5.318E-05 +/- 5.18 % S(l=1) ave= 4.163E-04 +/- 13.18 % S(l=2) ave= 0.000E+00 +/- 0.00 % S(l=3) ave= 0.000E+00 +/- 0.00 % 
 ... random file  286 Cap(th)  ave= 1.462E+00 b. +/- 3.90 % || Ela(th) ave= 9.236E-01 b. +/- 21.13 % || RIcap ave= 1.39E+00 b. +/- 1.79 % || Macs30 ave= 1.63E-02 b. +/- 1.17 % || Gn^0(l=0) ave= 1.853E+00 +/- 4.33 % Gn^0(l=1) ave= 1.161E+01 +/- 12.83 % Gn^0(l=2) ave= 0.000E+00 +/- 0.00 % Gn^0(l=3) ave= 0.000E+00 +/- 0.00 % || Gtotal(l=0) ave= 2.772E+02 +/- 0.00 % Gtotal(l=1) ave= 1.170E+02 +/- 2.35 % Gtotal(l=2) ave= 0.000E+00 +/- 0.00 % Gtotal(l=3) ave= 0.000E+00 +/- 0.00 %  % || Gg(l=0) ave= 1.028E+00 +/- 1.93 % Gg(l=1) ave= 5.043E-01 +/- 3.71 % Gg(l=2) ave= 0.000E+00 +/- 0.00 % Gg(l=3) ave= 0.000E+00 +/- 0.00 %  % || D(l=0) ave= 2.017E+04 +/- 0.00 % D(l=1) ave= 5.639E+03 +/- 2.32 % D(l=2) ave= 0.000E+00 +/- 0.00 % D(l=3) ave= 0.000E+00 +/- 0.00 %  % || S(l=0) ave= 5.318E-05 +/- 5.18 % S(l=1) ave= 4.165E-04 +/- 13.17 % S(l=2) ave= 0.000E+00 +/- 0.00 % S(l=3) ave= 0.000E+00 +/- 0.00 % 
 ... random file  287 Cap(th)  ave= 1.461E+00 b. +/- 3.91 % || Ela(th) ave= 9.229E-01 b. +/- 21.15 % || RIcap ave= 1.39E+00 b. +/- 1.80 % || Macs30 ave= 1.63E-02 b. +/- 1.17 % || Gn^0(l=0) ave= 1.853E+00 +/- 4.32 % Gn^0(l=1) ave= 1.161E+01 +/- 12.82 % Gn^0(l=2) ave= 0.000E+00 +/- 0.00 % Gn^0(l=3) ave= 0.000E+00 +/- 0.00 % || Gtotal(l=0) ave= 2.772E+02 +/- 0.00 % Gtotal(l=1) ave= 1.170E+02 +/- 2.35 % Gtotal(l=2) ave= 0.000E+00 +/- 0.00 % Gtotal(l=3) ave= 0.000E+00 +/- 0.00 %  % || Gg(l=0) ave= 1.028E+00 +/- 1.93 % Gg(l=1) ave= 5.043E-01 +/- 3.71 % Gg(l=2) ave= 0.000E+00 +/- 0.00 % Gg(l=3) ave= 0.000E+00 +/- 0.00 %  % || D(l=0) ave= 2.017E+04 +/- 0.00 % D(l=1) ave= 5.638E+03 +/- 2.32 % D(l=2) ave= 0.000E+00 +/- 0.00 % D(l=3) ave= 0.000E+00 +/- 0.00 %  % || S(l=0) ave= 5.318E-05 +/- 5.17 % S(l=1) ave= 4.167E-04 +/- 13.19 % S(l=2) ave= 0.000E+00 +/- 0.00 % S(l=3) ave= 0.000E+00 +/- 0.00 % 
 ... random file  288 Cap(th)  ave= 1.461E+00 b. +/- 3.90 % || Ela(th) ave= 9.235E-01 b. +/- 21.12 % || RIcap ave= 1.39E+00 b. +/- 1.79 % || Macs30 ave= 1.63E-02 b. +/- 1.17 % || Gn^0(l=0) ave= 1.853E+00 +/- 4.32 % Gn^0(l=1) ave= 1.161E+01 +/- 12.82 % Gn^0(l=2) ave= 0.000E+00 +/- 0.00 % Gn^0(l=3) ave= 0.000E+00 +/- 0.00 % || Gtotal(l=0) ave= 2.772E+02 +/- 0.00 % Gtotal(l=1) ave= 1.170E+02 +/- 2.35 % Gtotal(l=2) ave= 0.000E+00 +/- 0.00 % Gtotal(l=3) ave= 0.000E+00 +/- 0.00 %  % || Gg(l=0) ave= 1.028E+00 +/- 1.93 % Gg(l=1) ave= 5.043E-01 +/- 3.70 % Gg(l=2) ave= 0.000E+00 +/- 0.00 % Gg(l=3) ave= 0.000E+00 +/- 0.00 %  % || D(l=0) ave= 2.017E+04 +/- 0.00 % D(l=1) ave= 5.638E+03 +/- 2.32 % D(l=2) ave= 0.000E+00 +/- 0.00 % D(l=3) ave= 0.000E+00 +/- 0.00 %  % || S(l=0) ave= 5.317E-05 +/- 5.16 % S(l=1) ave= 4.166E-04 +/- 13.17 % S(l=2) ave= 0.000E+00 +/- 0.00 % S(l=3) ave= 0.000E+00 +/- 0.00 % 
 ... random file  289 Cap(th)  ave= 1.461E+00 b. +/- 3.91 % || Ela(th) ave= 9.225E-01 b. +/- 21.19 % || RIcap ave= 1.39E+00 b. +/- 1.80 % || Macs30 ave= 1.63E-02 b. +/- 1.17 % || Gn^0(l=0) ave= 1.853E+00 +/- 4.36 % Gn^0(l=1) ave= 1.161E+01 +/- 12.81 % Gn^0(l=2) ave= 0.000E+00 +/- 0.00 % Gn^0(l=3) ave= 0.000E+00 +/- 0.00 % || Gtotal(l=0) ave= 2.772E+02 +/- 0.00 % Gtotal(l=1) ave= 1.170E+02 +/- 2.35 % Gtotal(l=2) ave= 0.000E+00 +/- 0.00 % Gtotal(l=3) ave= 0.000E+00 +/- 0.00 %  % || Gg(l=0) ave= 1.028E+00 +/- 1.93 % Gg(l=1) ave= 5.044E-01 +/- 3.70 % Gg(l=2) ave= 0.000E+00 +/- 0.00 % Gg(l=3) ave= 0.000E+00 +/- 0.00 %  % || D(l=0) ave= 2.017E+04 +/- 0.00 % D(l=1) ave= 5.637E+03 +/- 2.32 % D(l=2) ave= 0.000E+00 +/- 0.00 % D(l=3) ave= 0.000E+00 +/- 0.00 %  % || S(l=0) ave= 5.320E-05 +/- 5.21 % S(l=1) ave= 4.169E-04 +/- 13.18 % S(l=2) ave= 0.000E+00 +/- 0.00 % S(l=3) ave= 0.000E+00 +/- 0.00 % 
 ... random file  290 Cap(th)  ave= 1.461E+00 b. +/- 3.90 % || Ela(th) ave= 9.226E-01 b. +/- 21.15 % || RIcap ave= 1.39E+00 b. +/- 1.80 % || Macs30 ave= 1.63E-02 b. +/- 1.17 % || Gn^0(l=0) ave= 1.853E+00 +/- 4.36 % Gn^0(l=1) ave= 1.161E+01 +/- 12.79 % Gn^0(l=2) ave= 0.000E+00 +/- 0.00 % Gn^0(l=3) ave= 0.000E+00 +/- 0.00 % || Gtotal(l=0) ave= 2.772E+02 +/- 0.00 % Gtotal(l=1) ave= 1.170E+02 +/- 2.35 % Gtotal(l=2) ave= 0.000E+00 +/- 0.00 % Gtotal(l=3) ave= 0.000E+00 +/- 0.00 %  % || Gg(l=0) ave= 1.028E+00 +/- 1.93 % Gg(l=1) ave= 5.044E-01 +/- 3.69 % Gg(l=2) ave= 0.000E+00 +/- 0.00 % Gg(l=3) ave= 0.000E+00 +/- 0.00 %  % || D(l=0) ave= 2.017E+04 +/- 0.00 % D(l=1) ave= 5.637E+03 +/- 2.32 % D(l=2) ave= 0.000E+00 +/- 0.00 % D(l=3) ave= 0.000E+00 +/- 0.00 %  % || S(l=0) ave= 5.319E-05 +/- 5.21 % S(l=1) ave= 4.169E-04 +/- 13.16 % S(l=2) ave= 0.000E+00 +/- 0.00 % S(l=3) ave= 0.000E+00 +/- 0.00 % 
 ... random file  291 Cap(th)  ave= 1.461E+00 b. +/- 3.91 % || Ela(th) ave= 9.239E-01 b. +/- 21.23 % || RIcap ave= 1.39E+00 b. +/- 1.80 % || Macs30 ave= 1.63E-02 b. +/- 1.17 % || Gn^0(l=0) ave= 1.853E+00 +/- 4.36 % Gn^0(l=1) ave= 1.160E+01 +/- 12.80 % Gn^0(l=2) ave= 0.000E+00 +/- 0.00 % Gn^0(l=3) ave= 0.000E+00 +/- 0.00 % || Gtotal(l=0) ave= 2.772E+02 +/- 0.00 % Gtotal(l=1) ave= 1.170E+02 +/- 2.35 % Gtotal(l=2) ave= 0.000E+00 +/- 0.00 % Gtotal(l=3) ave= 0.000E+00 +/- 0.00 %  % || Gg(l=0) ave= 1.028E+00 +/- 1.93 % Gg(l=1) ave= 5.043E-01 +/- 3.70 % Gg(l=2) ave= 0.000E+00 +/- 0.00 % Gg(l=3) ave= 0.000E+00 +/- 0.00 %  % || D(l=0) ave= 2.017E+04 +/- 0.00 % D(l=1) ave= 5.637E+03 +/- 2.32 % D(l=2) ave= 0.000E+00 +/- 0.00 % D(l=3) ave= 0.000E+00 +/- 0.00 %  % || S(l=0) ave= 5.318E-05 +/- 5.21 % S(l=1) ave= 4.167E-04 +/- 13.16 % S(l=2) ave= 0.000E+00 +/- 0.00 % S(l=3) ave= 0.000E+00 +/- 0.00 % 
 ... random file  292 Cap(th)  ave= 1.461E+00 b. +/- 3.91 % || Ela(th) ave= 9.245E-01 b. +/- 21.20 % || RIcap ave= 1.39E+00 b. +/- 1.80 % || Macs30 ave= 1.63E-02 b. +/- 1.17 % || Gn^0(l=0) ave= 1.852E+00 +/- 4.35 % Gn^0(l=1) ave= 1.160E+01 +/- 12.78 % Gn^0(l=2) ave= 0.000E+00 +/- 0.00 % Gn^0(l=3) ave= 0.000E+00 +/- 0.00 % || Gtotal(l=0) ave= 2.772E+02 +/- 0.00 % Gtotal(l=1) ave= 1.170E+02 +/- 2.35 % Gtotal(l=2) ave= 0.000E+00 +/- 0.00 % Gtotal(l=3) ave= 0.000E+00 +/- 0.00 %  % || Gg(l=0) ave= 1.028E+00 +/- 1.93 % Gg(l=1) ave= 5.043E-01 +/- 3.70 % Gg(l=2) ave= 0.000E+00 +/- 0.00 % Gg(l=3) ave= 0.000E+00 +/- 0.00 %  % || D(l=0) ave= 2.017E+04 +/- 0.00 % D(l=1) ave= 5.637E+03 +/- 2.32 % D(l=2) ave= 0.000E+00 +/- 0.00 % D(l=3) ave= 0.000E+00 +/- 0.00 %  % || S(l=0) ave= 5.317E-05 +/- 5.21 % S(l=1) ave= 4.168E-04 +/- 13.14 % S(l=2) ave= 0.000E+00 +/- 0.00 % S(l=3) ave= 0.000E+00 +/- 0.00 % 
 ... random file  293 Cap(th)  ave= 1.461E+00 b. +/- 3.90 % || Ela(th) ave= 9.238E-01 b. +/- 21.22 % || RIcap ave= 1.39E+00 b. +/- 1.80 % || Macs30 ave= 1.63E-02 b. +/- 1.17 % || Gn^0(l=0) ave= 1.852E+00 +/- 4.35 % Gn^0(l=1) ave= 1.161E+01 +/- 12.77 % Gn^0(l=2) ave= 0.000E+00 +/- 0.00 % Gn^0(l=3) ave= 0.000E+00 +/- 0.00 % || Gtotal(l=0) ave= 2.772E+02 +/- 0.00 % Gtotal(l=1) ave= 1.170E+02 +/- 2.35 % Gtotal(l=2) ave= 0.000E+00 +/- 0.00 % Gtotal(l=3) ave= 0.000E+00 +/- 0.00 %  % || Gg(l=0) ave= 1.028E+00 +/- 1.93 % Gg(l=1) ave= 5.043E-01 +/- 3.69 % Gg(l=2) ave= 0.000E+00 +/- 0.00 % Gg(l=3) ave= 0.000E+00 +/- 0.00 %  % || D(l=0) ave= 2.017E+04 +/- 0.00 % D(l=1) ave= 5.637E+03 +/- 2.32 % D(l=2) ave= 0.000E+00 +/- 0.00 % D(l=3) ave= 0.000E+00 +/- 0.00 %  % || S(l=0) ave= 5.317E-05 +/- 5.20 % S(l=1) ave= 4.169E-04 +/- 13.12 % S(l=2) ave= 0.000E+00 +/- 0.00 % S(l=3) ave= 0.000E+00 +/- 0.00 % 
 ... random file  294 Cap(th)  ave= 1.461E+00 b. +/- 3.91 % || Ela(th) ave= 9.232E-01 b. +/- 21.22 % || RIcap ave= 1.39E+00 b. +/- 1.80 % || Macs30 ave= 1.63E-02 b. +/- 1.16 % || Gn^0(l=0) ave= 1.852E+00 +/- 4.34 % Gn^0(l=1) ave= 1.160E+01 +/- 12.81 % Gn^0(l=2) ave= 0.000E+00 +/- 0.00 % Gn^0(l=3) ave= 0.000E+00 +/- 0.00 % || Gtotal(l=0) ave= 2.772E+02 +/- 0.00 % Gtotal(l=1) ave= 1.170E+02 +/- 2.35 % Gtotal(l=2) ave= 0.000E+00 +/- 0.00 % Gtotal(l=3) ave= 0.000E+00 +/- 0.00 %  % || Gg(l=0) ave= 1.028E+00 +/- 1.93 % Gg(l=1) ave= 5.042E-01 +/- 3.69 % Gg(l=2) ave= 0.000E+00 +/- 0.00 % Gg(l=3) ave= 0.000E+00 +/- 0.00 %  % || D(l=0) ave= 2.017E+04 +/- 0.00 % D(l=1) ave= 5.638E+03 +/- 2.32 % D(l=2) ave= 0.000E+00 +/- 0.00 % D(l=3) ave= 0.000E+00 +/- 0.00 %  % || S(l=0) ave= 5.317E-05 +/- 5.19 % S(l=1) ave= 4.166E-04 +/- 13.17 % S(l=2) ave= 0.000E+00 +/- 0.00 % S(l=3) ave= 0.000E+00 +/- 0.00 % 
 ... random file  295 Cap(th)  ave= 1.461E+00 b. +/- 3.91 % || Ela(th) ave= 9.229E-01 b. +/- 21.20 % || RIcap ave= 1.39E+00 b. +/- 1.80 % || Macs30 ave= 1.63E-02 b. +/- 1.16 % || Gn^0(l=0) ave= 1.852E+00 +/- 4.35 % Gn^0(l=1) ave= 1.160E+01 +/- 12.79 % Gn^0(l=2) ave= 0.000E+00 +/- 0.00 % Gn^0(l=3) ave= 0.000E+00 +/- 0.00 % || Gtotal(l=0) ave= 2.772E+02 +/- 0.00 % Gtotal(l=1) ave= 1.170E+02 +/- 2.35 % Gtotal(l=2) ave= 0.000E+00 +/- 0.00 % Gtotal(l=3) ave= 0.000E+00 +/- 0.00 %  % || Gg(l=0) ave= 1.028E+00 +/- 1.93 % Gg(l=1) ave= 5.043E-01 +/- 3.69 % Gg(l=2) ave= 0.000E+00 +/- 0.00 % Gg(l=3) ave= 0.000E+00 +/- 0.00 %  % || D(l=0) ave= 2.017E+04 +/- 0.00 % D(l=1) ave= 5.637E+03 +/- 2.32 % D(l=2) ave= 0.000E+00 +/- 0.00 % D(l=3) ave= 0.000E+00 +/- 0.00 %  % || S(l=0) ave= 5.316E-05 +/- 5.20 % S(l=1) ave= 4.166E-04 +/- 13.14 % S(l=2) ave= 0.000E+00 +/- 0.00 % S(l=3) ave= 0.000E+00 +/- 0.00 % 
 ... random file  296 Cap(th)  ave= 1.461E+00 b. +/- 3.92 % || Ela(th) ave= 9.237E-01 b. +/- 21.20 % || RIcap ave= 1.39E+00 b. +/- 1.80 % || Macs30 ave= 1.63E-02 b. +/- 1.16 % || Gn^0(l=0) ave= 1.852E+00 +/- 4.35 % Gn^0(l=1) ave= 1.160E+01 +/- 12.79 % Gn^0(l=2) ave= 0.000E+00 +/- 0.00 % Gn^0(l=3) ave= 0.000E+00 +/- 0.00 % || Gtotal(l=0) ave= 2.772E+02 +/- 0.00 % Gtotal(l=1) ave= 1.170E+02 +/- 2.35 % Gtotal(l=2) ave= 0.000E+00 +/- 0.00 % Gtotal(l=3) ave= 0.000E+00 +/- 0.00 %  % || Gg(l=0) ave= 1.028E+00 +/- 1.93 % Gg(l=1) ave= 5.042E-01 +/- 3.68 % Gg(l=2) ave= 0.000E+00 +/- 0.00 % Gg(l=3) ave= 0.000E+00 +/- 0.00 %  % || D(l=0) ave= 2.017E+04 +/- 0.00 % D(l=1) ave= 5.638E+03 +/- 2.32 % D(l=2) ave= 0.000E+00 +/- 0.00 % D(l=3) ave= 0.000E+00 +/- 0.00 %  % || S(l=0) ave= 5.315E-05 +/- 5.20 % S(l=1) ave= 4.165E-04 +/- 13.13 % S(l=2) ave= 0.000E+00 +/- 0.00 % S(l=3) ave= 0.000E+00 +/- 0.00 % 
 ... random file  297 Cap(th)  ave= 1.461E+00 b. +/- 3.92 % || Ela(th) ave= 9.237E-01 b. +/- 21.16 % || RIcap ave= 1.39E+00 b. +/- 1.80 % || Macs30 ave= 1.63E-02 b. +/- 1.16 % || Gn^0(l=0) ave= 1.852E+00 +/- 4.35 % Gn^0(l=1) ave= 1.159E+01 +/- 12.79 % Gn^0(l=2) ave= 0.000E+00 +/- 0.00 % Gn^0(l=3) ave= 0.000E+00 +/- 0.00 % || Gtotal(l=0) ave= 2.772E+02 +/- 0.00 % Gtotal(l=1) ave= 1.170E+02 +/- 2.35 % Gtotal(l=2) ave= 0.000E+00 +/- 0.00 % Gtotal(l=3) ave= 0.000E+00 +/- 0.00 %  % || Gg(l=0) ave= 1.028E+00 +/- 1.92 % Gg(l=1) ave= 5.043E-01 +/- 3.68 % Gg(l=2) ave= 0.000E+00 +/- 0.00 % Gg(l=3) ave= 0.000E+00 +/- 0.00 %  % || D(l=0) ave= 2.017E+04 +/- 0.00 % D(l=1) ave= 5.637E+03 +/- 2.32 % D(l=2) ave= 0.000E+00 +/- 0.00 % D(l=3) ave= 0.000E+00 +/- 0.00 %  % || S(l=0) ave= 5.315E-05 +/- 5.20 % S(l=1) ave= 4.164E-04 +/- 13.12 % S(l=2) ave= 0.000E+00 +/- 0.00 % S(l=3) ave= 0.000E+00 +/- 0.00 % 
 ... random file  298 Cap(th)  ave= 1.461E+00 b. +/- 3.91 % || Ela(th) ave= 9.230E-01 b. +/- 21.19 % || RIcap ave= 1.39E+00 b. +/- 1.80 % || Macs30 ave= 1.63E-02 b. +/- 1.16 % || Gn^0(l=0) ave= 1.852E+00 +/- 4.34 % Gn^0(l=1) ave= 1.159E+01 +/- 12.78 % Gn^0(l=2) ave= 0.000E+00 +/- 0.00 % Gn^0(l=3) ave= 0.000E+00 +/- 0.00 % || Gtotal(l=0) ave= 2.772E+02 +/- 0.00 % Gtotal(l=1) ave= 1.170E+02 +/- 2.35 % Gtotal(l=2) ave= 0.000E+00 +/- 0.00 % Gtotal(l=3) ave= 0.000E+00 +/- 0.00 %  % || Gg(l=0) ave= 1.028E+00 +/- 1.92 % Gg(l=1) ave= 5.043E-01 +/- 3.68 % Gg(l=2) ave= 0.000E+00 +/- 0.00 % Gg(l=3) ave= 0.000E+00 +/- 0.00 %  % || D(l=0) ave= 2.017E+04 +/- 0.00 % D(l=1) ave= 5.637E+03 +/- 2.32 % D(l=2) ave= 0.000E+00 +/- 0.00 % D(l=3) ave= 0.000E+00 +/- 0.00 %  % || S(l=0) ave= 5.314E-05 +/- 5.19 % S(l=1) ave= 4.164E-04 +/- 13.10 % S(l=2) ave= 0.000E+00 +/- 0.00 % S(l=3) ave= 0.000E+00 +/- 0.00 % 
 ... random file  299 Cap(th)  ave= 1.461E+00 b. +/- 3.91 % || Ela(th) ave= 9.235E-01 b. +/- 21.17 % || RIcap ave= 1.39E+00 b. +/- 1.79 % || Macs30 ave= 1.63E-02 b. +/- 1.16 % || Gn^0(l=0) ave= 1.851E+00 +/- 4.34 % Gn^0(l=1) ave= 1.159E+01 +/- 12.76 % Gn^0(l=2) ave= 0.000E+00 +/- 0.00 % Gn^0(l=3) ave= 0.000E+00 +/- 0.00 % || Gtotal(l=0) ave= 2.772E+02 +/- 0.00 % Gtotal(l=1) ave= 1.170E+02 +/- 2.35 % Gtotal(l=2) ave= 0.000E+00 +/- 0.00 % Gtotal(l=3) ave= 0.000E+00 +/- 0.00 %  % || Gg(l=0) ave= 1.028E+00 +/- 1.92 % Gg(l=1) ave= 5.042E-01 +/- 3.68 % Gg(l=2) ave= 0.000E+00 +/- 0.00 % Gg(l=3) ave= 0.000E+00 +/- 0.00 %  % || D(l=0) ave= 2.017E+04 +/- 0.00 % D(l=1) ave= 5.636E+03 +/- 2.32 % D(l=2) ave= 0.000E+00 +/- 0.00 % D(l=3) ave= 0.000E+00 +/- 0.00 %  % || S(l=0) ave= 5.314E-05 +/- 5.18 % S(l=1) ave= 4.163E-04 +/- 13.08 % S(l=2) ave= 0.000E+00 +/- 0.00 % S(l=3) ave= 0.000E+00 +/- 0.00 % 
 ... random file  300 Cap(th)  ave= 1.461E+00 b. +/- 3.92 % || Ela(th) ave= 9.223E-01 b. +/- 21.28 % || RIcap ave= 1.39E+00 b. +/- 1.80 % || Macs30 ave= 1.63E-02 b. +/- 1.16 % || Gn^0(l=0) ave= 1.851E+00 +/- 4.33 % Gn^0(l=1) ave= 1.159E+01 +/- 12.74 % Gn^0(l=2) ave= 0.000E+00 +/- 0.00 % Gn^0(l=3) ave= 0.000E+00 +/- 0.00 % || Gtotal(l=0) ave= 2.772E+02 +/- 0.00 % Gtotal(l=1) ave= 1.170E+02 +/- 2.35 % Gtotal(l=2) ave= 0.000E+00 +/- 0.00 % Gtotal(l=3) ave= 0.000E+00 +/- 0.00 %  % || Gg(l=0) ave= 1.028E+00 +/- 1.93 % Gg(l=1) ave= 5.043E-01 +/- 3.68 % Gg(l=2) ave= 0.000E+00 +/- 0.00 % Gg(l=3) ave= 0.000E+00 +/- 0.00 %  % || D(l=0) ave= 2.017E+04 +/- 0.00 % D(l=1) ave= 5.636E+03 +/- 2.32 % D(l=2) ave= 0.000E+00 +/- 0.00 % D(l=3) ave= 0.000E+00 +/- 0.00 %  % || S(l=0) ave= 5.314E-05 +/- 5.17 % S(l=1) ave= 4.164E-04 +/- 13.06 % S(l=2) ave= 0.000E+00 +/- 0.00 % S(l=3) ave= 0.000E+00 +/- 0.00 % 
 ... Histogram plot for thermal (n,g)
 ... Write covariances  ... MT1  ... plot correlations
 ... MT2  ... MT102 


 ================================================
 ============== From 300 random values === start ======
 Thermal (n,tot) xs  0 K =  2.38313 b. +/- 0.239599 b. ( 10.0539 %) skew= +0.86 +/- 0.14
 Thermal (n,el) xs   0 K =  0.92235 b. +/- 0.196285 b. ( 21.281 %) skew= +0.90 +/- 0.14
 Thermal (n,g) xs    0 K =  1.46078 b. +/- 0.057204 b. ( 3.91598 %) skew= +0.62 +/- 0.14
 RI      (n,g)       0 K =  1.38891 b. +/- 0.0249942 b. ( 1.79956 %) 
 MACS    (n,g)       0 K (at Emacs= 30000 eV) =  0.0163118 b. +/- 0.000189282 b. ( 1.1604 %) 
 Ave. Gtotal  L=0        =  2.772E+02 +/- 0.00 %
 Ave. Gn^(0)  L=0        =  1.851E+00 +/- 4.33 %
 Ave. Gg      L=0        =  1.028E+00 +/- 1.93 %
 Ave. D       L=0        =  2.017E+04 +/- 0.00 %
 Ave. S       L=0        =  5.314E-05 +/- 5.17 %
 Ave. Gtotal  L=1        =  1.170E+02 +/- 2.35 %
 Ave. Gg      L=1        =  5.043E-01 +/- 3.68 %
 Ave. D       L=1        =  5.636E+03 +/- 2.32 %
 Ave. S       L=1        =  4.164E-04 +/- 13.06 %

 Expected Thermal (n,g) (syst or meas)= 1.46 b. +/- 0.03 b. nominal: 1.45865 b.
 ratio Calculated/expected thermal (n,g): 1.00 ratio DCalculated/Dexpected: 1.91 ratio Calculated/Nominal: 1.00
 ============== From 300 random values ===== stop ======
 ================================================
 ... Calculation of (n,a) and (n,p) cross sections at 300 K
 <<(n,a) Q-value negative for this element>> ... (n,p) Q-value negative for this element
 ... Rewrite index for MF2
 ... Write text for MF1 in file mf1.tares.txt
 ... plotting cross sections for the MF1
 ... order output files


================== summary ==================
 Thermal (n,tot) xs = 2.35889 b. 
 Thermal (n,el)  xs = 0.900236 b. 
 Thermal (n,g)   xs = 1.45865 b. (meas/sys: 1.46 b.)

 RI      (n,g)      = 1.40403 b. (meas or sys: 1.42 b.)
 RI      (n,el)     = 75.3732 b.
=============================================


 ... cleaning
                                                 
  -------------------------------------------------------------
  -                                                           -
  - TARES: successful end of run with data from the database  -
  -             for Z= 19,  A= 41 and isomer= 0               -
  -                                                           -
  -------------------------------------------------------------

   Running time:       141 seconds

 End time: Wed Oct  7 11:11:38 2026

