
  -------------------------------------------------------------
  -                                                           -
  -              Welcome to TARES version 1.8                 -
  -                                                           -
  -  (C) Copyright 2007-2025 D. Rochman, All Rights Reserved  -
  -           NRG, Petten, the Netherlands 2007-2014          -
  -           PSI, Villigen    Switzerland 2015-2025          -
  -         Nagra, Wettingen   Switzerland 2025-              -
  -           (Last Modified October 06, 2026)                -
  -           (Database from October 06, 2026)                -
  -                                                           -
  -------------------------------------------------------------


  ---------------------------------------------
   Compilation information:
   Compiled on:         Oct  8 2026, 18:36:06
   Compiled by:         koning
   Compiler version:    clang++ - 21.0.0
   Source location:     /Users/koning/tares-1.8/source/Module/
   Binaries location:   /Users/koning/bin
   System:              Darwin 25.6.0
   System version:      Darwin Kernel Version 25.6.0: Fri Jul 31 19:19:08 PDT 2026; root:xnu-12377.161.14~5/RELEASE_ARM64_T6050  
   Machine:             arm64 
  ---------------------------------------------

   User information:
   User name:           koning
   Running directory:   /Users/koning/tendl/resbase/Sr086/work
   Owner mode for running directory : rwx
   Group mode for running directory : r-x
  ---------------------------------------------


 Starting time: Fri Oct  9 10:48:57 2026
 ... inputs directory found (/Users/koning/tares-1.8/source/Module//../../inputs/).
 ... It will be used for resonance parameters 
 ... ###############################################
 ... #     read the input file tares.inp
 ... ###############################################
 ... line: #
 ... line: # Input file generated by Autorochman
          --> line not read
 ... line: #
 ... line: isotope    Sr
          --> Isotope name: Sr
 ... line: mass       86
          --> isotopic mass: 86
 ... line: output     n-Sr086
         ---> Name of the output files: n-Sr086
 ... line: isomer     0
          --> isomeric state: 0
 ... line: mf32mf33   y
          --> MF33 based on MF32: y
 ... line: nbrRandom  300
          --> Nbr of random files: 300
 ... ###############################################
 ... # end read the input file tares.inp
 ... ###############################################
Value for random generator type not considered in since Tares 1.7 due to compilation issues

 ... ###############################################
     #   Interpretation of the Input definition    #
     ###############################################

 ... Default energy limit: End of resonance region
 ... Nuclear charge    = 38
 ... Element           = Sr
 ... Mass              = 86
 ... Isomer            = 0
 ... Correlation for (Gn,Gg) not included in random files
 ... Default random option: No random
 ... Output name: n-Sr086
 ... Energy for the MACS: 30000 eV
 ... Resonances from CALENDF reduced (reduce=y) 
 ... For URR, level density model from TALYS selected: 91n3n12611.2850 (see manual for description)
 ... Random Generator: default (pseudo random numbers from ansi c++)
 ... Reconstruction of cross section selected
 ... Doppler broadening at 0 Kelvin
 ... Default formalism: Multi Level Breit Wigner (from file best.tendl.yes)
 ... URR not included (from the input file flag)
 ... Weight for grouping is flat
 ... Calculation of (n,alpha) cross section selected
 ... Number of digit for MF32c covariance representation: 2
 ... MF32 included
 ... MF33 will be used for covariance processing
 ... TENDL option set to yes (automatic choice of MF2 and format)
 ... default option: Multi level Breit Wigner approximation selected
 ... (check file best.tendl.yes for changing this option)
 ... Retroactive option set to no with the 2025 option
 ... ladder option set to no (CALENDF will not be used for statistical resonances)

 ... ###############################################
     #           End of Input definition           #
     ###############################################

 ... gnuplot found, will be used for plotting
 ... latex found, will be used for plotting
 ... dvips found, will be used for plotting
 ... ps2epsi not found, limited plotting available
 ... uncertainties on default parameters multiplied by 1.05509
 ... Read resonance data from the 2025 directory
 ... Resonance parameters taken from /Users/koning/tares-1.8/source/Module//../../inputs/2025/Resonance/default/
 ---> Processing Z= 38 and A= 86 and isomer= 0 (level number: 0)
Thermal file; Could not open file /Users/koning/tares-1.8/source/Module//../../inputs/2025/runThermal/results//thermal.mxw.ng.cendl3.1
Thermal file; Could not open file /Users/koning/tares-1.8/source/Module//../../inputs/2025/runThermal/results//thermal.mxw.ng.brond3.1
Thermal file; Could not open file /Users/koning/tares-1.8/source/Module//../../inputs/2025/runThermal/results//thermal.xs.ng.unc.cendl3.1
 ... spin taken from the final/ directory (1)
 ... The spin found in level file ( 0 ) and the one in the urr file ( 5.5 ) differ

 ... ###############################################
 ... #  Nucleus global parameters (2025 database)  #
 ... ###############################################
 ... Scattering radius from file /Users/koning/tares-1.8/source/Module//../../inputs/2025/Resonance/default//global.2023.txt
 0. Spin of the target isotope: 0
 1. Relative Atomic Mass of the target isotope: 85.9092
 2. Isotopic composition of the target isotope: 9.86 %
 3. Scattering radius (local compilation): 7.2 fm +/- 0.06 fm
 4. Scattering radius (Mughabghab): 7.1 +/- 0.2 fm
      .......................................
      ... Thermal capture cross sections: ...
 5. Thermal (total) (n,g) cross section from experiments (local compilation): 1.04 +/- 0.07 b.
 6. Thermal (n,g) cross section from compilation (Firestone-2022 average on element Sr): 1.25 +/- 0.04 b.
 7. Thermal (n,g) cross section from compilation (Firestone-2022 final on element Sr): 1.25 +/- 0.04 b.
 8. Thermal Maxwellian (n,g) XS from compilation (Mughabghab-2006): 1.04 +/- 0.07 b.
 9. Thermal Maxwellian (n,g) XS from compilation (Mughabghab-2018): 1.04 +/- 0.07 b.
 10. Thermal Maxwellian (n,g) XS from compilation (Sukhoruchkin-2009): 0.77 +/- 0.06 b.
 11. Thermal Maxwellian (n,g) XS from compilation (Sukhoruchkin-2015): 1.01 +/- 0.07 b.
 12. Thermal (n,g) cross section from EAF-2010: 1.041 b.
 13. Thermal (n,g) cross section from compilation (CRP-2007): 1.094 +/- 0.04 b.
 14. Thermal (n,g) cross section from ENDF/B-VI.8: 2.844 b.
 15. Thermal (n,g) cross section from ENDF/B-VIII.1: 1.006 b.
 16. Thermal (n,g) cross section from ENDF/B-VIII.0: 1.009 b.
 17. Thermal (n,g) cross section from JEF2.2: 2.844 b.
 18. Thermal (n,g) cross section from TENDL-2023: 1.043 +/- 0.06955 b.
 19. Thermal (n,g) cross section from JEFF-3.3: 1.04 +/- 0.1604 b.
 20. Thermal (n,g) cross section from JEFF-4.0: 1.044 +/- 0.07534 b.
 21. Thermal (n,g) cross section from JENDL-5.0: 1.044 b.
      .......................................
      ...  Thermal total cross sections:  ...
      .......................................
      ... Thermal elastic cross sections: ...
 22. Thermal (n,el) cross section from compilation (Mughabghab): 4.01 +/- 0.07 b.
 23. Thermal (n,el) cross section from ENDF/B-VIII.1: 2.801 b.
 24. Thermal (n,el) cross section from ENDF/B-VIII.0: 2.801 b.
 25. Thermal (n,el) cross section from ENDF/B-VI.8: 2.2 b.
 26. Thermal (n,el) cross section from JENDL-5.0: 4.158 b.
 27. Thermal (n,el) cross section from JEFF-3.3: 1.869 b.
 28. Thermal (n,el) cross section from experiments (local compilation): 4.01 +/- 0.07 b.
 29. Neutron scattering length from Atominstitut (TU Wien): 5.68 +/- 0.05 fm.
      .......................................
             ... Resonance integral: ...
 30. Experimental capture integral (local compilation): 4.8 +/- 0.24 b.
 31. Experimental capture integral (Sukhoruchkin): 4.87 +/- 0.24 b.
   ---- MACS 30 keV ----- 
 32. TALYS MACS 30 keV (HF): 0.0681705 b. 
 33. Recommended MACS 30 keV from EAF: 0.064 b. 
 34. Recommended MACS 30 keV (local compilation): 0.072 +/- 0.005 b. 
 35. Recommended MACS 30 keV from Kadonis: 0.064 +/- 0.003 b. 
 36. Recommended MACS (Sukhoruchkin): 0.061 +/- 0.014 b.
 37. Recommended MACS (Mughabghab): 0.072 +/- 0.005 b.
   ---------- S0 -------- 
 38. S0 from TALYS: 0.660814
 39. Experimental S0: 0.62 +/- 0.1
 40. Atlas S0: 0.62 +/- 0.1
   ---------- S1 -------- 
 41. S1 from TALYS: 3.12019
 42. Experimental S1: 3.5 +/- 1
 43. Atlas S1: 2.5 +/- 0.3
   ---------- S2 -------- 
 44. S2 from TALYS: 0.758544
   ---------- D0 -------- 
 45. D0 from TALYS: 2601.48 eV
 46. Experimental D0: 3000 +/- 1000 eV
 47. Atlas D0: 2500 +/- 300
   ---------- D1 -------- 
 48. D1 from TALYS: 911.311 eV
 49. Atlas D1: 840 +/- 145
   ---------- D2 -------- 
 50. D2 from TALYS: 603.881 eV
   ---------- G0 -------- 
 51. Experimental average Gg0: 0.265 +/- 0 eV
 52. Gg0 from TALYS: 0.298015 eV
   ---------- G1 -------- 
 53. Gg1 from TALYS: 0.235818 eV
   ---------- G2 -------- 
 54. Gg2 from TALYS: 0.265069 eV


   ---------------------- 
 ... Read resonance parameters (format: 2: Multi Level Breit Wigner)
 ... 74 resonances found 
 --> 55. Number of resonances from the input file: 74 up to 37180 eV
 56. Read nuclear quantities (mass, MAT...)
 57. Read thermal (n,g) xs 
 58. Read the scattering radius 
 59. Read uncertainty on Gg for 74 resonances
 60. Read uncertainty on Gg for 74 resonances ... done
 ... order resonances 
 ... Upper limit for the RRR: 28381 eV (no statistical resonances HFR) from the limit.RRR file
 ... Write parameters for l=0 waves
 ... End writing original MF2 
 ... Enter in to_MLBW_mf2 function
 ... Convert to Multi Level Breit Wigner (MLBW)
 ... Gn-Gg correlations: calculated capture kernel used for 34 evaluated resonances (no measured kernel)
 ... Write parameter covariances (MF32) for l=0
 ... MF32: 45 energy correlation lines (time of flight) for the first 10 evaluated resonances
 ... Convert parameter covariances (MF32) to MLBW
 ... copy the mf2 and mf32 to .mlbw files
 ... Ladder option set to no --> no use of calendf_xs
 ... no thermal/RI adjustment (ladder option set to no): no GLS calculation of parameter correlations
 ... copy the mf2 and mf32 to .mlbw files

 ... Start of final reconstruction and testing ...
 ... Reconstruction of cross sections at 0 Kelvin  ... Import MF2 from TARES calculations
 ... End energy of TARES MF2 : 2.838100E+4 eV and limit to 40000 resonances
 ... File used for reconstruction: n-Sr086.reconst
 ... run RECENT ...
 ... Doppler broadened at a unique temperature: 0 Kelvin using sigma1
 ... The keyword temperature is zero, no Doppler broadening for the MACS

 ============== INTER values at 0 Kelvin ==============
 Thermal (n,g) xs =  1.04303 b. (meas/sys: 1.04 b.) (warning: comparison to be done at 296 or 300 K)
 Th Maxw (n,g) xs =  1.0437 b. (thermal Maxwellian value)
 Westcott factor  =  1.0006
 RI      (n,g)    =  5.0155 b. (meas or sys: 4.8 b.)
 MACS 3.000e+04 eV=  0.054062 b. (meas or sys: - b.) from 1.00E+00 to 2.00E+07 eV (end of RRR) at T= 0 Kelvin 
 Thermal (n,el) xs=  4.023 b.
 RI      (n,el)   =  124.805 b.
 ============= PSYCHE values ==============
 Ave. G_total L0  =  15.7897 eV
 Ave. Gn_0    L0  =  0.122472
 Ave. Gg      L0  =  0.271958 eV
 Ave. D       L0  =  860.03 eV
 Ave. S       L0  =  0.000146719 eV
 =========================================
 ... End of final reconstruction and testing ...

 ... grouping is not optimum, change to 70 groups
 ... Produce MF33 based on MF32 and 300 random files
 ... MF3 of n-Sr086.reconst (3 sections) added to the files for ENDSAM
 ... run endsam for 300 in groups of 1 global run(s)
 ... run endsam from 201 to 300
 ... random files: total width GT set to Gn+Gg+Gf (10200 resonances in 300 files)
 ... preparing the vectors  ... done
 ... nominal file 0 Cap(th)  ave= 1.043E+00 b. +/- 0.00 % || Ela(th) ave= 4.023E+00 b. +/- 0.00 % || RIcap ave= 5.02E+00 b. +/- 0.00 % || Macs30 ave= 5.41E-02 b. +/- 0.00 % || Gn^0(l=0) ave= 1.225E-01 +/- 0.00 % Gn^0(l=1) ave= 0.000E+00 +/- 0.00 % Gn^0(l=2) ave= 0.000E+00 +/- 0.00 % Gn^0(l=3) ave= 0.000E+00 +/- 0.00 % || Gtotal(l=0) ave= 1.579E+01 +/- 0.00 % Gtotal(l=1) ave= 0.000E+00 +/- 0.00 % Gtotal(l=2) ave= 0.000E+00 +/- 0.00 % Gtotal(l=3) ave= 0.000E+00 +/- 0.00 %  % || Gg(l=0) ave= 2.720E-01 +/- 0.00 % Gg(l=1) ave= 0.000E+00 +/- 0.00 % Gg(l=2) ave= 0.000E+00 +/- 0.00 % Gg(l=3) ave= 0.000E+00 +/- 0.00 %  % || D(l=0) ave= 8.600E+02 +/- 0.00 % D(l=1) ave= 0.000E+00 +/- 0.00 % D(l=2) ave= 0.000E+00 +/- 0.00 % D(l=3) ave= 0.000E+00 +/- 0.00 %  % || S(l=0) ave= 1.467E-04 +/- 0.00 % S(l=1) ave= 0.000E+00 +/- 0.00 % S(l=2) ave= 0.000E+00 +/- 0.00 % S(l=3) ave= 0.000E+00 +/- 0.00 % 
 ... random file  1 Cap(th)  ave= 1.047E+00 b. +/- 0.35 % || Ela(th) ave= 4.006E+00 b. +/- 0.43 % || RIcap ave= 5.00E+00 b. +/- 0.36 % || Macs30 ave= 5.42E-02 b. +/- 0.20 % || Gn^0(l=0) ave= 1.281E-01 +/- 4.36 % Gn^0(l=1) ave= 0.000E+00 +/- 0.00 % Gn^0(l=2) ave= 0.000E+00 +/- 0.00 % Gn^0(l=3) ave= 0.000E+00 +/- 0.00 % || Gtotal(l=0) ave= 1.668E+01 +/- 5.31 % Gtotal(l=1) ave= 0.000E+00 +/- 0.00 % Gtotal(l=2) ave= 0.000E+00 +/- 0.00 % Gtotal(l=3) ave= 0.000E+00 +/- 0.00 %  % || Gg(l=0) ave= 2.726E-01 +/- 0.23 % Gg(l=1) ave= 0.000E+00 +/- 0.00 % Gg(l=2) ave= 0.000E+00 +/- 0.00 % Gg(l=3) ave= 0.000E+00 +/- 0.00 %  % || D(l=0) ave= 8.600E+02 +/- 0.00 % D(l=1) ave= 0.000E+00 +/- 0.00 % D(l=2) ave= 0.000E+00 +/- 0.00 % D(l=3) ave= 0.000E+00 +/- 0.00 %  % || S(l=0) ave= 1.534E-04 +/- 4.36 % S(l=1) ave= 0.000E+00 +/- 0.00 % S(l=2) ave= 0.000E+00 +/- 0.00 % S(l=3) ave= 0.000E+00 +/- 0.00 % 
 ... random file  2 Cap(th)  ave= 1.056E+00 b. +/- 1.27 % || Ela(th) ave= 3.856E+00 b. +/- 5.52 % || RIcap ave= 5.00E+00 b. +/- 0.29 % || Macs30 ave= 5.41E-02 b. +/- 0.19 % || Gn^0(l=0) ave= 1.406E-01 +/- 13.02 % Gn^0(l=1) ave= 0.000E+00 +/- 0.00 % Gn^0(l=2) ave= 0.000E+00 +/- 0.00 % Gn^0(l=3) ave= 0.000E+00 +/- 0.00 % || Gtotal(l=0) ave= 1.806E+01 +/- 11.57 % Gtotal(l=1) ave= 0.000E+00 +/- 0.00 % Gtotal(l=2) ave= 0.000E+00 +/- 0.00 % Gtotal(l=3) ave= 0.000E+00 +/- 0.00 %  % || Gg(l=0) ave= 2.705E-01 +/- 1.11 % Gg(l=1) ave= 0.000E+00 +/- 0.00 % Gg(l=2) ave= 0.000E+00 +/- 0.00 % Gg(l=3) ave= 0.000E+00 +/- 0.00 %  % || D(l=0) ave= 8.690E+02 +/- 1.46 % D(l=1) ave= 0.000E+00 +/- 0.00 % D(l=2) ave= 0.000E+00 +/- 0.00 % D(l=3) ave= 0.000E+00 +/- 0.00 %  % || S(l=0) ave= 1.665E-04 +/- 11.58 % S(l=1) ave= 0.000E+00 +/- 0.00 % S(l=2) ave= 0.000E+00 +/- 0.00 % S(l=3) ave= 0.000E+00 +/- 0.00 % 
 ... random file  3 Cap(th)  ave= 1.021E+00 b. +/- 6.06 % || Ela(th) ave= 3.920E+00 b. +/- 5.50 % || RIcap ave= 4.91E+00 b. +/- 3.13 % || Macs30 ave= 5.41E-02 b. +/- 0.23 % || Gn^0(l=0) ave= 1.350E-01 +/- 13.73 % Gn^0(l=1) ave= 0.000E+00 +/- 0.00 % Gn^0(l=2) ave= 0.000E+00 +/- 0.00 % Gn^0(l=3) ave= 0.000E+00 +/- 0.00 % || Gtotal(l=0) ave= 1.731E+01 +/- 12.89 % Gtotal(l=1) ave= 0.000E+00 +/- 0.00 % Gtotal(l=2) ave= 0.000E+00 +/- 0.00 % Gtotal(l=3) ave= 0.000E+00 +/- 0.00 %  % || Gg(l=0) ave= 2.720E-01 +/- 1.34 % Gg(l=1) ave= 0.000E+00 +/- 0.00 % Gg(l=2) ave= 0.000E+00 +/- 0.00 % Gg(l=3) ave= 0.000E+00 +/- 0.00 %  % || D(l=0) ave= 8.667E+02 +/- 1.34 % D(l=1) ave= 0.000E+00 +/- 0.00 % D(l=2) ave= 0.000E+00 +/- 0.00 % D(l=3) ave= 0.000E+00 +/- 0.00 %  % || S(l=0) ave= 1.603E-04 +/- 12.36 % S(l=1) ave= 0.000E+00 +/- 0.00 % S(l=2) ave= 0.000E+00 +/- 0.00 % S(l=3) ave= 0.000E+00 +/- 0.00 % 
 ... random file  4 Cap(th)  ave= 9.934E-01 b. +/- 7.84 % || Ela(th) ave= 3.911E+00 b. +/- 4.95 % || RIcap ave= 4.84E+00 b. +/- 4.07 % || Macs30 ave= 5.40E-02 b. +/- 0.33 % || Gn^0(l=0) ave= 1.268E-01 +/- 18.47 % Gn^0(l=1) ave= 0.000E+00 +/- 0.00 % Gn^0(l=2) ave= 0.000E+00 +/- 0.00 % Gn^0(l=3) ave= 0.000E+00 +/- 0.00 % || Gtotal(l=0) ave= 1.611E+01 +/- 19.31 % Gtotal(l=1) ave= 0.000E+00 +/- 0.00 % Gtotal(l=2) ave= 0.000E+00 +/- 0.00 % Gtotal(l=3) ave= 0.000E+00 +/- 0.00 %  % || Gg(l=0) ave= 2.704E-01 +/- 1.68 % Gg(l=1) ave= 0.000E+00 +/- 0.00 % Gg(l=2) ave= 0.000E+00 +/- 0.00 % Gg(l=3) ave= 0.000E+00 +/- 0.00 %  % || D(l=0) ave= 8.708E+02 +/- 1.51 % D(l=1) ave= 0.000E+00 +/- 0.00 % D(l=2) ave= 0.000E+00 +/- 0.00 % D(l=3) ave= 0.000E+00 +/- 0.00 %  % || S(l=0) ave= 1.500E-04 +/- 18.08 % S(l=1) ave= 0.000E+00 +/- 0.00 % S(l=2) ave= 0.000E+00 +/- 0.00 % S(l=3) ave= 0.000E+00 +/- 0.00 % 
 ... random file  5 Cap(th)  ave= 9.995E-01 b. +/- 7.24 % || Ela(th) ave= 3.869E+00 b. +/- 5.16 % || RIcap ave= 4.85E+00 b. +/- 3.77 % || Macs30 ave= 5.40E-02 b. +/- 0.31 % || Gn^0(l=0) ave= 1.261E-01 +/- 17.00 % Gn^0(l=1) ave= 0.000E+00 +/- 0.00 % Gn^0(l=2) ave= 0.000E+00 +/- 0.00 % Gn^0(l=3) ave= 0.000E+00 +/- 0.00 % || Gtotal(l=0) ave= 1.597E+01 +/- 17.89 % Gtotal(l=1) ave= 0.000E+00 +/- 0.00 % Gtotal(l=2) ave= 0.000E+00 +/- 0.00 % Gtotal(l=3) ave= 0.000E+00 +/- 0.00 %  % || Gg(l=0) ave= 2.700E-01 +/- 1.57 % Gg(l=1) ave= 0.000E+00 +/- 0.00 % Gg(l=2) ave= 0.000E+00 +/- 0.00 % Gg(l=3) ave= 0.000E+00 +/- 0.00 %  % || D(l=0) ave= 8.735E+02 +/- 1.54 % D(l=1) ave= 0.000E+00 +/- 0.00 % D(l=2) ave= 0.000E+00 +/- 0.00 % D(l=3) ave= 0.000E+00 +/- 0.00 %  % || S(l=0) ave= 1.488E-04 +/- 16.76 % S(l=1) ave= 0.000E+00 +/- 0.00 % S(l=2) ave= 0.000E+00 +/- 0.00 % S(l=3) ave= 0.000E+00 +/- 0.00 % 
 ... random file  6 Cap(th)  ave= 1.004E+00 b. +/- 6.77 % || Ela(th) ave= 3.877E+00 b. +/- 4.79 % || RIcap ave= 4.85E+00 b. +/- 3.51 % || Macs30 ave= 5.40E-02 b. +/- 0.29 % || Gn^0(l=0) ave= 1.260E-01 +/- 15.75 % Gn^0(l=1) ave= 0.000E+00 +/- 0.00 % Gn^0(l=2) ave= 0.000E+00 +/- 0.00 % Gn^0(l=3) ave= 0.000E+00 +/- 0.00 % || Gtotal(l=0) ave= 1.605E+01 +/- 16.53 % Gtotal(l=1) ave= 0.000E+00 +/- 0.00 % Gtotal(l=2) ave= 0.000E+00 +/- 0.00 % Gtotal(l=3) ave= 0.000E+00 +/- 0.00 %  % || Gg(l=0) ave= 2.702E-01 +/- 1.47 % Gg(l=1) ave= 0.000E+00 +/- 0.00 % Gg(l=2) ave= 0.000E+00 +/- 0.00 % Gg(l=3) ave= 0.000E+00 +/- 0.00 %  % || D(l=0) ave= 8.715E+02 +/- 1.53 % D(l=1) ave= 0.000E+00 +/- 0.00 % D(l=2) ave= 0.000E+00 +/- 0.00 % D(l=3) ave= 0.000E+00 +/- 0.00 %  % || S(l=0) ave= 1.490E-04 +/- 15.49 % S(l=1) ave= 0.000E+00 +/- 0.00 % S(l=2) ave= 0.000E+00 +/- 0.00 % S(l=3) ave= 0.000E+00 +/- 0.00 % 
 ... random file  7 Cap(th)  ave= 1.008E+00 b. +/- 6.39 % || Ela(th) ave= 3.862E+00 b. +/- 4.60 % || RIcap ave= 4.85E+00 b. +/- 3.30 % || Macs30 ave= 5.40E-02 b. +/- 0.33 % || Gn^0(l=0) ave= 1.259E-01 +/- 14.75 % Gn^0(l=1) ave= 0.000E+00 +/- 0.00 % Gn^0(l=2) ave= 0.000E+00 +/- 0.00 % Gn^0(l=3) ave= 0.000E+00 +/- 0.00 % || Gtotal(l=0) ave= 1.608E+01 +/- 15.44 % Gtotal(l=1) ave= 0.000E+00 +/- 0.00 % Gtotal(l=2) ave= 0.000E+00 +/- 0.00 % Gtotal(l=3) ave= 0.000E+00 +/- 0.00 %  % || Gg(l=0) ave= 2.705E-01 +/- 1.40 % Gg(l=1) ave= 0.000E+00 +/- 0.00 % Gg(l=2) ave= 0.000E+00 +/- 0.00 % Gg(l=3) ave= 0.000E+00 +/- 0.00 %  % || D(l=0) ave= 8.701E+02 +/- 1.50 % D(l=1) ave= 0.000E+00 +/- 0.00 % D(l=2) ave= 0.000E+00 +/- 0.00 % D(l=3) ave= 0.000E+00 +/- 0.00 %  % || S(l=0) ave= 1.491E-04 +/- 14.48 % S(l=1) ave= 0.000E+00 +/- 0.00 % S(l=2) ave= 0.000E+00 +/- 0.00 % S(l=3) ave= 0.000E+00 +/- 0.00 % 
 ... random file  8 Cap(th)  ave= 1.019E+00 b. +/- 6.72 % || Ela(th) ave= 3.883E+00 b. +/- 4.57 % || RIcap ave= 4.88E+00 b. +/- 3.61 % || Macs30 ave= 5.41E-02 b. +/- 0.33 % || Gn^0(l=0) ave= 1.251E-01 +/- 14.10 % Gn^0(l=1) ave= 0.000E+00 +/- 0.00 % Gn^0(l=2) ave= 0.000E+00 +/- 0.00 % Gn^0(l=3) ave= 0.000E+00 +/- 0.00 % || Gtotal(l=0) ave= 1.597E+01 +/- 14.77 % Gtotal(l=1) ave= 0.000E+00 +/- 0.00 % Gtotal(l=2) ave= 0.000E+00 +/- 0.00 % Gtotal(l=3) ave= 0.000E+00 +/- 0.00 %  % || Gg(l=0) ave= 2.707E-01 +/- 1.34 % Gg(l=1) ave= 0.000E+00 +/- 0.00 % Gg(l=2) ave= 0.000E+00 +/- 0.00 % Gg(l=3) ave= 0.000E+00 +/- 0.00 %  % || D(l=0) ave= 8.690E+02 +/- 1.46 % D(l=1) ave= 0.000E+00 +/- 0.00 % D(l=2) ave= 0.000E+00 +/- 0.00 % D(l=3) ave= 0.000E+00 +/- 0.00 %  % || S(l=0) ave= 1.484E-04 +/- 13.79 % S(l=1) ave= 0.000E+00 +/- 0.00 % S(l=2) ave= 0.000E+00 +/- 0.00 % S(l=3) ave= 0.000E+00 +/- 0.00 % 
 ... random file  9 Cap(th)  ave= 1.025E+00 b. +/- 6.55 % || Ela(th) ave= 3.973E+00 b. +/- 7.98 % || RIcap ave= 4.90E+00 b. +/- 3.59 % || Macs30 ave= 5.40E-02 b. +/- 0.32 % || Gn^0(l=0) ave= 1.226E-01 +/- 15.00 % Gn^0(l=1) ave= 0.000E+00 +/- 0.00 % Gn^0(l=2) ave= 0.000E+00 +/- 0.00 % Gn^0(l=3) ave= 0.000E+00 +/- 0.00 % || Gtotal(l=0) ave= 1.557E+01 +/- 16.29 % Gtotal(l=1) ave= 0.000E+00 +/- 0.00 % Gtotal(l=2) ave= 0.000E+00 +/- 0.00 % Gtotal(l=3) ave= 0.000E+00 +/- 0.00 %  % || Gg(l=0) ave= 2.707E-01 +/- 1.27 % Gg(l=1) ave= 0.000E+00 +/- 0.00 % Gg(l=2) ave= 0.000E+00 +/- 0.00 % Gg(l=3) ave= 0.000E+00 +/- 0.00 %  % || D(l=0) ave= 8.708E+02 +/- 1.51 % D(l=1) ave= 0.000E+00 +/- 0.00 % D(l=2) ave= 0.000E+00 +/- 0.00 % D(l=3) ave= 0.000E+00 +/- 0.00 %  % || S(l=0) ave= 1.452E-04 +/- 14.96 % S(l=1) ave= 0.000E+00 +/- 0.00 % S(l=2) ave= 0.000E+00 +/- 0.00 % S(l=3) ave= 0.000E+00 +/- 0.00 % 
 ... random file  10 Cap(th)  ave= 1.029E+00 b. +/- 6.36 % || Ela(th) ave= 3.992E+00 b. +/- 7.73 % || RIcap ave= 4.92E+00 b. +/- 3.60 % || Macs30 ave= 5.41E-02 b. +/- 0.31 % || Gn^0(l=0) ave= 1.201E-01 +/- 16.03 % Gn^0(l=1) ave= 0.000E+00 +/- 0.00 % Gn^0(l=2) ave= 0.000E+00 +/- 0.00 % Gn^0(l=3) ave= 0.000E+00 +/- 0.00 % || Gtotal(l=0) ave= 1.519E+01 +/- 17.76 % Gtotal(l=1) ave= 0.000E+00 +/- 0.00 % Gtotal(l=2) ave= 0.000E+00 +/- 0.00 % Gtotal(l=3) ave= 0.000E+00 +/- 0.00 %  % || Gg(l=0) ave= 2.704E-01 +/- 1.27 % Gg(l=1) ave= 0.000E+00 +/- 0.00 % Gg(l=2) ave= 0.000E+00 +/- 0.00 % Gg(l=3) ave= 0.000E+00 +/- 0.00 %  % || D(l=0) ave= 8.722E+02 +/- 1.53 % D(l=1) ave= 0.000E+00 +/- 0.00 % D(l=2) ave= 0.000E+00 +/- 0.00 % D(l=3) ave= 0.000E+00 +/- 0.00 %  % || S(l=0) ave= 1.420E-04 +/- 16.20 % S(l=1) ave= 0.000E+00 +/- 0.00 % S(l=2) ave= 0.000E+00 +/- 0.00 % S(l=3) ave= 0.000E+00 +/- 0.00 % 
 ... random file  11 Cap(th)  ave= 1.023E+00 b. +/- 6.39 % || Ela(th) ave= 3.998E+00 b. +/- 7.41 % || RIcap ave= 4.89E+00 b. +/- 4.00 % || Macs30 ave= 5.40E-02 b. +/- 0.31 % || Gn^0(l=0) ave= 1.211E-01 +/- 15.47 % Gn^0(l=1) ave= 0.000E+00 +/- 0.00 % Gn^0(l=2) ave= 0.000E+00 +/- 0.00 % Gn^0(l=3) ave= 0.000E+00 +/- 0.00 % || Gtotal(l=0) ave= 1.536E+01 +/- 17.19 % Gtotal(l=1) ave= 0.000E+00 +/- 0.00 % Gtotal(l=2) ave= 0.000E+00 +/- 0.00 % Gtotal(l=3) ave= 0.000E+00 +/- 0.00 %  % || Gg(l=0) ave= 2.701E-01 +/- 1.29 % Gg(l=1) ave= 0.000E+00 +/- 0.00 % Gg(l=2) ave= 0.000E+00 +/- 0.00 % Gg(l=3) ave= 0.000E+00 +/- 0.00 %  % || D(l=0) ave= 8.712E+02 +/- 1.52 % D(l=1) ave= 0.000E+00 +/- 0.00 % D(l=2) ave= 0.000E+00 +/- 0.00 % D(l=3) ave= 0.000E+00 +/- 0.00 %  % || S(l=0) ave= 1.434E-04 +/- 15.68 % S(l=1) ave= 0.000E+00 +/- 0.00 % S(l=2) ave= 0.000E+00 +/- 0.00 % S(l=3) ave= 0.000E+00 +/- 0.00 % 
 ... random file  12 Cap(th)  ave= 1.013E+00 b. +/- 7.16 % || Ela(th) ave= 4.039E+00 b. +/- 7.86 % || RIcap ave= 4.87E+00 b. +/- 4.16 % || Macs30 ave= 5.41E-02 b. +/- 0.32 % || Gn^0(l=0) ave= 1.222E-01 +/- 15.06 % Gn^0(l=1) ave= 0.000E+00 +/- 0.00 % Gn^0(l=2) ave= 0.000E+00 +/- 0.00 % Gn^0(l=3) ave= 0.000E+00 +/- 0.00 % || Gtotal(l=0) ave= 1.554E+01 +/- 16.81 % Gtotal(l=1) ave= 0.000E+00 +/- 0.00 % Gtotal(l=2) ave= 0.000E+00 +/- 0.00 % Gtotal(l=3) ave= 0.000E+00 +/- 0.00 %  % || Gg(l=0) ave= 2.703E-01 +/- 1.27 % Gg(l=1) ave= 0.000E+00 +/- 0.00 % Gg(l=2) ave= 0.000E+00 +/- 0.00 % Gg(l=3) ave= 0.000E+00 +/- 0.00 %  % || D(l=0) ave= 8.704E+02 +/- 1.50 % D(l=1) ave= 0.000E+00 +/- 0.00 % D(l=2) ave= 0.000E+00 +/- 0.00 % D(l=3) ave= 0.000E+00 +/- 0.00 %  % || S(l=0) ave= 1.448E-04 +/- 15.32 % S(l=1) ave= 0.000E+00 +/- 0.00 % S(l=2) ave= 0.000E+00 +/- 0.00 % S(l=3) ave= 0.000E+00 +/- 0.00 % 
 ... random file  13 Cap(th)  ave= 1.019E+00 b. +/- 7.21 % || Ela(th) ave= 4.049E+00 b. +/- 7.61 % || RIcap ave= 4.89E+00 b. +/- 4.33 % || Macs30 ave= 5.40E-02 b. +/- 0.34 % || Gn^0(l=0) ave= 1.197E-01 +/- 16.65 % Gn^0(l=1) ave= 0.000E+00 +/- 0.00 % Gn^0(l=2) ave= 0.000E+00 +/- 0.00 % Gn^0(l=3) ave= 0.000E+00 +/- 0.00 % || Gtotal(l=0) ave= 1.517E+01 +/- 18.78 % Gtotal(l=1) ave= 0.000E+00 +/- 0.00 % Gtotal(l=2) ave= 0.000E+00 +/- 0.00 % Gtotal(l=3) ave= 0.000E+00 +/- 0.00 %  % || Gg(l=0) ave= 2.699E-01 +/- 1.32 % Gg(l=1) ave= 0.000E+00 +/- 0.00 % Gg(l=2) ave= 0.000E+00 +/- 0.00 % Gg(l=3) ave= 0.000E+00 +/- 0.00 %  % || D(l=0) ave= 8.715E+02 +/- 1.53 % D(l=1) ave= 0.000E+00 +/- 0.00 % D(l=2) ave= 0.000E+00 +/- 0.00 % D(l=3) ave= 0.000E+00 +/- 0.00 %  % || S(l=0) ave= 1.417E-04 +/- 17.06 % S(l=1) ave= 0.000E+00 +/- 0.00 % S(l=2) ave= 0.000E+00 +/- 0.00 % S(l=3) ave= 0.000E+00 +/- 0.00 % 
 ... random file  14 Cap(th)  ave= 1.023E+00 b. +/- 7.07 % || Ela(th) ave= 4.085E+00 b. +/- 8.01 % || RIcap ave= 4.91E+00 b. +/- 4.44 % || Macs30 ave= 5.41E-02 b. +/- 0.36 % || Gn^0(l=0) ave= 1.192E-01 +/- 16.23 % Gn^0(l=1) ave= 0.000E+00 +/- 0.00 % Gn^0(l=2) ave= 0.000E+00 +/- 0.00 % Gn^0(l=3) ave= 0.000E+00 +/- 0.00 % || Gtotal(l=0) ave= 1.512E+01 +/- 18.24 % Gtotal(l=1) ave= 0.000E+00 +/- 0.00 % Gtotal(l=2) ave= 0.000E+00 +/- 0.00 % Gtotal(l=3) ave= 0.000E+00 +/- 0.00 %  % || Gg(l=0) ave= 2.703E-01 +/- 1.38 % Gg(l=1) ave= 0.000E+00 +/- 0.00 % Gg(l=2) ave= 0.000E+00 +/- 0.00 % Gg(l=3) ave= 0.000E+00 +/- 0.00 %  % || D(l=0) ave= 8.708E+02 +/- 1.51 % D(l=1) ave= 0.000E+00 +/- 0.00 % D(l=2) ave= 0.000E+00 +/- 0.00 % D(l=3) ave= 0.000E+00 +/- 0.00 %  % || S(l=0) ave= 1.412E-04 +/- 16.59 % S(l=1) ave= 0.000E+00 +/- 0.00 % S(l=2) ave= 0.000E+00 +/- 0.00 % S(l=3) ave= 0.000E+00 +/- 0.00 % 
 ... random file  15 Cap(th)  ave= 1.019E+00 b. +/- 7.02 % || Ela(th) ave= 4.129E+00 b. +/- 8.68 % || RIcap ave= 4.90E+00 b. +/- 4.38 % || Macs30 ave= 5.40E-02 b. +/- 0.36 % || Gn^0(l=0) ave= 1.193E-01 +/- 15.70 % Gn^0(l=1) ave= 0.000E+00 +/- 0.00 % Gn^0(l=2) ave= 0.000E+00 +/- 0.00 % Gn^0(l=3) ave= 0.000E+00 +/- 0.00 % || Gtotal(l=0) ave= 1.518E+01 +/- 17.65 % Gtotal(l=1) ave= 0.000E+00 +/- 0.00 % Gtotal(l=2) ave= 0.000E+00 +/- 0.00 % Gtotal(l=3) ave= 0.000E+00 +/- 0.00 %  % || Gg(l=0) ave= 2.703E-01 +/- 1.34 % Gg(l=1) ave= 0.000E+00 +/- 0.00 % Gg(l=2) ave= 0.000E+00 +/- 0.00 % Gg(l=3) ave= 0.000E+00 +/- 0.00 %  % || D(l=0) ave= 8.701E+02 +/- 1.50 % D(l=1) ave= 0.000E+00 +/- 0.00 % D(l=2) ave= 0.000E+00 +/- 0.00 % D(l=3) ave= 0.000E+00 +/- 0.00 %  % || S(l=0) ave= 1.415E-04 +/- 16.05 % S(l=1) ave= 0.000E+00 +/- 0.00 % S(l=2) ave= 0.000E+00 +/- 0.00 % S(l=3) ave= 0.000E+00 +/- 0.00 % 
 ... random file  16 Cap(th)  ave= 1.020E+00 b. +/- 6.81 % || Ela(th) ave= 4.120E+00 b. +/- 8.48 % || RIcap ave= 4.91E+00 b. +/- 4.25 % || Macs30 ave= 5.40E-02 b. +/- 0.35 % || Gn^0(l=0) ave= 1.182E-01 +/- 15.83 % Gn^0(l=1) ave= 0.000E+00 +/- 0.00 % Gn^0(l=2) ave= 0.000E+00 +/- 0.00 % Gn^0(l=3) ave= 0.000E+00 +/- 0.00 % || Gtotal(l=0) ave= 1.500E+01 +/- 18.02 % Gtotal(l=1) ave= 0.000E+00 +/- 0.00 % Gtotal(l=2) ave= 0.000E+00 +/- 0.00 % Gtotal(l=3) ave= 0.000E+00 +/- 0.00 %  % || Gg(l=0) ave= 2.705E-01 +/- 1.32 % Gg(l=1) ave= 0.000E+00 +/- 0.00 % Gg(l=2) ave= 0.000E+00 +/- 0.00 % Gg(l=3) ave= 0.000E+00 +/- 0.00 %  % || D(l=0) ave= 8.711E+02 +/- 1.52 % D(l=1) ave= 0.000E+00 +/- 0.00 % D(l=2) ave= 0.000E+00 +/- 0.00 % D(l=3) ave= 0.000E+00 +/- 0.00 %  % || S(l=0) ave= 1.401E-04 +/- 16.27 % S(l=1) ave= 0.000E+00 +/- 0.00 % S(l=2) ave= 0.000E+00 +/- 0.00 % S(l=3) ave= 0.000E+00 +/- 0.00 % 
 ... random file  17 Cap(th)  ave= 1.023E+00 b. +/- 6.71 % || Ela(th) ave= 4.092E+00 b. +/- 8.76 % || RIcap ave= 4.92E+00 b. +/- 4.18 % || Macs30 ave= 5.40E-02 b. +/- 0.34 % || Gn^0(l=0) ave= 1.169E-01 +/- 16.25 % Gn^0(l=1) ave= 0.000E+00 +/- 0.00 % Gn^0(l=2) ave= 0.000E+00 +/- 0.00 % Gn^0(l=3) ave= 0.000E+00 +/- 0.00 % || Gtotal(l=0) ave= 1.479E+01 +/- 18.66 % Gtotal(l=1) ave= 0.000E+00 +/- 0.00 % Gtotal(l=2) ave= 0.000E+00 +/- 0.00 % Gtotal(l=3) ave= 0.000E+00 +/- 0.00 %  % || Gg(l=0) ave= 2.704E-01 +/- 1.29 % Gg(l=1) ave= 0.000E+00 +/- 0.00 % Gg(l=2) ave= 0.000E+00 +/- 0.00 % Gg(l=3) ave= 0.000E+00 +/- 0.00 %  % || D(l=0) ave= 8.720E+02 +/- 1.53 % D(l=1) ave= 0.000E+00 +/- 0.00 % D(l=2) ave= 0.000E+00 +/- 0.00 % D(l=3) ave= 0.000E+00 +/- 0.00 %  % || S(l=0) ave= 1.384E-04 +/- 16.78 % S(l=1) ave= 0.000E+00 +/- 0.00 % S(l=2) ave= 0.000E+00 +/- 0.00 % S(l=3) ave= 0.000E+00 +/- 0.00 % 
 ... random file  18 Cap(th)  ave= 1.016E+00 b. +/- 7.18 % || Ela(th) ave= 4.081E+00 b. +/- 8.63 % || RIcap ave= 4.90E+00 b. +/- 4.28 % || Macs30 ave= 5.40E-02 b. +/- 0.36 % || Gn^0(l=0) ave= 1.174E-01 +/- 15.87 % Gn^0(l=1) ave= 0.000E+00 +/- 0.00 % Gn^0(l=2) ave= 0.000E+00 +/- 0.00 % Gn^0(l=3) ave= 0.000E+00 +/- 0.00 % || Gtotal(l=0) ave= 1.487E+01 +/- 18.22 % Gtotal(l=1) ave= 0.000E+00 +/- 0.00 % Gtotal(l=2) ave= 0.000E+00 +/- 0.00 % Gtotal(l=3) ave= 0.000E+00 +/- 0.00 %  % || Gg(l=0) ave= 2.704E-01 +/- 1.26 % Gg(l=1) ave= 0.000E+00 +/- 0.00 % Gg(l=2) ave= 0.000E+00 +/- 0.00 % Gg(l=3) ave= 0.000E+00 +/- 0.00 %  % || D(l=0) ave= 8.713E+02 +/- 1.52 % D(l=1) ave= 0.000E+00 +/- 0.00 % D(l=2) ave= 0.000E+00 +/- 0.00 % D(l=3) ave= 0.000E+00 +/- 0.00 %  % || S(l=0) ave= 1.391E-04 +/- 16.40 % S(l=1) ave= 0.000E+00 +/- 0.00 % S(l=2) ave= 0.000E+00 +/- 0.00 % S(l=3) ave= 0.000E+00 +/- 0.00 % 
 ... random file  19 Cap(th)  ave= 1.015E+00 b. +/- 7.00 % || Ela(th) ave= 4.098E+00 b. +/- 8.58 % || RIcap ave= 4.92E+00 b. +/- 4.51 % || Macs30 ave= 5.40E-02 b. +/- 0.35 % || Gn^0(l=0) ave= 1.159E-01 +/- 16.74 % Gn^0(l=1) ave= 0.000E+00 +/- 0.00 % Gn^0(l=2) ave= 0.000E+00 +/- 0.00 % Gn^0(l=3) ave= 0.000E+00 +/- 0.00 % || Gtotal(l=0) ave= 1.464E+01 +/- 19.31 % Gtotal(l=1) ave= 0.000E+00 +/- 0.00 % Gtotal(l=2) ave= 0.000E+00 +/- 0.00 % Gtotal(l=3) ave= 0.000E+00 +/- 0.00 %  % || Gg(l=0) ave= 2.704E-01 +/- 1.23 % Gg(l=1) ave= 0.000E+00 +/- 0.00 % Gg(l=2) ave= 0.000E+00 +/- 0.00 % Gg(l=3) ave= 0.000E+00 +/- 0.00 %  % || D(l=0) ave= 8.721E+02 +/- 1.53 % D(l=1) ave= 0.000E+00 +/- 0.00 % D(l=2) ave= 0.000E+00 +/- 0.00 % D(l=3) ave= 0.000E+00 +/- 0.00 %  % || S(l=0) ave= 1.372E-04 +/- 17.35 % S(l=1) ave= 0.000E+00 +/- 0.00 % S(l=2) ave= 0.000E+00 +/- 0.00 % S(l=3) ave= 0.000E+00 +/- 0.00 % 
 ... random file  20 Cap(th)  ave= 1.018E+00 b. +/- 6.94 % || Ela(th) ave= 4.093E+00 b. +/- 8.41 % || RIcap ave= 4.93E+00 b. +/- 4.59 % || Macs30 ave= 5.40E-02 b. +/- 0.35 % || Gn^0(l=0) ave= 1.151E-01 +/- 16.73 % Gn^0(l=1) ave= 0.000E+00 +/- 0.00 % Gn^0(l=2) ave= 0.000E+00 +/- 0.00 % Gn^0(l=3) ave= 0.000E+00 +/- 0.00 % || Gtotal(l=0) ave= 1.452E+01 +/- 19.38 % Gtotal(l=1) ave= 0.000E+00 +/- 0.00 % Gtotal(l=2) ave= 0.000E+00 +/- 0.00 % Gtotal(l=3) ave= 0.000E+00 +/- 0.00 %  % || Gg(l=0) ave= 2.702E-01 +/- 1.22 % Gg(l=1) ave= 0.000E+00 +/- 0.00 % Gg(l=2) ave= 0.000E+00 +/- 0.00 % Gg(l=3) ave= 0.000E+00 +/- 0.00 %  % || D(l=0) ave= 8.728E+02 +/- 1.54 % D(l=1) ave= 0.000E+00 +/- 0.00 % D(l=2) ave= 0.000E+00 +/- 0.00 % D(l=3) ave= 0.000E+00 +/- 0.00 %  % || S(l=0) ave= 1.361E-04 +/- 17.38 % S(l=1) ave= 0.000E+00 +/- 0.00 % S(l=2) ave= 0.000E+00 +/- 0.00 % S(l=3) ave= 0.000E+00 +/- 0.00 % 
 ... random file  21 Cap(th)  ave= 1.025E+00 b. +/- 7.33 % || Ela(th) ave= 4.100E+00 b. +/- 8.24 % || RIcap ave= 4.94E+00 b. +/- 4.51 % || Macs30 ave= 5.40E-02 b. +/- 0.34 % || Gn^0(l=0) ave= 1.139E-01 +/- 17.22 % Gn^0(l=1) ave= 0.000E+00 +/- 0.00 % Gn^0(l=2) ave= 0.000E+00 +/- 0.00 % Gn^0(l=3) ave= 0.000E+00 +/- 0.00 % || Gtotal(l=0) ave= 1.433E+01 +/- 20.05 % Gtotal(l=1) ave= 0.000E+00 +/- 0.00 % Gtotal(l=2) ave= 0.000E+00 +/- 0.00 % Gtotal(l=3) ave= 0.000E+00 +/- 0.00 %  % || Gg(l=0) ave= 2.702E-01 +/- 1.20 % Gg(l=1) ave= 0.000E+00 +/- 0.00 % Gg(l=2) ave= 0.000E+00 +/- 0.00 % Gg(l=3) ave= 0.000E+00 +/- 0.00 %  % || D(l=0) ave= 8.735E+02 +/- 1.54 % D(l=1) ave= 0.000E+00 +/- 0.00 % D(l=2) ave= 0.000E+00 +/- 0.00 % D(l=3) ave= 0.000E+00 +/- 0.00 %  % || S(l=0) ave= 1.346E-04 +/- 17.93 % S(l=1) ave= 0.000E+00 +/- 0.00 % S(l=2) ave= 0.000E+00 +/- 0.00 % S(l=3) ave= 0.000E+00 +/- 0.00 % 
 ... random file  22 Cap(th)  ave= 1.029E+00 b. +/- 7.36 % || Ela(th) ave= 4.088E+00 b. +/- 8.21 % || RIcap ave= 4.96E+00 b. +/- 4.68 % || Macs30 ave= 5.40E-02 b. +/- 0.33 % || Gn^0(l=0) ave= 1.149E-01 +/- 17.21 % Gn^0(l=1) ave= 0.000E+00 +/- 0.00 % Gn^0(l=2) ave= 0.000E+00 +/- 0.00 % Gn^0(l=3) ave= 0.000E+00 +/- 0.00 % || Gtotal(l=0) ave= 1.449E+01 +/- 20.03 % Gtotal(l=1) ave= 0.000E+00 +/- 0.00 % Gtotal(l=2) ave= 0.000E+00 +/- 0.00 % Gtotal(l=3) ave= 0.000E+00 +/- 0.00 %  % || Gg(l=0) ave= 2.702E-01 +/- 1.17 % Gg(l=1) ave= 0.000E+00 +/- 0.00 % Gg(l=2) ave= 0.000E+00 +/- 0.00 % Gg(l=3) ave= 0.000E+00 +/- 0.00 %  % || D(l=0) ave= 8.729E+02 +/- 1.54 % D(l=1) ave= 0.000E+00 +/- 0.00 % D(l=2) ave= 0.000E+00 +/- 0.00 % D(l=3) ave= 0.000E+00 +/- 0.00 %  % || S(l=0) ave= 1.359E-04 +/- 17.94 % S(l=1) ave= 0.000E+00 +/- 0.00 % S(l=2) ave= 0.000E+00 +/- 0.00 % S(l=3) ave= 0.000E+00 +/- 0.00 % 
 ... random file  23 Cap(th)  ave= 1.029E+00 b. +/- 7.21 % || Ela(th) ave= 4.079E+00 b. +/- 8.12 % || RIcap ave= 4.96E+00 b. +/- 4.58 % || Macs30 ave= 5.40E-02 b. +/- 0.33 % || Gn^0(l=0) ave= 1.150E-01 +/- 16.84 % Gn^0(l=1) ave= 0.000E+00 +/- 0.00 % Gn^0(l=2) ave= 0.000E+00 +/- 0.00 % Gn^0(l=3) ave= 0.000E+00 +/- 0.00 % || Gtotal(l=0) ave= 1.449E+01 +/- 19.61 % Gtotal(l=1) ave= 0.000E+00 +/- 0.00 % Gtotal(l=2) ave= 0.000E+00 +/- 0.00 % Gtotal(l=3) ave= 0.000E+00 +/- 0.00 %  % || Gg(l=0) ave= 2.704E-01 +/- 1.18 % Gg(l=1) ave= 0.000E+00 +/- 0.00 % Gg(l=2) ave= 0.000E+00 +/- 0.00 % Gg(l=3) ave= 0.000E+00 +/- 0.00 %  % || D(l=0) ave= 8.723E+02 +/- 1.54 % D(l=1) ave= 0.000E+00 +/- 0.00 % D(l=2) ave= 0.000E+00 +/- 0.00 % D(l=3) ave= 0.000E+00 +/- 0.00 %  % || S(l=0) ave= 1.361E-04 +/- 17.55 % S(l=1) ave= 0.000E+00 +/- 0.00 % S(l=2) ave= 0.000E+00 +/- 0.00 % S(l=3) ave= 0.000E+00 +/- 0.00 % 
 ... random file  24 Cap(th)  ave= 1.024E+00 b. +/- 7.37 % || Ela(th) ave= 4.081E+00 b. +/- 7.96 % || RIcap ave= 4.96E+00 b. +/- 4.51 % || Macs30 ave= 5.40E-02 b. +/- 0.33 % || Gn^0(l=0) ave= 1.159E-01 +/- 16.79 % Gn^0(l=1) ave= 0.000E+00 +/- 0.00 % Gn^0(l=2) ave= 0.000E+00 +/- 0.00 % Gn^0(l=3) ave= 0.000E+00 +/- 0.00 % || Gtotal(l=0) ave= 1.463E+01 +/- 19.57 % Gtotal(l=1) ave= 0.000E+00 +/- 0.00 % Gtotal(l=2) ave= 0.000E+00 +/- 0.00 % Gtotal(l=3) ave= 0.000E+00 +/- 0.00 %  % || Gg(l=0) ave= 2.703E-01 +/- 1.16 % Gg(l=1) ave= 0.000E+00 +/- 0.00 % Gg(l=2) ave= 0.000E+00 +/- 0.00 % Gg(l=3) ave= 0.000E+00 +/- 0.00 %  % || D(l=0) ave= 8.719E+02 +/- 1.53 % D(l=1) ave= 0.000E+00 +/- 0.00 % D(l=2) ave= 0.000E+00 +/- 0.00 % D(l=3) ave= 0.000E+00 +/- 0.00 %  % || S(l=0) ave= 1.372E-04 +/- 17.53 % S(l=1) ave= 0.000E+00 +/- 0.00 % S(l=2) ave= 0.000E+00 +/- 0.00 % S(l=3) ave= 0.000E+00 +/- 0.00 % 
 ... random file  25 Cap(th)  ave= 1.024E+00 b. +/- 7.23 % || Ela(th) ave= 4.074E+00 b. +/- 7.86 % || RIcap ave= 4.96E+00 b. +/- 4.43 % || Macs30 ave= 5.40E-02 b. +/- 0.33 % || Gn^0(l=0) ave= 1.154E-01 +/- 16.69 % Gn^0(l=1) ave= 0.000E+00 +/- 0.00 % Gn^0(l=2) ave= 0.000E+00 +/- 0.00 % Gn^0(l=3) ave= 0.000E+00 +/- 0.00 % || Gtotal(l=0) ave= 1.454E+01 +/- 19.53 % Gtotal(l=1) ave= 0.000E+00 +/- 0.00 % Gtotal(l=2) ave= 0.000E+00 +/- 0.00 % Gtotal(l=3) ave= 0.000E+00 +/- 0.00 %  % || Gg(l=0) ave= 2.703E-01 +/- 1.14 % Gg(l=1) ave= 0.000E+00 +/- 0.00 % Gg(l=2) ave= 0.000E+00 +/- 0.00 % Gg(l=3) ave= 0.000E+00 +/- 0.00 %  % || D(l=0) ave= 8.724E+02 +/- 1.54 % D(l=1) ave= 0.000E+00 +/- 0.00 % D(l=2) ave= 0.000E+00 +/- 0.00 % D(l=3) ave= 0.000E+00 +/- 0.00 %  % || S(l=0) ave= 1.365E-04 +/- 17.46 % S(l=1) ave= 0.000E+00 +/- 0.00 % S(l=2) ave= 0.000E+00 +/- 0.00 % S(l=3) ave= 0.000E+00 +/- 0.00 % 
 ... random file  26 Cap(th)  ave= 1.027E+00 b. +/- 7.18 % || Ela(th) ave= 4.096E+00 b. +/- 8.11 % || RIcap ave= 4.96E+00 b. +/- 4.45 % || Macs30 ave= 5.40E-02 b. +/- 0.33 % || Gn^0(l=0) ave= 1.149E-01 +/- 16.59 % Gn^0(l=1) ave= 0.000E+00 +/- 0.00 % Gn^0(l=2) ave= 0.000E+00 +/- 0.00 % Gn^0(l=3) ave= 0.000E+00 +/- 0.00 % || Gtotal(l=0) ave= 1.448E+01 +/- 19.38 % Gtotal(l=1) ave= 0.000E+00 +/- 0.00 % Gtotal(l=2) ave= 0.000E+00 +/- 0.00 % Gtotal(l=3) ave= 0.000E+00 +/- 0.00 %  % || Gg(l=0) ave= 2.704E-01 +/- 1.15 % Gg(l=1) ave= 0.000E+00 +/- 0.00 % Gg(l=2) ave= 0.000E+00 +/- 0.00 % Gg(l=3) ave= 0.000E+00 +/- 0.00 %  % || D(l=0) ave= 8.720E+02 +/- 1.53 % D(l=1) ave= 0.000E+00 +/- 0.00 % D(l=2) ave= 0.000E+00 +/- 0.00 % D(l=3) ave= 0.000E+00 +/- 0.00 %  % || S(l=0) ave= 1.360E-04 +/- 17.31 % S(l=1) ave= 0.000E+00 +/- 0.00 % S(l=2) ave= 0.000E+00 +/- 0.00 % S(l=3) ave= 0.000E+00 +/- 0.00 % 
 ... random file  27 Cap(th)  ave= 1.029E+00 b. +/- 7.15 % || Ela(th) ave= 4.087E+00 b. +/- 8.07 % || RIcap ave= 4.97E+00 b. +/- 4.46 % || Macs30 ave= 5.40E-02 b. +/- 0.32 % || Gn^0(l=0) ave= 1.167E-01 +/- 17.99 % Gn^0(l=1) ave= 0.000E+00 +/- 0.00 % Gn^0(l=2) ave= 0.000E+00 +/- 0.00 % Gn^0(l=3) ave= 0.000E+00 +/- 0.00 % || Gtotal(l=0) ave= 1.475E+01 +/- 20.96 % Gtotal(l=1) ave= 0.000E+00 +/- 0.00 % Gtotal(l=2) ave= 0.000E+00 +/- 0.00 % Gtotal(l=3) ave= 0.000E+00 +/- 0.00 %  % || Gg(l=0) ave= 2.704E-01 +/- 1.13 % Gg(l=1) ave= 0.000E+00 +/- 0.00 % Gg(l=2) ave= 0.000E+00 +/- 0.00 % Gg(l=3) ave= 0.000E+00 +/- 0.00 %  % || D(l=0) ave= 8.715E+02 +/- 1.53 % D(l=1) ave= 0.000E+00 +/- 0.00 % D(l=2) ave= 0.000E+00 +/- 0.00 % D(l=3) ave= 0.000E+00 +/- 0.00 %  % || S(l=0) ave= 1.383E-04 +/- 18.74 % S(l=1) ave= 0.000E+00 +/- 0.00 % S(l=2) ave= 0.000E+00 +/- 0.00 % S(l=3) ave= 0.000E+00 +/- 0.00 % 
 ... random file  28 Cap(th)  ave= 1.028E+00 b. +/- 7.06 % || Ela(th) ave= 4.082E+00 b. +/- 7.96 % || RIcap ave= 4.97E+00 b. +/- 4.38 % || Macs30 ave= 5.40E-02 b. +/- 0.32 % || Gn^0(l=0) ave= 1.165E-01 +/- 17.74 % Gn^0(l=1) ave= 0.000E+00 +/- 0.00 % Gn^0(l=2) ave= 0.000E+00 +/- 0.00 % Gn^0(l=3) ave= 0.000E+00 +/- 0.00 % || Gtotal(l=0) ave= 1.472E+01 +/- 20.65 % Gtotal(l=1) ave= 0.000E+00 +/- 0.00 % Gtotal(l=2) ave= 0.000E+00 +/- 0.00 % Gtotal(l=3) ave= 0.000E+00 +/- 0.00 %  % || Gg(l=0) ave= 2.704E-01 +/- 1.11 % Gg(l=1) ave= 0.000E+00 +/- 0.00 % Gg(l=2) ave= 0.000E+00 +/- 0.00 % Gg(l=3) ave= 0.000E+00 +/- 0.00 %  % || D(l=0) ave= 8.712E+02 +/- 1.52 % D(l=1) ave= 0.000E+00 +/- 0.00 % D(l=2) ave= 0.000E+00 +/- 0.00 % D(l=3) ave= 0.000E+00 +/- 0.00 %  % || S(l=0) ave= 1.380E-04 +/- 18.47 % S(l=1) ave= 0.000E+00 +/- 0.00 % S(l=2) ave= 0.000E+00 +/- 0.00 % S(l=3) ave= 0.000E+00 +/- 0.00 % 
 ... random file  29 Cap(th)  ave= 1.027E+00 b. +/- 6.95 % || Ela(th) ave= 4.089E+00 b. +/- 7.87 % || RIcap ave= 4.98E+00 b. +/- 4.33 % || Macs30 ave= 5.40E-02 b. +/- 0.33 % || Gn^0(l=0) ave= 1.162E-01 +/- 17.54 % Gn^0(l=1) ave= 0.000E+00 +/- 0.00 % Gn^0(l=2) ave= 0.000E+00 +/- 0.00 % Gn^0(l=3) ave= 0.000E+00 +/- 0.00 % || Gtotal(l=0) ave= 1.468E+01 +/- 20.44 % Gtotal(l=1) ave= 0.000E+00 +/- 0.00 % Gtotal(l=2) ave= 0.000E+00 +/- 0.00 % Gtotal(l=3) ave= 0.000E+00 +/- 0.00 %  % || Gg(l=0) ave= 2.703E-01 +/- 1.12 % Gg(l=1) ave= 0.000E+00 +/- 0.00 % Gg(l=2) ave= 0.000E+00 +/- 0.00 % Gg(l=3) ave= 0.000E+00 +/- 0.00 %  % || D(l=0) ave= 8.717E+02 +/- 1.53 % D(l=1) ave= 0.000E+00 +/- 0.00 % D(l=2) ave= 0.000E+00 +/- 0.00 % D(l=3) ave= 0.000E+00 +/- 0.00 %  % || S(l=0) ave= 1.376E-04 +/- 18.28 % S(l=1) ave= 0.000E+00 +/- 0.00 % S(l=2) ave= 0.000E+00 +/- 0.00 % S(l=3) ave= 0.000E+00 +/- 0.00 % 
 ... random file  30 Cap(th)  ave= 1.026E+00 b. +/- 6.91 % || Ela(th) ave= 4.082E+00 b. +/- 7.80 % || RIcap ave= 4.97E+00 b. +/- 4.40 % || Macs30 ave= 5.40E-02 b. +/- 0.33 % || Gn^0(l=0) ave= 1.161E-01 +/- 17.27 % Gn^0(l=1) ave= 0.000E+00 +/- 0.00 % Gn^0(l=2) ave= 0.000E+00 +/- 0.00 % Gn^0(l=3) ave= 0.000E+00 +/- 0.00 % || Gtotal(l=0) ave= 1.467E+01 +/- 20.11 % Gtotal(l=1) ave= 0.000E+00 +/- 0.00 % Gtotal(l=2) ave= 0.000E+00 +/- 0.00 % Gtotal(l=3) ave= 0.000E+00 +/- 0.00 %  % || Gg(l=0) ave= 2.705E-01 +/- 1.16 % Gg(l=1) ave= 0.000E+00 +/- 0.00 % Gg(l=2) ave= 0.000E+00 +/- 0.00 % Gg(l=3) ave= 0.000E+00 +/- 0.00 %  % || D(l=0) ave= 8.713E+02 +/- 1.52 % D(l=1) ave= 0.000E+00 +/- 0.00 % D(l=2) ave= 0.000E+00 +/- 0.00 % D(l=3) ave= 0.000E+00 +/- 0.00 %  % || S(l=0) ave= 1.376E-04 +/- 17.99 % S(l=1) ave= 0.000E+00 +/- 0.00 % S(l=2) ave= 0.000E+00 +/- 0.00 % S(l=3) ave= 0.000E+00 +/- 0.00 % 
 ... random file  31 Cap(th)  ave= 1.027E+00 b. +/- 6.84 % || Ela(th) ave= 4.075E+00 b. +/- 7.75 % || RIcap ave= 4.97E+00 b. +/- 4.33 % || Macs30 ave= 5.40E-02 b. +/- 0.34 % || Gn^0(l=0) ave= 1.165E-01 +/- 17.04 % Gn^0(l=1) ave= 0.000E+00 +/- 0.00 % Gn^0(l=2) ave= 0.000E+00 +/- 0.00 % Gn^0(l=3) ave= 0.000E+00 +/- 0.00 % || Gtotal(l=0) ave= 1.471E+01 +/- 19.80 % Gtotal(l=1) ave= 0.000E+00 +/- 0.00 % Gtotal(l=2) ave= 0.000E+00 +/- 0.00 % Gtotal(l=3) ave= 0.000E+00 +/- 0.00 %  % || Gg(l=0) ave= 2.705E-01 +/- 1.14 % Gg(l=1) ave= 0.000E+00 +/- 0.00 % Gg(l=2) ave= 0.000E+00 +/- 0.00 % Gg(l=3) ave= 0.000E+00 +/- 0.00 %  % || D(l=0) ave= 8.718E+02 +/- 1.53 % D(l=1) ave= 0.000E+00 +/- 0.00 % D(l=2) ave= 0.000E+00 +/- 0.00 % D(l=3) ave= 0.000E+00 +/- 0.00 %  % || S(l=0) ave= 1.379E-04 +/- 17.72 % S(l=1) ave= 0.000E+00 +/- 0.00 % S(l=2) ave= 0.000E+00 +/- 0.00 % S(l=3) ave= 0.000E+00 +/- 0.00 % 
 ... random file  32 Cap(th)  ave= 1.027E+00 b. +/- 6.74 % || Ela(th) ave= 4.066E+00 b. +/- 7.77 % || RIcap ave= 4.97E+00 b. +/- 4.29 % || Macs30 ave= 5.40E-02 b. +/- 0.34 % || Gn^0(l=0) ave= 1.165E-01 +/- 16.78 % Gn^0(l=1) ave= 0.000E+00 +/- 0.00 % Gn^0(l=2) ave= 0.000E+00 +/- 0.00 % Gn^0(l=3) ave= 0.000E+00 +/- 0.00 % || Gtotal(l=0) ave= 1.470E+01 +/- 19.52 % Gtotal(l=1) ave= 0.000E+00 +/- 0.00 % Gtotal(l=2) ave= 0.000E+00 +/- 0.00 % Gtotal(l=3) ave= 0.000E+00 +/- 0.00 %  % || Gg(l=0) ave= 2.703E-01 +/- 1.18 % Gg(l=1) ave= 0.000E+00 +/- 0.00 % Gg(l=2) ave= 0.000E+00 +/- 0.00 % Gg(l=3) ave= 0.000E+00 +/- 0.00 %  % || D(l=0) ave= 8.722E+02 +/- 1.53 % D(l=1) ave= 0.000E+00 +/- 0.00 % D(l=2) ave= 0.000E+00 +/- 0.00 % D(l=3) ave= 0.000E+00 +/- 0.00 %  % || S(l=0) ave= 1.379E-04 +/- 17.46 % S(l=1) ave= 0.000E+00 +/- 0.00 % S(l=2) ave= 0.000E+00 +/- 0.00 % S(l=3) ave= 0.000E+00 +/- 0.00 % 
 ... random file  33 Cap(th)  ave= 1.030E+00 b. +/- 6.81 % || Ela(th) ave= 4.068E+00 b. +/- 7.65 % || RIcap ave= 4.97E+00 b. +/- 4.23 % || Macs30 ave= 5.40E-02 b. +/- 0.35 % || Gn^0(l=0) ave= 1.163E-01 +/- 16.60 % Gn^0(l=1) ave= 0.000E+00 +/- 0.00 % Gn^0(l=2) ave= 0.000E+00 +/- 0.00 % Gn^0(l=3) ave= 0.000E+00 +/- 0.00 % || Gtotal(l=0) ave= 1.466E+01 +/- 19.37 % Gtotal(l=1) ave= 0.000E+00 +/- 0.00 % Gtotal(l=2) ave= 0.000E+00 +/- 0.00 % Gtotal(l=3) ave= 0.000E+00 +/- 0.00 %  % || Gg(l=0) ave= 2.703E-01 +/- 1.16 % Gg(l=1) ave= 0.000E+00 +/- 0.00 % Gg(l=2) ave= 0.000E+00 +/- 0.00 % Gg(l=3) ave= 0.000E+00 +/- 0.00 %  % || D(l=0) ave= 8.727E+02 +/- 1.54 % D(l=1) ave= 0.000E+00 +/- 0.00 % D(l=2) ave= 0.000E+00 +/- 0.00 % D(l=3) ave= 0.000E+00 +/- 0.00 %  % || S(l=0) ave= 1.375E-04 +/- 17.30 % S(l=1) ave= 0.000E+00 +/- 0.00 % S(l=2) ave= 0.000E+00 +/- 0.00 % S(l=3) ave= 0.000E+00 +/- 0.00 % 
 ... random file  34 Cap(th)  ave= 1.030E+00 b. +/- 6.73 % || Ela(th) ave= 4.066E+00 b. +/- 7.55 % || RIcap ave= 4.98E+00 b. +/- 4.17 % || Macs30 ave= 5.40E-02 b. +/- 0.38 % || Gn^0(l=0) ave= 1.160E-01 +/- 16.48 % Gn^0(l=1) ave= 0.000E+00 +/- 0.00 % Gn^0(l=2) ave= 0.000E+00 +/- 0.00 % Gn^0(l=3) ave= 0.000E+00 +/- 0.00 % || Gtotal(l=0) ave= 1.461E+01 +/- 19.27 % Gtotal(l=1) ave= 0.000E+00 +/- 0.00 % Gtotal(l=2) ave= 0.000E+00 +/- 0.00 % Gtotal(l=3) ave= 0.000E+00 +/- 0.00 %  % || Gg(l=0) ave= 2.701E-01 +/- 1.21 % Gg(l=1) ave= 0.000E+00 +/- 0.00 % Gg(l=2) ave= 0.000E+00 +/- 0.00 % Gg(l=3) ave= 0.000E+00 +/- 0.00 %  % || D(l=0) ave= 8.731E+02 +/- 1.54 % D(l=1) ave= 0.000E+00 +/- 0.00 % D(l=2) ave= 0.000E+00 +/- 0.00 % D(l=3) ave= 0.000E+00 +/- 0.00 %  % || S(l=0) ave= 1.371E-04 +/- 17.20 % S(l=1) ave= 0.000E+00 +/- 0.00 % S(l=2) ave= 0.000E+00 +/- 0.00 % S(l=3) ave= 0.000E+00 +/- 0.00 % 
 ... random file  35 Cap(th)  ave= 1.030E+00 b. +/- 6.65 % || Ela(th) ave= 4.061E+00 b. +/- 7.49 % || RIcap ave= 4.98E+00 b. +/- 4.13 % || Macs30 ave= 5.40E-02 b. +/- 0.37 % || Gn^0(l=0) ave= 1.164E-01 +/- 16.34 % Gn^0(l=1) ave= 0.000E+00 +/- 0.00 % Gn^0(l=2) ave= 0.000E+00 +/- 0.00 % Gn^0(l=3) ave= 0.000E+00 +/- 0.00 % || Gtotal(l=0) ave= 1.469E+01 +/- 19.19 % Gtotal(l=1) ave= 0.000E+00 +/- 0.00 % Gtotal(l=2) ave= 0.000E+00 +/- 0.00 % Gtotal(l=3) ave= 0.000E+00 +/- 0.00 %  % || Gg(l=0) ave= 2.701E-01 +/- 1.20 % Gg(l=1) ave= 0.000E+00 +/- 0.00 % Gg(l=2) ave= 0.000E+00 +/- 0.00 % Gg(l=3) ave= 0.000E+00 +/- 0.00 %  % || D(l=0) ave= 8.727E+02 +/- 1.54 % D(l=1) ave= 0.000E+00 +/- 0.00 % D(l=2) ave= 0.000E+00 +/- 0.00 % D(l=3) ave= 0.000E+00 +/- 0.00 %  % || S(l=0) ave= 1.377E-04 +/- 17.07 % S(l=1) ave= 0.000E+00 +/- 0.00 % S(l=2) ave= 0.000E+00 +/- 0.00 % S(l=3) ave= 0.000E+00 +/- 0.00 % 
 ... random file  36 Cap(th)  ave= 1.030E+00 b. +/- 6.56 % || Ela(th) ave= 4.062E+00 b. +/- 7.39 % || RIcap ave= 4.97E+00 b. +/- 4.20 % || Macs30 ave= 5.39E-02 b. +/- 0.39 % || Gn^0(l=0) ave= 1.164E-01 +/- 16.12 % Gn^0(l=1) ave= 0.000E+00 +/- 0.00 % Gn^0(l=2) ave= 0.000E+00 +/- 0.00 % Gn^0(l=3) ave= 0.000E+00 +/- 0.00 % || Gtotal(l=0) ave= 1.469E+01 +/- 18.93 % Gtotal(l=1) ave= 0.000E+00 +/- 0.00 % Gtotal(l=2) ave= 0.000E+00 +/- 0.00 % Gtotal(l=3) ave= 0.000E+00 +/- 0.00 %  % || Gg(l=0) ave= 2.700E-01 +/- 1.19 % Gg(l=1) ave= 0.000E+00 +/- 0.00 % Gg(l=2) ave= 0.000E+00 +/- 0.00 % Gg(l=3) ave= 0.000E+00 +/- 0.00 %  % || D(l=0) ave= 8.724E+02 +/- 1.54 % D(l=1) ave= 0.000E+00 +/- 0.00 % D(l=2) ave= 0.000E+00 +/- 0.00 % D(l=3) ave= 0.000E+00 +/- 0.00 %  % || S(l=0) ave= 1.377E-04 +/- 16.84 % S(l=1) ave= 0.000E+00 +/- 0.00 % S(l=2) ave= 0.000E+00 +/- 0.00 % S(l=3) ave= 0.000E+00 +/- 0.00 % 
 ... random file  37 Cap(th)  ave= 1.029E+00 b. +/- 6.49 % || Ela(th) ave= 4.068E+00 b. +/- 7.33 % || RIcap ave= 4.97E+00 b. +/- 4.15 % || Macs30 ave= 5.39E-02 b. +/- 0.39 % || Gn^0(l=0) ave= 1.160E-01 +/- 16.10 % Gn^0(l=1) ave= 0.000E+00 +/- 0.00 % Gn^0(l=2) ave= 0.000E+00 +/- 0.00 % Gn^0(l=3) ave= 0.000E+00 +/- 0.00 % || Gtotal(l=0) ave= 1.463E+01 +/- 18.95 % Gtotal(l=1) ave= 0.000E+00 +/- 0.00 % Gtotal(l=2) ave= 0.000E+00 +/- 0.00 % Gtotal(l=3) ave= 0.000E+00 +/- 0.00 %  % || Gg(l=0) ave= 2.699E-01 +/- 1.18 % Gg(l=1) ave= 0.000E+00 +/- 0.00 % Gg(l=2) ave= 0.000E+00 +/- 0.00 % Gg(l=3) ave= 0.000E+00 +/- 0.00 %  % || D(l=0) ave= 8.728E+02 +/- 1.54 % D(l=1) ave= 0.000E+00 +/- 0.00 % D(l=2) ave= 0.000E+00 +/- 0.00 % D(l=3) ave= 0.000E+00 +/- 0.00 %  % || S(l=0) ave= 1.372E-04 +/- 16.84 % S(l=1) ave= 0.000E+00 +/- 0.00 % S(l=2) ave= 0.000E+00 +/- 0.00 % S(l=3) ave= 0.000E+00 +/- 0.00 % 
 ... random file  38 Cap(th)  ave= 1.029E+00 b. +/- 6.42 % || Ela(th) ave= 4.063E+00 b. +/- 7.30 % || RIcap ave= 4.97E+00 b. +/- 4.10 % || Macs30 ave= 5.40E-02 b. +/- 0.39 % || Gn^0(l=0) ave= 1.160E-01 +/- 15.88 % Gn^0(l=1) ave= 0.000E+00 +/- 0.00 % Gn^0(l=2) ave= 0.000E+00 +/- 0.00 % Gn^0(l=3) ave= 0.000E+00 +/- 0.00 % || Gtotal(l=0) ave= 1.464E+01 +/- 18.70 % Gtotal(l=1) ave= 0.000E+00 +/- 0.00 % Gtotal(l=2) ave= 0.000E+00 +/- 0.00 % Gtotal(l=3) ave= 0.000E+00 +/- 0.00 %  % || Gg(l=0) ave= 2.699E-01 +/- 1.17 % Gg(l=1) ave= 0.000E+00 +/- 0.00 % Gg(l=2) ave= 0.000E+00 +/- 0.00 % Gg(l=3) ave= 0.000E+00 +/- 0.00 %  % || D(l=0) ave= 8.724E+02 +/- 1.54 % D(l=1) ave= 0.000E+00 +/- 0.00 % D(l=2) ave= 0.000E+00 +/- 0.00 % D(l=3) ave= 0.000E+00 +/- 0.00 %  % || S(l=0) ave= 1.373E-04 +/- 16.62 % S(l=1) ave= 0.000E+00 +/- 0.00 % S(l=2) ave= 0.000E+00 +/- 0.00 % S(l=3) ave= 0.000E+00 +/- 0.00 % 
 ... random file  39 Cap(th)  ave= 1.028E+00 b. +/- 6.37 % || Ela(th) ave= 4.063E+00 b. +/- 7.20 % || RIcap ave= 4.97E+00 b. +/- 4.05 % || Macs30 ave= 5.40E-02 b. +/- 0.38 % || Gn^0(l=0) ave= 1.164E-01 +/- 15.76 % Gn^0(l=1) ave= 0.000E+00 +/- 0.00 % Gn^0(l=2) ave= 0.000E+00 +/- 0.00 % Gn^0(l=3) ave= 0.000E+00 +/- 0.00 % || Gtotal(l=0) ave= 1.469E+01 +/- 18.50 % Gtotal(l=1) ave= 0.000E+00 +/- 0.00 % Gtotal(l=2) ave= 0.000E+00 +/- 0.00 % Gtotal(l=3) ave= 0.000E+00 +/- 0.00 %  % || Gg(l=0) ave= 2.698E-01 +/- 1.17 % Gg(l=1) ave= 0.000E+00 +/- 0.00 % Gg(l=2) ave= 0.000E+00 +/- 0.00 % Gg(l=3) ave= 0.000E+00 +/- 0.00 %  % || D(l=0) ave= 8.728E+02 +/- 1.54 % D(l=1) ave= 0.000E+00 +/- 0.00 % D(l=2) ave= 0.000E+00 +/- 0.00 % D(l=3) ave= 0.000E+00 +/- 0.00 %  % || S(l=0) ave= 1.377E-04 +/- 16.45 % S(l=1) ave= 0.000E+00 +/- 0.00 % S(l=2) ave= 0.000E+00 +/- 0.00 % S(l=3) ave= 0.000E+00 +/- 0.00 % 
 ... random file  40 Cap(th)  ave= 1.027E+00 b. +/- 6.34 % || Ela(th) ave= 4.060E+00 b. +/- 7.13 % || RIcap ave= 4.97E+00 b. +/- 4.02 % || Macs30 ave= 5.40E-02 b. +/- 0.38 % || Gn^0(l=0) ave= 1.167E-01 +/- 15.61 % Gn^0(l=1) ave= 0.000E+00 +/- 0.00 % Gn^0(l=2) ave= 0.000E+00 +/- 0.00 % Gn^0(l=3) ave= 0.000E+00 +/- 0.00 % || Gtotal(l=0) ave= 1.473E+01 +/- 18.32 % Gtotal(l=1) ave= 0.000E+00 +/- 0.00 % Gtotal(l=2) ave= 0.000E+00 +/- 0.00 % Gtotal(l=3) ave= 0.000E+00 +/- 0.00 %  % || Gg(l=0) ave= 2.699E-01 +/- 1.15 % Gg(l=1) ave= 0.000E+00 +/- 0.00 % Gg(l=2) ave= 0.000E+00 +/- 0.00 % Gg(l=3) ave= 0.000E+00 +/- 0.00 %  % || D(l=0) ave= 8.725E+02 +/- 1.54 % D(l=1) ave= 0.000E+00 +/- 0.00 % D(l=2) ave= 0.000E+00 +/- 0.00 % D(l=3) ave= 0.000E+00 +/- 0.00 %  % || S(l=0) ave= 1.381E-04 +/- 16.31 % S(l=1) ave= 0.000E+00 +/- 0.00 % S(l=2) ave= 0.000E+00 +/- 0.00 % S(l=3) ave= 0.000E+00 +/- 0.00 % 
 ... random file  41 Cap(th)  ave= 1.026E+00 b. +/- 6.27 % || Ela(th) ave= 4.067E+00 b. +/- 7.11 % || RIcap ave= 4.97E+00 b. +/- 3.98 % || Macs30 ave= 5.40E-02 b. +/- 0.38 % || Gn^0(l=0) ave= 1.167E-01 +/- 15.43 % Gn^0(l=1) ave= 0.000E+00 +/- 0.00 % Gn^0(l=2) ave= 0.000E+00 +/- 0.00 % Gn^0(l=3) ave= 0.000E+00 +/- 0.00 % || Gtotal(l=0) ave= 1.474E+01 +/- 18.10 % Gtotal(l=1) ave= 0.000E+00 +/- 0.00 % Gtotal(l=2) ave= 0.000E+00 +/- 0.00 % Gtotal(l=3) ave= 0.000E+00 +/- 0.00 %  % || Gg(l=0) ave= 2.699E-01 +/- 1.15 % Gg(l=1) ave= 0.000E+00 +/- 0.00 % Gg(l=2) ave= 0.000E+00 +/- 0.00 % Gg(l=3) ave= 0.000E+00 +/- 0.00 %  % || D(l=0) ave= 8.722E+02 +/- 1.53 % D(l=1) ave= 0.000E+00 +/- 0.00 % D(l=2) ave= 0.000E+00 +/- 0.00 % D(l=3) ave= 0.000E+00 +/- 0.00 %  % || S(l=0) ave= 1.381E-04 +/- 16.11 % S(l=1) ave= 0.000E+00 +/- 0.00 % S(l=2) ave= 0.000E+00 +/- 0.00 % S(l=3) ave= 0.000E+00 +/- 0.00 % 
 ... random file  42 Cap(th)  ave= 1.027E+00 b. +/- 6.20 % || Ela(th) ave= 4.073E+00 b. +/- 7.09 % || RIcap ave= 4.97E+00 b. +/- 3.94 % || Macs30 ave= 5.40E-02 b. +/- 0.38 % || Gn^0(l=0) ave= 1.165E-01 +/- 15.31 % Gn^0(l=1) ave= 0.000E+00 +/- 0.00 % Gn^0(l=2) ave= 0.000E+00 +/- 0.00 % Gn^0(l=3) ave= 0.000E+00 +/- 0.00 % || Gtotal(l=0) ave= 1.471E+01 +/- 17.97 % Gtotal(l=1) ave= 0.000E+00 +/- 0.00 % Gtotal(l=2) ave= 0.000E+00 +/- 0.00 % Gtotal(l=3) ave= 0.000E+00 +/- 0.00 %  % || Gg(l=0) ave= 2.698E-01 +/- 1.15 % Gg(l=1) ave= 0.000E+00 +/- 0.00 % Gg(l=2) ave= 0.000E+00 +/- 0.00 % Gg(l=3) ave= 0.000E+00 +/- 0.00 %  % || D(l=0) ave= 8.725E+02 +/- 1.54 % D(l=1) ave= 0.000E+00 +/- 0.00 % D(l=2) ave= 0.000E+00 +/- 0.00 % D(l=3) ave= 0.000E+00 +/- 0.00 %  % || S(l=0) ave= 1.378E-04 +/- 16.01 % S(l=1) ave= 0.000E+00 +/- 0.00 % S(l=2) ave= 0.000E+00 +/- 0.00 % S(l=3) ave= 0.000E+00 +/- 0.00 % 
 ... random file  43 Cap(th)  ave= 1.025E+00 b. +/- 6.23 % || Ela(th) ave= 4.077E+00 b. +/- 7.03 % || RIcap ave= 4.96E+00 b. +/- 3.94 % || Macs30 ave= 5.40E-02 b. +/- 0.38 % || Gn^0(l=0) ave= 1.168E-01 +/- 15.19 % Gn^0(l=1) ave= 0.000E+00 +/- 0.00 % Gn^0(l=2) ave= 0.000E+00 +/- 0.00 % Gn^0(l=3) ave= 0.000E+00 +/- 0.00 % || Gtotal(l=0) ave= 1.476E+01 +/- 17.84 % Gtotal(l=1) ave= 0.000E+00 +/- 0.00 % Gtotal(l=2) ave= 0.000E+00 +/- 0.00 % Gtotal(l=3) ave= 0.000E+00 +/- 0.00 %  % || Gg(l=0) ave= 2.699E-01 +/- 1.15 % Gg(l=1) ave= 0.000E+00 +/- 0.00 % Gg(l=2) ave= 0.000E+00 +/- 0.00 % Gg(l=3) ave= 0.000E+00 +/- 0.00 %  % || D(l=0) ave= 8.722E+02 +/- 1.53 % D(l=1) ave= 0.000E+00 +/- 0.00 % D(l=2) ave= 0.000E+00 +/- 0.00 % D(l=3) ave= 0.000E+00 +/- 0.00 %  % || S(l=0) ave= 1.382E-04 +/- 15.89 % S(l=1) ave= 0.000E+00 +/- 0.00 % S(l=2) ave= 0.000E+00 +/- 0.00 % S(l=3) ave= 0.000E+00 +/- 0.00 % 
 ... random file  44 Cap(th)  ave= 1.025E+00 b. +/- 6.16 % || Ela(th) ave= 4.062E+00 b. +/- 7.38 % || RIcap ave= 4.96E+00 b. +/- 3.91 % || Macs30 ave= 5.40E-02 b. +/- 0.39 % || Gn^0(l=0) ave= 1.167E-01 +/- 15.04 % Gn^0(l=1) ave= 0.000E+00 +/- 0.00 % Gn^0(l=2) ave= 0.000E+00 +/- 0.00 % Gn^0(l=3) ave= 0.000E+00 +/- 0.00 % || Gtotal(l=0) ave= 1.473E+01 +/- 17.70 % Gtotal(l=1) ave= 0.000E+00 +/- 0.00 % Gtotal(l=2) ave= 0.000E+00 +/- 0.00 % Gtotal(l=3) ave= 0.000E+00 +/- 0.00 %  % || Gg(l=0) ave= 2.698E-01 +/- 1.15 % Gg(l=1) ave= 0.000E+00 +/- 0.00 % Gg(l=2) ave= 0.000E+00 +/- 0.00 % Gg(l=3) ave= 0.000E+00 +/- 0.00 %  % || D(l=0) ave= 8.726E+02 +/- 1.54 % D(l=1) ave= 0.000E+00 +/- 0.00 % D(l=2) ave= 0.000E+00 +/- 0.00 % D(l=3) ave= 0.000E+00 +/- 0.00 %  % || S(l=0) ave= 1.380E-04 +/- 15.75 % S(l=1) ave= 0.000E+00 +/- 0.00 % S(l=2) ave= 0.000E+00 +/- 0.00 % S(l=3) ave= 0.000E+00 +/- 0.00 % 
 ... random file  45 Cap(th)  ave= 1.023E+00 b. +/- 6.21 % || Ela(th) ave= 4.074E+00 b. +/- 7.51 % || RIcap ave= 4.96E+00 b. +/- 3.89 % || Macs30 ave= 5.40E-02 b. +/- 0.38 % || Gn^0(l=0) ave= 1.167E-01 +/- 14.88 % Gn^0(l=1) ave= 0.000E+00 +/- 0.00 % Gn^0(l=2) ave= 0.000E+00 +/- 0.00 % Gn^0(l=3) ave= 0.000E+00 +/- 0.00 % || Gtotal(l=0) ave= 1.474E+01 +/- 17.50 % Gtotal(l=1) ave= 0.000E+00 +/- 0.00 % Gtotal(l=2) ave= 0.000E+00 +/- 0.00 % Gtotal(l=3) ave= 0.000E+00 +/- 0.00 %  % || Gg(l=0) ave= 2.699E-01 +/- 1.16 % Gg(l=1) ave= 0.000E+00 +/- 0.00 % Gg(l=2) ave= 0.000E+00 +/- 0.00 % Gg(l=3) ave= 0.000E+00 +/- 0.00 %  % || D(l=0) ave= 8.723E+02 +/- 1.53 % D(l=1) ave= 0.000E+00 +/- 0.00 % D(l=2) ave= 0.000E+00 +/- 0.00 % D(l=3) ave= 0.000E+00 +/- 0.00 %  % || S(l=0) ave= 1.381E-04 +/- 15.58 % S(l=1) ave= 0.000E+00 +/- 0.00 % S(l=2) ave= 0.000E+00 +/- 0.00 % S(l=3) ave= 0.000E+00 +/- 0.00 % 
 ... random file  46 Cap(th)  ave= 1.022E+00 b. +/- 6.18 % || Ela(th) ave= 4.070E+00 b. +/- 7.47 % || RIcap ave= 4.96E+00 b. +/- 3.89 % || Macs30 ave= 5.40E-02 b. +/- 0.39 % || Gn^0(l=0) ave= 1.165E-01 +/- 14.79 % Gn^0(l=1) ave= 0.000E+00 +/- 0.00 % Gn^0(l=2) ave= 0.000E+00 +/- 0.00 % Gn^0(l=3) ave= 0.000E+00 +/- 0.00 % || Gtotal(l=0) ave= 1.470E+01 +/- 17.44 % Gtotal(l=1) ave= 0.000E+00 +/- 0.00 % Gtotal(l=2) ave= 0.000E+00 +/- 0.00 % Gtotal(l=3) ave= 0.000E+00 +/- 0.00 %  % || Gg(l=0) ave= 2.698E-01 +/- 1.17 % Gg(l=1) ave= 0.000E+00 +/- 0.00 % Gg(l=2) ave= 0.000E+00 +/- 0.00 % Gg(l=3) ave= 0.000E+00 +/- 0.00 %  % || D(l=0) ave= 8.726E+02 +/- 1.54 % D(l=1) ave= 0.000E+00 +/- 0.00 % D(l=2) ave= 0.000E+00 +/- 0.00 % D(l=3) ave= 0.000E+00 +/- 0.00 %  % || S(l=0) ave= 1.378E-04 +/- 15.50 % S(l=1) ave= 0.000E+00 +/- 0.00 % S(l=2) ave= 0.000E+00 +/- 0.00 % S(l=3) ave= 0.000E+00 +/- 0.00 % 
 ... random file  47 Cap(th)  ave= 1.023E+00 b. +/- 6.13 % || Ela(th) ave= 4.076E+00 b. +/- 7.47 % || RIcap ave= 4.95E+00 b. +/- 3.92 % || Macs30 ave= 5.40E-02 b. +/- 0.40 % || Gn^0(l=0) ave= 1.165E-01 +/- 14.64 % Gn^0(l=1) ave= 0.000E+00 +/- 0.00 % Gn^0(l=2) ave= 0.000E+00 +/- 0.00 % Gn^0(l=3) ave= 0.000E+00 +/- 0.00 % || Gtotal(l=0) ave= 1.469E+01 +/- 17.28 % Gtotal(l=1) ave= 0.000E+00 +/- 0.00 % Gtotal(l=2) ave= 0.000E+00 +/- 0.00 % Gtotal(l=3) ave= 0.000E+00 +/- 0.00 %  % || Gg(l=0) ave= 2.698E-01 +/- 1.15 % Gg(l=1) ave= 0.000E+00 +/- 0.00 % Gg(l=2) ave= 0.000E+00 +/- 0.00 % Gg(l=3) ave= 0.000E+00 +/- 0.00 %  % || D(l=0) ave= 8.729E+02 +/- 1.54 % D(l=1) ave= 0.000E+00 +/- 0.00 % D(l=2) ave= 0.000E+00 +/- 0.00 % D(l=3) ave= 0.000E+00 +/- 0.00 %  % || S(l=0) ave= 1.377E-04 +/- 15.35 % S(l=1) ave= 0.000E+00 +/- 0.00 % S(l=2) ave= 0.000E+00 +/- 0.00 % S(l=3) ave= 0.000E+00 +/- 0.00 % 
 ... random file  48 Cap(th)  ave= 1.020E+00 b. +/- 6.41 % || Ela(th) ave= 4.074E+00 b. +/- 7.41 % || RIcap ave= 4.95E+00 b. +/- 3.92 % || Macs30 ave= 5.39E-02 b. +/- 0.40 % || Gn^0(l=0) ave= 1.157E-01 +/- 15.20 % Gn^0(l=1) ave= 0.000E+00 +/- 0.00 % Gn^0(l=2) ave= 0.000E+00 +/- 0.00 % Gn^0(l=3) ave= 0.000E+00 +/- 0.00 % || Gtotal(l=0) ave= 1.459E+01 +/- 17.89 % Gtotal(l=1) ave= 0.000E+00 +/- 0.00 % Gtotal(l=2) ave= 0.000E+00 +/- 0.00 % Gtotal(l=3) ave= 0.000E+00 +/- 0.00 %  % || Gg(l=0) ave= 2.698E-01 +/- 1.15 % Gg(l=1) ave= 0.000E+00 +/- 0.00 % Gg(l=2) ave= 0.000E+00 +/- 0.00 % Gg(l=3) ave= 0.000E+00 +/- 0.00 %  % || D(l=0) ave= 8.732E+02 +/- 1.54 % D(l=1) ave= 0.000E+00 +/- 0.00 % D(l=2) ave= 0.000E+00 +/- 0.00 % D(l=3) ave= 0.000E+00 +/- 0.00 %  % || S(l=0) ave= 1.368E-04 +/- 15.94 % S(l=1) ave= 0.000E+00 +/- 0.00 % S(l=2) ave= 0.000E+00 +/- 0.00 % S(l=3) ave= 0.000E+00 +/- 0.00 % 
 ... random file  49 Cap(th)  ave= 1.021E+00 b. +/- 6.38 % || Ela(th) ave= 4.078E+00 b. +/- 7.36 % || RIcap ave= 4.95E+00 b. +/- 3.89 % || Macs30 ave= 5.40E-02 b. +/- 0.41 % || Gn^0(l=0) ave= 1.160E-01 +/- 15.11 % Gn^0(l=1) ave= 0.000E+00 +/- 0.00 % Gn^0(l=2) ave= 0.000E+00 +/- 0.00 % Gn^0(l=3) ave= 0.000E+00 +/- 0.00 % || Gtotal(l=0) ave= 1.464E+01 +/- 17.80 % Gtotal(l=1) ave= 0.000E+00 +/- 0.00 % Gtotal(l=2) ave= 0.000E+00 +/- 0.00 % Gtotal(l=3) ave= 0.000E+00 +/- 0.00 %  % || Gg(l=0) ave= 2.698E-01 +/- 1.15 % Gg(l=1) ave= 0.000E+00 +/- 0.00 % Gg(l=2) ave= 0.000E+00 +/- 0.00 % Gg(l=3) ave= 0.000E+00 +/- 0.00 %  % || D(l=0) ave= 8.729E+02 +/- 1.54 % D(l=1) ave= 0.000E+00 +/- 0.00 % D(l=2) ave= 0.000E+00 +/- 0.00 % D(l=3) ave= 0.000E+00 +/- 0.00 %  % || S(l=0) ave= 1.372E-04 +/- 15.85 % S(l=1) ave= 0.000E+00 +/- 0.00 % S(l=2) ave= 0.000E+00 +/- 0.00 % S(l=3) ave= 0.000E+00 +/- 0.00 % 
 ... random file  50 Cap(th)  ave= 1.023E+00 b. +/- 6.48 % || Ela(th) ave= 4.091E+00 b. +/- 7.61 % || RIcap ave= 4.96E+00 b. +/- 4.02 % || Macs30 ave= 5.39E-02 b. +/- 0.42 % || Gn^0(l=0) ave= 1.155E-01 +/- 15.43 % Gn^0(l=1) ave= 0.000E+00 +/- 0.00 % Gn^0(l=2) ave= 0.000E+00 +/- 0.00 % Gn^0(l=3) ave= 0.000E+00 +/- 0.00 % || Gtotal(l=0) ave= 1.455E+01 +/- 18.17 % Gtotal(l=1) ave= 0.000E+00 +/- 0.00 % Gtotal(l=2) ave= 0.000E+00 +/- 0.00 % Gtotal(l=3) ave= 0.000E+00 +/- 0.00 %  % || Gg(l=0) ave= 2.698E-01 +/- 1.14 % Gg(l=1) ave= 0.000E+00 +/- 0.00 % Gg(l=2) ave= 0.000E+00 +/- 0.00 % Gg(l=3) ave= 0.000E+00 +/- 0.00 %  % || D(l=0) ave= 8.732E+02 +/- 1.54 % D(l=1) ave= 0.000E+00 +/- 0.00 % D(l=2) ave= 0.000E+00 +/- 0.00 % D(l=3) ave= 0.000E+00 +/- 0.00 %  % || S(l=0) ave= 1.365E-04 +/- 16.19 % S(l=1) ave= 0.000E+00 +/- 0.00 % S(l=2) ave= 0.000E+00 +/- 0.00 % S(l=3) ave= 0.000E+00 +/- 0.00 % 
 ... random file  51 Cap(th)  ave= 1.025E+00 b. +/- 6.49 % || Ela(th) ave= 4.090E+00 b. +/- 7.55 % || RIcap ave= 4.96E+00 b. +/- 4.01 % || Macs30 ave= 5.40E-02 b. +/- 0.43 % || Gn^0(l=0) ave= 1.158E-01 +/- 15.39 % Gn^0(l=1) ave= 0.000E+00 +/- 0.00 % Gn^0(l=2) ave= 0.000E+00 +/- 0.00 % Gn^0(l=3) ave= 0.000E+00 +/- 0.00 % || Gtotal(l=0) ave= 1.462E+01 +/- 18.19 % Gtotal(l=1) ave= 0.000E+00 +/- 0.00 % Gtotal(l=2) ave= 0.000E+00 +/- 0.00 % Gtotal(l=3) ave= 0.000E+00 +/- 0.00 %  % || Gg(l=0) ave= 2.699E-01 +/- 1.20 % Gg(l=1) ave= 0.000E+00 +/- 0.00 % Gg(l=2) ave= 0.000E+00 +/- 0.00 % Gg(l=3) ave= 0.000E+00 +/- 0.00 %  % || D(l=0) ave= 8.730E+02 +/- 1.54 % D(l=1) ave= 0.000E+00 +/- 0.00 % D(l=2) ave= 0.000E+00 +/- 0.00 % D(l=3) ave= 0.000E+00 +/- 0.00 %  % || S(l=0) ave= 1.370E-04 +/- 16.16 % S(l=1) ave= 0.000E+00 +/- 0.00 % S(l=2) ave= 0.000E+00 +/- 0.00 % S(l=3) ave= 0.000E+00 +/- 0.00 % 
 ... random file  52 Cap(th)  ave= 1.025E+00 b. +/- 6.44 % || Ela(th) ave= 4.102E+00 b. +/- 7.72 % || RIcap ave= 4.96E+00 b. +/- 3.99 % || Macs30 ave= 5.39E-02 b. +/- 0.43 % || Gn^0(l=0) ave= 1.154E-01 +/- 15.49 % Gn^0(l=1) ave= 0.000E+00 +/- 0.00 % Gn^0(l=2) ave= 0.000E+00 +/- 0.00 % Gn^0(l=3) ave= 0.000E+00 +/- 0.00 % || Gtotal(l=0) ave= 1.456E+01 +/- 18.34 % Gtotal(l=1) ave= 0.000E+00 +/- 0.00 % Gtotal(l=2) ave= 0.000E+00 +/- 0.00 % Gtotal(l=3) ave= 0.000E+00 +/- 0.00 %  % || Gg(l=0) ave= 2.699E-01 +/- 1.19 % Gg(l=1) ave= 0.000E+00 +/- 0.00 % Gg(l=2) ave= 0.000E+00 +/- 0.00 % Gg(l=3) ave= 0.000E+00 +/- 0.00 %  % || D(l=0) ave= 8.732E+02 +/- 1.54 % D(l=1) ave= 0.000E+00 +/- 0.00 % D(l=2) ave= 0.000E+00 +/- 0.00 % D(l=3) ave= 0.000E+00 +/- 0.00 %  % || S(l=0) ave= 1.364E-04 +/- 16.28 % S(l=1) ave= 0.000E+00 +/- 0.00 % S(l=2) ave= 0.000E+00 +/- 0.00 % S(l=3) ave= 0.000E+00 +/- 0.00 % 
 ... random file  53 Cap(th)  ave= 1.026E+00 b. +/- 6.38 % || Ela(th) ave= 4.106E+00 b. +/- 7.68 % || RIcap ave= 4.96E+00 b. +/- 3.96 % || Macs30 ave= 5.39E-02 b. +/- 0.42 % || Gn^0(l=0) ave= 1.150E-01 +/- 15.58 % Gn^0(l=1) ave= 0.000E+00 +/- 0.00 % Gn^0(l=2) ave= 0.000E+00 +/- 0.00 % Gn^0(l=3) ave= 0.000E+00 +/- 0.00 % || Gtotal(l=0) ave= 1.450E+01 +/- 18.49 % Gtotal(l=1) ave= 0.000E+00 +/- 0.00 % Gtotal(l=2) ave= 0.000E+00 +/- 0.00 % Gtotal(l=3) ave= 0.000E+00 +/- 0.00 %  % || Gg(l=0) ave= 2.699E-01 +/- 1.19 % Gg(l=1) ave= 0.000E+00 +/- 0.00 % Gg(l=2) ave= 0.000E+00 +/- 0.00 % Gg(l=3) ave= 0.000E+00 +/- 0.00 %  % || D(l=0) ave= 8.735E+02 +/- 1.54 % D(l=1) ave= 0.000E+00 +/- 0.00 % D(l=2) ave= 0.000E+00 +/- 0.00 % D(l=3) ave= 0.000E+00 +/- 0.00 %  % || S(l=0) ave= 1.360E-04 +/- 16.38 % S(l=1) ave= 0.000E+00 +/- 0.00 % S(l=2) ave= 0.000E+00 +/- 0.00 % S(l=3) ave= 0.000E+00 +/- 0.00 % 
 ... random file  54 Cap(th)  ave= 1.030E+00 b. +/- 6.90 % || Ela(th) ave= 4.103E+00 b. +/- 7.63 % || RIcap ave= 4.97E+00 b. +/- 4.19 % || Macs30 ave= 5.39E-02 b. +/- 0.42 % || Gn^0(l=0) ave= 1.154E-01 +/- 15.54 % Gn^0(l=1) ave= 0.000E+00 +/- 0.00 % Gn^0(l=2) ave= 0.000E+00 +/- 0.00 % Gn^0(l=3) ave= 0.000E+00 +/- 0.00 % || Gtotal(l=0) ave= 1.454E+01 +/- 18.38 % Gtotal(l=1) ave= 0.000E+00 +/- 0.00 % Gtotal(l=2) ave= 0.000E+00 +/- 0.00 % Gtotal(l=3) ave= 0.000E+00 +/- 0.00 %  % || Gg(l=0) ave= 2.698E-01 +/- 1.18 % Gg(l=1) ave= 0.000E+00 +/- 0.00 % Gg(l=2) ave= 0.000E+00 +/- 0.00 % Gg(l=3) ave= 0.000E+00 +/- 0.00 %  % || D(l=0) ave= 8.737E+02 +/- 1.54 % D(l=1) ave= 0.000E+00 +/- 0.00 % D(l=2) ave= 0.000E+00 +/- 0.00 % D(l=3) ave= 0.000E+00 +/- 0.00 %  % || S(l=0) ave= 1.363E-04 +/- 16.30 % S(l=1) ave= 0.000E+00 +/- 0.00 % S(l=2) ave= 0.000E+00 +/- 0.00 % S(l=3) ave= 0.000E+00 +/- 0.00 % 
 ... random file  55 Cap(th)  ave= 1.030E+00 b. +/- 6.84 % || Ela(th) ave= 4.109E+00 b. +/- 7.62 % || RIcap ave= 4.97E+00 b. +/- 4.15 % || Macs30 ave= 5.39E-02 b. +/- 0.42 % || Gn^0(l=0) ave= 1.148E-01 +/- 15.86 % Gn^0(l=1) ave= 0.000E+00 +/- 0.00 % Gn^0(l=2) ave= 0.000E+00 +/- 0.00 % Gn^0(l=3) ave= 0.000E+00 +/- 0.00 % || Gtotal(l=0) ave= 1.446E+01 +/- 18.75 % Gtotal(l=1) ave= 0.000E+00 +/- 0.00 % Gtotal(l=2) ave= 0.000E+00 +/- 0.00 % Gtotal(l=3) ave= 0.000E+00 +/- 0.00 %  % || Gg(l=0) ave= 2.698E-01 +/- 1.17 % Gg(l=1) ave= 0.000E+00 +/- 0.00 % Gg(l=2) ave= 0.000E+00 +/- 0.00 % Gg(l=3) ave= 0.000E+00 +/- 0.00 %  % || D(l=0) ave= 8.739E+02 +/- 1.54 % D(l=1) ave= 0.000E+00 +/- 0.00 % D(l=2) ave= 0.000E+00 +/- 0.00 % D(l=3) ave= 0.000E+00 +/- 0.00 %  % || S(l=0) ave= 1.357E-04 +/- 16.64 % S(l=1) ave= 0.000E+00 +/- 0.00 % S(l=2) ave= 0.000E+00 +/- 0.00 % S(l=3) ave= 0.000E+00 +/- 0.00 % 
 ... random file  56 Cap(th)  ave= 1.031E+00 b. +/- 6.83 % || Ela(th) ave= 4.105E+00 b. +/- 7.59 % || RIcap ave= 4.98E+00 b. +/- 4.12 % || Macs30 ave= 5.39E-02 b. +/- 0.42 % || Gn^0(l=0) ave= 1.150E-01 +/- 15.74 % Gn^0(l=1) ave= 0.000E+00 +/- 0.00 % Gn^0(l=2) ave= 0.000E+00 +/- 0.00 % Gn^0(l=3) ave= 0.000E+00 +/- 0.00 % || Gtotal(l=0) ave= 1.449E+01 +/- 18.60 % Gtotal(l=1) ave= 0.000E+00 +/- 0.00 % Gtotal(l=2) ave= 0.000E+00 +/- 0.00 % Gtotal(l=3) ave= 0.000E+00 +/- 0.00 %  % || Gg(l=0) ave= 2.699E-01 +/- 1.17 % Gg(l=1) ave= 0.000E+00 +/- 0.00 % Gg(l=2) ave= 0.000E+00 +/- 0.00 % Gg(l=3) ave= 0.000E+00 +/- 0.00 %  % || D(l=0) ave= 8.737E+02 +/- 1.54 % D(l=1) ave= 0.000E+00 +/- 0.00 % D(l=2) ave= 0.000E+00 +/- 0.00 % D(l=3) ave= 0.000E+00 +/- 0.00 %  % || S(l=0) ave= 1.359E-04 +/- 16.52 % S(l=1) ave= 0.000E+00 +/- 0.00 % S(l=2) ave= 0.000E+00 +/- 0.00 % S(l=3) ave= 0.000E+00 +/- 0.00 % 
 ... random file  57 Cap(th)  ave= 1.031E+00 b. +/- 6.78 % || Ela(th) ave= 4.100E+00 b. +/- 7.58 % || RIcap ave= 4.97E+00 b. +/- 4.14 % || Macs30 ave= 5.39E-02 b. +/- 0.42 % || Gn^0(l=0) ave= 1.148E-01 +/- 15.68 % Gn^0(l=1) ave= 0.000E+00 +/- 0.00 % Gn^0(l=2) ave= 0.000E+00 +/- 0.00 % Gn^0(l=3) ave= 0.000E+00 +/- 0.00 % || Gtotal(l=0) ave= 1.446E+01 +/- 18.56 % Gtotal(l=1) ave= 0.000E+00 +/- 0.00 % Gtotal(l=2) ave= 0.000E+00 +/- 0.00 % Gtotal(l=3) ave= 0.000E+00 +/- 0.00 %  % || Gg(l=0) ave= 2.699E-01 +/- 1.16 % Gg(l=1) ave= 0.000E+00 +/- 0.00 % Gg(l=2) ave= 0.000E+00 +/- 0.00 % Gg(l=3) ave= 0.000E+00 +/- 0.00 %  % || D(l=0) ave= 8.739E+02 +/- 1.54 % D(l=1) ave= 0.000E+00 +/- 0.00 % D(l=2) ave= 0.000E+00 +/- 0.00 % D(l=3) ave= 0.000E+00 +/- 0.00 %  % || S(l=0) ave= 1.356E-04 +/- 16.48 % S(l=1) ave= 0.000E+00 +/- 0.00 % S(l=2) ave= 0.000E+00 +/- 0.00 % S(l=3) ave= 0.000E+00 +/- 0.00 % 
 ... random file  58 Cap(th)  ave= 1.031E+00 b. +/- 6.73 % || Ela(th) ave= 4.105E+00 b. +/- 7.55 % || RIcap ave= 4.98E+00 b. +/- 4.14 % || Macs30 ave= 5.39E-02 b. +/- 0.42 % || Gn^0(l=0) ave= 1.148E-01 +/- 15.56 % Gn^0(l=1) ave= 0.000E+00 +/- 0.00 % Gn^0(l=2) ave= 0.000E+00 +/- 0.00 % Gn^0(l=3) ave= 0.000E+00 +/- 0.00 % || Gtotal(l=0) ave= 1.445E+01 +/- 18.42 % Gtotal(l=1) ave= 0.000E+00 +/- 0.00 % Gtotal(l=2) ave= 0.000E+00 +/- 0.00 % Gtotal(l=3) ave= 0.000E+00 +/- 0.00 %  % || Gg(l=0) ave= 2.699E-01 +/- 1.15 % Gg(l=1) ave= 0.000E+00 +/- 0.00 % Gg(l=2) ave= 0.000E+00 +/- 0.00 % Gg(l=3) ave= 0.000E+00 +/- 0.00 %  % || D(l=0) ave= 8.742E+02 +/- 1.54 % D(l=1) ave= 0.000E+00 +/- 0.00 % D(l=2) ave= 0.000E+00 +/- 0.00 % D(l=3) ave= 0.000E+00 +/- 0.00 %  % || S(l=0) ave= 1.355E-04 +/- 16.36 % S(l=1) ave= 0.000E+00 +/- 0.00 % S(l=2) ave= 0.000E+00 +/- 0.00 % S(l=3) ave= 0.000E+00 +/- 0.00 % 
 ... random file  59 Cap(th)  ave= 1.033E+00 b. +/- 6.80 % || Ela(th) ave= 4.097E+00 b. +/- 7.64 % || RIcap ave= 4.98E+00 b. +/- 4.22 % || Macs30 ave= 5.39E-02 b. +/- 0.42 % || Gn^0(l=0) ave= 1.149E-01 +/- 15.44 % Gn^0(l=1) ave= 0.000E+00 +/- 0.00 % Gn^0(l=2) ave= 0.000E+00 +/- 0.00 % Gn^0(l=3) ave= 0.000E+00 +/- 0.00 % || Gtotal(l=0) ave= 1.446E+01 +/- 18.27 % Gtotal(l=1) ave= 0.000E+00 +/- 0.00 % Gtotal(l=2) ave= 0.000E+00 +/- 0.00 % Gtotal(l=3) ave= 0.000E+00 +/- 0.00 %  % || Gg(l=0) ave= 2.699E-01 +/- 1.14 % Gg(l=1) ave= 0.000E+00 +/- 0.00 % Gg(l=2) ave= 0.000E+00 +/- 0.00 % Gg(l=3) ave= 0.000E+00 +/- 0.00 %  % || D(l=0) ave= 8.744E+02 +/- 1.53 % D(l=1) ave= 0.000E+00 +/- 0.00 % D(l=2) ave= 0.000E+00 +/- 0.00 % D(l=3) ave= 0.000E+00 +/- 0.00 %  % || S(l=0) ave= 1.357E-04 +/- 16.22 % S(l=1) ave= 0.000E+00 +/- 0.00 % S(l=2) ave= 0.000E+00 +/- 0.00 % S(l=3) ave= 0.000E+00 +/- 0.00 % 
 ... random file  60 Cap(th)  ave= 1.033E+00 b. +/- 6.75 % || Ela(th) ave= 4.095E+00 b. +/- 7.59 % || RIcap ave= 4.98E+00 b. +/- 4.19 % || Macs30 ave= 5.39E-02 b. +/- 0.42 % || Gn^0(l=0) ave= 1.148E-01 +/- 15.37 % Gn^0(l=1) ave= 0.000E+00 +/- 0.00 % Gn^0(l=2) ave= 0.000E+00 +/- 0.00 % Gn^0(l=3) ave= 0.000E+00 +/- 0.00 % || Gtotal(l=0) ave= 1.444E+01 +/- 18.20 % Gtotal(l=1) ave= 0.000E+00 +/- 0.00 % Gtotal(l=2) ave= 0.000E+00 +/- 0.00 % Gtotal(l=3) ave= 0.000E+00 +/- 0.00 %  % || Gg(l=0) ave= 2.699E-01 +/- 1.13 % Gg(l=1) ave= 0.000E+00 +/- 0.00 % Gg(l=2) ave= 0.000E+00 +/- 0.00 % Gg(l=3) ave= 0.000E+00 +/- 0.00 %  % || D(l=0) ave= 8.746E+02 +/- 1.53 % D(l=1) ave= 0.000E+00 +/- 0.00 % D(l=2) ave= 0.000E+00 +/- 0.00 % D(l=3) ave= 0.000E+00 +/- 0.00 %  % || S(l=0) ave= 1.355E-04 +/- 16.15 % S(l=1) ave= 0.000E+00 +/- 0.00 % S(l=2) ave= 0.000E+00 +/- 0.00 % S(l=3) ave= 0.000E+00 +/- 0.00 % 
 ... random file  61 Cap(th)  ave= 1.031E+00 b. +/- 6.88 % || Ela(th) ave= 4.093E+00 b. +/- 7.55 % || RIcap ave= 4.98E+00 b. +/- 4.17 % || Macs30 ave= 5.39E-02 b. +/- 0.43 % || Gn^0(l=0) ave= 1.150E-01 +/- 15.26 % Gn^0(l=1) ave= 0.000E+00 +/- 0.00 % Gn^0(l=2) ave= 0.000E+00 +/- 0.00 % Gn^0(l=3) ave= 0.000E+00 +/- 0.00 % || Gtotal(l=0) ave= 1.447E+01 +/- 18.08 % Gtotal(l=1) ave= 0.000E+00 +/- 0.00 % Gtotal(l=2) ave= 0.000E+00 +/- 0.00 % Gtotal(l=3) ave= 0.000E+00 +/- 0.00 %  % || Gg(l=0) ave= 2.700E-01 +/- 1.13 % Gg(l=1) ave= 0.000E+00 +/- 0.00 % Gg(l=2) ave= 0.000E+00 +/- 0.00 % Gg(l=3) ave= 0.000E+00 +/- 0.00 %  % || D(l=0) ave= 8.743E+02 +/- 1.53 % D(l=1) ave= 0.000E+00 +/- 0.00 % D(l=2) ave= 0.000E+00 +/- 0.00 % D(l=3) ave= 0.000E+00 +/- 0.00 %  % || S(l=0) ave= 1.357E-04 +/- 16.05 % S(l=1) ave= 0.000E+00 +/- 0.00 % S(l=2) ave= 0.000E+00 +/- 0.00 % S(l=3) ave= 0.000E+00 +/- 0.00 % 
 ... random file  62 Cap(th)  ave= 1.031E+00 b. +/- 6.83 % || Ela(th) ave= 4.088E+00 b. +/- 7.54 % || RIcap ave= 4.98E+00 b. +/- 4.17 % || Macs30 ave= 5.39E-02 b. +/- 0.43 % || Gn^0(l=0) ave= 1.150E-01 +/- 15.14 % Gn^0(l=1) ave= 0.000E+00 +/- 0.00 % Gn^0(l=2) ave= 0.000E+00 +/- 0.00 % Gn^0(l=3) ave= 0.000E+00 +/- 0.00 % || Gtotal(l=0) ave= 1.448E+01 +/- 17.93 % Gtotal(l=1) ave= 0.000E+00 +/- 0.00 % Gtotal(l=2) ave= 0.000E+00 +/- 0.00 % Gtotal(l=3) ave= 0.000E+00 +/- 0.00 %  % || Gg(l=0) ave= 2.700E-01 +/- 1.13 % Gg(l=1) ave= 0.000E+00 +/- 0.00 % Gg(l=2) ave= 0.000E+00 +/- 0.00 % Gg(l=3) ave= 0.000E+00 +/- 0.00 %  % || D(l=0) ave= 8.741E+02 +/- 1.54 % D(l=1) ave= 0.000E+00 +/- 0.00 % D(l=2) ave= 0.000E+00 +/- 0.00 % D(l=3) ave= 0.000E+00 +/- 0.00 %  % || S(l=0) ave= 1.358E-04 +/- 15.92 % S(l=1) ave= 0.000E+00 +/- 0.00 % S(l=2) ave= 0.000E+00 +/- 0.00 % S(l=3) ave= 0.000E+00 +/- 0.00 % 
 ... random file  63 Cap(th)  ave= 1.031E+00 b. +/- 6.78 % || Ela(th) ave= 4.087E+00 b. +/- 7.49 % || RIcap ave= 4.99E+00 b. +/- 4.20 % || Macs30 ave= 5.39E-02 b. +/- 0.42 % || Gn^0(l=0) ave= 1.151E-01 +/- 15.02 % Gn^0(l=1) ave= 0.000E+00 +/- 0.00 % Gn^0(l=2) ave= 0.000E+00 +/- 0.00 % Gn^0(l=3) ave= 0.000E+00 +/- 0.00 % || Gtotal(l=0) ave= 1.448E+01 +/- 17.79 % Gtotal(l=1) ave= 0.000E+00 +/- 0.00 % Gtotal(l=2) ave= 0.000E+00 +/- 0.00 % Gtotal(l=3) ave= 0.000E+00 +/- 0.00 %  % || Gg(l=0) ave= 2.700E-01 +/- 1.13 % Gg(l=1) ave= 0.000E+00 +/- 0.00 % Gg(l=2) ave= 0.000E+00 +/- 0.00 % Gg(l=3) ave= 0.000E+00 +/- 0.00 %  % || D(l=0) ave= 8.743E+02 +/- 1.53 % D(l=1) ave= 0.000E+00 +/- 0.00 % D(l=2) ave= 0.000E+00 +/- 0.00 % D(l=3) ave= 0.000E+00 +/- 0.00 %  % || S(l=0) ave= 1.358E-04 +/- 15.79 % S(l=1) ave= 0.000E+00 +/- 0.00 % S(l=2) ave= 0.000E+00 +/- 0.00 % S(l=3) ave= 0.000E+00 +/- 0.00 % 
 ... random file  64 Cap(th)  ave= 1.033E+00 b. +/- 6.82 % || Ela(th) ave= 4.095E+00 b. +/- 7.60 % || RIcap ave= 4.99E+00 b. +/- 4.28 % || Macs30 ave= 5.39E-02 b. +/- 0.42 % || Gn^0(l=0) ave= 1.150E-01 +/- 14.91 % Gn^0(l=1) ave= 0.000E+00 +/- 0.00 % Gn^0(l=2) ave= 0.000E+00 +/- 0.00 % Gn^0(l=3) ave= 0.000E+00 +/- 0.00 % || Gtotal(l=0) ave= 1.448E+01 +/- 17.66 % Gtotal(l=1) ave= 0.000E+00 +/- 0.00 % Gtotal(l=2) ave= 0.000E+00 +/- 0.00 % Gtotal(l=3) ave= 0.000E+00 +/- 0.00 %  % || Gg(l=0) ave= 2.700E-01 +/- 1.12 % Gg(l=1) ave= 0.000E+00 +/- 0.00 % Gg(l=2) ave= 0.000E+00 +/- 0.00 % Gg(l=3) ave= 0.000E+00 +/- 0.00 %  % || D(l=0) ave= 8.745E+02 +/- 1.53 % D(l=1) ave= 0.000E+00 +/- 0.00 % D(l=2) ave= 0.000E+00 +/- 0.00 % D(l=3) ave= 0.000E+00 +/- 0.00 %  % || S(l=0) ave= 1.358E-04 +/- 15.69 % S(l=1) ave= 0.000E+00 +/- 0.00 % S(l=2) ave= 0.000E+00 +/- 0.00 % S(l=3) ave= 0.000E+00 +/- 0.00 % 
 ... random file  65 Cap(th)  ave= 1.033E+00 b. +/- 6.78 % || Ela(th) ave= 4.088E+00 b. +/- 7.69 % || RIcap ave= 4.99E+00 b. +/- 4.26 % || Macs30 ave= 5.40E-02 b. +/- 0.44 % || Gn^0(l=0) ave= 1.151E-01 +/- 14.80 % Gn^0(l=1) ave= 0.000E+00 +/- 0.00 % Gn^0(l=2) ave= 0.000E+00 +/- 0.00 % Gn^0(l=3) ave= 0.000E+00 +/- 0.00 % || Gtotal(l=0) ave= 1.450E+01 +/- 17.54 % Gtotal(l=1) ave= 0.000E+00 +/- 0.00 % Gtotal(l=2) ave= 0.000E+00 +/- 0.00 % Gtotal(l=3) ave= 0.000E+00 +/- 0.00 %  % || Gg(l=0) ave= 2.701E-01 +/- 1.14 % Gg(l=1) ave= 0.000E+00 +/- 0.00 % Gg(l=2) ave= 0.000E+00 +/- 0.00 % Gg(l=3) ave= 0.000E+00 +/- 0.00 %  % || D(l=0) ave= 8.743E+02 +/- 1.53 % D(l=1) ave= 0.000E+00 +/- 0.00 % D(l=2) ave= 0.000E+00 +/- 0.00 % D(l=3) ave= 0.000E+00 +/- 0.00 %  % || S(l=0) ave= 1.359E-04 +/- 15.58 % S(l=1) ave= 0.000E+00 +/- 0.00 % S(l=2) ave= 0.000E+00 +/- 0.00 % S(l=3) ave= 0.000E+00 +/- 0.00 % 
 ... random file  66 Cap(th)  ave= 1.034E+00 b. +/- 6.82 % || Ela(th) ave= 4.097E+00 b. +/- 7.80 % || RIcap ave= 5.00E+00 b. +/- 4.28 % || Macs30 ave= 5.40E-02 b. +/- 0.44 % || Gn^0(l=0) ave= 1.152E-01 +/- 14.69 % Gn^0(l=1) ave= 0.000E+00 +/- 0.00 % Gn^0(l=2) ave= 0.000E+00 +/- 0.00 % Gn^0(l=3) ave= 0.000E+00 +/- 0.00 % || Gtotal(l=0) ave= 1.451E+01 +/- 17.41 % Gtotal(l=1) ave= 0.000E+00 +/- 0.00 % Gtotal(l=2) ave= 0.000E+00 +/- 0.00 % Gtotal(l=3) ave= 0.000E+00 +/- 0.00 %  % || Gg(l=0) ave= 2.701E-01 +/- 1.13 % Gg(l=1) ave= 0.000E+00 +/- 0.00 % Gg(l=2) ave= 0.000E+00 +/- 0.00 % Gg(l=3) ave= 0.000E+00 +/- 0.00 %  % || D(l=0) ave= 8.741E+02 +/- 1.54 % D(l=1) ave= 0.000E+00 +/- 0.00 % D(l=2) ave= 0.000E+00 +/- 0.00 % D(l=3) ave= 0.000E+00 +/- 0.00 %  % || S(l=0) ave= 1.360E-04 +/- 15.46 % S(l=1) ave= 0.000E+00 +/- 0.00 % S(l=2) ave= 0.000E+00 +/- 0.00 % S(l=3) ave= 0.000E+00 +/- 0.00 % 
 ... random file  67 Cap(th)  ave= 1.033E+00 b. +/- 6.86 % || Ela(th) ave= 4.101E+00 b. +/- 7.78 % || RIcap ave= 4.99E+00 b. +/- 4.26 % || Macs30 ave= 5.40E-02 b. +/- 0.44 % || Gn^0(l=0) ave= 1.152E-01 +/- 14.58 % Gn^0(l=1) ave= 0.000E+00 +/- 0.00 % Gn^0(l=2) ave= 0.000E+00 +/- 0.00 % Gn^0(l=3) ave= 0.000E+00 +/- 0.00 % || Gtotal(l=0) ave= 1.451E+01 +/- 17.29 % Gtotal(l=1) ave= 0.000E+00 +/- 0.00 % Gtotal(l=2) ave= 0.000E+00 +/- 0.00 % Gtotal(l=3) ave= 0.000E+00 +/- 0.00 %  % || Gg(l=0) ave= 2.701E-01 +/- 1.13 % Gg(l=1) ave= 0.000E+00 +/- 0.00 % Gg(l=2) ave= 0.000E+00 +/- 0.00 % Gg(l=3) ave= 0.000E+00 +/- 0.00 %  % || D(l=0) ave= 8.743E+02 +/- 1.53 % D(l=1) ave= 0.000E+00 +/- 0.00 % D(l=2) ave= 0.000E+00 +/- 0.00 % D(l=3) ave= 0.000E+00 +/- 0.00 %  % || S(l=0) ave= 1.360E-04 +/- 15.36 % S(l=1) ave= 0.000E+00 +/- 0.00 % S(l=2) ave= 0.000E+00 +/- 0.00 % S(l=3) ave= 0.000E+00 +/- 0.00 % 
 ... random file  68 Cap(th)  ave= 1.034E+00 b. +/- 6.85 % || Ela(th) ave= 4.103E+00 b. +/- 7.73 % || RIcap ave= 5.00E+00 b. +/- 4.24 % || Macs30 ave= 5.39E-02 b. +/- 0.44 % || Gn^0(l=0) ave= 1.148E-01 +/- 14.73 % Gn^0(l=1) ave= 0.000E+00 +/- 0.00 % Gn^0(l=2) ave= 0.000E+00 +/- 0.00 % Gn^0(l=3) ave= 0.000E+00 +/- 0.00 % || Gtotal(l=0) ave= 1.446E+01 +/- 17.46 % Gtotal(l=1) ave= 0.000E+00 +/- 0.00 % Gtotal(l=2) ave= 0.000E+00 +/- 0.00 % Gtotal(l=3) ave= 0.000E+00 +/- 0.00 %  % || Gg(l=0) ave= 2.701E-01 +/- 1.12 % Gg(l=1) ave= 0.000E+00 +/- 0.00 % Gg(l=2) ave= 0.000E+00 +/- 0.00 % Gg(l=3) ave= 0.000E+00 +/- 0.00 %  % || D(l=0) ave= 8.744E+02 +/- 1.53 % D(l=1) ave= 0.000E+00 +/- 0.00 % D(l=2) ave= 0.000E+00 +/- 0.00 % D(l=3) ave= 0.000E+00 +/- 0.00 %  % || S(l=0) ave= 1.356E-04 +/- 15.51 % S(l=1) ave= 0.000E+00 +/- 0.00 % S(l=2) ave= 0.000E+00 +/- 0.00 % S(l=3) ave= 0.000E+00 +/- 0.00 % 
 ... random file  69 Cap(th)  ave= 1.034E+00 b. +/- 6.81 % || Ela(th) ave= 4.098E+00 b. +/- 7.74 % || RIcap ave= 5.00E+00 b. +/- 4.27 % || Macs30 ave= 5.40E-02 b. +/- 0.46 % || Gn^0(l=0) ave= 1.154E-01 +/- 15.06 % Gn^0(l=1) ave= 0.000E+00 +/- 0.00 % Gn^0(l=2) ave= 0.000E+00 +/- 0.00 % Gn^0(l=3) ave= 0.000E+00 +/- 0.00 % || Gtotal(l=0) ave= 1.454E+01 +/- 17.77 % Gtotal(l=1) ave= 0.000E+00 +/- 0.00 % Gtotal(l=2) ave= 0.000E+00 +/- 0.00 % Gtotal(l=3) ave= 0.000E+00 +/- 0.00 %  % || Gg(l=0) ave= 2.702E-01 +/- 1.15 % Gg(l=1) ave= 0.000E+00 +/- 0.00 % Gg(l=2) ave= 0.000E+00 +/- 0.00 % Gg(l=3) ave= 0.000E+00 +/- 0.00 %  % || D(l=0) ave= 8.742E+02 +/- 1.53 % D(l=1) ave= 0.000E+00 +/- 0.00 % D(l=2) ave= 0.000E+00 +/- 0.00 % D(l=3) ave= 0.000E+00 +/- 0.00 %  % || S(l=0) ave= 1.362E-04 +/- 15.86 % S(l=1) ave= 0.000E+00 +/- 0.00 % S(l=2) ave= 0.000E+00 +/- 0.00 % S(l=3) ave= 0.000E+00 +/- 0.00 % 
 ... random file  70 Cap(th)  ave= 1.035E+00 b. +/- 6.77 % || Ela(th) ave= 4.099E+00 b. +/- 7.68 % || RIcap ave= 5.01E+00 b. +/- 4.41 % || Macs30 ave= 5.40E-02 b. +/- 0.45 % || Gn^0(l=0) ave= 1.152E-01 +/- 15.05 % Gn^0(l=1) ave= 0.000E+00 +/- 0.00 % Gn^0(l=2) ave= 0.000E+00 +/- 0.00 % Gn^0(l=3) ave= 0.000E+00 +/- 0.00 % || Gtotal(l=0) ave= 1.450E+01 +/- 17.79 % Gtotal(l=1) ave= 0.000E+00 +/- 0.00 % Gtotal(l=2) ave= 0.000E+00 +/- 0.00 % Gtotal(l=3) ave= 0.000E+00 +/- 0.00 %  % || Gg(l=0) ave= 2.702E-01 +/- 1.14 % Gg(l=1) ave= 0.000E+00 +/- 0.00 % Gg(l=2) ave= 0.000E+00 +/- 0.00 % Gg(l=3) ave= 0.000E+00 +/- 0.00 %  % || D(l=0) ave= 8.744E+02 +/- 1.53 % D(l=1) ave= 0.000E+00 +/- 0.00 % D(l=2) ave= 0.000E+00 +/- 0.00 % D(l=3) ave= 0.000E+00 +/- 0.00 %  % || S(l=0) ave= 1.360E-04 +/- 15.87 % S(l=1) ave= 0.000E+00 +/- 0.00 % S(l=2) ave= 0.000E+00 +/- 0.00 % S(l=3) ave= 0.000E+00 +/- 0.00 % 
 ... random file  71 Cap(th)  ave= 1.036E+00 b. +/- 6.86 % || Ela(th) ave= 4.099E+00 b. +/- 7.63 % || RIcap ave= 5.01E+00 b. +/- 4.41 % || Macs30 ave= 5.40E-02 b. +/- 0.45 % || Gn^0(l=0) ave= 1.157E-01 +/- 15.43 % Gn^0(l=1) ave= 0.000E+00 +/- 0.00 % Gn^0(l=2) ave= 0.000E+00 +/- 0.00 % Gn^0(l=3) ave= 0.000E+00 +/- 0.00 % || Gtotal(l=0) ave= 1.459E+01 +/- 18.26 % Gtotal(l=1) ave= 0.000E+00 +/- 0.00 % Gtotal(l=2) ave= 0.000E+00 +/- 0.00 % Gtotal(l=3) ave= 0.000E+00 +/- 0.00 %  % || Gg(l=0) ave= 2.703E-01 +/- 1.15 % Gg(l=1) ave= 0.000E+00 +/- 0.00 % Gg(l=2) ave= 0.000E+00 +/- 0.00 % Gg(l=3) ave= 0.000E+00 +/- 0.00 %  % || D(l=0) ave= 8.742E+02 +/- 1.53 % D(l=1) ave= 0.000E+00 +/- 0.00 % D(l=2) ave= 0.000E+00 +/- 0.00 % D(l=3) ave= 0.000E+00 +/- 0.00 %  % || S(l=0) ave= 1.367E-04 +/- 16.27 % S(l=1) ave= 0.000E+00 +/- 0.00 % S(l=2) ave= 0.000E+00 +/- 0.00 % S(l=3) ave= 0.000E+00 +/- 0.00 % 
 ... random file  72 Cap(th)  ave= 1.036E+00 b. +/- 6.83 % || Ela(th) ave= 4.103E+00 b. +/- 7.60 % || RIcap ave= 5.01E+00 b. +/- 4.38 % || Macs30 ave= 5.40E-02 b. +/- 0.46 % || Gn^0(l=0) ave= 1.159E-01 +/- 15.34 % Gn^0(l=1) ave= 0.000E+00 +/- 0.00 % Gn^0(l=2) ave= 0.000E+00 +/- 0.00 % Gn^0(l=3) ave= 0.000E+00 +/- 0.00 % || Gtotal(l=0) ave= 1.461E+01 +/- 18.16 % Gtotal(l=1) ave= 0.000E+00 +/- 0.00 % Gtotal(l=2) ave= 0.000E+00 +/- 0.00 % Gtotal(l=3) ave= 0.000E+00 +/- 0.00 %  % || Gg(l=0) ave= 2.704E-01 +/- 1.18 % Gg(l=1) ave= 0.000E+00 +/- 0.00 % Gg(l=2) ave= 0.000E+00 +/- 0.00 % Gg(l=3) ave= 0.000E+00 +/- 0.00 %  % || D(l=0) ave= 8.740E+02 +/- 1.54 % D(l=1) ave= 0.000E+00 +/- 0.00 % D(l=2) ave= 0.000E+00 +/- 0.00 % D(l=3) ave= 0.000E+00 +/- 0.00 %  % || S(l=0) ave= 1.369E-04 +/- 16.17 % S(l=1) ave= 0.000E+00 +/- 0.00 % S(l=2) ave= 0.000E+00 +/- 0.00 % S(l=3) ave= 0.000E+00 +/- 0.00 % 
 ... random file  73 Cap(th)  ave= 1.036E+00 b. +/- 6.79 % || Ela(th) ave= 4.100E+00 b. +/- 7.57 % || RIcap ave= 5.01E+00 b. +/- 4.37 % || Macs30 ave= 5.40E-02 b. +/- 0.46 % || Gn^0(l=0) ave= 1.158E-01 +/- 15.26 % Gn^0(l=1) ave= 0.000E+00 +/- 0.00 % Gn^0(l=2) ave= 0.000E+00 +/- 0.00 % Gn^0(l=3) ave= 0.000E+00 +/- 0.00 % || Gtotal(l=0) ave= 1.460E+01 +/- 18.08 % Gtotal(l=1) ave= 0.000E+00 +/- 0.00 % Gtotal(l=2) ave= 0.000E+00 +/- 0.00 % Gtotal(l=3) ave= 0.000E+00 +/- 0.00 %  % || Gg(l=0) ave= 2.703E-01 +/- 1.18 % Gg(l=1) ave= 0.000E+00 +/- 0.00 % Gg(l=2) ave= 0.000E+00 +/- 0.00 % Gg(l=3) ave= 0.000E+00 +/- 0.00 %  % || D(l=0) ave= 8.742E+02 +/- 1.53 % D(l=1) ave= 0.000E+00 +/- 0.00 % D(l=2) ave= 0.000E+00 +/- 0.00 % D(l=3) ave= 0.000E+00 +/- 0.00 %  % || S(l=0) ave= 1.367E-04 +/- 16.10 % S(l=1) ave= 0.000E+00 +/- 0.00 % S(l=2) ave= 0.000E+00 +/- 0.00 % S(l=3) ave= 0.000E+00 +/- 0.00 % 
 ... random file  74 Cap(th)  ave= 1.037E+00 b. +/- 6.80 % || Ela(th) ave= 4.097E+00 b. +/- 7.56 % || RIcap ave= 5.01E+00 b. +/- 4.34 % || Macs30 ave= 5.40E-02 b. +/- 0.45 % || Gn^0(l=0) ave= 1.160E-01 +/- 15.21 % Gn^0(l=1) ave= 0.000E+00 +/- 0.00 % Gn^0(l=2) ave= 0.000E+00 +/- 0.00 % Gn^0(l=3) ave= 0.000E+00 +/- 0.00 % || Gtotal(l=0) ave= 1.462E+01 +/- 17.99 % Gtotal(l=1) ave= 0.000E+00 +/- 0.00 % Gtotal(l=2) ave= 0.000E+00 +/- 0.00 % Gtotal(l=3) ave= 0.000E+00 +/- 0.00 %  % || Gg(l=0) ave= 2.703E-01 +/- 1.17 % Gg(l=1) ave= 0.000E+00 +/- 0.00 % Gg(l=2) ave= 0.000E+00 +/- 0.00 % Gg(l=3) ave= 0.000E+00 +/- 0.00 %  % || D(l=0) ave= 8.744E+02 +/- 1.53 % D(l=1) ave= 0.000E+00 +/- 0.00 % D(l=2) ave= 0.000E+00 +/- 0.00 % D(l=3) ave= 0.000E+00 +/- 0.00 %  % || S(l=0) ave= 1.369E-04 +/- 16.02 % S(l=1) ave= 0.000E+00 +/- 0.00 % S(l=2) ave= 0.000E+00 +/- 0.00 % S(l=3) ave= 0.000E+00 +/- 0.00 % 
 ... random file  75 Cap(th)  ave= 1.037E+00 b. +/- 6.76 % || Ela(th) ave= 4.097E+00 b. +/- 7.51 % || RIcap ave= 5.01E+00 b. +/- 4.33 % || Macs30 ave= 5.40E-02 b. +/- 0.47 % || Gn^0(l=0) ave= 1.157E-01 +/- 15.34 % Gn^0(l=1) ave= 0.000E+00 +/- 0.00 % Gn^0(l=2) ave= 0.000E+00 +/- 0.00 % Gn^0(l=3) ave= 0.000E+00 +/- 0.00 % || Gtotal(l=0) ave= 1.457E+01 +/- 18.17 % Gtotal(l=1) ave= 0.000E+00 +/- 0.00 % Gtotal(l=2) ave= 0.000E+00 +/- 0.00 % Gtotal(l=3) ave= 0.000E+00 +/- 0.00 %  % || Gg(l=0) ave= 2.702E-01 +/- 1.20 % Gg(l=1) ave= 0.000E+00 +/- 0.00 % Gg(l=2) ave= 0.000E+00 +/- 0.00 % Gg(l=3) ave= 0.000E+00 +/- 0.00 %  % || D(l=0) ave= 8.745E+02 +/- 1.53 % D(l=1) ave= 0.000E+00 +/- 0.00 % D(l=2) ave= 0.000E+00 +/- 0.00 % D(l=3) ave= 0.000E+00 +/- 0.00 %  % || S(l=0) ave= 1.365E-04 +/- 16.17 % S(l=1) ave= 0.000E+00 +/- 0.00 % S(l=2) ave= 0.000E+00 +/- 0.00 % S(l=3) ave= 0.000E+00 +/- 0.00 % 
 ... random file  76 Cap(th)  ave= 1.036E+00 b. +/- 6.74 % || Ela(th) ave= 4.094E+00 b. +/- 7.52 % || RIcap ave= 5.01E+00 b. +/- 4.30 % || Macs30 ave= 5.40E-02 b. +/- 0.47 % || Gn^0(l=0) ave= 1.156E-01 +/- 15.26 % Gn^0(l=1) ave= 0.000E+00 +/- 0.00 % Gn^0(l=2) ave= 0.000E+00 +/- 0.00 % Gn^0(l=3) ave= 0.000E+00 +/- 0.00 % || Gtotal(l=0) ave= 1.456E+01 +/- 18.07 % Gtotal(l=1) ave= 0.000E+00 +/- 0.00 % Gtotal(l=2) ave= 0.000E+00 +/- 0.00 % Gtotal(l=3) ave= 0.000E+00 +/- 0.00 %  % || Gg(l=0) ave= 2.703E-01 +/- 1.20 % Gg(l=1) ave= 0.000E+00 +/- 0.00 % Gg(l=2) ave= 0.000E+00 +/- 0.00 % Gg(l=3) ave= 0.000E+00 +/- 0.00 %  % || D(l=0) ave= 8.743E+02 +/- 1.53 % D(l=1) ave= 0.000E+00 +/- 0.00 % D(l=2) ave= 0.000E+00 +/- 0.00 % D(l=3) ave= 0.000E+00 +/- 0.00 %  % || S(l=0) ave= 1.365E-04 +/- 16.07 % S(l=1) ave= 0.000E+00 +/- 0.00 % S(l=2) ave= 0.000E+00 +/- 0.00 % S(l=3) ave= 0.000E+00 +/- 0.00 % 
 ... random file  77 Cap(th)  ave= 1.036E+00 b. +/- 6.70 % || Ela(th) ave= 4.097E+00 b. +/- 7.51 % || RIcap ave= 5.01E+00 b. +/- 4.28 % || Macs30 ave= 5.40E-02 b. +/- 0.47 % || Gn^0(l=0) ave= 1.156E-01 +/- 15.17 % Gn^0(l=1) ave= 0.000E+00 +/- 0.00 % Gn^0(l=2) ave= 0.000E+00 +/- 0.00 % Gn^0(l=3) ave= 0.000E+00 +/- 0.00 % || Gtotal(l=0) ave= 1.456E+01 +/- 17.96 % Gtotal(l=1) ave= 0.000E+00 +/- 0.00 % Gtotal(l=2) ave= 0.000E+00 +/- 0.00 % Gtotal(l=3) ave= 0.000E+00 +/- 0.00 %  % || Gg(l=0) ave= 2.703E-01 +/- 1.20 % Gg(l=1) ave= 0.000E+00 +/- 0.00 % Gg(l=2) ave= 0.000E+00 +/- 0.00 % Gg(l=3) ave= 0.000E+00 +/- 0.00 %  % || D(l=0) ave= 8.742E+02 +/- 1.54 % D(l=1) ave= 0.000E+00 +/- 0.00 % D(l=2) ave= 0.000E+00 +/- 0.00 % D(l=3) ave= 0.000E+00 +/- 0.00 %  % || S(l=0) ave= 1.365E-04 +/- 15.98 % S(l=1) ave= 0.000E+00 +/- 0.00 % S(l=2) ave= 0.000E+00 +/- 0.00 % S(l=3) ave= 0.000E+00 +/- 0.00 % 
 ... random file  78 Cap(th)  ave= 1.035E+00 b. +/- 6.72 % || Ela(th) ave= 4.097E+00 b. +/- 7.46 % || RIcap ave= 5.01E+00 b. +/- 4.31 % || Macs30 ave= 5.40E-02 b. +/- 0.47 % || Gn^0(l=0) ave= 1.154E-01 +/- 15.18 % Gn^0(l=1) ave= 0.000E+00 +/- 0.00 % Gn^0(l=2) ave= 0.000E+00 +/- 0.00 % Gn^0(l=3) ave= 0.000E+00 +/- 0.00 % || Gtotal(l=0) ave= 1.453E+01 +/- 17.98 % Gtotal(l=1) ave= 0.000E+00 +/- 0.00 % Gtotal(l=2) ave= 0.000E+00 +/- 0.00 % Gtotal(l=3) ave= 0.000E+00 +/- 0.00 %  % || Gg(l=0) ave= 2.703E-01 +/- 1.21 % Gg(l=1) ave= 0.000E+00 +/- 0.00 % Gg(l=2) ave= 0.000E+00 +/- 0.00 % Gg(l=3) ave= 0.000E+00 +/- 0.00 %  % || D(l=0) ave= 8.743E+02 +/- 1.53 % D(l=1) ave= 0.000E+00 +/- 0.00 % D(l=2) ave= 0.000E+00 +/- 0.00 % D(l=3) ave= 0.000E+00 +/- 0.00 %  % || S(l=0) ave= 1.362E-04 +/- 15.99 % S(l=1) ave= 0.000E+00 +/- 0.00 % S(l=2) ave= 0.000E+00 +/- 0.00 % S(l=3) ave= 0.000E+00 +/- 0.00 % 
 ... random file  79 Cap(th)  ave= 1.036E+00 b. +/- 6.73 % || Ela(th) ave= 4.097E+00 b. +/- 7.41 % || RIcap ave= 5.01E+00 b. +/- 4.30 % || Macs30 ave= 5.40E-02 b. +/- 0.46 % || Gn^0(l=0) ave= 1.156E-01 +/- 15.22 % Gn^0(l=1) ave= 0.000E+00 +/- 0.00 % Gn^0(l=2) ave= 0.000E+00 +/- 0.00 % Gn^0(l=3) ave= 0.000E+00 +/- 0.00 % || Gtotal(l=0) ave= 1.457E+01 +/- 18.01 % Gtotal(l=1) ave= 0.000E+00 +/- 0.00 % Gtotal(l=2) ave= 0.000E+00 +/- 0.00 % Gtotal(l=3) ave= 0.000E+00 +/- 0.00 %  % || Gg(l=0) ave= 2.702E-01 +/- 1.20 % Gg(l=1) ave= 0.000E+00 +/- 0.00 % Gg(l=2) ave= 0.000E+00 +/- 0.00 % Gg(l=3) ave= 0.000E+00 +/- 0.00 %  % || D(l=0) ave= 8.741E+02 +/- 1.54 % D(l=1) ave= 0.000E+00 +/- 0.00 % D(l=2) ave= 0.000E+00 +/- 0.00 % D(l=3) ave= 0.000E+00 +/- 0.00 %  % || S(l=0) ave= 1.366E-04 +/- 16.04 % S(l=1) ave= 0.000E+00 +/- 0.00 % S(l=2) ave= 0.000E+00 +/- 0.00 % S(l=3) ave= 0.000E+00 +/- 0.00 % 
 ... random file  80 Cap(th)  ave= 1.037E+00 b. +/- 6.69 % || Ela(th) ave= 4.097E+00 b. +/- 7.37 % || RIcap ave= 5.01E+00 b. +/- 4.28 % || Macs30 ave= 5.40E-02 b. +/- 0.46 % || Gn^0(l=0) ave= 1.154E-01 +/- 15.25 % Gn^0(l=1) ave= 0.000E+00 +/- 0.00 % Gn^0(l=2) ave= 0.000E+00 +/- 0.00 % Gn^0(l=3) ave= 0.000E+00 +/- 0.00 % || Gtotal(l=0) ave= 1.453E+01 +/- 18.07 % Gtotal(l=1) ave= 0.000E+00 +/- 0.00 % Gtotal(l=2) ave= 0.000E+00 +/- 0.00 % Gtotal(l=3) ave= 0.000E+00 +/- 0.00 %  % || Gg(l=0) ave= 2.703E-01 +/- 1.19 % Gg(l=1) ave= 0.000E+00 +/- 0.00 % Gg(l=2) ave= 0.000E+00 +/- 0.00 % Gg(l=3) ave= 0.000E+00 +/- 0.00 %  % || D(l=0) ave= 8.743E+02 +/- 1.53 % D(l=1) ave= 0.000E+00 +/- 0.00 % D(l=2) ave= 0.000E+00 +/- 0.00 % D(l=3) ave= 0.000E+00 +/- 0.00 %  % || S(l=0) ave= 1.363E-04 +/- 16.08 % S(l=1) ave= 0.000E+00 +/- 0.00 % S(l=2) ave= 0.000E+00 +/- 0.00 % S(l=3) ave= 0.000E+00 +/- 0.00 % 
 ... random file  81 Cap(th)  ave= 1.036E+00 b. +/- 6.65 % || Ela(th) ave= 4.089E+00 b. +/- 7.55 % || RIcap ave= 5.01E+00 b. +/- 4.25 % || Macs30 ave= 5.40E-02 b. +/- 0.46 % || Gn^0(l=0) ave= 1.158E-01 +/- 15.33 % Gn^0(l=1) ave= 0.000E+00 +/- 0.00 % Gn^0(l=2) ave= 0.000E+00 +/- 0.00 % Gn^0(l=3) ave= 0.000E+00 +/- 0.00 % || Gtotal(l=0) ave= 1.459E+01 +/- 18.19 % Gtotal(l=1) ave= 0.000E+00 +/- 0.00 % Gtotal(l=2) ave= 0.000E+00 +/- 0.00 % Gtotal(l=3) ave= 0.000E+00 +/- 0.00 %  % || Gg(l=0) ave= 2.702E-01 +/- 1.19 % Gg(l=1) ave= 0.000E+00 +/- 0.00 % Gg(l=2) ave= 0.000E+00 +/- 0.00 % Gg(l=3) ave= 0.000E+00 +/- 0.00 %  % || D(l=0) ave= 8.741E+02 +/- 1.54 % D(l=1) ave= 0.000E+00 +/- 0.00 % D(l=2) ave= 0.000E+00 +/- 0.00 % D(l=3) ave= 0.000E+00 +/- 0.00 %  % || S(l=0) ave= 1.367E-04 +/- 16.17 % S(l=1) ave= 0.000E+00 +/- 0.00 % S(l=2) ave= 0.000E+00 +/- 0.00 % S(l=3) ave= 0.000E+00 +/- 0.00 % 
 ... random file  82 Cap(th)  ave= 1.037E+00 b. +/- 6.62 % || Ela(th) ave= 4.088E+00 b. +/- 7.50 % || RIcap ave= 5.01E+00 b. +/- 4.24 % || Macs30 ave= 5.40E-02 b. +/- 0.47 % || Gn^0(l=0) ave= 1.160E-01 +/- 15.30 % Gn^0(l=1) ave= 0.000E+00 +/- 0.00 % Gn^0(l=2) ave= 0.000E+00 +/- 0.00 % Gn^0(l=3) ave= 0.000E+00 +/- 0.00 % || Gtotal(l=0) ave= 1.462E+01 +/- 18.15 % Gtotal(l=1) ave= 0.000E+00 +/- 0.00 % Gtotal(l=2) ave= 0.000E+00 +/- 0.00 % Gtotal(l=3) ave= 0.000E+00 +/- 0.00 %  % || Gg(l=0) ave= 2.702E-01 +/- 1.18 % Gg(l=1) ave= 0.000E+00 +/- 0.00 % Gg(l=2) ave= 0.000E+00 +/- 0.00 % Gg(l=3) ave= 0.000E+00 +/- 0.00 %  % || D(l=0) ave= 8.740E+02 +/- 1.54 % D(l=1) ave= 0.000E+00 +/- 0.00 % D(l=2) ave= 0.000E+00 +/- 0.00 % D(l=3) ave= 0.000E+00 +/- 0.00 %  % || S(l=0) ave= 1.370E-04 +/- 16.14 % S(l=1) ave= 0.000E+00 +/- 0.00 % S(l=2) ave= 0.000E+00 +/- 0.00 % S(l=3) ave= 0.000E+00 +/- 0.00 % 
 ... random file  83 Cap(th)  ave= 1.038E+00 b. +/- 6.68 % || Ela(th) ave= 4.082E+00 b. +/- 7.60 % || RIcap ave= 5.01E+00 b. +/- 4.23 % || Macs30 ave= 5.40E-02 b. +/- 0.47 % || Gn^0(l=0) ave= 1.161E-01 +/- 15.22 % Gn^0(l=1) ave= 0.000E+00 +/- 0.00 % Gn^0(l=2) ave= 0.000E+00 +/- 0.00 % Gn^0(l=3) ave= 0.000E+00 +/- 0.00 % || Gtotal(l=0) ave= 1.464E+01 +/- 18.05 % Gtotal(l=1) ave= 0.000E+00 +/- 0.00 % Gtotal(l=2) ave= 0.000E+00 +/- 0.00 % Gtotal(l=3) ave= 0.000E+00 +/- 0.00 %  % || Gg(l=0) ave= 2.703E-01 +/- 1.18 % Gg(l=1) ave= 0.000E+00 +/- 0.00 % Gg(l=2) ave= 0.000E+00 +/- 0.00 % Gg(l=3) ave= 0.000E+00 +/- 0.00 %  % || D(l=0) ave= 8.738E+02 +/- 1.54 % D(l=1) ave= 0.000E+00 +/- 0.00 % D(l=2) ave= 0.000E+00 +/- 0.00 % D(l=3) ave= 0.000E+00 +/- 0.00 %  % || S(l=0) ave= 1.372E-04 +/- 16.07 % S(l=1) ave= 0.000E+00 +/- 0.00 % S(l=2) ave= 0.000E+00 +/- 0.00 % S(l=3) ave= 0.000E+00 +/- 0.00 % 
 ... random file  84 Cap(th)  ave= 1.039E+00 b. +/- 6.67 % || Ela(th) ave= 4.088E+00 b. +/- 7.64 % || RIcap ave= 5.02E+00 b. +/- 4.22 % || Macs30 ave= 5.40E-02 b. +/- 0.47 % || Gn^0(l=0) ave= 1.160E-01 +/- 15.15 % Gn^0(l=1) ave= 0.000E+00 +/- 0.00 % Gn^0(l=2) ave= 0.000E+00 +/- 0.00 % Gn^0(l=3) ave= 0.000E+00 +/- 0.00 % || Gtotal(l=0) ave= 1.463E+01 +/- 17.96 % Gtotal(l=1) ave= 0.000E+00 +/- 0.00 % Gtotal(l=2) ave= 0.000E+00 +/- 0.00 % Gtotal(l=3) ave= 0.000E+00 +/- 0.00 %  % || Gg(l=0) ave= 2.703E-01 +/- 1.17 % Gg(l=1) ave= 0.000E+00 +/- 0.00 % Gg(l=2) ave= 0.000E+00 +/- 0.00 % Gg(l=3) ave= 0.000E+00 +/- 0.00 %  % || D(l=0) ave= 8.736E+02 +/- 1.54 % D(l=1) ave= 0.000E+00 +/- 0.00 % D(l=2) ave= 0.000E+00 +/- 0.00 % D(l=3) ave= 0.000E+00 +/- 0.00 %  % || S(l=0) ave= 1.371E-04 +/- 15.98 % S(l=1) ave= 0.000E+00 +/- 0.00 % S(l=2) ave= 0.000E+00 +/- 0.00 % S(l=3) ave= 0.000E+00 +/- 0.00 % 
 ... random file  85 Cap(th)  ave= 1.039E+00 b. +/- 6.63 % || Ela(th) ave= 4.088E+00 b. +/- 7.60 % || RIcap ave= 5.02E+00 b. +/- 4.24 % || Macs30 ave= 5.40E-02 b. +/- 0.47 % || Gn^0(l=0) ave= 1.162E-01 +/- 15.08 % Gn^0(l=1) ave= 0.000E+00 +/- 0.00 % Gn^0(l=2) ave= 0.000E+00 +/- 0.00 % Gn^0(l=3) ave= 0.000E+00 +/- 0.00 % || Gtotal(l=0) ave= 1.465E+01 +/- 17.89 % Gtotal(l=1) ave= 0.000E+00 +/- 0.00 % Gtotal(l=2) ave= 0.000E+00 +/- 0.00 % Gtotal(l=3) ave= 0.000E+00 +/- 0.00 %  % || Gg(l=0) ave= 2.703E-01 +/- 1.18 % Gg(l=1) ave= 0.000E+00 +/- 0.00 % Gg(l=2) ave= 0.000E+00 +/- 0.00 % Gg(l=3) ave= 0.000E+00 +/- 0.00 %  % || D(l=0) ave= 8.735E+02 +/- 1.54 % D(l=1) ave= 0.000E+00 +/- 0.00 % D(l=2) ave= 0.000E+00 +/- 0.00 % D(l=3) ave= 0.000E+00 +/- 0.00 %  % || S(l=0) ave= 1.373E-04 +/- 15.92 % S(l=1) ave= 0.000E+00 +/- 0.00 % S(l=2) ave= 0.000E+00 +/- 0.00 % S(l=3) ave= 0.000E+00 +/- 0.00 % 
 ... random file  86 Cap(th)  ave= 1.039E+00 b. +/- 6.59 % || Ela(th) ave= 4.089E+00 b. +/- 7.56 % || RIcap ave= 5.02E+00 b. +/- 4.22 % || Macs30 ave= 5.40E-02 b. +/- 0.47 % || Gn^0(l=0) ave= 1.161E-01 +/- 15.00 % Gn^0(l=1) ave= 0.000E+00 +/- 0.00 % Gn^0(l=2) ave= 0.000E+00 +/- 0.00 % Gn^0(l=3) ave= 0.000E+00 +/- 0.00 % || Gtotal(l=0) ave= 1.465E+01 +/- 17.79 % Gtotal(l=1) ave= 0.000E+00 +/- 0.00 % Gtotal(l=2) ave= 0.000E+00 +/- 0.00 % Gtotal(l=3) ave= 0.000E+00 +/- 0.00 %  % || Gg(l=0) ave= 2.704E-01 +/- 1.17 % Gg(l=1) ave= 0.000E+00 +/- 0.00 % Gg(l=2) ave= 0.000E+00 +/- 0.00 % Gg(l=3) ave= 0.000E+00 +/- 0.00 %  % || D(l=0) ave= 8.733E+02 +/- 1.54 % D(l=1) ave= 0.000E+00 +/- 0.00 % D(l=2) ave= 0.000E+00 +/- 0.00 % D(l=3) ave= 0.000E+00 +/- 0.00 %  % || S(l=0) ave= 1.373E-04 +/- 15.83 % S(l=1) ave= 0.000E+00 +/- 0.00 % S(l=2) ave= 0.000E+00 +/- 0.00 % S(l=3) ave= 0.000E+00 +/- 0.00 % 
 ... random file  87 Cap(th)  ave= 1.040E+00 b. +/- 6.56 % || Ela(th) ave= 4.088E+00 b. +/- 7.52 % || RIcap ave= 5.02E+00 b. +/- 4.20 % || Macs30 ave= 5.40E-02 b. +/- 0.46 % || Gn^0(l=0) ave= 1.160E-01 +/- 14.99 % Gn^0(l=1) ave= 0.000E+00 +/- 0.00 % Gn^0(l=2) ave= 0.000E+00 +/- 0.00 % Gn^0(l=3) ave= 0.000E+00 +/- 0.00 % || Gtotal(l=0) ave= 1.463E+01 +/- 17.75 % Gtotal(l=1) ave= 0.000E+00 +/- 0.00 % Gtotal(l=2) ave= 0.000E+00 +/- 0.00 % Gtotal(l=3) ave= 0.000E+00 +/- 0.00 %  % || Gg(l=0) ave= 2.704E-01 +/- 1.17 % Gg(l=1) ave= 0.000E+00 +/- 0.00 % Gg(l=2) ave= 0.000E+00 +/- 0.00 % Gg(l=3) ave= 0.000E+00 +/- 0.00 %  % || D(l=0) ave= 8.732E+02 +/- 1.54 % D(l=1) ave= 0.000E+00 +/- 0.00 % D(l=2) ave= 0.000E+00 +/- 0.00 % D(l=3) ave= 0.000E+00 +/- 0.00 %  % || S(l=0) ave= 1.371E-04 +/- 15.80 % S(l=1) ave= 0.000E+00 +/- 0.00 % S(l=2) ave= 0.000E+00 +/- 0.00 % S(l=3) ave= 0.000E+00 +/- 0.00 % 
 ... random file  88 Cap(th)  ave= 1.041E+00 b. +/- 6.59 % || Ela(th) ave= 4.087E+00 b. +/- 7.48 % || RIcap ave= 5.02E+00 b. +/- 4.22 % || Macs30 ave= 5.40E-02 b. +/- 0.46 % || Gn^0(l=0) ave= 1.159E-01 +/- 14.93 % Gn^0(l=1) ave= 0.000E+00 +/- 0.00 % Gn^0(l=2) ave= 0.000E+00 +/- 0.00 % Gn^0(l=3) ave= 0.000E+00 +/- 0.00 % || Gtotal(l=0) ave= 1.462E+01 +/- 17.67 % Gtotal(l=1) ave= 0.000E+00 +/- 0.00 % Gtotal(l=2) ave= 0.000E+00 +/- 0.00 % Gtotal(l=3) ave= 0.000E+00 +/- 0.00 %  % || Gg(l=0) ave= 2.704E-01 +/- 1.16 % Gg(l=1) ave= 0.000E+00 +/- 0.00 % Gg(l=2) ave= 0.000E+00 +/- 0.00 % Gg(l=3) ave= 0.000E+00 +/- 0.00 %  % || D(l=0) ave= 8.730E+02 +/- 1.54 % D(l=1) ave= 0.000E+00 +/- 0.00 % D(l=2) ave= 0.000E+00 +/- 0.00 % D(l=3) ave= 0.000E+00 +/- 0.00 %  % || S(l=0) ave= 1.370E-04 +/- 15.73 % S(l=1) ave= 0.000E+00 +/- 0.00 % S(l=2) ave= 0.000E+00 +/- 0.00 % S(l=3) ave= 0.000E+00 +/- 0.00 % 
 ... random file  89 Cap(th)  ave= 1.042E+00 b. +/- 6.67 % || Ela(th) ave= 4.085E+00 b. +/- 7.47 % || RIcap ave= 5.02E+00 b. +/- 4.23 % || Macs30 ave= 5.40E-02 b. +/- 0.46 % || Gn^0(l=0) ave= 1.158E-01 +/- 14.86 % Gn^0(l=1) ave= 0.000E+00 +/- 0.00 % Gn^0(l=2) ave= 0.000E+00 +/- 0.00 % Gn^0(l=3) ave= 0.000E+00 +/- 0.00 % || Gtotal(l=0) ave= 1.461E+01 +/- 17.60 % Gtotal(l=1) ave= 0.000E+00 +/- 0.00 % Gtotal(l=2) ave= 0.000E+00 +/- 0.00 % Gtotal(l=3) ave= 0.000E+00 +/- 0.00 %  % || Gg(l=0) ave= 2.704E-01 +/- 1.15 % Gg(l=1) ave= 0.000E+00 +/- 0.00 % Gg(l=2) ave= 0.000E+00 +/- 0.00 % Gg(l=3) ave= 0.000E+00 +/- 0.00 %  % || D(l=0) ave= 8.732E+02 +/- 1.54 % D(l=1) ave= 0.000E+00 +/- 0.00 % D(l=2) ave= 0.000E+00 +/- 0.00 % D(l=3) ave= 0.000E+00 +/- 0.00 %  % || S(l=0) ave= 1.370E-04 +/- 15.66 % S(l=1) ave= 0.000E+00 +/- 0.00 % S(l=2) ave= 0.000E+00 +/- 0.00 % S(l=3) ave= 0.000E+00 +/- 0.00 % 
 ... random file  90 Cap(th)  ave= 1.041E+00 b. +/- 6.66 % || Ela(th) ave= 4.086E+00 b. +/- 7.43 % || RIcap ave= 5.02E+00 b. +/- 4.21 % || Macs30 ave= 5.40E-02 b. +/- 0.46 % || Gn^0(l=0) ave= 1.160E-01 +/- 14.80 % Gn^0(l=1) ave= 0.000E+00 +/- 0.00 % Gn^0(l=2) ave= 0.000E+00 +/- 0.00 % Gn^0(l=3) ave= 0.000E+00 +/- 0.00 % || Gtotal(l=0) ave= 1.463E+01 +/- 17.53 % Gtotal(l=1) ave= 0.000E+00 +/- 0.00 % Gtotal(l=2) ave= 0.000E+00 +/- 0.00 % Gtotal(l=3) ave= 0.000E+00 +/- 0.00 %  % || Gg(l=0) ave= 2.705E-01 +/- 1.16 % Gg(l=1) ave= 0.000E+00 +/- 0.00 % Gg(l=2) ave= 0.000E+00 +/- 0.00 % Gg(l=3) ave= 0.000E+00 +/- 0.00 %  % || D(l=0) ave= 8.730E+02 +/- 1.54 % D(l=1) ave= 0.000E+00 +/- 0.00 % D(l=2) ave= 0.000E+00 +/- 0.00 % D(l=3) ave= 0.000E+00 +/- 0.00 %  % || S(l=0) ave= 1.371E-04 +/- 15.60 % S(l=1) ave= 0.000E+00 +/- 0.00 % S(l=2) ave= 0.000E+00 +/- 0.00 % S(l=3) ave= 0.000E+00 +/- 0.00 % 
 ... random file  91 Cap(th)  ave= 1.042E+00 b. +/- 6.63 % || Ela(th) ave= 4.080E+00 b. +/- 7.53 % || RIcap ave= 5.02E+00 b. +/- 4.19 % || Macs30 ave= 5.40E-02 b. +/- 0.46 % || Gn^0(l=0) ave= 1.158E-01 +/- 14.78 % Gn^0(l=1) ave= 0.000E+00 +/- 0.00 % Gn^0(l=2) ave= 0.000E+00 +/- 0.00 % Gn^0(l=3) ave= 0.000E+00 +/- 0.00 % || Gtotal(l=0) ave= 1.461E+01 +/- 17.52 % Gtotal(l=1) ave= 0.000E+00 +/- 0.00 % Gtotal(l=2) ave= 0.000E+00 +/- 0.00 % Gtotal(l=3) ave= 0.000E+00 +/- 0.00 %  % || Gg(l=0) ave= 2.704E-01 +/- 1.16 % Gg(l=1) ave= 0.000E+00 +/- 0.00 % Gg(l=2) ave= 0.000E+00 +/- 0.00 % Gg(l=3) ave= 0.000E+00 +/- 0.00 %  % || D(l=0) ave= 8.732E+02 +/- 1.54 % D(l=1) ave= 0.000E+00 +/- 0.00 % D(l=2) ave= 0.000E+00 +/- 0.00 % D(l=3) ave= 0.000E+00 +/- 0.00 %  % || S(l=0) ave= 1.370E-04 +/- 15.59 % S(l=1) ave= 0.000E+00 +/- 0.00 % S(l=2) ave= 0.000E+00 +/- 0.00 % S(l=3) ave= 0.000E+00 +/- 0.00 % 
 ... random file  92 Cap(th)  ave= 1.042E+00 b. +/- 6.59 % || Ela(th) ave= 4.084E+00 b. +/- 7.54 % || RIcap ave= 5.02E+00 b. +/- 4.17 % || Macs30 ave= 5.40E-02 b. +/- 0.46 % || Gn^0(l=0) ave= 1.159E-01 +/- 14.70 % Gn^0(l=1) ave= 0.000E+00 +/- 0.00 % Gn^0(l=2) ave= 0.000E+00 +/- 0.00 % Gn^0(l=3) ave= 0.000E+00 +/- 0.00 % || Gtotal(l=0) ave= 1.462E+01 +/- 17.42 % Gtotal(l=1) ave= 0.000E+00 +/- 0.00 % Gtotal(l=2) ave= 0.000E+00 +/- 0.00 % Gtotal(l=3) ave= 0.000E+00 +/- 0.00 %  % || Gg(l=0) ave= 2.704E-01 +/- 1.15 % Gg(l=1) ave= 0.000E+00 +/- 0.00 % Gg(l=2) ave= 0.000E+00 +/- 0.00 % Gg(l=3) ave= 0.000E+00 +/- 0.00 %  % || D(l=0) ave= 8.730E+02 +/- 1.54 % D(l=1) ave= 0.000E+00 +/- 0.00 % D(l=2) ave= 0.000E+00 +/- 0.00 % D(l=3) ave= 0.000E+00 +/- 0.00 %  % || S(l=0) ave= 1.371E-04 +/- 15.51 % S(l=1) ave= 0.000E+00 +/- 0.00 % S(l=2) ave= 0.000E+00 +/- 0.00 % S(l=3) ave= 0.000E+00 +/- 0.00 % 
 ... random file  93 Cap(th)  ave= 1.041E+00 b. +/- 6.58 % || Ela(th) ave= 4.083E+00 b. +/- 7.50 % || RIcap ave= 5.02E+00 b. +/- 4.15 % || Macs30 ave= 5.40E-02 b. +/- 0.46 % || Gn^0(l=0) ave= 1.159E-01 +/- 14.62 % Gn^0(l=1) ave= 0.000E+00 +/- 0.00 % Gn^0(l=2) ave= 0.000E+00 +/- 0.00 % Gn^0(l=3) ave= 0.000E+00 +/- 0.00 % || Gtotal(l=0) ave= 1.461E+01 +/- 17.34 % Gtotal(l=1) ave= 0.000E+00 +/- 0.00 % Gtotal(l=2) ave= 0.000E+00 +/- 0.00 % Gtotal(l=3) ave= 0.000E+00 +/- 0.00 %  % || Gg(l=0) ave= 2.704E-01 +/- 1.15 % Gg(l=1) ave= 0.000E+00 +/- 0.00 % Gg(l=2) ave= 0.000E+00 +/- 0.00 % Gg(l=3) ave= 0.000E+00 +/- 0.00 %  % || D(l=0) ave= 8.732E+02 +/- 1.54 % D(l=1) ave= 0.000E+00 +/- 0.00 % D(l=2) ave= 0.000E+00 +/- 0.00 % D(l=3) ave= 0.000E+00 +/- 0.00 %  % || S(l=0) ave= 1.370E-04 +/- 15.44 % S(l=1) ave= 0.000E+00 +/- 0.00 % S(l=2) ave= 0.000E+00 +/- 0.00 % S(l=3) ave= 0.000E+00 +/- 0.00 % 
 ... random file  94 Cap(th)  ave= 1.041E+00 b. +/- 6.56 % || Ela(th) ave= 4.081E+00 b. +/- 7.49 % || RIcap ave= 5.02E+00 b. +/- 4.14 % || Macs30 ave= 5.40E-02 b. +/- 0.46 % || Gn^0(l=0) ave= 1.157E-01 +/- 14.73 % Gn^0(l=1) ave= 0.000E+00 +/- 0.00 % Gn^0(l=2) ave= 0.000E+00 +/- 0.00 % Gn^0(l=3) ave= 0.000E+00 +/- 0.00 % || Gtotal(l=0) ave= 1.458E+01 +/- 17.48 % Gtotal(l=1) ave= 0.000E+00 +/- 0.00 % Gtotal(l=2) ave= 0.000E+00 +/- 0.00 % Gtotal(l=3) ave= 0.000E+00 +/- 0.00 %  % || Gg(l=0) ave= 2.704E-01 +/- 1.15 % Gg(l=1) ave= 0.000E+00 +/- 0.00 % Gg(l=2) ave= 0.000E+00 +/- 0.00 % Gg(l=3) ave= 0.000E+00 +/- 0.00 %  % || D(l=0) ave= 8.733E+02 +/- 1.54 % D(l=1) ave= 0.000E+00 +/- 0.00 % D(l=2) ave= 0.000E+00 +/- 0.00 % D(l=3) ave= 0.000E+00 +/- 0.00 %  % || S(l=0) ave= 1.367E-04 +/- 15.55 % S(l=1) ave= 0.000E+00 +/- 0.00 % S(l=2) ave= 0.000E+00 +/- 0.00 % S(l=3) ave= 0.000E+00 +/- 0.00 % 
 ... random file  95 Cap(th)  ave= 1.041E+00 b. +/- 6.52 % || Ela(th) ave= 4.078E+00 b. +/- 7.49 % || RIcap ave= 5.02E+00 b. +/- 4.12 % || Macs30 ave= 5.40E-02 b. +/- 0.46 % || Gn^0(l=0) ave= 1.155E-01 +/- 14.72 % Gn^0(l=1) ave= 0.000E+00 +/- 0.00 % Gn^0(l=2) ave= 0.000E+00 +/- 0.00 % Gn^0(l=3) ave= 0.000E+00 +/- 0.00 % || Gtotal(l=0) ave= 1.455E+01 +/- 17.51 % Gtotal(l=1) ave= 0.000E+00 +/- 0.00 % Gtotal(l=2) ave= 0.000E+00 +/- 0.00 % Gtotal(l=3) ave= 0.000E+00 +/- 0.00 %  % || Gg(l=0) ave= 2.704E-01 +/- 1.14 % Gg(l=1) ave= 0.000E+00 +/- 0.00 % Gg(l=2) ave= 0.000E+00 +/- 0.00 % Gg(l=3) ave= 0.000E+00 +/- 0.00 %  % || D(l=0) ave= 8.735E+02 +/- 1.54 % D(l=1) ave= 0.000E+00 +/- 0.00 % D(l=2) ave= 0.000E+00 +/- 0.00 % D(l=3) ave= 0.000E+00 +/- 0.00 %  % || S(l=0) ave= 1.365E-04 +/- 15.55 % S(l=1) ave= 0.000E+00 +/- 0.00 % S(l=2) ave= 0.000E+00 +/- 0.00 % S(l=3) ave= 0.000E+00 +/- 0.00 % 
 ... random file  96 Cap(th)  ave= 1.041E+00 b. +/- 6.49 % || Ela(th) ave= 4.074E+00 b. +/- 7.53 % || RIcap ave= 5.02E+00 b. +/- 4.10 % || Macs30 ave= 5.40E-02 b. +/- 0.46 % || Gn^0(l=0) ave= 1.157E-01 +/- 14.68 % Gn^0(l=1) ave= 0.000E+00 +/- 0.00 % Gn^0(l=2) ave= 0.000E+00 +/- 0.00 % Gn^0(l=3) ave= 0.000E+00 +/- 0.00 % || Gtotal(l=0) ave= 1.457E+01 +/- 17.46 % Gtotal(l=1) ave= 0.000E+00 +/- 0.00 % Gtotal(l=2) ave= 0.000E+00 +/- 0.00 % Gtotal(l=3) ave= 0.000E+00 +/- 0.00 %  % || Gg(l=0) ave= 2.704E-01 +/- 1.14 % Gg(l=1) ave= 0.000E+00 +/- 0.00 % Gg(l=2) ave= 0.000E+00 +/- 0.00 % Gg(l=3) ave= 0.000E+00 +/- 0.00 %  % || D(l=0) ave= 8.733E+02 +/- 1.54 % D(l=1) ave= 0.000E+00 +/- 0.00 % D(l=2) ave= 0.000E+00 +/- 0.00 % D(l=3) ave= 0.000E+00 +/- 0.00 %  % || S(l=0) ave= 1.367E-04 +/- 15.51 % S(l=1) ave= 0.000E+00 +/- 0.00 % S(l=2) ave= 0.000E+00 +/- 0.00 % S(l=3) ave= 0.000E+00 +/- 0.00 % 
 ... random file  97 Cap(th)  ave= 1.040E+00 b. +/- 6.46 % || Ela(th) ave= 4.074E+00 b. +/- 7.49 % || RIcap ave= 5.02E+00 b. +/- 4.09 % || Macs30 ave= 5.40E-02 b. +/- 0.46 % || Gn^0(l=0) ave= 1.156E-01 +/- 14.61 % Gn^0(l=1) ave= 0.000E+00 +/- 0.00 % Gn^0(l=2) ave= 0.000E+00 +/- 0.00 % Gn^0(l=3) ave= 0.000E+00 +/- 0.00 % || Gtotal(l=0) ave= 1.456E+01 +/- 17.40 % Gtotal(l=1) ave= 0.000E+00 +/- 0.00 % Gtotal(l=2) ave= 0.000E+00 +/- 0.00 % Gtotal(l=3) ave= 0.000E+00 +/- 0.00 %  % || Gg(l=0) ave= 2.704E-01 +/- 1.14 % Gg(l=1) ave= 0.000E+00 +/- 0.00 % Gg(l=2) ave= 0.000E+00 +/- 0.00 % Gg(l=3) ave= 0.000E+00 +/- 0.00 %  % || D(l=0) ave= 8.735E+02 +/- 1.54 % D(l=1) ave= 0.000E+00 +/- 0.00 % D(l=2) ave= 0.000E+00 +/- 0.00 % D(l=3) ave= 0.000E+00 +/- 0.00 %  % || S(l=0) ave= 1.366E-04 +/- 15.44 % S(l=1) ave= 0.000E+00 +/- 0.00 % S(l=2) ave= 0.000E+00 +/- 0.00 % S(l=3) ave= 0.000E+00 +/- 0.00 % 
 ... random file  98 Cap(th)  ave= 1.041E+00 b. +/- 6.44 % || Ela(th) ave= 4.073E+00 b. +/- 7.46 % || RIcap ave= 5.02E+00 b. +/- 4.09 % || Macs30 ave= 5.40E-02 b. +/- 0.46 % || Gn^0(l=0) ave= 1.158E-01 +/- 14.56 % Gn^0(l=1) ave= 0.000E+00 +/- 0.00 % Gn^0(l=2) ave= 0.000E+00 +/- 0.00 % Gn^0(l=3) ave= 0.000E+00 +/- 0.00 % || Gtotal(l=0) ave= 1.458E+01 +/- 17.32 % Gtotal(l=1) ave= 0.000E+00 +/- 0.00 % Gtotal(l=2) ave= 0.000E+00 +/- 0.00 % Gtotal(l=3) ave= 0.000E+00 +/- 0.00 %  % || Gg(l=0) ave= 2.704E-01 +/- 1.13 % Gg(l=1) ave= 0.000E+00 +/- 0.00 % Gg(l=2) ave= 0.000E+00 +/- 0.00 % Gg(l=3) ave= 0.000E+00 +/- 0.00 %  % || D(l=0) ave= 8.736E+02 +/- 1.54 % D(l=1) ave= 0.000E+00 +/- 0.00 % D(l=2) ave= 0.000E+00 +/- 0.00 % D(l=3) ave= 0.000E+00 +/- 0.00 %  % || S(l=0) ave= 1.368E-04 +/- 15.38 % S(l=1) ave= 0.000E+00 +/- 0.00 % S(l=2) ave= 0.000E+00 +/- 0.00 % S(l=3) ave= 0.000E+00 +/- 0.00 % 
 ... random file  99 Cap(th)  ave= 1.041E+00 b. +/- 6.41 % || Ela(th) ave= 4.073E+00 b. +/- 7.42 % || RIcap ave= 5.02E+00 b. +/- 4.07 % || Macs30 ave= 5.40E-02 b. +/- 0.45 % || Gn^0(l=0) ave= 1.156E-01 +/- 14.60 % Gn^0(l=1) ave= 0.000E+00 +/- 0.00 % Gn^0(l=2) ave= 0.000E+00 +/- 0.00 % Gn^0(l=3) ave= 0.000E+00 +/- 0.00 % || Gtotal(l=0) ave= 1.455E+01 +/- 17.38 % Gtotal(l=1) ave= 0.000E+00 +/- 0.00 % Gtotal(l=2) ave= 0.000E+00 +/- 0.00 % Gtotal(l=3) ave= 0.000E+00 +/- 0.00 %  % || Gg(l=0) ave= 2.703E-01 +/- 1.13 % Gg(l=1) ave= 0.000E+00 +/- 0.00 % Gg(l=2) ave= 0.000E+00 +/- 0.00 % Gg(l=3) ave= 0.000E+00 +/- 0.00 %  % || D(l=0) ave= 8.737E+02 +/- 1.54 % D(l=1) ave= 0.000E+00 +/- 0.00 % D(l=2) ave= 0.000E+00 +/- 0.00 % D(l=3) ave= 0.000E+00 +/- 0.00 %  % || S(l=0) ave= 1.365E-04 +/- 15.43 % S(l=1) ave= 0.000E+00 +/- 0.00 % S(l=2) ave= 0.000E+00 +/- 0.00 % S(l=3) ave= 0.000E+00 +/- 0.00 % 
 ... random file  100 Cap(th)  ave= 1.042E+00 b. +/- 6.44 % || Ela(th) ave= 4.069E+00 b. +/- 7.47 % || RIcap ave= 5.02E+00 b. +/- 4.06 % || Macs30 ave= 5.40E-02 b. +/- 0.45 % || Gn^0(l=0) ave= 1.155E-01 +/- 14.56 % Gn^0(l=1) ave= 0.000E+00 +/- 0.00 % Gn^0(l=2) ave= 0.000E+00 +/- 0.00 % Gn^0(l=3) ave= 0.000E+00 +/- 0.00 % || Gtotal(l=0) ave= 1.454E+01 +/- 17.35 % Gtotal(l=1) ave= 0.000E+00 +/- 0.00 % Gtotal(l=2) ave= 0.000E+00 +/- 0.00 % Gtotal(l=3) ave= 0.000E+00 +/- 0.00 %  % || Gg(l=0) ave= 2.703E-01 +/- 1.13 % Gg(l=1) ave= 0.000E+00 +/- 0.00 % Gg(l=2) ave= 0.000E+00 +/- 0.00 % Gg(l=3) ave= 0.000E+00 +/- 0.00 %  % || D(l=0) ave= 8.739E+02 +/- 1.54 % D(l=1) ave= 0.000E+00 +/- 0.00 % D(l=2) ave= 0.000E+00 +/- 0.00 % D(l=3) ave= 0.000E+00 +/- 0.00 %  % || S(l=0) ave= 1.364E-04 +/- 15.39 % S(l=1) ave= 0.000E+00 +/- 0.00 % S(l=2) ave= 0.000E+00 +/- 0.00 % S(l=3) ave= 0.000E+00 +/- 0.00 % 
 ... random file  101 Cap(th)  ave= 1.043E+00 b. +/- 6.45 % || Ela(th) ave= 4.063E+00 b. +/- 7.56 % || RIcap ave= 5.02E+00 b. +/- 4.04 % || Macs30 ave= 5.40E-02 b. +/- 0.45 % || Gn^0(l=0) ave= 1.154E-01 +/- 14.50 % Gn^0(l=1) ave= 0.000E+00 +/- 0.00 % Gn^0(l=2) ave= 0.000E+00 +/- 0.00 % Gn^0(l=3) ave= 0.000E+00 +/- 0.00 % || Gtotal(l=0) ave= 1.453E+01 +/- 17.29 % Gtotal(l=1) ave= 0.000E+00 +/- 0.00 % Gtotal(l=2) ave= 0.000E+00 +/- 0.00 % Gtotal(l=3) ave= 0.000E+00 +/- 0.00 %  % || Gg(l=0) ave= 2.703E-01 +/- 1.12 % Gg(l=1) ave= 0.000E+00 +/- 0.00 % Gg(l=2) ave= 0.000E+00 +/- 0.00 % Gg(l=3) ave= 0.000E+00 +/- 0.00 %  % || D(l=0) ave= 8.740E+02 +/- 1.54 % D(l=1) ave= 0.000E+00 +/- 0.00 % D(l=2) ave= 0.000E+00 +/- 0.00 % D(l=3) ave= 0.000E+00 +/- 0.00 %  % || S(l=0) ave= 1.363E-04 +/- 15.33 % S(l=1) ave= 0.000E+00 +/- 0.00 % S(l=2) ave= 0.000E+00 +/- 0.00 % S(l=3) ave= 0.000E+00 +/- 0.00 % 
 ... random file  102 Cap(th)  ave= 1.043E+00 b. +/- 6.43 % || Ela(th) ave= 4.059E+00 b. +/- 7.61 % || RIcap ave= 5.03E+00 b. +/- 4.03 % || Macs30 ave= 5.40E-02 b. +/- 0.45 % || Gn^0(l=0) ave= 1.155E-01 +/- 14.42 % Gn^0(l=1) ave= 0.000E+00 +/- 0.00 % Gn^0(l=2) ave= 0.000E+00 +/- 0.00 % Gn^0(l=3) ave= 0.000E+00 +/- 0.00 % || Gtotal(l=0) ave= 1.453E+01 +/- 17.20 % Gtotal(l=1) ave= 0.000E+00 +/- 0.00 % Gtotal(l=2) ave= 0.000E+00 +/- 0.00 % Gtotal(l=3) ave= 0.000E+00 +/- 0.00 %  % || Gg(l=0) ave= 2.703E-01 +/- 1.12 % Gg(l=1) ave= 0.000E+00 +/- 0.00 % Gg(l=2) ave= 0.000E+00 +/- 0.00 % Gg(l=3) ave= 0.000E+00 +/- 0.00 %  % || D(l=0) ave= 8.739E+02 +/- 1.54 % D(l=1) ave= 0.000E+00 +/- 0.00 % D(l=2) ave= 0.000E+00 +/- 0.00 % D(l=3) ave= 0.000E+00 +/- 0.00 %  % || S(l=0) ave= 1.364E-04 +/- 15.26 % S(l=1) ave= 0.000E+00 +/- 0.00 % S(l=2) ave= 0.000E+00 +/- 0.00 % S(l=3) ave= 0.000E+00 +/- 0.00 % 
 ... random file  103 Cap(th)  ave= 1.043E+00 b. +/- 6.42 % || Ela(th) ave= 4.061E+00 b. +/- 7.59 % || RIcap ave= 5.02E+00 b. +/- 4.04 % || Macs30 ave= 5.40E-02 b. +/- 0.45 % || Gn^0(l=0) ave= 1.154E-01 +/- 14.40 % Gn^0(l=1) ave= 0.000E+00 +/- 0.00 % Gn^0(l=2) ave= 0.000E+00 +/- 0.00 % Gn^0(l=3) ave= 0.000E+00 +/- 0.00 % || Gtotal(l=0) ave= 1.452E+01 +/- 17.14 % Gtotal(l=1) ave= 0.000E+00 +/- 0.00 % Gtotal(l=2) ave= 0.000E+00 +/- 0.00 % Gtotal(l=3) ave= 0.000E+00 +/- 0.00 %  % || Gg(l=0) ave= 2.704E-01 +/- 1.12 % Gg(l=1) ave= 0.000E+00 +/- 0.00 % Gg(l=2) ave= 0.000E+00 +/- 0.00 % Gg(l=3) ave= 0.000E+00 +/- 0.00 %  % || D(l=0) ave= 8.737E+02 +/- 1.54 % D(l=1) ave= 0.000E+00 +/- 0.00 % D(l=2) ave= 0.000E+00 +/- 0.00 % D(l=3) ave= 0.000E+00 +/- 0.00 %  % || S(l=0) ave= 1.363E-04 +/- 15.22 % S(l=1) ave= 0.000E+00 +/- 0.00 % S(l=2) ave= 0.000E+00 +/- 0.00 % S(l=3) ave= 0.000E+00 +/- 0.00 % 
 ... random file  104 Cap(th)  ave= 1.043E+00 b. +/- 6.39 % || Ela(th) ave= 4.065E+00 b. +/- 7.61 % || RIcap ave= 5.02E+00 b. +/- 4.02 % || Macs30 ave= 5.40E-02 b. +/- 0.45 % || Gn^0(l=0) ave= 1.157E-01 +/- 14.52 % Gn^0(l=1) ave= 0.000E+00 +/- 0.00 % Gn^0(l=2) ave= 0.000E+00 +/- 0.00 % Gn^0(l=3) ave= 0.000E+00 +/- 0.00 % || Gtotal(l=0) ave= 1.456E+01 +/- 17.27 % Gtotal(l=1) ave= 0.000E+00 +/- 0.00 % Gtotal(l=2) ave= 0.000E+00 +/- 0.00 % Gtotal(l=3) ave= 0.000E+00 +/- 0.00 %  % || Gg(l=0) ave= 2.704E-01 +/- 1.11 % Gg(l=1) ave= 0.000E+00 +/- 0.00 % Gg(l=2) ave= 0.000E+00 +/- 0.00 % Gg(l=3) ave= 0.000E+00 +/- 0.00 %  % || D(l=0) ave= 8.736E+02 +/- 1.54 % D(l=1) ave= 0.000E+00 +/- 0.00 % D(l=2) ave= 0.000E+00 +/- 0.00 % D(l=3) ave= 0.000E+00 +/- 0.00 %  % || S(l=0) ave= 1.367E-04 +/- 15.35 % S(l=1) ave= 0.000E+00 +/- 0.00 % S(l=2) ave= 0.000E+00 +/- 0.00 % S(l=3) ave= 0.000E+00 +/- 0.00 % 
 ... random file  105 Cap(th)  ave= 1.043E+00 b. +/- 6.36 % || Ela(th) ave= 4.066E+00 b. +/- 7.58 % || RIcap ave= 5.02E+00 b. +/- 4.00 % || Macs30 ave= 5.40E-02 b. +/- 0.45 % || Gn^0(l=0) ave= 1.157E-01 +/- 14.45 % Gn^0(l=1) ave= 0.000E+00 +/- 0.00 % Gn^0(l=2) ave= 0.000E+00 +/- 0.00 % Gn^0(l=3) ave= 0.000E+00 +/- 0.00 % || Gtotal(l=0) ave= 1.456E+01 +/- 17.19 % Gtotal(l=1) ave= 0.000E+00 +/- 0.00 % Gtotal(l=2) ave= 0.000E+00 +/- 0.00 % Gtotal(l=3) ave= 0.000E+00 +/- 0.00 %  % || Gg(l=0) ave= 2.704E-01 +/- 1.11 % Gg(l=1) ave= 0.000E+00 +/- 0.00 % Gg(l=2) ave= 0.000E+00 +/- 0.00 % Gg(l=3) ave= 0.000E+00 +/- 0.00 %  % || D(l=0) ave= 8.737E+02 +/- 1.54 % D(l=1) ave= 0.000E+00 +/- 0.00 % D(l=2) ave= 0.000E+00 +/- 0.00 % D(l=3) ave= 0.000E+00 +/- 0.00 %  % || S(l=0) ave= 1.366E-04 +/- 15.28 % S(l=1) ave= 0.000E+00 +/- 0.00 % S(l=2) ave= 0.000E+00 +/- 0.00 % S(l=3) ave= 0.000E+00 +/- 0.00 % 
 ... random file  106 Cap(th)  ave= 1.041E+00 b. +/- 6.49 % || Ela(th) ave= 4.071E+00 b. +/- 7.62 % || RIcap ave= 5.02E+00 b. +/- 4.07 % || Macs30 ave= 5.40E-02 b. +/- 0.45 % || Gn^0(l=0) ave= 1.156E-01 +/- 14.39 % Gn^0(l=1) ave= 0.000E+00 +/- 0.00 % Gn^0(l=2) ave= 0.000E+00 +/- 0.00 % Gn^0(l=3) ave= 0.000E+00 +/- 0.00 % || Gtotal(l=0) ave= 1.456E+01 +/- 17.11 % Gtotal(l=1) ave= 0.000E+00 +/- 0.00 % Gtotal(l=2) ave= 0.000E+00 +/- 0.00 % Gtotal(l=3) ave= 0.000E+00 +/- 0.00 %  % || Gg(l=0) ave= 2.704E-01 +/- 1.11 % Gg(l=1) ave= 0.000E+00 +/- 0.00 % Gg(l=2) ave= 0.000E+00 +/- 0.00 % Gg(l=3) ave= 0.000E+00 +/- 0.00 %  % || D(l=0) ave= 8.736E+02 +/- 1.54 % D(l=1) ave= 0.000E+00 +/- 0.00 % D(l=2) ave= 0.000E+00 +/- 0.00 % D(l=3) ave= 0.000E+00 +/- 0.00 %  % || S(l=0) ave= 1.366E-04 +/- 15.21 % S(l=1) ave= 0.000E+00 +/- 0.00 % S(l=2) ave= 0.000E+00 +/- 0.00 % S(l=3) ave= 0.000E+00 +/- 0.00 % 
 ... random file  107 Cap(th)  ave= 1.041E+00 b. +/- 6.46 % || Ela(th) ave= 4.069E+00 b. +/- 7.61 % || RIcap ave= 5.02E+00 b. +/- 4.06 % || Macs30 ave= 5.40E-02 b. +/- 0.45 % || Gn^0(l=0) ave= 1.154E-01 +/- 14.49 % Gn^0(l=1) ave= 0.000E+00 +/- 0.00 % Gn^0(l=2) ave= 0.000E+00 +/- 0.00 % Gn^0(l=3) ave= 0.000E+00 +/- 0.00 % || Gtotal(l=0) ave= 1.453E+01 +/- 17.23 % Gtotal(l=1) ave= 0.000E+00 +/- 0.00 % Gtotal(l=2) ave= 0.000E+00 +/- 0.00 % Gtotal(l=3) ave= 0.000E+00 +/- 0.00 %  % || Gg(l=0) ave= 2.704E-01 +/- 1.10 % Gg(l=1) ave= 0.000E+00 +/- 0.00 % Gg(l=2) ave= 0.000E+00 +/- 0.00 % Gg(l=3) ave= 0.000E+00 +/- 0.00 %  % || D(l=0) ave= 8.737E+02 +/- 1.54 % D(l=1) ave= 0.000E+00 +/- 0.00 % D(l=2) ave= 0.000E+00 +/- 0.00 % D(l=3) ave= 0.000E+00 +/- 0.00 %  % || S(l=0) ave= 1.363E-04 +/- 15.32 % S(l=1) ave= 0.000E+00 +/- 0.00 % S(l=2) ave= 0.000E+00 +/- 0.00 % S(l=3) ave= 0.000E+00 +/- 0.00 % 
 ... random file  108 Cap(th)  ave= 1.040E+00 b. +/- 6.50 % || Ela(th) ave= 4.073E+00 b. +/- 7.66 % || RIcap ave= 5.02E+00 b. +/- 4.07 % || Macs30 ave= 5.40E-02 b. +/- 0.45 % || Gn^0(l=0) ave= 1.153E-01 +/- 14.44 % Gn^0(l=1) ave= 0.000E+00 +/- 0.00 % Gn^0(l=2) ave= 0.000E+00 +/- 0.00 % Gn^0(l=3) ave= 0.000E+00 +/- 0.00 % || Gtotal(l=0) ave= 1.452E+01 +/- 17.16 % Gtotal(l=1) ave= 0.000E+00 +/- 0.00 % Gtotal(l=2) ave= 0.000E+00 +/- 0.00 % Gtotal(l=3) ave= 0.000E+00 +/- 0.00 %  % || Gg(l=0) ave= 2.704E-01 +/- 1.10 % Gg(l=1) ave= 0.000E+00 +/- 0.00 % Gg(l=2) ave= 0.000E+00 +/- 0.00 % Gg(l=3) ave= 0.000E+00 +/- 0.00 %  % || D(l=0) ave= 8.736E+02 +/- 1.54 % D(l=1) ave= 0.000E+00 +/- 0.00 % D(l=2) ave= 0.000E+00 +/- 0.00 % D(l=3) ave= 0.000E+00 +/- 0.00 %  % || S(l=0) ave= 1.363E-04 +/- 15.26 % S(l=1) ave= 0.000E+00 +/- 0.00 % S(l=2) ave= 0.000E+00 +/- 0.00 % S(l=3) ave= 0.000E+00 +/- 0.00 % 
 ... random file  109 Cap(th)  ave= 1.040E+00 b. +/- 6.47 % || Ela(th) ave= 4.079E+00 b. +/- 7.76 % || RIcap ave= 5.02E+00 b. +/- 4.05 % || Macs30 ave= 5.40E-02 b. +/- 0.45 % || Gn^0(l=0) ave= 1.155E-01 +/- 14.45 % Gn^0(l=1) ave= 0.000E+00 +/- 0.00 % Gn^0(l=2) ave= 0.000E+00 +/- 0.00 % Gn^0(l=3) ave= 0.000E+00 +/- 0.00 % || Gtotal(l=0) ave= 1.455E+01 +/- 17.17 % Gtotal(l=1) ave= 0.000E+00 +/- 0.00 % Gtotal(l=2) ave= 0.000E+00 +/- 0.00 % Gtotal(l=3) ave= 0.000E+00 +/- 0.00 %  % || Gg(l=0) ave= 2.704E-01 +/- 1.09 % Gg(l=1) ave= 0.000E+00 +/- 0.00 % Gg(l=2) ave= 0.000E+00 +/- 0.00 % Gg(l=3) ave= 0.000E+00 +/- 0.00 %  % || D(l=0) ave= 8.735E+02 +/- 1.54 % D(l=1) ave= 0.000E+00 +/- 0.00 % D(l=2) ave= 0.000E+00 +/- 0.00 % D(l=3) ave= 0.000E+00 +/- 0.00 %  % || S(l=0) ave= 1.365E-04 +/- 15.28 % S(l=1) ave= 0.000E+00 +/- 0.00 % S(l=2) ave= 0.000E+00 +/- 0.00 % S(l=3) ave= 0.000E+00 +/- 0.00 % 
 ... random file  110 Cap(th)  ave= 1.040E+00 b. +/- 6.47 % || Ela(th) ave= 4.079E+00 b. +/- 7.72 % || RIcap ave= 5.02E+00 b. +/- 4.04 % || Macs30 ave= 5.40E-02 b. +/- 0.45 % || Gn^0(l=0) ave= 1.155E-01 +/- 14.39 % Gn^0(l=1) ave= 0.000E+00 +/- 0.00 % Gn^0(l=2) ave= 0.000E+00 +/- 0.00 % Gn^0(l=3) ave= 0.000E+00 +/- 0.00 % || Gtotal(l=0) ave= 1.455E+01 +/- 17.10 % Gtotal(l=1) ave= 0.000E+00 +/- 0.00 % Gtotal(l=2) ave= 0.000E+00 +/- 0.00 % Gtotal(l=3) ave= 0.000E+00 +/- 0.00 %  % || Gg(l=0) ave= 2.704E-01 +/- 1.09 % Gg(l=1) ave= 0.000E+00 +/- 0.00 % Gg(l=2) ave= 0.000E+00 +/- 0.00 % Gg(l=3) ave= 0.000E+00 +/- 0.00 %  % || D(l=0) ave= 8.736E+02 +/- 1.54 % D(l=1) ave= 0.000E+00 +/- 0.00 % D(l=2) ave= 0.000E+00 +/- 0.00 % D(l=3) ave= 0.000E+00 +/- 0.00 %  % || S(l=0) ave= 1.365E-04 +/- 15.21 % S(l=1) ave= 0.000E+00 +/- 0.00 % S(l=2) ave= 0.000E+00 +/- 0.00 % S(l=3) ave= 0.000E+00 +/- 0.00 % 
 ... random file  111 Cap(th)  ave= 1.040E+00 b. +/- 6.44 % || Ela(th) ave= 4.078E+00 b. +/- 7.70 % || RIcap ave= 5.02E+00 b. +/- 4.02 % || Macs30 ave= 5.40E-02 b. +/- 0.44 % || Gn^0(l=0) ave= 1.155E-01 +/- 14.33 % Gn^0(l=1) ave= 0.000E+00 +/- 0.00 % Gn^0(l=2) ave= 0.000E+00 +/- 0.00 % Gn^0(l=3) ave= 0.000E+00 +/- 0.00 % || Gtotal(l=0) ave= 1.454E+01 +/- 17.03 % Gtotal(l=1) ave= 0.000E+00 +/- 0.00 % Gtotal(l=2) ave= 0.000E+00 +/- 0.00 % Gtotal(l=3) ave= 0.000E+00 +/- 0.00 %  % || Gg(l=0) ave= 2.704E-01 +/- 1.09 % Gg(l=1) ave= 0.000E+00 +/- 0.00 % Gg(l=2) ave= 0.000E+00 +/- 0.00 % Gg(l=3) ave= 0.000E+00 +/- 0.00 %  % || D(l=0) ave= 8.737E+02 +/- 1.54 % D(l=1) ave= 0.000E+00 +/- 0.00 % D(l=2) ave= 0.000E+00 +/- 0.00 % D(l=3) ave= 0.000E+00 +/- 0.00 %  % || S(l=0) ave= 1.365E-04 +/- 15.15 % S(l=1) ave= 0.000E+00 +/- 0.00 % S(l=2) ave= 0.000E+00 +/- 0.00 % S(l=3) ave= 0.000E+00 +/- 0.00 % 
 ... random file  112 Cap(th)  ave= 1.040E+00 b. +/- 6.42 % || Ela(th) ave= 4.077E+00 b. +/- 7.67 % || RIcap ave= 5.02E+00 b. +/- 4.01 % || Macs30 ave= 5.40E-02 b. +/- 0.44 % || Gn^0(l=0) ave= 1.156E-01 +/- 14.27 % Gn^0(l=1) ave= 0.000E+00 +/- 0.00 % Gn^0(l=2) ave= 0.000E+00 +/- 0.00 % Gn^0(l=3) ave= 0.000E+00 +/- 0.00 % || Gtotal(l=0) ave= 1.455E+01 +/- 16.95 % Gtotal(l=1) ave= 0.000E+00 +/- 0.00 % Gtotal(l=2) ave= 0.000E+00 +/- 0.00 % Gtotal(l=3) ave= 0.000E+00 +/- 0.00 %  % || Gg(l=0) ave= 2.704E-01 +/- 1.09 % Gg(l=1) ave= 0.000E+00 +/- 0.00 % Gg(l=2) ave= 0.000E+00 +/- 0.00 % Gg(l=3) ave= 0.000E+00 +/- 0.00 %  % || D(l=0) ave= 8.738E+02 +/- 1.54 % D(l=1) ave= 0.000E+00 +/- 0.00 % D(l=2) ave= 0.000E+00 +/- 0.00 % D(l=3) ave= 0.000E+00 +/- 0.00 %  % || S(l=0) ave= 1.365E-04 +/- 15.08 % S(l=1) ave= 0.000E+00 +/- 0.00 % S(l=2) ave= 0.000E+00 +/- 0.00 % S(l=3) ave= 0.000E+00 +/- 0.00 % 
 ... random file  113 Cap(th)  ave= 1.039E+00 b. +/- 6.43 % || Ela(th) ave= 4.079E+00 b. +/- 7.65 % || RIcap ave= 5.02E+00 b. +/- 3.99 % || Macs30 ave= 5.40E-02 b. +/- 0.44 % || Gn^0(l=0) ave= 1.157E-01 +/- 14.23 % Gn^0(l=1) ave= 0.000E+00 +/- 0.00 % Gn^0(l=2) ave= 0.000E+00 +/- 0.00 % Gn^0(l=3) ave= 0.000E+00 +/- 0.00 % || Gtotal(l=0) ave= 1.457E+01 +/- 16.91 % Gtotal(l=1) ave= 0.000E+00 +/- 0.00 % Gtotal(l=2) ave= 0.000E+00 +/- 0.00 % Gtotal(l=3) ave= 0.000E+00 +/- 0.00 %  % || Gg(l=0) ave= 2.704E-01 +/- 1.09 % Gg(l=1) ave= 0.000E+00 +/- 0.00 % Gg(l=2) ave= 0.000E+00 +/- 0.00 % Gg(l=3) ave= 0.000E+00 +/- 0.00 %  % || D(l=0) ave= 8.737E+02 +/- 1.54 % D(l=1) ave= 0.000E+00 +/- 0.00 % D(l=2) ave= 0.000E+00 +/- 0.00 % D(l=3) ave= 0.000E+00 +/- 0.00 %  % || S(l=0) ave= 1.367E-04 +/- 15.05 % S(l=1) ave= 0.000E+00 +/- 0.00 % S(l=2) ave= 0.000E+00 +/- 0.00 % S(l=3) ave= 0.000E+00 +/- 0.00 % 
 ... random file  114 Cap(th)  ave= 1.039E+00 b. +/- 6.41 % || Ela(th) ave= 4.079E+00 b. +/- 7.61 % || RIcap ave= 5.02E+00 b. +/- 3.98 % || Macs30 ave= 5.40E-02 b. +/- 0.44 % || Gn^0(l=0) ave= 1.159E-01 +/- 14.24 % Gn^0(l=1) ave= 0.000E+00 +/- 0.00 % Gn^0(l=2) ave= 0.000E+00 +/- 0.00 % Gn^0(l=3) ave= 0.000E+00 +/- 0.00 % || Gtotal(l=0) ave= 1.460E+01 +/- 16.92 % Gtotal(l=1) ave= 0.000E+00 +/- 0.00 % Gtotal(l=2) ave= 0.000E+00 +/- 0.00 % Gtotal(l=3) ave= 0.000E+00 +/- 0.00 %  % || Gg(l=0) ave= 2.704E-01 +/- 1.09 % Gg(l=1) ave= 0.000E+00 +/- 0.00 % Gg(l=2) ave= 0.000E+00 +/- 0.00 % Gg(l=3) ave= 0.000E+00 +/- 0.00 %  % || D(l=0) ave= 8.736E+02 +/- 1.54 % D(l=1) ave= 0.000E+00 +/- 0.00 % D(l=2) ave= 0.000E+00 +/- 0.00 % D(l=3) ave= 0.000E+00 +/- 0.00 %  % || S(l=0) ave= 1.369E-04 +/- 15.06 % S(l=1) ave= 0.000E+00 +/- 0.00 % S(l=2) ave= 0.000E+00 +/- 0.00 % S(l=3) ave= 0.000E+00 +/- 0.00 % 
 ... random file  115 Cap(th)  ave= 1.037E+00 b. +/- 6.62 % || Ela(th) ave= 4.081E+00 b. +/- 7.60 % || RIcap ave= 5.01E+00 b. +/- 4.11 % || Macs30 ave= 5.40E-02 b. +/- 0.44 % || Gn^0(l=0) ave= 1.158E-01 +/- 14.22 % Gn^0(l=1) ave= 0.000E+00 +/- 0.00 % Gn^0(l=2) ave= 0.000E+00 +/- 0.00 % Gn^0(l=3) ave= 0.000E+00 +/- 0.00 % || Gtotal(l=0) ave= 1.458E+01 +/- 16.91 % Gtotal(l=1) ave= 0.000E+00 +/- 0.00 % Gtotal(l=2) ave= 0.000E+00 +/- 0.00 % Gtotal(l=3) ave= 0.000E+00 +/- 0.00 %  % || Gg(l=0) ave= 2.704E-01 +/- 1.09 % Gg(l=1) ave= 0.000E+00 +/- 0.00 % Gg(l=2) ave= 0.000E+00 +/- 0.00 % Gg(l=3) ave= 0.000E+00 +/- 0.00 %  % || D(l=0) ave= 8.737E+02 +/- 1.54 % D(l=1) ave= 0.000E+00 +/- 0.00 % D(l=2) ave= 0.000E+00 +/- 0.00 % D(l=3) ave= 0.000E+00 +/- 0.00 %  % || S(l=0) ave= 1.368E-04 +/- 15.05 % S(l=1) ave= 0.000E+00 +/- 0.00 % S(l=2) ave= 0.000E+00 +/- 0.00 % S(l=3) ave= 0.000E+00 +/- 0.00 % 
 ... random file  116 Cap(th)  ave= 1.037E+00 b. +/- 6.59 % || Ela(th) ave= 4.080E+00 b. +/- 7.57 % || RIcap ave= 5.01E+00 b. +/- 4.12 % || Macs30 ave= 5.40E-02 b. +/- 0.45 % || Gn^0(l=0) ave= 1.157E-01 +/- 14.19 % Gn^0(l=1) ave= 0.000E+00 +/- 0.00 % Gn^0(l=2) ave= 0.000E+00 +/- 0.00 % Gn^0(l=3) ave= 0.000E+00 +/- 0.00 % || Gtotal(l=0) ave= 1.456E+01 +/- 16.90 % Gtotal(l=1) ave= 0.000E+00 +/- 0.00 % Gtotal(l=2) ave= 0.000E+00 +/- 0.00 % Gtotal(l=3) ave= 0.000E+00 +/- 0.00 %  % || Gg(l=0) ave= 2.704E-01 +/- 1.09 % Gg(l=1) ave= 0.000E+00 +/- 0.00 % Gg(l=2) ave= 0.000E+00 +/- 0.00 % Gg(l=3) ave= 0.000E+00 +/- 0.00 %  % || D(l=0) ave= 8.738E+02 +/- 1.54 % D(l=1) ave= 0.000E+00 +/- 0.00 % D(l=2) ave= 0.000E+00 +/- 0.00 % D(l=3) ave= 0.000E+00 +/- 0.00 %  % || S(l=0) ave= 1.367E-04 +/- 15.02 % S(l=1) ave= 0.000E+00 +/- 0.00 % S(l=2) ave= 0.000E+00 +/- 0.00 % S(l=3) ave= 0.000E+00 +/- 0.00 % 
 ... random file  117 Cap(th)  ave= 1.037E+00 b. +/- 6.57 % || Ela(th) ave= 4.080E+00 b. +/- 7.53 % || RIcap ave= 5.01E+00 b. +/- 4.12 % || Macs30 ave= 5.40E-02 b. +/- 0.45 % || Gn^0(l=0) ave= 1.157E-01 +/- 14.14 % Gn^0(l=1) ave= 0.000E+00 +/- 0.00 % Gn^0(l=2) ave= 0.000E+00 +/- 0.00 % Gn^0(l=3) ave= 0.000E+00 +/- 0.00 % || Gtotal(l=0) ave= 1.456E+01 +/- 16.84 % Gtotal(l=1) ave= 0.000E+00 +/- 0.00 % Gtotal(l=2) ave= 0.000E+00 +/- 0.00 % Gtotal(l=3) ave= 0.000E+00 +/- 0.00 %  % || Gg(l=0) ave= 2.703E-01 +/- 1.09 % Gg(l=1) ave= 0.000E+00 +/- 0.00 % Gg(l=2) ave= 0.000E+00 +/- 0.00 % Gg(l=3) ave= 0.000E+00 +/- 0.00 %  % || D(l=0) ave= 8.739E+02 +/- 1.54 % D(l=1) ave= 0.000E+00 +/- 0.00 % D(l=2) ave= 0.000E+00 +/- 0.00 % D(l=3) ave= 0.000E+00 +/- 0.00 %  % || S(l=0) ave= 1.366E-04 +/- 14.97 % S(l=1) ave= 0.000E+00 +/- 0.00 % S(l=2) ave= 0.000E+00 +/- 0.00 % S(l=3) ave= 0.000E+00 +/- 0.00 % 
 ... random file  118 Cap(th)  ave= 1.037E+00 b. +/- 6.55 % || Ela(th) ave= 4.081E+00 b. +/- 7.51 % || RIcap ave= 5.01E+00 b. +/- 4.11 % || Macs30 ave= 5.40E-02 b. +/- 0.45 % || Gn^0(l=0) ave= 1.157E-01 +/- 14.08 % Gn^0(l=1) ave= 0.000E+00 +/- 0.00 % Gn^0(l=2) ave= 0.000E+00 +/- 0.00 % Gn^0(l=3) ave= 0.000E+00 +/- 0.00 % || Gtotal(l=0) ave= 1.456E+01 +/- 16.77 % Gtotal(l=1) ave= 0.000E+00 +/- 0.00 % Gtotal(l=2) ave= 0.000E+00 +/- 0.00 % Gtotal(l=3) ave= 0.000E+00 +/- 0.00 %  % || Gg(l=0) ave= 2.703E-01 +/- 1.08 % Gg(l=1) ave= 0.000E+00 +/- 0.00 % Gg(l=2) ave= 0.000E+00 +/- 0.00 % Gg(l=3) ave= 0.000E+00 +/- 0.00 %  % || D(l=0) ave= 8.740E+02 +/- 1.54 % D(l=1) ave= 0.000E+00 +/- 0.00 % D(l=2) ave= 0.000E+00 +/- 0.00 % D(l=3) ave= 0.000E+00 +/- 0.00 %  % || S(l=0) ave= 1.367E-04 +/- 14.91 % S(l=1) ave= 0.000E+00 +/- 0.00 % S(l=2) ave= 0.000E+00 +/- 0.00 % S(l=3) ave= 0.000E+00 +/- 0.00 % 
 ... random file  119 Cap(th)  ave= 1.037E+00 b. +/- 6.53 % || Ela(th) ave= 4.080E+00 b. +/- 7.49 % || RIcap ave= 5.01E+00 b. +/- 4.09 % || Macs30 ave= 5.40E-02 b. +/- 0.45 % || Gn^0(l=0) ave= 1.158E-01 +/- 14.03 % Gn^0(l=1) ave= 0.000E+00 +/- 0.00 % Gn^0(l=2) ave= 0.000E+00 +/- 0.00 % Gn^0(l=3) ave= 0.000E+00 +/- 0.00 % || Gtotal(l=0) ave= 1.457E+01 +/- 16.70 % Gtotal(l=1) ave= 0.000E+00 +/- 0.00 % Gtotal(l=2) ave= 0.000E+00 +/- 0.00 % Gtotal(l=3) ave= 0.000E+00 +/- 0.00 %  % || Gg(l=0) ave= 2.703E-01 +/- 1.08 % Gg(l=1) ave= 0.000E+00 +/- 0.00 % Gg(l=2) ave= 0.000E+00 +/- 0.00 % Gg(l=3) ave= 0.000E+00 +/- 0.00 %  % || D(l=0) ave= 8.741E+02 +/- 1.54 % D(l=1) ave= 0.000E+00 +/- 0.00 % D(l=2) ave= 0.000E+00 +/- 0.00 % D(l=3) ave= 0.000E+00 +/- 0.00 %  % || S(l=0) ave= 1.367E-04 +/- 14.85 % S(l=1) ave= 0.000E+00 +/- 0.00 % S(l=2) ave= 0.000E+00 +/- 0.00 % S(l=3) ave= 0.000E+00 +/- 0.00 % 
 ... random file  120 Cap(th)  ave= 1.037E+00 b. +/- 6.51 % || Ela(th) ave= 4.078E+00 b. +/- 7.48 % || RIcap ave= 5.01E+00 b. +/- 4.07 % || Macs30 ave= 5.40E-02 b. +/- 0.45 % || Gn^0(l=0) ave= 1.158E-01 +/- 13.97 % Gn^0(l=1) ave= 0.000E+00 +/- 0.00 % Gn^0(l=2) ave= 0.000E+00 +/- 0.00 % Gn^0(l=3) ave= 0.000E+00 +/- 0.00 % || Gtotal(l=0) ave= 1.457E+01 +/- 16.63 % Gtotal(l=1) ave= 0.000E+00 +/- 0.00 % Gtotal(l=2) ave= 0.000E+00 +/- 0.00 % Gtotal(l=3) ave= 0.000E+00 +/- 0.00 %  % || Gg(l=0) ave= 2.703E-01 +/- 1.08 % Gg(l=1) ave= 0.000E+00 +/- 0.00 % Gg(l=2) ave= 0.000E+00 +/- 0.00 % Gg(l=3) ave= 0.000E+00 +/- 0.00 %  % || D(l=0) ave= 8.742E+02 +/- 1.53 % D(l=1) ave= 0.000E+00 +/- 0.00 % D(l=2) ave= 0.000E+00 +/- 0.00 % D(l=3) ave= 0.000E+00 +/- 0.00 %  % || S(l=0) ave= 1.368E-04 +/- 14.78 % S(l=1) ave= 0.000E+00 +/- 0.00 % S(l=2) ave= 0.000E+00 +/- 0.00 % S(l=3) ave= 0.000E+00 +/- 0.00 % 
 ... random file  121 Cap(th)  ave= 1.037E+00 b. +/- 6.48 % || Ela(th) ave= 4.075E+00 b. +/- 7.52 % || RIcap ave= 5.01E+00 b. +/- 4.06 % || Macs30 ave= 5.40E-02 b. +/- 0.45 % || Gn^0(l=0) ave= 1.160E-01 +/- 13.98 % Gn^0(l=1) ave= 0.000E+00 +/- 0.00 % Gn^0(l=2) ave= 0.000E+00 +/- 0.00 % Gn^0(l=3) ave= 0.000E+00 +/- 0.00 % || Gtotal(l=0) ave= 1.460E+01 +/- 16.64 % Gtotal(l=1) ave= 0.000E+00 +/- 0.00 % Gtotal(l=2) ave= 0.000E+00 +/- 0.00 % Gtotal(l=3) ave= 0.000E+00 +/- 0.00 %  % || Gg(l=0) ave= 2.703E-01 +/- 1.07 % Gg(l=1) ave= 0.000E+00 +/- 0.00 % Gg(l=2) ave= 0.000E+00 +/- 0.00 % Gg(l=3) ave= 0.000E+00 +/- 0.00 %  % || D(l=0) ave= 8.741E+02 +/- 1.54 % D(l=1) ave= 0.000E+00 +/- 0.00 % D(l=2) ave= 0.000E+00 +/- 0.00 % D(l=3) ave= 0.000E+00 +/- 0.00 %  % || S(l=0) ave= 1.370E-04 +/- 14.80 % S(l=1) ave= 0.000E+00 +/- 0.00 % S(l=2) ave= 0.000E+00 +/- 0.00 % S(l=3) ave= 0.000E+00 +/- 0.00 % 
 ... random file  122 Cap(th)  ave= 1.036E+00 b. +/- 6.50 % || Ela(th) ave= 4.075E+00 b. +/- 7.49 % || RIcap ave= 5.01E+00 b. +/- 4.05 % || Macs30 ave= 5.40E-02 b. +/- 0.45 % || Gn^0(l=0) ave= 1.160E-01 +/- 13.93 % Gn^0(l=1) ave= 0.000E+00 +/- 0.00 % Gn^0(l=2) ave= 0.000E+00 +/- 0.00 % Gn^0(l=3) ave= 0.000E+00 +/- 0.00 % || Gtotal(l=0) ave= 1.461E+01 +/- 16.58 % Gtotal(l=1) ave= 0.000E+00 +/- 0.00 % Gtotal(l=2) ave= 0.000E+00 +/- 0.00 % Gtotal(l=3) ave= 0.000E+00 +/- 0.00 %  % || Gg(l=0) ave= 2.703E-01 +/- 1.07 % Gg(l=1) ave= 0.000E+00 +/- 0.00 % Gg(l=2) ave= 0.000E+00 +/- 0.00 % Gg(l=3) ave= 0.000E+00 +/- 0.00 %  % || D(l=0) ave= 8.740E+02 +/- 1.54 % D(l=1) ave= 0.000E+00 +/- 0.00 % D(l=2) ave= 0.000E+00 +/- 0.00 % D(l=3) ave= 0.000E+00 +/- 0.00 %  % || S(l=0) ave= 1.370E-04 +/- 14.75 % S(l=1) ave= 0.000E+00 +/- 0.00 % S(l=2) ave= 0.000E+00 +/- 0.00 % S(l=3) ave= 0.000E+00 +/- 0.00 % 
 ... random file  123 Cap(th)  ave= 1.036E+00 b. +/- 6.49 % || Ela(th) ave= 4.079E+00 b. +/- 7.51 % || RIcap ave= 5.01E+00 b. +/- 4.03 % || Macs30 ave= 5.40E-02 b. +/- 0.45 % || Gn^0(l=0) ave= 1.159E-01 +/- 13.93 % Gn^0(l=1) ave= 0.000E+00 +/- 0.00 % Gn^0(l=2) ave= 0.000E+00 +/- 0.00 % Gn^0(l=3) ave= 0.000E+00 +/- 0.00 % || Gtotal(l=0) ave= 1.459E+01 +/- 16.59 % Gtotal(l=1) ave= 0.000E+00 +/- 0.00 % Gtotal(l=2) ave= 0.000E+00 +/- 0.00 % Gtotal(l=3) ave= 0.000E+00 +/- 0.00 %  % || Gg(l=0) ave= 2.703E-01 +/- 1.07 % Gg(l=1) ave= 0.000E+00 +/- 0.00 % Gg(l=2) ave= 0.000E+00 +/- 0.00 % Gg(l=3) ave= 0.000E+00 +/- 0.00 %  % || D(l=0) ave= 8.741E+02 +/- 1.54 % D(l=1) ave= 0.000E+00 +/- 0.00 % D(l=2) ave= 0.000E+00 +/- 0.00 % D(l=3) ave= 0.000E+00 +/- 0.00 %  % || S(l=0) ave= 1.369E-04 +/- 14.75 % S(l=1) ave= 0.000E+00 +/- 0.00 % S(l=2) ave= 0.000E+00 +/- 0.00 % S(l=3) ave= 0.000E+00 +/- 0.00 % 
 ... random file  124 Cap(th)  ave= 1.036E+00 b. +/- 6.47 % || Ela(th) ave= 4.077E+00 b. +/- 7.51 % || RIcap ave= 5.01E+00 b. +/- 4.03 % || Macs30 ave= 5.40E-02 b. +/- 0.45 % || Gn^0(l=0) ave= 1.157E-01 +/- 14.04 % Gn^0(l=1) ave= 0.000E+00 +/- 0.00 % Gn^0(l=2) ave= 0.000E+00 +/- 0.00 % Gn^0(l=3) ave= 0.000E+00 +/- 0.00 % || Gtotal(l=0) ave= 1.456E+01 +/- 16.72 % Gtotal(l=1) ave= 0.000E+00 +/- 0.00 % Gtotal(l=2) ave= 0.000E+00 +/- 0.00 % Gtotal(l=3) ave= 0.000E+00 +/- 0.00 %  % || Gg(l=0) ave= 2.703E-01 +/- 1.07 % Gg(l=1) ave= 0.000E+00 +/- 0.00 % Gg(l=2) ave= 0.000E+00 +/- 0.00 % Gg(l=3) ave= 0.000E+00 +/- 0.00 %  % || D(l=0) ave= 8.742E+02 +/- 1.53 % D(l=1) ave= 0.000E+00 +/- 0.00 % D(l=2) ave= 0.000E+00 +/- 0.00 % D(l=3) ave= 0.000E+00 +/- 0.00 %  % || S(l=0) ave= 1.366E-04 +/- 14.88 % S(l=1) ave= 0.000E+00 +/- 0.00 % S(l=2) ave= 0.000E+00 +/- 0.00 % S(l=3) ave= 0.000E+00 +/- 0.00 % 
 ... random file  125 Cap(th)  ave= 1.038E+00 b. +/- 6.57 % || Ela(th) ave= 4.077E+00 b. +/- 7.48 % || RIcap ave= 5.01E+00 b. +/- 4.07 % || Macs30 ave= 5.40E-02 b. +/- 0.45 % || Gn^0(l=0) ave= 1.158E-01 +/- 14.00 % Gn^0(l=1) ave= 0.000E+00 +/- 0.00 % Gn^0(l=2) ave= 0.000E+00 +/- 0.00 % Gn^0(l=3) ave= 0.000E+00 +/- 0.00 % || Gtotal(l=0) ave= 1.457E+01 +/- 16.67 % Gtotal(l=1) ave= 0.000E+00 +/- 0.00 % Gtotal(l=2) ave= 0.000E+00 +/- 0.00 % Gtotal(l=3) ave= 0.000E+00 +/- 0.00 %  % || Gg(l=0) ave= 2.703E-01 +/- 1.07 % Gg(l=1) ave= 0.000E+00 +/- 0.00 % Gg(l=2) ave= 0.000E+00 +/- 0.00 % Gg(l=3) ave= 0.000E+00 +/- 0.00 %  % || D(l=0) ave= 8.741E+02 +/- 1.54 % D(l=1) ave= 0.000E+00 +/- 0.00 % D(l=2) ave= 0.000E+00 +/- 0.00 % D(l=3) ave= 0.000E+00 +/- 0.00 %  % || S(l=0) ave= 1.367E-04 +/- 14.83 % S(l=1) ave= 0.000E+00 +/- 0.00 % S(l=2) ave= 0.000E+00 +/- 0.00 % S(l=3) ave= 0.000E+00 +/- 0.00 % 
 ... random file  126 Cap(th)  ave= 1.038E+00 b. +/- 6.54 % || Ela(th) ave= 4.081E+00 b. +/- 7.52 % || RIcap ave= 5.01E+00 b. +/- 4.06 % || Macs30 ave= 5.40E-02 b. +/- 0.44 % || Gn^0(l=0) ave= 1.159E-01 +/- 13.96 % Gn^0(l=1) ave= 0.000E+00 +/- 0.00 % Gn^0(l=2) ave= 0.000E+00 +/- 0.00 % Gn^0(l=3) ave= 0.000E+00 +/- 0.00 % || Gtotal(l=0) ave= 1.459E+01 +/- 16.63 % Gtotal(l=1) ave= 0.000E+00 +/- 0.00 % Gtotal(l=2) ave= 0.000E+00 +/- 0.00 % Gtotal(l=3) ave= 0.000E+00 +/- 0.00 %  % || Gg(l=0) ave= 2.704E-01 +/- 1.08 % Gg(l=1) ave= 0.000E+00 +/- 0.00 % Gg(l=2) ave= 0.000E+00 +/- 0.00 % Gg(l=3) ave= 0.000E+00 +/- 0.00 %  % || D(l=0) ave= 8.740E+02 +/- 1.54 % D(l=1) ave= 0.000E+00 +/- 0.00 % D(l=2) ave= 0.000E+00 +/- 0.00 % D(l=3) ave= 0.000E+00 +/- 0.00 %  % || S(l=0) ave= 1.369E-04 +/- 14.79 % S(l=1) ave= 0.000E+00 +/- 0.00 % S(l=2) ave= 0.000E+00 +/- 0.00 % S(l=3) ave= 0.000E+00 +/- 0.00 % 
 ... random file  127 Cap(th)  ave= 1.037E+00 b. +/- 6.58 % || Ela(th) ave= 4.082E+00 b. +/- 7.50 % || RIcap ave= 5.01E+00 b. +/- 4.05 % || Macs30 ave= 5.40E-02 b. +/- 0.44 % || Gn^0(l=0) ave= 1.159E-01 +/- 13.91 % Gn^0(l=1) ave= 0.000E+00 +/- 0.00 % Gn^0(l=2) ave= 0.000E+00 +/- 0.00 % Gn^0(l=3) ave= 0.000E+00 +/- 0.00 % || Gtotal(l=0) ave= 1.460E+01 +/- 16.58 % Gtotal(l=1) ave= 0.000E+00 +/- 0.00 % Gtotal(l=2) ave= 0.000E+00 +/- 0.00 % Gtotal(l=3) ave= 0.000E+00 +/- 0.00 %  % || Gg(l=0) ave= 2.704E-01 +/- 1.08 % Gg(l=1) ave= 0.000E+00 +/- 0.00 % Gg(l=2) ave= 0.000E+00 +/- 0.00 % Gg(l=3) ave= 0.000E+00 +/- 0.00 %  % || D(l=0) ave= 8.739E+02 +/- 1.54 % D(l=1) ave= 0.000E+00 +/- 0.00 % D(l=2) ave= 0.000E+00 +/- 0.00 % D(l=3) ave= 0.000E+00 +/- 0.00 %  % || S(l=0) ave= 1.369E-04 +/- 14.74 % S(l=1) ave= 0.000E+00 +/- 0.00 % S(l=2) ave= 0.000E+00 +/- 0.00 % S(l=3) ave= 0.000E+00 +/- 0.00 % 
 ... random file  128 Cap(th)  ave= 1.037E+00 b. +/- 6.55 % || Ela(th) ave= 4.081E+00 b. +/- 7.47 % || RIcap ave= 5.01E+00 b. +/- 4.04 % || Macs30 ave= 5.40E-02 b. +/- 0.44 % || Gn^0(l=0) ave= 1.161E-01 +/- 13.92 % Gn^0(l=1) ave= 0.000E+00 +/- 0.00 % Gn^0(l=2) ave= 0.000E+00 +/- 0.00 % Gn^0(l=3) ave= 0.000E+00 +/- 0.00 % || Gtotal(l=0) ave= 1.462E+01 +/- 16.58 % Gtotal(l=1) ave= 0.000E+00 +/- 0.00 % Gtotal(l=2) ave= 0.000E+00 +/- 0.00 % Gtotal(l=3) ave= 0.000E+00 +/- 0.00 %  % || Gg(l=0) ave= 2.704E-01 +/- 1.07 % Gg(l=1) ave= 0.000E+00 +/- 0.00 % Gg(l=2) ave= 0.000E+00 +/- 0.00 % Gg(l=3) ave= 0.000E+00 +/- 0.00 %  % || D(l=0) ave= 8.738E+02 +/- 1.54 % D(l=1) ave= 0.000E+00 +/- 0.00 % D(l=2) ave= 0.000E+00 +/- 0.00 % D(l=3) ave= 0.000E+00 +/- 0.00 %  % || S(l=0) ave= 1.372E-04 +/- 14.76 % S(l=1) ave= 0.000E+00 +/- 0.00 % S(l=2) ave= 0.000E+00 +/- 0.00 % S(l=3) ave= 0.000E+00 +/- 0.00 % 
 ... random file  129 Cap(th)  ave= 1.037E+00 b. +/- 6.53 % || Ela(th) ave= 4.082E+00 b. +/- 7.44 % || RIcap ave= 5.01E+00 b. +/- 4.03 % || Macs30 ave= 5.40E-02 b. +/- 0.44 % || Gn^0(l=0) ave= 1.163E-01 +/- 14.03 % Gn^0(l=1) ave= 0.000E+00 +/- 0.00 % Gn^0(l=2) ave= 0.000E+00 +/- 0.00 % Gn^0(l=3) ave= 0.000E+00 +/- 0.00 % || Gtotal(l=0) ave= 1.466E+01 +/- 16.74 % Gtotal(l=1) ave= 0.000E+00 +/- 0.00 % Gtotal(l=2) ave= 0.000E+00 +/- 0.00 % Gtotal(l=3) ave= 0.000E+00 +/- 0.00 %  % || Gg(l=0) ave= 2.704E-01 +/- 1.08 % Gg(l=1) ave= 0.000E+00 +/- 0.00 % Gg(l=2) ave= 0.000E+00 +/- 0.00 % Gg(l=3) ave= 0.000E+00 +/- 0.00 %  % || D(l=0) ave= 8.737E+02 +/- 1.54 % D(l=1) ave= 0.000E+00 +/- 0.00 % D(l=2) ave= 0.000E+00 +/- 0.00 % D(l=3) ave= 0.000E+00 +/- 0.00 %  % || S(l=0) ave= 1.375E-04 +/- 14.88 % S(l=1) ave= 0.000E+00 +/- 0.00 % S(l=2) ave= 0.000E+00 +/- 0.00 % S(l=3) ave= 0.000E+00 +/- 0.00 % 
 ... random file  130 Cap(th)  ave= 1.038E+00 b. +/- 6.56 % || Ela(th) ave= 4.082E+00 b. +/- 7.41 % || RIcap ave= 5.01E+00 b. +/- 4.01 % || Macs30 ave= 5.40E-02 b. +/- 0.44 % || Gn^0(l=0) ave= 1.164E-01 +/- 13.98 % Gn^0(l=1) ave= 0.000E+00 +/- 0.00 % Gn^0(l=2) ave= 0.000E+00 +/- 0.00 % Gn^0(l=3) ave= 0.000E+00 +/- 0.00 % || Gtotal(l=0) ave= 1.466E+01 +/- 16.68 % Gtotal(l=1) ave= 0.000E+00 +/- 0.00 % Gtotal(l=2) ave= 0.000E+00 +/- 0.00 % Gtotal(l=3) ave= 0.000E+00 +/- 0.00 %  % || Gg(l=0) ave= 2.704E-01 +/- 1.10 % Gg(l=1) ave= 0.000E+00 +/- 0.00 % Gg(l=2) ave= 0.000E+00 +/- 0.00 % Gg(l=3) ave= 0.000E+00 +/- 0.00 %  % || D(l=0) ave= 8.738E+02 +/- 1.54 % D(l=1) ave= 0.000E+00 +/- 0.00 % D(l=2) ave= 0.000E+00 +/- 0.00 % D(l=3) ave= 0.000E+00 +/- 0.00 %  % || S(l=0) ave= 1.375E-04 +/- 14.82 % S(l=1) ave= 0.000E+00 +/- 0.00 % S(l=2) ave= 0.000E+00 +/- 0.00 % S(l=3) ave= 0.000E+00 +/- 0.00 % 
 ... random file  131 Cap(th)  ave= 1.037E+00 b. +/- 6.54 % || Ela(th) ave= 4.080E+00 b. +/- 7.40 % || RIcap ave= 5.01E+00 b. +/- 4.04 % || Macs30 ave= 5.40E-02 b. +/- 0.44 % || Gn^0(l=0) ave= 1.166E-01 +/- 14.06 % Gn^0(l=1) ave= 0.000E+00 +/- 0.00 % Gn^0(l=2) ave= 0.000E+00 +/- 0.00 % Gn^0(l=3) ave= 0.000E+00 +/- 0.00 % || Gtotal(l=0) ave= 1.469E+01 +/- 16.76 % Gtotal(l=1) ave= 0.000E+00 +/- 0.00 % Gtotal(l=2) ave= 0.000E+00 +/- 0.00 % Gtotal(l=3) ave= 0.000E+00 +/- 0.00 %  % || Gg(l=0) ave= 2.704E-01 +/- 1.09 % Gg(l=1) ave= 0.000E+00 +/- 0.00 % Gg(l=2) ave= 0.000E+00 +/- 0.00 % Gg(l=3) ave= 0.000E+00 +/- 0.00 %  % || D(l=0) ave= 8.737E+02 +/- 1.54 % D(l=1) ave= 0.000E+00 +/- 0.00 % D(l=2) ave= 0.000E+00 +/- 0.00 % D(l=3) ave= 0.000E+00 +/- 0.00 %  % || S(l=0) ave= 1.377E-04 +/- 14.90 % S(l=1) ave= 0.000E+00 +/- 0.00 % S(l=2) ave= 0.000E+00 +/- 0.00 % S(l=3) ave= 0.000E+00 +/- 0.00 % 
 ... random file  132 Cap(th)  ave= 1.038E+00 b. +/- 6.51 % || Ela(th) ave= 4.081E+00 b. +/- 7.37 % || RIcap ave= 5.01E+00 b. +/- 4.04 % || Macs30 ave= 5.40E-02 b. +/- 0.44 % || Gn^0(l=0) ave= 1.166E-01 +/- 14.00 % Gn^0(l=1) ave= 0.000E+00 +/- 0.00 % Gn^0(l=2) ave= 0.000E+00 +/- 0.00 % Gn^0(l=3) ave= 0.000E+00 +/- 0.00 % || Gtotal(l=0) ave= 1.470E+01 +/- 16.70 % Gtotal(l=1) ave= 0.000E+00 +/- 0.00 % Gtotal(l=2) ave= 0.000E+00 +/- 0.00 % Gtotal(l=3) ave= 0.000E+00 +/- 0.00 %  % || Gg(l=0) ave= 2.704E-01 +/- 1.10 % Gg(l=1) ave= 0.000E+00 +/- 0.00 % Gg(l=2) ave= 0.000E+00 +/- 0.00 % Gg(l=3) ave= 0.000E+00 +/- 0.00 %  % || D(l=0) ave= 8.736E+02 +/- 1.54 % D(l=1) ave= 0.000E+00 +/- 0.00 % D(l=2) ave= 0.000E+00 +/- 0.00 % D(l=3) ave= 0.000E+00 +/- 0.00 %  % || S(l=0) ave= 1.378E-04 +/- 14.85 % S(l=1) ave= 0.000E+00 +/- 0.00 % S(l=2) ave= 0.000E+00 +/- 0.00 % S(l=3) ave= 0.000E+00 +/- 0.00 % 
 ... random file  133 Cap(th)  ave= 1.037E+00 b. +/- 6.52 % || Ela(th) ave= 4.075E+00 b. +/- 7.51 % || RIcap ave= 5.01E+00 b. +/- 4.04 % || Macs30 ave= 5.40E-02 b. +/- 0.44 % || Gn^0(l=0) ave= 1.166E-01 +/- 13.95 % Gn^0(l=1) ave= 0.000E+00 +/- 0.00 % Gn^0(l=2) ave= 0.000E+00 +/- 0.00 % Gn^0(l=3) ave= 0.000E+00 +/- 0.00 % || Gtotal(l=0) ave= 1.470E+01 +/- 16.64 % Gtotal(l=1) ave= 0.000E+00 +/- 0.00 % Gtotal(l=2) ave= 0.000E+00 +/- 0.00 % Gtotal(l=3) ave= 0.000E+00 +/- 0.00 %  % || Gg(l=0) ave= 2.704E-01 +/- 1.11 % Gg(l=1) ave= 0.000E+00 +/- 0.00 % Gg(l=2) ave= 0.000E+00 +/- 0.00 % Gg(l=3) ave= 0.000E+00 +/- 0.00 %  % || D(l=0) ave= 8.737E+02 +/- 1.54 % D(l=1) ave= 0.000E+00 +/- 0.00 % D(l=2) ave= 0.000E+00 +/- 0.00 % D(l=3) ave= 0.000E+00 +/- 0.00 %  % || S(l=0) ave= 1.378E-04 +/- 14.79 % S(l=1) ave= 0.000E+00 +/- 0.00 % S(l=2) ave= 0.000E+00 +/- 0.00 % S(l=3) ave= 0.000E+00 +/- 0.00 % 
 ... random file  134 Cap(th)  ave= 1.037E+00 b. +/- 6.51 % || Ela(th) ave= 4.075E+00 b. +/- 7.48 % || RIcap ave= 5.01E+00 b. +/- 4.03 % || Macs30 ave= 5.40E-02 b. +/- 0.44 % || Gn^0(l=0) ave= 1.167E-01 +/- 13.92 % Gn^0(l=1) ave= 0.000E+00 +/- 0.00 % Gn^0(l=2) ave= 0.000E+00 +/- 0.00 % Gn^0(l=3) ave= 0.000E+00 +/- 0.00 % || Gtotal(l=0) ave= 1.472E+01 +/- 16.62 % Gtotal(l=1) ave= 0.000E+00 +/- 0.00 % Gtotal(l=2) ave= 0.000E+00 +/- 0.00 % Gtotal(l=3) ave= 0.000E+00 +/- 0.00 %  % || Gg(l=0) ave= 2.704E-01 +/- 1.10 % Gg(l=1) ave= 0.000E+00 +/- 0.00 % Gg(l=2) ave= 0.000E+00 +/- 0.00 % Gg(l=3) ave= 0.000E+00 +/- 0.00 %  % || D(l=0) ave= 8.736E+02 +/- 1.54 % D(l=1) ave= 0.000E+00 +/- 0.00 % D(l=2) ave= 0.000E+00 +/- 0.00 % D(l=3) ave= 0.000E+00 +/- 0.00 %  % || S(l=0) ave= 1.379E-04 +/- 14.77 % S(l=1) ave= 0.000E+00 +/- 0.00 % S(l=2) ave= 0.000E+00 +/- 0.00 % S(l=3) ave= 0.000E+00 +/- 0.00 % 
 ... random file  135 Cap(th)  ave= 1.037E+00 b. +/- 6.52 % || Ela(th) ave= 4.072E+00 b. +/- 7.52 % || RIcap ave= 5.01E+00 b. +/- 4.02 % || Macs30 ave= 5.40E-02 b. +/- 0.44 % || Gn^0(l=0) ave= 1.168E-01 +/- 13.90 % Gn^0(l=1) ave= 0.000E+00 +/- 0.00 % Gn^0(l=2) ave= 0.000E+00 +/- 0.00 % Gn^0(l=3) ave= 0.000E+00 +/- 0.00 % || Gtotal(l=0) ave= 1.473E+01 +/- 16.59 % Gtotal(l=1) ave= 0.000E+00 +/- 0.00 % Gtotal(l=2) ave= 0.000E+00 +/- 0.00 % Gtotal(l=3) ave= 0.000E+00 +/- 0.00 %  % || Gg(l=0) ave= 2.704E-01 +/- 1.10 % Gg(l=1) ave= 0.000E+00 +/- 0.00 % Gg(l=2) ave= 0.000E+00 +/- 0.00 % Gg(l=3) ave= 0.000E+00 +/- 0.00 %  % || D(l=0) ave= 8.735E+02 +/- 1.54 % D(l=1) ave= 0.000E+00 +/- 0.00 % D(l=2) ave= 0.000E+00 +/- 0.00 % D(l=3) ave= 0.000E+00 +/- 0.00 %  % || S(l=0) ave= 1.381E-04 +/- 14.75 % S(l=1) ave= 0.000E+00 +/- 0.00 % S(l=2) ave= 0.000E+00 +/- 0.00 % S(l=3) ave= 0.000E+00 +/- 0.00 % 
 ... random file  136 Cap(th)  ave= 1.037E+00 b. +/- 6.50 % || Ela(th) ave= 4.076E+00 b. +/- 7.56 % || RIcap ave= 5.01E+00 b. +/- 4.01 % || Macs30 ave= 5.40E-02 b. +/- 0.44 % || Gn^0(l=0) ave= 1.168E-01 +/- 13.88 % Gn^0(l=1) ave= 0.000E+00 +/- 0.00 % Gn^0(l=2) ave= 0.000E+00 +/- 0.00 % Gn^0(l=3) ave= 0.000E+00 +/- 0.00 % || Gtotal(l=0) ave= 1.473E+01 +/- 16.56 % Gtotal(l=1) ave= 0.000E+00 +/- 0.00 % Gtotal(l=2) ave= 0.000E+00 +/- 0.00 % Gtotal(l=3) ave= 0.000E+00 +/- 0.00 %  % || Gg(l=0) ave= 2.704E-01 +/- 1.09 % Gg(l=1) ave= 0.000E+00 +/- 0.00 % Gg(l=2) ave= 0.000E+00 +/- 0.00 % Gg(l=3) ave= 0.000E+00 +/- 0.00 %  % || D(l=0) ave= 8.734E+02 +/- 1.54 % D(l=1) ave= 0.000E+00 +/- 0.00 % D(l=2) ave= 0.000E+00 +/- 0.00 % D(l=3) ave= 0.000E+00 +/- 0.00 %  % || S(l=0) ave= 1.380E-04 +/- 14.72 % S(l=1) ave= 0.000E+00 +/- 0.00 % S(l=2) ave= 0.000E+00 +/- 0.00 % S(l=3) ave= 0.000E+00 +/- 0.00 % 
 ... random file  137 Cap(th)  ave= 1.037E+00 b. +/- 6.48 % || Ela(th) ave= 4.073E+00 b. +/- 7.60 % || RIcap ave= 5.01E+00 b. +/- 3.99 % || Macs30 ave= 5.40E-02 b. +/- 0.45 % || Gn^0(l=0) ave= 1.168E-01 +/- 13.83 % Gn^0(l=1) ave= 0.000E+00 +/- 0.00 % Gn^0(l=2) ave= 0.000E+00 +/- 0.00 % Gn^0(l=3) ave= 0.000E+00 +/- 0.00 % || Gtotal(l=0) ave= 1.473E+01 +/- 16.50 % Gtotal(l=1) ave= 0.000E+00 +/- 0.00 % Gtotal(l=2) ave= 0.000E+00 +/- 0.00 % Gtotal(l=3) ave= 0.000E+00 +/- 0.00 %  % || Gg(l=0) ave= 2.704E-01 +/- 1.09 % Gg(l=1) ave= 0.000E+00 +/- 0.00 % Gg(l=2) ave= 0.000E+00 +/- 0.00 % Gg(l=3) ave= 0.000E+00 +/- 0.00 %  % || D(l=0) ave= 8.733E+02 +/- 1.54 % D(l=1) ave= 0.000E+00 +/- 0.00 % D(l=2) ave= 0.000E+00 +/- 0.00 % D(l=3) ave= 0.000E+00 +/- 0.00 %  % || S(l=0) ave= 1.380E-04 +/- 14.66 % S(l=1) ave= 0.000E+00 +/- 0.00 % S(l=2) ave= 0.000E+00 +/- 0.00 % S(l=3) ave= 0.000E+00 +/- 0.00 % 
 ... random file  138 Cap(th)  ave= 1.038E+00 b. +/- 6.50 % || Ela(th) ave= 4.069E+00 b. +/- 7.64 % || RIcap ave= 5.01E+00 b. +/- 3.99 % || Macs30 ave= 5.40E-02 b. +/- 0.45 % || Gn^0(l=0) ave= 1.168E-01 +/- 13.79 % Gn^0(l=1) ave= 0.000E+00 +/- 0.00 % Gn^0(l=2) ave= 0.000E+00 +/- 0.00 % Gn^0(l=3) ave= 0.000E+00 +/- 0.00 % || Gtotal(l=0) ave= 1.474E+01 +/- 16.45 % Gtotal(l=1) ave= 0.000E+00 +/- 0.00 % Gtotal(l=2) ave= 0.000E+00 +/- 0.00 % Gtotal(l=3) ave= 0.000E+00 +/- 0.00 %  % || Gg(l=0) ave= 2.704E-01 +/- 1.09 % Gg(l=1) ave= 0.000E+00 +/- 0.00 % Gg(l=2) ave= 0.000E+00 +/- 0.00 % Gg(l=3) ave= 0.000E+00 +/- 0.00 %  % || D(l=0) ave= 8.732E+02 +/- 1.54 % D(l=1) ave= 0.000E+00 +/- 0.00 % D(l=2) ave= 0.000E+00 +/- 0.00 % D(l=3) ave= 0.000E+00 +/- 0.00 %  % || S(l=0) ave= 1.381E-04 +/- 14.62 % S(l=1) ave= 0.000E+00 +/- 0.00 % S(l=2) ave= 0.000E+00 +/- 0.00 % S(l=3) ave= 0.000E+00 +/- 0.00 % 
 ... random file  139 Cap(th)  ave= 1.038E+00 b. +/- 6.50 % || Ela(th) ave= 4.067E+00 b. +/- 7.64 % || RIcap ave= 5.01E+00 b. +/- 4.03 % || Macs30 ave= 5.40E-02 b. +/- 0.45 % || Gn^0(l=0) ave= 1.170E-01 +/- 13.78 % Gn^0(l=1) ave= 0.000E+00 +/- 0.00 % Gn^0(l=2) ave= 0.000E+00 +/- 0.00 % Gn^0(l=3) ave= 0.000E+00 +/- 0.00 % || Gtotal(l=0) ave= 1.476E+01 +/- 16.44 % Gtotal(l=1) ave= 0.000E+00 +/- 0.00 % Gtotal(l=2) ave= 0.000E+00 +/- 0.00 % Gtotal(l=3) ave= 0.000E+00 +/- 0.00 %  % || Gg(l=0) ave= 2.704E-01 +/- 1.08 % Gg(l=1) ave= 0.000E+00 +/- 0.00 % Gg(l=2) ave= 0.000E+00 +/- 0.00 % Gg(l=3) ave= 0.000E+00 +/- 0.00 %  % || D(l=0) ave= 8.731E+02 +/- 1.54 % D(l=1) ave= 0.000E+00 +/- 0.00 % D(l=2) ave= 0.000E+00 +/- 0.00 % D(l=3) ave= 0.000E+00 +/- 0.00 %  % || S(l=0) ave= 1.383E-04 +/- 14.62 % S(l=1) ave= 0.000E+00 +/- 0.00 % S(l=2) ave= 0.000E+00 +/- 0.00 % S(l=3) ave= 0.000E+00 +/- 0.00 % 
 ... random file  140 Cap(th)  ave= 1.039E+00 b. +/- 6.50 % || Ela(th) ave= 4.066E+00 b. +/- 7.62 % || RIcap ave= 5.01E+00 b. +/- 4.02 % || Macs30 ave= 5.40E-02 b. +/- 0.45 % || Gn^0(l=0) ave= 1.172E-01 +/- 13.86 % Gn^0(l=1) ave= 0.000E+00 +/- 0.00 % Gn^0(l=2) ave= 0.000E+00 +/- 0.00 % Gn^0(l=3) ave= 0.000E+00 +/- 0.00 % || Gtotal(l=0) ave= 1.479E+01 +/- 16.52 % Gtotal(l=1) ave= 0.000E+00 +/- 0.00 % Gtotal(l=2) ave= 0.000E+00 +/- 0.00 % Gtotal(l=3) ave= 0.000E+00 +/- 0.00 %  % || Gg(l=0) ave= 2.704E-01 +/- 1.08 % Gg(l=1) ave= 0.000E+00 +/- 0.00 % Gg(l=2) ave= 0.000E+00 +/- 0.00 % Gg(l=3) ave= 0.000E+00 +/- 0.00 %  % || D(l=0) ave= 8.730E+02 +/- 1.54 % D(l=1) ave= 0.000E+00 +/- 0.00 % D(l=2) ave= 0.000E+00 +/- 0.00 % D(l=3) ave= 0.000E+00 +/- 0.00 %  % || S(l=0) ave= 1.385E-04 +/- 14.70 % S(l=1) ave= 0.000E+00 +/- 0.00 % S(l=2) ave= 0.000E+00 +/- 0.00 % S(l=3) ave= 0.000E+00 +/- 0.00 % 
 ... random file  141 Cap(th)  ave= 1.039E+00 b. +/- 6.50 % || Ela(th) ave= 4.064E+00 b. +/- 7.62 % || RIcap ave= 5.01E+00 b. +/- 4.02 % || Macs30 ave= 5.40E-02 b. +/- 0.45 % || Gn^0(l=0) ave= 1.170E-01 +/- 13.90 % Gn^0(l=1) ave= 0.000E+00 +/- 0.00 % Gn^0(l=2) ave= 0.000E+00 +/- 0.00 % Gn^0(l=3) ave= 0.000E+00 +/- 0.00 % || Gtotal(l=0) ave= 1.476E+01 +/- 16.58 % Gtotal(l=1) ave= 0.000E+00 +/- 0.00 % Gtotal(l=2) ave= 0.000E+00 +/- 0.00 % Gtotal(l=3) ave= 0.000E+00 +/- 0.00 %  % || Gg(l=0) ave= 2.703E-01 +/- 1.09 % Gg(l=1) ave= 0.000E+00 +/- 0.00 % Gg(l=2) ave= 0.000E+00 +/- 0.00 % Gg(l=3) ave= 0.000E+00 +/- 0.00 %  % || D(l=0) ave= 8.731E+02 +/- 1.54 % D(l=1) ave= 0.000E+00 +/- 0.00 % D(l=2) ave= 0.000E+00 +/- 0.00 % D(l=3) ave= 0.000E+00 +/- 0.00 %  % || S(l=0) ave= 1.383E-04 +/- 14.76 % S(l=1) ave= 0.000E+00 +/- 0.00 % S(l=2) ave= 0.000E+00 +/- 0.00 % S(l=3) ave= 0.000E+00 +/- 0.00 % 
 ... random file  142 Cap(th)  ave= 1.038E+00 b. +/- 6.49 % || Ela(th) ave= 4.061E+00 b. +/- 7.65 % || RIcap ave= 5.01E+00 b. +/- 4.02 % || Macs30 ave= 5.40E-02 b. +/- 0.45 % || Gn^0(l=0) ave= 1.170E-01 +/- 13.86 % Gn^0(l=1) ave= 0.000E+00 +/- 0.00 % Gn^0(l=2) ave= 0.000E+00 +/- 0.00 % Gn^0(l=3) ave= 0.000E+00 +/- 0.00 % || Gtotal(l=0) ave= 1.476E+01 +/- 16.52 % Gtotal(l=1) ave= 0.000E+00 +/- 0.00 % Gtotal(l=2) ave= 0.000E+00 +/- 0.00 % Gtotal(l=3) ave= 0.000E+00 +/- 0.00 %  % || Gg(l=0) ave= 2.704E-01 +/- 1.09 % Gg(l=1) ave= 0.000E+00 +/- 0.00 % Gg(l=2) ave= 0.000E+00 +/- 0.00 % Gg(l=3) ave= 0.000E+00 +/- 0.00 %  % || D(l=0) ave= 8.730E+02 +/- 1.54 % D(l=1) ave= 0.000E+00 +/- 0.00 % D(l=2) ave= 0.000E+00 +/- 0.00 % D(l=3) ave= 0.000E+00 +/- 0.00 %  % || S(l=0) ave= 1.383E-04 +/- 14.71 % S(l=1) ave= 0.000E+00 +/- 0.00 % S(l=2) ave= 0.000E+00 +/- 0.00 % S(l=3) ave= 0.000E+00 +/- 0.00 % 
 ... random file  143 Cap(th)  ave= 1.038E+00 b. +/- 6.47 % || Ela(th) ave= 4.061E+00 b. +/- 7.62 % || RIcap ave= 5.01E+00 b. +/- 4.01 % || Macs30 ave= 5.40E-02 b. +/- 0.45 % || Gn^0(l=0) ave= 1.171E-01 +/- 13.82 % Gn^0(l=1) ave= 0.000E+00 +/- 0.00 % Gn^0(l=2) ave= 0.000E+00 +/- 0.00 % Gn^0(l=3) ave= 0.000E+00 +/- 0.00 % || Gtotal(l=0) ave= 1.477E+01 +/- 16.47 % Gtotal(l=1) ave= 0.000E+00 +/- 0.00 % Gtotal(l=2) ave= 0.000E+00 +/- 0.00 % Gtotal(l=3) ave= 0.000E+00 +/- 0.00 %  % || Gg(l=0) ave= 2.703E-01 +/- 1.09 % Gg(l=1) ave= 0.000E+00 +/- 0.00 % Gg(l=2) ave= 0.000E+00 +/- 0.00 % Gg(l=3) ave= 0.000E+00 +/- 0.00 %  % || D(l=0) ave= 8.731E+02 +/- 1.54 % D(l=1) ave= 0.000E+00 +/- 0.00 % D(l=2) ave= 0.000E+00 +/- 0.00 % D(l=3) ave= 0.000E+00 +/- 0.00 %  % || S(l=0) ave= 1.384E-04 +/- 14.66 % S(l=1) ave= 0.000E+00 +/- 0.00 % S(l=2) ave= 0.000E+00 +/- 0.00 % S(l=3) ave= 0.000E+00 +/- 0.00 % 
 ... random file  144 Cap(th)  ave= 1.038E+00 b. +/- 6.48 % || Ela(th) ave= 4.059E+00 b. +/- 7.62 % || RIcap ave= 5.01E+00 b. +/- 4.02 % || Macs30 ave= 5.40E-02 b. +/- 0.45 % || Gn^0(l=0) ave= 1.172E-01 +/- 13.80 % Gn^0(l=1) ave= 0.000E+00 +/- 0.00 % Gn^0(l=2) ave= 0.000E+00 +/- 0.00 % Gn^0(l=3) ave= 0.000E+00 +/- 0.00 % || Gtotal(l=0) ave= 1.479E+01 +/- 16.46 % Gtotal(l=1) ave= 0.000E+00 +/- 0.00 % Gtotal(l=2) ave= 0.000E+00 +/- 0.00 % Gtotal(l=3) ave= 0.000E+00 +/- 0.00 %  % || Gg(l=0) ave= 2.703E-01 +/- 1.09 % Gg(l=1) ave= 0.000E+00 +/- 0.00 % Gg(l=2) ave= 0.000E+00 +/- 0.00 % Gg(l=3) ave= 0.000E+00 +/- 0.00 %  % || D(l=0) ave= 8.730E+02 +/- 1.54 % D(l=1) ave= 0.000E+00 +/- 0.00 % D(l=2) ave= 0.000E+00 +/- 0.00 % D(l=3) ave= 0.000E+00 +/- 0.00 %  % || S(l=0) ave= 1.385E-04 +/- 14.64 % S(l=1) ave= 0.000E+00 +/- 0.00 % S(l=2) ave= 0.000E+00 +/- 0.00 % S(l=3) ave= 0.000E+00 +/- 0.00 % 
 ... random file  145 Cap(th)  ave= 1.038E+00 b. +/- 6.46 % || Ela(th) ave= 4.062E+00 b. +/- 7.65 % || RIcap ave= 5.01E+00 b. +/- 4.00 % || Macs30 ave= 5.40E-02 b. +/- 0.45 % || Gn^0(l=0) ave= 1.171E-01 +/- 13.77 % Gn^0(l=1) ave= 0.000E+00 +/- 0.00 % Gn^0(l=2) ave= 0.000E+00 +/- 0.00 % Gn^0(l=3) ave= 0.000E+00 +/- 0.00 % || Gtotal(l=0) ave= 1.478E+01 +/- 16.42 % Gtotal(l=1) ave= 0.000E+00 +/- 0.00 % Gtotal(l=2) ave= 0.000E+00 +/- 0.00 % Gtotal(l=3) ave= 0.000E+00 +/- 0.00 %  % || Gg(l=0) ave= 2.704E-01 +/- 1.09 % Gg(l=1) ave= 0.000E+00 +/- 0.00 % Gg(l=2) ave= 0.000E+00 +/- 0.00 % Gg(l=3) ave= 0.000E+00 +/- 0.00 %  % || D(l=0) ave= 8.729E+02 +/- 1.54 % D(l=1) ave= 0.000E+00 +/- 0.00 % D(l=2) ave= 0.000E+00 +/- 0.00 % D(l=3) ave= 0.000E+00 +/- 0.00 %  % || S(l=0) ave= 1.385E-04 +/- 14.61 % S(l=1) ave= 0.000E+00 +/- 0.00 % S(l=2) ave= 0.000E+00 +/- 0.00 % S(l=3) ave= 0.000E+00 +/- 0.00 % 
 ... random file  146 Cap(th)  ave= 1.039E+00 b. +/- 6.52 % || Ela(th) ave= 4.067E+00 b. +/- 7.72 % || RIcap ave= 5.01E+00 b. +/- 4.02 % || Macs30 ave= 5.40E-02 b. +/- 0.45 % || Gn^0(l=0) ave= 1.171E-01 +/- 13.74 % Gn^0(l=1) ave= 0.000E+00 +/- 0.00 % Gn^0(l=2) ave= 0.000E+00 +/- 0.00 % Gn^0(l=3) ave= 0.000E+00 +/- 0.00 % || Gtotal(l=0) ave= 1.477E+01 +/- 16.38 % Gtotal(l=1) ave= 0.000E+00 +/- 0.00 % Gtotal(l=2) ave= 0.000E+00 +/- 0.00 % Gtotal(l=3) ave= 0.000E+00 +/- 0.00 %  % || Gg(l=0) ave= 2.704E-01 +/- 1.08 % Gg(l=1) ave= 0.000E+00 +/- 0.00 % Gg(l=2) ave= 0.000E+00 +/- 0.00 % Gg(l=3) ave= 0.000E+00 +/- 0.00 %  % || D(l=0) ave= 8.730E+02 +/- 1.54 % D(l=1) ave= 0.000E+00 +/- 0.00 % D(l=2) ave= 0.000E+00 +/- 0.00 % D(l=3) ave= 0.000E+00 +/- 0.00 %  % || S(l=0) ave= 1.384E-04 +/- 14.57 % S(l=1) ave= 0.000E+00 +/- 0.00 % S(l=2) ave= 0.000E+00 +/- 0.00 % S(l=3) ave= 0.000E+00 +/- 0.00 % 
 ... random file  147 Cap(th)  ave= 1.039E+00 b. +/- 6.50 % || Ela(th) ave= 4.066E+00 b. +/- 7.70 % || RIcap ave= 5.01E+00 b. +/- 4.01 % || Macs30 ave= 5.40E-02 b. +/- 0.45 % || Gn^0(l=0) ave= 1.171E-01 +/- 13.69 % Gn^0(l=1) ave= 0.000E+00 +/- 0.00 % Gn^0(l=2) ave= 0.000E+00 +/- 0.00 % Gn^0(l=3) ave= 0.000E+00 +/- 0.00 % || Gtotal(l=0) ave= 1.478E+01 +/- 16.33 % Gtotal(l=1) ave= 0.000E+00 +/- 0.00 % Gtotal(l=2) ave= 0.000E+00 +/- 0.00 % Gtotal(l=3) ave= 0.000E+00 +/- 0.00 %  % || Gg(l=0) ave= 2.704E-01 +/- 1.08 % Gg(l=1) ave= 0.000E+00 +/- 0.00 % Gg(l=2) ave= 0.000E+00 +/- 0.00 % Gg(l=3) ave= 0.000E+00 +/- 0.00 %  % || D(l=0) ave= 8.729E+02 +/- 1.54 % D(l=1) ave= 0.000E+00 +/- 0.00 % D(l=2) ave= 0.000E+00 +/- 0.00 % D(l=3) ave= 0.000E+00 +/- 0.00 %  % || S(l=0) ave= 1.384E-04 +/- 14.52 % S(l=1) ave= 0.000E+00 +/- 0.00 % S(l=2) ave= 0.000E+00 +/- 0.00 % S(l=3) ave= 0.000E+00 +/- 0.00 % 
 ... random file  148 Cap(th)  ave= 1.039E+00 b. +/- 6.48 % || Ela(th) ave= 4.064E+00 b. +/- 7.69 % || RIcap ave= 5.01E+00 b. +/- 4.01 % || Macs30 ave= 5.40E-02 b. +/- 0.45 % || Gn^0(l=0) ave= 1.173E-01 +/- 13.80 % Gn^0(l=1) ave= 0.000E+00 +/- 0.00 % Gn^0(l=2) ave= 0.000E+00 +/- 0.00 % Gn^0(l=3) ave= 0.000E+00 +/- 0.00 % || Gtotal(l=0) ave= 1.481E+01 +/- 16.49 % Gtotal(l=1) ave= 0.000E+00 +/- 0.00 % Gtotal(l=2) ave= 0.000E+00 +/- 0.00 % Gtotal(l=3) ave= 0.000E+00 +/- 0.00 %  % || Gg(l=0) ave= 2.704E-01 +/- 1.08 % Gg(l=1) ave= 0.000E+00 +/- 0.00 % Gg(l=2) ave= 0.000E+00 +/- 0.00 % Gg(l=3) ave= 0.000E+00 +/- 0.00 %  % || D(l=0) ave= 8.728E+02 +/- 1.54 % D(l=1) ave= 0.000E+00 +/- 0.00 % D(l=2) ave= 0.000E+00 +/- 0.00 % D(l=3) ave= 0.000E+00 +/- 0.00 %  % || S(l=0) ave= 1.387E-04 +/- 14.64 % S(l=1) ave= 0.000E+00 +/- 0.00 % S(l=2) ave= 0.000E+00 +/- 0.00 % S(l=3) ave= 0.000E+00 +/- 0.00 % 
 ... random file  149 Cap(th)  ave= 1.039E+00 b. +/- 6.49 % || Ela(th) ave= 4.064E+00 b. +/- 7.67 % || RIcap ave= 5.02E+00 b. +/- 4.04 % || Macs30 ave= 5.40E-02 b. +/- 0.45 % || Gn^0(l=0) ave= 1.171E-01 +/- 13.93 % Gn^0(l=1) ave= 0.000E+00 +/- 0.00 % Gn^0(l=2) ave= 0.000E+00 +/- 0.00 % Gn^0(l=3) ave= 0.000E+00 +/- 0.00 % || Gtotal(l=0) ave= 1.478E+01 +/- 16.65 % Gtotal(l=1) ave= 0.000E+00 +/- 0.00 % Gtotal(l=2) ave= 0.000E+00 +/- 0.00 % Gtotal(l=3) ave= 0.000E+00 +/- 0.00 %  % || Gg(l=0) ave= 2.703E-01 +/- 1.08 % Gg(l=1) ave= 0.000E+00 +/- 0.00 % Gg(l=2) ave= 0.000E+00 +/- 0.00 % Gg(l=3) ave= 0.000E+00 +/- 0.00 %  % || D(l=0) ave= 8.729E+02 +/- 1.54 % D(l=1) ave= 0.000E+00 +/- 0.00 % D(l=2) ave= 0.000E+00 +/- 0.00 % D(l=3) ave= 0.000E+00 +/- 0.00 %  % || S(l=0) ave= 1.385E-04 +/- 14.78 % S(l=1) ave= 0.000E+00 +/- 0.00 % S(l=2) ave= 0.000E+00 +/- 0.00 % S(l=3) ave= 0.000E+00 +/- 0.00 % 
 ... random file  150 Cap(th)  ave= 1.039E+00 b. +/- 6.47 % || Ela(th) ave= 4.064E+00 b. +/- 7.64 % || RIcap ave= 5.01E+00 b. +/- 4.03 % || Macs30 ave= 5.40E-02 b. +/- 0.45 % || Gn^0(l=0) ave= 1.172E-01 +/- 13.90 % Gn^0(l=1) ave= 0.000E+00 +/- 0.00 % Gn^0(l=2) ave= 0.000E+00 +/- 0.00 % Gn^0(l=3) ave= 0.000E+00 +/- 0.00 % || Gtotal(l=0) ave= 1.480E+01 +/- 16.61 % Gtotal(l=1) ave= 0.000E+00 +/- 0.00 % Gtotal(l=2) ave= 0.000E+00 +/- 0.00 % Gtotal(l=3) ave= 0.000E+00 +/- 0.00 %  % || Gg(l=0) ave= 2.704E-01 +/- 1.10 % Gg(l=1) ave= 0.000E+00 +/- 0.00 % Gg(l=2) ave= 0.000E+00 +/- 0.00 % Gg(l=3) ave= 0.000E+00 +/- 0.00 %  % || D(l=0) ave= 8.728E+02 +/- 1.54 % D(l=1) ave= 0.000E+00 +/- 0.00 % D(l=2) ave= 0.000E+00 +/- 0.00 % D(l=3) ave= 0.000E+00 +/- 0.00 %  % || S(l=0) ave= 1.386E-04 +/- 14.75 % S(l=1) ave= 0.000E+00 +/- 0.00 % S(l=2) ave= 0.000E+00 +/- 0.00 % S(l=3) ave= 0.000E+00 +/- 0.00 % 
 ... random file  151 Cap(th)  ave= 1.039E+00 b. +/- 6.45 % || Ela(th) ave= 4.065E+00 b. +/- 7.62 % || RIcap ave= 5.01E+00 b. +/- 4.02 % || Macs30 ave= 5.40E-02 b. +/- 0.45 % || Gn^0(l=0) ave= 1.172E-01 +/- 13.86 % Gn^0(l=1) ave= 0.000E+00 +/- 0.00 % Gn^0(l=2) ave= 0.000E+00 +/- 0.00 % Gn^0(l=3) ave= 0.000E+00 +/- 0.00 % || Gtotal(l=0) ave= 1.480E+01 +/- 16.56 % Gtotal(l=1) ave= 0.000E+00 +/- 0.00 % Gtotal(l=2) ave= 0.000E+00 +/- 0.00 % Gtotal(l=3) ave= 0.000E+00 +/- 0.00 %  % || Gg(l=0) ave= 2.704E-01 +/- 1.11 % Gg(l=1) ave= 0.000E+00 +/- 0.00 % Gg(l=2) ave= 0.000E+00 +/- 0.00 % Gg(l=3) ave= 0.000E+00 +/- 0.00 %  % || D(l=0) ave= 8.728E+02 +/- 1.54 % D(l=1) ave= 0.000E+00 +/- 0.00 % D(l=2) ave= 0.000E+00 +/- 0.00 % D(l=3) ave= 0.000E+00 +/- 0.00 %  % || S(l=0) ave= 1.386E-04 +/- 14.70 % S(l=1) ave= 0.000E+00 +/- 0.00 % S(l=2) ave= 0.000E+00 +/- 0.00 % S(l=3) ave= 0.000E+00 +/- 0.00 % 
 ... random file  152 Cap(th)  ave= 1.040E+00 b. +/- 6.48 % || Ela(th) ave= 4.068E+00 b. +/- 7.64 % || RIcap ave= 5.02E+00 b. +/- 4.02 % || Macs30 ave= 5.40E-02 b. +/- 0.45 % || Gn^0(l=0) ave= 1.172E-01 +/- 13.81 % Gn^0(l=1) ave= 0.000E+00 +/- 0.00 % Gn^0(l=2) ave= 0.000E+00 +/- 0.00 % Gn^0(l=3) ave= 0.000E+00 +/- 0.00 % || Gtotal(l=0) ave= 1.480E+01 +/- 16.51 % Gtotal(l=1) ave= 0.000E+00 +/- 0.00 % Gtotal(l=2) ave= 0.000E+00 +/- 0.00 % Gtotal(l=3) ave= 0.000E+00 +/- 0.00 %  % || Gg(l=0) ave= 2.704E-01 +/- 1.11 % Gg(l=1) ave= 0.000E+00 +/- 0.00 % Gg(l=2) ave= 0.000E+00 +/- 0.00 % Gg(l=3) ave= 0.000E+00 +/- 0.00 %  % || D(l=0) ave= 8.729E+02 +/- 1.54 % D(l=1) ave= 0.000E+00 +/- 0.00 % D(l=2) ave= 0.000E+00 +/- 0.00 % D(l=3) ave= 0.000E+00 +/- 0.00 %  % || S(l=0) ave= 1.386E-04 +/- 14.66 % S(l=1) ave= 0.000E+00 +/- 0.00 % S(l=2) ave= 0.000E+00 +/- 0.00 % S(l=3) ave= 0.000E+00 +/- 0.00 % 
 ... random file  153 Cap(th)  ave= 1.040E+00 b. +/- 6.46 % || Ela(th) ave= 4.069E+00 b. +/- 7.63 % || RIcap ave= 5.02E+00 b. +/- 4.01 % || Macs30 ave= 5.40E-02 b. +/- 0.45 % || Gn^0(l=0) ave= 1.172E-01 +/- 13.77 % Gn^0(l=1) ave= 0.000E+00 +/- 0.00 % Gn^0(l=2) ave= 0.000E+00 +/- 0.00 % Gn^0(l=3) ave= 0.000E+00 +/- 0.00 % || Gtotal(l=0) ave= 1.480E+01 +/- 16.47 % Gtotal(l=1) ave= 0.000E+00 +/- 0.00 % Gtotal(l=2) ave= 0.000E+00 +/- 0.00 % Gtotal(l=3) ave= 0.000E+00 +/- 0.00 %  % || Gg(l=0) ave= 2.705E-01 +/- 1.11 % Gg(l=1) ave= 0.000E+00 +/- 0.00 % Gg(l=2) ave= 0.000E+00 +/- 0.00 % Gg(l=3) ave= 0.000E+00 +/- 0.00 %  % || D(l=0) ave= 8.729E+02 +/- 1.54 % D(l=1) ave= 0.000E+00 +/- 0.00 % D(l=2) ave= 0.000E+00 +/- 0.00 % D(l=3) ave= 0.000E+00 +/- 0.00 %  % || S(l=0) ave= 1.386E-04 +/- 14.62 % S(l=1) ave= 0.000E+00 +/- 0.00 % S(l=2) ave= 0.000E+00 +/- 0.00 % S(l=3) ave= 0.000E+00 +/- 0.00 % 
 ... random file  154 Cap(th)  ave= 1.040E+00 b. +/- 6.44 % || Ela(th) ave= 4.068E+00 b. +/- 7.61 % || RIcap ave= 5.02E+00 b. +/- 4.00 % || Macs30 ave= 5.40E-02 b. +/- 0.45 % || Gn^0(l=0) ave= 1.172E-01 +/- 13.73 % Gn^0(l=1) ave= 0.000E+00 +/- 0.00 % Gn^0(l=2) ave= 0.000E+00 +/- 0.00 % Gn^0(l=3) ave= 0.000E+00 +/- 0.00 % || Gtotal(l=0) ave= 1.480E+01 +/- 16.41 % Gtotal(l=1) ave= 0.000E+00 +/- 0.00 % Gtotal(l=2) ave= 0.000E+00 +/- 0.00 % Gtotal(l=3) ave= 0.000E+00 +/- 0.00 %  % || Gg(l=0) ave= 2.705E-01 +/- 1.11 % Gg(l=1) ave= 0.000E+00 +/- 0.00 % Gg(l=2) ave= 0.000E+00 +/- 0.00 % Gg(l=3) ave= 0.000E+00 +/- 0.00 %  % || D(l=0) ave= 8.730E+02 +/- 1.54 % D(l=1) ave= 0.000E+00 +/- 0.00 % D(l=2) ave= 0.000E+00 +/- 0.00 % D(l=3) ave= 0.000E+00 +/- 0.00 %  % || S(l=0) ave= 1.386E-04 +/- 14.57 % S(l=1) ave= 0.000E+00 +/- 0.00 % S(l=2) ave= 0.000E+00 +/- 0.00 % S(l=3) ave= 0.000E+00 +/- 0.00 % 
 ... random file  155 Cap(th)  ave= 1.041E+00 b. +/- 6.47 % || Ela(th) ave= 4.064E+00 b. +/- 7.67 % || RIcap ave= 5.02E+00 b. +/- 3.99 % || Macs30 ave= 5.40E-02 b. +/- 0.44 % || Gn^0(l=0) ave= 1.176E-01 +/- 14.31 % Gn^0(l=1) ave= 0.000E+00 +/- 0.00 % Gn^0(l=2) ave= 0.000E+00 +/- 0.00 % Gn^0(l=3) ave= 0.000E+00 +/- 0.00 % || Gtotal(l=0) ave= 1.485E+01 +/- 16.97 % Gtotal(l=1) ave= 0.000E+00 +/- 0.00 % Gtotal(l=2) ave= 0.000E+00 +/- 0.00 % Gtotal(l=3) ave= 0.000E+00 +/- 0.00 %  % || Gg(l=0) ave= 2.705E-01 +/- 1.11 % Gg(l=1) ave= 0.000E+00 +/- 0.00 % Gg(l=2) ave= 0.000E+00 +/- 0.00 % Gg(l=3) ave= 0.000E+00 +/- 0.00 %  % || D(l=0) ave= 8.730E+02 +/- 1.54 % D(l=1) ave= 0.000E+00 +/- 0.00 % D(l=2) ave= 0.000E+00 +/- 0.00 % D(l=3) ave= 0.000E+00 +/- 0.00 %  % || S(l=0) ave= 1.391E-04 +/- 15.16 % S(l=1) ave= 0.000E+00 +/- 0.00 % S(l=2) ave= 0.000E+00 +/- 0.00 % S(l=3) ave= 0.000E+00 +/- 0.00 % 
 ... random file  156 Cap(th)  ave= 1.040E+00 b. +/- 6.48 % || Ela(th) ave= 4.064E+00 b. +/- 7.65 % || RIcap ave= 5.01E+00 b. +/- 4.00 % || Macs30 ave= 5.40E-02 b. +/- 0.44 % || Gn^0(l=0) ave= 1.177E-01 +/- 14.27 % Gn^0(l=1) ave= 0.000E+00 +/- 0.00 % Gn^0(l=2) ave= 0.000E+00 +/- 0.00 % Gn^0(l=3) ave= 0.000E+00 +/- 0.00 % || Gtotal(l=0) ave= 1.486E+01 +/- 16.92 % Gtotal(l=1) ave= 0.000E+00 +/- 0.00 % Gtotal(l=2) ave= 0.000E+00 +/- 0.00 % Gtotal(l=3) ave= 0.000E+00 +/- 0.00 %  % || Gg(l=0) ave= 2.705E-01 +/- 1.11 % Gg(l=1) ave= 0.000E+00 +/- 0.00 % Gg(l=2) ave= 0.000E+00 +/- 0.00 % Gg(l=3) ave= 0.000E+00 +/- 0.00 %  % || D(l=0) ave= 8.729E+02 +/- 1.54 % D(l=1) ave= 0.000E+00 +/- 0.00 % D(l=2) ave= 0.000E+00 +/- 0.00 % D(l=3) ave= 0.000E+00 +/- 0.00 %  % || S(l=0) ave= 1.391E-04 +/- 15.11 % S(l=1) ave= 0.000E+00 +/- 0.00 % S(l=2) ave= 0.000E+00 +/- 0.00 % S(l=3) ave= 0.000E+00 +/- 0.00 % 
 ... random file  157 Cap(th)  ave= 1.040E+00 b. +/- 6.48 % || Ela(th) ave= 4.064E+00 b. +/- 7.63 % || RIcap ave= 5.01E+00 b. +/- 3.99 % || Macs30 ave= 5.40E-02 b. +/- 0.45 % || Gn^0(l=0) ave= 1.177E-01 +/- 14.23 % Gn^0(l=1) ave= 0.000E+00 +/- 0.00 % Gn^0(l=2) ave= 0.000E+00 +/- 0.00 % Gn^0(l=3) ave= 0.000E+00 +/- 0.00 % || Gtotal(l=0) ave= 1.487E+01 +/- 16.88 % Gtotal(l=1) ave= 0.000E+00 +/- 0.00 % Gtotal(l=2) ave= 0.000E+00 +/- 0.00 % Gtotal(l=3) ave= 0.000E+00 +/- 0.00 %  % || Gg(l=0) ave= 2.705E-01 +/- 1.12 % Gg(l=1) ave= 0.000E+00 +/- 0.00 % Gg(l=2) ave= 0.000E+00 +/- 0.00 % Gg(l=3) ave= 0.000E+00 +/- 0.00 %  % || D(l=0) ave= 8.728E+02 +/- 1.54 % D(l=1) ave= 0.000E+00 +/- 0.00 % D(l=2) ave= 0.000E+00 +/- 0.00 % D(l=3) ave= 0.000E+00 +/- 0.00 %  % || S(l=0) ave= 1.392E-04 +/- 15.08 % S(l=1) ave= 0.000E+00 +/- 0.00 % S(l=2) ave= 0.000E+00 +/- 0.00 % S(l=3) ave= 0.000E+00 +/- 0.00 % 
 ... random file  158 Cap(th)  ave= 1.040E+00 b. +/- 6.46 % || Ela(th) ave= 4.063E+00 b. +/- 7.61 % || RIcap ave= 5.01E+00 b. +/- 3.98 % || Macs30 ave= 5.40E-02 b. +/- 0.45 % || Gn^0(l=0) ave= 1.176E-01 +/- 14.29 % Gn^0(l=1) ave= 0.000E+00 +/- 0.00 % Gn^0(l=2) ave= 0.000E+00 +/- 0.00 % Gn^0(l=3) ave= 0.000E+00 +/- 0.00 % || Gtotal(l=0) ave= 1.485E+01 +/- 16.95 % Gtotal(l=1) ave= 0.000E+00 +/- 0.00 % Gtotal(l=2) ave= 0.000E+00 +/- 0.00 % Gtotal(l=3) ave= 0.000E+00 +/- 0.00 %  % || Gg(l=0) ave= 2.705E-01 +/- 1.12 % Gg(l=1) ave= 0.000E+00 +/- 0.00 % Gg(l=2) ave= 0.000E+00 +/- 0.00 % Gg(l=3) ave= 0.000E+00 +/- 0.00 %  % || D(l=0) ave= 8.729E+02 +/- 1.54 % D(l=1) ave= 0.000E+00 +/- 0.00 % D(l=2) ave= 0.000E+00 +/- 0.00 % D(l=3) ave= 0.000E+00 +/- 0.00 %  % || S(l=0) ave= 1.391E-04 +/- 15.14 % S(l=1) ave= 0.000E+00 +/- 0.00 % S(l=2) ave= 0.000E+00 +/- 0.00 % S(l=3) ave= 0.000E+00 +/- 0.00 % 
 ... random file  159 Cap(th)  ave= 1.040E+00 b. +/- 6.44 % || Ela(th) ave= 4.060E+00 b. +/- 7.65 % || RIcap ave= 5.01E+00 b. +/- 3.96 % || Macs30 ave= 5.40E-02 b. +/- 0.45 % || Gn^0(l=0) ave= 1.175E-01 +/- 14.28 % Gn^0(l=1) ave= 0.000E+00 +/- 0.00 % Gn^0(l=2) ave= 0.000E+00 +/- 0.00 % Gn^0(l=3) ave= 0.000E+00 +/- 0.00 % || Gtotal(l=0) ave= 1.484E+01 +/- 16.95 % Gtotal(l=1) ave= 0.000E+00 +/- 0.00 % Gtotal(l=2) ave= 0.000E+00 +/- 0.00 % Gtotal(l=3) ave= 0.000E+00 +/- 0.00 %  % || Gg(l=0) ave= 2.705E-01 +/- 1.12 % Gg(l=1) ave= 0.000E+00 +/- 0.00 % Gg(l=2) ave= 0.000E+00 +/- 0.00 % Gg(l=3) ave= 0.000E+00 +/- 0.00 %  % || D(l=0) ave= 8.730E+02 +/- 1.54 % D(l=1) ave= 0.000E+00 +/- 0.00 % D(l=2) ave= 0.000E+00 +/- 0.00 % D(l=3) ave= 0.000E+00 +/- 0.00 %  % || S(l=0) ave= 1.389E-04 +/- 15.13 % S(l=1) ave= 0.000E+00 +/- 0.00 % S(l=2) ave= 0.000E+00 +/- 0.00 % S(l=3) ave= 0.000E+00 +/- 0.00 % 
 ... random file  160 Cap(th)  ave= 1.040E+00 b. +/- 6.42 % || Ela(th) ave= 4.061E+00 b. +/- 7.63 % || RIcap ave= 5.01E+00 b. +/- 3.95 % || Macs30 ave= 5.40E-02 b. +/- 0.45 % || Gn^0(l=0) ave= 1.176E-01 +/- 14.24 % Gn^0(l=1) ave= 0.000E+00 +/- 0.00 % Gn^0(l=2) ave= 0.000E+00 +/- 0.00 % Gn^0(l=3) ave= 0.000E+00 +/- 0.00 % || Gtotal(l=0) ave= 1.484E+01 +/- 16.90 % Gtotal(l=1) ave= 0.000E+00 +/- 0.00 % Gtotal(l=2) ave= 0.000E+00 +/- 0.00 % Gtotal(l=3) ave= 0.000E+00 +/- 0.00 %  % || Gg(l=0) ave= 2.705E-01 +/- 1.12 % Gg(l=1) ave= 0.000E+00 +/- 0.00 % Gg(l=2) ave= 0.000E+00 +/- 0.00 % Gg(l=3) ave= 0.000E+00 +/- 0.00 %  % || D(l=0) ave= 8.729E+02 +/- 1.54 % D(l=1) ave= 0.000E+00 +/- 0.00 % D(l=2) ave= 0.000E+00 +/- 0.00 % D(l=3) ave= 0.000E+00 +/- 0.00 %  % || S(l=0) ave= 1.390E-04 +/- 15.09 % S(l=1) ave= 0.000E+00 +/- 0.00 % S(l=2) ave= 0.000E+00 +/- 0.00 % S(l=3) ave= 0.000E+00 +/- 0.00 % 
 ... random file  161 Cap(th)  ave= 1.040E+00 b. +/- 6.40 % || Ela(th) ave= 4.062E+00 b. +/- 7.61 % || RIcap ave= 5.01E+00 b. +/- 3.94 % || Macs30 ave= 5.40E-02 b. +/- 0.45 % || Gn^0(l=0) ave= 1.175E-01 +/- 14.20 % Gn^0(l=1) ave= 0.000E+00 +/- 0.00 % Gn^0(l=2) ave= 0.000E+00 +/- 0.00 % Gn^0(l=3) ave= 0.000E+00 +/- 0.00 % || Gtotal(l=0) ave= 1.484E+01 +/- 16.86 % Gtotal(l=1) ave= 0.000E+00 +/- 0.00 % Gtotal(l=2) ave= 0.000E+00 +/- 0.00 % Gtotal(l=3) ave= 0.000E+00 +/- 0.00 %  % || Gg(l=0) ave= 2.705E-01 +/- 1.12 % Gg(l=1) ave= 0.000E+00 +/- 0.00 % Gg(l=2) ave= 0.000E+00 +/- 0.00 % Gg(l=3) ave= 0.000E+00 +/- 0.00 %  % || D(l=0) ave= 8.730E+02 +/- 1.54 % D(l=1) ave= 0.000E+00 +/- 0.00 % D(l=2) ave= 0.000E+00 +/- 0.00 % D(l=3) ave= 0.000E+00 +/- 0.00 %  % || S(l=0) ave= 1.390E-04 +/- 15.06 % S(l=1) ave= 0.000E+00 +/- 0.00 % S(l=2) ave= 0.000E+00 +/- 0.00 % S(l=3) ave= 0.000E+00 +/- 0.00 % 
 ... random file  162 Cap(th)  ave= 1.040E+00 b. +/- 6.38 % || Ela(th) ave= 4.060E+00 b. +/- 7.61 % || RIcap ave= 5.01E+00 b. +/- 3.94 % || Macs30 ave= 5.40E-02 b. +/- 0.45 % || Gn^0(l=0) ave= 1.176E-01 +/- 14.17 % Gn^0(l=1) ave= 0.000E+00 +/- 0.00 % Gn^0(l=2) ave= 0.000E+00 +/- 0.00 % Gn^0(l=3) ave= 0.000E+00 +/- 0.00 % || Gtotal(l=0) ave= 1.484E+01 +/- 16.81 % Gtotal(l=1) ave= 0.000E+00 +/- 0.00 % Gtotal(l=2) ave= 0.000E+00 +/- 0.00 % Gtotal(l=3) ave= 0.000E+00 +/- 0.00 %  % || Gg(l=0) ave= 2.705E-01 +/- 1.12 % Gg(l=1) ave= 0.000E+00 +/- 0.00 % Gg(l=2) ave= 0.000E+00 +/- 0.00 % Gg(l=3) ave= 0.000E+00 +/- 0.00 %  % || D(l=0) ave= 8.731E+02 +/- 1.54 % D(l=1) ave= 0.000E+00 +/- 0.00 % D(l=2) ave= 0.000E+00 +/- 0.00 % D(l=3) ave= 0.000E+00 +/- 0.00 %  % || S(l=0) ave= 1.390E-04 +/- 15.01 % S(l=1) ave= 0.000E+00 +/- 0.00 % S(l=2) ave= 0.000E+00 +/- 0.00 % S(l=3) ave= 0.000E+00 +/- 0.00 % 
 ... random file  163 Cap(th)  ave= 1.040E+00 b. +/- 6.37 % || Ela(th) ave= 4.062E+00 b. +/- 7.60 % || RIcap ave= 5.01E+00 b. +/- 3.95 % || Macs30 ave= 5.40E-02 b. +/- 0.45 % || Gn^0(l=0) ave= 1.175E-01 +/- 14.17 % Gn^0(l=1) ave= 0.000E+00 +/- 0.00 % Gn^0(l=2) ave= 0.000E+00 +/- 0.00 % Gn^0(l=3) ave= 0.000E+00 +/- 0.00 % || Gtotal(l=0) ave= 1.483E+01 +/- 16.82 % Gtotal(l=1) ave= 0.000E+00 +/- 0.00 % Gtotal(l=2) ave= 0.000E+00 +/- 0.00 % Gtotal(l=3) ave= 0.000E+00 +/- 0.00 %  % || Gg(l=0) ave= 2.705E-01 +/- 1.12 % Gg(l=1) ave= 0.000E+00 +/- 0.00 % Gg(l=2) ave= 0.000E+00 +/- 0.00 % Gg(l=3) ave= 0.000E+00 +/- 0.00 %  % || D(l=0) ave= 8.731E+02 +/- 1.54 % D(l=1) ave= 0.000E+00 +/- 0.00 % D(l=2) ave= 0.000E+00 +/- 0.00 % D(l=3) ave= 0.000E+00 +/- 0.00 %  % || S(l=0) ave= 1.389E-04 +/- 15.03 % S(l=1) ave= 0.000E+00 +/- 0.00 % S(l=2) ave= 0.000E+00 +/- 0.00 % S(l=3) ave= 0.000E+00 +/- 0.00 % 
 ... random file  164 Cap(th)  ave= 1.041E+00 b. +/- 6.36 % || Ela(th) ave= 4.061E+00 b. +/- 7.59 % || RIcap ave= 5.02E+00 b. +/- 3.95 % || Macs30 ave= 5.40E-02 b. +/- 0.45 % || Gn^0(l=0) ave= 1.174E-01 +/- 14.22 % Gn^0(l=1) ave= 0.000E+00 +/- 0.00 % Gn^0(l=2) ave= 0.000E+00 +/- 0.00 % Gn^0(l=3) ave= 0.000E+00 +/- 0.00 % || Gtotal(l=0) ave= 1.481E+01 +/- 16.88 % Gtotal(l=1) ave= 0.000E+00 +/- 0.00 % Gtotal(l=2) ave= 0.000E+00 +/- 0.00 % Gtotal(l=3) ave= 0.000E+00 +/- 0.00 %  % || Gg(l=0) ave= 2.705E-01 +/- 1.11 % Gg(l=1) ave= 0.000E+00 +/- 0.00 % Gg(l=2) ave= 0.000E+00 +/- 0.00 % Gg(l=3) ave= 0.000E+00 +/- 0.00 %  % || D(l=0) ave= 8.732E+02 +/- 1.54 % D(l=1) ave= 0.000E+00 +/- 0.00 % D(l=2) ave= 0.000E+00 +/- 0.00 % D(l=3) ave= 0.000E+00 +/- 0.00 %  % || S(l=0) ave= 1.387E-04 +/- 15.08 % S(l=1) ave= 0.000E+00 +/- 0.00 % S(l=2) ave= 0.000E+00 +/- 0.00 % S(l=3) ave= 0.000E+00 +/- 0.00 % 
 ... random file  165 Cap(th)  ave= 1.040E+00 b. +/- 6.36 % || Ela(th) ave= 4.063E+00 b. +/- 7.58 % || RIcap ave= 5.01E+00 b. +/- 3.97 % || Macs30 ave= 5.40E-02 b. +/- 0.45 % || Gn^0(l=0) ave= 1.172E-01 +/- 14.24 % Gn^0(l=1) ave= 0.000E+00 +/- 0.00 % Gn^0(l=2) ave= 0.000E+00 +/- 0.00 % Gn^0(l=3) ave= 0.000E+00 +/- 0.00 % || Gtotal(l=0) ave= 1.479E+01 +/- 16.90 % Gtotal(l=1) ave= 0.000E+00 +/- 0.00 % Gtotal(l=2) ave= 0.000E+00 +/- 0.00 % Gtotal(l=3) ave= 0.000E+00 +/- 0.00 %  % || Gg(l=0) ave= 2.704E-01 +/- 1.11 % Gg(l=1) ave= 0.000E+00 +/- 0.00 % Gg(l=2) ave= 0.000E+00 +/- 0.00 % Gg(l=3) ave= 0.000E+00 +/- 0.00 %  % || D(l=0) ave= 8.733E+02 +/- 1.54 % D(l=1) ave= 0.000E+00 +/- 0.00 % D(l=2) ave= 0.000E+00 +/- 0.00 % D(l=3) ave= 0.000E+00 +/- 0.00 %  % || S(l=0) ave= 1.386E-04 +/- 15.10 % S(l=1) ave= 0.000E+00 +/- 0.00 % S(l=2) ave= 0.000E+00 +/- 0.00 % S(l=3) ave= 0.000E+00 +/- 0.00 % 
 ... random file  166 Cap(th)  ave= 1.041E+00 b. +/- 6.39 % || Ela(th) ave= 4.063E+00 b. +/- 7.56 % || RIcap ave= 5.02E+00 b. +/- 3.97 % || Macs30 ave= 5.40E-02 b. +/- 0.45 % || Gn^0(l=0) ave= 1.172E-01 +/- 14.20 % Gn^0(l=1) ave= 0.000E+00 +/- 0.00 % Gn^0(l=2) ave= 0.000E+00 +/- 0.00 % Gn^0(l=3) ave= 0.000E+00 +/- 0.00 % || Gtotal(l=0) ave= 1.479E+01 +/- 16.86 % Gtotal(l=1) ave= 0.000E+00 +/- 0.00 % Gtotal(l=2) ave= 0.000E+00 +/- 0.00 % Gtotal(l=3) ave= 0.000E+00 +/- 0.00 %  % || Gg(l=0) ave= 2.705E-01 +/- 1.12 % Gg(l=1) ave= 0.000E+00 +/- 0.00 % Gg(l=2) ave= 0.000E+00 +/- 0.00 % Gg(l=3) ave= 0.000E+00 +/- 0.00 %  % || D(l=0) ave= 8.732E+02 +/- 1.54 % D(l=1) ave= 0.000E+00 +/- 0.00 % D(l=2) ave= 0.000E+00 +/- 0.00 % D(l=3) ave= 0.000E+00 +/- 0.00 %  % || S(l=0) ave= 1.386E-04 +/- 15.06 % S(l=1) ave= 0.000E+00 +/- 0.00 % S(l=2) ave= 0.000E+00 +/- 0.00 % S(l=3) ave= 0.000E+00 +/- 0.00 % 
 ... random file  167 Cap(th)  ave= 1.040E+00 b. +/- 6.38 % || Ela(th) ave= 4.064E+00 b. +/- 7.54 % || RIcap ave= 5.01E+00 b. +/- 3.96 % || Macs30 ave= 5.40E-02 b. +/- 0.45 % || Gn^0(l=0) ave= 1.171E-01 +/- 14.19 % Gn^0(l=1) ave= 0.000E+00 +/- 0.00 % Gn^0(l=2) ave= 0.000E+00 +/- 0.00 % Gn^0(l=3) ave= 0.000E+00 +/- 0.00 % || Gtotal(l=0) ave= 1.478E+01 +/- 16.85 % Gtotal(l=1) ave= 0.000E+00 +/- 0.00 % Gtotal(l=2) ave= 0.000E+00 +/- 0.00 % Gtotal(l=3) ave= 0.000E+00 +/- 0.00 %  % || Gg(l=0) ave= 2.704E-01 +/- 1.12 % Gg(l=1) ave= 0.000E+00 +/- 0.00 % Gg(l=2) ave= 0.000E+00 +/- 0.00 % Gg(l=3) ave= 0.000E+00 +/- 0.00 %  % || D(l=0) ave= 8.733E+02 +/- 1.54 % D(l=1) ave= 0.000E+00 +/- 0.00 % D(l=2) ave= 0.000E+00 +/- 0.00 % D(l=3) ave= 0.000E+00 +/- 0.00 %  % || S(l=0) ave= 1.385E-04 +/- 15.05 % S(l=1) ave= 0.000E+00 +/- 0.00 % S(l=2) ave= 0.000E+00 +/- 0.00 % S(l=3) ave= 0.000E+00 +/- 0.00 % 
 ... random file  168 Cap(th)  ave= 1.040E+00 b. +/- 6.36 % || Ela(th) ave= 4.062E+00 b. +/- 7.58 % || RIcap ave= 5.01E+00 b. +/- 3.95 % || Macs30 ave= 5.40E-02 b. +/- 0.45 % || Gn^0(l=0) ave= 1.170E-01 +/- 14.22 % Gn^0(l=1) ave= 0.000E+00 +/- 0.00 % Gn^0(l=2) ave= 0.000E+00 +/- 0.00 % Gn^0(l=3) ave= 0.000E+00 +/- 0.00 % || Gtotal(l=0) ave= 1.476E+01 +/- 16.91 % Gtotal(l=1) ave= 0.000E+00 +/- 0.00 % Gtotal(l=2) ave= 0.000E+00 +/- 0.00 % Gtotal(l=3) ave= 0.000E+00 +/- 0.00 %  % || Gg(l=0) ave= 2.704E-01 +/- 1.12 % Gg(l=1) ave= 0.000E+00 +/- 0.00 % Gg(l=2) ave= 0.000E+00 +/- 0.00 % Gg(l=3) ave= 0.000E+00 +/- 0.00 %  % || D(l=0) ave= 8.734E+02 +/- 1.54 % D(l=1) ave= 0.000E+00 +/- 0.00 % D(l=2) ave= 0.000E+00 +/- 0.00 % D(l=3) ave= 0.000E+00 +/- 0.00 %  % || S(l=0) ave= 1.383E-04 +/- 15.09 % S(l=1) ave= 0.000E+00 +/- 0.00 % S(l=2) ave= 0.000E+00 +/- 0.00 % S(l=3) ave= 0.000E+00 +/- 0.00 % 
 ... random file  169 Cap(th)  ave= 1.040E+00 b. +/- 6.36 % || Ela(th) ave= 4.059E+00 b. +/- 7.59 % || RIcap ave= 5.01E+00 b. +/- 3.96 % || Macs30 ave= 5.40E-02 b. +/- 0.45 % || Gn^0(l=0) ave= 1.169E-01 +/- 14.27 % Gn^0(l=1) ave= 0.000E+00 +/- 0.00 % Gn^0(l=2) ave= 0.000E+00 +/- 0.00 % Gn^0(l=3) ave= 0.000E+00 +/- 0.00 % || Gtotal(l=0) ave= 1.474E+01 +/- 16.98 % Gtotal(l=1) ave= 0.000E+00 +/- 0.00 % Gtotal(l=2) ave= 0.000E+00 +/- 0.00 % Gtotal(l=3) ave= 0.000E+00 +/- 0.00 %  % || Gg(l=0) ave= 2.704E-01 +/- 1.12 % Gg(l=1) ave= 0.000E+00 +/- 0.00 % Gg(l=2) ave= 0.000E+00 +/- 0.00 % Gg(l=3) ave= 0.000E+00 +/- 0.00 %  % || D(l=0) ave= 8.735E+02 +/- 1.54 % D(l=1) ave= 0.000E+00 +/- 0.00 % D(l=2) ave= 0.000E+00 +/- 0.00 % D(l=3) ave= 0.000E+00 +/- 0.00 %  % || S(l=0) ave= 1.381E-04 +/- 15.15 % S(l=1) ave= 0.000E+00 +/- 0.00 % S(l=2) ave= 0.000E+00 +/- 0.00 % S(l=3) ave= 0.000E+00 +/- 0.00 % 
 ... random file  170 Cap(th)  ave= 1.040E+00 b. +/- 6.36 % || Ela(th) ave= 4.060E+00 b. +/- 7.58 % || RIcap ave= 5.01E+00 b. +/- 3.95 % || Macs30 ave= 5.40E-02 b. +/- 0.45 % || Gn^0(l=0) ave= 1.168E-01 +/- 14.30 % Gn^0(l=1) ave= 0.000E+00 +/- 0.00 % Gn^0(l=2) ave= 0.000E+00 +/- 0.00 % Gn^0(l=3) ave= 0.000E+00 +/- 0.00 % || Gtotal(l=0) ave= 1.472E+01 +/- 17.01 % Gtotal(l=1) ave= 0.000E+00 +/- 0.00 % Gtotal(l=2) ave= 0.000E+00 +/- 0.00 % Gtotal(l=3) ave= 0.000E+00 +/- 0.00 %  % || Gg(l=0) ave= 2.704E-01 +/- 1.12 % Gg(l=1) ave= 0.000E+00 +/- 0.00 % Gg(l=2) ave= 0.000E+00 +/- 0.00 % Gg(l=3) ave= 0.000E+00 +/- 0.00 %  % || D(l=0) ave= 8.735E+02 +/- 1.54 % D(l=1) ave= 0.000E+00 +/- 0.00 % D(l=2) ave= 0.000E+00 +/- 0.00 % D(l=3) ave= 0.000E+00 +/- 0.00 %  % || S(l=0) ave= 1.380E-04 +/- 15.18 % S(l=1) ave= 0.000E+00 +/- 0.00 % S(l=2) ave= 0.000E+00 +/- 0.00 % S(l=3) ave= 0.000E+00 +/- 0.00 % 
 ... random file  171 Cap(th)  ave= 1.039E+00 b. +/- 6.36 % || Ela(th) ave= 4.058E+00 b. +/- 7.58 % || RIcap ave= 5.01E+00 b. +/- 3.94 % || Macs30 ave= 5.40E-02 b. +/- 0.45 % || Gn^0(l=0) ave= 1.168E-01 +/- 14.26 % Gn^0(l=1) ave= 0.000E+00 +/- 0.00 % Gn^0(l=2) ave= 0.000E+00 +/- 0.00 % Gn^0(l=3) ave= 0.000E+00 +/- 0.00 % || Gtotal(l=0) ave= 1.473E+01 +/- 16.97 % Gtotal(l=1) ave= 0.000E+00 +/- 0.00 % Gtotal(l=2) ave= 0.000E+00 +/- 0.00 % Gtotal(l=3) ave= 0.000E+00 +/- 0.00 %  % || Gg(l=0) ave= 2.704E-01 +/- 1.12 % Gg(l=1) ave= 0.000E+00 +/- 0.00 % Gg(l=2) ave= 0.000E+00 +/- 0.00 % Gg(l=3) ave= 0.000E+00 +/- 0.00 %  % || D(l=0) ave= 8.735E+02 +/- 1.54 % D(l=1) ave= 0.000E+00 +/- 0.00 % D(l=2) ave= 0.000E+00 +/- 0.00 % D(l=3) ave= 0.000E+00 +/- 0.00 %  % || S(l=0) ave= 1.381E-04 +/- 15.14 % S(l=1) ave= 0.000E+00 +/- 0.00 % S(l=2) ave= 0.000E+00 +/- 0.00 % S(l=3) ave= 0.000E+00 +/- 0.00 % 
 ... random file  172 Cap(th)  ave= 1.039E+00 b. +/- 6.36 % || Ela(th) ave= 4.058E+00 b. +/- 7.56 % || RIcap ave= 5.01E+00 b. +/- 3.93 % || Macs30 ave= 5.40E-02 b. +/- 0.45 % || Gn^0(l=0) ave= 1.168E-01 +/- 14.22 % Gn^0(l=1) ave= 0.000E+00 +/- 0.00 % Gn^0(l=2) ave= 0.000E+00 +/- 0.00 % Gn^0(l=3) ave= 0.000E+00 +/- 0.00 % || Gtotal(l=0) ave= 1.473E+01 +/- 16.92 % Gtotal(l=1) ave= 0.000E+00 +/- 0.00 % Gtotal(l=2) ave= 0.000E+00 +/- 0.00 % Gtotal(l=3) ave= 0.000E+00 +/- 0.00 %  % || Gg(l=0) ave= 2.704E-01 +/- 1.12 % Gg(l=1) ave= 0.000E+00 +/- 0.00 % Gg(l=2) ave= 0.000E+00 +/- 0.00 % Gg(l=3) ave= 0.000E+00 +/- 0.00 %  % || D(l=0) ave= 8.734E+02 +/- 1.54 % D(l=1) ave= 0.000E+00 +/- 0.00 % D(l=2) ave= 0.000E+00 +/- 0.00 % D(l=3) ave= 0.000E+00 +/- 0.00 %  % || S(l=0) ave= 1.381E-04 +/- 15.10 % S(l=1) ave= 0.000E+00 +/- 0.00 % S(l=2) ave= 0.000E+00 +/- 0.00 % S(l=3) ave= 0.000E+00 +/- 0.00 % 
 ... random file  173 Cap(th)  ave= 1.039E+00 b. +/- 6.36 % || Ela(th) ave= 4.057E+00 b. +/- 7.54 % || RIcap ave= 5.01E+00 b. +/- 3.94 % || Macs30 ave= 5.40E-02 b. +/- 0.45 % || Gn^0(l=0) ave= 1.168E-01 +/- 14.18 % Gn^0(l=1) ave= 0.000E+00 +/- 0.00 % Gn^0(l=2) ave= 0.000E+00 +/- 0.00 % Gn^0(l=3) ave= 0.000E+00 +/- 0.00 % || Gtotal(l=0) ave= 1.473E+01 +/- 16.88 % Gtotal(l=1) ave= 0.000E+00 +/- 0.00 % Gtotal(l=2) ave= 0.000E+00 +/- 0.00 % Gtotal(l=3) ave= 0.000E+00 +/- 0.00 %  % || Gg(l=0) ave= 2.704E-01 +/- 1.11 % Gg(l=1) ave= 0.000E+00 +/- 0.00 % Gg(l=2) ave= 0.000E+00 +/- 0.00 % Gg(l=3) ave= 0.000E+00 +/- 0.00 %  % || D(l=0) ave= 8.735E+02 +/- 1.54 % D(l=1) ave= 0.000E+00 +/- 0.00 % D(l=2) ave= 0.000E+00 +/- 0.00 % D(l=3) ave= 0.000E+00 +/- 0.00 %  % || S(l=0) ave= 1.381E-04 +/- 15.06 % S(l=1) ave= 0.000E+00 +/- 0.00 % S(l=2) ave= 0.000E+00 +/- 0.00 % S(l=3) ave= 0.000E+00 +/- 0.00 % 
 ... random file  174 Cap(th)  ave= 1.040E+00 b. +/- 6.34 % || Ela(th) ave= 4.059E+00 b. +/- 7.54 % || RIcap ave= 5.01E+00 b. +/- 3.93 % || Macs30 ave= 5.40E-02 b. +/- 0.45 % || Gn^0(l=0) ave= 1.169E-01 +/- 14.14 % Gn^0(l=1) ave= 0.000E+00 +/- 0.00 % Gn^0(l=2) ave= 0.000E+00 +/- 0.00 % Gn^0(l=3) ave= 0.000E+00 +/- 0.00 % || Gtotal(l=0) ave= 1.473E+01 +/- 16.83 % Gtotal(l=1) ave= 0.000E+00 +/- 0.00 % Gtotal(l=2) ave= 0.000E+00 +/- 0.00 % Gtotal(l=3) ave= 0.000E+00 +/- 0.00 %  % || Gg(l=0) ave= 2.704E-01 +/- 1.11 % Gg(l=1) ave= 0.000E+00 +/- 0.00 % Gg(l=2) ave= 0.000E+00 +/- 0.00 % Gg(l=3) ave= 0.000E+00 +/- 0.00 %  % || D(l=0) ave= 8.735E+02 +/- 1.54 % D(l=1) ave= 0.000E+00 +/- 0.00 % D(l=2) ave= 0.000E+00 +/- 0.00 % D(l=3) ave= 0.000E+00 +/- 0.00 %  % || S(l=0) ave= 1.381E-04 +/- 15.01 % S(l=1) ave= 0.000E+00 +/- 0.00 % S(l=2) ave= 0.000E+00 +/- 0.00 % S(l=3) ave= 0.000E+00 +/- 0.00 % 
 ... random file  175 Cap(th)  ave= 1.039E+00 b. +/- 6.34 % || Ela(th) ave= 4.059E+00 b. +/- 7.52 % || RIcap ave= 5.01E+00 b. +/- 3.93 % || Macs30 ave= 5.40E-02 b. +/- 0.45 % || Gn^0(l=0) ave= 1.169E-01 +/- 14.10 % Gn^0(l=1) ave= 0.000E+00 +/- 0.00 % Gn^0(l=2) ave= 0.000E+00 +/- 0.00 % Gn^0(l=3) ave= 0.000E+00 +/- 0.00 % || Gtotal(l=0) ave= 1.473E+01 +/- 16.78 % Gtotal(l=1) ave= 0.000E+00 +/- 0.00 % Gtotal(l=2) ave= 0.000E+00 +/- 0.00 % Gtotal(l=3) ave= 0.000E+00 +/- 0.00 %  % || Gg(l=0) ave= 2.704E-01 +/- 1.11 % Gg(l=1) ave= 0.000E+00 +/- 0.00 % Gg(l=2) ave= 0.000E+00 +/- 0.00 % Gg(l=3) ave= 0.000E+00 +/- 0.00 %  % || D(l=0) ave= 8.736E+02 +/- 1.54 % D(l=1) ave= 0.000E+00 +/- 0.00 % D(l=2) ave= 0.000E+00 +/- 0.00 % D(l=3) ave= 0.000E+00 +/- 0.00 %  % || S(l=0) ave= 1.381E-04 +/- 14.97 % S(l=1) ave= 0.000E+00 +/- 0.00 % S(l=2) ave= 0.000E+00 +/- 0.00 % S(l=3) ave= 0.000E+00 +/- 0.00 % 
 ... random file  176 Cap(th)  ave= 1.040E+00 b. +/- 6.34 % || Ela(th) ave= 4.057E+00 b. +/- 7.53 % || RIcap ave= 5.01E+00 b. +/- 3.94 % || Macs30 ave= 5.40E-02 b. +/- 0.45 % || Gn^0(l=0) ave= 1.168E-01 +/- 14.12 % Gn^0(l=1) ave= 0.000E+00 +/- 0.00 % Gn^0(l=2) ave= 0.000E+00 +/- 0.00 % Gn^0(l=3) ave= 0.000E+00 +/- 0.00 % || Gtotal(l=0) ave= 1.471E+01 +/- 16.83 % Gtotal(l=1) ave= 0.000E+00 +/- 0.00 % Gtotal(l=2) ave= 0.000E+00 +/- 0.00 % Gtotal(l=3) ave= 0.000E+00 +/- 0.00 %  % || Gg(l=0) ave= 2.704E-01 +/- 1.11 % Gg(l=1) ave= 0.000E+00 +/- 0.00 % Gg(l=2) ave= 0.000E+00 +/- 0.00 % Gg(l=3) ave= 0.000E+00 +/- 0.00 %  % || D(l=0) ave= 8.737E+02 +/- 1.54 % D(l=1) ave= 0.000E+00 +/- 0.00 % D(l=2) ave= 0.000E+00 +/- 0.00 % D(l=3) ave= 0.000E+00 +/- 0.00 %  % || S(l=0) ave= 1.379E-04 +/- 15.00 % S(l=1) ave= 0.000E+00 +/- 0.00 % S(l=2) ave= 0.000E+00 +/- 0.00 % S(l=3) ave= 0.000E+00 +/- 0.00 % 
 ... random file  177 Cap(th)  ave= 1.040E+00 b. +/- 6.34 % || Ela(th) ave= 4.058E+00 b. +/- 7.51 % || RIcap ave= 5.02E+00 b. +/- 3.93 % || Macs30 ave= 5.40E-02 b. +/- 0.45 % || Gn^0(l=0) ave= 1.167E-01 +/- 14.12 % Gn^0(l=1) ave= 0.000E+00 +/- 0.00 % Gn^0(l=2) ave= 0.000E+00 +/- 0.00 % Gn^0(l=3) ave= 0.000E+00 +/- 0.00 % || Gtotal(l=0) ave= 1.470E+01 +/- 16.81 % Gtotal(l=1) ave= 0.000E+00 +/- 0.00 % Gtotal(l=2) ave= 0.000E+00 +/- 0.00 % Gtotal(l=3) ave= 0.000E+00 +/- 0.00 %  % || Gg(l=0) ave= 2.704E-01 +/- 1.12 % Gg(l=1) ave= 0.000E+00 +/- 0.00 % Gg(l=2) ave= 0.000E+00 +/- 0.00 % Gg(l=3) ave= 0.000E+00 +/- 0.00 %  % || D(l=0) ave= 8.736E+02 +/- 1.54 % D(l=1) ave= 0.000E+00 +/- 0.00 % D(l=2) ave= 0.000E+00 +/- 0.00 % D(l=3) ave= 0.000E+00 +/- 0.00 %  % || S(l=0) ave= 1.379E-04 +/- 14.99 % S(l=1) ave= 0.000E+00 +/- 0.00 % S(l=2) ave= 0.000E+00 +/- 0.00 % S(l=3) ave= 0.000E+00 +/- 0.00 % 
 ... random file  178 Cap(th)  ave= 1.040E+00 b. +/- 6.32 % || Ela(th) ave= 4.056E+00 b. +/- 7.50 % || RIcap ave= 5.02E+00 b. +/- 3.92 % || Macs30 ave= 5.40E-02 b. +/- 0.45 % || Gn^0(l=0) ave= 1.165E-01 +/- 14.25 % Gn^0(l=1) ave= 0.000E+00 +/- 0.00 % Gn^0(l=2) ave= 0.000E+00 +/- 0.00 % Gn^0(l=3) ave= 0.000E+00 +/- 0.00 % || Gtotal(l=0) ave= 1.468E+01 +/- 16.94 % Gtotal(l=1) ave= 0.000E+00 +/- 0.00 % Gtotal(l=2) ave= 0.000E+00 +/- 0.00 % Gtotal(l=3) ave= 0.000E+00 +/- 0.00 %  % || Gg(l=0) ave= 2.704E-01 +/- 1.11 % Gg(l=1) ave= 0.000E+00 +/- 0.00 % Gg(l=2) ave= 0.000E+00 +/- 0.00 % Gg(l=3) ave= 0.000E+00 +/- 0.00 %  % || D(l=0) ave= 8.737E+02 +/- 1.54 % D(l=1) ave= 0.000E+00 +/- 0.00 % D(l=2) ave= 0.000E+00 +/- 0.00 % D(l=3) ave= 0.000E+00 +/- 0.00 %  % || S(l=0) ave= 1.376E-04 +/- 15.12 % S(l=1) ave= 0.000E+00 +/- 0.00 % S(l=2) ave= 0.000E+00 +/- 0.00 % S(l=3) ave= 0.000E+00 +/- 0.00 % 
 ... random file  179 Cap(th)  ave= 1.039E+00 b. +/- 6.34 % || Ela(th) ave= 4.057E+00 b. +/- 7.48 % || RIcap ave= 5.01E+00 b. +/- 3.92 % || Macs30 ave= 5.40E-02 b. +/- 0.45 % || Gn^0(l=0) ave= 1.165E-01 +/- 14.22 % Gn^0(l=1) ave= 0.000E+00 +/- 0.00 % Gn^0(l=2) ave= 0.000E+00 +/- 0.00 % Gn^0(l=3) ave= 0.000E+00 +/- 0.00 % || Gtotal(l=0) ave= 1.468E+01 +/- 16.89 % Gtotal(l=1) ave= 0.000E+00 +/- 0.00 % Gtotal(l=2) ave= 0.000E+00 +/- 0.00 % Gtotal(l=3) ave= 0.000E+00 +/- 0.00 %  % || Gg(l=0) ave= 2.704E-01 +/- 1.11 % Gg(l=1) ave= 0.000E+00 +/- 0.00 % Gg(l=2) ave= 0.000E+00 +/- 0.00 % Gg(l=3) ave= 0.000E+00 +/- 0.00 %  % || D(l=0) ave= 8.736E+02 +/- 1.54 % D(l=1) ave= 0.000E+00 +/- 0.00 % D(l=2) ave= 0.000E+00 +/- 0.00 % D(l=3) ave= 0.000E+00 +/- 0.00 %  % || S(l=0) ave= 1.376E-04 +/- 15.08 % S(l=1) ave= 0.000E+00 +/- 0.00 % S(l=2) ave= 0.000E+00 +/- 0.00 % S(l=3) ave= 0.000E+00 +/- 0.00 % 
 ... random file  180 Cap(th)  ave= 1.039E+00 b. +/- 6.40 % || Ela(th) ave= 4.058E+00 b. +/- 7.46 % || RIcap ave= 5.01E+00 b. +/- 3.93 % || Macs30 ave= 5.40E-02 b. +/- 0.46 % || Gn^0(l=0) ave= 1.164E-01 +/- 14.19 % Gn^0(l=1) ave= 0.000E+00 +/- 0.00 % Gn^0(l=2) ave= 0.000E+00 +/- 0.00 % Gn^0(l=3) ave= 0.000E+00 +/- 0.00 % || Gtotal(l=0) ave= 1.467E+01 +/- 16.86 % Gtotal(l=1) ave= 0.000E+00 +/- 0.00 % Gtotal(l=2) ave= 0.000E+00 +/- 0.00 % Gtotal(l=3) ave= 0.000E+00 +/- 0.00 %  % || Gg(l=0) ave= 2.704E-01 +/- 1.12 % Gg(l=1) ave= 0.000E+00 +/- 0.00 % Gg(l=2) ave= 0.000E+00 +/- 0.00 % Gg(l=3) ave= 0.000E+00 +/- 0.00 %  % || D(l=0) ave= 8.737E+02 +/- 1.54 % D(l=1) ave= 0.000E+00 +/- 0.00 % D(l=2) ave= 0.000E+00 +/- 0.00 % D(l=3) ave= 0.000E+00 +/- 0.00 %  % || S(l=0) ave= 1.376E-04 +/- 15.06 % S(l=1) ave= 0.000E+00 +/- 0.00 % S(l=2) ave= 0.000E+00 +/- 0.00 % S(l=3) ave= 0.000E+00 +/- 0.00 % 
 ... random file  181 Cap(th)  ave= 1.038E+00 b. +/- 6.39 % || Ela(th) ave= 4.061E+00 b. +/- 7.50 % || RIcap ave= 5.01E+00 b. +/- 3.93 % || Macs30 ave= 5.40E-02 b. +/- 0.46 % || Gn^0(l=0) ave= 1.164E-01 +/- 14.20 % Gn^0(l=1) ave= 0.000E+00 +/- 0.00 % Gn^0(l=2) ave= 0.000E+00 +/- 0.00 % Gn^0(l=3) ave= 0.000E+00 +/- 0.00 % || Gtotal(l=0) ave= 1.466E+01 +/- 16.87 % Gtotal(l=1) ave= 0.000E+00 +/- 0.00 % Gtotal(l=2) ave= 0.000E+00 +/- 0.00 % Gtotal(l=3) ave= 0.000E+00 +/- 0.00 %  % || Gg(l=0) ave= 2.704E-01 +/- 1.11 % Gg(l=1) ave= 0.000E+00 +/- 0.00 % Gg(l=2) ave= 0.000E+00 +/- 0.00 % Gg(l=3) ave= 0.000E+00 +/- 0.00 %  % || D(l=0) ave= 8.736E+02 +/- 1.54 % D(l=1) ave= 0.000E+00 +/- 0.00 % D(l=2) ave= 0.000E+00 +/- 0.00 % D(l=3) ave= 0.000E+00 +/- 0.00 %  % || S(l=0) ave= 1.375E-04 +/- 15.06 % S(l=1) ave= 0.000E+00 +/- 0.00 % S(l=2) ave= 0.000E+00 +/- 0.00 % S(l=3) ave= 0.000E+00 +/- 0.00 % 
 ... random file  182 Cap(th)  ave= 1.039E+00 b. +/- 6.38 % || Ela(th) ave= 4.061E+00 b. +/- 7.48 % || RIcap ave= 5.01E+00 b. +/- 3.92 % || Macs30 ave= 5.40E-02 b. +/- 0.46 % || Gn^0(l=0) ave= 1.162E-01 +/- 14.33 % Gn^0(l=1) ave= 0.000E+00 +/- 0.00 % Gn^0(l=2) ave= 0.000E+00 +/- 0.00 % Gn^0(l=3) ave= 0.000E+00 +/- 0.00 % || Gtotal(l=0) ave= 1.463E+01 +/- 17.02 % Gtotal(l=1) ave= 0.000E+00 +/- 0.00 % Gtotal(l=2) ave= 0.000E+00 +/- 0.00 % Gtotal(l=3) ave= 0.000E+00 +/- 0.00 %  % || Gg(l=0) ave= 2.704E-01 +/- 1.11 % Gg(l=1) ave= 0.000E+00 +/- 0.00 % Gg(l=2) ave= 0.000E+00 +/- 0.00 % Gg(l=3) ave= 0.000E+00 +/- 0.00 %  % || D(l=0) ave= 8.737E+02 +/- 1.54 % D(l=1) ave= 0.000E+00 +/- 0.00 % D(l=2) ave= 0.000E+00 +/- 0.00 % D(l=3) ave= 0.000E+00 +/- 0.00 %  % || S(l=0) ave= 1.373E-04 +/- 15.19 % S(l=1) ave= 0.000E+00 +/- 0.00 % S(l=2) ave= 0.000E+00 +/- 0.00 % S(l=3) ave= 0.000E+00 +/- 0.00 % 
 ... random file  183 Cap(th)  ave= 1.039E+00 b. +/- 6.37 % || Ela(th) ave= 4.058E+00 b. +/- 7.50 % || RIcap ave= 5.01E+00 b. +/- 3.92 % || Macs30 ave= 5.40E-02 b. +/- 0.46 % || Gn^0(l=0) ave= 1.162E-01 +/- 14.29 % Gn^0(l=1) ave= 0.000E+00 +/- 0.00 % Gn^0(l=2) ave= 0.000E+00 +/- 0.00 % Gn^0(l=3) ave= 0.000E+00 +/- 0.00 % || Gtotal(l=0) ave= 1.463E+01 +/- 16.98 % Gtotal(l=1) ave= 0.000E+00 +/- 0.00 % Gtotal(l=2) ave= 0.000E+00 +/- 0.00 % Gtotal(l=3) ave= 0.000E+00 +/- 0.00 %  % || Gg(l=0) ave= 2.704E-01 +/- 1.12 % Gg(l=1) ave= 0.000E+00 +/- 0.00 % Gg(l=2) ave= 0.000E+00 +/- 0.00 % Gg(l=3) ave= 0.000E+00 +/- 0.00 %  % || D(l=0) ave= 8.738E+02 +/- 1.54 % D(l=1) ave= 0.000E+00 +/- 0.00 % D(l=2) ave= 0.000E+00 +/- 0.00 % D(l=3) ave= 0.000E+00 +/- 0.00 %  % || S(l=0) ave= 1.373E-04 +/- 15.15 % S(l=1) ave= 0.000E+00 +/- 0.00 % S(l=2) ave= 0.000E+00 +/- 0.00 % S(l=3) ave= 0.000E+00 +/- 0.00 % 
 ... random file  184 Cap(th)  ave= 1.039E+00 b. +/- 6.37 % || Ela(th) ave= 4.061E+00 b. +/- 7.53 % || RIcap ave= 5.01E+00 b. +/- 3.92 % || Macs30 ave= 5.40E-02 b. +/- 0.46 % || Gn^0(l=0) ave= 1.162E-01 +/- 14.26 % Gn^0(l=1) ave= 0.000E+00 +/- 0.00 % Gn^0(l=2) ave= 0.000E+00 +/- 0.00 % Gn^0(l=3) ave= 0.000E+00 +/- 0.00 % || Gtotal(l=0) ave= 1.463E+01 +/- 16.93 % Gtotal(l=1) ave= 0.000E+00 +/- 0.00 % Gtotal(l=2) ave= 0.000E+00 +/- 0.00 % Gtotal(l=3) ave= 0.000E+00 +/- 0.00 %  % || Gg(l=0) ave= 2.703E-01 +/- 1.12 % Gg(l=1) ave= 0.000E+00 +/- 0.00 % Gg(l=2) ave= 0.000E+00 +/- 0.00 % Gg(l=3) ave= 0.000E+00 +/- 0.00 %  % || D(l=0) ave= 8.737E+02 +/- 1.54 % D(l=1) ave= 0.000E+00 +/- 0.00 % D(l=2) ave= 0.000E+00 +/- 0.00 % D(l=3) ave= 0.000E+00 +/- 0.00 %  % || S(l=0) ave= 1.372E-04 +/- 15.12 % S(l=1) ave= 0.000E+00 +/- 0.00 % S(l=2) ave= 0.000E+00 +/- 0.00 % S(l=3) ave= 0.000E+00 +/- 0.00 % 
 ... random file  185 Cap(th)  ave= 1.039E+00 b. +/- 6.36 % || Ela(th) ave= 4.062E+00 b. +/- 7.51 % || RIcap ave= 5.01E+00 b. +/- 3.91 % || Macs30 ave= 5.40E-02 b. +/- 0.46 % || Gn^0(l=0) ave= 1.161E-01 +/- 14.27 % Gn^0(l=1) ave= 0.000E+00 +/- 0.00 % Gn^0(l=2) ave= 0.000E+00 +/- 0.00 % Gn^0(l=3) ave= 0.000E+00 +/- 0.00 % || Gtotal(l=0) ave= 1.462E+01 +/- 16.93 % Gtotal(l=1) ave= 0.000E+00 +/- 0.00 % Gtotal(l=2) ave= 0.000E+00 +/- 0.00 % Gtotal(l=3) ave= 0.000E+00 +/- 0.00 %  % || Gg(l=0) ave= 2.704E-01 +/- 1.12 % Gg(l=1) ave= 0.000E+00 +/- 0.00 % Gg(l=2) ave= 0.000E+00 +/- 0.00 % Gg(l=3) ave= 0.000E+00 +/- 0.00 %  % || D(l=0) ave= 8.736E+02 +/- 1.54 % D(l=1) ave= 0.000E+00 +/- 0.00 % D(l=2) ave= 0.000E+00 +/- 0.00 % D(l=3) ave= 0.000E+00 +/- 0.00 %  % || S(l=0) ave= 1.371E-04 +/- 15.12 % S(l=1) ave= 0.000E+00 +/- 0.00 % S(l=2) ave= 0.000E+00 +/- 0.00 % S(l=3) ave= 0.000E+00 +/- 0.00 % 
 ... random file  186 Cap(th)  ave= 1.039E+00 b. +/- 6.35 % || Ela(th) ave= 4.064E+00 b. +/- 7.51 % || RIcap ave= 5.01E+00 b. +/- 3.91 % || Macs30 ave= 5.40E-02 b. +/- 0.46 % || Gn^0(l=0) ave= 1.161E-01 +/- 14.23 % Gn^0(l=1) ave= 0.000E+00 +/- 0.00 % Gn^0(l=2) ave= 0.000E+00 +/- 0.00 % Gn^0(l=3) ave= 0.000E+00 +/- 0.00 % || Gtotal(l=0) ave= 1.462E+01 +/- 16.88 % Gtotal(l=1) ave= 0.000E+00 +/- 0.00 % Gtotal(l=2) ave= 0.000E+00 +/- 0.00 % Gtotal(l=3) ave= 0.000E+00 +/- 0.00 %  % || Gg(l=0) ave= 2.704E-01 +/- 1.12 % Gg(l=1) ave= 0.000E+00 +/- 0.00 % Gg(l=2) ave= 0.000E+00 +/- 0.00 % Gg(l=3) ave= 0.000E+00 +/- 0.00 %  % || D(l=0) ave= 8.735E+02 +/- 1.54 % D(l=1) ave= 0.000E+00 +/- 0.00 % D(l=2) ave= 0.000E+00 +/- 0.00 % D(l=3) ave= 0.000E+00 +/- 0.00 %  % || S(l=0) ave= 1.372E-04 +/- 15.07 % S(l=1) ave= 0.000E+00 +/- 0.00 % S(l=2) ave= 0.000E+00 +/- 0.00 % S(l=3) ave= 0.000E+00 +/- 0.00 % 
 ... random file  187 Cap(th)  ave= 1.039E+00 b. +/- 6.39 % || Ela(th) ave= 4.062E+00 b. +/- 7.52 % || RIcap ave= 5.01E+00 b. +/- 3.95 % || Macs30 ave= 5.40E-02 b. +/- 0.46 % || Gn^0(l=0) ave= 1.162E-01 +/- 14.29 % Gn^0(l=1) ave= 0.000E+00 +/- 0.00 % Gn^0(l=2) ave= 0.000E+00 +/- 0.00 % Gn^0(l=3) ave= 0.000E+00 +/- 0.00 % || Gtotal(l=0) ave= 1.464E+01 +/- 16.93 % Gtotal(l=1) ave= 0.000E+00 +/- 0.00 % Gtotal(l=2) ave= 0.000E+00 +/- 0.00 % Gtotal(l=3) ave= 0.000E+00 +/- 0.00 %  % || Gg(l=0) ave= 2.704E-01 +/- 1.12 % Gg(l=1) ave= 0.000E+00 +/- 0.00 % Gg(l=2) ave= 0.000E+00 +/- 0.00 % Gg(l=3) ave= 0.000E+00 +/- 0.00 %  % || D(l=0) ave= 8.735E+02 +/- 1.54 % D(l=1) ave= 0.000E+00 +/- 0.00 % D(l=2) ave= 0.000E+00 +/- 0.00 % D(l=3) ave= 0.000E+00 +/- 0.00 %  % || S(l=0) ave= 1.373E-04 +/- 15.14 % S(l=1) ave= 0.000E+00 +/- 0.00 % S(l=2) ave= 0.000E+00 +/- 0.00 % S(l=3) ave= 0.000E+00 +/- 0.00 % 
 ... random file  188 Cap(th)  ave= 1.040E+00 b. +/- 6.40 % || Ela(th) ave= 4.063E+00 b. +/- 7.50 % || RIcap ave= 5.01E+00 b. +/- 3.95 % || Macs30 ave= 5.40E-02 b. +/- 0.46 % || Gn^0(l=0) ave= 1.162E-01 +/- 14.25 % Gn^0(l=1) ave= 0.000E+00 +/- 0.00 % Gn^0(l=2) ave= 0.000E+00 +/- 0.00 % Gn^0(l=3) ave= 0.000E+00 +/- 0.00 % || Gtotal(l=0) ave= 1.464E+01 +/- 16.89 % Gtotal(l=1) ave= 0.000E+00 +/- 0.00 % Gtotal(l=2) ave= 0.000E+00 +/- 0.00 % Gtotal(l=3) ave= 0.000E+00 +/- 0.00 %  % || Gg(l=0) ave= 2.704E-01 +/- 1.12 % Gg(l=1) ave= 0.000E+00 +/- 0.00 % Gg(l=2) ave= 0.000E+00 +/- 0.00 % Gg(l=3) ave= 0.000E+00 +/- 0.00 %  % || D(l=0) ave= 8.735E+02 +/- 1.54 % D(l=1) ave= 0.000E+00 +/- 0.00 % D(l=2) ave= 0.000E+00 +/- 0.00 % D(l=3) ave= 0.000E+00 +/- 0.00 %  % || S(l=0) ave= 1.373E-04 +/- 15.10 % S(l=1) ave= 0.000E+00 +/- 0.00 % S(l=2) ave= 0.000E+00 +/- 0.00 % S(l=3) ave= 0.000E+00 +/- 0.00 % 
 ... random file  189 Cap(th)  ave= 1.039E+00 b. +/- 6.41 % || Ela(th) ave= 4.063E+00 b. +/- 7.48 % || RIcap ave= 5.01E+00 b. +/- 3.98 % || Macs30 ave= 5.40E-02 b. +/- 0.46 % || Gn^0(l=0) ave= 1.162E-01 +/- 14.22 % Gn^0(l=1) ave= 0.000E+00 +/- 0.00 % Gn^0(l=2) ave= 0.000E+00 +/- 0.00 % Gn^0(l=3) ave= 0.000E+00 +/- 0.00 % || Gtotal(l=0) ave= 1.464E+01 +/- 16.86 % Gtotal(l=1) ave= 0.000E+00 +/- 0.00 % Gtotal(l=2) ave= 0.000E+00 +/- 0.00 % Gtotal(l=3) ave= 0.000E+00 +/- 0.00 %  % || Gg(l=0) ave= 2.704E-01 +/- 1.12 % Gg(l=1) ave= 0.000E+00 +/- 0.00 % Gg(l=2) ave= 0.000E+00 +/- 0.00 % Gg(l=3) ave= 0.000E+00 +/- 0.00 %  % || D(l=0) ave= 8.736E+02 +/- 1.54 % D(l=1) ave= 0.000E+00 +/- 0.00 % D(l=2) ave= 0.000E+00 +/- 0.00 % D(l=3) ave= 0.000E+00 +/- 0.00 %  % || S(l=0) ave= 1.373E-04 +/- 15.07 % S(l=1) ave= 0.000E+00 +/- 0.00 % S(l=2) ave= 0.000E+00 +/- 0.00 % S(l=3) ave= 0.000E+00 +/- 0.00 % 
 ... random file  190 Cap(th)  ave= 1.040E+00 b. +/- 6.45 % || Ela(th) ave= 4.061E+00 b. +/- 7.49 % || RIcap ave= 5.01E+00 b. +/- 3.98 % || Macs30 ave= 5.40E-02 b. +/- 0.46 % || Gn^0(l=0) ave= 1.161E-01 +/- 14.21 % Gn^0(l=1) ave= 0.000E+00 +/- 0.00 % Gn^0(l=2) ave= 0.000E+00 +/- 0.00 % Gn^0(l=3) ave= 0.000E+00 +/- 0.00 % || Gtotal(l=0) ave= 1.462E+01 +/- 16.86 % Gtotal(l=1) ave= 0.000E+00 +/- 0.00 % Gtotal(l=2) ave= 0.000E+00 +/- 0.00 % Gtotal(l=3) ave= 0.000E+00 +/- 0.00 %  % || Gg(l=0) ave= 2.703E-01 +/- 1.12 % Gg(l=1) ave= 0.000E+00 +/- 0.00 % Gg(l=2) ave= 0.000E+00 +/- 0.00 % Gg(l=3) ave= 0.000E+00 +/- 0.00 %  % || D(l=0) ave= 8.737E+02 +/- 1.54 % D(l=1) ave= 0.000E+00 +/- 0.00 % D(l=2) ave= 0.000E+00 +/- 0.00 % D(l=3) ave= 0.000E+00 +/- 0.00 %  % || S(l=0) ave= 1.372E-04 +/- 15.06 % S(l=1) ave= 0.000E+00 +/- 0.00 % S(l=2) ave= 0.000E+00 +/- 0.00 % S(l=3) ave= 0.000E+00 +/- 0.00 % 
 ... random file  191 Cap(th)  ave= 1.040E+00 b. +/- 6.44 % || Ela(th) ave= 4.061E+00 b. +/- 7.47 % || RIcap ave= 5.01E+00 b. +/- 3.97 % || Macs30 ave= 5.40E-02 b. +/- 0.46 % || Gn^0(l=0) ave= 1.161E-01 +/- 14.18 % Gn^0(l=1) ave= 0.000E+00 +/- 0.00 % Gn^0(l=2) ave= 0.000E+00 +/- 0.00 % Gn^0(l=3) ave= 0.000E+00 +/- 0.00 % || Gtotal(l=0) ave= 1.462E+01 +/- 16.83 % Gtotal(l=1) ave= 0.000E+00 +/- 0.00 % Gtotal(l=2) ave= 0.000E+00 +/- 0.00 % Gtotal(l=3) ave= 0.000E+00 +/- 0.00 %  % || Gg(l=0) ave= 2.703E-01 +/- 1.13 % Gg(l=1) ave= 0.000E+00 +/- 0.00 % Gg(l=2) ave= 0.000E+00 +/- 0.00 % Gg(l=3) ave= 0.000E+00 +/- 0.00 %  % || D(l=0) ave= 8.737E+02 +/- 1.54 % D(l=1) ave= 0.000E+00 +/- 0.00 % D(l=2) ave= 0.000E+00 +/- 0.00 % D(l=3) ave= 0.000E+00 +/- 0.00 %  % || S(l=0) ave= 1.372E-04 +/- 15.03 % S(l=1) ave= 0.000E+00 +/- 0.00 % S(l=2) ave= 0.000E+00 +/- 0.00 % S(l=3) ave= 0.000E+00 +/- 0.00 % 
 ... random file  192 Cap(th)  ave= 1.040E+00 b. +/- 6.43 % || Ela(th) ave= 4.061E+00 b. +/- 7.46 % || RIcap ave= 5.01E+00 b. +/- 3.98 % || Macs30 ave= 5.40E-02 b. +/- 0.46 % || Gn^0(l=0) ave= 1.161E-01 +/- 14.15 % Gn^0(l=1) ave= 0.000E+00 +/- 0.00 % Gn^0(l=2) ave= 0.000E+00 +/- 0.00 % Gn^0(l=3) ave= 0.000E+00 +/- 0.00 % || Gtotal(l=0) ave= 1.461E+01 +/- 16.81 % Gtotal(l=1) ave= 0.000E+00 +/- 0.00 % Gtotal(l=2) ave= 0.000E+00 +/- 0.00 % Gtotal(l=3) ave= 0.000E+00 +/- 0.00 %  % || Gg(l=0) ave= 2.703E-01 +/- 1.13 % Gg(l=1) ave= 0.000E+00 +/- 0.00 % Gg(l=2) ave= 0.000E+00 +/- 0.00 % Gg(l=3) ave= 0.000E+00 +/- 0.00 %  % || D(l=0) ave= 8.738E+02 +/- 1.54 % D(l=1) ave= 0.000E+00 +/- 0.00 % D(l=2) ave= 0.000E+00 +/- 0.00 % D(l=3) ave= 0.000E+00 +/- 0.00 %  % || S(l=0) ave= 1.371E-04 +/- 15.01 % S(l=1) ave= 0.000E+00 +/- 0.00 % S(l=2) ave= 0.000E+00 +/- 0.00 % S(l=3) ave= 0.000E+00 +/- 0.00 % 
 ... random file  193 Cap(th)  ave= 1.040E+00 b. +/- 6.41 % || Ela(th) ave= 4.061E+00 b. +/- 7.44 % || RIcap ave= 5.01E+00 b. +/- 4.00 % || Macs30 ave= 5.40E-02 b. +/- 0.46 % || Gn^0(l=0) ave= 1.160E-01 +/- 14.14 % Gn^0(l=1) ave= 0.000E+00 +/- 0.00 % Gn^0(l=2) ave= 0.000E+00 +/- 0.00 % Gn^0(l=3) ave= 0.000E+00 +/- 0.00 % || Gtotal(l=0) ave= 1.460E+01 +/- 16.79 % Gtotal(l=1) ave= 0.000E+00 +/- 0.00 % Gtotal(l=2) ave= 0.000E+00 +/- 0.00 % Gtotal(l=3) ave= 0.000E+00 +/- 0.00 %  % || Gg(l=0) ave= 2.703E-01 +/- 1.12 % Gg(l=1) ave= 0.000E+00 +/- 0.00 % Gg(l=2) ave= 0.000E+00 +/- 0.00 % Gg(l=3) ave= 0.000E+00 +/- 0.00 %  % || D(l=0) ave= 8.739E+02 +/- 1.54 % D(l=1) ave= 0.000E+00 +/- 0.00 % D(l=2) ave= 0.000E+00 +/- 0.00 % D(l=3) ave= 0.000E+00 +/- 0.00 %  % || S(l=0) ave= 1.370E-04 +/- 15.00 % S(l=1) ave= 0.000E+00 +/- 0.00 % S(l=2) ave= 0.000E+00 +/- 0.00 % S(l=3) ave= 0.000E+00 +/- 0.00 % 
 ... random file  194 Cap(th)  ave= 1.040E+00 b. +/- 6.39 % || Ela(th) ave= 4.066E+00 b. +/- 7.56 % || RIcap ave= 5.01E+00 b. +/- 3.99 % || Macs30 ave= 5.40E-02 b. +/- 0.46 % || Gn^0(l=0) ave= 1.159E-01 +/- 14.15 % Gn^0(l=1) ave= 0.000E+00 +/- 0.00 % Gn^0(l=2) ave= 0.000E+00 +/- 0.00 % Gn^0(l=3) ave= 0.000E+00 +/- 0.00 % || Gtotal(l=0) ave= 1.459E+01 +/- 16.81 % Gtotal(l=1) ave= 0.000E+00 +/- 0.00 % Gtotal(l=2) ave= 0.000E+00 +/- 0.00 % Gtotal(l=3) ave= 0.000E+00 +/- 0.00 %  % || Gg(l=0) ave= 2.703E-01 +/- 1.13 % Gg(l=1) ave= 0.000E+00 +/- 0.00 % Gg(l=2) ave= 0.000E+00 +/- 0.00 % Gg(l=3) ave= 0.000E+00 +/- 0.00 %  % || D(l=0) ave= 8.740E+02 +/- 1.54 % D(l=1) ave= 0.000E+00 +/- 0.00 % D(l=2) ave= 0.000E+00 +/- 0.00 % D(l=3) ave= 0.000E+00 +/- 0.00 %  % || S(l=0) ave= 1.369E-04 +/- 15.01 % S(l=1) ave= 0.000E+00 +/- 0.00 % S(l=2) ave= 0.000E+00 +/- 0.00 % S(l=3) ave= 0.000E+00 +/- 0.00 % 
 ... random file  195 Cap(th)  ave= 1.040E+00 b. +/- 6.39 % || Ela(th) ave= 4.066E+00 b. +/- 7.54 % || RIcap ave= 5.01E+00 b. +/- 4.01 % || Macs30 ave= 5.40E-02 b. +/- 0.46 % || Gn^0(l=0) ave= 1.159E-01 +/- 14.12 % Gn^0(l=1) ave= 0.000E+00 +/- 0.00 % Gn^0(l=2) ave= 0.000E+00 +/- 0.00 % Gn^0(l=3) ave= 0.000E+00 +/- 0.00 % || Gtotal(l=0) ave= 1.459E+01 +/- 16.78 % Gtotal(l=1) ave= 0.000E+00 +/- 0.00 % Gtotal(l=2) ave= 0.000E+00 +/- 0.00 % Gtotal(l=3) ave= 0.000E+00 +/- 0.00 %  % || Gg(l=0) ave= 2.703E-01 +/- 1.13 % Gg(l=1) ave= 0.000E+00 +/- 0.00 % Gg(l=2) ave= 0.000E+00 +/- 0.00 % Gg(l=3) ave= 0.000E+00 +/- 0.00 %  % || D(l=0) ave= 8.739E+02 +/- 1.54 % D(l=1) ave= 0.000E+00 +/- 0.00 % D(l=2) ave= 0.000E+00 +/- 0.00 % D(l=3) ave= 0.000E+00 +/- 0.00 %  % || S(l=0) ave= 1.369E-04 +/- 14.98 % S(l=1) ave= 0.000E+00 +/- 0.00 % S(l=2) ave= 0.000E+00 +/- 0.00 % S(l=3) ave= 0.000E+00 +/- 0.00 % 
 ... random file  196 Cap(th)  ave= 1.041E+00 b. +/- 6.42 % || Ela(th) ave= 4.065E+00 b. +/- 7.53 % || RIcap ave= 5.01E+00 b. +/- 4.04 % || Macs30 ave= 5.40E-02 b. +/- 0.46 % || Gn^0(l=0) ave= 1.158E-01 +/- 14.12 % Gn^0(l=1) ave= 0.000E+00 +/- 0.00 % Gn^0(l=2) ave= 0.000E+00 +/- 0.00 % Gn^0(l=3) ave= 0.000E+00 +/- 0.00 % || Gtotal(l=0) ave= 1.458E+01 +/- 16.76 % Gtotal(l=1) ave= 0.000E+00 +/- 0.00 % Gtotal(l=2) ave= 0.000E+00 +/- 0.00 % Gtotal(l=3) ave= 0.000E+00 +/- 0.00 %  % || Gg(l=0) ave= 2.703E-01 +/- 1.13 % Gg(l=1) ave= 0.000E+00 +/- 0.00 % Gg(l=2) ave= 0.000E+00 +/- 0.00 % Gg(l=3) ave= 0.000E+00 +/- 0.00 %  % || D(l=0) ave= 8.738E+02 +/- 1.54 % D(l=1) ave= 0.000E+00 +/- 0.00 % D(l=2) ave= 0.000E+00 +/- 0.00 % D(l=3) ave= 0.000E+00 +/- 0.00 %  % || S(l=0) ave= 1.368E-04 +/- 14.96 % S(l=1) ave= 0.000E+00 +/- 0.00 % S(l=2) ave= 0.000E+00 +/- 0.00 % S(l=3) ave= 0.000E+00 +/- 0.00 % 
 ... random file  197 Cap(th)  ave= 1.041E+00 b. +/- 6.41 % || Ela(th) ave= 4.063E+00 b. +/- 7.53 % || RIcap ave= 5.01E+00 b. +/- 4.05 % || Macs30 ave= 5.40E-02 b. +/- 0.46 % || Gn^0(l=0) ave= 1.158E-01 +/- 14.08 % Gn^0(l=1) ave= 0.000E+00 +/- 0.00 % Gn^0(l=2) ave= 0.000E+00 +/- 0.00 % Gn^0(l=3) ave= 0.000E+00 +/- 0.00 % || Gtotal(l=0) ave= 1.458E+01 +/- 16.72 % Gtotal(l=1) ave= 0.000E+00 +/- 0.00 % Gtotal(l=2) ave= 0.000E+00 +/- 0.00 % Gtotal(l=3) ave= 0.000E+00 +/- 0.00 %  % || Gg(l=0) ave= 2.703E-01 +/- 1.13 % Gg(l=1) ave= 0.000E+00 +/- 0.00 % Gg(l=2) ave= 0.000E+00 +/- 0.00 % Gg(l=3) ave= 0.000E+00 +/- 0.00 %  % || D(l=0) ave= 8.739E+02 +/- 1.54 % D(l=1) ave= 0.000E+00 +/- 0.00 % D(l=2) ave= 0.000E+00 +/- 0.00 % D(l=3) ave= 0.000E+00 +/- 0.00 %  % || S(l=0) ave= 1.368E-04 +/- 14.93 % S(l=1) ave= 0.000E+00 +/- 0.00 % S(l=2) ave= 0.000E+00 +/- 0.00 % S(l=3) ave= 0.000E+00 +/- 0.00 % 
 ... random file  198 Cap(th)  ave= 1.041E+00 b. +/- 6.40 % || Ela(th) ave= 4.062E+00 b. +/- 7.53 % || RIcap ave= 5.02E+00 b. +/- 4.05 % || Macs30 ave= 5.40E-02 b. +/- 0.46 % || Gn^0(l=0) ave= 1.159E-01 +/- 14.08 % Gn^0(l=1) ave= 0.000E+00 +/- 0.00 % Gn^0(l=2) ave= 0.000E+00 +/- 0.00 % Gn^0(l=3) ave= 0.000E+00 +/- 0.00 % || Gtotal(l=0) ave= 1.459E+01 +/- 16.72 % Gtotal(l=1) ave= 0.000E+00 +/- 0.00 % Gtotal(l=2) ave= 0.000E+00 +/- 0.00 % Gtotal(l=3) ave= 0.000E+00 +/- 0.00 %  % || Gg(l=0) ave= 2.703E-01 +/- 1.13 % Gg(l=1) ave= 0.000E+00 +/- 0.00 % Gg(l=2) ave= 0.000E+00 +/- 0.00 % Gg(l=3) ave= 0.000E+00 +/- 0.00 %  % || D(l=0) ave= 8.738E+02 +/- 1.54 % D(l=1) ave= 0.000E+00 +/- 0.00 % D(l=2) ave= 0.000E+00 +/- 0.00 % D(l=3) ave= 0.000E+00 +/- 0.00 %  % || S(l=0) ave= 1.370E-04 +/- 14.93 % S(l=1) ave= 0.000E+00 +/- 0.00 % S(l=2) ave= 0.000E+00 +/- 0.00 % S(l=3) ave= 0.000E+00 +/- 0.00 % 
 ... random file  199 Cap(th)  ave= 1.042E+00 b. +/- 6.44 % || Ela(th) ave= 4.065E+00 b. +/- 7.58 % || RIcap ave= 5.02E+00 b. +/- 4.10 % || Macs30 ave= 5.40E-02 b. +/- 0.46 % || Gn^0(l=0) ave= 1.159E-01 +/- 14.06 % Gn^0(l=1) ave= 0.000E+00 +/- 0.00 % Gn^0(l=2) ave= 0.000E+00 +/- 0.00 % Gn^0(l=3) ave= 0.000E+00 +/- 0.00 % || Gtotal(l=0) ave= 1.458E+01 +/- 16.70 % Gtotal(l=1) ave= 0.000E+00 +/- 0.00 % Gtotal(l=2) ave= 0.000E+00 +/- 0.00 % Gtotal(l=3) ave= 0.000E+00 +/- 0.00 %  % || Gg(l=0) ave= 2.703E-01 +/- 1.13 % Gg(l=1) ave= 0.000E+00 +/- 0.00 % Gg(l=2) ave= 0.000E+00 +/- 0.00 % Gg(l=3) ave= 0.000E+00 +/- 0.00 %  % || D(l=0) ave= 8.739E+02 +/- 1.54 % D(l=1) ave= 0.000E+00 +/- 0.00 % D(l=2) ave= 0.000E+00 +/- 0.00 % D(l=3) ave= 0.000E+00 +/- 0.00 %  % || S(l=0) ave= 1.369E-04 +/- 14.92 % S(l=1) ave= 0.000E+00 +/- 0.00 % S(l=2) ave= 0.000E+00 +/- 0.00 % S(l=3) ave= 0.000E+00 +/- 0.00 % 
 ... random file  200 Cap(th)  ave= 1.041E+00 b. +/- 6.43 % || Ela(th) ave= 4.064E+00 b. +/- 7.56 % || RIcap ave= 5.02E+00 b. +/- 4.10 % || Macs30 ave= 5.40E-02 b. +/- 0.46 % || Gn^0(l=0) ave= 1.158E-01 +/- 14.07 % Gn^0(l=1) ave= 0.000E+00 +/- 0.00 % Gn^0(l=2) ave= 0.000E+00 +/- 0.00 % Gn^0(l=3) ave= 0.000E+00 +/- 0.00 % || Gtotal(l=0) ave= 1.457E+01 +/- 16.71 % Gtotal(l=1) ave= 0.000E+00 +/- 0.00 % Gtotal(l=2) ave= 0.000E+00 +/- 0.00 % Gtotal(l=3) ave= 0.000E+00 +/- 0.00 %  % || Gg(l=0) ave= 2.703E-01 +/- 1.15 % Gg(l=1) ave= 0.000E+00 +/- 0.00 % Gg(l=2) ave= 0.000E+00 +/- 0.00 % Gg(l=3) ave= 0.000E+00 +/- 0.00 %  % || D(l=0) ave= 8.739E+02 +/- 1.54 % D(l=1) ave= 0.000E+00 +/- 0.00 % D(l=2) ave= 0.000E+00 +/- 0.00 % D(l=3) ave= 0.000E+00 +/- 0.00 %  % || S(l=0) ave= 1.368E-04 +/- 14.93 % S(l=1) ave= 0.000E+00 +/- 0.00 % S(l=2) ave= 0.000E+00 +/- 0.00 % S(l=3) ave= 0.000E+00 +/- 0.00 % 
 ... random file  201 Cap(th)  ave= 1.041E+00 b. +/- 6.42 % || Ela(th) ave= 4.064E+00 b. +/- 7.54 % || RIcap ave= 5.02E+00 b. +/- 4.10 % || Macs30 ave= 5.40E-02 b. +/- 0.46 % || Gn^0(l=0) ave= 1.159E-01 +/- 14.04 % Gn^0(l=1) ave= 0.000E+00 +/- 0.00 % Gn^0(l=2) ave= 0.000E+00 +/- 0.00 % Gn^0(l=3) ave= 0.000E+00 +/- 0.00 % || Gtotal(l=0) ave= 1.458E+01 +/- 16.68 % Gtotal(l=1) ave= 0.000E+00 +/- 0.00 % Gtotal(l=2) ave= 0.000E+00 +/- 0.00 % Gtotal(l=3) ave= 0.000E+00 +/- 0.00 %  % || Gg(l=0) ave= 2.703E-01 +/- 1.14 % Gg(l=1) ave= 0.000E+00 +/- 0.00 % Gg(l=2) ave= 0.000E+00 +/- 0.00 % Gg(l=3) ave= 0.000E+00 +/- 0.00 %  % || D(l=0) ave= 8.739E+02 +/- 1.54 % D(l=1) ave= 0.000E+00 +/- 0.00 % D(l=2) ave= 0.000E+00 +/- 0.00 % D(l=3) ave= 0.000E+00 +/- 0.00 %  % || S(l=0) ave= 1.368E-04 +/- 14.90 % S(l=1) ave= 0.000E+00 +/- 0.00 % S(l=2) ave= 0.000E+00 +/- 0.00 % S(l=3) ave= 0.000E+00 +/- 0.00 % 
 ... random file  202 Cap(th)  ave= 1.041E+00 b. +/- 6.41 % || Ela(th) ave= 4.064E+00 b. +/- 7.53 % || RIcap ave= 5.02E+00 b. +/- 4.09 % || Macs30 ave= 5.40E-02 b. +/- 0.46 % || Gn^0(l=0) ave= 1.160E-01 +/- 14.06 % Gn^0(l=1) ave= 0.000E+00 +/- 0.00 % Gn^0(l=2) ave= 0.000E+00 +/- 0.00 % Gn^0(l=3) ave= 0.000E+00 +/- 0.00 % || Gtotal(l=0) ave= 1.460E+01 +/- 16.70 % Gtotal(l=1) ave= 0.000E+00 +/- 0.00 % Gtotal(l=2) ave= 0.000E+00 +/- 0.00 % Gtotal(l=3) ave= 0.000E+00 +/- 0.00 %  % || Gg(l=0) ave= 2.703E-01 +/- 1.14 % Gg(l=1) ave= 0.000E+00 +/- 0.00 % Gg(l=2) ave= 0.000E+00 +/- 0.00 % Gg(l=3) ave= 0.000E+00 +/- 0.00 %  % || D(l=0) ave= 8.738E+02 +/- 1.54 % D(l=1) ave= 0.000E+00 +/- 0.00 % D(l=2) ave= 0.000E+00 +/- 0.00 % D(l=3) ave= 0.000E+00 +/- 0.00 %  % || S(l=0) ave= 1.370E-04 +/- 14.91 % S(l=1) ave= 0.000E+00 +/- 0.00 % S(l=2) ave= 0.000E+00 +/- 0.00 % S(l=3) ave= 0.000E+00 +/- 0.00 % 
 ... random file  203 Cap(th)  ave= 1.041E+00 b. +/- 6.43 % || Ela(th) ave= 4.063E+00 b. +/- 7.51 % || RIcap ave= 5.01E+00 b. +/- 4.11 % || Macs30 ave= 5.40E-02 b. +/- 0.46 % || Gn^0(l=0) ave= 1.160E-01 +/- 14.02 % Gn^0(l=1) ave= 0.000E+00 +/- 0.00 % Gn^0(l=2) ave= 0.000E+00 +/- 0.00 % Gn^0(l=3) ave= 0.000E+00 +/- 0.00 % || Gtotal(l=0) ave= 1.460E+01 +/- 16.65 % Gtotal(l=1) ave= 0.000E+00 +/- 0.00 % Gtotal(l=2) ave= 0.000E+00 +/- 0.00 % Gtotal(l=3) ave= 0.000E+00 +/- 0.00 %  % || Gg(l=0) ave= 2.703E-01 +/- 1.14 % Gg(l=1) ave= 0.000E+00 +/- 0.00 % Gg(l=2) ave= 0.000E+00 +/- 0.00 % Gg(l=3) ave= 0.000E+00 +/- 0.00 %  % || D(l=0) ave= 8.737E+02 +/- 1.54 % D(l=1) ave= 0.000E+00 +/- 0.00 % D(l=2) ave= 0.000E+00 +/- 0.00 % D(l=3) ave= 0.000E+00 +/- 0.00 %  % || S(l=0) ave= 1.370E-04 +/- 14.88 % S(l=1) ave= 0.000E+00 +/- 0.00 % S(l=2) ave= 0.000E+00 +/- 0.00 % S(l=3) ave= 0.000E+00 +/- 0.00 % 
 ... random file  204 Cap(th)  ave= 1.041E+00 b. +/- 6.42 % || Ela(th) ave= 4.063E+00 b. +/- 7.50 % || RIcap ave= 5.01E+00 b. +/- 4.10 % || Macs30 ave= 5.40E-02 b. +/- 0.46 % || Gn^0(l=0) ave= 1.159E-01 +/- 14.01 % Gn^0(l=1) ave= 0.000E+00 +/- 0.00 % Gn^0(l=2) ave= 0.000E+00 +/- 0.00 % Gn^0(l=3) ave= 0.000E+00 +/- 0.00 % || Gtotal(l=0) ave= 1.459E+01 +/- 16.64 % Gtotal(l=1) ave= 0.000E+00 +/- 0.00 % Gtotal(l=2) ave= 0.000E+00 +/- 0.00 % Gtotal(l=3) ave= 0.000E+00 +/- 0.00 %  % || Gg(l=0) ave= 2.703E-01 +/- 1.14 % Gg(l=1) ave= 0.000E+00 +/- 0.00 % Gg(l=2) ave= 0.000E+00 +/- 0.00 % Gg(l=3) ave= 0.000E+00 +/- 0.00 %  % || D(l=0) ave= 8.737E+02 +/- 1.54 % D(l=1) ave= 0.000E+00 +/- 0.00 % D(l=2) ave= 0.000E+00 +/- 0.00 % D(l=3) ave= 0.000E+00 +/- 0.00 %  % || S(l=0) ave= 1.369E-04 +/- 14.86 % S(l=1) ave= 0.000E+00 +/- 0.00 % S(l=2) ave= 0.000E+00 +/- 0.00 % S(l=3) ave= 0.000E+00 +/- 0.00 % 
 ... random file  205 Cap(th)  ave= 1.040E+00 b. +/- 6.42 % || Ela(th) ave= 4.060E+00 b. +/- 7.54 % || RIcap ave= 5.01E+00 b. +/- 4.10 % || Macs30 ave= 5.40E-02 b. +/- 0.46 % || Gn^0(l=0) ave= 1.158E-01 +/- 14.04 % Gn^0(l=1) ave= 0.000E+00 +/- 0.00 % Gn^0(l=2) ave= 0.000E+00 +/- 0.00 % Gn^0(l=3) ave= 0.000E+00 +/- 0.00 % || Gtotal(l=0) ave= 1.458E+01 +/- 16.67 % Gtotal(l=1) ave= 0.000E+00 +/- 0.00 % Gtotal(l=2) ave= 0.000E+00 +/- 0.00 % Gtotal(l=3) ave= 0.000E+00 +/- 0.00 %  % || Gg(l=0) ave= 2.703E-01 +/- 1.15 % Gg(l=1) ave= 0.000E+00 +/- 0.00 % Gg(l=2) ave= 0.000E+00 +/- 0.00 % Gg(l=3) ave= 0.000E+00 +/- 0.00 %  % || D(l=0) ave= 8.737E+02 +/- 1.54 % D(l=1) ave= 0.000E+00 +/- 0.00 % D(l=2) ave= 0.000E+00 +/- 0.00 % D(l=3) ave= 0.000E+00 +/- 0.00 %  % || S(l=0) ave= 1.368E-04 +/- 14.89 % S(l=1) ave= 0.000E+00 +/- 0.00 % S(l=2) ave= 0.000E+00 +/- 0.00 % S(l=3) ave= 0.000E+00 +/- 0.00 % 
 ... random file  206 Cap(th)  ave= 1.040E+00 b. +/- 6.41 % || Ela(th) ave= 4.062E+00 b. +/- 7.53 % || RIcap ave= 5.01E+00 b. +/- 4.10 % || Macs30 ave= 5.40E-02 b. +/- 0.46 % || Gn^0(l=0) ave= 1.158E-01 +/- 14.01 % Gn^0(l=1) ave= 0.000E+00 +/- 0.00 % Gn^0(l=2) ave= 0.000E+00 +/- 0.00 % Gn^0(l=3) ave= 0.000E+00 +/- 0.00 % || Gtotal(l=0) ave= 1.458E+01 +/- 16.64 % Gtotal(l=1) ave= 0.000E+00 +/- 0.00 % Gtotal(l=2) ave= 0.000E+00 +/- 0.00 % Gtotal(l=3) ave= 0.000E+00 +/- 0.00 %  % || Gg(l=0) ave= 2.703E-01 +/- 1.15 % Gg(l=1) ave= 0.000E+00 +/- 0.00 % Gg(l=2) ave= 0.000E+00 +/- 0.00 % Gg(l=3) ave= 0.000E+00 +/- 0.00 %  % || D(l=0) ave= 8.737E+02 +/- 1.54 % D(l=1) ave= 0.000E+00 +/- 0.00 % D(l=2) ave= 0.000E+00 +/- 0.00 % D(l=3) ave= 0.000E+00 +/- 0.00 %  % || S(l=0) ave= 1.368E-04 +/- 14.86 % S(l=1) ave= 0.000E+00 +/- 0.00 % S(l=2) ave= 0.000E+00 +/- 0.00 % S(l=3) ave= 0.000E+00 +/- 0.00 % 
 ... random file  207 Cap(th)  ave= 1.040E+00 b. +/- 6.41 % || Ela(th) ave= 4.061E+00 b. +/- 7.51 % || RIcap ave= 5.01E+00 b. +/- 4.10 % || Macs30 ave= 5.40E-02 b. +/- 0.46 % || Gn^0(l=0) ave= 1.159E-01 +/- 13.97 % Gn^0(l=1) ave= 0.000E+00 +/- 0.00 % Gn^0(l=2) ave= 0.000E+00 +/- 0.00 % Gn^0(l=3) ave= 0.000E+00 +/- 0.00 % || Gtotal(l=0) ave= 1.459E+01 +/- 16.60 % Gtotal(l=1) ave= 0.000E+00 +/- 0.00 % Gtotal(l=2) ave= 0.000E+00 +/- 0.00 % Gtotal(l=3) ave= 0.000E+00 +/- 0.00 %  % || Gg(l=0) ave= 2.703E-01 +/- 1.14 % Gg(l=1) ave= 0.000E+00 +/- 0.00 % Gg(l=2) ave= 0.000E+00 +/- 0.00 % Gg(l=3) ave= 0.000E+00 +/- 0.00 %  % || D(l=0) ave= 8.736E+02 +/- 1.54 % D(l=1) ave= 0.000E+00 +/- 0.00 % D(l=2) ave= 0.000E+00 +/- 0.00 % D(l=3) ave= 0.000E+00 +/- 0.00 %  % || S(l=0) ave= 1.369E-04 +/- 14.83 % S(l=1) ave= 0.000E+00 +/- 0.00 % S(l=2) ave= 0.000E+00 +/- 0.00 % S(l=3) ave= 0.000E+00 +/- 0.00 % 
 ... random file  208 Cap(th)  ave= 1.040E+00 b. +/- 6.42 % || Ela(th) ave= 4.059E+00 b. +/- 7.56 % || RIcap ave= 5.01E+00 b. +/- 4.10 % || Macs30 ave= 5.40E-02 b. +/- 0.46 % || Gn^0(l=0) ave= 1.159E-01 +/- 13.94 % Gn^0(l=1) ave= 0.000E+00 +/- 0.00 % Gn^0(l=2) ave= 0.000E+00 +/- 0.00 % Gn^0(l=3) ave= 0.000E+00 +/- 0.00 % || Gtotal(l=0) ave= 1.459E+01 +/- 16.56 % Gtotal(l=1) ave= 0.000E+00 +/- 0.00 % Gtotal(l=2) ave= 0.000E+00 +/- 0.00 % Gtotal(l=3) ave= 0.000E+00 +/- 0.00 %  % || Gg(l=0) ave= 2.703E-01 +/- 1.14 % Gg(l=1) ave= 0.000E+00 +/- 0.00 % Gg(l=2) ave= 0.000E+00 +/- 0.00 % Gg(l=3) ave= 0.000E+00 +/- 0.00 %  % || D(l=0) ave= 8.735E+02 +/- 1.54 % D(l=1) ave= 0.000E+00 +/- 0.00 % D(l=2) ave= 0.000E+00 +/- 0.00 % D(l=3) ave= 0.000E+00 +/- 0.00 %  % || S(l=0) ave= 1.369E-04 +/- 14.79 % S(l=1) ave= 0.000E+00 +/- 0.00 % S(l=2) ave= 0.000E+00 +/- 0.00 % S(l=3) ave= 0.000E+00 +/- 0.00 % 
 ... random file  209 Cap(th)  ave= 1.040E+00 b. +/- 6.46 % || Ela(th) ave= 4.058E+00 b. +/- 7.55 % || RIcap ave= 5.01E+00 b. +/- 4.10 % || Macs30 ave= 5.40E-02 b. +/- 0.46 % || Gn^0(l=0) ave= 1.159E-01 +/- 13.91 % Gn^0(l=1) ave= 0.000E+00 +/- 0.00 % Gn^0(l=2) ave= 0.000E+00 +/- 0.00 % Gn^0(l=3) ave= 0.000E+00 +/- 0.00 % || Gtotal(l=0) ave= 1.460E+01 +/- 16.52 % Gtotal(l=1) ave= 0.000E+00 +/- 0.00 % Gtotal(l=2) ave= 0.000E+00 +/- 0.00 % Gtotal(l=3) ave= 0.000E+00 +/- 0.00 %  % || Gg(l=0) ave= 2.703E-01 +/- 1.14 % Gg(l=1) ave= 0.000E+00 +/- 0.00 % Gg(l=2) ave= 0.000E+00 +/- 0.00 % Gg(l=3) ave= 0.000E+00 +/- 0.00 %  % || D(l=0) ave= 8.735E+02 +/- 1.54 % D(l=1) ave= 0.000E+00 +/- 0.00 % D(l=2) ave= 0.000E+00 +/- 0.00 % D(l=3) ave= 0.000E+00 +/- 0.00 %  % || S(l=0) ave= 1.370E-04 +/- 14.76 % S(l=1) ave= 0.000E+00 +/- 0.00 % S(l=2) ave= 0.000E+00 +/- 0.00 % S(l=3) ave= 0.000E+00 +/- 0.00 % 
 ... random file  210 Cap(th)  ave= 1.040E+00 b. +/- 6.45 % || Ela(th) ave= 4.060E+00 b. +/- 7.55 % || RIcap ave= 5.01E+00 b. +/- 4.09 % || Macs30 ave= 5.40E-02 b. +/- 0.46 % || Gn^0(l=0) ave= 1.160E-01 +/- 13.89 % Gn^0(l=1) ave= 0.000E+00 +/- 0.00 % Gn^0(l=2) ave= 0.000E+00 +/- 0.00 % Gn^0(l=3) ave= 0.000E+00 +/- 0.00 % || Gtotal(l=0) ave= 1.461E+01 +/- 16.52 % Gtotal(l=1) ave= 0.000E+00 +/- 0.00 % Gtotal(l=2) ave= 0.000E+00 +/- 0.00 % Gtotal(l=3) ave= 0.000E+00 +/- 0.00 %  % || Gg(l=0) ave= 2.703E-01 +/- 1.15 % Gg(l=1) ave= 0.000E+00 +/- 0.00 % Gg(l=2) ave= 0.000E+00 +/- 0.00 % Gg(l=3) ave= 0.000E+00 +/- 0.00 %  % || D(l=0) ave= 8.734E+02 +/- 1.54 % D(l=1) ave= 0.000E+00 +/- 0.00 % D(l=2) ave= 0.000E+00 +/- 0.00 % D(l=3) ave= 0.000E+00 +/- 0.00 %  % || S(l=0) ave= 1.371E-04 +/- 14.74 % S(l=1) ave= 0.000E+00 +/- 0.00 % S(l=2) ave= 0.000E+00 +/- 0.00 % S(l=3) ave= 0.000E+00 +/- 0.00 % 
 ... random file  211 Cap(th)  ave= 1.040E+00 b. +/- 6.46 % || Ela(th) ave= 4.060E+00 b. +/- 7.53 % || RIcap ave= 5.01E+00 b. +/- 4.08 % || Macs30 ave= 5.40E-02 b. +/- 0.46 % || Gn^0(l=0) ave= 1.159E-01 +/- 13.88 % Gn^0(l=1) ave= 0.000E+00 +/- 0.00 % Gn^0(l=2) ave= 0.000E+00 +/- 0.00 % Gn^0(l=3) ave= 0.000E+00 +/- 0.00 % || Gtotal(l=0) ave= 1.460E+01 +/- 16.50 % Gtotal(l=1) ave= 0.000E+00 +/- 0.00 % Gtotal(l=2) ave= 0.000E+00 +/- 0.00 % Gtotal(l=3) ave= 0.000E+00 +/- 0.00 %  % || Gg(l=0) ave= 2.703E-01 +/- 1.14 % Gg(l=1) ave= 0.000E+00 +/- 0.00 % Gg(l=2) ave= 0.000E+00 +/- 0.00 % Gg(l=3) ave= 0.000E+00 +/- 0.00 %  % || D(l=0) ave= 8.735E+02 +/- 1.54 % D(l=1) ave= 0.000E+00 +/- 0.00 % D(l=2) ave= 0.000E+00 +/- 0.00 % D(l=3) ave= 0.000E+00 +/- 0.00 %  % || S(l=0) ave= 1.370E-04 +/- 14.73 % S(l=1) ave= 0.000E+00 +/- 0.00 % S(l=2) ave= 0.000E+00 +/- 0.00 % S(l=3) ave= 0.000E+00 +/- 0.00 % 
 ... random file  212 Cap(th)  ave= 1.040E+00 b. +/- 6.44 % || Ela(th) ave= 4.060E+00 b. +/- 7.52 % || RIcap ave= 5.01E+00 b. +/- 4.08 % || Macs30 ave= 5.40E-02 b. +/- 0.46 % || Gn^0(l=0) ave= 1.158E-01 +/- 13.92 % Gn^0(l=1) ave= 0.000E+00 +/- 0.00 % Gn^0(l=2) ave= 0.000E+00 +/- 0.00 % Gn^0(l=3) ave= 0.000E+00 +/- 0.00 % || Gtotal(l=0) ave= 1.459E+01 +/- 16.55 % Gtotal(l=1) ave= 0.000E+00 +/- 0.00 % Gtotal(l=2) ave= 0.000E+00 +/- 0.00 % Gtotal(l=3) ave= 0.000E+00 +/- 0.00 %  % || Gg(l=0) ave= 2.703E-01 +/- 1.14 % Gg(l=1) ave= 0.000E+00 +/- 0.00 % Gg(l=2) ave= 0.000E+00 +/- 0.00 % Gg(l=3) ave= 0.000E+00 +/- 0.00 %  % || D(l=0) ave= 8.735E+02 +/- 1.54 % D(l=1) ave= 0.000E+00 +/- 0.00 % D(l=2) ave= 0.000E+00 +/- 0.00 % D(l=3) ave= 0.000E+00 +/- 0.00 %  % || S(l=0) ave= 1.369E-04 +/- 14.77 % S(l=1) ave= 0.000E+00 +/- 0.00 % S(l=2) ave= 0.000E+00 +/- 0.00 % S(l=3) ave= 0.000E+00 +/- 0.00 % 
 ... random file  213 Cap(th)  ave= 1.040E+00 b. +/- 6.43 % || Ela(th) ave= 4.062E+00 b. +/- 7.52 % || RIcap ave= 5.01E+00 b. +/- 4.07 % || Macs30 ave= 5.40E-02 b. +/- 0.46 % || Gn^0(l=0) ave= 1.159E-01 +/- 13.88 % Gn^0(l=1) ave= 0.000E+00 +/- 0.00 % Gn^0(l=2) ave= 0.000E+00 +/- 0.00 % Gn^0(l=3) ave= 0.000E+00 +/- 0.00 % || Gtotal(l=0) ave= 1.459E+01 +/- 16.51 % Gtotal(l=1) ave= 0.000E+00 +/- 0.00 % Gtotal(l=2) ave= 0.000E+00 +/- 0.00 % Gtotal(l=3) ave= 0.000E+00 +/- 0.00 %  % || Gg(l=0) ave= 2.703E-01 +/- 1.14 % Gg(l=1) ave= 0.000E+00 +/- 0.00 % Gg(l=2) ave= 0.000E+00 +/- 0.00 % Gg(l=3) ave= 0.000E+00 +/- 0.00 %  % || D(l=0) ave= 8.736E+02 +/- 1.54 % D(l=1) ave= 0.000E+00 +/- 0.00 % D(l=2) ave= 0.000E+00 +/- 0.00 % D(l=3) ave= 0.000E+00 +/- 0.00 %  % || S(l=0) ave= 1.369E-04 +/- 14.74 % S(l=1) ave= 0.000E+00 +/- 0.00 % S(l=2) ave= 0.000E+00 +/- 0.00 % S(l=3) ave= 0.000E+00 +/- 0.00 % 
 ... random file  214 Cap(th)  ave= 1.040E+00 b. +/- 6.42 % || Ela(th) ave= 4.058E+00 b. +/- 7.63 % || RIcap ave= 5.01E+00 b. +/- 4.07 % || Macs30 ave= 5.40E-02 b. +/- 0.46 % || Gn^0(l=0) ave= 1.158E-01 +/- 13.91 % Gn^0(l=1) ave= 0.000E+00 +/- 0.00 % Gn^0(l=2) ave= 0.000E+00 +/- 0.00 % Gn^0(l=3) ave= 0.000E+00 +/- 0.00 % || Gtotal(l=0) ave= 1.457E+01 +/- 16.55 % Gtotal(l=1) ave= 0.000E+00 +/- 0.00 % Gtotal(l=2) ave= 0.000E+00 +/- 0.00 % Gtotal(l=3) ave= 0.000E+00 +/- 0.00 %  % || Gg(l=0) ave= 2.703E-01 +/- 1.14 % Gg(l=1) ave= 0.000E+00 +/- 0.00 % Gg(l=2) ave= 0.000E+00 +/- 0.00 % Gg(l=3) ave= 0.000E+00 +/- 0.00 %  % || D(l=0) ave= 8.737E+02 +/- 1.54 % D(l=1) ave= 0.000E+00 +/- 0.00 % D(l=2) ave= 0.000E+00 +/- 0.00 % D(l=3) ave= 0.000E+00 +/- 0.00 %  % || S(l=0) ave= 1.368E-04 +/- 14.77 % S(l=1) ave= 0.000E+00 +/- 0.00 % S(l=2) ave= 0.000E+00 +/- 0.00 % S(l=3) ave= 0.000E+00 +/- 0.00 % 
 ... random file  215 Cap(th)  ave= 1.040E+00 b. +/- 6.40 % || Ela(th) ave= 4.058E+00 b. +/- 7.61 % || RIcap ave= 5.01E+00 b. +/- 4.06 % || Macs30 ave= 5.40E-02 b. +/- 0.46 % || Gn^0(l=0) ave= 1.157E-01 +/- 13.92 % Gn^0(l=1) ave= 0.000E+00 +/- 0.00 % Gn^0(l=2) ave= 0.000E+00 +/- 0.00 % Gn^0(l=3) ave= 0.000E+00 +/- 0.00 % || Gtotal(l=0) ave= 1.457E+01 +/- 16.54 % Gtotal(l=1) ave= 0.000E+00 +/- 0.00 % Gtotal(l=2) ave= 0.000E+00 +/- 0.00 % Gtotal(l=3) ave= 0.000E+00 +/- 0.00 %  % || Gg(l=0) ave= 2.703E-01 +/- 1.14 % Gg(l=1) ave= 0.000E+00 +/- 0.00 % Gg(l=2) ave= 0.000E+00 +/- 0.00 % Gg(l=3) ave= 0.000E+00 +/- 0.00 %  % || D(l=0) ave= 8.736E+02 +/- 1.54 % D(l=1) ave= 0.000E+00 +/- 0.00 % D(l=2) ave= 0.000E+00 +/- 0.00 % D(l=3) ave= 0.000E+00 +/- 0.00 %  % || S(l=0) ave= 1.367E-04 +/- 14.77 % S(l=1) ave= 0.000E+00 +/- 0.00 % S(l=2) ave= 0.000E+00 +/- 0.00 % S(l=3) ave= 0.000E+00 +/- 0.00 % 
 ... random file  216 Cap(th)  ave= 1.040E+00 b. +/- 6.39 % || Ela(th) ave= 4.061E+00 b. +/- 7.65 % || RIcap ave= 5.01E+00 b. +/- 4.06 % || Macs30 ave= 5.40E-02 b. +/- 0.46 % || Gn^0(l=0) ave= 1.157E-01 +/- 13.89 % Gn^0(l=1) ave= 0.000E+00 +/- 0.00 % Gn^0(l=2) ave= 0.000E+00 +/- 0.00 % Gn^0(l=3) ave= 0.000E+00 +/- 0.00 % || Gtotal(l=0) ave= 1.457E+01 +/- 16.50 % Gtotal(l=1) ave= 0.000E+00 +/- 0.00 % Gtotal(l=2) ave= 0.000E+00 +/- 0.00 % Gtotal(l=3) ave= 0.000E+00 +/- 0.00 %  % || Gg(l=0) ave= 2.703E-01 +/- 1.14 % Gg(l=1) ave= 0.000E+00 +/- 0.00 % Gg(l=2) ave= 0.000E+00 +/- 0.00 % Gg(l=3) ave= 0.000E+00 +/- 0.00 %  % || D(l=0) ave= 8.735E+02 +/- 1.54 % D(l=1) ave= 0.000E+00 +/- 0.00 % D(l=2) ave= 0.000E+00 +/- 0.00 % D(l=3) ave= 0.000E+00 +/- 0.00 %  % || S(l=0) ave= 1.367E-04 +/- 14.74 % S(l=1) ave= 0.000E+00 +/- 0.00 % S(l=2) ave= 0.000E+00 +/- 0.00 % S(l=3) ave= 0.000E+00 +/- 0.00 % 
 ... random file  217 Cap(th)  ave= 1.040E+00 b. +/- 6.40 % || Ela(th) ave= 4.059E+00 b. +/- 7.67 % || RIcap ave= 5.01E+00 b. +/- 4.08 % || Macs30 ave= 5.40E-02 b. +/- 0.46 % || Gn^0(l=0) ave= 1.159E-01 +/- 14.00 % Gn^0(l=1) ave= 0.000E+00 +/- 0.00 % Gn^0(l=2) ave= 0.000E+00 +/- 0.00 % Gn^0(l=3) ave= 0.000E+00 +/- 0.00 % || Gtotal(l=0) ave= 1.459E+01 +/- 16.58 % Gtotal(l=1) ave= 0.000E+00 +/- 0.00 % Gtotal(l=2) ave= 0.000E+00 +/- 0.00 % Gtotal(l=3) ave= 0.000E+00 +/- 0.00 %  % || Gg(l=0) ave= 2.703E-01 +/- 1.14 % Gg(l=1) ave= 0.000E+00 +/- 0.00 % Gg(l=2) ave= 0.000E+00 +/- 0.00 % Gg(l=3) ave= 0.000E+00 +/- 0.00 %  % || D(l=0) ave= 8.736E+02 +/- 1.54 % D(l=1) ave= 0.000E+00 +/- 0.00 % D(l=2) ave= 0.000E+00 +/- 0.00 % D(l=3) ave= 0.000E+00 +/- 0.00 %  % || S(l=0) ave= 1.369E-04 +/- 14.82 % S(l=1) ave= 0.000E+00 +/- 0.00 % S(l=2) ave= 0.000E+00 +/- 0.00 % S(l=3) ave= 0.000E+00 +/- 0.00 % 
 ... random file  218 Cap(th)  ave= 1.041E+00 b. +/- 6.44 % || Ela(th) ave= 4.055E+00 b. +/- 7.77 % || RIcap ave= 5.01E+00 b. +/- 4.08 % || Macs30 ave= 5.40E-02 b. +/- 0.46 % || Gn^0(l=0) ave= 1.160E-01 +/- 14.01 % Gn^0(l=1) ave= 0.000E+00 +/- 0.00 % Gn^0(l=2) ave= 0.000E+00 +/- 0.00 % Gn^0(l=3) ave= 0.000E+00 +/- 0.00 % || Gtotal(l=0) ave= 1.461E+01 +/- 16.59 % Gtotal(l=1) ave= 0.000E+00 +/- 0.00 % Gtotal(l=2) ave= 0.000E+00 +/- 0.00 % Gtotal(l=3) ave= 0.000E+00 +/- 0.00 %  % || Gg(l=0) ave= 2.703E-01 +/- 1.14 % Gg(l=1) ave= 0.000E+00 +/- 0.00 % Gg(l=2) ave= 0.000E+00 +/- 0.00 % Gg(l=3) ave= 0.000E+00 +/- 0.00 %  % || D(l=0) ave= 8.735E+02 +/- 1.54 % D(l=1) ave= 0.000E+00 +/- 0.00 % D(l=2) ave= 0.000E+00 +/- 0.00 % D(l=3) ave= 0.000E+00 +/- 0.00 %  % || S(l=0) ave= 1.370E-04 +/- 14.83 % S(l=1) ave= 0.000E+00 +/- 0.00 % S(l=2) ave= 0.000E+00 +/- 0.00 % S(l=3) ave= 0.000E+00 +/- 0.00 % 
 ... random file  219 Cap(th)  ave= 1.040E+00 b. +/- 6.45 % || Ela(th) ave= 4.056E+00 b. +/- 7.76 % || RIcap ave= 5.01E+00 b. +/- 4.08 % || Macs30 ave= 5.40E-02 b. +/- 0.46 % || Gn^0(l=0) ave= 1.160E-01 +/- 14.00 % Gn^0(l=1) ave= 0.000E+00 +/- 0.00 % Gn^0(l=2) ave= 0.000E+00 +/- 0.00 % Gn^0(l=3) ave= 0.000E+00 +/- 0.00 % || Gtotal(l=0) ave= 1.462E+01 +/- 16.58 % Gtotal(l=1) ave= 0.000E+00 +/- 0.00 % Gtotal(l=2) ave= 0.000E+00 +/- 0.00 % Gtotal(l=3) ave= 0.000E+00 +/- 0.00 %  % || Gg(l=0) ave= 2.703E-01 +/- 1.14 % Gg(l=1) ave= 0.000E+00 +/- 0.00 % Gg(l=2) ave= 0.000E+00 +/- 0.00 % Gg(l=3) ave= 0.000E+00 +/- 0.00 %  % || D(l=0) ave= 8.735E+02 +/- 1.54 % D(l=1) ave= 0.000E+00 +/- 0.00 % D(l=2) ave= 0.000E+00 +/- 0.00 % D(l=3) ave= 0.000E+00 +/- 0.00 %  % || S(l=0) ave= 1.371E-04 +/- 14.82 % S(l=1) ave= 0.000E+00 +/- 0.00 % S(l=2) ave= 0.000E+00 +/- 0.00 % S(l=3) ave= 0.000E+00 +/- 0.00 % 
 ... random file  220 Cap(th)  ave= 1.040E+00 b. +/- 6.45 % || Ela(th) ave= 4.059E+00 b. +/- 7.79 % || RIcap ave= 5.01E+00 b. +/- 4.08 % || Macs30 ave= 5.40E-02 b. +/- 0.46 % || Gn^0(l=0) ave= 1.160E-01 +/- 14.00 % Gn^0(l=1) ave= 0.000E+00 +/- 0.00 % Gn^0(l=2) ave= 0.000E+00 +/- 0.00 % Gn^0(l=3) ave= 0.000E+00 +/- 0.00 % || Gtotal(l=0) ave= 1.461E+01 +/- 16.57 % Gtotal(l=1) ave= 0.000E+00 +/- 0.00 % Gtotal(l=2) ave= 0.000E+00 +/- 0.00 % Gtotal(l=3) ave= 0.000E+00 +/- 0.00 %  % || Gg(l=0) ave= 2.703E-01 +/- 1.15 % Gg(l=1) ave= 0.000E+00 +/- 0.00 % Gg(l=2) ave= 0.000E+00 +/- 0.00 % Gg(l=3) ave= 0.000E+00 +/- 0.00 %  % || D(l=0) ave= 8.734E+02 +/- 1.54 % D(l=1) ave= 0.000E+00 +/- 0.00 % D(l=2) ave= 0.000E+00 +/- 0.00 % D(l=3) ave= 0.000E+00 +/- 0.00 %  % || S(l=0) ave= 1.370E-04 +/- 14.81 % S(l=1) ave= 0.000E+00 +/- 0.00 % S(l=2) ave= 0.000E+00 +/- 0.00 % S(l=3) ave= 0.000E+00 +/- 0.00 % 
 ... random file  221 Cap(th)  ave= 1.040E+00 b. +/- 6.46 % || Ela(th) ave= 4.057E+00 b. +/- 7.78 % || RIcap ave= 5.01E+00 b. +/- 4.07 % || Macs30 ave= 5.40E-02 b. +/- 0.46 % || Gn^0(l=0) ave= 1.159E-01 +/- 14.05 % Gn^0(l=1) ave= 0.000E+00 +/- 0.00 % Gn^0(l=2) ave= 0.000E+00 +/- 0.00 % Gn^0(l=3) ave= 0.000E+00 +/- 0.00 % || Gtotal(l=0) ave= 1.459E+01 +/- 16.62 % Gtotal(l=1) ave= 0.000E+00 +/- 0.00 % Gtotal(l=2) ave= 0.000E+00 +/- 0.00 % Gtotal(l=3) ave= 0.000E+00 +/- 0.00 %  % || Gg(l=0) ave= 2.703E-01 +/- 1.15 % Gg(l=1) ave= 0.000E+00 +/- 0.00 % Gg(l=2) ave= 0.000E+00 +/- 0.00 % Gg(l=3) ave= 0.000E+00 +/- 0.00 %  % || D(l=0) ave= 8.735E+02 +/- 1.54 % D(l=1) ave= 0.000E+00 +/- 0.00 % D(l=2) ave= 0.000E+00 +/- 0.00 % D(l=3) ave= 0.000E+00 +/- 0.00 %  % || S(l=0) ave= 1.369E-04 +/- 14.86 % S(l=1) ave= 0.000E+00 +/- 0.00 % S(l=2) ave= 0.000E+00 +/- 0.00 % S(l=3) ave= 0.000E+00 +/- 0.00 % 
 ... random file  222 Cap(th)  ave= 1.040E+00 b. +/- 6.45 % || Ela(th) ave= 4.058E+00 b. +/- 7.77 % || RIcap ave= 5.01E+00 b. +/- 4.06 % || Macs30 ave= 5.40E-02 b. +/- 0.46 % || Gn^0(l=0) ave= 1.158E-01 +/- 14.05 % Gn^0(l=1) ave= 0.000E+00 +/- 0.00 % Gn^0(l=2) ave= 0.000E+00 +/- 0.00 % Gn^0(l=3) ave= 0.000E+00 +/- 0.00 % || Gtotal(l=0) ave= 1.458E+01 +/- 16.63 % Gtotal(l=1) ave= 0.000E+00 +/- 0.00 % Gtotal(l=2) ave= 0.000E+00 +/- 0.00 % Gtotal(l=3) ave= 0.000E+00 +/- 0.00 %  % || Gg(l=0) ave= 2.702E-01 +/- 1.18 % Gg(l=1) ave= 0.000E+00 +/- 0.00 % Gg(l=2) ave= 0.000E+00 +/- 0.00 % Gg(l=3) ave= 0.000E+00 +/- 0.00 %  % || D(l=0) ave= 8.735E+02 +/- 1.54 % D(l=1) ave= 0.000E+00 +/- 0.00 % D(l=2) ave= 0.000E+00 +/- 0.00 % D(l=3) ave= 0.000E+00 +/- 0.00 %  % || S(l=0) ave= 1.368E-04 +/- 14.88 % S(l=1) ave= 0.000E+00 +/- 0.00 % S(l=2) ave= 0.000E+00 +/- 0.00 % S(l=3) ave= 0.000E+00 +/- 0.00 % 
 ... random file  223 Cap(th)  ave= 1.040E+00 b. +/- 6.44 % || Ela(th) ave= 4.058E+00 b. +/- 7.75 % || RIcap ave= 5.01E+00 b. +/- 4.06 % || Macs30 ave= 5.40E-02 b. +/- 0.46 % || Gn^0(l=0) ave= 1.159E-01 +/- 14.06 % Gn^0(l=1) ave= 0.000E+00 +/- 0.00 % Gn^0(l=2) ave= 0.000E+00 +/- 0.00 % Gn^0(l=3) ave= 0.000E+00 +/- 0.00 % || Gtotal(l=0) ave= 1.459E+01 +/- 16.63 % Gtotal(l=1) ave= 0.000E+00 +/- 0.00 % Gtotal(l=2) ave= 0.000E+00 +/- 0.00 % Gtotal(l=3) ave= 0.000E+00 +/- 0.00 %  % || Gg(l=0) ave= 2.702E-01 +/- 1.18 % Gg(l=1) ave= 0.000E+00 +/- 0.00 % Gg(l=2) ave= 0.000E+00 +/- 0.00 % Gg(l=3) ave= 0.000E+00 +/- 0.00 %  % || D(l=0) ave= 8.735E+02 +/- 1.54 % D(l=1) ave= 0.000E+00 +/- 0.00 % D(l=2) ave= 0.000E+00 +/- 0.00 % D(l=3) ave= 0.000E+00 +/- 0.00 %  % || S(l=0) ave= 1.369E-04 +/- 14.88 % S(l=1) ave= 0.000E+00 +/- 0.00 % S(l=2) ave= 0.000E+00 +/- 0.00 % S(l=3) ave= 0.000E+00 +/- 0.00 % 
 ... random file  224 Cap(th)  ave= 1.040E+00 b. +/- 6.43 % || Ela(th) ave= 4.056E+00 b. +/- 7.81 % || RIcap ave= 5.01E+00 b. +/- 4.07 % || Macs30 ave= 5.40E-02 b. +/- 0.46 % || Gn^0(l=0) ave= 1.158E-01 +/- 14.10 % Gn^0(l=1) ave= 0.000E+00 +/- 0.00 % Gn^0(l=2) ave= 0.000E+00 +/- 0.00 % Gn^0(l=3) ave= 0.000E+00 +/- 0.00 % || Gtotal(l=0) ave= 1.458E+01 +/- 16.69 % Gtotal(l=1) ave= 0.000E+00 +/- 0.00 % Gtotal(l=2) ave= 0.000E+00 +/- 0.00 % Gtotal(l=3) ave= 0.000E+00 +/- 0.00 %  % || Gg(l=0) ave= 2.702E-01 +/- 1.18 % Gg(l=1) ave= 0.000E+00 +/- 0.00 % Gg(l=2) ave= 0.000E+00 +/- 0.00 % Gg(l=3) ave= 0.000E+00 +/- 0.00 %  % || D(l=0) ave= 8.735E+02 +/- 1.54 % D(l=1) ave= 0.000E+00 +/- 0.00 % D(l=2) ave= 0.000E+00 +/- 0.00 % D(l=3) ave= 0.000E+00 +/- 0.00 %  % || S(l=0) ave= 1.368E-04 +/- 14.93 % S(l=1) ave= 0.000E+00 +/- 0.00 % S(l=2) ave= 0.000E+00 +/- 0.00 % S(l=3) ave= 0.000E+00 +/- 0.00 % 
 ... random file  225 Cap(th)  ave= 1.040E+00 b. +/- 6.43 % || Ela(th) ave= 4.056E+00 b. +/- 7.80 % || RIcap ave= 5.01E+00 b. +/- 4.07 % || Macs30 ave= 5.40E-02 b. +/- 0.46 % || Gn^0(l=0) ave= 1.158E-01 +/- 14.07 % Gn^0(l=1) ave= 0.000E+00 +/- 0.00 % Gn^0(l=2) ave= 0.000E+00 +/- 0.00 % Gn^0(l=3) ave= 0.000E+00 +/- 0.00 % || Gtotal(l=0) ave= 1.458E+01 +/- 16.66 % Gtotal(l=1) ave= 0.000E+00 +/- 0.00 % Gtotal(l=2) ave= 0.000E+00 +/- 0.00 % Gtotal(l=3) ave= 0.000E+00 +/- 0.00 %  % || Gg(l=0) ave= 2.702E-01 +/- 1.17 % Gg(l=1) ave= 0.000E+00 +/- 0.00 % Gg(l=2) ave= 0.000E+00 +/- 0.00 % Gg(l=3) ave= 0.000E+00 +/- 0.00 %  % || D(l=0) ave= 8.735E+02 +/- 1.54 % D(l=1) ave= 0.000E+00 +/- 0.00 % D(l=2) ave= 0.000E+00 +/- 0.00 % D(l=3) ave= 0.000E+00 +/- 0.00 %  % || S(l=0) ave= 1.368E-04 +/- 14.90 % S(l=1) ave= 0.000E+00 +/- 0.00 % S(l=2) ave= 0.000E+00 +/- 0.00 % S(l=3) ave= 0.000E+00 +/- 0.00 % 
 ... random file  226 Cap(th)  ave= 1.039E+00 b. +/- 6.43 % || Ela(th) ave= 4.058E+00 b. +/- 7.80 % || RIcap ave= 5.01E+00 b. +/- 4.07 % || Macs30 ave= 5.40E-02 b. +/- 0.46 % || Gn^0(l=0) ave= 1.158E-01 +/- 14.04 % Gn^0(l=1) ave= 0.000E+00 +/- 0.00 % Gn^0(l=2) ave= 0.000E+00 +/- 0.00 % Gn^0(l=3) ave= 0.000E+00 +/- 0.00 % || Gtotal(l=0) ave= 1.458E+01 +/- 16.62 % Gtotal(l=1) ave= 0.000E+00 +/- 0.00 % Gtotal(l=2) ave= 0.000E+00 +/- 0.00 % Gtotal(l=3) ave= 0.000E+00 +/- 0.00 %  % || Gg(l=0) ave= 2.702E-01 +/- 1.17 % Gg(l=1) ave= 0.000E+00 +/- 0.00 % Gg(l=2) ave= 0.000E+00 +/- 0.00 % Gg(l=3) ave= 0.000E+00 +/- 0.00 %  % || D(l=0) ave= 8.734E+02 +/- 1.54 % D(l=1) ave= 0.000E+00 +/- 0.00 % D(l=2) ave= 0.000E+00 +/- 0.00 % D(l=3) ave= 0.000E+00 +/- 0.00 %  % || S(l=0) ave= 1.368E-04 +/- 14.86 % S(l=1) ave= 0.000E+00 +/- 0.00 % S(l=2) ave= 0.000E+00 +/- 0.00 % S(l=3) ave= 0.000E+00 +/- 0.00 % 
 ... random file  227 Cap(th)  ave= 1.040E+00 b. +/- 6.43 % || Ela(th) ave= 4.057E+00 b. +/- 7.79 % || RIcap ave= 5.01E+00 b. +/- 4.08 % || Macs30 ave= 5.40E-02 b. +/- 0.46 % || Gn^0(l=0) ave= 1.159E-01 +/- 14.05 % Gn^0(l=1) ave= 0.000E+00 +/- 0.00 % Gn^0(l=2) ave= 0.000E+00 +/- 0.00 % Gn^0(l=3) ave= 0.000E+00 +/- 0.00 % || Gtotal(l=0) ave= 1.459E+01 +/- 16.61 % Gtotal(l=1) ave= 0.000E+00 +/- 0.00 % Gtotal(l=2) ave= 0.000E+00 +/- 0.00 % Gtotal(l=3) ave= 0.000E+00 +/- 0.00 %  % || Gg(l=0) ave= 2.702E-01 +/- 1.17 % Gg(l=1) ave= 0.000E+00 +/- 0.00 % Gg(l=2) ave= 0.000E+00 +/- 0.00 % Gg(l=3) ave= 0.000E+00 +/- 0.00 %  % || D(l=0) ave= 8.735E+02 +/- 1.54 % D(l=1) ave= 0.000E+00 +/- 0.00 % D(l=2) ave= 0.000E+00 +/- 0.00 % D(l=3) ave= 0.000E+00 +/- 0.00 %  % || S(l=0) ave= 1.369E-04 +/- 14.86 % S(l=1) ave= 0.000E+00 +/- 0.00 % S(l=2) ave= 0.000E+00 +/- 0.00 % S(l=3) ave= 0.000E+00 +/- 0.00 % 
 ... random file  228 Cap(th)  ave= 1.040E+00 b. +/- 6.42 % || Ela(th) ave= 4.056E+00 b. +/- 7.78 % || RIcap ave= 5.01E+00 b. +/- 4.09 % || Macs30 ave= 5.40E-02 b. +/- 0.46 % || Gn^0(l=0) ave= 1.158E-01 +/- 14.06 % Gn^0(l=1) ave= 0.000E+00 +/- 0.00 % Gn^0(l=2) ave= 0.000E+00 +/- 0.00 % Gn^0(l=3) ave= 0.000E+00 +/- 0.00 % || Gtotal(l=0) ave= 1.458E+01 +/- 16.63 % Gtotal(l=1) ave= 0.000E+00 +/- 0.00 % Gtotal(l=2) ave= 0.000E+00 +/- 0.00 % Gtotal(l=3) ave= 0.000E+00 +/- 0.00 %  % || Gg(l=0) ave= 2.702E-01 +/- 1.17 % Gg(l=1) ave= 0.000E+00 +/- 0.00 % Gg(l=2) ave= 0.000E+00 +/- 0.00 % Gg(l=3) ave= 0.000E+00 +/- 0.00 %  % || D(l=0) ave= 8.735E+02 +/- 1.54 % D(l=1) ave= 0.000E+00 +/- 0.00 % D(l=2) ave= 0.000E+00 +/- 0.00 % D(l=3) ave= 0.000E+00 +/- 0.00 %  % || S(l=0) ave= 1.368E-04 +/- 14.88 % S(l=1) ave= 0.000E+00 +/- 0.00 % S(l=2) ave= 0.000E+00 +/- 0.00 % S(l=3) ave= 0.000E+00 +/- 0.00 % 
 ... random file  229 Cap(th)  ave= 1.039E+00 b. +/- 6.43 % || Ela(th) ave= 4.057E+00 b. +/- 7.76 % || RIcap ave= 5.01E+00 b. +/- 4.09 % || Macs30 ave= 5.40E-02 b. +/- 0.46 % || Gn^0(l=0) ave= 1.158E-01 +/- 14.04 % Gn^0(l=1) ave= 0.000E+00 +/- 0.00 % Gn^0(l=2) ave= 0.000E+00 +/- 0.00 % Gn^0(l=3) ave= 0.000E+00 +/- 0.00 % || Gtotal(l=0) ave= 1.458E+01 +/- 16.61 % Gtotal(l=1) ave= 0.000E+00 +/- 0.00 % Gtotal(l=2) ave= 0.000E+00 +/- 0.00 % Gtotal(l=3) ave= 0.000E+00 +/- 0.00 %  % || Gg(l=0) ave= 2.702E-01 +/- 1.17 % Gg(l=1) ave= 0.000E+00 +/- 0.00 % Gg(l=2) ave= 0.000E+00 +/- 0.00 % Gg(l=3) ave= 0.000E+00 +/- 0.00 %  % || D(l=0) ave= 8.736E+02 +/- 1.54 % D(l=1) ave= 0.000E+00 +/- 0.00 % D(l=2) ave= 0.000E+00 +/- 0.00 % D(l=3) ave= 0.000E+00 +/- 0.00 %  % || S(l=0) ave= 1.368E-04 +/- 14.85 % S(l=1) ave= 0.000E+00 +/- 0.00 % S(l=2) ave= 0.000E+00 +/- 0.00 % S(l=3) ave= 0.000E+00 +/- 0.00 % 
 ... random file  230 Cap(th)  ave= 1.039E+00 b. +/- 6.41 % || Ela(th) ave= 4.057E+00 b. +/- 7.75 % || RIcap ave= 5.01E+00 b. +/- 4.08 % || Macs30 ave= 5.40E-02 b. +/- 0.46 % || Gn^0(l=0) ave= 1.159E-01 +/- 14.04 % Gn^0(l=1) ave= 0.000E+00 +/- 0.00 % Gn^0(l=2) ave= 0.000E+00 +/- 0.00 % Gn^0(l=3) ave= 0.000E+00 +/- 0.00 % || Gtotal(l=0) ave= 1.459E+01 +/- 16.61 % Gtotal(l=1) ave= 0.000E+00 +/- 0.00 % Gtotal(l=2) ave= 0.000E+00 +/- 0.00 % Gtotal(l=3) ave= 0.000E+00 +/- 0.00 %  % || Gg(l=0) ave= 2.702E-01 +/- 1.17 % Gg(l=1) ave= 0.000E+00 +/- 0.00 % Gg(l=2) ave= 0.000E+00 +/- 0.00 % Gg(l=3) ave= 0.000E+00 +/- 0.00 %  % || D(l=0) ave= 8.735E+02 +/- 1.54 % D(l=1) ave= 0.000E+00 +/- 0.00 % D(l=2) ave= 0.000E+00 +/- 0.00 % D(l=3) ave= 0.000E+00 +/- 0.00 %  % || S(l=0) ave= 1.369E-04 +/- 14.86 % S(l=1) ave= 0.000E+00 +/- 0.00 % S(l=2) ave= 0.000E+00 +/- 0.00 % S(l=3) ave= 0.000E+00 +/- 0.00 % 
 ... random file  231 Cap(th)  ave= 1.040E+00 b. +/- 6.40 % || Ela(th) ave= 4.058E+00 b. +/- 7.73 % || RIcap ave= 5.01E+00 b. +/- 4.08 % || Macs30 ave= 5.40E-02 b. +/- 0.46 % || Gn^0(l=0) ave= 1.158E-01 +/- 14.01 % Gn^0(l=1) ave= 0.000E+00 +/- 0.00 % Gn^0(l=2) ave= 0.000E+00 +/- 0.00 % Gn^0(l=3) ave= 0.000E+00 +/- 0.00 % || Gtotal(l=0) ave= 1.459E+01 +/- 16.58 % Gtotal(l=1) ave= 0.000E+00 +/- 0.00 % Gtotal(l=2) ave= 0.000E+00 +/- 0.00 % Gtotal(l=3) ave= 0.000E+00 +/- 0.00 %  % || Gg(l=0) ave= 2.702E-01 +/- 1.17 % Gg(l=1) ave= 0.000E+00 +/- 0.00 % Gg(l=2) ave= 0.000E+00 +/- 0.00 % Gg(l=3) ave= 0.000E+00 +/- 0.00 %  % || D(l=0) ave= 8.735E+02 +/- 1.54 % D(l=1) ave= 0.000E+00 +/- 0.00 % D(l=2) ave= 0.000E+00 +/- 0.00 % D(l=3) ave= 0.000E+00 +/- 0.00 %  % || S(l=0) ave= 1.369E-04 +/- 14.83 % S(l=1) ave= 0.000E+00 +/- 0.00 % S(l=2) ave= 0.000E+00 +/- 0.00 % S(l=3) ave= 0.000E+00 +/- 0.00 % 
 ... random file  232 Cap(th)  ave= 1.039E+00 b. +/- 6.39 % || Ela(th) ave= 4.057E+00 b. +/- 7.73 % || RIcap ave= 5.01E+00 b. +/- 4.09 % || Macs30 ave= 5.40E-02 b. +/- 0.46 % || Gn^0(l=0) ave= 1.158E-01 +/- 14.01 % Gn^0(l=1) ave= 0.000E+00 +/- 0.00 % Gn^0(l=2) ave= 0.000E+00 +/- 0.00 % Gn^0(l=3) ave= 0.000E+00 +/- 0.00 % || Gtotal(l=0) ave= 1.458E+01 +/- 16.58 % Gtotal(l=1) ave= 0.000E+00 +/- 0.00 % Gtotal(l=2) ave= 0.000E+00 +/- 0.00 % Gtotal(l=3) ave= 0.000E+00 +/- 0.00 %  % || Gg(l=0) ave= 2.702E-01 +/- 1.17 % Gg(l=1) ave= 0.000E+00 +/- 0.00 % Gg(l=2) ave= 0.000E+00 +/- 0.00 % Gg(l=3) ave= 0.000E+00 +/- 0.00 %  % || D(l=0) ave= 8.735E+02 +/- 1.54 % D(l=1) ave= 0.000E+00 +/- 0.00 % D(l=2) ave= 0.000E+00 +/- 0.00 % D(l=3) ave= 0.000E+00 +/- 0.00 %  % || S(l=0) ave= 1.368E-04 +/- 14.83 % S(l=1) ave= 0.000E+00 +/- 0.00 % S(l=2) ave= 0.000E+00 +/- 0.00 % S(l=3) ave= 0.000E+00 +/- 0.00 % 
 ... random file  233 Cap(th)  ave= 1.039E+00 b. +/- 6.38 % || Ela(th) ave= 4.057E+00 b. +/- 7.71 % || RIcap ave= 5.01E+00 b. +/- 4.09 % || Macs30 ave= 5.40E-02 b. +/- 0.46 % || Gn^0(l=0) ave= 1.159E-01 +/- 14.03 % Gn^0(l=1) ave= 0.000E+00 +/- 0.00 % Gn^0(l=2) ave= 0.000E+00 +/- 0.00 % Gn^0(l=3) ave= 0.000E+00 +/- 0.00 % || Gtotal(l=0) ave= 1.460E+01 +/- 16.61 % Gtotal(l=1) ave= 0.000E+00 +/- 0.00 % Gtotal(l=2) ave= 0.000E+00 +/- 0.00 % Gtotal(l=3) ave= 0.000E+00 +/- 0.00 %  % || Gg(l=0) ave= 2.702E-01 +/- 1.16 % Gg(l=1) ave= 0.000E+00 +/- 0.00 % Gg(l=2) ave= 0.000E+00 +/- 0.00 % Gg(l=3) ave= 0.000E+00 +/- 0.00 %  % || D(l=0) ave= 8.735E+02 +/- 1.54 % D(l=1) ave= 0.000E+00 +/- 0.00 % D(l=2) ave= 0.000E+00 +/- 0.00 % D(l=3) ave= 0.000E+00 +/- 0.00 %  % || S(l=0) ave= 1.369E-04 +/- 14.85 % S(l=1) ave= 0.000E+00 +/- 0.00 % S(l=2) ave= 0.000E+00 +/- 0.00 % S(l=3) ave= 0.000E+00 +/- 0.00 % 
 ... random file  234 Cap(th)  ave= 1.040E+00 b. +/- 6.39 % || Ela(th) ave= 4.058E+00 b. +/- 7.71 % || RIcap ave= 5.01E+00 b. +/- 4.09 % || Macs30 ave= 5.40E-02 b. +/- 0.46 % || Gn^0(l=0) ave= 1.159E-01 +/- 14.00 % Gn^0(l=1) ave= 0.000E+00 +/- 0.00 % Gn^0(l=2) ave= 0.000E+00 +/- 0.00 % Gn^0(l=3) ave= 0.000E+00 +/- 0.00 % || Gtotal(l=0) ave= 1.460E+01 +/- 16.58 % Gtotal(l=1) ave= 0.000E+00 +/- 0.00 % Gtotal(l=2) ave= 0.000E+00 +/- 0.00 % Gtotal(l=3) ave= 0.000E+00 +/- 0.00 %  % || Gg(l=0) ave= 2.702E-01 +/- 1.16 % Gg(l=1) ave= 0.000E+00 +/- 0.00 % Gg(l=2) ave= 0.000E+00 +/- 0.00 % Gg(l=3) ave= 0.000E+00 +/- 0.00 %  % || D(l=0) ave= 8.734E+02 +/- 1.54 % D(l=1) ave= 0.000E+00 +/- 0.00 % D(l=2) ave= 0.000E+00 +/- 0.00 % D(l=3) ave= 0.000E+00 +/- 0.00 %  % || S(l=0) ave= 1.370E-04 +/- 14.82 % S(l=1) ave= 0.000E+00 +/- 0.00 % S(l=2) ave= 0.000E+00 +/- 0.00 % S(l=3) ave= 0.000E+00 +/- 0.00 % 
 ... random file  235 Cap(th)  ave= 1.040E+00 b. +/- 6.39 % || Ela(th) ave= 4.059E+00 b. +/- 7.70 % || RIcap ave= 5.01E+00 b. +/- 4.08 % || Macs30 ave= 5.40E-02 b. +/- 0.46 % || Gn^0(l=0) ave= 1.160E-01 +/- 13.99 % Gn^0(l=1) ave= 0.000E+00 +/- 0.00 % Gn^0(l=2) ave= 0.000E+00 +/- 0.00 % Gn^0(l=3) ave= 0.000E+00 +/- 0.00 % || Gtotal(l=0) ave= 1.461E+01 +/- 16.55 % Gtotal(l=1) ave= 0.000E+00 +/- 0.00 % Gtotal(l=2) ave= 0.000E+00 +/- 0.00 % Gtotal(l=3) ave= 0.000E+00 +/- 0.00 %  % || Gg(l=0) ave= 2.703E-01 +/- 1.16 % Gg(l=1) ave= 0.000E+00 +/- 0.00 % Gg(l=2) ave= 0.000E+00 +/- 0.00 % Gg(l=3) ave= 0.000E+00 +/- 0.00 %  % || D(l=0) ave= 8.734E+02 +/- 1.54 % D(l=1) ave= 0.000E+00 +/- 0.00 % D(l=2) ave= 0.000E+00 +/- 0.00 % D(l=3) ave= 0.000E+00 +/- 0.00 %  % || S(l=0) ave= 1.371E-04 +/- 14.81 % S(l=1) ave= 0.000E+00 +/- 0.00 % S(l=2) ave= 0.000E+00 +/- 0.00 % S(l=3) ave= 0.000E+00 +/- 0.00 % 
 ... random file  236 Cap(th)  ave= 1.039E+00 b. +/- 6.38 % || Ela(th) ave= 4.060E+00 b. +/- 7.69 % || RIcap ave= 5.01E+00 b. +/- 4.08 % || Macs30 ave= 5.40E-02 b. +/- 0.46 % || Gn^0(l=0) ave= 1.160E-01 +/- 13.96 % Gn^0(l=1) ave= 0.000E+00 +/- 0.00 % Gn^0(l=2) ave= 0.000E+00 +/- 0.00 % Gn^0(l=3) ave= 0.000E+00 +/- 0.00 % || Gtotal(l=0) ave= 1.461E+01 +/- 16.52 % Gtotal(l=1) ave= 0.000E+00 +/- 0.00 % Gtotal(l=2) ave= 0.000E+00 +/- 0.00 % Gtotal(l=3) ave= 0.000E+00 +/- 0.00 %  % || Gg(l=0) ave= 2.702E-01 +/- 1.16 % Gg(l=1) ave= 0.000E+00 +/- 0.00 % Gg(l=2) ave= 0.000E+00 +/- 0.00 % Gg(l=3) ave= 0.000E+00 +/- 0.00 %  % || D(l=0) ave= 8.734E+02 +/- 1.54 % D(l=1) ave= 0.000E+00 +/- 0.00 % D(l=2) ave= 0.000E+00 +/- 0.00 % D(l=3) ave= 0.000E+00 +/- 0.00 %  % || S(l=0) ave= 1.371E-04 +/- 14.78 % S(l=1) ave= 0.000E+00 +/- 0.00 % S(l=2) ave= 0.000E+00 +/- 0.00 % S(l=3) ave= 0.000E+00 +/- 0.00 % 
 ... random file  237 Cap(th)  ave= 1.040E+00 b. +/- 6.36 % || Ela(th) ave= 4.059E+00 b. +/- 7.67 % || RIcap ave= 5.01E+00 b. +/- 4.07 % || Macs30 ave= 5.40E-02 b. +/- 0.46 % || Gn^0(l=0) ave= 1.160E-01 +/- 13.93 % Gn^0(l=1) ave= 0.000E+00 +/- 0.00 % Gn^0(l=2) ave= 0.000E+00 +/- 0.00 % Gn^0(l=3) ave= 0.000E+00 +/- 0.00 % || Gtotal(l=0) ave= 1.461E+01 +/- 16.48 % Gtotal(l=1) ave= 0.000E+00 +/- 0.00 % Gtotal(l=2) ave= 0.000E+00 +/- 0.00 % Gtotal(l=3) ave= 0.000E+00 +/- 0.00 %  % || Gg(l=0) ave= 2.702E-01 +/- 1.16 % Gg(l=1) ave= 0.000E+00 +/- 0.00 % Gg(l=2) ave= 0.000E+00 +/- 0.00 % Gg(l=3) ave= 0.000E+00 +/- 0.00 %  % || D(l=0) ave= 8.735E+02 +/- 1.54 % D(l=1) ave= 0.000E+00 +/- 0.00 % D(l=2) ave= 0.000E+00 +/- 0.00 % D(l=3) ave= 0.000E+00 +/- 0.00 %  % || S(l=0) ave= 1.371E-04 +/- 14.74 % S(l=1) ave= 0.000E+00 +/- 0.00 % S(l=2) ave= 0.000E+00 +/- 0.00 % S(l=3) ave= 0.000E+00 +/- 0.00 % 
 ... random file  238 Cap(th)  ave= 1.039E+00 b. +/- 6.36 % || Ela(th) ave= 4.059E+00 b. +/- 7.66 % || RIcap ave= 5.01E+00 b. +/- 4.07 % || Macs30 ave= 5.40E-02 b. +/- 0.46 % || Gn^0(l=0) ave= 1.159E-01 +/- 14.09 % Gn^0(l=1) ave= 0.000E+00 +/- 0.00 % Gn^0(l=2) ave= 0.000E+00 +/- 0.00 % Gn^0(l=3) ave= 0.000E+00 +/- 0.00 % || Gtotal(l=0) ave= 1.459E+01 +/- 16.66 % Gtotal(l=1) ave= 0.000E+00 +/- 0.00 % Gtotal(l=2) ave= 0.000E+00 +/- 0.00 % Gtotal(l=3) ave= 0.000E+00 +/- 0.00 %  % || Gg(l=0) ave= 2.702E-01 +/- 1.16 % Gg(l=1) ave= 0.000E+00 +/- 0.00 % Gg(l=2) ave= 0.000E+00 +/- 0.00 % Gg(l=3) ave= 0.000E+00 +/- 0.00 %  % || D(l=0) ave= 8.735E+02 +/- 1.54 % D(l=1) ave= 0.000E+00 +/- 0.00 % D(l=2) ave= 0.000E+00 +/- 0.00 % D(l=3) ave= 0.000E+00 +/- 0.00 %  % || S(l=0) ave= 1.369E-04 +/- 14.91 % S(l=1) ave= 0.000E+00 +/- 0.00 % S(l=2) ave= 0.000E+00 +/- 0.00 % S(l=3) ave= 0.000E+00 +/- 0.00 % 
 ... random file  239 Cap(th)  ave= 1.039E+00 b. +/- 6.35 % || Ela(th) ave= 4.060E+00 b. +/- 7.64 % || RIcap ave= 5.01E+00 b. +/- 4.06 % || Macs30 ave= 5.40E-02 b. +/- 0.46 % || Gn^0(l=0) ave= 1.158E-01 +/- 14.08 % Gn^0(l=1) ave= 0.000E+00 +/- 0.00 % Gn^0(l=2) ave= 0.000E+00 +/- 0.00 % Gn^0(l=3) ave= 0.000E+00 +/- 0.00 % || Gtotal(l=0) ave= 1.459E+01 +/- 16.64 % Gtotal(l=1) ave= 0.000E+00 +/- 0.00 % Gtotal(l=2) ave= 0.000E+00 +/- 0.00 % Gtotal(l=3) ave= 0.000E+00 +/- 0.00 %  % || Gg(l=0) ave= 2.702E-01 +/- 1.16 % Gg(l=1) ave= 0.000E+00 +/- 0.00 % Gg(l=2) ave= 0.000E+00 +/- 0.00 % Gg(l=3) ave= 0.000E+00 +/- 0.00 %  % || D(l=0) ave= 8.735E+02 +/- 1.54 % D(l=1) ave= 0.000E+00 +/- 0.00 % D(l=2) ave= 0.000E+00 +/- 0.00 % D(l=3) ave= 0.000E+00 +/- 0.00 %  % || S(l=0) ave= 1.369E-04 +/- 14.89 % S(l=1) ave= 0.000E+00 +/- 0.00 % S(l=2) ave= 0.000E+00 +/- 0.00 % S(l=3) ave= 0.000E+00 +/- 0.00 % 
 ... random file  240 Cap(th)  ave= 1.040E+00 b. +/- 6.34 % || Ela(th) ave= 4.061E+00 b. +/- 7.63 % || RIcap ave= 5.01E+00 b. +/- 4.05 % || Macs30 ave= 5.40E-02 b. +/- 0.46 % || Gn^0(l=0) ave= 1.159E-01 +/- 14.06 % Gn^0(l=1) ave= 0.000E+00 +/- 0.00 % Gn^0(l=2) ave= 0.000E+00 +/- 0.00 % Gn^0(l=3) ave= 0.000E+00 +/- 0.00 % || Gtotal(l=0) ave= 1.459E+01 +/- 16.62 % Gtotal(l=1) ave= 0.000E+00 +/- 0.00 % Gtotal(l=2) ave= 0.000E+00 +/- 0.00 % Gtotal(l=3) ave= 0.000E+00 +/- 0.00 %  % || Gg(l=0) ave= 2.702E-01 +/- 1.16 % Gg(l=1) ave= 0.000E+00 +/- 0.00 % Gg(l=2) ave= 0.000E+00 +/- 0.00 % Gg(l=3) ave= 0.000E+00 +/- 0.00 %  % || D(l=0) ave= 8.734E+02 +/- 1.54 % D(l=1) ave= 0.000E+00 +/- 0.00 % D(l=2) ave= 0.000E+00 +/- 0.00 % D(l=3) ave= 0.000E+00 +/- 0.00 %  % || S(l=0) ave= 1.369E-04 +/- 14.87 % S(l=1) ave= 0.000E+00 +/- 0.00 % S(l=2) ave= 0.000E+00 +/- 0.00 % S(l=3) ave= 0.000E+00 +/- 0.00 % 
 ... random file  241 Cap(th)  ave= 1.039E+00 b. +/- 6.33 % || Ela(th) ave= 4.059E+00 b. +/- 7.63 % || RIcap ave= 5.01E+00 b. +/- 4.09 % || Macs30 ave= 5.40E-02 b. +/- 0.46 % || Gn^0(l=0) ave= 1.160E-01 +/- 14.09 % Gn^0(l=1) ave= 0.000E+00 +/- 0.00 % Gn^0(l=2) ave= 0.000E+00 +/- 0.00 % Gn^0(l=3) ave= 0.000E+00 +/- 0.00 % || Gtotal(l=0) ave= 1.461E+01 +/- 16.66 % Gtotal(l=1) ave= 0.000E+00 +/- 0.00 % Gtotal(l=2) ave= 0.000E+00 +/- 0.00 % Gtotal(l=3) ave= 0.000E+00 +/- 0.00 %  % || Gg(l=0) ave= 2.702E-01 +/- 1.16 % Gg(l=1) ave= 0.000E+00 +/- 0.00 % Gg(l=2) ave= 0.000E+00 +/- 0.00 % Gg(l=3) ave= 0.000E+00 +/- 0.00 %  % || D(l=0) ave= 8.734E+02 +/- 1.54 % D(l=1) ave= 0.000E+00 +/- 0.00 % D(l=2) ave= 0.000E+00 +/- 0.00 % D(l=3) ave= 0.000E+00 +/- 0.00 %  % || S(l=0) ave= 1.371E-04 +/- 14.91 % S(l=1) ave= 0.000E+00 +/- 0.00 % S(l=2) ave= 0.000E+00 +/- 0.00 % S(l=3) ave= 0.000E+00 +/- 0.00 % 
 ... random file  242 Cap(th)  ave= 1.039E+00 b. +/- 6.32 % || Ela(th) ave= 4.059E+00 b. +/- 7.62 % || RIcap ave= 5.01E+00 b. +/- 4.08 % || Macs30 ave= 5.40E-02 b. +/- 0.46 % || Gn^0(l=0) ave= 1.160E-01 +/- 14.06 % Gn^0(l=1) ave= 0.000E+00 +/- 0.00 % Gn^0(l=2) ave= 0.000E+00 +/- 0.00 % Gn^0(l=3) ave= 0.000E+00 +/- 0.00 % || Gtotal(l=0) ave= 1.461E+01 +/- 16.62 % Gtotal(l=1) ave= 0.000E+00 +/- 0.00 % Gtotal(l=2) ave= 0.000E+00 +/- 0.00 % Gtotal(l=3) ave= 0.000E+00 +/- 0.00 %  % || Gg(l=0) ave= 2.702E-01 +/- 1.15 % Gg(l=1) ave= 0.000E+00 +/- 0.00 % Gg(l=2) ave= 0.000E+00 +/- 0.00 % Gg(l=3) ave= 0.000E+00 +/- 0.00 %  % || D(l=0) ave= 8.734E+02 +/- 1.54 % D(l=1) ave= 0.000E+00 +/- 0.00 % D(l=2) ave= 0.000E+00 +/- 0.00 % D(l=3) ave= 0.000E+00 +/- 0.00 %  % || S(l=0) ave= 1.371E-04 +/- 14.87 % S(l=1) ave= 0.000E+00 +/- 0.00 % S(l=2) ave= 0.000E+00 +/- 0.00 % S(l=3) ave= 0.000E+00 +/- 0.00 % 
 ... random file  243 Cap(th)  ave= 1.039E+00 b. +/- 6.34 % || Ela(th) ave= 4.062E+00 b. +/- 7.68 % || RIcap ave= 5.01E+00 b. +/- 4.09 % || Macs30 ave= 5.40E-02 b. +/- 0.46 % || Gn^0(l=0) ave= 1.159E-01 +/- 14.10 % Gn^0(l=1) ave= 0.000E+00 +/- 0.00 % Gn^0(l=2) ave= 0.000E+00 +/- 0.00 % Gn^0(l=3) ave= 0.000E+00 +/- 0.00 % || Gtotal(l=0) ave= 1.460E+01 +/- 16.67 % Gtotal(l=1) ave= 0.000E+00 +/- 0.00 % Gtotal(l=2) ave= 0.000E+00 +/- 0.00 % Gtotal(l=3) ave= 0.000E+00 +/- 0.00 %  % || Gg(l=0) ave= 2.702E-01 +/- 1.15 % Gg(l=1) ave= 0.000E+00 +/- 0.00 % Gg(l=2) ave= 0.000E+00 +/- 0.00 % Gg(l=3) ave= 0.000E+00 +/- 0.00 %  % || D(l=0) ave= 8.735E+02 +/- 1.54 % D(l=1) ave= 0.000E+00 +/- 0.00 % D(l=2) ave= 0.000E+00 +/- 0.00 % D(l=3) ave= 0.000E+00 +/- 0.00 %  % || S(l=0) ave= 1.370E-04 +/- 14.92 % S(l=1) ave= 0.000E+00 +/- 0.00 % S(l=2) ave= 0.000E+00 +/- 0.00 % S(l=3) ave= 0.000E+00 +/- 0.00 % 
 ... random file  244 Cap(th)  ave= 1.038E+00 b. +/- 6.37 % || Ela(th) ave= 4.062E+00 b. +/- 7.67 % || RIcap ave= 5.01E+00 b. +/- 4.10 % || Macs30 ave= 5.40E-02 b. +/- 0.46 % || Gn^0(l=0) ave= 1.160E-01 +/- 14.08 % Gn^0(l=1) ave= 0.000E+00 +/- 0.00 % Gn^0(l=2) ave= 0.000E+00 +/- 0.00 % Gn^0(l=3) ave= 0.000E+00 +/- 0.00 % || Gtotal(l=0) ave= 1.460E+01 +/- 16.63 % Gtotal(l=1) ave= 0.000E+00 +/- 0.00 % Gtotal(l=2) ave= 0.000E+00 +/- 0.00 % Gtotal(l=3) ave= 0.000E+00 +/- 0.00 %  % || Gg(l=0) ave= 2.702E-01 +/- 1.15 % Gg(l=1) ave= 0.000E+00 +/- 0.00 % Gg(l=2) ave= 0.000E+00 +/- 0.00 % Gg(l=3) ave= 0.000E+00 +/- 0.00 %  % || D(l=0) ave= 8.735E+02 +/- 1.54 % D(l=1) ave= 0.000E+00 +/- 0.00 % D(l=2) ave= 0.000E+00 +/- 0.00 % D(l=3) ave= 0.000E+00 +/- 0.00 %  % || S(l=0) ave= 1.370E-04 +/- 14.89 % S(l=1) ave= 0.000E+00 +/- 0.00 % S(l=2) ave= 0.000E+00 +/- 0.00 % S(l=3) ave= 0.000E+00 +/- 0.00 % 
 ... random file  245 Cap(th)  ave= 1.039E+00 b. +/- 6.37 % || Ela(th) ave= 4.062E+00 b. +/- 7.65 % || RIcap ave= 5.01E+00 b. +/- 4.11 % || Macs30 ave= 5.40E-02 b. +/- 0.46 % || Gn^0(l=0) ave= 1.160E-01 +/- 14.06 % Gn^0(l=1) ave= 0.000E+00 +/- 0.00 % Gn^0(l=2) ave= 0.000E+00 +/- 0.00 % Gn^0(l=3) ave= 0.000E+00 +/- 0.00 % || Gtotal(l=0) ave= 1.461E+01 +/- 16.61 % Gtotal(l=1) ave= 0.000E+00 +/- 0.00 % Gtotal(l=2) ave= 0.000E+00 +/- 0.00 % Gtotal(l=3) ave= 0.000E+00 +/- 0.00 %  % || Gg(l=0) ave= 2.702E-01 +/- 1.15 % Gg(l=1) ave= 0.000E+00 +/- 0.00 % Gg(l=2) ave= 0.000E+00 +/- 0.00 % Gg(l=3) ave= 0.000E+00 +/- 0.00 %  % || D(l=0) ave= 8.735E+02 +/- 1.54 % D(l=1) ave= 0.000E+00 +/- 0.00 % D(l=2) ave= 0.000E+00 +/- 0.00 % D(l=3) ave= 0.000E+00 +/- 0.00 %  % || S(l=0) ave= 1.371E-04 +/- 14.87 % S(l=1) ave= 0.000E+00 +/- 0.00 % S(l=2) ave= 0.000E+00 +/- 0.00 % S(l=3) ave= 0.000E+00 +/- 0.00 % 
 ... random file  246 Cap(th)  ave= 1.039E+00 b. +/- 6.38 % || Ela(th) ave= 4.061E+00 b. +/- 7.65 % || RIcap ave= 5.01E+00 b. +/- 4.10 % || Macs30 ave= 5.40E-02 b. +/- 0.47 % || Gn^0(l=0) ave= 1.160E-01 +/- 14.05 % Gn^0(l=1) ave= 0.000E+00 +/- 0.00 % Gn^0(l=2) ave= 0.000E+00 +/- 0.00 % Gn^0(l=3) ave= 0.000E+00 +/- 0.00 % || Gtotal(l=0) ave= 1.461E+01 +/- 16.60 % Gtotal(l=1) ave= 0.000E+00 +/- 0.00 % Gtotal(l=2) ave= 0.000E+00 +/- 0.00 % Gtotal(l=3) ave= 0.000E+00 +/- 0.00 %  % || Gg(l=0) ave= 2.702E-01 +/- 1.15 % Gg(l=1) ave= 0.000E+00 +/- 0.00 % Gg(l=2) ave= 0.000E+00 +/- 0.00 % Gg(l=3) ave= 0.000E+00 +/- 0.00 %  % || D(l=0) ave= 8.734E+02 +/- 1.54 % D(l=1) ave= 0.000E+00 +/- 0.00 % D(l=2) ave= 0.000E+00 +/- 0.00 % D(l=3) ave= 0.000E+00 +/- 0.00 %  % || S(l=0) ave= 1.370E-04 +/- 14.85 % S(l=1) ave= 0.000E+00 +/- 0.00 % S(l=2) ave= 0.000E+00 +/- 0.00 % S(l=3) ave= 0.000E+00 +/- 0.00 % 
 ... random file  247 Cap(th)  ave= 1.039E+00 b. +/- 6.37 % || Ela(th) ave= 4.062E+00 b. +/- 7.65 % || RIcap ave= 5.01E+00 b. +/- 4.10 % || Macs30 ave= 5.40E-02 b. +/- 0.47 % || Gn^0(l=0) ave= 1.159E-01 +/- 14.06 % Gn^0(l=1) ave= 0.000E+00 +/- 0.00 % Gn^0(l=2) ave= 0.000E+00 +/- 0.00 % Gn^0(l=3) ave= 0.000E+00 +/- 0.00 % || Gtotal(l=0) ave= 1.459E+01 +/- 16.62 % Gtotal(l=1) ave= 0.000E+00 +/- 0.00 % Gtotal(l=2) ave= 0.000E+00 +/- 0.00 % Gtotal(l=3) ave= 0.000E+00 +/- 0.00 %  % || Gg(l=0) ave= 2.702E-01 +/- 1.15 % Gg(l=1) ave= 0.000E+00 +/- 0.00 % Gg(l=2) ave= 0.000E+00 +/- 0.00 % Gg(l=3) ave= 0.000E+00 +/- 0.00 %  % || D(l=0) ave= 8.735E+02 +/- 1.54 % D(l=1) ave= 0.000E+00 +/- 0.00 % D(l=2) ave= 0.000E+00 +/- 0.00 % D(l=3) ave= 0.000E+00 +/- 0.00 %  % || S(l=0) ave= 1.369E-04 +/- 14.87 % S(l=1) ave= 0.000E+00 +/- 0.00 % S(l=2) ave= 0.000E+00 +/- 0.00 % S(l=3) ave= 0.000E+00 +/- 0.00 % 
 ... random file  248 Cap(th)  ave= 1.039E+00 b. +/- 6.36 % || Ela(th) ave= 4.064E+00 b. +/- 7.66 % || RIcap ave= 5.01E+00 b. +/- 4.10 % || Macs30 ave= 5.40E-02 b. +/- 0.47 % || Gn^0(l=0) ave= 1.159E-01 +/- 14.04 % Gn^0(l=1) ave= 0.000E+00 +/- 0.00 % Gn^0(l=2) ave= 0.000E+00 +/- 0.00 % Gn^0(l=3) ave= 0.000E+00 +/- 0.00 % || Gtotal(l=0) ave= 1.459E+01 +/- 16.59 % Gtotal(l=1) ave= 0.000E+00 +/- 0.00 % Gtotal(l=2) ave= 0.000E+00 +/- 0.00 % Gtotal(l=3) ave= 0.000E+00 +/- 0.00 %  % || Gg(l=0) ave= 2.702E-01 +/- 1.15 % Gg(l=1) ave= 0.000E+00 +/- 0.00 % Gg(l=2) ave= 0.000E+00 +/- 0.00 % Gg(l=3) ave= 0.000E+00 +/- 0.00 %  % || D(l=0) ave= 8.735E+02 +/- 1.54 % D(l=1) ave= 0.000E+00 +/- 0.00 % D(l=2) ave= 0.000E+00 +/- 0.00 % D(l=3) ave= 0.000E+00 +/- 0.00 %  % || S(l=0) ave= 1.369E-04 +/- 14.85 % S(l=1) ave= 0.000E+00 +/- 0.00 % S(l=2) ave= 0.000E+00 +/- 0.00 % S(l=3) ave= 0.000E+00 +/- 0.00 % 
 ... random file  249 Cap(th)  ave= 1.040E+00 b. +/- 6.36 % || Ela(th) ave= 4.062E+00 b. +/- 7.70 % || RIcap ave= 5.01E+00 b. +/- 4.10 % || Macs30 ave= 5.40E-02 b. +/- 0.47 % || Gn^0(l=0) ave= 1.159E-01 +/- 14.01 % Gn^0(l=1) ave= 0.000E+00 +/- 0.00 % Gn^0(l=2) ave= 0.000E+00 +/- 0.00 % Gn^0(l=3) ave= 0.000E+00 +/- 0.00 % || Gtotal(l=0) ave= 1.459E+01 +/- 16.56 % Gtotal(l=1) ave= 0.000E+00 +/- 0.00 % Gtotal(l=2) ave= 0.000E+00 +/- 0.00 % Gtotal(l=3) ave= 0.000E+00 +/- 0.00 %  % || Gg(l=0) ave= 2.702E-01 +/- 1.15 % Gg(l=1) ave= 0.000E+00 +/- 0.00 % Gg(l=2) ave= 0.000E+00 +/- 0.00 % Gg(l=3) ave= 0.000E+00 +/- 0.00 %  % || D(l=0) ave= 8.736E+02 +/- 1.54 % D(l=1) ave= 0.000E+00 +/- 0.00 % D(l=2) ave= 0.000E+00 +/- 0.00 % D(l=3) ave= 0.000E+00 +/- 0.00 %  % || S(l=0) ave= 1.369E-04 +/- 14.82 % S(l=1) ave= 0.000E+00 +/- 0.00 % S(l=2) ave= 0.000E+00 +/- 0.00 % S(l=3) ave= 0.000E+00 +/- 0.00 % 
 ... random file  250 Cap(th)  ave= 1.040E+00 b. +/- 6.34 % || Ela(th) ave= 4.061E+00 b. +/- 7.69 % || RIcap ave= 5.01E+00 b. +/- 4.10 % || Macs30 ave= 5.40E-02 b. +/- 0.47 % || Gn^0(l=0) ave= 1.158E-01 +/- 14.04 % Gn^0(l=1) ave= 0.000E+00 +/- 0.00 % Gn^0(l=2) ave= 0.000E+00 +/- 0.00 % Gn^0(l=3) ave= 0.000E+00 +/- 0.00 % || Gtotal(l=0) ave= 1.458E+01 +/- 16.59 % Gtotal(l=1) ave= 0.000E+00 +/- 0.00 % Gtotal(l=2) ave= 0.000E+00 +/- 0.00 % Gtotal(l=3) ave= 0.000E+00 +/- 0.00 %  % || Gg(l=0) ave= 2.702E-01 +/- 1.15 % Gg(l=1) ave= 0.000E+00 +/- 0.00 % Gg(l=2) ave= 0.000E+00 +/- 0.00 % Gg(l=3) ave= 0.000E+00 +/- 0.00 %  % || D(l=0) ave= 8.736E+02 +/- 1.54 % D(l=1) ave= 0.000E+00 +/- 0.00 % D(l=2) ave= 0.000E+00 +/- 0.00 % D(l=3) ave= 0.000E+00 +/- 0.00 %  % || S(l=0) ave= 1.368E-04 +/- 14.85 % S(l=1) ave= 0.000E+00 +/- 0.00 % S(l=2) ave= 0.000E+00 +/- 0.00 % S(l=3) ave= 0.000E+00 +/- 0.00 % 
 ... random file  251 Cap(th)  ave= 1.039E+00 b. +/- 6.38 % || Ela(th) ave= 4.061E+00 b. +/- 7.67 % || RIcap ave= 5.01E+00 b. +/- 4.09 % || Macs30 ave= 5.40E-02 b. +/- 0.47 % || Gn^0(l=0) ave= 1.158E-01 +/- 14.01 % Gn^0(l=1) ave= 0.000E+00 +/- 0.00 % Gn^0(l=2) ave= 0.000E+00 +/- 0.00 % Gn^0(l=3) ave= 0.000E+00 +/- 0.00 % || Gtotal(l=0) ave= 1.458E+01 +/- 16.56 % Gtotal(l=1) ave= 0.000E+00 +/- 0.00 % Gtotal(l=2) ave= 0.000E+00 +/- 0.00 % Gtotal(l=3) ave= 0.000E+00 +/- 0.00 %  % || Gg(l=0) ave= 2.702E-01 +/- 1.15 % Gg(l=1) ave= 0.000E+00 +/- 0.00 % Gg(l=2) ave= 0.000E+00 +/- 0.00 % Gg(l=3) ave= 0.000E+00 +/- 0.00 %  % || D(l=0) ave= 8.736E+02 +/- 1.54 % D(l=1) ave= 0.000E+00 +/- 0.00 % D(l=2) ave= 0.000E+00 +/- 0.00 % D(l=3) ave= 0.000E+00 +/- 0.00 %  % || S(l=0) ave= 1.368E-04 +/- 14.82 % S(l=1) ave= 0.000E+00 +/- 0.00 % S(l=2) ave= 0.000E+00 +/- 0.00 % S(l=3) ave= 0.000E+00 +/- 0.00 % 
 ... random file  252 Cap(th)  ave= 1.040E+00 b. +/- 6.40 % || Ela(th) ave= 4.060E+00 b. +/- 7.67 % || RIcap ave= 5.01E+00 b. +/- 4.09 % || Macs30 ave= 5.40E-02 b. +/- 0.46 % || Gn^0(l=0) ave= 1.158E-01 +/- 13.99 % Gn^0(l=1) ave= 0.000E+00 +/- 0.00 % Gn^0(l=2) ave= 0.000E+00 +/- 0.00 % Gn^0(l=3) ave= 0.000E+00 +/- 0.00 % || Gtotal(l=0) ave= 1.458E+01 +/- 16.52 % Gtotal(l=1) ave= 0.000E+00 +/- 0.00 % Gtotal(l=2) ave= 0.000E+00 +/- 0.00 % Gtotal(l=3) ave= 0.000E+00 +/- 0.00 %  % || Gg(l=0) ave= 2.702E-01 +/- 1.15 % Gg(l=1) ave= 0.000E+00 +/- 0.00 % Gg(l=2) ave= 0.000E+00 +/- 0.00 % Gg(l=3) ave= 0.000E+00 +/- 0.00 %  % || D(l=0) ave= 8.736E+02 +/- 1.54 % D(l=1) ave= 0.000E+00 +/- 0.00 % D(l=2) ave= 0.000E+00 +/- 0.00 % D(l=3) ave= 0.000E+00 +/- 0.00 %  % || S(l=0) ave= 1.368E-04 +/- 14.79 % S(l=1) ave= 0.000E+00 +/- 0.00 % S(l=2) ave= 0.000E+00 +/- 0.00 % S(l=3) ave= 0.000E+00 +/- 0.00 % 
 ... random file  253 Cap(th)  ave= 1.040E+00 b. +/- 6.42 % || Ela(th) ave= 4.061E+00 b. +/- 7.67 % || RIcap ave= 5.01E+00 b. +/- 4.09 % || Macs30 ave= 5.40E-02 b. +/- 0.47 % || Gn^0(l=0) ave= 1.157E-01 +/- 13.97 % Gn^0(l=1) ave= 0.000E+00 +/- 0.00 % Gn^0(l=2) ave= 0.000E+00 +/- 0.00 % Gn^0(l=3) ave= 0.000E+00 +/- 0.00 % || Gtotal(l=0) ave= 1.457E+01 +/- 16.50 % Gtotal(l=1) ave= 0.000E+00 +/- 0.00 % Gtotal(l=2) ave= 0.000E+00 +/- 0.00 % Gtotal(l=3) ave= 0.000E+00 +/- 0.00 %  % || Gg(l=0) ave= 2.702E-01 +/- 1.15 % Gg(l=1) ave= 0.000E+00 +/- 0.00 % Gg(l=2) ave= 0.000E+00 +/- 0.00 % Gg(l=3) ave= 0.000E+00 +/- 0.00 %  % || D(l=0) ave= 8.736E+02 +/- 1.54 % D(l=1) ave= 0.000E+00 +/- 0.00 % D(l=2) ave= 0.000E+00 +/- 0.00 % D(l=3) ave= 0.000E+00 +/- 0.00 %  % || S(l=0) ave= 1.367E-04 +/- 14.77 % S(l=1) ave= 0.000E+00 +/- 0.00 % S(l=2) ave= 0.000E+00 +/- 0.00 % S(l=3) ave= 0.000E+00 +/- 0.00 % 
 ... random file  254 Cap(th)  ave= 1.040E+00 b. +/- 6.44 % || Ela(th) ave= 4.059E+00 b. +/- 7.67 % || RIcap ave= 5.01E+00 b. +/- 4.09 % || Macs30 ave= 5.40E-02 b. +/- 0.47 % || Gn^0(l=0) ave= 1.159E-01 +/- 14.01 % Gn^0(l=1) ave= 0.000E+00 +/- 0.00 % Gn^0(l=2) ave= 0.000E+00 +/- 0.00 % Gn^0(l=3) ave= 0.000E+00 +/- 0.00 % || Gtotal(l=0) ave= 1.459E+01 +/- 16.54 % Gtotal(l=1) ave= 0.000E+00 +/- 0.00 % Gtotal(l=2) ave= 0.000E+00 +/- 0.00 % Gtotal(l=3) ave= 0.000E+00 +/- 0.00 %  % || Gg(l=0) ave= 2.703E-01 +/- 1.15 % Gg(l=1) ave= 0.000E+00 +/- 0.00 % Gg(l=2) ave= 0.000E+00 +/- 0.00 % Gg(l=3) ave= 0.000E+00 +/- 0.00 %  % || D(l=0) ave= 8.735E+02 +/- 1.54 % D(l=1) ave= 0.000E+00 +/- 0.00 % D(l=2) ave= 0.000E+00 +/- 0.00 % D(l=3) ave= 0.000E+00 +/- 0.00 %  % || S(l=0) ave= 1.369E-04 +/- 14.82 % S(l=1) ave= 0.000E+00 +/- 0.00 % S(l=2) ave= 0.000E+00 +/- 0.00 % S(l=3) ave= 0.000E+00 +/- 0.00 % 
 ... random file  255 Cap(th)  ave= 1.040E+00 b. +/- 6.48 % || Ela(th) ave= 4.058E+00 b. +/- 7.69 % || RIcap ave= 5.01E+00 b. +/- 4.10 % || Macs30 ave= 5.40E-02 b. +/- 0.47 % || Gn^0(l=0) ave= 1.159E-01 +/- 13.99 % Gn^0(l=1) ave= 0.000E+00 +/- 0.00 % Gn^0(l=2) ave= 0.000E+00 +/- 0.00 % Gn^0(l=3) ave= 0.000E+00 +/- 0.00 % || Gtotal(l=0) ave= 1.460E+01 +/- 16.52 % Gtotal(l=1) ave= 0.000E+00 +/- 0.00 % Gtotal(l=2) ave= 0.000E+00 +/- 0.00 % Gtotal(l=3) ave= 0.000E+00 +/- 0.00 %  % || Gg(l=0) ave= 2.703E-01 +/- 1.15 % Gg(l=1) ave= 0.000E+00 +/- 0.00 % Gg(l=2) ave= 0.000E+00 +/- 0.00 % Gg(l=3) ave= 0.000E+00 +/- 0.00 %  % || D(l=0) ave= 8.735E+02 +/- 1.54 % D(l=1) ave= 0.000E+00 +/- 0.00 % D(l=2) ave= 0.000E+00 +/- 0.00 % D(l=3) ave= 0.000E+00 +/- 0.00 %  % || S(l=0) ave= 1.369E-04 +/- 14.80 % S(l=1) ave= 0.000E+00 +/- 0.00 % S(l=2) ave= 0.000E+00 +/- 0.00 % S(l=3) ave= 0.000E+00 +/- 0.00 % 
 ... random file  256 Cap(th)  ave= 1.040E+00 b. +/- 6.50 % || Ela(th) ave= 4.058E+00 b. +/- 7.67 % || RIcap ave= 5.01E+00 b. +/- 4.10 % || Macs30 ave= 5.40E-02 b. +/- 0.47 % || Gn^0(l=0) ave= 1.159E-01 +/- 13.97 % Gn^0(l=1) ave= 0.000E+00 +/- 0.00 % Gn^0(l=2) ave= 0.000E+00 +/- 0.00 % Gn^0(l=3) ave= 0.000E+00 +/- 0.00 % || Gtotal(l=0) ave= 1.460E+01 +/- 16.49 % Gtotal(l=1) ave= 0.000E+00 +/- 0.00 % Gtotal(l=2) ave= 0.000E+00 +/- 0.00 % Gtotal(l=3) ave= 0.000E+00 +/- 0.00 %  % || Gg(l=0) ave= 2.703E-01 +/- 1.15 % Gg(l=1) ave= 0.000E+00 +/- 0.00 % Gg(l=2) ave= 0.000E+00 +/- 0.00 % Gg(l=3) ave= 0.000E+00 +/- 0.00 %  % || D(l=0) ave= 8.734E+02 +/- 1.54 % D(l=1) ave= 0.000E+00 +/- 0.00 % D(l=2) ave= 0.000E+00 +/- 0.00 % D(l=3) ave= 0.000E+00 +/- 0.00 %  % || S(l=0) ave= 1.370E-04 +/- 14.77 % S(l=1) ave= 0.000E+00 +/- 0.00 % S(l=2) ave= 0.000E+00 +/- 0.00 % S(l=3) ave= 0.000E+00 +/- 0.00 % 
 ... random file  257 Cap(th)  ave= 1.040E+00 b. +/- 6.50 % || Ela(th) ave= 4.059E+00 b. +/- 7.66 % || RIcap ave= 5.01E+00 b. +/- 4.09 % || Macs30 ave= 5.40E-02 b. +/- 0.47 % || Gn^0(l=0) ave= 1.160E-01 +/- 13.98 % Gn^0(l=1) ave= 0.000E+00 +/- 0.00 % Gn^0(l=2) ave= 0.000E+00 +/- 0.00 % Gn^0(l=3) ave= 0.000E+00 +/- 0.00 % || Gtotal(l=0) ave= 1.461E+01 +/- 16.49 % Gtotal(l=1) ave= 0.000E+00 +/- 0.00 % Gtotal(l=2) ave= 0.000E+00 +/- 0.00 % Gtotal(l=3) ave= 0.000E+00 +/- 0.00 %  % || Gg(l=0) ave= 2.703E-01 +/- 1.15 % Gg(l=1) ave= 0.000E+00 +/- 0.00 % Gg(l=2) ave= 0.000E+00 +/- 0.00 % Gg(l=3) ave= 0.000E+00 +/- 0.00 %  % || D(l=0) ave= 8.734E+02 +/- 1.54 % D(l=1) ave= 0.000E+00 +/- 0.00 % D(l=2) ave= 0.000E+00 +/- 0.00 % D(l=3) ave= 0.000E+00 +/- 0.00 %  % || S(l=0) ave= 1.371E-04 +/- 14.79 % S(l=1) ave= 0.000E+00 +/- 0.00 % S(l=2) ave= 0.000E+00 +/- 0.00 % S(l=3) ave= 0.000E+00 +/- 0.00 % 
 ... random file  258 Cap(th)  ave= 1.040E+00 b. +/- 6.50 % || Ela(th) ave= 4.059E+00 b. +/- 7.65 % || RIcap ave= 5.01E+00 b. +/- 4.10 % || Macs30 ave= 5.40E-02 b. +/- 0.47 % || Gn^0(l=0) ave= 1.161E-01 +/- 13.97 % Gn^0(l=1) ave= 0.000E+00 +/- 0.00 % Gn^0(l=2) ave= 0.000E+00 +/- 0.00 % Gn^0(l=3) ave= 0.000E+00 +/- 0.00 % || Gtotal(l=0) ave= 1.462E+01 +/- 16.49 % Gtotal(l=1) ave= 0.000E+00 +/- 0.00 % Gtotal(l=2) ave= 0.000E+00 +/- 0.00 % Gtotal(l=3) ave= 0.000E+00 +/- 0.00 %  % || Gg(l=0) ave= 2.703E-01 +/- 1.15 % Gg(l=1) ave= 0.000E+00 +/- 0.00 % Gg(l=2) ave= 0.000E+00 +/- 0.00 % Gg(l=3) ave= 0.000E+00 +/- 0.00 %  % || D(l=0) ave= 8.733E+02 +/- 1.54 % D(l=1) ave= 0.000E+00 +/- 0.00 % D(l=2) ave= 0.000E+00 +/- 0.00 % D(l=3) ave= 0.000E+00 +/- 0.00 %  % || S(l=0) ave= 1.372E-04 +/- 14.79 % S(l=1) ave= 0.000E+00 +/- 0.00 % S(l=2) ave= 0.000E+00 +/- 0.00 % S(l=3) ave= 0.000E+00 +/- 0.00 % 
 ... random file  259 Cap(th)  ave= 1.040E+00 b. +/- 6.49 % || Ela(th) ave= 4.058E+00 b. +/- 7.64 % || RIcap ave= 5.01E+00 b. +/- 4.10 % || Macs30 ave= 5.40E-02 b. +/- 0.46 % || Gn^0(l=0) ave= 1.160E-01 +/- 14.02 % Gn^0(l=1) ave= 0.000E+00 +/- 0.00 % Gn^0(l=2) ave= 0.000E+00 +/- 0.00 % Gn^0(l=3) ave= 0.000E+00 +/- 0.00 % || Gtotal(l=0) ave= 1.461E+01 +/- 16.55 % Gtotal(l=1) ave= 0.000E+00 +/- 0.00 % Gtotal(l=2) ave= 0.000E+00 +/- 0.00 % Gtotal(l=3) ave= 0.000E+00 +/- 0.00 %  % || Gg(l=0) ave= 2.703E-01 +/- 1.15 % Gg(l=1) ave= 0.000E+00 +/- 0.00 % Gg(l=2) ave= 0.000E+00 +/- 0.00 % Gg(l=3) ave= 0.000E+00 +/- 0.00 %  % || D(l=0) ave= 8.734E+02 +/- 1.54 % D(l=1) ave= 0.000E+00 +/- 0.00 % D(l=2) ave= 0.000E+00 +/- 0.00 % D(l=3) ave= 0.000E+00 +/- 0.00 %  % || S(l=0) ave= 1.371E-04 +/- 14.84 % S(l=1) ave= 0.000E+00 +/- 0.00 % S(l=2) ave= 0.000E+00 +/- 0.00 % S(l=3) ave= 0.000E+00 +/- 0.00 % 
 ... random file  260 Cap(th)  ave= 1.040E+00 b. +/- 6.53 % || Ela(th) ave= 4.060E+00 b. +/- 7.66 % || RIcap ave= 5.01E+00 b. +/- 4.11 % || Macs30 ave= 5.40E-02 b. +/- 0.46 % || Gn^0(l=0) ave= 1.161E-01 +/- 14.04 % Gn^0(l=1) ave= 0.000E+00 +/- 0.00 % Gn^0(l=2) ave= 0.000E+00 +/- 0.00 % Gn^0(l=3) ave= 0.000E+00 +/- 0.00 % || Gtotal(l=0) ave= 1.462E+01 +/- 16.58 % Gtotal(l=1) ave= 0.000E+00 +/- 0.00 % Gtotal(l=2) ave= 0.000E+00 +/- 0.00 % Gtotal(l=3) ave= 0.000E+00 +/- 0.00 %  % || Gg(l=0) ave= 2.703E-01 +/- 1.14 % Gg(l=1) ave= 0.000E+00 +/- 0.00 % Gg(l=2) ave= 0.000E+00 +/- 0.00 % Gg(l=3) ave= 0.000E+00 +/- 0.00 %  % || D(l=0) ave= 8.733E+02 +/- 1.54 % D(l=1) ave= 0.000E+00 +/- 0.00 % D(l=2) ave= 0.000E+00 +/- 0.00 % D(l=3) ave= 0.000E+00 +/- 0.00 %  % || S(l=0) ave= 1.372E-04 +/- 14.86 % S(l=1) ave= 0.000E+00 +/- 0.00 % S(l=2) ave= 0.000E+00 +/- 0.00 % S(l=3) ave= 0.000E+00 +/- 0.00 % 
 ... random file  261 Cap(th)  ave= 1.040E+00 b. +/- 6.57 % || Ela(th) ave= 4.060E+00 b. +/- 7.65 % || RIcap ave= 5.01E+00 b. +/- 4.11 % || Macs30 ave= 5.40E-02 b. +/- 0.47 % || Gn^0(l=0) ave= 1.162E-01 +/- 14.06 % Gn^0(l=1) ave= 0.000E+00 +/- 0.00 % Gn^0(l=2) ave= 0.000E+00 +/- 0.00 % Gn^0(l=3) ave= 0.000E+00 +/- 0.00 % || Gtotal(l=0) ave= 1.464E+01 +/- 16.61 % Gtotal(l=1) ave= 0.000E+00 +/- 0.00 % Gtotal(l=2) ave= 0.000E+00 +/- 0.00 % Gtotal(l=3) ave= 0.000E+00 +/- 0.00 %  % || Gg(l=0) ave= 2.703E-01 +/- 1.14 % Gg(l=1) ave= 0.000E+00 +/- 0.00 % Gg(l=2) ave= 0.000E+00 +/- 0.00 % Gg(l=3) ave= 0.000E+00 +/- 0.00 %  % || D(l=0) ave= 8.733E+02 +/- 1.54 % D(l=1) ave= 0.000E+00 +/- 0.00 % D(l=2) ave= 0.000E+00 +/- 0.00 % D(l=3) ave= 0.000E+00 +/- 0.00 %  % || S(l=0) ave= 1.373E-04 +/- 14.89 % S(l=1) ave= 0.000E+00 +/- 0.00 % S(l=2) ave= 0.000E+00 +/- 0.00 % S(l=3) ave= 0.000E+00 +/- 0.00 % 
 ... random file  262 Cap(th)  ave= 1.040E+00 b. +/- 6.57 % || Ela(th) ave= 4.059E+00 b. +/- 7.64 % || RIcap ave= 5.01E+00 b. +/- 4.13 % || Macs30 ave= 5.40E-02 b. +/- 0.47 % || Gn^0(l=0) ave= 1.162E-01 +/- 14.04 % Gn^0(l=1) ave= 0.000E+00 +/- 0.00 % Gn^0(l=2) ave= 0.000E+00 +/- 0.00 % Gn^0(l=3) ave= 0.000E+00 +/- 0.00 % || Gtotal(l=0) ave= 1.464E+01 +/- 16.58 % Gtotal(l=1) ave= 0.000E+00 +/- 0.00 % Gtotal(l=2) ave= 0.000E+00 +/- 0.00 % Gtotal(l=3) ave= 0.000E+00 +/- 0.00 %  % || Gg(l=0) ave= 2.703E-01 +/- 1.15 % Gg(l=1) ave= 0.000E+00 +/- 0.00 % Gg(l=2) ave= 0.000E+00 +/- 0.00 % Gg(l=3) ave= 0.000E+00 +/- 0.00 %  % || D(l=0) ave= 8.733E+02 +/- 1.54 % D(l=1) ave= 0.000E+00 +/- 0.00 % D(l=2) ave= 0.000E+00 +/- 0.00 % D(l=3) ave= 0.000E+00 +/- 0.00 %  % || S(l=0) ave= 1.373E-04 +/- 14.86 % S(l=1) ave= 0.000E+00 +/- 0.00 % S(l=2) ave= 0.000E+00 +/- 0.00 % S(l=3) ave= 0.000E+00 +/- 0.00 % 
 ... random file  263 Cap(th)  ave= 1.040E+00 b. +/- 6.58 % || Ela(th) ave= 4.059E+00 b. +/- 7.63 % || RIcap ave= 5.01E+00 b. +/- 4.14 % || Macs30 ave= 5.40E-02 b. +/- 0.47 % || Gn^0(l=0) ave= 1.161E-01 +/- 14.04 % Gn^0(l=1) ave= 0.000E+00 +/- 0.00 % Gn^0(l=2) ave= 0.000E+00 +/- 0.00 % Gn^0(l=3) ave= 0.000E+00 +/- 0.00 % || Gtotal(l=0) ave= 1.463E+01 +/- 16.58 % Gtotal(l=1) ave= 0.000E+00 +/- 0.00 % Gtotal(l=2) ave= 0.000E+00 +/- 0.00 % Gtotal(l=3) ave= 0.000E+00 +/- 0.00 %  % || Gg(l=0) ave= 2.703E-01 +/- 1.15 % Gg(l=1) ave= 0.000E+00 +/- 0.00 % Gg(l=2) ave= 0.000E+00 +/- 0.00 % Gg(l=3) ave= 0.000E+00 +/- 0.00 %  % || D(l=0) ave= 8.734E+02 +/- 1.54 % D(l=1) ave= 0.000E+00 +/- 0.00 % D(l=2) ave= 0.000E+00 +/- 0.00 % D(l=3) ave= 0.000E+00 +/- 0.00 %  % || S(l=0) ave= 1.372E-04 +/- 14.86 % S(l=1) ave= 0.000E+00 +/- 0.00 % S(l=2) ave= 0.000E+00 +/- 0.00 % S(l=3) ave= 0.000E+00 +/- 0.00 % 
 ... random file  264 Cap(th)  ave= 1.041E+00 b. +/- 6.60 % || Ela(th) ave= 4.058E+00 b. +/- 7.63 % || RIcap ave= 5.01E+00 b. +/- 4.15 % || Macs30 ave= 5.40E-02 b. +/- 0.47 % || Gn^0(l=0) ave= 1.161E-01 +/- 14.01 % Gn^0(l=1) ave= 0.000E+00 +/- 0.00 % Gn^0(l=2) ave= 0.000E+00 +/- 0.00 % Gn^0(l=3) ave= 0.000E+00 +/- 0.00 % || Gtotal(l=0) ave= 1.463E+01 +/- 16.55 % Gtotal(l=1) ave= 0.000E+00 +/- 0.00 % Gtotal(l=2) ave= 0.000E+00 +/- 0.00 % Gtotal(l=3) ave= 0.000E+00 +/- 0.00 %  % || Gg(l=0) ave= 2.703E-01 +/- 1.15 % Gg(l=1) ave= 0.000E+00 +/- 0.00 % Gg(l=2) ave= 0.000E+00 +/- 0.00 % Gg(l=3) ave= 0.000E+00 +/- 0.00 %  % || D(l=0) ave= 8.734E+02 +/- 1.54 % D(l=1) ave= 0.000E+00 +/- 0.00 % D(l=2) ave= 0.000E+00 +/- 0.00 % D(l=3) ave= 0.000E+00 +/- 0.00 %  % || S(l=0) ave= 1.372E-04 +/- 14.83 % S(l=1) ave= 0.000E+00 +/- 0.00 % S(l=2) ave= 0.000E+00 +/- 0.00 % S(l=3) ave= 0.000E+00 +/- 0.00 % 
 ... random file  265 Cap(th)  ave= 1.041E+00 b. +/- 6.59 % || Ela(th) ave= 4.057E+00 b. +/- 7.62 % || RIcap ave= 5.01E+00 b. +/- 4.15 % || Macs30 ave= 5.40E-02 b. +/- 0.47 % || Gn^0(l=0) ave= 1.162E-01 +/- 14.00 % Gn^0(l=1) ave= 0.000E+00 +/- 0.00 % Gn^0(l=2) ave= 0.000E+00 +/- 0.00 % Gn^0(l=3) ave= 0.000E+00 +/- 0.00 % || Gtotal(l=0) ave= 1.464E+01 +/- 16.53 % Gtotal(l=1) ave= 0.000E+00 +/- 0.00 % Gtotal(l=2) ave= 0.000E+00 +/- 0.00 % Gtotal(l=3) ave= 0.000E+00 +/- 0.00 %  % || Gg(l=0) ave= 2.703E-01 +/- 1.15 % Gg(l=1) ave= 0.000E+00 +/- 0.00 % Gg(l=2) ave= 0.000E+00 +/- 0.00 % Gg(l=3) ave= 0.000E+00 +/- 0.00 %  % || D(l=0) ave= 8.734E+02 +/- 1.54 % D(l=1) ave= 0.000E+00 +/- 0.00 % D(l=2) ave= 0.000E+00 +/- 0.00 % D(l=3) ave= 0.000E+00 +/- 0.00 %  % || S(l=0) ave= 1.373E-04 +/- 14.82 % S(l=1) ave= 0.000E+00 +/- 0.00 % S(l=2) ave= 0.000E+00 +/- 0.00 % S(l=3) ave= 0.000E+00 +/- 0.00 % 
 ... random file  266 Cap(th)  ave= 1.040E+00 b. +/- 6.60 % || Ela(th) ave= 4.059E+00 b. +/- 7.64 % || RIcap ave= 5.01E+00 b. +/- 4.15 % || Macs30 ave= 5.40E-02 b. +/- 0.47 % || Gn^0(l=0) ave= 1.161E-01 +/- 14.02 % Gn^0(l=1) ave= 0.000E+00 +/- 0.00 % Gn^0(l=2) ave= 0.000E+00 +/- 0.00 % Gn^0(l=3) ave= 0.000E+00 +/- 0.00 % || Gtotal(l=0) ave= 1.463E+01 +/- 16.56 % Gtotal(l=1) ave= 0.000E+00 +/- 0.00 % Gtotal(l=2) ave= 0.000E+00 +/- 0.00 % Gtotal(l=3) ave= 0.000E+00 +/- 0.00 %  % || Gg(l=0) ave= 2.703E-01 +/- 1.15 % Gg(l=1) ave= 0.000E+00 +/- 0.00 % Gg(l=2) ave= 0.000E+00 +/- 0.00 % Gg(l=3) ave= 0.000E+00 +/- 0.00 %  % || D(l=0) ave= 8.734E+02 +/- 1.54 % D(l=1) ave= 0.000E+00 +/- 0.00 % D(l=2) ave= 0.000E+00 +/- 0.00 % D(l=3) ave= 0.000E+00 +/- 0.00 %  % || S(l=0) ave= 1.372E-04 +/- 14.85 % S(l=1) ave= 0.000E+00 +/- 0.00 % S(l=2) ave= 0.000E+00 +/- 0.00 % S(l=3) ave= 0.000E+00 +/- 0.00 % 
 ... random file  267 Cap(th)  ave= 1.040E+00 b. +/- 6.62 % || Ela(th) ave= 4.058E+00 b. +/- 7.65 % || RIcap ave= 5.01E+00 b. +/- 4.15 % || Macs30 ave= 5.40E-02 b. +/- 0.47 % || Gn^0(l=0) ave= 1.162E-01 +/- 14.05 % Gn^0(l=1) ave= 0.000E+00 +/- 0.00 % Gn^0(l=2) ave= 0.000E+00 +/- 0.00 % Gn^0(l=3) ave= 0.000E+00 +/- 0.00 % || Gtotal(l=0) ave= 1.464E+01 +/- 16.60 % Gtotal(l=1) ave= 0.000E+00 +/- 0.00 % Gtotal(l=2) ave= 0.000E+00 +/- 0.00 % Gtotal(l=3) ave= 0.000E+00 +/- 0.00 %  % || Gg(l=0) ave= 2.703E-01 +/- 1.14 % Gg(l=1) ave= 0.000E+00 +/- 0.00 % Gg(l=2) ave= 0.000E+00 +/- 0.00 % Gg(l=3) ave= 0.000E+00 +/- 0.00 %  % || D(l=0) ave= 8.734E+02 +/- 1.54 % D(l=1) ave= 0.000E+00 +/- 0.00 % D(l=2) ave= 0.000E+00 +/- 0.00 % D(l=3) ave= 0.000E+00 +/- 0.00 %  % || S(l=0) ave= 1.374E-04 +/- 14.88 % S(l=1) ave= 0.000E+00 +/- 0.00 % S(l=2) ave= 0.000E+00 +/- 0.00 % S(l=3) ave= 0.000E+00 +/- 0.00 % 
 ... random file  268 Cap(th)  ave= 1.040E+00 b. +/- 6.60 % || Ela(th) ave= 4.060E+00 b. +/- 7.65 % || RIcap ave= 5.01E+00 b. +/- 4.14 % || Macs30 ave= 5.40E-02 b. +/- 0.47 % || Gn^0(l=0) ave= 1.162E-01 +/- 14.04 % Gn^0(l=1) ave= 0.000E+00 +/- 0.00 % Gn^0(l=2) ave= 0.000E+00 +/- 0.00 % Gn^0(l=3) ave= 0.000E+00 +/- 0.00 % || Gtotal(l=0) ave= 1.464E+01 +/- 16.58 % Gtotal(l=1) ave= 0.000E+00 +/- 0.00 % Gtotal(l=2) ave= 0.000E+00 +/- 0.00 % Gtotal(l=3) ave= 0.000E+00 +/- 0.00 %  % || Gg(l=0) ave= 2.703E-01 +/- 1.14 % Gg(l=1) ave= 0.000E+00 +/- 0.00 % Gg(l=2) ave= 0.000E+00 +/- 0.00 % Gg(l=3) ave= 0.000E+00 +/- 0.00 %  % || D(l=0) ave= 8.733E+02 +/- 1.54 % D(l=1) ave= 0.000E+00 +/- 0.00 % D(l=2) ave= 0.000E+00 +/- 0.00 % D(l=3) ave= 0.000E+00 +/- 0.00 %  % || S(l=0) ave= 1.373E-04 +/- 14.86 % S(l=1) ave= 0.000E+00 +/- 0.00 % S(l=2) ave= 0.000E+00 +/- 0.00 % S(l=3) ave= 0.000E+00 +/- 0.00 % 
 ... random file  269 Cap(th)  ave= 1.040E+00 b. +/- 6.63 % || Ela(th) ave= 4.060E+00 b. +/- 7.64 % || RIcap ave= 5.01E+00 b. +/- 4.14 % || Macs30 ave= 5.40E-02 b. +/- 0.48 % || Gn^0(l=0) ave= 1.162E-01 +/- 14.03 % Gn^0(l=1) ave= 0.000E+00 +/- 0.00 % Gn^0(l=2) ave= 0.000E+00 +/- 0.00 % Gn^0(l=3) ave= 0.000E+00 +/- 0.00 % || Gtotal(l=0) ave= 1.463E+01 +/- 16.57 % Gtotal(l=1) ave= 0.000E+00 +/- 0.00 % Gtotal(l=2) ave= 0.000E+00 +/- 0.00 % Gtotal(l=3) ave= 0.000E+00 +/- 0.00 %  % || Gg(l=0) ave= 2.703E-01 +/- 1.16 % Gg(l=1) ave= 0.000E+00 +/- 0.00 % Gg(l=2) ave= 0.000E+00 +/- 0.00 % Gg(l=3) ave= 0.000E+00 +/- 0.00 %  % || D(l=0) ave= 8.734E+02 +/- 1.54 % D(l=1) ave= 0.000E+00 +/- 0.00 % D(l=2) ave= 0.000E+00 +/- 0.00 % D(l=3) ave= 0.000E+00 +/- 0.00 %  % || S(l=0) ave= 1.373E-04 +/- 14.85 % S(l=1) ave= 0.000E+00 +/- 0.00 % S(l=2) ave= 0.000E+00 +/- 0.00 % S(l=3) ave= 0.000E+00 +/- 0.00 % 
 ... random file  270 Cap(th)  ave= 1.040E+00 b. +/- 6.62 % || Ela(th) ave= 4.061E+00 b. +/- 7.63 % || RIcap ave= 5.01E+00 b. +/- 4.18 % || Macs30 ave= 5.40E-02 b. +/- 0.48 % || Gn^0(l=0) ave= 1.161E-01 +/- 14.01 % Gn^0(l=1) ave= 0.000E+00 +/- 0.00 % Gn^0(l=2) ave= 0.000E+00 +/- 0.00 % Gn^0(l=3) ave= 0.000E+00 +/- 0.00 % || Gtotal(l=0) ave= 1.463E+01 +/- 16.54 % Gtotal(l=1) ave= 0.000E+00 +/- 0.00 % Gtotal(l=2) ave= 0.000E+00 +/- 0.00 % Gtotal(l=3) ave= 0.000E+00 +/- 0.00 %  % || Gg(l=0) ave= 2.703E-01 +/- 1.15 % Gg(l=1) ave= 0.000E+00 +/- 0.00 % Gg(l=2) ave= 0.000E+00 +/- 0.00 % Gg(l=3) ave= 0.000E+00 +/- 0.00 %  % || D(l=0) ave= 8.733E+02 +/- 1.54 % D(l=1) ave= 0.000E+00 +/- 0.00 % D(l=2) ave= 0.000E+00 +/- 0.00 % D(l=3) ave= 0.000E+00 +/- 0.00 %  % || S(l=0) ave= 1.373E-04 +/- 14.83 % S(l=1) ave= 0.000E+00 +/- 0.00 % S(l=2) ave= 0.000E+00 +/- 0.00 % S(l=3) ave= 0.000E+00 +/- 0.00 % 
 ... random file  271 Cap(th)  ave= 1.040E+00 b. +/- 6.62 % || Ela(th) ave= 4.062E+00 b. +/- 7.63 % || RIcap ave= 5.01E+00 b. +/- 4.17 % || Macs30 ave= 5.40E-02 b. +/- 0.48 % || Gn^0(l=0) ave= 1.161E-01 +/- 14.02 % Gn^0(l=1) ave= 0.000E+00 +/- 0.00 % Gn^0(l=2) ave= 0.000E+00 +/- 0.00 % Gn^0(l=3) ave= 0.000E+00 +/- 0.00 % || Gtotal(l=0) ave= 1.462E+01 +/- 16.56 % Gtotal(l=1) ave= 0.000E+00 +/- 0.00 % Gtotal(l=2) ave= 0.000E+00 +/- 0.00 % Gtotal(l=3) ave= 0.000E+00 +/- 0.00 %  % || Gg(l=0) ave= 2.703E-01 +/- 1.15 % Gg(l=1) ave= 0.000E+00 +/- 0.00 % Gg(l=2) ave= 0.000E+00 +/- 0.00 % Gg(l=3) ave= 0.000E+00 +/- 0.00 %  % || D(l=0) ave= 8.734E+02 +/- 1.54 % D(l=1) ave= 0.000E+00 +/- 0.00 % D(l=2) ave= 0.000E+00 +/- 0.00 % D(l=3) ave= 0.000E+00 +/- 0.00 %  % || S(l=0) ave= 1.372E-04 +/- 14.85 % S(l=1) ave= 0.000E+00 +/- 0.00 % S(l=2) ave= 0.000E+00 +/- 0.00 % S(l=3) ave= 0.000E+00 +/- 0.00 % 
 ... random file  272 Cap(th)  ave= 1.040E+00 b. +/- 6.61 % || Ela(th) ave= 4.063E+00 b. +/- 7.62 % || RIcap ave= 5.01E+00 b. +/- 4.16 % || Macs30 ave= 5.40E-02 b. +/- 0.48 % || Gn^0(l=0) ave= 1.160E-01 +/- 14.07 % Gn^0(l=1) ave= 0.000E+00 +/- 0.00 % Gn^0(l=2) ave= 0.000E+00 +/- 0.00 % Gn^0(l=3) ave= 0.000E+00 +/- 0.00 % || Gtotal(l=0) ave= 1.461E+01 +/- 16.63 % Gtotal(l=1) ave= 0.000E+00 +/- 0.00 % Gtotal(l=2) ave= 0.000E+00 +/- 0.00 % Gtotal(l=3) ave= 0.000E+00 +/- 0.00 %  % || Gg(l=0) ave= 2.703E-01 +/- 1.15 % Gg(l=1) ave= 0.000E+00 +/- 0.00 % Gg(l=2) ave= 0.000E+00 +/- 0.00 % Gg(l=3) ave= 0.000E+00 +/- 0.00 %  % || D(l=0) ave= 8.734E+02 +/- 1.54 % D(l=1) ave= 0.000E+00 +/- 0.00 % D(l=2) ave= 0.000E+00 +/- 0.00 % D(l=3) ave= 0.000E+00 +/- 0.00 %  % || S(l=0) ave= 1.371E-04 +/- 14.90 % S(l=1) ave= 0.000E+00 +/- 0.00 % S(l=2) ave= 0.000E+00 +/- 0.00 % S(l=3) ave= 0.000E+00 +/- 0.00 % 
 ... random file  273 Cap(th)  ave= 1.040E+00 b. +/- 6.60 % || Ela(th) ave= 4.061E+00 b. +/- 7.63 % || RIcap ave= 5.01E+00 b. +/- 4.16 % || Macs30 ave= 5.40E-02 b. +/- 0.48 % || Gn^0(l=0) ave= 1.160E-01 +/- 14.06 % Gn^0(l=1) ave= 0.000E+00 +/- 0.00 % Gn^0(l=2) ave= 0.000E+00 +/- 0.00 % Gn^0(l=3) ave= 0.000E+00 +/- 0.00 % || Gtotal(l=0) ave= 1.462E+01 +/- 16.62 % Gtotal(l=1) ave= 0.000E+00 +/- 0.00 % Gtotal(l=2) ave= 0.000E+00 +/- 0.00 % Gtotal(l=3) ave= 0.000E+00 +/- 0.00 %  % || Gg(l=0) ave= 2.703E-01 +/- 1.15 % Gg(l=1) ave= 0.000E+00 +/- 0.00 % Gg(l=2) ave= 0.000E+00 +/- 0.00 % Gg(l=3) ave= 0.000E+00 +/- 0.00 %  % || D(l=0) ave= 8.734E+02 +/- 1.54 % D(l=1) ave= 0.000E+00 +/- 0.00 % D(l=2) ave= 0.000E+00 +/- 0.00 % D(l=3) ave= 0.000E+00 +/- 0.00 %  % || S(l=0) ave= 1.371E-04 +/- 14.89 % S(l=1) ave= 0.000E+00 +/- 0.00 % S(l=2) ave= 0.000E+00 +/- 0.00 % S(l=3) ave= 0.000E+00 +/- 0.00 % 
 ... random file  274 Cap(th)  ave= 1.040E+00 b. +/- 6.60 % || Ela(th) ave= 4.063E+00 b. +/- 7.65 % || RIcap ave= 5.01E+00 b. +/- 4.16 % || Macs30 ave= 5.40E-02 b. +/- 0.48 % || Gn^0(l=0) ave= 1.160E-01 +/- 14.04 % Gn^0(l=1) ave= 0.000E+00 +/- 0.00 % Gn^0(l=2) ave= 0.000E+00 +/- 0.00 % Gn^0(l=3) ave= 0.000E+00 +/- 0.00 % || Gtotal(l=0) ave= 1.462E+01 +/- 16.59 % Gtotal(l=1) ave= 0.000E+00 +/- 0.00 % Gtotal(l=2) ave= 0.000E+00 +/- 0.00 % Gtotal(l=3) ave= 0.000E+00 +/- 0.00 %  % || Gg(l=0) ave= 2.703E-01 +/- 1.15 % Gg(l=1) ave= 0.000E+00 +/- 0.00 % Gg(l=2) ave= 0.000E+00 +/- 0.00 % Gg(l=3) ave= 0.000E+00 +/- 0.00 %  % || D(l=0) ave= 8.733E+02 +/- 1.54 % D(l=1) ave= 0.000E+00 +/- 0.00 % D(l=2) ave= 0.000E+00 +/- 0.00 % D(l=3) ave= 0.000E+00 +/- 0.00 %  % || S(l=0) ave= 1.371E-04 +/- 14.87 % S(l=1) ave= 0.000E+00 +/- 0.00 % S(l=2) ave= 0.000E+00 +/- 0.00 % S(l=3) ave= 0.000E+00 +/- 0.00 % 
 ... random file  275 Cap(th)  ave= 1.040E+00 b. +/- 6.59 % || Ela(th) ave= 4.062E+00 b. +/- 7.67 % || RIcap ave= 5.01E+00 b. +/- 4.15 % || Macs30 ave= 5.40E-02 b. +/- 0.48 % || Gn^0(l=0) ave= 1.160E-01 +/- 14.02 % Gn^0(l=1) ave= 0.000E+00 +/- 0.00 % Gn^0(l=2) ave= 0.000E+00 +/- 0.00 % Gn^0(l=3) ave= 0.000E+00 +/- 0.00 % || Gtotal(l=0) ave= 1.462E+01 +/- 16.56 % Gtotal(l=1) ave= 0.000E+00 +/- 0.00 % Gtotal(l=2) ave= 0.000E+00 +/- 0.00 % Gtotal(l=3) ave= 0.000E+00 +/- 0.00 %  % || Gg(l=0) ave= 2.703E-01 +/- 1.15 % Gg(l=1) ave= 0.000E+00 +/- 0.00 % Gg(l=2) ave= 0.000E+00 +/- 0.00 % Gg(l=3) ave= 0.000E+00 +/- 0.00 %  % || D(l=0) ave= 8.733E+02 +/- 1.54 % D(l=1) ave= 0.000E+00 +/- 0.00 % D(l=2) ave= 0.000E+00 +/- 0.00 % D(l=3) ave= 0.000E+00 +/- 0.00 %  % || S(l=0) ave= 1.372E-04 +/- 14.85 % S(l=1) ave= 0.000E+00 +/- 0.00 % S(l=2) ave= 0.000E+00 +/- 0.00 % S(l=3) ave= 0.000E+00 +/- 0.00 % 
 ... random file  276 Cap(th)  ave= 1.041E+00 b. +/- 6.58 % || Ela(th) ave= 4.060E+00 b. +/- 7.68 % || RIcap ave= 5.01E+00 b. +/- 4.14 % || Macs30 ave= 5.40E-02 b. +/- 0.48 % || Gn^0(l=0) ave= 1.161E-01 +/- 13.99 % Gn^0(l=1) ave= 0.000E+00 +/- 0.00 % Gn^0(l=2) ave= 0.000E+00 +/- 0.00 % Gn^0(l=3) ave= 0.000E+00 +/- 0.00 % || Gtotal(l=0) ave= 1.462E+01 +/- 16.53 % Gtotal(l=1) ave= 0.000E+00 +/- 0.00 % Gtotal(l=2) ave= 0.000E+00 +/- 0.00 % Gtotal(l=3) ave= 0.000E+00 +/- 0.00 %  % || Gg(l=0) ave= 2.703E-01 +/- 1.15 % Gg(l=1) ave= 0.000E+00 +/- 0.00 % Gg(l=2) ave= 0.000E+00 +/- 0.00 % Gg(l=3) ave= 0.000E+00 +/- 0.00 %  % || D(l=0) ave= 8.732E+02 +/- 1.54 % D(l=1) ave= 0.000E+00 +/- 0.00 % D(l=2) ave= 0.000E+00 +/- 0.00 % D(l=3) ave= 0.000E+00 +/- 0.00 %  % || S(l=0) ave= 1.372E-04 +/- 14.82 % S(l=1) ave= 0.000E+00 +/- 0.00 % S(l=2) ave= 0.000E+00 +/- 0.00 % S(l=3) ave= 0.000E+00 +/- 0.00 % 
 ... random file  277 Cap(th)  ave= 1.041E+00 b. +/- 6.61 % || Ela(th) ave= 4.059E+00 b. +/- 7.68 % || RIcap ave= 5.01E+00 b. +/- 4.17 % || Macs30 ave= 5.40E-02 b. +/- 0.48 % || Gn^0(l=0) ave= 1.161E-01 +/- 13.97 % Gn^0(l=1) ave= 0.000E+00 +/- 0.00 % Gn^0(l=2) ave= 0.000E+00 +/- 0.00 % Gn^0(l=3) ave= 0.000E+00 +/- 0.00 % || Gtotal(l=0) ave= 1.462E+01 +/- 16.50 % Gtotal(l=1) ave= 0.000E+00 +/- 0.00 % Gtotal(l=2) ave= 0.000E+00 +/- 0.00 % Gtotal(l=3) ave= 0.000E+00 +/- 0.00 %  % || Gg(l=0) ave= 2.703E-01 +/- 1.15 % Gg(l=1) ave= 0.000E+00 +/- 0.00 % Gg(l=2) ave= 0.000E+00 +/- 0.00 % Gg(l=3) ave= 0.000E+00 +/- 0.00 %  % || D(l=0) ave= 8.732E+02 +/- 1.54 % D(l=1) ave= 0.000E+00 +/- 0.00 % D(l=2) ave= 0.000E+00 +/- 0.00 % D(l=3) ave= 0.000E+00 +/- 0.00 %  % || S(l=0) ave= 1.372E-04 +/- 14.79 % S(l=1) ave= 0.000E+00 +/- 0.00 % S(l=2) ave= 0.000E+00 +/- 0.00 % S(l=3) ave= 0.000E+00 +/- 0.00 % 
 ... random file  278 Cap(th)  ave= 1.041E+00 b. +/- 6.60 % || Ela(th) ave= 4.059E+00 b. +/- 7.66 % || RIcap ave= 5.02E+00 b. +/- 4.16 % || Macs30 ave= 5.40E-02 b. +/- 0.48 % || Gn^0(l=0) ave= 1.160E-01 +/- 13.95 % Gn^0(l=1) ave= 0.000E+00 +/- 0.00 % Gn^0(l=2) ave= 0.000E+00 +/- 0.00 % Gn^0(l=3) ave= 0.000E+00 +/- 0.00 % || Gtotal(l=0) ave= 1.462E+01 +/- 16.48 % Gtotal(l=1) ave= 0.000E+00 +/- 0.00 % Gtotal(l=2) ave= 0.000E+00 +/- 0.00 % Gtotal(l=3) ave= 0.000E+00 +/- 0.00 %  % || Gg(l=0) ave= 2.703E-01 +/- 1.15 % Gg(l=1) ave= 0.000E+00 +/- 0.00 % Gg(l=2) ave= 0.000E+00 +/- 0.00 % Gg(l=3) ave= 0.000E+00 +/- 0.00 %  % || D(l=0) ave= 8.732E+02 +/- 1.54 % D(l=1) ave= 0.000E+00 +/- 0.00 % D(l=2) ave= 0.000E+00 +/- 0.00 % D(l=3) ave= 0.000E+00 +/- 0.00 %  % || S(l=0) ave= 1.372E-04 +/- 14.78 % S(l=1) ave= 0.000E+00 +/- 0.00 % S(l=2) ave= 0.000E+00 +/- 0.00 % S(l=3) ave= 0.000E+00 +/- 0.00 % 
 ... random file  279 Cap(th)  ave= 1.041E+00 b. +/- 6.59 % || Ela(th) ave= 4.059E+00 b. +/- 7.65 % || RIcap ave= 5.01E+00 b. +/- 4.15 % || Macs30 ave= 5.40E-02 b. +/- 0.48 % || Gn^0(l=0) ave= 1.159E-01 +/- 13.99 % Gn^0(l=1) ave= 0.000E+00 +/- 0.00 % Gn^0(l=2) ave= 0.000E+00 +/- 0.00 % Gn^0(l=3) ave= 0.000E+00 +/- 0.00 % || Gtotal(l=0) ave= 1.461E+01 +/- 16.54 % Gtotal(l=1) ave= 0.000E+00 +/- 0.00 % Gtotal(l=2) ave= 0.000E+00 +/- 0.00 % Gtotal(l=3) ave= 0.000E+00 +/- 0.00 %  % || Gg(l=0) ave= 2.702E-01 +/- 1.15 % Gg(l=1) ave= 0.000E+00 +/- 0.00 % Gg(l=2) ave= 0.000E+00 +/- 0.00 % Gg(l=3) ave= 0.000E+00 +/- 0.00 %  % || D(l=0) ave= 8.733E+02 +/- 1.54 % D(l=1) ave= 0.000E+00 +/- 0.00 % D(l=2) ave= 0.000E+00 +/- 0.00 % D(l=3) ave= 0.000E+00 +/- 0.00 %  % || S(l=0) ave= 1.370E-04 +/- 14.82 % S(l=1) ave= 0.000E+00 +/- 0.00 % S(l=2) ave= 0.000E+00 +/- 0.00 % S(l=3) ave= 0.000E+00 +/- 0.00 % 
 ... random file  280 Cap(th)  ave= 1.042E+00 b. +/- 6.64 % || Ela(th) ave= 4.059E+00 b. +/- 7.64 % || RIcap ave= 5.02E+00 b. +/- 4.17 % || Macs30 ave= 5.40E-02 b. +/- 0.48 % || Gn^0(l=0) ave= 1.160E-01 +/- 13.98 % Gn^0(l=1) ave= 0.000E+00 +/- 0.00 % Gn^0(l=2) ave= 0.000E+00 +/- 0.00 % Gn^0(l=3) ave= 0.000E+00 +/- 0.00 % || Gtotal(l=0) ave= 1.461E+01 +/- 16.52 % Gtotal(l=1) ave= 0.000E+00 +/- 0.00 % Gtotal(l=2) ave= 0.000E+00 +/- 0.00 % Gtotal(l=3) ave= 0.000E+00 +/- 0.00 %  % || Gg(l=0) ave= 2.702E-01 +/- 1.14 % Gg(l=1) ave= 0.000E+00 +/- 0.00 % Gg(l=2) ave= 0.000E+00 +/- 0.00 % Gg(l=3) ave= 0.000E+00 +/- 0.00 %  % || D(l=0) ave= 8.732E+02 +/- 1.54 % D(l=1) ave= 0.000E+00 +/- 0.00 % D(l=2) ave= 0.000E+00 +/- 0.00 % D(l=3) ave= 0.000E+00 +/- 0.00 %  % || S(l=0) ave= 1.371E-04 +/- 14.81 % S(l=1) ave= 0.000E+00 +/- 0.00 % S(l=2) ave= 0.000E+00 +/- 0.00 % S(l=3) ave= 0.000E+00 +/- 0.00 % 
 ... random file  281 Cap(th)  ave= 1.041E+00 b. +/- 6.64 % || Ela(th) ave= 4.058E+00 b. +/- 7.65 % || RIcap ave= 5.02E+00 b. +/- 4.18 % || Macs30 ave= 5.40E-02 b. +/- 0.48 % || Gn^0(l=0) ave= 1.159E-01 +/- 13.98 % Gn^0(l=1) ave= 0.000E+00 +/- 0.00 % Gn^0(l=2) ave= 0.000E+00 +/- 0.00 % Gn^0(l=3) ave= 0.000E+00 +/- 0.00 % || Gtotal(l=0) ave= 1.461E+01 +/- 16.53 % Gtotal(l=1) ave= 0.000E+00 +/- 0.00 % Gtotal(l=2) ave= 0.000E+00 +/- 0.00 % Gtotal(l=3) ave= 0.000E+00 +/- 0.00 %  % || Gg(l=0) ave= 2.702E-01 +/- 1.14 % Gg(l=1) ave= 0.000E+00 +/- 0.00 % Gg(l=2) ave= 0.000E+00 +/- 0.00 % Gg(l=3) ave= 0.000E+00 +/- 0.00 %  % || D(l=0) ave= 8.733E+02 +/- 1.54 % D(l=1) ave= 0.000E+00 +/- 0.00 % D(l=2) ave= 0.000E+00 +/- 0.00 % D(l=3) ave= 0.000E+00 +/- 0.00 %  % || S(l=0) ave= 1.370E-04 +/- 14.82 % S(l=1) ave= 0.000E+00 +/- 0.00 % S(l=2) ave= 0.000E+00 +/- 0.00 % S(l=3) ave= 0.000E+00 +/- 0.00 % 
 ... random file  282 Cap(th)  ave= 1.042E+00 b. +/- 6.64 % || Ela(th) ave= 4.056E+00 b. +/- 7.66 % || RIcap ave= 5.01E+00 b. +/- 4.17 % || Macs30 ave= 5.40E-02 b. +/- 0.48 % || Gn^0(l=0) ave= 1.160E-01 +/- 13.97 % Gn^0(l=1) ave= 0.000E+00 +/- 0.00 % Gn^0(l=2) ave= 0.000E+00 +/- 0.00 % Gn^0(l=3) ave= 0.000E+00 +/- 0.00 % || Gtotal(l=0) ave= 1.461E+01 +/- 16.51 % Gtotal(l=1) ave= 0.000E+00 +/- 0.00 % Gtotal(l=2) ave= 0.000E+00 +/- 0.00 % Gtotal(l=3) ave= 0.000E+00 +/- 0.00 %  % || Gg(l=0) ave= 2.703E-01 +/- 1.15 % Gg(l=1) ave= 0.000E+00 +/- 0.00 % Gg(l=2) ave= 0.000E+00 +/- 0.00 % Gg(l=3) ave= 0.000E+00 +/- 0.00 %  % || D(l=0) ave= 8.732E+02 +/- 1.54 % D(l=1) ave= 0.000E+00 +/- 0.00 % D(l=2) ave= 0.000E+00 +/- 0.00 % D(l=3) ave= 0.000E+00 +/- 0.00 %  % || S(l=0) ave= 1.371E-04 +/- 14.80 % S(l=1) ave= 0.000E+00 +/- 0.00 % S(l=2) ave= 0.000E+00 +/- 0.00 % S(l=3) ave= 0.000E+00 +/- 0.00 % 
 ... random file  283 Cap(th)  ave= 1.042E+00 b. +/- 6.63 % || Ela(th) ave= 4.058E+00 b. +/- 7.68 % || RIcap ave= 5.02E+00 b. +/- 4.17 % || Macs30 ave= 5.40E-02 b. +/- 0.48 % || Gn^0(l=0) ave= 1.160E-01 +/- 13.95 % Gn^0(l=1) ave= 0.000E+00 +/- 0.00 % Gn^0(l=2) ave= 0.000E+00 +/- 0.00 % Gn^0(l=3) ave= 0.000E+00 +/- 0.00 % || Gtotal(l=0) ave= 1.461E+01 +/- 16.48 % Gtotal(l=1) ave= 0.000E+00 +/- 0.00 % Gtotal(l=2) ave= 0.000E+00 +/- 0.00 % Gtotal(l=3) ave= 0.000E+00 +/- 0.00 %  % || Gg(l=0) ave= 2.703E-01 +/- 1.15 % Gg(l=1) ave= 0.000E+00 +/- 0.00 % Gg(l=2) ave= 0.000E+00 +/- 0.00 % Gg(l=3) ave= 0.000E+00 +/- 0.00 %  % || D(l=0) ave= 8.732E+02 +/- 1.54 % D(l=1) ave= 0.000E+00 +/- 0.00 % D(l=2) ave= 0.000E+00 +/- 0.00 % D(l=3) ave= 0.000E+00 +/- 0.00 %  % || S(l=0) ave= 1.371E-04 +/- 14.78 % S(l=1) ave= 0.000E+00 +/- 0.00 % S(l=2) ave= 0.000E+00 +/- 0.00 % S(l=3) ave= 0.000E+00 +/- 0.00 % 
 ... random file  284 Cap(th)  ave= 1.041E+00 b. +/- 6.64 % || Ela(th) ave= 4.058E+00 b. +/- 7.67 % || RIcap ave= 5.01E+00 b. +/- 4.16 % || Macs30 ave= 5.40E-02 b. +/- 0.48 % || Gn^0(l=0) ave= 1.159E-01 +/- 13.93 % Gn^0(l=1) ave= 0.000E+00 +/- 0.00 % Gn^0(l=2) ave= 0.000E+00 +/- 0.00 % Gn^0(l=3) ave= 0.000E+00 +/- 0.00 % || Gtotal(l=0) ave= 1.461E+01 +/- 16.46 % Gtotal(l=1) ave= 0.000E+00 +/- 0.00 % Gtotal(l=2) ave= 0.000E+00 +/- 0.00 % Gtotal(l=3) ave= 0.000E+00 +/- 0.00 %  % || Gg(l=0) ave= 2.703E-01 +/- 1.15 % Gg(l=1) ave= 0.000E+00 +/- 0.00 % Gg(l=2) ave= 0.000E+00 +/- 0.00 % Gg(l=3) ave= 0.000E+00 +/- 0.00 %  % || D(l=0) ave= 8.732E+02 +/- 1.54 % D(l=1) ave= 0.000E+00 +/- 0.00 % D(l=2) ave= 0.000E+00 +/- 0.00 % D(l=3) ave= 0.000E+00 +/- 0.00 %  % || S(l=0) ave= 1.371E-04 +/- 14.76 % S(l=1) ave= 0.000E+00 +/- 0.00 % S(l=2) ave= 0.000E+00 +/- 0.00 % S(l=3) ave= 0.000E+00 +/- 0.00 % 
 ... random file  285 Cap(th)  ave= 1.041E+00 b. +/- 6.68 % || Ela(th) ave= 4.060E+00 b. +/- 7.67 % || RIcap ave= 5.01E+00 b. +/- 4.17 % || Macs30 ave= 5.40E-02 b. +/- 0.48 % || Gn^0(l=0) ave= 1.159E-01 +/- 13.92 % Gn^0(l=1) ave= 0.000E+00 +/- 0.00 % Gn^0(l=2) ave= 0.000E+00 +/- 0.00 % Gn^0(l=3) ave= 0.000E+00 +/- 0.00 % || Gtotal(l=0) ave= 1.460E+01 +/- 16.46 % Gtotal(l=1) ave= 0.000E+00 +/- 0.00 % Gtotal(l=2) ave= 0.000E+00 +/- 0.00 % Gtotal(l=3) ave= 0.000E+00 +/- 0.00 %  % || Gg(l=0) ave= 2.703E-01 +/- 1.15 % Gg(l=1) ave= 0.000E+00 +/- 0.00 % Gg(l=2) ave= 0.000E+00 +/- 0.00 % Gg(l=3) ave= 0.000E+00 +/- 0.00 %  % || D(l=0) ave= 8.733E+02 +/- 1.54 % D(l=1) ave= 0.000E+00 +/- 0.00 % D(l=2) ave= 0.000E+00 +/- 0.00 % D(l=3) ave= 0.000E+00 +/- 0.00 %  % || S(l=0) ave= 1.370E-04 +/- 14.76 % S(l=1) ave= 0.000E+00 +/- 0.00 % S(l=2) ave= 0.000E+00 +/- 0.00 % S(l=3) ave= 0.000E+00 +/- 0.00 % 
 ... random file  286 Cap(th)  ave= 1.041E+00 b. +/- 6.67 % || Ela(th) ave= 4.059E+00 b. +/- 7.67 % || RIcap ave= 5.01E+00 b. +/- 4.17 % || Macs30 ave= 5.40E-02 b. +/- 0.48 % || Gn^0(l=0) ave= 1.158E-01 +/- 14.00 % Gn^0(l=1) ave= 0.000E+00 +/- 0.00 % Gn^0(l=2) ave= 0.000E+00 +/- 0.00 % Gn^0(l=3) ave= 0.000E+00 +/- 0.00 % || Gtotal(l=0) ave= 1.459E+01 +/- 16.54 % Gtotal(l=1) ave= 0.000E+00 +/- 0.00 % Gtotal(l=2) ave= 0.000E+00 +/- 0.00 % Gtotal(l=3) ave= 0.000E+00 +/- 0.00 %  % || Gg(l=0) ave= 2.703E-01 +/- 1.14 % Gg(l=1) ave= 0.000E+00 +/- 0.00 % Gg(l=2) ave= 0.000E+00 +/- 0.00 % Gg(l=3) ave= 0.000E+00 +/- 0.00 %  % || D(l=0) ave= 8.733E+02 +/- 1.54 % D(l=1) ave= 0.000E+00 +/- 0.00 % D(l=2) ave= 0.000E+00 +/- 0.00 % D(l=3) ave= 0.000E+00 +/- 0.00 %  % || S(l=0) ave= 1.369E-04 +/- 14.84 % S(l=1) ave= 0.000E+00 +/- 0.00 % S(l=2) ave= 0.000E+00 +/- 0.00 % S(l=3) ave= 0.000E+00 +/- 0.00 % 
 ... random file  287 Cap(th)  ave= 1.041E+00 b. +/- 6.67 % || Ela(th) ave= 4.059E+00 b. +/- 7.65 % || RIcap ave= 5.02E+00 b. +/- 4.17 % || Macs30 ave= 5.40E-02 b. +/- 0.49 % || Gn^0(l=0) ave= 1.158E-01 +/- 13.98 % Gn^0(l=1) ave= 0.000E+00 +/- 0.00 % Gn^0(l=2) ave= 0.000E+00 +/- 0.00 % Gn^0(l=3) ave= 0.000E+00 +/- 0.00 % || Gtotal(l=0) ave= 1.459E+01 +/- 16.52 % Gtotal(l=1) ave= 0.000E+00 +/- 0.00 % Gtotal(l=2) ave= 0.000E+00 +/- 0.00 % Gtotal(l=3) ave= 0.000E+00 +/- 0.00 %  % || Gg(l=0) ave= 2.703E-01 +/- 1.14 % Gg(l=1) ave= 0.000E+00 +/- 0.00 % Gg(l=2) ave= 0.000E+00 +/- 0.00 % Gg(l=3) ave= 0.000E+00 +/- 0.00 %  % || D(l=0) ave= 8.734E+02 +/- 1.54 % D(l=1) ave= 0.000E+00 +/- 0.00 % D(l=2) ave= 0.000E+00 +/- 0.00 % D(l=3) ave= 0.000E+00 +/- 0.00 %  % || S(l=0) ave= 1.369E-04 +/- 14.82 % S(l=1) ave= 0.000E+00 +/- 0.00 % S(l=2) ave= 0.000E+00 +/- 0.00 % S(l=3) ave= 0.000E+00 +/- 0.00 % 
 ... random file  288 Cap(th)  ave= 1.041E+00 b. +/- 6.66 % || Ela(th) ave= 4.058E+00 b. +/- 7.64 % || RIcap ave= 5.01E+00 b. +/- 4.17 % || Macs30 ave= 5.40E-02 b. +/- 0.49 % || Gn^0(l=0) ave= 1.159E-01 +/- 13.97 % Gn^0(l=1) ave= 0.000E+00 +/- 0.00 % Gn^0(l=2) ave= 0.000E+00 +/- 0.00 % Gn^0(l=3) ave= 0.000E+00 +/- 0.00 % || Gtotal(l=0) ave= 1.460E+01 +/- 16.52 % Gtotal(l=1) ave= 0.000E+00 +/- 0.00 % Gtotal(l=2) ave= 0.000E+00 +/- 0.00 % Gtotal(l=3) ave= 0.000E+00 +/- 0.00 %  % || Gg(l=0) ave= 2.703E-01 +/- 1.14 % Gg(l=1) ave= 0.000E+00 +/- 0.00 % Gg(l=2) ave= 0.000E+00 +/- 0.00 % Gg(l=3) ave= 0.000E+00 +/- 0.00 %  % || D(l=0) ave= 8.733E+02 +/- 1.54 % D(l=1) ave= 0.000E+00 +/- 0.00 % D(l=2) ave= 0.000E+00 +/- 0.00 % D(l=3) ave= 0.000E+00 +/- 0.00 %  % || S(l=0) ave= 1.370E-04 +/- 14.81 % S(l=1) ave= 0.000E+00 +/- 0.00 % S(l=2) ave= 0.000E+00 +/- 0.00 % S(l=3) ave= 0.000E+00 +/- 0.00 % 
 ... random file  289 Cap(th)  ave= 1.041E+00 b. +/- 6.64 % || Ela(th) ave= 4.058E+00 b. +/- 7.63 % || RIcap ave= 5.02E+00 b. +/- 4.17 % || Macs30 ave= 5.40E-02 b. +/- 0.48 % || Gn^0(l=0) ave= 1.158E-01 +/- 14.04 % Gn^0(l=1) ave= 0.000E+00 +/- 0.00 % Gn^0(l=2) ave= 0.000E+00 +/- 0.00 % Gn^0(l=3) ave= 0.000E+00 +/- 0.00 % || Gtotal(l=0) ave= 1.459E+01 +/- 16.59 % Gtotal(l=1) ave= 0.000E+00 +/- 0.00 % Gtotal(l=2) ave= 0.000E+00 +/- 0.00 % Gtotal(l=3) ave= 0.000E+00 +/- 0.00 %  % || Gg(l=0) ave= 2.703E-01 +/- 1.14 % Gg(l=1) ave= 0.000E+00 +/- 0.00 % Gg(l=2) ave= 0.000E+00 +/- 0.00 % Gg(l=3) ave= 0.000E+00 +/- 0.00 %  % || D(l=0) ave= 8.734E+02 +/- 1.54 % D(l=1) ave= 0.000E+00 +/- 0.00 % D(l=2) ave= 0.000E+00 +/- 0.00 % D(l=3) ave= 0.000E+00 +/- 0.00 %  % || S(l=0) ave= 1.369E-04 +/- 14.88 % S(l=1) ave= 0.000E+00 +/- 0.00 % S(l=2) ave= 0.000E+00 +/- 0.00 % S(l=3) ave= 0.000E+00 +/- 0.00 % 
 ... random file  290 Cap(th)  ave= 1.041E+00 b. +/- 6.64 % || Ela(th) ave= 4.058E+00 b. +/- 7.62 % || RIcap ave= 5.01E+00 b. +/- 4.17 % || Macs30 ave= 5.40E-02 b. +/- 0.48 % || Gn^0(l=0) ave= 1.159E-01 +/- 14.03 % Gn^0(l=1) ave= 0.000E+00 +/- 0.00 % Gn^0(l=2) ave= 0.000E+00 +/- 0.00 % Gn^0(l=3) ave= 0.000E+00 +/- 0.00 % || Gtotal(l=0) ave= 1.459E+01 +/- 16.58 % Gtotal(l=1) ave= 0.000E+00 +/- 0.00 % Gtotal(l=2) ave= 0.000E+00 +/- 0.00 % Gtotal(l=3) ave= 0.000E+00 +/- 0.00 %  % || Gg(l=0) ave= 2.703E-01 +/- 1.14 % Gg(l=1) ave= 0.000E+00 +/- 0.00 % Gg(l=2) ave= 0.000E+00 +/- 0.00 % Gg(l=3) ave= 0.000E+00 +/- 0.00 %  % || D(l=0) ave= 8.733E+02 +/- 1.54 % D(l=1) ave= 0.000E+00 +/- 0.00 % D(l=2) ave= 0.000E+00 +/- 0.00 % D(l=3) ave= 0.000E+00 +/- 0.00 %  % || S(l=0) ave= 1.369E-04 +/- 14.87 % S(l=1) ave= 0.000E+00 +/- 0.00 % S(l=2) ave= 0.000E+00 +/- 0.00 % S(l=3) ave= 0.000E+00 +/- 0.00 % 
 ... random file  291 Cap(th)  ave= 1.041E+00 b. +/- 6.64 % || Ela(th) ave= 4.060E+00 b. +/- 7.63 % || RIcap ave= 5.02E+00 b. +/- 4.16 % || Macs30 ave= 5.40E-02 b. +/- 0.48 % || Gn^0(l=0) ave= 1.159E-01 +/- 14.01 % Gn^0(l=1) ave= 0.000E+00 +/- 0.00 % Gn^0(l=2) ave= 0.000E+00 +/- 0.00 % Gn^0(l=3) ave= 0.000E+00 +/- 0.00 % || Gtotal(l=0) ave= 1.460E+01 +/- 16.56 % Gtotal(l=1) ave= 0.000E+00 +/- 0.00 % Gtotal(l=2) ave= 0.000E+00 +/- 0.00 % Gtotal(l=3) ave= 0.000E+00 +/- 0.00 %  % || Gg(l=0) ave= 2.703E-01 +/- 1.15 % Gg(l=1) ave= 0.000E+00 +/- 0.00 % Gg(l=2) ave= 0.000E+00 +/- 0.00 % Gg(l=3) ave= 0.000E+00 +/- 0.00 %  % || D(l=0) ave= 8.733E+02 +/- 1.54 % D(l=1) ave= 0.000E+00 +/- 0.00 % D(l=2) ave= 0.000E+00 +/- 0.00 % D(l=3) ave= 0.000E+00 +/- 0.00 %  % || S(l=0) ave= 1.370E-04 +/- 14.85 % S(l=1) ave= 0.000E+00 +/- 0.00 % S(l=2) ave= 0.000E+00 +/- 0.00 % S(l=3) ave= 0.000E+00 +/- 0.00 % 
 ... random file  292 Cap(th)  ave= 1.041E+00 b. +/- 6.63 % || Ela(th) ave= 4.059E+00 b. +/- 7.62 % || RIcap ave= 5.02E+00 b. +/- 4.15 % || Macs30 ave= 5.40E-02 b. +/- 0.48 % || Gn^0(l=0) ave= 1.159E-01 +/- 13.99 % Gn^0(l=1) ave= 0.000E+00 +/- 0.00 % Gn^0(l=2) ave= 0.000E+00 +/- 0.00 % Gn^0(l=3) ave= 0.000E+00 +/- 0.00 % || Gtotal(l=0) ave= 1.460E+01 +/- 16.54 % Gtotal(l=1) ave= 0.000E+00 +/- 0.00 % Gtotal(l=2) ave= 0.000E+00 +/- 0.00 % Gtotal(l=3) ave= 0.000E+00 +/- 0.00 %  % || Gg(l=0) ave= 2.703E-01 +/- 1.15 % Gg(l=1) ave= 0.000E+00 +/- 0.00 % Gg(l=2) ave= 0.000E+00 +/- 0.00 % Gg(l=3) ave= 0.000E+00 +/- 0.00 %  % || D(l=0) ave= 8.733E+02 +/- 1.54 % D(l=1) ave= 0.000E+00 +/- 0.00 % D(l=2) ave= 0.000E+00 +/- 0.00 % D(l=3) ave= 0.000E+00 +/- 0.00 %  % || S(l=0) ave= 1.369E-04 +/- 14.83 % S(l=1) ave= 0.000E+00 +/- 0.00 % S(l=2) ave= 0.000E+00 +/- 0.00 % S(l=3) ave= 0.000E+00 +/- 0.00 % 
 ... random file  293 Cap(th)  ave= 1.041E+00 b. +/- 6.62 % || Ela(th) ave= 4.061E+00 b. +/- 7.62 % || RIcap ave= 5.01E+00 b. +/- 4.15 % || Macs30 ave= 5.40E-02 b. +/- 0.48 % || Gn^0(l=0) ave= 1.158E-01 +/- 13.98 % Gn^0(l=1) ave= 0.000E+00 +/- 0.00 % Gn^0(l=2) ave= 0.000E+00 +/- 0.00 % Gn^0(l=3) ave= 0.000E+00 +/- 0.00 % || Gtotal(l=0) ave= 1.459E+01 +/- 16.52 % Gtotal(l=1) ave= 0.000E+00 +/- 0.00 % Gtotal(l=2) ave= 0.000E+00 +/- 0.00 % Gtotal(l=3) ave= 0.000E+00 +/- 0.00 %  % || Gg(l=0) ave= 2.703E-01 +/- 1.15 % Gg(l=1) ave= 0.000E+00 +/- 0.00 % Gg(l=2) ave= 0.000E+00 +/- 0.00 % Gg(l=3) ave= 0.000E+00 +/- 0.00 %  % || D(l=0) ave= 8.733E+02 +/- 1.54 % D(l=1) ave= 0.000E+00 +/- 0.00 % D(l=2) ave= 0.000E+00 +/- 0.00 % D(l=3) ave= 0.000E+00 +/- 0.00 %  % || S(l=0) ave= 1.369E-04 +/- 14.81 % S(l=1) ave= 0.000E+00 +/- 0.00 % S(l=2) ave= 0.000E+00 +/- 0.00 % S(l=3) ave= 0.000E+00 +/- 0.00 % 
 ... random file  294 Cap(th)  ave= 1.041E+00 b. +/- 6.61 % || Ela(th) ave= 4.059E+00 b. +/- 7.62 % || RIcap ave= 5.01E+00 b. +/- 4.14 % || Macs30 ave= 5.40E-02 b. +/- 0.48 % || Gn^0(l=0) ave= 1.158E-01 +/- 13.97 % Gn^0(l=1) ave= 0.000E+00 +/- 0.00 % Gn^0(l=2) ave= 0.000E+00 +/- 0.00 % Gn^0(l=3) ave= 0.000E+00 +/- 0.00 % || Gtotal(l=0) ave= 1.459E+01 +/- 16.52 % Gtotal(l=1) ave= 0.000E+00 +/- 0.00 % Gtotal(l=2) ave= 0.000E+00 +/- 0.00 % Gtotal(l=3) ave= 0.000E+00 +/- 0.00 %  % || Gg(l=0) ave= 2.703E-01 +/- 1.15 % Gg(l=1) ave= 0.000E+00 +/- 0.00 % Gg(l=2) ave= 0.000E+00 +/- 0.00 % Gg(l=3) ave= 0.000E+00 +/- 0.00 %  % || D(l=0) ave= 8.733E+02 +/- 1.54 % D(l=1) ave= 0.000E+00 +/- 0.00 % D(l=2) ave= 0.000E+00 +/- 0.00 % D(l=3) ave= 0.000E+00 +/- 0.00 %  % || S(l=0) ave= 1.369E-04 +/- 14.81 % S(l=1) ave= 0.000E+00 +/- 0.00 % S(l=2) ave= 0.000E+00 +/- 0.00 % S(l=3) ave= 0.000E+00 +/- 0.00 % 
 ... random file  295 Cap(th)  ave= 1.041E+00 b. +/- 6.60 % || Ela(th) ave= 4.061E+00 b. +/- 7.65 % || RIcap ave= 5.01E+00 b. +/- 4.13 % || Macs30 ave= 5.40E-02 b. +/- 0.48 % || Gn^0(l=0) ave= 1.158E-01 +/- 13.95 % Gn^0(l=1) ave= 0.000E+00 +/- 0.00 % Gn^0(l=2) ave= 0.000E+00 +/- 0.00 % Gn^0(l=3) ave= 0.000E+00 +/- 0.00 % || Gtotal(l=0) ave= 1.459E+01 +/- 16.49 % Gtotal(l=1) ave= 0.000E+00 +/- 0.00 % Gtotal(l=2) ave= 0.000E+00 +/- 0.00 % Gtotal(l=3) ave= 0.000E+00 +/- 0.00 %  % || Gg(l=0) ave= 2.703E-01 +/- 1.14 % Gg(l=1) ave= 0.000E+00 +/- 0.00 % Gg(l=2) ave= 0.000E+00 +/- 0.00 % Gg(l=3) ave= 0.000E+00 +/- 0.00 %  % || D(l=0) ave= 8.733E+02 +/- 1.54 % D(l=1) ave= 0.000E+00 +/- 0.00 % D(l=2) ave= 0.000E+00 +/- 0.00 % D(l=3) ave= 0.000E+00 +/- 0.00 %  % || S(l=0) ave= 1.369E-04 +/- 14.78 % S(l=1) ave= 0.000E+00 +/- 0.00 % S(l=2) ave= 0.000E+00 +/- 0.00 % S(l=3) ave= 0.000E+00 +/- 0.00 % 
 ... random file  296 Cap(th)  ave= 1.041E+00 b. +/- 6.59 % || Ela(th) ave= 4.060E+00 b. +/- 7.68 % || RIcap ave= 5.01E+00 b. +/- 4.13 % || Macs30 ave= 5.40E-02 b. +/- 0.48 % || Gn^0(l=0) ave= 1.158E-01 +/- 13.94 % Gn^0(l=1) ave= 0.000E+00 +/- 0.00 % Gn^0(l=2) ave= 0.000E+00 +/- 0.00 % Gn^0(l=3) ave= 0.000E+00 +/- 0.00 % || Gtotal(l=0) ave= 1.458E+01 +/- 16.49 % Gtotal(l=1) ave= 0.000E+00 +/- 0.00 % Gtotal(l=2) ave= 0.000E+00 +/- 0.00 % Gtotal(l=3) ave= 0.000E+00 +/- 0.00 %  % || Gg(l=0) ave= 2.703E-01 +/- 1.14 % Gg(l=1) ave= 0.000E+00 +/- 0.00 % Gg(l=2) ave= 0.000E+00 +/- 0.00 % Gg(l=3) ave= 0.000E+00 +/- 0.00 %  % || D(l=0) ave= 8.733E+02 +/- 1.54 % D(l=1) ave= 0.000E+00 +/- 0.00 % D(l=2) ave= 0.000E+00 +/- 0.00 % D(l=3) ave= 0.000E+00 +/- 0.00 %  % || S(l=0) ave= 1.368E-04 +/- 14.78 % S(l=1) ave= 0.000E+00 +/- 0.00 % S(l=2) ave= 0.000E+00 +/- 0.00 % S(l=3) ave= 0.000E+00 +/- 0.00 % 
 ... random file  297 Cap(th)  ave= 1.041E+00 b. +/- 6.58 % || Ela(th) ave= 4.060E+00 b. +/- 7.67 % || RIcap ave= 5.01E+00 b. +/- 4.12 % || Macs30 ave= 5.40E-02 b. +/- 0.48 % || Gn^0(l=0) ave= 1.157E-01 +/- 13.99 % Gn^0(l=1) ave= 0.000E+00 +/- 0.00 % Gn^0(l=2) ave= 0.000E+00 +/- 0.00 % Gn^0(l=3) ave= 0.000E+00 +/- 0.00 % || Gtotal(l=0) ave= 1.457E+01 +/- 16.52 % Gtotal(l=1) ave= 0.000E+00 +/- 0.00 % Gtotal(l=2) ave= 0.000E+00 +/- 0.00 % Gtotal(l=3) ave= 0.000E+00 +/- 0.00 %  % || Gg(l=0) ave= 2.703E-01 +/- 1.14 % Gg(l=1) ave= 0.000E+00 +/- 0.00 % Gg(l=2) ave= 0.000E+00 +/- 0.00 % Gg(l=3) ave= 0.000E+00 +/- 0.00 %  % || D(l=0) ave= 8.733E+02 +/- 1.54 % D(l=1) ave= 0.000E+00 +/- 0.00 % D(l=2) ave= 0.000E+00 +/- 0.00 % D(l=3) ave= 0.000E+00 +/- 0.00 %  % || S(l=0) ave= 1.367E-04 +/- 14.82 % S(l=1) ave= 0.000E+00 +/- 0.00 % S(l=2) ave= 0.000E+00 +/- 0.00 % S(l=3) ave= 0.000E+00 +/- 0.00 % 
 ... random file  298 Cap(th)  ave= 1.041E+00 b. +/- 6.57 % || Ela(th) ave= 4.060E+00 b. +/- 7.66 % || RIcap ave= 5.01E+00 b. +/- 4.12 % || Macs30 ave= 5.40E-02 b. +/- 0.48 % || Gn^0(l=0) ave= 1.157E-01 +/- 13.98 % Gn^0(l=1) ave= 0.000E+00 +/- 0.00 % Gn^0(l=2) ave= 0.000E+00 +/- 0.00 % Gn^0(l=3) ave= 0.000E+00 +/- 0.00 % || Gtotal(l=0) ave= 1.458E+01 +/- 16.50 % Gtotal(l=1) ave= 0.000E+00 +/- 0.00 % Gtotal(l=2) ave= 0.000E+00 +/- 0.00 % Gtotal(l=3) ave= 0.000E+00 +/- 0.00 %  % || Gg(l=0) ave= 2.703E-01 +/- 1.14 % Gg(l=1) ave= 0.000E+00 +/- 0.00 % Gg(l=2) ave= 0.000E+00 +/- 0.00 % Gg(l=3) ave= 0.000E+00 +/- 0.00 %  % || D(l=0) ave= 8.732E+02 +/- 1.54 % D(l=1) ave= 0.000E+00 +/- 0.00 % D(l=2) ave= 0.000E+00 +/- 0.00 % D(l=3) ave= 0.000E+00 +/- 0.00 %  % || S(l=0) ave= 1.368E-04 +/- 14.81 % S(l=1) ave= 0.000E+00 +/- 0.00 % S(l=2) ave= 0.000E+00 +/- 0.00 % S(l=3) ave= 0.000E+00 +/- 0.00 % 
 ... random file  299 Cap(th)  ave= 1.041E+00 b. +/- 6.56 % || Ela(th) ave= 4.059E+00 b. +/- 7.66 % || RIcap ave= 5.01E+00 b. +/- 4.11 % || Macs30 ave= 5.40E-02 b. +/- 0.48 % || Gn^0(l=0) ave= 1.157E-01 +/- 13.97 % Gn^0(l=1) ave= 0.000E+00 +/- 0.00 % Gn^0(l=2) ave= 0.000E+00 +/- 0.00 % Gn^0(l=3) ave= 0.000E+00 +/- 0.00 % || Gtotal(l=0) ave= 1.457E+01 +/- 16.49 % Gtotal(l=1) ave= 0.000E+00 +/- 0.00 % Gtotal(l=2) ave= 0.000E+00 +/- 0.00 % Gtotal(l=3) ave= 0.000E+00 +/- 0.00 %  % || Gg(l=0) ave= 2.703E-01 +/- 1.14 % Gg(l=1) ave= 0.000E+00 +/- 0.00 % Gg(l=2) ave= 0.000E+00 +/- 0.00 % Gg(l=3) ave= 0.000E+00 +/- 0.00 %  % || D(l=0) ave= 8.733E+02 +/- 1.54 % D(l=1) ave= 0.000E+00 +/- 0.00 % D(l=2) ave= 0.000E+00 +/- 0.00 % D(l=3) ave= 0.000E+00 +/- 0.00 %  % || S(l=0) ave= 1.367E-04 +/- 14.80 % S(l=1) ave= 0.000E+00 +/- 0.00 % S(l=2) ave= 0.000E+00 +/- 0.00 % S(l=3) ave= 0.000E+00 +/- 0.00 % 
 ... random file  300 Cap(th)  ave= 1.041E+00 b. +/- 6.56 % || Ela(th) ave= 4.060E+00 b. +/- 7.65 % || RIcap ave= 5.01E+00 b. +/- 4.11 % || Macs30 ave= 5.40E-02 b. +/- 0.48 % || Gn^0(l=0) ave= 1.157E-01 +/- 13.94 % Gn^0(l=1) ave= 0.000E+00 +/- 0.00 % Gn^0(l=2) ave= 0.000E+00 +/- 0.00 % Gn^0(l=3) ave= 0.000E+00 +/- 0.00 % || Gtotal(l=0) ave= 1.457E+01 +/- 16.47 % Gtotal(l=1) ave= 0.000E+00 +/- 0.00 % Gtotal(l=2) ave= 0.000E+00 +/- 0.00 % Gtotal(l=3) ave= 0.000E+00 +/- 0.00 %  % || Gg(l=0) ave= 2.703E-01 +/- 1.14 % Gg(l=1) ave= 0.000E+00 +/- 0.00 % Gg(l=2) ave= 0.000E+00 +/- 0.00 % Gg(l=3) ave= 0.000E+00 +/- 0.00 %  % || D(l=0) ave= 8.733E+02 +/- 1.54 % D(l=1) ave= 0.000E+00 +/- 0.00 % D(l=2) ave= 0.000E+00 +/- 0.00 % D(l=3) ave= 0.000E+00 +/- 0.00 %  % || S(l=0) ave= 1.367E-04 +/- 14.77 % S(l=1) ave= 0.000E+00 +/- 0.00 % S(l=2) ave= 0.000E+00 +/- 0.00 % S(l=3) ave= 0.000E+00 +/- 0.00 % 
 ... Histogram plot for thermal (n,g)
 ... Write covariances  ... MT1  ... plot correlations
 ... MT2  ... MT102 


 ================================================
 ============== From 300 random values === start ======
 Thermal (n,tot) xs  0 K =  5.10129 b. +/- 0.308144 b. ( 6.0405 %) skew= +0.25 +/- 0.14
 Thermal (n,el) xs   0 K =  4.06025 b. +/- 0.310741 b. ( 7.65325 %) skew= +0.17 +/- 0.14
 Thermal (n,g) xs    0 K =  1.04105 b. +/- 0.0683299 b. ( 6.56358 %) skew= -0.02 +/- 0.14
 RI      (n,g)       0 K =  5.01445 b. +/- 0.206081 b. ( 4.10975 %) 
 MACS    (n,g)       0 K (at Emacs= 30000 eV) =  0.0539847 b. +/- 0.000261117 b. ( 0.483687 %) 
 Ave. Gtotal  L=0        =  1.457E+01 +/- 16.47 %
 Ave. Gn^(0)  L=0        =  1.157E-01 +/- 13.94 %
 Ave. Gg      L=0        =  2.703E-01 +/- 1.14 %
 Ave. D       L=0        =  8.733E+02 +/- 1.54 %
 Ave. S       L=0        =  1.367E-04 +/- 14.77 %

 Expected Thermal (n,g) (syst or meas)= 1.04 b. +/- 0.07 b. nominal: 1.04303 b.
 ratio Calculated/expected thermal (n,g): 1.00 ratio DCalculated/Dexpected: 0.98 ratio Calculated/Nominal: 1.00
 ============== From 300 random values ===== stop ======
 ================================================
 ... Calculation of (n,a) and (n,p) cross sections at 300 K
 ... thermal (n,a) cross section is 0.00337137 +/- 0.00168568 b.
 ... thermal (n,a) cross section is 0.00290193 b. (random case 1)
 ... thermal (n,a) cross section is 0.0037452 b. (random case 2)
 ... thermal (n,a) cross section is 0.00575329 b. (random case 3)
 ... thermal (n,a) cross section is 0.00232371 b. (random case 4)
 ... thermal (n,a) cross section is 0.00499557 b. (random case 5)
 ... thermal (n,a) cross section is 0.00356282 b. (random case 6)
 ... thermal (n,a) cross section is 0.00481048 b. (random case 7)
 ... thermal (n,a) cross section is 0.00633549 b. (random case 8)
 ... thermal (n,a) cross section is 0.00233011 b. (random case 9)
 ... thermal (n,a) cross section is 0.00238731 b. (random case 10)
 ... thermal (n,a) cross section is 0.0049378 b. (random case 11)
 ... thermal (n,a) cross section is 0.00711676 b. (random case 12)
 ... thermal (n,a) cross section is 0.00389664 b. (random case 13)
 ... thermal (n,a) cross section is 0.00424269 b. (random case 14)
 ... thermal (n,a) cross section is 0.00498107 b. (random case 15)
 ... thermal (n,a) cross section is 0.00153375 b. (random case 16)
 ... thermal (n,a) cross section is 0.00576024 b. (random case 17)
 ... thermal (n,a) cross section is 0.0055069 b. (random case 18)
 ... thermal (n,a) cross section is 0.00260035 b. (random case 19)
 ... thermal (n,a) cross section is 0.00390287 b. (random case 20)
 ... thermal (n,a) cross section is 0.00550712 b. (random case 21)
 ... thermal (n,a) cross section is 0.00167338 b. (random case 22)
 ... thermal (n,a) cross section is 0.00516003 b. (random case 23)
 ... thermal (n,a) cross section is 0.0017195 b. (random case 24)
 ... thermal (n,a) cross section is 0.00122946 b. (random case 25)
 ... thermal (n,a) cross section is 0.00242721 b. (random case 26)
 ... thermal (n,a) cross section is 0.00263464 b. (random case 27)
 ... thermal (n,a) cross section is 0.00520345 b. (random case 28)
 ... thermal (n,a) cross section is 0.00400577 b. (random case 29)
 ... thermal (n,a) cross section is 0.00358527 b. (random case 30)
 ... thermal (n,a) cross section is 0.0024043 b. (random case 31)
 ... thermal (n,a) cross section is 0.00665222 b. (random case 32)
 ... thermal (n,a) cross section is 0.00322574 b. (random case 33)
 ... thermal (n,a) cross section is 0.00557058 b. (random case 34)
 ... thermal (n,a) cross section is 0.00134805 b. (random case 35)
 ... thermal (n,a) cross section is 0.00417973 b. (random case 36)
 ... thermal (n,a) cross section is 0.00507376 b. (random case 37)
 ... thermal (n,a) cross section is 0.00324037 b. (random case 38)
 ... thermal (n,a) cross section is 0.00414387 b. (random case 39)
 ... thermal (n,a) cross section is 0.00435411 b. (random case 40)
 ... thermal (n,a) cross section is 0.00410691 b. (random case 41)
 ... thermal (n,a) cross section is 0.00444038 b. (random case 42)
 ... thermal (n,a) cross section is 0.00665276 b. (random case 43)
 ... thermal (n,a) cross section is 0.00285709 b. (random case 44)
 ... thermal (n,a) cross section is 0.00180658 b. (random case 45)
 ... thermal (n,a) cross section is 0.00129528 b. (random case 46)
 ... thermal (n,a) cross section is 0.00295088 b. (random case 47)
 ... thermal (n,a) cross section is 0.00243191 b. (random case 48)
 ... thermal (n,a) cross section is 0.000480529 b. (random case 49)
 ... thermal (n,a) cross section is 0.00292475 b. (random case 50)
 ... thermal (n,a) cross section is 0.00417535 b. (random case 51)
 ... thermal (n,a) cross section is 0.00306221 b. (random case 52)
 ... thermal (n,a) cross section is 0.00404685 b. (random case 53)
 ... thermal (n,a) cross section is 0.00305761 b. (random case 54)
 ... thermal (n,a) cross section is 0.00698128 b. (random case 55)
 ... thermal (n,a) cross section is 0.00339687 b. (random case 56)
 ... thermal (n,a) cross section is 0.00272489 b. (random case 57)
 ... thermal (n,a) cross section is 0.00631866 b. (random case 58)
 ... thermal (n,a) cross section is 0.00446657 b. (random case 59)
 ... thermal (n,a) cross section is 0.00349831 b. (random case 60)
 ... thermal (n,a) cross section is 0.00119582 b. (random case 61)
 ... thermal (n,a) cross section is 0.00538165 b. (random case 62)
 ... thermal (n,a) cross section is 0.00222653 b. (random case 63)
 ... thermal (n,a) cross section is 0.00147608 b. (random case 64)
 ... thermal (n,a) cross section is 0.000943889 b. (random case 65)
 ... thermal (n,a) cross section is 0.00499147 b. (random case 66)
 ... thermal (n,a) cross section is 0.00448282 b. (random case 67)
 ... thermal (n,a) cross section is 0.0039396 b. (random case 68)
 ... thermal (n,a) cross section is 0.00530775 b. (random case 69)
 ... thermal (n,a) cross section is 0.00362978 b. (random case 70)
 ... thermal (n,a) cross section is 0.00378165 b. (random case 71)
 ... thermal (n,a) cross section is 0.00362888 b. (random case 72)
 ... thermal (n,a) cross section is 0.00376766 b. (random case 73)
 ... thermal (n,a) cross section is 0.003095 b. (random case 74)
 ... thermal (n,a) cross section is 0.00308134 b. (random case 75)
 ... thermal (n,a) cross section is 0.00302704 b. (random case 76)
 ... thermal (n,a) cross section is 0.00289112 b. (random case 77)
 ... thermal (n,a) cross section is 0.00296749 b. (random case 78)
 ... thermal (n,a) cross section is 0.00208667 b. (random case 79)
 ... thermal (n,a) cross section is 0.000953804 b. (random case 80)
 ... thermal (n,a) cross section is 0.00503694 b. (random case 81)
 ... thermal (n,a) cross section is 0.005284 b. (random case 82)
 ... thermal (n,a) cross section is 0.0032996 b. (random case 83)
 ... thermal (n,a) cross section is 0.000429051 b. (random case 84)
 ... thermal (n,a) cross section is 0.00370279 b. (random case 85)
 ... thermal (n,a) cross section is 0.00393917 b. (random case 86)
 ... thermal (n,a) cross section is 0.00418687 b. (random case 87)
 ... thermal (n,a) cross section is 0.00262608 b. (random case 88)
 ... thermal (n,a) cross section is 0.00378579 b. (random case 89)
 ... thermal (n,a) cross section is 0.0040241 b. (random case 90)
 ... thermal (n,a) cross section is 0.00461364 b. (random case 91)
 ... thermal (n,a) cross section is 0.00607224 b. (random case 92)
 ... thermal (n,a) cross section is 0.00340608 b. (random case 93)
 ... thermal (n,a) cross section is 0.00274394 b. (random case 94)
 ... thermal (n,a) cross section is 0.00240752 b. (random case 95)
 ... thermal (n,a) cross section is 0.00101695 b. (random case 96)
 ... thermal (n,a) cross section is 0.00301053 b. (random case 97)
 ... thermal (n,a) cross section is 0.00517213 b. (random case 98)
 ... thermal (n,a) cross section is 0.00372977 b. (random case 99)
 ... thermal (n,a) cross section is 0.00476409 b. (random case 100)
 ... thermal (n,a) cross section is 0.00359146 b. (random case 101)
 ... thermal (n,a) cross section is 0.00256144 b. (random case 102)
 ... thermal (n,a) cross section is 0.00530176 b. (random case 103)
 ... thermal (n,a) cross section is 0.00338809 b. (random case 104)
 ... thermal (n,a) cross section is 0.00178359 b. (random case 105)
 ... thermal (n,a) cross section is 0.00260477 b. (random case 106)
 ... thermal (n,a) cross section is 0.00290123 b. (random case 107)
 ... thermal (n,a) cross section is 0.00292423 b. (random case 108)
 ... thermal (n,a) cross section is 0.00325574 b. (random case 109)
 ... thermal (n,a) cross section is 0.00320898 b. (random case 110)
 ... thermal (n,a) cross section is 0.00496085 b. (random case 111)
 ... thermal (n,a) cross section is 0.00349673 b. (random case 112)
 ... thermal (n,a) cross section is 0.00652087 b. (random case 113)
 ... thermal (n,a) cross section is 0.00405637 b. (random case 114)
 ... thermal (n,a) cross section is 0.00314005 b. (random case 115)
 ... thermal (n,a) cross section is 0.00197517 b. (random case 116)
 ... thermal (n,a) cross section is 0.00495237 b. (random case 117)
 ... thermal (n,a) cross section is 0.00236682 b. (random case 118)
 ... thermal (n,a) cross section is 0.00290415 b. (random case 119)
 ... thermal (n,a) cross section is 0.00205713 b. (random case 120)
 ... thermal (n,a) cross section is 0.000971397 b. (random case 121)
 ... thermal (n,a) cross section is 0.00497388 b. (random case 122)
 ... thermal (n,a) cross section is 0.000788626 b. (random case 123)
 ... thermal (n,a) cross section is 0.00201567 b. (random case 124)
 ... thermal (n,a) cross section is 0.00371064 b. (random case 125)
 ... thermal (n,a) cross section is 0.00656387 b. (random case 126)
 ... thermal (n,a) cross section is 0.00442072 b. (random case 127)
 ... thermal (n,a) cross section is 0.00254301 b. (random case 128)
 ... thermal (n,a) cross section is 0.0045868 b. (random case 129)
 ... thermal (n,a) cross section is 0.0026177 b. (random case 130)
 ... thermal (n,a) cross section is 0.00247061 b. (random case 131)
 ... thermal (n,a) cross section is 0.0051549 b. (random case 132)
 ... thermal (n,a) cross section is 0.00461638 b. (random case 133)
 ... thermal (n,a) cross section is 0.000303766 b. (random case 134)
 ... thermal (n,a) cross section is 0.00262412 b. (random case 135)
 ... thermal (n,a) cross section is 0.00260314 b. (random case 136)
 ... thermal (n,a) cross section is 0.00467834 b. (random case 137)
 ... thermal (n,a) cross section is 0.00336489 b. (random case 138)
 ... thermal (n,a) cross section is 0.00597223 b. (random case 139)
 ... thermal (n,a) cross section is 0.00454121 b. (random case 140)
 ... thermal (n,a) cross section is 0.000610357 b. (random case 141)
 ... thermal (n,a) cross section is 0.0009054 b. (random case 142)
 ... thermal (n,a) cross section is 0.00374903 b. (random case 143)
 ... thermal (n,a) cross section is 0.0038851 b. (random case 144)
 ... thermal (n,a) cross section is 0.00235907 b. (random case 145)
 ... thermal (n,a) cross section is 0.00562585 b. (random case 146)
 ... thermal (n,a) cross section is 0.00374012 b. (random case 147)
 ... thermal (n,a) cross section is 0.00343039 b. (random case 148)
 ... thermal (n,a) cross section is 0.00291935 b. (random case 149)
 ... thermal (n,a) cross section is 0.00181315 b. (random case 150)
 ... thermal (n,a) cross section is 0.00348583 b. (random case 151)
 ... thermal (n,a) cross section is 0.00253639 b. (random case 152)
 ... thermal (n,a) cross section is 0.00282101 b. (random case 153)
 ... thermal (n,a) cross section is 0.00308133 b. (random case 154)
 ... thermal (n,a) cross section is 0.00512095 b. (random case 155)
 ... thermal (n,a) cross section is 0.00186989 b. (random case 156)
 ... thermal (n,a) cross section is 0.00671595 b. (random case 157)
 ... thermal (n,a) cross section is 0.00137226 b. (random case 158)
 ... thermal (n,a) cross section is 0.0042799 b. (random case 159)
 ... thermal (n,a) cross section is 0.00323052 b. (random case 160)
 ... thermal (n,a) cross section is 0.00504081 b. (random case 161)
 ... thermal (n,a) cross section is 0.00309868 b. (random case 162)
 ... thermal (n,a) cross section is 0.00581418 b. (random case 163)
 ... thermal (n,a) cross section is 0.00213136 b. (random case 164)
 ... thermal (n,a) cross section is 0.00433756 b. (random case 165)
 ... thermal (n,a) cross section is 0.0049437 b. (random case 166)
 ... thermal (n,a) cross section is 0.00269666 b. (random case 167)
 ... thermal (n,a) cross section is 0.0025306 b. (random case 168)
 ... thermal (n,a) cross section is 0.0042718 b. (random case 169)
 ... thermal (n,a) cross section is 0.00206858 b. (random case 170)
 ... thermal (n,a) cross section is 0.00309591 b. (random case 171)
 ... thermal (n,a) cross section is 0.00307504 b. (random case 172)
 ... thermal (n,a) cross section is 0.00371497 b. (random case 173)
 ... thermal (n,a) cross section is 0.00269283 b. (random case 174)
 ... thermal (n,a) cross section is 0.00211272 b. (random case 175)
 ... thermal (n,a) cross section is 0.00434594 b. (random case 176)
 ... thermal (n,a) cross section is 0.00277942 b. (random case 177)
 ... thermal (n,a) cross section is 0.000645328 b. (random case 178)
 ... thermal (n,a) cross section is 0.00179444 b. (random case 179)
 ... thermal (n,a) cross section is 0.00728013 b. (random case 180)
 ... thermal (n,a) cross section is 0.00288373 b. (random case 181)
 ... thermal (n,a) cross section is 0.00397861 b. (random case 182)
 ... thermal (n,a) cross section is 0.00238348 b. (random case 183)
 ... thermal (n,a) cross section is 0.002926 b. (random case 184)
 ... thermal (n,a) cross section is 0.00620766 b. (random case 185)
 ... thermal (n,a) cross section is 0.0041164 b. (random case 186)
 ... thermal (n,a) cross section is 0.00591733 b. (random case 187)
 ... thermal (n,a) cross section is 0.00337312 b. (random case 188)
 ... thermal (n,a) cross section is 0.000901788 b. (random case 189)
 ... thermal (n,a) cross section is 0.00440786 b. (random case 190)
 ... thermal (n,a) cross section is 0.0017001 b. (random case 191)
 ... thermal (n,a) cross section is 9.19322e-05 b. (random case 192)
 ... thermal (n,a) cross section is 0.00682003 b. (random case 193)
 ... thermal (n,a) cross section is 0.00404209 b. (random case 194)
 ... thermal (n,a) cross section is 0.000915714 b. (random case 195)
 ... thermal (n,a) cross section is 0.00368836 b. (random case 196)
 ... thermal (n,a) cross section is 0.00101863 b. (random case 197)
 ... thermal (n,a) cross section is 0.0027152 b. (random case 198)
 ... thermal (n,a) cross section is 0.00265064 b. (random case 199)
 ... thermal (n,a) cross section is 0.00228244 b. (random case 200)
 ... thermal (n,a) cross section is 0.00554739 b. (random case 201)
 ... thermal (n,a) cross section is 0.00156949 b. (random case 202)
 ... thermal (n,a) cross section is 0.00531498 b. (random case 203)
 ... thermal (n,a) cross section is 0.00333451 b. (random case 204)
 ... thermal (n,a) cross section is 0.00361926 b. (random case 205)
 ... thermal (n,a) cross section is 0.00271694 b. (random case 206)
 ... thermal (n,a) cross section is 0.0032713 b. (random case 207)
 ... thermal (n,a) cross section is 0.00116956 b. (random case 208)
 ... thermal (n,a) cross section is 0.00291232 b. (random case 209)
 ... thermal (n,a) cross section is 0.00370972 b. (random case 210)
 ... thermal (n,a) cross section is 0.00441185 b. (random case 211)
 ... thermal (n,a) cross section is 0.00443559 b. (random case 212)
 ... thermal (n,a) cross section is 0.000415824 b. (random case 213)
 ... thermal (n,a) cross section is 0.00166081 b. (random case 214)
 ... thermal (n,a) cross section is 0.00259126 b. (random case 215)
 ... thermal (n,a) cross section is 0.0046276 b. (random case 216)
 ... thermal (n,a) cross section is 0.0041825 b. (random case 217)
 ... thermal (n,a) cross section is 0.00593492 b. (random case 218)
 ... thermal (n,a) cross section is 0.00545592 b. (random case 219)
 ... thermal (n,a) cross section is 0.00218672 b. (random case 220)
 ... thermal (n,a) cross section is 0.00389496 b. (random case 221)
 ... thermal (n,a) cross section is 0.00489054 b. (random case 222)
 ... thermal (n,a) cross section is 0.00416976 b. (random case 223)
 ... thermal (n,a) cross section is 0.004378 b. (random case 224)
 ... thermal (n,a) cross section is 0.000654935 b. (random case 225)
 ... thermal (n,a) cross section is 0.00305494 b. (random case 226)
 ... thermal (n,a) cross section is 0.00221518 b. (random case 227)
 ... thermal (n,a) cross section is 0.00165173 b. (random case 228)
 ... thermal (n,a) cross section is 0.00268687 b. (random case 229)
 ... thermal (n,a) cross section is 0.00486442 b. (random case 230)
 ... thermal (n,a) cross section is 0.00417467 b. (random case 231)
 ... thermal (n,a) cross section is 0.00166559 b. (random case 232)
 ... thermal (n,a) cross section is 0.00287725 b. (random case 233)
 ... thermal (n,a) cross section is 0.00516645 b. (random case 234)
 ... thermal (n,a) cross section is 0.00273163 b. (random case 235)
 ... thermal (n,a) cross section is 0.000535179 b. (random case 236)
 ... thermal (n,a) cross section is 0.0047092 b. (random case 237)
 ... thermal (n,a) cross section is 0.00610434 b. (random case 238)
 ... thermal (n,a) cross section is 0.00387384 b. (random case 239)
 ... thermal (n,a) cross section is 0.0051769 b. (random case 240)
 ... thermal (n,a) cross section is 0.00341351 b. (random case 241)
 ... thermal (n,a) cross section is 0.00292825 b. (random case 242)
 ... thermal (n,a) cross section is 0.00450347 b. (random case 243)
 ... thermal (n,a) cross section is 0.00144888 b. (random case 244)
 ... thermal (n,a) cross section is 0.00417992 b. (random case 245)
 ... thermal (n,a) cross section is 0.0033335 b. (random case 246)
 ... thermal (n,a) cross section is 0.00628999 b. (random case 247)
 ... thermal (n,a) cross section is 0.00552873 b. (random case 248)
 ... thermal (n,a) cross section is 0.00686837 b. (random case 249)
 ... thermal (n,a) cross section is 0.00332955 b. (random case 250)
 ... thermal (n,a) cross section is 0.00184023 b. (random case 251)
 ... thermal (n,a) cross section is 0.00427393 b. (random case 252)
 ... thermal (n,a) cross section is 0.00194639 b. (random case 253)
 ... thermal (n,a) cross section is 0.00539227 b. (random case 254)
 ... thermal (n,a) cross section is 0.0015435 b. (random case 255)
 ... thermal (n,a) cross section is 0.00675571 b. (random case 256)
 ... thermal (n,a) cross section is 0.00526828 b. (random case 257)
 ... thermal (n,a) cross section is 0.00444306 b. (random case 258)
 ... thermal (n,a) cross section is 0.003818 b. (random case 259)
 ... thermal (n,a) cross section is 0.00390467 b. (random case 260)
 ... thermal (n,a) cross section is 0.00385364 b. (random case 261)
 ... thermal (n,a) cross section is 0.00149523 b. (random case 262)
 ... thermal (n,a) cross section is 0.000960387 b. (random case 263)
 ... thermal (n,a) cross section is 0.00238021 b. (random case 264)
 ... thermal (n,a) cross section is 0.0034342 b. (random case 265)
 ... thermal (n,a) cross section is 0.00403851 b. (random case 266)
 ... thermal (n,a) cross section is 0.000631955 b. (random case 267)
 ... thermal (n,a) cross section is 0.00388119 b. (random case 268)
 ... thermal (n,a) cross section is 0.00464248 b. (random case 269)
 ... thermal (n,a) cross section is 0.00543675 b. (random case 270)
 ... thermal (n,a) cross section is 0.00505474 b. (random case 271)
 ... thermal (n,a) cross section is 0.00313543 b. (random case 272)
 ... thermal (n,a) cross section is 0.00493347 b. (random case 273)
 ... thermal (n,a) cross section is 0.00551136 b. (random case 274)
 ... thermal (n,a) cross section is 0.00355576 b. (random case 275)
 ... thermal (n,a) cross section is 0.003498 b. (random case 276)
 ... thermal (n,a) cross section is 0.00471956 b. (random case 277)
 ... thermal (n,a) cross section is 0.00532459 b. (random case 278)
 ... thermal (n,a) cross section is 0.00204828 b. (random case 279)
 ... thermal (n,a) cross section is 0.00444165 b. (random case 280)
 ... thermal (n,a) cross section is 0.00437623 b. (random case 281)
 ... thermal (n,a) cross section is 0.00382738 b. (random case 282)
 ... thermal (n,a) cross section is 0.0039894 b. (random case 283)
 ... thermal (n,a) cross section is 0.00198211 b. (random case 284)
 ... thermal (n,a) cross section is 0.00521704 b. (random case 285)
 ... thermal (n,a) cross section is 0.000764362 b. (random case 286)
 ... thermal (n,a) cross section is 0.00386664 b. (random case 287)
 ... thermal (n,a) cross section is 0.005126 b. (random case 288)
 ... thermal (n,a) cross section is 0.00630552 b. (random case 289)
 ... thermal (n,a) cross section is 0.00199771 b. (random case 290)
 ... thermal (n,a) cross section is 0.00120365 b. (random case 291)
 ... thermal (n,a) cross section is 0.0012624 b. (random case 292)
 ... thermal (n,a) cross section is 0.00487954 b. (random case 293)
 ... thermal (n,a) cross section is 0.00319794 b. (random case 294)
 ... thermal (n,a) cross section is 0.00346834 b. (random case 295)
 ... thermal (n,a) cross section is 0.000734542 b. (random case 296)
 ... thermal (n,a) cross section is 0.000860212 b. (random case 297)
 ... thermal (n,a) cross section is 0.00341342 b. (random case 298)
 ... thermal (n,a) cross section is 0.00169835 b. (random case 299)
 ... thermal (n,a) cross section is 0.00386645 b. (random case 300)
 ... (n,p) Q-value negative for this element
 ... Rewrite index for MF2
 ... Write text for MF1 in file mf1.tares.txt
 ... plotting cross sections for the MF1
 ... order output files


================== summary ==================
 Thermal (n,tot) xs = 5.0694 b. 
 Thermal (n,el)  xs = 4.023 b. 
 Thermal (n,g)   xs = 1.04303 b. (meas/sys: 1.04 b.)

 RI      (n,g)      = 5.0155 b. (meas or sys: 4.8 b.)
 RI      (n,el)     = 124.805 b.
=============================================


 ... cleaning
                                                 
  -------------------------------------------------------------
  -                                                           -
  - TARES: successful end of run with data from the database  -
  -             for Z= 38,  A= 86 and isomer= 0               -
  -                                                           -
  -------------------------------------------------------------

   Running time:       201 seconds

 End time: Fri Oct  9 10:52:18 2026

