
  -------------------------------------------------------------
  -                                                           -
  -              Welcome to TARES version 1.8                 -
  -                                                           -
  -  (C) Copyright 2007-2025 D. Rochman, All Rights Reserved  -
  -           NRG, Petten, the Netherlands 2007-2014          -
  -           PSI, Villigen    Switzerland 2015-2025          -
  -         Nagra, Wettingen   Switzerland 2025-              -
  -           (Last Modified October 06, 2026)                -
  -           (Database from October 06, 2026)                -
  -                                                           -
  -------------------------------------------------------------


  ---------------------------------------------
   Compilation information:
   Compiled on:         Oct  8 2026, 18:36:06
   Compiled by:         koning
   Compiler version:    clang++ - 21.0.0
   Source location:     /Users/koning/tares-1.8/source/Module/
   Binaries location:   /Users/koning/bin
   System:              Darwin 25.6.0
   System version:      Darwin Kernel Version 25.6.0: Fri Jul 31 19:19:08 PDT 2026; root:xnu-12377.161.14~5/RELEASE_ARM64_T6050  
   Machine:             arm64 
  ---------------------------------------------

   User information:
   User name:           koning
   Running directory:   /Users/koning/tendl/resbase/Mo098/work
   Owner mode for running directory : rwx
   Group mode for running directory : r-x
  ---------------------------------------------


 Starting time: Fri Oct  9 11:40:41 2026
 ... inputs directory found (/Users/koning/tares-1.8/source/Module//../../inputs/).
 ... It will be used for resonance parameters 
 ... ###############################################
 ... #     read the input file tares.inp
 ... ###############################################
 ... line: #
 ... line: # Input file generated by Autorochman
          --> line not read
 ... line: #
 ... line: isotope    Mo
          --> Isotope name: Mo
 ... line: mass       98
          --> isotopic mass: 98
 ... line: output     n-Mo098
         ---> Name of the output files: n-Mo098
 ... line: isomer     0
          --> isomeric state: 0
 ... line: mf32mf33   y
          --> MF33 based on MF32: y
 ... line: nbrRandom  300
          --> Nbr of random files: 300
 ... ###############################################
 ... # end read the input file tares.inp
 ... ###############################################
Value for random generator type not considered in since Tares 1.7 due to compilation issues

 ... ###############################################
     #   Interpretation of the Input definition    #
     ###############################################

 ... Default energy limit: End of resonance region
 ... Nuclear charge    = 42
 ... Element           = Mo
 ... Mass              = 98
 ... Isomer            = 0
 ... Correlation for (Gn,Gg) not included in random files
 ... Default random option: No random
 ... Output name: n-Mo098
 ... Energy for the MACS: 30000 eV
 ... Resonances from CALENDF reduced (reduce=y) 
 ... For URR, level density model from TALYS selected: 91n3n12611.2850 (see manual for description)
 ... Random Generator: default (pseudo random numbers from ansi c++)
 ... Reconstruction of cross section selected
 ... Doppler broadening at 0 Kelvin
 ... Default formalism: Multi Level Breit Wigner (from file best.tendl.yes)
 ... URR not included (from the input file flag)
 ... Weight for grouping is flat
 ... Calculation of (n,alpha) cross section selected
 ... Number of digit for MF32c covariance representation: 2
 ... MF32 included
 ... MF33 will be used for covariance processing
 ... TENDL option set to yes (automatic choice of MF2 and format)
 ... default option: Multi level Breit Wigner approximation selected
 ... (check file best.tendl.yes for changing this option)
 ... Retroactive option set to no with the 2025 option
 ... ladder option set to no (CALENDF will not be used for statistical resonances)

 ... ###############################################
     #           End of Input definition           #
     ###############################################

 ... gnuplot found, will be used for plotting
 ... latex found, will be used for plotting
 ... dvips found, will be used for plotting
 ... ps2epsi not found, limited plotting available
 ... uncertainties on default parameters multiplied by 1.1192
 ... Read resonance data from the 2025 directory
 ... Resonance parameters taken from /Users/koning/tares-1.8/source/Module//../../inputs/2025/Resonance/default/
 ---> Processing Z= 42 and A= 98 and isomer= 0 (level number: 0)
Thermal file; Could not open file /Users/koning/tares-1.8/source/Module//../../inputs/2025/runThermal/results//thermal.mxw.ng.cendl3.1
Thermal file; Could not open file /Users/koning/tares-1.8/source/Module//../../inputs/2025/runThermal/results//thermal.mxw.ng.brond3.1
Thermal file; Could not open file /Users/koning/tares-1.8/source/Module//../../inputs/2025/runThermal/results//thermal.xs.ng.unc.cendl3.1
 ... spin taken from the final/ directory (1)
 ... The spin found in level file ( 0 ) and the one in the urr file ( 5.5 ) differ

 ... ###############################################
 ... #  Nucleus global parameters (2025 database)  #
 ... ###############################################
 ... Scattering radius from file /Users/koning/tares-1.8/source/Module//../../inputs/2025/Resonance/default//global.2023.txt
 0. Spin of the target isotope: 0
 1. Relative Atomic Mass of the target isotope: 97.9054
 2. Isotopic composition of the target isotope: 24.39 %
 3. Scattering radius (local compilation): 6.9 fm +/- 0.06 fm
 4. Scattering radius (Mughabghab): 6.9 +/- 0.2 fm
      .......................................
      ... Thermal capture cross sections: ...
 5. Thermal (sigma0) (n,g) cross section from experiments (local compilation): 0.13 +/- 0.006 b.
 6. Thermal (n,g) cross section from experiments (Kzero): 0.1305 +/- 0.0021 b.
 7. Thermal (n,g) cross section from compilation (Firestone-2022 average on element Mo): 2.64 +/- 0.03 b.
 8. Thermal (n,g) cross section from compilation (Firestone-2022 final on element Mo): 2.61 +/- 0.05 b.
 9. Thermal (n,g) cross section from compilation (Mughabghab-2006): 0.13 +/- 0.006 b.
 10. Thermal (n,g) cross section from compilation (Mughabghab-2018): 0.13 +/- 0.006 b.
 11. Thermal Maxwellian (n,g) XS from compilation (Sukhoruchkin-2009): 0.13 +/- 0.006 b.
 12. Thermal Maxwellian (n,g) XS from compilation (Sukhoruchkin-2015): 0.13 +/- 0.006 b.
 13. Thermal (n,g) cross section from EAF-2010: 0.12915 b.
 14. Thermal (n,g) cross section from compilation (CRP-2007): 0.16 +/- 0.03 b.
 15. Thermal (n,g) cross section from ENDF/B-VI.8: 0.1275 b.
 16. Thermal (n,g) cross section from ENDF/B-VIII.1: 0.13 +/- 0.006137 b.
 17. Thermal (n,g) cross section from ENDF/B-VIII.0: 0.1307 +/- 0.006137 b.
 18. Thermal (n,g) cross section from JEF2.2: 0.1297 b.
 19. Thermal (n,g) cross section from TENDL-2023: 0.1306 +/- 0.004989 b.
 20. Thermal (n,g) cross section from CENDL3.3: 0.13 b.
 21. Thermal (n,g) cross section from JEFF-3.3: 0.1327 b.
 22. Thermal (n,g) cross section from JEFF-4.0: 0.1304 +/- 0.005396 b.
 23. Thermal (n,g) cross section from JENDL-5.0: 0.1327 b.
      .......................................
      ...  Thermal total cross sections:  ...
      .......................................
      ... Thermal elastic cross sections: ...
 24. Thermal (n,el) cross section from compilation (Mughabghab): 5.46 +/- 0.12 b.
 25. Thermal (n,el) cross section from ENDF/B-VIII.1: 5.672 b.
 26. Thermal (n,el) cross section from ENDF/B-VIII.0: 5.672 +/- 0.006137 b.
 27. Thermal (n,el) cross section from ENDF/B-VI.8: 3.556 b.
 28. Thermal (n,el) cross section from JENDL-5.0: 5.464 b.
 29. Thermal (n,el) cross section from JEFF-3.3: 5.464 b.
 30. Thermal (n,el) cross section from experiments (local compilation): 5.46 +/- 0.12 b.
 31. Neutron scattering length from Atominstitut (TU Wien): 6.6 +/- 0.07 fm.
      .......................................
             ... Resonance integral: ...
 32. Experimental capture integral (local compilation): 6.7 +/- 0.3 b.
 33. Experimental capture integral (Kzero): 6.93 +/- 0.45 b.
 34. Experimental capture integral (Mughabghab): 6.7 +/- 0.3 b.
 35. Experimental capture integral (Sukhoruchkin): 6.55 +/- 0.28 b.
   ---- MACS 30 keV ----- 
 36. TALYS MACS 30 keV (HF): 0.0918674 b. 
 37. Recommended MACS 30 keV from EAF: 0.099 b. 
 38. Recommended MACS 30 keV (local compilation): 0.0846 +/- 0.0036 b. 
 39. Recommended MACS 30 keV from Kadonis: 0.099 +/- 0.007 b. 
 40. Recommended MACS (Sukhoruchkin): 0.095 +/- 0.01 b.
 41. Recommended MACS (Mughabghab): 0.0846 +/- 0.0036 b.
   ---------- S0 -------- 
 42. S0 from TALYS: 0.547679
 43. Experimental S0: 0.58 +/- 0.13
 44. Atlas S0: 0.58 +/- 0.13
   ---------- S1 -------- 
 45. S1 from TALYS: 7.60747
 46. Experimental S1: 5.55 +/- 0.76
 47. Atlas S1: 5.55 +/- 0.76
   ---------- S2 -------- 
 48. S2 from TALYS: 0.533901
   ---------- D0 -------- 
 49. D0 from TALYS: 570.784 eV
 50. Experimental D0: 970 +/- 200 eV
 51. Atlas D0: 970 +/- 200
   ---------- D1 -------- 
 52. Experimental D1: 286 +/- 14 eV
 53. D1 from TALYS: 200.288 eV
 54. Atlas D1: 286 +/- 14
   ---------- D2 -------- 
 55. D2 from TALYS: 133.174 eV
   ---------- G0 -------- 
 56. Experimental average Gg0: 0.072 +/- 0.006 eV
 57. Gg0 from TALYS: 0.0647261 eV
   ---------- G1 -------- 
 58. Experimental average Gg1: 0.107 +/- 0.005 eV
 59. Gg1 from TALYS: 0.0752894 eV
   ---------- G2 -------- 
 60. Gg2 from TALYS: 0.061516 eV


   ---------------------- 
 ... Read resonance parameters (format: 2: Multi Level Breit Wigner)
 ... 159 resonances found 
 --> 61. Number of resonances from the input file: 159 up to 52600 eV
 62. Read nuclear quantities (mass, MAT...)
 63. Read thermal (n,g) xs 
 64. Read the scattering radius 
 65. Read uncertainty on Gg for 159 resonances
 66. Read uncertainty on Gg for 159 resonances ... done
 ... order resonances 
 ... Upper limit for the RRR: 52601 eV (no statistical resonances HFR) from the limit.RRR file
 ... Write parameters for l=0 waves
 ... Write parameters for l=1 waves
 ... End writing original MF2 
 ... Enter in to_MLBW_mf2 function
 ... Convert to Multi Level Breit Wigner (MLBW)
 ... Gn-Gg correlations: calculated capture kernel used for 80 evaluated resonances (no measured kernel)
 ... Write parameter covariances (MF32) for l=0
 Write parameter covariances (MF32) for l=1
 ... MF32: 40 energy correlation lines (time of flight) for the first 10 evaluated resonances
 ... Convert parameter covariances (MF32) to MLBW
 ... copy the mf2 and mf32 to .mlbw files
 ... Ladder option set to no --> no use of calendf_xs
 ... no thermal/RI adjustment (ladder option set to no): no GLS calculation of parameter correlations
 ... copy the mf2 and mf32 to .mlbw files

 ... Start of final reconstruction and testing ...
 ... Reconstruction of cross sections at 0 Kelvin  ... Import MF2 from TARES calculations
 ... End energy of TARES MF2 : 5.260100E+4 eV and limit to 40000 resonances
 ... File used for reconstruction: n-Mo098.reconst
 ... run RECENT ...
 ... Doppler broadened at a unique temperature: 0 Kelvin using sigma1
 ... The keyword temperature is zero, no Doppler broadening for the MACS

 ============== INTER values at 0 Kelvin ==============
 Thermal (n,g) xs =  0.130366 b. (meas/sys: 0.13 b.) (warning: comparison to be done at 296 or 300 K)
 Th Maxw (n,g) xs =  0.1305 b. (thermal Maxwellian value)
 Westcott factor  =  1.00103
 RI      (n,g)    =  6.25414 b. (meas or sys: 6.7 b.)
 MACS 3.000e+04 eV=  0.067094 b. (meas or sys: - b.) from 1.00E+00 to 2.00E+07 eV (end of RRR) at T= 0 Kelvin 
 Thermal (n,el) xs=  5.43392 b.
 RI      (n,el)   =  87.1296 b.
 ============= PSYCHE values ==============
 Ave. G_total L0  =  14.8129 eV
 Ave. G_total L1  =  1.73612 eV
 Ave. Gn_0    L0  =  0.0890503
 Ave. Gn_0    L1  =  0.298818
 Ave. Gg      L0  =  0.0724063 eV
 Ave. Gg      L1  =  0.0927308 eV
 Ave. D       L0  =  1878.61 eV
 Ave. D       L1  =  427.65 eV
 Ave. S       L0  =  4.90952e-05 eV
 Ave. S       L1  =  0.000344627 eV
 =========================================
 ... End of final reconstruction and testing ...

 ... grouping is not optimum, change to 70 groups
 ... Produce MF33 based on MF32 and 300 random files
 ... MF3 of n-Mo098.reconst (3 sections) added to the files for ENDSAM
 ... run endsam for 300 in groups of 1 global run(s)
 ... run endsam from 201 to 300
 ... random files: total width GT set to Gn+Gg+Gf (46200 resonances in 300 files)
 ... preparing the vectors  ... done
 ... nominal file 0 Cap(th)  ave= 1.304E-01 b. +/- 0.00 % || Ela(th) ave= 5.434E+00 b. +/- 0.00 % || RIcap ave= 6.25E+00 b. +/- 0.00 % || Macs30 ave= 6.71E-02 b. +/- 0.00 % || Gn^0(l=0) ave= 8.905E-02 +/- 0.00 % Gn^0(l=1) ave= 2.988E-01 +/- 0.00 % Gn^0(l=2) ave= 0.000E+00 +/- 0.00 % Gn^0(l=3) ave= 0.000E+00 +/- 0.00 % || Gtotal(l=0) ave= 1.481E+01 +/- 0.00 % Gtotal(l=1) ave= 1.736E+00 +/- 0.00 % Gtotal(l=2) ave= 0.000E+00 +/- 0.00 % Gtotal(l=3) ave= 0.000E+00 +/- 0.00 %  % || Gg(l=0) ave= 7.241E-02 +/- 0.00 % Gg(l=1) ave= 9.273E-02 +/- 0.00 % Gg(l=2) ave= 0.000E+00 +/- 0.00 % Gg(l=3) ave= 0.000E+00 +/- 0.00 %  % || D(l=0) ave= 1.879E+03 +/- 0.00 % D(l=1) ave= 4.276E+02 +/- 0.00 % D(l=2) ave= 0.000E+00 +/- 0.00 % D(l=3) ave= 0.000E+00 +/- 0.00 %  % || S(l=0) ave= 4.910E-05 +/- 0.00 % S(l=1) ave= 3.446E-04 +/- 0.00 % S(l=2) ave= 0.000E+00 +/- 0.00 % S(l=3) ave= 0.000E+00 +/- 0.00 % 
 ... random file  1 Cap(th)  ave= 1.324E-01 b. +/- 1.56 % || Ela(th) ave= 5.423E+00 b. +/- 0.21 % || RIcap ave= 6.42E+00 b. +/- 2.52 % || Macs30 ave= 6.72E-02 b. +/- 0.22 % || Gn^0(l=0) ave= 8.976E-02 +/- 0.79 % Gn^0(l=1) ave= 3.000E-01 +/- 0.41 % Gn^0(l=2) ave= 0.000E+00 +/- 0.00 % Gn^0(l=3) ave= 0.000E+00 +/- 0.00 % || Gtotal(l=0) ave= 1.488E+01 +/- 0.45 % Gtotal(l=1) ave= 1.803E+00 +/- 3.70 % Gtotal(l=2) ave= 0.000E+00 +/- 0.00 % Gtotal(l=3) ave= 0.000E+00 +/- 0.00 %  % || Gg(l=0) ave= 7.255E-02 +/- 0.20 % Gg(l=1) ave= 9.285E-02 +/- 0.13 % Gg(l=2) ave= 0.000E+00 +/- 0.00 % Gg(l=3) ave= 0.000E+00 +/- 0.00 %  % || D(l=0) ave= 1.913E+03 +/- 1.82 % D(l=1) ave= 4.276E+02 +/- 0.00 % D(l=2) ave= 0.000E+00 +/- 0.00 % D(l=3) ave= 0.000E+00 +/- 0.00 %  % || S(l=0) ave= 4.863E-05 +/- 0.96 % S(l=1) ave= 3.439E-04 +/- 0.20 % S(l=2) ave= 0.000E+00 +/- 0.00 % S(l=3) ave= 0.000E+00 +/- 0.00 % 
 ... random file  2 Cap(th)  ave= 1.317E-01 b. +/- 1.49 % || Ela(th) ave= 5.411E+00 b. +/- 0.34 % || RIcap ave= 6.33E+00 b. +/- 2.86 % || Macs30 ave= 6.68E-02 b. +/- 0.99 % || Gn^0(l=0) ave= 9.076E-02 +/- 1.68 % Gn^0(l=1) ave= 3.021E-01 +/- 1.00 % Gn^0(l=2) ave= 0.000E+00 +/- 0.00 % Gn^0(l=3) ave= 0.000E+00 +/- 0.00 % || Gtotal(l=0) ave= 1.520E+01 +/- 3.02 % Gtotal(l=1) ave= 1.780E+00 +/- 3.58 % Gtotal(l=2) ave= 0.000E+00 +/- 0.00 % Gtotal(l=3) ave= 0.000E+00 +/- 0.00 %  % || Gg(l=0) ave= 7.272E-02 +/- 0.36 % Gg(l=1) ave= 9.193E-02 +/- 1.42 % Gg(l=2) ave= 0.000E+00 +/- 0.00 % Gg(l=3) ave= 0.000E+00 +/- 0.00 %  % || D(l=0) ave= 1.902E+03 +/- 1.72 % D(l=1) ave= 4.276E+02 +/- 0.00 % D(l=2) ave= 0.000E+00 +/- 0.00 % D(l=3) ave= 0.000E+00 +/- 0.00 %  % || S(l=0) ave= 4.946E-05 +/- 2.51 % S(l=1) ave= 3.486E-04 +/- 1.90 % S(l=2) ave= 0.000E+00 +/- 0.00 % S(l=3) ave= 0.000E+00 +/- 0.00 % 
 ... random file  3 Cap(th)  ave= 1.332E-01 b. +/- 2.30 % || Ela(th) ave= 5.477E+00 b. +/- 2.11 % || RIcap ave= 6.33E+00 b. +/- 2.47 % || Macs30 ave= 6.68E-02 b. +/- 0.86 % || Gn^0(l=0) ave= 9.416E-02 +/- 6.41 % Gn^0(l=1) ave= 2.970E-01 +/- 3.06 % Gn^0(l=2) ave= 0.000E+00 +/- 0.00 % Gn^0(l=3) ave= 0.000E+00 +/- 0.00 % || Gtotal(l=0) ave= 1.569E+01 +/- 5.98 % Gtotal(l=1) ave= 1.783E+00 +/- 3.11 % Gtotal(l=2) ave= 0.000E+00 +/- 0.00 % Gtotal(l=3) ave= 0.000E+00 +/- 0.00 %  % || Gg(l=0) ave= 7.253E-02 +/- 0.55 % Gg(l=1) ave= 9.225E-02 +/- 1.36 % Gg(l=2) ave= 0.000E+00 +/- 0.00 % Gg(l=3) ave= 0.000E+00 +/- 0.00 %  % || D(l=0) ave= 1.896E+03 +/- 1.59 % D(l=1) ave= 4.276E+02 +/- 0.00 % D(l=2) ave= 0.000E+00 +/- 0.00 % D(l=3) ave= 0.000E+00 +/- 0.00 %  % || S(l=0) ave= 5.148E-05 +/- 7.11 % S(l=1) ave= 3.433E-04 +/- 3.17 % S(l=2) ave= 0.000E+00 +/- 0.00 % S(l=3) ave= 0.000E+00 +/- 0.00 % 
 ... random file  4 Cap(th)  ave= 1.321E-01 b. +/- 2.69 % || Ela(th) ave= 5.477E+00 b. +/- 1.89 % || RIcap ave= 6.35E+00 b. +/- 2.35 % || Macs30 ave= 6.69E-02 b. +/- 0.87 % || Gn^0(l=0) ave= 9.232E-02 +/- 7.09 % Gn^0(l=1) ave= 2.950E-01 +/- 3.07 % Gn^0(l=2) ave= 0.000E+00 +/- 0.00 % Gn^0(l=3) ave= 0.000E+00 +/- 0.00 % || Gtotal(l=0) ave= 1.535E+01 +/- 7.09 % Gtotal(l=1) ave= 1.757E+00 +/- 4.13 % Gtotal(l=2) ave= 0.000E+00 +/- 0.00 % Gtotal(l=3) ave= 0.000E+00 +/- 0.00 %  % || Gg(l=0) ave= 7.266E-02 +/- 0.60 % Gg(l=1) ave= 9.289E-02 +/- 1.85 % Gg(l=2) ave= 0.000E+00 +/- 0.00 % Gg(l=3) ave= 0.000E+00 +/- 0.00 %  % || D(l=0) ave= 1.906E+03 +/- 1.79 % D(l=1) ave= 4.276E+02 +/- 0.00 % D(l=2) ave= 0.000E+00 +/- 0.00 % D(l=3) ave= 0.000E+00 +/- 0.00 %  % || S(l=0) ave= 5.023E-05 +/- 8.21 % S(l=1) ave= 3.408E-04 +/- 3.19 % S(l=2) ave= 0.000E+00 +/- 0.00 % S(l=3) ave= 0.000E+00 +/- 0.00 % 
 ... random file  5 Cap(th)  ave= 1.310E-01 b. +/- 3.10 % || Ela(th) ave= 5.460E+00 b. +/- 1.86 % || RIcap ave= 6.32E+00 b. +/- 2.45 % || Macs30 ave= 6.67E-02 b. +/- 1.06 % || Gn^0(l=0) ave= 9.138E-02 +/- 6.92 % Gn^0(l=1) ave= 2.959E-01 +/- 2.87 % Gn^0(l=2) ave= 0.000E+00 +/- 0.00 % Gn^0(l=3) ave= 0.000E+00 +/- 0.00 % || Gtotal(l=0) ave= 1.518E+01 +/- 6.97 % Gtotal(l=1) ave= 1.749E+00 +/- 3.92 % Gtotal(l=2) ave= 0.000E+00 +/- 0.00 % Gtotal(l=3) ave= 0.000E+00 +/- 0.00 %  % || Gg(l=0) ave= 7.271E-02 +/- 0.57 % Gg(l=1) ave= 9.257E-02 +/- 1.87 % Gg(l=2) ave= 0.000E+00 +/- 0.00 % Gg(l=3) ave= 0.000E+00 +/- 0.00 %  % || D(l=0) ave= 1.902E+03 +/- 1.72 % D(l=1) ave= 4.276E+02 +/- 0.00 % D(l=2) ave= 0.000E+00 +/- 0.00 % D(l=3) ave= 0.000E+00 +/- 0.00 %  % || S(l=0) ave= 4.983E-05 +/- 7.77 % S(l=1) ave= 3.411E-04 +/- 2.91 % S(l=2) ave= 0.000E+00 +/- 0.00 % S(l=3) ave= 0.000E+00 +/- 0.00 % 
 ... random file  6 Cap(th)  ave= 1.302E-01 b. +/- 3.22 % || Ela(th) ave= 5.589E+00 b. +/- 5.87 % || RIcap ave= 6.30E+00 b. +/- 2.43 % || Macs30 ave= 6.68E-02 b. +/- 1.09 % || Gn^0(l=0) ave= 9.120E-02 +/- 6.44 % Gn^0(l=1) ave= 2.895E-01 +/- 6.05 % Gn^0(l=2) ave= 0.000E+00 +/- 0.00 % Gn^0(l=3) ave= 0.000E+00 +/- 0.00 % || Gtotal(l=0) ave= 1.517E+01 +/- 6.46 % Gtotal(l=1) ave= 1.738E+00 +/- 3.96 % Gtotal(l=2) ave= 0.000E+00 +/- 0.00 % Gtotal(l=3) ave= 0.000E+00 +/- 0.00 %  % || Gg(l=0) ave= 7.238E-02 +/- 1.25 % Gg(l=1) ave= 9.297E-02 +/- 2.03 % Gg(l=2) ave= 0.000E+00 +/- 0.00 % Gg(l=3) ave= 0.000E+00 +/- 0.00 %  % || D(l=0) ave= 1.908E+03 +/- 1.80 % D(l=1) ave= 4.276E+02 +/- 0.00 % D(l=2) ave= 0.000E+00 +/- 0.00 % D(l=3) ave= 0.000E+00 +/- 0.00 %  % || S(l=0) ave= 4.956E-05 +/- 7.35 % S(l=1) ave= 3.335E-04 +/- 6.24 % S(l=2) ave= 0.000E+00 +/- 0.00 % S(l=3) ave= 0.000E+00 +/- 0.00 % 
 ... random file  7 Cap(th)  ave= 1.310E-01 b. +/- 3.34 % || Ela(th) ave= 5.557E+00 b. +/- 5.73 % || RIcap ave= 6.31E+00 b. +/- 2.35 % || Macs30 ave= 6.67E-02 b. +/- 1.09 % || Gn^0(l=0) ave= 9.122E-02 +/- 6.03 % Gn^0(l=1) ave= 2.922E-01 +/- 6.11 % Gn^0(l=2) ave= 0.000E+00 +/- 0.00 % Gn^0(l=3) ave= 0.000E+00 +/- 0.00 % || Gtotal(l=0) ave= 1.520E+01 +/- 6.06 % Gtotal(l=1) ave= 1.736E+00 +/- 3.72 % Gtotal(l=2) ave= 0.000E+00 +/- 0.00 % Gtotal(l=3) ave= 0.000E+00 +/- 0.00 %  % || Gg(l=0) ave= 7.243E-02 +/- 1.18 % Gg(l=1) ave= 9.278E-02 +/- 1.98 % Gg(l=2) ave= 0.000E+00 +/- 0.00 % Gg(l=3) ave= 0.000E+00 +/- 0.00 %  % || D(l=0) ave= 1.905E+03 +/- 1.77 % D(l=1) ave= 4.276E+02 +/- 0.00 % D(l=2) ave= 0.000E+00 +/- 0.00 % D(l=3) ave= 0.000E+00 +/- 0.00 %  % || S(l=0) ave= 4.966E-05 +/- 6.88 % S(l=1) ave= 3.365E-04 +/- 6.26 % S(l=2) ave= 0.000E+00 +/- 0.00 % S(l=3) ave= 0.000E+00 +/- 0.00 % 
 ... random file  8 Cap(th)  ave= 1.307E-01 b. +/- 3.22 % || Ela(th) ave= 5.536E+00 b. +/- 5.53 % || RIcap ave= 6.29E+00 b. +/- 2.39 % || Macs30 ave= 6.67E-02 b. +/- 1.03 % || Gn^0(l=0) ave= 9.110E-02 +/- 5.70 % Gn^0(l=1) ave= 2.944E-01 +/- 6.10 % Gn^0(l=2) ave= 0.000E+00 +/- 0.00 % Gn^0(l=3) ave= 0.000E+00 +/- 0.00 % || Gtotal(l=0) ave= 1.521E+01 +/- 5.71 % Gtotal(l=1) ave= 1.745E+00 +/- 3.75 % Gtotal(l=2) ave= 0.000E+00 +/- 0.00 % Gtotal(l=3) ave= 0.000E+00 +/- 0.00 %  % || Gg(l=0) ave= 7.251E-02 +/- 1.15 % Gg(l=1) ave= 9.284E-02 +/- 1.88 % Gg(l=2) ave= 0.000E+00 +/- 0.00 % Gg(l=3) ave= 0.000E+00 +/- 0.00 %  % || D(l=0) ave= 1.902E+03 +/- 1.72 % D(l=1) ave= 4.276E+02 +/- 0.00 % D(l=2) ave= 0.000E+00 +/- 0.00 % D(l=3) ave= 0.000E+00 +/- 0.00 %  % || S(l=0) ave= 4.966E-05 +/- 6.49 % S(l=1) ave= 3.394E-04 +/- 6.31 % S(l=2) ave= 0.000E+00 +/- 0.00 % S(l=3) ave= 0.000E+00 +/- 0.00 % 
 ... random file  9 Cap(th)  ave= 1.303E-01 b. +/- 3.15 % || Ela(th) ave= 5.510E+00 b. +/- 5.45 % || RIcap ave= 6.29E+00 b. +/- 2.28 % || Macs30 ave= 6.67E-02 b. +/- 0.98 % || Gn^0(l=0) ave= 9.163E-02 +/- 5.65 % Gn^0(l=1) ave= 2.957E-01 +/- 5.91 % Gn^0(l=2) ave= 0.000E+00 +/- 0.00 % Gn^0(l=3) ave= 0.000E+00 +/- 0.00 % || Gtotal(l=0) ave= 1.528E+01 +/- 5.58 % Gtotal(l=1) ave= 1.753E+00 +/- 3.77 % Gtotal(l=2) ave= 0.000E+00 +/- 0.00 % Gtotal(l=3) ave= 0.000E+00 +/- 0.00 %  % || Gg(l=0) ave= 7.249E-02 +/- 1.10 % Gg(l=1) ave= 9.272E-02 +/- 1.82 % Gg(l=2) ave= 0.000E+00 +/- 0.00 % Gg(l=3) ave= 0.000E+00 +/- 0.00 %  % || D(l=0) ave= 1.906E+03 +/- 1.79 % D(l=1) ave= 4.276E+02 +/- 0.00 % D(l=2) ave= 0.000E+00 +/- 0.00 % D(l=3) ave= 0.000E+00 +/- 0.00 %  % || S(l=0) ave= 4.983E-05 +/- 6.22 % S(l=1) ave= 3.401E-04 +/- 6.01 % S(l=2) ave= 0.000E+00 +/- 0.00 % S(l=3) ave= 0.000E+00 +/- 0.00 % 
 ... random file  10 Cap(th)  ave= 1.304E-01 b. +/- 3.01 % || Ela(th) ave= 5.460E+00 b. +/- 5.99 % || RIcap ave= 6.28E+00 b. +/- 2.31 % || Macs30 ave= 6.67E-02 b. +/- 0.94 % || Gn^0(l=0) ave= 9.161E-02 +/- 5.39 % Gn^0(l=1) ave= 2.980E-01 +/- 6.12 % Gn^0(l=2) ave= 0.000E+00 +/- 0.00 % Gn^0(l=3) ave= 0.000E+00 +/- 0.00 % || Gtotal(l=0) ave= 1.530E+01 +/- 5.33 % Gtotal(l=1) ave= 1.742E+00 +/- 4.14 % Gtotal(l=2) ave= 0.000E+00 +/- 0.00 % Gtotal(l=3) ave= 0.000E+00 +/- 0.00 %  % || Gg(l=0) ave= 7.251E-02 +/- 1.05 % Gg(l=1) ave= 9.269E-02 +/- 1.74 % Gg(l=2) ave= 0.000E+00 +/- 0.00 % Gg(l=3) ave= 0.000E+00 +/- 0.00 %  % || D(l=0) ave= 1.904E+03 +/- 1.76 % D(l=1) ave= 4.276E+02 +/- 0.00 % D(l=2) ave= 0.000E+00 +/- 0.00 % D(l=3) ave= 0.000E+00 +/- 0.00 %  % || S(l=0) ave= 4.988E-05 +/- 5.93 % S(l=1) ave= 3.435E-04 +/- 6.49 % S(l=2) ave= 0.000E+00 +/- 0.00 % S(l=3) ave= 0.000E+00 +/- 0.00 % 
 ... random file  11 Cap(th)  ave= 1.305E-01 b. +/- 2.89 % || Ela(th) ave= 5.436E+00 b. +/- 5.94 % || RIcap ave= 6.28E+00 b. +/- 2.21 % || Macs30 ave= 6.67E-02 b. +/- 0.90 % || Gn^0(l=0) ave= 9.104E-02 +/- 5.60 % Gn^0(l=1) ave= 3.001E-01 +/- 6.25 % Gn^0(l=2) ave= 0.000E+00 +/- 0.00 % Gn^0(l=3) ave= 0.000E+00 +/- 0.00 % || Gtotal(l=0) ave= 1.515E+01 +/- 6.11 % Gtotal(l=1) ave= 1.741E+00 +/- 3.96 % Gtotal(l=2) ave= 0.000E+00 +/- 0.00 % Gtotal(l=3) ave= 0.000E+00 +/- 0.00 %  % || Gg(l=0) ave= 7.235E-02 +/- 1.25 % Gg(l=1) ave= 9.274E-02 +/- 1.67 % Gg(l=2) ave= 0.000E+00 +/- 0.00 % Gg(l=3) ave= 0.000E+00 +/- 0.00 %  % || D(l=0) ave= 1.908E+03 +/- 1.80 % D(l=1) ave= 4.276E+02 +/- 0.00 % D(l=2) ave= 0.000E+00 +/- 0.00 % D(l=3) ave= 0.000E+00 +/- 0.00 %  % || S(l=0) ave= 4.948E-05 +/- 6.32 % S(l=1) ave= 3.461E-04 +/- 6.62 % S(l=2) ave= 0.000E+00 +/- 0.00 % S(l=3) ave= 0.000E+00 +/- 0.00 % 
 ... random file  12 Cap(th)  ave= 1.299E-01 b. +/- 3.30 % || Ela(th) ave= 5.398E+00 b. +/- 6.27 % || RIcap ave= 6.27E+00 b. +/- 2.21 % || Macs30 ave= 6.67E-02 b. +/- 0.86 % || Gn^0(l=0) ave= 9.053E-02 +/- 5.75 % Gn^0(l=1) ave= 3.015E-01 +/- 6.18 % Gn^0(l=2) ave= 0.000E+00 +/- 0.00 % Gn^0(l=3) ave= 0.000E+00 +/- 0.00 % || Gtotal(l=0) ave= 1.506E+01 +/- 6.25 % Gtotal(l=1) ave= 1.736E+00 +/- 3.97 % Gtotal(l=2) ave= 0.000E+00 +/- 0.00 % Gtotal(l=3) ave= 0.000E+00 +/- 0.00 %  % || Gg(l=0) ave= 7.231E-02 +/- 1.21 % Gg(l=1) ave= 9.273E-02 +/- 1.61 % Gg(l=2) ave= 0.000E+00 +/- 0.00 % Gg(l=3) ave= 0.000E+00 +/- 0.00 %  % || D(l=0) ave= 1.911E+03 +/- 1.82 % D(l=1) ave= 4.276E+02 +/- 0.00 % D(l=2) ave= 0.000E+00 +/- 0.00 % D(l=3) ave= 0.000E+00 +/- 0.00 %  % || S(l=0) ave= 4.913E-05 +/- 6.59 % S(l=1) ave= 3.476E-04 +/- 6.52 % S(l=2) ave= 0.000E+00 +/- 0.00 % S(l=3) ave= 0.000E+00 +/- 0.00 % 
 ... random file  13 Cap(th)  ave= 1.297E-01 b. +/- 3.22 % || Ela(th) ave= 5.413E+00 b. +/- 6.11 % || RIcap ave= 6.26E+00 b. +/- 2.13 % || Macs30 ave= 6.67E-02 b. +/- 0.83 % || Gn^0(l=0) ave= 9.085E-02 +/- 5.66 % Gn^0(l=1) ave= 3.001E-01 +/- 6.19 % Gn^0(l=2) ave= 0.000E+00 +/- 0.00 % Gn^0(l=3) ave= 0.000E+00 +/- 0.00 % || Gtotal(l=0) ave= 1.509E+01 +/- 6.08 % Gtotal(l=1) ave= 1.737E+00 +/- 3.83 % Gtotal(l=2) ave= 0.000E+00 +/- 0.00 % Gtotal(l=3) ave= 0.000E+00 +/- 0.00 %  % || Gg(l=0) ave= 7.240E-02 +/- 1.24 % Gg(l=1) ave= 9.274E-02 +/- 1.55 % Gg(l=2) ave= 0.000E+00 +/- 0.00 % Gg(l=3) ave= 0.000E+00 +/- 0.00 %  % || D(l=0) ave= 1.908E+03 +/- 1.80 % D(l=1) ave= 4.276E+02 +/- 0.00 % D(l=2) ave= 0.000E+00 +/- 0.00 % D(l=3) ave= 0.000E+00 +/- 0.00 %  % || S(l=0) ave= 4.937E-05 +/- 6.55 % S(l=1) ave= 3.460E-04 +/- 6.54 % S(l=2) ave= 0.000E+00 +/- 0.00 % S(l=3) ave= 0.000E+00 +/- 0.00 % 
 ... random file  14 Cap(th)  ave= 1.295E-01 b. +/- 3.18 % || Ela(th) ave= 5.382E+00 b. +/- 6.30 % || RIcap ave= 6.27E+00 b. +/- 2.07 % || Macs30 ave= 6.67E-02 b. +/- 0.83 % || Gn^0(l=0) ave= 9.022E-02 +/- 6.11 % Gn^0(l=1) ave= 3.022E-01 +/- 6.45 % Gn^0(l=2) ave= 0.000E+00 +/- 0.00 % Gn^0(l=3) ave= 0.000E+00 +/- 0.00 % || Gtotal(l=0) ave= 1.499E+01 +/- 6.46 % Gtotal(l=1) ave= 1.741E+00 +/- 3.78 % Gtotal(l=2) ave= 0.000E+00 +/- 0.00 % Gtotal(l=3) ave= 0.000E+00 +/- 0.00 %  % || Gg(l=0) ave= 7.239E-02 +/- 1.20 % Gg(l=1) ave= 9.270E-02 +/- 1.51 % Gg(l=2) ave= 0.000E+00 +/- 0.00 % Gg(l=3) ave= 0.000E+00 +/- 0.00 %  % || D(l=0) ave= 1.906E+03 +/- 1.79 % D(l=1) ave= 4.276E+02 +/- 0.00 % D(l=2) ave= 0.000E+00 +/- 0.00 % D(l=3) ave= 0.000E+00 +/- 0.00 %  % || S(l=0) ave= 4.906E-05 +/- 6.77 % S(l=1) ave= 3.482E-04 +/- 6.71 % S(l=2) ave= 0.000E+00 +/- 0.00 % S(l=3) ave= 0.000E+00 +/- 0.00 % 
 ... random file  15 Cap(th)  ave= 1.290E-01 b. +/- 3.35 % || Ela(th) ave= 5.381E+00 b. +/- 6.10 % || RIcap ave= 6.27E+00 b. +/- 2.01 % || Macs30 ave= 6.67E-02 b. +/- 0.81 % || Gn^0(l=0) ave= 9.033E-02 +/- 5.93 % Gn^0(l=1) ave= 3.027E-01 +/- 6.28 % Gn^0(l=2) ave= 0.000E+00 +/- 0.00 % Gn^0(l=3) ave= 0.000E+00 +/- 0.00 % || Gtotal(l=0) ave= 1.501E+01 +/- 6.27 % Gtotal(l=1) ave= 1.742E+00 +/- 3.67 % Gtotal(l=2) ave= 0.000E+00 +/- 0.00 % Gtotal(l=3) ave= 0.000E+00 +/- 0.00 %  % || Gg(l=0) ave= 7.231E-02 +/- 1.23 % Gg(l=1) ave= 9.269E-02 +/- 1.46 % Gg(l=2) ave= 0.000E+00 +/- 0.00 % Gg(l=3) ave= 0.000E+00 +/- 0.00 %  % || D(l=0) ave= 1.909E+03 +/- 1.81 % D(l=1) ave= 4.276E+02 +/- 0.00 % D(l=2) ave= 0.000E+00 +/- 0.00 % D(l=3) ave= 0.000E+00 +/- 0.00 %  % || S(l=0) ave= 4.906E-05 +/- 6.56 % S(l=1) ave= 3.491E-04 +/- 6.55 % S(l=2) ave= 0.000E+00 +/- 0.00 % S(l=3) ave= 0.000E+00 +/- 0.00 % 
 ... random file  16 Cap(th)  ave= 1.293E-01 b. +/- 3.36 % || Ela(th) ave= 5.377E+00 b. +/- 5.93 % || RIcap ave= 6.27E+00 b. +/- 1.98 % || Macs30 ave= 6.67E-02 b. +/- 0.79 % || Gn^0(l=0) ave= 9.018E-02 +/- 5.80 % Gn^0(l=1) ave= 3.026E-01 +/- 6.10 % Gn^0(l=2) ave= 0.000E+00 +/- 0.00 % Gn^0(l=3) ave= 0.000E+00 +/- 0.00 % || Gtotal(l=0) ave= 1.497E+01 +/- 6.18 % Gtotal(l=1) ave= 1.738E+00 +/- 3.72 % Gtotal(l=2) ave= 0.000E+00 +/- 0.00 % Gtotal(l=3) ave= 0.000E+00 +/- 0.00 %  % || Gg(l=0) ave= 7.234E-02 +/- 1.20 % Gg(l=1) ave= 9.277E-02 +/- 1.45 % Gg(l=2) ave= 0.000E+00 +/- 0.00 % Gg(l=3) ave= 0.000E+00 +/- 0.00 %  % || D(l=0) ave= 1.911E+03 +/- 1.82 % D(l=1) ave= 4.276E+02 +/- 0.00 % D(l=2) ave= 0.000E+00 +/- 0.00 % D(l=3) ave= 0.000E+00 +/- 0.00 %  % || S(l=0) ave= 4.892E-05 +/- 6.48 % S(l=1) ave= 3.490E-04 +/- 6.36 % S(l=2) ave= 0.000E+00 +/- 0.00 % S(l=3) ave= 0.000E+00 +/- 0.00 % 
 ... random file  17 Cap(th)  ave= 1.295E-01 b. +/- 3.31 % || Ela(th) ave= 5.392E+00 b. +/- 5.86 % || RIcap ave= 6.27E+00 b. +/- 1.94 % || Macs30 ave= 6.67E-02 b. +/- 0.77 % || Gn^0(l=0) ave= 9.018E-02 +/- 5.64 % Gn^0(l=1) ave= 3.020E-01 +/- 5.99 % Gn^0(l=2) ave= 0.000E+00 +/- 0.00 % Gn^0(l=3) ave= 0.000E+00 +/- 0.00 % || Gtotal(l=0) ave= 1.495E+01 +/- 6.03 % Gtotal(l=1) ave= 1.746E+00 +/- 4.16 % Gtotal(l=2) ave= 0.000E+00 +/- 0.00 % Gtotal(l=3) ave= 0.000E+00 +/- 0.00 %  % || Gg(l=0) ave= 7.227E-02 +/- 1.23 % Gg(l=1) ave= 9.270E-02 +/- 1.45 % Gg(l=2) ave= 0.000E+00 +/- 0.00 % Gg(l=3) ave= 0.000E+00 +/- 0.00 %  % || D(l=0) ave= 1.913E+03 +/- 1.82 % D(l=1) ave= 4.276E+02 +/- 0.00 % D(l=2) ave= 0.000E+00 +/- 0.00 % D(l=3) ave= 0.000E+00 +/- 0.00 %  % || S(l=0) ave= 4.887E-05 +/- 6.32 % S(l=1) ave= 3.480E-04 +/- 6.31 % S(l=2) ave= 0.000E+00 +/- 0.00 % S(l=3) ave= 0.000E+00 +/- 0.00 % 
 ... random file  18 Cap(th)  ave= 1.297E-01 b. +/- 3.26 % || Ela(th) ave= 5.427E+00 b. +/- 6.30 % || RIcap ave= 6.27E+00 b. +/- 1.93 % || Macs30 ave= 6.68E-02 b. +/- 0.83 % || Gn^0(l=0) ave= 9.080E-02 +/- 6.18 % Gn^0(l=1) ave= 3.005E-01 +/- 6.23 % Gn^0(l=2) ave= 0.000E+00 +/- 0.00 % Gn^0(l=3) ave= 0.000E+00 +/- 0.00 % || Gtotal(l=0) ave= 1.507E+01 +/- 6.73 % Gtotal(l=1) ave= 1.744E+00 +/- 4.11 % Gtotal(l=2) ave= 0.000E+00 +/- 0.00 % Gtotal(l=3) ave= 0.000E+00 +/- 0.00 %  % || Gg(l=0) ave= 7.251E-02 +/- 1.85 % Gg(l=1) ave= 9.278E-02 +/- 1.45 % Gg(l=2) ave= 0.000E+00 +/- 0.00 % Gg(l=3) ave= 0.000E+00 +/- 0.00 %  % || D(l=0) ave= 1.912E+03 +/- 1.82 % D(l=1) ave= 4.276E+02 +/- 0.00 % D(l=2) ave= 0.000E+00 +/- 0.00 % D(l=3) ave= 0.000E+00 +/- 0.00 %  % || S(l=0) ave= 4.926E-05 +/- 6.96 % S(l=1) ave= 3.465E-04 +/- 6.45 % S(l=2) ave= 0.000E+00 +/- 0.00 % S(l=3) ave= 0.000E+00 +/- 0.00 % 
 ... random file  19 Cap(th)  ave= 1.296E-01 b. +/- 3.19 % || Ela(th) ave= 5.452E+00 b. +/- 6.43 % || RIcap ave= 6.27E+00 b. +/- 1.89 % || Macs30 ave= 6.68E-02 b. +/- 0.82 % || Gn^0(l=0) ave= 9.049E-02 +/- 6.23 % Gn^0(l=1) ave= 2.996E-01 +/- 6.21 % Gn^0(l=2) ave= 0.000E+00 +/- 0.00 % Gn^0(l=3) ave= 0.000E+00 +/- 0.00 % || Gtotal(l=0) ave= 1.501E+01 +/- 6.87 % Gtotal(l=1) ave= 1.749E+00 +/- 4.18 % Gtotal(l=2) ave= 0.000E+00 +/- 0.00 % Gtotal(l=3) ave= 0.000E+00 +/- 0.00 %  % || Gg(l=0) ave= 7.257E-02 +/- 1.84 % Gg(l=1) ave= 9.281E-02 +/- 1.43 % Gg(l=2) ave= 0.000E+00 +/- 0.00 % Gg(l=3) ave= 0.000E+00 +/- 0.00 %  % || D(l=0) ave= 1.913E+03 +/- 1.82 % D(l=1) ave= 4.276E+02 +/- 0.00 % D(l=2) ave= 0.000E+00 +/- 0.00 % D(l=3) ave= 0.000E+00 +/- 0.00 %  % || S(l=0) ave= 4.905E-05 +/- 7.07 % S(l=1) ave= 3.453E-04 +/- 6.49 % S(l=2) ave= 0.000E+00 +/- 0.00 % S(l=3) ave= 0.000E+00 +/- 0.00 % 
 ... random file  20 Cap(th)  ave= 1.299E-01 b. +/- 3.27 % || Ela(th) ave= 5.460E+00 b. +/- 6.29 % || RIcap ave= 6.28E+00 b. +/- 2.06 % || Macs30 ave= 6.68E-02 b. +/- 0.83 % || Gn^0(l=0) ave= 9.032E-02 +/- 6.15 % Gn^0(l=1) ave= 2.991E-01 +/- 6.12 % Gn^0(l=2) ave= 0.000E+00 +/- 0.00 % Gn^0(l=3) ave= 0.000E+00 +/- 0.00 % || Gtotal(l=0) ave= 1.497E+01 +/- 6.83 % Gtotal(l=1) ave= 1.748E+00 +/- 4.09 % Gtotal(l=2) ave= 0.000E+00 +/- 0.00 % Gtotal(l=3) ave= 0.000E+00 +/- 0.00 %  % || Gg(l=0) ave= 7.265E-02 +/- 1.85 % Gg(l=1) ave= 9.277E-02 +/- 1.40 % Gg(l=2) ave= 0.000E+00 +/- 0.00 % Gg(l=3) ave= 0.000E+00 +/- 0.00 %  % || D(l=0) ave= 1.915E+03 +/- 1.81 % D(l=1) ave= 4.276E+02 +/- 0.00 % D(l=2) ave= 0.000E+00 +/- 0.00 % D(l=3) ave= 0.000E+00 +/- 0.00 %  % || S(l=0) ave= 4.892E-05 +/- 7.02 % S(l=1) ave= 3.448E-04 +/- 6.38 % S(l=2) ave= 0.000E+00 +/- 0.00 % S(l=3) ave= 0.000E+00 +/- 0.00 % 
 ... random file  21 Cap(th)  ave= 1.300E-01 b. +/- 3.22 % || Ela(th) ave= 5.473E+00 b. +/- 6.23 % || RIcap ave= 6.28E+00 b. +/- 2.01 % || Macs30 ave= 6.67E-02 b. +/- 0.85 % || Gn^0(l=0) ave= 9.009E-02 +/- 6.14 % Gn^0(l=1) ave= 2.981E-01 +/- 6.20 % Gn^0(l=2) ave= 0.000E+00 +/- 0.00 % Gn^0(l=3) ave= 0.000E+00 +/- 0.00 % || Gtotal(l=0) ave= 1.492E+01 +/- 6.87 % Gtotal(l=1) ave= 1.745E+00 +/- 4.08 % Gtotal(l=2) ave= 0.000E+00 +/- 0.00 % Gtotal(l=3) ave= 0.000E+00 +/- 0.00 %  % || Gg(l=0) ave= 7.275E-02 +/- 1.91 % Gg(l=1) ave= 9.270E-02 +/- 1.42 % Gg(l=2) ave= 0.000E+00 +/- 0.00 % Gg(l=3) ave= 0.000E+00 +/- 0.00 %  % || D(l=0) ave= 1.917E+03 +/- 1.81 % D(l=1) ave= 4.276E+02 +/- 0.00 % D(l=2) ave= 0.000E+00 +/- 0.00 % D(l=3) ave= 0.000E+00 +/- 0.00 %  % || S(l=0) ave= 4.875E-05 +/- 7.05 % S(l=1) ave= 3.436E-04 +/- 6.46 % S(l=2) ave= 0.000E+00 +/- 0.00 % S(l=3) ave= 0.000E+00 +/- 0.00 % 
 ... random file  22 Cap(th)  ave= 1.300E-01 b. +/- 3.15 % || Ela(th) ave= 5.466E+00 b. +/- 6.14 % || RIcap ave= 6.27E+00 b. +/- 2.04 % || Macs30 ave= 6.67E-02 b. +/- 0.85 % || Gn^0(l=0) ave= 9.007E-02 +/- 6.01 % Gn^0(l=1) ave= 2.979E-01 +/- 6.08 % Gn^0(l=2) ave= 0.000E+00 +/- 0.00 % Gn^0(l=3) ave= 0.000E+00 +/- 0.00 % || Gtotal(l=0) ave= 1.490E+01 +/- 6.73 % Gtotal(l=1) ave= 1.739E+00 +/- 4.26 % Gtotal(l=2) ave= 0.000E+00 +/- 0.00 % Gtotal(l=3) ave= 0.000E+00 +/- 0.00 %  % || Gg(l=0) ave= 7.266E-02 +/- 1.94 % Gg(l=1) ave= 9.270E-02 +/- 1.39 % Gg(l=2) ave= 0.000E+00 +/- 0.00 % Gg(l=3) ave= 0.000E+00 +/- 0.00 %  % || D(l=0) ave= 1.915E+03 +/- 1.82 % D(l=1) ave= 4.276E+02 +/- 0.00 % D(l=2) ave= 0.000E+00 +/- 0.00 % D(l=3) ave= 0.000E+00 +/- 0.00 %  % || S(l=0) ave= 4.878E-05 +/- 6.90 % S(l=1) ave= 3.433E-04 +/- 6.33 % S(l=2) ave= 0.000E+00 +/- 0.00 % S(l=3) ave= 0.000E+00 +/- 0.00 % 
 ... random file  23 Cap(th)  ave= 1.296E-01 b. +/- 3.40 % || Ela(th) ave= 5.463E+00 b. +/- 6.02 % || RIcap ave= 6.27E+00 b. +/- 2.00 % || Macs30 ave= 6.67E-02 b. +/- 0.86 % || Gn^0(l=0) ave= 8.973E-02 +/- 6.18 % Gn^0(l=1) ave= 2.977E-01 +/- 5.96 % Gn^0(l=2) ave= 0.000E+00 +/- 0.00 % Gn^0(l=3) ave= 0.000E+00 +/- 0.00 % || Gtotal(l=0) ave= 1.485E+01 +/- 6.86 % Gtotal(l=1) ave= 1.737E+00 +/- 4.24 % Gtotal(l=2) ave= 0.000E+00 +/- 0.00 % Gtotal(l=3) ave= 0.000E+00 +/- 0.00 %  % || Gg(l=0) ave= 7.265E-02 +/- 1.90 % Gg(l=1) ave= 9.268E-02 +/- 1.36 % Gg(l=2) ave= 0.000E+00 +/- 0.00 % Gg(l=3) ave= 0.000E+00 +/- 0.00 %  % || D(l=0) ave= 1.913E+03 +/- 1.82 % D(l=1) ave= 4.277E+02 +/- 0.00 % D(l=2) ave= 0.000E+00 +/- 0.00 % D(l=3) ave= 0.000E+00 +/- 0.00 %  % || S(l=0) ave= 4.863E-05 +/- 6.93 % S(l=1) ave= 3.433E-04 +/- 6.20 % S(l=2) ave= 0.000E+00 +/- 0.00 % S(l=3) ave= 0.000E+00 +/- 0.00 % 
 ... random file  24 Cap(th)  ave= 1.300E-01 b. +/- 3.69 % || Ela(th) ave= 5.479E+00 b. +/- 6.06 % || RIcap ave= 6.28E+00 b. +/- 2.05 % || Macs30 ave= 6.67E-02 b. +/- 0.84 % || Gn^0(l=0) ave= 8.973E-02 +/- 6.05 % Gn^0(l=1) ave= 2.969E-01 +/- 6.03 % Gn^0(l=2) ave= 0.000E+00 +/- 0.00 % Gn^0(l=3) ave= 0.000E+00 +/- 0.00 % || Gtotal(l=0) ave= 1.485E+01 +/- 6.72 % Gtotal(l=1) ave= 1.733E+00 +/- 4.33 % Gtotal(l=2) ave= 0.000E+00 +/- 0.00 % Gtotal(l=3) ave= 0.000E+00 +/- 0.00 %  % || Gg(l=0) ave= 7.274E-02 +/- 1.95 % Gg(l=1) ave= 9.262E-02 +/- 1.37 % Gg(l=2) ave= 0.000E+00 +/- 0.00 % Gg(l=3) ave= 0.000E+00 +/- 0.00 %  % || D(l=0) ave= 1.912E+03 +/- 1.82 % D(l=1) ave= 4.277E+02 +/- 0.00 % D(l=2) ave= 0.000E+00 +/- 0.00 % D(l=3) ave= 0.000E+00 +/- 0.00 %  % || S(l=0) ave= 4.867E-05 +/- 6.80 % S(l=1) ave= 3.424E-04 +/- 6.22 % S(l=2) ave= 0.000E+00 +/- 0.00 % S(l=3) ave= 0.000E+00 +/- 0.00 % 
 ... random file  25 Cap(th)  ave= 1.300E-01 b. +/- 3.63 % || Ela(th) ave= 5.470E+00 b. +/- 6.01 % || RIcap ave= 6.27E+00 b. +/- 2.09 % || Macs30 ave= 6.66E-02 b. +/- 0.84 % || Gn^0(l=0) ave= 8.971E-02 +/- 5.94 % Gn^0(l=1) ave= 2.971E-01 +/- 5.91 % Gn^0(l=2) ave= 0.000E+00 +/- 0.00 % Gn^0(l=3) ave= 0.000E+00 +/- 0.00 % || Gtotal(l=0) ave= 1.484E+01 +/- 6.60 % Gtotal(l=1) ave= 1.732E+00 +/- 4.25 % Gtotal(l=2) ave= 0.000E+00 +/- 0.00 % Gtotal(l=3) ave= 0.000E+00 +/- 0.00 %  % || Gg(l=0) ave= 7.278E-02 +/- 1.92 % Gg(l=1) ave= 9.261E-02 +/- 1.34 % Gg(l=2) ave= 0.000E+00 +/- 0.00 % Gg(l=3) ave= 0.000E+00 +/- 0.00 %  % || D(l=0) ave= 1.911E+03 +/- 1.82 % D(l=1) ave= 4.277E+02 +/- 0.00 % D(l=2) ave= 0.000E+00 +/- 0.00 % D(l=3) ave= 0.000E+00 +/- 0.00 %  % || S(l=0) ave= 4.869E-05 +/- 6.67 % S(l=1) ave= 3.426E-04 +/- 6.10 % S(l=2) ave= 0.000E+00 +/- 0.00 % S(l=3) ave= 0.000E+00 +/- 0.00 % 
 ... random file  26 Cap(th)  ave= 1.299E-01 b. +/- 3.58 % || Ela(th) ave= 5.457E+00 b. +/- 6.04 % || RIcap ave= 6.27E+00 b. +/- 2.06 % || Macs30 ave= 6.67E-02 b. +/- 0.83 % || Gn^0(l=0) ave= 8.990E-02 +/- 5.91 % Gn^0(l=1) ave= 2.979E-01 +/- 5.98 % Gn^0(l=2) ave= 0.000E+00 +/- 0.00 % Gn^0(l=3) ave= 0.000E+00 +/- 0.00 % || Gtotal(l=0) ave= 1.489E+01 +/- 6.61 % Gtotal(l=1) ave= 1.730E+00 +/- 4.21 % Gtotal(l=2) ave= 0.000E+00 +/- 0.00 % Gtotal(l=3) ave= 0.000E+00 +/- 0.00 %  % || Gg(l=0) ave= 7.272E-02 +/- 1.94 % Gg(l=1) ave= 9.260E-02 +/- 1.32 % Gg(l=2) ave= 0.000E+00 +/- 0.00 % Gg(l=3) ave= 0.000E+00 +/- 0.00 %  % || D(l=0) ave= 1.910E+03 +/- 1.81 % D(l=1) ave= 4.277E+02 +/- 0.00 % D(l=2) ave= 0.000E+00 +/- 0.00 % D(l=3) ave= 0.000E+00 +/- 0.00 %  % || S(l=0) ave= 4.882E-05 +/- 6.67 % S(l=1) ave= 3.438E-04 +/- 6.23 % S(l=2) ave= 0.000E+00 +/- 0.00 % S(l=3) ave= 0.000E+00 +/- 0.00 % 
 ... random file  27 Cap(th)  ave= 1.296E-01 b. +/- 3.63 % || Ela(th) ave= 5.454E+00 b. +/- 5.94 % || RIcap ave= 6.28E+00 b. +/- 2.03 % || Macs30 ave= 6.67E-02 b. +/- 0.84 % || Gn^0(l=0) ave= 8.982E-02 +/- 5.83 % Gn^0(l=1) ave= 2.987E-01 +/- 6.02 % Gn^0(l=2) ave= 0.000E+00 +/- 0.00 % Gn^0(l=3) ave= 0.000E+00 +/- 0.00 % || Gtotal(l=0) ave= 1.487E+01 +/- 6.53 % Gtotal(l=1) ave= 1.736E+00 +/- 4.45 % Gtotal(l=2) ave= 0.000E+00 +/- 0.00 % Gtotal(l=3) ave= 0.000E+00 +/- 0.00 %  % || Gg(l=0) ave= 7.279E-02 +/- 1.96 % Gg(l=1) ave= 9.262E-02 +/- 1.30 % Gg(l=2) ave= 0.000E+00 +/- 0.00 % Gg(l=3) ave= 0.000E+00 +/- 0.00 %  % || D(l=0) ave= 1.911E+03 +/- 1.82 % D(l=1) ave= 4.277E+02 +/- 0.00 % D(l=2) ave= 0.000E+00 +/- 0.00 % D(l=3) ave= 0.000E+00 +/- 0.00 %  % || S(l=0) ave= 4.874E-05 +/- 6.61 % S(l=1) ave= 3.446E-04 +/- 6.24 % S(l=2) ave= 0.000E+00 +/- 0.00 % S(l=3) ave= 0.000E+00 +/- 0.00 % 
 ... random file  28 Cap(th)  ave= 1.298E-01 b. +/- 3.61 % || Ela(th) ave= 5.438E+00 b. +/- 6.08 % || RIcap ave= 6.27E+00 b. +/- 2.01 % || Macs30 ave= 6.67E-02 b. +/- 0.84 % || Gn^0(l=0) ave= 8.995E-02 +/- 5.77 % Gn^0(l=1) ave= 2.997E-01 +/- 6.15 % Gn^0(l=2) ave= 0.000E+00 +/- 0.00 % Gn^0(l=3) ave= 0.000E+00 +/- 0.00 % || Gtotal(l=0) ave= 1.487E+01 +/- 6.42 % Gtotal(l=1) ave= 1.738E+00 +/- 4.43 % Gtotal(l=2) ave= 0.000E+00 +/- 0.00 % Gtotal(l=3) ave= 0.000E+00 +/- 0.00 %  % || Gg(l=0) ave= 7.276E-02 +/- 1.94 % Gg(l=1) ave= 9.265E-02 +/- 1.29 % Gg(l=2) ave= 0.000E+00 +/- 0.00 % Gg(l=3) ave= 0.000E+00 +/- 0.00 %  % || D(l=0) ave= 1.912E+03 +/- 1.82 % D(l=1) ave= 4.277E+02 +/- 0.00 % D(l=2) ave= 0.000E+00 +/- 0.00 % D(l=3) ave= 0.000E+00 +/- 0.00 %  % || S(l=0) ave= 4.878E-05 +/- 6.50 % S(l=1) ave= 3.458E-04 +/- 6.37 % S(l=2) ave= 0.000E+00 +/- 0.00 % S(l=3) ave= 0.000E+00 +/- 0.00 % 
 ... random file  29 Cap(th)  ave= 1.297E-01 b. +/- 3.58 % || Ela(th) ave= 5.425E+00 b. +/- 6.13 % || RIcap ave= 6.27E+00 b. +/- 2.10 % || Macs30 ave= 6.67E-02 b. +/- 0.84 % || Gn^0(l=0) ave= 8.997E-02 +/- 5.67 % Gn^0(l=1) ave= 3.004E-01 +/- 6.15 % Gn^0(l=2) ave= 0.000E+00 +/- 0.00 % Gn^0(l=3) ave= 0.000E+00 +/- 0.00 % || Gtotal(l=0) ave= 1.487E+01 +/- 6.32 % Gtotal(l=1) ave= 1.738E+00 +/- 4.36 % Gtotal(l=2) ave= 0.000E+00 +/- 0.00 % Gtotal(l=3) ave= 0.000E+00 +/- 0.00 %  % || Gg(l=0) ave= 7.284E-02 +/- 1.97 % Gg(l=1) ave= 9.270E-02 +/- 1.30 % Gg(l=2) ave= 0.000E+00 +/- 0.00 % Gg(l=3) ave= 0.000E+00 +/- 0.00 %  % || D(l=0) ave= 1.913E+03 +/- 1.82 % D(l=1) ave= 4.277E+02 +/- 0.00 % D(l=2) ave= 0.000E+00 +/- 0.00 % D(l=3) ave= 0.000E+00 +/- 0.00 %  % || S(l=0) ave= 4.876E-05 +/- 6.40 % S(l=1) ave= 3.464E-04 +/- 6.31 % S(l=2) ave= 0.000E+00 +/- 0.00 % S(l=3) ave= 0.000E+00 +/- 0.00 % 
 ... random file  30 Cap(th)  ave= 1.296E-01 b. +/- 3.56 % || Ela(th) ave= 5.420E+00 b. +/- 6.05 % || RIcap ave= 6.27E+00 b. +/- 2.07 % || Macs30 ave= 6.67E-02 b. +/- 0.83 % || Gn^0(l=0) ave= 8.999E-02 +/- 5.58 % Gn^0(l=1) ave= 3.003E-01 +/- 6.05 % Gn^0(l=2) ave= 0.000E+00 +/- 0.00 % Gn^0(l=3) ave= 0.000E+00 +/- 0.00 % || Gtotal(l=0) ave= 1.488E+01 +/- 6.21 % Gtotal(l=1) ave= 1.738E+00 +/- 4.29 % Gtotal(l=2) ave= 0.000E+00 +/- 0.00 % Gtotal(l=3) ave= 0.000E+00 +/- 0.00 %  % || Gg(l=0) ave= 7.284E-02 +/- 1.94 % Gg(l=1) ave= 9.275E-02 +/- 1.32 % Gg(l=2) ave= 0.000E+00 +/- 0.00 % Gg(l=3) ave= 0.000E+00 +/- 0.00 %  % || D(l=0) ave= 1.915E+03 +/- 1.82 % D(l=1) ave= 4.277E+02 +/- 0.00 % D(l=2) ave= 0.000E+00 +/- 0.00 % D(l=3) ave= 0.000E+00 +/- 0.00 %  % || S(l=0) ave= 4.874E-05 +/- 6.30 % S(l=1) ave= 3.463E-04 +/- 6.21 % S(l=2) ave= 0.000E+00 +/- 0.00 % S(l=3) ave= 0.000E+00 +/- 0.00 % 
 ... random file  31 Cap(th)  ave= 1.296E-01 b. +/- 3.50 % || Ela(th) ave= 5.418E+00 b. +/- 5.96 % || RIcap ave= 6.27E+00 b. +/- 2.07 % || Macs30 ave= 6.67E-02 b. +/- 0.82 % || Gn^0(l=0) ave= 9.002E-02 +/- 5.49 % Gn^0(l=1) ave= 3.007E-01 +/- 6.00 % Gn^0(l=2) ave= 0.000E+00 +/- 0.00 % Gn^0(l=3) ave= 0.000E+00 +/- 0.00 % || Gtotal(l=0) ave= 1.488E+01 +/- 6.12 % Gtotal(l=1) ave= 1.738E+00 +/- 4.23 % Gtotal(l=2) ave= 0.000E+00 +/- 0.00 % Gtotal(l=3) ave= 0.000E+00 +/- 0.00 %  % || Gg(l=0) ave= 7.281E-02 +/- 1.93 % Gg(l=1) ave= 9.273E-02 +/- 1.30 % Gg(l=2) ave= 0.000E+00 +/- 0.00 % Gg(l=3) ave= 0.000E+00 +/- 0.00 %  % || D(l=0) ave= 1.913E+03 +/- 1.82 % D(l=1) ave= 4.277E+02 +/- 0.00 % D(l=2) ave= 0.000E+00 +/- 0.00 % D(l=3) ave= 0.000E+00 +/- 0.00 %  % || S(l=0) ave= 4.879E-05 +/- 6.22 % S(l=1) ave= 3.469E-04 +/- 6.20 % S(l=2) ave= 0.000E+00 +/- 0.00 % S(l=3) ave= 0.000E+00 +/- 0.00 % 
 ... random file  32 Cap(th)  ave= 1.296E-01 b. +/- 3.45 % || Ela(th) ave= 5.401E+00 b. +/- 6.13 % || RIcap ave= 6.27E+00 b. +/- 2.04 % || Macs30 ave= 6.68E-02 b. +/- 0.84 % || Gn^0(l=0) ave= 8.995E-02 +/- 5.43 % Gn^0(l=1) ave= 3.014E-01 +/- 6.04 % Gn^0(l=2) ave= 0.000E+00 +/- 0.00 % Gn^0(l=3) ave= 0.000E+00 +/- 0.00 % || Gtotal(l=0) ave= 1.488E+01 +/- 6.03 % Gtotal(l=1) ave= 1.738E+00 +/- 4.16 % Gtotal(l=2) ave= 0.000E+00 +/- 0.00 % Gtotal(l=3) ave= 0.000E+00 +/- 0.00 %  % || Gg(l=0) ave= 7.284E-02 +/- 1.93 % Gg(l=1) ave= 9.279E-02 +/- 1.33 % Gg(l=2) ave= 0.000E+00 +/- 0.00 % Gg(l=3) ave= 0.000E+00 +/- 0.00 %  % || D(l=0) ave= 1.912E+03 +/- 1.82 % D(l=1) ave= 4.277E+02 +/- 0.00 % D(l=2) ave= 0.000E+00 +/- 0.00 % D(l=3) ave= 0.000E+00 +/- 0.00 %  % || S(l=0) ave= 4.877E-05 +/- 6.13 % S(l=1) ave= 3.477E-04 +/- 6.22 % S(l=2) ave= 0.000E+00 +/- 0.00 % S(l=3) ave= 0.000E+00 +/- 0.00 % 
 ... random file  33 Cap(th)  ave= 1.297E-01 b. +/- 3.42 % || Ela(th) ave= 5.407E+00 b. +/- 6.06 % || RIcap ave= 6.27E+00 b. +/- 2.02 % || Macs30 ave= 6.68E-02 b. +/- 0.84 % || Gn^0(l=0) ave= 8.972E-02 +/- 5.57 % Gn^0(l=1) ave= 3.012E-01 +/- 5.99 % Gn^0(l=2) ave= 0.000E+00 +/- 0.00 % Gn^0(l=3) ave= 0.000E+00 +/- 0.00 % || Gtotal(l=0) ave= 1.483E+01 +/- 6.24 % Gtotal(l=1) ave= 1.738E+00 +/- 4.10 % Gtotal(l=2) ave= 0.000E+00 +/- 0.00 % Gtotal(l=3) ave= 0.000E+00 +/- 0.00 %  % || Gg(l=0) ave= 7.289E-02 +/- 1.93 % Gg(l=1) ave= 9.285E-02 +/- 1.36 % Gg(l=2) ave= 0.000E+00 +/- 0.00 % Gg(l=3) ave= 0.000E+00 +/- 0.00 %  % || D(l=0) ave= 1.913E+03 +/- 1.82 % D(l=1) ave= 4.277E+02 +/- 0.00 % D(l=2) ave= 0.000E+00 +/- 0.00 % D(l=3) ave= 0.000E+00 +/- 0.00 %  % || S(l=0) ave= 4.862E-05 +/- 6.31 % S(l=1) ave= 3.475E-04 +/- 6.15 % S(l=2) ave= 0.000E+00 +/- 0.00 % S(l=3) ave= 0.000E+00 +/- 0.00 % 
 ... random file  34 Cap(th)  ave= 1.297E-01 b. +/- 3.37 % || Ela(th) ave= 5.402E+00 b. +/- 6.01 % || RIcap ave= 6.27E+00 b. +/- 1.99 % || Macs30 ave= 6.68E-02 b. +/- 0.87 % || Gn^0(l=0) ave= 8.986E-02 +/- 5.55 % Gn^0(l=1) ave= 3.011E-01 +/- 5.90 % Gn^0(l=2) ave= 0.000E+00 +/- 0.00 % Gn^0(l=3) ave= 0.000E+00 +/- 0.00 % || Gtotal(l=0) ave= 1.486E+01 +/- 6.24 % Gtotal(l=1) ave= 1.736E+00 +/- 4.11 % Gtotal(l=2) ave= 0.000E+00 +/- 0.00 % Gtotal(l=3) ave= 0.000E+00 +/- 0.00 %  % || Gg(l=0) ave= 7.286E-02 +/- 1.92 % Gg(l=1) ave= 9.289E-02 +/- 1.36 % Gg(l=2) ave= 0.000E+00 +/- 0.00 % Gg(l=3) ave= 0.000E+00 +/- 0.00 %  % || D(l=0) ave= 1.912E+03 +/- 1.82 % D(l=1) ave= 4.277E+02 +/- 0.00 % D(l=2) ave= 0.000E+00 +/- 0.00 % D(l=3) ave= 0.000E+00 +/- 0.00 %  % || S(l=0) ave= 4.872E-05 +/- 6.32 % S(l=1) ave= 3.475E-04 +/- 6.06 % S(l=2) ave= 0.000E+00 +/- 0.00 % S(l=3) ave= 0.000E+00 +/- 0.00 % 
 ... random file  35 Cap(th)  ave= 1.297E-01 b. +/- 3.32 % || Ela(th) ave= 5.392E+00 b. +/- 6.02 % || RIcap ave= 6.27E+00 b. +/- 1.97 % || Macs30 ave= 6.68E-02 b. +/- 0.86 % || Gn^0(l=0) ave= 8.983E-02 +/- 5.48 % Gn^0(l=1) ave= 3.017E-01 +/- 5.90 % Gn^0(l=2) ave= 0.000E+00 +/- 0.00 % Gn^0(l=3) ave= 0.000E+00 +/- 0.00 % || Gtotal(l=0) ave= 1.485E+01 +/- 6.17 % Gtotal(l=1) ave= 1.737E+00 +/- 4.05 % Gtotal(l=2) ave= 0.000E+00 +/- 0.00 % Gtotal(l=3) ave= 0.000E+00 +/- 0.00 %  % || Gg(l=0) ave= 7.299E-02 +/- 2.20 % Gg(l=1) ave= 9.285E-02 +/- 1.36 % Gg(l=2) ave= 0.000E+00 +/- 0.00 % Gg(l=3) ave= 0.000E+00 +/- 0.00 %  % || D(l=0) ave= 1.911E+03 +/- 1.82 % D(l=1) ave= 4.277E+02 +/- 0.00 % D(l=2) ave= 0.000E+00 +/- 0.00 % D(l=3) ave= 0.000E+00 +/- 0.00 %  % || S(l=0) ave= 4.873E-05 +/- 6.23 % S(l=1) ave= 3.480E-04 +/- 6.02 % S(l=2) ave= 0.000E+00 +/- 0.00 % S(l=3) ave= 0.000E+00 +/- 0.00 % 
 ... random file  36 Cap(th)  ave= 1.298E-01 b. +/- 3.35 % || Ela(th) ave= 5.399E+00 b. +/- 5.98 % || RIcap ave= 6.27E+00 b. +/- 1.94 % || Macs30 ave= 6.68E-02 b. +/- 0.85 % || Gn^0(l=0) ave= 8.957E-02 +/- 5.68 % Gn^0(l=1) ave= 3.015E-01 +/- 5.83 % Gn^0(l=2) ave= 0.000E+00 +/- 0.00 % Gn^0(l=3) ave= 0.000E+00 +/- 0.00 % || Gtotal(l=0) ave= 1.481E+01 +/- 6.37 % Gtotal(l=1) ave= 1.736E+00 +/- 4.01 % Gtotal(l=2) ave= 0.000E+00 +/- 0.00 % Gtotal(l=3) ave= 0.000E+00 +/- 0.00 %  % || Gg(l=0) ave= 7.305E-02 +/- 2.22 % Gg(l=1) ave= 9.282E-02 +/- 1.37 % Gg(l=2) ave= 0.000E+00 +/- 0.00 % Gg(l=3) ave= 0.000E+00 +/- 0.00 %  % || D(l=0) ave= 1.912E+03 +/- 1.82 % D(l=1) ave= 4.277E+02 +/- 0.00 % D(l=2) ave= 0.000E+00 +/- 0.00 % D(l=3) ave= 0.000E+00 +/- 0.00 %  % || S(l=0) ave= 4.857E-05 +/- 6.47 % S(l=1) ave= 3.478E-04 +/- 5.95 % S(l=2) ave= 0.000E+00 +/- 0.00 % S(l=3) ave= 0.000E+00 +/- 0.00 % 
 ... random file  37 Cap(th)  ave= 1.298E-01 b. +/- 3.32 % || Ela(th) ave= 5.402E+00 b. +/- 5.91 % || RIcap ave= 6.27E+00 b. +/- 1.94 % || Macs30 ave= 6.68E-02 b. +/- 0.84 % || Gn^0(l=0) ave= 8.938E-02 +/- 5.77 % Gn^0(l=1) ave= 3.016E-01 +/- 5.76 % Gn^0(l=2) ave= 0.000E+00 +/- 0.00 % Gn^0(l=3) ave= 0.000E+00 +/- 0.00 % || Gtotal(l=0) ave= 1.477E+01 +/- 6.48 % Gtotal(l=1) ave= 1.738E+00 +/- 4.02 % Gtotal(l=2) ave= 0.000E+00 +/- 0.00 % Gtotal(l=3) ave= 0.000E+00 +/- 0.00 %  % || Gg(l=0) ave= 7.306E-02 +/- 2.19 % Gg(l=1) ave= 9.283E-02 +/- 1.35 % Gg(l=2) ave= 0.000E+00 +/- 0.00 % Gg(l=3) ave= 0.000E+00 +/- 0.00 %  % || D(l=0) ave= 1.912E+03 +/- 1.82 % D(l=1) ave= 4.277E+02 +/- 0.00 % D(l=2) ave= 0.000E+00 +/- 0.00 % D(l=3) ave= 0.000E+00 +/- 0.00 %  % || S(l=0) ave= 4.849E-05 +/- 6.49 % S(l=1) ave= 3.480E-04 +/- 5.88 % S(l=2) ave= 0.000E+00 +/- 0.00 % S(l=3) ave= 0.000E+00 +/- 0.00 % 
 ... random file  38 Cap(th)  ave= 1.299E-01 b. +/- 3.37 % || Ela(th) ave= 5.398E+00 b. +/- 5.86 % || RIcap ave= 6.26E+00 b. +/- 1.96 % || Macs30 ave= 6.68E-02 b. +/- 0.88 % || Gn^0(l=0) ave= 8.937E-02 +/- 5.69 % Gn^0(l=1) ave= 3.019E-01 +/- 5.70 % Gn^0(l=2) ave= 0.000E+00 +/- 0.00 % Gn^0(l=3) ave= 0.000E+00 +/- 0.00 % || Gtotal(l=0) ave= 1.477E+01 +/- 6.40 % Gtotal(l=1) ave= 1.737E+00 +/- 3.97 % Gtotal(l=2) ave= 0.000E+00 +/- 0.00 % Gtotal(l=3) ave= 0.000E+00 +/- 0.00 %  % || Gg(l=0) ave= 7.303E-02 +/- 2.18 % Gg(l=1) ave= 9.278E-02 +/- 1.39 % Gg(l=2) ave= 0.000E+00 +/- 0.00 % Gg(l=3) ave= 0.000E+00 +/- 0.00 %  % || D(l=0) ave= 1.913E+03 +/- 1.82 % D(l=1) ave= 4.277E+02 +/- 0.00 % D(l=2) ave= 0.000E+00 +/- 0.00 % D(l=3) ave= 0.000E+00 +/- 0.00 %  % || S(l=0) ave= 4.846E-05 +/- 6.42 % S(l=1) ave= 3.481E-04 +/- 5.80 % S(l=2) ave= 0.000E+00 +/- 0.00 % S(l=3) ave= 0.000E+00 +/- 0.00 % 
 ... random file  39 Cap(th)  ave= 1.298E-01 b. +/- 3.36 % || Ela(th) ave= 5.383E+00 b. +/- 6.06 % || RIcap ave= 6.26E+00 b. +/- 1.98 % || Macs30 ave= 6.68E-02 b. +/- 0.87 % || Gn^0(l=0) ave= 8.938E-02 +/- 5.62 % Gn^0(l=1) ave= 3.023E-01 +/- 5.68 % Gn^0(l=2) ave= 0.000E+00 +/- 0.00 % Gn^0(l=3) ave= 0.000E+00 +/- 0.00 % || Gtotal(l=0) ave= 1.477E+01 +/- 6.32 % Gtotal(l=1) ave= 1.733E+00 +/- 4.18 % Gtotal(l=2) ave= 0.000E+00 +/- 0.00 % Gtotal(l=3) ave= 0.000E+00 +/- 0.00 %  % || Gg(l=0) ave= 7.307E-02 +/- 2.17 % Gg(l=1) ave= 9.278E-02 +/- 1.37 % Gg(l=2) ave= 0.000E+00 +/- 0.00 % Gg(l=3) ave= 0.000E+00 +/- 0.00 %  % || D(l=0) ave= 1.913E+03 +/- 1.82 % D(l=1) ave= 4.277E+02 +/- 0.00 % D(l=2) ave= 0.000E+00 +/- 0.00 % D(l=3) ave= 0.000E+00 +/- 0.00 %  % || S(l=0) ave= 4.844E-05 +/- 6.34 % S(l=1) ave= 3.487E-04 +/- 5.81 % S(l=2) ave= 0.000E+00 +/- 0.00 % S(l=3) ave= 0.000E+00 +/- 0.00 % 
 ... random file  40 Cap(th)  ave= 1.299E-01 b. +/- 3.32 % || Ela(th) ave= 5.387E+00 b. +/- 6.01 % || RIcap ave= 6.26E+00 b. +/- 1.97 % || Macs30 ave= 6.68E-02 b. +/- 0.87 % || Gn^0(l=0) ave= 8.932E-02 +/- 5.57 % Gn^0(l=1) ave= 3.019E-01 +/- 5.67 % Gn^0(l=2) ave= 0.000E+00 +/- 0.00 % Gn^0(l=3) ave= 0.000E+00 +/- 0.00 % || Gtotal(l=0) ave= 1.476E+01 +/- 6.26 % Gtotal(l=1) ave= 1.731E+00 +/- 4.20 % Gtotal(l=2) ave= 0.000E+00 +/- 0.00 % Gtotal(l=3) ave= 0.000E+00 +/- 0.00 %  % || Gg(l=0) ave= 7.310E-02 +/- 2.17 % Gg(l=1) ave= 9.279E-02 +/- 1.35 % Gg(l=2) ave= 0.000E+00 +/- 0.00 % Gg(l=3) ave= 0.000E+00 +/- 0.00 %  % || D(l=0) ave= 1.913E+03 +/- 1.82 % D(l=1) ave= 4.277E+02 +/- 0.00 % D(l=2) ave= 0.000E+00 +/- 0.00 % D(l=3) ave= 0.000E+00 +/- 0.00 %  % || S(l=0) ave= 4.843E-05 +/- 6.27 % S(l=1) ave= 3.483E-04 +/- 5.79 % S(l=2) ave= 0.000E+00 +/- 0.00 % S(l=3) ave= 0.000E+00 +/- 0.00 % 
 ... random file  41 Cap(th)  ave= 1.298E-01 b. +/- 3.31 % || Ela(th) ave= 5.409E+00 b. +/- 6.47 % || RIcap ave= 6.26E+00 b. +/- 1.95 % || Macs30 ave= 6.68E-02 b. +/- 0.86 % || Gn^0(l=0) ave= 8.935E-02 +/- 5.50 % Gn^0(l=1) ave= 3.009E-01 +/- 5.98 % Gn^0(l=2) ave= 0.000E+00 +/- 0.00 % Gn^0(l=3) ave= 0.000E+00 +/- 0.00 % || Gtotal(l=0) ave= 1.476E+01 +/- 6.18 % Gtotal(l=1) ave= 1.732E+00 +/- 4.15 % Gtotal(l=2) ave= 0.000E+00 +/- 0.00 % Gtotal(l=3) ave= 0.000E+00 +/- 0.00 %  % || Gg(l=0) ave= 7.304E-02 +/- 2.20 % Gg(l=1) ave= 9.281E-02 +/- 1.35 % Gg(l=2) ave= 0.000E+00 +/- 0.00 % Gg(l=3) ave= 0.000E+00 +/- 0.00 %  % || D(l=0) ave= 1.913E+03 +/- 1.82 % D(l=1) ave= 4.277E+02 +/- 0.00 % D(l=2) ave= 0.000E+00 +/- 0.00 % D(l=3) ave= 0.000E+00 +/- 0.00 %  % || S(l=0) ave= 4.842E-05 +/- 6.19 % S(l=1) ave= 3.471E-04 +/- 6.11 % S(l=2) ave= 0.000E+00 +/- 0.00 % S(l=3) ave= 0.000E+00 +/- 0.00 % 
 ... random file  42 Cap(th)  ave= 1.297E-01 b. +/- 3.34 % || Ela(th) ave= 5.404E+00 b. +/- 6.42 % || RIcap ave= 6.25E+00 b. +/- 1.99 % || Macs30 ave= 6.68E-02 b. +/- 0.86 % || Gn^0(l=0) ave= 8.939E-02 +/- 5.45 % Gn^0(l=1) ave= 3.009E-01 +/- 5.91 % Gn^0(l=2) ave= 0.000E+00 +/- 0.00 % Gn^0(l=3) ave= 0.000E+00 +/- 0.00 % || Gtotal(l=0) ave= 1.477E+01 +/- 6.11 % Gtotal(l=1) ave= 1.731E+00 +/- 4.14 % Gtotal(l=2) ave= 0.000E+00 +/- 0.00 % Gtotal(l=3) ave= 0.000E+00 +/- 0.00 %  % || Gg(l=0) ave= 7.300E-02 +/- 2.21 % Gg(l=1) ave= 9.279E-02 +/- 1.34 % Gg(l=2) ave= 0.000E+00 +/- 0.00 % Gg(l=3) ave= 0.000E+00 +/- 0.00 %  % || D(l=0) ave= 1.914E+03 +/- 1.82 % D(l=1) ave= 4.277E+02 +/- 0.00 % D(l=2) ave= 0.000E+00 +/- 0.00 % D(l=3) ave= 0.000E+00 +/- 0.00 %  % || S(l=0) ave= 4.842E-05 +/- 6.12 % S(l=1) ave= 3.471E-04 +/- 6.04 % S(l=2) ave= 0.000E+00 +/- 0.00 % S(l=3) ave= 0.000E+00 +/- 0.00 % 
 ... random file  43 Cap(th)  ave= 1.297E-01 b. +/- 3.30 % || Ela(th) ave= 5.409E+00 b. +/- 6.37 % || RIcap ave= 6.26E+00 b. +/- 1.97 % || Macs30 ave= 6.68E-02 b. +/- 0.85 % || Gn^0(l=0) ave= 8.933E-02 +/- 5.40 % Gn^0(l=1) ave= 3.008E-01 +/- 5.85 % Gn^0(l=2) ave= 0.000E+00 +/- 0.00 % Gn^0(l=3) ave= 0.000E+00 +/- 0.00 % || Gtotal(l=0) ave= 1.476E+01 +/- 6.05 % Gtotal(l=1) ave= 1.731E+00 +/- 4.10 % Gtotal(l=2) ave= 0.000E+00 +/- 0.00 % Gtotal(l=3) ave= 0.000E+00 +/- 0.00 %  % || Gg(l=0) ave= 7.298E-02 +/- 2.19 % Gg(l=1) ave= 9.277E-02 +/- 1.33 % Gg(l=2) ave= 0.000E+00 +/- 0.00 % Gg(l=3) ave= 0.000E+00 +/- 0.00 %  % || D(l=0) ave= 1.913E+03 +/- 1.82 % D(l=1) ave= 4.277E+02 +/- 0.00 % D(l=2) ave= 0.000E+00 +/- 0.00 % D(l=3) ave= 0.000E+00 +/- 0.00 %  % || S(l=0) ave= 4.841E-05 +/- 6.06 % S(l=1) ave= 3.471E-04 +/- 5.97 % S(l=2) ave= 0.000E+00 +/- 0.00 % S(l=3) ave= 0.000E+00 +/- 0.00 % 
 ... random file  44 Cap(th)  ave= 1.299E-01 b. +/- 3.50 % || Ela(th) ave= 5.405E+00 b. +/- 6.33 % || RIcap ave= 6.26E+00 b. +/- 1.96 % || Macs30 ave= 6.68E-02 b. +/- 0.85 % || Gn^0(l=0) ave= 8.939E-02 +/- 5.35 % Gn^0(l=1) ave= 3.011E-01 +/- 5.80 % Gn^0(l=2) ave= 0.000E+00 +/- 0.00 % Gn^0(l=3) ave= 0.000E+00 +/- 0.00 % || Gtotal(l=0) ave= 1.476E+01 +/- 5.98 % Gtotal(l=1) ave= 1.730E+00 +/- 4.10 % Gtotal(l=2) ave= 0.000E+00 +/- 0.00 % Gtotal(l=3) ave= 0.000E+00 +/- 0.00 %  % || Gg(l=0) ave= 7.292E-02 +/- 2.25 % Gg(l=1) ave= 9.277E-02 +/- 1.32 % Gg(l=2) ave= 0.000E+00 +/- 0.00 % Gg(l=3) ave= 0.000E+00 +/- 0.00 %  % || D(l=0) ave= 1.913E+03 +/- 1.82 % D(l=1) ave= 4.277E+02 +/- 0.00 % D(l=2) ave= 0.000E+00 +/- 0.00 % D(l=3) ave= 0.000E+00 +/- 0.00 %  % || S(l=0) ave= 4.846E-05 +/- 6.02 % S(l=1) ave= 3.474E-04 +/- 5.92 % S(l=2) ave= 0.000E+00 +/- 0.00 % S(l=3) ave= 0.000E+00 +/- 0.00 % 
 ... random file  45 Cap(th)  ave= 1.299E-01 b. +/- 3.48 % || Ela(th) ave= 5.399E+00 b. +/- 6.31 % || RIcap ave= 6.26E+00 b. +/- 1.94 % || Macs30 ave= 6.68E-02 b. +/- 0.84 % || Gn^0(l=0) ave= 8.933E-02 +/- 5.32 % Gn^0(l=1) ave= 3.015E-01 +/- 5.82 % Gn^0(l=2) ave= 0.000E+00 +/- 0.00 % Gn^0(l=3) ave= 0.000E+00 +/- 0.00 % || Gtotal(l=0) ave= 1.477E+01 +/- 5.92 % Gtotal(l=1) ave= 1.730E+00 +/- 4.05 % Gtotal(l=2) ave= 0.000E+00 +/- 0.00 % Gtotal(l=3) ave= 0.000E+00 +/- 0.00 %  % || Gg(l=0) ave= 7.290E-02 +/- 2.24 % Gg(l=1) ave= 9.280E-02 +/- 1.32 % Gg(l=2) ave= 0.000E+00 +/- 0.00 % Gg(l=3) ave= 0.000E+00 +/- 0.00 %  % || D(l=0) ave= 1.912E+03 +/- 1.82 % D(l=1) ave= 4.277E+02 +/- 0.00 % D(l=2) ave= 0.000E+00 +/- 0.00 % D(l=3) ave= 0.000E+00 +/- 0.00 %  % || S(l=0) ave= 4.845E-05 +/- 5.96 % S(l=1) ave= 3.479E-04 +/- 5.94 % S(l=2) ave= 0.000E+00 +/- 0.00 % S(l=3) ave= 0.000E+00 +/- 0.00 % 
 ... random file  46 Cap(th)  ave= 1.297E-01 b. +/- 3.51 % || Ela(th) ave= 5.399E+00 b. +/- 6.24 % || RIcap ave= 6.25E+00 b. +/- 1.98 % || Macs30 ave= 6.68E-02 b. +/- 0.84 % || Gn^0(l=0) ave= 8.921E-02 +/- 5.35 % Gn^0(l=1) ave= 3.013E-01 +/- 5.77 % Gn^0(l=2) ave= 0.000E+00 +/- 0.00 % Gn^0(l=3) ave= 0.000E+00 +/- 0.00 % || Gtotal(l=0) ave= 1.475E+01 +/- 5.93 % Gtotal(l=1) ave= 1.730E+00 +/- 4.01 % Gtotal(l=2) ave= 0.000E+00 +/- 0.00 % Gtotal(l=3) ave= 0.000E+00 +/- 0.00 %  % || Gg(l=0) ave= 7.284E-02 +/- 2.26 % Gg(l=1) ave= 9.283E-02 +/- 1.33 % Gg(l=2) ave= 0.000E+00 +/- 0.00 % Gg(l=3) ave= 0.000E+00 +/- 0.00 %  % || D(l=0) ave= 1.911E+03 +/- 1.82 % D(l=1) ave= 4.277E+02 +/- 0.00 % D(l=2) ave= 0.000E+00 +/- 0.00 % D(l=3) ave= 0.000E+00 +/- 0.00 %  % || S(l=0) ave= 4.840E-05 +/- 5.94 % S(l=1) ave= 3.476E-04 +/- 5.91 % S(l=2) ave= 0.000E+00 +/- 0.00 % S(l=3) ave= 0.000E+00 +/- 0.00 % 
 ... random file  47 Cap(th)  ave= 1.297E-01 b. +/- 3.48 % || Ela(th) ave= 5.396E+00 b. +/- 6.19 % || RIcap ave= 6.25E+00 b. +/- 2.00 % || Macs30 ave= 6.68E-02 b. +/- 0.84 % || Gn^0(l=0) ave= 8.915E-02 +/- 5.31 % Gn^0(l=1) ave= 3.013E-01 +/- 5.71 % Gn^0(l=2) ave= 0.000E+00 +/- 0.00 % Gn^0(l=3) ave= 0.000E+00 +/- 0.00 % || Gtotal(l=0) ave= 1.474E+01 +/- 5.87 % Gtotal(l=1) ave= 1.729E+00 +/- 4.00 % Gtotal(l=2) ave= 0.000E+00 +/- 0.00 % Gtotal(l=3) ave= 0.000E+00 +/- 0.00 %  % || Gg(l=0) ave= 7.286E-02 +/- 2.24 % Gg(l=1) ave= 9.283E-02 +/- 1.32 % Gg(l=2) ave= 0.000E+00 +/- 0.00 % Gg(l=3) ave= 0.000E+00 +/- 0.00 %  % || D(l=0) ave= 1.911E+03 +/- 1.81 % D(l=1) ave= 4.277E+02 +/- 0.00 % D(l=2) ave= 0.000E+00 +/- 0.00 % D(l=3) ave= 0.000E+00 +/- 0.00 %  % || S(l=0) ave= 4.838E-05 +/- 5.88 % S(l=1) ave= 3.477E-04 +/- 5.85 % S(l=2) ave= 0.000E+00 +/- 0.00 % S(l=3) ave= 0.000E+00 +/- 0.00 % 
 ... random file  48 Cap(th)  ave= 1.298E-01 b. +/- 3.45 % || Ela(th) ave= 5.394E+00 b. +/- 6.14 % || RIcap ave= 6.25E+00 b. +/- 1.98 % || Macs30 ave= 6.68E-02 b. +/- 0.84 % || Gn^0(l=0) ave= 8.907E-02 +/- 5.30 % Gn^0(l=1) ave= 3.018E-01 +/- 5.76 % Gn^0(l=2) ave= 0.000E+00 +/- 0.00 % Gn^0(l=3) ave= 0.000E+00 +/- 0.00 % || Gtotal(l=0) ave= 1.473E+01 +/- 5.84 % Gtotal(l=1) ave= 1.732E+00 +/- 4.15 % Gtotal(l=2) ave= 0.000E+00 +/- 0.00 % Gtotal(l=3) ave= 0.000E+00 +/- 0.00 %  % || Gg(l=0) ave= 7.284E-02 +/- 2.23 % Gg(l=1) ave= 9.282E-02 +/- 1.31 % Gg(l=2) ave= 0.000E+00 +/- 0.00 % Gg(l=3) ave= 0.000E+00 +/- 0.00 %  % || D(l=0) ave= 1.910E+03 +/- 1.81 % D(l=1) ave= 4.277E+02 +/- 0.00 % D(l=2) ave= 0.000E+00 +/- 0.00 % D(l=3) ave= 0.000E+00 +/- 0.00 %  % || S(l=0) ave= 4.835E-05 +/- 5.84 % S(l=1) ave= 3.481E-04 +/- 5.85 % S(l=2) ave= 0.000E+00 +/- 0.00 % S(l=3) ave= 0.000E+00 +/- 0.00 % 
 ... random file  49 Cap(th)  ave= 1.300E-01 b. +/- 3.66 % || Ela(th) ave= 5.394E+00 b. +/- 6.07 % || RIcap ave= 6.26E+00 b. +/- 2.02 % || Macs30 ave= 6.68E-02 b. +/- 0.83 % || Gn^0(l=0) ave= 8.911E-02 +/- 5.25 % Gn^0(l=1) ave= 3.020E-01 +/- 5.72 % Gn^0(l=2) ave= 0.000E+00 +/- 0.00 % Gn^0(l=3) ave= 0.000E+00 +/- 0.00 % || Gtotal(l=0) ave= 1.474E+01 +/- 5.80 % Gtotal(l=1) ave= 1.733E+00 +/- 4.12 % Gtotal(l=2) ave= 0.000E+00 +/- 0.00 % Gtotal(l=3) ave= 0.000E+00 +/- 0.00 %  % || Gg(l=0) ave= 7.286E-02 +/- 2.21 % Gg(l=1) ave= 9.283E-02 +/- 1.30 % Gg(l=2) ave= 0.000E+00 +/- 0.00 % Gg(l=3) ave= 0.000E+00 +/- 0.00 %  % || D(l=0) ave= 1.909E+03 +/- 1.81 % D(l=1) ave= 4.277E+02 +/- 0.00 % D(l=2) ave= 0.000E+00 +/- 0.00 % D(l=3) ave= 0.000E+00 +/- 0.00 %  % || S(l=0) ave= 4.839E-05 +/- 5.80 % S(l=1) ave= 3.483E-04 +/- 5.81 % S(l=2) ave= 0.000E+00 +/- 0.00 % S(l=3) ave= 0.000E+00 +/- 0.00 % 
 ... random file  50 Cap(th)  ave= 1.301E-01 b. +/- 3.65 % || Ela(th) ave= 5.387E+00 b. +/- 6.09 % || RIcap ave= 6.26E+00 b. +/- 2.04 % || Macs30 ave= 6.68E-02 b. +/- 0.82 % || Gn^0(l=0) ave= 8.906E-02 +/- 5.21 % Gn^0(l=1) ave= 3.021E-01 +/- 5.66 % Gn^0(l=2) ave= 0.000E+00 +/- 0.00 % Gn^0(l=3) ave= 0.000E+00 +/- 0.00 % || Gtotal(l=0) ave= 1.473E+01 +/- 5.77 % Gtotal(l=1) ave= 1.729E+00 +/- 4.31 % Gtotal(l=2) ave= 0.000E+00 +/- 0.00 % Gtotal(l=3) ave= 0.000E+00 +/- 0.00 %  % || Gg(l=0) ave= 7.280E-02 +/- 2.28 % Gg(l=1) ave= 9.282E-02 +/- 1.29 % Gg(l=2) ave= 0.000E+00 +/- 0.00 % Gg(l=3) ave= 0.000E+00 +/- 0.00 %  % || D(l=0) ave= 1.910E+03 +/- 1.81 % D(l=1) ave= 4.277E+02 +/- 0.00 % D(l=2) ave= 0.000E+00 +/- 0.00 % D(l=3) ave= 0.000E+00 +/- 0.00 %  % || S(l=0) ave= 4.834E-05 +/- 5.78 % S(l=1) ave= 3.484E-04 +/- 5.75 % S(l=2) ave= 0.000E+00 +/- 0.00 % S(l=3) ave= 0.000E+00 +/- 0.00 % 
 ... random file  51 Cap(th)  ave= 1.304E-01 b. +/- 3.85 % || Ela(th) ave= 5.399E+00 b. +/- 6.23 % || RIcap ave= 6.26E+00 b. +/- 2.03 % || Macs30 ave= 6.68E-02 b. +/- 0.82 % || Gn^0(l=0) ave= 8.907E-02 +/- 5.16 % Gn^0(l=1) ave= 3.015E-01 +/- 5.78 % Gn^0(l=2) ave= 0.000E+00 +/- 0.00 % Gn^0(l=3) ave= 0.000E+00 +/- 0.00 % || Gtotal(l=0) ave= 1.473E+01 +/- 5.71 % Gtotal(l=1) ave= 1.729E+00 +/- 4.27 % Gtotal(l=2) ave= 0.000E+00 +/- 0.00 % Gtotal(l=3) ave= 0.000E+00 +/- 0.00 %  % || Gg(l=0) ave= 7.279E-02 +/- 2.26 % Gg(l=1) ave= 9.285E-02 +/- 1.30 % Gg(l=2) ave= 0.000E+00 +/- 0.00 % Gg(l=3) ave= 0.000E+00 +/- 0.00 %  % || D(l=0) ave= 1.911E+03 +/- 1.82 % D(l=1) ave= 4.277E+02 +/- 0.00 % D(l=2) ave= 0.000E+00 +/- 0.00 % D(l=3) ave= 0.000E+00 +/- 0.00 %  % || S(l=0) ave= 4.833E-05 +/- 5.73 % S(l=1) ave= 3.477E-04 +/- 5.90 % S(l=2) ave= 0.000E+00 +/- 0.00 % S(l=3) ave= 0.000E+00 +/- 0.00 % 
 ... random file  52 Cap(th)  ave= 1.303E-01 b. +/- 3.83 % || Ela(th) ave= 5.400E+00 b. +/- 6.17 % || RIcap ave= 6.27E+00 b. +/- 2.06 % || Macs30 ave= 6.68E-02 b. +/- 0.82 % || Gn^0(l=0) ave= 8.906E-02 +/- 5.12 % Gn^0(l=1) ave= 3.017E-01 +/- 5.74 % Gn^0(l=2) ave= 0.000E+00 +/- 0.00 % Gn^0(l=3) ave= 0.000E+00 +/- 0.00 % || Gtotal(l=0) ave= 1.473E+01 +/- 5.67 % Gtotal(l=1) ave= 1.730E+00 +/- 4.28 % Gtotal(l=2) ave= 0.000E+00 +/- 0.00 % Gtotal(l=3) ave= 0.000E+00 +/- 0.00 %  % || Gg(l=0) ave= 7.278E-02 +/- 2.24 % Gg(l=1) ave= 9.284E-02 +/- 1.29 % Gg(l=2) ave= 0.000E+00 +/- 0.00 % Gg(l=3) ave= 0.000E+00 +/- 0.00 %  % || D(l=0) ave= 1.911E+03 +/- 1.82 % D(l=1) ave= 4.277E+02 +/- 0.00 % D(l=2) ave= 0.000E+00 +/- 0.00 % D(l=3) ave= 0.000E+00 +/- 0.00 %  % || S(l=0) ave= 4.831E-05 +/- 5.69 % S(l=1) ave= 3.479E-04 +/- 5.86 % S(l=2) ave= 0.000E+00 +/- 0.00 % S(l=3) ave= 0.000E+00 +/- 0.00 % 
 ... random file  53 Cap(th)  ave= 1.303E-01 b. +/- 3.80 % || Ela(th) ave= 5.397E+00 b. +/- 6.13 % || RIcap ave= 6.27E+00 b. +/- 2.04 % || Macs30 ave= 6.67E-02 b. +/- 0.84 % || Gn^0(l=0) ave= 8.895E-02 +/- 5.15 % Gn^0(l=1) ave= 3.021E-01 +/- 5.75 % Gn^0(l=2) ave= 0.000E+00 +/- 0.00 % Gn^0(l=3) ave= 0.000E+00 +/- 0.00 % || Gtotal(l=0) ave= 1.471E+01 +/- 5.71 % Gtotal(l=1) ave= 1.733E+00 +/- 4.37 % Gtotal(l=2) ave= 0.000E+00 +/- 0.00 % Gtotal(l=3) ave= 0.000E+00 +/- 0.00 %  % || Gg(l=0) ave= 7.277E-02 +/- 2.22 % Gg(l=1) ave= 9.280E-02 +/- 1.31 % Gg(l=2) ave= 0.000E+00 +/- 0.00 % Gg(l=3) ave= 0.000E+00 +/- 0.00 %  % || D(l=0) ave= 1.911E+03 +/- 1.82 % D(l=1) ave= 4.277E+02 +/- 0.00 % D(l=2) ave= 0.000E+00 +/- 0.00 % D(l=3) ave= 0.000E+00 +/- 0.00 %  % || S(l=0) ave= 4.826E-05 +/- 5.68 % S(l=1) ave= 3.483E-04 +/- 5.85 % S(l=2) ave= 0.000E+00 +/- 0.00 % S(l=3) ave= 0.000E+00 +/- 0.00 % 
 ... random file  54 Cap(th)  ave= 1.304E-01 b. +/- 3.77 % || Ela(th) ave= 5.404E+00 b. +/- 6.14 % || RIcap ave= 6.27E+00 b. +/- 2.03 % || Macs30 ave= 6.67E-02 b. +/- 0.84 % || Gn^0(l=0) ave= 8.904E-02 +/- 5.15 % Gn^0(l=1) ave= 3.016E-01 +/- 5.81 % Gn^0(l=2) ave= 0.000E+00 +/- 0.00 % Gn^0(l=3) ave= 0.000E+00 +/- 0.00 % || Gtotal(l=0) ave= 1.472E+01 +/- 5.70 % Gtotal(l=1) ave= 1.732E+00 +/- 4.36 % Gtotal(l=2) ave= 0.000E+00 +/- 0.00 % Gtotal(l=3) ave= 0.000E+00 +/- 0.00 %  % || Gg(l=0) ave= 7.274E-02 +/- 2.22 % Gg(l=1) ave= 9.278E-02 +/- 1.32 % Gg(l=2) ave= 0.000E+00 +/- 0.00 % Gg(l=3) ave= 0.000E+00 +/- 0.00 %  % || D(l=0) ave= 1.910E+03 +/- 1.81 % D(l=1) ave= 4.277E+02 +/- 0.00 % D(l=2) ave= 0.000E+00 +/- 0.00 % D(l=3) ave= 0.000E+00 +/- 0.00 %  % || S(l=0) ave= 4.832E-05 +/- 5.70 % S(l=1) ave= 3.478E-04 +/- 5.89 % S(l=2) ave= 0.000E+00 +/- 0.00 % S(l=3) ave= 0.000E+00 +/- 0.00 % 
 ... random file  55 Cap(th)  ave= 1.303E-01 b. +/- 3.76 % || Ela(th) ave= 5.403E+00 b. +/- 6.08 % || RIcap ave= 6.26E+00 b. +/- 2.05 % || Macs30 ave= 6.67E-02 b. +/- 0.84 % || Gn^0(l=0) ave= 8.901E-02 +/- 5.11 % Gn^0(l=1) ave= 3.015E-01 +/- 5.77 % Gn^0(l=2) ave= 0.000E+00 +/- 0.00 % Gn^0(l=3) ave= 0.000E+00 +/- 0.00 % || Gtotal(l=0) ave= 1.472E+01 +/- 5.66 % Gtotal(l=1) ave= 1.731E+00 +/- 4.32 % Gtotal(l=2) ave= 0.000E+00 +/- 0.00 % Gtotal(l=3) ave= 0.000E+00 +/- 0.00 %  % || Gg(l=0) ave= 7.275E-02 +/- 2.20 % Gg(l=1) ave= 9.276E-02 +/- 1.32 % Gg(l=2) ave= 0.000E+00 +/- 0.00 % Gg(l=3) ave= 0.000E+00 +/- 0.00 %  % || D(l=0) ave= 1.910E+03 +/- 1.81 % D(l=1) ave= 4.277E+02 +/- 0.00 % D(l=2) ave= 0.000E+00 +/- 0.00 % D(l=3) ave= 0.000E+00 +/- 0.00 %  % || S(l=0) ave= 4.832E-05 +/- 5.65 % S(l=1) ave= 3.477E-04 +/- 5.85 % S(l=2) ave= 0.000E+00 +/- 0.00 % S(l=3) ave= 0.000E+00 +/- 0.00 % 
 ... random file  56 Cap(th)  ave= 1.302E-01 b. +/- 3.78 % || Ela(th) ave= 5.407E+00 b. +/- 6.04 % || RIcap ave= 6.27E+00 b. +/- 2.03 % || Macs30 ave= 6.67E-02 b. +/- 0.84 % || Gn^0(l=0) ave= 8.899E-02 +/- 5.07 % Gn^0(l=1) ave= 3.013E-01 +/- 5.76 % Gn^0(l=2) ave= 0.000E+00 +/- 0.00 % Gn^0(l=3) ave= 0.000E+00 +/- 0.00 % || Gtotal(l=0) ave= 1.471E+01 +/- 5.61 % Gtotal(l=1) ave= 1.731E+00 +/- 4.30 % Gtotal(l=2) ave= 0.000E+00 +/- 0.00 % Gtotal(l=3) ave= 0.000E+00 +/- 0.00 %  % || Gg(l=0) ave= 7.276E-02 +/- 2.18 % Gg(l=1) ave= 9.276E-02 +/- 1.30 % Gg(l=2) ave= 0.000E+00 +/- 0.00 % Gg(l=3) ave= 0.000E+00 +/- 0.00 %  % || D(l=0) ave= 1.909E+03 +/- 1.81 % D(l=1) ave= 4.277E+02 +/- 0.00 % D(l=2) ave= 0.000E+00 +/- 0.00 % D(l=3) ave= 0.000E+00 +/- 0.00 %  % || S(l=0) ave= 4.832E-05 +/- 5.60 % S(l=1) ave= 3.473E-04 +/- 5.85 % S(l=2) ave= 0.000E+00 +/- 0.00 % S(l=3) ave= 0.000E+00 +/- 0.00 % 
 ... random file  57 Cap(th)  ave= 1.302E-01 b. +/- 3.75 % || Ela(th) ave= 5.402E+00 b. +/- 6.03 % || RIcap ave= 6.26E+00 b. +/- 2.02 % || Macs30 ave= 6.67E-02 b. +/- 0.83 % || Gn^0(l=0) ave= 8.901E-02 +/- 5.03 % Gn^0(l=1) ave= 3.013E-01 +/- 5.71 % Gn^0(l=2) ave= 0.000E+00 +/- 0.00 % Gn^0(l=3) ave= 0.000E+00 +/- 0.00 % || Gtotal(l=0) ave= 1.472E+01 +/- 5.56 % Gtotal(l=1) ave= 1.730E+00 +/- 4.27 % Gtotal(l=2) ave= 0.000E+00 +/- 0.00 % Gtotal(l=3) ave= 0.000E+00 +/- 0.00 %  % || Gg(l=0) ave= 7.279E-02 +/- 2.19 % Gg(l=1) ave= 9.277E-02 +/- 1.30 % Gg(l=2) ave= 0.000E+00 +/- 0.00 % Gg(l=3) ave= 0.000E+00 +/- 0.00 %  % || D(l=0) ave= 1.909E+03 +/- 1.81 % D(l=1) ave= 4.277E+02 +/- 0.00 % D(l=2) ave= 0.000E+00 +/- 0.00 % D(l=3) ave= 0.000E+00 +/- 0.00 %  % || S(l=0) ave= 4.835E-05 +/- 5.56 % S(l=1) ave= 3.473E-04 +/- 5.80 % S(l=2) ave= 0.000E+00 +/- 0.00 % S(l=3) ave= 0.000E+00 +/- 0.00 % 
 ... random file  58 Cap(th)  ave= 1.302E-01 b. +/- 3.72 % || Ela(th) ave= 5.400E+00 b. +/- 5.99 % || RIcap ave= 6.26E+00 b. +/- 2.00 % || Macs30 ave= 6.67E-02 b. +/- 0.84 % || Gn^0(l=0) ave= 8.901E-02 +/- 4.98 % Gn^0(l=1) ave= 3.012E-01 +/- 5.68 % Gn^0(l=2) ave= 0.000E+00 +/- 0.00 % Gn^0(l=3) ave= 0.000E+00 +/- 0.00 % || Gtotal(l=0) ave= 1.471E+01 +/- 5.53 % Gtotal(l=1) ave= 1.730E+00 +/- 4.23 % Gtotal(l=2) ave= 0.000E+00 +/- 0.00 % Gtotal(l=3) ave= 0.000E+00 +/- 0.00 %  % || Gg(l=0) ave= 7.277E-02 +/- 2.18 % Gg(l=1) ave= 9.277E-02 +/- 1.28 % Gg(l=2) ave= 0.000E+00 +/- 0.00 % Gg(l=3) ave= 0.000E+00 +/- 0.00 %  % || D(l=0) ave= 1.909E+03 +/- 1.81 % D(l=1) ave= 4.277E+02 +/- 0.00 % D(l=2) ave= 0.000E+00 +/- 0.00 % D(l=3) ave= 0.000E+00 +/- 0.00 %  % || S(l=0) ave= 4.833E-05 +/- 5.52 % S(l=1) ave= 3.471E-04 +/- 5.76 % S(l=2) ave= 0.000E+00 +/- 0.00 % S(l=3) ave= 0.000E+00 +/- 0.00 % 
 ... random file  59 Cap(th)  ave= 1.302E-01 b. +/- 3.69 % || Ela(th) ave= 5.404E+00 b. +/- 5.96 % || RIcap ave= 6.27E+00 b. +/- 2.01 % || Macs30 ave= 6.67E-02 b. +/- 0.83 % || Gn^0(l=0) ave= 8.887E-02 +/- 5.11 % Gn^0(l=1) ave= 3.010E-01 +/- 5.65 % Gn^0(l=2) ave= 0.000E+00 +/- 0.00 % Gn^0(l=3) ave= 0.000E+00 +/- 0.00 % || Gtotal(l=0) ave= 1.469E+01 +/- 5.61 % Gtotal(l=1) ave= 1.730E+00 +/- 4.20 % Gtotal(l=2) ave= 0.000E+00 +/- 0.00 % Gtotal(l=3) ave= 0.000E+00 +/- 0.00 %  % || Gg(l=0) ave= 7.274E-02 +/- 2.18 % Gg(l=1) ave= 9.278E-02 +/- 1.28 % Gg(l=2) ave= 0.000E+00 +/- 0.00 % Gg(l=3) ave= 0.000E+00 +/- 0.00 %  % || D(l=0) ave= 1.909E+03 +/- 1.81 % D(l=1) ave= 4.277E+02 +/- 0.00 % D(l=2) ave= 0.000E+00 +/- 0.00 % D(l=3) ave= 0.000E+00 +/- 0.00 %  % || S(l=0) ave= 4.827E-05 +/- 5.59 % S(l=1) ave= 3.468E-04 +/- 5.76 % S(l=2) ave= 0.000E+00 +/- 0.00 % S(l=3) ave= 0.000E+00 +/- 0.00 % 
 ... random file  60 Cap(th)  ave= 1.301E-01 b. +/- 3.68 % || Ela(th) ave= 5.395E+00 b. +/- 6.06 % || RIcap ave= 6.27E+00 b. +/- 2.00 % || Macs30 ave= 6.67E-02 b. +/- 0.82 % || Gn^0(l=0) ave= 8.878E-02 +/- 5.12 % Gn^0(l=1) ave= 3.018E-01 +/- 5.94 % Gn^0(l=2) ave= 0.000E+00 +/- 0.00 % Gn^0(l=3) ave= 0.000E+00 +/- 0.00 % || Gtotal(l=0) ave= 1.467E+01 +/- 5.66 % Gtotal(l=1) ave= 1.733E+00 +/- 4.32 % Gtotal(l=2) ave= 0.000E+00 +/- 0.00 % Gtotal(l=3) ave= 0.000E+00 +/- 0.00 %  % || Gg(l=0) ave= 7.277E-02 +/- 2.19 % Gg(l=1) ave= 9.278E-02 +/- 1.27 % Gg(l=2) ave= 0.000E+00 +/- 0.00 % Gg(l=3) ave= 0.000E+00 +/- 0.00 %  % || D(l=0) ave= 1.909E+03 +/- 1.81 % D(l=1) ave= 4.277E+02 +/- 0.00 % D(l=2) ave= 0.000E+00 +/- 0.00 % D(l=3) ave= 0.000E+00 +/- 0.00 %  % || S(l=0) ave= 4.820E-05 +/- 5.63 % S(l=1) ave= 3.477E-04 +/- 5.99 % S(l=2) ave= 0.000E+00 +/- 0.00 % S(l=3) ave= 0.000E+00 +/- 0.00 % 
 ... random file  61 Cap(th)  ave= 1.301E-01 b. +/- 3.65 % || Ela(th) ave= 5.396E+00 b. +/- 6.02 % || RIcap ave= 6.27E+00 b. +/- 1.99 % || Macs30 ave= 6.67E-02 b. +/- 0.83 % || Gn^0(l=0) ave= 8.873E-02 +/- 5.10 % Gn^0(l=1) ave= 3.017E-01 +/- 5.90 % Gn^0(l=2) ave= 0.000E+00 +/- 0.00 % Gn^0(l=3) ave= 0.000E+00 +/- 0.00 % || Gtotal(l=0) ave= 1.466E+01 +/- 5.64 % Gtotal(l=1) ave= 1.732E+00 +/- 4.32 % Gtotal(l=2) ave= 0.000E+00 +/- 0.00 % Gtotal(l=3) ave= 0.000E+00 +/- 0.00 %  % || Gg(l=0) ave= 7.277E-02 +/- 2.17 % Gg(l=1) ave= 9.273E-02 +/- 1.30 % Gg(l=2) ave= 0.000E+00 +/- 0.00 % Gg(l=3) ave= 0.000E+00 +/- 0.00 %  % || D(l=0) ave= 1.909E+03 +/- 1.81 % D(l=1) ave= 4.277E+02 +/- 0.00 % D(l=2) ave= 0.000E+00 +/- 0.00 % D(l=3) ave= 0.000E+00 +/- 0.00 %  % || S(l=0) ave= 4.819E-05 +/- 5.59 % S(l=1) ave= 3.477E-04 +/- 5.94 % S(l=2) ave= 0.000E+00 +/- 0.00 % S(l=3) ave= 0.000E+00 +/- 0.00 % 
 ... random file  62 Cap(th)  ave= 1.301E-01 b. +/- 3.63 % || Ela(th) ave= 5.394E+00 b. +/- 5.98 % || RIcap ave= 6.26E+00 b. +/- 1.98 % || Macs30 ave= 6.67E-02 b. +/- 0.83 % || Gn^0(l=0) ave= 8.874E-02 +/- 5.06 % Gn^0(l=1) ave= 3.019E-01 +/- 5.87 % Gn^0(l=2) ave= 0.000E+00 +/- 0.00 % Gn^0(l=3) ave= 0.000E+00 +/- 0.00 % || Gtotal(l=0) ave= 1.466E+01 +/- 5.60 % Gtotal(l=1) ave= 1.733E+00 +/- 4.31 % Gtotal(l=2) ave= 0.000E+00 +/- 0.00 % Gtotal(l=3) ave= 0.000E+00 +/- 0.00 %  % || Gg(l=0) ave= 7.276E-02 +/- 2.16 % Gg(l=1) ave= 9.271E-02 +/- 1.31 % Gg(l=2) ave= 0.000E+00 +/- 0.00 % Gg(l=3) ave= 0.000E+00 +/- 0.00 %  % || D(l=0) ave= 1.908E+03 +/- 1.80 % D(l=1) ave= 4.277E+02 +/- 0.00 % D(l=2) ave= 0.000E+00 +/- 0.00 % D(l=3) ave= 0.000E+00 +/- 0.00 %  % || S(l=0) ave= 4.821E-05 +/- 5.55 % S(l=1) ave= 3.479E-04 +/- 5.91 % S(l=2) ave= 0.000E+00 +/- 0.00 % S(l=3) ave= 0.000E+00 +/- 0.00 % 
 ... random file  63 Cap(th)  ave= 1.302E-01 b. +/- 3.63 % || Ela(th) ave= 5.393E+00 b. +/- 5.94 % || RIcap ave= 6.27E+00 b. +/- 1.98 % || Macs30 ave= 6.67E-02 b. +/- 0.82 % || Gn^0(l=0) ave= 8.880E-02 +/- 5.04 % Gn^0(l=1) ave= 3.018E-01 +/- 5.82 % Gn^0(l=2) ave= 0.000E+00 +/- 0.00 % Gn^0(l=3) ave= 0.000E+00 +/- 0.00 % || Gtotal(l=0) ave= 1.468E+01 +/- 5.60 % Gtotal(l=1) ave= 1.733E+00 +/- 4.28 % Gtotal(l=2) ave= 0.000E+00 +/- 0.00 % Gtotal(l=3) ave= 0.000E+00 +/- 0.00 %  % || Gg(l=0) ave= 7.272E-02 +/- 2.19 % Gg(l=1) ave= 9.272E-02 +/- 1.31 % Gg(l=2) ave= 0.000E+00 +/- 0.00 % Gg(l=3) ave= 0.000E+00 +/- 0.00 %  % || D(l=0) ave= 1.908E+03 +/- 1.80 % D(l=1) ave= 4.277E+02 +/- 0.00 % D(l=2) ave= 0.000E+00 +/- 0.00 % D(l=3) ave= 0.000E+00 +/- 0.00 %  % || S(l=0) ave= 4.825E-05 +/- 5.55 % S(l=1) ave= 3.478E-04 +/- 5.86 % S(l=2) ave= 0.000E+00 +/- 0.00 % S(l=3) ave= 0.000E+00 +/- 0.00 % 
 ... random file  64 Cap(th)  ave= 1.303E-01 b. +/- 3.66 % || Ela(th) ave= 5.391E+00 b. +/- 5.90 % || RIcap ave= 6.27E+00 b. +/- 1.96 % || Macs30 ave= 6.67E-02 b. +/- 0.82 % || Gn^0(l=0) ave= 8.884E-02 +/- 5.01 % Gn^0(l=1) ave= 3.018E-01 +/- 5.78 % Gn^0(l=2) ave= 0.000E+00 +/- 0.00 % Gn^0(l=3) ave= 0.000E+00 +/- 0.00 % || Gtotal(l=0) ave= 1.468E+01 +/- 5.56 % Gtotal(l=1) ave= 1.732E+00 +/- 4.25 % Gtotal(l=2) ave= 0.000E+00 +/- 0.00 % Gtotal(l=3) ave= 0.000E+00 +/- 0.00 %  % || Gg(l=0) ave= 7.267E-02 +/- 2.23 % Gg(l=1) ave= 9.273E-02 +/- 1.30 % Gg(l=2) ave= 0.000E+00 +/- 0.00 % Gg(l=3) ave= 0.000E+00 +/- 0.00 %  % || D(l=0) ave= 1.909E+03 +/- 1.81 % D(l=1) ave= 4.277E+02 +/- 0.00 % D(l=2) ave= 0.000E+00 +/- 0.00 % D(l=3) ave= 0.000E+00 +/- 0.00 %  % || S(l=0) ave= 4.826E-05 +/- 5.51 % S(l=1) ave= 3.479E-04 +/- 5.82 % S(l=2) ave= 0.000E+00 +/- 0.00 % S(l=3) ave= 0.000E+00 +/- 0.00 % 
 ... random file  65 Cap(th)  ave= 1.303E-01 b. +/- 3.63 % || Ela(th) ave= 5.394E+00 b. +/- 5.87 % || RIcap ave= 6.26E+00 b. +/- 2.01 % || Macs30 ave= 6.67E-02 b. +/- 0.81 % || Gn^0(l=0) ave= 8.882E-02 +/- 4.98 % Gn^0(l=1) ave= 3.017E-01 +/- 5.75 % Gn^0(l=2) ave= 0.000E+00 +/- 0.00 % Gn^0(l=3) ave= 0.000E+00 +/- 0.00 % || Gtotal(l=0) ave= 1.468E+01 +/- 5.52 % Gtotal(l=1) ave= 1.733E+00 +/- 4.21 % Gtotal(l=2) ave= 0.000E+00 +/- 0.00 % Gtotal(l=3) ave= 0.000E+00 +/- 0.00 %  % || Gg(l=0) ave= 7.268E-02 +/- 2.21 % Gg(l=1) ave= 9.274E-02 +/- 1.30 % Gg(l=2) ave= 0.000E+00 +/- 0.00 % Gg(l=3) ave= 0.000E+00 +/- 0.00 %  % || D(l=0) ave= 1.908E+03 +/- 1.80 % D(l=1) ave= 4.277E+02 +/- 0.00 % D(l=2) ave= 0.000E+00 +/- 0.00 % D(l=3) ave= 0.000E+00 +/- 0.00 %  % || S(l=0) ave= 4.825E-05 +/- 5.47 % S(l=1) ave= 3.477E-04 +/- 5.79 % S(l=2) ave= 0.000E+00 +/- 0.00 % S(l=3) ave= 0.000E+00 +/- 0.00 % 
 ... random file  66 Cap(th)  ave= 1.303E-01 b. +/- 3.60 % || Ela(th) ave= 5.393E+00 b. +/- 5.83 % || RIcap ave= 6.26E+00 b. +/- 1.99 % || Macs30 ave= 6.67E-02 b. +/- 0.81 % || Gn^0(l=0) ave= 8.892E-02 +/- 5.02 % Gn^0(l=1) ave= 3.017E-01 +/- 5.71 % Gn^0(l=2) ave= 0.000E+00 +/- 0.00 % Gn^0(l=3) ave= 0.000E+00 +/- 0.00 % || Gtotal(l=0) ave= 1.470E+01 +/- 5.59 % Gtotal(l=1) ave= 1.732E+00 +/- 4.18 % Gtotal(l=2) ave= 0.000E+00 +/- 0.00 % Gtotal(l=3) ave= 0.000E+00 +/- 0.00 %  % || Gg(l=0) ave= 7.267E-02 +/- 2.20 % Gg(l=1) ave= 9.271E-02 +/- 1.31 % Gg(l=2) ave= 0.000E+00 +/- 0.00 % Gg(l=3) ave= 0.000E+00 +/- 0.00 %  % || D(l=0) ave= 1.908E+03 +/- 1.80 % D(l=1) ave= 4.277E+02 +/- 0.00 % D(l=2) ave= 0.000E+00 +/- 0.00 % D(l=3) ave= 0.000E+00 +/- 0.00 %  % || S(l=0) ave= 4.832E-05 +/- 5.53 % S(l=1) ave= 3.479E-04 +/- 5.76 % S(l=2) ave= 0.000E+00 +/- 0.00 % S(l=3) ave= 0.000E+00 +/- 0.00 % 
 ... random file  67 Cap(th)  ave= 1.302E-01 b. +/- 3.60 % || Ela(th) ave= 5.391E+00 b. +/- 5.80 % || RIcap ave= 6.26E+00 b. +/- 2.00 % || Macs30 ave= 6.67E-02 b. +/- 0.81 % || Gn^0(l=0) ave= 8.890E-02 +/- 4.99 % Gn^0(l=1) ave= 3.018E-01 +/- 5.67 % Gn^0(l=2) ave= 0.000E+00 +/- 0.00 % Gn^0(l=3) ave= 0.000E+00 +/- 0.00 % || Gtotal(l=0) ave= 1.469E+01 +/- 5.56 % Gtotal(l=1) ave= 1.731E+00 +/- 4.18 % Gtotal(l=2) ave= 0.000E+00 +/- 0.00 % Gtotal(l=3) ave= 0.000E+00 +/- 0.00 %  % || Gg(l=0) ave= 7.269E-02 +/- 2.19 % Gg(l=1) ave= 9.271E-02 +/- 1.31 % Gg(l=2) ave= 0.000E+00 +/- 0.00 % Gg(l=3) ave= 0.000E+00 +/- 0.00 %  % || D(l=0) ave= 1.908E+03 +/- 1.80 % D(l=1) ave= 4.277E+02 +/- 0.00 % D(l=2) ave= 0.000E+00 +/- 0.00 % D(l=3) ave= 0.000E+00 +/- 0.00 %  % || S(l=0) ave= 4.830E-05 +/- 5.51 % S(l=1) ave= 3.479E-04 +/- 5.72 % S(l=2) ave= 0.000E+00 +/- 0.00 % S(l=3) ave= 0.000E+00 +/- 0.00 % 
 ... random file  68 Cap(th)  ave= 1.301E-01 b. +/- 3.62 % || Ela(th) ave= 5.392E+00 b. +/- 5.76 % || RIcap ave= 6.26E+00 b. +/- 1.99 % || Macs30 ave= 6.67E-02 b. +/- 0.80 % || Gn^0(l=0) ave= 8.883E-02 +/- 5.00 % Gn^0(l=1) ave= 3.017E-01 +/- 5.64 % Gn^0(l=2) ave= 0.000E+00 +/- 0.00 % Gn^0(l=3) ave= 0.000E+00 +/- 0.00 % || Gtotal(l=0) ave= 1.468E+01 +/- 5.58 % Gtotal(l=1) ave= 1.731E+00 +/- 4.17 % Gtotal(l=2) ave= 0.000E+00 +/- 0.00 % Gtotal(l=3) ave= 0.000E+00 +/- 0.00 %  % || Gg(l=0) ave= 7.267E-02 +/- 2.18 % Gg(l=1) ave= 9.271E-02 +/- 1.30 % Gg(l=2) ave= 0.000E+00 +/- 0.00 % Gg(l=3) ave= 0.000E+00 +/- 0.00 %  % || D(l=0) ave= 1.909E+03 +/- 1.81 % D(l=1) ave= 4.277E+02 +/- 0.00 % D(l=2) ave= 0.000E+00 +/- 0.00 % D(l=3) ave= 0.000E+00 +/- 0.00 %  % || S(l=0) ave= 4.825E-05 +/- 5.54 % S(l=1) ave= 3.478E-04 +/- 5.68 % S(l=2) ave= 0.000E+00 +/- 0.00 % S(l=3) ave= 0.000E+00 +/- 0.00 % 
 ... random file  69 Cap(th)  ave= 1.302E-01 b. +/- 3.63 % || Ela(th) ave= 5.389E+00 b. +/- 5.73 % || RIcap ave= 6.26E+00 b. +/- 2.00 % || Macs30 ave= 6.67E-02 b. +/- 0.80 % || Gn^0(l=0) ave= 8.879E-02 +/- 4.98 % Gn^0(l=1) ave= 3.018E-01 +/- 5.60 % Gn^0(l=2) ave= 0.000E+00 +/- 0.00 % Gn^0(l=3) ave= 0.000E+00 +/- 0.00 % || Gtotal(l=0) ave= 1.467E+01 +/- 5.57 % Gtotal(l=1) ave= 1.730E+00 +/- 4.17 % Gtotal(l=2) ave= 0.000E+00 +/- 0.00 % Gtotal(l=3) ave= 0.000E+00 +/- 0.00 %  % || Gg(l=0) ave= 7.264E-02 +/- 2.19 % Gg(l=1) ave= 9.271E-02 +/- 1.29 % Gg(l=2) ave= 0.000E+00 +/- 0.00 % Gg(l=3) ave= 0.000E+00 +/- 0.00 %  % || D(l=0) ave= 1.909E+03 +/- 1.81 % D(l=1) ave= 4.277E+02 +/- 0.00 % D(l=2) ave= 0.000E+00 +/- 0.00 % D(l=3) ave= 0.000E+00 +/- 0.00 %  % || S(l=0) ave= 4.821E-05 +/- 5.53 % S(l=1) ave= 3.480E-04 +/- 5.64 % S(l=2) ave= 0.000E+00 +/- 0.00 % S(l=3) ave= 0.000E+00 +/- 0.00 % 
 ... random file  70 Cap(th)  ave= 1.302E-01 b. +/- 3.61 % || Ela(th) ave= 5.394E+00 b. +/- 5.74 % || RIcap ave= 6.26E+00 b. +/- 2.00 % || Macs30 ave= 6.67E-02 b. +/- 0.80 % || Gn^0(l=0) ave= 8.884E-02 +/- 4.96 % Gn^0(l=1) ave= 3.017E-01 +/- 5.56 % Gn^0(l=2) ave= 0.000E+00 +/- 0.00 % Gn^0(l=3) ave= 0.000E+00 +/- 0.00 % || Gtotal(l=0) ave= 1.468E+01 +/- 5.56 % Gtotal(l=1) ave= 1.731E+00 +/- 4.18 % Gtotal(l=2) ave= 0.000E+00 +/- 0.00 % Gtotal(l=3) ave= 0.000E+00 +/- 0.00 %  % || Gg(l=0) ave= 7.275E-02 +/- 2.49 % Gg(l=1) ave= 9.269E-02 +/- 1.29 % Gg(l=2) ave= 0.000E+00 +/- 0.00 % Gg(l=3) ave= 0.000E+00 +/- 0.00 %  % || D(l=0) ave= 1.909E+03 +/- 1.81 % D(l=1) ave= 4.277E+02 +/- 0.00 % D(l=2) ave= 0.000E+00 +/- 0.00 % D(l=3) ave= 0.000E+00 +/- 0.00 %  % || S(l=0) ave= 4.825E-05 +/- 5.53 % S(l=1) ave= 3.480E-04 +/- 5.60 % S(l=2) ave= 0.000E+00 +/- 0.00 % S(l=3) ave= 0.000E+00 +/- 0.00 % 
 ... random file  71 Cap(th)  ave= 1.302E-01 b. +/- 3.61 % || Ela(th) ave= 5.395E+00 b. +/- 5.70 % || RIcap ave= 6.26E+00 b. +/- 1.98 % || Macs30 ave= 6.67E-02 b. +/- 0.80 % || Gn^0(l=0) ave= 8.887E-02 +/- 4.93 % Gn^0(l=1) ave= 3.016E-01 +/- 5.53 % Gn^0(l=2) ave= 0.000E+00 +/- 0.00 % Gn^0(l=3) ave= 0.000E+00 +/- 0.00 % || Gtotal(l=0) ave= 1.469E+01 +/- 5.54 % Gtotal(l=1) ave= 1.731E+00 +/- 4.15 % Gtotal(l=2) ave= 0.000E+00 +/- 0.00 % Gtotal(l=3) ave= 0.000E+00 +/- 0.00 %  % || Gg(l=0) ave= 7.272E-02 +/- 2.48 % Gg(l=1) ave= 9.268E-02 +/- 1.28 % Gg(l=2) ave= 0.000E+00 +/- 0.00 % Gg(l=3) ave= 0.000E+00 +/- 0.00 %  % || D(l=0) ave= 1.909E+03 +/- 1.81 % D(l=1) ave= 4.277E+02 +/- 0.00 % D(l=2) ave= 0.000E+00 +/- 0.00 % D(l=3) ave= 0.000E+00 +/- 0.00 %  % || S(l=0) ave= 4.827E-05 +/- 5.50 % S(l=1) ave= 3.478E-04 +/- 5.58 % S(l=2) ave= 0.000E+00 +/- 0.00 % S(l=3) ave= 0.000E+00 +/- 0.00 % 
 ... random file  72 Cap(th)  ave= 1.301E-01 b. +/- 3.62 % || Ela(th) ave= 5.399E+00 b. +/- 5.68 % || RIcap ave= 6.26E+00 b. +/- 1.97 % || Macs30 ave= 6.67E-02 b. +/- 0.79 % || Gn^0(l=0) ave= 8.885E-02 +/- 4.90 % Gn^0(l=1) ave= 3.013E-01 +/- 5.57 % Gn^0(l=2) ave= 0.000E+00 +/- 0.00 % Gn^0(l=3) ave= 0.000E+00 +/- 0.00 % || Gtotal(l=0) ave= 1.468E+01 +/- 5.52 % Gtotal(l=1) ave= 1.729E+00 +/- 4.18 % Gtotal(l=2) ave= 0.000E+00 +/- 0.00 % Gtotal(l=3) ave= 0.000E+00 +/- 0.00 %  % || Gg(l=0) ave= 7.273E-02 +/- 2.47 % Gg(l=1) ave= 9.269E-02 +/- 1.28 % Gg(l=2) ave= 0.000E+00 +/- 0.00 % Gg(l=3) ave= 0.000E+00 +/- 0.00 %  % || D(l=0) ave= 1.909E+03 +/- 1.81 % D(l=1) ave= 4.277E+02 +/- 0.00 % D(l=2) ave= 0.000E+00 +/- 0.00 % D(l=3) ave= 0.000E+00 +/- 0.00 %  % || S(l=0) ave= 4.825E-05 +/- 5.49 % S(l=1) ave= 3.475E-04 +/- 5.60 % S(l=2) ave= 0.000E+00 +/- 0.00 % S(l=3) ave= 0.000E+00 +/- 0.00 % 
 ... random file  73 Cap(th)  ave= 1.302E-01 b. +/- 3.66 % || Ela(th) ave= 5.401E+00 b. +/- 5.66 % || RIcap ave= 6.26E+00 b. +/- 1.98 % || Macs30 ave= 6.67E-02 b. +/- 0.79 % || Gn^0(l=0) ave= 8.897E-02 +/- 5.01 % Gn^0(l=1) ave= 3.012E-01 +/- 5.54 % Gn^0(l=2) ave= 0.000E+00 +/- 0.00 % Gn^0(l=3) ave= 0.000E+00 +/- 0.00 % || Gtotal(l=0) ave= 1.470E+01 +/- 5.61 % Gtotal(l=1) ave= 1.730E+00 +/- 4.17 % Gtotal(l=2) ave= 0.000E+00 +/- 0.00 % Gtotal(l=3) ave= 0.000E+00 +/- 0.00 %  % || Gg(l=0) ave= 7.271E-02 +/- 2.47 % Gg(l=1) ave= 9.268E-02 +/- 1.28 % Gg(l=2) ave= 0.000E+00 +/- 0.00 % Gg(l=3) ave= 0.000E+00 +/- 0.00 %  % || D(l=0) ave= 1.909E+03 +/- 1.81 % D(l=1) ave= 4.277E+02 +/- 0.00 % D(l=2) ave= 0.000E+00 +/- 0.00 % D(l=3) ave= 0.000E+00 +/- 0.00 %  % || S(l=0) ave= 4.833E-05 +/- 5.62 % S(l=1) ave= 3.474E-04 +/- 5.57 % S(l=2) ave= 0.000E+00 +/- 0.00 % S(l=3) ave= 0.000E+00 +/- 0.00 % 
 ... random file  74 Cap(th)  ave= 1.304E-01 b. +/- 3.76 % || Ela(th) ave= 5.401E+00 b. +/- 5.62 % || RIcap ave= 6.26E+00 b. +/- 1.98 % || Macs30 ave= 6.67E-02 b. +/- 0.78 % || Gn^0(l=0) ave= 8.890E-02 +/- 5.03 % Gn^0(l=1) ave= 3.013E-01 +/- 5.51 % Gn^0(l=2) ave= 0.000E+00 +/- 0.00 % Gn^0(l=3) ave= 0.000E+00 +/- 0.00 % || Gtotal(l=0) ave= 1.469E+01 +/- 5.65 % Gtotal(l=1) ave= 1.732E+00 +/- 4.29 % Gtotal(l=2) ave= 0.000E+00 +/- 0.00 % Gtotal(l=3) ave= 0.000E+00 +/- 0.00 %  % || Gg(l=0) ave= 7.271E-02 +/- 2.45 % Gg(l=1) ave= 9.267E-02 +/- 1.28 % Gg(l=2) ave= 0.000E+00 +/- 0.00 % Gg(l=3) ave= 0.000E+00 +/- 0.00 %  % || D(l=0) ave= 1.908E+03 +/- 1.80 % D(l=1) ave= 4.277E+02 +/- 0.00 % D(l=2) ave= 0.000E+00 +/- 0.00 % D(l=3) ave= 0.000E+00 +/- 0.00 %  % || S(l=0) ave= 4.830E-05 +/- 5.61 % S(l=1) ave= 3.475E-04 +/- 5.54 % S(l=2) ave= 0.000E+00 +/- 0.00 % S(l=3) ave= 0.000E+00 +/- 0.00 % 
 ... random file  75 Cap(th)  ave= 1.303E-01 b. +/- 3.74 % || Ela(th) ave= 5.405E+00 b. +/- 5.61 % || RIcap ave= 6.27E+00 b. +/- 1.98 % || Macs30 ave= 6.67E-02 b. +/- 0.79 % || Gn^0(l=0) ave= 8.894E-02 +/- 5.01 % Gn^0(l=1) ave= 3.012E-01 +/- 5.50 % Gn^0(l=2) ave= 0.000E+00 +/- 0.00 % Gn^0(l=3) ave= 0.000E+00 +/- 0.00 % || Gtotal(l=0) ave= 1.470E+01 +/- 5.65 % Gtotal(l=1) ave= 1.733E+00 +/- 4.27 % Gtotal(l=2) ave= 0.000E+00 +/- 0.00 % Gtotal(l=3) ave= 0.000E+00 +/- 0.00 %  % || Gg(l=0) ave= 7.271E-02 +/- 2.43 % Gg(l=1) ave= 9.263E-02 +/- 1.31 % Gg(l=2) ave= 0.000E+00 +/- 0.00 % Gg(l=3) ave= 0.000E+00 +/- 0.00 %  % || D(l=0) ave= 1.908E+03 +/- 1.80 % D(l=1) ave= 4.277E+02 +/- 0.00 % D(l=2) ave= 0.000E+00 +/- 0.00 % D(l=3) ave= 0.000E+00 +/- 0.00 %  % || S(l=0) ave= 4.833E-05 +/- 5.60 % S(l=1) ave= 3.474E-04 +/- 5.52 % S(l=2) ave= 0.000E+00 +/- 0.00 % S(l=3) ave= 0.000E+00 +/- 0.00 % 
 ... random file  76 Cap(th)  ave= 1.304E-01 b. +/- 3.75 % || Ela(th) ave= 5.406E+00 b. +/- 5.57 % || RIcap ave= 6.27E+00 b. +/- 1.97 % || Macs30 ave= 6.67E-02 b. +/- 0.79 % || Gn^0(l=0) ave= 8.909E-02 +/- 5.16 % Gn^0(l=1) ave= 3.011E-01 +/- 5.47 % Gn^0(l=2) ave= 0.000E+00 +/- 0.00 % Gn^0(l=3) ave= 0.000E+00 +/- 0.00 % || Gtotal(l=0) ave= 1.473E+01 +/- 5.88 % Gtotal(l=1) ave= 1.733E+00 +/- 4.25 % Gtotal(l=2) ave= 0.000E+00 +/- 0.00 % Gtotal(l=3) ave= 0.000E+00 +/- 0.00 %  % || Gg(l=0) ave= 7.272E-02 +/- 2.42 % Gg(l=1) ave= 9.262E-02 +/- 1.30 % Gg(l=2) ave= 0.000E+00 +/- 0.00 % Gg(l=3) ave= 0.000E+00 +/- 0.00 %  % || D(l=0) ave= 1.908E+03 +/- 1.80 % D(l=1) ave= 4.277E+02 +/- 0.00 % D(l=2) ave= 0.000E+00 +/- 0.00 % D(l=3) ave= 0.000E+00 +/- 0.00 %  % || S(l=0) ave= 4.840E-05 +/- 5.67 % S(l=1) ave= 3.473E-04 +/- 5.49 % S(l=2) ave= 0.000E+00 +/- 0.00 % S(l=3) ave= 0.000E+00 +/- 0.00 % 
 ... random file  77 Cap(th)  ave= 1.304E-01 b. +/- 3.73 % || Ela(th) ave= 5.407E+00 b. +/- 5.54 % || RIcap ave= 6.26E+00 b. +/- 1.96 % || Macs30 ave= 6.67E-02 b. +/- 0.78 % || Gn^0(l=0) ave= 8.905E-02 +/- 5.15 % Gn^0(l=1) ave= 3.012E-01 +/- 5.43 % Gn^0(l=2) ave= 0.000E+00 +/- 0.00 % Gn^0(l=3) ave= 0.000E+00 +/- 0.00 % || Gtotal(l=0) ave= 1.473E+01 +/- 5.84 % Gtotal(l=1) ave= 1.733E+00 +/- 4.22 % Gtotal(l=2) ave= 0.000E+00 +/- 0.00 % Gtotal(l=3) ave= 0.000E+00 +/- 0.00 %  % || Gg(l=0) ave= 7.271E-02 +/- 2.41 % Gg(l=1) ave= 9.262E-02 +/- 1.30 % Gg(l=2) ave= 0.000E+00 +/- 0.00 % Gg(l=3) ave= 0.000E+00 +/- 0.00 %  % || D(l=0) ave= 1.908E+03 +/- 1.80 % D(l=1) ave= 4.277E+02 +/- 0.00 % D(l=2) ave= 0.000E+00 +/- 0.00 % D(l=3) ave= 0.000E+00 +/- 0.00 %  % || S(l=0) ave= 4.839E-05 +/- 5.64 % S(l=1) ave= 3.475E-04 +/- 5.47 % S(l=2) ave= 0.000E+00 +/- 0.00 % S(l=3) ave= 0.000E+00 +/- 0.00 % 
 ... random file  78 Cap(th)  ave= 1.304E-01 b. +/- 3.71 % || Ela(th) ave= 5.406E+00 b. +/- 5.50 % || RIcap ave= 6.26E+00 b. +/- 1.96 % || Macs30 ave= 6.67E-02 b. +/- 0.78 % || Gn^0(l=0) ave= 8.903E-02 +/- 5.12 % Gn^0(l=1) ave= 3.012E-01 +/- 5.40 % Gn^0(l=2) ave= 0.000E+00 +/- 0.00 % Gn^0(l=3) ave= 0.000E+00 +/- 0.00 % || Gtotal(l=0) ave= 1.471E+01 +/- 5.85 % Gtotal(l=1) ave= 1.733E+00 +/- 4.20 % Gtotal(l=2) ave= 0.000E+00 +/- 0.00 % Gtotal(l=3) ave= 0.000E+00 +/- 0.00 %  % || Gg(l=0) ave= 7.270E-02 +/- 2.40 % Gg(l=1) ave= 9.264E-02 +/- 1.30 % Gg(l=2) ave= 0.000E+00 +/- 0.00 % Gg(l=3) ave= 0.000E+00 +/- 0.00 %  % || D(l=0) ave= 1.909E+03 +/- 1.81 % D(l=1) ave= 4.277E+02 +/- 0.00 % D(l=2) ave= 0.000E+00 +/- 0.00 % D(l=3) ave= 0.000E+00 +/- 0.00 %  % || S(l=0) ave= 4.836E-05 +/- 5.63 % S(l=1) ave= 3.474E-04 +/- 5.43 % S(l=2) ave= 0.000E+00 +/- 0.00 % S(l=3) ave= 0.000E+00 +/- 0.00 % 
 ... random file  79 Cap(th)  ave= 1.305E-01 b. +/- 3.74 % || Ela(th) ave= 5.405E+00 b. +/- 5.47 % || RIcap ave= 6.26E+00 b. +/- 1.95 % || Macs30 ave= 6.67E-02 b. +/- 0.78 % || Gn^0(l=0) ave= 8.908E-02 +/- 5.11 % Gn^0(l=1) ave= 3.012E-01 +/- 5.37 % Gn^0(l=2) ave= 0.000E+00 +/- 0.00 % Gn^0(l=3) ave= 0.000E+00 +/- 0.00 % || Gtotal(l=0) ave= 1.472E+01 +/- 5.82 % Gtotal(l=1) ave= 1.732E+00 +/- 4.18 % Gtotal(l=2) ave= 0.000E+00 +/- 0.00 % Gtotal(l=3) ave= 0.000E+00 +/- 0.00 %  % || Gg(l=0) ave= 7.267E-02 +/- 2.41 % Gg(l=1) ave= 9.264E-02 +/- 1.29 % Gg(l=2) ave= 0.000E+00 +/- 0.00 % Gg(l=3) ave= 0.000E+00 +/- 0.00 %  % || D(l=0) ave= 1.909E+03 +/- 1.81 % D(l=1) ave= 4.277E+02 +/- 0.00 % D(l=2) ave= 0.000E+00 +/- 0.00 % D(l=3) ave= 0.000E+00 +/- 0.00 %  % || S(l=0) ave= 4.838E-05 +/- 5.60 % S(l=1) ave= 3.474E-04 +/- 5.40 % S(l=2) ave= 0.000E+00 +/- 0.00 % S(l=3) ave= 0.000E+00 +/- 0.00 % 
 ... random file  80 Cap(th)  ave= 1.305E-01 b. +/- 3.71 % || Ela(th) ave= 5.406E+00 b. +/- 5.44 % || RIcap ave= 6.26E+00 b. +/- 1.94 % || Macs30 ave= 6.67E-02 b. +/- 0.78 % || Gn^0(l=0) ave= 8.912E-02 +/- 5.09 % Gn^0(l=1) ave= 3.010E-01 +/- 5.35 % Gn^0(l=2) ave= 0.000E+00 +/- 0.00 % Gn^0(l=3) ave= 0.000E+00 +/- 0.00 % || Gtotal(l=0) ave= 1.473E+01 +/- 5.82 % Gtotal(l=1) ave= 1.731E+00 +/- 4.18 % Gtotal(l=2) ave= 0.000E+00 +/- 0.00 % Gtotal(l=3) ave= 0.000E+00 +/- 0.00 %  % || Gg(l=0) ave= 7.263E-02 +/- 2.44 % Gg(l=1) ave= 9.263E-02 +/- 1.29 % Gg(l=2) ave= 0.000E+00 +/- 0.00 % Gg(l=3) ave= 0.000E+00 +/- 0.00 %  % || D(l=0) ave= 1.910E+03 +/- 1.81 % D(l=1) ave= 4.277E+02 +/- 0.00 % D(l=2) ave= 0.000E+00 +/- 0.00 % D(l=3) ave= 0.000E+00 +/- 0.00 %  % || S(l=0) ave= 4.839E-05 +/- 5.56 % S(l=1) ave= 3.472E-04 +/- 5.38 % S(l=2) ave= 0.000E+00 +/- 0.00 % S(l=3) ave= 0.000E+00 +/- 0.00 % 
 ... random file  81 Cap(th)  ave= 1.305E-01 b. +/- 3.69 % || Ela(th) ave= 5.405E+00 b. +/- 5.41 % || RIcap ave= 6.26E+00 b. +/- 1.93 % || Macs30 ave= 6.67E-02 b. +/- 0.78 % || Gn^0(l=0) ave= 8.915E-02 +/- 5.07 % Gn^0(l=1) ave= 3.011E-01 +/- 5.32 % Gn^0(l=2) ave= 0.000E+00 +/- 0.00 % Gn^0(l=3) ave= 0.000E+00 +/- 0.00 % || Gtotal(l=0) ave= 1.473E+01 +/- 5.78 % Gtotal(l=1) ave= 1.732E+00 +/- 4.16 % Gtotal(l=2) ave= 0.000E+00 +/- 0.00 % Gtotal(l=3) ave= 0.000E+00 +/- 0.00 %  % || Gg(l=0) ave= 7.258E-02 +/- 2.50 % Gg(l=1) ave= 9.264E-02 +/- 1.29 % Gg(l=2) ave= 0.000E+00 +/- 0.00 % Gg(l=3) ave= 0.000E+00 +/- 0.00 %  % || D(l=0) ave= 1.909E+03 +/- 1.81 % D(l=1) ave= 4.277E+02 +/- 0.00 % D(l=2) ave= 0.000E+00 +/- 0.00 % D(l=3) ave= 0.000E+00 +/- 0.00 %  % || S(l=0) ave= 4.841E-05 +/- 5.54 % S(l=1) ave= 3.473E-04 +/- 5.35 % S(l=2) ave= 0.000E+00 +/- 0.00 % S(l=3) ave= 0.000E+00 +/- 0.00 % 
 ... random file  82 Cap(th)  ave= 1.305E-01 b. +/- 3.69 % || Ela(th) ave= 5.407E+00 b. +/- 5.39 % || RIcap ave= 6.26E+00 b. +/- 1.93 % || Macs30 ave= 6.66E-02 b. +/- 0.78 % || Gn^0(l=0) ave= 8.921E-02 +/- 5.07 % Gn^0(l=1) ave= 3.011E-01 +/- 5.29 % Gn^0(l=2) ave= 0.000E+00 +/- 0.00 % Gn^0(l=3) ave= 0.000E+00 +/- 0.00 % || Gtotal(l=0) ave= 1.474E+01 +/- 5.76 % Gtotal(l=1) ave= 1.732E+00 +/- 4.14 % Gtotal(l=2) ave= 0.000E+00 +/- 0.00 % Gtotal(l=3) ave= 0.000E+00 +/- 0.00 %  % || Gg(l=0) ave= 7.258E-02 +/- 2.49 % Gg(l=1) ave= 9.261E-02 +/- 1.32 % Gg(l=2) ave= 0.000E+00 +/- 0.00 % Gg(l=3) ave= 0.000E+00 +/- 0.00 %  % || D(l=0) ave= 1.910E+03 +/- 1.81 % D(l=1) ave= 4.277E+02 +/- 0.00 % D(l=2) ave= 0.000E+00 +/- 0.00 % D(l=3) ave= 0.000E+00 +/- 0.00 %  % || S(l=0) ave= 4.843E-05 +/- 5.52 % S(l=1) ave= 3.473E-04 +/- 5.32 % S(l=2) ave= 0.000E+00 +/- 0.00 % S(l=3) ave= 0.000E+00 +/- 0.00 % 
 ... random file  83 Cap(th)  ave= 1.305E-01 b. +/- 3.68 % || Ela(th) ave= 5.404E+00 b. +/- 5.37 % || RIcap ave= 6.26E+00 b. +/- 1.92 % || Macs30 ave= 6.66E-02 b. +/- 0.77 % || Gn^0(l=0) ave= 8.910E-02 +/- 5.17 % Gn^0(l=1) ave= 3.013E-01 +/- 5.29 % Gn^0(l=2) ave= 0.000E+00 +/- 0.00 % Gn^0(l=3) ave= 0.000E+00 +/- 0.00 % || Gtotal(l=0) ave= 1.472E+01 +/- 5.88 % Gtotal(l=1) ave= 1.732E+00 +/- 4.12 % Gtotal(l=2) ave= 0.000E+00 +/- 0.00 % Gtotal(l=3) ave= 0.000E+00 +/- 0.00 %  % || Gg(l=0) ave= 7.259E-02 +/- 2.48 % Gg(l=1) ave= 9.261E-02 +/- 1.31 % Gg(l=2) ave= 0.000E+00 +/- 0.00 % Gg(l=3) ave= 0.000E+00 +/- 0.00 %  % || D(l=0) ave= 1.909E+03 +/- 1.81 % D(l=1) ave= 4.277E+02 +/- 0.00 % D(l=2) ave= 0.000E+00 +/- 0.00 % D(l=3) ave= 0.000E+00 +/- 0.00 %  % || S(l=0) ave= 4.838E-05 +/- 5.58 % S(l=1) ave= 3.475E-04 +/- 5.32 % S(l=2) ave= 0.000E+00 +/- 0.00 % S(l=3) ave= 0.000E+00 +/- 0.00 % 
 ... random file  84 Cap(th)  ave= 1.304E-01 b. +/- 3.75 % || Ela(th) ave= 5.400E+00 b. +/- 5.39 % || RIcap ave= 6.26E+00 b. +/- 1.91 % || Macs30 ave= 6.66E-02 b. +/- 0.77 % || Gn^0(l=0) ave= 8.906E-02 +/- 5.16 % Gn^0(l=1) ave= 3.016E-01 +/- 5.36 % Gn^0(l=2) ave= 0.000E+00 +/- 0.00 % Gn^0(l=3) ave= 0.000E+00 +/- 0.00 % || Gtotal(l=0) ave= 1.471E+01 +/- 5.87 % Gtotal(l=1) ave= 1.733E+00 +/- 4.10 % Gtotal(l=2) ave= 0.000E+00 +/- 0.00 % Gtotal(l=3) ave= 0.000E+00 +/- 0.00 %  % || Gg(l=0) ave= 7.257E-02 +/- 2.49 % Gg(l=1) ave= 9.262E-02 +/- 1.31 % Gg(l=2) ave= 0.000E+00 +/- 0.00 % Gg(l=3) ave= 0.000E+00 +/- 0.00 %  % || D(l=0) ave= 1.910E+03 +/- 1.81 % D(l=1) ave= 4.277E+02 +/- 0.00 % D(l=2) ave= 0.000E+00 +/- 0.00 % D(l=3) ave= 0.000E+00 +/- 0.00 %  % || S(l=0) ave= 4.834E-05 +/- 5.59 % S(l=1) ave= 3.479E-04 +/- 5.38 % S(l=2) ave= 0.000E+00 +/- 0.00 % S(l=3) ave= 0.000E+00 +/- 0.00 % 
 ... random file  85 Cap(th)  ave= 1.304E-01 b. +/- 3.74 % || Ela(th) ave= 5.399E+00 b. +/- 5.37 % || RIcap ave= 6.26E+00 b. +/- 1.90 % || Macs30 ave= 6.66E-02 b. +/- 0.77 % || Gn^0(l=0) ave= 8.901E-02 +/- 5.15 % Gn^0(l=1) ave= 3.016E-01 +/- 5.32 % Gn^0(l=2) ave= 0.000E+00 +/- 0.00 % Gn^0(l=3) ave= 0.000E+00 +/- 0.00 % || Gtotal(l=0) ave= 1.470E+01 +/- 5.87 % Gtotal(l=1) ave= 1.732E+00 +/- 4.09 % Gtotal(l=2) ave= 0.000E+00 +/- 0.00 % Gtotal(l=3) ave= 0.000E+00 +/- 0.00 %  % || Gg(l=0) ave= 7.254E-02 +/- 2.49 % Gg(l=1) ave= 9.262E-02 +/- 1.30 % Gg(l=2) ave= 0.000E+00 +/- 0.00 % Gg(l=3) ave= 0.000E+00 +/- 0.00 %  % || D(l=0) ave= 1.909E+03 +/- 1.81 % D(l=1) ave= 4.277E+02 +/- 0.00 % D(l=2) ave= 0.000E+00 +/- 0.00 % D(l=3) ave= 0.000E+00 +/- 0.00 %  % || S(l=0) ave= 4.833E-05 +/- 5.57 % S(l=1) ave= 3.479E-04 +/- 5.35 % S(l=2) ave= 0.000E+00 +/- 0.00 % S(l=3) ave= 0.000E+00 +/- 0.00 % 
 ... random file  86 Cap(th)  ave= 1.304E-01 b. +/- 3.72 % || Ela(th) ave= 5.397E+00 b. +/- 5.35 % || RIcap ave= 6.26E+00 b. +/- 1.90 % || Macs30 ave= 6.66E-02 b. +/- 0.77 % || Gn^0(l=0) ave= 8.904E-02 +/- 5.14 % Gn^0(l=1) ave= 3.018E-01 +/- 5.32 % Gn^0(l=2) ave= 0.000E+00 +/- 0.00 % Gn^0(l=3) ave= 0.000E+00 +/- 0.00 % || Gtotal(l=0) ave= 1.471E+01 +/- 5.87 % Gtotal(l=1) ave= 1.732E+00 +/- 4.07 % Gtotal(l=2) ave= 0.000E+00 +/- 0.00 % Gtotal(l=3) ave= 0.000E+00 +/- 0.00 %  % || Gg(l=0) ave= 7.254E-02 +/- 2.48 % Gg(l=1) ave= 9.260E-02 +/- 1.30 % Gg(l=2) ave= 0.000E+00 +/- 0.00 % Gg(l=3) ave= 0.000E+00 +/- 0.00 %  % || D(l=0) ave= 1.909E+03 +/- 1.81 % D(l=1) ave= 4.277E+02 +/- 0.00 % D(l=2) ave= 0.000E+00 +/- 0.00 % D(l=3) ave= 0.000E+00 +/- 0.00 %  % || S(l=0) ave= 4.836E-05 +/- 5.56 % S(l=1) ave= 3.482E-04 +/- 5.35 % S(l=2) ave= 0.000E+00 +/- 0.00 % S(l=3) ave= 0.000E+00 +/- 0.00 % 
 ... random file  87 Cap(th)  ave= 1.304E-01 b. +/- 3.70 % || Ela(th) ave= 5.397E+00 b. +/- 5.32 % || RIcap ave= 6.26E+00 b. +/- 1.89 % || Macs30 ave= 6.66E-02 b. +/- 0.77 % || Gn^0(l=0) ave= 8.912E-02 +/- 5.16 % Gn^0(l=1) ave= 3.018E-01 +/- 5.29 % Gn^0(l=2) ave= 0.000E+00 +/- 0.00 % Gn^0(l=3) ave= 0.000E+00 +/- 0.00 % || Gtotal(l=0) ave= 1.472E+01 +/- 5.87 % Gtotal(l=1) ave= 1.732E+00 +/- 4.06 % Gtotal(l=2) ave= 0.000E+00 +/- 0.00 % Gtotal(l=3) ave= 0.000E+00 +/- 0.00 %  % || Gg(l=0) ave= 7.257E-02 +/- 2.48 % Gg(l=1) ave= 9.260E-02 +/- 1.30 % Gg(l=2) ave= 0.000E+00 +/- 0.00 % Gg(l=3) ave= 0.000E+00 +/- 0.00 %  % || D(l=0) ave= 1.909E+03 +/- 1.81 % D(l=1) ave= 4.277E+02 +/- 0.00 % D(l=2) ave= 0.000E+00 +/- 0.00 % D(l=3) ave= 0.000E+00 +/- 0.00 %  % || S(l=0) ave= 4.838E-05 +/- 5.55 % S(l=1) ave= 3.482E-04 +/- 5.32 % S(l=2) ave= 0.000E+00 +/- 0.00 % S(l=3) ave= 0.000E+00 +/- 0.00 % 
 ... random file  88 Cap(th)  ave= 1.304E-01 b. +/- 3.68 % || Ela(th) ave= 5.397E+00 b. +/- 5.29 % || RIcap ave= 6.26E+00 b. +/- 1.89 % || Macs30 ave= 6.66E-02 b. +/- 0.77 % || Gn^0(l=0) ave= 8.913E-02 +/- 5.13 % Gn^0(l=1) ave= 3.019E-01 +/- 5.26 % Gn^0(l=2) ave= 0.000E+00 +/- 0.00 % Gn^0(l=3) ave= 0.000E+00 +/- 0.00 % || Gtotal(l=0) ave= 1.473E+01 +/- 5.85 % Gtotal(l=1) ave= 1.735E+00 +/- 4.21 % Gtotal(l=2) ave= 0.000E+00 +/- 0.00 % Gtotal(l=3) ave= 0.000E+00 +/- 0.00 %  % || Gg(l=0) ave= 7.256E-02 +/- 2.47 % Gg(l=1) ave= 9.261E-02 +/- 1.29 % Gg(l=2) ave= 0.000E+00 +/- 0.00 % Gg(l=3) ave= 0.000E+00 +/- 0.00 %  % || D(l=0) ave= 1.909E+03 +/- 1.81 % D(l=1) ave= 4.277E+02 +/- 0.00 % D(l=2) ave= 0.000E+00 +/- 0.00 % D(l=3) ave= 0.000E+00 +/- 0.00 %  % || S(l=0) ave= 4.840E-05 +/- 5.53 % S(l=1) ave= 3.483E-04 +/- 5.29 % S(l=2) ave= 0.000E+00 +/- 0.00 % S(l=3) ave= 0.000E+00 +/- 0.00 % 
 ... random file  89 Cap(th)  ave= 1.304E-01 b. +/- 3.66 % || Ela(th) ave= 5.398E+00 b. +/- 5.26 % || RIcap ave= 6.26E+00 b. +/- 1.88 % || Macs30 ave= 6.66E-02 b. +/- 0.77 % || Gn^0(l=0) ave= 8.913E-02 +/- 5.11 % Gn^0(l=1) ave= 3.019E-01 +/- 5.24 % Gn^0(l=2) ave= 0.000E+00 +/- 0.00 % Gn^0(l=3) ave= 0.000E+00 +/- 0.00 % || Gtotal(l=0) ave= 1.473E+01 +/- 5.82 % Gtotal(l=1) ave= 1.734E+00 +/- 4.19 % Gtotal(l=2) ave= 0.000E+00 +/- 0.00 % Gtotal(l=3) ave= 0.000E+00 +/- 0.00 %  % || Gg(l=0) ave= 7.261E-02 +/- 2.56 % Gg(l=1) ave= 9.260E-02 +/- 1.29 % Gg(l=2) ave= 0.000E+00 +/- 0.00 % Gg(l=3) ave= 0.000E+00 +/- 0.00 %  % || D(l=0) ave= 1.910E+03 +/- 1.81 % D(l=1) ave= 4.276E+02 +/- 0.00 % D(l=2) ave= 0.000E+00 +/- 0.00 % D(l=3) ave= 0.000E+00 +/- 0.00 %  % || S(l=0) ave= 4.839E-05 +/- 5.50 % S(l=1) ave= 3.483E-04 +/- 5.26 % S(l=2) ave= 0.000E+00 +/- 0.00 % S(l=3) ave= 0.000E+00 +/- 0.00 % 
 ... random file  90 Cap(th)  ave= 1.304E-01 b. +/- 3.64 % || Ela(th) ave= 5.389E+00 b. +/- 5.48 % || RIcap ave= 6.26E+00 b. +/- 1.96 % || Macs30 ave= 6.66E-02 b. +/- 0.77 % || Gn^0(l=0) ave= 8.912E-02 +/- 5.08 % Gn^0(l=1) ave= 3.026E-01 +/- 5.64 % Gn^0(l=2) ave= 0.000E+00 +/- 0.00 % Gn^0(l=3) ave= 0.000E+00 +/- 0.00 % || Gtotal(l=0) ave= 1.473E+01 +/- 5.79 % Gtotal(l=1) ave= 1.735E+00 +/- 4.17 % Gtotal(l=2) ave= 0.000E+00 +/- 0.00 % Gtotal(l=3) ave= 0.000E+00 +/- 0.00 %  % || Gg(l=0) ave= 7.259E-02 +/- 2.55 % Gg(l=1) ave= 9.259E-02 +/- 1.28 % Gg(l=2) ave= 0.000E+00 +/- 0.00 % Gg(l=3) ave= 0.000E+00 +/- 0.00 %  % || D(l=0) ave= 1.910E+03 +/- 1.81 % D(l=1) ave= 4.276E+02 +/- 0.00 % D(l=2) ave= 0.000E+00 +/- 0.00 % D(l=3) ave= 0.000E+00 +/- 0.00 %  % || S(l=0) ave= 4.837E-05 +/- 5.48 % S(l=1) ave= 3.491E-04 +/- 5.71 % S(l=2) ave= 0.000E+00 +/- 0.00 % S(l=3) ave= 0.000E+00 +/- 0.00 % 
 ... random file  91 Cap(th)  ave= 1.303E-01 b. +/- 3.65 % || Ela(th) ave= 5.388E+00 b. +/- 5.45 % || RIcap ave= 6.26E+00 b. +/- 2.03 % || Macs30 ave= 6.67E-02 b. +/- 0.77 % || Gn^0(l=0) ave= 8.911E-02 +/- 5.05 % Gn^0(l=1) ave= 3.026E-01 +/- 5.61 % Gn^0(l=2) ave= 0.000E+00 +/- 0.00 % Gn^0(l=3) ave= 0.000E+00 +/- 0.00 % || Gtotal(l=0) ave= 1.473E+01 +/- 5.76 % Gtotal(l=1) ave= 1.735E+00 +/- 4.15 % Gtotal(l=2) ave= 0.000E+00 +/- 0.00 % Gtotal(l=3) ave= 0.000E+00 +/- 0.00 %  % || Gg(l=0) ave= 7.257E-02 +/- 2.55 % Gg(l=1) ave= 9.261E-02 +/- 1.29 % Gg(l=2) ave= 0.000E+00 +/- 0.00 % Gg(l=3) ave= 0.000E+00 +/- 0.00 %  % || D(l=0) ave= 1.910E+03 +/- 1.81 % D(l=1) ave= 4.276E+02 +/- 0.00 % D(l=2) ave= 0.000E+00 +/- 0.00 % D(l=3) ave= 0.000E+00 +/- 0.00 %  % || S(l=0) ave= 4.838E-05 +/- 5.45 % S(l=1) ave= 3.492E-04 +/- 5.68 % S(l=2) ave= 0.000E+00 +/- 0.00 % S(l=3) ave= 0.000E+00 +/- 0.00 % 
 ... random file  92 Cap(th)  ave= 1.304E-01 b. +/- 3.65 % || Ela(th) ave= 5.388E+00 b. +/- 5.42 % || RIcap ave= 6.25E+00 b. +/- 2.03 % || Macs30 ave= 6.67E-02 b. +/- 0.76 % || Gn^0(l=0) ave= 8.914E-02 +/- 5.04 % Gn^0(l=1) ave= 3.028E-01 +/- 5.59 % Gn^0(l=2) ave= 0.000E+00 +/- 0.00 % Gn^0(l=3) ave= 0.000E+00 +/- 0.00 % || Gtotal(l=0) ave= 1.474E+01 +/- 5.76 % Gtotal(l=1) ave= 1.736E+00 +/- 4.16 % Gtotal(l=2) ave= 0.000E+00 +/- 0.00 % Gtotal(l=3) ave= 0.000E+00 +/- 0.00 %  % || Gg(l=0) ave= 7.256E-02 +/- 2.54 % Gg(l=1) ave= 9.260E-02 +/- 1.28 % Gg(l=2) ave= 0.000E+00 +/- 0.00 % Gg(l=3) ave= 0.000E+00 +/- 0.00 %  % || D(l=0) ave= 1.909E+03 +/- 1.81 % D(l=1) ave= 4.276E+02 +/- 0.00 % D(l=2) ave= 0.000E+00 +/- 0.00 % D(l=3) ave= 0.000E+00 +/- 0.00 %  % || S(l=0) ave= 4.840E-05 +/- 5.44 % S(l=1) ave= 3.494E-04 +/- 5.66 % S(l=2) ave= 0.000E+00 +/- 0.00 % S(l=3) ave= 0.000E+00 +/- 0.00 % 
 ... random file  93 Cap(th)  ave= 1.303E-01 b. +/- 3.65 % || Ela(th) ave= 5.385E+00 b. +/- 5.43 % || RIcap ave= 6.25E+00 b. +/- 2.12 % || Macs30 ave= 6.67E-02 b. +/- 0.76 % || Gn^0(l=0) ave= 8.916E-02 +/- 5.01 % Gn^0(l=1) ave= 3.029E-01 +/- 5.59 % Gn^0(l=2) ave= 0.000E+00 +/- 0.00 % Gn^0(l=3) ave= 0.000E+00 +/- 0.00 % || Gtotal(l=0) ave= 1.474E+01 +/- 5.73 % Gtotal(l=1) ave= 1.736E+00 +/- 4.15 % Gtotal(l=2) ave= 0.000E+00 +/- 0.00 % Gtotal(l=3) ave= 0.000E+00 +/- 0.00 %  % || Gg(l=0) ave= 7.258E-02 +/- 2.54 % Gg(l=1) ave= 9.261E-02 +/- 1.28 % Gg(l=2) ave= 0.000E+00 +/- 0.00 % Gg(l=3) ave= 0.000E+00 +/- 0.00 %  % || D(l=0) ave= 1.910E+03 +/- 1.81 % D(l=1) ave= 4.276E+02 +/- 0.00 % D(l=2) ave= 0.000E+00 +/- 0.00 % D(l=3) ave= 0.000E+00 +/- 0.00 %  % || S(l=0) ave= 4.840E-05 +/- 5.41 % S(l=1) ave= 3.496E-04 +/- 5.66 % S(l=2) ave= 0.000E+00 +/- 0.00 % S(l=3) ave= 0.000E+00 +/- 0.00 % 
 ... random file  94 Cap(th)  ave= 1.304E-01 b. +/- 3.64 % || Ela(th) ave= 5.375E+00 b. +/- 5.69 % || RIcap ave= 6.25E+00 b. +/- 2.12 % || Macs30 ave= 6.66E-02 b. +/- 0.76 % || Gn^0(l=0) ave= 8.917E-02 +/- 4.99 % Gn^0(l=1) ave= 3.034E-01 +/- 5.75 % Gn^0(l=2) ave= 0.000E+00 +/- 0.00 % Gn^0(l=3) ave= 0.000E+00 +/- 0.00 % || Gtotal(l=0) ave= 1.474E+01 +/- 5.70 % Gtotal(l=1) ave= 1.735E+00 +/- 4.15 % Gtotal(l=2) ave= 0.000E+00 +/- 0.00 % Gtotal(l=3) ave= 0.000E+00 +/- 0.00 %  % || Gg(l=0) ave= 7.258E-02 +/- 2.53 % Gg(l=1) ave= 9.259E-02 +/- 1.29 % Gg(l=2) ave= 0.000E+00 +/- 0.00 % Gg(l=3) ave= 0.000E+00 +/- 0.00 %  % || D(l=0) ave= 1.909E+03 +/- 1.81 % D(l=1) ave= 4.276E+02 +/- 0.00 % D(l=2) ave= 0.000E+00 +/- 0.00 % D(l=3) ave= 0.000E+00 +/- 0.00 %  % || S(l=0) ave= 4.841E-05 +/- 5.39 % S(l=1) ave= 3.502E-04 +/- 5.86 % S(l=2) ave= 0.000E+00 +/- 0.00 % S(l=3) ave= 0.000E+00 +/- 0.00 % 
 ... random file  95 Cap(th)  ave= 1.304E-01 b. +/- 3.63 % || Ela(th) ave= 5.376E+00 b. +/- 5.66 % || RIcap ave= 6.25E+00 b. +/- 2.13 % || Macs30 ave= 6.66E-02 b. +/- 0.76 % || Gn^0(l=0) ave= 8.912E-02 +/- 4.99 % Gn^0(l=1) ave= 3.033E-01 +/- 5.73 % Gn^0(l=2) ave= 0.000E+00 +/- 0.00 % Gn^0(l=3) ave= 0.000E+00 +/- 0.00 % || Gtotal(l=0) ave= 1.472E+01 +/- 5.77 % Gtotal(l=1) ave= 1.735E+00 +/- 4.13 % Gtotal(l=2) ave= 0.000E+00 +/- 0.00 % Gtotal(l=3) ave= 0.000E+00 +/- 0.00 %  % || Gg(l=0) ave= 7.256E-02 +/- 2.53 % Gg(l=1) ave= 9.259E-02 +/- 1.29 % Gg(l=2) ave= 0.000E+00 +/- 0.00 % Gg(l=3) ave= 0.000E+00 +/- 0.00 %  % || D(l=0) ave= 1.910E+03 +/- 1.81 % D(l=1) ave= 4.276E+02 +/- 0.00 % D(l=2) ave= 0.000E+00 +/- 0.00 % D(l=3) ave= 0.000E+00 +/- 0.00 %  % || S(l=0) ave= 4.838E-05 +/- 5.41 % S(l=1) ave= 3.501E-04 +/- 5.83 % S(l=2) ave= 0.000E+00 +/- 0.00 % S(l=3) ave= 0.000E+00 +/- 0.00 % 
 ... random file  96 Cap(th)  ave= 1.304E-01 b. +/- 3.62 % || Ela(th) ave= 5.374E+00 b. +/- 5.66 % || RIcap ave= 6.25E+00 b. +/- 2.14 % || Macs30 ave= 6.66E-02 b. +/- 0.77 % || Gn^0(l=0) ave= 8.910E-02 +/- 4.97 % Gn^0(l=1) ave= 3.035E-01 +/- 5.72 % Gn^0(l=2) ave= 0.000E+00 +/- 0.00 % Gn^0(l=3) ave= 0.000E+00 +/- 0.00 % || Gtotal(l=0) ave= 1.472E+01 +/- 5.76 % Gtotal(l=1) ave= 1.736E+00 +/- 4.14 % Gtotal(l=2) ave= 0.000E+00 +/- 0.00 % Gtotal(l=3) ave= 0.000E+00 +/- 0.00 %  % || Gg(l=0) ave= 7.258E-02 +/- 2.53 % Gg(l=1) ave= 9.258E-02 +/- 1.29 % Gg(l=2) ave= 0.000E+00 +/- 0.00 % Gg(l=3) ave= 0.000E+00 +/- 0.00 %  % || D(l=0) ave= 1.910E+03 +/- 1.81 % D(l=1) ave= 4.276E+02 +/- 0.00 % D(l=2) ave= 0.000E+00 +/- 0.00 % D(l=3) ave= 0.000E+00 +/- 0.00 %  % || S(l=0) ave= 4.836E-05 +/- 5.40 % S(l=1) ave= 3.502E-04 +/- 5.81 % S(l=2) ave= 0.000E+00 +/- 0.00 % S(l=3) ave= 0.000E+00 +/- 0.00 % 
 ... random file  97 Cap(th)  ave= 1.303E-01 b. +/- 3.62 % || Ela(th) ave= 5.375E+00 b. +/- 5.63 % || RIcap ave= 6.24E+00 b. +/- 2.19 % || Macs30 ave= 6.66E-02 b. +/- 0.76 % || Gn^0(l=0) ave= 8.904E-02 +/- 4.99 % Gn^0(l=1) ave= 3.034E-01 +/- 5.70 % Gn^0(l=2) ave= 0.000E+00 +/- 0.00 % Gn^0(l=3) ave= 0.000E+00 +/- 0.00 % || Gtotal(l=0) ave= 1.470E+01 +/- 5.78 % Gtotal(l=1) ave= 1.736E+00 +/- 4.11 % Gtotal(l=2) ave= 0.000E+00 +/- 0.00 % Gtotal(l=3) ave= 0.000E+00 +/- 0.00 %  % || Gg(l=0) ave= 7.257E-02 +/- 2.52 % Gg(l=1) ave= 9.259E-02 +/- 1.28 % Gg(l=2) ave= 0.000E+00 +/- 0.00 % Gg(l=3) ave= 0.000E+00 +/- 0.00 %  % || D(l=0) ave= 1.910E+03 +/- 1.81 % D(l=1) ave= 4.276E+02 +/- 0.00 % D(l=2) ave= 0.000E+00 +/- 0.00 % D(l=3) ave= 0.000E+00 +/- 0.00 %  % || S(l=0) ave= 4.833E-05 +/- 5.40 % S(l=1) ave= 3.501E-04 +/- 5.79 % S(l=2) ave= 0.000E+00 +/- 0.00 % S(l=3) ave= 0.000E+00 +/- 0.00 % 
 ... random file  98 Cap(th)  ave= 1.303E-01 b. +/- 3.61 % || Ela(th) ave= 5.377E+00 b. +/- 5.61 % || RIcap ave= 6.24E+00 b. +/- 2.21 % || Macs30 ave= 6.66E-02 b. +/- 0.76 % || Gn^0(l=0) ave= 8.905E-02 +/- 4.97 % Gn^0(l=1) ave= 3.032E-01 +/- 5.72 % Gn^0(l=2) ave= 0.000E+00 +/- 0.00 % Gn^0(l=3) ave= 0.000E+00 +/- 0.00 % || Gtotal(l=0) ave= 1.471E+01 +/- 5.75 % Gtotal(l=1) ave= 1.735E+00 +/- 4.16 % Gtotal(l=2) ave= 0.000E+00 +/- 0.00 % Gtotal(l=3) ave= 0.000E+00 +/- 0.00 %  % || Gg(l=0) ave= 7.258E-02 +/- 2.51 % Gg(l=1) ave= 9.259E-02 +/- 1.28 % Gg(l=2) ave= 0.000E+00 +/- 0.00 % Gg(l=3) ave= 0.000E+00 +/- 0.00 %  % || D(l=0) ave= 1.910E+03 +/- 1.81 % D(l=1) ave= 4.276E+02 +/- 0.00 % D(l=2) ave= 0.000E+00 +/- 0.00 % D(l=3) ave= 0.000E+00 +/- 0.00 %  % || S(l=0) ave= 4.833E-05 +/- 5.37 % S(l=1) ave= 3.498E-04 +/- 5.81 % S(l=2) ave= 0.000E+00 +/- 0.00 % S(l=3) ave= 0.000E+00 +/- 0.00 % 
 ... random file  99 Cap(th)  ave= 1.302E-01 b. +/- 3.67 % || Ela(th) ave= 5.374E+00 b. +/- 5.61 % || RIcap ave= 6.24E+00 b. +/- 2.22 % || Macs30 ave= 6.66E-02 b. +/- 0.76 % || Gn^0(l=0) ave= 8.905E-02 +/- 4.94 % Gn^0(l=1) ave= 3.033E-01 +/- 5.71 % Gn^0(l=2) ave= 0.000E+00 +/- 0.00 % Gn^0(l=3) ave= 0.000E+00 +/- 0.00 % || Gtotal(l=0) ave= 1.471E+01 +/- 5.72 % Gtotal(l=1) ave= 1.735E+00 +/- 4.14 % Gtotal(l=2) ave= 0.000E+00 +/- 0.00 % Gtotal(l=3) ave= 0.000E+00 +/- 0.00 %  % || Gg(l=0) ave= 7.257E-02 +/- 2.51 % Gg(l=1) ave= 9.258E-02 +/- 1.27 % Gg(l=2) ave= 0.000E+00 +/- 0.00 % Gg(l=3) ave= 0.000E+00 +/- 0.00 %  % || D(l=0) ave= 1.911E+03 +/- 1.82 % D(l=1) ave= 4.276E+02 +/- 0.00 % D(l=2) ave= 0.000E+00 +/- 0.00 % D(l=3) ave= 0.000E+00 +/- 0.00 %  % || S(l=0) ave= 4.832E-05 +/- 5.35 % S(l=1) ave= 3.500E-04 +/- 5.80 % S(l=2) ave= 0.000E+00 +/- 0.00 % S(l=3) ave= 0.000E+00 +/- 0.00 % 
 ... random file  100 Cap(th)  ave= 1.302E-01 b. +/- 3.66 % || Ela(th) ave= 5.375E+00 b. +/- 5.58 % || RIcap ave= 6.24E+00 b. +/- 2.21 % || Macs30 ave= 6.66E-02 b. +/- 0.76 % || Gn^0(l=0) ave= 8.902E-02 +/- 4.93 % Gn^0(l=1) ave= 3.033E-01 +/- 5.68 % Gn^0(l=2) ave= 0.000E+00 +/- 0.00 % Gn^0(l=3) ave= 0.000E+00 +/- 0.00 % || Gtotal(l=0) ave= 1.470E+01 +/- 5.71 % Gtotal(l=1) ave= 1.735E+00 +/- 4.12 % Gtotal(l=2) ave= 0.000E+00 +/- 0.00 % Gtotal(l=3) ave= 0.000E+00 +/- 0.00 %  % || Gg(l=0) ave= 7.258E-02 +/- 2.50 % Gg(l=1) ave= 9.259E-02 +/- 1.27 % Gg(l=2) ave= 0.000E+00 +/- 0.00 % Gg(l=3) ave= 0.000E+00 +/- 0.00 %  % || D(l=0) ave= 1.911E+03 +/- 1.82 % D(l=1) ave= 4.276E+02 +/- 0.00 % D(l=2) ave= 0.000E+00 +/- 0.00 % D(l=3) ave= 0.000E+00 +/- 0.00 %  % || S(l=0) ave= 4.829E-05 +/- 5.35 % S(l=1) ave= 3.500E-04 +/- 5.77 % S(l=2) ave= 0.000E+00 +/- 0.00 % S(l=3) ave= 0.000E+00 +/- 0.00 % 
 ... random file  101 Cap(th)  ave= 1.302E-01 b. +/- 3.65 % || Ela(th) ave= 5.373E+00 b. +/- 5.57 % || RIcap ave= 6.24E+00 b. +/- 2.20 % || Macs30 ave= 6.66E-02 b. +/- 0.76 % || Gn^0(l=0) ave= 8.905E-02 +/- 4.92 % Gn^0(l=1) ave= 3.035E-01 +/- 5.68 % Gn^0(l=2) ave= 0.000E+00 +/- 0.00 % Gn^0(l=3) ave= 0.000E+00 +/- 0.00 % || Gtotal(l=0) ave= 1.471E+01 +/- 5.71 % Gtotal(l=1) ave= 1.736E+00 +/- 4.14 % Gtotal(l=2) ave= 0.000E+00 +/- 0.00 % Gtotal(l=3) ave= 0.000E+00 +/- 0.00 %  % || Gg(l=0) ave= 7.258E-02 +/- 2.49 % Gg(l=1) ave= 9.258E-02 +/- 1.27 % Gg(l=2) ave= 0.000E+00 +/- 0.00 % Gg(l=3) ave= 0.000E+00 +/- 0.00 %  % || D(l=0) ave= 1.911E+03 +/- 1.82 % D(l=1) ave= 4.276E+02 +/- 0.00 % D(l=2) ave= 0.000E+00 +/- 0.00 % D(l=3) ave= 0.000E+00 +/- 0.00 %  % || S(l=0) ave= 4.832E-05 +/- 5.35 % S(l=1) ave= 3.502E-04 +/- 5.76 % S(l=2) ave= 0.000E+00 +/- 0.00 % S(l=3) ave= 0.000E+00 +/- 0.00 % 
 ... random file  102 Cap(th)  ave= 1.301E-01 b. +/- 3.67 % || Ela(th) ave= 5.378E+00 b. +/- 5.60 % || RIcap ave= 6.24E+00 b. +/- 2.19 % || Macs30 ave= 6.66E-02 b. +/- 0.76 % || Gn^0(l=0) ave= 8.903E-02 +/- 4.90 % Gn^0(l=1) ave= 3.033E-01 +/- 5.70 % Gn^0(l=2) ave= 0.000E+00 +/- 0.00 % Gn^0(l=3) ave= 0.000E+00 +/- 0.00 % || Gtotal(l=0) ave= 1.471E+01 +/- 5.68 % Gtotal(l=1) ave= 1.736E+00 +/- 4.13 % Gtotal(l=2) ave= 0.000E+00 +/- 0.00 % Gtotal(l=3) ave= 0.000E+00 +/- 0.00 %  % || Gg(l=0) ave= 7.257E-02 +/- 2.47 % Gg(l=1) ave= 9.260E-02 +/- 1.27 % Gg(l=2) ave= 0.000E+00 +/- 0.00 % Gg(l=3) ave= 0.000E+00 +/- 0.00 %  % || D(l=0) ave= 1.910E+03 +/- 1.81 % D(l=1) ave= 4.276E+02 +/- 0.00 % D(l=2) ave= 0.000E+00 +/- 0.00 % D(l=3) ave= 0.000E+00 +/- 0.00 %  % || S(l=0) ave= 4.831E-05 +/- 5.32 % S(l=1) ave= 3.499E-04 +/- 5.78 % S(l=2) ave= 0.000E+00 +/- 0.00 % S(l=3) ave= 0.000E+00 +/- 0.00 % 
 ... random file  103 Cap(th)  ave= 1.301E-01 b. +/- 3.67 % || Ela(th) ave= 5.381E+00 b. +/- 5.61 % || RIcap ave= 6.24E+00 b. +/- 2.19 % || Macs30 ave= 6.66E-02 b. +/- 0.77 % || Gn^0(l=0) ave= 8.902E-02 +/- 4.88 % Gn^0(l=1) ave= 3.032E-01 +/- 5.69 % Gn^0(l=2) ave= 0.000E+00 +/- 0.00 % Gn^0(l=3) ave= 0.000E+00 +/- 0.00 % || Gtotal(l=0) ave= 1.471E+01 +/- 5.66 % Gtotal(l=1) ave= 1.737E+00 +/- 4.13 % Gtotal(l=2) ave= 0.000E+00 +/- 0.00 % Gtotal(l=3) ave= 0.000E+00 +/- 0.00 %  % || Gg(l=0) ave= 7.258E-02 +/- 2.46 % Gg(l=1) ave= 9.261E-02 +/- 1.28 % Gg(l=2) ave= 0.000E+00 +/- 0.00 % Gg(l=3) ave= 0.000E+00 +/- 0.00 %  % || D(l=0) ave= 1.911E+03 +/- 1.82 % D(l=1) ave= 4.276E+02 +/- 0.00 % D(l=2) ave= 0.000E+00 +/- 0.00 % D(l=3) ave= 0.000E+00 +/- 0.00 %  % || S(l=0) ave= 4.830E-05 +/- 5.30 % S(l=1) ave= 3.498E-04 +/- 5.77 % S(l=2) ave= 0.000E+00 +/- 0.00 % S(l=3) ave= 0.000E+00 +/- 0.00 % 
 ... random file  104 Cap(th)  ave= 1.301E-01 b. +/- 3.65 % || Ela(th) ave= 5.381E+00 b. +/- 5.59 % || RIcap ave= 6.24E+00 b. +/- 2.18 % || Macs30 ave= 6.67E-02 b. +/- 0.77 % || Gn^0(l=0) ave= 8.898E-02 +/- 4.88 % Gn^0(l=1) ave= 3.032E-01 +/- 5.67 % Gn^0(l=2) ave= 0.000E+00 +/- 0.00 % Gn^0(l=3) ave= 0.000E+00 +/- 0.00 % || Gtotal(l=0) ave= 1.470E+01 +/- 5.64 % Gtotal(l=1) ave= 1.737E+00 +/- 4.12 % Gtotal(l=2) ave= 0.000E+00 +/- 0.00 % Gtotal(l=3) ave= 0.000E+00 +/- 0.00 %  % || Gg(l=0) ave= 7.259E-02 +/- 2.45 % Gg(l=1) ave= 9.262E-02 +/- 1.28 % Gg(l=2) ave= 0.000E+00 +/- 0.00 % Gg(l=3) ave= 0.000E+00 +/- 0.00 %  % || D(l=0) ave= 1.910E+03 +/- 1.81 % D(l=1) ave= 4.276E+02 +/- 0.00 % D(l=2) ave= 0.000E+00 +/- 0.00 % D(l=3) ave= 0.000E+00 +/- 0.00 %  % || S(l=0) ave= 4.829E-05 +/- 5.29 % S(l=1) ave= 3.499E-04 +/- 5.75 % S(l=2) ave= 0.000E+00 +/- 0.00 % S(l=3) ave= 0.000E+00 +/- 0.00 % 
 ... random file  105 Cap(th)  ave= 1.301E-01 b. +/- 3.64 % || Ela(th) ave= 5.384E+00 b. +/- 5.58 % || RIcap ave= 6.24E+00 b. +/- 2.17 % || Macs30 ave= 6.66E-02 b. +/- 0.77 % || Gn^0(l=0) ave= 8.894E-02 +/- 4.88 % Gn^0(l=1) ave= 3.030E-01 +/- 5.68 % Gn^0(l=2) ave= 0.000E+00 +/- 0.00 % Gn^0(l=3) ave= 0.000E+00 +/- 0.00 % || Gtotal(l=0) ave= 1.469E+01 +/- 5.66 % Gtotal(l=1) ave= 1.736E+00 +/- 4.13 % Gtotal(l=2) ave= 0.000E+00 +/- 0.00 % Gtotal(l=3) ave= 0.000E+00 +/- 0.00 %  % || Gg(l=0) ave= 7.259E-02 +/- 2.44 % Gg(l=1) ave= 9.262E-02 +/- 1.28 % Gg(l=2) ave= 0.000E+00 +/- 0.00 % Gg(l=3) ave= 0.000E+00 +/- 0.00 %  % || D(l=0) ave= 1.911E+03 +/- 1.82 % D(l=1) ave= 4.276E+02 +/- 0.00 % D(l=2) ave= 0.000E+00 +/- 0.00 % D(l=3) ave= 0.000E+00 +/- 0.00 %  % || S(l=0) ave= 4.826E-05 +/- 5.30 % S(l=1) ave= 3.497E-04 +/- 5.75 % S(l=2) ave= 0.000E+00 +/- 0.00 % S(l=3) ave= 0.000E+00 +/- 0.00 % 
 ... random file  106 Cap(th)  ave= 1.301E-01 b. +/- 3.62 % || Ela(th) ave= 5.387E+00 b. +/- 5.60 % || RIcap ave= 6.24E+00 b. +/- 2.16 % || Macs30 ave= 6.67E-02 b. +/- 0.77 % || Gn^0(l=0) ave= 8.895E-02 +/- 4.86 % Gn^0(l=1) ave= 3.029E-01 +/- 5.69 % Gn^0(l=2) ave= 0.000E+00 +/- 0.00 % Gn^0(l=3) ave= 0.000E+00 +/- 0.00 % || Gtotal(l=0) ave= 1.469E+01 +/- 5.63 % Gtotal(l=1) ave= 1.736E+00 +/- 4.12 % Gtotal(l=2) ave= 0.000E+00 +/- 0.00 % Gtotal(l=3) ave= 0.000E+00 +/- 0.00 %  % || Gg(l=0) ave= 7.262E-02 +/- 2.46 % Gg(l=1) ave= 9.262E-02 +/- 1.27 % Gg(l=2) ave= 0.000E+00 +/- 0.00 % Gg(l=3) ave= 0.000E+00 +/- 0.00 %  % || D(l=0) ave= 1.910E+03 +/- 1.81 % D(l=1) ave= 4.276E+02 +/- 0.00 % D(l=2) ave= 0.000E+00 +/- 0.00 % D(l=3) ave= 0.000E+00 +/- 0.00 %  % || S(l=0) ave= 4.827E-05 +/- 5.28 % S(l=1) ave= 3.495E-04 +/- 5.75 % S(l=2) ave= 0.000E+00 +/- 0.00 % S(l=3) ave= 0.000E+00 +/- 0.00 % 
 ... random file  107 Cap(th)  ave= 1.301E-01 b. +/- 3.61 % || Ela(th) ave= 5.387E+00 b. +/- 5.57 % || RIcap ave= 6.24E+00 b. +/- 2.15 % || Macs30 ave= 6.67E-02 b. +/- 0.77 % || Gn^0(l=0) ave= 8.896E-02 +/- 4.84 % Gn^0(l=1) ave= 3.029E-01 +/- 5.67 % Gn^0(l=2) ave= 0.000E+00 +/- 0.00 % Gn^0(l=3) ave= 0.000E+00 +/- 0.00 % || Gtotal(l=0) ave= 1.470E+01 +/- 5.61 % Gtotal(l=1) ave= 1.737E+00 +/- 4.12 % Gtotal(l=2) ave= 0.000E+00 +/- 0.00 % Gtotal(l=3) ave= 0.000E+00 +/- 0.00 %  % || Gg(l=0) ave= 7.261E-02 +/- 2.45 % Gg(l=1) ave= 9.263E-02 +/- 1.27 % Gg(l=2) ave= 0.000E+00 +/- 0.00 % Gg(l=3) ave= 0.000E+00 +/- 0.00 %  % || D(l=0) ave= 1.910E+03 +/- 1.81 % D(l=1) ave= 4.276E+02 +/- 0.00 % D(l=2) ave= 0.000E+00 +/- 0.00 % D(l=3) ave= 0.000E+00 +/- 0.00 %  % || S(l=0) ave= 4.828E-05 +/- 5.26 % S(l=1) ave= 3.495E-04 +/- 5.72 % S(l=2) ave= 0.000E+00 +/- 0.00 % S(l=3) ave= 0.000E+00 +/- 0.00 % 
 ... random file  108 Cap(th)  ave= 1.301E-01 b. +/- 3.62 % || Ela(th) ave= 5.388E+00 b. +/- 5.55 % || RIcap ave= 6.24E+00 b. +/- 2.14 % || Macs30 ave= 6.67E-02 b. +/- 0.77 % || Gn^0(l=0) ave= 8.899E-02 +/- 4.83 % Gn^0(l=1) ave= 3.029E-01 +/- 5.64 % Gn^0(l=2) ave= 0.000E+00 +/- 0.00 % Gn^0(l=3) ave= 0.000E+00 +/- 0.00 % || Gtotal(l=0) ave= 1.470E+01 +/- 5.59 % Gtotal(l=1) ave= 1.737E+00 +/- 4.10 % Gtotal(l=2) ave= 0.000E+00 +/- 0.00 % Gtotal(l=3) ave= 0.000E+00 +/- 0.00 %  % || Gg(l=0) ave= 7.257E-02 +/- 2.50 % Gg(l=1) ave= 9.264E-02 +/- 1.27 % Gg(l=2) ave= 0.000E+00 +/- 0.00 % Gg(l=3) ave= 0.000E+00 +/- 0.00 %  % || D(l=0) ave= 1.911E+03 +/- 1.81 % D(l=1) ave= 4.276E+02 +/- 0.00 % D(l=2) ave= 0.000E+00 +/- 0.00 % D(l=3) ave= 0.000E+00 +/- 0.00 %  % || S(l=0) ave= 4.829E-05 +/- 5.24 % S(l=1) ave= 3.496E-04 +/- 5.70 % S(l=2) ave= 0.000E+00 +/- 0.00 % S(l=3) ave= 0.000E+00 +/- 0.00 % 
 ... random file  109 Cap(th)  ave= 1.301E-01 b. +/- 3.60 % || Ela(th) ave= 5.388E+00 b. +/- 5.53 % || RIcap ave= 6.24E+00 b. +/- 2.15 % || Macs30 ave= 6.67E-02 b. +/- 0.77 % || Gn^0(l=0) ave= 8.895E-02 +/- 4.83 % Gn^0(l=1) ave= 3.029E-01 +/- 5.61 % Gn^0(l=2) ave= 0.000E+00 +/- 0.00 % Gn^0(l=3) ave= 0.000E+00 +/- 0.00 % || Gtotal(l=0) ave= 1.469E+01 +/- 5.59 % Gtotal(l=1) ave= 1.736E+00 +/- 4.13 % Gtotal(l=2) ave= 0.000E+00 +/- 0.00 % Gtotal(l=3) ave= 0.000E+00 +/- 0.00 %  % || Gg(l=0) ave= 7.255E-02 +/- 2.51 % Gg(l=1) ave= 9.263E-02 +/- 1.27 % Gg(l=2) ave= 0.000E+00 +/- 0.00 % Gg(l=3) ave= 0.000E+00 +/- 0.00 %  % || D(l=0) ave= 1.911E+03 +/- 1.82 % D(l=1) ave= 4.276E+02 +/- 0.00 % D(l=2) ave= 0.000E+00 +/- 0.00 % D(l=3) ave= 0.000E+00 +/- 0.00 %  % || S(l=0) ave= 4.826E-05 +/- 5.26 % S(l=1) ave= 3.496E-04 +/- 5.67 % S(l=2) ave= 0.000E+00 +/- 0.00 % S(l=3) ave= 0.000E+00 +/- 0.00 % 
 ... random file  110 Cap(th)  ave= 1.302E-01 b. +/- 3.59 % || Ela(th) ave= 5.391E+00 b. +/- 5.53 % || RIcap ave= 6.24E+00 b. +/- 2.15 % || Macs30 ave= 6.66E-02 b. +/- 0.79 % || Gn^0(l=0) ave= 8.895E-02 +/- 4.81 % Gn^0(l=1) ave= 3.028E-01 +/- 5.62 % Gn^0(l=2) ave= 0.000E+00 +/- 0.00 % Gn^0(l=3) ave= 0.000E+00 +/- 0.00 % || Gtotal(l=0) ave= 1.469E+01 +/- 5.57 % Gtotal(l=1) ave= 1.736E+00 +/- 4.11 % Gtotal(l=2) ave= 0.000E+00 +/- 0.00 % Gtotal(l=3) ave= 0.000E+00 +/- 0.00 %  % || Gg(l=0) ave= 7.252E-02 +/- 2.54 % Gg(l=1) ave= 9.262E-02 +/- 1.28 % Gg(l=2) ave= 0.000E+00 +/- 0.00 % Gg(l=3) ave= 0.000E+00 +/- 0.00 %  % || D(l=0) ave= 1.911E+03 +/- 1.82 % D(l=1) ave= 4.276E+02 +/- 0.00 % D(l=2) ave= 0.000E+00 +/- 0.00 % D(l=3) ave= 0.000E+00 +/- 0.00 %  % || S(l=0) ave= 4.825E-05 +/- 5.24 % S(l=1) ave= 3.494E-04 +/- 5.67 % S(l=2) ave= 0.000E+00 +/- 0.00 % S(l=3) ave= 0.000E+00 +/- 0.00 % 
 ... random file  111 Cap(th)  ave= 1.302E-01 b. +/- 3.60 % || Ela(th) ave= 5.392E+00 b. +/- 5.51 % || RIcap ave= 6.24E+00 b. +/- 2.15 % || Macs30 ave= 6.66E-02 b. +/- 0.79 % || Gn^0(l=0) ave= 8.891E-02 +/- 4.82 % Gn^0(l=1) ave= 3.026E-01 +/- 5.61 % Gn^0(l=2) ave= 0.000E+00 +/- 0.00 % Gn^0(l=3) ave= 0.000E+00 +/- 0.00 % || Gtotal(l=0) ave= 1.468E+01 +/- 5.56 % Gtotal(l=1) ave= 1.735E+00 +/- 4.12 % Gtotal(l=2) ave= 0.000E+00 +/- 0.00 % Gtotal(l=3) ave= 0.000E+00 +/- 0.00 %  % || Gg(l=0) ave= 7.252E-02 +/- 2.53 % Gg(l=1) ave= 9.263E-02 +/- 1.28 % Gg(l=2) ave= 0.000E+00 +/- 0.00 % Gg(l=3) ave= 0.000E+00 +/- 0.00 %  % || D(l=0) ave= 1.911E+03 +/- 1.82 % D(l=1) ave= 4.276E+02 +/- 0.00 % D(l=2) ave= 0.000E+00 +/- 0.00 % D(l=3) ave= 0.000E+00 +/- 0.00 %  % || S(l=0) ave= 4.823E-05 +/- 5.23 % S(l=1) ave= 3.493E-04 +/- 5.66 % S(l=2) ave= 0.000E+00 +/- 0.00 % S(l=3) ave= 0.000E+00 +/- 0.00 % 
 ... random file  112 Cap(th)  ave= 1.301E-01 b. +/- 3.65 % || Ela(th) ave= 5.387E+00 b. +/- 5.57 % || RIcap ave= 6.24E+00 b. +/- 2.15 % || Macs30 ave= 6.66E-02 b. +/- 0.78 % || Gn^0(l=0) ave= 8.888E-02 +/- 4.81 % Gn^0(l=1) ave= 3.029E-01 +/- 5.66 % Gn^0(l=2) ave= 0.000E+00 +/- 0.00 % Gn^0(l=3) ave= 0.000E+00 +/- 0.00 % || Gtotal(l=0) ave= 1.468E+01 +/- 5.54 % Gtotal(l=1) ave= 1.735E+00 +/- 4.10 % Gtotal(l=2) ave= 0.000E+00 +/- 0.00 % Gtotal(l=3) ave= 0.000E+00 +/- 0.00 %  % || Gg(l=0) ave= 7.251E-02 +/- 2.51 % Gg(l=1) ave= 9.263E-02 +/- 1.28 % Gg(l=2) ave= 0.000E+00 +/- 0.00 % Gg(l=3) ave= 0.000E+00 +/- 0.00 %  % || D(l=0) ave= 1.911E+03 +/- 1.82 % D(l=1) ave= 4.276E+02 +/- 0.00 % D(l=2) ave= 0.000E+00 +/- 0.00 % D(l=3) ave= 0.000E+00 +/- 0.00 %  % || S(l=0) ave= 4.823E-05 +/- 5.21 % S(l=1) ave= 3.496E-04 +/- 5.71 % S(l=2) ave= 0.000E+00 +/- 0.00 % S(l=3) ave= 0.000E+00 +/- 0.00 % 
 ... random file  113 Cap(th)  ave= 1.301E-01 b. +/- 3.68 % || Ela(th) ave= 5.388E+00 b. +/- 5.55 % || RIcap ave= 6.24E+00 b. +/- 2.15 % || Macs30 ave= 6.66E-02 b. +/- 0.78 % || Gn^0(l=0) ave= 8.889E-02 +/- 4.79 % Gn^0(l=1) ave= 3.029E-01 +/- 5.63 % Gn^0(l=2) ave= 0.000E+00 +/- 0.00 % Gn^0(l=3) ave= 0.000E+00 +/- 0.00 % || Gtotal(l=0) ave= 1.468E+01 +/- 5.52 % Gtotal(l=1) ave= 1.736E+00 +/- 4.11 % Gtotal(l=2) ave= 0.000E+00 +/- 0.00 % Gtotal(l=3) ave= 0.000E+00 +/- 0.00 %  % || Gg(l=0) ave= 7.250E-02 +/- 2.51 % Gg(l=1) ave= 9.264E-02 +/- 1.27 % Gg(l=2) ave= 0.000E+00 +/- 0.00 % Gg(l=3) ave= 0.000E+00 +/- 0.00 %  % || D(l=0) ave= 1.910E+03 +/- 1.81 % D(l=1) ave= 4.276E+02 +/- 0.00 % D(l=2) ave= 0.000E+00 +/- 0.00 % D(l=3) ave= 0.000E+00 +/- 0.00 %  % || S(l=0) ave= 4.824E-05 +/- 5.20 % S(l=1) ave= 3.496E-04 +/- 5.68 % S(l=2) ave= 0.000E+00 +/- 0.00 % S(l=3) ave= 0.000E+00 +/- 0.00 % 
 ... random file  114 Cap(th)  ave= 1.301E-01 b. +/- 3.68 % || Ela(th) ave= 5.391E+00 b. +/- 5.56 % || RIcap ave= 6.24E+00 b. +/- 2.14 % || Macs30 ave= 6.66E-02 b. +/- 0.78 % || Gn^0(l=0) ave= 8.884E-02 +/- 4.81 % Gn^0(l=1) ave= 3.028E-01 +/- 5.64 % Gn^0(l=2) ave= 0.000E+00 +/- 0.00 % Gn^0(l=3) ave= 0.000E+00 +/- 0.00 % || Gtotal(l=0) ave= 1.467E+01 +/- 5.55 % Gtotal(l=1) ave= 1.736E+00 +/- 4.10 % Gtotal(l=2) ave= 0.000E+00 +/- 0.00 % Gtotal(l=3) ave= 0.000E+00 +/- 0.00 %  % || Gg(l=0) ave= 7.250E-02 +/- 2.50 % Gg(l=1) ave= 9.263E-02 +/- 1.27 % Gg(l=2) ave= 0.000E+00 +/- 0.00 % Gg(l=3) ave= 0.000E+00 +/- 0.00 %  % || D(l=0) ave= 1.911E+03 +/- 1.82 % D(l=1) ave= 4.276E+02 +/- 0.00 % D(l=2) ave= 0.000E+00 +/- 0.00 % D(l=3) ave= 0.000E+00 +/- 0.00 %  % || S(l=0) ave= 4.820E-05 +/- 5.23 % S(l=1) ave= 3.494E-04 +/- 5.69 % S(l=2) ave= 0.000E+00 +/- 0.00 % S(l=3) ave= 0.000E+00 +/- 0.00 % 
 ... random file  115 Cap(th)  ave= 1.301E-01 b. +/- 3.67 % || Ela(th) ave= 5.391E+00 b. +/- 5.54 % || RIcap ave= 6.24E+00 b. +/- 2.14 % || Macs30 ave= 6.66E-02 b. +/- 0.77 % || Gn^0(l=0) ave= 8.880E-02 +/- 4.81 % Gn^0(l=1) ave= 3.027E-01 +/- 5.62 % Gn^0(l=2) ave= 0.000E+00 +/- 0.00 % Gn^0(l=3) ave= 0.000E+00 +/- 0.00 % || Gtotal(l=0) ave= 1.467E+01 +/- 5.53 % Gtotal(l=1) ave= 1.736E+00 +/- 4.08 % Gtotal(l=2) ave= 0.000E+00 +/- 0.00 % Gtotal(l=3) ave= 0.000E+00 +/- 0.00 %  % || Gg(l=0) ave= 7.251E-02 +/- 2.49 % Gg(l=1) ave= 9.263E-02 +/- 1.26 % Gg(l=2) ave= 0.000E+00 +/- 0.00 % Gg(l=3) ave= 0.000E+00 +/- 0.00 %  % || D(l=0) ave= 1.910E+03 +/- 1.81 % D(l=1) ave= 4.276E+02 +/- 0.00 % D(l=2) ave= 0.000E+00 +/- 0.00 % D(l=3) ave= 0.000E+00 +/- 0.00 %  % || S(l=0) ave= 4.819E-05 +/- 5.22 % S(l=1) ave= 3.494E-04 +/- 5.67 % S(l=2) ave= 0.000E+00 +/- 0.00 % S(l=3) ave= 0.000E+00 +/- 0.00 % 
 ... random file  116 Cap(th)  ave= 1.301E-01 b. +/- 3.65 % || Ela(th) ave= 5.388E+00 b. +/- 5.55 % || RIcap ave= 6.24E+00 b. +/- 2.13 % || Macs30 ave= 6.66E-02 b. +/- 0.77 % || Gn^0(l=0) ave= 8.874E-02 +/- 4.84 % Gn^0(l=1) ave= 3.029E-01 +/- 5.64 % Gn^0(l=2) ave= 0.000E+00 +/- 0.00 % Gn^0(l=3) ave= 0.000E+00 +/- 0.00 % || Gtotal(l=0) ave= 1.466E+01 +/- 5.56 % Gtotal(l=1) ave= 1.736E+00 +/- 4.07 % Gtotal(l=2) ave= 0.000E+00 +/- 0.00 % Gtotal(l=3) ave= 0.000E+00 +/- 0.00 %  % || Gg(l=0) ave= 7.251E-02 +/- 2.48 % Gg(l=1) ave= 9.264E-02 +/- 1.26 % Gg(l=2) ave= 0.000E+00 +/- 0.00 % Gg(l=3) ave= 0.000E+00 +/- 0.00 %  % || D(l=0) ave= 1.910E+03 +/- 1.81 % D(l=1) ave= 4.276E+02 +/- 0.00 % D(l=2) ave= 0.000E+00 +/- 0.00 % D(l=3) ave= 0.000E+00 +/- 0.00 %  % || S(l=0) ave= 4.816E-05 +/- 5.23 % S(l=1) ave= 3.496E-04 +/- 5.69 % S(l=2) ave= 0.000E+00 +/- 0.00 % S(l=3) ave= 0.000E+00 +/- 0.00 % 
 ... random file  117 Cap(th)  ave= 1.301E-01 b. +/- 3.64 % || Ela(th) ave= 5.389E+00 b. +/- 5.53 % || RIcap ave= 6.24E+00 b. +/- 2.12 % || Macs30 ave= 6.67E-02 b. +/- 0.78 % || Gn^0(l=0) ave= 8.873E-02 +/- 4.83 % Gn^0(l=1) ave= 3.029E-01 +/- 5.63 % Gn^0(l=2) ave= 0.000E+00 +/- 0.00 % Gn^0(l=3) ave= 0.000E+00 +/- 0.00 % || Gtotal(l=0) ave= 1.465E+01 +/- 5.54 % Gtotal(l=1) ave= 1.736E+00 +/- 4.06 % Gtotal(l=2) ave= 0.000E+00 +/- 0.00 % Gtotal(l=3) ave= 0.000E+00 +/- 0.00 %  % || Gg(l=0) ave= 7.251E-02 +/- 2.47 % Gg(l=1) ave= 9.265E-02 +/- 1.27 % Gg(l=2) ave= 0.000E+00 +/- 0.00 % Gg(l=3) ave= 0.000E+00 +/- 0.00 %  % || D(l=0) ave= 1.910E+03 +/- 1.81 % D(l=1) ave= 4.276E+02 +/- 0.00 % D(l=2) ave= 0.000E+00 +/- 0.00 % D(l=3) ave= 0.000E+00 +/- 0.00 %  % || S(l=0) ave= 4.816E-05 +/- 5.21 % S(l=1) ave= 3.495E-04 +/- 5.68 % S(l=2) ave= 0.000E+00 +/- 0.00 % S(l=3) ave= 0.000E+00 +/- 0.00 % 
 ... random file  118 Cap(th)  ave= 1.301E-01 b. +/- 3.66 % || Ela(th) ave= 5.389E+00 b. +/- 5.50 % || RIcap ave= 6.24E+00 b. +/- 2.16 % || Macs30 ave= 6.67E-02 b. +/- 0.78 % || Gn^0(l=0) ave= 8.868E-02 +/- 4.84 % Gn^0(l=1) ave= 3.028E-01 +/- 5.60 % Gn^0(l=2) ave= 0.000E+00 +/- 0.00 % Gn^0(l=3) ave= 0.000E+00 +/- 0.00 % || Gtotal(l=0) ave= 1.465E+01 +/- 5.54 % Gtotal(l=1) ave= 1.735E+00 +/- 4.05 % Gtotal(l=2) ave= 0.000E+00 +/- 0.00 % Gtotal(l=3) ave= 0.000E+00 +/- 0.00 %  % || Gg(l=0) ave= 7.252E-02 +/- 2.47 % Gg(l=1) ave= 9.264E-02 +/- 1.27 % Gg(l=2) ave= 0.000E+00 +/- 0.00 % Gg(l=3) ave= 0.000E+00 +/- 0.00 %  % || D(l=0) ave= 1.910E+03 +/- 1.81 % D(l=1) ave= 4.276E+02 +/- 0.00 % D(l=2) ave= 0.000E+00 +/- 0.00 % D(l=3) ave= 0.000E+00 +/- 0.00 %  % || S(l=0) ave= 4.814E-05 +/- 5.21 % S(l=1) ave= 3.495E-04 +/- 5.66 % S(l=2) ave= 0.000E+00 +/- 0.00 % S(l=3) ave= 0.000E+00 +/- 0.00 % 
 ... random file  119 Cap(th)  ave= 1.302E-01 b. +/- 3.69 % || Ela(th) ave= 5.392E+00 b. +/- 5.51 % || RIcap ave= 6.24E+00 b. +/- 2.15 % || Macs30 ave= 6.67E-02 b. +/- 0.78 % || Gn^0(l=0) ave= 8.868E-02 +/- 4.82 % Gn^0(l=1) ave= 3.027E-01 +/- 5.61 % Gn^0(l=2) ave= 0.000E+00 +/- 0.00 % Gn^0(l=3) ave= 0.000E+00 +/- 0.00 % || Gtotal(l=0) ave= 1.464E+01 +/- 5.53 % Gtotal(l=1) ave= 1.736E+00 +/- 4.07 % Gtotal(l=2) ave= 0.000E+00 +/- 0.00 % Gtotal(l=3) ave= 0.000E+00 +/- 0.00 %  % || Gg(l=0) ave= 7.255E-02 +/- 2.49 % Gg(l=1) ave= 9.265E-02 +/- 1.26 % Gg(l=2) ave= 0.000E+00 +/- 0.00 % Gg(l=3) ave= 0.000E+00 +/- 0.00 %  % || D(l=0) ave= 1.910E+03 +/- 1.81 % D(l=1) ave= 4.276E+02 +/- 0.00 % D(l=2) ave= 0.000E+00 +/- 0.00 % D(l=3) ave= 0.000E+00 +/- 0.00 %  % || S(l=0) ave= 4.813E-05 +/- 5.19 % S(l=1) ave= 3.493E-04 +/- 5.67 % S(l=2) ave= 0.000E+00 +/- 0.00 % S(l=3) ave= 0.000E+00 +/- 0.00 % 
 ... random file  120 Cap(th)  ave= 1.303E-01 b. +/- 3.70 % || Ela(th) ave= 5.392E+00 b. +/- 5.48 % || RIcap ave= 6.24E+00 b. +/- 2.14 % || Macs30 ave= 6.67E-02 b. +/- 0.78 % || Gn^0(l=0) ave= 8.872E-02 +/- 4.82 % Gn^0(l=1) ave= 3.027E-01 +/- 5.59 % Gn^0(l=2) ave= 0.000E+00 +/- 0.00 % Gn^0(l=3) ave= 0.000E+00 +/- 0.00 % || Gtotal(l=0) ave= 1.465E+01 +/- 5.53 % Gtotal(l=1) ave= 1.737E+00 +/- 4.08 % Gtotal(l=2) ave= 0.000E+00 +/- 0.00 % Gtotal(l=3) ave= 0.000E+00 +/- 0.00 %  % || Gg(l=0) ave= 7.257E-02 +/- 2.49 % Gg(l=1) ave= 9.263E-02 +/- 1.27 % Gg(l=2) ave= 0.000E+00 +/- 0.00 % Gg(l=3) ave= 0.000E+00 +/- 0.00 %  % || D(l=0) ave= 1.910E+03 +/- 1.81 % D(l=1) ave= 4.276E+02 +/- 0.00 % D(l=2) ave= 0.000E+00 +/- 0.00 % D(l=3) ave= 0.000E+00 +/- 0.00 %  % || S(l=0) ave= 4.816E-05 +/- 5.20 % S(l=1) ave= 3.493E-04 +/- 5.65 % S(l=2) ave= 0.000E+00 +/- 0.00 % S(l=3) ave= 0.000E+00 +/- 0.00 % 
 ... random file  121 Cap(th)  ave= 1.303E-01 b. +/- 3.69 % || Ela(th) ave= 5.389E+00 b. +/- 5.49 % || RIcap ave= 6.24E+00 b. +/- 2.13 % || Macs30 ave= 6.67E-02 b. +/- 0.78 % || Gn^0(l=0) ave= 8.874E-02 +/- 4.81 % Gn^0(l=1) ave= 3.030E-01 +/- 5.65 % Gn^0(l=2) ave= 0.000E+00 +/- 0.00 % Gn^0(l=3) ave= 0.000E+00 +/- 0.00 % || Gtotal(l=0) ave= 1.465E+01 +/- 5.51 % Gtotal(l=1) ave= 1.738E+00 +/- 4.08 % Gtotal(l=2) ave= 0.000E+00 +/- 0.00 % Gtotal(l=3) ave= 0.000E+00 +/- 0.00 %  % || Gg(l=0) ave= 7.257E-02 +/- 2.48 % Gg(l=1) ave= 9.263E-02 +/- 1.26 % Gg(l=2) ave= 0.000E+00 +/- 0.00 % Gg(l=3) ave= 0.000E+00 +/- 0.00 %  % || D(l=0) ave= 1.910E+03 +/- 1.81 % D(l=1) ave= 4.276E+02 +/- 0.00 % D(l=2) ave= 0.000E+00 +/- 0.00 % D(l=3) ave= 0.000E+00 +/- 0.00 %  % || S(l=0) ave= 4.816E-05 +/- 5.18 % S(l=1) ave= 3.496E-04 +/- 5.71 % S(l=2) ave= 0.000E+00 +/- 0.00 % S(l=3) ave= 0.000E+00 +/- 0.00 % 
 ... random file  122 Cap(th)  ave= 1.303E-01 b. +/- 3.69 % || Ela(th) ave= 5.389E+00 b. +/- 5.47 % || RIcap ave= 6.24E+00 b. +/- 2.19 % || Macs30 ave= 6.67E-02 b. +/- 0.78 % || Gn^0(l=0) ave= 8.871E-02 +/- 4.80 % Gn^0(l=1) ave= 3.030E-01 +/- 5.63 % Gn^0(l=2) ave= 0.000E+00 +/- 0.00 % Gn^0(l=3) ave= 0.000E+00 +/- 0.00 % || Gtotal(l=0) ave= 1.465E+01 +/- 5.52 % Gtotal(l=1) ave= 1.737E+00 +/- 4.07 % Gtotal(l=2) ave= 0.000E+00 +/- 0.00 % Gtotal(l=3) ave= 0.000E+00 +/- 0.00 %  % || Gg(l=0) ave= 7.256E-02 +/- 2.48 % Gg(l=1) ave= 9.263E-02 +/- 1.26 % Gg(l=2) ave= 0.000E+00 +/- 0.00 % Gg(l=3) ave= 0.000E+00 +/- 0.00 %  % || D(l=0) ave= 1.910E+03 +/- 1.81 % D(l=1) ave= 4.276E+02 +/- 0.00 % D(l=2) ave= 0.000E+00 +/- 0.00 % D(l=3) ave= 0.000E+00 +/- 0.00 %  % || S(l=0) ave= 4.814E-05 +/- 5.18 % S(l=1) ave= 3.497E-04 +/- 5.69 % S(l=2) ave= 0.000E+00 +/- 0.00 % S(l=3) ave= 0.000E+00 +/- 0.00 % 
 ... random file  123 Cap(th)  ave= 1.303E-01 b. +/- 3.69 % || Ela(th) ave= 5.389E+00 b. +/- 5.45 % || RIcap ave= 6.24E+00 b. +/- 2.18 % || Macs30 ave= 6.67E-02 b. +/- 0.78 % || Gn^0(l=0) ave= 8.870E-02 +/- 4.78 % Gn^0(l=1) ave= 3.029E-01 +/- 5.61 % Gn^0(l=2) ave= 0.000E+00 +/- 0.00 % Gn^0(l=3) ave= 0.000E+00 +/- 0.00 % || Gtotal(l=0) ave= 1.464E+01 +/- 5.51 % Gtotal(l=1) ave= 1.737E+00 +/- 4.08 % Gtotal(l=2) ave= 0.000E+00 +/- 0.00 % Gtotal(l=3) ave= 0.000E+00 +/- 0.00 %  % || Gg(l=0) ave= 7.257E-02 +/- 2.48 % Gg(l=1) ave= 9.263E-02 +/- 1.25 % Gg(l=2) ave= 0.000E+00 +/- 0.00 % Gg(l=3) ave= 0.000E+00 +/- 0.00 %  % || D(l=0) ave= 1.911E+03 +/- 1.81 % D(l=1) ave= 4.276E+02 +/- 0.00 % D(l=2) ave= 0.000E+00 +/- 0.00 % D(l=3) ave= 0.000E+00 +/- 0.00 %  % || S(l=0) ave= 4.813E-05 +/- 5.18 % S(l=1) ave= 3.496E-04 +/- 5.66 % S(l=2) ave= 0.000E+00 +/- 0.00 % S(l=3) ave= 0.000E+00 +/- 0.00 % 
 ... random file  124 Cap(th)  ave= 1.303E-01 b. +/- 3.68 % || Ela(th) ave= 5.388E+00 b. +/- 5.43 % || RIcap ave= 6.24E+00 b. +/- 2.17 % || Macs30 ave= 6.67E-02 b. +/- 0.78 % || Gn^0(l=0) ave= 8.864E-02 +/- 4.81 % Gn^0(l=1) ave= 3.030E-01 +/- 5.59 % Gn^0(l=2) ave= 0.000E+00 +/- 0.00 % Gn^0(l=3) ave= 0.000E+00 +/- 0.00 % || Gtotal(l=0) ave= 1.464E+01 +/- 5.52 % Gtotal(l=1) ave= 1.737E+00 +/- 4.09 % Gtotal(l=2) ave= 0.000E+00 +/- 0.00 % Gtotal(l=3) ave= 0.000E+00 +/- 0.00 %  % || Gg(l=0) ave= 7.258E-02 +/- 2.47 % Gg(l=1) ave= 9.263E-02 +/- 1.25 % Gg(l=2) ave= 0.000E+00 +/- 0.00 % Gg(l=3) ave= 0.000E+00 +/- 0.00 %  % || D(l=0) ave= 1.910E+03 +/- 1.81 % D(l=1) ave= 4.276E+02 +/- 0.00 % D(l=2) ave= 0.000E+00 +/- 0.00 % D(l=3) ave= 0.000E+00 +/- 0.00 %  % || S(l=0) ave= 4.810E-05 +/- 5.19 % S(l=1) ave= 3.497E-04 +/- 5.64 % S(l=2) ave= 0.000E+00 +/- 0.00 % S(l=3) ave= 0.000E+00 +/- 0.00 % 
 ... random file  125 Cap(th)  ave= 1.303E-01 b. +/- 3.70 % || Ela(th) ave= 5.389E+00 b. +/- 5.41 % || RIcap ave= 6.25E+00 b. +/- 2.17 % || Macs30 ave= 6.67E-02 b. +/- 0.78 % || Gn^0(l=0) ave= 8.865E-02 +/- 4.79 % Gn^0(l=1) ave= 3.030E-01 +/- 5.57 % Gn^0(l=2) ave= 0.000E+00 +/- 0.00 % Gn^0(l=3) ave= 0.000E+00 +/- 0.00 % || Gtotal(l=0) ave= 1.464E+01 +/- 5.49 % Gtotal(l=1) ave= 1.738E+00 +/- 4.10 % Gtotal(l=2) ave= 0.000E+00 +/- 0.00 % Gtotal(l=3) ave= 0.000E+00 +/- 0.00 %  % || Gg(l=0) ave= 7.259E-02 +/- 2.47 % Gg(l=1) ave= 9.261E-02 +/- 1.27 % Gg(l=2) ave= 0.000E+00 +/- 0.00 % Gg(l=3) ave= 0.000E+00 +/- 0.00 %  % || D(l=0) ave= 1.910E+03 +/- 1.81 % D(l=1) ave= 4.276E+02 +/- 0.00 % D(l=2) ave= 0.000E+00 +/- 0.00 % D(l=3) ave= 0.000E+00 +/- 0.00 %  % || S(l=0) ave= 4.811E-05 +/- 5.17 % S(l=1) ave= 3.497E-04 +/- 5.62 % S(l=2) ave= 0.000E+00 +/- 0.00 % S(l=3) ave= 0.000E+00 +/- 0.00 % 
 ... random file  126 Cap(th)  ave= 1.303E-01 b. +/- 3.69 % || Ela(th) ave= 5.389E+00 b. +/- 5.39 % || RIcap ave= 6.25E+00 b. +/- 2.19 % || Macs30 ave= 6.67E-02 b. +/- 0.78 % || Gn^0(l=0) ave= 8.863E-02 +/- 4.78 % Gn^0(l=1) ave= 3.030E-01 +/- 5.55 % Gn^0(l=2) ave= 0.000E+00 +/- 0.00 % Gn^0(l=3) ave= 0.000E+00 +/- 0.00 % || Gtotal(l=0) ave= 1.463E+01 +/- 5.48 % Gtotal(l=1) ave= 1.738E+00 +/- 4.08 % Gtotal(l=2) ave= 0.000E+00 +/- 0.00 % Gtotal(l=3) ave= 0.000E+00 +/- 0.00 %  % || Gg(l=0) ave= 7.258E-02 +/- 2.47 % Gg(l=1) ave= 9.261E-02 +/- 1.26 % Gg(l=2) ave= 0.000E+00 +/- 0.00 % Gg(l=3) ave= 0.000E+00 +/- 0.00 %  % || D(l=0) ave= 1.910E+03 +/- 1.81 % D(l=1) ave= 4.276E+02 +/- 0.00 % D(l=2) ave= 0.000E+00 +/- 0.00 % D(l=3) ave= 0.000E+00 +/- 0.00 %  % || S(l=0) ave= 4.810E-05 +/- 5.17 % S(l=1) ave= 3.497E-04 +/- 5.60 % S(l=2) ave= 0.000E+00 +/- 0.00 % S(l=3) ave= 0.000E+00 +/- 0.00 % 
 ... random file  127 Cap(th)  ave= 1.303E-01 b. +/- 3.67 % || Ela(th) ave= 5.388E+00 b. +/- 5.37 % || RIcap ave= 6.25E+00 b. +/- 2.18 % || Macs30 ave= 6.67E-02 b. +/- 0.77 % || Gn^0(l=0) ave= 8.863E-02 +/- 4.76 % Gn^0(l=1) ave= 3.030E-01 +/- 5.53 % Gn^0(l=2) ave= 0.000E+00 +/- 0.00 % Gn^0(l=3) ave= 0.000E+00 +/- 0.00 % || Gtotal(l=0) ave= 1.463E+01 +/- 5.46 % Gtotal(l=1) ave= 1.738E+00 +/- 4.07 % Gtotal(l=2) ave= 0.000E+00 +/- 0.00 % Gtotal(l=3) ave= 0.000E+00 +/- 0.00 %  % || Gg(l=0) ave= 7.256E-02 +/- 2.48 % Gg(l=1) ave= 9.262E-02 +/- 1.26 % Gg(l=2) ave= 0.000E+00 +/- 0.00 % Gg(l=3) ave= 0.000E+00 +/- 0.00 %  % || D(l=0) ave= 1.911E+03 +/- 1.82 % D(l=1) ave= 4.276E+02 +/- 0.00 % D(l=2) ave= 0.000E+00 +/- 0.00 % D(l=3) ave= 0.000E+00 +/- 0.00 %  % || S(l=0) ave= 4.809E-05 +/- 5.15 % S(l=1) ave= 3.497E-04 +/- 5.58 % S(l=2) ave= 0.000E+00 +/- 0.00 % S(l=3) ave= 0.000E+00 +/- 0.00 % 
 ... random file  128 Cap(th)  ave= 1.302E-01 b. +/- 3.79 % || Ela(th) ave= 5.390E+00 b. +/- 5.36 % || RIcap ave= 6.25E+00 b. +/- 2.17 % || Macs30 ave= 6.67E-02 b. +/- 0.77 % || Gn^0(l=0) ave= 8.863E-02 +/- 4.74 % Gn^0(l=1) ave= 3.029E-01 +/- 5.52 % Gn^0(l=2) ave= 0.000E+00 +/- 0.00 % Gn^0(l=3) ave= 0.000E+00 +/- 0.00 % || Gtotal(l=0) ave= 1.463E+01 +/- 5.44 % Gtotal(l=1) ave= 1.738E+00 +/- 4.05 % Gtotal(l=2) ave= 0.000E+00 +/- 0.00 % Gtotal(l=3) ave= 0.000E+00 +/- 0.00 %  % || Gg(l=0) ave= 7.257E-02 +/- 2.48 % Gg(l=1) ave= 9.262E-02 +/- 1.25 % Gg(l=2) ave= 0.000E+00 +/- 0.00 % Gg(l=3) ave= 0.000E+00 +/- 0.00 %  % || D(l=0) ave= 1.910E+03 +/- 1.81 % D(l=1) ave= 4.276E+02 +/- 0.00 % D(l=2) ave= 0.000E+00 +/- 0.00 % D(l=3) ave= 0.000E+00 +/- 0.00 %  % || S(l=0) ave= 4.810E-05 +/- 5.13 % S(l=1) ave= 3.496E-04 +/- 5.57 % S(l=2) ave= 0.000E+00 +/- 0.00 % S(l=3) ave= 0.000E+00 +/- 0.00 % 
 ... random file  129 Cap(th)  ave= 1.302E-01 b. +/- 3.78 % || Ela(th) ave= 5.389E+00 b. +/- 5.34 % || RIcap ave= 6.25E+00 b. +/- 2.16 % || Macs30 ave= 6.67E-02 b. +/- 0.77 % || Gn^0(l=0) ave= 8.864E-02 +/- 4.73 % Gn^0(l=1) ave= 3.029E-01 +/- 5.50 % Gn^0(l=2) ave= 0.000E+00 +/- 0.00 % Gn^0(l=3) ave= 0.000E+00 +/- 0.00 % || Gtotal(l=0) ave= 1.463E+01 +/- 5.42 % Gtotal(l=1) ave= 1.738E+00 +/- 4.04 % Gtotal(l=2) ave= 0.000E+00 +/- 0.00 % Gtotal(l=3) ave= 0.000E+00 +/- 0.00 %  % || Gg(l=0) ave= 7.259E-02 +/- 2.50 % Gg(l=1) ave= 9.261E-02 +/- 1.25 % Gg(l=2) ave= 0.000E+00 +/- 0.00 % Gg(l=3) ave= 0.000E+00 +/- 0.00 %  % || D(l=0) ave= 1.911E+03 +/- 1.82 % D(l=1) ave= 4.276E+02 +/- 0.00 % D(l=2) ave= 0.000E+00 +/- 0.00 % D(l=3) ave= 0.000E+00 +/- 0.00 %  % || S(l=0) ave= 4.809E-05 +/- 5.11 % S(l=1) ave= 3.496E-04 +/- 5.55 % S(l=2) ave= 0.000E+00 +/- 0.00 % S(l=3) ave= 0.000E+00 +/- 0.00 % 
 ... random file  130 Cap(th)  ave= 1.302E-01 b. +/- 3.77 % || Ela(th) ave= 5.388E+00 b. +/- 5.32 % || RIcap ave= 6.25E+00 b. +/- 2.16 % || Macs30 ave= 6.67E-02 b. +/- 0.77 % || Gn^0(l=0) ave= 8.868E-02 +/- 4.73 % Gn^0(l=1) ave= 3.029E-01 +/- 5.47 % Gn^0(l=2) ave= 0.000E+00 +/- 0.00 % Gn^0(l=3) ave= 0.000E+00 +/- 0.00 % || Gtotal(l=0) ave= 1.464E+01 +/- 5.43 % Gtotal(l=1) ave= 1.739E+00 +/- 4.02 % Gtotal(l=2) ave= 0.000E+00 +/- 0.00 % Gtotal(l=3) ave= 0.000E+00 +/- 0.00 %  % || Gg(l=0) ave= 7.261E-02 +/- 2.50 % Gg(l=1) ave= 9.261E-02 +/- 1.25 % Gg(l=2) ave= 0.000E+00 +/- 0.00 % Gg(l=3) ave= 0.000E+00 +/- 0.00 %  % || D(l=0) ave= 1.911E+03 +/- 1.82 % D(l=1) ave= 4.276E+02 +/- 0.00 % D(l=2) ave= 0.000E+00 +/- 0.00 % D(l=3) ave= 0.000E+00 +/- 0.00 %  % || S(l=0) ave= 4.811E-05 +/- 5.10 % S(l=1) ave= 3.496E-04 +/- 5.53 % S(l=2) ave= 0.000E+00 +/- 0.00 % S(l=3) ave= 0.000E+00 +/- 0.00 % 
 ... random file  131 Cap(th)  ave= 1.303E-01 b. +/- 3.76 % || Ela(th) ave= 5.389E+00 b. +/- 5.31 % || RIcap ave= 6.25E+00 b. +/- 2.16 % || Macs30 ave= 6.67E-02 b. +/- 0.76 % || Gn^0(l=0) ave= 8.867E-02 +/- 4.72 % Gn^0(l=1) ave= 3.029E-01 +/- 5.46 % Gn^0(l=2) ave= 0.000E+00 +/- 0.00 % Gn^0(l=3) ave= 0.000E+00 +/- 0.00 % || Gtotal(l=0) ave= 1.464E+01 +/- 5.40 % Gtotal(l=1) ave= 1.738E+00 +/- 4.01 % Gtotal(l=2) ave= 0.000E+00 +/- 0.00 % Gtotal(l=3) ave= 0.000E+00 +/- 0.00 %  % || Gg(l=0) ave= 7.261E-02 +/- 2.49 % Gg(l=1) ave= 9.261E-02 +/- 1.24 % Gg(l=2) ave= 0.000E+00 +/- 0.00 % Gg(l=3) ave= 0.000E+00 +/- 0.00 %  % || D(l=0) ave= 1.911E+03 +/- 1.82 % D(l=1) ave= 4.276E+02 +/- 0.00 % D(l=2) ave= 0.000E+00 +/- 0.00 % D(l=3) ave= 0.000E+00 +/- 0.00 %  % || S(l=0) ave= 4.811E-05 +/- 5.08 % S(l=1) ave= 3.496E-04 +/- 5.51 % S(l=2) ave= 0.000E+00 +/- 0.00 % S(l=3) ave= 0.000E+00 +/- 0.00 % 
 ... random file  132 Cap(th)  ave= 1.302E-01 b. +/- 3.75 % || Ela(th) ave= 5.390E+00 b. +/- 5.29 % || RIcap ave= 6.24E+00 b. +/- 2.17 % || Macs30 ave= 6.67E-02 b. +/- 0.76 % || Gn^0(l=0) ave= 8.867E-02 +/- 4.70 % Gn^0(l=1) ave= 3.028E-01 +/- 5.44 % Gn^0(l=2) ave= 0.000E+00 +/- 0.00 % Gn^0(l=3) ave= 0.000E+00 +/- 0.00 % || Gtotal(l=0) ave= 1.464E+01 +/- 5.39 % Gtotal(l=1) ave= 1.739E+00 +/- 4.00 % Gtotal(l=2) ave= 0.000E+00 +/- 0.00 % Gtotal(l=3) ave= 0.000E+00 +/- 0.00 %  % || Gg(l=0) ave= 7.261E-02 +/- 2.49 % Gg(l=1) ave= 9.262E-02 +/- 1.24 % Gg(l=2) ave= 0.000E+00 +/- 0.00 % Gg(l=3) ave= 0.000E+00 +/- 0.00 %  % || D(l=0) ave= 1.911E+03 +/- 1.81 % D(l=1) ave= 4.276E+02 +/- 0.00 % D(l=2) ave= 0.000E+00 +/- 0.00 % D(l=3) ave= 0.000E+00 +/- 0.00 %  % || S(l=0) ave= 4.812E-05 +/- 5.07 % S(l=1) ave= 3.495E-04 +/- 5.50 % S(l=2) ave= 0.000E+00 +/- 0.00 % S(l=3) ave= 0.000E+00 +/- 0.00 % 
 ... random file  133 Cap(th)  ave= 1.302E-01 b. +/- 3.74 % || Ela(th) ave= 5.391E+00 b. +/- 5.27 % || RIcap ave= 6.25E+00 b. +/- 2.19 % || Macs30 ave= 6.67E-02 b. +/- 0.76 % || Gn^0(l=0) ave= 8.875E-02 +/- 4.79 % Gn^0(l=1) ave= 3.028E-01 +/- 5.42 % Gn^0(l=2) ave= 0.000E+00 +/- 0.00 % Gn^0(l=3) ave= 0.000E+00 +/- 0.00 % || Gtotal(l=0) ave= 1.465E+01 +/- 5.50 % Gtotal(l=1) ave= 1.739E+00 +/- 3.99 % Gtotal(l=2) ave= 0.000E+00 +/- 0.00 % Gtotal(l=3) ave= 0.000E+00 +/- 0.00 %  % || Gg(l=0) ave= 7.261E-02 +/- 2.48 % Gg(l=1) ave= 9.261E-02 +/- 1.24 % Gg(l=2) ave= 0.000E+00 +/- 0.00 % Gg(l=3) ave= 0.000E+00 +/- 0.00 %  % || D(l=0) ave= 1.911E+03 +/- 1.82 % D(l=1) ave= 4.276E+02 +/- 0.00 % D(l=2) ave= 0.000E+00 +/- 0.00 % D(l=3) ave= 0.000E+00 +/- 0.00 %  % || S(l=0) ave= 4.815E-05 +/- 5.12 % S(l=1) ave= 3.495E-04 +/- 5.48 % S(l=2) ave= 0.000E+00 +/- 0.00 % S(l=3) ave= 0.000E+00 +/- 0.00 % 
 ... random file  134 Cap(th)  ave= 1.302E-01 b. +/- 3.73 % || Ela(th) ave= 5.395E+00 b. +/- 5.33 % || RIcap ave= 6.24E+00 b. +/- 2.19 % || Macs30 ave= 6.67E-02 b. +/- 0.76 % || Gn^0(l=0) ave= 8.883E-02 +/- 4.87 % Gn^0(l=1) ave= 3.026E-01 +/- 5.46 % Gn^0(l=2) ave= 0.000E+00 +/- 0.00 % Gn^0(l=3) ave= 0.000E+00 +/- 0.00 % || Gtotal(l=0) ave= 1.467E+01 +/- 5.62 % Gtotal(l=1) ave= 1.739E+00 +/- 3.98 % Gtotal(l=2) ave= 0.000E+00 +/- 0.00 % Gtotal(l=3) ave= 0.000E+00 +/- 0.00 %  % || Gg(l=0) ave= 7.261E-02 +/- 2.47 % Gg(l=1) ave= 9.262E-02 +/- 1.24 % Gg(l=2) ave= 0.000E+00 +/- 0.00 % Gg(l=3) ave= 0.000E+00 +/- 0.00 %  % || D(l=0) ave= 1.911E+03 +/- 1.82 % D(l=1) ave= 4.276E+02 +/- 0.00 % D(l=2) ave= 0.000E+00 +/- 0.00 % D(l=3) ave= 0.000E+00 +/- 0.00 %  % || S(l=0) ave= 4.818E-05 +/- 5.15 % S(l=1) ave= 3.492E-04 +/- 5.52 % S(l=2) ave= 0.000E+00 +/- 0.00 % S(l=3) ave= 0.000E+00 +/- 0.00 % 
 ... random file  135 Cap(th)  ave= 1.302E-01 b. +/- 3.72 % || Ela(th) ave= 5.393E+00 b. +/- 5.32 % || RIcap ave= 6.25E+00 b. +/- 2.19 % || Macs30 ave= 6.67E-02 b. +/- 0.76 % || Gn^0(l=0) ave= 8.887E-02 +/- 4.88 % Gn^0(l=1) ave= 3.026E-01 +/- 5.44 % Gn^0(l=2) ave= 0.000E+00 +/- 0.00 % Gn^0(l=3) ave= 0.000E+00 +/- 0.00 % || Gtotal(l=0) ave= 1.468E+01 +/- 5.69 % Gtotal(l=1) ave= 1.739E+00 +/- 3.96 % Gtotal(l=2) ave= 0.000E+00 +/- 0.00 % Gtotal(l=3) ave= 0.000E+00 +/- 0.00 %  % || Gg(l=0) ave= 7.261E-02 +/- 2.46 % Gg(l=1) ave= 9.261E-02 +/- 1.24 % Gg(l=2) ave= 0.000E+00 +/- 0.00 % Gg(l=3) ave= 0.000E+00 +/- 0.00 %  % || D(l=0) ave= 1.911E+03 +/- 1.82 % D(l=1) ave= 4.276E+02 +/- 0.00 % D(l=2) ave= 0.000E+00 +/- 0.00 % D(l=3) ave= 0.000E+00 +/- 0.00 %  % || S(l=0) ave= 4.822E-05 +/- 5.19 % S(l=1) ave= 3.492E-04 +/- 5.50 % S(l=2) ave= 0.000E+00 +/- 0.00 % S(l=3) ave= 0.000E+00 +/- 0.00 % 
 ... random file  136 Cap(th)  ave= 1.302E-01 b. +/- 3.73 % || Ela(th) ave= 5.393E+00 b. +/- 5.30 % || RIcap ave= 6.25E+00 b. +/- 2.19 % || Macs30 ave= 6.67E-02 b. +/- 0.76 % || Gn^0(l=0) ave= 8.891E-02 +/- 4.89 % Gn^0(l=1) ave= 3.027E-01 +/- 5.44 % Gn^0(l=2) ave= 0.000E+00 +/- 0.00 % Gn^0(l=3) ave= 0.000E+00 +/- 0.00 % || Gtotal(l=0) ave= 1.469E+01 +/- 5.71 % Gtotal(l=1) ave= 1.739E+00 +/- 3.95 % Gtotal(l=2) ave= 0.000E+00 +/- 0.00 % Gtotal(l=3) ave= 0.000E+00 +/- 0.00 %  % || Gg(l=0) ave= 7.263E-02 +/- 2.47 % Gg(l=1) ave= 9.262E-02 +/- 1.23 % Gg(l=2) ave= 0.000E+00 +/- 0.00 % Gg(l=3) ave= 0.000E+00 +/- 0.00 %  % || D(l=0) ave= 1.911E+03 +/- 1.82 % D(l=1) ave= 4.276E+02 +/- 0.00 % D(l=2) ave= 0.000E+00 +/- 0.00 % D(l=3) ave= 0.000E+00 +/- 0.00 %  % || S(l=0) ave= 4.824E-05 +/- 5.20 % S(l=1) ave= 3.493E-04 +/- 5.49 % S(l=2) ave= 0.000E+00 +/- 0.00 % S(l=3) ave= 0.000E+00 +/- 0.00 % 
 ... random file  137 Cap(th)  ave= 1.302E-01 b. +/- 3.78 % || Ela(th) ave= 5.391E+00 b. +/- 5.30 % || RIcap ave= 6.24E+00 b. +/- 2.21 % || Macs30 ave= 6.67E-02 b. +/- 0.76 % || Gn^0(l=0) ave= 8.890E-02 +/- 4.87 % Gn^0(l=1) ave= 3.027E-01 +/- 5.42 % Gn^0(l=2) ave= 0.000E+00 +/- 0.00 % Gn^0(l=3) ave= 0.000E+00 +/- 0.00 % || Gtotal(l=0) ave= 1.469E+01 +/- 5.70 % Gtotal(l=1) ave= 1.739E+00 +/- 3.94 % Gtotal(l=2) ave= 0.000E+00 +/- 0.00 % Gtotal(l=3) ave= 0.000E+00 +/- 0.00 %  % || Gg(l=0) ave= 7.263E-02 +/- 2.46 % Gg(l=1) ave= 9.262E-02 +/- 1.23 % Gg(l=2) ave= 0.000E+00 +/- 0.00 % Gg(l=3) ave= 0.000E+00 +/- 0.00 %  % || D(l=0) ave= 1.911E+03 +/- 1.82 % D(l=1) ave= 4.276E+02 +/- 0.00 % D(l=2) ave= 0.000E+00 +/- 0.00 % D(l=3) ave= 0.000E+00 +/- 0.00 %  % || S(l=0) ave= 4.823E-05 +/- 5.19 % S(l=1) ave= 3.493E-04 +/- 5.47 % S(l=2) ave= 0.000E+00 +/- 0.00 % S(l=3) ave= 0.000E+00 +/- 0.00 % 
 ... random file  138 Cap(th)  ave= 1.301E-01 b. +/- 3.78 % || Ela(th) ave= 5.394E+00 b. +/- 5.33 % || RIcap ave= 6.25E+00 b. +/- 2.21 % || Macs30 ave= 6.67E-02 b. +/- 0.75 % || Gn^0(l=0) ave= 8.889E-02 +/- 4.86 % Gn^0(l=1) ave= 3.026E-01 +/- 5.43 % Gn^0(l=2) ave= 0.000E+00 +/- 0.00 % Gn^0(l=3) ave= 0.000E+00 +/- 0.00 % || Gtotal(l=0) ave= 1.469E+01 +/- 5.69 % Gtotal(l=1) ave= 1.739E+00 +/- 3.94 % Gtotal(l=2) ave= 0.000E+00 +/- 0.00 % Gtotal(l=3) ave= 0.000E+00 +/- 0.00 %  % || Gg(l=0) ave= 7.265E-02 +/- 2.47 % Gg(l=1) ave= 9.262E-02 +/- 1.22 % Gg(l=2) ave= 0.000E+00 +/- 0.00 % Gg(l=3) ave= 0.000E+00 +/- 0.00 %  % || D(l=0) ave= 1.911E+03 +/- 1.82 % D(l=1) ave= 4.276E+02 +/- 0.00 % D(l=2) ave= 0.000E+00 +/- 0.00 % D(l=3) ave= 0.000E+00 +/- 0.00 %  % || S(l=0) ave= 4.823E-05 +/- 5.17 % S(l=1) ave= 3.491E-04 +/- 5.49 % S(l=2) ave= 0.000E+00 +/- 0.00 % S(l=3) ave= 0.000E+00 +/- 0.00 % 
 ... random file  139 Cap(th)  ave= 1.302E-01 b. +/- 3.77 % || Ela(th) ave= 5.394E+00 b. +/- 5.31 % || RIcap ave= 6.24E+00 b. +/- 2.23 % || Macs30 ave= 6.67E-02 b. +/- 0.75 % || Gn^0(l=0) ave= 8.888E-02 +/- 4.84 % Gn^0(l=1) ave= 3.026E-01 +/- 5.41 % Gn^0(l=2) ave= 0.000E+00 +/- 0.00 % Gn^0(l=3) ave= 0.000E+00 +/- 0.00 % || Gtotal(l=0) ave= 1.469E+01 +/- 5.67 % Gtotal(l=1) ave= 1.739E+00 +/- 3.93 % Gtotal(l=2) ave= 0.000E+00 +/- 0.00 % Gtotal(l=3) ave= 0.000E+00 +/- 0.00 %  % || Gg(l=0) ave= 7.264E-02 +/- 2.46 % Gg(l=1) ave= 9.263E-02 +/- 1.22 % Gg(l=2) ave= 0.000E+00 +/- 0.00 % Gg(l=3) ave= 0.000E+00 +/- 0.00 %  % || D(l=0) ave= 1.911E+03 +/- 1.82 % D(l=1) ave= 4.276E+02 +/- 0.00 % D(l=2) ave= 0.000E+00 +/- 0.00 % D(l=3) ave= 0.000E+00 +/- 0.00 %  % || S(l=0) ave= 4.822E-05 +/- 5.16 % S(l=1) ave= 3.492E-04 +/- 5.47 % S(l=2) ave= 0.000E+00 +/- 0.00 % S(l=3) ave= 0.000E+00 +/- 0.00 % 
 ... random file  140 Cap(th)  ave= 1.302E-01 b. +/- 3.76 % || Ela(th) ave= 5.391E+00 b. +/- 5.32 % || RIcap ave= 6.24E+00 b. +/- 2.23 % || Macs30 ave= 6.67E-02 b. +/- 0.75 % || Gn^0(l=0) ave= 8.896E-02 +/- 4.92 % Gn^0(l=1) ave= 3.026E-01 +/- 5.39 % Gn^0(l=2) ave= 0.000E+00 +/- 0.00 % Gn^0(l=3) ave= 0.000E+00 +/- 0.00 % || Gtotal(l=0) ave= 1.470E+01 +/- 5.77 % Gtotal(l=1) ave= 1.739E+00 +/- 3.91 % Gtotal(l=2) ave= 0.000E+00 +/- 0.00 % Gtotal(l=3) ave= 0.000E+00 +/- 0.00 %  % || Gg(l=0) ave= 7.265E-02 +/- 2.45 % Gg(l=1) ave= 9.263E-02 +/- 1.22 % Gg(l=2) ave= 0.000E+00 +/- 0.00 % Gg(l=3) ave= 0.000E+00 +/- 0.00 %  % || D(l=0) ave= 1.911E+03 +/- 1.82 % D(l=1) ave= 4.276E+02 +/- 0.00 % D(l=2) ave= 0.000E+00 +/- 0.00 % D(l=3) ave= 0.000E+00 +/- 0.00 %  % || S(l=0) ave= 4.826E-05 +/- 5.26 % S(l=1) ave= 3.492E-04 +/- 5.45 % S(l=2) ave= 0.000E+00 +/- 0.00 % S(l=3) ave= 0.000E+00 +/- 0.00 % 
 ... random file  141 Cap(th)  ave= 1.301E-01 b. +/- 3.75 % || Ela(th) ave= 5.389E+00 b. +/- 5.34 % || RIcap ave= 6.24E+00 b. +/- 2.23 % || Macs30 ave= 6.67E-02 b. +/- 0.75 % || Gn^0(l=0) ave= 8.897E-02 +/- 4.90 % Gn^0(l=1) ave= 3.027E-01 +/- 5.38 % Gn^0(l=2) ave= 0.000E+00 +/- 0.00 % Gn^0(l=3) ave= 0.000E+00 +/- 0.00 % || Gtotal(l=0) ave= 1.470E+01 +/- 5.75 % Gtotal(l=1) ave= 1.739E+00 +/- 3.91 % Gtotal(l=2) ave= 0.000E+00 +/- 0.00 % Gtotal(l=3) ave= 0.000E+00 +/- 0.00 %  % || Gg(l=0) ave= 7.264E-02 +/- 2.45 % Gg(l=1) ave= 9.263E-02 +/- 1.21 % Gg(l=2) ave= 0.000E+00 +/- 0.00 % Gg(l=3) ave= 0.000E+00 +/- 0.00 %  % || D(l=0) ave= 1.910E+03 +/- 1.81 % D(l=1) ave= 4.276E+02 +/- 0.00 % D(l=2) ave= 0.000E+00 +/- 0.00 % D(l=3) ave= 0.000E+00 +/- 0.00 %  % || S(l=0) ave= 4.828E-05 +/- 5.25 % S(l=1) ave= 3.492E-04 +/- 5.43 % S(l=2) ave= 0.000E+00 +/- 0.00 % S(l=3) ave= 0.000E+00 +/- 0.00 % 
 ... random file  142 Cap(th)  ave= 1.301E-01 b. +/- 3.74 % || Ela(th) ave= 5.389E+00 b. +/- 5.33 % || RIcap ave= 6.25E+00 b. +/- 2.22 % || Macs30 ave= 6.67E-02 b. +/- 0.75 % || Gn^0(l=0) ave= 8.900E-02 +/- 4.90 % Gn^0(l=1) ave= 3.026E-01 +/- 5.37 % Gn^0(l=2) ave= 0.000E+00 +/- 0.00 % Gn^0(l=3) ave= 0.000E+00 +/- 0.00 % || Gtotal(l=0) ave= 1.471E+01 +/- 5.75 % Gtotal(l=1) ave= 1.738E+00 +/- 3.90 % Gtotal(l=2) ave= 0.000E+00 +/- 0.00 % Gtotal(l=3) ave= 0.000E+00 +/- 0.00 %  % || Gg(l=0) ave= 7.263E-02 +/- 2.45 % Gg(l=1) ave= 9.263E-02 +/- 1.21 % Gg(l=2) ave= 0.000E+00 +/- 0.00 % Gg(l=3) ave= 0.000E+00 +/- 0.00 %  % || D(l=0) ave= 1.911E+03 +/- 1.82 % D(l=1) ave= 4.276E+02 +/- 0.00 % D(l=2) ave= 0.000E+00 +/- 0.00 % D(l=3) ave= 0.000E+00 +/- 0.00 %  % || S(l=0) ave= 4.829E-05 +/- 5.23 % S(l=1) ave= 3.492E-04 +/- 5.42 % S(l=2) ave= 0.000E+00 +/- 0.00 % S(l=3) ave= 0.000E+00 +/- 0.00 % 
 ... random file  143 Cap(th)  ave= 1.301E-01 b. +/- 3.74 % || Ela(th) ave= 5.388E+00 b. +/- 5.32 % || RIcap ave= 6.25E+00 b. +/- 2.21 % || Macs30 ave= 6.67E-02 b. +/- 0.75 % || Gn^0(l=0) ave= 8.894E-02 +/- 4.94 % Gn^0(l=1) ave= 3.027E-01 +/- 5.36 % Gn^0(l=2) ave= 0.000E+00 +/- 0.00 % Gn^0(l=3) ave= 0.000E+00 +/- 0.00 % || Gtotal(l=0) ave= 1.470E+01 +/- 5.79 % Gtotal(l=1) ave= 1.738E+00 +/- 3.89 % Gtotal(l=2) ave= 0.000E+00 +/- 0.00 % Gtotal(l=3) ave= 0.000E+00 +/- 0.00 %  % || Gg(l=0) ave= 7.264E-02 +/- 2.44 % Gg(l=1) ave= 9.263E-02 +/- 1.21 % Gg(l=2) ave= 0.000E+00 +/- 0.00 % Gg(l=3) ave= 0.000E+00 +/- 0.00 %  % || D(l=0) ave= 1.911E+03 +/- 1.82 % D(l=1) ave= 4.276E+02 +/- 0.00 % D(l=2) ave= 0.000E+00 +/- 0.00 % D(l=3) ave= 0.000E+00 +/- 0.00 %  % || S(l=0) ave= 4.825E-05 +/- 5.30 % S(l=1) ave= 3.493E-04 +/- 5.41 % S(l=2) ave= 0.000E+00 +/- 0.00 % S(l=3) ave= 0.000E+00 +/- 0.00 % 
 ... random file  144 Cap(th)  ave= 1.301E-01 b. +/- 3.74 % || Ela(th) ave= 5.388E+00 b. +/- 5.30 % || RIcap ave= 6.25E+00 b. +/- 2.21 % || Macs30 ave= 6.67E-02 b. +/- 0.75 % || Gn^0(l=0) ave= 8.896E-02 +/- 4.93 % Gn^0(l=1) ave= 3.028E-01 +/- 5.35 % Gn^0(l=2) ave= 0.000E+00 +/- 0.00 % Gn^0(l=3) ave= 0.000E+00 +/- 0.00 % || Gtotal(l=0) ave= 1.470E+01 +/- 5.78 % Gtotal(l=1) ave= 1.738E+00 +/- 3.88 % Gtotal(l=2) ave= 0.000E+00 +/- 0.00 % Gtotal(l=3) ave= 0.000E+00 +/- 0.00 %  % || Gg(l=0) ave= 7.264E-02 +/- 2.43 % Gg(l=1) ave= 9.264E-02 +/- 1.20 % Gg(l=2) ave= 0.000E+00 +/- 0.00 % Gg(l=3) ave= 0.000E+00 +/- 0.00 %  % || D(l=0) ave= 1.911E+03 +/- 1.82 % D(l=1) ave= 4.276E+02 +/- 0.00 % D(l=2) ave= 0.000E+00 +/- 0.00 % D(l=3) ave= 0.000E+00 +/- 0.00 %  % || S(l=0) ave= 4.825E-05 +/- 5.28 % S(l=1) ave= 3.494E-04 +/- 5.40 % S(l=2) ave= 0.000E+00 +/- 0.00 % S(l=3) ave= 0.000E+00 +/- 0.00 % 
 ... random file  145 Cap(th)  ave= 1.302E-01 b. +/- 3.73 % || Ela(th) ave= 5.388E+00 b. +/- 5.29 % || RIcap ave= 6.25E+00 b. +/- 2.21 % || Macs30 ave= 6.67E-02 b. +/- 0.75 % || Gn^0(l=0) ave= 8.900E-02 +/- 4.94 % Gn^0(l=1) ave= 3.027E-01 +/- 5.35 % Gn^0(l=2) ave= 0.000E+00 +/- 0.00 % Gn^0(l=3) ave= 0.000E+00 +/- 0.00 % || Gtotal(l=0) ave= 1.471E+01 +/- 5.79 % Gtotal(l=1) ave= 1.738E+00 +/- 3.88 % Gtotal(l=2) ave= 0.000E+00 +/- 0.00 % Gtotal(l=3) ave= 0.000E+00 +/- 0.00 %  % || Gg(l=0) ave= 7.263E-02 +/- 2.42 % Gg(l=1) ave= 9.263E-02 +/- 1.20 % Gg(l=2) ave= 0.000E+00 +/- 0.00 % Gg(l=3) ave= 0.000E+00 +/- 0.00 %  % || D(l=0) ave= 1.911E+03 +/- 1.82 % D(l=1) ave= 4.276E+02 +/- 0.00 % D(l=2) ave= 0.000E+00 +/- 0.00 % D(l=3) ave= 0.000E+00 +/- 0.00 %  % || S(l=0) ave= 4.827E-05 +/- 5.27 % S(l=1) ave= 3.492E-04 +/- 5.40 % S(l=2) ave= 0.000E+00 +/- 0.00 % S(l=3) ave= 0.000E+00 +/- 0.00 % 
 ... random file  146 Cap(th)  ave= 1.302E-01 b. +/- 3.71 % || Ela(th) ave= 5.390E+00 b. +/- 5.30 % || RIcap ave= 6.25E+00 b. +/- 2.20 % || Macs30 ave= 6.67E-02 b. +/- 0.75 % || Gn^0(l=0) ave= 8.899E-02 +/- 4.93 % Gn^0(l=1) ave= 3.025E-01 +/- 5.37 % Gn^0(l=2) ave= 0.000E+00 +/- 0.00 % Gn^0(l=3) ave= 0.000E+00 +/- 0.00 % || Gtotal(l=0) ave= 1.471E+01 +/- 5.77 % Gtotal(l=1) ave= 1.737E+00 +/- 3.88 % Gtotal(l=2) ave= 0.000E+00 +/- 0.00 % Gtotal(l=3) ave= 0.000E+00 +/- 0.00 %  % || Gg(l=0) ave= 7.264E-02 +/- 2.42 % Gg(l=1) ave= 9.263E-02 +/- 1.20 % Gg(l=2) ave= 0.000E+00 +/- 0.00 % Gg(l=3) ave= 0.000E+00 +/- 0.00 %  % || D(l=0) ave= 1.912E+03 +/- 1.82 % D(l=1) ave= 4.276E+02 +/- 0.00 % D(l=2) ave= 0.000E+00 +/- 0.00 % D(l=3) ave= 0.000E+00 +/- 0.00 %  % || S(l=0) ave= 4.826E-05 +/- 5.26 % S(l=1) ave= 3.491E-04 +/- 5.42 % S(l=2) ave= 0.000E+00 +/- 0.00 % S(l=3) ave= 0.000E+00 +/- 0.00 % 
 ... random file  147 Cap(th)  ave= 1.302E-01 b. +/- 3.75 % || Ela(th) ave= 5.393E+00 b. +/- 5.30 % || RIcap ave= 6.25E+00 b. +/- 2.21 % || Macs30 ave= 6.67E-02 b. +/- 0.75 % || Gn^0(l=0) ave= 8.899E-02 +/- 4.91 % Gn^0(l=1) ave= 3.024E-01 +/- 5.37 % Gn^0(l=2) ave= 0.000E+00 +/- 0.00 % Gn^0(l=3) ave= 0.000E+00 +/- 0.00 % || Gtotal(l=0) ave= 1.471E+01 +/- 5.75 % Gtotal(l=1) ave= 1.737E+00 +/- 3.86 % Gtotal(l=2) ave= 0.000E+00 +/- 0.00 % Gtotal(l=3) ave= 0.000E+00 +/- 0.00 %  % || Gg(l=0) ave= 7.263E-02 +/- 2.41 % Gg(l=1) ave= 9.263E-02 +/- 1.19 % Gg(l=2) ave= 0.000E+00 +/- 0.00 % Gg(l=3) ave= 0.000E+00 +/- 0.00 %  % || D(l=0) ave= 1.912E+03 +/- 1.82 % D(l=1) ave= 4.276E+02 +/- 0.00 % D(l=2) ave= 0.000E+00 +/- 0.00 % D(l=3) ave= 0.000E+00 +/- 0.00 %  % || S(l=0) ave= 4.826E-05 +/- 5.24 % S(l=1) ave= 3.489E-04 +/- 5.42 % S(l=2) ave= 0.000E+00 +/- 0.00 % S(l=3) ave= 0.000E+00 +/- 0.00 % 
 ... random file  148 Cap(th)  ave= 1.302E-01 b. +/- 3.73 % || Ela(th) ave= 5.390E+00 b. +/- 5.33 % || RIcap ave= 6.25E+00 b. +/- 2.20 % || Macs30 ave= 6.67E-02 b. +/- 0.74 % || Gn^0(l=0) ave= 8.898E-02 +/- 4.90 % Gn^0(l=1) ave= 3.026E-01 +/- 5.38 % Gn^0(l=2) ave= 0.000E+00 +/- 0.00 % Gn^0(l=3) ave= 0.000E+00 +/- 0.00 % || Gtotal(l=0) ave= 1.470E+01 +/- 5.74 % Gtotal(l=1) ave= 1.737E+00 +/- 3.85 % Gtotal(l=2) ave= 0.000E+00 +/- 0.00 % Gtotal(l=3) ave= 0.000E+00 +/- 0.00 %  % || Gg(l=0) ave= 7.265E-02 +/- 2.42 % Gg(l=1) ave= 9.262E-02 +/- 1.19 % Gg(l=2) ave= 0.000E+00 +/- 0.00 % Gg(l=3) ave= 0.000E+00 +/- 0.00 %  % || D(l=0) ave= 1.912E+03 +/- 1.82 % D(l=1) ave= 4.276E+02 +/- 0.00 % D(l=2) ave= 0.000E+00 +/- 0.00 % D(l=3) ave= 0.000E+00 +/- 0.00 %  % || S(l=0) ave= 4.825E-05 +/- 5.24 % S(l=1) ave= 3.491E-04 +/- 5.43 % S(l=2) ave= 0.000E+00 +/- 0.00 % S(l=3) ave= 0.000E+00 +/- 0.00 % 
 ... random file  149 Cap(th)  ave= 1.302E-01 b. +/- 3.72 % || Ela(th) ave= 5.391E+00 b. +/- 5.33 % || RIcap ave= 6.25E+00 b. +/- 2.20 % || Macs30 ave= 6.67E-02 b. +/- 0.74 % || Gn^0(l=0) ave= 8.894E-02 +/- 4.91 % Gn^0(l=1) ave= 3.026E-01 +/- 5.36 % Gn^0(l=2) ave= 0.000E+00 +/- 0.00 % Gn^0(l=3) ave= 0.000E+00 +/- 0.00 % || Gtotal(l=0) ave= 1.470E+01 +/- 5.76 % Gtotal(l=1) ave= 1.737E+00 +/- 3.84 % Gtotal(l=2) ave= 0.000E+00 +/- 0.00 % Gtotal(l=3) ave= 0.000E+00 +/- 0.00 %  % || Gg(l=0) ave= 7.266E-02 +/- 2.42 % Gg(l=1) ave= 9.262E-02 +/- 1.19 % Gg(l=2) ave= 0.000E+00 +/- 0.00 % Gg(l=3) ave= 0.000E+00 +/- 0.00 %  % || D(l=0) ave= 1.912E+03 +/- 1.82 % D(l=1) ave= 4.276E+02 +/- 0.00 % D(l=2) ave= 0.000E+00 +/- 0.00 % D(l=3) ave= 0.000E+00 +/- 0.00 %  % || S(l=0) ave= 4.822E-05 +/- 5.26 % S(l=1) ave= 3.491E-04 +/- 5.42 % S(l=2) ave= 0.000E+00 +/- 0.00 % S(l=3) ave= 0.000E+00 +/- 0.00 % 
 ... random file  150 Cap(th)  ave= 1.303E-01 b. +/- 3.72 % || Ela(th) ave= 5.392E+00 b. +/- 5.31 % || RIcap ave= 6.25E+00 b. +/- 2.20 % || Macs30 ave= 6.67E-02 b. +/- 0.74 % || Gn^0(l=0) ave= 8.900E-02 +/- 4.96 % Gn^0(l=1) ave= 3.025E-01 +/- 5.35 % Gn^0(l=2) ave= 0.000E+00 +/- 0.00 % Gn^0(l=3) ave= 0.000E+00 +/- 0.00 % || Gtotal(l=0) ave= 1.471E+01 +/- 5.81 % Gtotal(l=1) ave= 1.737E+00 +/- 3.83 % Gtotal(l=2) ave= 0.000E+00 +/- 0.00 % Gtotal(l=3) ave= 0.000E+00 +/- 0.00 %  % || Gg(l=0) ave= 7.265E-02 +/- 2.42 % Gg(l=1) ave= 9.262E-02 +/- 1.19 % Gg(l=2) ave= 0.000E+00 +/- 0.00 % Gg(l=3) ave= 0.000E+00 +/- 0.00 %  % || D(l=0) ave= 1.912E+03 +/- 1.82 % D(l=1) ave= 4.276E+02 +/- 0.00 % D(l=2) ave= 0.000E+00 +/- 0.00 % D(l=3) ave= 0.000E+00 +/- 0.00 %  % || S(l=0) ave= 4.825E-05 +/- 5.28 % S(l=1) ave= 3.490E-04 +/- 5.40 % S(l=2) ave= 0.000E+00 +/- 0.00 % S(l=3) ave= 0.000E+00 +/- 0.00 % 
 ... random file  151 Cap(th)  ave= 1.303E-01 b. +/- 3.71 % || Ela(th) ave= 5.392E+00 b. +/- 5.30 % || RIcap ave= 6.25E+00 b. +/- 2.20 % || Macs30 ave= 6.67E-02 b. +/- 0.74 % || Gn^0(l=0) ave= 8.901E-02 +/- 4.94 % Gn^0(l=1) ave= 3.024E-01 +/- 5.34 % Gn^0(l=2) ave= 0.000E+00 +/- 0.00 % Gn^0(l=3) ave= 0.000E+00 +/- 0.00 % || Gtotal(l=0) ave= 1.471E+01 +/- 5.79 % Gtotal(l=1) ave= 1.737E+00 +/- 3.83 % Gtotal(l=2) ave= 0.000E+00 +/- 0.00 % Gtotal(l=3) ave= 0.000E+00 +/- 0.00 %  % || Gg(l=0) ave= 7.267E-02 +/- 2.43 % Gg(l=1) ave= 9.261E-02 +/- 1.19 % Gg(l=2) ave= 0.000E+00 +/- 0.00 % Gg(l=3) ave= 0.000E+00 +/- 0.00 %  % || D(l=0) ave= 1.912E+03 +/- 1.82 % D(l=1) ave= 4.276E+02 +/- 0.00 % D(l=2) ave= 0.000E+00 +/- 0.00 % D(l=3) ave= 0.000E+00 +/- 0.00 %  % || S(l=0) ave= 4.826E-05 +/- 5.27 % S(l=1) ave= 3.490E-04 +/- 5.39 % S(l=2) ave= 0.000E+00 +/- 0.00 % S(l=3) ave= 0.000E+00 +/- 0.00 % 
 ... random file  152 Cap(th)  ave= 1.302E-01 b. +/- 3.69 % || Ela(th) ave= 5.396E+00 b. +/- 5.34 % || RIcap ave= 6.24E+00 b. +/- 2.20 % || Macs30 ave= 6.67E-02 b. +/- 0.74 % || Gn^0(l=0) ave= 8.900E-02 +/- 4.92 % Gn^0(l=1) ave= 3.023E-01 +/- 5.34 % Gn^0(l=2) ave= 0.000E+00 +/- 0.00 % Gn^0(l=3) ave= 0.000E+00 +/- 0.00 % || Gtotal(l=0) ave= 1.471E+01 +/- 5.77 % Gtotal(l=1) ave= 1.738E+00 +/- 3.87 % Gtotal(l=2) ave= 0.000E+00 +/- 0.00 % Gtotal(l=3) ave= 0.000E+00 +/- 0.00 %  % || Gg(l=0) ave= 7.268E-02 +/- 2.43 % Gg(l=1) ave= 9.261E-02 +/- 1.19 % Gg(l=2) ave= 0.000E+00 +/- 0.00 % Gg(l=3) ave= 0.000E+00 +/- 0.00 %  % || D(l=0) ave= 1.912E+03 +/- 1.82 % D(l=1) ave= 4.276E+02 +/- 0.00 % D(l=2) ave= 0.000E+00 +/- 0.00 % D(l=3) ave= 0.000E+00 +/- 0.00 %  % || S(l=0) ave= 4.825E-05 +/- 5.26 % S(l=1) ave= 3.489E-04 +/- 5.39 % S(l=2) ave= 0.000E+00 +/- 0.00 % S(l=3) ave= 0.000E+00 +/- 0.00 % 
 ... random file  153 Cap(th)  ave= 1.302E-01 b. +/- 3.69 % || Ela(th) ave= 5.399E+00 b. +/- 5.36 % || RIcap ave= 6.25E+00 b. +/- 2.20 % || Macs30 ave= 6.67E-02 b. +/- 0.74 % || Gn^0(l=0) ave= 8.896E-02 +/- 4.95 % Gn^0(l=1) ave= 3.022E-01 +/- 5.34 % Gn^0(l=2) ave= 0.000E+00 +/- 0.00 % Gn^0(l=3) ave= 0.000E+00 +/- 0.00 % || Gtotal(l=0) ave= 1.470E+01 +/- 5.81 % Gtotal(l=1) ave= 1.738E+00 +/- 3.86 % Gtotal(l=2) ave= 0.000E+00 +/- 0.00 % Gtotal(l=3) ave= 0.000E+00 +/- 0.00 %  % || Gg(l=0) ave= 7.267E-02 +/- 2.43 % Gg(l=1) ave= 9.261E-02 +/- 1.18 % Gg(l=2) ave= 0.000E+00 +/- 0.00 % Gg(l=3) ave= 0.000E+00 +/- 0.00 %  % || D(l=0) ave= 1.912E+03 +/- 1.82 % D(l=1) ave= 4.276E+02 +/- 0.00 % D(l=2) ave= 0.000E+00 +/- 0.00 % D(l=3) ave= 0.000E+00 +/- 0.00 %  % || S(l=0) ave= 4.823E-05 +/- 5.26 % S(l=1) ave= 3.488E-04 +/- 5.39 % S(l=2) ave= 0.000E+00 +/- 0.00 % S(l=3) ave= 0.000E+00 +/- 0.00 % 
 ... random file  154 Cap(th)  ave= 1.302E-01 b. +/- 3.68 % || Ela(th) ave= 5.396E+00 b. +/- 5.38 % || RIcap ave= 6.24E+00 b. +/- 2.20 % || Macs30 ave= 6.67E-02 b. +/- 0.73 % || Gn^0(l=0) ave= 8.897E-02 +/- 4.94 % Gn^0(l=1) ave= 3.023E-01 +/- 5.34 % Gn^0(l=2) ave= 0.000E+00 +/- 0.00 % Gn^0(l=3) ave= 0.000E+00 +/- 0.00 % || Gtotal(l=0) ave= 1.470E+01 +/- 5.79 % Gtotal(l=1) ave= 1.739E+00 +/- 3.87 % Gtotal(l=2) ave= 0.000E+00 +/- 0.00 % Gtotal(l=3) ave= 0.000E+00 +/- 0.00 %  % || Gg(l=0) ave= 7.266E-02 +/- 2.43 % Gg(l=1) ave= 9.261E-02 +/- 1.18 % Gg(l=2) ave= 0.000E+00 +/- 0.00 % Gg(l=3) ave= 0.000E+00 +/- 0.00 %  % || D(l=0) ave= 1.912E+03 +/- 1.82 % D(l=1) ave= 4.276E+02 +/- 0.00 % D(l=2) ave= 0.000E+00 +/- 0.00 % D(l=3) ave= 0.000E+00 +/- 0.00 %  % || S(l=0) ave= 4.824E-05 +/- 5.25 % S(l=1) ave= 3.489E-04 +/- 5.38 % S(l=2) ave= 0.000E+00 +/- 0.00 % S(l=3) ave= 0.000E+00 +/- 0.00 % 
 ... random file  155 Cap(th)  ave= 1.303E-01 b. +/- 3.69 % || Ela(th) ave= 5.398E+00 b. +/- 5.38 % || RIcap ave= 6.25E+00 b. +/- 2.19 % || Macs30 ave= 6.67E-02 b. +/- 0.73 % || Gn^0(l=0) ave= 8.899E-02 +/- 4.93 % Gn^0(l=1) ave= 3.022E-01 +/- 5.35 % Gn^0(l=2) ave= 0.000E+00 +/- 0.00 % Gn^0(l=3) ave= 0.000E+00 +/- 0.00 % || Gtotal(l=0) ave= 1.471E+01 +/- 5.79 % Gtotal(l=1) ave= 1.738E+00 +/- 3.87 % Gtotal(l=2) ave= 0.000E+00 +/- 0.00 % Gtotal(l=3) ave= 0.000E+00 +/- 0.00 %  % || Gg(l=0) ave= 7.264E-02 +/- 2.43 % Gg(l=1) ave= 9.261E-02 +/- 1.18 % Gg(l=2) ave= 0.000E+00 +/- 0.00 % Gg(l=3) ave= 0.000E+00 +/- 0.00 %  % || D(l=0) ave= 1.912E+03 +/- 1.82 % D(l=1) ave= 4.276E+02 +/- 0.00 % D(l=2) ave= 0.000E+00 +/- 0.00 % D(l=3) ave= 0.000E+00 +/- 0.00 %  % || S(l=0) ave= 4.826E-05 +/- 5.26 % S(l=1) ave= 3.487E-04 +/- 5.39 % S(l=2) ave= 0.000E+00 +/- 0.00 % S(l=3) ave= 0.000E+00 +/- 0.00 % 
 ... random file  156 Cap(th)  ave= 1.303E-01 b. +/- 3.68 % || Ela(th) ave= 5.401E+00 b. +/- 5.41 % || RIcap ave= 6.25E+00 b. +/- 2.19 % || Macs30 ave= 6.67E-02 b. +/- 0.73 % || Gn^0(l=0) ave= 8.900E-02 +/- 4.91 % Gn^0(l=1) ave= 3.021E-01 +/- 5.34 % Gn^0(l=2) ave= 0.000E+00 +/- 0.00 % Gn^0(l=3) ave= 0.000E+00 +/- 0.00 % || Gtotal(l=0) ave= 1.471E+01 +/- 5.77 % Gtotal(l=1) ave= 1.739E+00 +/- 3.93 % Gtotal(l=2) ave= 0.000E+00 +/- 0.00 % Gtotal(l=3) ave= 0.000E+00 +/- 0.00 %  % || Gg(l=0) ave= 7.265E-02 +/- 2.43 % Gg(l=1) ave= 9.261E-02 +/- 1.17 % Gg(l=2) ave= 0.000E+00 +/- 0.00 % Gg(l=3) ave= 0.000E+00 +/- 0.00 %  % || D(l=0) ave= 1.911E+03 +/- 1.82 % D(l=1) ave= 4.276E+02 +/- 0.00 % D(l=2) ave= 0.000E+00 +/- 0.00 % D(l=3) ave= 0.000E+00 +/- 0.00 %  % || S(l=0) ave= 4.827E-05 +/- 5.24 % S(l=1) ave= 3.486E-04 +/- 5.39 % S(l=2) ave= 0.000E+00 +/- 0.00 % S(l=3) ave= 0.000E+00 +/- 0.00 % 
 ... random file  157 Cap(th)  ave= 1.303E-01 b. +/- 3.67 % || Ela(th) ave= 5.407E+00 b. +/- 5.55 % || RIcap ave= 6.24E+00 b. +/- 2.18 % || Macs30 ave= 6.67E-02 b. +/- 0.73 % || Gn^0(l=0) ave= 8.891E-02 +/- 5.05 % Gn^0(l=1) ave= 3.018E-01 +/- 5.46 % Gn^0(l=2) ave= 0.000E+00 +/- 0.00 % Gn^0(l=3) ave= 0.000E+00 +/- 0.00 % || Gtotal(l=0) ave= 1.469E+01 +/- 5.89 % Gtotal(l=1) ave= 1.739E+00 +/- 3.92 % Gtotal(l=2) ave= 0.000E+00 +/- 0.00 % Gtotal(l=3) ave= 0.000E+00 +/- 0.00 %  % || Gg(l=0) ave= 7.266E-02 +/- 2.42 % Gg(l=1) ave= 9.261E-02 +/- 1.17 % Gg(l=2) ave= 0.000E+00 +/- 0.00 % Gg(l=3) ave= 0.000E+00 +/- 0.00 %  % || D(l=0) ave= 1.912E+03 +/- 1.82 % D(l=1) ave= 4.276E+02 +/- 0.00 % D(l=2) ave= 0.000E+00 +/- 0.00 % D(l=3) ave= 0.000E+00 +/- 0.00 %  % || S(l=0) ave= 4.822E-05 +/- 5.40 % S(l=1) ave= 3.483E-04 +/- 5.52 % S(l=2) ave= 0.000E+00 +/- 0.00 % S(l=3) ave= 0.000E+00 +/- 0.00 % 
 ... random file  158 Cap(th)  ave= 1.303E-01 b. +/- 3.66 % || Ela(th) ave= 5.407E+00 b. +/- 5.53 % || RIcap ave= 6.25E+00 b. +/- 2.20 % || Macs30 ave= 6.67E-02 b. +/- 0.74 % || Gn^0(l=0) ave= 8.892E-02 +/- 5.04 % Gn^0(l=1) ave= 3.018E-01 +/- 5.45 % Gn^0(l=2) ave= 0.000E+00 +/- 0.00 % Gn^0(l=3) ave= 0.000E+00 +/- 0.00 % || Gtotal(l=0) ave= 1.469E+01 +/- 5.87 % Gtotal(l=1) ave= 1.739E+00 +/- 3.91 % Gtotal(l=2) ave= 0.000E+00 +/- 0.00 % Gtotal(l=3) ave= 0.000E+00 +/- 0.00 %  % || Gg(l=0) ave= 7.267E-02 +/- 2.42 % Gg(l=1) ave= 9.261E-02 +/- 1.17 % Gg(l=2) ave= 0.000E+00 +/- 0.00 % Gg(l=3) ave= 0.000E+00 +/- 0.00 %  % || D(l=0) ave= 1.912E+03 +/- 1.82 % D(l=1) ave= 4.276E+02 +/- 0.00 % D(l=2) ave= 0.000E+00 +/- 0.00 % D(l=3) ave= 0.000E+00 +/- 0.00 %  % || S(l=0) ave= 4.822E-05 +/- 5.38 % S(l=1) ave= 3.482E-04 +/- 5.51 % S(l=2) ave= 0.000E+00 +/- 0.00 % S(l=3) ave= 0.000E+00 +/- 0.00 % 
 ... random file  159 Cap(th)  ave= 1.303E-01 b. +/- 3.65 % || Ela(th) ave= 5.408E+00 b. +/- 5.52 % || RIcap ave= 6.25E+00 b. +/- 2.20 % || Macs30 ave= 6.67E-02 b. +/- 0.74 % || Gn^0(l=0) ave= 8.889E-02 +/- 5.05 % Gn^0(l=1) ave= 3.017E-01 +/- 5.44 % Gn^0(l=2) ave= 0.000E+00 +/- 0.00 % Gn^0(l=3) ave= 0.000E+00 +/- 0.00 % || Gtotal(l=0) ave= 1.469E+01 +/- 5.88 % Gtotal(l=1) ave= 1.739E+00 +/- 3.90 % Gtotal(l=2) ave= 0.000E+00 +/- 0.00 % Gtotal(l=3) ave= 0.000E+00 +/- 0.00 %  % || Gg(l=0) ave= 7.267E-02 +/- 2.41 % Gg(l=1) ave= 9.262E-02 +/- 1.16 % Gg(l=2) ave= 0.000E+00 +/- 0.00 % Gg(l=3) ave= 0.000E+00 +/- 0.00 %  % || D(l=0) ave= 1.912E+03 +/- 1.82 % D(l=1) ave= 4.276E+02 +/- 0.00 % D(l=2) ave= 0.000E+00 +/- 0.00 % D(l=3) ave= 0.000E+00 +/- 0.00 %  % || S(l=0) ave= 4.820E-05 +/- 5.38 % S(l=1) ave= 3.482E-04 +/- 5.50 % S(l=2) ave= 0.000E+00 +/- 0.00 % S(l=3) ave= 0.000E+00 +/- 0.00 % 
 ... random file  160 Cap(th)  ave= 1.303E-01 b. +/- 3.64 % || Ela(th) ave= 5.407E+00 b. +/- 5.51 % || RIcap ave= 6.25E+00 b. +/- 2.19 % || Macs30 ave= 6.67E-02 b. +/- 0.74 % || Gn^0(l=0) ave= 8.890E-02 +/- 5.04 % Gn^0(l=1) ave= 3.018E-01 +/- 5.44 % Gn^0(l=2) ave= 0.000E+00 +/- 0.00 % Gn^0(l=3) ave= 0.000E+00 +/- 0.00 % || Gtotal(l=0) ave= 1.469E+01 +/- 5.87 % Gtotal(l=1) ave= 1.740E+00 +/- 3.92 % Gtotal(l=2) ave= 0.000E+00 +/- 0.00 % Gtotal(l=3) ave= 0.000E+00 +/- 0.00 %  % || Gg(l=0) ave= 7.268E-02 +/- 2.41 % Gg(l=1) ave= 9.261E-02 +/- 1.17 % Gg(l=2) ave= 0.000E+00 +/- 0.00 % Gg(l=3) ave= 0.000E+00 +/- 0.00 %  % || D(l=0) ave= 1.912E+03 +/- 1.82 % D(l=1) ave= 4.276E+02 +/- 0.00 % D(l=2) ave= 0.000E+00 +/- 0.00 % D(l=3) ave= 0.000E+00 +/- 0.00 %  % || S(l=0) ave= 4.820E-05 +/- 5.36 % S(l=1) ave= 3.482E-04 +/- 5.49 % S(l=2) ave= 0.000E+00 +/- 0.00 % S(l=3) ave= 0.000E+00 +/- 0.00 % 
 ... random file  161 Cap(th)  ave= 1.302E-01 b. +/- 3.71 % || Ela(th) ave= 5.406E+00 b. +/- 5.49 % || RIcap ave= 6.24E+00 b. +/- 2.20 % || Macs30 ave= 6.67E-02 b. +/- 0.74 % || Gn^0(l=0) ave= 8.888E-02 +/- 5.03 % Gn^0(l=1) ave= 3.018E-01 +/- 5.42 % Gn^0(l=2) ave= 0.000E+00 +/- 0.00 % Gn^0(l=3) ave= 0.000E+00 +/- 0.00 % || Gtotal(l=0) ave= 1.469E+01 +/- 5.85 % Gtotal(l=1) ave= 1.740E+00 +/- 3.91 % Gtotal(l=2) ave= 0.000E+00 +/- 0.00 % Gtotal(l=3) ave= 0.000E+00 +/- 0.00 %  % || Gg(l=0) ave= 7.268E-02 +/- 2.40 % Gg(l=1) ave= 9.261E-02 +/- 1.17 % Gg(l=2) ave= 0.000E+00 +/- 0.00 % Gg(l=3) ave= 0.000E+00 +/- 0.00 %  % || D(l=0) ave= 1.912E+03 +/- 1.82 % D(l=1) ave= 4.276E+02 +/- 0.00 % D(l=2) ave= 0.000E+00 +/- 0.00 % D(l=3) ave= 0.000E+00 +/- 0.00 %  % || S(l=0) ave= 4.820E-05 +/- 5.35 % S(l=1) ave= 3.482E-04 +/- 5.48 % S(l=2) ave= 0.000E+00 +/- 0.00 % S(l=3) ave= 0.000E+00 +/- 0.00 % 
 ... random file  162 Cap(th)  ave= 1.302E-01 b. +/- 3.71 % || Ela(th) ave= 5.407E+00 b. +/- 5.48 % || RIcap ave= 6.25E+00 b. +/- 2.20 % || Macs30 ave= 6.67E-02 b. +/- 0.74 % || Gn^0(l=0) ave= 8.892E-02 +/- 5.04 % Gn^0(l=1) ave= 3.017E-01 +/- 5.42 % Gn^0(l=2) ave= 0.000E+00 +/- 0.00 % Gn^0(l=3) ave= 0.000E+00 +/- 0.00 % || Gtotal(l=0) ave= 1.469E+01 +/- 5.86 % Gtotal(l=1) ave= 1.739E+00 +/- 3.91 % Gtotal(l=2) ave= 0.000E+00 +/- 0.00 % Gtotal(l=3) ave= 0.000E+00 +/- 0.00 %  % || Gg(l=0) ave= 7.267E-02 +/- 2.41 % Gg(l=1) ave= 9.260E-02 +/- 1.17 % Gg(l=2) ave= 0.000E+00 +/- 0.00 % Gg(l=3) ave= 0.000E+00 +/- 0.00 %  % || D(l=0) ave= 1.912E+03 +/- 1.82 % D(l=1) ave= 4.276E+02 +/- 0.00 % D(l=2) ave= 0.000E+00 +/- 0.00 % D(l=3) ave= 0.000E+00 +/- 0.00 %  % || S(l=0) ave= 4.821E-05 +/- 5.35 % S(l=1) ave= 3.481E-04 +/- 5.47 % S(l=2) ave= 0.000E+00 +/- 0.00 % S(l=3) ave= 0.000E+00 +/- 0.00 % 
 ... random file  163 Cap(th)  ave= 1.303E-01 b. +/- 3.70 % || Ela(th) ave= 5.408E+00 b. +/- 5.47 % || RIcap ave= 6.25E+00 b. +/- 2.20 % || Macs30 ave= 6.67E-02 b. +/- 0.74 % || Gn^0(l=0) ave= 8.889E-02 +/- 5.04 % Gn^0(l=1) ave= 3.016E-01 +/- 5.42 % Gn^0(l=2) ave= 0.000E+00 +/- 0.00 % Gn^0(l=3) ave= 0.000E+00 +/- 0.00 % || Gtotal(l=0) ave= 1.469E+01 +/- 5.85 % Gtotal(l=1) ave= 1.739E+00 +/- 3.91 % Gtotal(l=2) ave= 0.000E+00 +/- 0.00 % Gtotal(l=3) ave= 0.000E+00 +/- 0.00 %  % || Gg(l=0) ave= 7.266E-02 +/- 2.41 % Gg(l=1) ave= 9.261E-02 +/- 1.17 % Gg(l=2) ave= 0.000E+00 +/- 0.00 % Gg(l=3) ave= 0.000E+00 +/- 0.00 %  % || D(l=0) ave= 1.912E+03 +/- 1.82 % D(l=1) ave= 4.276E+02 +/- 0.00 % D(l=2) ave= 0.000E+00 +/- 0.00 % D(l=3) ave= 0.000E+00 +/- 0.00 %  % || S(l=0) ave= 4.821E-05 +/- 5.33 % S(l=1) ave= 3.480E-04 +/- 5.47 % S(l=2) ave= 0.000E+00 +/- 0.00 % S(l=3) ave= 0.000E+00 +/- 0.00 % 
 ... random file  164 Cap(th)  ave= 1.303E-01 b. +/- 3.70 % || Ela(th) ave= 5.407E+00 b. +/- 5.46 % || RIcap ave= 6.25E+00 b. +/- 2.21 % || Macs30 ave= 6.67E-02 b. +/- 0.74 % || Gn^0(l=0) ave= 8.889E-02 +/- 5.02 % Gn^0(l=1) ave= 3.016E-01 +/- 5.41 % Gn^0(l=2) ave= 0.000E+00 +/- 0.00 % Gn^0(l=3) ave= 0.000E+00 +/- 0.00 % || Gtotal(l=0) ave= 1.469E+01 +/- 5.83 % Gtotal(l=1) ave= 1.739E+00 +/- 3.90 % Gtotal(l=2) ave= 0.000E+00 +/- 0.00 % Gtotal(l=3) ave= 0.000E+00 +/- 0.00 %  % || Gg(l=0) ave= 7.265E-02 +/- 2.40 % Gg(l=1) ave= 9.262E-02 +/- 1.17 % Gg(l=2) ave= 0.000E+00 +/- 0.00 % Gg(l=3) ave= 0.000E+00 +/- 0.00 %  % || D(l=0) ave= 1.912E+03 +/- 1.82 % D(l=1) ave= 4.276E+02 +/- 0.00 % D(l=2) ave= 0.000E+00 +/- 0.00 % D(l=3) ave= 0.000E+00 +/- 0.00 %  % || S(l=0) ave= 4.820E-05 +/- 5.32 % S(l=1) ave= 3.480E-04 +/- 5.46 % S(l=2) ave= 0.000E+00 +/- 0.00 % S(l=3) ave= 0.000E+00 +/- 0.00 % 
 ... random file  165 Cap(th)  ave= 1.303E-01 b. +/- 3.70 % || Ela(th) ave= 5.406E+00 b. +/- 5.45 % || RIcap ave= 6.25E+00 b. +/- 2.21 % || Macs30 ave= 6.67E-02 b. +/- 0.73 % || Gn^0(l=0) ave= 8.885E-02 +/- 5.04 % Gn^0(l=1) ave= 3.017E-01 +/- 5.40 % Gn^0(l=2) ave= 0.000E+00 +/- 0.00 % Gn^0(l=3) ave= 0.000E+00 +/- 0.00 % || Gtotal(l=0) ave= 1.469E+01 +/- 5.83 % Gtotal(l=1) ave= 1.738E+00 +/- 3.89 % Gtotal(l=2) ave= 0.000E+00 +/- 0.00 % Gtotal(l=3) ave= 0.000E+00 +/- 0.00 %  % || Gg(l=0) ave= 7.265E-02 +/- 2.40 % Gg(l=1) ave= 9.261E-02 +/- 1.17 % Gg(l=2) ave= 0.000E+00 +/- 0.00 % Gg(l=3) ave= 0.000E+00 +/- 0.00 %  % || D(l=0) ave= 1.912E+03 +/- 1.82 % D(l=1) ave= 4.276E+02 +/- 0.00 % D(l=2) ave= 0.000E+00 +/- 0.00 % D(l=3) ave= 0.000E+00 +/- 0.00 %  % || S(l=0) ave= 4.818E-05 +/- 5.32 % S(l=1) ave= 3.481E-04 +/- 5.45 % S(l=2) ave= 0.000E+00 +/- 0.00 % S(l=3) ave= 0.000E+00 +/- 0.00 % 
 ... random file  166 Cap(th)  ave= 1.303E-01 b. +/- 3.69 % || Ela(th) ave= 5.408E+00 b. +/- 5.46 % || RIcap ave= 6.25E+00 b. +/- 2.21 % || Macs30 ave= 6.67E-02 b. +/- 0.73 % || Gn^0(l=0) ave= 8.884E-02 +/- 5.03 % Gn^0(l=1) ave= 3.017E-01 +/- 5.40 % Gn^0(l=2) ave= 0.000E+00 +/- 0.00 % Gn^0(l=3) ave= 0.000E+00 +/- 0.00 % || Gtotal(l=0) ave= 1.468E+01 +/- 5.82 % Gtotal(l=1) ave= 1.739E+00 +/- 3.88 % Gtotal(l=2) ave= 0.000E+00 +/- 0.00 % Gtotal(l=3) ave= 0.000E+00 +/- 0.00 %  % || Gg(l=0) ave= 7.266E-02 +/- 2.39 % Gg(l=1) ave= 9.262E-02 +/- 1.17 % Gg(l=2) ave= 0.000E+00 +/- 0.00 % Gg(l=3) ave= 0.000E+00 +/- 0.00 %  % || D(l=0) ave= 1.912E+03 +/- 1.82 % D(l=1) ave= 4.276E+02 +/- 0.00 % D(l=2) ave= 0.000E+00 +/- 0.00 % D(l=3) ave= 0.000E+00 +/- 0.00 %  % || S(l=0) ave= 4.818E-05 +/- 5.31 % S(l=1) ave= 3.480E-04 +/- 5.44 % S(l=2) ave= 0.000E+00 +/- 0.00 % S(l=3) ave= 0.000E+00 +/- 0.00 % 
 ... random file  167 Cap(th)  ave= 1.303E-01 b. +/- 3.72 % || Ela(th) ave= 5.410E+00 b. +/- 5.48 % || RIcap ave= 6.25E+00 b. +/- 2.21 % || Macs30 ave= 6.67E-02 b. +/- 0.74 % || Gn^0(l=0) ave= 8.886E-02 +/- 5.02 % Gn^0(l=1) ave= 3.015E-01 +/- 5.42 % Gn^0(l=2) ave= 0.000E+00 +/- 0.00 % Gn^0(l=3) ave= 0.000E+00 +/- 0.00 % || Gtotal(l=0) ave= 1.469E+01 +/- 5.82 % Gtotal(l=1) ave= 1.739E+00 +/- 3.87 % Gtotal(l=2) ave= 0.000E+00 +/- 0.00 % Gtotal(l=3) ave= 0.000E+00 +/- 0.00 %  % || Gg(l=0) ave= 7.265E-02 +/- 2.39 % Gg(l=1) ave= 9.263E-02 +/- 1.17 % Gg(l=2) ave= 0.000E+00 +/- 0.00 % Gg(l=3) ave= 0.000E+00 +/- 0.00 %  % || D(l=0) ave= 1.912E+03 +/- 1.82 % D(l=1) ave= 4.276E+02 +/- 0.00 % D(l=2) ave= 0.000E+00 +/- 0.00 % D(l=3) ave= 0.000E+00 +/- 0.00 %  % || S(l=0) ave= 4.819E-05 +/- 5.30 % S(l=1) ave= 3.478E-04 +/- 5.47 % S(l=2) ave= 0.000E+00 +/- 0.00 % S(l=3) ave= 0.000E+00 +/- 0.00 % 
 ... random file  168 Cap(th)  ave= 1.303E-01 b. +/- 3.72 % || Ela(th) ave= 5.412E+00 b. +/- 5.47 % || RIcap ave= 6.25E+00 b. +/- 2.21 % || Macs30 ave= 6.67E-02 b. +/- 0.75 % || Gn^0(l=0) ave= 8.883E-02 +/- 5.03 % Gn^0(l=1) ave= 3.015E-01 +/- 5.41 % Gn^0(l=2) ave= 0.000E+00 +/- 0.00 % Gn^0(l=3) ave= 0.000E+00 +/- 0.00 % || Gtotal(l=0) ave= 1.468E+01 +/- 5.83 % Gtotal(l=1) ave= 1.739E+00 +/- 3.89 % Gtotal(l=2) ave= 0.000E+00 +/- 0.00 % Gtotal(l=3) ave= 0.000E+00 +/- 0.00 %  % || Gg(l=0) ave= 7.264E-02 +/- 2.40 % Gg(l=1) ave= 9.262E-02 +/- 1.18 % Gg(l=2) ave= 0.000E+00 +/- 0.00 % Gg(l=3) ave= 0.000E+00 +/- 0.00 %  % || D(l=0) ave= 1.912E+03 +/- 1.82 % D(l=1) ave= 4.276E+02 +/- 0.00 % D(l=2) ave= 0.000E+00 +/- 0.00 % D(l=3) ave= 0.000E+00 +/- 0.00 %  % || S(l=0) ave= 4.816E-05 +/- 5.32 % S(l=1) ave= 3.478E-04 +/- 5.46 % S(l=2) ave= 0.000E+00 +/- 0.00 % S(l=3) ave= 0.000E+00 +/- 0.00 % 
 ... random file  169 Cap(th)  ave= 1.302E-01 b. +/- 3.73 % || Ela(th) ave= 5.410E+00 b. +/- 5.46 % || RIcap ave= 6.25E+00 b. +/- 2.20 % || Macs30 ave= 6.67E-02 b. +/- 0.75 % || Gn^0(l=0) ave= 8.880E-02 +/- 5.04 % Gn^0(l=1) ave= 3.015E-01 +/- 5.40 % Gn^0(l=2) ave= 0.000E+00 +/- 0.00 % Gn^0(l=3) ave= 0.000E+00 +/- 0.00 % || Gtotal(l=0) ave= 1.468E+01 +/- 5.84 % Gtotal(l=1) ave= 1.739E+00 +/- 3.88 % Gtotal(l=2) ave= 0.000E+00 +/- 0.00 % Gtotal(l=3) ave= 0.000E+00 +/- 0.00 %  % || Gg(l=0) ave= 7.263E-02 +/- 2.40 % Gg(l=1) ave= 9.263E-02 +/- 1.18 % Gg(l=2) ave= 0.000E+00 +/- 0.00 % Gg(l=3) ave= 0.000E+00 +/- 0.00 %  % || D(l=0) ave= 1.912E+03 +/- 1.82 % D(l=1) ave= 4.276E+02 +/- 0.00 % D(l=2) ave= 0.000E+00 +/- 0.00 % D(l=3) ave= 0.000E+00 +/- 0.00 %  % || S(l=0) ave= 4.815E-05 +/- 5.31 % S(l=1) ave= 3.478E-04 +/- 5.45 % S(l=2) ave= 0.000E+00 +/- 0.00 % S(l=3) ave= 0.000E+00 +/- 0.00 % 
 ... random file  170 Cap(th)  ave= 1.302E-01 b. +/- 3.76 % || Ela(th) ave= 5.410E+00 b. +/- 5.45 % || RIcap ave= 6.24E+00 b. +/- 2.21 % || Macs30 ave= 6.67E-02 b. +/- 0.75 % || Gn^0(l=0) ave= 8.875E-02 +/- 5.07 % Gn^0(l=1) ave= 3.015E-01 +/- 5.39 % Gn^0(l=2) ave= 0.000E+00 +/- 0.00 % Gn^0(l=3) ave= 0.000E+00 +/- 0.00 % || Gtotal(l=0) ave= 1.467E+01 +/- 5.89 % Gtotal(l=1) ave= 1.739E+00 +/- 3.88 % Gtotal(l=2) ave= 0.000E+00 +/- 0.00 % Gtotal(l=3) ave= 0.000E+00 +/- 0.00 %  % || Gg(l=0) ave= 7.263E-02 +/- 2.39 % Gg(l=1) ave= 9.263E-02 +/- 1.18 % Gg(l=2) ave= 0.000E+00 +/- 0.00 % Gg(l=3) ave= 0.000E+00 +/- 0.00 %  % || D(l=0) ave= 1.912E+03 +/- 1.82 % D(l=1) ave= 4.276E+02 +/- 0.00 % D(l=2) ave= 0.000E+00 +/- 0.00 % D(l=3) ave= 0.000E+00 +/- 0.00 %  % || S(l=0) ave= 4.812E-05 +/- 5.35 % S(l=1) ave= 3.478E-04 +/- 5.44 % S(l=2) ave= 0.000E+00 +/- 0.00 % S(l=3) ave= 0.000E+00 +/- 0.00 % 
 ... random file  171 Cap(th)  ave= 1.302E-01 b. +/- 3.77 % || Ela(th) ave= 5.409E+00 b. +/- 5.44 % || RIcap ave= 6.25E+00 b. +/- 2.21 % || Macs30 ave= 6.67E-02 b. +/- 0.75 % || Gn^0(l=0) ave= 8.879E-02 +/- 5.07 % Gn^0(l=1) ave= 3.015E-01 +/- 5.37 % Gn^0(l=2) ave= 0.000E+00 +/- 0.00 % Gn^0(l=3) ave= 0.000E+00 +/- 0.00 % || Gtotal(l=0) ave= 1.467E+01 +/- 5.90 % Gtotal(l=1) ave= 1.738E+00 +/- 3.88 % Gtotal(l=2) ave= 0.000E+00 +/- 0.00 % Gtotal(l=3) ave= 0.000E+00 +/- 0.00 %  % || Gg(l=0) ave= 7.262E-02 +/- 2.39 % Gg(l=1) ave= 9.263E-02 +/- 1.18 % Gg(l=2) ave= 0.000E+00 +/- 0.00 % Gg(l=3) ave= 0.000E+00 +/- 0.00 %  % || D(l=0) ave= 1.912E+03 +/- 1.82 % D(l=1) ave= 4.276E+02 +/- 0.00 % D(l=2) ave= 0.000E+00 +/- 0.00 % D(l=3) ave= 0.000E+00 +/- 0.00 %  % || S(l=0) ave= 4.815E-05 +/- 5.37 % S(l=1) ave= 3.478E-04 +/- 5.42 % S(l=2) ave= 0.000E+00 +/- 0.00 % S(l=3) ave= 0.000E+00 +/- 0.00 % 
 ... random file  172 Cap(th)  ave= 1.302E-01 b. +/- 3.77 % || Ela(th) ave= 5.410E+00 b. +/- 5.43 % || RIcap ave= 6.25E+00 b. +/- 2.24 % || Macs30 ave= 6.67E-02 b. +/- 0.74 % || Gn^0(l=0) ave= 8.875E-02 +/- 5.09 % Gn^0(l=1) ave= 3.014E-01 +/- 5.36 % Gn^0(l=2) ave= 0.000E+00 +/- 0.00 % Gn^0(l=3) ave= 0.000E+00 +/- 0.00 % || Gtotal(l=0) ave= 1.466E+01 +/- 5.93 % Gtotal(l=1) ave= 1.738E+00 +/- 3.87 % Gtotal(l=2) ave= 0.000E+00 +/- 0.00 % Gtotal(l=3) ave= 0.000E+00 +/- 0.00 %  % || Gg(l=0) ave= 7.261E-02 +/- 2.39 % Gg(l=1) ave= 9.264E-02 +/- 1.17 % Gg(l=2) ave= 0.000E+00 +/- 0.00 % Gg(l=3) ave= 0.000E+00 +/- 0.00 %  % || D(l=0) ave= 1.912E+03 +/- 1.82 % D(l=1) ave= 4.276E+02 +/- 0.00 % D(l=2) ave= 0.000E+00 +/- 0.00 % D(l=3) ave= 0.000E+00 +/- 0.00 %  % || S(l=0) ave= 4.812E-05 +/- 5.41 % S(l=1) ave= 3.478E-04 +/- 5.42 % S(l=2) ave= 0.000E+00 +/- 0.00 % S(l=3) ave= 0.000E+00 +/- 0.00 % 
 ... random file  173 Cap(th)  ave= 1.302E-01 b. +/- 3.76 % || Ela(th) ave= 5.413E+00 b. +/- 5.46 % || RIcap ave= 6.25E+00 b. +/- 2.29 % || Macs30 ave= 6.67E-02 b. +/- 0.75 % || Gn^0(l=0) ave= 8.875E-02 +/- 5.08 % Gn^0(l=1) ave= 3.012E-01 +/- 5.42 % Gn^0(l=2) ave= 0.000E+00 +/- 0.00 % Gn^0(l=3) ave= 0.000E+00 +/- 0.00 % || Gtotal(l=0) ave= 1.466E+01 +/- 5.91 % Gtotal(l=1) ave= 1.738E+00 +/- 3.87 % Gtotal(l=2) ave= 0.000E+00 +/- 0.00 % Gtotal(l=3) ave= 0.000E+00 +/- 0.00 %  % || Gg(l=0) ave= 7.260E-02 +/- 2.40 % Gg(l=1) ave= 9.265E-02 +/- 1.19 % Gg(l=2) ave= 0.000E+00 +/- 0.00 % Gg(l=3) ave= 0.000E+00 +/- 0.00 %  % || D(l=0) ave= 1.912E+03 +/- 1.82 % D(l=1) ave= 4.276E+02 +/- 0.00 % D(l=2) ave= 0.000E+00 +/- 0.00 % D(l=3) ave= 0.000E+00 +/- 0.00 %  % || S(l=0) ave= 4.812E-05 +/- 5.39 % S(l=1) ave= 3.475E-04 +/- 5.47 % S(l=2) ave= 0.000E+00 +/- 0.00 % S(l=3) ave= 0.000E+00 +/- 0.00 % 
 ... random file  174 Cap(th)  ave= 1.301E-01 b. +/- 3.76 % || Ela(th) ave= 5.415E+00 b. +/- 5.46 % || RIcap ave= 6.25E+00 b. +/- 2.29 % || Macs30 ave= 6.67E-02 b. +/- 0.75 % || Gn^0(l=0) ave= 8.873E-02 +/- 5.07 % Gn^0(l=1) ave= 3.011E-01 +/- 5.42 % Gn^0(l=2) ave= 0.000E+00 +/- 0.00 % Gn^0(l=3) ave= 0.000E+00 +/- 0.00 % || Gtotal(l=0) ave= 1.466E+01 +/- 5.89 % Gtotal(l=1) ave= 1.738E+00 +/- 3.87 % Gtotal(l=2) ave= 0.000E+00 +/- 0.00 % Gtotal(l=3) ave= 0.000E+00 +/- 0.00 %  % || Gg(l=0) ave= 7.258E-02 +/- 2.40 % Gg(l=1) ave= 9.265E-02 +/- 1.19 % Gg(l=2) ave= 0.000E+00 +/- 0.00 % Gg(l=3) ave= 0.000E+00 +/- 0.00 %  % || D(l=0) ave= 1.912E+03 +/- 1.82 % D(l=1) ave= 4.276E+02 +/- 0.00 % D(l=2) ave= 0.000E+00 +/- 0.00 % D(l=3) ave= 0.000E+00 +/- 0.00 %  % || S(l=0) ave= 4.812E-05 +/- 5.38 % S(l=1) ave= 3.475E-04 +/- 5.46 % S(l=2) ave= 0.000E+00 +/- 0.00 % S(l=3) ave= 0.000E+00 +/- 0.00 % 
 ... random file  175 Cap(th)  ave= 1.302E-01 b. +/- 3.75 % || Ela(th) ave= 5.418E+00 b. +/- 5.50 % || RIcap ave= 6.25E+00 b. +/- 2.30 % || Macs30 ave= 6.67E-02 b. +/- 0.75 % || Gn^0(l=0) ave= 8.871E-02 +/- 5.07 % Gn^0(l=1) ave= 3.010E-01 +/- 5.44 % Gn^0(l=2) ave= 0.000E+00 +/- 0.00 % Gn^0(l=3) ave= 0.000E+00 +/- 0.00 % || Gtotal(l=0) ave= 1.466E+01 +/- 5.90 % Gtotal(l=1) ave= 1.737E+00 +/- 3.89 % Gtotal(l=2) ave= 0.000E+00 +/- 0.00 % Gtotal(l=3) ave= 0.000E+00 +/- 0.00 %  % || Gg(l=0) ave= 7.257E-02 +/- 2.41 % Gg(l=1) ave= 9.265E-02 +/- 1.18 % Gg(l=2) ave= 0.000E+00 +/- 0.00 % Gg(l=3) ave= 0.000E+00 +/- 0.00 %  % || D(l=0) ave= 1.912E+03 +/- 1.82 % D(l=1) ave= 4.276E+02 +/- 0.00 % D(l=2) ave= 0.000E+00 +/- 0.00 % D(l=3) ave= 0.000E+00 +/- 0.00 %  % || S(l=0) ave= 4.811E-05 +/- 5.38 % S(l=1) ave= 3.473E-04 +/- 5.48 % S(l=2) ave= 0.000E+00 +/- 0.00 % S(l=3) ave= 0.000E+00 +/- 0.00 % 
 ... random file  176 Cap(th)  ave= 1.301E-01 b. +/- 3.75 % || Ela(th) ave= 5.416E+00 b. +/- 5.51 % || RIcap ave= 6.25E+00 b. +/- 2.32 % || Macs30 ave= 6.67E-02 b. +/- 0.75 % || Gn^0(l=0) ave= 8.870E-02 +/- 5.06 % Gn^0(l=1) ave= 3.012E-01 +/- 5.47 % Gn^0(l=2) ave= 0.000E+00 +/- 0.00 % Gn^0(l=3) ave= 0.000E+00 +/- 0.00 % || Gtotal(l=0) ave= 1.465E+01 +/- 5.89 % Gtotal(l=1) ave= 1.737E+00 +/- 3.90 % Gtotal(l=2) ave= 0.000E+00 +/- 0.00 % Gtotal(l=3) ave= 0.000E+00 +/- 0.00 %  % || Gg(l=0) ave= 7.257E-02 +/- 2.40 % Gg(l=1) ave= 9.265E-02 +/- 1.18 % Gg(l=2) ave= 0.000E+00 +/- 0.00 % Gg(l=3) ave= 0.000E+00 +/- 0.00 %  % || D(l=0) ave= 1.912E+03 +/- 1.82 % D(l=1) ave= 4.276E+02 +/- 0.00 % D(l=2) ave= 0.000E+00 +/- 0.00 % D(l=3) ave= 0.000E+00 +/- 0.00 %  % || S(l=0) ave= 4.809E-05 +/- 5.38 % S(l=1) ave= 3.475E-04 +/- 5.50 % S(l=2) ave= 0.000E+00 +/- 0.00 % S(l=3) ave= 0.000E+00 +/- 0.00 % 
 ... random file  177 Cap(th)  ave= 1.302E-01 b. +/- 3.75 % || Ela(th) ave= 5.415E+00 b. +/- 5.50 % || RIcap ave= 6.25E+00 b. +/- 2.31 % || Macs30 ave= 6.67E-02 b. +/- 0.75 % || Gn^0(l=0) ave= 8.871E-02 +/- 5.04 % Gn^0(l=1) ave= 3.012E-01 +/- 5.46 % Gn^0(l=2) ave= 0.000E+00 +/- 0.00 % Gn^0(l=3) ave= 0.000E+00 +/- 0.00 % || Gtotal(l=0) ave= 1.466E+01 +/- 5.87 % Gtotal(l=1) ave= 1.737E+00 +/- 3.89 % Gtotal(l=2) ave= 0.000E+00 +/- 0.00 % Gtotal(l=3) ave= 0.000E+00 +/- 0.00 %  % || Gg(l=0) ave= 7.257E-02 +/- 2.40 % Gg(l=1) ave= 9.265E-02 +/- 1.18 % Gg(l=2) ave= 0.000E+00 +/- 0.00 % Gg(l=3) ave= 0.000E+00 +/- 0.00 %  % || D(l=0) ave= 1.912E+03 +/- 1.82 % D(l=1) ave= 4.276E+02 +/- 0.00 % D(l=2) ave= 0.000E+00 +/- 0.00 % D(l=3) ave= 0.000E+00 +/- 0.00 %  % || S(l=0) ave= 4.810E-05 +/- 5.37 % S(l=1) ave= 3.476E-04 +/- 5.50 % S(l=2) ave= 0.000E+00 +/- 0.00 % S(l=3) ave= 0.000E+00 +/- 0.00 % 
 ... random file  178 Cap(th)  ave= 1.302E-01 b. +/- 3.74 % || Ela(th) ave= 5.413E+00 b. +/- 5.50 % || RIcap ave= 6.25E+00 b. +/- 2.30 % || Macs30 ave= 6.67E-02 b. +/- 0.75 % || Gn^0(l=0) ave= 8.869E-02 +/- 5.04 % Gn^0(l=1) ave= 3.014E-01 +/- 5.47 % Gn^0(l=2) ave= 0.000E+00 +/- 0.00 % Gn^0(l=3) ave= 0.000E+00 +/- 0.00 % || Gtotal(l=0) ave= 1.465E+01 +/- 5.86 % Gtotal(l=1) ave= 1.738E+00 +/- 3.88 % Gtotal(l=2) ave= 0.000E+00 +/- 0.00 % Gtotal(l=3) ave= 0.000E+00 +/- 0.00 %  % || Gg(l=0) ave= 7.257E-02 +/- 2.39 % Gg(l=1) ave= 9.265E-02 +/- 1.18 % Gg(l=2) ave= 0.000E+00 +/- 0.00 % Gg(l=3) ave= 0.000E+00 +/- 0.00 %  % || D(l=0) ave= 1.912E+03 +/- 1.82 % D(l=1) ave= 4.276E+02 +/- 0.00 % D(l=2) ave= 0.000E+00 +/- 0.00 % D(l=3) ave= 0.000E+00 +/- 0.00 %  % || S(l=0) ave= 4.810E-05 +/- 5.36 % S(l=1) ave= 3.477E-04 +/- 5.51 % S(l=2) ave= 0.000E+00 +/- 0.00 % S(l=3) ave= 0.000E+00 +/- 0.00 % 
 ... random file  179 Cap(th)  ave= 1.301E-01 b. +/- 3.74 % || Ela(th) ave= 5.412E+00 b. +/- 5.49 % || RIcap ave= 6.25E+00 b. +/- 2.30 % || Macs30 ave= 6.67E-02 b. +/- 0.75 % || Gn^0(l=0) ave= 8.868E-02 +/- 5.03 % Gn^0(l=1) ave= 3.014E-01 +/- 5.47 % Gn^0(l=2) ave= 0.000E+00 +/- 0.00 % Gn^0(l=3) ave= 0.000E+00 +/- 0.00 % || Gtotal(l=0) ave= 1.465E+01 +/- 5.86 % Gtotal(l=1) ave= 1.738E+00 +/- 3.87 % Gtotal(l=2) ave= 0.000E+00 +/- 0.00 % Gtotal(l=3) ave= 0.000E+00 +/- 0.00 %  % || Gg(l=0) ave= 7.256E-02 +/- 2.39 % Gg(l=1) ave= 9.264E-02 +/- 1.19 % Gg(l=2) ave= 0.000E+00 +/- 0.00 % Gg(l=3) ave= 0.000E+00 +/- 0.00 %  % || D(l=0) ave= 1.912E+03 +/- 1.82 % D(l=1) ave= 4.276E+02 +/- 0.00 % D(l=2) ave= 0.000E+00 +/- 0.00 % D(l=3) ave= 0.000E+00 +/- 0.00 %  % || S(l=0) ave= 4.809E-05 +/- 5.35 % S(l=1) ave= 3.478E-04 +/- 5.51 % S(l=2) ave= 0.000E+00 +/- 0.00 % S(l=3) ave= 0.000E+00 +/- 0.00 % 
 ... random file  180 Cap(th)  ave= 1.301E-01 b. +/- 3.73 % || Ela(th) ave= 5.412E+00 b. +/- 5.47 % || RIcap ave= 6.25E+00 b. +/- 2.30 % || Macs30 ave= 6.67E-02 b. +/- 0.76 % || Gn^0(l=0) ave= 8.866E-02 +/- 5.02 % Gn^0(l=1) ave= 3.015E-01 +/- 5.46 % Gn^0(l=2) ave= 0.000E+00 +/- 0.00 % Gn^0(l=3) ave= 0.000E+00 +/- 0.00 % || Gtotal(l=0) ave= 1.465E+01 +/- 5.85 % Gtotal(l=1) ave= 1.737E+00 +/- 3.86 % Gtotal(l=2) ave= 0.000E+00 +/- 0.00 % Gtotal(l=3) ave= 0.000E+00 +/- 0.00 %  % || Gg(l=0) ave= 7.257E-02 +/- 2.39 % Gg(l=1) ave= 9.264E-02 +/- 1.19 % Gg(l=2) ave= 0.000E+00 +/- 0.00 % Gg(l=3) ave= 0.000E+00 +/- 0.00 %  % || D(l=0) ave= 1.912E+03 +/- 1.82 % D(l=1) ave= 4.276E+02 +/- 0.00 % D(l=2) ave= 0.000E+00 +/- 0.00 % D(l=3) ave= 0.000E+00 +/- 0.00 %  % || S(l=0) ave= 4.807E-05 +/- 5.35 % S(l=1) ave= 3.479E-04 +/- 5.50 % S(l=2) ave= 0.000E+00 +/- 0.00 % S(l=3) ave= 0.000E+00 +/- 0.00 % 
 ... random file  181 Cap(th)  ave= 1.301E-01 b. +/- 3.72 % || Ela(th) ave= 5.410E+00 b. +/- 5.49 % || RIcap ave= 6.25E+00 b. +/- 2.29 % || Macs30 ave= 6.67E-02 b. +/- 0.75 % || Gn^0(l=0) ave= 8.868E-02 +/- 5.01 % Gn^0(l=1) ave= 3.016E-01 +/- 5.49 % Gn^0(l=2) ave= 0.000E+00 +/- 0.00 % Gn^0(l=3) ave= 0.000E+00 +/- 0.00 % || Gtotal(l=0) ave= 1.465E+01 +/- 5.84 % Gtotal(l=1) ave= 1.738E+00 +/- 3.86 % Gtotal(l=2) ave= 0.000E+00 +/- 0.00 % Gtotal(l=3) ave= 0.000E+00 +/- 0.00 %  % || Gg(l=0) ave= 7.256E-02 +/- 2.38 % Gg(l=1) ave= 9.263E-02 +/- 1.19 % Gg(l=2) ave= 0.000E+00 +/- 0.00 % Gg(l=3) ave= 0.000E+00 +/- 0.00 %  % || D(l=0) ave= 1.912E+03 +/- 1.82 % D(l=1) ave= 4.276E+02 +/- 0.00 % D(l=2) ave= 0.000E+00 +/- 0.00 % D(l=3) ave= 0.000E+00 +/- 0.00 %  % || S(l=0) ave= 4.808E-05 +/- 5.34 % S(l=1) ave= 3.481E-04 +/- 5.54 % S(l=2) ave= 0.000E+00 +/- 0.00 % S(l=3) ave= 0.000E+00 +/- 0.00 % 
 ... random file  182 Cap(th)  ave= 1.301E-01 b. +/- 3.71 % || Ela(th) ave= 5.411E+00 b. +/- 5.49 % || RIcap ave= 6.24E+00 b. +/- 2.30 % || Macs30 ave= 6.67E-02 b. +/- 0.76 % || Gn^0(l=0) ave= 8.868E-02 +/- 5.00 % Gn^0(l=1) ave= 3.015E-01 +/- 5.52 % Gn^0(l=2) ave= 0.000E+00 +/- 0.00 % Gn^0(l=3) ave= 0.000E+00 +/- 0.00 % || Gtotal(l=0) ave= 1.465E+01 +/- 5.82 % Gtotal(l=1) ave= 1.737E+00 +/- 3.88 % Gtotal(l=2) ave= 0.000E+00 +/- 0.00 % Gtotal(l=3) ave= 0.000E+00 +/- 0.00 %  % || Gg(l=0) ave= 7.257E-02 +/- 2.38 % Gg(l=1) ave= 9.264E-02 +/- 1.20 % Gg(l=2) ave= 0.000E+00 +/- 0.00 % Gg(l=3) ave= 0.000E+00 +/- 0.00 %  % || D(l=0) ave= 1.912E+03 +/- 1.82 % D(l=1) ave= 4.276E+02 +/- 0.00 % D(l=2) ave= 0.000E+00 +/- 0.00 % D(l=3) ave= 0.000E+00 +/- 0.00 %  % || S(l=0) ave= 4.807E-05 +/- 5.33 % S(l=1) ave= 3.480E-04 +/- 5.58 % S(l=2) ave= 0.000E+00 +/- 0.00 % S(l=3) ave= 0.000E+00 +/- 0.00 % 
 ... random file  183 Cap(th)  ave= 1.302E-01 b. +/- 3.71 % || Ela(th) ave= 5.413E+00 b. +/- 5.48 % || RIcap ave= 6.25E+00 b. +/- 2.29 % || Macs30 ave= 6.67E-02 b. +/- 0.76 % || Gn^0(l=0) ave= 8.868E-02 +/- 4.99 % Gn^0(l=1) ave= 3.014E-01 +/- 5.52 % Gn^0(l=2) ave= 0.000E+00 +/- 0.00 % Gn^0(l=3) ave= 0.000E+00 +/- 0.00 % || Gtotal(l=0) ave= 1.465E+01 +/- 5.81 % Gtotal(l=1) ave= 1.738E+00 +/- 3.87 % Gtotal(l=2) ave= 0.000E+00 +/- 0.00 % Gtotal(l=3) ave= 0.000E+00 +/- 0.00 %  % || Gg(l=0) ave= 7.257E-02 +/- 2.37 % Gg(l=1) ave= 9.265E-02 +/- 1.20 % Gg(l=2) ave= 0.000E+00 +/- 0.00 % Gg(l=3) ave= 0.000E+00 +/- 0.00 %  % || D(l=0) ave= 1.912E+03 +/- 1.82 % D(l=1) ave= 4.276E+02 +/- 0.00 % D(l=2) ave= 0.000E+00 +/- 0.00 % D(l=3) ave= 0.000E+00 +/- 0.00 %  % || S(l=0) ave= 4.807E-05 +/- 5.31 % S(l=1) ave= 3.479E-04 +/- 5.58 % S(l=2) ave= 0.000E+00 +/- 0.00 % S(l=3) ave= 0.000E+00 +/- 0.00 % 
 ... random file  184 Cap(th)  ave= 1.301E-01 b. +/- 3.70 % || Ela(th) ave= 5.414E+00 b. +/- 5.48 % || RIcap ave= 6.24E+00 b. +/- 2.29 % || Macs30 ave= 6.67E-02 b. +/- 0.76 % || Gn^0(l=0) ave= 8.869E-02 +/- 4.98 % Gn^0(l=1) ave= 3.013E-01 +/- 5.53 % Gn^0(l=2) ave= 0.000E+00 +/- 0.00 % Gn^0(l=3) ave= 0.000E+00 +/- 0.00 % || Gtotal(l=0) ave= 1.465E+01 +/- 5.80 % Gtotal(l=1) ave= 1.737E+00 +/- 3.86 % Gtotal(l=2) ave= 0.000E+00 +/- 0.00 % Gtotal(l=3) ave= 0.000E+00 +/- 0.00 %  % || Gg(l=0) ave= 7.257E-02 +/- 2.36 % Gg(l=1) ave= 9.265E-02 +/- 1.19 % Gg(l=2) ave= 0.000E+00 +/- 0.00 % Gg(l=3) ave= 0.000E+00 +/- 0.00 %  % || D(l=0) ave= 1.912E+03 +/- 1.82 % D(l=1) ave= 4.276E+02 +/- 0.00 % D(l=2) ave= 0.000E+00 +/- 0.00 % D(l=3) ave= 0.000E+00 +/- 0.00 %  % || S(l=0) ave= 4.808E-05 +/- 5.30 % S(l=1) ave= 3.477E-04 +/- 5.59 % S(l=2) ave= 0.000E+00 +/- 0.00 % S(l=3) ave= 0.000E+00 +/- 0.00 % 
 ... random file  185 Cap(th)  ave= 1.301E-01 b. +/- 3.70 % || Ela(th) ave= 5.418E+00 b. +/- 5.53 % || RIcap ave= 6.24E+00 b. +/- 2.28 % || Macs30 ave= 6.67E-02 b. +/- 0.75 % || Gn^0(l=0) ave= 8.869E-02 +/- 4.96 % Gn^0(l=1) ave= 3.011E-01 +/- 5.61 % Gn^0(l=2) ave= 0.000E+00 +/- 0.00 % Gn^0(l=3) ave= 0.000E+00 +/- 0.00 % || Gtotal(l=0) ave= 1.465E+01 +/- 5.78 % Gtotal(l=1) ave= 1.737E+00 +/- 3.86 % Gtotal(l=2) ave= 0.000E+00 +/- 0.00 % Gtotal(l=3) ave= 0.000E+00 +/- 0.00 %  % || Gg(l=0) ave= 7.257E-02 +/- 2.36 % Gg(l=1) ave= 9.265E-02 +/- 1.19 % Gg(l=2) ave= 0.000E+00 +/- 0.00 % Gg(l=3) ave= 0.000E+00 +/- 0.00 %  % || D(l=0) ave= 1.913E+03 +/- 1.82 % D(l=1) ave= 4.276E+02 +/- 0.00 % D(l=2) ave= 0.000E+00 +/- 0.00 % D(l=3) ave= 0.000E+00 +/- 0.00 %  % || S(l=0) ave= 4.807E-05 +/- 5.29 % S(l=1) ave= 3.475E-04 +/- 5.67 % S(l=2) ave= 0.000E+00 +/- 0.00 % S(l=3) ave= 0.000E+00 +/- 0.00 % 
 ... random file  186 Cap(th)  ave= 1.302E-01 b. +/- 3.69 % || Ela(th) ave= 5.418E+00 b. +/- 5.51 % || RIcap ave= 6.24E+00 b. +/- 2.27 % || Macs30 ave= 6.67E-02 b. +/- 0.75 % || Gn^0(l=0) ave= 8.870E-02 +/- 4.95 % Gn^0(l=1) ave= 3.012E-01 +/- 5.64 % Gn^0(l=2) ave= 0.000E+00 +/- 0.00 % Gn^0(l=3) ave= 0.000E+00 +/- 0.00 % || Gtotal(l=0) ave= 1.465E+01 +/- 5.78 % Gtotal(l=1) ave= 1.738E+00 +/- 3.88 % Gtotal(l=2) ave= 0.000E+00 +/- 0.00 % Gtotal(l=3) ave= 0.000E+00 +/- 0.00 %  % || Gg(l=0) ave= 7.258E-02 +/- 2.35 % Gg(l=1) ave= 9.265E-02 +/- 1.19 % Gg(l=2) ave= 0.000E+00 +/- 0.00 % Gg(l=3) ave= 0.000E+00 +/- 0.00 %  % || D(l=0) ave= 1.912E+03 +/- 1.82 % D(l=1) ave= 4.276E+02 +/- 0.00 % D(l=2) ave= 0.000E+00 +/- 0.00 % D(l=3) ave= 0.000E+00 +/- 0.00 %  % || S(l=0) ave= 4.808E-05 +/- 5.28 % S(l=1) ave= 3.477E-04 +/- 5.72 % S(l=2) ave= 0.000E+00 +/- 0.00 % S(l=3) ave= 0.000E+00 +/- 0.00 % 
 ... random file  187 Cap(th)  ave= 1.302E-01 b. +/- 3.68 % || Ela(th) ave= 5.420E+00 b. +/- 5.54 % || RIcap ave= 6.25E+00 b. +/- 2.27 % || Macs30 ave= 6.67E-02 b. +/- 0.76 % || Gn^0(l=0) ave= 8.874E-02 +/- 4.97 % Gn^0(l=1) ave= 3.011E-01 +/- 5.65 % Gn^0(l=2) ave= 0.000E+00 +/- 0.00 % Gn^0(l=3) ave= 0.000E+00 +/- 0.00 % || Gtotal(l=0) ave= 1.466E+01 +/- 5.78 % Gtotal(l=1) ave= 1.738E+00 +/- 3.87 % Gtotal(l=2) ave= 0.000E+00 +/- 0.00 % Gtotal(l=3) ave= 0.000E+00 +/- 0.00 %  % || Gg(l=0) ave= 7.258E-02 +/- 2.35 % Gg(l=1) ave= 9.265E-02 +/- 1.19 % Gg(l=2) ave= 0.000E+00 +/- 0.00 % Gg(l=3) ave= 0.000E+00 +/- 0.00 %  % || D(l=0) ave= 1.913E+03 +/- 1.82 % D(l=1) ave= 4.276E+02 +/- 0.00 % D(l=2) ave= 0.000E+00 +/- 0.00 % D(l=3) ave= 0.000E+00 +/- 0.00 %  % || S(l=0) ave= 4.810E-05 +/- 5.28 % S(l=1) ave= 3.475E-04 +/- 5.72 % S(l=2) ave= 0.000E+00 +/- 0.00 % S(l=3) ave= 0.000E+00 +/- 0.00 % 
 ... random file  188 Cap(th)  ave= 1.302E-01 b. +/- 3.67 % || Ela(th) ave= 5.419E+00 b. +/- 5.54 % || RIcap ave= 6.25E+00 b. +/- 2.26 % || Macs30 ave= 6.67E-02 b. +/- 0.76 % || Gn^0(l=0) ave= 8.873E-02 +/- 4.96 % Gn^0(l=1) ave= 3.012E-01 +/- 5.64 % Gn^0(l=2) ave= 0.000E+00 +/- 0.00 % Gn^0(l=3) ave= 0.000E+00 +/- 0.00 % || Gtotal(l=0) ave= 1.466E+01 +/- 5.78 % Gtotal(l=1) ave= 1.738E+00 +/- 3.87 % Gtotal(l=2) ave= 0.000E+00 +/- 0.00 % Gtotal(l=3) ave= 0.000E+00 +/- 0.00 %  % || Gg(l=0) ave= 7.259E-02 +/- 2.35 % Gg(l=1) ave= 9.265E-02 +/- 1.18 % Gg(l=2) ave= 0.000E+00 +/- 0.00 % Gg(l=3) ave= 0.000E+00 +/- 0.00 %  % || D(l=0) ave= 1.912E+03 +/- 1.82 % D(l=1) ave= 4.276E+02 +/- 0.00 % D(l=2) ave= 0.000E+00 +/- 0.00 % D(l=3) ave= 0.000E+00 +/- 0.00 %  % || S(l=0) ave= 4.810E-05 +/- 5.27 % S(l=1) ave= 3.476E-04 +/- 5.71 % S(l=2) ave= 0.000E+00 +/- 0.00 % S(l=3) ave= 0.000E+00 +/- 0.00 % 
 ... random file  189 Cap(th)  ave= 1.302E-01 b. +/- 3.66 % || Ela(th) ave= 5.420E+00 b. +/- 5.52 % || RIcap ave= 6.25E+00 b. +/- 2.27 % || Macs30 ave= 6.67E-02 b. +/- 0.75 % || Gn^0(l=0) ave= 8.877E-02 +/- 4.99 % Gn^0(l=1) ave= 3.011E-01 +/- 5.63 % Gn^0(l=2) ave= 0.000E+00 +/- 0.00 % Gn^0(l=3) ave= 0.000E+00 +/- 0.00 % || Gtotal(l=0) ave= 1.466E+01 +/- 5.81 % Gtotal(l=1) ave= 1.738E+00 +/- 3.87 % Gtotal(l=2) ave= 0.000E+00 +/- 0.00 % Gtotal(l=3) ave= 0.000E+00 +/- 0.00 %  % || Gg(l=0) ave= 7.259E-02 +/- 2.34 % Gg(l=1) ave= 9.265E-02 +/- 1.18 % Gg(l=2) ave= 0.000E+00 +/- 0.00 % Gg(l=3) ave= 0.000E+00 +/- 0.00 %  % || D(l=0) ave= 1.912E+03 +/- 1.82 % D(l=1) ave= 4.276E+02 +/- 0.00 % D(l=2) ave= 0.000E+00 +/- 0.00 % D(l=3) ave= 0.000E+00 +/- 0.00 %  % || S(l=0) ave= 4.812E-05 +/- 5.31 % S(l=1) ave= 3.476E-04 +/- 5.70 % S(l=2) ave= 0.000E+00 +/- 0.00 % S(l=3) ave= 0.000E+00 +/- 0.00 % 
 ... random file  190 Cap(th)  ave= 1.302E-01 b. +/- 3.65 % || Ela(th) ave= 5.420E+00 b. +/- 5.51 % || RIcap ave= 6.25E+00 b. +/- 2.27 % || Macs30 ave= 6.67E-02 b. +/- 0.75 % || Gn^0(l=0) ave= 8.874E-02 +/- 4.99 % Gn^0(l=1) ave= 3.011E-01 +/- 5.62 % Gn^0(l=2) ave= 0.000E+00 +/- 0.00 % Gn^0(l=3) ave= 0.000E+00 +/- 0.00 % || Gtotal(l=0) ave= 1.466E+01 +/- 5.84 % Gtotal(l=1) ave= 1.738E+00 +/- 3.88 % Gtotal(l=2) ave= 0.000E+00 +/- 0.00 % Gtotal(l=3) ave= 0.000E+00 +/- 0.00 %  % || Gg(l=0) ave= 7.258E-02 +/- 2.34 % Gg(l=1) ave= 9.265E-02 +/- 1.18 % Gg(l=2) ave= 0.000E+00 +/- 0.00 % Gg(l=3) ave= 0.000E+00 +/- 0.00 %  % || D(l=0) ave= 1.912E+03 +/- 1.82 % D(l=1) ave= 4.276E+02 +/- 0.00 % D(l=2) ave= 0.000E+00 +/- 0.00 % D(l=3) ave= 0.000E+00 +/- 0.00 %  % || S(l=0) ave= 4.811E-05 +/- 5.33 % S(l=1) ave= 3.475E-04 +/- 5.69 % S(l=2) ave= 0.000E+00 +/- 0.00 % S(l=3) ave= 0.000E+00 +/- 0.00 % 
 ... random file  191 Cap(th)  ave= 1.302E-01 b. +/- 3.68 % || Ela(th) ave= 5.420E+00 b. +/- 5.50 % || RIcap ave= 6.25E+00 b. +/- 2.29 % || Macs30 ave= 6.67E-02 b. +/- 0.75 % || Gn^0(l=0) ave= 8.877E-02 +/- 5.00 % Gn^0(l=1) ave= 3.010E-01 +/- 5.62 % Gn^0(l=2) ave= 0.000E+00 +/- 0.00 % Gn^0(l=3) ave= 0.000E+00 +/- 0.00 % || Gtotal(l=0) ave= 1.466E+01 +/- 5.83 % Gtotal(l=1) ave= 1.737E+00 +/- 3.88 % Gtotal(l=2) ave= 0.000E+00 +/- 0.00 % Gtotal(l=3) ave= 0.000E+00 +/- 0.00 %  % || Gg(l=0) ave= 7.258E-02 +/- 2.34 % Gg(l=1) ave= 9.265E-02 +/- 1.18 % Gg(l=2) ave= 0.000E+00 +/- 0.00 % Gg(l=3) ave= 0.000E+00 +/- 0.00 %  % || D(l=0) ave= 1.913E+03 +/- 1.82 % D(l=1) ave= 4.276E+02 +/- 0.00 % D(l=2) ave= 0.000E+00 +/- 0.00 % D(l=3) ave= 0.000E+00 +/- 0.00 %  % || S(l=0) ave= 4.812E-05 +/- 5.32 % S(l=1) ave= 3.474E-04 +/- 5.69 % S(l=2) ave= 0.000E+00 +/- 0.00 % S(l=3) ave= 0.000E+00 +/- 0.00 % 
 ... random file  192 Cap(th)  ave= 1.302E-01 b. +/- 3.67 % || Ela(th) ave= 5.421E+00 b. +/- 5.49 % || RIcap ave= 6.25E+00 b. +/- 2.28 % || Macs30 ave= 6.67E-02 b. +/- 0.75 % || Gn^0(l=0) ave= 8.874E-02 +/- 5.02 % Gn^0(l=1) ave= 3.009E-01 +/- 5.62 % Gn^0(l=2) ave= 0.000E+00 +/- 0.00 % Gn^0(l=3) ave= 0.000E+00 +/- 0.00 % || Gtotal(l=0) ave= 1.465E+01 +/- 5.87 % Gtotal(l=1) ave= 1.738E+00 +/- 3.87 % Gtotal(l=2) ave= 0.000E+00 +/- 0.00 % Gtotal(l=3) ave= 0.000E+00 +/- 0.00 %  % || Gg(l=0) ave= 7.257E-02 +/- 2.34 % Gg(l=1) ave= 9.267E-02 +/- 1.21 % Gg(l=2) ave= 0.000E+00 +/- 0.00 % Gg(l=3) ave= 0.000E+00 +/- 0.00 %  % || D(l=0) ave= 1.913E+03 +/- 1.82 % D(l=1) ave= 4.276E+02 +/- 0.00 % D(l=2) ave= 0.000E+00 +/- 0.00 % D(l=3) ave= 0.000E+00 +/- 0.00 %  % || S(l=0) ave= 4.809E-05 +/- 5.35 % S(l=1) ave= 3.473E-04 +/- 5.69 % S(l=2) ave= 0.000E+00 +/- 0.00 % S(l=3) ave= 0.000E+00 +/- 0.00 % 
 ... random file  193 Cap(th)  ave= 1.302E-01 b. +/- 3.66 % || Ela(th) ave= 5.421E+00 b. +/- 5.48 % || RIcap ave= 6.25E+00 b. +/- 2.30 % || Macs30 ave= 6.67E-02 b. +/- 0.75 % || Gn^0(l=0) ave= 8.874E-02 +/- 5.01 % Gn^0(l=1) ave= 3.009E-01 +/- 5.60 % Gn^0(l=2) ave= 0.000E+00 +/- 0.00 % Gn^0(l=3) ave= 0.000E+00 +/- 0.00 % || Gtotal(l=0) ave= 1.465E+01 +/- 5.86 % Gtotal(l=1) ave= 1.738E+00 +/- 3.86 % Gtotal(l=2) ave= 0.000E+00 +/- 0.00 % Gtotal(l=3) ave= 0.000E+00 +/- 0.00 %  % || Gg(l=0) ave= 7.257E-02 +/- 2.34 % Gg(l=1) ave= 9.267E-02 +/- 1.20 % Gg(l=2) ave= 0.000E+00 +/- 0.00 % Gg(l=3) ave= 0.000E+00 +/- 0.00 %  % || D(l=0) ave= 1.913E+03 +/- 1.82 % D(l=1) ave= 4.276E+02 +/- 0.00 % D(l=2) ave= 0.000E+00 +/- 0.00 % D(l=3) ave= 0.000E+00 +/- 0.00 %  % || S(l=0) ave= 4.809E-05 +/- 5.34 % S(l=1) ave= 3.474E-04 +/- 5.68 % S(l=2) ave= 0.000E+00 +/- 0.00 % S(l=3) ave= 0.000E+00 +/- 0.00 % 
 ... random file  194 Cap(th)  ave= 1.302E-01 b. +/- 3.65 % || Ela(th) ave= 5.421E+00 b. +/- 5.47 % || RIcap ave= 6.24E+00 b. +/- 2.32 % || Macs30 ave= 6.67E-02 b. +/- 0.75 % || Gn^0(l=0) ave= 8.874E-02 +/- 5.00 % Gn^0(l=1) ave= 3.010E-01 +/- 5.59 % Gn^0(l=2) ave= 0.000E+00 +/- 0.00 % Gn^0(l=3) ave= 0.000E+00 +/- 0.00 % || Gtotal(l=0) ave= 1.465E+01 +/- 5.84 % Gtotal(l=1) ave= 1.738E+00 +/- 3.86 % Gtotal(l=2) ave= 0.000E+00 +/- 0.00 % Gtotal(l=3) ave= 0.000E+00 +/- 0.00 %  % || Gg(l=0) ave= 7.257E-02 +/- 2.33 % Gg(l=1) ave= 9.267E-02 +/- 1.20 % Gg(l=2) ave= 0.000E+00 +/- 0.00 % Gg(l=3) ave= 0.000E+00 +/- 0.00 %  % || D(l=0) ave= 1.913E+03 +/- 1.82 % D(l=1) ave= 4.276E+02 +/- 0.00 % D(l=2) ave= 0.000E+00 +/- 0.00 % D(l=3) ave= 0.000E+00 +/- 0.00 %  % || S(l=0) ave= 4.809E-05 +/- 5.33 % S(l=1) ave= 3.474E-04 +/- 5.66 % S(l=2) ave= 0.000E+00 +/- 0.00 % S(l=3) ave= 0.000E+00 +/- 0.00 % 
 ... random file  195 Cap(th)  ave= 1.302E-01 b. +/- 3.65 % || Ela(th) ave= 5.421E+00 b. +/- 5.45 % || RIcap ave= 6.25E+00 b. +/- 2.35 % || Macs30 ave= 6.67E-02 b. +/- 0.75 % || Gn^0(l=0) ave= 8.874E-02 +/- 4.98 % Gn^0(l=1) ave= 3.010E-01 +/- 5.57 % Gn^0(l=2) ave= 0.000E+00 +/- 0.00 % Gn^0(l=3) ave= 0.000E+00 +/- 0.00 % || Gtotal(l=0) ave= 1.465E+01 +/- 5.83 % Gtotal(l=1) ave= 1.738E+00 +/- 3.85 % Gtotal(l=2) ave= 0.000E+00 +/- 0.00 % Gtotal(l=3) ave= 0.000E+00 +/- 0.00 %  % || Gg(l=0) ave= 7.257E-02 +/- 2.33 % Gg(l=1) ave= 9.266E-02 +/- 1.20 % Gg(l=2) ave= 0.000E+00 +/- 0.00 % Gg(l=3) ave= 0.000E+00 +/- 0.00 %  % || D(l=0) ave= 1.913E+03 +/- 1.82 % D(l=1) ave= 4.276E+02 +/- 0.00 % D(l=2) ave= 0.000E+00 +/- 0.00 % D(l=3) ave= 0.000E+00 +/- 0.00 %  % || S(l=0) ave= 4.808E-05 +/- 5.32 % S(l=1) ave= 3.474E-04 +/- 5.65 % S(l=2) ave= 0.000E+00 +/- 0.00 % S(l=3) ave= 0.000E+00 +/- 0.00 % 
 ... random file  196 Cap(th)  ave= 1.302E-01 b. +/- 3.64 % || Ela(th) ave= 5.420E+00 b. +/- 5.45 % || RIcap ave= 6.25E+00 b. +/- 2.38 % || Macs30 ave= 6.67E-02 b. +/- 0.75 % || Gn^0(l=0) ave= 8.875E-02 +/- 4.97 % Gn^0(l=1) ave= 3.010E-01 +/- 5.56 % Gn^0(l=2) ave= 0.000E+00 +/- 0.00 % Gn^0(l=3) ave= 0.000E+00 +/- 0.00 % || Gtotal(l=0) ave= 1.465E+01 +/- 5.81 % Gtotal(l=1) ave= 1.737E+00 +/- 3.84 % Gtotal(l=2) ave= 0.000E+00 +/- 0.00 % Gtotal(l=3) ave= 0.000E+00 +/- 0.00 %  % || Gg(l=0) ave= 7.257E-02 +/- 2.32 % Gg(l=1) ave= 9.267E-02 +/- 1.20 % Gg(l=2) ave= 0.000E+00 +/- 0.00 % Gg(l=3) ave= 0.000E+00 +/- 0.00 %  % || D(l=0) ave= 1.914E+03 +/- 1.82 % D(l=1) ave= 4.276E+02 +/- 0.00 % D(l=2) ave= 0.000E+00 +/- 0.00 % D(l=3) ave= 0.000E+00 +/- 0.00 %  % || S(l=0) ave= 4.808E-05 +/- 5.30 % S(l=1) ave= 3.474E-04 +/- 5.63 % S(l=2) ave= 0.000E+00 +/- 0.00 % S(l=3) ave= 0.000E+00 +/- 0.00 % 
 ... random file  197 Cap(th)  ave= 1.302E-01 b. +/- 3.63 % || Ela(th) ave= 5.417E+00 b. +/- 5.51 % || RIcap ave= 6.25E+00 b. +/- 2.38 % || Macs30 ave= 6.67E-02 b. +/- 0.74 % || Gn^0(l=0) ave= 8.875E-02 +/- 4.96 % Gn^0(l=1) ave= 3.012E-01 +/- 5.64 % Gn^0(l=2) ave= 0.000E+00 +/- 0.00 % Gn^0(l=3) ave= 0.000E+00 +/- 0.00 % || Gtotal(l=0) ave= 1.465E+01 +/- 5.80 % Gtotal(l=1) ave= 1.738E+00 +/- 3.84 % Gtotal(l=2) ave= 0.000E+00 +/- 0.00 % Gtotal(l=3) ave= 0.000E+00 +/- 0.00 %  % || Gg(l=0) ave= 7.256E-02 +/- 2.32 % Gg(l=1) ave= 9.267E-02 +/- 1.20 % Gg(l=2) ave= 0.000E+00 +/- 0.00 % Gg(l=3) ave= 0.000E+00 +/- 0.00 %  % || D(l=0) ave= 1.914E+03 +/- 1.82 % D(l=1) ave= 4.276E+02 +/- 0.00 % D(l=2) ave= 0.000E+00 +/- 0.00 % D(l=3) ave= 0.000E+00 +/- 0.00 %  % || S(l=0) ave= 4.808E-05 +/- 5.29 % S(l=1) ave= 3.477E-04 +/- 5.71 % S(l=2) ave= 0.000E+00 +/- 0.00 % S(l=3) ave= 0.000E+00 +/- 0.00 % 
 ... random file  198 Cap(th)  ave= 1.302E-01 b. +/- 3.63 % || Ela(th) ave= 5.418E+00 b. +/- 5.50 % || RIcap ave= 6.25E+00 b. +/- 2.37 % || Macs30 ave= 6.67E-02 b. +/- 0.74 % || Gn^0(l=0) ave= 8.873E-02 +/- 4.96 % Gn^0(l=1) ave= 3.012E-01 +/- 5.64 % Gn^0(l=2) ave= 0.000E+00 +/- 0.00 % Gn^0(l=3) ave= 0.000E+00 +/- 0.00 % || Gtotal(l=0) ave= 1.465E+01 +/- 5.80 % Gtotal(l=1) ave= 1.738E+00 +/- 3.83 % Gtotal(l=2) ave= 0.000E+00 +/- 0.00 % Gtotal(l=3) ave= 0.000E+00 +/- 0.00 %  % || Gg(l=0) ave= 7.256E-02 +/- 2.32 % Gg(l=1) ave= 9.268E-02 +/- 1.20 % Gg(l=2) ave= 0.000E+00 +/- 0.00 % Gg(l=3) ave= 0.000E+00 +/- 0.00 %  % || D(l=0) ave= 1.914E+03 +/- 1.82 % D(l=1) ave= 4.276E+02 +/- 0.00 % D(l=2) ave= 0.000E+00 +/- 0.00 % D(l=3) ave= 0.000E+00 +/- 0.00 %  % || S(l=0) ave= 4.807E-05 +/- 5.28 % S(l=1) ave= 3.476E-04 +/- 5.71 % S(l=2) ave= 0.000E+00 +/- 0.00 % S(l=3) ave= 0.000E+00 +/- 0.00 % 
 ... random file  199 Cap(th)  ave= 1.302E-01 b. +/- 3.64 % || Ela(th) ave= 5.420E+00 b. +/- 5.51 % || RIcap ave= 6.25E+00 b. +/- 2.38 % || Macs30 ave= 6.67E-02 b. +/- 0.74 % || Gn^0(l=0) ave= 8.870E-02 +/- 4.97 % Gn^0(l=1) ave= 3.011E-01 +/- 5.64 % Gn^0(l=2) ave= 0.000E+00 +/- 0.00 % Gn^0(l=3) ave= 0.000E+00 +/- 0.00 % || Gtotal(l=0) ave= 1.464E+01 +/- 5.81 % Gtotal(l=1) ave= 1.738E+00 +/- 3.83 % Gtotal(l=2) ave= 0.000E+00 +/- 0.00 % Gtotal(l=3) ave= 0.000E+00 +/- 0.00 %  % || Gg(l=0) ave= 7.254E-02 +/- 2.33 % Gg(l=1) ave= 9.267E-02 +/- 1.19 % Gg(l=2) ave= 0.000E+00 +/- 0.00 % Gg(l=3) ave= 0.000E+00 +/- 0.00 %  % || D(l=0) ave= 1.913E+03 +/- 1.82 % D(l=1) ave= 4.276E+02 +/- 0.00 % D(l=2) ave= 0.000E+00 +/- 0.00 % D(l=3) ave= 0.000E+00 +/- 0.00 %  % || S(l=0) ave= 4.806E-05 +/- 5.28 % S(l=1) ave= 3.476E-04 +/- 5.70 % S(l=2) ave= 0.000E+00 +/- 0.00 % S(l=3) ave= 0.000E+00 +/- 0.00 % 
 ... random file  200 Cap(th)  ave= 1.302E-01 b. +/- 3.65 % || Ela(th) ave= 5.419E+00 b. +/- 5.51 % || RIcap ave= 6.25E+00 b. +/- 2.37 % || Macs30 ave= 6.67E-02 b. +/- 0.74 % || Gn^0(l=0) ave= 8.871E-02 +/- 4.96 % Gn^0(l=1) ave= 3.011E-01 +/- 5.64 % Gn^0(l=2) ave= 0.000E+00 +/- 0.00 % Gn^0(l=3) ave= 0.000E+00 +/- 0.00 % || Gtotal(l=0) ave= 1.464E+01 +/- 5.80 % Gtotal(l=1) ave= 1.738E+00 +/- 3.82 % Gtotal(l=2) ave= 0.000E+00 +/- 0.00 % Gtotal(l=3) ave= 0.000E+00 +/- 0.00 %  % || Gg(l=0) ave= 7.254E-02 +/- 2.32 % Gg(l=1) ave= 9.266E-02 +/- 1.21 % Gg(l=2) ave= 0.000E+00 +/- 0.00 % Gg(l=3) ave= 0.000E+00 +/- 0.00 %  % || D(l=0) ave= 1.914E+03 +/- 1.82 % D(l=1) ave= 4.276E+02 +/- 0.00 % D(l=2) ave= 0.000E+00 +/- 0.00 % D(l=3) ave= 0.000E+00 +/- 0.00 %  % || S(l=0) ave= 4.806E-05 +/- 5.27 % S(l=1) ave= 3.477E-04 +/- 5.70 % S(l=2) ave= 0.000E+00 +/- 0.00 % S(l=3) ave= 0.000E+00 +/- 0.00 % 
 ... random file  201 Cap(th)  ave= 1.301E-01 b. +/- 3.65 % || Ela(th) ave= 5.414E+00 b. +/- 5.63 % || RIcap ave= 6.25E+00 b. +/- 2.37 % || Macs30 ave= 6.67E-02 b. +/- 0.74 % || Gn^0(l=0) ave= 8.873E-02 +/- 4.96 % Gn^0(l=1) ave= 3.014E-01 +/- 5.75 % Gn^0(l=2) ave= 0.000E+00 +/- 0.00 % Gn^0(l=3) ave= 0.000E+00 +/- 0.00 % || Gtotal(l=0) ave= 1.465E+01 +/- 5.80 % Gtotal(l=1) ave= 1.738E+00 +/- 3.82 % Gtotal(l=2) ave= 0.000E+00 +/- 0.00 % Gtotal(l=3) ave= 0.000E+00 +/- 0.00 %  % || Gg(l=0) ave= 7.254E-02 +/- 2.32 % Gg(l=1) ave= 9.267E-02 +/- 1.21 % Gg(l=2) ave= 0.000E+00 +/- 0.00 % Gg(l=3) ave= 0.000E+00 +/- 0.00 %  % || D(l=0) ave= 1.913E+03 +/- 1.82 % D(l=1) ave= 4.276E+02 +/- 0.00 % D(l=2) ave= 0.000E+00 +/- 0.00 % D(l=3) ave= 0.000E+00 +/- 0.00 %  % || S(l=0) ave= 4.808E-05 +/- 5.27 % S(l=1) ave= 3.480E-04 +/- 5.82 % S(l=2) ave= 0.000E+00 +/- 0.00 % S(l=3) ave= 0.000E+00 +/- 0.00 % 
 ... random file  202 Cap(th)  ave= 1.301E-01 b. +/- 3.65 % || Ela(th) ave= 5.415E+00 b. +/- 5.61 % || RIcap ave= 6.25E+00 b. +/- 2.38 % || Macs30 ave= 6.67E-02 b. +/- 0.74 % || Gn^0(l=0) ave= 8.874E-02 +/- 4.95 % Gn^0(l=1) ave= 3.013E-01 +/- 5.74 % Gn^0(l=2) ave= 0.000E+00 +/- 0.00 % Gn^0(l=3) ave= 0.000E+00 +/- 0.00 % || Gtotal(l=0) ave= 1.465E+01 +/- 5.79 % Gtotal(l=1) ave= 1.737E+00 +/- 3.82 % Gtotal(l=2) ave= 0.000E+00 +/- 0.00 % Gtotal(l=3) ave= 0.000E+00 +/- 0.00 %  % || Gg(l=0) ave= 7.255E-02 +/- 2.32 % Gg(l=1) ave= 9.268E-02 +/- 1.22 % Gg(l=2) ave= 0.000E+00 +/- 0.00 % Gg(l=3) ave= 0.000E+00 +/- 0.00 %  % || D(l=0) ave= 1.913E+03 +/- 1.82 % D(l=1) ave= 4.276E+02 +/- 0.00 % D(l=2) ave= 0.000E+00 +/- 0.00 % D(l=3) ave= 0.000E+00 +/- 0.00 %  % || S(l=0) ave= 4.809E-05 +/- 5.27 % S(l=1) ave= 3.479E-04 +/- 5.81 % S(l=2) ave= 0.000E+00 +/- 0.00 % S(l=3) ave= 0.000E+00 +/- 0.00 % 
 ... random file  203 Cap(th)  ave= 1.301E-01 b. +/- 3.66 % || Ela(th) ave= 5.418E+00 b. +/- 5.65 % || RIcap ave= 6.25E+00 b. +/- 2.38 % || Macs30 ave= 6.67E-02 b. +/- 0.74 % || Gn^0(l=0) ave= 8.874E-02 +/- 4.94 % Gn^0(l=1) ave= 3.012E-01 +/- 5.77 % Gn^0(l=2) ave= 0.000E+00 +/- 0.00 % Gn^0(l=3) ave= 0.000E+00 +/- 0.00 % || Gtotal(l=0) ave= 1.465E+01 +/- 5.77 % Gtotal(l=1) ave= 1.737E+00 +/- 3.81 % Gtotal(l=2) ave= 0.000E+00 +/- 0.00 % Gtotal(l=3) ave= 0.000E+00 +/- 0.00 %  % || Gg(l=0) ave= 7.255E-02 +/- 2.32 % Gg(l=1) ave= 9.268E-02 +/- 1.21 % Gg(l=2) ave= 0.000E+00 +/- 0.00 % Gg(l=3) ave= 0.000E+00 +/- 0.00 %  % || D(l=0) ave= 1.913E+03 +/- 1.82 % D(l=1) ave= 4.276E+02 +/- 0.00 % D(l=2) ave= 0.000E+00 +/- 0.00 % D(l=3) ave= 0.000E+00 +/- 0.00 %  % || S(l=0) ave= 4.809E-05 +/- 5.25 % S(l=1) ave= 3.478E-04 +/- 5.83 % S(l=2) ave= 0.000E+00 +/- 0.00 % S(l=3) ave= 0.000E+00 +/- 0.00 % 
 ... random file  204 Cap(th)  ave= 1.301E-01 b. +/- 3.67 % || Ela(th) ave= 5.418E+00 b. +/- 5.64 % || RIcap ave= 6.25E+00 b. +/- 2.37 % || Macs30 ave= 6.67E-02 b. +/- 0.74 % || Gn^0(l=0) ave= 8.875E-02 +/- 4.93 % Gn^0(l=1) ave= 3.011E-01 +/- 5.77 % Gn^0(l=2) ave= 0.000E+00 +/- 0.00 % Gn^0(l=3) ave= 0.000E+00 +/- 0.00 % || Gtotal(l=0) ave= 1.465E+01 +/- 5.76 % Gtotal(l=1) ave= 1.737E+00 +/- 3.82 % Gtotal(l=2) ave= 0.000E+00 +/- 0.00 % Gtotal(l=3) ave= 0.000E+00 +/- 0.00 %  % || Gg(l=0) ave= 7.256E-02 +/- 2.31 % Gg(l=1) ave= 9.267E-02 +/- 1.21 % Gg(l=2) ave= 0.000E+00 +/- 0.00 % Gg(l=3) ave= 0.000E+00 +/- 0.00 %  % || D(l=0) ave= 1.913E+03 +/- 1.82 % D(l=1) ave= 4.276E+02 +/- 0.00 % D(l=2) ave= 0.000E+00 +/- 0.00 % D(l=3) ave= 0.000E+00 +/- 0.00 %  % || S(l=0) ave= 4.810E-05 +/- 5.25 % S(l=1) ave= 3.477E-04 +/- 5.83 % S(l=2) ave= 0.000E+00 +/- 0.00 % S(l=3) ave= 0.000E+00 +/- 0.00 % 
 ... random file  205 Cap(th)  ave= 1.301E-01 b. +/- 3.66 % || Ela(th) ave= 5.420E+00 b. +/- 5.65 % || RIcap ave= 6.25E+00 b. +/- 2.37 % || Macs30 ave= 6.67E-02 b. +/- 0.74 % || Gn^0(l=0) ave= 8.874E-02 +/- 4.93 % Gn^0(l=1) ave= 3.010E-01 +/- 5.80 % Gn^0(l=2) ave= 0.000E+00 +/- 0.00 % Gn^0(l=3) ave= 0.000E+00 +/- 0.00 % || Gtotal(l=0) ave= 1.465E+01 +/- 5.75 % Gtotal(l=1) ave= 1.736E+00 +/- 3.83 % Gtotal(l=2) ave= 0.000E+00 +/- 0.00 % Gtotal(l=3) ave= 0.000E+00 +/- 0.00 %  % || Gg(l=0) ave= 7.256E-02 +/- 2.31 % Gg(l=1) ave= 9.267E-02 +/- 1.21 % Gg(l=2) ave= 0.000E+00 +/- 0.00 % Gg(l=3) ave= 0.000E+00 +/- 0.00 %  % || D(l=0) ave= 1.913E+03 +/- 1.82 % D(l=1) ave= 4.276E+02 +/- 0.00 % D(l=2) ave= 0.000E+00 +/- 0.00 % D(l=3) ave= 0.000E+00 +/- 0.00 %  % || S(l=0) ave= 4.810E-05 +/- 5.24 % S(l=1) ave= 3.475E-04 +/- 5.86 % S(l=2) ave= 0.000E+00 +/- 0.00 % S(l=3) ave= 0.000E+00 +/- 0.00 % 
 ... random file  206 Cap(th)  ave= 1.301E-01 b. +/- 3.66 % || Ela(th) ave= 5.418E+00 b. +/- 5.66 % || RIcap ave= 6.25E+00 b. +/- 2.36 % || Macs30 ave= 6.67E-02 b. +/- 0.74 % || Gn^0(l=0) ave= 8.871E-02 +/- 4.94 % Gn^0(l=1) ave= 3.011E-01 +/- 5.81 % Gn^0(l=2) ave= 0.000E+00 +/- 0.00 % Gn^0(l=3) ave= 0.000E+00 +/- 0.00 % || Gtotal(l=0) ave= 1.464E+01 +/- 5.78 % Gtotal(l=1) ave= 1.736E+00 +/- 3.83 % Gtotal(l=2) ave= 0.000E+00 +/- 0.00 % Gtotal(l=3) ave= 0.000E+00 +/- 0.00 %  % || Gg(l=0) ave= 7.256E-02 +/- 2.30 % Gg(l=1) ave= 9.267E-02 +/- 1.21 % Gg(l=2) ave= 0.000E+00 +/- 0.00 % Gg(l=3) ave= 0.000E+00 +/- 0.00 %  % || D(l=0) ave= 1.913E+03 +/- 1.82 % D(l=1) ave= 4.276E+02 +/- 0.00 % D(l=2) ave= 0.000E+00 +/- 0.00 % D(l=3) ave= 0.000E+00 +/- 0.00 %  % || S(l=0) ave= 4.808E-05 +/- 5.26 % S(l=1) ave= 3.477E-04 +/- 5.87 % S(l=2) ave= 0.000E+00 +/- 0.00 % S(l=3) ave= 0.000E+00 +/- 0.00 % 
 ... random file  207 Cap(th)  ave= 1.301E-01 b. +/- 3.67 % || Ela(th) ave= 5.419E+00 b. +/- 5.65 % || RIcap ave= 6.25E+00 b. +/- 2.36 % || Macs30 ave= 6.67E-02 b. +/- 0.73 % || Gn^0(l=0) ave= 8.874E-02 +/- 4.95 % Gn^0(l=1) ave= 3.010E-01 +/- 5.80 % Gn^0(l=2) ave= 0.000E+00 +/- 0.00 % Gn^0(l=3) ave= 0.000E+00 +/- 0.00 % || Gtotal(l=0) ave= 1.465E+01 +/- 5.80 % Gtotal(l=1) ave= 1.737E+00 +/- 3.82 % Gtotal(l=2) ave= 0.000E+00 +/- 0.00 % Gtotal(l=3) ave= 0.000E+00 +/- 0.00 %  % || Gg(l=0) ave= 7.256E-02 +/- 2.30 % Gg(l=1) ave= 9.267E-02 +/- 1.21 % Gg(l=2) ave= 0.000E+00 +/- 0.00 % Gg(l=3) ave= 0.000E+00 +/- 0.00 %  % || D(l=0) ave= 1.913E+03 +/- 1.82 % D(l=1) ave= 4.276E+02 +/- 0.00 % D(l=2) ave= 0.000E+00 +/- 0.00 % D(l=3) ave= 0.000E+00 +/- 0.00 %  % || S(l=0) ave= 4.810E-05 +/- 5.29 % S(l=1) ave= 3.476E-04 +/- 5.87 % S(l=2) ave= 0.000E+00 +/- 0.00 % S(l=3) ave= 0.000E+00 +/- 0.00 % 
 ... random file  208 Cap(th)  ave= 1.301E-01 b. +/- 3.66 % || Ela(th) ave= 5.417E+00 b. +/- 5.69 % || RIcap ave= 6.25E+00 b. +/- 2.37 % || Macs30 ave= 6.67E-02 b. +/- 0.74 % || Gn^0(l=0) ave= 8.876E-02 +/- 4.94 % Gn^0(l=1) ave= 3.012E-01 +/- 5.86 % Gn^0(l=2) ave= 0.000E+00 +/- 0.00 % Gn^0(l=3) ave= 0.000E+00 +/- 0.00 % || Gtotal(l=0) ave= 1.465E+01 +/- 5.79 % Gtotal(l=1) ave= 1.737E+00 +/- 3.82 % Gtotal(l=2) ave= 0.000E+00 +/- 0.00 % Gtotal(l=3) ave= 0.000E+00 +/- 0.00 %  % || Gg(l=0) ave= 7.255E-02 +/- 2.30 % Gg(l=1) ave= 9.266E-02 +/- 1.21 % Gg(l=2) ave= 0.000E+00 +/- 0.00 % Gg(l=3) ave= 0.000E+00 +/- 0.00 %  % || D(l=0) ave= 1.913E+03 +/- 1.82 % D(l=1) ave= 4.276E+02 +/- 0.00 % D(l=2) ave= 0.000E+00 +/- 0.00 % D(l=3) ave= 0.000E+00 +/- 0.00 %  % || S(l=0) ave= 4.810E-05 +/- 5.28 % S(l=1) ave= 3.478E-04 +/- 5.94 % S(l=2) ave= 0.000E+00 +/- 0.00 % S(l=3) ave= 0.000E+00 +/- 0.00 % 
 ... random file  209 Cap(th)  ave= 1.301E-01 b. +/- 3.66 % || Ela(th) ave= 5.418E+00 b. +/- 5.68 % || RIcap ave= 6.25E+00 b. +/- 2.37 % || Macs30 ave= 6.67E-02 b. +/- 0.74 % || Gn^0(l=0) ave= 8.875E-02 +/- 4.94 % Gn^0(l=1) ave= 3.012E-01 +/- 5.84 % Gn^0(l=2) ave= 0.000E+00 +/- 0.00 % Gn^0(l=3) ave= 0.000E+00 +/- 0.00 % || Gtotal(l=0) ave= 1.465E+01 +/- 5.78 % Gtotal(l=1) ave= 1.737E+00 +/- 3.81 % Gtotal(l=2) ave= 0.000E+00 +/- 0.00 % Gtotal(l=3) ave= 0.000E+00 +/- 0.00 %  % || Gg(l=0) ave= 7.256E-02 +/- 2.30 % Gg(l=1) ave= 9.266E-02 +/- 1.21 % Gg(l=2) ave= 0.000E+00 +/- 0.00 % Gg(l=3) ave= 0.000E+00 +/- 0.00 %  % || D(l=0) ave= 1.913E+03 +/- 1.82 % D(l=1) ave= 4.276E+02 +/- 0.00 % D(l=2) ave= 0.000E+00 +/- 0.00 % D(l=3) ave= 0.000E+00 +/- 0.00 %  % || S(l=0) ave= 4.810E-05 +/- 5.26 % S(l=1) ave= 3.478E-04 +/- 5.93 % S(l=2) ave= 0.000E+00 +/- 0.00 % S(l=3) ave= 0.000E+00 +/- 0.00 % 
 ... random file  210 Cap(th)  ave= 1.301E-01 b. +/- 3.65 % || Ela(th) ave= 5.417E+00 b. +/- 5.67 % || RIcap ave= 6.25E+00 b. +/- 2.37 % || Macs30 ave= 6.67E-02 b. +/- 0.74 % || Gn^0(l=0) ave= 8.874E-02 +/- 4.93 % Gn^0(l=1) ave= 3.012E-01 +/- 5.83 % Gn^0(l=2) ave= 0.000E+00 +/- 0.00 % Gn^0(l=3) ave= 0.000E+00 +/- 0.00 % || Gtotal(l=0) ave= 1.465E+01 +/- 5.77 % Gtotal(l=1) ave= 1.737E+00 +/- 3.81 % Gtotal(l=2) ave= 0.000E+00 +/- 0.00 % Gtotal(l=3) ave= 0.000E+00 +/- 0.00 %  % || Gg(l=0) ave= 7.256E-02 +/- 2.29 % Gg(l=1) ave= 9.267E-02 +/- 1.22 % Gg(l=2) ave= 0.000E+00 +/- 0.00 % Gg(l=3) ave= 0.000E+00 +/- 0.00 %  % || D(l=0) ave= 1.913E+03 +/- 1.82 % D(l=1) ave= 4.276E+02 +/- 0.00 % D(l=2) ave= 0.000E+00 +/- 0.00 % D(l=3) ave= 0.000E+00 +/- 0.00 %  % || S(l=0) ave= 4.810E-05 +/- 5.25 % S(l=1) ave= 3.478E-04 +/- 5.91 % S(l=2) ave= 0.000E+00 +/- 0.00 % S(l=3) ave= 0.000E+00 +/- 0.00 % 
 ... random file  211 Cap(th)  ave= 1.301E-01 b. +/- 3.69 % || Ela(th) ave= 5.418E+00 b. +/- 5.66 % || RIcap ave= 6.25E+00 b. +/- 2.36 % || Macs30 ave= 6.67E-02 b. +/- 0.74 % || Gn^0(l=0) ave= 8.874E-02 +/- 4.92 % Gn^0(l=1) ave= 3.012E-01 +/- 5.81 % Gn^0(l=2) ave= 0.000E+00 +/- 0.00 % Gn^0(l=3) ave= 0.000E+00 +/- 0.00 % || Gtotal(l=0) ave= 1.465E+01 +/- 5.75 % Gtotal(l=1) ave= 1.738E+00 +/- 3.82 % Gtotal(l=2) ave= 0.000E+00 +/- 0.00 % Gtotal(l=3) ave= 0.000E+00 +/- 0.00 %  % || Gg(l=0) ave= 7.256E-02 +/- 2.29 % Gg(l=1) ave= 9.267E-02 +/- 1.22 % Gg(l=2) ave= 0.000E+00 +/- 0.00 % Gg(l=3) ave= 0.000E+00 +/- 0.00 %  % || D(l=0) ave= 1.912E+03 +/- 1.82 % D(l=1) ave= 4.276E+02 +/- 0.00 % D(l=2) ave= 0.000E+00 +/- 0.00 % D(l=3) ave= 0.000E+00 +/- 0.00 %  % || S(l=0) ave= 4.810E-05 +/- 5.24 % S(l=1) ave= 3.478E-04 +/- 5.90 % S(l=2) ave= 0.000E+00 +/- 0.00 % S(l=3) ave= 0.000E+00 +/- 0.00 % 
 ... random file  212 Cap(th)  ave= 1.301E-01 b. +/- 3.68 % || Ela(th) ave= 5.421E+00 b. +/- 5.72 % || RIcap ave= 6.25E+00 b. +/- 2.36 % || Macs30 ave= 6.67E-02 b. +/- 0.73 % || Gn^0(l=0) ave= 8.876E-02 +/- 4.92 % Gn^0(l=1) ave= 3.011E-01 +/- 5.85 % Gn^0(l=2) ave= 0.000E+00 +/- 0.00 % Gn^0(l=3) ave= 0.000E+00 +/- 0.00 % || Gtotal(l=0) ave= 1.466E+01 +/- 5.75 % Gtotal(l=1) ave= 1.738E+00 +/- 3.81 % Gtotal(l=2) ave= 0.000E+00 +/- 0.00 % Gtotal(l=3) ave= 0.000E+00 +/- 0.00 %  % || Gg(l=0) ave= 7.256E-02 +/- 2.29 % Gg(l=1) ave= 9.266E-02 +/- 1.22 % Gg(l=2) ave= 0.000E+00 +/- 0.00 % Gg(l=3) ave= 0.000E+00 +/- 0.00 %  % || D(l=0) ave= 1.913E+03 +/- 1.82 % D(l=1) ave= 4.276E+02 +/- 0.00 % D(l=2) ave= 0.000E+00 +/- 0.00 % D(l=3) ave= 0.000E+00 +/- 0.00 %  % || S(l=0) ave= 4.811E-05 +/- 5.23 % S(l=1) ave= 3.476E-04 +/- 5.94 % S(l=2) ave= 0.000E+00 +/- 0.00 % S(l=3) ave= 0.000E+00 +/- 0.00 % 
 ... random file  213 Cap(th)  ave= 1.301E-01 b. +/- 3.68 % || Ela(th) ave= 5.422E+00 b. +/- 5.71 % || RIcap ave= 6.25E+00 b. +/- 2.35 % || Macs30 ave= 6.67E-02 b. +/- 0.73 % || Gn^0(l=0) ave= 8.877E-02 +/- 4.91 % Gn^0(l=1) ave= 3.010E-01 +/- 5.84 % Gn^0(l=2) ave= 0.000E+00 +/- 0.00 % Gn^0(l=3) ave= 0.000E+00 +/- 0.00 % || Gtotal(l=0) ave= 1.466E+01 +/- 5.74 % Gtotal(l=1) ave= 1.738E+00 +/- 3.80 % Gtotal(l=2) ave= 0.000E+00 +/- 0.00 % Gtotal(l=3) ave= 0.000E+00 +/- 0.00 %  % || Gg(l=0) ave= 7.254E-02 +/- 2.32 % Gg(l=1) ave= 9.266E-02 +/- 1.21 % Gg(l=2) ave= 0.000E+00 +/- 0.00 % Gg(l=3) ave= 0.000E+00 +/- 0.00 %  % || D(l=0) ave= 1.913E+03 +/- 1.82 % D(l=1) ave= 4.276E+02 +/- 0.00 % D(l=2) ave= 0.000E+00 +/- 0.00 % D(l=3) ave= 0.000E+00 +/- 0.00 %  % || S(l=0) ave= 4.811E-05 +/- 5.22 % S(l=1) ave= 3.476E-04 +/- 5.93 % S(l=2) ave= 0.000E+00 +/- 0.00 % S(l=3) ave= 0.000E+00 +/- 0.00 % 
 ... random file  214 Cap(th)  ave= 1.300E-01 b. +/- 3.67 % || Ela(th) ave= 5.423E+00 b. +/- 5.70 % || RIcap ave= 6.24E+00 b. +/- 2.38 % || Macs30 ave= 6.67E-02 b. +/- 0.73 % || Gn^0(l=0) ave= 8.879E-02 +/- 4.91 % Gn^0(l=1) ave= 3.010E-01 +/- 5.83 % Gn^0(l=2) ave= 0.000E+00 +/- 0.00 % Gn^0(l=3) ave= 0.000E+00 +/- 0.00 % || Gtotal(l=0) ave= 1.466E+01 +/- 5.74 % Gtotal(l=1) ave= 1.738E+00 +/- 3.86 % Gtotal(l=2) ave= 0.000E+00 +/- 0.00 % Gtotal(l=3) ave= 0.000E+00 +/- 0.00 %  % || Gg(l=0) ave= 7.255E-02 +/- 2.31 % Gg(l=1) ave= 9.266E-02 +/- 1.21 % Gg(l=2) ave= 0.000E+00 +/- 0.00 % Gg(l=3) ave= 0.000E+00 +/- 0.00 %  % || D(l=0) ave= 1.913E+03 +/- 1.82 % D(l=1) ave= 4.276E+02 +/- 0.00 % D(l=2) ave= 0.000E+00 +/- 0.00 % D(l=3) ave= 0.000E+00 +/- 0.00 %  % || S(l=0) ave= 4.813E-05 +/- 5.22 % S(l=1) ave= 3.476E-04 +/- 5.91 % S(l=2) ave= 0.000E+00 +/- 0.00 % S(l=3) ave= 0.000E+00 +/- 0.00 % 
 ... random file  215 Cap(th)  ave= 1.300E-01 b. +/- 3.66 % || Ela(th) ave= 5.423E+00 b. +/- 5.69 % || RIcap ave= 6.24E+00 b. +/- 2.38 % || Macs30 ave= 6.67E-02 b. +/- 0.73 % || Gn^0(l=0) ave= 8.878E-02 +/- 4.90 % Gn^0(l=1) ave= 3.011E-01 +/- 5.82 % Gn^0(l=2) ave= 0.000E+00 +/- 0.00 % Gn^0(l=3) ave= 0.000E+00 +/- 0.00 % || Gtotal(l=0) ave= 1.466E+01 +/- 5.73 % Gtotal(l=1) ave= 1.739E+00 +/- 3.93 % Gtotal(l=2) ave= 0.000E+00 +/- 0.00 % Gtotal(l=3) ave= 0.000E+00 +/- 0.00 %  % || Gg(l=0) ave= 7.255E-02 +/- 2.31 % Gg(l=1) ave= 9.266E-02 +/- 1.21 % Gg(l=2) ave= 0.000E+00 +/- 0.00 % Gg(l=3) ave= 0.000E+00 +/- 0.00 %  % || D(l=0) ave= 1.912E+03 +/- 1.82 % D(l=1) ave= 4.276E+02 +/- 0.00 % D(l=2) ave= 0.000E+00 +/- 0.00 % D(l=3) ave= 0.000E+00 +/- 0.00 %  % || S(l=0) ave= 4.812E-05 +/- 5.21 % S(l=1) ave= 3.476E-04 +/- 5.90 % S(l=2) ave= 0.000E+00 +/- 0.00 % S(l=3) ave= 0.000E+00 +/- 0.00 % 
 ... random file  216 Cap(th)  ave= 1.300E-01 b. +/- 3.65 % || Ela(th) ave= 5.424E+00 b. +/- 5.68 % || RIcap ave= 6.25E+00 b. +/- 2.37 % || Macs30 ave= 6.67E-02 b. +/- 0.73 % || Gn^0(l=0) ave= 8.880E-02 +/- 4.91 % Gn^0(l=1) ave= 3.011E-01 +/- 5.80 % Gn^0(l=2) ave= 0.000E+00 +/- 0.00 % Gn^0(l=3) ave= 0.000E+00 +/- 0.00 % || Gtotal(l=0) ave= 1.467E+01 +/- 5.74 % Gtotal(l=1) ave= 1.739E+00 +/- 3.92 % Gtotal(l=2) ave= 0.000E+00 +/- 0.00 % Gtotal(l=3) ave= 0.000E+00 +/- 0.00 %  % || Gg(l=0) ave= 7.254E-02 +/- 2.31 % Gg(l=1) ave= 9.266E-02 +/- 1.21 % Gg(l=2) ave= 0.000E+00 +/- 0.00 % Gg(l=3) ave= 0.000E+00 +/- 0.00 %  % || D(l=0) ave= 1.912E+03 +/- 1.82 % D(l=1) ave= 4.276E+02 +/- 0.00 % D(l=2) ave= 0.000E+00 +/- 0.00 % D(l=3) ave= 0.000E+00 +/- 0.00 %  % || S(l=0) ave= 4.814E-05 +/- 5.23 % S(l=1) ave= 3.476E-04 +/- 5.89 % S(l=2) ave= 0.000E+00 +/- 0.00 % S(l=3) ave= 0.000E+00 +/- 0.00 % 
 ... random file  217 Cap(th)  ave= 1.300E-01 b. +/- 3.65 % || Ela(th) ave= 5.425E+00 b. +/- 5.67 % || RIcap ave= 6.25E+00 b. +/- 2.37 % || Macs30 ave= 6.67E-02 b. +/- 0.73 % || Gn^0(l=0) ave= 8.882E-02 +/- 4.91 % Gn^0(l=1) ave= 3.010E-01 +/- 5.81 % Gn^0(l=2) ave= 0.000E+00 +/- 0.00 % Gn^0(l=3) ave= 0.000E+00 +/- 0.00 % || Gtotal(l=0) ave= 1.467E+01 +/- 5.74 % Gtotal(l=1) ave= 1.739E+00 +/- 3.92 % Gtotal(l=2) ave= 0.000E+00 +/- 0.00 % Gtotal(l=3) ave= 0.000E+00 +/- 0.00 %  % || Gg(l=0) ave= 7.253E-02 +/- 2.31 % Gg(l=1) ave= 9.266E-02 +/- 1.20 % Gg(l=2) ave= 0.000E+00 +/- 0.00 % Gg(l=3) ave= 0.000E+00 +/- 0.00 %  % || D(l=0) ave= 1.912E+03 +/- 1.82 % D(l=1) ave= 4.276E+02 +/- 0.00 % D(l=2) ave= 0.000E+00 +/- 0.00 % D(l=3) ave= 0.000E+00 +/- 0.00 %  % || S(l=0) ave= 4.815E-05 +/- 5.22 % S(l=1) ave= 3.475E-04 +/- 5.89 % S(l=2) ave= 0.000E+00 +/- 0.00 % S(l=3) ave= 0.000E+00 +/- 0.00 % 
 ... random file  218 Cap(th)  ave= 1.300E-01 b. +/- 3.64 % || Ela(th) ave= 5.426E+00 b. +/- 5.66 % || RIcap ave= 6.25E+00 b. +/- 2.36 % || Macs30 ave= 6.67E-02 b. +/- 0.73 % || Gn^0(l=0) ave= 8.888E-02 +/- 4.97 % Gn^0(l=1) ave= 3.009E-01 +/- 5.81 % Gn^0(l=2) ave= 0.000E+00 +/- 0.00 % Gn^0(l=3) ave= 0.000E+00 +/- 0.00 % || Gtotal(l=0) ave= 1.468E+01 +/- 5.83 % Gtotal(l=1) ave= 1.739E+00 +/- 3.91 % Gtotal(l=2) ave= 0.000E+00 +/- 0.00 % Gtotal(l=3) ave= 0.000E+00 +/- 0.00 %  % || Gg(l=0) ave= 7.252E-02 +/- 2.32 % Gg(l=1) ave= 9.266E-02 +/- 1.20 % Gg(l=2) ave= 0.000E+00 +/- 0.00 % Gg(l=3) ave= 0.000E+00 +/- 0.00 %  % || D(l=0) ave= 1.913E+03 +/- 1.82 % D(l=1) ave= 4.276E+02 +/- 0.00 % D(l=2) ave= 0.000E+00 +/- 0.00 % D(l=3) ave= 0.000E+00 +/- 0.00 %  % || S(l=0) ave= 4.817E-05 +/- 5.26 % S(l=1) ave= 3.474E-04 +/- 5.88 % S(l=2) ave= 0.000E+00 +/- 0.00 % S(l=3) ave= 0.000E+00 +/- 0.00 % 
 ... random file  219 Cap(th)  ave= 1.300E-01 b. +/- 3.63 % || Ela(th) ave= 5.425E+00 b. +/- 5.65 % || RIcap ave= 6.24E+00 b. +/- 2.37 % || Macs30 ave= 6.67E-02 b. +/- 0.73 % || Gn^0(l=0) ave= 8.890E-02 +/- 4.97 % Gn^0(l=1) ave= 3.009E-01 +/- 5.79 % Gn^0(l=2) ave= 0.000E+00 +/- 0.00 % Gn^0(l=3) ave= 0.000E+00 +/- 0.00 % || Gtotal(l=0) ave= 1.468E+01 +/- 5.82 % Gtotal(l=1) ave= 1.739E+00 +/- 3.91 % Gtotal(l=2) ave= 0.000E+00 +/- 0.00 % Gtotal(l=3) ave= 0.000E+00 +/- 0.00 %  % || Gg(l=0) ave= 7.253E-02 +/- 2.33 % Gg(l=1) ave= 9.265E-02 +/- 1.21 % Gg(l=2) ave= 0.000E+00 +/- 0.00 % Gg(l=3) ave= 0.000E+00 +/- 0.00 %  % || D(l=0) ave= 1.913E+03 +/- 1.82 % D(l=1) ave= 4.276E+02 +/- 0.00 % D(l=2) ave= 0.000E+00 +/- 0.00 % D(l=3) ave= 0.000E+00 +/- 0.00 %  % || S(l=0) ave= 4.818E-05 +/- 5.25 % S(l=1) ave= 3.475E-04 +/- 5.87 % S(l=2) ave= 0.000E+00 +/- 0.00 % S(l=3) ave= 0.000E+00 +/- 0.00 % 
 ... random file  220 Cap(th)  ave= 1.300E-01 b. +/- 3.63 % || Ela(th) ave= 5.424E+00 b. +/- 5.65 % || RIcap ave= 6.24E+00 b. +/- 2.37 % || Macs30 ave= 6.67E-02 b. +/- 0.72 % || Gn^0(l=0) ave= 8.892E-02 +/- 4.97 % Gn^0(l=1) ave= 3.010E-01 +/- 5.79 % Gn^0(l=2) ave= 0.000E+00 +/- 0.00 % Gn^0(l=3) ave= 0.000E+00 +/- 0.00 % || Gtotal(l=0) ave= 1.469E+01 +/- 5.82 % Gtotal(l=1) ave= 1.739E+00 +/- 3.90 % Gtotal(l=2) ave= 0.000E+00 +/- 0.00 % Gtotal(l=3) ave= 0.000E+00 +/- 0.00 %  % || Gg(l=0) ave= 7.253E-02 +/- 2.32 % Gg(l=1) ave= 9.264E-02 +/- 1.22 % Gg(l=2) ave= 0.000E+00 +/- 0.00 % Gg(l=3) ave= 0.000E+00 +/- 0.00 %  % || D(l=0) ave= 1.913E+03 +/- 1.82 % D(l=1) ave= 4.276E+02 +/- 0.00 % D(l=2) ave= 0.000E+00 +/- 0.00 % D(l=3) ave= 0.000E+00 +/- 0.00 %  % || S(l=0) ave= 4.819E-05 +/- 5.25 % S(l=1) ave= 3.476E-04 +/- 5.87 % S(l=2) ave= 0.000E+00 +/- 0.00 % S(l=3) ave= 0.000E+00 +/- 0.00 % 
 ... random file  221 Cap(th)  ave= 1.300E-01 b. +/- 3.62 % || Ela(th) ave= 5.424E+00 b. +/- 5.64 % || RIcap ave= 6.24E+00 b. +/- 2.36 % || Macs30 ave= 6.67E-02 b. +/- 0.72 % || Gn^0(l=0) ave= 8.888E-02 +/- 5.01 % Gn^0(l=1) ave= 3.010E-01 +/- 5.78 % Gn^0(l=2) ave= 0.000E+00 +/- 0.00 % Gn^0(l=3) ave= 0.000E+00 +/- 0.00 % || Gtotal(l=0) ave= 1.468E+01 +/- 5.85 % Gtotal(l=1) ave= 1.738E+00 +/- 3.90 % Gtotal(l=2) ave= 0.000E+00 +/- 0.00 % Gtotal(l=3) ave= 0.000E+00 +/- 0.00 %  % || Gg(l=0) ave= 7.253E-02 +/- 2.32 % Gg(l=1) ave= 9.265E-02 +/- 1.21 % Gg(l=2) ave= 0.000E+00 +/- 0.00 % Gg(l=3) ave= 0.000E+00 +/- 0.00 %  % || D(l=0) ave= 1.913E+03 +/- 1.82 % D(l=1) ave= 4.276E+02 +/- 0.00 % D(l=2) ave= 0.000E+00 +/- 0.00 % D(l=3) ave= 0.000E+00 +/- 0.00 %  % || S(l=0) ave= 4.817E-05 +/- 5.27 % S(l=1) ave= 3.476E-04 +/- 5.86 % S(l=2) ave= 0.000E+00 +/- 0.00 % S(l=3) ave= 0.000E+00 +/- 0.00 % 
 ... random file  222 Cap(th)  ave= 1.301E-01 b. +/- 3.61 % || Ela(th) ave= 5.423E+00 b. +/- 5.63 % || RIcap ave= 6.25E+00 b. +/- 2.36 % || Macs30 ave= 6.67E-02 b. +/- 0.72 % || Gn^0(l=0) ave= 8.887E-02 +/- 5.01 % Gn^0(l=1) ave= 3.010E-01 +/- 5.77 % Gn^0(l=2) ave= 0.000E+00 +/- 0.00 % Gn^0(l=3) ave= 0.000E+00 +/- 0.00 % || Gtotal(l=0) ave= 1.468E+01 +/- 5.84 % Gtotal(l=1) ave= 1.738E+00 +/- 3.89 % Gtotal(l=2) ave= 0.000E+00 +/- 0.00 % Gtotal(l=3) ave= 0.000E+00 +/- 0.00 %  % || Gg(l=0) ave= 7.253E-02 +/- 2.31 % Gg(l=1) ave= 9.265E-02 +/- 1.21 % Gg(l=2) ave= 0.000E+00 +/- 0.00 % Gg(l=3) ave= 0.000E+00 +/- 0.00 %  % || D(l=0) ave= 1.913E+03 +/- 1.82 % D(l=1) ave= 4.276E+02 +/- 0.00 % D(l=2) ave= 0.000E+00 +/- 0.00 % D(l=3) ave= 0.000E+00 +/- 0.00 %  % || S(l=0) ave= 4.816E-05 +/- 5.27 % S(l=1) ave= 3.475E-04 +/- 5.85 % S(l=2) ave= 0.000E+00 +/- 0.00 % S(l=3) ave= 0.000E+00 +/- 0.00 % 
 ... random file  223 Cap(th)  ave= 1.301E-01 b. +/- 3.61 % || Ela(th) ave= 5.422E+00 b. +/- 5.63 % || RIcap ave= 6.24E+00 b. +/- 2.36 % || Macs30 ave= 6.67E-02 b. +/- 0.72 % || Gn^0(l=0) ave= 8.888E-02 +/- 5.00 % Gn^0(l=1) ave= 3.011E-01 +/- 5.77 % Gn^0(l=2) ave= 0.000E+00 +/- 0.00 % Gn^0(l=3) ave= 0.000E+00 +/- 0.00 % || Gtotal(l=0) ave= 1.468E+01 +/- 5.85 % Gtotal(l=1) ave= 1.738E+00 +/- 3.89 % Gtotal(l=2) ave= 0.000E+00 +/- 0.00 % Gtotal(l=3) ave= 0.000E+00 +/- 0.00 %  % || Gg(l=0) ave= 7.253E-02 +/- 2.31 % Gg(l=1) ave= 9.265E-02 +/- 1.21 % Gg(l=2) ave= 0.000E+00 +/- 0.00 % Gg(l=3) ave= 0.000E+00 +/- 0.00 %  % || D(l=0) ave= 1.913E+03 +/- 1.82 % D(l=1) ave= 4.276E+02 +/- 0.00 % D(l=2) ave= 0.000E+00 +/- 0.00 % D(l=3) ave= 0.000E+00 +/- 0.00 %  % || S(l=0) ave= 4.817E-05 +/- 5.27 % S(l=1) ave= 3.476E-04 +/- 5.85 % S(l=2) ave= 0.000E+00 +/- 0.00 % S(l=3) ave= 0.000E+00 +/- 0.00 % 
 ... random file  224 Cap(th)  ave= 1.300E-01 b. +/- 3.69 % || Ela(th) ave= 5.423E+00 b. +/- 5.62 % || RIcap ave= 6.24E+00 b. +/- 2.36 % || Macs30 ave= 6.67E-02 b. +/- 0.72 % || Gn^0(l=0) ave= 8.887E-02 +/- 5.00 % Gn^0(l=1) ave= 3.011E-01 +/- 5.76 % Gn^0(l=2) ave= 0.000E+00 +/- 0.00 % Gn^0(l=3) ave= 0.000E+00 +/- 0.00 % || Gtotal(l=0) ave= 1.468E+01 +/- 5.85 % Gtotal(l=1) ave= 1.738E+00 +/- 3.89 % Gtotal(l=2) ave= 0.000E+00 +/- 0.00 % Gtotal(l=3) ave= 0.000E+00 +/- 0.00 %  % || Gg(l=0) ave= 7.253E-02 +/- 2.31 % Gg(l=1) ave= 9.265E-02 +/- 1.21 % Gg(l=2) ave= 0.000E+00 +/- 0.00 % Gg(l=3) ave= 0.000E+00 +/- 0.00 %  % || D(l=0) ave= 1.913E+03 +/- 1.82 % D(l=1) ave= 4.276E+02 +/- 0.00 % D(l=2) ave= 0.000E+00 +/- 0.00 % D(l=3) ave= 0.000E+00 +/- 0.00 %  % || S(l=0) ave= 4.816E-05 +/- 5.27 % S(l=1) ave= 3.476E-04 +/- 5.84 % S(l=2) ave= 0.000E+00 +/- 0.00 % S(l=3) ave= 0.000E+00 +/- 0.00 % 
 ... random file  225 Cap(th)  ave= 1.300E-01 b. +/- 3.68 % || Ela(th) ave= 5.425E+00 b. +/- 5.62 % || RIcap ave= 6.24E+00 b. +/- 2.36 % || Macs30 ave= 6.67E-02 b. +/- 0.72 % || Gn^0(l=0) ave= 8.887E-02 +/- 4.99 % Gn^0(l=1) ave= 3.010E-01 +/- 5.77 % Gn^0(l=2) ave= 0.000E+00 +/- 0.00 % Gn^0(l=3) ave= 0.000E+00 +/- 0.00 % || Gtotal(l=0) ave= 1.468E+01 +/- 5.84 % Gtotal(l=1) ave= 1.738E+00 +/- 3.89 % Gtotal(l=2) ave= 0.000E+00 +/- 0.00 % Gtotal(l=3) ave= 0.000E+00 +/- 0.00 %  % || Gg(l=0) ave= 7.254E-02 +/- 2.31 % Gg(l=1) ave= 9.265E-02 +/- 1.21 % Gg(l=2) ave= 0.000E+00 +/- 0.00 % Gg(l=3) ave= 0.000E+00 +/- 0.00 %  % || D(l=0) ave= 1.913E+03 +/- 1.82 % D(l=1) ave= 4.276E+02 +/- 0.00 % D(l=2) ave= 0.000E+00 +/- 0.00 % D(l=3) ave= 0.000E+00 +/- 0.00 %  % || S(l=0) ave= 4.816E-05 +/- 5.26 % S(l=1) ave= 3.475E-04 +/- 5.85 % S(l=2) ave= 0.000E+00 +/- 0.00 % S(l=3) ave= 0.000E+00 +/- 0.00 % 
 ... random file  226 Cap(th)  ave= 1.300E-01 b. +/- 3.68 % || Ela(th) ave= 5.425E+00 b. +/- 5.60 % || RIcap ave= 6.24E+00 b. +/- 2.36 % || Macs30 ave= 6.67E-02 b. +/- 0.72 % || Gn^0(l=0) ave= 8.886E-02 +/- 4.98 % Gn^0(l=1) ave= 3.010E-01 +/- 5.75 % Gn^0(l=2) ave= 0.000E+00 +/- 0.00 % Gn^0(l=3) ave= 0.000E+00 +/- 0.00 % || Gtotal(l=0) ave= 1.468E+01 +/- 5.83 % Gtotal(l=1) ave= 1.739E+00 +/- 3.89 % Gtotal(l=2) ave= 0.000E+00 +/- 0.00 % Gtotal(l=3) ave= 0.000E+00 +/- 0.00 %  % || Gg(l=0) ave= 7.254E-02 +/- 2.31 % Gg(l=1) ave= 9.265E-02 +/- 1.21 % Gg(l=2) ave= 0.000E+00 +/- 0.00 % Gg(l=3) ave= 0.000E+00 +/- 0.00 %  % || D(l=0) ave= 1.913E+03 +/- 1.82 % D(l=1) ave= 4.276E+02 +/- 0.00 % D(l=2) ave= 0.000E+00 +/- 0.00 % D(l=3) ave= 0.000E+00 +/- 0.00 %  % || S(l=0) ave= 4.815E-05 +/- 5.25 % S(l=1) ave= 3.474E-04 +/- 5.84 % S(l=2) ave= 0.000E+00 +/- 0.00 % S(l=3) ave= 0.000E+00 +/- 0.00 % 
 ... random file  227 Cap(th)  ave= 1.300E-01 b. +/- 3.67 % || Ela(th) ave= 5.425E+00 b. +/- 5.59 % || RIcap ave= 6.24E+00 b. +/- 2.36 % || Macs30 ave= 6.67E-02 b. +/- 0.73 % || Gn^0(l=0) ave= 8.882E-02 +/- 5.02 % Gn^0(l=1) ave= 3.009E-01 +/- 5.74 % Gn^0(l=2) ave= 0.000E+00 +/- 0.00 % Gn^0(l=3) ave= 0.000E+00 +/- 0.00 % || Gtotal(l=0) ave= 1.467E+01 +/- 5.87 % Gtotal(l=1) ave= 1.739E+00 +/- 3.88 % Gtotal(l=2) ave= 0.000E+00 +/- 0.00 % Gtotal(l=3) ave= 0.000E+00 +/- 0.00 %  % || Gg(l=0) ave= 7.256E-02 +/- 2.32 % Gg(l=1) ave= 9.267E-02 +/- 1.23 % Gg(l=2) ave= 0.000E+00 +/- 0.00 % Gg(l=3) ave= 0.000E+00 +/- 0.00 %  % || D(l=0) ave= 1.913E+03 +/- 1.82 % D(l=1) ave= 4.276E+02 +/- 0.00 % D(l=2) ave= 0.000E+00 +/- 0.00 % D(l=3) ave= 0.000E+00 +/- 0.00 %  % || S(l=0) ave= 4.814E-05 +/- 5.27 % S(l=1) ave= 3.474E-04 +/- 5.83 % S(l=2) ave= 0.000E+00 +/- 0.00 % S(l=3) ave= 0.000E+00 +/- 0.00 % 
 ... random file  228 Cap(th)  ave= 1.300E-01 b. +/- 3.69 % || Ela(th) ave= 5.426E+00 b. +/- 5.58 % || RIcap ave= 6.24E+00 b. +/- 2.35 % || Macs30 ave= 6.67E-02 b. +/- 0.73 % || Gn^0(l=0) ave= 8.882E-02 +/- 5.01 % Gn^0(l=1) ave= 3.009E-01 +/- 5.73 % Gn^0(l=2) ave= 0.000E+00 +/- 0.00 % Gn^0(l=3) ave= 0.000E+00 +/- 0.00 % || Gtotal(l=0) ave= 1.467E+01 +/- 5.87 % Gtotal(l=1) ave= 1.738E+00 +/- 3.88 % Gtotal(l=2) ave= 0.000E+00 +/- 0.00 % Gtotal(l=3) ave= 0.000E+00 +/- 0.00 %  % || Gg(l=0) ave= 7.256E-02 +/- 2.32 % Gg(l=1) ave= 9.267E-02 +/- 1.23 % Gg(l=2) ave= 0.000E+00 +/- 0.00 % Gg(l=3) ave= 0.000E+00 +/- 0.00 %  % || D(l=0) ave= 1.913E+03 +/- 1.82 % D(l=1) ave= 4.276E+02 +/- 0.00 % D(l=2) ave= 0.000E+00 +/- 0.00 % D(l=3) ave= 0.000E+00 +/- 0.00 %  % || S(l=0) ave= 4.814E-05 +/- 5.26 % S(l=1) ave= 3.474E-04 +/- 5.82 % S(l=2) ave= 0.000E+00 +/- 0.00 % S(l=3) ave= 0.000E+00 +/- 0.00 % 
 ... random file  229 Cap(th)  ave= 1.301E-01 b. +/- 3.68 % || Ela(th) ave= 5.424E+00 b. +/- 5.61 % || RIcap ave= 6.24E+00 b. +/- 2.35 % || Macs30 ave= 6.67E-02 b. +/- 0.73 % || Gn^0(l=0) ave= 8.884E-02 +/- 5.00 % Gn^0(l=1) ave= 3.011E-01 +/- 5.75 % Gn^0(l=2) ave= 0.000E+00 +/- 0.00 % Gn^0(l=3) ave= 0.000E+00 +/- 0.00 % || Gtotal(l=0) ave= 1.467E+01 +/- 5.86 % Gtotal(l=1) ave= 1.739E+00 +/- 3.90 % Gtotal(l=2) ave= 0.000E+00 +/- 0.00 % Gtotal(l=3) ave= 0.000E+00 +/- 0.00 %  % || Gg(l=0) ave= 7.256E-02 +/- 2.32 % Gg(l=1) ave= 9.267E-02 +/- 1.23 % Gg(l=2) ave= 0.000E+00 +/- 0.00 % Gg(l=3) ave= 0.000E+00 +/- 0.00 %  % || D(l=0) ave= 1.913E+03 +/- 1.82 % D(l=1) ave= 4.276E+02 +/- 0.00 % D(l=2) ave= 0.000E+00 +/- 0.00 % D(l=3) ave= 0.000E+00 +/- 0.00 %  % || S(l=0) ave= 4.815E-05 +/- 5.26 % S(l=1) ave= 3.475E-04 +/- 5.83 % S(l=2) ave= 0.000E+00 +/- 0.00 % S(l=3) ave= 0.000E+00 +/- 0.00 % 
 ... random file  230 Cap(th)  ave= 1.301E-01 b. +/- 3.68 % || Ela(th) ave= 5.425E+00 b. +/- 5.62 % || RIcap ave= 6.24E+00 b. +/- 2.34 % || Macs30 ave= 6.67E-02 b. +/- 0.73 % || Gn^0(l=0) ave= 8.884E-02 +/- 4.99 % Gn^0(l=1) ave= 3.010E-01 +/- 5.75 % Gn^0(l=2) ave= 0.000E+00 +/- 0.00 % Gn^0(l=3) ave= 0.000E+00 +/- 0.00 % || Gtotal(l=0) ave= 1.467E+01 +/- 5.84 % Gtotal(l=1) ave= 1.739E+00 +/- 3.90 % Gtotal(l=2) ave= 0.000E+00 +/- 0.00 % Gtotal(l=3) ave= 0.000E+00 +/- 0.00 %  % || Gg(l=0) ave= 7.258E-02 +/- 2.33 % Gg(l=1) ave= 9.267E-02 +/- 1.22 % Gg(l=2) ave= 0.000E+00 +/- 0.00 % Gg(l=3) ave= 0.000E+00 +/- 0.00 %  % || D(l=0) ave= 1.913E+03 +/- 1.82 % D(l=1) ave= 4.276E+02 +/- 0.00 % D(l=2) ave= 0.000E+00 +/- 0.00 % D(l=3) ave= 0.000E+00 +/- 0.00 %  % || S(l=0) ave= 4.815E-05 +/- 5.25 % S(l=1) ave= 3.475E-04 +/- 5.83 % S(l=2) ave= 0.000E+00 +/- 0.00 % S(l=3) ave= 0.000E+00 +/- 0.00 % 
 ... random file  231 Cap(th)  ave= 1.301E-01 b. +/- 3.67 % || Ela(th) ave= 5.424E+00 b. +/- 5.62 % || RIcap ave= 6.25E+00 b. +/- 2.35 % || Macs30 ave= 6.67E-02 b. +/- 0.73 % || Gn^0(l=0) ave= 8.885E-02 +/- 4.98 % Gn^0(l=1) ave= 3.010E-01 +/- 5.74 % Gn^0(l=2) ave= 0.000E+00 +/- 0.00 % Gn^0(l=3) ave= 0.000E+00 +/- 0.00 % || Gtotal(l=0) ave= 1.468E+01 +/- 5.84 % Gtotal(l=1) ave= 1.739E+00 +/- 3.89 % Gtotal(l=2) ave= 0.000E+00 +/- 0.00 % Gtotal(l=3) ave= 0.000E+00 +/- 0.00 %  % || Gg(l=0) ave= 7.258E-02 +/- 2.33 % Gg(l=1) ave= 9.267E-02 +/- 1.22 % Gg(l=2) ave= 0.000E+00 +/- 0.00 % Gg(l=3) ave= 0.000E+00 +/- 0.00 %  % || D(l=0) ave= 1.913E+03 +/- 1.82 % D(l=1) ave= 4.276E+02 +/- 0.00 % D(l=2) ave= 0.000E+00 +/- 0.00 % D(l=3) ave= 0.000E+00 +/- 0.00 %  % || S(l=0) ave= 4.816E-05 +/- 5.24 % S(l=1) ave= 3.475E-04 +/- 5.82 % S(l=2) ave= 0.000E+00 +/- 0.00 % S(l=3) ave= 0.000E+00 +/- 0.00 % 
 ... random file  232 Cap(th)  ave= 1.301E-01 b. +/- 3.69 % || Ela(th) ave= 5.424E+00 b. +/- 5.60 % || RIcap ave= 6.25E+00 b. +/- 2.35 % || Macs30 ave= 6.67E-02 b. +/- 0.73 % || Gn^0(l=0) ave= 8.885E-02 +/- 4.97 % Gn^0(l=1) ave= 3.010E-01 +/- 5.73 % Gn^0(l=2) ave= 0.000E+00 +/- 0.00 % Gn^0(l=3) ave= 0.000E+00 +/- 0.00 % || Gtotal(l=0) ave= 1.468E+01 +/- 5.83 % Gtotal(l=1) ave= 1.739E+00 +/- 3.90 % Gtotal(l=2) ave= 0.000E+00 +/- 0.00 % Gtotal(l=3) ave= 0.000E+00 +/- 0.00 %  % || Gg(l=0) ave= 7.259E-02 +/- 2.33 % Gg(l=1) ave= 9.268E-02 +/- 1.23 % Gg(l=2) ave= 0.000E+00 +/- 0.00 % Gg(l=3) ave= 0.000E+00 +/- 0.00 %  % || D(l=0) ave= 1.912E+03 +/- 1.82 % D(l=1) ave= 4.276E+02 +/- 0.00 % D(l=2) ave= 0.000E+00 +/- 0.00 % D(l=3) ave= 0.000E+00 +/- 0.00 %  % || S(l=0) ave= 4.817E-05 +/- 5.23 % S(l=1) ave= 3.475E-04 +/- 5.81 % S(l=2) ave= 0.000E+00 +/- 0.00 % S(l=3) ave= 0.000E+00 +/- 0.00 % 
 ... random file  233 Cap(th)  ave= 1.301E-01 b. +/- 3.70 % || Ela(th) ave= 5.426E+00 b. +/- 5.61 % || RIcap ave= 6.25E+00 b. +/- 2.35 % || Macs30 ave= 6.67E-02 b. +/- 0.72 % || Gn^0(l=0) ave= 8.885E-02 +/- 4.96 % Gn^0(l=1) ave= 3.009E-01 +/- 5.74 % Gn^0(l=2) ave= 0.000E+00 +/- 0.00 % Gn^0(l=3) ave= 0.000E+00 +/- 0.00 % || Gtotal(l=0) ave= 1.468E+01 +/- 5.82 % Gtotal(l=1) ave= 1.739E+00 +/- 3.89 % Gtotal(l=2) ave= 0.000E+00 +/- 0.00 % Gtotal(l=3) ave= 0.000E+00 +/- 0.00 %  % || Gg(l=0) ave= 7.260E-02 +/- 2.33 % Gg(l=1) ave= 9.268E-02 +/- 1.22 % Gg(l=2) ave= 0.000E+00 +/- 0.00 % Gg(l=3) ave= 0.000E+00 +/- 0.00 %  % || D(l=0) ave= 1.913E+03 +/- 1.82 % D(l=1) ave= 4.276E+02 +/- 0.00 % D(l=2) ave= 0.000E+00 +/- 0.00 % D(l=3) ave= 0.000E+00 +/- 0.00 %  % || S(l=0) ave= 4.816E-05 +/- 5.23 % S(l=1) ave= 3.474E-04 +/- 5.81 % S(l=2) ave= 0.000E+00 +/- 0.00 % S(l=3) ave= 0.000E+00 +/- 0.00 % 
 ... random file  234 Cap(th)  ave= 1.301E-01 b. +/- 3.71 % || Ela(th) ave= 5.427E+00 b. +/- 5.61 % || RIcap ave= 6.25E+00 b. +/- 2.35 % || Macs30 ave= 6.67E-02 b. +/- 0.72 % || Gn^0(l=0) ave= 8.884E-02 +/- 4.96 % Gn^0(l=1) ave= 3.009E-01 +/- 5.73 % Gn^0(l=2) ave= 0.000E+00 +/- 0.00 % Gn^0(l=3) ave= 0.000E+00 +/- 0.00 % || Gtotal(l=0) ave= 1.467E+01 +/- 5.82 % Gtotal(l=1) ave= 1.739E+00 +/- 3.88 % Gtotal(l=2) ave= 0.000E+00 +/- 0.00 % Gtotal(l=3) ave= 0.000E+00 +/- 0.00 %  % || Gg(l=0) ave= 7.260E-02 +/- 2.32 % Gg(l=1) ave= 9.268E-02 +/- 1.22 % Gg(l=2) ave= 0.000E+00 +/- 0.00 % Gg(l=3) ave= 0.000E+00 +/- 0.00 %  % || D(l=0) ave= 1.913E+03 +/- 1.82 % D(l=1) ave= 4.276E+02 +/- 0.00 % D(l=2) ave= 0.000E+00 +/- 0.00 % D(l=3) ave= 0.000E+00 +/- 0.00 %  % || S(l=0) ave= 4.815E-05 +/- 5.23 % S(l=1) ave= 3.473E-04 +/- 5.81 % S(l=2) ave= 0.000E+00 +/- 0.00 % S(l=3) ave= 0.000E+00 +/- 0.00 % 
 ... random file  235 Cap(th)  ave= 1.301E-01 b. +/- 3.72 % || Ela(th) ave= 5.428E+00 b. +/- 5.60 % || RIcap ave= 6.25E+00 b. +/- 2.34 % || Macs30 ave= 6.67E-02 b. +/- 0.72 % || Gn^0(l=0) ave= 8.883E-02 +/- 4.95 % Gn^0(l=1) ave= 3.008E-01 +/- 5.72 % Gn^0(l=2) ave= 0.000E+00 +/- 0.00 % Gn^0(l=3) ave= 0.000E+00 +/- 0.00 % || Gtotal(l=0) ave= 1.467E+01 +/- 5.81 % Gtotal(l=1) ave= 1.739E+00 +/- 3.87 % Gtotal(l=2) ave= 0.000E+00 +/- 0.00 % Gtotal(l=3) ave= 0.000E+00 +/- 0.00 %  % || Gg(l=0) ave= 7.260E-02 +/- 2.32 % Gg(l=1) ave= 9.267E-02 +/- 1.22 % Gg(l=2) ave= 0.000E+00 +/- 0.00 % Gg(l=3) ave= 0.000E+00 +/- 0.00 %  % || D(l=0) ave= 1.913E+03 +/- 1.82 % D(l=1) ave= 4.276E+02 +/- 0.00 % D(l=2) ave= 0.000E+00 +/- 0.00 % D(l=3) ave= 0.000E+00 +/- 0.00 %  % || S(l=0) ave= 4.815E-05 +/- 5.22 % S(l=1) ave= 3.473E-04 +/- 5.79 % S(l=2) ave= 0.000E+00 +/- 0.00 % S(l=3) ave= 0.000E+00 +/- 0.00 % 
 ... random file  236 Cap(th)  ave= 1.301E-01 b. +/- 3.71 % || Ela(th) ave= 5.427E+00 b. +/- 5.59 % || RIcap ave= 6.25E+00 b. +/- 2.34 % || Macs30 ave= 6.67E-02 b. +/- 0.72 % || Gn^0(l=0) ave= 8.880E-02 +/- 4.98 % Gn^0(l=1) ave= 3.009E-01 +/- 5.71 % Gn^0(l=2) ave= 0.000E+00 +/- 0.00 % Gn^0(l=3) ave= 0.000E+00 +/- 0.00 % || Gtotal(l=0) ave= 1.467E+01 +/- 5.84 % Gtotal(l=1) ave= 1.738E+00 +/- 3.87 % Gtotal(l=2) ave= 0.000E+00 +/- 0.00 % Gtotal(l=3) ave= 0.000E+00 +/- 0.00 %  % || Gg(l=0) ave= 7.261E-02 +/- 2.32 % Gg(l=1) ave= 9.268E-02 +/- 1.22 % Gg(l=2) ave= 0.000E+00 +/- 0.00 % Gg(l=3) ave= 0.000E+00 +/- 0.00 %  % || D(l=0) ave= 1.913E+03 +/- 1.82 % D(l=1) ave= 4.276E+02 +/- 0.00 % D(l=2) ave= 0.000E+00 +/- 0.00 % D(l=3) ave= 0.000E+00 +/- 0.00 %  % || S(l=0) ave= 4.813E-05 +/- 5.26 % S(l=1) ave= 3.474E-04 +/- 5.78 % S(l=2) ave= 0.000E+00 +/- 0.00 % S(l=3) ave= 0.000E+00 +/- 0.00 % 
 ... random file  237 Cap(th)  ave= 1.301E-01 b. +/- 3.71 % || Ela(th) ave= 5.426E+00 b. +/- 5.59 % || RIcap ave= 6.25E+00 b. +/- 2.33 % || Macs30 ave= 6.67E-02 b. +/- 0.72 % || Gn^0(l=0) ave= 8.878E-02 +/- 4.98 % Gn^0(l=1) ave= 3.010E-01 +/- 5.71 % Gn^0(l=2) ave= 0.000E+00 +/- 0.00 % Gn^0(l=3) ave= 0.000E+00 +/- 0.00 % || Gtotal(l=0) ave= 1.466E+01 +/- 5.84 % Gtotal(l=1) ave= 1.739E+00 +/- 3.86 % Gtotal(l=2) ave= 0.000E+00 +/- 0.00 % Gtotal(l=3) ave= 0.000E+00 +/- 0.00 %  % || Gg(l=0) ave= 7.261E-02 +/- 2.32 % Gg(l=1) ave= 9.267E-02 +/- 1.22 % Gg(l=2) ave= 0.000E+00 +/- 0.00 % Gg(l=3) ave= 0.000E+00 +/- 0.00 %  % || D(l=0) ave= 1.913E+03 +/- 1.82 % D(l=1) ave= 4.276E+02 +/- 0.00 % D(l=2) ave= 0.000E+00 +/- 0.00 % D(l=3) ave= 0.000E+00 +/- 0.00 %  % || S(l=0) ave= 4.812E-05 +/- 5.25 % S(l=1) ave= 3.475E-04 +/- 5.79 % S(l=2) ave= 0.000E+00 +/- 0.00 % S(l=3) ave= 0.000E+00 +/- 0.00 % 
 ... random file  238 Cap(th)  ave= 1.301E-01 b. +/- 3.76 % || Ela(th) ave= 5.428E+00 b. +/- 5.63 % || RIcap ave= 6.25E+00 b. +/- 2.33 % || Macs30 ave= 6.67E-02 b. +/- 0.72 % || Gn^0(l=0) ave= 8.880E-02 +/- 4.99 % Gn^0(l=1) ave= 3.008E-01 +/- 5.77 % Gn^0(l=2) ave= 0.000E+00 +/- 0.00 % Gn^0(l=3) ave= 0.000E+00 +/- 0.00 % || Gtotal(l=0) ave= 1.467E+01 +/- 5.85 % Gtotal(l=1) ave= 1.739E+00 +/- 3.85 % Gtotal(l=2) ave= 0.000E+00 +/- 0.00 % Gtotal(l=3) ave= 0.000E+00 +/- 0.00 %  % || Gg(l=0) ave= 7.261E-02 +/- 2.31 % Gg(l=1) ave= 9.268E-02 +/- 1.22 % Gg(l=2) ave= 0.000E+00 +/- 0.00 % Gg(l=3) ave= 0.000E+00 +/- 0.00 %  % || D(l=0) ave= 1.913E+03 +/- 1.82 % D(l=1) ave= 4.276E+02 +/- 0.00 % D(l=2) ave= 0.000E+00 +/- 0.00 % D(l=3) ave= 0.000E+00 +/- 0.00 %  % || S(l=0) ave= 4.813E-05 +/- 5.25 % S(l=1) ave= 3.473E-04 +/- 5.85 % S(l=2) ave= 0.000E+00 +/- 0.00 % S(l=3) ave= 0.000E+00 +/- 0.00 % 
 ... random file  239 Cap(th)  ave= 1.301E-01 b. +/- 3.75 % || Ela(th) ave= 5.429E+00 b. +/- 5.61 % || RIcap ave= 6.25E+00 b. +/- 2.34 % || Macs30 ave= 6.67E-02 b. +/- 0.72 % || Gn^0(l=0) ave= 8.880E-02 +/- 4.98 % Gn^0(l=1) ave= 3.007E-01 +/- 5.77 % Gn^0(l=2) ave= 0.000E+00 +/- 0.00 % Gn^0(l=3) ave= 0.000E+00 +/- 0.00 % || Gtotal(l=0) ave= 1.467E+01 +/- 5.84 % Gtotal(l=1) ave= 1.738E+00 +/- 3.84 % Gtotal(l=2) ave= 0.000E+00 +/- 0.00 % Gtotal(l=3) ave= 0.000E+00 +/- 0.00 %  % || Gg(l=0) ave= 7.261E-02 +/- 2.31 % Gg(l=1) ave= 9.269E-02 +/- 1.23 % Gg(l=2) ave= 0.000E+00 +/- 0.00 % Gg(l=3) ave= 0.000E+00 +/- 0.00 %  % || D(l=0) ave= 1.913E+03 +/- 1.82 % D(l=1) ave= 4.276E+02 +/- 0.00 % D(l=2) ave= 0.000E+00 +/- 0.00 % D(l=3) ave= 0.000E+00 +/- 0.00 %  % || S(l=0) ave= 4.813E-05 +/- 5.24 % S(l=1) ave= 3.472E-04 +/- 5.85 % S(l=2) ave= 0.000E+00 +/- 0.00 % S(l=3) ave= 0.000E+00 +/- 0.00 % 
 ... random file  240 Cap(th)  ave= 1.302E-01 b. +/- 3.74 % || Ela(th) ave= 5.428E+00 b. +/- 5.61 % || RIcap ave= 6.25E+00 b. +/- 2.34 % || Macs30 ave= 6.67E-02 b. +/- 0.72 % || Gn^0(l=0) ave= 8.882E-02 +/- 4.98 % Gn^0(l=1) ave= 3.008E-01 +/- 5.76 % Gn^0(l=2) ave= 0.000E+00 +/- 0.00 % Gn^0(l=3) ave= 0.000E+00 +/- 0.00 % || Gtotal(l=0) ave= 1.467E+01 +/- 5.84 % Gtotal(l=1) ave= 1.738E+00 +/- 3.84 % Gtotal(l=2) ave= 0.000E+00 +/- 0.00 % Gtotal(l=3) ave= 0.000E+00 +/- 0.00 %  % || Gg(l=0) ave= 7.260E-02 +/- 2.31 % Gg(l=1) ave= 9.269E-02 +/- 1.23 % Gg(l=2) ave= 0.000E+00 +/- 0.00 % Gg(l=3) ave= 0.000E+00 +/- 0.00 %  % || D(l=0) ave= 1.913E+03 +/- 1.82 % D(l=1) ave= 4.276E+02 +/- 0.00 % D(l=2) ave= 0.000E+00 +/- 0.00 % D(l=3) ave= 0.000E+00 +/- 0.00 %  % || S(l=0) ave= 4.813E-05 +/- 5.24 % S(l=1) ave= 3.472E-04 +/- 5.84 % S(l=2) ave= 0.000E+00 +/- 0.00 % S(l=3) ave= 0.000E+00 +/- 0.00 % 
 ... random file  241 Cap(th)  ave= 1.302E-01 b. +/- 3.73 % || Ela(th) ave= 5.426E+00 b. +/- 5.63 % || RIcap ave= 6.25E+00 b. +/- 2.34 % || Macs30 ave= 6.67E-02 b. +/- 0.72 % || Gn^0(l=0) ave= 8.881E-02 +/- 4.97 % Gn^0(l=1) ave= 3.009E-01 +/- 5.76 % Gn^0(l=2) ave= 0.000E+00 +/- 0.00 % Gn^0(l=3) ave= 0.000E+00 +/- 0.00 % || Gtotal(l=0) ave= 1.467E+01 +/- 5.84 % Gtotal(l=1) ave= 1.738E+00 +/- 3.83 % Gtotal(l=2) ave= 0.000E+00 +/- 0.00 % Gtotal(l=3) ave= 0.000E+00 +/- 0.00 %  % || Gg(l=0) ave= 7.260E-02 +/- 2.30 % Gg(l=1) ave= 9.268E-02 +/- 1.23 % Gg(l=2) ave= 0.000E+00 +/- 0.00 % Gg(l=3) ave= 0.000E+00 +/- 0.00 %  % || D(l=0) ave= 1.913E+03 +/- 1.82 % D(l=1) ave= 4.276E+02 +/- 0.00 % D(l=2) ave= 0.000E+00 +/- 0.00 % D(l=3) ave= 0.000E+00 +/- 0.00 %  % || S(l=0) ave= 4.812E-05 +/- 5.24 % S(l=1) ave= 3.473E-04 +/- 5.84 % S(l=2) ave= 0.000E+00 +/- 0.00 % S(l=3) ave= 0.000E+00 +/- 0.00 % 
 ... random file  242 Cap(th)  ave= 1.302E-01 b. +/- 3.73 % || Ela(th) ave= 5.426E+00 b. +/- 5.62 % || RIcap ave= 6.25E+00 b. +/- 2.34 % || Macs30 ave= 6.67E-02 b. +/- 0.72 % || Gn^0(l=0) ave= 8.881E-02 +/- 4.96 % Gn^0(l=1) ave= 3.009E-01 +/- 5.75 % Gn^0(l=2) ave= 0.000E+00 +/- 0.00 % Gn^0(l=3) ave= 0.000E+00 +/- 0.00 % || Gtotal(l=0) ave= 1.466E+01 +/- 5.83 % Gtotal(l=1) ave= 1.738E+00 +/- 3.83 % Gtotal(l=2) ave= 0.000E+00 +/- 0.00 % Gtotal(l=3) ave= 0.000E+00 +/- 0.00 %  % || Gg(l=0) ave= 7.260E-02 +/- 2.30 % Gg(l=1) ave= 9.269E-02 +/- 1.23 % Gg(l=2) ave= 0.000E+00 +/- 0.00 % Gg(l=3) ave= 0.000E+00 +/- 0.00 %  % || D(l=0) ave= 1.913E+03 +/- 1.82 % D(l=1) ave= 4.276E+02 +/- 0.00 % D(l=2) ave= 0.000E+00 +/- 0.00 % D(l=3) ave= 0.000E+00 +/- 0.00 %  % || S(l=0) ave= 4.812E-05 +/- 5.23 % S(l=1) ave= 3.473E-04 +/- 5.83 % S(l=2) ave= 0.000E+00 +/- 0.00 % S(l=3) ave= 0.000E+00 +/- 0.00 % 
 ... random file  243 Cap(th)  ave= 1.301E-01 b. +/- 3.76 % || Ela(th) ave= 5.426E+00 b. +/- 5.61 % || RIcap ave= 6.25E+00 b. +/- 2.34 % || Macs30 ave= 6.67E-02 b. +/- 0.72 % || Gn^0(l=0) ave= 8.880E-02 +/- 4.96 % Gn^0(l=1) ave= 3.009E-01 +/- 5.74 % Gn^0(l=2) ave= 0.000E+00 +/- 0.00 % Gn^0(l=3) ave= 0.000E+00 +/- 0.00 % || Gtotal(l=0) ave= 1.466E+01 +/- 5.82 % Gtotal(l=1) ave= 1.738E+00 +/- 3.83 % Gtotal(l=2) ave= 0.000E+00 +/- 0.00 % Gtotal(l=3) ave= 0.000E+00 +/- 0.00 %  % || Gg(l=0) ave= 7.260E-02 +/- 2.30 % Gg(l=1) ave= 9.268E-02 +/- 1.23 % Gg(l=2) ave= 0.000E+00 +/- 0.00 % Gg(l=3) ave= 0.000E+00 +/- 0.00 %  % || D(l=0) ave= 1.913E+03 +/- 1.82 % D(l=1) ave= 4.276E+02 +/- 0.00 % D(l=2) ave= 0.000E+00 +/- 0.00 % D(l=3) ave= 0.000E+00 +/- 0.00 %  % || S(l=0) ave= 4.811E-05 +/- 5.22 % S(l=1) ave= 3.473E-04 +/- 5.82 % S(l=2) ave= 0.000E+00 +/- 0.00 % S(l=3) ave= 0.000E+00 +/- 0.00 % 
 ... random file  244 Cap(th)  ave= 1.301E-01 b. +/- 3.75 % || Ela(th) ave= 5.424E+00 b. +/- 5.63 % || RIcap ave= 6.25E+00 b. +/- 2.34 % || Macs30 ave= 6.67E-02 b. +/- 0.72 % || Gn^0(l=0) ave= 8.881E-02 +/- 4.95 % Gn^0(l=1) ave= 3.009E-01 +/- 5.74 % Gn^0(l=2) ave= 0.000E+00 +/- 0.00 % Gn^0(l=3) ave= 0.000E+00 +/- 0.00 % || Gtotal(l=0) ave= 1.467E+01 +/- 5.82 % Gtotal(l=1) ave= 1.738E+00 +/- 3.82 % Gtotal(l=2) ave= 0.000E+00 +/- 0.00 % Gtotal(l=3) ave= 0.000E+00 +/- 0.00 %  % || Gg(l=0) ave= 7.261E-02 +/- 2.30 % Gg(l=1) ave= 9.269E-02 +/- 1.22 % Gg(l=2) ave= 0.000E+00 +/- 0.00 % Gg(l=3) ave= 0.000E+00 +/- 0.00 %  % || D(l=0) ave= 1.914E+03 +/- 1.82 % D(l=1) ave= 4.276E+02 +/- 0.00 % D(l=2) ave= 0.000E+00 +/- 0.00 % D(l=3) ave= 0.000E+00 +/- 0.00 %  % || S(l=0) ave= 4.812E-05 +/- 5.21 % S(l=1) ave= 3.474E-04 +/- 5.82 % S(l=2) ave= 0.000E+00 +/- 0.00 % S(l=3) ave= 0.000E+00 +/- 0.00 % 
 ... random file  245 Cap(th)  ave= 1.301E-01 b. +/- 3.75 % || Ela(th) ave= 5.424E+00 b. +/- 5.62 % || RIcap ave= 6.25E+00 b. +/- 2.33 % || Macs30 ave= 6.67E-02 b. +/- 0.72 % || Gn^0(l=0) ave= 8.885E-02 +/- 4.99 % Gn^0(l=1) ave= 3.010E-01 +/- 5.74 % Gn^0(l=2) ave= 0.000E+00 +/- 0.00 % Gn^0(l=3) ave= 0.000E+00 +/- 0.00 % || Gtotal(l=0) ave= 1.467E+01 +/- 5.87 % Gtotal(l=1) ave= 1.739E+00 +/- 3.88 % Gtotal(l=2) ave= 0.000E+00 +/- 0.00 % Gtotal(l=3) ave= 0.000E+00 +/- 0.00 %  % || Gg(l=0) ave= 7.261E-02 +/- 2.30 % Gg(l=1) ave= 9.269E-02 +/- 1.23 % Gg(l=2) ave= 0.000E+00 +/- 0.00 % Gg(l=3) ave= 0.000E+00 +/- 0.00 %  % || D(l=0) ave= 1.914E+03 +/- 1.82 % D(l=1) ave= 4.276E+02 +/- 0.00 % D(l=2) ave= 0.000E+00 +/- 0.00 % D(l=3) ave= 0.000E+00 +/- 0.00 %  % || S(l=0) ave= 4.813E-05 +/- 5.23 % S(l=1) ave= 3.474E-04 +/- 5.81 % S(l=2) ave= 0.000E+00 +/- 0.00 % S(l=3) ave= 0.000E+00 +/- 0.00 % 
 ... random file  246 Cap(th)  ave= 1.302E-01 b. +/- 3.78 % || Ela(th) ave= 5.425E+00 b. +/- 5.61 % || RIcap ave= 6.25E+00 b. +/- 2.33 % || Macs30 ave= 6.67E-02 b. +/- 0.72 % || Gn^0(l=0) ave= 8.885E-02 +/- 4.98 % Gn^0(l=1) ave= 3.009E-01 +/- 5.73 % Gn^0(l=2) ave= 0.000E+00 +/- 0.00 % Gn^0(l=3) ave= 0.000E+00 +/- 0.00 % || Gtotal(l=0) ave= 1.467E+01 +/- 5.85 % Gtotal(l=1) ave= 1.739E+00 +/- 3.90 % Gtotal(l=2) ave= 0.000E+00 +/- 0.00 % Gtotal(l=3) ave= 0.000E+00 +/- 0.00 %  % || Gg(l=0) ave= 7.261E-02 +/- 2.29 % Gg(l=1) ave= 9.269E-02 +/- 1.22 % Gg(l=2) ave= 0.000E+00 +/- 0.00 % Gg(l=3) ave= 0.000E+00 +/- 0.00 %  % || D(l=0) ave= 1.914E+03 +/- 1.82 % D(l=1) ave= 4.276E+02 +/- 0.00 % D(l=2) ave= 0.000E+00 +/- 0.00 % D(l=3) ave= 0.000E+00 +/- 0.00 %  % || S(l=0) ave= 4.813E-05 +/- 5.23 % S(l=1) ave= 3.473E-04 +/- 5.80 % S(l=2) ave= 0.000E+00 +/- 0.00 % S(l=3) ave= 0.000E+00 +/- 0.00 % 
 ... random file  247 Cap(th)  ave= 1.302E-01 b. +/- 3.79 % || Ela(th) ave= 5.425E+00 b. +/- 5.60 % || RIcap ave= 6.25E+00 b. +/- 2.33 % || Macs30 ave= 6.67E-02 b. +/- 0.72 % || Gn^0(l=0) ave= 8.885E-02 +/- 4.97 % Gn^0(l=1) ave= 3.009E-01 +/- 5.72 % Gn^0(l=2) ave= 0.000E+00 +/- 0.00 % Gn^0(l=3) ave= 0.000E+00 +/- 0.00 % || Gtotal(l=0) ave= 1.467E+01 +/- 5.84 % Gtotal(l=1) ave= 1.739E+00 +/- 3.89 % Gtotal(l=2) ave= 0.000E+00 +/- 0.00 % Gtotal(l=3) ave= 0.000E+00 +/- 0.00 %  % || Gg(l=0) ave= 7.261E-02 +/- 2.29 % Gg(l=1) ave= 9.269E-02 +/- 1.22 % Gg(l=2) ave= 0.000E+00 +/- 0.00 % Gg(l=3) ave= 0.000E+00 +/- 0.00 %  % || D(l=0) ave= 1.914E+03 +/- 1.82 % D(l=1) ave= 4.276E+02 +/- 0.00 % D(l=2) ave= 0.000E+00 +/- 0.00 % D(l=3) ave= 0.000E+00 +/- 0.00 %  % || S(l=0) ave= 4.812E-05 +/- 5.22 % S(l=1) ave= 3.473E-04 +/- 5.79 % S(l=2) ave= 0.000E+00 +/- 0.00 % S(l=3) ave= 0.000E+00 +/- 0.00 % 
 ... random file  248 Cap(th)  ave= 1.302E-01 b. +/- 3.78 % || Ela(th) ave= 5.423E+00 b. +/- 5.62 % || RIcap ave= 6.25E+00 b. +/- 2.32 % || Macs30 ave= 6.67E-02 b. +/- 0.72 % || Gn^0(l=0) ave= 8.888E-02 +/- 4.99 % Gn^0(l=1) ave= 3.010E-01 +/- 5.72 % Gn^0(l=2) ave= 0.000E+00 +/- 0.00 % Gn^0(l=3) ave= 0.000E+00 +/- 0.00 % || Gtotal(l=0) ave= 1.468E+01 +/- 5.86 % Gtotal(l=1) ave= 1.739E+00 +/- 3.88 % Gtotal(l=2) ave= 0.000E+00 +/- 0.00 % Gtotal(l=3) ave= 0.000E+00 +/- 0.00 %  % || Gg(l=0) ave= 7.261E-02 +/- 2.28 % Gg(l=1) ave= 9.269E-02 +/- 1.22 % Gg(l=2) ave= 0.000E+00 +/- 0.00 % Gg(l=3) ave= 0.000E+00 +/- 0.00 %  % || D(l=0) ave= 1.914E+03 +/- 1.82 % D(l=1) ave= 4.276E+02 +/- 0.00 % D(l=2) ave= 0.000E+00 +/- 0.00 % D(l=3) ave= 0.000E+00 +/- 0.00 %  % || S(l=0) ave= 4.814E-05 +/- 5.22 % S(l=1) ave= 3.474E-04 +/- 5.79 % S(l=2) ave= 0.000E+00 +/- 0.00 % S(l=3) ave= 0.000E+00 +/- 0.00 % 
 ... random file  249 Cap(th)  ave= 1.302E-01 b. +/- 3.80 % || Ela(th) ave= 5.421E+00 b. +/- 5.64 % || RIcap ave= 6.25E+00 b. +/- 2.32 % || Macs30 ave= 6.67E-02 b. +/- 0.72 % || Gn^0(l=0) ave= 8.887E-02 +/- 4.98 % Gn^0(l=1) ave= 3.011E-01 +/- 5.73 % Gn^0(l=2) ave= 0.000E+00 +/- 0.00 % Gn^0(l=3) ave= 0.000E+00 +/- 0.00 % || Gtotal(l=0) ave= 1.467E+01 +/- 5.85 % Gtotal(l=1) ave= 1.739E+00 +/- 3.88 % Gtotal(l=2) ave= 0.000E+00 +/- 0.00 % Gtotal(l=3) ave= 0.000E+00 +/- 0.00 %  % || Gg(l=0) ave= 7.261E-02 +/- 2.28 % Gg(l=1) ave= 9.269E-02 +/- 1.22 % Gg(l=2) ave= 0.000E+00 +/- 0.00 % Gg(l=3) ave= 0.000E+00 +/- 0.00 %  % || D(l=0) ave= 1.914E+03 +/- 1.82 % D(l=1) ave= 4.276E+02 +/- 0.00 % D(l=2) ave= 0.000E+00 +/- 0.00 % D(l=3) ave= 0.000E+00 +/- 0.00 %  % || S(l=0) ave= 4.813E-05 +/- 5.22 % S(l=1) ave= 3.475E-04 +/- 5.79 % S(l=2) ave= 0.000E+00 +/- 0.00 % S(l=3) ave= 0.000E+00 +/- 0.00 % 
 ... random file  250 Cap(th)  ave= 1.302E-01 b. +/- 3.84 % || Ela(th) ave= 5.420E+00 b. +/- 5.63 % || RIcap ave= 6.25E+00 b. +/- 2.32 % || Macs30 ave= 6.67E-02 b. +/- 0.72 % || Gn^0(l=0) ave= 8.888E-02 +/- 4.97 % Gn^0(l=1) ave= 3.011E-01 +/- 5.72 % Gn^0(l=2) ave= 0.000E+00 +/- 0.00 % Gn^0(l=3) ave= 0.000E+00 +/- 0.00 % || Gtotal(l=0) ave= 1.468E+01 +/- 5.85 % Gtotal(l=1) ave= 1.739E+00 +/- 3.87 % Gtotal(l=2) ave= 0.000E+00 +/- 0.00 % Gtotal(l=3) ave= 0.000E+00 +/- 0.00 %  % || Gg(l=0) ave= 7.261E-02 +/- 2.28 % Gg(l=1) ave= 9.270E-02 +/- 1.22 % Gg(l=2) ave= 0.000E+00 +/- 0.00 % Gg(l=3) ave= 0.000E+00 +/- 0.00 %  % || D(l=0) ave= 1.914E+03 +/- 1.82 % D(l=1) ave= 4.276E+02 +/- 0.00 % D(l=2) ave= 0.000E+00 +/- 0.00 % D(l=3) ave= 0.000E+00 +/- 0.00 %  % || S(l=0) ave= 4.813E-05 +/- 5.21 % S(l=1) ave= 3.475E-04 +/- 5.78 % S(l=2) ave= 0.000E+00 +/- 0.00 % S(l=3) ave= 0.000E+00 +/- 0.00 % 
 ... random file  251 Cap(th)  ave= 1.302E-01 b. +/- 3.84 % || Ela(th) ave= 5.422E+00 b. +/- 5.64 % || RIcap ave= 6.25E+00 b. +/- 2.31 % || Macs30 ave= 6.67E-02 b. +/- 0.72 % || Gn^0(l=0) ave= 8.890E-02 +/- 4.98 % Gn^0(l=1) ave= 3.010E-01 +/- 5.73 % Gn^0(l=2) ave= 0.000E+00 +/- 0.00 % Gn^0(l=3) ave= 0.000E+00 +/- 0.00 % || Gtotal(l=0) ave= 1.468E+01 +/- 5.85 % Gtotal(l=1) ave= 1.739E+00 +/- 3.87 % Gtotal(l=2) ave= 0.000E+00 +/- 0.00 % Gtotal(l=3) ave= 0.000E+00 +/- 0.00 %  % || Gg(l=0) ave= 7.261E-02 +/- 2.27 % Gg(l=1) ave= 9.270E-02 +/- 1.22 % Gg(l=2) ave= 0.000E+00 +/- 0.00 % Gg(l=3) ave= 0.000E+00 +/- 0.00 %  % || D(l=0) ave= 1.914E+03 +/- 1.82 % D(l=1) ave= 4.276E+02 +/- 0.00 % D(l=2) ave= 0.000E+00 +/- 0.00 % D(l=3) ave= 0.000E+00 +/- 0.00 %  % || S(l=0) ave= 4.815E-05 +/- 5.22 % S(l=1) ave= 3.475E-04 +/- 5.78 % S(l=2) ave= 0.000E+00 +/- 0.00 % S(l=3) ave= 0.000E+00 +/- 0.00 % 
 ... random file  252 Cap(th)  ave= 1.302E-01 b. +/- 3.84 % || Ela(th) ave= 5.421E+00 b. +/- 5.64 % || RIcap ave= 6.25E+00 b. +/- 2.31 % || Macs30 ave= 6.67E-02 b. +/- 0.72 % || Gn^0(l=0) ave= 8.887E-02 +/- 4.99 % Gn^0(l=1) ave= 3.011E-01 +/- 5.73 % Gn^0(l=2) ave= 0.000E+00 +/- 0.00 % Gn^0(l=3) ave= 0.000E+00 +/- 0.00 % || Gtotal(l=0) ave= 1.468E+01 +/- 5.88 % Gtotal(l=1) ave= 1.739E+00 +/- 3.86 % Gtotal(l=2) ave= 0.000E+00 +/- 0.00 % Gtotal(l=3) ave= 0.000E+00 +/- 0.00 %  % || Gg(l=0) ave= 7.262E-02 +/- 2.27 % Gg(l=1) ave= 9.269E-02 +/- 1.22 % Gg(l=2) ave= 0.000E+00 +/- 0.00 % Gg(l=3) ave= 0.000E+00 +/- 0.00 %  % || D(l=0) ave= 1.914E+03 +/- 1.82 % D(l=1) ave= 4.276E+02 +/- 0.00 % D(l=2) ave= 0.000E+00 +/- 0.00 % D(l=3) ave= 0.000E+00 +/- 0.00 %  % || S(l=0) ave= 4.813E-05 +/- 5.25 % S(l=1) ave= 3.475E-04 +/- 5.78 % S(l=2) ave= 0.000E+00 +/- 0.00 % S(l=3) ave= 0.000E+00 +/- 0.00 % 
 ... random file  253 Cap(th)  ave= 1.302E-01 b. +/- 3.83 % || Ela(th) ave= 5.417E+00 b. +/- 5.72 % || RIcap ave= 6.25E+00 b. +/- 2.30 % || Macs30 ave= 6.67E-02 b. +/- 0.72 % || Gn^0(l=0) ave= 8.885E-02 +/- 5.00 % Gn^0(l=1) ave= 3.013E-01 +/- 5.79 % Gn^0(l=2) ave= 0.000E+00 +/- 0.00 % Gn^0(l=3) ave= 0.000E+00 +/- 0.00 % || Gtotal(l=0) ave= 1.467E+01 +/- 5.88 % Gtotal(l=1) ave= 1.739E+00 +/- 3.86 % Gtotal(l=2) ave= 0.000E+00 +/- 0.00 % Gtotal(l=3) ave= 0.000E+00 +/- 0.00 %  % || Gg(l=0) ave= 7.262E-02 +/- 2.27 % Gg(l=1) ave= 9.270E-02 +/- 1.22 % Gg(l=2) ave= 0.000E+00 +/- 0.00 % Gg(l=3) ave= 0.000E+00 +/- 0.00 %  % || D(l=0) ave= 1.914E+03 +/- 1.82 % D(l=1) ave= 4.276E+02 +/- 0.00 % D(l=2) ave= 0.000E+00 +/- 0.00 % D(l=3) ave= 0.000E+00 +/- 0.00 %  % || S(l=0) ave= 4.811E-05 +/- 5.26 % S(l=1) ave= 3.477E-04 +/- 5.84 % S(l=2) ave= 0.000E+00 +/- 0.00 % S(l=3) ave= 0.000E+00 +/- 0.00 % 
 ... random file  254 Cap(th)  ave= 1.302E-01 b. +/- 3.83 % || Ela(th) ave= 5.419E+00 b. +/- 5.72 % || RIcap ave= 6.25E+00 b. +/- 2.30 % || Macs30 ave= 6.67E-02 b. +/- 0.71 % || Gn^0(l=0) ave= 8.885E-02 +/- 4.99 % Gn^0(l=1) ave= 3.012E-01 +/- 5.79 % Gn^0(l=2) ave= 0.000E+00 +/- 0.00 % Gn^0(l=3) ave= 0.000E+00 +/- 0.00 % || Gtotal(l=0) ave= 1.467E+01 +/- 5.87 % Gtotal(l=1) ave= 1.739E+00 +/- 3.86 % Gtotal(l=2) ave= 0.000E+00 +/- 0.00 % Gtotal(l=3) ave= 0.000E+00 +/- 0.00 %  % || Gg(l=0) ave= 7.262E-02 +/- 2.26 % Gg(l=1) ave= 9.271E-02 +/- 1.22 % Gg(l=2) ave= 0.000E+00 +/- 0.00 % Gg(l=3) ave= 0.000E+00 +/- 0.00 %  % || D(l=0) ave= 1.914E+03 +/- 1.82 % D(l=1) ave= 4.276E+02 +/- 0.00 % D(l=2) ave= 0.000E+00 +/- 0.00 % D(l=3) ave= 0.000E+00 +/- 0.00 %  % || S(l=0) ave= 4.811E-05 +/- 5.25 % S(l=1) ave= 3.476E-04 +/- 5.84 % S(l=2) ave= 0.000E+00 +/- 0.00 % S(l=3) ave= 0.000E+00 +/- 0.00 % 
 ... random file  255 Cap(th)  ave= 1.301E-01 b. +/- 3.83 % || Ela(th) ave= 5.421E+00 b. +/- 5.75 % || RIcap ave= 6.25E+00 b. +/- 2.30 % || Macs30 ave= 6.67E-02 b. +/- 0.71 % || Gn^0(l=0) ave= 8.885E-02 +/- 4.98 % Gn^0(l=1) ave= 3.011E-01 +/- 5.81 % Gn^0(l=2) ave= 0.000E+00 +/- 0.00 % Gn^0(l=3) ave= 0.000E+00 +/- 0.00 % || Gtotal(l=0) ave= 1.467E+01 +/- 5.86 % Gtotal(l=1) ave= 1.739E+00 +/- 3.86 % Gtotal(l=2) ave= 0.000E+00 +/- 0.00 % Gtotal(l=3) ave= 0.000E+00 +/- 0.00 %  % || Gg(l=0) ave= 7.261E-02 +/- 2.26 % Gg(l=1) ave= 9.271E-02 +/- 1.22 % Gg(l=2) ave= 0.000E+00 +/- 0.00 % Gg(l=3) ave= 0.000E+00 +/- 0.00 %  % || D(l=0) ave= 1.914E+03 +/- 1.82 % D(l=1) ave= 4.276E+02 +/- 0.00 % D(l=2) ave= 0.000E+00 +/- 0.00 % D(l=3) ave= 0.000E+00 +/- 0.00 %  % || S(l=0) ave= 4.812E-05 +/- 5.24 % S(l=1) ave= 3.475E-04 +/- 5.86 % S(l=2) ave= 0.000E+00 +/- 0.00 % S(l=3) ave= 0.000E+00 +/- 0.00 % 
 ... random file  256 Cap(th)  ave= 1.301E-01 b. +/- 3.82 % || Ela(th) ave= 5.419E+00 b. +/- 5.76 % || RIcap ave= 6.25E+00 b. +/- 2.30 % || Macs30 ave= 6.67E-02 b. +/- 0.71 % || Gn^0(l=0) ave= 8.884E-02 +/- 4.97 % Gn^0(l=1) ave= 3.013E-01 +/- 5.85 % Gn^0(l=2) ave= 0.000E+00 +/- 0.00 % Gn^0(l=3) ave= 0.000E+00 +/- 0.00 % || Gtotal(l=0) ave= 1.467E+01 +/- 5.86 % Gtotal(l=1) ave= 1.739E+00 +/- 3.85 % Gtotal(l=2) ave= 0.000E+00 +/- 0.00 % Gtotal(l=3) ave= 0.000E+00 +/- 0.00 %  % || Gg(l=0) ave= 7.260E-02 +/- 2.27 % Gg(l=1) ave= 9.272E-02 +/- 1.22 % Gg(l=2) ave= 0.000E+00 +/- 0.00 % Gg(l=3) ave= 0.000E+00 +/- 0.00 %  % || D(l=0) ave= 1.914E+03 +/- 1.82 % D(l=1) ave= 4.276E+02 +/- 0.00 % D(l=2) ave= 0.000E+00 +/- 0.00 % D(l=3) ave= 0.000E+00 +/- 0.00 %  % || S(l=0) ave= 4.812E-05 +/- 5.23 % S(l=1) ave= 3.477E-04 +/- 5.90 % S(l=2) ave= 0.000E+00 +/- 0.00 % S(l=3) ave= 0.000E+00 +/- 0.00 % 
 ... random file  257 Cap(th)  ave= 1.301E-01 b. +/- 3.82 % || Ela(th) ave= 5.419E+00 b. +/- 5.75 % || RIcap ave= 6.25E+00 b. +/- 2.30 % || Macs30 ave= 6.67E-02 b. +/- 0.71 % || Gn^0(l=0) ave= 8.883E-02 +/- 4.97 % Gn^0(l=1) ave= 3.013E-01 +/- 5.84 % Gn^0(l=2) ave= 0.000E+00 +/- 0.00 % Gn^0(l=3) ave= 0.000E+00 +/- 0.00 % || Gtotal(l=0) ave= 1.467E+01 +/- 5.84 % Gtotal(l=1) ave= 1.739E+00 +/- 3.84 % Gtotal(l=2) ave= 0.000E+00 +/- 0.00 % Gtotal(l=3) ave= 0.000E+00 +/- 0.00 %  % || Gg(l=0) ave= 7.260E-02 +/- 2.27 % Gg(l=1) ave= 9.272E-02 +/- 1.22 % Gg(l=2) ave= 0.000E+00 +/- 0.00 % Gg(l=3) ave= 0.000E+00 +/- 0.00 %  % || D(l=0) ave= 1.914E+03 +/- 1.82 % D(l=1) ave= 4.276E+02 +/- 0.00 % D(l=2) ave= 0.000E+00 +/- 0.00 % D(l=3) ave= 0.000E+00 +/- 0.00 %  % || S(l=0) ave= 4.812E-05 +/- 5.22 % S(l=1) ave= 3.477E-04 +/- 5.89 % S(l=2) ave= 0.000E+00 +/- 0.00 % S(l=3) ave= 0.000E+00 +/- 0.00 % 
 ... random file  258 Cap(th)  ave= 1.301E-01 b. +/- 3.81 % || Ela(th) ave= 5.420E+00 b. +/- 5.74 % || RIcap ave= 6.25E+00 b. +/- 2.30 % || Macs30 ave= 6.67E-02 b. +/- 0.71 % || Gn^0(l=0) ave= 8.882E-02 +/- 4.96 % Gn^0(l=1) ave= 3.013E-01 +/- 5.83 % Gn^0(l=2) ave= 0.000E+00 +/- 0.00 % Gn^0(l=3) ave= 0.000E+00 +/- 0.00 % || Gtotal(l=0) ave= 1.467E+01 +/- 5.84 % Gtotal(l=1) ave= 1.739E+00 +/- 3.84 % Gtotal(l=2) ave= 0.000E+00 +/- 0.00 % Gtotal(l=3) ave= 0.000E+00 +/- 0.00 %  % || Gg(l=0) ave= 7.259E-02 +/- 2.27 % Gg(l=1) ave= 9.271E-02 +/- 1.22 % Gg(l=2) ave= 0.000E+00 +/- 0.00 % Gg(l=3) ave= 0.000E+00 +/- 0.00 %  % || D(l=0) ave= 1.914E+03 +/- 1.82 % D(l=1) ave= 4.276E+02 +/- 0.00 % D(l=2) ave= 0.000E+00 +/- 0.00 % D(l=3) ave= 0.000E+00 +/- 0.00 %  % || S(l=0) ave= 4.811E-05 +/- 5.21 % S(l=1) ave= 3.477E-04 +/- 5.88 % S(l=2) ave= 0.000E+00 +/- 0.00 % S(l=3) ave= 0.000E+00 +/- 0.00 % 
 ... random file  259 Cap(th)  ave= 1.301E-01 b. +/- 3.80 % || Ela(th) ave= 5.419E+00 b. +/- 5.73 % || RIcap ave= 6.25E+00 b. +/- 2.30 % || Macs30 ave= 6.67E-02 b. +/- 0.71 % || Gn^0(l=0) ave= 8.883E-02 +/- 4.95 % Gn^0(l=1) ave= 3.013E-01 +/- 5.82 % Gn^0(l=2) ave= 0.000E+00 +/- 0.00 % Gn^0(l=3) ave= 0.000E+00 +/- 0.00 % || Gtotal(l=0) ave= 1.467E+01 +/- 5.83 % Gtotal(l=1) ave= 1.739E+00 +/- 3.83 % Gtotal(l=2) ave= 0.000E+00 +/- 0.00 % Gtotal(l=3) ave= 0.000E+00 +/- 0.00 %  % || Gg(l=0) ave= 7.259E-02 +/- 2.26 % Gg(l=1) ave= 9.271E-02 +/- 1.22 % Gg(l=2) ave= 0.000E+00 +/- 0.00 % Gg(l=3) ave= 0.000E+00 +/- 0.00 %  % || D(l=0) ave= 1.914E+03 +/- 1.82 % D(l=1) ave= 4.276E+02 +/- 0.00 % D(l=2) ave= 0.000E+00 +/- 0.00 % D(l=3) ave= 0.000E+00 +/- 0.00 %  % || S(l=0) ave= 4.812E-05 +/- 5.21 % S(l=1) ave= 3.477E-04 +/- 5.87 % S(l=2) ave= 0.000E+00 +/- 0.00 % S(l=3) ave= 0.000E+00 +/- 0.00 % 
 ... random file  260 Cap(th)  ave= 1.301E-01 b. +/- 3.80 % || Ela(th) ave= 5.421E+00 b. +/- 5.76 % || RIcap ave= 6.25E+00 b. +/- 2.30 % || Macs30 ave= 6.67E-02 b. +/- 0.71 % || Gn^0(l=0) ave= 8.883E-02 +/- 4.94 % Gn^0(l=1) ave= 3.012E-01 +/- 5.85 % Gn^0(l=2) ave= 0.000E+00 +/- 0.00 % Gn^0(l=3) ave= 0.000E+00 +/- 0.00 % || Gtotal(l=0) ave= 1.467E+01 +/- 5.82 % Gtotal(l=1) ave= 1.739E+00 +/- 3.83 % Gtotal(l=2) ave= 0.000E+00 +/- 0.00 % Gtotal(l=3) ave= 0.000E+00 +/- 0.00 %  % || Gg(l=0) ave= 7.259E-02 +/- 2.26 % Gg(l=1) ave= 9.271E-02 +/- 1.22 % Gg(l=2) ave= 0.000E+00 +/- 0.00 % Gg(l=3) ave= 0.000E+00 +/- 0.00 %  % || D(l=0) ave= 1.914E+03 +/- 1.82 % D(l=1) ave= 4.276E+02 +/- 0.00 % D(l=2) ave= 0.000E+00 +/- 0.00 % D(l=3) ave= 0.000E+00 +/- 0.00 %  % || S(l=0) ave= 4.812E-05 +/- 5.20 % S(l=1) ave= 3.475E-04 +/- 5.90 % S(l=2) ave= 0.000E+00 +/- 0.00 % S(l=3) ave= 0.000E+00 +/- 0.00 % 
 ... random file  261 Cap(th)  ave= 1.301E-01 b. +/- 3.80 % || Ela(th) ave= 5.421E+00 b. +/- 5.76 % || RIcap ave= 6.25E+00 b. +/- 2.30 % || Macs30 ave= 6.67E-02 b. +/- 0.71 % || Gn^0(l=0) ave= 8.882E-02 +/- 4.94 % Gn^0(l=1) ave= 3.011E-01 +/- 5.84 % Gn^0(l=2) ave= 0.000E+00 +/- 0.00 % Gn^0(l=3) ave= 0.000E+00 +/- 0.00 % || Gtotal(l=0) ave= 1.467E+01 +/- 5.82 % Gtotal(l=1) ave= 1.739E+00 +/- 3.83 % Gtotal(l=2) ave= 0.000E+00 +/- 0.00 % Gtotal(l=3) ave= 0.000E+00 +/- 0.00 %  % || Gg(l=0) ave= 7.259E-02 +/- 2.26 % Gg(l=1) ave= 9.271E-02 +/- 1.22 % Gg(l=2) ave= 0.000E+00 +/- 0.00 % Gg(l=3) ave= 0.000E+00 +/- 0.00 %  % || D(l=0) ave= 1.914E+03 +/- 1.82 % D(l=1) ave= 4.276E+02 +/- 0.00 % D(l=2) ave= 0.000E+00 +/- 0.00 % D(l=3) ave= 0.000E+00 +/- 0.00 %  % || S(l=0) ave= 4.811E-05 +/- 5.19 % S(l=1) ave= 3.475E-04 +/- 5.89 % S(l=2) ave= 0.000E+00 +/- 0.00 % S(l=3) ave= 0.000E+00 +/- 0.00 % 
 ... random file  262 Cap(th)  ave= 1.302E-01 b. +/- 3.86 % || Ela(th) ave= 5.419E+00 b. +/- 5.76 % || RIcap ave= 6.25E+00 b. +/- 2.31 % || Macs30 ave= 6.67E-02 b. +/- 0.71 % || Gn^0(l=0) ave= 8.884E-02 +/- 4.94 % Gn^0(l=1) ave= 3.012E-01 +/- 5.83 % Gn^0(l=2) ave= 0.000E+00 +/- 0.00 % Gn^0(l=3) ave= 0.000E+00 +/- 0.00 % || Gtotal(l=0) ave= 1.467E+01 +/- 5.81 % Gtotal(l=1) ave= 1.739E+00 +/- 3.83 % Gtotal(l=2) ave= 0.000E+00 +/- 0.00 % Gtotal(l=3) ave= 0.000E+00 +/- 0.00 %  % || Gg(l=0) ave= 7.259E-02 +/- 2.25 % Gg(l=1) ave= 9.272E-02 +/- 1.22 % Gg(l=2) ave= 0.000E+00 +/- 0.00 % Gg(l=3) ave= 0.000E+00 +/- 0.00 %  % || D(l=0) ave= 1.914E+03 +/- 1.82 % D(l=1) ave= 4.276E+02 +/- 0.00 % D(l=2) ave= 0.000E+00 +/- 0.00 % D(l=3) ave= 0.000E+00 +/- 0.00 %  % || S(l=0) ave= 4.812E-05 +/- 5.19 % S(l=1) ave= 3.476E-04 +/- 5.88 % S(l=2) ave= 0.000E+00 +/- 0.00 % S(l=3) ave= 0.000E+00 +/- 0.00 % 
 ... random file  263 Cap(th)  ave= 1.302E-01 b. +/- 3.86 % || Ela(th) ave= 5.421E+00 b. +/- 5.77 % || RIcap ave= 6.25E+00 b. +/- 2.30 % || Macs30 ave= 6.67E-02 b. +/- 0.71 % || Gn^0(l=0) ave= 8.884E-02 +/- 4.93 % Gn^0(l=1) ave= 3.011E-01 +/- 5.85 % Gn^0(l=2) ave= 0.000E+00 +/- 0.00 % Gn^0(l=3) ave= 0.000E+00 +/- 0.00 % || Gtotal(l=0) ave= 1.467E+01 +/- 5.80 % Gtotal(l=1) ave= 1.738E+00 +/- 3.83 % Gtotal(l=2) ave= 0.000E+00 +/- 0.00 % Gtotal(l=3) ave= 0.000E+00 +/- 0.00 %  % || Gg(l=0) ave= 7.259E-02 +/- 2.25 % Gg(l=1) ave= 9.271E-02 +/- 1.22 % Gg(l=2) ave= 0.000E+00 +/- 0.00 % Gg(l=3) ave= 0.000E+00 +/- 0.00 %  % || D(l=0) ave= 1.914E+03 +/- 1.82 % D(l=1) ave= 4.276E+02 +/- 0.00 % D(l=2) ave= 0.000E+00 +/- 0.00 % D(l=3) ave= 0.000E+00 +/- 0.00 %  % || S(l=0) ave= 4.812E-05 +/- 5.18 % S(l=1) ave= 3.475E-04 +/- 5.89 % S(l=2) ave= 0.000E+00 +/- 0.00 % S(l=3) ave= 0.000E+00 +/- 0.00 % 
 ... random file  264 Cap(th)  ave= 1.302E-01 b. +/- 3.87 % || Ela(th) ave= 5.422E+00 b. +/- 5.77 % || RIcap ave= 6.25E+00 b. +/- 2.30 % || Macs30 ave= 6.67E-02 b. +/- 0.71 % || Gn^0(l=0) ave= 8.883E-02 +/- 4.92 % Gn^0(l=1) ave= 3.010E-01 +/- 5.85 % Gn^0(l=2) ave= 0.000E+00 +/- 0.00 % Gn^0(l=3) ave= 0.000E+00 +/- 0.00 % || Gtotal(l=0) ave= 1.467E+01 +/- 5.79 % Gtotal(l=1) ave= 1.738E+00 +/- 3.82 % Gtotal(l=2) ave= 0.000E+00 +/- 0.00 % Gtotal(l=3) ave= 0.000E+00 +/- 0.00 %  % || Gg(l=0) ave= 7.258E-02 +/- 2.24 % Gg(l=1) ave= 9.272E-02 +/- 1.23 % Gg(l=2) ave= 0.000E+00 +/- 0.00 % Gg(l=3) ave= 0.000E+00 +/- 0.00 %  % || D(l=0) ave= 1.914E+03 +/- 1.82 % D(l=1) ave= 4.276E+02 +/- 0.00 % D(l=2) ave= 0.000E+00 +/- 0.00 % D(l=3) ave= 0.000E+00 +/- 0.00 %  % || S(l=0) ave= 4.812E-05 +/- 5.17 % S(l=1) ave= 3.474E-04 +/- 5.90 % S(l=2) ave= 0.000E+00 +/- 0.00 % S(l=3) ave= 0.000E+00 +/- 0.00 % 
 ... random file  265 Cap(th)  ave= 1.302E-01 b. +/- 3.86 % || Ela(th) ave= 5.423E+00 b. +/- 5.77 % || RIcap ave= 6.25E+00 b. +/- 2.30 % || Macs30 ave= 6.67E-02 b. +/- 0.71 % || Gn^0(l=0) ave= 8.884E-02 +/- 4.92 % Gn^0(l=1) ave= 3.009E-01 +/- 5.86 % Gn^0(l=2) ave= 0.000E+00 +/- 0.00 % Gn^0(l=3) ave= 0.000E+00 +/- 0.00 % || Gtotal(l=0) ave= 1.467E+01 +/- 5.78 % Gtotal(l=1) ave= 1.738E+00 +/- 3.82 % Gtotal(l=2) ave= 0.000E+00 +/- 0.00 % Gtotal(l=3) ave= 0.000E+00 +/- 0.00 %  % || Gg(l=0) ave= 7.259E-02 +/- 2.24 % Gg(l=1) ave= 9.272E-02 +/- 1.23 % Gg(l=2) ave= 0.000E+00 +/- 0.00 % Gg(l=3) ave= 0.000E+00 +/- 0.00 %  % || D(l=0) ave= 1.914E+03 +/- 1.82 % D(l=1) ave= 4.276E+02 +/- 0.00 % D(l=2) ave= 0.000E+00 +/- 0.00 % D(l=3) ave= 0.000E+00 +/- 0.00 %  % || S(l=0) ave= 4.812E-05 +/- 5.16 % S(l=1) ave= 3.473E-04 +/- 5.90 % S(l=2) ave= 0.000E+00 +/- 0.00 % S(l=3) ave= 0.000E+00 +/- 0.00 % 
 ... random file  266 Cap(th)  ave= 1.302E-01 b. +/- 3.86 % || Ela(th) ave= 5.424E+00 b. +/- 5.76 % || RIcap ave= 6.25E+00 b. +/- 2.32 % || Macs30 ave= 6.67E-02 b. +/- 0.71 % || Gn^0(l=0) ave= 8.884E-02 +/- 4.91 % Gn^0(l=1) ave= 3.009E-01 +/- 5.86 % Gn^0(l=2) ave= 0.000E+00 +/- 0.00 % Gn^0(l=3) ave= 0.000E+00 +/- 0.00 % || Gtotal(l=0) ave= 1.467E+01 +/- 5.77 % Gtotal(l=1) ave= 1.739E+00 +/- 3.81 % Gtotal(l=2) ave= 0.000E+00 +/- 0.00 % Gtotal(l=3) ave= 0.000E+00 +/- 0.00 %  % || Gg(l=0) ave= 7.259E-02 +/- 2.24 % Gg(l=1) ave= 9.272E-02 +/- 1.23 % Gg(l=2) ave= 0.000E+00 +/- 0.00 % Gg(l=3) ave= 0.000E+00 +/- 0.00 %  % || D(l=0) ave= 1.914E+03 +/- 1.82 % D(l=1) ave= 4.276E+02 +/- 0.00 % D(l=2) ave= 0.000E+00 +/- 0.00 % D(l=3) ave= 0.000E+00 +/- 0.00 %  % || S(l=0) ave= 4.812E-05 +/- 5.15 % S(l=1) ave= 3.472E-04 +/- 5.90 % S(l=2) ave= 0.000E+00 +/- 0.00 % S(l=3) ave= 0.000E+00 +/- 0.00 % 
 ... random file  267 Cap(th)  ave= 1.302E-01 b. +/- 3.85 % || Ela(th) ave= 5.425E+00 b. +/- 5.76 % || RIcap ave= 6.25E+00 b. +/- 2.33 % || Macs30 ave= 6.67E-02 b. +/- 0.71 % || Gn^0(l=0) ave= 8.886E-02 +/- 4.91 % Gn^0(l=1) ave= 3.008E-01 +/- 5.86 % Gn^0(l=2) ave= 0.000E+00 +/- 0.00 % Gn^0(l=3) ave= 0.000E+00 +/- 0.00 % || Gtotal(l=0) ave= 1.468E+01 +/- 5.77 % Gtotal(l=1) ave= 1.739E+00 +/- 3.80 % Gtotal(l=2) ave= 0.000E+00 +/- 0.00 % Gtotal(l=3) ave= 0.000E+00 +/- 0.00 %  % || Gg(l=0) ave= 7.260E-02 +/- 2.24 % Gg(l=1) ave= 9.272E-02 +/- 1.22 % Gg(l=2) ave= 0.000E+00 +/- 0.00 % Gg(l=3) ave= 0.000E+00 +/- 0.00 %  % || D(l=0) ave= 1.914E+03 +/- 1.82 % D(l=1) ave= 4.276E+02 +/- 0.00 % D(l=2) ave= 0.000E+00 +/- 0.00 % D(l=3) ave= 0.000E+00 +/- 0.00 %  % || S(l=0) ave= 4.813E-05 +/- 5.15 % S(l=1) ave= 3.472E-04 +/- 5.90 % S(l=2) ave= 0.000E+00 +/- 0.00 % S(l=3) ave= 0.000E+00 +/- 0.00 % 
 ... random file  268 Cap(th)  ave= 1.303E-01 b. +/- 3.86 % || Ela(th) ave= 5.425E+00 b. +/- 5.75 % || RIcap ave= 6.25E+00 b. +/- 2.33 % || Macs30 ave= 6.67E-02 b. +/- 0.70 % || Gn^0(l=0) ave= 8.886E-02 +/- 4.90 % Gn^0(l=1) ave= 3.008E-01 +/- 5.85 % Gn^0(l=2) ave= 0.000E+00 +/- 0.00 % Gn^0(l=3) ave= 0.000E+00 +/- 0.00 % || Gtotal(l=0) ave= 1.468E+01 +/- 5.77 % Gtotal(l=1) ave= 1.738E+00 +/- 3.81 % Gtotal(l=2) ave= 0.000E+00 +/- 0.00 % Gtotal(l=3) ave= 0.000E+00 +/- 0.00 %  % || Gg(l=0) ave= 7.261E-02 +/- 2.25 % Gg(l=1) ave= 9.272E-02 +/- 1.22 % Gg(l=2) ave= 0.000E+00 +/- 0.00 % Gg(l=3) ave= 0.000E+00 +/- 0.00 %  % || D(l=0) ave= 1.914E+03 +/- 1.82 % D(l=1) ave= 4.276E+02 +/- 0.00 % D(l=2) ave= 0.000E+00 +/- 0.00 % D(l=3) ave= 0.000E+00 +/- 0.00 %  % || S(l=0) ave= 4.814E-05 +/- 5.14 % S(l=1) ave= 3.472E-04 +/- 5.89 % S(l=2) ave= 0.000E+00 +/- 0.00 % S(l=3) ave= 0.000E+00 +/- 0.00 % 
 ... random file  269 Cap(th)  ave= 1.303E-01 b. +/- 3.86 % || Ela(th) ave= 5.427E+00 b. +/- 5.78 % || RIcap ave= 6.25E+00 b. +/- 2.34 % || Macs30 ave= 6.67E-02 b. +/- 0.70 % || Gn^0(l=0) ave= 8.887E-02 +/- 4.89 % Gn^0(l=1) ave= 3.007E-01 +/- 5.89 % Gn^0(l=2) ave= 0.000E+00 +/- 0.00 % Gn^0(l=3) ave= 0.000E+00 +/- 0.00 % || Gtotal(l=0) ave= 1.468E+01 +/- 5.76 % Gtotal(l=1) ave= 1.738E+00 +/- 3.82 % Gtotal(l=2) ave= 0.000E+00 +/- 0.00 % Gtotal(l=3) ave= 0.000E+00 +/- 0.00 %  % || Gg(l=0) ave= 7.261E-02 +/- 2.25 % Gg(l=1) ave= 9.272E-02 +/- 1.22 % Gg(l=2) ave= 0.000E+00 +/- 0.00 % Gg(l=3) ave= 0.000E+00 +/- 0.00 %  % || D(l=0) ave= 1.914E+03 +/- 1.82 % D(l=1) ave= 4.276E+02 +/- 0.00 % D(l=2) ave= 0.000E+00 +/- 0.00 % D(l=3) ave= 0.000E+00 +/- 0.00 %  % || S(l=0) ave= 4.813E-05 +/- 5.13 % S(l=1) ave= 3.470E-04 +/- 5.93 % S(l=2) ave= 0.000E+00 +/- 0.00 % S(l=3) ave= 0.000E+00 +/- 0.00 % 
 ... random file  270 Cap(th)  ave= 1.303E-01 b. +/- 3.86 % || Ela(th) ave= 5.426E+00 b. +/- 5.79 % || RIcap ave= 6.25E+00 b. +/- 2.34 % || Macs30 ave= 6.67E-02 b. +/- 0.70 % || Gn^0(l=0) ave= 8.885E-02 +/- 4.89 % Gn^0(l=1) ave= 3.007E-01 +/- 5.88 % Gn^0(l=2) ave= 0.000E+00 +/- 0.00 % Gn^0(l=3) ave= 0.000E+00 +/- 0.00 % || Gtotal(l=0) ave= 1.468E+01 +/- 5.75 % Gtotal(l=1) ave= 1.737E+00 +/- 3.84 % Gtotal(l=2) ave= 0.000E+00 +/- 0.00 % Gtotal(l=3) ave= 0.000E+00 +/- 0.00 %  % || Gg(l=0) ave= 7.261E-02 +/- 2.24 % Gg(l=1) ave= 9.272E-02 +/- 1.22 % Gg(l=2) ave= 0.000E+00 +/- 0.00 % Gg(l=3) ave= 0.000E+00 +/- 0.00 %  % || D(l=0) ave= 1.914E+03 +/- 1.82 % D(l=1) ave= 4.276E+02 +/- 0.00 % D(l=2) ave= 0.000E+00 +/- 0.00 % D(l=3) ave= 0.000E+00 +/- 0.00 %  % || S(l=0) ave= 4.813E-05 +/- 5.12 % S(l=1) ave= 3.471E-04 +/- 5.93 % S(l=2) ave= 0.000E+00 +/- 0.00 % S(l=3) ave= 0.000E+00 +/- 0.00 % 
 ... random file  271 Cap(th)  ave= 1.303E-01 b. +/- 3.86 % || Ela(th) ave= 5.426E+00 b. +/- 5.78 % || RIcap ave= 6.25E+00 b. +/- 2.34 % || Macs30 ave= 6.67E-02 b. +/- 0.70 % || Gn^0(l=0) ave= 8.884E-02 +/- 4.88 % Gn^0(l=1) ave= 3.007E-01 +/- 5.87 % Gn^0(l=2) ave= 0.000E+00 +/- 0.00 % Gn^0(l=3) ave= 0.000E+00 +/- 0.00 % || Gtotal(l=0) ave= 1.468E+01 +/- 5.74 % Gtotal(l=1) ave= 1.737E+00 +/- 3.84 % Gtotal(l=2) ave= 0.000E+00 +/- 0.00 % Gtotal(l=3) ave= 0.000E+00 +/- 0.00 %  % || Gg(l=0) ave= 7.260E-02 +/- 2.26 % Gg(l=1) ave= 9.272E-02 +/- 1.22 % Gg(l=2) ave= 0.000E+00 +/- 0.00 % Gg(l=3) ave= 0.000E+00 +/- 0.00 %  % || D(l=0) ave= 1.914E+03 +/- 1.82 % D(l=1) ave= 4.276E+02 +/- 0.00 % D(l=2) ave= 0.000E+00 +/- 0.00 % D(l=3) ave= 0.000E+00 +/- 0.00 %  % || S(l=0) ave= 4.813E-05 +/- 5.12 % S(l=1) ave= 3.470E-04 +/- 5.92 % S(l=2) ave= 0.000E+00 +/- 0.00 % S(l=3) ave= 0.000E+00 +/- 0.00 % 
 ... random file  272 Cap(th)  ave= 1.303E-01 b. +/- 3.85 % || Ela(th) ave= 5.423E+00 b. +/- 5.81 % || RIcap ave= 6.25E+00 b. +/- 2.33 % || Macs30 ave= 6.67E-02 b. +/- 0.70 % || Gn^0(l=0) ave= 8.883E-02 +/- 4.88 % Gn^0(l=1) ave= 3.008E-01 +/- 5.88 % Gn^0(l=2) ave= 0.000E+00 +/- 0.00 % Gn^0(l=3) ave= 0.000E+00 +/- 0.00 % || Gtotal(l=0) ave= 1.467E+01 +/- 5.74 % Gtotal(l=1) ave= 1.737E+00 +/- 3.83 % Gtotal(l=2) ave= 0.000E+00 +/- 0.00 % Gtotal(l=3) ave= 0.000E+00 +/- 0.00 %  % || Gg(l=0) ave= 7.260E-02 +/- 2.25 % Gg(l=1) ave= 9.272E-02 +/- 1.22 % Gg(l=2) ave= 0.000E+00 +/- 0.00 % Gg(l=3) ave= 0.000E+00 +/- 0.00 %  % || D(l=0) ave= 1.914E+03 +/- 1.82 % D(l=1) ave= 4.276E+02 +/- 0.00 % D(l=2) ave= 0.000E+00 +/- 0.00 % D(l=3) ave= 0.000E+00 +/- 0.00 %  % || S(l=0) ave= 4.813E-05 +/- 5.11 % S(l=1) ave= 3.471E-04 +/- 5.92 % S(l=2) ave= 0.000E+00 +/- 0.00 % S(l=3) ave= 0.000E+00 +/- 0.00 % 
 ... random file  273 Cap(th)  ave= 1.303E-01 b. +/- 3.86 % || Ela(th) ave= 5.425E+00 b. +/- 5.81 % || RIcap ave= 6.25E+00 b. +/- 2.33 % || Macs30 ave= 6.67E-02 b. +/- 0.70 % || Gn^0(l=0) ave= 8.880E-02 +/- 4.91 % Gn^0(l=1) ave= 3.007E-01 +/- 5.88 % Gn^0(l=2) ave= 0.000E+00 +/- 0.00 % Gn^0(l=3) ave= 0.000E+00 +/- 0.00 % || Gtotal(l=0) ave= 1.467E+01 +/- 5.78 % Gtotal(l=1) ave= 1.737E+00 +/- 3.83 % Gtotal(l=2) ave= 0.000E+00 +/- 0.00 % Gtotal(l=3) ave= 0.000E+00 +/- 0.00 %  % || Gg(l=0) ave= 7.260E-02 +/- 2.25 % Gg(l=1) ave= 9.272E-02 +/- 1.22 % Gg(l=2) ave= 0.000E+00 +/- 0.00 % Gg(l=3) ave= 0.000E+00 +/- 0.00 %  % || D(l=0) ave= 1.914E+03 +/- 1.82 % D(l=1) ave= 4.276E+02 +/- 0.00 % D(l=2) ave= 0.000E+00 +/- 0.00 % D(l=3) ave= 0.000E+00 +/- 0.00 %  % || S(l=0) ave= 4.811E-05 +/- 5.15 % S(l=1) ave= 3.471E-04 +/- 5.92 % S(l=2) ave= 0.000E+00 +/- 0.00 % S(l=3) ave= 0.000E+00 +/- 0.00 % 
 ... random file  274 Cap(th)  ave= 1.303E-01 b. +/- 3.85 % || Ela(th) ave= 5.425E+00 b. +/- 5.80 % || RIcap ave= 6.25E+00 b. +/- 2.33 % || Macs30 ave= 6.67E-02 b. +/- 0.70 % || Gn^0(l=0) ave= 8.878E-02 +/- 4.91 % Gn^0(l=1) ave= 3.007E-01 +/- 5.87 % Gn^0(l=2) ave= 0.000E+00 +/- 0.00 % Gn^0(l=3) ave= 0.000E+00 +/- 0.00 % || Gtotal(l=0) ave= 1.466E+01 +/- 5.80 % Gtotal(l=1) ave= 1.737E+00 +/- 3.82 % Gtotal(l=2) ave= 0.000E+00 +/- 0.00 % Gtotal(l=3) ave= 0.000E+00 +/- 0.00 %  % || Gg(l=0) ave= 7.259E-02 +/- 2.25 % Gg(l=1) ave= 9.273E-02 +/- 1.23 % Gg(l=2) ave= 0.000E+00 +/- 0.00 % Gg(l=3) ave= 0.000E+00 +/- 0.00 %  % || D(l=0) ave= 1.914E+03 +/- 1.82 % D(l=1) ave= 4.276E+02 +/- 0.00 % D(l=2) ave= 0.000E+00 +/- 0.00 % D(l=3) ave= 0.000E+00 +/- 0.00 %  % || S(l=0) ave= 4.809E-05 +/- 5.16 % S(l=1) ave= 3.471E-04 +/- 5.91 % S(l=2) ave= 0.000E+00 +/- 0.00 % S(l=3) ave= 0.000E+00 +/- 0.00 % 
 ... random file  275 Cap(th)  ave= 1.303E-01 b. +/- 3.85 % || Ela(th) ave= 5.425E+00 b. +/- 5.79 % || RIcap ave= 6.25E+00 b. +/- 2.33 % || Macs30 ave= 6.67E-02 b. +/- 0.70 % || Gn^0(l=0) ave= 8.879E-02 +/- 4.90 % Gn^0(l=1) ave= 3.007E-01 +/- 5.86 % Gn^0(l=2) ave= 0.000E+00 +/- 0.00 % Gn^0(l=3) ave= 0.000E+00 +/- 0.00 % || Gtotal(l=0) ave= 1.466E+01 +/- 5.79 % Gtotal(l=1) ave= 1.737E+00 +/- 3.82 % Gtotal(l=2) ave= 0.000E+00 +/- 0.00 % Gtotal(l=3) ave= 0.000E+00 +/- 0.00 %  % || Gg(l=0) ave= 7.260E-02 +/- 2.25 % Gg(l=1) ave= 9.273E-02 +/- 1.23 % Gg(l=2) ave= 0.000E+00 +/- 0.00 % Gg(l=3) ave= 0.000E+00 +/- 0.00 %  % || D(l=0) ave= 1.914E+03 +/- 1.82 % D(l=1) ave= 4.276E+02 +/- 0.00 % D(l=2) ave= 0.000E+00 +/- 0.00 % D(l=3) ave= 0.000E+00 +/- 0.00 %  % || S(l=0) ave= 4.809E-05 +/- 5.15 % S(l=1) ave= 3.471E-04 +/- 5.90 % S(l=2) ave= 0.000E+00 +/- 0.00 % S(l=3) ave= 0.000E+00 +/- 0.00 % 
 ... random file  276 Cap(th)  ave= 1.304E-01 b. +/- 3.84 % || Ela(th) ave= 5.426E+00 b. +/- 5.78 % || RIcap ave= 6.25E+00 b. +/- 2.33 % || Macs30 ave= 6.67E-02 b. +/- 0.71 % || Gn^0(l=0) ave= 8.881E-02 +/- 4.91 % Gn^0(l=1) ave= 3.007E-01 +/- 5.86 % Gn^0(l=2) ave= 0.000E+00 +/- 0.00 % Gn^0(l=3) ave= 0.000E+00 +/- 0.00 % || Gtotal(l=0) ave= 1.467E+01 +/- 5.79 % Gtotal(l=1) ave= 1.737E+00 +/- 3.81 % Gtotal(l=2) ave= 0.000E+00 +/- 0.00 % Gtotal(l=3) ave= 0.000E+00 +/- 0.00 %  % || Gg(l=0) ave= 7.259E-02 +/- 2.25 % Gg(l=1) ave= 9.273E-02 +/- 1.22 % Gg(l=2) ave= 0.000E+00 +/- 0.00 % Gg(l=3) ave= 0.000E+00 +/- 0.00 %  % || D(l=0) ave= 1.914E+03 +/- 1.82 % D(l=1) ave= 4.276E+02 +/- 0.00 % D(l=2) ave= 0.000E+00 +/- 0.00 % D(l=3) ave= 0.000E+00 +/- 0.00 %  % || S(l=0) ave= 4.810E-05 +/- 5.15 % S(l=1) ave= 3.470E-04 +/- 5.89 % S(l=2) ave= 0.000E+00 +/- 0.00 % S(l=3) ave= 0.000E+00 +/- 0.00 % 
 ... random file  277 Cap(th)  ave= 1.304E-01 b. +/- 3.84 % || Ela(th) ave= 5.427E+00 b. +/- 5.77 % || RIcap ave= 6.25E+00 b. +/- 2.33 % || Macs30 ave= 6.67E-02 b. +/- 0.70 % || Gn^0(l=0) ave= 8.882E-02 +/- 4.91 % Gn^0(l=1) ave= 3.007E-01 +/- 5.85 % Gn^0(l=2) ave= 0.000E+00 +/- 0.00 % Gn^0(l=3) ave= 0.000E+00 +/- 0.00 % || Gtotal(l=0) ave= 1.467E+01 +/- 5.79 % Gtotal(l=1) ave= 1.737E+00 +/- 3.80 % Gtotal(l=2) ave= 0.000E+00 +/- 0.00 % Gtotal(l=3) ave= 0.000E+00 +/- 0.00 %  % || Gg(l=0) ave= 7.260E-02 +/- 2.25 % Gg(l=1) ave= 9.274E-02 +/- 1.22 % Gg(l=2) ave= 0.000E+00 +/- 0.00 % Gg(l=3) ave= 0.000E+00 +/- 0.00 %  % || D(l=0) ave= 1.914E+03 +/- 1.82 % D(l=1) ave= 4.276E+02 +/- 0.00 % D(l=2) ave= 0.000E+00 +/- 0.00 % D(l=3) ave= 0.000E+00 +/- 0.00 %  % || S(l=0) ave= 4.811E-05 +/- 5.15 % S(l=1) ave= 3.470E-04 +/- 5.88 % S(l=2) ave= 0.000E+00 +/- 0.00 % S(l=3) ave= 0.000E+00 +/- 0.00 % 
 ... random file  278 Cap(th)  ave= 1.304E-01 b. +/- 3.84 % || Ela(th) ave= 5.427E+00 b. +/- 5.76 % || RIcap ave= 6.25E+00 b. +/- 2.33 % || Macs30 ave= 6.67E-02 b. +/- 0.71 % || Gn^0(l=0) ave= 8.884E-02 +/- 4.90 % Gn^0(l=1) ave= 3.006E-01 +/- 5.84 % Gn^0(l=2) ave= 0.000E+00 +/- 0.00 % Gn^0(l=3) ave= 0.000E+00 +/- 0.00 % || Gtotal(l=0) ave= 1.467E+01 +/- 5.79 % Gtotal(l=1) ave= 1.737E+00 +/- 3.80 % Gtotal(l=2) ave= 0.000E+00 +/- 0.00 % Gtotal(l=3) ave= 0.000E+00 +/- 0.00 %  % || Gg(l=0) ave= 7.259E-02 +/- 2.25 % Gg(l=1) ave= 9.273E-02 +/- 1.22 % Gg(l=2) ave= 0.000E+00 +/- 0.00 % Gg(l=3) ave= 0.000E+00 +/- 0.00 %  % || D(l=0) ave= 1.914E+03 +/- 1.82 % D(l=1) ave= 4.276E+02 +/- 0.00 % D(l=2) ave= 0.000E+00 +/- 0.00 % D(l=3) ave= 0.000E+00 +/- 0.00 %  % || S(l=0) ave= 4.812E-05 +/- 5.15 % S(l=1) ave= 3.470E-04 +/- 5.88 % S(l=2) ave= 0.000E+00 +/- 0.00 % S(l=3) ave= 0.000E+00 +/- 0.00 % 
 ... random file  279 Cap(th)  ave= 1.304E-01 b. +/- 3.84 % || Ela(th) ave= 5.426E+00 b. +/- 5.76 % || RIcap ave= 6.25E+00 b. +/- 2.32 % || Macs30 ave= 6.67E-02 b. +/- 0.71 % || Gn^0(l=0) ave= 8.881E-02 +/- 4.92 % Gn^0(l=1) ave= 3.007E-01 +/- 5.84 % Gn^0(l=2) ave= 0.000E+00 +/- 0.00 % Gn^0(l=3) ave= 0.000E+00 +/- 0.00 % || Gtotal(l=0) ave= 1.467E+01 +/- 5.80 % Gtotal(l=1) ave= 1.737E+00 +/- 3.79 % Gtotal(l=2) ave= 0.000E+00 +/- 0.00 % Gtotal(l=3) ave= 0.000E+00 +/- 0.00 %  % || Gg(l=0) ave= 7.259E-02 +/- 2.24 % Gg(l=1) ave= 9.272E-02 +/- 1.23 % Gg(l=2) ave= 0.000E+00 +/- 0.00 % Gg(l=3) ave= 0.000E+00 +/- 0.00 %  % || D(l=0) ave= 1.914E+03 +/- 1.82 % D(l=1) ave= 4.276E+02 +/- 0.00 % D(l=2) ave= 0.000E+00 +/- 0.00 % D(l=3) ave= 0.000E+00 +/- 0.00 %  % || S(l=0) ave= 4.811E-05 +/- 5.18 % S(l=1) ave= 3.470E-04 +/- 5.87 % S(l=2) ave= 0.000E+00 +/- 0.00 % S(l=3) ave= 0.000E+00 +/- 0.00 % 
 ... random file  280 Cap(th)  ave= 1.304E-01 b. +/- 3.84 % || Ela(th) ave= 5.428E+00 b. +/- 5.76 % || RIcap ave= 6.25E+00 b. +/- 2.32 % || Macs30 ave= 6.67E-02 b. +/- 0.71 % || Gn^0(l=0) ave= 8.880E-02 +/- 4.91 % Gn^0(l=1) ave= 3.006E-01 +/- 5.84 % Gn^0(l=2) ave= 0.000E+00 +/- 0.00 % Gn^0(l=3) ave= 0.000E+00 +/- 0.00 % || Gtotal(l=0) ave= 1.467E+01 +/- 5.80 % Gtotal(l=1) ave= 1.737E+00 +/- 3.79 % Gtotal(l=2) ave= 0.000E+00 +/- 0.00 % Gtotal(l=3) ave= 0.000E+00 +/- 0.00 %  % || Gg(l=0) ave= 7.260E-02 +/- 2.24 % Gg(l=1) ave= 9.273E-02 +/- 1.23 % Gg(l=2) ave= 0.000E+00 +/- 0.00 % Gg(l=3) ave= 0.000E+00 +/- 0.00 %  % || D(l=0) ave= 1.914E+03 +/- 1.82 % D(l=1) ave= 4.276E+02 +/- 0.00 % D(l=2) ave= 0.000E+00 +/- 0.00 % D(l=3) ave= 0.000E+00 +/- 0.00 %  % || S(l=0) ave= 4.810E-05 +/- 5.18 % S(l=1) ave= 3.469E-04 +/- 5.88 % S(l=2) ave= 0.000E+00 +/- 0.00 % S(l=3) ave= 0.000E+00 +/- 0.00 % 
 ... random file  281 Cap(th)  ave= 1.304E-01 b. +/- 3.84 % || Ela(th) ave= 5.426E+00 b. +/- 5.78 % || RIcap ave= 6.25E+00 b. +/- 2.32 % || Macs30 ave= 6.67E-02 b. +/- 0.71 % || Gn^0(l=0) ave= 8.880E-02 +/- 4.91 % Gn^0(l=1) ave= 3.007E-01 +/- 5.86 % Gn^0(l=2) ave= 0.000E+00 +/- 0.00 % Gn^0(l=3) ave= 0.000E+00 +/- 0.00 % || Gtotal(l=0) ave= 1.467E+01 +/- 5.79 % Gtotal(l=1) ave= 1.737E+00 +/- 3.78 % Gtotal(l=2) ave= 0.000E+00 +/- 0.00 % Gtotal(l=3) ave= 0.000E+00 +/- 0.00 %  % || Gg(l=0) ave= 7.260E-02 +/- 2.24 % Gg(l=1) ave= 9.272E-02 +/- 1.22 % Gg(l=2) ave= 0.000E+00 +/- 0.00 % Gg(l=3) ave= 0.000E+00 +/- 0.00 %  % || D(l=0) ave= 1.914E+03 +/- 1.82 % D(l=1) ave= 4.276E+02 +/- 0.00 % D(l=2) ave= 0.000E+00 +/- 0.00 % D(l=3) ave= 0.000E+00 +/- 0.00 %  % || S(l=0) ave= 4.810E-05 +/- 5.17 % S(l=1) ave= 3.471E-04 +/- 5.91 % S(l=2) ave= 0.000E+00 +/- 0.00 % S(l=3) ave= 0.000E+00 +/- 0.00 % 
 ... random file  282 Cap(th)  ave= 1.304E-01 b. +/- 3.84 % || Ela(th) ave= 5.426E+00 b. +/- 5.77 % || RIcap ave= 6.25E+00 b. +/- 2.32 % || Macs30 ave= 6.67E-02 b. +/- 0.71 % || Gn^0(l=0) ave= 8.881E-02 +/- 4.90 % Gn^0(l=1) ave= 3.007E-01 +/- 5.85 % Gn^0(l=2) ave= 0.000E+00 +/- 0.00 % Gn^0(l=3) ave= 0.000E+00 +/- 0.00 % || Gtotal(l=0) ave= 1.467E+01 +/- 5.78 % Gtotal(l=1) ave= 1.737E+00 +/- 3.78 % Gtotal(l=2) ave= 0.000E+00 +/- 0.00 % Gtotal(l=3) ave= 0.000E+00 +/- 0.00 %  % || Gg(l=0) ave= 7.259E-02 +/- 2.24 % Gg(l=1) ave= 9.272E-02 +/- 1.23 % Gg(l=2) ave= 0.000E+00 +/- 0.00 % Gg(l=3) ave= 0.000E+00 +/- 0.00 %  % || D(l=0) ave= 1.914E+03 +/- 1.82 % D(l=1) ave= 4.276E+02 +/- 0.00 % D(l=2) ave= 0.000E+00 +/- 0.00 % D(l=3) ave= 0.000E+00 +/- 0.00 %  % || S(l=0) ave= 4.811E-05 +/- 5.16 % S(l=1) ave= 3.471E-04 +/- 5.90 % S(l=2) ave= 0.000E+00 +/- 0.00 % S(l=3) ave= 0.000E+00 +/- 0.00 % 
 ... random file  283 Cap(th)  ave= 1.304E-01 b. +/- 3.83 % || Ela(th) ave= 5.425E+00 b. +/- 5.77 % || RIcap ave= 6.25E+00 b. +/- 2.33 % || Macs30 ave= 6.67E-02 b. +/- 0.71 % || Gn^0(l=0) ave= 8.883E-02 +/- 4.90 % Gn^0(l=1) ave= 3.008E-01 +/- 5.84 % Gn^0(l=2) ave= 0.000E+00 +/- 0.00 % Gn^0(l=3) ave= 0.000E+00 +/- 0.00 % || Gtotal(l=0) ave= 1.467E+01 +/- 5.77 % Gtotal(l=1) ave= 1.737E+00 +/- 3.77 % Gtotal(l=2) ave= 0.000E+00 +/- 0.00 % Gtotal(l=3) ave= 0.000E+00 +/- 0.00 %  % || Gg(l=0) ave= 7.260E-02 +/- 2.24 % Gg(l=1) ave= 9.272E-02 +/- 1.23 % Gg(l=2) ave= 0.000E+00 +/- 0.00 % Gg(l=3) ave= 0.000E+00 +/- 0.00 %  % || D(l=0) ave= 1.914E+03 +/- 1.82 % D(l=1) ave= 4.276E+02 +/- 0.00 % D(l=2) ave= 0.000E+00 +/- 0.00 % D(l=3) ave= 0.000E+00 +/- 0.00 %  % || S(l=0) ave= 4.812E-05 +/- 5.17 % S(l=1) ave= 3.471E-04 +/- 5.89 % S(l=2) ave= 0.000E+00 +/- 0.00 % S(l=3) ave= 0.000E+00 +/- 0.00 % 
 ... random file  284 Cap(th)  ave= 1.304E-01 b. +/- 3.83 % || Ela(th) ave= 5.424E+00 b. +/- 5.77 % || RIcap ave= 6.25E+00 b. +/- 2.32 % || Macs30 ave= 6.67E-02 b. +/- 0.71 % || Gn^0(l=0) ave= 8.883E-02 +/- 4.89 % Gn^0(l=1) ave= 3.008E-01 +/- 5.83 % Gn^0(l=2) ave= 0.000E+00 +/- 0.00 % Gn^0(l=3) ave= 0.000E+00 +/- 0.00 % || Gtotal(l=0) ave= 1.467E+01 +/- 5.76 % Gtotal(l=1) ave= 1.737E+00 +/- 3.76 % Gtotal(l=2) ave= 0.000E+00 +/- 0.00 % Gtotal(l=3) ave= 0.000E+00 +/- 0.00 %  % || Gg(l=0) ave= 7.260E-02 +/- 2.24 % Gg(l=1) ave= 9.272E-02 +/- 1.23 % Gg(l=2) ave= 0.000E+00 +/- 0.00 % Gg(l=3) ave= 0.000E+00 +/- 0.00 %  % || D(l=0) ave= 1.914E+03 +/- 1.82 % D(l=1) ave= 4.276E+02 +/- 0.00 % D(l=2) ave= 0.000E+00 +/- 0.00 % D(l=3) ave= 0.000E+00 +/- 0.00 %  % || S(l=0) ave= 4.812E-05 +/- 5.16 % S(l=1) ave= 3.471E-04 +/- 5.88 % S(l=2) ave= 0.000E+00 +/- 0.00 % S(l=3) ave= 0.000E+00 +/- 0.00 % 
 ... random file  285 Cap(th)  ave= 1.304E-01 b. +/- 3.83 % || Ela(th) ave= 5.423E+00 b. +/- 5.76 % || RIcap ave= 6.25E+00 b. +/- 2.32 % || Macs30 ave= 6.67E-02 b. +/- 0.71 % || Gn^0(l=0) ave= 8.883E-02 +/- 4.88 % Gn^0(l=1) ave= 3.008E-01 +/- 5.83 % Gn^0(l=2) ave= 0.000E+00 +/- 0.00 % Gn^0(l=3) ave= 0.000E+00 +/- 0.00 % || Gtotal(l=0) ave= 1.467E+01 +/- 5.75 % Gtotal(l=1) ave= 1.737E+00 +/- 3.77 % Gtotal(l=2) ave= 0.000E+00 +/- 0.00 % Gtotal(l=3) ave= 0.000E+00 +/- 0.00 %  % || Gg(l=0) ave= 7.260E-02 +/- 2.23 % Gg(l=1) ave= 9.272E-02 +/- 1.23 % Gg(l=2) ave= 0.000E+00 +/- 0.00 % Gg(l=3) ave= 0.000E+00 +/- 0.00 %  % || D(l=0) ave= 1.914E+03 +/- 1.82 % D(l=1) ave= 4.276E+02 +/- 0.00 % D(l=2) ave= 0.000E+00 +/- 0.00 % D(l=3) ave= 0.000E+00 +/- 0.00 %  % || S(l=0) ave= 4.812E-05 +/- 5.15 % S(l=1) ave= 3.472E-04 +/- 5.88 % S(l=2) ave= 0.000E+00 +/- 0.00 % S(l=3) ave= 0.000E+00 +/- 0.00 % 
 ... random file  286 Cap(th)  ave= 1.304E-01 b. +/- 3.82 % || Ela(th) ave= 5.425E+00 b. +/- 5.76 % || RIcap ave= 6.25E+00 b. +/- 2.32 % || Macs30 ave= 6.67E-02 b. +/- 0.71 % || Gn^0(l=0) ave= 8.883E-02 +/- 4.87 % Gn^0(l=1) ave= 3.008E-01 +/- 5.82 % Gn^0(l=2) ave= 0.000E+00 +/- 0.00 % Gn^0(l=3) ave= 0.000E+00 +/- 0.00 % || Gtotal(l=0) ave= 1.467E+01 +/- 5.74 % Gtotal(l=1) ave= 1.738E+00 +/- 3.77 % Gtotal(l=2) ave= 0.000E+00 +/- 0.00 % Gtotal(l=3) ave= 0.000E+00 +/- 0.00 %  % || Gg(l=0) ave= 7.260E-02 +/- 2.23 % Gg(l=1) ave= 9.273E-02 +/- 1.23 % Gg(l=2) ave= 0.000E+00 +/- 0.00 % Gg(l=3) ave= 0.000E+00 +/- 0.00 %  % || D(l=0) ave= 1.914E+03 +/- 1.82 % D(l=1) ave= 4.276E+02 +/- 0.00 % D(l=2) ave= 0.000E+00 +/- 0.00 % D(l=3) ave= 0.000E+00 +/- 0.00 %  % || S(l=0) ave= 4.813E-05 +/- 5.15 % S(l=1) ave= 3.472E-04 +/- 5.88 % S(l=2) ave= 0.000E+00 +/- 0.00 % S(l=3) ave= 0.000E+00 +/- 0.00 % 
 ... random file  287 Cap(th)  ave= 1.304E-01 b. +/- 3.82 % || Ela(th) ave= 5.424E+00 b. +/- 5.76 % || RIcap ave= 6.25E+00 b. +/- 2.31 % || Macs30 ave= 6.67E-02 b. +/- 0.71 % || Gn^0(l=0) ave= 8.882E-02 +/- 4.87 % Gn^0(l=1) ave= 3.008E-01 +/- 5.82 % Gn^0(l=2) ave= 0.000E+00 +/- 0.00 % Gn^0(l=3) ave= 0.000E+00 +/- 0.00 % || Gtotal(l=0) ave= 1.467E+01 +/- 5.74 % Gtotal(l=1) ave= 1.738E+00 +/- 3.77 % Gtotal(l=2) ave= 0.000E+00 +/- 0.00 % Gtotal(l=3) ave= 0.000E+00 +/- 0.00 %  % || Gg(l=0) ave= 7.261E-02 +/- 2.23 % Gg(l=1) ave= 9.273E-02 +/- 1.23 % Gg(l=2) ave= 0.000E+00 +/- 0.00 % Gg(l=3) ave= 0.000E+00 +/- 0.00 %  % || D(l=0) ave= 1.913E+03 +/- 1.82 % D(l=1) ave= 4.276E+02 +/- 0.00 % D(l=2) ave= 0.000E+00 +/- 0.00 % D(l=3) ave= 0.000E+00 +/- 0.00 %  % || S(l=0) ave= 4.812E-05 +/- 5.14 % S(l=1) ave= 3.472E-04 +/- 5.87 % S(l=2) ave= 0.000E+00 +/- 0.00 % S(l=3) ave= 0.000E+00 +/- 0.00 % 
 ... random file  288 Cap(th)  ave= 1.304E-01 b. +/- 3.82 % || Ela(th) ave= 5.425E+00 b. +/- 5.76 % || RIcap ave= 6.25E+00 b. +/- 2.31 % || Macs30 ave= 6.67E-02 b. +/- 0.71 % || Gn^0(l=0) ave= 8.878E-02 +/- 4.90 % Gn^0(l=1) ave= 3.008E-01 +/- 5.82 % Gn^0(l=2) ave= 0.000E+00 +/- 0.00 % Gn^0(l=3) ave= 0.000E+00 +/- 0.00 % || Gtotal(l=0) ave= 1.466E+01 +/- 5.77 % Gtotal(l=1) ave= 1.738E+00 +/- 3.76 % Gtotal(l=2) ave= 0.000E+00 +/- 0.00 % Gtotal(l=3) ave= 0.000E+00 +/- 0.00 %  % || Gg(l=0) ave= 7.261E-02 +/- 2.23 % Gg(l=1) ave= 9.272E-02 +/- 1.22 % Gg(l=2) ave= 0.000E+00 +/- 0.00 % Gg(l=3) ave= 0.000E+00 +/- 0.00 %  % || D(l=0) ave= 1.913E+03 +/- 1.82 % D(l=1) ave= 4.276E+02 +/- 0.00 % D(l=2) ave= 0.000E+00 +/- 0.00 % D(l=3) ave= 0.000E+00 +/- 0.00 %  % || S(l=0) ave= 4.811E-05 +/- 5.16 % S(l=1) ave= 3.472E-04 +/- 5.87 % S(l=2) ave= 0.000E+00 +/- 0.00 % S(l=3) ave= 0.000E+00 +/- 0.00 % 
 ... random file  289 Cap(th)  ave= 1.304E-01 b. +/- 3.81 % || Ela(th) ave= 5.426E+00 b. +/- 5.76 % || RIcap ave= 6.25E+00 b. +/- 2.31 % || Macs30 ave= 6.67E-02 b. +/- 0.71 % || Gn^0(l=0) ave= 8.878E-02 +/- 4.90 % Gn^0(l=1) ave= 3.007E-01 +/- 5.81 % Gn^0(l=2) ave= 0.000E+00 +/- 0.00 % Gn^0(l=3) ave= 0.000E+00 +/- 0.00 % || Gtotal(l=0) ave= 1.466E+01 +/- 5.77 % Gtotal(l=1) ave= 1.738E+00 +/- 3.76 % Gtotal(l=2) ave= 0.000E+00 +/- 0.00 % Gtotal(l=3) ave= 0.000E+00 +/- 0.00 %  % || Gg(l=0) ave= 7.261E-02 +/- 2.23 % Gg(l=1) ave= 9.272E-02 +/- 1.22 % Gg(l=2) ave= 0.000E+00 +/- 0.00 % Gg(l=3) ave= 0.000E+00 +/- 0.00 %  % || D(l=0) ave= 1.913E+03 +/- 1.82 % D(l=1) ave= 4.276E+02 +/- 0.00 % D(l=2) ave= 0.000E+00 +/- 0.00 % D(l=3) ave= 0.000E+00 +/- 0.00 %  % || S(l=0) ave= 4.810E-05 +/- 5.16 % S(l=1) ave= 3.471E-04 +/- 5.86 % S(l=2) ave= 0.000E+00 +/- 0.00 % S(l=3) ave= 0.000E+00 +/- 0.00 % 
 ... random file  290 Cap(th)  ave= 1.304E-01 b. +/- 3.81 % || Ela(th) ave= 5.425E+00 b. +/- 5.75 % || RIcap ave= 6.25E+00 b. +/- 2.30 % || Macs30 ave= 6.67E-02 b. +/- 0.71 % || Gn^0(l=0) ave= 8.879E-02 +/- 4.89 % Gn^0(l=1) ave= 3.008E-01 +/- 5.81 % Gn^0(l=2) ave= 0.000E+00 +/- 0.00 % Gn^0(l=3) ave= 0.000E+00 +/- 0.00 % || Gtotal(l=0) ave= 1.466E+01 +/- 5.77 % Gtotal(l=1) ave= 1.738E+00 +/- 3.75 % Gtotal(l=2) ave= 0.000E+00 +/- 0.00 % Gtotal(l=3) ave= 0.000E+00 +/- 0.00 %  % || Gg(l=0) ave= 7.261E-02 +/- 2.23 % Gg(l=1) ave= 9.273E-02 +/- 1.22 % Gg(l=2) ave= 0.000E+00 +/- 0.00 % Gg(l=3) ave= 0.000E+00 +/- 0.00 %  % || D(l=0) ave= 1.913E+03 +/- 1.82 % D(l=1) ave= 4.276E+02 +/- 0.00 % D(l=2) ave= 0.000E+00 +/- 0.00 % D(l=3) ave= 0.000E+00 +/- 0.00 %  % || S(l=0) ave= 4.811E-05 +/- 5.16 % S(l=1) ave= 3.472E-04 +/- 5.86 % S(l=2) ave= 0.000E+00 +/- 0.00 % S(l=3) ave= 0.000E+00 +/- 0.00 % 
 ... random file  291 Cap(th)  ave= 1.304E-01 b. +/- 3.81 % || Ela(th) ave= 5.425E+00 b. +/- 5.74 % || RIcap ave= 6.25E+00 b. +/- 2.30 % || Macs30 ave= 6.67E-02 b. +/- 0.71 % || Gn^0(l=0) ave= 8.880E-02 +/- 4.89 % Gn^0(l=1) ave= 3.007E-01 +/- 5.80 % Gn^0(l=2) ave= 0.000E+00 +/- 0.00 % Gn^0(l=3) ave= 0.000E+00 +/- 0.00 % || Gtotal(l=0) ave= 1.466E+01 +/- 5.76 % Gtotal(l=1) ave= 1.737E+00 +/- 3.75 % Gtotal(l=2) ave= 0.000E+00 +/- 0.00 % Gtotal(l=3) ave= 0.000E+00 +/- 0.00 %  % || Gg(l=0) ave= 7.261E-02 +/- 2.23 % Gg(l=1) ave= 9.273E-02 +/- 1.22 % Gg(l=2) ave= 0.000E+00 +/- 0.00 % Gg(l=3) ave= 0.000E+00 +/- 0.00 %  % || D(l=0) ave= 1.913E+03 +/- 1.82 % D(l=1) ave= 4.276E+02 +/- 0.00 % D(l=2) ave= 0.000E+00 +/- 0.00 % D(l=3) ave= 0.000E+00 +/- 0.00 %  % || S(l=0) ave= 4.811E-05 +/- 5.15 % S(l=1) ave= 3.471E-04 +/- 5.85 % S(l=2) ave= 0.000E+00 +/- 0.00 % S(l=3) ave= 0.000E+00 +/- 0.00 % 
 ... random file  292 Cap(th)  ave= 1.304E-01 b. +/- 3.82 % || Ela(th) ave= 5.425E+00 b. +/- 5.74 % || RIcap ave= 6.25E+00 b. +/- 2.30 % || Macs30 ave= 6.67E-02 b. +/- 0.71 % || Gn^0(l=0) ave= 8.878E-02 +/- 4.89 % Gn^0(l=1) ave= 3.008E-01 +/- 5.80 % Gn^0(l=2) ave= 0.000E+00 +/- 0.00 % Gn^0(l=3) ave= 0.000E+00 +/- 0.00 % || Gtotal(l=0) ave= 1.466E+01 +/- 5.76 % Gtotal(l=1) ave= 1.738E+00 +/- 3.76 % Gtotal(l=2) ave= 0.000E+00 +/- 0.00 % Gtotal(l=3) ave= 0.000E+00 +/- 0.00 %  % || Gg(l=0) ave= 7.261E-02 +/- 2.23 % Gg(l=1) ave= 9.272E-02 +/- 1.22 % Gg(l=2) ave= 0.000E+00 +/- 0.00 % Gg(l=3) ave= 0.000E+00 +/- 0.00 %  % || D(l=0) ave= 1.913E+03 +/- 1.82 % D(l=1) ave= 4.276E+02 +/- 0.00 % D(l=2) ave= 0.000E+00 +/- 0.00 % D(l=3) ave= 0.000E+00 +/- 0.00 %  % || S(l=0) ave= 4.810E-05 +/- 5.15 % S(l=1) ave= 3.472E-04 +/- 5.85 % S(l=2) ave= 0.000E+00 +/- 0.00 % S(l=3) ave= 0.000E+00 +/- 0.00 % 
 ... random file  293 Cap(th)  ave= 1.303E-01 b. +/- 3.82 % || Ela(th) ave= 5.424E+00 b. +/- 5.73 % || RIcap ave= 6.25E+00 b. +/- 2.30 % || Macs30 ave= 6.67E-02 b. +/- 0.71 % || Gn^0(l=0) ave= 8.876E-02 +/- 4.90 % Gn^0(l=1) ave= 3.008E-01 +/- 5.79 % Gn^0(l=2) ave= 0.000E+00 +/- 0.00 % Gn^0(l=3) ave= 0.000E+00 +/- 0.00 % || Gtotal(l=0) ave= 1.466E+01 +/- 5.76 % Gtotal(l=1) ave= 1.738E+00 +/- 3.75 % Gtotal(l=2) ave= 0.000E+00 +/- 0.00 % Gtotal(l=3) ave= 0.000E+00 +/- 0.00 %  % || Gg(l=0) ave= 7.260E-02 +/- 2.23 % Gg(l=1) ave= 9.273E-02 +/- 1.22 % Gg(l=2) ave= 0.000E+00 +/- 0.00 % Gg(l=3) ave= 0.000E+00 +/- 0.00 %  % || D(l=0) ave= 1.913E+03 +/- 1.82 % D(l=1) ave= 4.276E+02 +/- 0.00 % D(l=2) ave= 0.000E+00 +/- 0.00 % D(l=3) ave= 0.000E+00 +/- 0.00 %  % || S(l=0) ave= 4.810E-05 +/- 5.14 % S(l=1) ave= 3.472E-04 +/- 5.84 % S(l=2) ave= 0.000E+00 +/- 0.00 % S(l=3) ave= 0.000E+00 +/- 0.00 % 
 ... random file  294 Cap(th)  ave= 1.303E-01 b. +/- 3.82 % || Ela(th) ave= 5.425E+00 b. +/- 5.74 % || RIcap ave= 6.25E+00 b. +/- 2.30 % || Macs30 ave= 6.67E-02 b. +/- 0.71 % || Gn^0(l=0) ave= 8.876E-02 +/- 4.89 % Gn^0(l=1) ave= 3.007E-01 +/- 5.80 % Gn^0(l=2) ave= 0.000E+00 +/- 0.00 % Gn^0(l=3) ave= 0.000E+00 +/- 0.00 % || Gtotal(l=0) ave= 1.466E+01 +/- 5.75 % Gtotal(l=1) ave= 1.738E+00 +/- 3.75 % Gtotal(l=2) ave= 0.000E+00 +/- 0.00 % Gtotal(l=3) ave= 0.000E+00 +/- 0.00 %  % || Gg(l=0) ave= 7.261E-02 +/- 2.23 % Gg(l=1) ave= 9.273E-02 +/- 1.21 % Gg(l=2) ave= 0.000E+00 +/- 0.00 % Gg(l=3) ave= 0.000E+00 +/- 0.00 %  % || D(l=0) ave= 1.913E+03 +/- 1.82 % D(l=1) ave= 4.276E+02 +/- 0.00 % D(l=2) ave= 0.000E+00 +/- 0.00 % D(l=3) ave= 0.000E+00 +/- 0.00 %  % || S(l=0) ave= 4.810E-05 +/- 5.14 % S(l=1) ave= 3.471E-04 +/- 5.85 % S(l=2) ave= 0.000E+00 +/- 0.00 % S(l=3) ave= 0.000E+00 +/- 0.00 % 
 ... random file  295 Cap(th)  ave= 1.304E-01 b. +/- 3.83 % || Ela(th) ave= 5.426E+00 b. +/- 5.73 % || RIcap ave= 6.25E+00 b. +/- 2.29 % || Macs30 ave= 6.67E-02 b. +/- 0.71 % || Gn^0(l=0) ave= 8.876E-02 +/- 4.88 % Gn^0(l=1) ave= 3.007E-01 +/- 5.79 % Gn^0(l=2) ave= 0.000E+00 +/- 0.00 % Gn^0(l=3) ave= 0.000E+00 +/- 0.00 % || Gtotal(l=0) ave= 1.466E+01 +/- 5.74 % Gtotal(l=1) ave= 1.738E+00 +/- 3.75 % Gtotal(l=2) ave= 0.000E+00 +/- 0.00 % Gtotal(l=3) ave= 0.000E+00 +/- 0.00 %  % || Gg(l=0) ave= 7.260E-02 +/- 2.23 % Gg(l=1) ave= 9.273E-02 +/- 1.21 % Gg(l=2) ave= 0.000E+00 +/- 0.00 % Gg(l=3) ave= 0.000E+00 +/- 0.00 %  % || D(l=0) ave= 1.913E+03 +/- 1.82 % D(l=1) ave= 4.276E+02 +/- 0.00 % D(l=2) ave= 0.000E+00 +/- 0.00 % D(l=3) ave= 0.000E+00 +/- 0.00 %  % || S(l=0) ave= 4.809E-05 +/- 5.13 % S(l=1) ave= 3.471E-04 +/- 5.84 % S(l=2) ave= 0.000E+00 +/- 0.00 % S(l=3) ave= 0.000E+00 +/- 0.00 % 
 ... random file  296 Cap(th)  ave= 1.304E-01 b. +/- 3.82 % || Ela(th) ave= 5.426E+00 b. +/- 5.72 % || RIcap ave= 6.25E+00 b. +/- 2.29 % || Macs30 ave= 6.67E-02 b. +/- 0.71 % || Gn^0(l=0) ave= 8.874E-02 +/- 4.88 % Gn^0(l=1) ave= 3.007E-01 +/- 5.78 % Gn^0(l=2) ave= 0.000E+00 +/- 0.00 % Gn^0(l=3) ave= 0.000E+00 +/- 0.00 % || Gtotal(l=0) ave= 1.466E+01 +/- 5.74 % Gtotal(l=1) ave= 1.738E+00 +/- 3.78 % Gtotal(l=2) ave= 0.000E+00 +/- 0.00 % Gtotal(l=3) ave= 0.000E+00 +/- 0.00 %  % || Gg(l=0) ave= 7.259E-02 +/- 2.24 % Gg(l=1) ave= 9.273E-02 +/- 1.21 % Gg(l=2) ave= 0.000E+00 +/- 0.00 % Gg(l=3) ave= 0.000E+00 +/- 0.00 %  % || D(l=0) ave= 1.913E+03 +/- 1.82 % D(l=1) ave= 4.276E+02 +/- 0.00 % D(l=2) ave= 0.000E+00 +/- 0.00 % D(l=3) ave= 0.000E+00 +/- 0.00 %  % || S(l=0) ave= 4.808E-05 +/- 5.13 % S(l=1) ave= 3.471E-04 +/- 5.83 % S(l=2) ave= 0.000E+00 +/- 0.00 % S(l=3) ave= 0.000E+00 +/- 0.00 % 
 ... random file  297 Cap(th)  ave= 1.304E-01 b. +/- 3.82 % || Ela(th) ave= 5.425E+00 b. +/- 5.73 % || RIcap ave= 6.25E+00 b. +/- 2.29 % || Macs30 ave= 6.67E-02 b. +/- 0.71 % || Gn^0(l=0) ave= 8.875E-02 +/- 4.87 % Gn^0(l=1) ave= 3.007E-01 +/- 5.78 % Gn^0(l=2) ave= 0.000E+00 +/- 0.00 % Gn^0(l=3) ave= 0.000E+00 +/- 0.00 % || Gtotal(l=0) ave= 1.466E+01 +/- 5.73 % Gtotal(l=1) ave= 1.738E+00 +/- 3.78 % Gtotal(l=2) ave= 0.000E+00 +/- 0.00 % Gtotal(l=3) ave= 0.000E+00 +/- 0.00 %  % || Gg(l=0) ave= 7.260E-02 +/- 2.25 % Gg(l=1) ave= 9.273E-02 +/- 1.21 % Gg(l=2) ave= 0.000E+00 +/- 0.00 % Gg(l=3) ave= 0.000E+00 +/- 0.00 %  % || D(l=0) ave= 1.913E+03 +/- 1.82 % D(l=1) ave= 4.276E+02 +/- 0.00 % D(l=2) ave= 0.000E+00 +/- 0.00 % D(l=3) ave= 0.000E+00 +/- 0.00 %  % || S(l=0) ave= 4.808E-05 +/- 5.12 % S(l=1) ave= 3.471E-04 +/- 5.84 % S(l=2) ave= 0.000E+00 +/- 0.00 % S(l=3) ave= 0.000E+00 +/- 0.00 % 
 ... random file  298 Cap(th)  ave= 1.304E-01 b. +/- 3.81 % || Ela(th) ave= 5.425E+00 b. +/- 5.72 % || RIcap ave= 6.25E+00 b. +/- 2.28 % || Macs30 ave= 6.67E-02 b. +/- 0.71 % || Gn^0(l=0) ave= 8.875E-02 +/- 4.87 % Gn^0(l=1) ave= 3.007E-01 +/- 5.77 % Gn^0(l=2) ave= 0.000E+00 +/- 0.00 % Gn^0(l=3) ave= 0.000E+00 +/- 0.00 % || Gtotal(l=0) ave= 1.466E+01 +/- 5.72 % Gtotal(l=1) ave= 1.738E+00 +/- 3.78 % Gtotal(l=2) ave= 0.000E+00 +/- 0.00 % Gtotal(l=3) ave= 0.000E+00 +/- 0.00 %  % || Gg(l=0) ave= 7.259E-02 +/- 2.26 % Gg(l=1) ave= 9.273E-02 +/- 1.21 % Gg(l=2) ave= 0.000E+00 +/- 0.00 % Gg(l=3) ave= 0.000E+00 +/- 0.00 %  % || D(l=0) ave= 1.913E+03 +/- 1.82 % D(l=1) ave= 4.276E+02 +/- 0.00 % D(l=2) ave= 0.000E+00 +/- 0.00 % D(l=3) ave= 0.000E+00 +/- 0.00 %  % || S(l=0) ave= 4.808E-05 +/- 5.12 % S(l=1) ave= 3.471E-04 +/- 5.83 % S(l=2) ave= 0.000E+00 +/- 0.00 % S(l=3) ave= 0.000E+00 +/- 0.00 % 
 ... random file  299 Cap(th)  ave= 1.304E-01 b. +/- 3.83 % || Ela(th) ave= 5.424E+00 b. +/- 5.72 % || RIcap ave= 6.25E+00 b. +/- 2.28 % || Macs30 ave= 6.67E-02 b. +/- 0.71 % || Gn^0(l=0) ave= 8.876E-02 +/- 4.87 % Gn^0(l=1) ave= 3.007E-01 +/- 5.76 % Gn^0(l=2) ave= 0.000E+00 +/- 0.00 % Gn^0(l=3) ave= 0.000E+00 +/- 0.00 % || Gtotal(l=0) ave= 1.466E+01 +/- 5.72 % Gtotal(l=1) ave= 1.738E+00 +/- 3.78 % Gtotal(l=2) ave= 0.000E+00 +/- 0.00 % Gtotal(l=3) ave= 0.000E+00 +/- 0.00 %  % || Gg(l=0) ave= 7.260E-02 +/- 2.26 % Gg(l=1) ave= 9.272E-02 +/- 1.22 % Gg(l=2) ave= 0.000E+00 +/- 0.00 % Gg(l=3) ave= 0.000E+00 +/- 0.00 %  % || D(l=0) ave= 1.913E+03 +/- 1.82 % D(l=1) ave= 4.276E+02 +/- 0.00 % D(l=2) ave= 0.000E+00 +/- 0.00 % D(l=3) ave= 0.000E+00 +/- 0.00 %  % || S(l=0) ave= 4.809E-05 +/- 5.11 % S(l=1) ave= 3.471E-04 +/- 5.82 % S(l=2) ave= 0.000E+00 +/- 0.00 % S(l=3) ave= 0.000E+00 +/- 0.00 % 
 ... random file  300 Cap(th)  ave= 1.304E-01 b. +/- 3.82 % || Ela(th) ave= 5.424E+00 b. +/- 5.71 % || RIcap ave= 6.25E+00 b. +/- 2.28 % || Macs30 ave= 6.67E-02 b. +/- 0.71 % || Gn^0(l=0) ave= 8.877E-02 +/- 4.86 % Gn^0(l=1) ave= 3.007E-01 +/- 5.76 % Gn^0(l=2) ave= 0.000E+00 +/- 0.00 % Gn^0(l=3) ave= 0.000E+00 +/- 0.00 % || Gtotal(l=0) ave= 1.466E+01 +/- 5.71 % Gtotal(l=1) ave= 1.738E+00 +/- 3.78 % Gtotal(l=2) ave= 0.000E+00 +/- 0.00 % Gtotal(l=3) ave= 0.000E+00 +/- 0.00 %  % || Gg(l=0) ave= 7.259E-02 +/- 2.27 % Gg(l=1) ave= 9.272E-02 +/- 1.22 % Gg(l=2) ave= 0.000E+00 +/- 0.00 % Gg(l=3) ave= 0.000E+00 +/- 0.00 %  % || D(l=0) ave= 1.913E+03 +/- 1.82 % D(l=1) ave= 4.276E+02 +/- 0.00 % D(l=2) ave= 0.000E+00 +/- 0.00 % D(l=3) ave= 0.000E+00 +/- 0.00 %  % || S(l=0) ave= 4.810E-05 +/- 5.11 % S(l=1) ave= 3.471E-04 +/- 5.81 % S(l=2) ave= 0.000E+00 +/- 0.00 % S(l=3) ave= 0.000E+00 +/- 0.00 % 
 ... Histogram plot for thermal (n,g)
 ... Write covariances  ... MT1  ... plot correlations
 ... MT2  ... MT102 


 ================================================
 ============== From 300 random values === start ======
 Thermal (n,tot) xs  0 K =  5.55429 b. +/- 0.309929 b. ( 5.58 %) skew= -0.00 +/- 0.14
 Thermal (n,el) xs   0 K =  5.42388 b. +/- 0.309734 b. ( 5.71057 %) skew= -0.00 +/- 0.14
 Thermal (n,g) xs    0 K =  0.130404 b. +/- 0.00498132 b. ( 3.81991 %) skew= -0.08 +/- 0.14
 RI      (n,g)       0 K =  6.25066 b. +/- 0.1427 b. ( 2.28296 %) 
 MACS    (n,g)       0 K (at Emacs= 30000 eV) =  0.0666884 b. +/- 0.000471367 b. ( 0.70682 %) 
 Ave. Gtotal  L=0        =  1.466E+01 +/- 5.71 %
 Ave. Gn^(0)  L=0        =  8.877E-02 +/- 4.86 %
 Ave. Gg      L=0        =  7.259E-02 +/- 2.27 %
 Ave. D       L=0        =  1.913E+03 +/- 1.82 %
 Ave. S       L=0        =  4.810E-05 +/- 5.11 %
 Ave. Gtotal  L=1        =  1.738E+00 +/- 3.78 %
 Ave. Gg      L=1        =  9.272E-02 +/- 1.22 %
 Ave. D       L=1        =  4.276E+02 +/- 0.00 %
 Ave. S       L=1        =  3.471E-04 +/- 5.81 %

 Expected Thermal (n,g) (syst or meas)= 0.13 b. +/- 0.006 b. nominal: 0.130366 b.
 ratio Calculated/expected thermal (n,g): 1.00 ratio DCalculated/Dexpected: 0.83 ratio Calculated/Nominal: 1.00
 ============== From 300 random values ===== stop ======
 ================================================
 ... Calculation of (n,a) and (n,p) cross sections at 300 K
 ... thermal (n,a) cross section is 0.000518569 +/- 0.000259284 b.
 ... thermal (n,a) cross section is 0.000765146 b. (random case 1)
 ... thermal (n,a) cross section is 0.000270217 b. (random case 2)
 ... thermal (n,a) cross section is 0.000716704 b. (random case 3)
 ... thermal (n,a) cross section is 0.000277084 b. (random case 4)
 ... thermal (n,a) cross section is 0.000587348 b. (random case 5)
 ... thermal (n,a) cross section is 0.000487609 b. (random case 6)
 ... thermal (n,a) cross section is 0.000364669 b. (random case 7)
 ... thermal (n,a) cross section is 0.000508153 b. (random case 8)
 ... thermal (n,a) cross section is 0.000946874 b. (random case 9)
 ... thermal (n,a) cross section is 0.000598412 b. (random case 10)
 ... thermal (n,a) cross section is 0.000361159 b. (random case 11)
 ... thermal (n,a) cross section is 0.000838911 b. (random case 12)
 ... thermal (n,a) cross section is 0.000316542 b. (random case 13)
 ... thermal (n,a) cross section is 0.00058998 b. (random case 14)
 ... thermal (n,a) cross section is 0.000222272 b. (random case 15)
 ... thermal (n,a) cross section is 0.000374873 b. (random case 16)
 ... thermal (n,a) cross section is 0.000857764 b. (random case 17)
 ... thermal (n,a) cross section is 0.000671202 b. (random case 18)
 ... thermal (n,a) cross section is 0.000425997 b. (random case 19)
 ... thermal (n,a) cross section is 0.000379339 b. (random case 20)
 ... thermal (n,a) cross section is 0.000610287 b. (random case 21)
 ... thermal (n,a) cross section is 0.000243396 b. (random case 22)
 ... thermal (n,a) cross section is 0.000487829 b. (random case 23)
 ... thermal (n,a) cross section is 0.000878364 b. (random case 24)
 ... thermal (n,a) cross section is 0.000671791 b. (random case 25)
 ... thermal (n,a) cross section is 0.000437089 b. (random case 26)
 ... thermal (n,a) cross section is 0.000671467 b. (random case 27)
 ... thermal (n,a) cross section is 0.000722165 b. (random case 28)
 ... thermal (n,a) cross section is 0.000894916 b. (random case 29)
 ... thermal (n,a) cross section is 0.000907667 b. (random case 30)
 ... thermal (n,a) cross section is 0.000460029 b. (random case 31)
 ... thermal (n,a) cross section is 0.00057227 b. (random case 32)
 ... thermal (n,a) cross section is 0.0003777 b. (random case 33)
 ... thermal (n,a) cross section is 0.000459832 b. (random case 34)
 ... thermal (n,a) cross section is 0.000633853 b. (random case 35)
 ... thermal (n,a) cross section is 0.000577843 b. (random case 36)
 ... thermal (n,a) cross section is 0.000160329 b. (random case 37)
 ... thermal (n,a) cross section is 0.00064341 b. (random case 38)
 ... thermal (n,a) cross section is 0.000787481 b. (random case 39)
 ... thermal (n,a) cross section is 0.00101706 b. (random case 40)
 ... thermal (n,a) cross section is 0.000672358 b. (random case 41)
 ... thermal (n,a) cross section is 0.000462795 b. (random case 42)
 ... thermal (n,a) cross section is 0.000623798 b. (random case 43)
 ... thermal (n,a) cross section is 0.000109595 b. (random case 44)
 ... thermal (n,a) cross section is 0.000844831 b. (random case 45)
 ... thermal (n,a) cross section is 0.000351642 b. (random case 46)
 ... thermal (n,a) cross section is 0.000480964 b. (random case 47)
 ... thermal (n,a) cross section is 0.000143178 b. (random case 48)
 ... thermal (n,a) cross section is 0.000434874 b. (random case 49)
 ... thermal (n,a) cross section is 0.000485282 b. (random case 50)
 ... thermal (n,a) cross section is 0.000632628 b. (random case 51)
 ... thermal (n,a) cross section is 0.000729293 b. (random case 52)
 ... thermal (n,a) cross section is 0.000773153 b. (random case 53)
 ... thermal (n,a) cross section is 0.00044439 b. (random case 54)
 ... thermal (n,a) cross section is 0.000528234 b. (random case 55)
 ... thermal (n,a) cross section is 0.000699806 b. (random case 56)
 ... thermal (n,a) cross section is 0.000707368 b. (random case 57)
 ... thermal (n,a) cross section is 2.92801e-05 b. (random case 58)
 ... thermal (n,a) cross section is 0.000617514 b. (random case 59)
 ... thermal (n,a) cross section is 0.000589493 b. (random case 60)
 ... thermal (n,a) cross section is 0.000676828 b. (random case 61)
 ... thermal (n,a) cross section is 0.000650709 b. (random case 62)
 ... thermal (n,a) cross section is 0.000677466 b. (random case 63)
 ... thermal (n,a) cross section is 0.000507015 b. (random case 64)
 ... thermal (n,a) cross section is 0.000407829 b. (random case 65)
 ... thermal (n,a) cross section is 0.000741949 b. (random case 66)
 ... thermal (n,a) cross section is 0.000344029 b. (random case 67)
 ... thermal (n,a) cross section is 0.000680665 b. (random case 68)
 ... thermal (n,a) cross section is 0.000689293 b. (random case 69)
 ... thermal (n,a) cross section is 0.000557249 b. (random case 70)
 ... thermal (n,a) cross section is 0.000752029 b. (random case 71)
 ... thermal (n,a) cross section is 0.000745409 b. (random case 72)
 ... thermal (n,a) cross section is 0.000617385 b. (random case 73)
 ... thermal (n,a) cross section is 0.000481067 b. (random case 74)
 ... thermal (n,a) cross section is 0.00046343 b. (random case 75)
 ... thermal (n,a) cross section is 0.000736414 b. (random case 76)
 ... thermal (n,a) cross section is 0.00057241 b. (random case 77)
 ... thermal (n,a) cross section is 0.00052429 b. (random case 78)
 ... thermal (n,a) cross section is 0.000606071 b. (random case 79)
 ... thermal (n,a) cross section is 0.000121054 b. (random case 80)
 ... thermal (n,a) cross section is 0.000370546 b. (random case 81)
 ... thermal (n,a) cross section is 0.000246641 b. (random case 82)
 ... thermal (n,a) cross section is 0.000191558 b. (random case 83)
 ... thermal (n,a) cross section is 9.50751e-05 b. (random case 84)
 ... thermal (n,a) cross section is 0.000276681 b. (random case 85)
 ... thermal (n,a) cross section is 0.000695848 b. (random case 86)
 ... thermal (n,a) cross section is 0.000993032 b. (random case 87)
 ... thermal (n,a) cross section is 0.000890309 b. (random case 88)
 ... thermal (n,a) cross section is 0.000477548 b. (random case 89)
 ... thermal (n,a) cross section is 7.53305e-05 b. (random case 90)
 ... thermal (n,a) cross section is 0.000230457 b. (random case 91)
 ... thermal (n,a) cross section is 0.000711161 b. (random case 92)
 ... thermal (n,a) cross section is 0.000244566 b. (random case 93)
 ... thermal (n,a) cross section is 0.000293158 b. (random case 94)
 ... thermal (n,a) cross section is 0.000351868 b. (random case 95)
 ... thermal (n,a) cross section is 0.000817882 b. (random case 96)
 ... thermal (n,a) cross section is 0.000494669 b. (random case 97)
 ... thermal (n,a) cross section is 2.26859e-05 b. (random case 98)
 ... thermal (n,a) cross section is 0.00102029 b. (random case 99)
 ... thermal (n,a) cross section is 0.000627152 b. (random case 100)
 ... thermal (n,a) cross section is 0.000415467 b. (random case 101)
 ... thermal (n,a) cross section is 0.000405057 b. (random case 102)
 ... thermal (n,a) cross section is 0.000451525 b. (random case 103)
 ... thermal (n,a) cross section is 0.000489868 b. (random case 104)
 ... thermal (n,a) cross section is 0.000399778 b. (random case 105)
 ... thermal (n,a) cross section is 0.000335967 b. (random case 106)
 ... thermal (n,a) cross section is 0.000352335 b. (random case 107)
 ... thermal (n,a) cross section is 0.000557417 b. (random case 108)
 ... thermal (n,a) cross section is 0.000609268 b. (random case 109)
 ... thermal (n,a) cross section is 0.000867341 b. (random case 110)
 ... thermal (n,a) cross section is 0.00057125 b. (random case 111)
 ... thermal (n,a) cross section is 0.000243566 b. (random case 112)
 ... thermal (n,a) cross section is 0.000644203 b. (random case 113)
 ... thermal (n,a) cross section is 0.00100725 b. (random case 114)
 ... thermal (n,a) cross section is 0.000642919 b. (random case 115)
 ... thermal (n,a) cross section is 0.000564237 b. (random case 116)
 ... thermal (n,a) cross section is 0.000485045 b. (random case 117)
 ... thermal (n,a) cross section is 0.000456211 b. (random case 118)
 ... thermal (n,a) cross section is 0.000288704 b. (random case 119)
 ... thermal (n,a) cross section is 0.000210674 b. (random case 120)
 ... thermal (n,a) cross section is 0.000216857 b. (random case 121)
 ... thermal (n,a) cross section is 0.000557586 b. (random case 122)
 ... thermal (n,a) cross section is 0.000319794 b. (random case 123)
 ... thermal (n,a) cross section is 0.000848652 b. (random case 124)
 ... thermal (n,a) cross section is 0.000400893 b. (random case 125)
 ... thermal (n,a) cross section is 0.00053439 b. (random case 126)
 ... thermal (n,a) cross section is 0.000333633 b. (random case 127)
 ... thermal (n,a) cross section is 0.000268521 b. (random case 128)
 ... thermal (n,a) cross section is 0.000417684 b. (random case 129)
 ... thermal (n,a) cross section is 0.000736103 b. (random case 130)
 ... thermal (n,a) cross section is 0.000214496 b. (random case 131)
 ... thermal (n,a) cross section is 0.000618544 b. (random case 132)
 ... thermal (n,a) cross section is 0.000833588 b. (random case 133)
 ... thermal (n,a) cross section is 7.45266e-05 b. (random case 134)
 ... thermal (n,a) cross section is 0.000398622 b. (random case 135)
 ... thermal (n,a) cross section is 0.000830366 b. (random case 136)
 ... thermal (n,a) cross section is 0.000401305 b. (random case 137)
 ... thermal (n,a) cross section is 0.000526984 b. (random case 138)
 ... thermal (n,a) cross section is 0.000396456 b. (random case 139)
 ... thermal (n,a) cross section is 0.000680705 b. (random case 140)
 ... thermal (n,a) cross section is 0.000340931 b. (random case 141)
 ... thermal (n,a) cross section is 0.000772788 b. (random case 142)
 ... thermal (n,a) cross section is 0.000417306 b. (random case 143)
 ... thermal (n,a) cross section is 0.000385166 b. (random case 144)
 ... thermal (n,a) cross section is 0.000935058 b. (random case 145)
 ... thermal (n,a) cross section is 0.000404446 b. (random case 146)
 ... thermal (n,a) cross section is 0.000855222 b. (random case 147)
 ... thermal (n,a) cross section is 0.000585247 b. (random case 148)
 ... thermal (n,a) cross section is 0.000739141 b. (random case 149)
 ... thermal (n,a) cross section is 0.000839575 b. (random case 150)
 ... thermal (n,a) cross section is 0.000423353 b. (random case 151)
 ... thermal (n,a) cross section is 0.000682146 b. (random case 152)
 ... thermal (n,a) cross section is 0.000792893 b. (random case 153)
 ... thermal (n,a) cross section is 0.000681853 b. (random case 154)
 ... thermal (n,a) cross section is 0.000383401 b. (random case 155)
 ... thermal (n,a) cross section is 0.000756018 b. (random case 156)
 ... thermal (n,a) cross section is 0.000343101 b. (random case 157)
 ... thermal (n,a) cross section is 0.000848509 b. (random case 158)
 ... thermal (n,a) cross section is 0.000974319 b. (random case 159)
 ... thermal (n,a) cross section is 0.000828465 b. (random case 160)
 ... thermal (n,a) cross section is 0.000439156 b. (random case 161)
 ... thermal (n,a) cross section is 0.000874076 b. (random case 162)
 ... thermal (n,a) cross section is 0.000401077 b. (random case 163)
 ... thermal (n,a) cross section is 0.000174095 b. (random case 164)
 ... thermal (n,a) cross section is 0.000846287 b. (random case 165)
 ... thermal (n,a) cross section is 0.000773555 b. (random case 166)
 ... thermal (n,a) cross section is 0.000228801 b. (random case 167)
 ... thermal (n,a) cross section is 0.000584066 b. (random case 168)
 ... thermal (n,a) cross section is 0.000524608 b. (random case 169)
 ... thermal (n,a) cross section is 0.000439734 b. (random case 170)
 ... thermal (n,a) cross section is 0.00093382 b. (random case 171)
 ... thermal (n,a) cross section is 0.000258987 b. (random case 172)
 ... thermal (n,a) cross section is 0.000488537 b. (random case 173)
 ... thermal (n,a) cross section is 0.000343203 b. (random case 174)
 ... thermal (n,a) cross section is 0.000774424 b. (random case 175)
 ... thermal (n,a) cross section is 0.000812321 b. (random case 176)
 ... thermal (n,a) cross section is 0.000557373 b. (random case 177)
 ... thermal (n,a) cross section is 0.00102673 b. (random case 178)
 ... thermal (n,a) cross section is 0.000462173 b. (random case 179)
 ... thermal (n,a) cross section is 0.000349787 b. (random case 180)
 ... thermal (n,a) cross section is 0.000639473 b. (random case 181)
 ... thermal (n,a) cross section is 0.000246232 b. (random case 182)
 ... thermal (n,a) cross section is 0.000670956 b. (random case 183)
 ... thermal (n,a) cross section is 0.000949015 b. (random case 184)
 ... thermal (n,a) cross section is 0.000836962 b. (random case 185)
 ... thermal (n,a) cross section is 6.79744e-05 b. (random case 186)
 ... thermal (n,a) cross section is 0.000586244 b. (random case 187)
 ... thermal (n,a) cross section is 0.000336756 b. (random case 188)
 ... thermal (n,a) cross section is 0.000623037 b. (random case 189)
 ... thermal (n,a) cross section is 0.000399153 b. (random case 190)
 ... thermal (n,a) cross section is 0.00081659 b. (random case 191)
 ... thermal (n,a) cross section is 0.00019767 b. (random case 192)
 ... thermal (n,a) cross section is 0.000464679 b. (random case 193)
 ... thermal (n,a) cross section is 0.000549307 b. (random case 194)
 ... thermal (n,a) cross section is 0.000575429 b. (random case 195)
 ... thermal (n,a) cross section is 0.000890528 b. (random case 196)
 ... thermal (n,a) cross section is 0.000340301 b. (random case 197)
 ... thermal (n,a) cross section is 0.00042582 b. (random case 198)
 ... thermal (n,a) cross section is 0.000220397 b. (random case 199)
 ... thermal (n,a) cross section is 0.000883548 b. (random case 200)
 ... thermal (n,a) cross section is 0.000527419 b. (random case 201)
 ... thermal (n,a) cross section is 0.000574478 b. (random case 202)
 ... thermal (n,a) cross section is 0.00103193 b. (random case 203)
 ... thermal (n,a) cross section is 0.000339524 b. (random case 204)
 ... thermal (n,a) cross section is 0.000501995 b. (random case 205)
 ... thermal (n,a) cross section is 0.00081436 b. (random case 206)
 ... thermal (n,a) cross section is 0.000352661 b. (random case 207)
 ... thermal (n,a) cross section is 0.000262893 b. (random case 208)
 ... thermal (n,a) cross section is 0.000775687 b. (random case 209)
 ... thermal (n,a) cross section is 0.000533363 b. (random case 210)
 ... thermal (n,a) cross section is 0.000407039 b. (random case 211)
 ... thermal (n,a) cross section is 0.000500322 b. (random case 212)
 ... thermal (n,a) cross section is 0.000791679 b. (random case 213)
 ... thermal (n,a) cross section is 0.000276663 b. (random case 214)
 ... thermal (n,a) cross section is 0.000681254 b. (random case 215)
 ... thermal (n,a) cross section is 0.00031501 b. (random case 216)
 ... thermal (n,a) cross section is 0.000248993 b. (random case 217)
 ... thermal (n,a) cross section is 0.000322457 b. (random case 218)
 ... thermal (n,a) cross section is 0.000611495 b. (random case 219)
 ... thermal (n,a) cross section is 0.000647825 b. (random case 220)
 ... thermal (n,a) cross section is 0.000159697 b. (random case 221)
 ... thermal (n,a) cross section is 0.000686955 b. (random case 222)
 ... thermal (n,a) cross section is 0.000269685 b. (random case 223)
 ... thermal (n,a) cross section is 0.000377351 b. (random case 224)
 ... thermal (n,a) cross section is 0.000309624 b. (random case 225)
 ... thermal (n,a) cross section is 0.000244391 b. (random case 226)
 ... thermal (n,a) cross section is 0.000993521 b. (random case 227)
 ... thermal (n,a) cross section is 0.00028567 b. (random case 228)
 ... thermal (n,a) cross section is 0.000789026 b. (random case 229)
 ... thermal (n,a) cross section is 1.97385e-05 b. (random case 230)
 ... thermal (n,a) cross section is 0.000562131 b. (random case 231)
 ... thermal (n,a) cross section is 0.000619211 b. (random case 232)
 ... thermal (n,a) cross section is 0.00087557 b. (random case 233)
 ... thermal (n,a) cross section is 0.000744107 b. (random case 234)
 ... thermal (n,a) cross section is 0.000731661 b. (random case 235)
 ... thermal (n,a) cross section is 1.8158e-05 b. (random case 236)
 ... thermal (n,a) cross section is 0.00061518 b. (random case 237)
 ... thermal (n,a) cross section is 5.17999e-05 b. (random case 238)
 ... thermal (n,a) cross section is 0.000447572 b. (random case 239)
 ... thermal (n,a) cross section is 0.000307812 b. (random case 240)
 ... thermal (n,a) cross section is 0.000565715 b. (random case 241)
 ... thermal (n,a) cross section is 0.00056246 b. (random case 242)
 ... thermal (n,a) cross section is 0.000119565 b. (random case 243)
 ... thermal (n,a) cross section is 0.000977326 b. (random case 244)
 ... thermal (n,a) cross section is 0.000781627 b. (random case 245)
 ... thermal (n,a) cross section is 7.99317e-05 b. (random case 246)
 ... thermal (n,a) cross section is 0.000670007 b. (random case 247)
 ... thermal (n,a) cross section is 0.000557072 b. (random case 248)
 ... thermal (n,a) cross section is 0.000476523 b. (random case 249)
 ... thermal (n,a) cross section is 0.000477843 b. (random case 250)
 ... thermal (n,a) cross section is 0.000860618 b. (random case 251)
 ... thermal (n,a) cross section is 0.000595629 b. (random case 252)
 ... thermal (n,a) cross section is 0.000494695 b. (random case 253)
 ... thermal (n,a) cross section is 0.000576968 b. (random case 254)
 ... thermal (n,a) cross section is 0.000651467 b. (random case 255)
 ... thermal (n,a) cross section is 0.000724036 b. (random case 256)
 ... thermal (n,a) cross section is 0.000444454 b. (random case 257)
 ... thermal (n,a) cross section is 0.00024623 b. (random case 258)
 ... thermal (n,a) cross section is 0.000210518 b. (random case 259)
 ... thermal (n,a) cross section is 0.000391896 b. (random case 260)
 ... thermal (n,a) cross section is 0.000489231 b. (random case 261)
 ... thermal (n,a) cross section is 0.000431968 b. (random case 262)
 ... thermal (n,a) cross section is 0.00046603 b. (random case 263)
 ... thermal (n,a) cross section is 0.000761026 b. (random case 264)
 ... thermal (n,a) cross section is 0.000550917 b. (random case 265)
 ... thermal (n,a) cross section is 4.23713e-05 b. (random case 266)
 ... thermal (n,a) cross section is 0.00054762 b. (random case 267)
 ... thermal (n,a) cross section is 0.000723978 b. (random case 268)
 ... thermal (n,a) cross section is 0.000518716 b. (random case 269)
 ... thermal (n,a) cross section is 0.000652328 b. (random case 270)
 ... thermal (n,a) cross section is 0.0010452 b. (random case 271)
 ... thermal (n,a) cross section is 0.000146715 b. (random case 272)
 ... thermal (n,a) cross section is 0.0001156 b. (random case 273)
 ... thermal (n,a) cross section is 0.000379343 b. (random case 274)
 ... thermal (n,a) cross section is 0.000371347 b. (random case 275)
 ... thermal (n,a) cross section is 0.000621344 b. (random case 276)
 ... thermal (n,a) cross section is 0.000759968 b. (random case 277)
 ... thermal (n,a) cross section is 0.00024827 b. (random case 278)
 ... thermal (n,a) cross section is 0.000459207 b. (random case 279)
 ... thermal (n,a) cross section is 0.000924605 b. (random case 280)
 ... thermal (n,a) cross section is 0.000705445 b. (random case 281)
 ... thermal (n,a) cross section is 0.000887434 b. (random case 282)
 ... thermal (n,a) cross section is 0.000642544 b. (random case 283)
 ... thermal (n,a) cross section is 0.000908108 b. (random case 284)
 ... thermal (n,a) cross section is 0.000910943 b. (random case 285)
 ... thermal (n,a) cross section is 0.000249932 b. (random case 286)
 ... thermal (n,a) cross section is 0.000345094 b. (random case 287)
 ... thermal (n,a) cross section is 0.000567939 b. (random case 288)
 ... thermal (n,a) cross section is 0.000297926 b. (random case 289)
 ... thermal (n,a) cross section is 0.000727377 b. (random case 290)
 ... thermal (n,a) cross section is 0.00012262 b. (random case 291)
 ... thermal (n,a) cross section is 0.00065428 b. (random case 292)
 ... thermal (n,a) cross section is 0.000647152 b. (random case 293)
 ... thermal (n,a) cross section is 0.000625097 b. (random case 294)
 ... thermal (n,a) cross section is 0.000398938 b. (random case 295)
 ... thermal (n,a) cross section is 0.000787334 b. (random case 296)
 ... thermal (n,a) cross section is 0.000545457 b. (random case 297)
 ... thermal (n,a) cross section is 8.21562e-05 b. (random case 298)
 ... thermal (n,a) cross section is 0.000470208 b. (random case 299)
 ... thermal (n,a) cross section is 0.000326864 b. (random case 300)
 ... (n,p) Q-value negative for this element
 ... Rewrite index for MF2
 ... Write text for MF1 in file mf1.tares.txt
 ... plotting cross sections for the MF1
 ... order output files


================== summary ==================
 Thermal (n,tot) xs = 5.5648 b. 
 Thermal (n,el)  xs = 5.43392 b. 
 Thermal (n,g)   xs = 0.130366 b. (meas/sys: 0.13 b.)

 RI      (n,g)      = 6.25414 b. (meas or sys: 6.7 b.)
 RI      (n,el)     = 87.1296 b.
=============================================


 ... cleaning
                                                 
  -------------------------------------------------------------
  -                                                           -
  - TARES: successful end of run with data from the database  -
  -             for Z= 42,  A= 98 and isomer= 0               -
  -                                                           -
  -------------------------------------------------------------

   Running time:       807 seconds

 End time: Fri Oct  9 11:54:08 2026

