
  -------------------------------------------------------------
  -                                                           -
  -              Welcome to TARES version 1.8                 -
  -                                                           -
  -  (C) Copyright 2007-2025 D. Rochman, All Rights Reserved  -
  -           NRG, Petten, the Netherlands 2007-2014          -
  -           PSI, Villigen    Switzerland 2015-2025          -
  -         Nagra, Wettingen   Switzerland 2025-              -
  -           (Last Modified October 06, 2026)                -
  -           (Database from October 06, 2026)                -
  -                                                           -
  -------------------------------------------------------------


  ---------------------------------------------
   Compilation information:
   Compiled on:         Oct  7 2026, 09:32:19
   Compiled by:         koning
   Compiler version:    clang++ - 21.0.0
   Source location:     /Users/koning/tares-1.8/source/Module/
   Binaries location:   /Users/koning/bin
   System:              Darwin 25.6.0
   System version:      Darwin Kernel Version 25.6.0: Fri Jul 31 19:19:08 PDT 2026; root:xnu-12377.161.14~5/RELEASE_ARM64_T6050  
   Machine:             arm64 
  ---------------------------------------------

   User information:
   User name:           koning
   Running directory:   /Users/koning/tendl/resbase/O017/work
   Owner mode for running directory : rwx
   Group mode for running directory : r-x
  ---------------------------------------------


 Starting time: Wed Oct  7 10:13:11 2026
 ... inputs directory found (/Users/koning/tares-1.8/source/Module//../../inputs/).
 ... It will be used for resonance parameters 
 ... ###############################################
 ... #     read the input file tares.inp
 ... ###############################################
 ... line: #
 ... line: # Input file generated by Autorochman
          --> line not read
 ... line: #
 ... line: isotope    O
          --> Isotope name: O
 ... line: mass       17
          --> isotopic mass: 17
 ... line: output     n-O017
         ---> Name of the output files: n-O017
 ... line: isomer     0
          --> isomeric state: 0
 ... line: mf32mf33   y
          --> MF33 based on MF32: y
 ... line: nbrRandom  300
          --> Nbr of random files: 300
 ... ###############################################
 ... # end read the input file tares.inp
 ... ###############################################
Value for random generator type not considered in since Tares 1.7 due to compilation issues

 ... ###############################################
     #   Interpretation of the Input definition    #
     ###############################################

 ... Default energy limit: End of resonance region
 ... Nuclear charge    = 8
 ... Element           = O
 ... Mass              = 17
 ... Isomer            = 0
 ... Correlation for (Gn,Gg) not included in random files
 ... Default random option: No random
 ... Output name: n-O017
 ... Energy for the MACS: 30000 eV
 ... Resonances from CALENDF reduced (reduce=y) 
 ... For URR, level density model from TALYS selected: 91n3n12611.2850 (see manual for description)
 ... Random Generator: default (pseudo random numbers from ansi c++)
 ... Reconstruction of cross section selected
 ... Doppler broadening at 0 Kelvin
 ... Default formalism: Multi Level Breit Wigner (from file best.tendl.yes)
 ... URR not included (from the input file flag)
 ... Weight for grouping is flat
 ... Calculation of (n,alpha) cross section selected
 ... Number of digit for MF32c covariance representation: 2
 ... MF32 included
 ... MF33 will be used for covariance processing
 ... TENDL option set to yes (automatic choice of MF2 and format)
 ... default option: Multi level Breit Wigner approximation selected
 ... (check file best.tendl.yes for changing this option)
 ... Retroactive option set to no with the 2025 option
 ... ladder option set to yes (CALENDF will be used for statistical resonances)

 ... ###############################################
     #           End of Input definition           #
     ###############################################

 ... gnuplot found, will be used for plotting
 ... latex found, will be used for plotting
 ... dvips found, will be used for plotting
 ... ps2epsi not found, limited plotting available
 ... uncertainties on default parameters multiplied by 1.01099
 ... Read resonance data from the 2025 directory
 ... Resonance parameters taken from /Users/koning/tares-1.8/source/Module//../../inputs/2025/Resonance/default/
 ---> Processing Z= 8 and A= 17 and isomer= 0 (level number: 0)
Thermal file; Could not open file /Users/koning/tares-1.8/source/Module//../../inputs/2025/runThermal/results//thermal.mxw.ng.cendl3.1
Thermal file; Could not open file /Users/koning/tares-1.8/source/Module//../../inputs/2025/runThermal/results//thermal.mxw.ng.brond3.1
Thermal file; Could not open file /Users/koning/tares-1.8/source/Module//../../inputs/2025/runThermal/results//thermal.xs.ng.unc.cendl3.1
 ... spin taken from the final/ directory (1)

 ... ###############################################
 ... #  Nucleus global parameters (2025 database)  #
 ... ###############################################
 ... Scattering radius from file /Users/koning/tares-1.8/source/Module//../../inputs/2025/Resonance/default//global.2023.txt
 0. Spin of the target isotope: 2.5
 1. Relative Atomic Mass of the target isotope: 16.9991
 2. Isotopic composition of the target isotope: 0.03 %
 3. Scattering radius (local compilation): 4.63 fm +/- 0.06 fm
 4. Scattering radius (Mughabghab): 4.63 +/- 0.2 fm
 5. Thermal (n,a) cross section from experiments (local compilation): 0.235 +/- 0.01 b.
 6. Experimental thermal (n,a) (Mughabghab): 0.235 +/- 0.01 b.
 7. Thermal (n,a) cross section from compilation (Sukhoruchkin): 0.235 +/- 0.01 b.
      .......................................
      ... Thermal capture cross sections: ...
 8. Thermal (total) (n,g) cross section from experiments (local compilation): 0.00054 +/- 6.5e-05 b.
 9. Thermal (n,g) cross section from compilation (Firestone-2022 final on element O): 0.000261 +/- 9e-06 b.
 10. Thermal Maxwellian (n,g) XS from compilation (Mughabghab-2006): 0.000538 +/- 6.5e-05 b.
 11. Thermal Maxwellian (n,g) XS from compilation (Mughabghab-2018): 0.00054 +/- 6.5e-05 b.
 12. Thermal Maxwellian (n,g) XS from compilation (Sukhoruchkin-2009): 0.000538 +/- 6.5e-05 b.
 13. Thermal Maxwellian (n,g) XS from compilation (Sukhoruchkin-2015): 0.004 +/- 0.003 b.
 14. Thermal (n,g) cross section from EAF-2010: 0.00054 b.
 15. Thermal (n,g) cross section from ENDF/B-VI.8: 0.003829 b.
 16. Thermal (n,g) cross section from ENDF/B-VIII.1: 0.003829 b.
 17. Thermal (n,g) cross section from ENDF/B-VIII.0: 0.003829 b.
 18. Thermal (n,g) cross section from JEF2.2: 0.003829 b.
 19. Thermal (n,g) cross section from TENDL-2023: 0.00054 +/- 0.0001008 b.
 20. Thermal (n,g) cross section from JEFF-3.3: 0.0005552 +/- 3.77e-05 b.
 21. Thermal (n,g) cross section from JEFF-4.0: 0.0005347 +/- 4.383e-05 b.
 22. Thermal (n,g) cross section from JENDL-5.0: 0.0006701 b.
      .......................................
      ...  Thermal total cross sections:  ...
      .......................................
      ... Thermal elastic cross sections: ...
 23. Thermal (n,el) cross section from compilation (Mughabghab): 3.61 +/- 0.06 b.
 24. Thermal (n,el) cross section from ENDF/B-VIII.1: 3.853 b.
 25. Thermal (n,el) cross section from ENDF/B-VIII.0: 3.853 b.
 26. Thermal (n,el) cross section from ENDF/B-VI.8: 3.853 b.
 27. Thermal (n,el) cross section from JENDL-5.0: 3.615 b.
 28. Thermal (n,el) cross section from JEFF-3.3: 9.409 b.
 29. Thermal (n,el) cross section from experiments (local compilation): 3.61 +/- 0.06 b.
 30. Neutron scattering length from Atominstitut (TU Wien): 5.6 +/- 0.5 fm.
      .......................................
             ... Resonance integral: ...
 31. Experimental capture integral (local compilation): 0.00039 +/- 5e-05 b.
 32. Experimental capture integral (Sukhoruchkin): 0.0026 +/- 0.0015 b.
   ---- MACS 30 keV ----- 
 33. TALYS MACS 30 keV (HF): 0.000109041 b. 
 34. Recommended MACS (Sukhoruchkin): 4.7e-06 +/- 2.8e-06 b.
   ---------- S0 -------- 
 35. S0 from TALYS: 1.81301
   ---------- S1 -------- 
 36. S1 from TALYS: 0.891198
   ---------- S2 -------- 
 37. S2 from TALYS: 2.45389
   ---------- D0 -------- 
 38. D0 from TALYS: 252947 eV
   ---------- D1 -------- 
 39. D1 from TALYS: 139180 eV
   ---------- D2 -------- 
 40. D2 from TALYS: 117288 eV
   ---------- G0 -------- 
 41. Gg0 from TALYS: 0.122273 eV
   ---------- G1 -------- 
 42. Gg1 from TALYS: 0.212392 eV
   ---------- G2 -------- 
 43. Gg2 from TALYS: 0.0255328 eV


   ---------------------- 
 ... Read resonance parameters (format: 2: Multi Level Breit Wigner)
 ... 6 resonances found 
 --> 44. Number of resonances from the input file: 6 up to 2.52e+06 eV
 45. Read nuclear quantities (mass, MAT...)
 46. Read thermal (n,g) xs 
 47. Read the scattering radius 
 48. Read uncertainty on Gg for 6 resonances
 49. Read uncertainty on Gg for 6 resonances ... done
 ... order resonances 
 ... Upper limit for the RRR: 253011 eV (no statistical resonances HFR) from the limit.RRR file
 ... Write parameters for l=0 waves
 ... Write parameters for l=1 waves
 ... End writing original MF2 
 ... Enter in urr function (ladder option set to y) for file n-O017
 ... read the file /Users/koning/tares-1.8/source/Module//../../inputs/2025/list.jcs.urr to find URR origin
 Default URR taken from TALYS calculations with level density model: 91n3n12611.2850
 File considered for the URR: /Users/koning/tares-1.8/source/Module//../../inputs/2025/lib.urr/talys.urr/91n3n12611.2850/O/urr/urr.dat.O.017.000.0.gz
 ... Write URR using TALYS average parameters (used for HFR)
 ... Extract the Sn value from file ./urr.dat.O.17.0.0
 ... found Sn= 8.04537 MeV
 ... estimated number of resonances up to 272.336 eV:  0.00107665 resonances
 ... This is a test here. The higher energy limit to include URR data for calendf is set to max Sn. 24/03/2016
 ... Use Sn to define the maximum energy for the URR: Sn= 8.04537 MeV --> last_energyURR= 272.336 eV
 ... read D0, S0, Gn and Gg
 ... number of URR energies: 1524
 Number of l: 1524 and last energy: 12
 Last  URR energy: 253011 eV
 ... Enter in to_MLBW_mf2 function
 ... Convert to Multi Level Breit Wigner (MLBW)
 ... Gn-Gg correlations: calculated capture kernel used for 6 evaluated resonances (no measured kernel)
 ... Write parameter covariances (MF32) for l=0
 Write parameter covariances (MF32) for l=1
 ... Convert parameter covariances (MF32) to MLBW
 ... copy the mf2 and mf32 to .mlbw files
 ... Enter in urr_correct function case 1
 Modify the higher limit of RRR in MF2
 --> old value: 2.530110+5 eV new value: 2.723361+2 eV
 Modify resonance covariances (MF32) to include correlations in the URR
 End Modify resonance covariances (MF32) to include correlations in the URR
 ... Enter in calendf_xs function
 Use CALENDF for statistical resonances (update MF2) up to 2.530110+5 eV (initial limit)
 Extract resonances from CALENDF for RRR->URR 2
 17 statistical resonances found
 After reduction, 16 statistical resonances found
 ... checking resonance order 1
 ... checking resonance order 2nd round for 13 resonances
 ... end checking resonance order 2nd round
 .......................................................
 ... Adjustment to the thermal cross section : start ...
 .......................................................

 Before adjustment (adjustment to the thermal cross section set to y)
 ... Import MF2 from TARES calculations
 ... End energy of TARES MF2 : 6.314894E+4 eV and limit to 40000 resonances
 ... File used for reconstruction: new.temp22.reconst
 ... run RECENT ...
 ... Doppler broadened at a unique temperature: 300 Kelvin using sigma1
 ... run SIGMA1 at 3.000000E+02 K.

 ============== INTER values at 300 Kelvin ==============
 Thermal (n,g) xs =  0.00551892 b. (meas/sys: 0.00054 b.) (warning: comparison to be done at 296 or 300 K)
 Th Maxw (n,g) xs =  0.0055517 b. (thermal Maxwellian value)
 Westcott factor  =  1.00595
 RI      (n,g)    =  0.00394801 b. (meas or sys: 0.00039 b.)
 MACS 3.000e+04 eV=  0.00032877 b. (meas or sys: - b.) from 1.00E+00 to 2.00E+07 eV (end of RRR) at T= 300 Kelvin 
 Thermal (n,el) xs=  6.34082 b.
 RI      (n,el)   =  103.464 b.
 ============= PSYCHE values ==============
 Ave. G_total L0  =  339.596 eV
 Ave. Gn_0    L0  =  54.0699
 Ave. Gg      L0  =  0.129915 eV
 Ave. D       L0  =  63148.9 eV
 Ave. S       L0  =  0.000297279 eV
 =========================================
 Calculated capture integral   0.00394801 b.
 Calculated thermal (n,g)=          .005518916 b. and recommended= 0.00054 b. (C/E= 10.2202)
 Calculated RI      (n,g)= 0.00394801 b. and recommended= 0.00039 b. (C/E= 10.1231)
 ... tolerances: thermal (n,g) 12.037 %, RI(n,g) 12.8205 % (reference uncertainties, minimum 2% and 5%, maximum 20%)
 Adjust the capture widths ...
 ... capture adjusted with Gn for 1 resonances (Gn<Gg) and with Gg for 12 resonances
 ... iteration 0: C/E thermal (n,g)= 10.2202
 ...             C/E RI (n,g)= 10.1231  [RRR: 0.00387559 b. + above RRR: 7.24274e-05 b. ; reference: 0.00039 b.]

 <-------- After adjustment -------->
 ... Import MF2 from TARES calculations
 ... End energy of TARES MF2 : 6.314894E+4 eV and limit to 40000 resonances
 ... File used for reconstruction: new.temp22.reconst
 ... run RECENT ...
 ... Doppler broadened at a unique temperature: 300 Kelvin using sigma1
 ... run SIGMA1 at 3.000000E+02 K.

 ============== INTER values at 300 Kelvin ==============
 Thermal (n,g) xs =  0.0005942 b. (meas/sys: 0.00054 b.) (warning: comparison to be done at 296 or 300 K)
 Th Maxw (n,g) xs =  0.00059773 b. (thermal Maxwellian value)
 Westcott factor  =  1.00595
 RI      (n,g)    =  0.000489816 b. (meas or sys: 0.00039 b.)
 MACS 3.000e+04 eV=  5.2295e-05 b. (meas or sys: - b.) from 1.00E+00 to 2.00E+07 eV (end of RRR) at T= 300 Kelvin 
 Thermal (n,el) xs=  6.34082 b.
 RI      (n,el)   =  103.465 b.
 ============= PSYCHE values ==============
 Ave. G_total L0  =  339.48 eV
 Ave. Gn_0    L0  =  54.0699
 Ave. Gg      L0  =  0.0139874 eV
 Ave. D       L0  =  63148.9 eV
 Ave. S       L0  =  0.000297279 eV
 =========================================
 ... thermal (n,g) converged: RI(n,g) now fitted with the resonances above 0.5 eV
 ... iteration 1: C/E thermal (n,g)= 1.10037
 ...             C/E RI (n,g)= 1.25594  [RRR: 0.000417437 b. + above RRR: 7.238e-05 b. ; reference: 0.00039 b.]
 Warning: 3 widths limited to a change of a factor 10 from their starting values

 <-------- After adjustment -------->
 ... Import MF2 from TARES calculations
 ... End energy of TARES MF2 : 6.314894E+4 eV and limit to 40000 resonances
 ... File used for reconstruction: new.temp22.reconst
 ... run RECENT ...
 ... Doppler broadened at a unique temperature: 300 Kelvin using sigma1
 ... run SIGMA1 at 3.000000E+02 K.

 ============== INTER values at 300 Kelvin ==============
 Thermal (n,g) xs =  0.0005942 b. (meas/sys: 0.00054 b.) (warning: comparison to be done at 296 or 300 K)
 Th Maxw (n,g) xs =  0.00059773 b. (thermal Maxwellian value)
 Westcott factor  =  1.00595
 RI      (n,g)    =  0.000478279 b. (meas or sys: 0.00039 b.)
 MACS 3.000e+04 eV=  4.9936e-05 b. (meas or sys: - b.) from 1.00E+00 to 2.00E+07 eV (end of RRR) at T= 300 Kelvin 
 Thermal (n,el) xs=  6.34082 b.
 RI      (n,el)   =  103.465 b.
 ============= PSYCHE values ==============
 Ave. G_total L0  =  339.479 eV
 Ave. Gn_0    L0  =  54.0699
 Ave. Gg      L0  =  0.0129915 eV
 Ave. D       L0  =  63148.9 eV
 Ave. S       L0  =  0.000297279 eV
 =========================================
 ... iteration 2: C/E thermal (n,g)= 1.10037
 ...             C/E RI (n,g)= 1.22636  [RRR: 0.0004059 b. + above RRR: 7.23792e-05 b. ; reference: 0.00039 b.]
 Warning: 3 widths limited to a change of a factor 10 from their starting values

 <-------- After adjustment -------->
 ... Import MF2 from TARES calculations
 ... End energy of TARES MF2 : 6.314894E+4 eV and limit to 40000 resonances
 ... File used for reconstruction: new.temp22.reconst
 ... run RECENT ...
 ... Doppler broadened at a unique temperature: 300 Kelvin using sigma1
 ... run SIGMA1 at 3.000000E+02 K.

 ============== INTER values at 300 Kelvin ==============
 Thermal (n,g) xs =  0.0005942 b. (meas/sys: 0.00054 b.) (warning: comparison to be done at 296 or 300 K)
 Th Maxw (n,g) xs =  0.00059773 b. (thermal Maxwellian value)
 Westcott factor  =  1.00595
 RI      (n,g)    =  0.000478279 b. (meas or sys: 0.00039 b.)
 MACS 3.000e+04 eV=  4.9936e-05 b. (meas or sys: - b.) from 1.00E+00 to 2.00E+07 eV (end of RRR) at T= 300 Kelvin 
 Thermal (n,el) xs=  6.34082 b.
 RI      (n,el)   =  103.465 b.
 ============= PSYCHE values ==============
 Ave. G_total L0  =  339.479 eV
 Ave. Gn_0    L0  =  54.0699
 Ave. Gg      L0  =  0.0129915 eV
 Ave. D       L0  =  63148.9 eV
 Ave. S       L0  =  0.000297279 eV
 =========================================
 ... iteration 3: C/E thermal (n,g)= 1.10037
 ...             C/E RI (n,g)= 1.22636  [RRR: 0.0004059 b. + above RRR: 7.23792e-05 b. ; reference: 0.00039 b.]
 Warning: no further change possible (widths at the limit of a factor 10): adjustment stopped


 ... ratio C/E thermal (n,g): 1.100370E+00
 ...................................................... 
 ... Adjustment to the thermal cross section : stop ...
 ...................................................... 
 ... new MF2 file after adjustment: n-O017
 ... read the file /Users/koning/tares-1.8/source/Module//../../inputs/2025/list.jcs.urr to find URR origin
 Default URR taken from TALYS calculations with level density model: 91n3n12611.2850
 File considered for the URR: /Users/koning/tares-1.8/source/Module//../../inputs/2025/lib.urr/talys.urr/91n3n12611.2850/O/urr/urr.dat.O.017.000.0.gz
 ... Write URR using TALYS average parameters (not used for HFR)
 Energy limit of the URR set to 82093.6 eV
 ... read D0, S0, Gn and Gg
 ... number of URR energies: 120
 Number of l: 120 and last energy: 12
 Last  URR energy: 82093.6 eV
 ... Enter in urr_correct function case 2
 Modify the higher limit of RRR in MF2
 --> old value: 6.314894+4 eV new value: 6.314894+4 eV
 Modify resonance covariances (MF32) to include correlations in the URR
 End Modify resonance covariances (MF32) to include correlations in the URR
 ... Enter in update_MF32 function
 ... Change uncertainties
 ... for the HFR, random position of the positive resonances with 0.020220 %
 ... end of update MF32 function
 ... GLS calculation of the parameter correlations from the thermal/RI adjustment (MF32c)
 ... MF32: correlations from the thermal/RI adjustment (GLS) for 6 resonances (12 widths), 11 correlation lines
 ...   thermal (n,g): uncertainty from these widths 9.13603e-05 b. -> 4.94033e-05 b. (reference: 0.00054 +/- 6.5e-05 b.)
 ...   RI(n,g): uncertainty from these widths 4.93977e-05 b. -> 3.01688e-05 b. (reference: 0.00039 +/- 5e-05 b.)
 ... copy the mf2 and mf32 to .mlbw files

 ... Start of final reconstruction and testing ...
 ... Reconstruction of cross sections at 0 Kelvin  ... Import MF2 from TARES calculations
 ... End energy of TARES MF2 : 6.314894E+4 eV and limit to 40000 resonances
 ... File used for reconstruction: n-O017.reconst
 ... run RECENT ...
 ... Doppler broadened at a unique temperature: 0 Kelvin using sigma1
 ... The keyword temperature is zero, no Doppler broadening for the MACS

 ============== INTER values at 0 Kelvin ==============
 Thermal (n,g) xs =  0.000594097 b. (meas/sys: 0.00054 b.) (warning: comparison to be done at 296 or 300 K)
 Th Maxw (n,g) xs =  0.00059443 b. (thermal Maxwellian value)
 Westcott factor  =  1.00056
 RI      (n,g)    =  0.00047602 b. (meas or sys: 0.00039 b.)
 MACS 3.000e+04 eV=  4.9758e-05 b. (meas or sys: - b.) from 1.00E+00 to 6.31E+04 eV (end of RRR) at T= 0 Kelvin 
 Thermal (n,el) xs=  6.15581 b.
 RI      (n,el)   =  102.989 b.
 ============= PSYCHE values ==============
 Ave. G_total L0  =  339.479 eV
 Ave. Gn_0    L0  =  54.0699
 Ave. Gg      L0  =  0.0129915 eV
 Ave. D       L0  =  63148.9 eV
 Ave. S       L0  =  0.000297279 eV
 =========================================
 ... End of final reconstruction and testing ...

 ... grouping is not optimum, change to 70 groups
 ... Produce MF33 based on MF32 and 300 random files
 ... run endsam for 300 in groups of 1 global run(s)
 ... run endsam from 201 to 300
 ... reorder resonance position after endsam (sampling)
 ... preparing the vectors  ... done
 ... nominal file 0 Cap(th)  ave= 5.941E-04 b. +/- 0.00 % || Ela(th) ave= 6.156E+00 b. +/- 0.00 % || RIcap ave= 4.04E-04 b. +/- 0.00 % || Macs30 ave= 4.98E-05 b. +/- 0.00 % || Gn^0(l=0) ave= 5.407E+01 +/- 0.00 % Gn^0(l=1) ave= 0.000E+00 +/- 0.00 % Gn^0(l=2) ave= 0.000E+00 +/- 0.00 % Gn^0(l=3) ave= 0.000E+00 +/- 0.00 % || Gtotal(l=0) ave= 3.395E+02 +/- 0.00 % Gtotal(l=1) ave= 0.000E+00 +/- 0.00 % Gtotal(l=2) ave= 0.000E+00 +/- 0.00 % Gtotal(l=3) ave= 0.000E+00 +/- 0.00 %  % || Gg(l=0) ave= 1.299E-02 +/- 0.00 % Gg(l=1) ave= 0.000E+00 +/- 0.00 % Gg(l=2) ave= 0.000E+00 +/- 0.00 % Gg(l=3) ave= 0.000E+00 +/- 0.00 %  % || D(l=0) ave= 6.315E+04 +/- 0.00 % D(l=1) ave= 0.000E+00 +/- 0.00 % D(l=2) ave= 0.000E+00 +/- 0.00 % D(l=3) ave= 0.000E+00 +/- 0.00 %  % || S(l=0) ave= 2.973E-04 +/- 0.00 % S(l=1) ave= 0.000E+00 +/- 0.00 % S(l=2) ave= 0.000E+00 +/- 0.00 % S(l=3) ave= 0.000E+00 +/- 0.00 % 
 ... random file  1 Cap(th)  ave= 6.041E-04 b. +/- 1.66 % || Ela(th) ave= 6.205E+00 b. +/- 0.79 % || RIcap ave= 4.28E-04 b. +/- 5.68 % || Macs30 ave= 5.58E-05 b. +/- 10.77 % || Gn^0(l=0) ave= 5.325E+01 +/- 1.53 % Gn^0(l=1) ave= 0.000E+00 +/- 0.00 % Gn^0(l=2) ave= 0.000E+00 +/- 0.00 % Gn^0(l=3) ave= 0.000E+00 +/- 0.00 % || Gtotal(l=0) ave= 3.395E+02 +/- 0.00 % Gtotal(l=1) ave= 0.000E+00 +/- 0.00 % Gtotal(l=2) ave= 0.000E+00 +/- 0.00 % Gtotal(l=3) ave= 0.000E+00 +/- 0.00 %  % || Gg(l=0) ave= 1.360E-02 +/- 4.49 % Gg(l=1) ave= 0.000E+00 +/- 0.00 % Gg(l=2) ave= 0.000E+00 +/- 0.00 % Gg(l=3) ave= 0.000E+00 +/- 0.00 %  % || D(l=0) ave= 6.315E+04 +/- 0.00 % D(l=1) ave= 0.000E+00 +/- 0.00 % D(l=2) ave= 0.000E+00 +/- 0.00 % D(l=3) ave= 0.000E+00 +/- 0.00 %  % || S(l=0) ave= 2.928E-04 +/- 1.54 % S(l=1) ave= 0.000E+00 +/- 0.00 % S(l=2) ave= 0.000E+00 +/- 0.00 % S(l=3) ave= 0.000E+00 +/- 0.00 % 
 ... random file  2 Cap(th)  ave= 5.873E-04 b. +/- 4.30 % || Ela(th) ave= 6.150E+00 b. +/- 1.42 % || RIcap ave= 4.13E-04 b. +/- 7.23 % || Macs30 ave= 5.30E-05 b. +/- 11.97 % || Gn^0(l=0) ave= 5.415E+01 +/- 2.65 % Gn^0(l=1) ave= 0.000E+00 +/- 0.00 % Gn^0(l=2) ave= 0.000E+00 +/- 0.00 % Gn^0(l=3) ave= 0.000E+00 +/- 0.00 % || Gtotal(l=0) ave= 3.395E+02 +/- 0.00 % Gtotal(l=1) ave= 0.000E+00 +/- 0.00 % Gtotal(l=2) ave= 0.000E+00 +/- 0.00 % Gtotal(l=3) ave= 0.000E+00 +/- 0.00 %  % || Gg(l=0) ave= 1.278E-02 +/- 9.86 % Gg(l=1) ave= 0.000E+00 +/- 0.00 % Gg(l=2) ave= 0.000E+00 +/- 0.00 % Gg(l=3) ave= 0.000E+00 +/- 0.00 %  % || D(l=0) ave= 6.315E+04 +/- 0.00 % D(l=1) ave= 0.000E+00 +/- 0.00 % D(l=2) ave= 0.000E+00 +/- 0.00 % D(l=3) ave= 0.000E+00 +/- 0.00 %  % || S(l=0) ave= 2.977E-04 +/- 2.66 % S(l=1) ave= 0.000E+00 +/- 0.00 % S(l=2) ave= 0.000E+00 +/- 0.00 % S(l=3) ave= 0.000E+00 +/- 0.00 % 
 ... random file  3 Cap(th)  ave= 5.671E-04 b. +/- 7.25 % || Ela(th) ave= 6.177E+00 b. +/- 1.43 % || RIcap ave= 4.00E-04 b. +/- 8.54 % || Macs30 ave= 5.16E-05 b. +/- 11.54 % || Gn^0(l=0) ave= 5.378E+01 +/- 2.61 % Gn^0(l=1) ave= 0.000E+00 +/- 0.00 % Gn^0(l=2) ave= 0.000E+00 +/- 0.00 % Gn^0(l=3) ave= 0.000E+00 +/- 0.00 % || Gtotal(l=0) ave= 3.395E+02 +/- 0.00 % Gtotal(l=1) ave= 0.000E+00 +/- 0.00 % Gtotal(l=2) ave= 0.000E+00 +/- 0.00 % Gtotal(l=3) ave= 0.000E+00 +/- 0.00 %  % || Gg(l=0) ave= 1.256E-02 +/- 9.23 % Gg(l=1) ave= 0.000E+00 +/- 0.00 % Gg(l=2) ave= 0.000E+00 +/- 0.00 % Gg(l=3) ave= 0.000E+00 +/- 0.00 %  % || D(l=0) ave= 6.315E+04 +/- 0.00 % D(l=1) ave= 0.000E+00 +/- 0.00 % D(l=2) ave= 0.000E+00 +/- 0.00 % D(l=3) ave= 0.000E+00 +/- 0.00 %  % || S(l=0) ave= 2.957E-04 +/- 2.61 % S(l=1) ave= 0.000E+00 +/- 0.00 % S(l=2) ave= 0.000E+00 +/- 0.00 % S(l=3) ave= 0.000E+00 +/- 0.00 % 
 ... random file  4 Cap(th)  ave= 5.575E-04 b. +/- 7.44 % || Ela(th) ave= 6.179E+00 b. +/- 1.28 % || RIcap ave= 3.94E-04 b. +/- 8.20 % || Macs30 ave= 5.12E-05 b. +/- 10.53 % || Gn^0(l=0) ave= 5.372E+01 +/- 2.35 % Gn^0(l=1) ave= 0.000E+00 +/- 0.00 % Gn^0(l=2) ave= 0.000E+00 +/- 0.00 % Gn^0(l=3) ave= 0.000E+00 +/- 0.00 % || Gtotal(l=0) ave= 3.395E+02 +/- 0.00 % Gtotal(l=1) ave= 0.000E+00 +/- 0.00 % Gtotal(l=2) ave= 0.000E+00 +/- 0.00 % Gtotal(l=3) ave= 0.000E+00 +/- 0.00 %  % || Gg(l=0) ave= 1.247E-02 +/- 8.45 % Gg(l=1) ave= 0.000E+00 +/- 0.00 % Gg(l=2) ave= 0.000E+00 +/- 0.00 % Gg(l=3) ave= 0.000E+00 +/- 0.00 %  % || D(l=0) ave= 6.315E+04 +/- 0.00 % D(l=1) ave= 0.000E+00 +/- 0.00 % D(l=2) ave= 0.000E+00 +/- 0.00 % D(l=3) ave= 0.000E+00 +/- 0.00 %  % || S(l=0) ave= 2.954E-04 +/- 2.35 % S(l=1) ave= 0.000E+00 +/- 0.00 % S(l=2) ave= 0.000E+00 +/- 0.00 % S(l=3) ave= 0.000E+00 +/- 0.00 % 
 ... random file  5 Cap(th)  ave= 5.816E-04 b. +/- 11.31 % || Ela(th) ave= 6.160E+00 b. +/- 1.35 % || RIcap ave= 4.06E-04 b. +/- 9.62 % || Macs30 ave= 5.18E-05 b. +/- 9.83 % || Gn^0(l=0) ave= 5.393E+01 +/- 2.30 % Gn^0(l=1) ave= 0.000E+00 +/- 0.00 % Gn^0(l=2) ave= 0.000E+00 +/- 0.00 % Gn^0(l=3) ave= 0.000E+00 +/- 0.00 % || Gtotal(l=0) ave= 3.395E+02 +/- 0.00 % Gtotal(l=1) ave= 0.000E+00 +/- 0.00 % Gtotal(l=2) ave= 0.000E+00 +/- 0.00 % Gtotal(l=3) ave= 0.000E+00 +/- 0.00 %  % || Gg(l=0) ave= 1.288E-02 +/- 10.37 % Gg(l=1) ave= 0.000E+00 +/- 0.00 % Gg(l=2) ave= 0.000E+00 +/- 0.00 % Gg(l=3) ave= 0.000E+00 +/- 0.00 %  % || D(l=0) ave= 6.315E+04 +/- 0.00 % D(l=1) ave= 0.000E+00 +/- 0.00 % D(l=2) ave= 0.000E+00 +/- 0.00 % D(l=3) ave= 0.000E+00 +/- 0.00 %  % || S(l=0) ave= 2.964E-04 +/- 2.28 % S(l=1) ave= 0.000E+00 +/- 0.00 % S(l=2) ave= 0.000E+00 +/- 0.00 % S(l=3) ave= 0.000E+00 +/- 0.00 % 
 ... random file  6 Cap(th)  ave= 5.862E-04 b. +/- 10.56 % || Ela(th) ave= 6.159E+00 b. +/- 1.25 % || RIcap ave= 4.06E-04 b. +/- 8.90 % || Macs30 ave= 5.14E-05 b. +/- 9.41 % || Gn^0(l=0) ave= 5.394E+01 +/- 2.13 % Gn^0(l=1) ave= 0.000E+00 +/- 0.00 % Gn^0(l=2) ave= 0.000E+00 +/- 0.00 % Gn^0(l=3) ave= 0.000E+00 +/- 0.00 % || Gtotal(l=0) ave= 3.395E+02 +/- 0.00 % Gtotal(l=1) ave= 0.000E+00 +/- 0.00 % Gtotal(l=2) ave= 0.000E+00 +/- 0.00 % Gtotal(l=3) ave= 0.000E+00 +/- 0.00 %  % || Gg(l=0) ave= 1.291E-02 +/- 9.59 % Gg(l=1) ave= 0.000E+00 +/- 0.00 % Gg(l=2) ave= 0.000E+00 +/- 0.00 % Gg(l=3) ave= 0.000E+00 +/- 0.00 %  % || D(l=0) ave= 6.315E+04 +/- 0.00 % D(l=1) ave= 0.000E+00 +/- 0.00 % D(l=2) ave= 0.000E+00 +/- 0.00 % D(l=3) ave= 0.000E+00 +/- 0.00 %  % || S(l=0) ave= 2.965E-04 +/- 2.11 % S(l=1) ave= 0.000E+00 +/- 0.00 % S(l=2) ave= 0.000E+00 +/- 0.00 % S(l=3) ave= 0.000E+00 +/- 0.00 % 
 ... random file  7 Cap(th)  ave= 5.975E-04 b. +/- 10.92 % || Ela(th) ave= 6.170E+00 b. +/- 1.26 % || RIcap ave= 4.10E-04 b. +/- 8.66 % || Macs30 ave= 5.11E-05 b. +/- 8.95 % || Gn^0(l=0) ave= 5.379E+01 +/- 2.14 % Gn^0(l=1) ave= 0.000E+00 +/- 0.00 % Gn^0(l=2) ave= 0.000E+00 +/- 0.00 % Gn^0(l=3) ave= 0.000E+00 +/- 0.00 % || Gtotal(l=0) ave= 3.395E+02 +/- 0.00 % Gtotal(l=1) ave= 0.000E+00 +/- 0.00 % Gtotal(l=2) ave= 0.000E+00 +/- 0.00 % Gtotal(l=3) ave= 0.000E+00 +/- 0.00 %  % || Gg(l=0) ave= 1.278E-02 +/- 9.43 % Gg(l=1) ave= 0.000E+00 +/- 0.00 % Gg(l=2) ave= 0.000E+00 +/- 0.00 % Gg(l=3) ave= 0.000E+00 +/- 0.00 %  % || D(l=0) ave= 6.315E+04 +/- 0.00 % D(l=1) ave= 0.000E+00 +/- 0.00 % D(l=2) ave= 0.000E+00 +/- 0.00 % D(l=3) ave= 0.000E+00 +/- 0.00 %  % || S(l=0) ave= 2.957E-04 +/- 2.12 % S(l=1) ave= 0.000E+00 +/- 0.00 % S(l=2) ave= 0.000E+00 +/- 0.00 % S(l=3) ave= 0.000E+00 +/- 0.00 % 
 ... random file  8 Cap(th)  ave= 5.952E-04 b. +/- 10.40 % || Ela(th) ave= 6.159E+00 b. +/- 1.29 % || RIcap ave= 4.06E-04 b. +/- 8.77 % || Macs30 ave= 5.02E-05 b. +/- 9.90 % || Gn^0(l=0) ave= 5.396E+01 +/- 2.21 % Gn^0(l=1) ave= 0.000E+00 +/- 0.00 % Gn^0(l=2) ave= 0.000E+00 +/- 0.00 % Gn^0(l=3) ave= 0.000E+00 +/- 0.00 % || Gtotal(l=0) ave= 3.395E+02 +/- 0.00 % Gtotal(l=1) ave= 0.000E+00 +/- 0.00 % Gtotal(l=2) ave= 0.000E+00 +/- 0.00 % Gtotal(l=3) ave= 0.000E+00 +/- 0.00 %  % || Gg(l=0) ave= 1.282E-02 +/- 8.90 % Gg(l=1) ave= 0.000E+00 +/- 0.00 % Gg(l=2) ave= 0.000E+00 +/- 0.00 % Gg(l=3) ave= 0.000E+00 +/- 0.00 %  % || D(l=0) ave= 6.315E+04 +/- 0.00 % D(l=1) ave= 0.000E+00 +/- 0.00 % D(l=2) ave= 0.000E+00 +/- 0.00 % D(l=3) ave= 0.000E+00 +/- 0.00 %  % || S(l=0) ave= 2.966E-04 +/- 2.20 % S(l=1) ave= 0.000E+00 +/- 0.00 % S(l=2) ave= 0.000E+00 +/- 0.00 % S(l=3) ave= 0.000E+00 +/- 0.00 % 
 ... random file  9 Cap(th)  ave= 6.037E-04 b. +/- 10.61 % || Ela(th) ave= 6.160E+00 b. +/- 1.23 % || RIcap ave= 4.08E-04 b. +/- 8.41 % || Macs30 ave= 4.98E-05 b. +/- 9.93 % || Gn^0(l=0) ave= 5.394E+01 +/- 2.10 % Gn^0(l=1) ave= 0.000E+00 +/- 0.00 % Gn^0(l=2) ave= 0.000E+00 +/- 0.00 % Gn^0(l=3) ave= 0.000E+00 +/- 0.00 % || Gtotal(l=0) ave= 3.395E+02 +/- 0.00 % Gtotal(l=1) ave= 0.000E+00 +/- 0.00 % Gtotal(l=2) ave= 0.000E+00 +/- 0.00 % Gtotal(l=3) ave= 0.000E+00 +/- 0.00 %  % || Gg(l=0) ave= 1.274E-02 +/- 8.72 % Gg(l=1) ave= 0.000E+00 +/- 0.00 % Gg(l=2) ave= 0.000E+00 +/- 0.00 % Gg(l=3) ave= 0.000E+00 +/- 0.00 %  % || D(l=0) ave= 6.315E+04 +/- 0.00 % D(l=1) ave= 0.000E+00 +/- 0.00 % D(l=2) ave= 0.000E+00 +/- 0.00 % D(l=3) ave= 0.000E+00 +/- 0.00 %  % || S(l=0) ave= 2.965E-04 +/- 2.09 % S(l=1) ave= 0.000E+00 +/- 0.00 % S(l=2) ave= 0.000E+00 +/- 0.00 % S(l=3) ave= 0.000E+00 +/- 0.00 % 
 ... random file  10 Cap(th)  ave= 5.954E-04 b. +/- 11.18 % || Ela(th) ave= 6.162E+00 b. +/- 1.17 % || RIcap ave= 4.07E-04 b. +/- 8.11 % || Macs30 ave= 5.05E-05 b. +/- 10.30 % || Gn^0(l=0) ave= 5.392E+01 +/- 2.01 % Gn^0(l=1) ave= 0.000E+00 +/- 0.00 % Gn^0(l=2) ave= 0.000E+00 +/- 0.00 % Gn^0(l=3) ave= 0.000E+00 +/- 0.00 % || Gtotal(l=0) ave= 3.395E+02 +/- 0.00 % Gtotal(l=1) ave= 0.000E+00 +/- 0.00 % Gtotal(l=2) ave= 0.000E+00 +/- 0.00 % Gtotal(l=3) ave= 0.000E+00 +/- 0.00 %  % || Gg(l=0) ave= 1.288E-02 +/- 8.94 % Gg(l=1) ave= 0.000E+00 +/- 0.00 % Gg(l=2) ave= 0.000E+00 +/- 0.00 % Gg(l=3) ave= 0.000E+00 +/- 0.00 %  % || D(l=0) ave= 6.315E+04 +/- 0.00 % D(l=1) ave= 0.000E+00 +/- 0.00 % D(l=2) ave= 0.000E+00 +/- 0.00 % D(l=3) ave= 0.000E+00 +/- 0.00 %  % || S(l=0) ave= 2.964E-04 +/- 2.00 % S(l=1) ave= 0.000E+00 +/- 0.00 % S(l=2) ave= 0.000E+00 +/- 0.00 % S(l=3) ave= 0.000E+00 +/- 0.00 % 
 ... random file  11 Cap(th)  ave= 5.989E-04 b. +/- 10.82 % || Ela(th) ave= 6.158E+00 b. +/- 1.15 % || RIcap ave= 4.05E-04 b. +/- 8.02 % || Macs30 ave= 4.94E-05 b. +/- 12.36 % || Gn^0(l=0) ave= 5.400E+01 +/- 1.99 % Gn^0(l=1) ave= 0.000E+00 +/- 0.00 % Gn^0(l=2) ave= 0.000E+00 +/- 0.00 % Gn^0(l=3) ave= 0.000E+00 +/- 0.00 % || Gtotal(l=0) ave= 3.395E+02 +/- 0.00 % Gtotal(l=1) ave= 0.000E+00 +/- 0.00 % Gtotal(l=2) ave= 0.000E+00 +/- 0.00 % Gtotal(l=3) ave= 0.000E+00 +/- 0.00 %  % || Gg(l=0) ave= 1.283E-02 +/- 8.70 % Gg(l=1) ave= 0.000E+00 +/- 0.00 % Gg(l=2) ave= 0.000E+00 +/- 0.00 % Gg(l=3) ave= 0.000E+00 +/- 0.00 %  % || D(l=0) ave= 6.315E+04 +/- 0.00 % D(l=1) ave= 0.000E+00 +/- 0.00 % D(l=2) ave= 0.000E+00 +/- 0.00 % D(l=3) ave= 0.000E+00 +/- 0.00 %  % || S(l=0) ave= 2.969E-04 +/- 1.98 % S(l=1) ave= 0.000E+00 +/- 0.00 % S(l=2) ave= 0.000E+00 +/- 0.00 % S(l=3) ave= 0.000E+00 +/- 0.00 % 
 ... random file  12 Cap(th)  ave= 5.940E-04 b. +/- 10.87 % || Ela(th) ave= 6.154E+00 b. +/- 1.12 % || RIcap ave= 4.02E-04 b. +/- 8.01 % || Macs30 ave= 4.93E-05 b. +/- 11.92 % || Gn^0(l=0) ave= 5.407E+01 +/- 1.96 % Gn^0(l=1) ave= 0.000E+00 +/- 0.00 % Gn^0(l=2) ave= 0.000E+00 +/- 0.00 % Gn^0(l=3) ave= 0.000E+00 +/- 0.00 % || Gtotal(l=0) ave= 3.395E+02 +/- 0.00 % Gtotal(l=1) ave= 0.000E+00 +/- 0.00 % Gtotal(l=2) ave= 0.000E+00 +/- 0.00 % Gtotal(l=3) ave= 0.000E+00 +/- 0.00 %  % || Gg(l=0) ave= 1.276E-02 +/- 8.61 % Gg(l=1) ave= 0.000E+00 +/- 0.00 % Gg(l=2) ave= 0.000E+00 +/- 0.00 % Gg(l=3) ave= 0.000E+00 +/- 0.00 %  % || D(l=0) ave= 6.315E+04 +/- 0.00 % D(l=1) ave= 0.000E+00 +/- 0.00 % D(l=2) ave= 0.000E+00 +/- 0.00 % D(l=3) ave= 0.000E+00 +/- 0.00 %  % || S(l=0) ave= 2.972E-04 +/- 1.95 % S(l=1) ave= 0.000E+00 +/- 0.00 % S(l=2) ave= 0.000E+00 +/- 0.00 % S(l=3) ave= 0.000E+00 +/- 0.00 % 
 ... random file  13 Cap(th)  ave= 5.932E-04 b. +/- 10.50 % || Ela(th) ave= 6.154E+00 b. +/- 1.08 % || RIcap ave= 4.02E-04 b. +/- 7.74 % || Macs30 ave= 4.92E-05 b. +/- 11.50 % || Gn^0(l=0) ave= 5.407E+01 +/- 1.89 % Gn^0(l=1) ave= 0.000E+00 +/- 0.00 % Gn^0(l=2) ave= 0.000E+00 +/- 0.00 % Gn^0(l=3) ave= 0.000E+00 +/- 0.00 % || Gtotal(l=0) ave= 3.395E+02 +/- 0.00 % Gtotal(l=1) ave= 0.000E+00 +/- 0.00 % Gtotal(l=2) ave= 0.000E+00 +/- 0.00 % Gtotal(l=3) ave= 0.000E+00 +/- 0.00 %  % || Gg(l=0) ave= 1.277E-02 +/- 8.29 % Gg(l=1) ave= 0.000E+00 +/- 0.00 % Gg(l=2) ave= 0.000E+00 +/- 0.00 % Gg(l=3) ave= 0.000E+00 +/- 0.00 %  % || D(l=0) ave= 6.315E+04 +/- 0.00 % D(l=1) ave= 0.000E+00 +/- 0.00 % D(l=2) ave= 0.000E+00 +/- 0.00 % D(l=3) ave= 0.000E+00 +/- 0.00 %  % || S(l=0) ave= 2.972E-04 +/- 1.88 % S(l=1) ave= 0.000E+00 +/- 0.00 % S(l=2) ave= 0.000E+00 +/- 0.00 % S(l=3) ave= 0.000E+00 +/- 0.00 % 
 ... random file  14 Cap(th)  ave= 5.915E-04 b. +/- 10.23 % || Ela(th) ave= 6.151E+00 b. +/- 1.07 % || RIcap ave= 4.00E-04 b. +/- 7.67 % || Macs30 ave= 4.90E-05 b. +/- 11.26 % || Gn^0(l=0) ave= 5.410E+01 +/- 1.84 % Gn^0(l=1) ave= 0.000E+00 +/- 0.00 % Gn^0(l=2) ave= 0.000E+00 +/- 0.00 % Gn^0(l=3) ave= 0.000E+00 +/- 0.00 % || Gtotal(l=0) ave= 3.395E+02 +/- 0.00 % Gtotal(l=1) ave= 0.000E+00 +/- 0.00 % Gtotal(l=2) ave= 0.000E+00 +/- 0.00 % Gtotal(l=3) ave= 0.000E+00 +/- 0.00 %  % || Gg(l=0) ave= 1.290E-02 +/- 8.71 % Gg(l=1) ave= 0.000E+00 +/- 0.00 % Gg(l=2) ave= 0.000E+00 +/- 0.00 % Gg(l=3) ave= 0.000E+00 +/- 0.00 %  % || D(l=0) ave= 6.315E+04 +/- 0.00 % D(l=1) ave= 0.000E+00 +/- 0.00 % D(l=2) ave= 0.000E+00 +/- 0.00 % D(l=3) ave= 0.000E+00 +/- 0.00 %  % || S(l=0) ave= 2.974E-04 +/- 1.83 % S(l=1) ave= 0.000E+00 +/- 0.00 % S(l=2) ave= 0.000E+00 +/- 0.00 % S(l=3) ave= 0.000E+00 +/- 0.00 % 
 ... random file  15 Cap(th)  ave= 5.958E-04 b. +/- 10.22 % || Ela(th) ave= 6.148E+00 b. +/- 1.05 % || RIcap ave= 3.99E-04 b. +/- 7.48 % || Macs30 ave= 4.83E-05 b. +/- 12.64 % || Gn^0(l=0) ave= 5.413E+01 +/- 1.80 % Gn^0(l=1) ave= 0.000E+00 +/- 0.00 % Gn^0(l=2) ave= 0.000E+00 +/- 0.00 % Gn^0(l=3) ave= 0.000E+00 +/- 0.00 % || Gtotal(l=0) ave= 3.395E+02 +/- 0.00 % Gtotal(l=1) ave= 0.000E+00 +/- 0.00 % Gtotal(l=2) ave= 0.000E+00 +/- 0.00 % Gtotal(l=3) ave= 0.000E+00 +/- 0.00 %  % || Gg(l=0) ave= 1.281E-02 +/- 8.90 % Gg(l=1) ave= 0.000E+00 +/- 0.00 % Gg(l=2) ave= 0.000E+00 +/- 0.00 % Gg(l=3) ave= 0.000E+00 +/- 0.00 %  % || D(l=0) ave= 6.315E+04 +/- 0.00 % D(l=1) ave= 0.000E+00 +/- 0.00 % D(l=2) ave= 0.000E+00 +/- 0.00 % D(l=3) ave= 0.000E+00 +/- 0.00 %  % || S(l=0) ave= 2.976E-04 +/- 1.79 % S(l=1) ave= 0.000E+00 +/- 0.00 % S(l=2) ave= 0.000E+00 +/- 0.00 % S(l=3) ave= 0.000E+00 +/- 0.00 % 
 ... random file  16 Cap(th)  ave= 5.892E-04 b. +/- 10.98 % || Ela(th) ave= 6.146E+00 b. +/- 1.02 % || RIcap ave= 4.00E-04 b. +/- 7.25 % || Macs30 ave= 4.92E-05 b. +/- 14.15 % || Gn^0(l=0) ave= 5.418E+01 +/- 1.78 % Gn^0(l=1) ave= 0.000E+00 +/- 0.00 % Gn^0(l=2) ave= 0.000E+00 +/- 0.00 % Gn^0(l=3) ave= 0.000E+00 +/- 0.00 % || Gtotal(l=0) ave= 3.395E+02 +/- 0.00 % Gtotal(l=1) ave= 0.000E+00 +/- 0.00 % Gtotal(l=2) ave= 0.000E+00 +/- 0.00 % Gtotal(l=3) ave= 0.000E+00 +/- 0.00 %  % || Gg(l=0) ave= 1.294E-02 +/- 9.46 % Gg(l=1) ave= 0.000E+00 +/- 0.00 % Gg(l=2) ave= 0.000E+00 +/- 0.00 % Gg(l=3) ave= 0.000E+00 +/- 0.00 %  % || D(l=0) ave= 6.315E+04 +/- 0.00 % D(l=1) ave= 0.000E+00 +/- 0.00 % D(l=2) ave= 0.000E+00 +/- 0.00 % D(l=3) ave= 0.000E+00 +/- 0.00 %  % || S(l=0) ave= 2.979E-04 +/- 1.77 % S(l=1) ave= 0.000E+00 +/- 0.00 % S(l=2) ave= 0.000E+00 +/- 0.00 % S(l=3) ave= 0.000E+00 +/- 0.00 % 
 ... random file  17 Cap(th)  ave= 5.892E-04 b. +/- 10.67 % || Ela(th) ave= 6.148E+00 b. +/- 1.00 % || RIcap ave= 3.99E-04 b. +/- 7.06 % || Macs30 ave= 4.91E-05 b. +/- 13.84 % || Gn^0(l=0) ave= 5.417E+01 +/- 1.73 % Gn^0(l=1) ave= 0.000E+00 +/- 0.00 % Gn^0(l=2) ave= 0.000E+00 +/- 0.00 % Gn^0(l=3) ave= 0.000E+00 +/- 0.00 % || Gtotal(l=0) ave= 3.395E+02 +/- 0.00 % Gtotal(l=1) ave= 0.000E+00 +/- 0.00 % Gtotal(l=2) ave= 0.000E+00 +/- 0.00 % Gtotal(l=3) ave= 0.000E+00 +/- 0.00 %  % || Gg(l=0) ave= 1.283E-02 +/- 9.87 % Gg(l=1) ave= 0.000E+00 +/- 0.00 % Gg(l=2) ave= 0.000E+00 +/- 0.00 % Gg(l=3) ave= 0.000E+00 +/- 0.00 %  % || D(l=0) ave= 6.315E+04 +/- 0.00 % D(l=1) ave= 0.000E+00 +/- 0.00 % D(l=2) ave= 0.000E+00 +/- 0.00 % D(l=3) ave= 0.000E+00 +/- 0.00 %  % || S(l=0) ave= 2.978E-04 +/- 1.73 % S(l=1) ave= 0.000E+00 +/- 0.00 % S(l=2) ave= 0.000E+00 +/- 0.00 % S(l=3) ave= 0.000E+00 +/- 0.00 % 
 ... random file  18 Cap(th)  ave= 5.871E-04 b. +/- 10.53 % || Ela(th) ave= 6.149E+00 b. +/- 0.98 % || RIcap ave= 4.01E-04 b. +/- 7.19 % || Macs30 ave= 5.00E-05 b. +/- 15.32 % || Gn^0(l=0) ave= 5.415E+01 +/- 1.70 % Gn^0(l=1) ave= 0.000E+00 +/- 0.00 % Gn^0(l=2) ave= 0.000E+00 +/- 0.00 % Gn^0(l=3) ave= 0.000E+00 +/- 0.00 % || Gtotal(l=0) ave= 3.395E+02 +/- 0.00 % Gtotal(l=1) ave= 0.000E+00 +/- 0.00 % Gtotal(l=2) ave= 0.000E+00 +/- 0.00 % Gtotal(l=3) ave= 0.000E+00 +/- 0.00 %  % || Gg(l=0) ave= 1.297E-02 +/- 10.52 % Gg(l=1) ave= 0.000E+00 +/- 0.00 % Gg(l=2) ave= 0.000E+00 +/- 0.00 % Gg(l=3) ave= 0.000E+00 +/- 0.00 %  % || D(l=0) ave= 6.315E+04 +/- 0.00 % D(l=1) ave= 0.000E+00 +/- 0.00 % D(l=2) ave= 0.000E+00 +/- 0.00 % D(l=3) ave= 0.000E+00 +/- 0.00 %  % || S(l=0) ave= 2.977E-04 +/- 1.69 % S(l=1) ave= 0.000E+00 +/- 0.00 % S(l=2) ave= 0.000E+00 +/- 0.00 % S(l=3) ave= 0.000E+00 +/- 0.00 % 
 ... random file  19 Cap(th)  ave= 5.861E-04 b. +/- 10.31 % || Ela(th) ave= 6.156E+00 b. +/- 1.07 % || RIcap ave= 4.04E-04 b. +/- 7.67 % || Macs30 ave= 5.10E-05 b. +/- 17.07 % || Gn^0(l=0) ave= 5.407E+01 +/- 1.77 % Gn^0(l=1) ave= 0.000E+00 +/- 0.00 % Gn^0(l=2) ave= 0.000E+00 +/- 0.00 % Gn^0(l=3) ave= 0.000E+00 +/- 0.00 % || Gtotal(l=0) ave= 3.395E+02 +/- 0.00 % Gtotal(l=1) ave= 0.000E+00 +/- 0.00 % Gtotal(l=2) ave= 0.000E+00 +/- 0.00 % Gtotal(l=3) ave= 0.000E+00 +/- 0.00 %  % || Gg(l=0) ave= 1.310E-02 +/- 10.98 % Gg(l=1) ave= 0.000E+00 +/- 0.00 % Gg(l=2) ave= 0.000E+00 +/- 0.00 % Gg(l=3) ave= 0.000E+00 +/- 0.00 %  % || D(l=0) ave= 6.315E+04 +/- 0.00 % D(l=1) ave= 0.000E+00 +/- 0.00 % D(l=2) ave= 0.000E+00 +/- 0.00 % D(l=3) ave= 0.000E+00 +/- 0.00 %  % || S(l=0) ave= 2.973E-04 +/- 1.76 % S(l=1) ave= 0.000E+00 +/- 0.00 % S(l=2) ave= 0.000E+00 +/- 0.00 % S(l=3) ave= 0.000E+00 +/- 0.00 % 
 ... random file  20 Cap(th)  ave= 5.843E-04 b. +/- 10.18 % || Ela(th) ave= 6.191E+00 b. +/- 2.74 % || RIcap ave= 4.04E-04 b. +/- 7.51 % || Macs30 ave= 5.11E-05 b. +/- 16.64 % || Gn^0(l=0) ave= 5.368E+01 +/- 3.70 % Gn^0(l=1) ave= 0.000E+00 +/- 0.00 % Gn^0(l=2) ave= 0.000E+00 +/- 0.00 % Gn^0(l=3) ave= 0.000E+00 +/- 0.00 % || Gtotal(l=0) ave= 3.395E+02 +/- 0.00 % Gtotal(l=1) ave= 0.000E+00 +/- 0.00 % Gtotal(l=2) ave= 0.000E+00 +/- 0.00 % Gtotal(l=3) ave= 0.000E+00 +/- 0.00 %  % || Gg(l=0) ave= 1.310E-02 +/- 10.71 % Gg(l=1) ave= 0.000E+00 +/- 0.00 % Gg(l=2) ave= 0.000E+00 +/- 0.00 % Gg(l=3) ave= 0.000E+00 +/- 0.00 %  % || D(l=0) ave= 6.315E+04 +/- 0.00 % D(l=1) ave= 0.000E+00 +/- 0.00 % D(l=2) ave= 0.000E+00 +/- 0.00 % D(l=3) ave= 0.000E+00 +/- 0.00 %  % || S(l=0) ave= 2.951E-04 +/- 3.72 % S(l=1) ave= 0.000E+00 +/- 0.00 % S(l=2) ave= 0.000E+00 +/- 0.00 % S(l=3) ave= 0.000E+00 +/- 0.00 % 
 ... random file  21 Cap(th)  ave= 5.836E-04 b. +/- 9.98 % || Ela(th) ave= 6.229E+00 b. +/- 3.84 % || RIcap ave= 4.02E-04 b. +/- 7.56 % || Macs30 ave= 5.07E-05 b. +/- 16.70 % || Gn^0(l=0) ave= 5.328E+01 +/- 4.98 % Gn^0(l=1) ave= 0.000E+00 +/- 0.00 % Gn^0(l=2) ave= 0.000E+00 +/- 0.00 % Gn^0(l=3) ave= 0.000E+00 +/- 0.00 % || Gtotal(l=0) ave= 3.395E+02 +/- 0.00 % Gtotal(l=1) ave= 0.000E+00 +/- 0.00 % Gtotal(l=2) ave= 0.000E+00 +/- 0.00 % Gtotal(l=3) ave= 0.000E+00 +/- 0.00 %  % || Gg(l=0) ave= 1.305E-02 +/- 10.66 % Gg(l=1) ave= 0.000E+00 +/- 0.00 % Gg(l=2) ave= 0.000E+00 +/- 0.00 % Gg(l=3) ave= 0.000E+00 +/- 0.00 %  % || D(l=0) ave= 6.315E+04 +/- 0.00 % D(l=1) ave= 0.000E+00 +/- 0.00 % D(l=2) ave= 0.000E+00 +/- 0.00 % D(l=3) ave= 0.000E+00 +/- 0.00 %  % || S(l=0) ave= 2.929E-04 +/- 5.00 % S(l=1) ave= 0.000E+00 +/- 0.00 % S(l=2) ave= 0.000E+00 +/- 0.00 % S(l=3) ave= 0.000E+00 +/- 0.00 % 
 ... random file  22 Cap(th)  ave= 5.791E-04 b. +/- 10.50 % || Ela(th) ave= 6.267E+00 b. +/- 4.72 % || RIcap ave= 4.00E-04 b. +/- 7.87 % || Macs30 ave= 5.07E-05 b. +/- 16.38 % || Gn^0(l=0) ave= 5.287E+01 +/- 6.12 % Gn^0(l=1) ave= 0.000E+00 +/- 0.00 % Gn^0(l=2) ave= 0.000E+00 +/- 0.00 % Gn^0(l=3) ave= 0.000E+00 +/- 0.00 % || Gtotal(l=0) ave= 3.395E+02 +/- 0.00 % Gtotal(l=1) ave= 0.000E+00 +/- 0.00 % Gtotal(l=2) ave= 0.000E+00 +/- 0.00 % Gtotal(l=3) ave= 0.000E+00 +/- 0.00 %  % || Gg(l=0) ave= 1.304E-02 +/- 10.44 % Gg(l=1) ave= 0.000E+00 +/- 0.00 % Gg(l=2) ave= 0.000E+00 +/- 0.00 % Gg(l=3) ave= 0.000E+00 +/- 0.00 %  % || D(l=0) ave= 6.315E+04 +/- 0.00 % D(l=1) ave= 0.000E+00 +/- 0.00 % D(l=2) ave= 0.000E+00 +/- 0.00 % D(l=3) ave= 0.000E+00 +/- 0.00 %  % || S(l=0) ave= 2.907E-04 +/- 6.13 % S(l=1) ave= 0.000E+00 +/- 0.00 % S(l=2) ave= 0.000E+00 +/- 0.00 % S(l=3) ave= 0.000E+00 +/- 0.00 % 
 ... random file  23 Cap(th)  ave= 5.831E-04 b. +/- 10.72 % || Ela(th) ave= 6.222E+00 b. +/- 5.79 % || RIcap ave= 4.00E-04 b. +/- 7.70 % || Macs30 ave= 5.02E-05 b. +/- 16.65 % || Gn^0(l=0) ave= 5.356E+01 +/- 8.56 % Gn^0(l=1) ave= 0.000E+00 +/- 0.00 % Gn^0(l=2) ave= 0.000E+00 +/- 0.00 % Gn^0(l=3) ave= 0.000E+00 +/- 0.00 % || Gtotal(l=0) ave= 3.395E+02 +/- 0.00 % Gtotal(l=1) ave= 0.000E+00 +/- 0.00 % Gtotal(l=2) ave= 0.000E+00 +/- 0.00 % Gtotal(l=3) ave= 0.000E+00 +/- 0.00 %  % || Gg(l=0) ave= 1.302E-02 +/- 10.28 % Gg(l=1) ave= 0.000E+00 +/- 0.00 % Gg(l=2) ave= 0.000E+00 +/- 0.00 % Gg(l=3) ave= 0.000E+00 +/- 0.00 %  % || D(l=0) ave= 6.315E+04 +/- 0.00 % D(l=1) ave= 0.000E+00 +/- 0.00 % D(l=2) ave= 0.000E+00 +/- 0.00 % D(l=3) ave= 0.000E+00 +/- 0.00 %  % || S(l=0) ave= 2.945E-04 +/- 8.57 % S(l=1) ave= 0.000E+00 +/- 0.00 % S(l=2) ave= 0.000E+00 +/- 0.00 % S(l=3) ave= 0.000E+00 +/- 0.00 % 
 ... random file  24 Cap(th)  ave= 5.837E-04 b. +/- 10.50 % || Ela(th) ave= 6.194E+00 b. +/- 6.13 % || RIcap ave= 4.01E-04 b. +/- 7.58 % || Macs30 ave= 5.04E-05 b. +/- 16.33 % || Gn^0(l=0) ave= 5.398E+01 +/- 9.16 % Gn^0(l=1) ave= 0.000E+00 +/- 0.00 % Gn^0(l=2) ave= 0.000E+00 +/- 0.00 % Gn^0(l=3) ave= 0.000E+00 +/- 0.00 % || Gtotal(l=0) ave= 3.395E+02 +/- 0.00 % Gtotal(l=1) ave= 0.000E+00 +/- 0.00 % Gtotal(l=2) ave= 0.000E+00 +/- 0.00 % Gtotal(l=3) ave= 0.000E+00 +/- 0.00 %  % || Gg(l=0) ave= 1.309E-02 +/- 10.36 % Gg(l=1) ave= 0.000E+00 +/- 0.00 % Gg(l=2) ave= 0.000E+00 +/- 0.00 % Gg(l=3) ave= 0.000E+00 +/- 0.00 %  % || D(l=0) ave= 6.315E+04 +/- 0.00 % D(l=1) ave= 0.000E+00 +/- 0.00 % D(l=2) ave= 0.000E+00 +/- 0.00 % D(l=3) ave= 0.000E+00 +/- 0.00 %  % || S(l=0) ave= 2.968E-04 +/- 9.19 % S(l=1) ave= 0.000E+00 +/- 0.00 % S(l=2) ave= 0.000E+00 +/- 0.00 % S(l=3) ave= 0.000E+00 +/- 0.00 % 
 ... random file  25 Cap(th)  ave= 5.865E-04 b. +/- 10.52 % || Ela(th) ave= 6.232E+00 b. +/- 6.70 % || RIcap ave= 4.02E-04 b. +/- 7.53 % || Macs30 ave= 5.04E-05 b. +/- 16.01 % || Gn^0(l=0) ave= 5.359E+01 +/- 9.78 % Gn^0(l=1) ave= 0.000E+00 +/- 0.00 % Gn^0(l=2) ave= 0.000E+00 +/- 0.00 % Gn^0(l=3) ave= 0.000E+00 +/- 0.00 % || Gtotal(l=0) ave= 3.395E+02 +/- 0.00 % Gtotal(l=1) ave= 0.000E+00 +/- 0.00 % Gtotal(l=2) ave= 0.000E+00 +/- 0.00 % Gtotal(l=3) ave= 0.000E+00 +/- 0.00 %  % || Gg(l=0) ave= 1.314E-02 +/- 10.33 % Gg(l=1) ave= 0.000E+00 +/- 0.00 % Gg(l=2) ave= 0.000E+00 +/- 0.00 % Gg(l=3) ave= 0.000E+00 +/- 0.00 %  % || D(l=0) ave= 6.315E+04 +/- 0.00 % D(l=1) ave= 0.000E+00 +/- 0.00 % D(l=2) ave= 0.000E+00 +/- 0.00 % D(l=3) ave= 0.000E+00 +/- 0.00 %  % || S(l=0) ave= 2.946E-04 +/- 9.80 % S(l=1) ave= 0.000E+00 +/- 0.00 % S(l=2) ave= 0.000E+00 +/- 0.00 % S(l=3) ave= 0.000E+00 +/- 0.00 % 
 ... random file  26 Cap(th)  ave= 5.884E-04 b. +/- 10.43 % || Ela(th) ave= 6.265E+00 b. +/- 7.09 % || RIcap ave= 4.03E-04 b. +/- 7.52 % || Macs30 ave= 5.05E-05 b. +/- 15.72 % || Gn^0(l=0) ave= 5.321E+01 +/- 10.31 % Gn^0(l=1) ave= 0.000E+00 +/- 0.00 % Gn^0(l=2) ave= 0.000E+00 +/- 0.00 % Gn^0(l=3) ave= 0.000E+00 +/- 0.00 % || Gtotal(l=0) ave= 3.395E+02 +/- 0.00 % Gtotal(l=1) ave= 0.000E+00 +/- 0.00 % Gtotal(l=2) ave= 0.000E+00 +/- 0.00 % Gtotal(l=3) ave= 0.000E+00 +/- 0.00 %  % || Gg(l=0) ave= 1.320E-02 +/- 10.31 % Gg(l=1) ave= 0.000E+00 +/- 0.00 % Gg(l=2) ave= 0.000E+00 +/- 0.00 % Gg(l=3) ave= 0.000E+00 +/- 0.00 %  % || D(l=0) ave= 6.315E+04 +/- 0.00 % D(l=1) ave= 0.000E+00 +/- 0.00 % D(l=2) ave= 0.000E+00 +/- 0.00 % D(l=3) ave= 0.000E+00 +/- 0.00 %  % || S(l=0) ave= 2.926E-04 +/- 10.34 % S(l=1) ave= 0.000E+00 +/- 0.00 % S(l=2) ave= 0.000E+00 +/- 0.00 % S(l=3) ave= 0.000E+00 +/- 0.00 % 
 ... random file  27 Cap(th)  ave= 5.874E-04 b. +/- 10.29 % || Ela(th) ave= 6.263E+00 b. +/- 6.97 % || RIcap ave= 4.03E-04 b. +/- 7.43 % || Macs30 ave= 5.05E-05 b. +/- 15.45 % || Gn^0(l=0) ave= 5.322E+01 +/- 10.12 % Gn^0(l=1) ave= 0.000E+00 +/- 0.00 % Gn^0(l=2) ave= 0.000E+00 +/- 0.00 % Gn^0(l=3) ave= 0.000E+00 +/- 0.00 % || Gtotal(l=0) ave= 3.395E+02 +/- 0.00 % Gtotal(l=1) ave= 0.000E+00 +/- 0.00 % Gtotal(l=2) ave= 0.000E+00 +/- 0.00 % Gtotal(l=3) ave= 0.000E+00 +/- 0.00 %  % || Gg(l=0) ave= 1.322E-02 +/- 10.15 % Gg(l=1) ave= 0.000E+00 +/- 0.00 % Gg(l=2) ave= 0.000E+00 +/- 0.00 % Gg(l=3) ave= 0.000E+00 +/- 0.00 %  % || D(l=0) ave= 6.315E+04 +/- 0.00 % D(l=1) ave= 0.000E+00 +/- 0.00 % D(l=2) ave= 0.000E+00 +/- 0.00 % D(l=3) ave= 0.000E+00 +/- 0.00 %  % || S(l=0) ave= 2.926E-04 +/- 10.15 % S(l=1) ave= 0.000E+00 +/- 0.00 % S(l=2) ave= 0.000E+00 +/- 0.00 % S(l=3) ave= 0.000E+00 +/- 0.00 % 
 ... random file  28 Cap(th)  ave= 5.867E-04 b. +/- 10.15 % || Ela(th) ave= 6.248E+00 b. +/- 6.99 % || RIcap ave= 4.02E-04 b. +/- 7.45 % || Macs30 ave= 5.03E-05 b. +/- 15.38 % || Gn^0(l=0) ave= 5.343E+01 +/- 10.11 % Gn^0(l=1) ave= 0.000E+00 +/- 0.00 % Gn^0(l=2) ave= 0.000E+00 +/- 0.00 % Gn^0(l=3) ave= 0.000E+00 +/- 0.00 % || Gtotal(l=0) ave= 3.395E+02 +/- 0.00 % Gtotal(l=1) ave= 0.000E+00 +/- 0.00 % Gtotal(l=2) ave= 0.000E+00 +/- 0.00 % Gtotal(l=3) ave= 0.000E+00 +/- 0.00 %  % || Gg(l=0) ave= 1.324E-02 +/- 9.99 % Gg(l=1) ave= 0.000E+00 +/- 0.00 % Gg(l=2) ave= 0.000E+00 +/- 0.00 % Gg(l=3) ave= 0.000E+00 +/- 0.00 %  % || D(l=0) ave= 6.315E+04 +/- 0.00 % D(l=1) ave= 0.000E+00 +/- 0.00 % D(l=2) ave= 0.000E+00 +/- 0.00 % D(l=3) ave= 0.000E+00 +/- 0.00 %  % || S(l=0) ave= 2.938E-04 +/- 10.14 % S(l=1) ave= 0.000E+00 +/- 0.00 % S(l=2) ave= 0.000E+00 +/- 0.00 % S(l=3) ave= 0.000E+00 +/- 0.00 % 
 ... random file  29 Cap(th)  ave= 5.880E-04 b. +/- 10.04 % || Ela(th) ave= 6.235E+00 b. +/- 6.97 % || RIcap ave= 4.01E-04 b. +/- 7.36 % || Macs30 ave= 5.00E-05 b. +/- 15.61 % || Gn^0(l=0) ave= 5.360E+01 +/- 10.06 % Gn^0(l=1) ave= 0.000E+00 +/- 0.00 % Gn^0(l=2) ave= 0.000E+00 +/- 0.00 % Gn^0(l=3) ave= 0.000E+00 +/- 0.00 % || Gtotal(l=0) ave= 3.395E+02 +/- 0.00 % Gtotal(l=1) ave= 0.000E+00 +/- 0.00 % Gtotal(l=2) ave= 0.000E+00 +/- 0.00 % Gtotal(l=3) ave= 0.000E+00 +/- 0.00 %  % || Gg(l=0) ave= 1.320E-02 +/- 9.99 % Gg(l=1) ave= 0.000E+00 +/- 0.00 % Gg(l=2) ave= 0.000E+00 +/- 0.00 % Gg(l=3) ave= 0.000E+00 +/- 0.00 %  % || D(l=0) ave= 6.315E+04 +/- 0.00 % D(l=1) ave= 0.000E+00 +/- 0.00 % D(l=2) ave= 0.000E+00 +/- 0.00 % D(l=3) ave= 0.000E+00 +/- 0.00 %  % || S(l=0) ave= 2.947E-04 +/- 10.09 % S(l=1) ave= 0.000E+00 +/- 0.00 % S(l=2) ave= 0.000E+00 +/- 0.00 % S(l=3) ave= 0.000E+00 +/- 0.00 % 
 ... random file  30 Cap(th)  ave= 5.874E-04 b. +/- 9.90 % || Ela(th) ave= 6.210E+00 b. +/- 7.23 % || RIcap ave= 4.00E-04 b. +/- 7.41 % || Macs30 ave= 4.97E-05 b. +/- 15.68 % || Gn^0(l=0) ave= 5.393E+01 +/- 10.38 % Gn^0(l=1) ave= 0.000E+00 +/- 0.00 % Gn^0(l=2) ave= 0.000E+00 +/- 0.00 % Gn^0(l=3) ave= 0.000E+00 +/- 0.00 % || Gtotal(l=0) ave= 3.395E+02 +/- 0.00 % Gtotal(l=1) ave= 0.000E+00 +/- 0.00 % Gtotal(l=2) ave= 0.000E+00 +/- 0.00 % Gtotal(l=3) ave= 0.000E+00 +/- 0.00 %  % || Gg(l=0) ave= 1.317E-02 +/- 9.94 % Gg(l=1) ave= 0.000E+00 +/- 0.00 % Gg(l=2) ave= 0.000E+00 +/- 0.00 % Gg(l=3) ave= 0.000E+00 +/- 0.00 %  % || D(l=0) ave= 6.315E+04 +/- 0.00 % D(l=1) ave= 0.000E+00 +/- 0.00 % D(l=2) ave= 0.000E+00 +/- 0.00 % D(l=3) ave= 0.000E+00 +/- 0.00 %  % || S(l=0) ave= 2.965E-04 +/- 10.41 % S(l=1) ave= 0.000E+00 +/- 0.00 % S(l=2) ave= 0.000E+00 +/- 0.00 % S(l=3) ave= 0.000E+00 +/- 0.00 % 
 ... random file  31 Cap(th)  ave= 5.876E-04 b. +/- 9.74 % || Ela(th) ave= 6.202E+00 b. +/- 7.17 % || RIcap ave= 4.00E-04 b. +/- 7.36 % || Macs30 ave= 4.95E-05 b. +/- 15.67 % || Gn^0(l=0) ave= 5.402E+01 +/- 10.24 % Gn^0(l=1) ave= 0.000E+00 +/- 0.00 % Gn^0(l=2) ave= 0.000E+00 +/- 0.00 % Gn^0(l=3) ave= 0.000E+00 +/- 0.00 % || Gtotal(l=0) ave= 3.395E+02 +/- 0.00 % Gtotal(l=1) ave= 0.000E+00 +/- 0.00 % Gtotal(l=2) ave= 0.000E+00 +/- 0.00 % Gtotal(l=3) ave= 0.000E+00 +/- 0.00 %  % || Gg(l=0) ave= 1.314E-02 +/- 9.88 % Gg(l=1) ave= 0.000E+00 +/- 0.00 % Gg(l=2) ave= 0.000E+00 +/- 0.00 % Gg(l=3) ave= 0.000E+00 +/- 0.00 %  % || D(l=0) ave= 6.315E+04 +/- 0.00 % D(l=1) ave= 0.000E+00 +/- 0.00 % D(l=2) ave= 0.000E+00 +/- 0.00 % D(l=3) ave= 0.000E+00 +/- 0.00 %  % || S(l=0) ave= 2.970E-04 +/- 10.28 % S(l=1) ave= 0.000E+00 +/- 0.00 % S(l=2) ave= 0.000E+00 +/- 0.00 % S(l=3) ave= 0.000E+00 +/- 0.00 % 
 ... random file  32 Cap(th)  ave= 5.884E-04 b. +/- 9.61 % || Ela(th) ave= 6.178E+00 b. +/- 7.41 % || RIcap ave= 3.99E-04 b. +/- 7.27 % || Macs30 ave= 4.93E-05 b. +/- 15.75 % || Gn^0(l=0) ave= 5.436E+01 +/- 10.64 % Gn^0(l=1) ave= 0.000E+00 +/- 0.00 % Gn^0(l=2) ave= 0.000E+00 +/- 0.00 % Gn^0(l=3) ave= 0.000E+00 +/- 0.00 % || Gtotal(l=0) ave= 3.395E+02 +/- 0.00 % Gtotal(l=1) ave= 0.000E+00 +/- 0.00 % Gtotal(l=2) ave= 0.000E+00 +/- 0.00 % Gtotal(l=3) ave= 0.000E+00 +/- 0.00 %  % || Gg(l=0) ave= 1.305E-02 +/- 10.47 % Gg(l=1) ave= 0.000E+00 +/- 0.00 % Gg(l=2) ave= 0.000E+00 +/- 0.00 % Gg(l=3) ave= 0.000E+00 +/- 0.00 %  % || D(l=0) ave= 6.315E+04 +/- 0.00 % D(l=1) ave= 0.000E+00 +/- 0.00 % D(l=2) ave= 0.000E+00 +/- 0.00 % D(l=3) ave= 0.000E+00 +/- 0.00 %  % || S(l=0) ave= 2.989E-04 +/- 10.67 % S(l=1) ave= 0.000E+00 +/- 0.00 % S(l=2) ave= 0.000E+00 +/- 0.00 % S(l=3) ave= 0.000E+00 +/- 0.00 % 
 ... random file  33 Cap(th)  ave= 5.885E-04 b. +/- 9.47 % || Ela(th) ave= 6.203E+00 b. +/- 7.64 % || RIcap ave= 4.00E-04 b. +/- 7.21 % || Macs30 ave= 4.95E-05 b. +/- 15.57 % || Gn^0(l=0) ave= 5.407E+01 +/- 10.99 % Gn^0(l=1) ave= 0.000E+00 +/- 0.00 % Gn^0(l=2) ave= 0.000E+00 +/- 0.00 % Gn^0(l=3) ave= 0.000E+00 +/- 0.00 % || Gtotal(l=0) ave= 3.395E+02 +/- 0.00 % Gtotal(l=1) ave= 0.000E+00 +/- 0.00 % Gtotal(l=2) ave= 0.000E+00 +/- 0.00 % Gtotal(l=3) ave= 0.000E+00 +/- 0.00 %  % || Gg(l=0) ave= 1.302E-02 +/- 10.43 % Gg(l=1) ave= 0.000E+00 +/- 0.00 % Gg(l=2) ave= 0.000E+00 +/- 0.00 % Gg(l=3) ave= 0.000E+00 +/- 0.00 %  % || D(l=0) ave= 6.315E+04 +/- 0.00 % D(l=1) ave= 0.000E+00 +/- 0.00 % D(l=2) ave= 0.000E+00 +/- 0.00 % D(l=3) ave= 0.000E+00 +/- 0.00 %  % || S(l=0) ave= 2.973E-04 +/- 11.02 % S(l=1) ave= 0.000E+00 +/- 0.00 % S(l=2) ave= 0.000E+00 +/- 0.00 % S(l=3) ave= 0.000E+00 +/- 0.00 % 
 ... random file  34 Cap(th)  ave= 5.873E-04 b. +/- 9.42 % || Ela(th) ave= 6.226E+00 b. +/- 7.81 % || RIcap ave= 4.00E-04 b. +/- 7.11 % || Macs30 ave= 4.96E-05 b. +/- 15.39 % || Gn^0(l=0) ave= 5.380E+01 +/- 11.27 % Gn^0(l=1) ave= 0.000E+00 +/- 0.00 % Gn^0(l=2) ave= 0.000E+00 +/- 0.00 % Gn^0(l=3) ave= 0.000E+00 +/- 0.00 % || Gtotal(l=0) ave= 3.395E+02 +/- 0.00 % Gtotal(l=1) ave= 0.000E+00 +/- 0.00 % Gtotal(l=2) ave= 0.000E+00 +/- 0.00 % Gtotal(l=3) ave= 0.000E+00 +/- 0.00 %  % || Gg(l=0) ave= 1.302E-02 +/- 10.28 % Gg(l=1) ave= 0.000E+00 +/- 0.00 % Gg(l=2) ave= 0.000E+00 +/- 0.00 % Gg(l=3) ave= 0.000E+00 +/- 0.00 %  % || D(l=0) ave= 6.315E+04 +/- 0.00 % D(l=1) ave= 0.000E+00 +/- 0.00 % D(l=2) ave= 0.000E+00 +/- 0.00 % D(l=3) ave= 0.000E+00 +/- 0.00 %  % || S(l=0) ave= 2.958E-04 +/- 11.30 % S(l=1) ave= 0.000E+00 +/- 0.00 % S(l=2) ave= 0.000E+00 +/- 0.00 % S(l=3) ave= 0.000E+00 +/- 0.00 % 
 ... random file  35 Cap(th)  ave= 5.886E-04 b. +/- 9.36 % || Ela(th) ave= 6.246E+00 b. +/- 7.89 % || RIcap ave= 4.01E-04 b. +/- 7.25 % || Macs30 ave= 4.99E-05 b. +/- 15.42 % || Gn^0(l=0) ave= 5.359E+01 +/- 11.41 % Gn^0(l=1) ave= 0.000E+00 +/- 0.00 % Gn^0(l=2) ave= 0.000E+00 +/- 0.00 % Gn^0(l=3) ave= 0.000E+00 +/- 0.00 % || Gtotal(l=0) ave= 3.395E+02 +/- 0.00 % Gtotal(l=1) ave= 0.000E+00 +/- 0.00 % Gtotal(l=2) ave= 0.000E+00 +/- 0.00 % Gtotal(l=3) ave= 0.000E+00 +/- 0.00 %  % || Gg(l=0) ave= 1.312E-02 +/- 10.89 % Gg(l=1) ave= 0.000E+00 +/- 0.00 % Gg(l=2) ave= 0.000E+00 +/- 0.00 % Gg(l=3) ave= 0.000E+00 +/- 0.00 %  % || D(l=0) ave= 6.315E+04 +/- 0.00 % D(l=1) ave= 0.000E+00 +/- 0.00 % D(l=2) ave= 0.000E+00 +/- 0.00 % D(l=3) ave= 0.000E+00 +/- 0.00 %  % || S(l=0) ave= 2.946E-04 +/- 11.44 % S(l=1) ave= 0.000E+00 +/- 0.00 % S(l=2) ave= 0.000E+00 +/- 0.00 % S(l=3) ave= 0.000E+00 +/- 0.00 % 
 ... random file  36 Cap(th)  ave= 5.923E-04 b. +/- 9.89 % || Ela(th) ave= 6.227E+00 b. +/- 8.01 % || RIcap ave= 4.02E-04 b. +/- 7.34 % || Macs30 ave= 4.98E-05 b. +/- 15.28 % || Gn^0(l=0) ave= 5.384E+01 +/- 11.55 % Gn^0(l=1) ave= 0.000E+00 +/- 0.00 % Gn^0(l=2) ave= 0.000E+00 +/- 0.00 % Gn^0(l=3) ave= 0.000E+00 +/- 0.00 % || Gtotal(l=0) ave= 3.395E+02 +/- 0.00 % Gtotal(l=1) ave= 0.000E+00 +/- 0.00 % Gtotal(l=2) ave= 0.000E+00 +/- 0.00 % Gtotal(l=3) ave= 0.000E+00 +/- 0.00 %  % || Gg(l=0) ave= 1.313E-02 +/- 10.75 % Gg(l=1) ave= 0.000E+00 +/- 0.00 % Gg(l=2) ave= 0.000E+00 +/- 0.00 % Gg(l=3) ave= 0.000E+00 +/- 0.00 %  % || D(l=0) ave= 6.315E+04 +/- 0.00 % D(l=1) ave= 0.000E+00 +/- 0.00 % D(l=2) ave= 0.000E+00 +/- 0.00 % D(l=3) ave= 0.000E+00 +/- 0.00 %  % || S(l=0) ave= 2.960E-04 +/- 11.58 % S(l=1) ave= 0.000E+00 +/- 0.00 % S(l=2) ave= 0.000E+00 +/- 0.00 % S(l=3) ave= 0.000E+00 +/- 0.00 % 
 ... random file  37 Cap(th)  ave= 5.920E-04 b. +/- 9.76 % || Ela(th) ave= 6.205E+00 b. +/- 8.21 % || RIcap ave= 4.02E-04 b. +/- 7.27 % || Macs30 ave= 4.97E-05 b. +/- 15.10 % || Gn^0(l=0) ave= 5.416E+01 +/- 11.88 % Gn^0(l=1) ave= 0.000E+00 +/- 0.00 % Gn^0(l=2) ave= 0.000E+00 +/- 0.00 % Gn^0(l=3) ave= 0.000E+00 +/- 0.00 % || Gtotal(l=0) ave= 3.395E+02 +/- 0.00 % Gtotal(l=1) ave= 0.000E+00 +/- 0.00 % Gtotal(l=2) ave= 0.000E+00 +/- 0.00 % Gtotal(l=3) ave= 0.000E+00 +/- 0.00 %  % || Gg(l=0) ave= 1.314E-02 +/- 10.62 % Gg(l=1) ave= 0.000E+00 +/- 0.00 % Gg(l=2) ave= 0.000E+00 +/- 0.00 % Gg(l=3) ave= 0.000E+00 +/- 0.00 %  % || D(l=0) ave= 6.315E+04 +/- 0.00 % D(l=1) ave= 0.000E+00 +/- 0.00 % D(l=2) ave= 0.000E+00 +/- 0.00 % D(l=3) ave= 0.000E+00 +/- 0.00 %  % || S(l=0) ave= 2.978E-04 +/- 11.91 % S(l=1) ave= 0.000E+00 +/- 0.00 % S(l=2) ave= 0.000E+00 +/- 0.00 % S(l=3) ave= 0.000E+00 +/- 0.00 % 
 ... random file  38 Cap(th)  ave= 5.914E-04 b. +/- 9.66 % || Ela(th) ave= 6.186E+00 b. +/- 8.35 % || RIcap ave= 4.02E-04 b. +/- 7.25 % || Macs30 ave= 4.96E-05 b. +/- 15.04 % || Gn^0(l=0) ave= 5.443E+01 +/- 12.07 % Gn^0(l=1) ave= 0.000E+00 +/- 0.00 % Gn^0(l=2) ave= 0.000E+00 +/- 0.00 % Gn^0(l=3) ave= 0.000E+00 +/- 0.00 % || Gtotal(l=0) ave= 3.395E+02 +/- 0.00 % Gtotal(l=1) ave= 0.000E+00 +/- 0.00 % Gtotal(l=2) ave= 0.000E+00 +/- 0.00 % Gtotal(l=3) ave= 0.000E+00 +/- 0.00 %  % || Gg(l=0) ave= 1.310E-02 +/- 10.70 % Gg(l=1) ave= 0.000E+00 +/- 0.00 % Gg(l=2) ave= 0.000E+00 +/- 0.00 % Gg(l=3) ave= 0.000E+00 +/- 0.00 %  % || D(l=0) ave= 6.315E+04 +/- 0.00 % D(l=1) ave= 0.000E+00 +/- 0.00 % D(l=2) ave= 0.000E+00 +/- 0.00 % D(l=3) ave= 0.000E+00 +/- 0.00 %  % || S(l=0) ave= 2.993E-04 +/- 12.09 % S(l=1) ave= 0.000E+00 +/- 0.00 % S(l=2) ave= 0.000E+00 +/- 0.00 % S(l=3) ave= 0.000E+00 +/- 0.00 % 
 ... random file  39 Cap(th)  ave= 5.906E-04 b. +/- 9.59 % || Ela(th) ave= 6.180E+00 b. +/- 8.28 % || RIcap ave= 4.02E-04 b. +/- 7.21 % || Macs30 ave= 4.99E-05 b. +/- 15.18 % || Gn^0(l=0) ave= 5.450E+01 +/- 11.93 % Gn^0(l=1) ave= 0.000E+00 +/- 0.00 % Gn^0(l=2) ave= 0.000E+00 +/- 0.00 % Gn^0(l=3) ave= 0.000E+00 +/- 0.00 % || Gtotal(l=0) ave= 3.395E+02 +/- 0.00 % Gtotal(l=1) ave= 0.000E+00 +/- 0.00 % Gtotal(l=2) ave= 0.000E+00 +/- 0.00 % Gtotal(l=3) ave= 0.000E+00 +/- 0.00 %  % || Gg(l=0) ave= 1.312E-02 +/- 10.61 % Gg(l=1) ave= 0.000E+00 +/- 0.00 % Gg(l=2) ave= 0.000E+00 +/- 0.00 % Gg(l=3) ave= 0.000E+00 +/- 0.00 %  % || D(l=0) ave= 6.315E+04 +/- 0.00 % D(l=1) ave= 0.000E+00 +/- 0.00 % D(l=2) ave= 0.000E+00 +/- 0.00 % D(l=3) ave= 0.000E+00 +/- 0.00 %  % || S(l=0) ave= 2.997E-04 +/- 11.96 % S(l=1) ave= 0.000E+00 +/- 0.00 % S(l=2) ave= 0.000E+00 +/- 0.00 % S(l=3) ave= 0.000E+00 +/- 0.00 % 
 ... random file  40 Cap(th)  ave= 5.900E-04 b. +/- 9.51 % || Ela(th) ave= 6.199E+00 b. +/- 8.39 % || RIcap ave= 4.01E-04 b. +/- 7.22 % || Macs30 ave= 4.98E-05 b. +/- 15.09 % || Gn^0(l=0) ave= 5.428E+01 +/- 12.12 % Gn^0(l=1) ave= 0.000E+00 +/- 0.00 % Gn^0(l=2) ave= 0.000E+00 +/- 0.00 % Gn^0(l=3) ave= 0.000E+00 +/- 0.00 % || Gtotal(l=0) ave= 3.395E+02 +/- 0.00 % Gtotal(l=1) ave= 0.000E+00 +/- 0.00 % Gtotal(l=2) ave= 0.000E+00 +/- 0.00 % Gtotal(l=3) ave= 0.000E+00 +/- 0.00 %  % || Gg(l=0) ave= 1.314E-02 +/- 10.50 % Gg(l=1) ave= 0.000E+00 +/- 0.00 % Gg(l=2) ave= 0.000E+00 +/- 0.00 % Gg(l=3) ave= 0.000E+00 +/- 0.00 %  % || D(l=0) ave= 6.315E+04 +/- 0.00 % D(l=1) ave= 0.000E+00 +/- 0.00 % D(l=2) ave= 0.000E+00 +/- 0.00 % D(l=3) ave= 0.000E+00 +/- 0.00 %  % || S(l=0) ave= 2.984E-04 +/- 12.15 % S(l=1) ave= 0.000E+00 +/- 0.00 % S(l=2) ave= 0.000E+00 +/- 0.00 % S(l=3) ave= 0.000E+00 +/- 0.00 % 
 ... random file  41 Cap(th)  ave= 5.919E-04 b. +/- 9.61 % || Ela(th) ave= 6.195E+00 b. +/- 8.30 % || RIcap ave= 4.03E-04 b. +/- 7.43 % || Macs30 ave= 4.99E-05 b. +/- 14.99 % || Gn^0(l=0) ave= 5.431E+01 +/- 11.97 % Gn^0(l=1) ave= 0.000E+00 +/- 0.00 % Gn^0(l=2) ave= 0.000E+00 +/- 0.00 % Gn^0(l=3) ave= 0.000E+00 +/- 0.00 % || Gtotal(l=0) ave= 3.395E+02 +/- 0.00 % Gtotal(l=1) ave= 0.000E+00 +/- 0.00 % Gtotal(l=2) ave= 0.000E+00 +/- 0.00 % Gtotal(l=3) ave= 0.000E+00 +/- 0.00 %  % || Gg(l=0) ave= 1.316E-02 +/- 10.39 % Gg(l=1) ave= 0.000E+00 +/- 0.00 % Gg(l=2) ave= 0.000E+00 +/- 0.00 % Gg(l=3) ave= 0.000E+00 +/- 0.00 %  % || D(l=0) ave= 6.315E+04 +/- 0.00 % D(l=1) ave= 0.000E+00 +/- 0.00 % D(l=2) ave= 0.000E+00 +/- 0.00 % D(l=3) ave= 0.000E+00 +/- 0.00 %  % || S(l=0) ave= 2.986E-04 +/- 12.00 % S(l=1) ave= 0.000E+00 +/- 0.00 % S(l=2) ave= 0.000E+00 +/- 0.00 % S(l=3) ave= 0.000E+00 +/- 0.00 % 
 ... random file  42 Cap(th)  ave= 5.957E-04 b. +/- 10.27 % || Ela(th) ave= 6.199E+00 b. +/- 8.21 % || RIcap ave= 4.03E-04 b. +/- 7.42 % || Macs30 ave= 4.97E-05 b. +/- 15.29 % || Gn^0(l=0) ave= 5.424E+01 +/- 11.88 % Gn^0(l=1) ave= 0.000E+00 +/- 0.00 % Gn^0(l=2) ave= 0.000E+00 +/- 0.00 % Gn^0(l=3) ave= 0.000E+00 +/- 0.00 % || Gtotal(l=0) ave= 3.395E+02 +/- 0.00 % Gtotal(l=1) ave= 0.000E+00 +/- 0.00 % Gtotal(l=2) ave= 0.000E+00 +/- 0.00 % Gtotal(l=3) ave= 0.000E+00 +/- 0.00 %  % || Gg(l=0) ave= 1.312E-02 +/- 10.47 % Gg(l=1) ave= 0.000E+00 +/- 0.00 % Gg(l=2) ave= 0.000E+00 +/- 0.00 % Gg(l=3) ave= 0.000E+00 +/- 0.00 %  % || D(l=0) ave= 6.315E+04 +/- 0.00 % D(l=1) ave= 0.000E+00 +/- 0.00 % D(l=2) ave= 0.000E+00 +/- 0.00 % D(l=3) ave= 0.000E+00 +/- 0.00 %  % || S(l=0) ave= 2.982E-04 +/- 11.91 % S(l=1) ave= 0.000E+00 +/- 0.00 % S(l=2) ave= 0.000E+00 +/- 0.00 % S(l=3) ave= 0.000E+00 +/- 0.00 % 
 ... random file  43 Cap(th)  ave= 5.981E-04 b. +/- 10.46 % || Ela(th) ave= 6.200E+00 b. +/- 8.12 % || RIcap ave= 4.04E-04 b. +/- 7.45 % || Macs30 ave= 4.96E-05 b. +/- 15.13 % || Gn^0(l=0) ave= 5.422E+01 +/- 11.75 % Gn^0(l=1) ave= 0.000E+00 +/- 0.00 % Gn^0(l=2) ave= 0.000E+00 +/- 0.00 % Gn^0(l=3) ave= 0.000E+00 +/- 0.00 % || Gtotal(l=0) ave= 3.395E+02 +/- 0.00 % Gtotal(l=1) ave= 0.000E+00 +/- 0.00 % Gtotal(l=2) ave= 0.000E+00 +/- 0.00 % Gtotal(l=3) ave= 0.000E+00 +/- 0.00 %  % || Gg(l=0) ave= 1.312E-02 +/- 10.35 % Gg(l=1) ave= 0.000E+00 +/- 0.00 % Gg(l=2) ave= 0.000E+00 +/- 0.00 % Gg(l=3) ave= 0.000E+00 +/- 0.00 %  % || D(l=0) ave= 6.315E+04 +/- 0.00 % D(l=1) ave= 0.000E+00 +/- 0.00 % D(l=2) ave= 0.000E+00 +/- 0.00 % D(l=3) ave= 0.000E+00 +/- 0.00 %  % || S(l=0) ave= 2.981E-04 +/- 11.78 % S(l=1) ave= 0.000E+00 +/- 0.00 % S(l=2) ave= 0.000E+00 +/- 0.00 % S(l=3) ave= 0.000E+00 +/- 0.00 % 
 ... random file  44 Cap(th)  ave= 5.984E-04 b. +/- 10.35 % || Ela(th) ave= 6.192E+00 b. +/- 8.08 % || RIcap ave= 4.04E-04 b. +/- 7.37 % || Macs30 ave= 4.96E-05 b. +/- 14.98 % || Gn^0(l=0) ave= 5.432E+01 +/- 11.66 % Gn^0(l=1) ave= 0.000E+00 +/- 0.00 % Gn^0(l=2) ave= 0.000E+00 +/- 0.00 % Gn^0(l=3) ave= 0.000E+00 +/- 0.00 % || Gtotal(l=0) ave= 3.395E+02 +/- 0.00 % Gtotal(l=1) ave= 0.000E+00 +/- 0.00 % Gtotal(l=2) ave= 0.000E+00 +/- 0.00 % Gtotal(l=3) ave= 0.000E+00 +/- 0.00 %  % || Gg(l=0) ave= 1.308E-02 +/- 10.45 % Gg(l=1) ave= 0.000E+00 +/- 0.00 % Gg(l=2) ave= 0.000E+00 +/- 0.00 % Gg(l=3) ave= 0.000E+00 +/- 0.00 %  % || D(l=0) ave= 6.315E+04 +/- 0.00 % D(l=1) ave= 0.000E+00 +/- 0.00 % D(l=2) ave= 0.000E+00 +/- 0.00 % D(l=3) ave= 0.000E+00 +/- 0.00 %  % || S(l=0) ave= 2.987E-04 +/- 11.69 % S(l=1) ave= 0.000E+00 +/- 0.00 % S(l=2) ave= 0.000E+00 +/- 0.00 % S(l=3) ave= 0.000E+00 +/- 0.00 % 
 ... random file  45 Cap(th)  ave= 5.979E-04 b. +/- 10.26 % || Ela(th) ave= 6.189E+00 b. +/- 8.00 % || RIcap ave= 4.04E-04 b. +/- 7.31 % || Macs30 ave= 4.96E-05 b. +/- 14.82 % || Gn^0(l=0) ave= 5.434E+01 +/- 11.53 % Gn^0(l=1) ave= 0.000E+00 +/- 0.00 % Gn^0(l=2) ave= 0.000E+00 +/- 0.00 % Gn^0(l=3) ave= 0.000E+00 +/- 0.00 % || Gtotal(l=0) ave= 3.395E+02 +/- 0.00 % Gtotal(l=1) ave= 0.000E+00 +/- 0.00 % Gtotal(l=2) ave= 0.000E+00 +/- 0.00 % Gtotal(l=3) ave= 0.000E+00 +/- 0.00 %  % || Gg(l=0) ave= 1.307E-02 +/- 10.36 % Gg(l=1) ave= 0.000E+00 +/- 0.00 % Gg(l=2) ave= 0.000E+00 +/- 0.00 % Gg(l=3) ave= 0.000E+00 +/- 0.00 %  % || D(l=0) ave= 6.315E+04 +/- 0.00 % D(l=1) ave= 0.000E+00 +/- 0.00 % D(l=2) ave= 0.000E+00 +/- 0.00 % D(l=3) ave= 0.000E+00 +/- 0.00 %  % || S(l=0) ave= 2.988E-04 +/- 11.56 % S(l=1) ave= 0.000E+00 +/- 0.00 % S(l=2) ave= 0.000E+00 +/- 0.00 % S(l=3) ave= 0.000E+00 +/- 0.00 % 
 ... random file  46 Cap(th)  ave= 5.959E-04 b. +/- 10.43 % || Ela(th) ave= 6.204E+00 b. +/- 8.07 % || RIcap ave= 4.03E-04 b. +/- 7.63 % || Macs30 ave= 4.94E-05 b. +/- 14.92 % || Gn^0(l=0) ave= 5.416E+01 +/- 11.67 % Gn^0(l=1) ave= 0.000E+00 +/- 0.00 % Gn^0(l=2) ave= 0.000E+00 +/- 0.00 % Gn^0(l=3) ave= 0.000E+00 +/- 0.00 % || Gtotal(l=0) ave= 3.395E+02 +/- 0.00 % Gtotal(l=1) ave= 0.000E+00 +/- 0.00 % Gtotal(l=2) ave= 0.000E+00 +/- 0.00 % Gtotal(l=3) ave= 0.000E+00 +/- 0.00 %  % || Gg(l=0) ave= 1.304E-02 +/- 10.44 % Gg(l=1) ave= 0.000E+00 +/- 0.00 % Gg(l=2) ave= 0.000E+00 +/- 0.00 % Gg(l=3) ave= 0.000E+00 +/- 0.00 %  % || D(l=0) ave= 6.315E+04 +/- 0.00 % D(l=1) ave= 0.000E+00 +/- 0.00 % D(l=2) ave= 0.000E+00 +/- 0.00 % D(l=3) ave= 0.000E+00 +/- 0.00 %  % || S(l=0) ave= 2.978E-04 +/- 11.70 % S(l=1) ave= 0.000E+00 +/- 0.00 % S(l=2) ave= 0.000E+00 +/- 0.00 % S(l=3) ave= 0.000E+00 +/- 0.00 % 
 ... random file  47 Cap(th)  ave= 5.954E-04 b. +/- 10.34 % || Ela(th) ave= 6.188E+00 b. +/- 8.20 % || RIcap ave= 4.02E-04 b. +/- 7.59 % || Macs30 ave= 4.93E-05 b. +/- 14.79 % || Gn^0(l=0) ave= 5.439E+01 +/- 11.86 % Gn^0(l=1) ave= 0.000E+00 +/- 0.00 % Gn^0(l=2) ave= 0.000E+00 +/- 0.00 % Gn^0(l=3) ave= 0.000E+00 +/- 0.00 % || Gtotal(l=0) ave= 3.395E+02 +/- 0.00 % Gtotal(l=1) ave= 0.000E+00 +/- 0.00 % Gtotal(l=2) ave= 0.000E+00 +/- 0.00 % Gtotal(l=3) ave= 0.000E+00 +/- 0.00 %  % || Gg(l=0) ave= 1.304E-02 +/- 10.33 % Gg(l=1) ave= 0.000E+00 +/- 0.00 % Gg(l=2) ave= 0.000E+00 +/- 0.00 % Gg(l=3) ave= 0.000E+00 +/- 0.00 %  % || D(l=0) ave= 6.315E+04 +/- 0.00 % D(l=1) ave= 0.000E+00 +/- 0.00 % D(l=2) ave= 0.000E+00 +/- 0.00 % D(l=3) ave= 0.000E+00 +/- 0.00 %  % || S(l=0) ave= 2.990E-04 +/- 11.88 % S(l=1) ave= 0.000E+00 +/- 0.00 % S(l=2) ave= 0.000E+00 +/- 0.00 % S(l=3) ave= 0.000E+00 +/- 0.00 % 
 ... random file  48 Cap(th)  ave= 5.938E-04 b. +/- 10.43 % || Ela(th) ave= 6.179E+00 b. +/- 8.19 % || RIcap ave= 4.02E-04 b. +/- 7.52 % || Macs30 ave= 4.95E-05 b. +/- 14.76 % || Gn^0(l=0) ave= 5.451E+01 +/- 11.81 % Gn^0(l=1) ave= 0.000E+00 +/- 0.00 % Gn^0(l=2) ave= 0.000E+00 +/- 0.00 % Gn^0(l=3) ave= 0.000E+00 +/- 0.00 % || Gtotal(l=0) ave= 3.395E+02 +/- 0.00 % Gtotal(l=1) ave= 0.000E+00 +/- 0.00 % Gtotal(l=2) ave= 0.000E+00 +/- 0.00 % Gtotal(l=3) ave= 0.000E+00 +/- 0.00 %  % || Gg(l=0) ave= 1.309E-02 +/- 10.57 % Gg(l=1) ave= 0.000E+00 +/- 0.00 % Gg(l=2) ave= 0.000E+00 +/- 0.00 % Gg(l=3) ave= 0.000E+00 +/- 0.00 %  % || D(l=0) ave= 6.315E+04 +/- 0.00 % D(l=1) ave= 0.000E+00 +/- 0.00 % D(l=2) ave= 0.000E+00 +/- 0.00 % D(l=3) ave= 0.000E+00 +/- 0.00 %  % || S(l=0) ave= 2.997E-04 +/- 11.84 % S(l=1) ave= 0.000E+00 +/- 0.00 % S(l=2) ave= 0.000E+00 +/- 0.00 % S(l=3) ave= 0.000E+00 +/- 0.00 % 
 ... random file  49 Cap(th)  ave= 5.952E-04 b. +/- 10.43 % || Ela(th) ave= 6.178E+00 b. +/- 8.11 % || RIcap ave= 4.03E-04 b. +/- 7.50 % || Macs30 ave= 4.95E-05 b. +/- 14.63 % || Gn^0(l=0) ave= 5.451E+01 +/- 11.69 % Gn^0(l=1) ave= 0.000E+00 +/- 0.00 % Gn^0(l=2) ave= 0.000E+00 +/- 0.00 % Gn^0(l=3) ave= 0.000E+00 +/- 0.00 % || Gtotal(l=0) ave= 3.395E+02 +/- 0.00 % Gtotal(l=1) ave= 0.000E+00 +/- 0.00 % Gtotal(l=2) ave= 0.000E+00 +/- 0.00 % Gtotal(l=3) ave= 0.000E+00 +/- 0.00 %  % || Gg(l=0) ave= 1.307E-02 +/- 10.58 % Gg(l=1) ave= 0.000E+00 +/- 0.00 % Gg(l=2) ave= 0.000E+00 +/- 0.00 % Gg(l=3) ave= 0.000E+00 +/- 0.00 %  % || D(l=0) ave= 6.315E+04 +/- 0.00 % D(l=1) ave= 0.000E+00 +/- 0.00 % D(l=2) ave= 0.000E+00 +/- 0.00 % D(l=3) ave= 0.000E+00 +/- 0.00 %  % || S(l=0) ave= 2.997E-04 +/- 11.72 % S(l=1) ave= 0.000E+00 +/- 0.00 % S(l=2) ave= 0.000E+00 +/- 0.00 % S(l=3) ave= 0.000E+00 +/- 0.00 % 
 ... random file  50 Cap(th)  ave= 5.956E-04 b. +/- 10.34 % || Ela(th) ave= 6.168E+00 b. +/- 8.13 % || RIcap ave= 4.03E-04 b. +/- 7.49 % || Macs30 ave= 4.96E-05 b. +/- 14.57 % || Gn^0(l=0) ave= 5.464E+01 +/- 11.66 % Gn^0(l=1) ave= 0.000E+00 +/- 0.00 % Gn^0(l=2) ave= 0.000E+00 +/- 0.00 % Gn^0(l=3) ave= 0.000E+00 +/- 0.00 % || Gtotal(l=0) ave= 3.395E+02 +/- 0.00 % Gtotal(l=1) ave= 0.000E+00 +/- 0.00 % Gtotal(l=2) ave= 0.000E+00 +/- 0.00 % Gtotal(l=3) ave= 0.000E+00 +/- 0.00 %  % || Gg(l=0) ave= 1.308E-02 +/- 10.48 % Gg(l=1) ave= 0.000E+00 +/- 0.00 % Gg(l=2) ave= 0.000E+00 +/- 0.00 % Gg(l=3) ave= 0.000E+00 +/- 0.00 %  % || D(l=0) ave= 6.315E+04 +/- 0.00 % D(l=1) ave= 0.000E+00 +/- 0.00 % D(l=2) ave= 0.000E+00 +/- 0.00 % D(l=3) ave= 0.000E+00 +/- 0.00 %  % || S(l=0) ave= 3.004E-04 +/- 11.69 % S(l=1) ave= 0.000E+00 +/- 0.00 % S(l=2) ave= 0.000E+00 +/- 0.00 % S(l=3) ave= 0.000E+00 +/- 0.00 % 
 ... random file  51 Cap(th)  ave= 5.962E-04 b. +/- 10.25 % || Ela(th) ave= 6.170E+00 b. +/- 8.05 % || RIcap ave= 4.03E-04 b. +/- 7.42 % || Macs30 ave= 4.95E-05 b. +/- 14.54 % || Gn^0(l=0) ave= 5.459E+01 +/- 11.57 % Gn^0(l=1) ave= 0.000E+00 +/- 0.00 % Gn^0(l=2) ave= 0.000E+00 +/- 0.00 % Gn^0(l=3) ave= 0.000E+00 +/- 0.00 % || Gtotal(l=0) ave= 3.395E+02 +/- 0.00 % Gtotal(l=1) ave= 0.000E+00 +/- 0.00 % Gtotal(l=2) ave= 0.000E+00 +/- 0.00 % Gtotal(l=3) ave= 0.000E+00 +/- 0.00 %  % || Gg(l=0) ave= 1.302E-02 +/- 10.87 % Gg(l=1) ave= 0.000E+00 +/- 0.00 % Gg(l=2) ave= 0.000E+00 +/- 0.00 % Gg(l=3) ave= 0.000E+00 +/- 0.00 %  % || D(l=0) ave= 6.315E+04 +/- 0.00 % D(l=1) ave= 0.000E+00 +/- 0.00 % D(l=2) ave= 0.000E+00 +/- 0.00 % D(l=3) ave= 0.000E+00 +/- 0.00 %  % || S(l=0) ave= 3.002E-04 +/- 11.60 % S(l=1) ave= 0.000E+00 +/- 0.00 % S(l=2) ave= 0.000E+00 +/- 0.00 % S(l=3) ave= 0.000E+00 +/- 0.00 % 
 ... random file  52 Cap(th)  ave= 5.944E-04 b. +/- 10.43 % || Ela(th) ave= 6.183E+00 b. +/- 8.10 % || RIcap ave= 4.03E-04 b. +/- 7.45 % || Macs30 ave= 4.96E-05 b. +/- 14.41 % || Gn^0(l=0) ave= 5.444E+01 +/- 11.68 % Gn^0(l=1) ave= 0.000E+00 +/- 0.00 % Gn^0(l=2) ave= 0.000E+00 +/- 0.00 % Gn^0(l=3) ave= 0.000E+00 +/- 0.00 % || Gtotal(l=0) ave= 3.395E+02 +/- 0.00 % Gtotal(l=1) ave= 0.000E+00 +/- 0.00 % Gtotal(l=2) ave= 0.000E+00 +/- 0.00 % Gtotal(l=3) ave= 0.000E+00 +/- 0.00 %  % || Gg(l=0) ave= 1.304E-02 +/- 10.80 % Gg(l=1) ave= 0.000E+00 +/- 0.00 % Gg(l=2) ave= 0.000E+00 +/- 0.00 % Gg(l=3) ave= 0.000E+00 +/- 0.00 %  % || D(l=0) ave= 6.315E+04 +/- 0.00 % D(l=1) ave= 0.000E+00 +/- 0.00 % D(l=2) ave= 0.000E+00 +/- 0.00 % D(l=3) ave= 0.000E+00 +/- 0.00 %  % || S(l=0) ave= 2.993E-04 +/- 11.71 % S(l=1) ave= 0.000E+00 +/- 0.00 % S(l=2) ave= 0.000E+00 +/- 0.00 % S(l=3) ave= 0.000E+00 +/- 0.00 % 
 ... random file  53 Cap(th)  ave= 5.972E-04 b. +/- 10.83 % || Ela(th) ave= 6.191E+00 b. +/- 8.07 % || RIcap ave= 4.04E-04 b. +/- 7.67 % || Macs30 ave= 4.96E-05 b. +/- 14.28 % || Gn^0(l=0) ave= 5.433E+01 +/- 11.68 % Gn^0(l=1) ave= 0.000E+00 +/- 0.00 % Gn^0(l=2) ave= 0.000E+00 +/- 0.00 % Gn^0(l=3) ave= 0.000E+00 +/- 0.00 % || Gtotal(l=0) ave= 3.395E+02 +/- 0.00 % Gtotal(l=1) ave= 0.000E+00 +/- 0.00 % Gtotal(l=2) ave= 0.000E+00 +/- 0.00 % Gtotal(l=3) ave= 0.000E+00 +/- 0.00 %  % || Gg(l=0) ave= 1.303E-02 +/- 10.74 % Gg(l=1) ave= 0.000E+00 +/- 0.00 % Gg(l=2) ave= 0.000E+00 +/- 0.00 % Gg(l=3) ave= 0.000E+00 +/- 0.00 %  % || D(l=0) ave= 6.315E+04 +/- 0.00 % D(l=1) ave= 0.000E+00 +/- 0.00 % D(l=2) ave= 0.000E+00 +/- 0.00 % D(l=3) ave= 0.000E+00 +/- 0.00 %  % || S(l=0) ave= 2.987E-04 +/- 11.71 % S(l=1) ave= 0.000E+00 +/- 0.00 % S(l=2) ave= 0.000E+00 +/- 0.00 % S(l=3) ave= 0.000E+00 +/- 0.00 % 
 ... random file  54 Cap(th)  ave= 5.992E-04 b. +/- 10.97 % || Ela(th) ave= 6.184E+00 b. +/- 8.05 % || RIcap ave= 4.05E-04 b. +/- 7.86 % || Macs30 ave= 4.97E-05 b. +/- 14.20 % || Gn^0(l=0) ave= 5.442E+01 +/- 11.63 % Gn^0(l=1) ave= 0.000E+00 +/- 0.00 % Gn^0(l=2) ave= 0.000E+00 +/- 0.00 % Gn^0(l=3) ave= 0.000E+00 +/- 0.00 % || Gtotal(l=0) ave= 3.395E+02 +/- 0.00 % Gtotal(l=1) ave= 0.000E+00 +/- 0.00 % Gtotal(l=2) ave= 0.000E+00 +/- 0.00 % Gtotal(l=3) ave= 0.000E+00 +/- 0.00 %  % || Gg(l=0) ave= 1.306E-02 +/- 10.74 % Gg(l=1) ave= 0.000E+00 +/- 0.00 % Gg(l=2) ave= 0.000E+00 +/- 0.00 % Gg(l=3) ave= 0.000E+00 +/- 0.00 %  % || D(l=0) ave= 6.315E+04 +/- 0.00 % D(l=1) ave= 0.000E+00 +/- 0.00 % D(l=2) ave= 0.000E+00 +/- 0.00 % D(l=3) ave= 0.000E+00 +/- 0.00 %  % || S(l=0) ave= 2.992E-04 +/- 11.66 % S(l=1) ave= 0.000E+00 +/- 0.00 % S(l=2) ave= 0.000E+00 +/- 0.00 % S(l=3) ave= 0.000E+00 +/- 0.00 % 
 ... random file  55 Cap(th)  ave= 5.999E-04 b. +/- 10.90 % || Ela(th) ave= 6.196E+00 b. +/- 8.09 % || RIcap ave= 4.05E-04 b. +/- 7.80 % || Macs30 ave= 4.95E-05 b. +/- 14.22 % || Gn^0(l=0) ave= 5.428E+01 +/- 11.72 % Gn^0(l=1) ave= 0.000E+00 +/- 0.00 % Gn^0(l=2) ave= 0.000E+00 +/- 0.00 % Gn^0(l=3) ave= 0.000E+00 +/- 0.00 % || Gtotal(l=0) ave= 3.395E+02 +/- 0.00 % Gtotal(l=1) ave= 0.000E+00 +/- 0.00 % Gtotal(l=2) ave= 0.000E+00 +/- 0.00 % Gtotal(l=3) ave= 0.000E+00 +/- 0.00 %  % || Gg(l=0) ave= 1.304E-02 +/- 10.68 % Gg(l=1) ave= 0.000E+00 +/- 0.00 % Gg(l=2) ave= 0.000E+00 +/- 0.00 % Gg(l=3) ave= 0.000E+00 +/- 0.00 %  % || D(l=0) ave= 6.315E+04 +/- 0.00 % D(l=1) ave= 0.000E+00 +/- 0.00 % D(l=2) ave= 0.000E+00 +/- 0.00 % D(l=3) ave= 0.000E+00 +/- 0.00 %  % || S(l=0) ave= 2.984E-04 +/- 11.76 % S(l=1) ave= 0.000E+00 +/- 0.00 % S(l=2) ave= 0.000E+00 +/- 0.00 % S(l=3) ave= 0.000E+00 +/- 0.00 % 
 ... random file  56 Cap(th)  ave= 6.000E-04 b. +/- 10.81 % || Ela(th) ave= 6.208E+00 b. +/- 8.12 % || RIcap ave= 4.05E-04 b. +/- 7.77 % || Macs30 ave= 4.94E-05 b. +/- 14.27 % || Gn^0(l=0) ave= 5.414E+01 +/- 11.81 % Gn^0(l=1) ave= 0.000E+00 +/- 0.00 % Gn^0(l=2) ave= 0.000E+00 +/- 0.00 % Gn^0(l=3) ave= 0.000E+00 +/- 0.00 % || Gtotal(l=0) ave= 3.395E+02 +/- 0.00 % Gtotal(l=1) ave= 0.000E+00 +/- 0.00 % Gtotal(l=2) ave= 0.000E+00 +/- 0.00 % Gtotal(l=3) ave= 0.000E+00 +/- 0.00 %  % || Gg(l=0) ave= 1.302E-02 +/- 10.68 % Gg(l=1) ave= 0.000E+00 +/- 0.00 % Gg(l=2) ave= 0.000E+00 +/- 0.00 % Gg(l=3) ave= 0.000E+00 +/- 0.00 %  % || D(l=0) ave= 6.315E+04 +/- 0.00 % D(l=1) ave= 0.000E+00 +/- 0.00 % D(l=2) ave= 0.000E+00 +/- 0.00 % D(l=3) ave= 0.000E+00 +/- 0.00 %  % || S(l=0) ave= 2.976E-04 +/- 11.85 % S(l=1) ave= 0.000E+00 +/- 0.00 % S(l=2) ave= 0.000E+00 +/- 0.00 % S(l=3) ave= 0.000E+00 +/- 0.00 % 
 ... random file  57 Cap(th)  ave= 5.999E-04 b. +/- 10.72 % || Ela(th) ave= 6.219E+00 b. +/- 8.15 % || RIcap ave= 4.05E-04 b. +/- 7.71 % || Macs30 ave= 4.94E-05 b. +/- 14.16 % || Gn^0(l=0) ave= 5.400E+01 +/- 11.89 % Gn^0(l=1) ave= 0.000E+00 +/- 0.00 % Gn^0(l=2) ave= 0.000E+00 +/- 0.00 % Gn^0(l=3) ave= 0.000E+00 +/- 0.00 % || Gtotal(l=0) ave= 3.395E+02 +/- 0.00 % Gtotal(l=1) ave= 0.000E+00 +/- 0.00 % Gtotal(l=2) ave= 0.000E+00 +/- 0.00 % Gtotal(l=3) ave= 0.000E+00 +/- 0.00 %  % || Gg(l=0) ave= 1.303E-02 +/- 10.61 % Gg(l=1) ave= 0.000E+00 +/- 0.00 % Gg(l=2) ave= 0.000E+00 +/- 0.00 % Gg(l=3) ave= 0.000E+00 +/- 0.00 %  % || D(l=0) ave= 6.315E+04 +/- 0.00 % D(l=1) ave= 0.000E+00 +/- 0.00 % D(l=2) ave= 0.000E+00 +/- 0.00 % D(l=3) ave= 0.000E+00 +/- 0.00 %  % || S(l=0) ave= 2.969E-04 +/- 11.92 % S(l=1) ave= 0.000E+00 +/- 0.00 % S(l=2) ave= 0.000E+00 +/- 0.00 % S(l=3) ave= 0.000E+00 +/- 0.00 % 
 ... random file  58 Cap(th)  ave= 5.994E-04 b. +/- 10.65 % || Ela(th) ave= 6.208E+00 b. +/- 8.19 % || RIcap ave= 4.05E-04 b. +/- 7.64 % || Macs30 ave= 4.95E-05 b. +/- 14.07 % || Gn^0(l=0) ave= 5.414E+01 +/- 11.92 % Gn^0(l=1) ave= 0.000E+00 +/- 0.00 % Gn^0(l=2) ave= 0.000E+00 +/- 0.00 % Gn^0(l=3) ave= 0.000E+00 +/- 0.00 % || Gtotal(l=0) ave= 3.395E+02 +/- 0.00 % Gtotal(l=1) ave= 0.000E+00 +/- 0.00 % Gtotal(l=2) ave= 0.000E+00 +/- 0.00 % Gtotal(l=3) ave= 0.000E+00 +/- 0.00 %  % || Gg(l=0) ave= 1.307E-02 +/- 10.71 % Gg(l=1) ave= 0.000E+00 +/- 0.00 % Gg(l=2) ave= 0.000E+00 +/- 0.00 % Gg(l=3) ave= 0.000E+00 +/- 0.00 %  % || D(l=0) ave= 6.315E+04 +/- 0.00 % D(l=1) ave= 0.000E+00 +/- 0.00 % D(l=2) ave= 0.000E+00 +/- 0.00 % D(l=3) ave= 0.000E+00 +/- 0.00 %  % || S(l=0) ave= 2.977E-04 +/- 11.95 % S(l=1) ave= 0.000E+00 +/- 0.00 % S(l=2) ave= 0.000E+00 +/- 0.00 % S(l=3) ave= 0.000E+00 +/- 0.00 % 
 ... random file  59 Cap(th)  ave= 6.000E-04 b. +/- 10.58 % || Ela(th) ave= 6.197E+00 b. +/- 8.27 % || RIcap ave= 4.05E-04 b. +/- 7.59 % || Macs30 ave= 4.95E-05 b. +/- 13.95 % || Gn^0(l=0) ave= 5.431E+01 +/- 12.01 % Gn^0(l=1) ave= 0.000E+00 +/- 0.00 % Gn^0(l=2) ave= 0.000E+00 +/- 0.00 % Gn^0(l=3) ave= 0.000E+00 +/- 0.00 % || Gtotal(l=0) ave= 3.395E+02 +/- 0.00 % Gtotal(l=1) ave= 0.000E+00 +/- 0.00 % Gtotal(l=2) ave= 0.000E+00 +/- 0.00 % Gtotal(l=3) ave= 0.000E+00 +/- 0.00 %  % || Gg(l=0) ave= 1.309E-02 +/- 10.65 % Gg(l=1) ave= 0.000E+00 +/- 0.00 % Gg(l=2) ave= 0.000E+00 +/- 0.00 % Gg(l=3) ave= 0.000E+00 +/- 0.00 %  % || D(l=0) ave= 6.315E+04 +/- 0.00 % D(l=1) ave= 0.000E+00 +/- 0.00 % D(l=2) ave= 0.000E+00 +/- 0.00 % D(l=3) ave= 0.000E+00 +/- 0.00 %  % || S(l=0) ave= 2.986E-04 +/- 12.04 % S(l=1) ave= 0.000E+00 +/- 0.00 % S(l=2) ave= 0.000E+00 +/- 0.00 % S(l=3) ave= 0.000E+00 +/- 0.00 % 
 ... random file  60 Cap(th)  ave= 6.010E-04 b. +/- 10.55 % || Ela(th) ave= 6.186E+00 b. +/- 8.32 % || RIcap ave= 4.05E-04 b. +/- 7.54 % || Macs30 ave= 4.94E-05 b. +/- 13.89 % || Gn^0(l=0) ave= 5.445E+01 +/- 12.06 % Gn^0(l=1) ave= 0.000E+00 +/- 0.00 % Gn^0(l=2) ave= 0.000E+00 +/- 0.00 % Gn^0(l=3) ave= 0.000E+00 +/- 0.00 % || Gtotal(l=0) ave= 3.395E+02 +/- 0.00 % Gtotal(l=1) ave= 0.000E+00 +/- 0.00 % Gtotal(l=2) ave= 0.000E+00 +/- 0.00 % Gtotal(l=3) ave= 0.000E+00 +/- 0.00 %  % || Gg(l=0) ave= 1.308E-02 +/- 10.58 % Gg(l=1) ave= 0.000E+00 +/- 0.00 % Gg(l=2) ave= 0.000E+00 +/- 0.00 % Gg(l=3) ave= 0.000E+00 +/- 0.00 %  % || D(l=0) ave= 6.315E+04 +/- 0.00 % D(l=1) ave= 0.000E+00 +/- 0.00 % D(l=2) ave= 0.000E+00 +/- 0.00 % D(l=3) ave= 0.000E+00 +/- 0.00 %  % || S(l=0) ave= 2.994E-04 +/- 12.08 % S(l=1) ave= 0.000E+00 +/- 0.00 % S(l=2) ave= 0.000E+00 +/- 0.00 % S(l=3) ave= 0.000E+00 +/- 0.00 % 
 ... random file  61 Cap(th)  ave= 6.002E-04 b. +/- 10.53 % || Ela(th) ave= 6.182E+00 b. +/- 8.27 % || RIcap ave= 4.05E-04 b. +/- 7.48 % || Macs30 ave= 4.95E-05 b. +/- 13.79 % || Gn^0(l=0) ave= 5.449E+01 +/- 11.96 % Gn^0(l=1) ave= 0.000E+00 +/- 0.00 % Gn^0(l=2) ave= 0.000E+00 +/- 0.00 % Gn^0(l=3) ave= 0.000E+00 +/- 0.00 % || Gtotal(l=0) ave= 3.395E+02 +/- 0.00 % Gtotal(l=1) ave= 0.000E+00 +/- 0.00 % Gtotal(l=2) ave= 0.000E+00 +/- 0.00 % Gtotal(l=3) ave= 0.000E+00 +/- 0.00 %  % || Gg(l=0) ave= 1.309E-02 +/- 10.51 % Gg(l=1) ave= 0.000E+00 +/- 0.00 % Gg(l=2) ave= 0.000E+00 +/- 0.00 % Gg(l=3) ave= 0.000E+00 +/- 0.00 %  % || D(l=0) ave= 6.315E+04 +/- 0.00 % D(l=1) ave= 0.000E+00 +/- 0.00 % D(l=2) ave= 0.000E+00 +/- 0.00 % D(l=3) ave= 0.000E+00 +/- 0.00 %  % || S(l=0) ave= 2.996E-04 +/- 11.99 % S(l=1) ave= 0.000E+00 +/- 0.00 % S(l=2) ave= 0.000E+00 +/- 0.00 % S(l=3) ave= 0.000E+00 +/- 0.00 % 
 ... random file  62 Cap(th)  ave= 5.994E-04 b. +/- 10.51 % || Ela(th) ave= 6.179E+00 b. +/- 8.22 % || RIcap ave= 4.05E-04 b. +/- 7.43 % || Macs30 ave= 4.96E-05 b. +/- 13.73 % || Gn^0(l=0) ave= 5.452E+01 +/- 11.87 % Gn^0(l=1) ave= 0.000E+00 +/- 0.00 % Gn^0(l=2) ave= 0.000E+00 +/- 0.00 % Gn^0(l=3) ave= 0.000E+00 +/- 0.00 % || Gtotal(l=0) ave= 3.395E+02 +/- 0.00 % Gtotal(l=1) ave= 0.000E+00 +/- 0.00 % Gtotal(l=2) ave= 0.000E+00 +/- 0.00 % Gtotal(l=3) ave= 0.000E+00 +/- 0.00 %  % || Gg(l=0) ave= 1.310E-02 +/- 10.43 % Gg(l=1) ave= 0.000E+00 +/- 0.00 % Gg(l=2) ave= 0.000E+00 +/- 0.00 % Gg(l=3) ave= 0.000E+00 +/- 0.00 %  % || D(l=0) ave= 6.315E+04 +/- 0.00 % D(l=1) ave= 0.000E+00 +/- 0.00 % D(l=2) ave= 0.000E+00 +/- 0.00 % D(l=3) ave= 0.000E+00 +/- 0.00 %  % || S(l=0) ave= 2.998E-04 +/- 11.90 % S(l=1) ave= 0.000E+00 +/- 0.00 % S(l=2) ave= 0.000E+00 +/- 0.00 % S(l=3) ave= 0.000E+00 +/- 0.00 % 
 ... random file  63 Cap(th)  ave= 5.983E-04 b. +/- 10.54 % || Ela(th) ave= 6.176E+00 b. +/- 8.17 % || RIcap ave= 4.05E-04 b. +/- 7.41 % || Macs30 ave= 4.98E-05 b. +/- 14.19 % || Gn^0(l=0) ave= 5.455E+01 +/- 11.78 % Gn^0(l=1) ave= 0.000E+00 +/- 0.00 % Gn^0(l=2) ave= 0.000E+00 +/- 0.00 % Gn^0(l=3) ave= 0.000E+00 +/- 0.00 % || Gtotal(l=0) ave= 3.395E+02 +/- 0.00 % Gtotal(l=1) ave= 0.000E+00 +/- 0.00 % Gtotal(l=2) ave= 0.000E+00 +/- 0.00 % Gtotal(l=3) ave= 0.000E+00 +/- 0.00 %  % || Gg(l=0) ave= 1.312E-02 +/- 10.44 % Gg(l=1) ave= 0.000E+00 +/- 0.00 % Gg(l=2) ave= 0.000E+00 +/- 0.00 % Gg(l=3) ave= 0.000E+00 +/- 0.00 %  % || D(l=0) ave= 6.315E+04 +/- 0.00 % D(l=1) ave= 0.000E+00 +/- 0.00 % D(l=2) ave= 0.000E+00 +/- 0.00 % D(l=3) ave= 0.000E+00 +/- 0.00 %  % || S(l=0) ave= 2.999E-04 +/- 11.80 % S(l=1) ave= 0.000E+00 +/- 0.00 % S(l=2) ave= 0.000E+00 +/- 0.00 % S(l=3) ave= 0.000E+00 +/- 0.00 % 
 ... random file  64 Cap(th)  ave= 5.975E-04 b. +/- 10.54 % || Ela(th) ave= 6.166E+00 b. +/- 8.22 % || RIcap ave= 4.06E-04 b. +/- 7.47 % || Macs30 ave= 5.02E-05 b. +/- 14.85 % || Gn^0(l=0) ave= 5.468E+01 +/- 11.83 % Gn^0(l=1) ave= 0.000E+00 +/- 0.00 % Gn^0(l=2) ave= 0.000E+00 +/- 0.00 % Gn^0(l=3) ave= 0.000E+00 +/- 0.00 % || Gtotal(l=0) ave= 3.395E+02 +/- 0.00 % Gtotal(l=1) ave= 0.000E+00 +/- 0.00 % Gtotal(l=2) ave= 0.000E+00 +/- 0.00 % Gtotal(l=3) ave= 0.000E+00 +/- 0.00 %  % || Gg(l=0) ave= 1.316E-02 +/- 10.54 % Gg(l=1) ave= 0.000E+00 +/- 0.00 % Gg(l=2) ave= 0.000E+00 +/- 0.00 % Gg(l=3) ave= 0.000E+00 +/- 0.00 %  % || D(l=0) ave= 6.315E+04 +/- 0.00 % D(l=1) ave= 0.000E+00 +/- 0.00 % D(l=2) ave= 0.000E+00 +/- 0.00 % D(l=3) ave= 0.000E+00 +/- 0.00 %  % || S(l=0) ave= 3.007E-04 +/- 11.85 % S(l=1) ave= 0.000E+00 +/- 0.00 % S(l=2) ave= 0.000E+00 +/- 0.00 % S(l=3) ave= 0.000E+00 +/- 0.00 % 
 ... random file  65 Cap(th)  ave= 5.979E-04 b. +/- 10.47 % || Ela(th) ave= 6.156E+00 b. +/- 8.27 % || RIcap ave= 4.06E-04 b. +/- 7.45 % || Macs30 ave= 5.02E-05 b. +/- 14.77 % || Gn^0(l=0) ave= 5.482E+01 +/- 11.88 % Gn^0(l=1) ave= 0.000E+00 +/- 0.00 % Gn^0(l=2) ave= 0.000E+00 +/- 0.00 % Gn^0(l=3) ave= 0.000E+00 +/- 0.00 % || Gtotal(l=0) ave= 3.395E+02 +/- 0.00 % Gtotal(l=1) ave= 0.000E+00 +/- 0.00 % Gtotal(l=2) ave= 0.000E+00 +/- 0.00 % Gtotal(l=3) ave= 0.000E+00 +/- 0.00 %  % || Gg(l=0) ave= 1.319E-02 +/- 10.59 % Gg(l=1) ave= 0.000E+00 +/- 0.00 % Gg(l=2) ave= 0.000E+00 +/- 0.00 % Gg(l=3) ave= 0.000E+00 +/- 0.00 %  % || D(l=0) ave= 6.315E+04 +/- 0.00 % D(l=1) ave= 0.000E+00 +/- 0.00 % D(l=2) ave= 0.000E+00 +/- 0.00 % D(l=3) ave= 0.000E+00 +/- 0.00 %  % || S(l=0) ave= 3.014E-04 +/- 11.91 % S(l=1) ave= 0.000E+00 +/- 0.00 % S(l=2) ave= 0.000E+00 +/- 0.00 % S(l=3) ave= 0.000E+00 +/- 0.00 % 
 ... random file  66 Cap(th)  ave= 5.976E-04 b. +/- 10.40 % || Ela(th) ave= 6.150E+00 b. +/- 8.26 % || RIcap ave= 4.06E-04 b. +/- 7.50 % || Macs30 ave= 5.01E-05 b. +/- 14.94 % || Gn^0(l=0) ave= 5.491E+01 +/- 11.84 % Gn^0(l=1) ave= 0.000E+00 +/- 0.00 % Gn^0(l=2) ave= 0.000E+00 +/- 0.00 % Gn^0(l=3) ave= 0.000E+00 +/- 0.00 % || Gtotal(l=0) ave= 3.395E+02 +/- 0.00 % Gtotal(l=1) ave= 0.000E+00 +/- 0.00 % Gtotal(l=2) ave= 0.000E+00 +/- 0.00 % Gtotal(l=3) ave= 0.000E+00 +/- 0.00 %  % || Gg(l=0) ave= 1.313E-02 +/- 11.02 % Gg(l=1) ave= 0.000E+00 +/- 0.00 % Gg(l=2) ave= 0.000E+00 +/- 0.00 % Gg(l=3) ave= 0.000E+00 +/- 0.00 %  % || D(l=0) ave= 6.315E+04 +/- 0.00 % D(l=1) ave= 0.000E+00 +/- 0.00 % D(l=2) ave= 0.000E+00 +/- 0.00 % D(l=3) ave= 0.000E+00 +/- 0.00 %  % || S(l=0) ave= 3.019E-04 +/- 11.87 % S(l=1) ave= 0.000E+00 +/- 0.00 % S(l=2) ave= 0.000E+00 +/- 0.00 % S(l=3) ave= 0.000E+00 +/- 0.00 % 
 ... random file  67 Cap(th)  ave= 5.970E-04 b. +/- 10.37 % || Ela(th) ave= 6.141E+00 b. +/- 8.30 % || RIcap ave= 4.05E-04 b. +/- 7.60 % || Macs30 ave= 4.99E-05 b. +/- 15.06 % || Gn^0(l=0) ave= 5.504E+01 +/- 11.89 % Gn^0(l=1) ave= 0.000E+00 +/- 0.00 % Gn^0(l=2) ave= 0.000E+00 +/- 0.00 % Gn^0(l=3) ave= 0.000E+00 +/- 0.00 % || Gtotal(l=0) ave= 3.395E+02 +/- 0.00 % Gtotal(l=1) ave= 0.000E+00 +/- 0.00 % Gtotal(l=2) ave= 0.000E+00 +/- 0.00 % Gtotal(l=3) ave= 0.000E+00 +/- 0.00 %  % || Gg(l=0) ave= 1.311E-02 +/- 11.05 % Gg(l=1) ave= 0.000E+00 +/- 0.00 % Gg(l=2) ave= 0.000E+00 +/- 0.00 % Gg(l=3) ave= 0.000E+00 +/- 0.00 %  % || D(l=0) ave= 6.315E+04 +/- 0.00 % D(l=1) ave= 0.000E+00 +/- 0.00 % D(l=2) ave= 0.000E+00 +/- 0.00 % D(l=3) ave= 0.000E+00 +/- 0.00 %  % || S(l=0) ave= 3.026E-04 +/- 11.92 % S(l=1) ave= 0.000E+00 +/- 0.00 % S(l=2) ave= 0.000E+00 +/- 0.00 % S(l=3) ave= 0.000E+00 +/- 0.00 % 
 ... random file  68 Cap(th)  ave= 5.993E-04 b. +/- 10.71 % || Ela(th) ave= 6.147E+00 b. +/- 8.28 % || RIcap ave= 4.06E-04 b. +/- 7.68 % || Macs30 ave= 4.99E-05 b. +/- 15.00 % || Gn^0(l=0) ave= 5.495E+01 +/- 11.89 % Gn^0(l=1) ave= 0.000E+00 +/- 0.00 % Gn^0(l=2) ave= 0.000E+00 +/- 0.00 % Gn^0(l=3) ave= 0.000E+00 +/- 0.00 % || Gtotal(l=0) ave= 3.395E+02 +/- 0.00 % Gtotal(l=1) ave= 0.000E+00 +/- 0.00 % Gtotal(l=2) ave= 0.000E+00 +/- 0.00 % Gtotal(l=3) ave= 0.000E+00 +/- 0.00 %  % || Gg(l=0) ave= 1.311E-02 +/- 10.98 % Gg(l=1) ave= 0.000E+00 +/- 0.00 % Gg(l=2) ave= 0.000E+00 +/- 0.00 % Gg(l=3) ave= 0.000E+00 +/- 0.00 %  % || D(l=0) ave= 6.315E+04 +/- 0.00 % D(l=1) ave= 0.000E+00 +/- 0.00 % D(l=2) ave= 0.000E+00 +/- 0.00 % D(l=3) ave= 0.000E+00 +/- 0.00 %  % || S(l=0) ave= 3.022E-04 +/- 11.92 % S(l=1) ave= 0.000E+00 +/- 0.00 % S(l=2) ave= 0.000E+00 +/- 0.00 % S(l=3) ave= 0.000E+00 +/- 0.00 % 
 ... random file  69 Cap(th)  ave= 5.990E-04 b. +/- 10.64 % || Ela(th) ave= 6.144E+00 b. +/- 8.24 % || RIcap ave= 4.05E-04 b. +/- 7.69 % || Macs30 ave= 4.97E-05 b. +/- 15.07 % || Gn^0(l=0) ave= 5.498E+01 +/- 11.81 % Gn^0(l=1) ave= 0.000E+00 +/- 0.00 % Gn^0(l=2) ave= 0.000E+00 +/- 0.00 % Gn^0(l=3) ave= 0.000E+00 +/- 0.00 % || Gtotal(l=0) ave= 3.395E+02 +/- 0.00 % Gtotal(l=1) ave= 0.000E+00 +/- 0.00 % Gtotal(l=2) ave= 0.000E+00 +/- 0.00 % Gtotal(l=3) ave= 0.000E+00 +/- 0.00 %  % || Gg(l=0) ave= 1.307E-02 +/- 11.14 % Gg(l=1) ave= 0.000E+00 +/- 0.00 % Gg(l=2) ave= 0.000E+00 +/- 0.00 % Gg(l=3) ave= 0.000E+00 +/- 0.00 %  % || D(l=0) ave= 6.315E+04 +/- 0.00 % D(l=1) ave= 0.000E+00 +/- 0.00 % D(l=2) ave= 0.000E+00 +/- 0.00 % D(l=3) ave= 0.000E+00 +/- 0.00 %  % || S(l=0) ave= 3.023E-04 +/- 11.84 % S(l=1) ave= 0.000E+00 +/- 0.00 % S(l=2) ave= 0.000E+00 +/- 0.00 % S(l=3) ave= 0.000E+00 +/- 0.00 % 
 ... random file  70 Cap(th)  ave= 5.994E-04 b. +/- 10.57 % || Ela(th) ave= 6.141E+00 b. +/- 8.19 % || RIcap ave= 4.06E-04 b. +/- 7.77 % || Macs30 ave= 4.99E-05 b. +/- 15.19 % || Gn^0(l=0) ave= 5.501E+01 +/- 11.73 % Gn^0(l=1) ave= 0.000E+00 +/- 0.00 % Gn^0(l=2) ave= 0.000E+00 +/- 0.00 % Gn^0(l=3) ave= 0.000E+00 +/- 0.00 % || Gtotal(l=0) ave= 3.395E+02 +/- 0.00 % Gtotal(l=1) ave= 0.000E+00 +/- 0.00 % Gtotal(l=2) ave= 0.000E+00 +/- 0.00 % Gtotal(l=3) ave= 0.000E+00 +/- 0.00 %  % || Gg(l=0) ave= 1.310E-02 +/- 11.17 % Gg(l=1) ave= 0.000E+00 +/- 0.00 % Gg(l=2) ave= 0.000E+00 +/- 0.00 % Gg(l=3) ave= 0.000E+00 +/- 0.00 %  % || D(l=0) ave= 6.315E+04 +/- 0.00 % D(l=1) ave= 0.000E+00 +/- 0.00 % D(l=2) ave= 0.000E+00 +/- 0.00 % D(l=3) ave= 0.000E+00 +/- 0.00 %  % || S(l=0) ave= 3.025E-04 +/- 11.75 % S(l=1) ave= 0.000E+00 +/- 0.00 % S(l=2) ave= 0.000E+00 +/- 0.00 % S(l=3) ave= 0.000E+00 +/- 0.00 % 
 ... random file  71 Cap(th)  ave= 5.994E-04 b. +/- 10.50 % || Ela(th) ave= 6.135E+00 b. +/- 8.19 % || RIcap ave= 4.05E-04 b. +/- 7.87 % || Macs30 ave= 4.97E-05 b. +/- 15.55 % || Gn^0(l=0) ave= 5.510E+01 +/- 11.70 % Gn^0(l=1) ave= 0.000E+00 +/- 0.00 % Gn^0(l=2) ave= 0.000E+00 +/- 0.00 % Gn^0(l=3) ave= 0.000E+00 +/- 0.00 % || Gtotal(l=0) ave= 3.395E+02 +/- 0.00 % Gtotal(l=1) ave= 0.000E+00 +/- 0.00 % Gtotal(l=2) ave= 0.000E+00 +/- 0.00 % Gtotal(l=3) ave= 0.000E+00 +/- 0.00 %  % || Gg(l=0) ave= 1.307E-02 +/- 11.22 % Gg(l=1) ave= 0.000E+00 +/- 0.00 % Gg(l=2) ave= 0.000E+00 +/- 0.00 % Gg(l=3) ave= 0.000E+00 +/- 0.00 %  % || D(l=0) ave= 6.315E+04 +/- 0.00 % D(l=1) ave= 0.000E+00 +/- 0.00 % D(l=2) ave= 0.000E+00 +/- 0.00 % D(l=3) ave= 0.000E+00 +/- 0.00 %  % || S(l=0) ave= 3.030E-04 +/- 11.73 % S(l=1) ave= 0.000E+00 +/- 0.00 % S(l=2) ave= 0.000E+00 +/- 0.00 % S(l=3) ave= 0.000E+00 +/- 0.00 % 
 ... random file  72 Cap(th)  ave= 5.977E-04 b. +/- 10.73 % || Ela(th) ave= 6.142E+00 b. +/- 8.20 % || RIcap ave= 4.05E-04 b. +/- 7.82 % || Macs30 ave= 4.99E-05 b. +/- 15.67 % || Gn^0(l=0) ave= 5.500E+01 +/- 11.74 % Gn^0(l=1) ave= 0.000E+00 +/- 0.00 % Gn^0(l=2) ave= 0.000E+00 +/- 0.00 % Gn^0(l=3) ave= 0.000E+00 +/- 0.00 % || Gtotal(l=0) ave= 3.395E+02 +/- 0.00 % Gtotal(l=1) ave= 0.000E+00 +/- 0.00 % Gtotal(l=2) ave= 0.000E+00 +/- 0.00 % Gtotal(l=3) ave= 0.000E+00 +/- 0.00 %  % || Gg(l=0) ave= 1.309E-02 +/- 11.18 % Gg(l=1) ave= 0.000E+00 +/- 0.00 % Gg(l=2) ave= 0.000E+00 +/- 0.00 % Gg(l=3) ave= 0.000E+00 +/- 0.00 %  % || D(l=0) ave= 6.315E+04 +/- 0.00 % D(l=1) ave= 0.000E+00 +/- 0.00 % D(l=2) ave= 0.000E+00 +/- 0.00 % D(l=3) ave= 0.000E+00 +/- 0.00 %  % || S(l=0) ave= 3.024E-04 +/- 11.77 % S(l=1) ave= 0.000E+00 +/- 0.00 % S(l=2) ave= 0.000E+00 +/- 0.00 % S(l=3) ave= 0.000E+00 +/- 0.00 % 
 ... random file  73 Cap(th)  ave= 5.976E-04 b. +/- 10.66 % || Ela(th) ave= 6.136E+00 b. +/- 8.19 % || RIcap ave= 4.05E-04 b. +/- 7.83 % || Macs30 ave= 4.98E-05 b. +/- 15.74 % || Gn^0(l=0) ave= 5.508E+01 +/- 11.70 % Gn^0(l=1) ave= 0.000E+00 +/- 0.00 % Gn^0(l=2) ave= 0.000E+00 +/- 0.00 % Gn^0(l=3) ave= 0.000E+00 +/- 0.00 % || Gtotal(l=0) ave= 3.395E+02 +/- 0.00 % Gtotal(l=1) ave= 0.000E+00 +/- 0.00 % Gtotal(l=2) ave= 0.000E+00 +/- 0.00 % Gtotal(l=3) ave= 0.000E+00 +/- 0.00 %  % || Gg(l=0) ave= 1.308E-02 +/- 11.13 % Gg(l=1) ave= 0.000E+00 +/- 0.00 % Gg(l=2) ave= 0.000E+00 +/- 0.00 % Gg(l=3) ave= 0.000E+00 +/- 0.00 %  % || D(l=0) ave= 6.315E+04 +/- 0.00 % D(l=1) ave= 0.000E+00 +/- 0.00 % D(l=2) ave= 0.000E+00 +/- 0.00 % D(l=3) ave= 0.000E+00 +/- 0.00 %  % || S(l=0) ave= 3.028E-04 +/- 11.73 % S(l=1) ave= 0.000E+00 +/- 0.00 % S(l=2) ave= 0.000E+00 +/- 0.00 % S(l=3) ave= 0.000E+00 +/- 0.00 % 
 ... random file  74 Cap(th)  ave= 5.975E-04 b. +/- 10.59 % || Ela(th) ave= 6.128E+00 b. +/- 8.22 % || RIcap ave= 4.05E-04 b. +/- 7.79 % || Macs30 ave= 4.97E-05 b. +/- 15.66 % || Gn^0(l=0) ave= 5.519E+01 +/- 11.72 % Gn^0(l=1) ave= 0.000E+00 +/- 0.00 % Gn^0(l=2) ave= 0.000E+00 +/- 0.00 % Gn^0(l=3) ave= 0.000E+00 +/- 0.00 % || Gtotal(l=0) ave= 3.395E+02 +/- 0.00 % Gtotal(l=1) ave= 0.000E+00 +/- 0.00 % Gtotal(l=2) ave= 0.000E+00 +/- 0.00 % Gtotal(l=3) ave= 0.000E+00 +/- 0.00 %  % || Gg(l=0) ave= 1.305E-02 +/- 11.24 % Gg(l=1) ave= 0.000E+00 +/- 0.00 % Gg(l=2) ave= 0.000E+00 +/- 0.00 % Gg(l=3) ave= 0.000E+00 +/- 0.00 %  % || D(l=0) ave= 6.315E+04 +/- 0.00 % D(l=1) ave= 0.000E+00 +/- 0.00 % D(l=2) ave= 0.000E+00 +/- 0.00 % D(l=3) ave= 0.000E+00 +/- 0.00 %  % || S(l=0) ave= 3.035E-04 +/- 11.75 % S(l=1) ave= 0.000E+00 +/- 0.00 % S(l=2) ave= 0.000E+00 +/- 0.00 % S(l=3) ave= 0.000E+00 +/- 0.00 % 
 ... random file  75 Cap(th)  ave= 5.972E-04 b. +/- 10.53 % || Ela(th) ave= 6.129E+00 b. +/- 8.17 % || RIcap ave= 4.05E-04 b. +/- 7.74 % || Macs30 ave= 4.98E-05 b. +/- 15.59 % || Gn^0(l=0) ave= 5.516E+01 +/- 11.66 % Gn^0(l=1) ave= 0.000E+00 +/- 0.00 % Gn^0(l=2) ave= 0.000E+00 +/- 0.00 % Gn^0(l=3) ave= 0.000E+00 +/- 0.00 % || Gtotal(l=0) ave= 3.395E+02 +/- 0.00 % Gtotal(l=1) ave= 0.000E+00 +/- 0.00 % Gtotal(l=2) ave= 0.000E+00 +/- 0.00 % Gtotal(l=3) ave= 0.000E+00 +/- 0.00 %  % || Gg(l=0) ave= 1.307E-02 +/- 11.19 % Gg(l=1) ave= 0.000E+00 +/- 0.00 % Gg(l=2) ave= 0.000E+00 +/- 0.00 % Gg(l=3) ave= 0.000E+00 +/- 0.00 %  % || D(l=0) ave= 6.315E+04 +/- 0.00 % D(l=1) ave= 0.000E+00 +/- 0.00 % D(l=2) ave= 0.000E+00 +/- 0.00 % D(l=3) ave= 0.000E+00 +/- 0.00 %  % || S(l=0) ave= 3.033E-04 +/- 11.69 % S(l=1) ave= 0.000E+00 +/- 0.00 % S(l=2) ave= 0.000E+00 +/- 0.00 % S(l=3) ave= 0.000E+00 +/- 0.00 % 
 ... random file  76 Cap(th)  ave= 5.979E-04 b. +/- 10.51 % || Ela(th) ave= 6.133E+00 b. +/- 8.13 % || RIcap ave= 4.05E-04 b. +/- 7.71 % || Macs30 ave= 4.98E-05 b. +/- 15.49 % || Gn^0(l=0) ave= 5.511E+01 +/- 11.62 % Gn^0(l=1) ave= 0.000E+00 +/- 0.00 % Gn^0(l=2) ave= 0.000E+00 +/- 0.00 % Gn^0(l=3) ave= 0.000E+00 +/- 0.00 % || Gtotal(l=0) ave= 3.395E+02 +/- 0.00 % Gtotal(l=1) ave= 0.000E+00 +/- 0.00 % Gtotal(l=2) ave= 0.000E+00 +/- 0.00 % Gtotal(l=3) ave= 0.000E+00 +/- 0.00 %  % || Gg(l=0) ave= 1.307E-02 +/- 11.12 % Gg(l=1) ave= 0.000E+00 +/- 0.00 % Gg(l=2) ave= 0.000E+00 +/- 0.00 % Gg(l=3) ave= 0.000E+00 +/- 0.00 %  % || D(l=0) ave= 6.315E+04 +/- 0.00 % D(l=1) ave= 0.000E+00 +/- 0.00 % D(l=2) ave= 0.000E+00 +/- 0.00 % D(l=3) ave= 0.000E+00 +/- 0.00 %  % || S(l=0) ave= 3.030E-04 +/- 11.65 % S(l=1) ave= 0.000E+00 +/- 0.00 % S(l=2) ave= 0.000E+00 +/- 0.00 % S(l=3) ave= 0.000E+00 +/- 0.00 % 
 ... random file  77 Cap(th)  ave= 6.001E-04 b. +/- 10.85 % || Ela(th) ave= 6.139E+00 b. +/- 8.11 % || RIcap ave= 4.06E-04 b. +/- 7.78 % || Macs30 ave= 4.97E-05 b. +/- 15.49 % || Gn^0(l=0) ave= 5.504E+01 +/- 11.63 % Gn^0(l=1) ave= 0.000E+00 +/- 0.00 % Gn^0(l=2) ave= 0.000E+00 +/- 0.00 % Gn^0(l=3) ave= 0.000E+00 +/- 0.00 % || Gtotal(l=0) ave= 3.395E+02 +/- 0.00 % Gtotal(l=1) ave= 0.000E+00 +/- 0.00 % Gtotal(l=2) ave= 0.000E+00 +/- 0.00 % Gtotal(l=3) ave= 0.000E+00 +/- 0.00 %  % || Gg(l=0) ave= 1.304E-02 +/- 11.20 % Gg(l=1) ave= 0.000E+00 +/- 0.00 % Gg(l=2) ave= 0.000E+00 +/- 0.00 % Gg(l=3) ave= 0.000E+00 +/- 0.00 %  % || D(l=0) ave= 6.315E+04 +/- 0.00 % D(l=1) ave= 0.000E+00 +/- 0.00 % D(l=2) ave= 0.000E+00 +/- 0.00 % D(l=3) ave= 0.000E+00 +/- 0.00 %  % || S(l=0) ave= 3.026E-04 +/- 11.66 % S(l=1) ave= 0.000E+00 +/- 0.00 % S(l=2) ave= 0.000E+00 +/- 0.00 % S(l=3) ave= 0.000E+00 +/- 0.00 % 
 ... random file  78 Cap(th)  ave= 5.991E-04 b. +/- 10.89 % || Ela(th) ave= 6.147E+00 b. +/- 8.13 % || RIcap ave= 4.05E-04 b. +/- 7.81 % || Macs30 ave= 4.97E-05 b. +/- 15.41 % || Gn^0(l=0) ave= 5.494E+01 +/- 11.69 % Gn^0(l=1) ave= 0.000E+00 +/- 0.00 % Gn^0(l=2) ave= 0.000E+00 +/- 0.00 % Gn^0(l=3) ave= 0.000E+00 +/- 0.00 % || Gtotal(l=0) ave= 3.395E+02 +/- 0.00 % Gtotal(l=1) ave= 0.000E+00 +/- 0.00 % Gtotal(l=2) ave= 0.000E+00 +/- 0.00 % Gtotal(l=3) ave= 0.000E+00 +/- 0.00 %  % || Gg(l=0) ave= 1.303E-02 +/- 11.17 % Gg(l=1) ave= 0.000E+00 +/- 0.00 % Gg(l=2) ave= 0.000E+00 +/- 0.00 % Gg(l=3) ave= 0.000E+00 +/- 0.00 %  % || D(l=0) ave= 6.315E+04 +/- 0.00 % D(l=1) ave= 0.000E+00 +/- 0.00 % D(l=2) ave= 0.000E+00 +/- 0.00 % D(l=3) ave= 0.000E+00 +/- 0.00 %  % || S(l=0) ave= 3.021E-04 +/- 11.71 % S(l=1) ave= 0.000E+00 +/- 0.00 % S(l=2) ave= 0.000E+00 +/- 0.00 % S(l=3) ave= 0.000E+00 +/- 0.00 % 
 ... random file  79 Cap(th)  ave= 5.988E-04 b. +/- 10.84 % || Ela(th) ave= 6.154E+00 b. +/- 8.14 % || RIcap ave= 4.05E-04 b. +/- 7.87 % || Macs30 ave= 4.96E-05 b. +/- 15.53 % || Gn^0(l=0) ave= 5.484E+01 +/- 11.73 % Gn^0(l=1) ave= 0.000E+00 +/- 0.00 % Gn^0(l=2) ave= 0.000E+00 +/- 0.00 % Gn^0(l=3) ave= 0.000E+00 +/- 0.00 % || Gtotal(l=0) ave= 3.395E+02 +/- 0.00 % Gtotal(l=1) ave= 0.000E+00 +/- 0.00 % Gtotal(l=2) ave= 0.000E+00 +/- 0.00 % Gtotal(l=3) ave= 0.000E+00 +/- 0.00 %  % || Gg(l=0) ave= 1.301E-02 +/- 11.17 % Gg(l=1) ave= 0.000E+00 +/- 0.00 % Gg(l=2) ave= 0.000E+00 +/- 0.00 % Gg(l=3) ave= 0.000E+00 +/- 0.00 %  % || D(l=0) ave= 6.315E+04 +/- 0.00 % D(l=1) ave= 0.000E+00 +/- 0.00 % D(l=2) ave= 0.000E+00 +/- 0.00 % D(l=3) ave= 0.000E+00 +/- 0.00 %  % || S(l=0) ave= 3.015E-04 +/- 11.76 % S(l=1) ave= 0.000E+00 +/- 0.00 % S(l=2) ave= 0.000E+00 +/- 0.00 % S(l=3) ave= 0.000E+00 +/- 0.00 % 
 ... random file  80 Cap(th)  ave= 5.985E-04 b. +/- 10.78 % || Ela(th) ave= 6.148E+00 b. +/- 8.15 % || RIcap ave= 4.05E-04 b. +/- 7.84 % || Macs30 ave= 4.97E-05 b. +/- 15.55 % || Gn^0(l=0) ave= 5.493E+01 +/- 11.73 % Gn^0(l=1) ave= 0.000E+00 +/- 0.00 % Gn^0(l=2) ave= 0.000E+00 +/- 0.00 % Gn^0(l=3) ave= 0.000E+00 +/- 0.00 % || Gtotal(l=0) ave= 3.395E+02 +/- 0.00 % Gtotal(l=1) ave= 0.000E+00 +/- 0.00 % Gtotal(l=2) ave= 0.000E+00 +/- 0.00 % Gtotal(l=3) ave= 0.000E+00 +/- 0.00 %  % || Gg(l=0) ave= 1.303E-02 +/- 11.16 % Gg(l=1) ave= 0.000E+00 +/- 0.00 % Gg(l=2) ave= 0.000E+00 +/- 0.00 % Gg(l=3) ave= 0.000E+00 +/- 0.00 %  % || D(l=0) ave= 6.315E+04 +/- 0.00 % D(l=1) ave= 0.000E+00 +/- 0.00 % D(l=2) ave= 0.000E+00 +/- 0.00 % D(l=3) ave= 0.000E+00 +/- 0.00 %  % || S(l=0) ave= 3.020E-04 +/- 11.76 % S(l=1) ave= 0.000E+00 +/- 0.00 % S(l=2) ave= 0.000E+00 +/- 0.00 % S(l=3) ave= 0.000E+00 +/- 0.00 % 
 ... random file  81 Cap(th)  ave= 5.981E-04 b. +/- 10.75 % || Ela(th) ave= 6.154E+00 b. +/- 8.14 % || RIcap ave= 4.05E-04 b. +/- 7.80 % || Macs30 ave= 4.97E-05 b. +/- 15.46 % || Gn^0(l=0) ave= 5.485E+01 +/- 11.76 % Gn^0(l=1) ave= 0.000E+00 +/- 0.00 % Gn^0(l=2) ave= 0.000E+00 +/- 0.00 % Gn^0(l=3) ave= 0.000E+00 +/- 0.00 % || Gtotal(l=0) ave= 3.395E+02 +/- 0.00 % Gtotal(l=1) ave= 0.000E+00 +/- 0.00 % Gtotal(l=2) ave= 0.000E+00 +/- 0.00 % Gtotal(l=3) ave= 0.000E+00 +/- 0.00 %  % || Gg(l=0) ave= 1.306E-02 +/- 11.22 % Gg(l=1) ave= 0.000E+00 +/- 0.00 % Gg(l=2) ave= 0.000E+00 +/- 0.00 % Gg(l=3) ave= 0.000E+00 +/- 0.00 %  % || D(l=0) ave= 6.315E+04 +/- 0.00 % D(l=1) ave= 0.000E+00 +/- 0.00 % D(l=2) ave= 0.000E+00 +/- 0.00 % D(l=3) ave= 0.000E+00 +/- 0.00 %  % || S(l=0) ave= 3.016E-04 +/- 11.79 % S(l=1) ave= 0.000E+00 +/- 0.00 % S(l=2) ave= 0.000E+00 +/- 0.00 % S(l=3) ave= 0.000E+00 +/- 0.00 % 
 ... random file  82 Cap(th)  ave= 5.968E-04 b. +/- 10.87 % || Ela(th) ave= 6.148E+00 b. +/- 8.14 % || RIcap ave= 4.05E-04 b. +/- 7.76 % || Macs30 ave= 4.99E-05 b. +/- 15.73 % || Gn^0(l=0) ave= 5.493E+01 +/- 11.74 % Gn^0(l=1) ave= 0.000E+00 +/- 0.00 % Gn^0(l=2) ave= 0.000E+00 +/- 0.00 % Gn^0(l=3) ave= 0.000E+00 +/- 0.00 % || Gtotal(l=0) ave= 3.395E+02 +/- 0.00 % Gtotal(l=1) ave= 0.000E+00 +/- 0.00 % Gtotal(l=2) ave= 0.000E+00 +/- 0.00 % Gtotal(l=3) ave= 0.000E+00 +/- 0.00 %  % || Gg(l=0) ave= 1.309E-02 +/- 11.40 % Gg(l=1) ave= 0.000E+00 +/- 0.00 % Gg(l=2) ave= 0.000E+00 +/- 0.00 % Gg(l=3) ave= 0.000E+00 +/- 0.00 %  % || D(l=0) ave= 6.315E+04 +/- 0.00 % D(l=1) ave= 0.000E+00 +/- 0.00 % D(l=2) ave= 0.000E+00 +/- 0.00 % D(l=3) ave= 0.000E+00 +/- 0.00 %  % || S(l=0) ave= 3.020E-04 +/- 11.77 % S(l=1) ave= 0.000E+00 +/- 0.00 % S(l=2) ave= 0.000E+00 +/- 0.00 % S(l=3) ave= 0.000E+00 +/- 0.00 % 
 ... random file  83 Cap(th)  ave= 5.973E-04 b. +/- 10.82 % || Ela(th) ave= 6.144E+00 b. +/- 8.12 % || RIcap ave= 4.05E-04 b. +/- 7.73 % || Macs30 ave= 4.99E-05 b. +/- 15.64 % || Gn^0(l=0) ave= 5.498E+01 +/- 11.69 % Gn^0(l=1) ave= 0.000E+00 +/- 0.00 % Gn^0(l=2) ave= 0.000E+00 +/- 0.00 % Gn^0(l=3) ave= 0.000E+00 +/- 0.00 % || Gtotal(l=0) ave= 3.395E+02 +/- 0.00 % Gtotal(l=1) ave= 0.000E+00 +/- 0.00 % Gtotal(l=2) ave= 0.000E+00 +/- 0.00 % Gtotal(l=3) ave= 0.000E+00 +/- 0.00 %  % || Gg(l=0) ave= 1.309E-02 +/- 11.33 % Gg(l=1) ave= 0.000E+00 +/- 0.00 % Gg(l=2) ave= 0.000E+00 +/- 0.00 % Gg(l=3) ave= 0.000E+00 +/- 0.00 %  % || D(l=0) ave= 6.315E+04 +/- 0.00 % D(l=1) ave= 0.000E+00 +/- 0.00 % D(l=2) ave= 0.000E+00 +/- 0.00 % D(l=3) ave= 0.000E+00 +/- 0.00 %  % || S(l=0) ave= 3.023E-04 +/- 11.72 % S(l=1) ave= 0.000E+00 +/- 0.00 % S(l=2) ave= 0.000E+00 +/- 0.00 % S(l=3) ave= 0.000E+00 +/- 0.00 % 
 ... random file  84 Cap(th)  ave= 5.980E-04 b. +/- 10.79 % || Ela(th) ave= 6.151E+00 b. +/- 8.13 % || RIcap ave= 4.05E-04 b. +/- 7.70 % || Macs30 ave= 4.99E-05 b. +/- 15.57 % || Gn^0(l=0) ave= 5.489E+01 +/- 11.73 % Gn^0(l=1) ave= 0.000E+00 +/- 0.00 % Gn^0(l=2) ave= 0.000E+00 +/- 0.00 % Gn^0(l=3) ave= 0.000E+00 +/- 0.00 % || Gtotal(l=0) ave= 3.395E+02 +/- 0.00 % Gtotal(l=1) ave= 0.000E+00 +/- 0.00 % Gtotal(l=2) ave= 0.000E+00 +/- 0.00 % Gtotal(l=3) ave= 0.000E+00 +/- 0.00 %  % || Gg(l=0) ave= 1.307E-02 +/- 11.37 % Gg(l=1) ave= 0.000E+00 +/- 0.00 % Gg(l=2) ave= 0.000E+00 +/- 0.00 % Gg(l=3) ave= 0.000E+00 +/- 0.00 %  % || D(l=0) ave= 6.315E+04 +/- 0.00 % D(l=1) ave= 0.000E+00 +/- 0.00 % D(l=2) ave= 0.000E+00 +/- 0.00 % D(l=3) ave= 0.000E+00 +/- 0.00 %  % || S(l=0) ave= 3.018E-04 +/- 11.76 % S(l=1) ave= 0.000E+00 +/- 0.00 % S(l=2) ave= 0.000E+00 +/- 0.00 % S(l=3) ave= 0.000E+00 +/- 0.00 % 
 ... random file  85 Cap(th)  ave= 5.976E-04 b. +/- 10.75 % || Ela(th) ave= 6.145E+00 b. +/- 8.14 % || RIcap ave= 4.05E-04 b. +/- 7.77 % || Macs30 ave= 4.98E-05 b. +/- 15.67 % || Gn^0(l=0) ave= 5.497E+01 +/- 11.73 % Gn^0(l=1) ave= 0.000E+00 +/- 0.00 % Gn^0(l=2) ave= 0.000E+00 +/- 0.00 % Gn^0(l=3) ave= 0.000E+00 +/- 0.00 % || Gtotal(l=0) ave= 3.395E+02 +/- 0.00 % Gtotal(l=1) ave= 0.000E+00 +/- 0.00 % Gtotal(l=2) ave= 0.000E+00 +/- 0.00 % Gtotal(l=3) ave= 0.000E+00 +/- 0.00 %  % || Gg(l=0) ave= 1.306E-02 +/- 11.33 % Gg(l=1) ave= 0.000E+00 +/- 0.00 % Gg(l=2) ave= 0.000E+00 +/- 0.00 % Gg(l=3) ave= 0.000E+00 +/- 0.00 %  % || D(l=0) ave= 6.315E+04 +/- 0.00 % D(l=1) ave= 0.000E+00 +/- 0.00 % D(l=2) ave= 0.000E+00 +/- 0.00 % D(l=3) ave= 0.000E+00 +/- 0.00 %  % || S(l=0) ave= 3.023E-04 +/- 11.76 % S(l=1) ave= 0.000E+00 +/- 0.00 % S(l=2) ave= 0.000E+00 +/- 0.00 % S(l=3) ave= 0.000E+00 +/- 0.00 % 
 ... random file  86 Cap(th)  ave= 5.966E-04 b. +/- 10.81 % || Ela(th) ave= 6.140E+00 b. +/- 8.15 % || RIcap ave= 4.05E-04 b. +/- 7.73 % || Macs30 ave= 4.99E-05 b. +/- 15.70 % || Gn^0(l=0) ave= 5.504E+01 +/- 11.70 % Gn^0(l=1) ave= 0.000E+00 +/- 0.00 % Gn^0(l=2) ave= 0.000E+00 +/- 0.00 % Gn^0(l=3) ave= 0.000E+00 +/- 0.00 % || Gtotal(l=0) ave= 3.395E+02 +/- 0.00 % Gtotal(l=1) ave= 0.000E+00 +/- 0.00 % Gtotal(l=2) ave= 0.000E+00 +/- 0.00 % Gtotal(l=3) ave= 0.000E+00 +/- 0.00 %  % || Gg(l=0) ave= 1.306E-02 +/- 11.27 % Gg(l=1) ave= 0.000E+00 +/- 0.00 % Gg(l=2) ave= 0.000E+00 +/- 0.00 % Gg(l=3) ave= 0.000E+00 +/- 0.00 %  % || D(l=0) ave= 6.315E+04 +/- 0.00 % D(l=1) ave= 0.000E+00 +/- 0.00 % D(l=2) ave= 0.000E+00 +/- 0.00 % D(l=3) ave= 0.000E+00 +/- 0.00 %  % || S(l=0) ave= 3.027E-04 +/- 11.74 % S(l=1) ave= 0.000E+00 +/- 0.00 % S(l=2) ave= 0.000E+00 +/- 0.00 % S(l=3) ave= 0.000E+00 +/- 0.00 % 
 ... random file  87 Cap(th)  ave= 5.970E-04 b. +/- 10.76 % || Ela(th) ave= 6.143E+00 b. +/- 8.11 % || RIcap ave= 4.06E-04 b. +/- 7.81 % || Macs30 ave= 5.01E-05 b. +/- 15.77 % || Gn^0(l=0) ave= 5.500E+01 +/- 11.67 % Gn^0(l=1) ave= 0.000E+00 +/- 0.00 % Gn^0(l=2) ave= 0.000E+00 +/- 0.00 % Gn^0(l=3) ave= 0.000E+00 +/- 0.00 % || Gtotal(l=0) ave= 3.395E+02 +/- 0.00 % Gtotal(l=1) ave= 0.000E+00 +/- 0.00 % Gtotal(l=2) ave= 0.000E+00 +/- 0.00 % Gtotal(l=3) ave= 0.000E+00 +/- 0.00 %  % || Gg(l=0) ave= 1.307E-02 +/- 11.20 % Gg(l=1) ave= 0.000E+00 +/- 0.00 % Gg(l=2) ave= 0.000E+00 +/- 0.00 % Gg(l=3) ave= 0.000E+00 +/- 0.00 %  % || D(l=0) ave= 6.315E+04 +/- 0.00 % D(l=1) ave= 0.000E+00 +/- 0.00 % D(l=2) ave= 0.000E+00 +/- 0.00 % D(l=3) ave= 0.000E+00 +/- 0.00 %  % || S(l=0) ave= 3.024E-04 +/- 11.70 % S(l=1) ave= 0.000E+00 +/- 0.00 % S(l=2) ave= 0.000E+00 +/- 0.00 % S(l=3) ave= 0.000E+00 +/- 0.00 % 
 ... random file  88 Cap(th)  ave= 5.970E-04 b. +/- 10.70 % || Ela(th) ave= 6.138E+00 b. +/- 8.10 % || RIcap ave= 4.06E-04 b. +/- 7.79 % || Macs30 ave= 5.01E-05 b. +/- 15.73 % || Gn^0(l=0) ave= 5.506E+01 +/- 11.63 % Gn^0(l=1) ave= 0.000E+00 +/- 0.00 % Gn^0(l=2) ave= 0.000E+00 +/- 0.00 % Gn^0(l=3) ave= 0.000E+00 +/- 0.00 % || Gtotal(l=0) ave= 3.395E+02 +/- 0.00 % Gtotal(l=1) ave= 0.000E+00 +/- 0.00 % Gtotal(l=2) ave= 0.000E+00 +/- 0.00 % Gtotal(l=3) ave= 0.000E+00 +/- 0.00 %  % || Gg(l=0) ave= 1.307E-02 +/- 11.14 % Gg(l=1) ave= 0.000E+00 +/- 0.00 % Gg(l=2) ave= 0.000E+00 +/- 0.00 % Gg(l=3) ave= 0.000E+00 +/- 0.00 %  % || D(l=0) ave= 6.315E+04 +/- 0.00 % D(l=1) ave= 0.000E+00 +/- 0.00 % D(l=2) ave= 0.000E+00 +/- 0.00 % D(l=3) ave= 0.000E+00 +/- 0.00 %  % || S(l=0) ave= 3.027E-04 +/- 11.66 % S(l=1) ave= 0.000E+00 +/- 0.00 % S(l=2) ave= 0.000E+00 +/- 0.00 % S(l=3) ave= 0.000E+00 +/- 0.00 % 
 ... random file  89 Cap(th)  ave= 5.958E-04 b. +/- 10.83 % || Ela(th) ave= 6.133E+00 b. +/- 8.09 % || RIcap ave= 4.05E-04 b. +/- 8.03 % || Macs30 ave= 5.00E-05 b. +/- 15.79 % || Gn^0(l=0) ave= 5.512E+01 +/- 11.59 % Gn^0(l=1) ave= 0.000E+00 +/- 0.00 % Gn^0(l=2) ave= 0.000E+00 +/- 0.00 % Gn^0(l=3) ave= 0.000E+00 +/- 0.00 % || Gtotal(l=0) ave= 3.395E+02 +/- 0.00 % Gtotal(l=1) ave= 0.000E+00 +/- 0.00 % Gtotal(l=2) ave= 0.000E+00 +/- 0.00 % Gtotal(l=3) ave= 0.000E+00 +/- 0.00 %  % || Gg(l=0) ave= 1.307E-02 +/- 11.08 % Gg(l=1) ave= 0.000E+00 +/- 0.00 % Gg(l=2) ave= 0.000E+00 +/- 0.00 % Gg(l=3) ave= 0.000E+00 +/- 0.00 %  % || D(l=0) ave= 6.315E+04 +/- 0.00 % D(l=1) ave= 0.000E+00 +/- 0.00 % D(l=2) ave= 0.000E+00 +/- 0.00 % D(l=3) ave= 0.000E+00 +/- 0.00 %  % || S(l=0) ave= 3.031E-04 +/- 11.63 % S(l=1) ave= 0.000E+00 +/- 0.00 % S(l=2) ave= 0.000E+00 +/- 0.00 % S(l=3) ave= 0.000E+00 +/- 0.00 % 
 ... random file  90 Cap(th)  ave= 5.957E-04 b. +/- 10.78 % || Ela(th) ave= 6.130E+00 b. +/- 8.07 % || RIcap ave= 4.04E-04 b. +/- 8.09 % || Macs30 ave= 4.99E-05 b. +/- 15.99 % || Gn^0(l=0) ave= 5.516E+01 +/- 11.54 % Gn^0(l=1) ave= 0.000E+00 +/- 0.00 % Gn^0(l=2) ave= 0.000E+00 +/- 0.00 % Gn^0(l=3) ave= 0.000E+00 +/- 0.00 % || Gtotal(l=0) ave= 3.395E+02 +/- 0.00 % Gtotal(l=1) ave= 0.000E+00 +/- 0.00 % Gtotal(l=2) ave= 0.000E+00 +/- 0.00 % Gtotal(l=3) ave= 0.000E+00 +/- 0.00 %  % || Gg(l=0) ave= 1.306E-02 +/- 11.08 % Gg(l=1) ave= 0.000E+00 +/- 0.00 % Gg(l=2) ave= 0.000E+00 +/- 0.00 % Gg(l=3) ave= 0.000E+00 +/- 0.00 %  % || D(l=0) ave= 6.315E+04 +/- 0.00 % D(l=1) ave= 0.000E+00 +/- 0.00 % D(l=2) ave= 0.000E+00 +/- 0.00 % D(l=3) ave= 0.000E+00 +/- 0.00 %  % || S(l=0) ave= 3.033E-04 +/- 11.57 % S(l=1) ave= 0.000E+00 +/- 0.00 % S(l=2) ave= 0.000E+00 +/- 0.00 % S(l=3) ave= 0.000E+00 +/- 0.00 % 
 ... random file  91 Cap(th)  ave= 5.953E-04 b. +/- 10.74 % || Ela(th) ave= 6.135E+00 b. +/- 8.06 % || RIcap ave= 4.05E-04 b. +/- 8.05 % || Macs30 ave= 5.00E-05 b. +/- 15.96 % || Gn^0(l=0) ave= 5.509E+01 +/- 11.57 % Gn^0(l=1) ave= 0.000E+00 +/- 0.00 % Gn^0(l=2) ave= 0.000E+00 +/- 0.00 % Gn^0(l=3) ave= 0.000E+00 +/- 0.00 % || Gtotal(l=0) ave= 3.395E+02 +/- 0.00 % Gtotal(l=1) ave= 0.000E+00 +/- 0.00 % Gtotal(l=2) ave= 0.000E+00 +/- 0.00 % Gtotal(l=3) ave= 0.000E+00 +/- 0.00 %  % || Gg(l=0) ave= 1.309E-02 +/- 11.34 % Gg(l=1) ave= 0.000E+00 +/- 0.00 % Gg(l=2) ave= 0.000E+00 +/- 0.00 % Gg(l=3) ave= 0.000E+00 +/- 0.00 %  % || D(l=0) ave= 6.315E+04 +/- 0.00 % D(l=1) ave= 0.000E+00 +/- 0.00 % D(l=2) ave= 0.000E+00 +/- 0.00 % D(l=3) ave= 0.000E+00 +/- 0.00 %  % || S(l=0) ave= 3.029E-04 +/- 11.60 % S(l=1) ave= 0.000E+00 +/- 0.00 % S(l=2) ave= 0.000E+00 +/- 0.00 % S(l=3) ave= 0.000E+00 +/- 0.00 % 
 ... random file  92 Cap(th)  ave= 5.939E-04 b. +/- 10.97 % || Ela(th) ave= 6.130E+00 b. +/- 8.06 % || RIcap ave= 4.04E-04 b. +/- 8.17 % || Macs30 ave= 5.00E-05 b. +/- 15.89 % || Gn^0(l=0) ave= 5.515E+01 +/- 11.55 % Gn^0(l=1) ave= 0.000E+00 +/- 0.00 % Gn^0(l=2) ave= 0.000E+00 +/- 0.00 % Gn^0(l=3) ave= 0.000E+00 +/- 0.00 % || Gtotal(l=0) ave= 3.395E+02 +/- 0.00 % Gtotal(l=1) ave= 0.000E+00 +/- 0.00 % Gtotal(l=2) ave= 0.000E+00 +/- 0.00 % Gtotal(l=3) ave= 0.000E+00 +/- 0.00 %  % || Gg(l=0) ave= 1.308E-02 +/- 11.32 % Gg(l=1) ave= 0.000E+00 +/- 0.00 % Gg(l=2) ave= 0.000E+00 +/- 0.00 % Gg(l=3) ave= 0.000E+00 +/- 0.00 %  % || D(l=0) ave= 6.315E+04 +/- 0.00 % D(l=1) ave= 0.000E+00 +/- 0.00 % D(l=2) ave= 0.000E+00 +/- 0.00 % D(l=3) ave= 0.000E+00 +/- 0.00 %  % || S(l=0) ave= 3.033E-04 +/- 11.58 % S(l=1) ave= 0.000E+00 +/- 0.00 % S(l=2) ave= 0.000E+00 +/- 0.00 % S(l=3) ave= 0.000E+00 +/- 0.00 % 
 ... random file  93 Cap(th)  ave= 5.928E-04 b. +/- 11.06 % || Ela(th) ave= 6.136E+00 b. +/- 8.07 % || RIcap ave= 4.03E-04 b. +/- 8.43 % || Macs30 ave= 4.98E-05 b. +/- 16.10 % || Gn^0(l=0) ave= 5.508E+01 +/- 11.58 % Gn^0(l=1) ave= 0.000E+00 +/- 0.00 % Gn^0(l=2) ave= 0.000E+00 +/- 0.00 % Gn^0(l=3) ave= 0.000E+00 +/- 0.00 % || Gtotal(l=0) ave= 3.395E+02 +/- 0.00 % Gtotal(l=1) ave= 0.000E+00 +/- 0.00 % Gtotal(l=2) ave= 0.000E+00 +/- 0.00 % Gtotal(l=3) ave= 0.000E+00 +/- 0.00 %  % || Gg(l=0) ave= 1.305E-02 +/- 11.45 % Gg(l=1) ave= 0.000E+00 +/- 0.00 % Gg(l=2) ave= 0.000E+00 +/- 0.00 % Gg(l=3) ave= 0.000E+00 +/- 0.00 %  % || D(l=0) ave= 6.315E+04 +/- 0.00 % D(l=1) ave= 0.000E+00 +/- 0.00 % D(l=2) ave= 0.000E+00 +/- 0.00 % D(l=3) ave= 0.000E+00 +/- 0.00 %  % || S(l=0) ave= 3.028E-04 +/- 11.61 % S(l=1) ave= 0.000E+00 +/- 0.00 % S(l=2) ave= 0.000E+00 +/- 0.00 % S(l=3) ave= 0.000E+00 +/- 0.00 % 
 ... random file  94 Cap(th)  ave= 5.922E-04 b. +/- 11.06 % || Ela(th) ave= 6.133E+00 b. +/- 8.04 % || RIcap ave= 4.02E-04 b. +/- 8.52 % || Macs30 ave= 4.97E-05 b. +/- 16.16 % || Gn^0(l=0) ave= 5.510E+01 +/- 11.53 % Gn^0(l=1) ave= 0.000E+00 +/- 0.00 % Gn^0(l=2) ave= 0.000E+00 +/- 0.00 % Gn^0(l=3) ave= 0.000E+00 +/- 0.00 % || Gtotal(l=0) ave= 3.395E+02 +/- 0.00 % Gtotal(l=1) ave= 0.000E+00 +/- 0.00 % Gtotal(l=2) ave= 0.000E+00 +/- 0.00 % Gtotal(l=3) ave= 0.000E+00 +/- 0.00 %  % || Gg(l=0) ave= 1.304E-02 +/- 11.44 % Gg(l=1) ave= 0.000E+00 +/- 0.00 % Gg(l=2) ave= 0.000E+00 +/- 0.00 % Gg(l=3) ave= 0.000E+00 +/- 0.00 %  % || D(l=0) ave= 6.315E+04 +/- 0.00 % D(l=1) ave= 0.000E+00 +/- 0.00 % D(l=2) ave= 0.000E+00 +/- 0.00 % D(l=3) ave= 0.000E+00 +/- 0.00 %  % || S(l=0) ave= 3.030E-04 +/- 11.56 % S(l=1) ave= 0.000E+00 +/- 0.00 % S(l=2) ave= 0.000E+00 +/- 0.00 % S(l=3) ave= 0.000E+00 +/- 0.00 % 
 ... random file  95 Cap(th)  ave= 5.918E-04 b. +/- 11.02 % || Ela(th) ave= 6.133E+00 b. +/- 8.00 % || RIcap ave= 4.02E-04 b. +/- 8.50 % || Macs30 ave= 4.97E-05 b. +/- 16.09 % || Gn^0(l=0) ave= 5.510E+01 +/- 11.47 % Gn^0(l=1) ave= 0.000E+00 +/- 0.00 % Gn^0(l=2) ave= 0.000E+00 +/- 0.00 % Gn^0(l=3) ave= 0.000E+00 +/- 0.00 % || Gtotal(l=0) ave= 3.395E+02 +/- 0.00 % Gtotal(l=1) ave= 0.000E+00 +/- 0.00 % Gtotal(l=2) ave= 0.000E+00 +/- 0.00 % Gtotal(l=3) ave= 0.000E+00 +/- 0.00 %  % || Gg(l=0) ave= 1.304E-02 +/- 11.38 % Gg(l=1) ave= 0.000E+00 +/- 0.00 % Gg(l=2) ave= 0.000E+00 +/- 0.00 % Gg(l=3) ave= 0.000E+00 +/- 0.00 %  % || D(l=0) ave= 6.315E+04 +/- 0.00 % D(l=1) ave= 0.000E+00 +/- 0.00 % D(l=2) ave= 0.000E+00 +/- 0.00 % D(l=3) ave= 0.000E+00 +/- 0.00 %  % || S(l=0) ave= 3.030E-04 +/- 11.50 % S(l=1) ave= 0.000E+00 +/- 0.00 % S(l=2) ave= 0.000E+00 +/- 0.00 % S(l=3) ave= 0.000E+00 +/- 0.00 % 
 ... random file  96 Cap(th)  ave= 5.932E-04 b. +/- 11.18 % || Ela(th) ave= 6.139E+00 b. +/- 8.00 % || RIcap ave= 4.02E-04 b. +/- 8.48 % || Macs30 ave= 4.96E-05 b. +/- 16.15 % || Gn^0(l=0) ave= 5.502E+01 +/- 11.51 % Gn^0(l=1) ave= 0.000E+00 +/- 0.00 % Gn^0(l=2) ave= 0.000E+00 +/- 0.00 % Gn^0(l=3) ave= 0.000E+00 +/- 0.00 % || Gtotal(l=0) ave= 3.395E+02 +/- 0.00 % Gtotal(l=1) ave= 0.000E+00 +/- 0.00 % Gtotal(l=2) ave= 0.000E+00 +/- 0.00 % Gtotal(l=3) ave= 0.000E+00 +/- 0.00 %  % || Gg(l=0) ave= 1.302E-02 +/- 11.43 % Gg(l=1) ave= 0.000E+00 +/- 0.00 % Gg(l=2) ave= 0.000E+00 +/- 0.00 % Gg(l=3) ave= 0.000E+00 +/- 0.00 %  % || D(l=0) ave= 6.315E+04 +/- 0.00 % D(l=1) ave= 0.000E+00 +/- 0.00 % D(l=2) ave= 0.000E+00 +/- 0.00 % D(l=3) ave= 0.000E+00 +/- 0.00 %  % || S(l=0) ave= 3.025E-04 +/- 11.54 % S(l=1) ave= 0.000E+00 +/- 0.00 % S(l=2) ave= 0.000E+00 +/- 0.00 % S(l=3) ave= 0.000E+00 +/- 0.00 % 
 ... random file  97 Cap(th)  ave= 5.930E-04 b. +/- 11.13 % || Ela(th) ave= 6.139E+00 b. +/- 7.96 % || RIcap ave= 4.03E-04 b. +/- 8.47 % || Macs30 ave= 4.97E-05 b. +/- 16.26 % || Gn^0(l=0) ave= 5.502E+01 +/- 11.45 % Gn^0(l=1) ave= 0.000E+00 +/- 0.00 % Gn^0(l=2) ave= 0.000E+00 +/- 0.00 % Gn^0(l=3) ave= 0.000E+00 +/- 0.00 % || Gtotal(l=0) ave= 3.395E+02 +/- 0.00 % Gtotal(l=1) ave= 0.000E+00 +/- 0.00 % Gtotal(l=2) ave= 0.000E+00 +/- 0.00 % Gtotal(l=3) ave= 0.000E+00 +/- 0.00 %  % || Gg(l=0) ave= 1.305E-02 +/- 11.50 % Gg(l=1) ave= 0.000E+00 +/- 0.00 % Gg(l=2) ave= 0.000E+00 +/- 0.00 % Gg(l=3) ave= 0.000E+00 +/- 0.00 %  % || D(l=0) ave= 6.315E+04 +/- 0.00 % D(l=1) ave= 0.000E+00 +/- 0.00 % D(l=2) ave= 0.000E+00 +/- 0.00 % D(l=3) ave= 0.000E+00 +/- 0.00 %  % || S(l=0) ave= 3.025E-04 +/- 11.48 % S(l=1) ave= 0.000E+00 +/- 0.00 % S(l=2) ave= 0.000E+00 +/- 0.00 % S(l=3) ave= 0.000E+00 +/- 0.00 % 
 ... random file  98 Cap(th)  ave= 5.934E-04 b. +/- 11.09 % || Ela(th) ave= 6.134E+00 b. +/- 7.96 % || RIcap ave= 4.03E-04 b. +/- 8.47 % || Macs30 ave= 4.98E-05 b. +/- 16.20 % || Gn^0(l=0) ave= 5.508E+01 +/- 11.43 % Gn^0(l=1) ave= 0.000E+00 +/- 0.00 % Gn^0(l=2) ave= 0.000E+00 +/- 0.00 % Gn^0(l=3) ave= 0.000E+00 +/- 0.00 % || Gtotal(l=0) ave= 3.395E+02 +/- 0.00 % Gtotal(l=1) ave= 0.000E+00 +/- 0.00 % Gtotal(l=2) ave= 0.000E+00 +/- 0.00 % Gtotal(l=3) ave= 0.000E+00 +/- 0.00 %  % || Gg(l=0) ave= 1.306E-02 +/- 11.47 % Gg(l=1) ave= 0.000E+00 +/- 0.00 % Gg(l=2) ave= 0.000E+00 +/- 0.00 % Gg(l=3) ave= 0.000E+00 +/- 0.00 %  % || D(l=0) ave= 6.315E+04 +/- 0.00 % D(l=1) ave= 0.000E+00 +/- 0.00 % D(l=2) ave= 0.000E+00 +/- 0.00 % D(l=3) ave= 0.000E+00 +/- 0.00 %  % || S(l=0) ave= 3.028E-04 +/- 11.45 % S(l=1) ave= 0.000E+00 +/- 0.00 % S(l=2) ave= 0.000E+00 +/- 0.00 % S(l=3) ave= 0.000E+00 +/- 0.00 % 
 ... random file  99 Cap(th)  ave= 5.941E-04 b. +/- 11.09 % || Ela(th) ave= 6.137E+00 b. +/- 7.93 % || RIcap ave= 4.03E-04 b. +/- 8.45 % || Macs30 ave= 4.98E-05 b. +/- 16.12 % || Gn^0(l=0) ave= 5.504E+01 +/- 11.40 % Gn^0(l=1) ave= 0.000E+00 +/- 0.00 % Gn^0(l=2) ave= 0.000E+00 +/- 0.00 % Gn^0(l=3) ave= 0.000E+00 +/- 0.00 % || Gtotal(l=0) ave= 3.395E+02 +/- 0.00 % Gtotal(l=1) ave= 0.000E+00 +/- 0.00 % Gtotal(l=2) ave= 0.000E+00 +/- 0.00 % Gtotal(l=3) ave= 0.000E+00 +/- 0.00 %  % || Gg(l=0) ave= 1.305E-02 +/- 11.43 % Gg(l=1) ave= 0.000E+00 +/- 0.00 % Gg(l=2) ave= 0.000E+00 +/- 0.00 % Gg(l=3) ave= 0.000E+00 +/- 0.00 %  % || D(l=0) ave= 6.315E+04 +/- 0.00 % D(l=1) ave= 0.000E+00 +/- 0.00 % D(l=2) ave= 0.000E+00 +/- 0.00 % D(l=3) ave= 0.000E+00 +/- 0.00 %  % || S(l=0) ave= 3.026E-04 +/- 11.43 % S(l=1) ave= 0.000E+00 +/- 0.00 % S(l=2) ave= 0.000E+00 +/- 0.00 % S(l=3) ave= 0.000E+00 +/- 0.00 % 
 ... random file  100 Cap(th)  ave= 5.936E-04 b. +/- 11.08 % || Ela(th) ave= 6.137E+00 b. +/- 7.89 % || RIcap ave= 4.03E-04 b. +/- 8.41 % || Macs30 ave= 4.98E-05 b. +/- 16.05 % || Gn^0(l=0) ave= 5.502E+01 +/- 11.35 % Gn^0(l=1) ave= 0.000E+00 +/- 0.00 % Gn^0(l=2) ave= 0.000E+00 +/- 0.00 % Gn^0(l=3) ave= 0.000E+00 +/- 0.00 % || Gtotal(l=0) ave= 3.395E+02 +/- 0.00 % Gtotal(l=1) ave= 0.000E+00 +/- 0.00 % Gtotal(l=2) ave= 0.000E+00 +/- 0.00 % Gtotal(l=3) ave= 0.000E+00 +/- 0.00 %  % || Gg(l=0) ave= 1.306E-02 +/- 11.38 % Gg(l=1) ave= 0.000E+00 +/- 0.00 % Gg(l=2) ave= 0.000E+00 +/- 0.00 % Gg(l=3) ave= 0.000E+00 +/- 0.00 %  % || D(l=0) ave= 6.315E+04 +/- 0.00 % D(l=1) ave= 0.000E+00 +/- 0.00 % D(l=2) ave= 0.000E+00 +/- 0.00 % D(l=3) ave= 0.000E+00 +/- 0.00 %  % || S(l=0) ave= 3.025E-04 +/- 11.38 % S(l=1) ave= 0.000E+00 +/- 0.00 % S(l=2) ave= 0.000E+00 +/- 0.00 % S(l=3) ave= 0.000E+00 +/- 0.00 % 
 ... random file  101 Cap(th)  ave= 5.939E-04 b. +/- 11.03 % || Ela(th) ave= 6.142E+00 b. +/- 7.90 % || RIcap ave= 4.03E-04 b. +/- 8.38 % || Macs30 ave= 4.98E-05 b. +/- 15.97 % || Gn^0(l=0) ave= 5.495E+01 +/- 11.38 % Gn^0(l=1) ave= 0.000E+00 +/- 0.00 % Gn^0(l=2) ave= 0.000E+00 +/- 0.00 % Gn^0(l=3) ave= 0.000E+00 +/- 0.00 % || Gtotal(l=0) ave= 3.395E+02 +/- 0.00 % Gtotal(l=1) ave= 0.000E+00 +/- 0.00 % Gtotal(l=2) ave= 0.000E+00 +/- 0.00 % Gtotal(l=3) ave= 0.000E+00 +/- 0.00 %  % || Gg(l=0) ave= 1.307E-02 +/- 11.36 % Gg(l=1) ave= 0.000E+00 +/- 0.00 % Gg(l=2) ave= 0.000E+00 +/- 0.00 % Gg(l=3) ave= 0.000E+00 +/- 0.00 %  % || D(l=0) ave= 6.315E+04 +/- 0.00 % D(l=1) ave= 0.000E+00 +/- 0.00 % D(l=2) ave= 0.000E+00 +/- 0.00 % D(l=3) ave= 0.000E+00 +/- 0.00 %  % || S(l=0) ave= 3.022E-04 +/- 11.41 % S(l=1) ave= 0.000E+00 +/- 0.00 % S(l=2) ave= 0.000E+00 +/- 0.00 % S(l=3) ave= 0.000E+00 +/- 0.00 % 
 ... random file  102 Cap(th)  ave= 5.943E-04 b. +/- 10.99 % || Ela(th) ave= 6.148E+00 b. +/- 7.90 % || RIcap ave= 4.04E-04 b. +/- 8.34 % || Macs30 ave= 4.98E-05 b. +/- 15.91 % || Gn^0(l=0) ave= 5.488E+01 +/- 11.41 % Gn^0(l=1) ave= 0.000E+00 +/- 0.00 % Gn^0(l=2) ave= 0.000E+00 +/- 0.00 % Gn^0(l=3) ave= 0.000E+00 +/- 0.00 % || Gtotal(l=0) ave= 3.395E+02 +/- 0.00 % Gtotal(l=1) ave= 0.000E+00 +/- 0.00 % Gtotal(l=2) ave= 0.000E+00 +/- 0.00 % Gtotal(l=3) ave= 0.000E+00 +/- 0.00 %  % || Gg(l=0) ave= 1.308E-02 +/- 11.32 % Gg(l=1) ave= 0.000E+00 +/- 0.00 % Gg(l=2) ave= 0.000E+00 +/- 0.00 % Gg(l=3) ave= 0.000E+00 +/- 0.00 %  % || D(l=0) ave= 6.315E+04 +/- 0.00 % D(l=1) ave= 0.000E+00 +/- 0.00 % D(l=2) ave= 0.000E+00 +/- 0.00 % D(l=3) ave= 0.000E+00 +/- 0.00 %  % || S(l=0) ave= 3.018E-04 +/- 11.44 % S(l=1) ave= 0.000E+00 +/- 0.00 % S(l=2) ave= 0.000E+00 +/- 0.00 % S(l=3) ave= 0.000E+00 +/- 0.00 % 
 ... random file  103 Cap(th)  ave= 5.938E-04 b. +/- 10.97 % || Ela(th) ave= 6.151E+00 b. +/- 7.87 % || RIcap ave= 4.03E-04 b. +/- 8.39 % || Macs30 ave= 4.97E-05 b. +/- 15.96 % || Gn^0(l=0) ave= 5.484E+01 +/- 11.39 % Gn^0(l=1) ave= 0.000E+00 +/- 0.00 % Gn^0(l=2) ave= 0.000E+00 +/- 0.00 % Gn^0(l=3) ave= 0.000E+00 +/- 0.00 % || Gtotal(l=0) ave= 3.395E+02 +/- 0.00 % Gtotal(l=1) ave= 0.000E+00 +/- 0.00 % Gtotal(l=2) ave= 0.000E+00 +/- 0.00 % Gtotal(l=3) ave= 0.000E+00 +/- 0.00 %  % || Gg(l=0) ave= 1.306E-02 +/- 11.36 % Gg(l=1) ave= 0.000E+00 +/- 0.00 % Gg(l=2) ave= 0.000E+00 +/- 0.00 % Gg(l=3) ave= 0.000E+00 +/- 0.00 %  % || D(l=0) ave= 6.315E+04 +/- 0.00 % D(l=1) ave= 0.000E+00 +/- 0.00 % D(l=2) ave= 0.000E+00 +/- 0.00 % D(l=3) ave= 0.000E+00 +/- 0.00 %  % || S(l=0) ave= 3.015E-04 +/- 11.42 % S(l=1) ave= 0.000E+00 +/- 0.00 % S(l=2) ave= 0.000E+00 +/- 0.00 % S(l=3) ave= 0.000E+00 +/- 0.00 % 
 ... random file  104 Cap(th)  ave= 5.942E-04 b. +/- 10.93 % || Ela(th) ave= 6.156E+00 b. +/- 7.87 % || RIcap ave= 4.03E-04 b. +/- 8.37 % || Macs30 ave= 4.96E-05 b. +/- 16.07 % || Gn^0(l=0) ave= 5.478E+01 +/- 11.41 % Gn^0(l=1) ave= 0.000E+00 +/- 0.00 % Gn^0(l=2) ave= 0.000E+00 +/- 0.00 % Gn^0(l=3) ave= 0.000E+00 +/- 0.00 % || Gtotal(l=0) ave= 3.395E+02 +/- 0.00 % Gtotal(l=1) ave= 0.000E+00 +/- 0.00 % Gtotal(l=2) ave= 0.000E+00 +/- 0.00 % Gtotal(l=3) ave= 0.000E+00 +/- 0.00 %  % || Gg(l=0) ave= 1.305E-02 +/- 11.34 % Gg(l=1) ave= 0.000E+00 +/- 0.00 % Gg(l=2) ave= 0.000E+00 +/- 0.00 % Gg(l=3) ave= 0.000E+00 +/- 0.00 %  % || D(l=0) ave= 6.315E+04 +/- 0.00 % D(l=1) ave= 0.000E+00 +/- 0.00 % D(l=2) ave= 0.000E+00 +/- 0.00 % D(l=3) ave= 0.000E+00 +/- 0.00 %  % || S(l=0) ave= 3.012E-04 +/- 11.44 % S(l=1) ave= 0.000E+00 +/- 0.00 % S(l=2) ave= 0.000E+00 +/- 0.00 % S(l=3) ave= 0.000E+00 +/- 0.00 % 
 ... random file  105 Cap(th)  ave= 5.945E-04 b. +/- 10.89 % || Ela(th) ave= 6.160E+00 b. +/- 7.87 % || RIcap ave= 4.03E-04 b. +/- 8.33 % || Macs30 ave= 4.96E-05 b. +/- 16.06 % || Gn^0(l=0) ave= 5.472E+01 +/- 11.43 % Gn^0(l=1) ave= 0.000E+00 +/- 0.00 % Gn^0(l=2) ave= 0.000E+00 +/- 0.00 % Gn^0(l=3) ave= 0.000E+00 +/- 0.00 % || Gtotal(l=0) ave= 3.395E+02 +/- 0.00 % Gtotal(l=1) ave= 0.000E+00 +/- 0.00 % Gtotal(l=2) ave= 0.000E+00 +/- 0.00 % Gtotal(l=3) ave= 0.000E+00 +/- 0.00 %  % || Gg(l=0) ave= 1.304E-02 +/- 11.38 % Gg(l=1) ave= 0.000E+00 +/- 0.00 % Gg(l=2) ave= 0.000E+00 +/- 0.00 % Gg(l=3) ave= 0.000E+00 +/- 0.00 %  % || D(l=0) ave= 6.315E+04 +/- 0.00 % D(l=1) ave= 0.000E+00 +/- 0.00 % D(l=2) ave= 0.000E+00 +/- 0.00 % D(l=3) ave= 0.000E+00 +/- 0.00 %  % || S(l=0) ave= 3.008E-04 +/- 11.46 % S(l=1) ave= 0.000E+00 +/- 0.00 % S(l=2) ave= 0.000E+00 +/- 0.00 % S(l=3) ave= 0.000E+00 +/- 0.00 % 
 ... random file  106 Cap(th)  ave= 5.935E-04 b. +/- 11.01 % || Ela(th) ave= 6.156E+00 b. +/- 7.87 % || RIcap ave= 4.03E-04 b. +/- 8.39 % || Macs30 ave= 4.99E-05 b. +/- 17.02 % || Gn^0(l=0) ave= 5.478E+01 +/- 11.42 % Gn^0(l=1) ave= 0.000E+00 +/- 0.00 % Gn^0(l=2) ave= 0.000E+00 +/- 0.00 % Gn^0(l=3) ave= 0.000E+00 +/- 0.00 % || Gtotal(l=0) ave= 3.395E+02 +/- 0.00 % Gtotal(l=1) ave= 0.000E+00 +/- 0.00 % Gtotal(l=2) ave= 0.000E+00 +/- 0.00 % Gtotal(l=3) ave= 0.000E+00 +/- 0.00 %  % || Gg(l=0) ave= 1.309E-02 +/- 12.01 % Gg(l=1) ave= 0.000E+00 +/- 0.00 % Gg(l=2) ave= 0.000E+00 +/- 0.00 % Gg(l=3) ave= 0.000E+00 +/- 0.00 %  % || D(l=0) ave= 6.315E+04 +/- 0.00 % D(l=1) ave= 0.000E+00 +/- 0.00 % D(l=2) ave= 0.000E+00 +/- 0.00 % D(l=3) ave= 0.000E+00 +/- 0.00 %  % || S(l=0) ave= 3.012E-04 +/- 11.45 % S(l=1) ave= 0.000E+00 +/- 0.00 % S(l=2) ave= 0.000E+00 +/- 0.00 % S(l=3) ave= 0.000E+00 +/- 0.00 % 
 ... random file  107 Cap(th)  ave= 5.934E-04 b. +/- 10.96 % || Ela(th) ave= 6.159E+00 b. +/- 7.85 % || RIcap ave= 4.03E-04 b. +/- 8.36 % || Macs30 ave= 4.98E-05 b. +/- 16.96 % || Gn^0(l=0) ave= 5.473E+01 +/- 11.41 % Gn^0(l=1) ave= 0.000E+00 +/- 0.00 % Gn^0(l=2) ave= 0.000E+00 +/- 0.00 % Gn^0(l=3) ave= 0.000E+00 +/- 0.00 % || Gtotal(l=0) ave= 3.395E+02 +/- 0.00 % Gtotal(l=1) ave= 0.000E+00 +/- 0.00 % Gtotal(l=2) ave= 0.000E+00 +/- 0.00 % Gtotal(l=3) ave= 0.000E+00 +/- 0.00 %  % || Gg(l=0) ave= 1.308E-02 +/- 12.00 % Gg(l=1) ave= 0.000E+00 +/- 0.00 % Gg(l=2) ave= 0.000E+00 +/- 0.00 % Gg(l=3) ave= 0.000E+00 +/- 0.00 %  % || D(l=0) ave= 6.315E+04 +/- 0.00 % D(l=1) ave= 0.000E+00 +/- 0.00 % D(l=2) ave= 0.000E+00 +/- 0.00 % D(l=3) ave= 0.000E+00 +/- 0.00 %  % || S(l=0) ave= 3.009E-04 +/- 11.44 % S(l=1) ave= 0.000E+00 +/- 0.00 % S(l=2) ave= 0.000E+00 +/- 0.00 % S(l=3) ave= 0.000E+00 +/- 0.00 % 
 ... random file  108 Cap(th)  ave= 5.934E-04 b. +/- 10.91 % || Ela(th) ave= 6.156E+00 b. +/- 7.84 % || RIcap ave= 4.03E-04 b. +/- 8.40 % || Macs30 ave= 4.97E-05 b. +/- 17.13 % || Gn^0(l=0) ave= 5.477E+01 +/- 11.38 % Gn^0(l=1) ave= 0.000E+00 +/- 0.00 % Gn^0(l=2) ave= 0.000E+00 +/- 0.00 % Gn^0(l=3) ave= 0.000E+00 +/- 0.00 % || Gtotal(l=0) ave= 3.395E+02 +/- 0.00 % Gtotal(l=1) ave= 0.000E+00 +/- 0.00 % Gtotal(l=2) ave= 0.000E+00 +/- 0.00 % Gtotal(l=3) ave= 0.000E+00 +/- 0.00 %  % || Gg(l=0) ave= 1.306E-02 +/- 12.02 % Gg(l=1) ave= 0.000E+00 +/- 0.00 % Gg(l=2) ave= 0.000E+00 +/- 0.00 % Gg(l=3) ave= 0.000E+00 +/- 0.00 %  % || D(l=0) ave= 6.315E+04 +/- 0.00 % D(l=1) ave= 0.000E+00 +/- 0.00 % D(l=2) ave= 0.000E+00 +/- 0.00 % D(l=3) ave= 0.000E+00 +/- 0.00 %  % || S(l=0) ave= 3.012E-04 +/- 11.41 % S(l=1) ave= 0.000E+00 +/- 0.00 % S(l=2) ave= 0.000E+00 +/- 0.00 % S(l=3) ave= 0.000E+00 +/- 0.00 % 
 ... random file  109 Cap(th)  ave= 5.932E-04 b. +/- 10.87 % || Ela(th) ave= 6.152E+00 b. +/- 7.83 % || RIcap ave= 4.02E-04 b. +/- 8.55 % || Macs30 ave= 4.95E-05 b. +/- 17.53 % || Gn^0(l=0) ave= 5.481E+01 +/- 11.35 % Gn^0(l=1) ave= 0.000E+00 +/- 0.00 % Gn^0(l=2) ave= 0.000E+00 +/- 0.00 % Gn^0(l=3) ave= 0.000E+00 +/- 0.00 % || Gtotal(l=0) ave= 3.395E+02 +/- 0.00 % Gtotal(l=1) ave= 0.000E+00 +/- 0.00 % Gtotal(l=2) ave= 0.000E+00 +/- 0.00 % Gtotal(l=3) ave= 0.000E+00 +/- 0.00 %  % || Gg(l=0) ave= 1.302E-02 +/- 12.48 % Gg(l=1) ave= 0.000E+00 +/- 0.00 % Gg(l=2) ave= 0.000E+00 +/- 0.00 % Gg(l=3) ave= 0.000E+00 +/- 0.00 %  % || D(l=0) ave= 6.315E+04 +/- 0.00 % D(l=1) ave= 0.000E+00 +/- 0.00 % D(l=2) ave= 0.000E+00 +/- 0.00 % D(l=3) ave= 0.000E+00 +/- 0.00 %  % || S(l=0) ave= 3.014E-04 +/- 11.38 % S(l=1) ave= 0.000E+00 +/- 0.00 % S(l=2) ave= 0.000E+00 +/- 0.00 % S(l=3) ave= 0.000E+00 +/- 0.00 % 
 ... random file  110 Cap(th)  ave= 5.934E-04 b. +/- 10.82 % || Ela(th) ave= 6.153E+00 b. +/- 7.79 % || RIcap ave= 4.02E-04 b. +/- 8.52 % || Macs30 ave= 4.94E-05 b. +/- 17.54 % || Gn^0(l=0) ave= 5.480E+01 +/- 11.30 % Gn^0(l=1) ave= 0.000E+00 +/- 0.00 % Gn^0(l=2) ave= 0.000E+00 +/- 0.00 % Gn^0(l=3) ave= 0.000E+00 +/- 0.00 % || Gtotal(l=0) ave= 3.395E+02 +/- 0.00 % Gtotal(l=1) ave= 0.000E+00 +/- 0.00 % Gtotal(l=2) ave= 0.000E+00 +/- 0.00 % Gtotal(l=3) ave= 0.000E+00 +/- 0.00 %  % || Gg(l=0) ave= 1.301E-02 +/- 12.47 % Gg(l=1) ave= 0.000E+00 +/- 0.00 % Gg(l=2) ave= 0.000E+00 +/- 0.00 % Gg(l=3) ave= 0.000E+00 +/- 0.00 %  % || D(l=0) ave= 6.315E+04 +/- 0.00 % D(l=1) ave= 0.000E+00 +/- 0.00 % D(l=2) ave= 0.000E+00 +/- 0.00 % D(l=3) ave= 0.000E+00 +/- 0.00 %  % || S(l=0) ave= 3.013E-04 +/- 11.33 % S(l=1) ave= 0.000E+00 +/- 0.00 % S(l=2) ave= 0.000E+00 +/- 0.00 % S(l=3) ave= 0.000E+00 +/- 0.00 % 
 ... random file  111 Cap(th)  ave= 5.933E-04 b. +/- 10.78 % || Ela(th) ave= 6.157E+00 b. +/- 7.79 % || RIcap ave= 4.02E-04 b. +/- 8.50 % || Macs30 ave= 4.95E-05 b. +/- 17.50 % || Gn^0(l=0) ave= 5.474E+01 +/- 11.32 % Gn^0(l=1) ave= 0.000E+00 +/- 0.00 % Gn^0(l=2) ave= 0.000E+00 +/- 0.00 % Gn^0(l=3) ave= 0.000E+00 +/- 0.00 % || Gtotal(l=0) ave= 3.395E+02 +/- 0.00 % Gtotal(l=1) ave= 0.000E+00 +/- 0.00 % Gtotal(l=2) ave= 0.000E+00 +/- 0.00 % Gtotal(l=3) ave= 0.000E+00 +/- 0.00 %  % || Gg(l=0) ave= 1.301E-02 +/- 12.42 % Gg(l=1) ave= 0.000E+00 +/- 0.00 % Gg(l=2) ave= 0.000E+00 +/- 0.00 % Gg(l=3) ave= 0.000E+00 +/- 0.00 %  % || D(l=0) ave= 6.315E+04 +/- 0.00 % D(l=1) ave= 0.000E+00 +/- 0.00 % D(l=2) ave= 0.000E+00 +/- 0.00 % D(l=3) ave= 0.000E+00 +/- 0.00 %  % || S(l=0) ave= 3.010E-04 +/- 11.35 % S(l=1) ave= 0.000E+00 +/- 0.00 % S(l=2) ave= 0.000E+00 +/- 0.00 % S(l=3) ave= 0.000E+00 +/- 0.00 % 
 ... random file  112 Cap(th)  ave= 5.923E-04 b. +/- 10.89 % || Ela(th) ave= 6.161E+00 b. +/- 7.78 % || RIcap ave= 4.02E-04 b. +/- 8.47 % || Macs30 ave= 4.96E-05 b. +/- 17.49 % || Gn^0(l=0) ave= 5.469E+01 +/- 11.32 % Gn^0(l=1) ave= 0.000E+00 +/- 0.00 % Gn^0(l=2) ave= 0.000E+00 +/- 0.00 % Gn^0(l=3) ave= 0.000E+00 +/- 0.00 % || Gtotal(l=0) ave= 3.395E+02 +/- 0.00 % Gtotal(l=1) ave= 0.000E+00 +/- 0.00 % Gtotal(l=2) ave= 0.000E+00 +/- 0.00 % Gtotal(l=3) ave= 0.000E+00 +/- 0.00 %  % || Gg(l=0) ave= 1.302E-02 +/- 12.41 % Gg(l=1) ave= 0.000E+00 +/- 0.00 % Gg(l=2) ave= 0.000E+00 +/- 0.00 % Gg(l=3) ave= 0.000E+00 +/- 0.00 %  % || D(l=0) ave= 6.315E+04 +/- 0.00 % D(l=1) ave= 0.000E+00 +/- 0.00 % D(l=2) ave= 0.000E+00 +/- 0.00 % D(l=3) ave= 0.000E+00 +/- 0.00 %  % || S(l=0) ave= 3.007E-04 +/- 11.35 % S(l=1) ave= 0.000E+00 +/- 0.00 % S(l=2) ave= 0.000E+00 +/- 0.00 % S(l=3) ave= 0.000E+00 +/- 0.00 % 
 ... random file  113 Cap(th)  ave= 5.931E-04 b. +/- 10.92 % || Ela(th) ave= 6.165E+00 b. +/- 7.77 % || RIcap ave= 4.03E-04 b. +/- 8.51 % || Macs30 ave= 4.96E-05 b. +/- 17.43 % || Gn^0(l=0) ave= 5.464E+01 +/- 11.32 % Gn^0(l=1) ave= 0.000E+00 +/- 0.00 % Gn^0(l=2) ave= 0.000E+00 +/- 0.00 % Gn^0(l=3) ave= 0.000E+00 +/- 0.00 % || Gtotal(l=0) ave= 3.395E+02 +/- 0.00 % Gtotal(l=1) ave= 0.000E+00 +/- 0.00 % Gtotal(l=2) ave= 0.000E+00 +/- 0.00 % Gtotal(l=3) ave= 0.000E+00 +/- 0.00 %  % || Gg(l=0) ave= 1.303E-02 +/- 12.38 % Gg(l=1) ave= 0.000E+00 +/- 0.00 % Gg(l=2) ave= 0.000E+00 +/- 0.00 % Gg(l=3) ave= 0.000E+00 +/- 0.00 %  % || D(l=0) ave= 6.315E+04 +/- 0.00 % D(l=1) ave= 0.000E+00 +/- 0.00 % D(l=2) ave= 0.000E+00 +/- 0.00 % D(l=3) ave= 0.000E+00 +/- 0.00 %  % || S(l=0) ave= 3.005E-04 +/- 11.34 % S(l=1) ave= 0.000E+00 +/- 0.00 % S(l=2) ave= 0.000E+00 +/- 0.00 % S(l=3) ave= 0.000E+00 +/- 0.00 % 
 ... random file  114 Cap(th)  ave= 5.924E-04 b. +/- 10.95 % || Ela(th) ave= 6.166E+00 b. +/- 7.73 % || RIcap ave= 4.03E-04 b. +/- 8.48 % || Macs30 ave= 4.98E-05 b. +/- 17.48 % || Gn^0(l=0) ave= 5.462E+01 +/- 11.28 % Gn^0(l=1) ave= 0.000E+00 +/- 0.00 % Gn^0(l=2) ave= 0.000E+00 +/- 0.00 % Gn^0(l=3) ave= 0.000E+00 +/- 0.00 % || Gtotal(l=0) ave= 3.395E+02 +/- 0.00 % Gtotal(l=1) ave= 0.000E+00 +/- 0.00 % Gtotal(l=2) ave= 0.000E+00 +/- 0.00 % Gtotal(l=3) ave= 0.000E+00 +/- 0.00 %  % || Gg(l=0) ave= 1.305E-02 +/- 12.37 % Gg(l=1) ave= 0.000E+00 +/- 0.00 % Gg(l=2) ave= 0.000E+00 +/- 0.00 % Gg(l=3) ave= 0.000E+00 +/- 0.00 %  % || D(l=0) ave= 6.315E+04 +/- 0.00 % D(l=1) ave= 0.000E+00 +/- 0.00 % D(l=2) ave= 0.000E+00 +/- 0.00 % D(l=3) ave= 0.000E+00 +/- 0.00 %  % || S(l=0) ave= 3.003E-04 +/- 11.31 % S(l=1) ave= 0.000E+00 +/- 0.00 % S(l=2) ave= 0.000E+00 +/- 0.00 % S(l=3) ave= 0.000E+00 +/- 0.00 % 
 ... random file  115 Cap(th)  ave= 5.933E-04 b. +/- 11.00 % || Ela(th) ave= 6.163E+00 b. +/- 7.72 % || RIcap ave= 4.03E-04 b. +/- 8.58 % || Macs30 ave= 4.98E-05 b. +/- 17.45 % || Gn^0(l=0) ave= 5.465E+01 +/- 11.24 % Gn^0(l=1) ave= 0.000E+00 +/- 0.00 % Gn^0(l=2) ave= 0.000E+00 +/- 0.00 % Gn^0(l=3) ave= 0.000E+00 +/- 0.00 % || Gtotal(l=0) ave= 3.395E+02 +/- 0.00 % Gtotal(l=1) ave= 0.000E+00 +/- 0.00 % Gtotal(l=2) ave= 0.000E+00 +/- 0.00 % Gtotal(l=3) ave= 0.000E+00 +/- 0.00 %  % || Gg(l=0) ave= 1.306E-02 +/- 12.37 % Gg(l=1) ave= 0.000E+00 +/- 0.00 % Gg(l=2) ave= 0.000E+00 +/- 0.00 % Gg(l=3) ave= 0.000E+00 +/- 0.00 %  % || D(l=0) ave= 6.315E+04 +/- 0.00 % D(l=1) ave= 0.000E+00 +/- 0.00 % D(l=2) ave= 0.000E+00 +/- 0.00 % D(l=3) ave= 0.000E+00 +/- 0.00 %  % || S(l=0) ave= 3.005E-04 +/- 11.27 % S(l=1) ave= 0.000E+00 +/- 0.00 % S(l=2) ave= 0.000E+00 +/- 0.00 % S(l=3) ave= 0.000E+00 +/- 0.00 % 
 ... random file  116 Cap(th)  ave= 5.932E-04 b. +/- 10.96 % || Ela(th) ave= 6.164E+00 b. +/- 7.69 % || RIcap ave= 4.04E-04 b. +/- 8.75 % || Macs30 ave= 5.01E-05 b. +/- 18.02 % || Gn^0(l=0) ave= 5.463E+01 +/- 11.21 % Gn^0(l=1) ave= 0.000E+00 +/- 0.00 % Gn^0(l=2) ave= 0.000E+00 +/- 0.00 % Gn^0(l=3) ave= 0.000E+00 +/- 0.00 % || Gtotal(l=0) ave= 3.395E+02 +/- 0.00 % Gtotal(l=1) ave= 0.000E+00 +/- 0.00 % Gtotal(l=2) ave= 0.000E+00 +/- 0.00 % Gtotal(l=3) ave= 0.000E+00 +/- 0.00 %  % || Gg(l=0) ave= 1.310E-02 +/- 12.75 % Gg(l=1) ave= 0.000E+00 +/- 0.00 % Gg(l=2) ave= 0.000E+00 +/- 0.00 % Gg(l=3) ave= 0.000E+00 +/- 0.00 %  % || D(l=0) ave= 6.315E+04 +/- 0.00 % D(l=1) ave= 0.000E+00 +/- 0.00 % D(l=2) ave= 0.000E+00 +/- 0.00 % D(l=3) ave= 0.000E+00 +/- 0.00 %  % || S(l=0) ave= 3.004E-04 +/- 11.23 % S(l=1) ave= 0.000E+00 +/- 0.00 % S(l=2) ave= 0.000E+00 +/- 0.00 % S(l=3) ave= 0.000E+00 +/- 0.00 % 
 ... random file  117 Cap(th)  ave= 5.929E-04 b. +/- 10.93 % || Ela(th) ave= 6.161E+00 b. +/- 7.69 % || RIcap ave= 4.03E-04 b. +/- 8.87 % || Macs30 ave= 4.99E-05 b. +/- 18.26 % || Gn^0(l=0) ave= 5.467E+01 +/- 11.18 % Gn^0(l=1) ave= 0.000E+00 +/- 0.00 % Gn^0(l=2) ave= 0.000E+00 +/- 0.00 % Gn^0(l=3) ave= 0.000E+00 +/- 0.00 % || Gtotal(l=0) ave= 3.395E+02 +/- 0.00 % Gtotal(l=1) ave= 0.000E+00 +/- 0.00 % Gtotal(l=2) ave= 0.000E+00 +/- 0.00 % Gtotal(l=3) ave= 0.000E+00 +/- 0.00 %  % || Gg(l=0) ave= 1.307E-02 +/- 13.00 % Gg(l=1) ave= 0.000E+00 +/- 0.00 % Gg(l=2) ave= 0.000E+00 +/- 0.00 % Gg(l=3) ave= 0.000E+00 +/- 0.00 %  % || D(l=0) ave= 6.315E+04 +/- 0.00 % D(l=1) ave= 0.000E+00 +/- 0.00 % D(l=2) ave= 0.000E+00 +/- 0.00 % D(l=3) ave= 0.000E+00 +/- 0.00 %  % || S(l=0) ave= 3.006E-04 +/- 11.20 % S(l=1) ave= 0.000E+00 +/- 0.00 % S(l=2) ave= 0.000E+00 +/- 0.00 % S(l=3) ave= 0.000E+00 +/- 0.00 % 
 ... random file  118 Cap(th)  ave= 5.927E-04 b. +/- 10.90 % || Ela(th) ave= 6.162E+00 b. +/- 7.66 % || RIcap ave= 4.03E-04 b. +/- 8.84 % || Macs30 ave= 4.99E-05 b. +/- 18.18 % || Gn^0(l=0) ave= 5.465E+01 +/- 11.14 % Gn^0(l=1) ave= 0.000E+00 +/- 0.00 % Gn^0(l=2) ave= 0.000E+00 +/- 0.00 % Gn^0(l=3) ave= 0.000E+00 +/- 0.00 % || Gtotal(l=0) ave= 3.395E+02 +/- 0.00 % Gtotal(l=1) ave= 0.000E+00 +/- 0.00 % Gtotal(l=2) ave= 0.000E+00 +/- 0.00 % Gtotal(l=3) ave= 0.000E+00 +/- 0.00 %  % || Gg(l=0) ave= 1.308E-02 +/- 12.96 % Gg(l=1) ave= 0.000E+00 +/- 0.00 % Gg(l=2) ave= 0.000E+00 +/- 0.00 % Gg(l=3) ave= 0.000E+00 +/- 0.00 %  % || D(l=0) ave= 6.315E+04 +/- 0.00 % D(l=1) ave= 0.000E+00 +/- 0.00 % D(l=2) ave= 0.000E+00 +/- 0.00 % D(l=3) ave= 0.000E+00 +/- 0.00 %  % || S(l=0) ave= 3.005E-04 +/- 11.17 % S(l=1) ave= 0.000E+00 +/- 0.00 % S(l=2) ave= 0.000E+00 +/- 0.00 % S(l=3) ave= 0.000E+00 +/- 0.00 % 
 ... random file  119 Cap(th)  ave= 5.924E-04 b. +/- 10.87 % || Ela(th) ave= 6.158E+00 b. +/- 7.67 % || RIcap ave= 4.03E-04 b. +/- 8.81 % || Macs30 ave= 5.00E-05 b. +/- 18.16 % || Gn^0(l=0) ave= 5.470E+01 +/- 11.14 % Gn^0(l=1) ave= 0.000E+00 +/- 0.00 % Gn^0(l=2) ave= 0.000E+00 +/- 0.00 % Gn^0(l=3) ave= 0.000E+00 +/- 0.00 % || Gtotal(l=0) ave= 3.395E+02 +/- 0.00 % Gtotal(l=1) ave= 0.000E+00 +/- 0.00 % Gtotal(l=2) ave= 0.000E+00 +/- 0.00 % Gtotal(l=3) ave= 0.000E+00 +/- 0.00 %  % || Gg(l=0) ave= 1.310E-02 +/- 12.96 % Gg(l=1) ave= 0.000E+00 +/- 0.00 % Gg(l=2) ave= 0.000E+00 +/- 0.00 % Gg(l=3) ave= 0.000E+00 +/- 0.00 %  % || D(l=0) ave= 6.315E+04 +/- 0.00 % D(l=1) ave= 0.000E+00 +/- 0.00 % D(l=2) ave= 0.000E+00 +/- 0.00 % D(l=3) ave= 0.000E+00 +/- 0.00 %  % || S(l=0) ave= 3.008E-04 +/- 11.16 % S(l=1) ave= 0.000E+00 +/- 0.00 % S(l=2) ave= 0.000E+00 +/- 0.00 % S(l=3) ave= 0.000E+00 +/- 0.00 % 
 ... random file  120 Cap(th)  ave= 5.924E-04 b. +/- 10.82 % || Ela(th) ave= 6.162E+00 b. +/- 7.66 % || RIcap ave= 4.03E-04 b. +/- 8.77 % || Macs30 ave= 5.00E-05 b. +/- 18.08 % || Gn^0(l=0) ave= 5.465E+01 +/- 11.15 % Gn^0(l=1) ave= 0.000E+00 +/- 0.00 % Gn^0(l=2) ave= 0.000E+00 +/- 0.00 % Gn^0(l=3) ave= 0.000E+00 +/- 0.00 % || Gtotal(l=0) ave= 3.395E+02 +/- 0.00 % Gtotal(l=1) ave= 0.000E+00 +/- 0.00 % Gtotal(l=2) ave= 0.000E+00 +/- 0.00 % Gtotal(l=3) ave= 0.000E+00 +/- 0.00 %  % || Gg(l=0) ave= 1.311E-02 +/- 12.96 % Gg(l=1) ave= 0.000E+00 +/- 0.00 % Gg(l=2) ave= 0.000E+00 +/- 0.00 % Gg(l=3) ave= 0.000E+00 +/- 0.00 %  % || D(l=0) ave= 6.315E+04 +/- 0.00 % D(l=1) ave= 0.000E+00 +/- 0.00 % D(l=2) ave= 0.000E+00 +/- 0.00 % D(l=3) ave= 0.000E+00 +/- 0.00 %  % || S(l=0) ave= 3.005E-04 +/- 11.17 % S(l=1) ave= 0.000E+00 +/- 0.00 % S(l=2) ave= 0.000E+00 +/- 0.00 % S(l=3) ave= 0.000E+00 +/- 0.00 % 
 ... random file  121 Cap(th)  ave= 5.924E-04 b. +/- 10.78 % || Ela(th) ave= 6.163E+00 b. +/- 7.63 % || RIcap ave= 4.04E-04 b. +/- 8.78 % || Macs30 ave= 5.01E-05 b. +/- 18.10 % || Gn^0(l=0) ave= 5.463E+01 +/- 11.12 % Gn^0(l=1) ave= 0.000E+00 +/- 0.00 % Gn^0(l=2) ave= 0.000E+00 +/- 0.00 % Gn^0(l=3) ave= 0.000E+00 +/- 0.00 % || Gtotal(l=0) ave= 3.395E+02 +/- 0.00 % Gtotal(l=1) ave= 0.000E+00 +/- 0.00 % Gtotal(l=2) ave= 0.000E+00 +/- 0.00 % Gtotal(l=3) ave= 0.000E+00 +/- 0.00 %  % || Gg(l=0) ave= 1.312E-02 +/- 12.91 % Gg(l=1) ave= 0.000E+00 +/- 0.00 % Gg(l=2) ave= 0.000E+00 +/- 0.00 % Gg(l=3) ave= 0.000E+00 +/- 0.00 %  % || D(l=0) ave= 6.315E+04 +/- 0.00 % D(l=1) ave= 0.000E+00 +/- 0.00 % D(l=2) ave= 0.000E+00 +/- 0.00 % D(l=3) ave= 0.000E+00 +/- 0.00 %  % || S(l=0) ave= 3.004E-04 +/- 11.15 % S(l=1) ave= 0.000E+00 +/- 0.00 % S(l=2) ave= 0.000E+00 +/- 0.00 % S(l=3) ave= 0.000E+00 +/- 0.00 % 
 ... random file  122 Cap(th)  ave= 5.924E-04 b. +/- 10.74 % || Ela(th) ave= 6.167E+00 b. +/- 7.63 % || RIcap ave= 4.04E-04 b. +/- 8.76 % || Macs30 ave= 5.02E-05 b. +/- 18.06 % || Gn^0(l=0) ave= 5.458E+01 +/- 11.13 % Gn^0(l=1) ave= 0.000E+00 +/- 0.00 % Gn^0(l=2) ave= 0.000E+00 +/- 0.00 % Gn^0(l=3) ave= 0.000E+00 +/- 0.00 % || Gtotal(l=0) ave= 3.395E+02 +/- 0.00 % Gtotal(l=1) ave= 0.000E+00 +/- 0.00 % Gtotal(l=2) ave= 0.000E+00 +/- 0.00 % Gtotal(l=3) ave= 0.000E+00 +/- 0.00 %  % || Gg(l=0) ave= 1.314E-02 +/- 12.95 % Gg(l=1) ave= 0.000E+00 +/- 0.00 % Gg(l=2) ave= 0.000E+00 +/- 0.00 % Gg(l=3) ave= 0.000E+00 +/- 0.00 %  % || D(l=0) ave= 6.315E+04 +/- 0.00 % D(l=1) ave= 0.000E+00 +/- 0.00 % D(l=2) ave= 0.000E+00 +/- 0.00 % D(l=3) ave= 0.000E+00 +/- 0.00 %  % || S(l=0) ave= 3.001E-04 +/- 11.15 % S(l=1) ave= 0.000E+00 +/- 0.00 % S(l=2) ave= 0.000E+00 +/- 0.00 % S(l=3) ave= 0.000E+00 +/- 0.00 % 
 ... random file  123 Cap(th)  ave= 5.930E-04 b. +/- 10.74 % || Ela(th) ave= 6.171E+00 b. +/- 7.63 % || RIcap ave= 4.04E-04 b. +/- 8.75 % || Macs30 ave= 5.02E-05 b. +/- 17.99 % || Gn^0(l=0) ave= 5.453E+01 +/- 11.14 % Gn^0(l=1) ave= 0.000E+00 +/- 0.00 % Gn^0(l=2) ave= 0.000E+00 +/- 0.00 % Gn^0(l=3) ave= 0.000E+00 +/- 0.00 % || Gtotal(l=0) ave= 3.395E+02 +/- 0.00 % Gtotal(l=1) ave= 0.000E+00 +/- 0.00 % Gtotal(l=2) ave= 0.000E+00 +/- 0.00 % Gtotal(l=3) ave= 0.000E+00 +/- 0.00 %  % || Gg(l=0) ave= 1.314E-02 +/- 12.90 % Gg(l=1) ave= 0.000E+00 +/- 0.00 % Gg(l=2) ave= 0.000E+00 +/- 0.00 % Gg(l=3) ave= 0.000E+00 +/- 0.00 %  % || D(l=0) ave= 6.315E+04 +/- 0.00 % D(l=1) ave= 0.000E+00 +/- 0.00 % D(l=2) ave= 0.000E+00 +/- 0.00 % D(l=3) ave= 0.000E+00 +/- 0.00 %  % || S(l=0) ave= 2.998E-04 +/- 11.17 % S(l=1) ave= 0.000E+00 +/- 0.00 % S(l=2) ave= 0.000E+00 +/- 0.00 % S(l=3) ave= 0.000E+00 +/- 0.00 % 
 ... random file  124 Cap(th)  ave= 5.924E-04 b. +/- 10.77 % || Ela(th) ave= 6.167E+00 b. +/- 7.64 % || RIcap ave= 4.04E-04 b. +/- 8.72 % || Macs30 ave= 5.02E-05 b. +/- 17.92 % || Gn^0(l=0) ave= 5.458E+01 +/- 11.14 % Gn^0(l=1) ave= 0.000E+00 +/- 0.00 % Gn^0(l=2) ave= 0.000E+00 +/- 0.00 % Gn^0(l=3) ave= 0.000E+00 +/- 0.00 % || Gtotal(l=0) ave= 3.395E+02 +/- 0.00 % Gtotal(l=1) ave= 0.000E+00 +/- 0.00 % Gtotal(l=2) ave= 0.000E+00 +/- 0.00 % Gtotal(l=3) ave= 0.000E+00 +/- 0.00 %  % || Gg(l=0) ave= 1.313E-02 +/- 12.86 % Gg(l=1) ave= 0.000E+00 +/- 0.00 % Gg(l=2) ave= 0.000E+00 +/- 0.00 % Gg(l=3) ave= 0.000E+00 +/- 0.00 %  % || D(l=0) ave= 6.315E+04 +/- 0.00 % D(l=1) ave= 0.000E+00 +/- 0.00 % D(l=2) ave= 0.000E+00 +/- 0.00 % D(l=3) ave= 0.000E+00 +/- 0.00 %  % || S(l=0) ave= 3.001E-04 +/- 11.17 % S(l=1) ave= 0.000E+00 +/- 0.00 % S(l=2) ave= 0.000E+00 +/- 0.00 % S(l=3) ave= 0.000E+00 +/- 0.00 % 
 ... random file  125 Cap(th)  ave= 5.927E-04 b. +/- 10.73 % || Ela(th) ave= 6.167E+00 b. +/- 7.61 % || RIcap ave= 4.04E-04 b. +/- 8.69 % || Macs30 ave= 5.02E-05 b. +/- 17.85 % || Gn^0(l=0) ave= 5.457E+01 +/- 11.10 % Gn^0(l=1) ave= 0.000E+00 +/- 0.00 % Gn^0(l=2) ave= 0.000E+00 +/- 0.00 % Gn^0(l=3) ave= 0.000E+00 +/- 0.00 % || Gtotal(l=0) ave= 3.395E+02 +/- 0.00 % Gtotal(l=1) ave= 0.000E+00 +/- 0.00 % Gtotal(l=2) ave= 0.000E+00 +/- 0.00 % Gtotal(l=3) ave= 0.000E+00 +/- 0.00 %  % || Gg(l=0) ave= 1.313E-02 +/- 12.81 % Gg(l=1) ave= 0.000E+00 +/- 0.00 % Gg(l=2) ave= 0.000E+00 +/- 0.00 % Gg(l=3) ave= 0.000E+00 +/- 0.00 %  % || D(l=0) ave= 6.315E+04 +/- 0.00 % D(l=1) ave= 0.000E+00 +/- 0.00 % D(l=2) ave= 0.000E+00 +/- 0.00 % D(l=3) ave= 0.000E+00 +/- 0.00 %  % || S(l=0) ave= 3.001E-04 +/- 11.12 % S(l=1) ave= 0.000E+00 +/- 0.00 % S(l=2) ave= 0.000E+00 +/- 0.00 % S(l=3) ave= 0.000E+00 +/- 0.00 % 
 ... random file  126 Cap(th)  ave= 5.928E-04 b. +/- 10.69 % || Ela(th) ave= 6.171E+00 b. +/- 7.61 % || RIcap ave= 4.04E-04 b. +/- 8.66 % || Macs30 ave= 5.02E-05 b. +/- 17.80 % || Gn^0(l=0) ave= 5.453E+01 +/- 11.11 % Gn^0(l=1) ave= 0.000E+00 +/- 0.00 % Gn^0(l=2) ave= 0.000E+00 +/- 0.00 % Gn^0(l=3) ave= 0.000E+00 +/- 0.00 % || Gtotal(l=0) ave= 3.395E+02 +/- 0.00 % Gtotal(l=1) ave= 0.000E+00 +/- 0.00 % Gtotal(l=2) ave= 0.000E+00 +/- 0.00 % Gtotal(l=3) ave= 0.000E+00 +/- 0.00 %  % || Gg(l=0) ave= 1.316E-02 +/- 12.93 % Gg(l=1) ave= 0.000E+00 +/- 0.00 % Gg(l=2) ave= 0.000E+00 +/- 0.00 % Gg(l=3) ave= 0.000E+00 +/- 0.00 %  % || D(l=0) ave= 6.315E+04 +/- 0.00 % D(l=1) ave= 0.000E+00 +/- 0.00 % D(l=2) ave= 0.000E+00 +/- 0.00 % D(l=3) ave= 0.000E+00 +/- 0.00 %  % || S(l=0) ave= 2.998E-04 +/- 11.13 % S(l=1) ave= 0.000E+00 +/- 0.00 % S(l=2) ave= 0.000E+00 +/- 0.00 % S(l=3) ave= 0.000E+00 +/- 0.00 % 
 ... random file  127 Cap(th)  ave= 5.925E-04 b. +/- 10.67 % || Ela(th) ave= 6.171E+00 b. +/- 7.58 % || RIcap ave= 4.04E-04 b. +/- 8.65 % || Macs30 ave= 5.02E-05 b. +/- 17.75 % || Gn^0(l=0) ave= 5.452E+01 +/- 11.06 % Gn^0(l=1) ave= 0.000E+00 +/- 0.00 % Gn^0(l=2) ave= 0.000E+00 +/- 0.00 % Gn^0(l=3) ave= 0.000E+00 +/- 0.00 % || Gtotal(l=0) ave= 3.395E+02 +/- 0.00 % Gtotal(l=1) ave= 0.000E+00 +/- 0.00 % Gtotal(l=2) ave= 0.000E+00 +/- 0.00 % Gtotal(l=3) ave= 0.000E+00 +/- 0.00 %  % || Gg(l=0) ave= 1.316E-02 +/- 12.88 % Gg(l=1) ave= 0.000E+00 +/- 0.00 % Gg(l=2) ave= 0.000E+00 +/- 0.00 % Gg(l=3) ave= 0.000E+00 +/- 0.00 %  % || D(l=0) ave= 6.315E+04 +/- 0.00 % D(l=1) ave= 0.000E+00 +/- 0.00 % D(l=2) ave= 0.000E+00 +/- 0.00 % D(l=3) ave= 0.000E+00 +/- 0.00 %  % || S(l=0) ave= 2.998E-04 +/- 11.09 % S(l=1) ave= 0.000E+00 +/- 0.00 % S(l=2) ave= 0.000E+00 +/- 0.00 % S(l=3) ave= 0.000E+00 +/- 0.00 % 
 ... random file  128 Cap(th)  ave= 5.922E-04 b. +/- 10.66 % || Ela(th) ave= 6.174E+00 b. +/- 7.57 % || RIcap ave= 4.03E-04 b. +/- 8.74 % || Macs30 ave= 5.00E-05 b. +/- 17.89 % || Gn^0(l=0) ave= 5.448E+01 +/- 11.08 % Gn^0(l=1) ave= 0.000E+00 +/- 0.00 % Gn^0(l=2) ave= 0.000E+00 +/- 0.00 % Gn^0(l=3) ave= 0.000E+00 +/- 0.00 % || Gtotal(l=0) ave= 3.395E+02 +/- 0.00 % Gtotal(l=1) ave= 0.000E+00 +/- 0.00 % Gtotal(l=2) ave= 0.000E+00 +/- 0.00 % Gtotal(l=3) ave= 0.000E+00 +/- 0.00 %  % || Gg(l=0) ave= 1.314E-02 +/- 12.93 % Gg(l=1) ave= 0.000E+00 +/- 0.00 % Gg(l=2) ave= 0.000E+00 +/- 0.00 % Gg(l=3) ave= 0.000E+00 +/- 0.00 %  % || D(l=0) ave= 6.315E+04 +/- 0.00 % D(l=1) ave= 0.000E+00 +/- 0.00 % D(l=2) ave= 0.000E+00 +/- 0.00 % D(l=3) ave= 0.000E+00 +/- 0.00 %  % || S(l=0) ave= 2.995E-04 +/- 11.10 % S(l=1) ave= 0.000E+00 +/- 0.00 % S(l=2) ave= 0.000E+00 +/- 0.00 % S(l=3) ave= 0.000E+00 +/- 0.00 % 
 ... random file  129 Cap(th)  ave= 5.924E-04 b. +/- 10.63 % || Ela(th) ave= 6.173E+00 b. +/- 7.55 % || RIcap ave= 4.03E-04 b. +/- 8.71 % || Macs30 ave= 5.00E-05 b. +/- 17.85 % || Gn^0(l=0) ave= 5.449E+01 +/- 11.03 % Gn^0(l=1) ave= 0.000E+00 +/- 0.00 % Gn^0(l=2) ave= 0.000E+00 +/- 0.00 % Gn^0(l=3) ave= 0.000E+00 +/- 0.00 % || Gtotal(l=0) ave= 3.395E+02 +/- 0.00 % Gtotal(l=1) ave= 0.000E+00 +/- 0.00 % Gtotal(l=2) ave= 0.000E+00 +/- 0.00 % Gtotal(l=3) ave= 0.000E+00 +/- 0.00 %  % || Gg(l=0) ave= 1.314E-02 +/- 12.90 % Gg(l=1) ave= 0.000E+00 +/- 0.00 % Gg(l=2) ave= 0.000E+00 +/- 0.00 % Gg(l=3) ave= 0.000E+00 +/- 0.00 %  % || D(l=0) ave= 6.315E+04 +/- 0.00 % D(l=1) ave= 0.000E+00 +/- 0.00 % D(l=2) ave= 0.000E+00 +/- 0.00 % D(l=3) ave= 0.000E+00 +/- 0.00 %  % || S(l=0) ave= 2.996E-04 +/- 11.06 % S(l=1) ave= 0.000E+00 +/- 0.00 % S(l=2) ave= 0.000E+00 +/- 0.00 % S(l=3) ave= 0.000E+00 +/- 0.00 % 
 ... random file  130 Cap(th)  ave= 5.922E-04 b. +/- 10.60 % || Ela(th) ave= 6.174E+00 b. +/- 7.52 % || RIcap ave= 4.04E-04 b. +/- 8.70 % || Macs30 ave= 5.01E-05 b. +/- 17.90 % || Gn^0(l=0) ave= 5.448E+01 +/- 11.00 % Gn^0(l=1) ave= 0.000E+00 +/- 0.00 % Gn^0(l=2) ave= 0.000E+00 +/- 0.00 % Gn^0(l=3) ave= 0.000E+00 +/- 0.00 % || Gtotal(l=0) ave= 3.395E+02 +/- 0.00 % Gtotal(l=1) ave= 0.000E+00 +/- 0.00 % Gtotal(l=2) ave= 0.000E+00 +/- 0.00 % Gtotal(l=3) ave= 0.000E+00 +/- 0.00 %  % || Gg(l=0) ave= 1.317E-02 +/- 13.06 % Gg(l=1) ave= 0.000E+00 +/- 0.00 % Gg(l=2) ave= 0.000E+00 +/- 0.00 % Gg(l=3) ave= 0.000E+00 +/- 0.00 %  % || D(l=0) ave= 6.315E+04 +/- 0.00 % D(l=1) ave= 0.000E+00 +/- 0.00 % D(l=2) ave= 0.000E+00 +/- 0.00 % D(l=3) ave= 0.000E+00 +/- 0.00 %  % || S(l=0) ave= 2.995E-04 +/- 11.02 % S(l=1) ave= 0.000E+00 +/- 0.00 % S(l=2) ave= 0.000E+00 +/- 0.00 % S(l=3) ave= 0.000E+00 +/- 0.00 % 
 ... random file  131 Cap(th)  ave= 5.926E-04 b. +/- 10.57 % || Ela(th) ave= 6.174E+00 b. +/- 7.49 % || RIcap ave= 4.04E-04 b. +/- 8.68 % || Macs30 ave= 5.01E-05 b. +/- 17.83 % || Gn^0(l=0) ave= 5.448E+01 +/- 10.95 % Gn^0(l=1) ave= 0.000E+00 +/- 0.00 % Gn^0(l=2) ave= 0.000E+00 +/- 0.00 % Gn^0(l=3) ave= 0.000E+00 +/- 0.00 % || Gtotal(l=0) ave= 3.395E+02 +/- 0.00 % Gtotal(l=1) ave= 0.000E+00 +/- 0.00 % Gtotal(l=2) ave= 0.000E+00 +/- 0.00 % Gtotal(l=3) ave= 0.000E+00 +/- 0.00 %  % || Gg(l=0) ave= 1.316E-02 +/- 13.03 % Gg(l=1) ave= 0.000E+00 +/- 0.00 % Gg(l=2) ave= 0.000E+00 +/- 0.00 % Gg(l=3) ave= 0.000E+00 +/- 0.00 %  % || D(l=0) ave= 6.315E+04 +/- 0.00 % D(l=1) ave= 0.000E+00 +/- 0.00 % D(l=2) ave= 0.000E+00 +/- 0.00 % D(l=3) ave= 0.000E+00 +/- 0.00 %  % || S(l=0) ave= 2.995E-04 +/- 10.98 % S(l=1) ave= 0.000E+00 +/- 0.00 % S(l=2) ave= 0.000E+00 +/- 0.00 % S(l=3) ave= 0.000E+00 +/- 0.00 % 
 ... random file  132 Cap(th)  ave= 5.929E-04 b. +/- 10.55 % || Ela(th) ave= 6.175E+00 b. +/- 7.46 % || RIcap ave= 4.04E-04 b. +/- 8.67 % || Macs30 ave= 5.02E-05 b. +/- 17.79 % || Gn^0(l=0) ave= 5.446E+01 +/- 10.92 % Gn^0(l=1) ave= 0.000E+00 +/- 0.00 % Gn^0(l=2) ave= 0.000E+00 +/- 0.00 % Gn^0(l=3) ave= 0.000E+00 +/- 0.00 % || Gtotal(l=0) ave= 3.395E+02 +/- 0.00 % Gtotal(l=1) ave= 0.000E+00 +/- 0.00 % Gtotal(l=2) ave= 0.000E+00 +/- 0.00 % Gtotal(l=3) ave= 0.000E+00 +/- 0.00 %  % || Gg(l=0) ave= 1.318E-02 +/- 13.10 % Gg(l=1) ave= 0.000E+00 +/- 0.00 % Gg(l=2) ave= 0.000E+00 +/- 0.00 % Gg(l=3) ave= 0.000E+00 +/- 0.00 %  % || D(l=0) ave= 6.315E+04 +/- 0.00 % D(l=1) ave= 0.000E+00 +/- 0.00 % D(l=2) ave= 0.000E+00 +/- 0.00 % D(l=3) ave= 0.000E+00 +/- 0.00 %  % || S(l=0) ave= 2.994E-04 +/- 10.95 % S(l=1) ave= 0.000E+00 +/- 0.00 % S(l=2) ave= 0.000E+00 +/- 0.00 % S(l=3) ave= 0.000E+00 +/- 0.00 % 
 ... random file  133 Cap(th)  ave= 5.929E-04 b. +/- 10.51 % || Ela(th) ave= 6.177E+00 b. +/- 7.44 % || RIcap ave= 4.04E-04 b. +/- 8.65 % || Macs30 ave= 5.02E-05 b. +/- 17.75 % || Gn^0(l=0) ave= 5.443E+01 +/- 10.91 % Gn^0(l=1) ave= 0.000E+00 +/- 0.00 % Gn^0(l=2) ave= 0.000E+00 +/- 0.00 % Gn^0(l=3) ave= 0.000E+00 +/- 0.00 % || Gtotal(l=0) ave= 3.395E+02 +/- 0.00 % Gtotal(l=1) ave= 0.000E+00 +/- 0.00 % Gtotal(l=2) ave= 0.000E+00 +/- 0.00 % Gtotal(l=3) ave= 0.000E+00 +/- 0.00 %  % || Gg(l=0) ave= 1.318E-02 +/- 13.05 % Gg(l=1) ave= 0.000E+00 +/- 0.00 % Gg(l=2) ave= 0.000E+00 +/- 0.00 % Gg(l=3) ave= 0.000E+00 +/- 0.00 %  % || D(l=0) ave= 6.315E+04 +/- 0.00 % D(l=1) ave= 0.000E+00 +/- 0.00 % D(l=2) ave= 0.000E+00 +/- 0.00 % D(l=3) ave= 0.000E+00 +/- 0.00 %  % || S(l=0) ave= 2.993E-04 +/- 10.93 % S(l=1) ave= 0.000E+00 +/- 0.00 % S(l=2) ave= 0.000E+00 +/- 0.00 % S(l=3) ave= 0.000E+00 +/- 0.00 % 
 ... random file  134 Cap(th)  ave= 5.926E-04 b. +/- 10.49 % || Ela(th) ave= 6.180E+00 b. +/- 7.44 % || RIcap ave= 4.04E-04 b. +/- 8.62 % || Macs30 ave= 5.02E-05 b. +/- 17.69 % || Gn^0(l=0) ave= 5.439E+01 +/- 10.91 % Gn^0(l=1) ave= 0.000E+00 +/- 0.00 % Gn^0(l=2) ave= 0.000E+00 +/- 0.00 % Gn^0(l=3) ave= 0.000E+00 +/- 0.00 % || Gtotal(l=0) ave= 3.395E+02 +/- 0.00 % Gtotal(l=1) ave= 0.000E+00 +/- 0.00 % Gtotal(l=2) ave= 0.000E+00 +/- 0.00 % Gtotal(l=3) ave= 0.000E+00 +/- 0.00 %  % || Gg(l=0) ave= 1.318E-02 +/- 13.03 % Gg(l=1) ave= 0.000E+00 +/- 0.00 % Gg(l=2) ave= 0.000E+00 +/- 0.00 % Gg(l=3) ave= 0.000E+00 +/- 0.00 %  % || D(l=0) ave= 6.315E+04 +/- 0.00 % D(l=1) ave= 0.000E+00 +/- 0.00 % D(l=2) ave= 0.000E+00 +/- 0.00 % D(l=3) ave= 0.000E+00 +/- 0.00 %  % || S(l=0) ave= 2.990E-04 +/- 10.94 % S(l=1) ave= 0.000E+00 +/- 0.00 % S(l=2) ave= 0.000E+00 +/- 0.00 % S(l=3) ave= 0.000E+00 +/- 0.00 % 
 ... random file  135 Cap(th)  ave= 5.923E-04 b. +/- 10.47 % || Ela(th) ave= 6.182E+00 b. +/- 7.42 % || RIcap ave= 4.04E-04 b. +/- 8.59 % || Macs30 ave= 5.03E-05 b. +/- 17.66 % || Gn^0(l=0) ave= 5.436E+01 +/- 10.90 % Gn^0(l=1) ave= 0.000E+00 +/- 0.00 % Gn^0(l=2) ave= 0.000E+00 +/- 0.00 % Gn^0(l=3) ave= 0.000E+00 +/- 0.00 % || Gtotal(l=0) ave= 3.395E+02 +/- 0.00 % Gtotal(l=1) ave= 0.000E+00 +/- 0.00 % Gtotal(l=2) ave= 0.000E+00 +/- 0.00 % Gtotal(l=3) ave= 0.000E+00 +/- 0.00 %  % || Gg(l=0) ave= 1.319E-02 +/- 13.05 % Gg(l=1) ave= 0.000E+00 +/- 0.00 % Gg(l=2) ave= 0.000E+00 +/- 0.00 % Gg(l=3) ave= 0.000E+00 +/- 0.00 %  % || D(l=0) ave= 6.315E+04 +/- 0.00 % D(l=1) ave= 0.000E+00 +/- 0.00 % D(l=2) ave= 0.000E+00 +/- 0.00 % D(l=3) ave= 0.000E+00 +/- 0.00 %  % || S(l=0) ave= 2.989E-04 +/- 10.92 % S(l=1) ave= 0.000E+00 +/- 0.00 % S(l=2) ave= 0.000E+00 +/- 0.00 % S(l=3) ave= 0.000E+00 +/- 0.00 % 
 ... random file  136 Cap(th)  ave= 5.918E-04 b. +/- 10.49 % || Ela(th) ave= 6.186E+00 b. +/- 7.41 % || RIcap ave= 4.04E-04 b. +/- 8.63 % || Macs30 ave= 5.03E-05 b. +/- 17.63 % || Gn^0(l=0) ave= 5.432E+01 +/- 10.90 % Gn^0(l=1) ave= 0.000E+00 +/- 0.00 % Gn^0(l=2) ave= 0.000E+00 +/- 0.00 % Gn^0(l=3) ave= 0.000E+00 +/- 0.00 % || Gtotal(l=0) ave= 3.395E+02 +/- 0.00 % Gtotal(l=1) ave= 0.000E+00 +/- 0.00 % Gtotal(l=2) ave= 0.000E+00 +/- 0.00 % Gtotal(l=3) ave= 0.000E+00 +/- 0.00 %  % || Gg(l=0) ave= 1.319E-02 +/- 13.01 % Gg(l=1) ave= 0.000E+00 +/- 0.00 % Gg(l=2) ave= 0.000E+00 +/- 0.00 % Gg(l=3) ave= 0.000E+00 +/- 0.00 %  % || D(l=0) ave= 6.315E+04 +/- 0.00 % D(l=1) ave= 0.000E+00 +/- 0.00 % D(l=2) ave= 0.000E+00 +/- 0.00 % D(l=3) ave= 0.000E+00 +/- 0.00 %  % || S(l=0) ave= 2.986E-04 +/- 10.93 % S(l=1) ave= 0.000E+00 +/- 0.00 % S(l=2) ave= 0.000E+00 +/- 0.00 % S(l=3) ave= 0.000E+00 +/- 0.00 % 
 ... random file  137 Cap(th)  ave= 5.922E-04 b. +/- 10.47 % || Ela(th) ave= 6.185E+00 b. +/- 7.39 % || RIcap ave= 4.04E-04 b. +/- 8.67 % || Macs30 ave= 5.03E-05 b. +/- 17.63 % || Gn^0(l=0) ave= 5.433E+01 +/- 10.86 % Gn^0(l=1) ave= 0.000E+00 +/- 0.00 % Gn^0(l=2) ave= 0.000E+00 +/- 0.00 % Gn^0(l=3) ave= 0.000E+00 +/- 0.00 % || Gtotal(l=0) ave= 3.395E+02 +/- 0.00 % Gtotal(l=1) ave= 0.000E+00 +/- 0.00 % Gtotal(l=2) ave= 0.000E+00 +/- 0.00 % Gtotal(l=3) ave= 0.000E+00 +/- 0.00 %  % || Gg(l=0) ave= 1.320E-02 +/- 12.97 % Gg(l=1) ave= 0.000E+00 +/- 0.00 % Gg(l=2) ave= 0.000E+00 +/- 0.00 % Gg(l=3) ave= 0.000E+00 +/- 0.00 %  % || D(l=0) ave= 6.315E+04 +/- 0.00 % D(l=1) ave= 0.000E+00 +/- 0.00 % D(l=2) ave= 0.000E+00 +/- 0.00 % D(l=3) ave= 0.000E+00 +/- 0.00 %  % || S(l=0) ave= 2.987E-04 +/- 10.89 % S(l=1) ave= 0.000E+00 +/- 0.00 % S(l=2) ave= 0.000E+00 +/- 0.00 % S(l=3) ave= 0.000E+00 +/- 0.00 % 
 ... random file  138 Cap(th)  ave= 5.914E-04 b. +/- 10.55 % || Ela(th) ave= 6.182E+00 b. +/- 7.38 % || RIcap ave= 4.04E-04 b. +/- 8.78 % || Macs30 ave= 5.03E-05 b. +/- 17.65 % || Gn^0(l=0) ave= 5.435E+01 +/- 10.83 % Gn^0(l=1) ave= 0.000E+00 +/- 0.00 % Gn^0(l=2) ave= 0.000E+00 +/- 0.00 % Gn^0(l=3) ave= 0.000E+00 +/- 0.00 % || Gtotal(l=0) ave= 3.395E+02 +/- 0.00 % Gtotal(l=1) ave= 0.000E+00 +/- 0.00 % Gtotal(l=2) ave= 0.000E+00 +/- 0.00 % Gtotal(l=3) ave= 0.000E+00 +/- 0.00 %  % || Gg(l=0) ave= 1.318E-02 +/- 13.00 % Gg(l=1) ave= 0.000E+00 +/- 0.00 % Gg(l=2) ave= 0.000E+00 +/- 0.00 % Gg(l=3) ave= 0.000E+00 +/- 0.00 %  % || D(l=0) ave= 6.315E+04 +/- 0.00 % D(l=1) ave= 0.000E+00 +/- 0.00 % D(l=2) ave= 0.000E+00 +/- 0.00 % D(l=3) ave= 0.000E+00 +/- 0.00 %  % || S(l=0) ave= 2.988E-04 +/- 10.86 % S(l=1) ave= 0.000E+00 +/- 0.00 % S(l=2) ave= 0.000E+00 +/- 0.00 % S(l=3) ave= 0.000E+00 +/- 0.00 % 
 ... random file  139 Cap(th)  ave= 5.913E-04 b. +/- 10.52 % || Ela(th) ave= 6.181E+00 b. +/- 7.36 % || RIcap ave= 4.04E-04 b. +/- 8.76 % || Macs30 ave= 5.03E-05 b. +/- 17.59 % || Gn^0(l=0) ave= 5.437E+01 +/- 10.80 % Gn^0(l=1) ave= 0.000E+00 +/- 0.00 % Gn^0(l=2) ave= 0.000E+00 +/- 0.00 % Gn^0(l=3) ave= 0.000E+00 +/- 0.00 % || Gtotal(l=0) ave= 3.395E+02 +/- 0.00 % Gtotal(l=1) ave= 0.000E+00 +/- 0.00 % Gtotal(l=2) ave= 0.000E+00 +/- 0.00 % Gtotal(l=3) ave= 0.000E+00 +/- 0.00 %  % || Gg(l=0) ave= 1.319E-02 +/- 12.95 % Gg(l=1) ave= 0.000E+00 +/- 0.00 % Gg(l=2) ave= 0.000E+00 +/- 0.00 % Gg(l=3) ave= 0.000E+00 +/- 0.00 %  % || D(l=0) ave= 6.315E+04 +/- 0.00 % D(l=1) ave= 0.000E+00 +/- 0.00 % D(l=2) ave= 0.000E+00 +/- 0.00 % D(l=3) ave= 0.000E+00 +/- 0.00 %  % || S(l=0) ave= 2.989E-04 +/- 10.82 % S(l=1) ave= 0.000E+00 +/- 0.00 % S(l=2) ave= 0.000E+00 +/- 0.00 % S(l=3) ave= 0.000E+00 +/- 0.00 % 
 ... random file  140 Cap(th)  ave= 5.912E-04 b. +/- 10.48 % || Ela(th) ave= 6.177E+00 b. +/- 7.36 % || RIcap ave= 4.04E-04 b. +/- 8.73 % || Macs30 ave= 5.03E-05 b. +/- 17.53 % || Gn^0(l=0) ave= 5.441E+01 +/- 10.79 % Gn^0(l=1) ave= 0.000E+00 +/- 0.00 % Gn^0(l=2) ave= 0.000E+00 +/- 0.00 % Gn^0(l=3) ave= 0.000E+00 +/- 0.00 % || Gtotal(l=0) ave= 3.395E+02 +/- 0.00 % Gtotal(l=1) ave= 0.000E+00 +/- 0.00 % Gtotal(l=2) ave= 0.000E+00 +/- 0.00 % Gtotal(l=3) ave= 0.000E+00 +/- 0.00 %  % || Gg(l=0) ave= 1.319E-02 +/- 12.91 % Gg(l=1) ave= 0.000E+00 +/- 0.00 % Gg(l=2) ave= 0.000E+00 +/- 0.00 % Gg(l=3) ave= 0.000E+00 +/- 0.00 %  % || D(l=0) ave= 6.315E+04 +/- 0.00 % D(l=1) ave= 0.000E+00 +/- 0.00 % D(l=2) ave= 0.000E+00 +/- 0.00 % D(l=3) ave= 0.000E+00 +/- 0.00 %  % || S(l=0) ave= 2.992E-04 +/- 10.81 % S(l=1) ave= 0.000E+00 +/- 0.00 % S(l=2) ave= 0.000E+00 +/- 0.00 % S(l=3) ave= 0.000E+00 +/- 0.00 % 
 ... random file  141 Cap(th)  ave= 5.911E-04 b. +/- 10.45 % || Ela(th) ave= 6.177E+00 b. +/- 7.34 % || RIcap ave= 4.04E-04 b. +/- 8.71 % || Macs30 ave= 5.04E-05 b. +/- 17.53 % || Gn^0(l=0) ave= 5.441E+01 +/- 10.75 % Gn^0(l=1) ave= 0.000E+00 +/- 0.00 % Gn^0(l=2) ave= 0.000E+00 +/- 0.00 % Gn^0(l=3) ave= 0.000E+00 +/- 0.00 % || Gtotal(l=0) ave= 3.395E+02 +/- 0.00 % Gtotal(l=1) ave= 0.000E+00 +/- 0.00 % Gtotal(l=2) ave= 0.000E+00 +/- 0.00 % Gtotal(l=3) ave= 0.000E+00 +/- 0.00 %  % || Gg(l=0) ave= 1.320E-02 +/- 12.90 % Gg(l=1) ave= 0.000E+00 +/- 0.00 % Gg(l=2) ave= 0.000E+00 +/- 0.00 % Gg(l=3) ave= 0.000E+00 +/- 0.00 %  % || D(l=0) ave= 6.315E+04 +/- 0.00 % D(l=1) ave= 0.000E+00 +/- 0.00 % D(l=2) ave= 0.000E+00 +/- 0.00 % D(l=3) ave= 0.000E+00 +/- 0.00 %  % || S(l=0) ave= 2.992E-04 +/- 10.78 % S(l=1) ave= 0.000E+00 +/- 0.00 % S(l=2) ave= 0.000E+00 +/- 0.00 % S(l=3) ave= 0.000E+00 +/- 0.00 % 
 ... random file  142 Cap(th)  ave= 5.905E-04 b. +/- 10.51 % || Ela(th) ave= 6.177E+00 b. +/- 7.31 % || RIcap ave= 4.04E-04 b. +/- 8.74 % || Macs30 ave= 5.03E-05 b. +/- 17.48 % || Gn^0(l=0) ave= 5.440E+01 +/- 10.71 % Gn^0(l=1) ave= 0.000E+00 +/- 0.00 % Gn^0(l=2) ave= 0.000E+00 +/- 0.00 % Gn^0(l=3) ave= 0.000E+00 +/- 0.00 % || Gtotal(l=0) ave= 3.395E+02 +/- 0.00 % Gtotal(l=1) ave= 0.000E+00 +/- 0.00 % Gtotal(l=2) ave= 0.000E+00 +/- 0.00 % Gtotal(l=3) ave= 0.000E+00 +/- 0.00 %  % || Gg(l=0) ave= 1.319E-02 +/- 12.93 % Gg(l=1) ave= 0.000E+00 +/- 0.00 % Gg(l=2) ave= 0.000E+00 +/- 0.00 % Gg(l=3) ave= 0.000E+00 +/- 0.00 %  % || D(l=0) ave= 6.315E+04 +/- 0.00 % D(l=1) ave= 0.000E+00 +/- 0.00 % D(l=2) ave= 0.000E+00 +/- 0.00 % D(l=3) ave= 0.000E+00 +/- 0.00 %  % || S(l=0) ave= 2.991E-04 +/- 10.74 % S(l=1) ave= 0.000E+00 +/- 0.00 % S(l=2) ave= 0.000E+00 +/- 0.00 % S(l=3) ave= 0.000E+00 +/- 0.00 % 
 ... random file  143 Cap(th)  ave= 5.907E-04 b. +/- 10.47 % || Ela(th) ave= 6.176E+00 b. +/- 7.29 % || RIcap ave= 4.03E-04 b. +/- 8.75 % || Macs30 ave= 5.02E-05 b. +/- 17.62 % || Gn^0(l=0) ave= 5.441E+01 +/- 10.68 % Gn^0(l=1) ave= 0.000E+00 +/- 0.00 % Gn^0(l=2) ave= 0.000E+00 +/- 0.00 % Gn^0(l=3) ave= 0.000E+00 +/- 0.00 % || Gtotal(l=0) ave= 3.395E+02 +/- 0.00 % Gtotal(l=1) ave= 0.000E+00 +/- 0.00 % Gtotal(l=2) ave= 0.000E+00 +/- 0.00 % Gtotal(l=3) ave= 0.000E+00 +/- 0.00 %  % || Gg(l=0) ave= 1.318E-02 +/- 12.93 % Gg(l=1) ave= 0.000E+00 +/- 0.00 % Gg(l=2) ave= 0.000E+00 +/- 0.00 % Gg(l=3) ave= 0.000E+00 +/- 0.00 %  % || D(l=0) ave= 6.315E+04 +/- 0.00 % D(l=1) ave= 0.000E+00 +/- 0.00 % D(l=2) ave= 0.000E+00 +/- 0.00 % D(l=3) ave= 0.000E+00 +/- 0.00 %  % || S(l=0) ave= 2.992E-04 +/- 10.70 % S(l=1) ave= 0.000E+00 +/- 0.00 % S(l=2) ave= 0.000E+00 +/- 0.00 % S(l=3) ave= 0.000E+00 +/- 0.00 % 
 ... random file  144 Cap(th)  ave= 5.900E-04 b. +/- 10.54 % || Ela(th) ave= 6.174E+00 b. +/- 7.28 % || RIcap ave= 4.03E-04 b. +/- 8.79 % || Macs30 ave= 5.02E-05 b. +/- 17.57 % || Gn^0(l=0) ave= 5.443E+01 +/- 10.65 % Gn^0(l=1) ave= 0.000E+00 +/- 0.00 % Gn^0(l=2) ave= 0.000E+00 +/- 0.00 % Gn^0(l=3) ave= 0.000E+00 +/- 0.00 % || Gtotal(l=0) ave= 3.395E+02 +/- 0.00 % Gtotal(l=1) ave= 0.000E+00 +/- 0.00 % Gtotal(l=2) ave= 0.000E+00 +/- 0.00 % Gtotal(l=3) ave= 0.000E+00 +/- 0.00 %  % || Gg(l=0) ave= 1.317E-02 +/- 12.90 % Gg(l=1) ave= 0.000E+00 +/- 0.00 % Gg(l=2) ave= 0.000E+00 +/- 0.00 % Gg(l=3) ave= 0.000E+00 +/- 0.00 %  % || D(l=0) ave= 6.315E+04 +/- 0.00 % D(l=1) ave= 0.000E+00 +/- 0.00 % D(l=2) ave= 0.000E+00 +/- 0.00 % D(l=3) ave= 0.000E+00 +/- 0.00 %  % || S(l=0) ave= 2.993E-04 +/- 10.67 % S(l=1) ave= 0.000E+00 +/- 0.00 % S(l=2) ave= 0.000E+00 +/- 0.00 % S(l=3) ave= 0.000E+00 +/- 0.00 % 
 ... random file  145 Cap(th)  ave= 5.895E-04 b. +/- 10.55 % || Ela(th) ave= 6.172E+00 b. +/- 7.28 % || RIcap ave= 4.03E-04 b. +/- 8.83 % || Macs30 ave= 5.02E-05 b. +/- 17.57 % || Gn^0(l=0) ave= 5.447E+01 +/- 10.64 % Gn^0(l=1) ave= 0.000E+00 +/- 0.00 % Gn^0(l=2) ave= 0.000E+00 +/- 0.00 % Gn^0(l=3) ave= 0.000E+00 +/- 0.00 % || Gtotal(l=0) ave= 3.395E+02 +/- 0.00 % Gtotal(l=1) ave= 0.000E+00 +/- 0.00 % Gtotal(l=2) ave= 0.000E+00 +/- 0.00 % Gtotal(l=3) ave= 0.000E+00 +/- 0.00 %  % || Gg(l=0) ave= 1.317E-02 +/- 12.87 % Gg(l=1) ave= 0.000E+00 +/- 0.00 % Gg(l=2) ave= 0.000E+00 +/- 0.00 % Gg(l=3) ave= 0.000E+00 +/- 0.00 %  % || D(l=0) ave= 6.315E+04 +/- 0.00 % D(l=1) ave= 0.000E+00 +/- 0.00 % D(l=2) ave= 0.000E+00 +/- 0.00 % D(l=3) ave= 0.000E+00 +/- 0.00 %  % || S(l=0) ave= 2.995E-04 +/- 10.67 % S(l=1) ave= 0.000E+00 +/- 0.00 % S(l=2) ave= 0.000E+00 +/- 0.00 % S(l=3) ave= 0.000E+00 +/- 0.00 % 
 ... random file  146 Cap(th)  ave= 5.896E-04 b. +/- 10.52 % || Ela(th) ave= 6.168E+00 b. +/- 7.28 % || RIcap ave= 4.03E-04 b. +/- 8.81 % || Macs30 ave= 5.02E-05 b. +/- 17.54 % || Gn^0(l=0) ave= 5.451E+01 +/- 10.63 % Gn^0(l=1) ave= 0.000E+00 +/- 0.00 % Gn^0(l=2) ave= 0.000E+00 +/- 0.00 % Gn^0(l=3) ave= 0.000E+00 +/- 0.00 % || Gtotal(l=0) ave= 3.395E+02 +/- 0.00 % Gtotal(l=1) ave= 0.000E+00 +/- 0.00 % Gtotal(l=2) ave= 0.000E+00 +/- 0.00 % Gtotal(l=3) ave= 0.000E+00 +/- 0.00 %  % || Gg(l=0) ave= 1.318E-02 +/- 12.86 % Gg(l=1) ave= 0.000E+00 +/- 0.00 % Gg(l=2) ave= 0.000E+00 +/- 0.00 % Gg(l=3) ave= 0.000E+00 +/- 0.00 %  % || D(l=0) ave= 6.315E+04 +/- 0.00 % D(l=1) ave= 0.000E+00 +/- 0.00 % D(l=2) ave= 0.000E+00 +/- 0.00 % D(l=3) ave= 0.000E+00 +/- 0.00 %  % || S(l=0) ave= 2.997E-04 +/- 10.66 % S(l=1) ave= 0.000E+00 +/- 0.00 % S(l=2) ave= 0.000E+00 +/- 0.00 % S(l=3) ave= 0.000E+00 +/- 0.00 % 
 ... random file  147 Cap(th)  ave= 5.906E-04 b. +/- 10.69 % || Ela(th) ave= 6.168E+00 b. +/- 7.26 % || RIcap ave= 4.03E-04 b. +/- 8.88 % || Macs30 ave= 5.02E-05 b. +/- 17.48 % || Gn^0(l=0) ave= 5.452E+01 +/- 10.60 % Gn^0(l=1) ave= 0.000E+00 +/- 0.00 % Gn^0(l=2) ave= 0.000E+00 +/- 0.00 % Gn^0(l=3) ave= 0.000E+00 +/- 0.00 % || Gtotal(l=0) ave= 3.395E+02 +/- 0.00 % Gtotal(l=1) ave= 0.000E+00 +/- 0.00 % Gtotal(l=2) ave= 0.000E+00 +/- 0.00 % Gtotal(l=3) ave= 0.000E+00 +/- 0.00 %  % || Gg(l=0) ave= 1.317E-02 +/- 12.85 % Gg(l=1) ave= 0.000E+00 +/- 0.00 % Gg(l=2) ave= 0.000E+00 +/- 0.00 % Gg(l=3) ave= 0.000E+00 +/- 0.00 %  % || D(l=0) ave= 6.315E+04 +/- 0.00 % D(l=1) ave= 0.000E+00 +/- 0.00 % D(l=2) ave= 0.000E+00 +/- 0.00 % D(l=3) ave= 0.000E+00 +/- 0.00 %  % || S(l=0) ave= 2.997E-04 +/- 10.62 % S(l=1) ave= 0.000E+00 +/- 0.00 % S(l=2) ave= 0.000E+00 +/- 0.00 % S(l=3) ave= 0.000E+00 +/- 0.00 % 
 ... random file  148 Cap(th)  ave= 5.913E-04 b. +/- 10.73 % || Ela(th) ave= 6.165E+00 b. +/- 7.27 % || RIcap ave= 4.03E-04 b. +/- 8.85 % || Macs30 ave= 5.01E-05 b. +/- 17.57 % || Gn^0(l=0) ave= 5.455E+01 +/- 10.59 % Gn^0(l=1) ave= 0.000E+00 +/- 0.00 % Gn^0(l=2) ave= 0.000E+00 +/- 0.00 % Gn^0(l=3) ave= 0.000E+00 +/- 0.00 % || Gtotal(l=0) ave= 3.395E+02 +/- 0.00 % Gtotal(l=1) ave= 0.000E+00 +/- 0.00 % Gtotal(l=2) ave= 0.000E+00 +/- 0.00 % Gtotal(l=3) ave= 0.000E+00 +/- 0.00 %  % || Gg(l=0) ave= 1.316E-02 +/- 12.83 % Gg(l=1) ave= 0.000E+00 +/- 0.00 % Gg(l=2) ave= 0.000E+00 +/- 0.00 % Gg(l=3) ave= 0.000E+00 +/- 0.00 %  % || D(l=0) ave= 6.315E+04 +/- 0.00 % D(l=1) ave= 0.000E+00 +/- 0.00 % D(l=2) ave= 0.000E+00 +/- 0.00 % D(l=3) ave= 0.000E+00 +/- 0.00 %  % || S(l=0) ave= 3.000E-04 +/- 10.61 % S(l=1) ave= 0.000E+00 +/- 0.00 % S(l=2) ave= 0.000E+00 +/- 0.00 % S(l=3) ave= 0.000E+00 +/- 0.00 % 
 ... random file  149 Cap(th)  ave= 5.914E-04 b. +/- 10.70 % || Ela(th) ave= 6.167E+00 b. +/- 7.25 % || RIcap ave= 4.03E-04 b. +/- 8.85 % || Macs30 ave= 5.01E-05 b. +/- 17.66 % || Gn^0(l=0) ave= 5.452E+01 +/- 10.58 % Gn^0(l=1) ave= 0.000E+00 +/- 0.00 % Gn^0(l=2) ave= 0.000E+00 +/- 0.00 % Gn^0(l=3) ave= 0.000E+00 +/- 0.00 % || Gtotal(l=0) ave= 3.395E+02 +/- 0.00 % Gtotal(l=1) ave= 0.000E+00 +/- 0.00 % Gtotal(l=2) ave= 0.000E+00 +/- 0.00 % Gtotal(l=3) ave= 0.000E+00 +/- 0.00 %  % || Gg(l=0) ave= 1.314E-02 +/- 12.95 % Gg(l=1) ave= 0.000E+00 +/- 0.00 % Gg(l=2) ave= 0.000E+00 +/- 0.00 % Gg(l=3) ave= 0.000E+00 +/- 0.00 %  % || D(l=0) ave= 6.315E+04 +/- 0.00 % D(l=1) ave= 0.000E+00 +/- 0.00 % D(l=2) ave= 0.000E+00 +/- 0.00 % D(l=3) ave= 0.000E+00 +/- 0.00 %  % || S(l=0) ave= 2.998E-04 +/- 10.61 % S(l=1) ave= 0.000E+00 +/- 0.00 % S(l=2) ave= 0.000E+00 +/- 0.00 % S(l=3) ave= 0.000E+00 +/- 0.00 % 
 ... random file  150 Cap(th)  ave= 5.921E-04 b. +/- 10.75 % || Ela(th) ave= 6.169E+00 b. +/- 7.23 % || RIcap ave= 4.03E-04 b. +/- 8.85 % || Macs30 ave= 5.00E-05 b. +/- 17.61 % || Gn^0(l=0) ave= 5.450E+01 +/- 10.57 % Gn^0(l=1) ave= 0.000E+00 +/- 0.00 % Gn^0(l=2) ave= 0.000E+00 +/- 0.00 % Gn^0(l=3) ave= 0.000E+00 +/- 0.00 % || Gtotal(l=0) ave= 3.395E+02 +/- 0.00 % Gtotal(l=1) ave= 0.000E+00 +/- 0.00 % Gtotal(l=2) ave= 0.000E+00 +/- 0.00 % Gtotal(l=3) ave= 0.000E+00 +/- 0.00 %  % || Gg(l=0) ave= 1.314E-02 +/- 12.91 % Gg(l=1) ave= 0.000E+00 +/- 0.00 % Gg(l=2) ave= 0.000E+00 +/- 0.00 % Gg(l=3) ave= 0.000E+00 +/- 0.00 %  % || D(l=0) ave= 6.315E+04 +/- 0.00 % D(l=1) ave= 0.000E+00 +/- 0.00 % D(l=2) ave= 0.000E+00 +/- 0.00 % D(l=3) ave= 0.000E+00 +/- 0.00 %  % || S(l=0) ave= 2.997E-04 +/- 10.59 % S(l=1) ave= 0.000E+00 +/- 0.00 % S(l=2) ave= 0.000E+00 +/- 0.00 % S(l=3) ave= 0.000E+00 +/- 0.00 % 
 ... random file  151 Cap(th)  ave= 5.923E-04 b. +/- 10.72 % || Ela(th) ave= 6.171E+00 b. +/- 7.22 % || RIcap ave= 4.03E-04 b. +/- 8.82 % || Macs30 ave= 5.00E-05 b. +/- 17.56 % || Gn^0(l=0) ave= 5.446E+01 +/- 10.57 % Gn^0(l=1) ave= 0.000E+00 +/- 0.00 % Gn^0(l=2) ave= 0.000E+00 +/- 0.00 % Gn^0(l=3) ave= 0.000E+00 +/- 0.00 % || Gtotal(l=0) ave= 3.395E+02 +/- 0.00 % Gtotal(l=1) ave= 0.000E+00 +/- 0.00 % Gtotal(l=2) ave= 0.000E+00 +/- 0.00 % Gtotal(l=3) ave= 0.000E+00 +/- 0.00 %  % || Gg(l=0) ave= 1.313E-02 +/- 12.90 % Gg(l=1) ave= 0.000E+00 +/- 0.00 % Gg(l=2) ave= 0.000E+00 +/- 0.00 % Gg(l=3) ave= 0.000E+00 +/- 0.00 %  % || D(l=0) ave= 6.315E+04 +/- 0.00 % D(l=1) ave= 0.000E+00 +/- 0.00 % D(l=2) ave= 0.000E+00 +/- 0.00 % D(l=3) ave= 0.000E+00 +/- 0.00 %  % || S(l=0) ave= 2.995E-04 +/- 10.59 % S(l=1) ave= 0.000E+00 +/- 0.00 % S(l=2) ave= 0.000E+00 +/- 0.00 % S(l=3) ave= 0.000E+00 +/- 0.00 % 
 ... random file  152 Cap(th)  ave= 5.919E-04 b. +/- 10.73 % || Ela(th) ave= 6.172E+00 b. +/- 7.20 % || RIcap ave= 4.03E-04 b. +/- 8.87 % || Macs30 ave= 5.00E-05 b. +/- 17.58 % || Gn^0(l=0) ave= 5.445E+01 +/- 10.54 % Gn^0(l=1) ave= 0.000E+00 +/- 0.00 % Gn^0(l=2) ave= 0.000E+00 +/- 0.00 % Gn^0(l=3) ave= 0.000E+00 +/- 0.00 % || Gtotal(l=0) ave= 3.395E+02 +/- 0.00 % Gtotal(l=1) ave= 0.000E+00 +/- 0.00 % Gtotal(l=2) ave= 0.000E+00 +/- 0.00 % Gtotal(l=3) ave= 0.000E+00 +/- 0.00 %  % || Gg(l=0) ave= 1.312E-02 +/- 12.97 % Gg(l=1) ave= 0.000E+00 +/- 0.00 % Gg(l=2) ave= 0.000E+00 +/- 0.00 % Gg(l=3) ave= 0.000E+00 +/- 0.00 %  % || D(l=0) ave= 6.315E+04 +/- 0.00 % D(l=1) ave= 0.000E+00 +/- 0.00 % D(l=2) ave= 0.000E+00 +/- 0.00 % D(l=3) ave= 0.000E+00 +/- 0.00 %  % || S(l=0) ave= 2.994E-04 +/- 10.56 % S(l=1) ave= 0.000E+00 +/- 0.00 % S(l=2) ave= 0.000E+00 +/- 0.00 % S(l=3) ave= 0.000E+00 +/- 0.00 % 
 ... random file  153 Cap(th)  ave= 5.914E-04 b. +/- 10.75 % || Ela(th) ave= 6.174E+00 b. +/- 7.20 % || RIcap ave= 4.03E-04 b. +/- 8.86 % || Macs30 ave= 5.01E-05 b. +/- 17.78 % || Gn^0(l=0) ave= 5.442E+01 +/- 10.54 % Gn^0(l=1) ave= 0.000E+00 +/- 0.00 % Gn^0(l=2) ave= 0.000E+00 +/- 0.00 % Gn^0(l=3) ave= 0.000E+00 +/- 0.00 % || Gtotal(l=0) ave= 3.395E+02 +/- 0.00 % Gtotal(l=1) ave= 0.000E+00 +/- 0.00 % Gtotal(l=2) ave= 0.000E+00 +/- 0.00 % Gtotal(l=3) ave= 0.000E+00 +/- 0.00 %  % || Gg(l=0) ave= 1.313E-02 +/- 12.97 % Gg(l=1) ave= 0.000E+00 +/- 0.00 % Gg(l=2) ave= 0.000E+00 +/- 0.00 % Gg(l=3) ave= 0.000E+00 +/- 0.00 %  % || D(l=0) ave= 6.315E+04 +/- 0.00 % D(l=1) ave= 0.000E+00 +/- 0.00 % D(l=2) ave= 0.000E+00 +/- 0.00 % D(l=3) ave= 0.000E+00 +/- 0.00 %  % || S(l=0) ave= 2.992E-04 +/- 10.57 % S(l=1) ave= 0.000E+00 +/- 0.00 % S(l=2) ave= 0.000E+00 +/- 0.00 % S(l=3) ave= 0.000E+00 +/- 0.00 % 
 ... random file  154 Cap(th)  ave= 5.914E-04 b. +/- 10.72 % || Ela(th) ave= 6.174E+00 b. +/- 7.17 % || RIcap ave= 4.03E-04 b. +/- 8.84 % || Macs30 ave= 5.01E-05 b. +/- 17.73 % || Gn^0(l=0) ave= 5.442E+01 +/- 10.51 % Gn^0(l=1) ave= 0.000E+00 +/- 0.00 % Gn^0(l=2) ave= 0.000E+00 +/- 0.00 % Gn^0(l=3) ave= 0.000E+00 +/- 0.00 % || Gtotal(l=0) ave= 3.395E+02 +/- 0.00 % Gtotal(l=1) ave= 0.000E+00 +/- 0.00 % Gtotal(l=2) ave= 0.000E+00 +/- 0.00 % Gtotal(l=3) ave= 0.000E+00 +/- 0.00 %  % || Gg(l=0) ave= 1.313E-02 +/- 12.93 % Gg(l=1) ave= 0.000E+00 +/- 0.00 % Gg(l=2) ave= 0.000E+00 +/- 0.00 % Gg(l=3) ave= 0.000E+00 +/- 0.00 %  % || D(l=0) ave= 6.315E+04 +/- 0.00 % D(l=1) ave= 0.000E+00 +/- 0.00 % D(l=2) ave= 0.000E+00 +/- 0.00 % D(l=3) ave= 0.000E+00 +/- 0.00 %  % || S(l=0) ave= 2.992E-04 +/- 10.53 % S(l=1) ave= 0.000E+00 +/- 0.00 % S(l=2) ave= 0.000E+00 +/- 0.00 % S(l=3) ave= 0.000E+00 +/- 0.00 % 
 ... random file  155 Cap(th)  ave= 5.917E-04 b. +/- 10.70 % || Ela(th) ave= 6.174E+00 b. +/- 7.15 % || RIcap ave= 4.03E-04 b. +/- 8.81 % || Macs30 ave= 5.01E-05 b. +/- 17.67 % || Gn^0(l=0) ave= 5.442E+01 +/- 10.47 % Gn^0(l=1) ave= 0.000E+00 +/- 0.00 % Gn^0(l=2) ave= 0.000E+00 +/- 0.00 % Gn^0(l=3) ave= 0.000E+00 +/- 0.00 % || Gtotal(l=0) ave= 3.395E+02 +/- 0.00 % Gtotal(l=1) ave= 0.000E+00 +/- 0.00 % Gtotal(l=2) ave= 0.000E+00 +/- 0.00 % Gtotal(l=3) ave= 0.000E+00 +/- 0.00 %  % || Gg(l=0) ave= 1.313E-02 +/- 12.90 % Gg(l=1) ave= 0.000E+00 +/- 0.00 % Gg(l=2) ave= 0.000E+00 +/- 0.00 % Gg(l=3) ave= 0.000E+00 +/- 0.00 %  % || D(l=0) ave= 6.315E+04 +/- 0.00 % D(l=1) ave= 0.000E+00 +/- 0.00 % D(l=2) ave= 0.000E+00 +/- 0.00 % D(l=3) ave= 0.000E+00 +/- 0.00 %  % || S(l=0) ave= 2.992E-04 +/- 10.50 % S(l=1) ave= 0.000E+00 +/- 0.00 % S(l=2) ave= 0.000E+00 +/- 0.00 % S(l=3) ave= 0.000E+00 +/- 0.00 % 
 ... random file  156 Cap(th)  ave= 5.913E-04 b. +/- 10.69 % || Ela(th) ave= 6.172E+00 b. +/- 7.15 % || RIcap ave= 4.03E-04 b. +/- 8.83 % || Macs30 ave= 5.01E-05 b. +/- 17.65 % || Gn^0(l=0) ave= 5.445E+01 +/- 10.46 % Gn^0(l=1) ave= 0.000E+00 +/- 0.00 % Gn^0(l=2) ave= 0.000E+00 +/- 0.00 % Gn^0(l=3) ave= 0.000E+00 +/- 0.00 % || Gtotal(l=0) ave= 3.395E+02 +/- 0.00 % Gtotal(l=1) ave= 0.000E+00 +/- 0.00 % Gtotal(l=2) ave= 0.000E+00 +/- 0.00 % Gtotal(l=3) ave= 0.000E+00 +/- 0.00 %  % || Gg(l=0) ave= 1.313E-02 +/- 12.86 % Gg(l=1) ave= 0.000E+00 +/- 0.00 % Gg(l=2) ave= 0.000E+00 +/- 0.00 % Gg(l=3) ave= 0.000E+00 +/- 0.00 %  % || D(l=0) ave= 6.315E+04 +/- 0.00 % D(l=1) ave= 0.000E+00 +/- 0.00 % D(l=2) ave= 0.000E+00 +/- 0.00 % D(l=3) ave= 0.000E+00 +/- 0.00 %  % || S(l=0) ave= 2.994E-04 +/- 10.48 % S(l=1) ave= 0.000E+00 +/- 0.00 % S(l=2) ave= 0.000E+00 +/- 0.00 % S(l=3) ave= 0.000E+00 +/- 0.00 % 
 ... random file  157 Cap(th)  ave= 5.916E-04 b. +/- 10.67 % || Ela(th) ave= 6.171E+00 b. +/- 7.12 % || RIcap ave= 4.04E-04 b. +/- 9.00 % || Macs30 ave= 5.02E-05 b. +/- 18.00 % || Gn^0(l=0) ave= 5.445E+01 +/- 10.42 % Gn^0(l=1) ave= 0.000E+00 +/- 0.00 % Gn^0(l=2) ave= 0.000E+00 +/- 0.00 % Gn^0(l=3) ave= 0.000E+00 +/- 0.00 % || Gtotal(l=0) ave= 3.395E+02 +/- 0.00 % Gtotal(l=1) ave= 0.000E+00 +/- 0.00 % Gtotal(l=2) ave= 0.000E+00 +/- 0.00 % Gtotal(l=3) ave= 0.000E+00 +/- 0.00 %  % || Gg(l=0) ave= 1.316E-02 +/- 13.14 % Gg(l=1) ave= 0.000E+00 +/- 0.00 % Gg(l=2) ave= 0.000E+00 +/- 0.00 % Gg(l=3) ave= 0.000E+00 +/- 0.00 %  % || D(l=0) ave= 6.315E+04 +/- 0.00 % D(l=1) ave= 0.000E+00 +/- 0.00 % D(l=2) ave= 0.000E+00 +/- 0.00 % D(l=3) ave= 0.000E+00 +/- 0.00 %  % || S(l=0) ave= 2.994E-04 +/- 10.45 % S(l=1) ave= 0.000E+00 +/- 0.00 % S(l=2) ave= 0.000E+00 +/- 0.00 % S(l=3) ave= 0.000E+00 +/- 0.00 % 
 ... random file  158 Cap(th)  ave= 5.913E-04 b. +/- 10.66 % || Ela(th) ave= 6.169E+00 b. +/- 7.12 % || RIcap ave= 4.03E-04 b. +/- 9.02 % || Macs30 ave= 5.02E-05 b. +/- 18.00 % || Gn^0(l=0) ave= 5.448E+01 +/- 10.41 % Gn^0(l=1) ave= 0.000E+00 +/- 0.00 % Gn^0(l=2) ave= 0.000E+00 +/- 0.00 % Gn^0(l=3) ave= 0.000E+00 +/- 0.00 % || Gtotal(l=0) ave= 3.395E+02 +/- 0.00 % Gtotal(l=1) ave= 0.000E+00 +/- 0.00 % Gtotal(l=2) ave= 0.000E+00 +/- 0.00 % Gtotal(l=3) ave= 0.000E+00 +/- 0.00 %  % || Gg(l=0) ave= 1.315E-02 +/- 13.12 % Gg(l=1) ave= 0.000E+00 +/- 0.00 % Gg(l=2) ave= 0.000E+00 +/- 0.00 % Gg(l=3) ave= 0.000E+00 +/- 0.00 %  % || D(l=0) ave= 6.315E+04 +/- 0.00 % D(l=1) ave= 0.000E+00 +/- 0.00 % D(l=2) ave= 0.000E+00 +/- 0.00 % D(l=3) ave= 0.000E+00 +/- 0.00 %  % || S(l=0) ave= 2.995E-04 +/- 10.43 % S(l=1) ave= 0.000E+00 +/- 0.00 % S(l=2) ave= 0.000E+00 +/- 0.00 % S(l=3) ave= 0.000E+00 +/- 0.00 % 
 ... random file  159 Cap(th)  ave= 5.913E-04 b. +/- 10.63 % || Ela(th) ave= 6.171E+00 b. +/- 7.11 % || RIcap ave= 4.04E-04 b. +/- 9.00 % || Macs30 ave= 5.02E-05 b. +/- 17.96 % || Gn^0(l=0) ave= 5.445E+01 +/- 10.41 % Gn^0(l=1) ave= 0.000E+00 +/- 0.00 % Gn^0(l=2) ave= 0.000E+00 +/- 0.00 % Gn^0(l=3) ave= 0.000E+00 +/- 0.00 % || Gtotal(l=0) ave= 3.395E+02 +/- 0.00 % Gtotal(l=1) ave= 0.000E+00 +/- 0.00 % Gtotal(l=2) ave= 0.000E+00 +/- 0.00 % Gtotal(l=3) ave= 0.000E+00 +/- 0.00 %  % || Gg(l=0) ave= 1.317E-02 +/- 13.11 % Gg(l=1) ave= 0.000E+00 +/- 0.00 % Gg(l=2) ave= 0.000E+00 +/- 0.00 % Gg(l=3) ave= 0.000E+00 +/- 0.00 %  % || D(l=0) ave= 6.315E+04 +/- 0.00 % D(l=1) ave= 0.000E+00 +/- 0.00 % D(l=2) ave= 0.000E+00 +/- 0.00 % D(l=3) ave= 0.000E+00 +/- 0.00 %  % || S(l=0) ave= 2.994E-04 +/- 10.43 % S(l=1) ave= 0.000E+00 +/- 0.00 % S(l=2) ave= 0.000E+00 +/- 0.00 % S(l=3) ave= 0.000E+00 +/- 0.00 % 
 ... random file  160 Cap(th)  ave= 5.910E-04 b. +/- 10.61 % || Ela(th) ave= 6.170E+00 b. +/- 7.10 % || RIcap ave= 4.04E-04 b. +/- 8.97 % || Macs30 ave= 5.03E-05 b. +/- 17.94 % || Gn^0(l=0) ave= 5.447E+01 +/- 10.38 % Gn^0(l=1) ave= 0.000E+00 +/- 0.00 % Gn^0(l=2) ave= 0.000E+00 +/- 0.00 % Gn^0(l=3) ave= 0.000E+00 +/- 0.00 % || Gtotal(l=0) ave= 3.395E+02 +/- 0.00 % Gtotal(l=1) ave= 0.000E+00 +/- 0.00 % Gtotal(l=2) ave= 0.000E+00 +/- 0.00 % Gtotal(l=3) ave= 0.000E+00 +/- 0.00 %  % || Gg(l=0) ave= 1.317E-02 +/- 13.08 % Gg(l=1) ave= 0.000E+00 +/- 0.00 % Gg(l=2) ave= 0.000E+00 +/- 0.00 % Gg(l=3) ave= 0.000E+00 +/- 0.00 %  % || D(l=0) ave= 6.315E+04 +/- 0.00 % D(l=1) ave= 0.000E+00 +/- 0.00 % D(l=2) ave= 0.000E+00 +/- 0.00 % D(l=3) ave= 0.000E+00 +/- 0.00 %  % || S(l=0) ave= 2.995E-04 +/- 10.40 % S(l=1) ave= 0.000E+00 +/- 0.00 % S(l=2) ave= 0.000E+00 +/- 0.00 % S(l=3) ave= 0.000E+00 +/- 0.00 % 
 ... random file  161 Cap(th)  ave= 5.922E-04 b. +/- 10.83 % || Ela(th) ave= 6.167E+00 b. +/- 7.10 % || RIcap ave= 4.04E-04 b. +/- 9.05 % || Macs30 ave= 5.03E-05 b. +/- 17.89 % || Gn^0(l=0) ave= 5.450E+01 +/- 10.37 % Gn^0(l=1) ave= 0.000E+00 +/- 0.00 % Gn^0(l=2) ave= 0.000E+00 +/- 0.00 % Gn^0(l=3) ave= 0.000E+00 +/- 0.00 % || Gtotal(l=0) ave= 3.395E+02 +/- 0.00 % Gtotal(l=1) ave= 0.000E+00 +/- 0.00 % Gtotal(l=2) ave= 0.000E+00 +/- 0.00 % Gtotal(l=3) ave= 0.000E+00 +/- 0.00 %  % || Gg(l=0) ave= 1.317E-02 +/- 13.04 % Gg(l=1) ave= 0.000E+00 +/- 0.00 % Gg(l=2) ave= 0.000E+00 +/- 0.00 % Gg(l=3) ave= 0.000E+00 +/- 0.00 %  % || D(l=0) ave= 6.315E+04 +/- 0.00 % D(l=1) ave= 0.000E+00 +/- 0.00 % D(l=2) ave= 0.000E+00 +/- 0.00 % D(l=3) ave= 0.000E+00 +/- 0.00 %  % || S(l=0) ave= 2.996E-04 +/- 10.39 % S(l=1) ave= 0.000E+00 +/- 0.00 % S(l=2) ave= 0.000E+00 +/- 0.00 % S(l=3) ave= 0.000E+00 +/- 0.00 % 
 ... random file  162 Cap(th)  ave= 5.920E-04 b. +/- 10.80 % || Ela(th) ave= 6.169E+00 b. +/- 7.08 % || RIcap ave= 4.05E-04 b. +/- 9.09 % || Macs30 ave= 5.04E-05 b. +/- 18.10 % || Gn^0(l=0) ave= 5.448E+01 +/- 10.35 % Gn^0(l=1) ave= 0.000E+00 +/- 0.00 % Gn^0(l=2) ave= 0.000E+00 +/- 0.00 % Gn^0(l=3) ave= 0.000E+00 +/- 0.00 % || Gtotal(l=0) ave= 3.395E+02 +/- 0.00 % Gtotal(l=1) ave= 0.000E+00 +/- 0.00 % Gtotal(l=2) ave= 0.000E+00 +/- 0.00 % Gtotal(l=3) ave= 0.000E+00 +/- 0.00 %  % || Gg(l=0) ave= 1.319E-02 +/- 13.09 % Gg(l=1) ave= 0.000E+00 +/- 0.00 % Gg(l=2) ave= 0.000E+00 +/- 0.00 % Gg(l=3) ave= 0.000E+00 +/- 0.00 %  % || D(l=0) ave= 6.315E+04 +/- 0.00 % D(l=1) ave= 0.000E+00 +/- 0.00 % D(l=2) ave= 0.000E+00 +/- 0.00 % D(l=3) ave= 0.000E+00 +/- 0.00 %  % || S(l=0) ave= 2.995E-04 +/- 10.37 % S(l=1) ave= 0.000E+00 +/- 0.00 % S(l=2) ave= 0.000E+00 +/- 0.00 % S(l=3) ave= 0.000E+00 +/- 0.00 % 
 ... random file  163 Cap(th)  ave= 5.924E-04 b. +/- 10.80 % || Ela(th) ave= 6.170E+00 b. +/- 7.06 % || RIcap ave= 4.05E-04 b. +/- 9.06 % || Macs30 ave= 5.04E-05 b. +/- 18.09 % || Gn^0(l=0) ave= 5.446E+01 +/- 10.33 % Gn^0(l=1) ave= 0.000E+00 +/- 0.00 % Gn^0(l=2) ave= 0.000E+00 +/- 0.00 % Gn^0(l=3) ave= 0.000E+00 +/- 0.00 % || Gtotal(l=0) ave= 3.395E+02 +/- 0.00 % Gtotal(l=1) ave= 0.000E+00 +/- 0.00 % Gtotal(l=2) ave= 0.000E+00 +/- 0.00 % Gtotal(l=3) ave= 0.000E+00 +/- 0.00 %  % || Gg(l=0) ave= 1.318E-02 +/- 13.11 % Gg(l=1) ave= 0.000E+00 +/- 0.00 % Gg(l=2) ave= 0.000E+00 +/- 0.00 % Gg(l=3) ave= 0.000E+00 +/- 0.00 %  % || D(l=0) ave= 6.315E+04 +/- 0.00 % D(l=1) ave= 0.000E+00 +/- 0.00 % D(l=2) ave= 0.000E+00 +/- 0.00 % D(l=3) ave= 0.000E+00 +/- 0.00 %  % || S(l=0) ave= 2.994E-04 +/- 10.36 % S(l=1) ave= 0.000E+00 +/- 0.00 % S(l=2) ave= 0.000E+00 +/- 0.00 % S(l=3) ave= 0.000E+00 +/- 0.00 % 
 ... random file  164 Cap(th)  ave= 5.917E-04 b. +/- 10.90 % || Ela(th) ave= 6.167E+00 b. +/- 7.06 % || RIcap ave= 4.04E-04 b. +/- 9.13 % || Macs30 ave= 5.04E-05 b. +/- 18.05 % || Gn^0(l=0) ave= 5.449E+01 +/- 10.32 % Gn^0(l=1) ave= 0.000E+00 +/- 0.00 % Gn^0(l=2) ave= 0.000E+00 +/- 0.00 % Gn^0(l=3) ave= 0.000E+00 +/- 0.00 % || Gtotal(l=0) ave= 3.395E+02 +/- 0.00 % Gtotal(l=1) ave= 0.000E+00 +/- 0.00 % Gtotal(l=2) ave= 0.000E+00 +/- 0.00 % Gtotal(l=3) ave= 0.000E+00 +/- 0.00 %  % || Gg(l=0) ave= 1.317E-02 +/- 13.08 % Gg(l=1) ave= 0.000E+00 +/- 0.00 % Gg(l=2) ave= 0.000E+00 +/- 0.00 % Gg(l=3) ave= 0.000E+00 +/- 0.00 %  % || D(l=0) ave= 6.315E+04 +/- 0.00 % D(l=1) ave= 0.000E+00 +/- 0.00 % D(l=2) ave= 0.000E+00 +/- 0.00 % D(l=3) ave= 0.000E+00 +/- 0.00 %  % || S(l=0) ave= 2.996E-04 +/- 10.34 % S(l=1) ave= 0.000E+00 +/- 0.00 % S(l=2) ave= 0.000E+00 +/- 0.00 % S(l=3) ave= 0.000E+00 +/- 0.00 % 
 ... random file  165 Cap(th)  ave= 5.912E-04 b. +/- 10.92 % || Ela(th) ave= 6.170E+00 b. +/- 7.06 % || RIcap ave= 4.04E-04 b. +/- 9.10 % || Macs30 ave= 5.04E-05 b. +/- 18.01 % || Gn^0(l=0) ave= 5.446E+01 +/- 10.32 % Gn^0(l=1) ave= 0.000E+00 +/- 0.00 % Gn^0(l=2) ave= 0.000E+00 +/- 0.00 % Gn^0(l=3) ave= 0.000E+00 +/- 0.00 % || Gtotal(l=0) ave= 3.395E+02 +/- 0.00 % Gtotal(l=1) ave= 0.000E+00 +/- 0.00 % Gtotal(l=2) ave= 0.000E+00 +/- 0.00 % Gtotal(l=3) ave= 0.000E+00 +/- 0.00 %  % || Gg(l=0) ave= 1.318E-02 +/- 13.05 % Gg(l=1) ave= 0.000E+00 +/- 0.00 % Gg(l=2) ave= 0.000E+00 +/- 0.00 % Gg(l=3) ave= 0.000E+00 +/- 0.00 %  % || D(l=0) ave= 6.315E+04 +/- 0.00 % D(l=1) ave= 0.000E+00 +/- 0.00 % D(l=2) ave= 0.000E+00 +/- 0.00 % D(l=3) ave= 0.000E+00 +/- 0.00 %  % || S(l=0) ave= 2.994E-04 +/- 10.34 % S(l=1) ave= 0.000E+00 +/- 0.00 % S(l=2) ave= 0.000E+00 +/- 0.00 % S(l=3) ave= 0.000E+00 +/- 0.00 % 
 ... random file  166 Cap(th)  ave= 5.913E-04 b. +/- 10.88 % || Ela(th) ave= 6.172E+00 b. +/- 7.04 % || RIcap ave= 4.04E-04 b. +/- 9.08 % || Macs30 ave= 5.04E-05 b. +/- 17.95 % || Gn^0(l=0) ave= 5.443E+01 +/- 10.32 % Gn^0(l=1) ave= 0.000E+00 +/- 0.00 % Gn^0(l=2) ave= 0.000E+00 +/- 0.00 % Gn^0(l=3) ave= 0.000E+00 +/- 0.00 % || Gtotal(l=0) ave= 3.395E+02 +/- 0.00 % Gtotal(l=1) ave= 0.000E+00 +/- 0.00 % Gtotal(l=2) ave= 0.000E+00 +/- 0.00 % Gtotal(l=3) ave= 0.000E+00 +/- 0.00 %  % || Gg(l=0) ave= 1.319E-02 +/- 13.03 % Gg(l=1) ave= 0.000E+00 +/- 0.00 % Gg(l=2) ave= 0.000E+00 +/- 0.00 % Gg(l=3) ave= 0.000E+00 +/- 0.00 %  % || D(l=0) ave= 6.315E+04 +/- 0.00 % D(l=1) ave= 0.000E+00 +/- 0.00 % D(l=2) ave= 0.000E+00 +/- 0.00 % D(l=3) ave= 0.000E+00 +/- 0.00 %  % || S(l=0) ave= 2.993E-04 +/- 10.34 % S(l=1) ave= 0.000E+00 +/- 0.00 % S(l=2) ave= 0.000E+00 +/- 0.00 % S(l=3) ave= 0.000E+00 +/- 0.00 % 
 ... random file  167 Cap(th)  ave= 5.915E-04 b. +/- 10.86 % || Ela(th) ave= 6.171E+00 b. +/- 7.03 % || RIcap ave= 4.04E-04 b. +/- 9.06 % || Macs30 ave= 5.03E-05 b. +/- 18.01 % || Gn^0(l=0) ave= 5.444E+01 +/- 10.29 % Gn^0(l=1) ave= 0.000E+00 +/- 0.00 % Gn^0(l=2) ave= 0.000E+00 +/- 0.00 % Gn^0(l=3) ave= 0.000E+00 +/- 0.00 % || Gtotal(l=0) ave= 3.395E+02 +/- 0.00 % Gtotal(l=1) ave= 0.000E+00 +/- 0.00 % Gtotal(l=2) ave= 0.000E+00 +/- 0.00 % Gtotal(l=3) ave= 0.000E+00 +/- 0.00 %  % || Gg(l=0) ave= 1.318E-02 +/- 13.02 % Gg(l=1) ave= 0.000E+00 +/- 0.00 % Gg(l=2) ave= 0.000E+00 +/- 0.00 % Gg(l=3) ave= 0.000E+00 +/- 0.00 %  % || D(l=0) ave= 6.315E+04 +/- 0.00 % D(l=1) ave= 0.000E+00 +/- 0.00 % D(l=2) ave= 0.000E+00 +/- 0.00 % D(l=3) ave= 0.000E+00 +/- 0.00 %  % || S(l=0) ave= 2.993E-04 +/- 10.31 % S(l=1) ave= 0.000E+00 +/- 0.00 % S(l=2) ave= 0.000E+00 +/- 0.00 % S(l=3) ave= 0.000E+00 +/- 0.00 % 
 ... random file  168 Cap(th)  ave= 5.914E-04 b. +/- 10.84 % || Ela(th) ave= 6.170E+00 b. +/- 7.01 % || RIcap ave= 4.04E-04 b. +/- 9.06 % || Macs30 ave= 5.04E-05 b. +/- 18.08 % || Gn^0(l=0) ave= 5.446E+01 +/- 10.26 % Gn^0(l=1) ave= 0.000E+00 +/- 0.00 % Gn^0(l=2) ave= 0.000E+00 +/- 0.00 % Gn^0(l=3) ave= 0.000E+00 +/- 0.00 % || Gtotal(l=0) ave= 3.395E+02 +/- 0.00 % Gtotal(l=1) ave= 0.000E+00 +/- 0.00 % Gtotal(l=2) ave= 0.000E+00 +/- 0.00 % Gtotal(l=3) ave= 0.000E+00 +/- 0.00 %  % || Gg(l=0) ave= 1.319E-02 +/- 13.00 % Gg(l=1) ave= 0.000E+00 +/- 0.00 % Gg(l=2) ave= 0.000E+00 +/- 0.00 % Gg(l=3) ave= 0.000E+00 +/- 0.00 %  % || D(l=0) ave= 6.315E+04 +/- 0.00 % D(l=1) ave= 0.000E+00 +/- 0.00 % D(l=2) ave= 0.000E+00 +/- 0.00 % D(l=3) ave= 0.000E+00 +/- 0.00 %  % || S(l=0) ave= 2.994E-04 +/- 10.28 % S(l=1) ave= 0.000E+00 +/- 0.00 % S(l=2) ave= 0.000E+00 +/- 0.00 % S(l=3) ave= 0.000E+00 +/- 0.00 % 
 ... random file  169 Cap(th)  ave= 5.914E-04 b. +/- 10.80 % || Ela(th) ave= 6.172E+00 b. +/- 7.01 % || RIcap ave= 4.04E-04 b. +/- 9.04 % || Macs30 ave= 5.05E-05 b. +/- 18.03 % || Gn^0(l=0) ave= 5.442E+01 +/- 10.27 % Gn^0(l=1) ave= 0.000E+00 +/- 0.00 % Gn^0(l=2) ave= 0.000E+00 +/- 0.00 % Gn^0(l=3) ave= 0.000E+00 +/- 0.00 % || Gtotal(l=0) ave= 3.395E+02 +/- 0.00 % Gtotal(l=1) ave= 0.000E+00 +/- 0.00 % Gtotal(l=2) ave= 0.000E+00 +/- 0.00 % Gtotal(l=3) ave= 0.000E+00 +/- 0.00 %  % || Gg(l=0) ave= 1.319E-02 +/- 12.96 % Gg(l=1) ave= 0.000E+00 +/- 0.00 % Gg(l=2) ave= 0.000E+00 +/- 0.00 % Gg(l=3) ave= 0.000E+00 +/- 0.00 %  % || D(l=0) ave= 6.315E+04 +/- 0.00 % D(l=1) ave= 0.000E+00 +/- 0.00 % D(l=2) ave= 0.000E+00 +/- 0.00 % D(l=3) ave= 0.000E+00 +/- 0.00 %  % || S(l=0) ave= 2.992E-04 +/- 10.29 % S(l=1) ave= 0.000E+00 +/- 0.00 % S(l=2) ave= 0.000E+00 +/- 0.00 % S(l=3) ave= 0.000E+00 +/- 0.00 % 
 ... random file  170 Cap(th)  ave= 5.916E-04 b. +/- 10.78 % || Ela(th) ave= 6.174E+00 b. +/- 7.00 % || RIcap ave= 4.04E-04 b. +/- 9.01 % || Macs30 ave= 5.04E-05 b. +/- 17.99 % || Gn^0(l=0) ave= 5.439E+01 +/- 10.27 % Gn^0(l=1) ave= 0.000E+00 +/- 0.00 % Gn^0(l=2) ave= 0.000E+00 +/- 0.00 % Gn^0(l=3) ave= 0.000E+00 +/- 0.00 % || Gtotal(l=0) ave= 3.395E+02 +/- 0.00 % Gtotal(l=1) ave= 0.000E+00 +/- 0.00 % Gtotal(l=2) ave= 0.000E+00 +/- 0.00 % Gtotal(l=3) ave= 0.000E+00 +/- 0.00 %  % || Gg(l=0) ave= 1.319E-02 +/- 12.95 % Gg(l=1) ave= 0.000E+00 +/- 0.00 % Gg(l=2) ave= 0.000E+00 +/- 0.00 % Gg(l=3) ave= 0.000E+00 +/- 0.00 %  % || D(l=0) ave= 6.315E+04 +/- 0.00 % D(l=1) ave= 0.000E+00 +/- 0.00 % D(l=2) ave= 0.000E+00 +/- 0.00 % D(l=3) ave= 0.000E+00 +/- 0.00 %  % || S(l=0) ave= 2.991E-04 +/- 10.29 % S(l=1) ave= 0.000E+00 +/- 0.00 % S(l=2) ave= 0.000E+00 +/- 0.00 % S(l=3) ave= 0.000E+00 +/- 0.00 % 
 ... random file  171 Cap(th)  ave= 5.915E-04 b. +/- 10.74 % || Ela(th) ave= 6.176E+00 b. +/- 6.99 % || RIcap ave= 4.05E-04 b. +/- 9.06 % || Macs30 ave= 5.06E-05 b. +/- 18.18 % || Gn^0(l=0) ave= 5.437E+01 +/- 10.27 % Gn^0(l=1) ave= 0.000E+00 +/- 0.00 % Gn^0(l=2) ave= 0.000E+00 +/- 0.00 % Gn^0(l=3) ave= 0.000E+00 +/- 0.00 % || Gtotal(l=0) ave= 3.395E+02 +/- 0.00 % Gtotal(l=1) ave= 0.000E+00 +/- 0.00 % Gtotal(l=2) ave= 0.000E+00 +/- 0.00 % Gtotal(l=3) ave= 0.000E+00 +/- 0.00 %  % || Gg(l=0) ave= 1.321E-02 +/- 13.04 % Gg(l=1) ave= 0.000E+00 +/- 0.00 % Gg(l=2) ave= 0.000E+00 +/- 0.00 % Gg(l=3) ave= 0.000E+00 +/- 0.00 %  % || D(l=0) ave= 6.315E+04 +/- 0.00 % D(l=1) ave= 0.000E+00 +/- 0.00 % D(l=2) ave= 0.000E+00 +/- 0.00 % D(l=3) ave= 0.000E+00 +/- 0.00 %  % || S(l=0) ave= 2.989E-04 +/- 10.29 % S(l=1) ave= 0.000E+00 +/- 0.00 % S(l=2) ave= 0.000E+00 +/- 0.00 % S(l=3) ave= 0.000E+00 +/- 0.00 % 
 ... random file  172 Cap(th)  ave= 5.915E-04 b. +/- 10.71 % || Ela(th) ave= 6.176E+00 b. +/- 6.98 % || RIcap ave= 4.05E-04 b. +/- 9.04 % || Macs30 ave= 5.06E-05 b. +/- 18.12 % || Gn^0(l=0) ave= 5.437E+01 +/- 10.24 % Gn^0(l=1) ave= 0.000E+00 +/- 0.00 % Gn^0(l=2) ave= 0.000E+00 +/- 0.00 % Gn^0(l=3) ave= 0.000E+00 +/- 0.00 % || Gtotal(l=0) ave= 3.395E+02 +/- 0.00 % Gtotal(l=1) ave= 0.000E+00 +/- 0.00 % Gtotal(l=2) ave= 0.000E+00 +/- 0.00 % Gtotal(l=3) ave= 0.000E+00 +/- 0.00 %  % || Gg(l=0) ave= 1.321E-02 +/- 13.01 % Gg(l=1) ave= 0.000E+00 +/- 0.00 % Gg(l=2) ave= 0.000E+00 +/- 0.00 % Gg(l=3) ave= 0.000E+00 +/- 0.00 %  % || D(l=0) ave= 6.315E+04 +/- 0.00 % D(l=1) ave= 0.000E+00 +/- 0.00 % D(l=2) ave= 0.000E+00 +/- 0.00 % D(l=3) ave= 0.000E+00 +/- 0.00 %  % || S(l=0) ave= 2.990E-04 +/- 10.26 % S(l=1) ave= 0.000E+00 +/- 0.00 % S(l=2) ave= 0.000E+00 +/- 0.00 % S(l=3) ave= 0.000E+00 +/- 0.00 % 
 ... random file  173 Cap(th)  ave= 5.917E-04 b. +/- 10.69 % || Ela(th) ave= 6.175E+00 b. +/- 6.96 % || RIcap ave= 4.05E-04 b. +/- 9.01 % || Macs30 ave= 5.05E-05 b. +/- 18.09 % || Gn^0(l=0) ave= 5.438E+01 +/- 10.21 % Gn^0(l=1) ave= 0.000E+00 +/- 0.00 % Gn^0(l=2) ave= 0.000E+00 +/- 0.00 % Gn^0(l=3) ave= 0.000E+00 +/- 0.00 % || Gtotal(l=0) ave= 3.395E+02 +/- 0.00 % Gtotal(l=1) ave= 0.000E+00 +/- 0.00 % Gtotal(l=2) ave= 0.000E+00 +/- 0.00 % Gtotal(l=3) ave= 0.000E+00 +/- 0.00 %  % || Gg(l=0) ave= 1.320E-02 +/- 12.99 % Gg(l=1) ave= 0.000E+00 +/- 0.00 % Gg(l=2) ave= 0.000E+00 +/- 0.00 % Gg(l=3) ave= 0.000E+00 +/- 0.00 %  % || D(l=0) ave= 6.315E+04 +/- 0.00 % D(l=1) ave= 0.000E+00 +/- 0.00 % D(l=2) ave= 0.000E+00 +/- 0.00 % D(l=3) ave= 0.000E+00 +/- 0.00 %  % || S(l=0) ave= 2.990E-04 +/- 10.23 % S(l=1) ave= 0.000E+00 +/- 0.00 % S(l=2) ave= 0.000E+00 +/- 0.00 % S(l=3) ave= 0.000E+00 +/- 0.00 % 
 ... random file  174 Cap(th)  ave= 5.924E-04 b. +/- 10.75 % || Ela(th) ave= 6.176E+00 b. +/- 6.95 % || RIcap ave= 4.05E-04 b. +/- 9.01 % || Macs30 ave= 5.05E-05 b. +/- 18.04 % || Gn^0(l=0) ave= 5.436E+01 +/- 10.19 % Gn^0(l=1) ave= 0.000E+00 +/- 0.00 % Gn^0(l=2) ave= 0.000E+00 +/- 0.00 % Gn^0(l=3) ave= 0.000E+00 +/- 0.00 % || Gtotal(l=0) ave= 3.395E+02 +/- 0.00 % Gtotal(l=1) ave= 0.000E+00 +/- 0.00 % Gtotal(l=2) ave= 0.000E+00 +/- 0.00 % Gtotal(l=3) ave= 0.000E+00 +/- 0.00 %  % || Gg(l=0) ave= 1.320E-02 +/- 12.97 % Gg(l=1) ave= 0.000E+00 +/- 0.00 % Gg(l=2) ave= 0.000E+00 +/- 0.00 % Gg(l=3) ave= 0.000E+00 +/- 0.00 %  % || D(l=0) ave= 6.315E+04 +/- 0.00 % D(l=1) ave= 0.000E+00 +/- 0.00 % D(l=2) ave= 0.000E+00 +/- 0.00 % D(l=3) ave= 0.000E+00 +/- 0.00 %  % || S(l=0) ave= 2.989E-04 +/- 10.22 % S(l=1) ave= 0.000E+00 +/- 0.00 % S(l=2) ave= 0.000E+00 +/- 0.00 % S(l=3) ave= 0.000E+00 +/- 0.00 % 
 ... random file  175 Cap(th)  ave= 5.925E-04 b. +/- 10.72 % || Ela(th) ave= 6.177E+00 b. +/- 6.93 % || RIcap ave= 4.05E-04 b. +/- 9.01 % || Macs30 ave= 5.06E-05 b. +/- 18.01 % || Gn^0(l=0) ave= 5.435E+01 +/- 10.17 % Gn^0(l=1) ave= 0.000E+00 +/- 0.00 % Gn^0(l=2) ave= 0.000E+00 +/- 0.00 % Gn^0(l=3) ave= 0.000E+00 +/- 0.00 % || Gtotal(l=0) ave= 3.395E+02 +/- 0.00 % Gtotal(l=1) ave= 0.000E+00 +/- 0.00 % Gtotal(l=2) ave= 0.000E+00 +/- 0.00 % Gtotal(l=3) ave= 0.000E+00 +/- 0.00 %  % || Gg(l=0) ave= 1.320E-02 +/- 12.94 % Gg(l=1) ave= 0.000E+00 +/- 0.00 % Gg(l=2) ave= 0.000E+00 +/- 0.00 % Gg(l=3) ave= 0.000E+00 +/- 0.00 %  % || D(l=0) ave= 6.315E+04 +/- 0.00 % D(l=1) ave= 0.000E+00 +/- 0.00 % D(l=2) ave= 0.000E+00 +/- 0.00 % D(l=3) ave= 0.000E+00 +/- 0.00 %  % || S(l=0) ave= 2.988E-04 +/- 10.19 % S(l=1) ave= 0.000E+00 +/- 0.00 % S(l=2) ave= 0.000E+00 +/- 0.00 % S(l=3) ave= 0.000E+00 +/- 0.00 % 
 ... random file  176 Cap(th)  ave= 5.927E-04 b. +/- 10.69 % || Ela(th) ave= 6.178E+00 b. +/- 6.91 % || RIcap ave= 4.05E-04 b. +/- 8.99 % || Macs30 ave= 5.05E-05 b. +/- 18.02 % || Gn^0(l=0) ave= 5.433E+01 +/- 10.15 % Gn^0(l=1) ave= 0.000E+00 +/- 0.00 % Gn^0(l=2) ave= 0.000E+00 +/- 0.00 % Gn^0(l=3) ave= 0.000E+00 +/- 0.00 % || Gtotal(l=0) ave= 3.395E+02 +/- 0.00 % Gtotal(l=1) ave= 0.000E+00 +/- 0.00 % Gtotal(l=2) ave= 0.000E+00 +/- 0.00 % Gtotal(l=3) ave= 0.000E+00 +/- 0.00 %  % || Gg(l=0) ave= 1.319E-02 +/- 12.91 % Gg(l=1) ave= 0.000E+00 +/- 0.00 % Gg(l=2) ave= 0.000E+00 +/- 0.00 % Gg(l=3) ave= 0.000E+00 +/- 0.00 %  % || D(l=0) ave= 6.315E+04 +/- 0.00 % D(l=1) ave= 0.000E+00 +/- 0.00 % D(l=2) ave= 0.000E+00 +/- 0.00 % D(l=3) ave= 0.000E+00 +/- 0.00 %  % || S(l=0) ave= 2.987E-04 +/- 10.18 % S(l=1) ave= 0.000E+00 +/- 0.00 % S(l=2) ave= 0.000E+00 +/- 0.00 % S(l=3) ave= 0.000E+00 +/- 0.00 % 
 ... random file  177 Cap(th)  ave= 5.928E-04 b. +/- 10.66 % || Ela(th) ave= 6.179E+00 b. +/- 6.89 % || RIcap ave= 4.05E-04 b. +/- 8.96 % || Macs30 ave= 5.05E-05 b. +/- 17.96 % || Gn^0(l=0) ave= 5.432E+01 +/- 10.13 % Gn^0(l=1) ave= 0.000E+00 +/- 0.00 % Gn^0(l=2) ave= 0.000E+00 +/- 0.00 % Gn^0(l=3) ave= 0.000E+00 +/- 0.00 % || Gtotal(l=0) ave= 3.395E+02 +/- 0.00 % Gtotal(l=1) ave= 0.000E+00 +/- 0.00 % Gtotal(l=2) ave= 0.000E+00 +/- 0.00 % Gtotal(l=3) ave= 0.000E+00 +/- 0.00 %  % || Gg(l=0) ave= 1.320E-02 +/- 12.88 % Gg(l=1) ave= 0.000E+00 +/- 0.00 % Gg(l=2) ave= 0.000E+00 +/- 0.00 % Gg(l=3) ave= 0.000E+00 +/- 0.00 %  % || D(l=0) ave= 6.315E+04 +/- 0.00 % D(l=1) ave= 0.000E+00 +/- 0.00 % D(l=2) ave= 0.000E+00 +/- 0.00 % D(l=3) ave= 0.000E+00 +/- 0.00 %  % || S(l=0) ave= 2.987E-04 +/- 10.15 % S(l=1) ave= 0.000E+00 +/- 0.00 % S(l=2) ave= 0.000E+00 +/- 0.00 % S(l=3) ave= 0.000E+00 +/- 0.00 % 
 ... random file  178 Cap(th)  ave= 5.928E-04 b. +/- 10.63 % || Ela(th) ave= 6.181E+00 b. +/- 6.89 % || RIcap ave= 4.05E-04 b. +/- 9.03 % || Macs30 ave= 5.04E-05 b. +/- 18.20 % || Gn^0(l=0) ave= 5.430E+01 +/- 10.13 % Gn^0(l=1) ave= 0.000E+00 +/- 0.00 % Gn^0(l=2) ave= 0.000E+00 +/- 0.00 % Gn^0(l=3) ave= 0.000E+00 +/- 0.00 % || Gtotal(l=0) ave= 3.395E+02 +/- 0.00 % Gtotal(l=1) ave= 0.000E+00 +/- 0.00 % Gtotal(l=2) ave= 0.000E+00 +/- 0.00 % Gtotal(l=3) ave= 0.000E+00 +/- 0.00 %  % || Gg(l=0) ave= 1.318E-02 +/- 12.98 % Gg(l=1) ave= 0.000E+00 +/- 0.00 % Gg(l=2) ave= 0.000E+00 +/- 0.00 % Gg(l=3) ave= 0.000E+00 +/- 0.00 %  % || D(l=0) ave= 6.315E+04 +/- 0.00 % D(l=1) ave= 0.000E+00 +/- 0.00 % D(l=2) ave= 0.000E+00 +/- 0.00 % D(l=3) ave= 0.000E+00 +/- 0.00 %  % || S(l=0) ave= 2.985E-04 +/- 10.15 % S(l=1) ave= 0.000E+00 +/- 0.00 % S(l=2) ave= 0.000E+00 +/- 0.00 % S(l=3) ave= 0.000E+00 +/- 0.00 % 
 ... random file  179 Cap(th)  ave= 5.929E-04 b. +/- 10.60 % || Ela(th) ave= 6.182E+00 b. +/- 6.87 % || RIcap ave= 4.05E-04 b. +/- 9.01 % || Macs30 ave= 5.04E-05 b. +/- 18.15 % || Gn^0(l=0) ave= 5.427E+01 +/- 10.12 % Gn^0(l=1) ave= 0.000E+00 +/- 0.00 % Gn^0(l=2) ave= 0.000E+00 +/- 0.00 % Gn^0(l=3) ave= 0.000E+00 +/- 0.00 % || Gtotal(l=0) ave= 3.395E+02 +/- 0.00 % Gtotal(l=1) ave= 0.000E+00 +/- 0.00 % Gtotal(l=2) ave= 0.000E+00 +/- 0.00 % Gtotal(l=3) ave= 0.000E+00 +/- 0.00 %  % || Gg(l=0) ave= 1.317E-02 +/- 13.01 % Gg(l=1) ave= 0.000E+00 +/- 0.00 % Gg(l=2) ave= 0.000E+00 +/- 0.00 % Gg(l=3) ave= 0.000E+00 +/- 0.00 %  % || D(l=0) ave= 6.315E+04 +/- 0.00 % D(l=1) ave= 0.000E+00 +/- 0.00 % D(l=2) ave= 0.000E+00 +/- 0.00 % D(l=3) ave= 0.000E+00 +/- 0.00 %  % || S(l=0) ave= 2.984E-04 +/- 10.14 % S(l=1) ave= 0.000E+00 +/- 0.00 % S(l=2) ave= 0.000E+00 +/- 0.00 % S(l=3) ave= 0.000E+00 +/- 0.00 % 
 ... random file  180 Cap(th)  ave= 5.932E-04 b. +/- 10.60 % || Ela(th) ave= 6.180E+00 b. +/- 6.87 % || RIcap ave= 4.05E-04 b. +/- 9.04 % || Macs30 ave= 5.05E-05 b. +/- 18.13 % || Gn^0(l=0) ave= 5.430E+01 +/- 10.10 % Gn^0(l=1) ave= 0.000E+00 +/- 0.00 % Gn^0(l=2) ave= 0.000E+00 +/- 0.00 % Gn^0(l=3) ave= 0.000E+00 +/- 0.00 % || Gtotal(l=0) ave= 3.395E+02 +/- 0.00 % Gtotal(l=1) ave= 0.000E+00 +/- 0.00 % Gtotal(l=2) ave= 0.000E+00 +/- 0.00 % Gtotal(l=3) ave= 0.000E+00 +/- 0.00 %  % || Gg(l=0) ave= 1.318E-02 +/- 12.99 % Gg(l=1) ave= 0.000E+00 +/- 0.00 % Gg(l=2) ave= 0.000E+00 +/- 0.00 % Gg(l=3) ave= 0.000E+00 +/- 0.00 %  % || D(l=0) ave= 6.315E+04 +/- 0.00 % D(l=1) ave= 0.000E+00 +/- 0.00 % D(l=2) ave= 0.000E+00 +/- 0.00 % D(l=3) ave= 0.000E+00 +/- 0.00 %  % || S(l=0) ave= 2.986E-04 +/- 10.13 % S(l=1) ave= 0.000E+00 +/- 0.00 % S(l=2) ave= 0.000E+00 +/- 0.00 % S(l=3) ave= 0.000E+00 +/- 0.00 % 
 ... random file  181 Cap(th)  ave= 5.934E-04 b. +/- 10.57 % || Ela(th) ave= 6.180E+00 b. +/- 6.85 % || RIcap ave= 4.05E-04 b. +/- 9.02 % || Macs30 ave= 5.05E-05 b. +/- 18.08 % || Gn^0(l=0) ave= 5.430E+01 +/- 10.08 % Gn^0(l=1) ave= 0.000E+00 +/- 0.00 % Gn^0(l=2) ave= 0.000E+00 +/- 0.00 % Gn^0(l=3) ave= 0.000E+00 +/- 0.00 % || Gtotal(l=0) ave= 3.395E+02 +/- 0.00 % Gtotal(l=1) ave= 0.000E+00 +/- 0.00 % Gtotal(l=2) ave= 0.000E+00 +/- 0.00 % Gtotal(l=3) ave= 0.000E+00 +/- 0.00 %  % || Gg(l=0) ave= 1.318E-02 +/- 12.95 % Gg(l=1) ave= 0.000E+00 +/- 0.00 % Gg(l=2) ave= 0.000E+00 +/- 0.00 % Gg(l=3) ave= 0.000E+00 +/- 0.00 %  % || D(l=0) ave= 6.315E+04 +/- 0.00 % D(l=1) ave= 0.000E+00 +/- 0.00 % D(l=2) ave= 0.000E+00 +/- 0.00 % D(l=3) ave= 0.000E+00 +/- 0.00 %  % || S(l=0) ave= 2.985E-04 +/- 10.10 % S(l=1) ave= 0.000E+00 +/- 0.00 % S(l=2) ave= 0.000E+00 +/- 0.00 % S(l=3) ave= 0.000E+00 +/- 0.00 % 
 ... random file  182 Cap(th)  ave= 5.937E-04 b. +/- 10.56 % || Ela(th) ave= 6.180E+00 b. +/- 6.83 % || RIcap ave= 4.05E-04 b. +/- 9.00 % || Macs30 ave= 5.05E-05 b. +/- 18.05 % || Gn^0(l=0) ave= 5.430E+01 +/- 10.05 % Gn^0(l=1) ave= 0.000E+00 +/- 0.00 % Gn^0(l=2) ave= 0.000E+00 +/- 0.00 % Gn^0(l=3) ave= 0.000E+00 +/- 0.00 % || Gtotal(l=0) ave= 3.395E+02 +/- 0.00 % Gtotal(l=1) ave= 0.000E+00 +/- 0.00 % Gtotal(l=2) ave= 0.000E+00 +/- 0.00 % Gtotal(l=3) ave= 0.000E+00 +/- 0.00 %  % || Gg(l=0) ave= 1.318E-02 +/- 12.92 % Gg(l=1) ave= 0.000E+00 +/- 0.00 % Gg(l=2) ave= 0.000E+00 +/- 0.00 % Gg(l=3) ave= 0.000E+00 +/- 0.00 %  % || D(l=0) ave= 6.315E+04 +/- 0.00 % D(l=1) ave= 0.000E+00 +/- 0.00 % D(l=2) ave= 0.000E+00 +/- 0.00 % D(l=3) ave= 0.000E+00 +/- 0.00 %  % || S(l=0) ave= 2.985E-04 +/- 10.07 % S(l=1) ave= 0.000E+00 +/- 0.00 % S(l=2) ave= 0.000E+00 +/- 0.00 % S(l=3) ave= 0.000E+00 +/- 0.00 % 
 ... random file  183 Cap(th)  ave= 5.937E-04 b. +/- 10.53 % || Ela(th) ave= 6.179E+00 b. +/- 6.82 % || RIcap ave= 4.06E-04 b. +/- 9.01 % || Macs30 ave= 5.05E-05 b. +/- 18.10 % || Gn^0(l=0) ave= 5.431E+01 +/- 10.02 % Gn^0(l=1) ave= 0.000E+00 +/- 0.00 % Gn^0(l=2) ave= 0.000E+00 +/- 0.00 % Gn^0(l=3) ave= 0.000E+00 +/- 0.00 % || Gtotal(l=0) ave= 3.395E+02 +/- 0.00 % Gtotal(l=1) ave= 0.000E+00 +/- 0.00 % Gtotal(l=2) ave= 0.000E+00 +/- 0.00 % Gtotal(l=3) ave= 0.000E+00 +/- 0.00 %  % || Gg(l=0) ave= 1.319E-02 +/- 12.92 % Gg(l=1) ave= 0.000E+00 +/- 0.00 % Gg(l=2) ave= 0.000E+00 +/- 0.00 % Gg(l=3) ave= 0.000E+00 +/- 0.00 %  % || D(l=0) ave= 6.315E+04 +/- 0.00 % D(l=1) ave= 0.000E+00 +/- 0.00 % D(l=2) ave= 0.000E+00 +/- 0.00 % D(l=3) ave= 0.000E+00 +/- 0.00 %  % || S(l=0) ave= 2.986E-04 +/- 10.05 % S(l=1) ave= 0.000E+00 +/- 0.00 % S(l=2) ave= 0.000E+00 +/- 0.00 % S(l=3) ave= 0.000E+00 +/- 0.00 % 
 ... random file  184 Cap(th)  ave= 5.932E-04 b. +/- 10.57 % || Ela(th) ave= 6.177E+00 b. +/- 6.82 % || RIcap ave= 4.05E-04 b. +/- 9.15 % || Macs30 ave= 5.05E-05 b. +/- 18.22 % || Gn^0(l=0) ave= 5.433E+01 +/- 10.01 % Gn^0(l=1) ave= 0.000E+00 +/- 0.00 % Gn^0(l=2) ave= 0.000E+00 +/- 0.00 % Gn^0(l=3) ave= 0.000E+00 +/- 0.00 % || Gtotal(l=0) ave= 3.395E+02 +/- 0.00 % Gtotal(l=1) ave= 0.000E+00 +/- 0.00 % Gtotal(l=2) ave= 0.000E+00 +/- 0.00 % Gtotal(l=3) ave= 0.000E+00 +/- 0.00 %  % || Gg(l=0) ave= 1.318E-02 +/- 12.95 % Gg(l=1) ave= 0.000E+00 +/- 0.00 % Gg(l=2) ave= 0.000E+00 +/- 0.00 % Gg(l=3) ave= 0.000E+00 +/- 0.00 %  % || D(l=0) ave= 6.315E+04 +/- 0.00 % D(l=1) ave= 0.000E+00 +/- 0.00 % D(l=2) ave= 0.000E+00 +/- 0.00 % D(l=3) ave= 0.000E+00 +/- 0.00 %  % || S(l=0) ave= 2.987E-04 +/- 10.03 % S(l=1) ave= 0.000E+00 +/- 0.00 % S(l=2) ave= 0.000E+00 +/- 0.00 % S(l=3) ave= 0.000E+00 +/- 0.00 % 
 ... random file  185 Cap(th)  ave= 5.933E-04 b. +/- 10.55 % || Ela(th) ave= 6.176E+00 b. +/- 6.80 % || RIcap ave= 4.05E-04 b. +/- 9.12 % || Macs30 ave= 5.04E-05 b. +/- 18.19 % || Gn^0(l=0) ave= 5.434E+01 +/- 9.98 % Gn^0(l=1) ave= 0.000E+00 +/- 0.00 % Gn^0(l=2) ave= 0.000E+00 +/- 0.00 % Gn^0(l=3) ave= 0.000E+00 +/- 0.00 % || Gtotal(l=0) ave= 3.395E+02 +/- 0.00 % Gtotal(l=1) ave= 0.000E+00 +/- 0.00 % Gtotal(l=2) ave= 0.000E+00 +/- 0.00 % Gtotal(l=3) ave= 0.000E+00 +/- 0.00 %  % || Gg(l=0) ave= 1.317E-02 +/- 12.92 % Gg(l=1) ave= 0.000E+00 +/- 0.00 % Gg(l=2) ave= 0.000E+00 +/- 0.00 % Gg(l=3) ave= 0.000E+00 +/- 0.00 %  % || D(l=0) ave= 6.315E+04 +/- 0.00 % D(l=1) ave= 0.000E+00 +/- 0.00 % D(l=2) ave= 0.000E+00 +/- 0.00 % D(l=3) ave= 0.000E+00 +/- 0.00 %  % || S(l=0) ave= 2.988E-04 +/- 10.00 % S(l=1) ave= 0.000E+00 +/- 0.00 % S(l=2) ave= 0.000E+00 +/- 0.00 % S(l=3) ave= 0.000E+00 +/- 0.00 % 
 ... random file  186 Cap(th)  ave= 5.932E-04 b. +/- 10.53 % || Ela(th) ave= 6.178E+00 b. +/- 6.78 % || RIcap ave= 4.05E-04 b. +/- 9.13 % || Macs30 ave= 5.04E-05 b. +/- 18.19 % || Gn^0(l=0) ave= 5.432E+01 +/- 9.97 % Gn^0(l=1) ave= 0.000E+00 +/- 0.00 % Gn^0(l=2) ave= 0.000E+00 +/- 0.00 % Gn^0(l=3) ave= 0.000E+00 +/- 0.00 % || Gtotal(l=0) ave= 3.395E+02 +/- 0.00 % Gtotal(l=1) ave= 0.000E+00 +/- 0.00 % Gtotal(l=2) ave= 0.000E+00 +/- 0.00 % Gtotal(l=3) ave= 0.000E+00 +/- 0.00 %  % || Gg(l=0) ave= 1.316E-02 +/- 12.94 % Gg(l=1) ave= 0.000E+00 +/- 0.00 % Gg(l=2) ave= 0.000E+00 +/- 0.00 % Gg(l=3) ave= 0.000E+00 +/- 0.00 %  % || D(l=0) ave= 6.315E+04 +/- 0.00 % D(l=1) ave= 0.000E+00 +/- 0.00 % D(l=2) ave= 0.000E+00 +/- 0.00 % D(l=3) ave= 0.000E+00 +/- 0.00 %  % || S(l=0) ave= 2.987E-04 +/- 9.99 % S(l=1) ave= 0.000E+00 +/- 0.00 % S(l=2) ave= 0.000E+00 +/- 0.00 % S(l=3) ave= 0.000E+00 +/- 0.00 % 
 ... random file  187 Cap(th)  ave= 5.929E-04 b. +/- 10.53 % || Ela(th) ave= 6.179E+00 b. +/- 6.77 % || RIcap ave= 4.05E-04 b. +/- 9.16 % || Macs30 ave= 5.03E-05 b. +/- 18.21 % || Gn^0(l=0) ave= 5.430E+01 +/- 9.96 % Gn^0(l=1) ave= 0.000E+00 +/- 0.00 % Gn^0(l=2) ave= 0.000E+00 +/- 0.00 % Gn^0(l=3) ave= 0.000E+00 +/- 0.00 % || Gtotal(l=0) ave= 3.395E+02 +/- 0.00 % Gtotal(l=1) ave= 0.000E+00 +/- 0.00 % Gtotal(l=2) ave= 0.000E+00 +/- 0.00 % Gtotal(l=3) ave= 0.000E+00 +/- 0.00 %  % || Gg(l=0) ave= 1.316E-02 +/- 12.93 % Gg(l=1) ave= 0.000E+00 +/- 0.00 % Gg(l=2) ave= 0.000E+00 +/- 0.00 % Gg(l=3) ave= 0.000E+00 +/- 0.00 %  % || D(l=0) ave= 6.315E+04 +/- 0.00 % D(l=1) ave= 0.000E+00 +/- 0.00 % D(l=2) ave= 0.000E+00 +/- 0.00 % D(l=3) ave= 0.000E+00 +/- 0.00 %  % || S(l=0) ave= 2.985E-04 +/- 9.98 % S(l=1) ave= 0.000E+00 +/- 0.00 % S(l=2) ave= 0.000E+00 +/- 0.00 % S(l=3) ave= 0.000E+00 +/- 0.00 % 
 ... random file  188 Cap(th)  ave= 5.927E-04 b. +/- 10.51 % || Ela(th) ave= 6.177E+00 b. +/- 6.77 % || RIcap ave= 4.04E-04 b. +/- 9.25 % || Macs30 ave= 5.02E-05 b. +/- 18.38 % || Gn^0(l=0) ave= 5.432E+01 +/- 9.95 % Gn^0(l=1) ave= 0.000E+00 +/- 0.00 % Gn^0(l=2) ave= 0.000E+00 +/- 0.00 % Gn^0(l=3) ave= 0.000E+00 +/- 0.00 % || Gtotal(l=0) ave= 3.395E+02 +/- 0.00 % Gtotal(l=1) ave= 0.000E+00 +/- 0.00 % Gtotal(l=2) ave= 0.000E+00 +/- 0.00 % Gtotal(l=3) ave= 0.000E+00 +/- 0.00 %  % || Gg(l=0) ave= 1.314E-02 +/- 13.02 % Gg(l=1) ave= 0.000E+00 +/- 0.00 % Gg(l=2) ave= 0.000E+00 +/- 0.00 % Gg(l=3) ave= 0.000E+00 +/- 0.00 %  % || D(l=0) ave= 6.315E+04 +/- 0.00 % D(l=1) ave= 0.000E+00 +/- 0.00 % D(l=2) ave= 0.000E+00 +/- 0.00 % D(l=3) ave= 0.000E+00 +/- 0.00 %  % || S(l=0) ave= 2.987E-04 +/- 9.98 % S(l=1) ave= 0.000E+00 +/- 0.00 % S(l=2) ave= 0.000E+00 +/- 0.00 % S(l=3) ave= 0.000E+00 +/- 0.00 % 
 ... random file  189 Cap(th)  ave= 5.925E-04 b. +/- 10.50 % || Ela(th) ave= 6.176E+00 b. +/- 6.77 % || RIcap ave= 4.04E-04 b. +/- 9.22 % || Macs30 ave= 5.03E-05 b. +/- 18.33 % || Gn^0(l=0) ave= 5.435E+01 +/- 9.94 % Gn^0(l=1) ave= 0.000E+00 +/- 0.00 % Gn^0(l=2) ave= 0.000E+00 +/- 0.00 % Gn^0(l=3) ave= 0.000E+00 +/- 0.00 % || Gtotal(l=0) ave= 3.395E+02 +/- 0.00 % Gtotal(l=1) ave= 0.000E+00 +/- 0.00 % Gtotal(l=2) ave= 0.000E+00 +/- 0.00 % Gtotal(l=3) ave= 0.000E+00 +/- 0.00 %  % || Gg(l=0) ave= 1.314E-02 +/- 12.99 % Gg(l=1) ave= 0.000E+00 +/- 0.00 % Gg(l=2) ave= 0.000E+00 +/- 0.00 % Gg(l=3) ave= 0.000E+00 +/- 0.00 %  % || D(l=0) ave= 6.315E+04 +/- 0.00 % D(l=1) ave= 0.000E+00 +/- 0.00 % D(l=2) ave= 0.000E+00 +/- 0.00 % D(l=3) ave= 0.000E+00 +/- 0.00 %  % || S(l=0) ave= 2.988E-04 +/- 9.96 % S(l=1) ave= 0.000E+00 +/- 0.00 % S(l=2) ave= 0.000E+00 +/- 0.00 % S(l=3) ave= 0.000E+00 +/- 0.00 % 
 ... random file  190 Cap(th)  ave= 5.928E-04 b. +/- 10.50 % || Ela(th) ave= 6.176E+00 b. +/- 6.75 % || RIcap ave= 4.04E-04 b. +/- 9.20 % || Macs30 ave= 5.02E-05 b. +/- 18.30 % || Gn^0(l=0) ave= 5.434E+01 +/- 9.91 % Gn^0(l=1) ave= 0.000E+00 +/- 0.00 % Gn^0(l=2) ave= 0.000E+00 +/- 0.00 % Gn^0(l=3) ave= 0.000E+00 +/- 0.00 % || Gtotal(l=0) ave= 3.395E+02 +/- 0.00 % Gtotal(l=1) ave= 0.000E+00 +/- 0.00 % Gtotal(l=2) ave= 0.000E+00 +/- 0.00 % Gtotal(l=3) ave= 0.000E+00 +/- 0.00 %  % || Gg(l=0) ave= 1.314E-02 +/- 12.96 % Gg(l=1) ave= 0.000E+00 +/- 0.00 % Gg(l=2) ave= 0.000E+00 +/- 0.00 % Gg(l=3) ave= 0.000E+00 +/- 0.00 %  % || D(l=0) ave= 6.315E+04 +/- 0.00 % D(l=1) ave= 0.000E+00 +/- 0.00 % D(l=2) ave= 0.000E+00 +/- 0.00 % D(l=3) ave= 0.000E+00 +/- 0.00 %  % || S(l=0) ave= 2.988E-04 +/- 9.93 % S(l=1) ave= 0.000E+00 +/- 0.00 % S(l=2) ave= 0.000E+00 +/- 0.00 % S(l=3) ave= 0.000E+00 +/- 0.00 % 
 ... random file  191 Cap(th)  ave= 5.926E-04 b. +/- 10.48 % || Ela(th) ave= 6.177E+00 b. +/- 6.74 % || RIcap ave= 4.04E-04 b. +/- 9.21 % || Macs30 ave= 5.02E-05 b. +/- 18.28 % || Gn^0(l=0) ave= 5.432E+01 +/- 9.91 % Gn^0(l=1) ave= 0.000E+00 +/- 0.00 % Gn^0(l=2) ave= 0.000E+00 +/- 0.00 % Gn^0(l=3) ave= 0.000E+00 +/- 0.00 % || Gtotal(l=0) ave= 3.395E+02 +/- 0.00 % Gtotal(l=1) ave= 0.000E+00 +/- 0.00 % Gtotal(l=2) ave= 0.000E+00 +/- 0.00 % Gtotal(l=3) ave= 0.000E+00 +/- 0.00 %  % || Gg(l=0) ave= 1.314E-02 +/- 12.93 % Gg(l=1) ave= 0.000E+00 +/- 0.00 % Gg(l=2) ave= 0.000E+00 +/- 0.00 % Gg(l=3) ave= 0.000E+00 +/- 0.00 %  % || D(l=0) ave= 6.315E+04 +/- 0.00 % D(l=1) ave= 0.000E+00 +/- 0.00 % D(l=2) ave= 0.000E+00 +/- 0.00 % D(l=3) ave= 0.000E+00 +/- 0.00 %  % || S(l=0) ave= 2.986E-04 +/- 9.93 % S(l=1) ave= 0.000E+00 +/- 0.00 % S(l=2) ave= 0.000E+00 +/- 0.00 % S(l=3) ave= 0.000E+00 +/- 0.00 % 
 ... random file  192 Cap(th)  ave= 5.924E-04 b. +/- 10.47 % || Ela(th) ave= 6.177E+00 b. +/- 6.73 % || RIcap ave= 4.04E-04 b. +/- 9.18 % || Macs30 ave= 5.02E-05 b. +/- 18.23 % || Gn^0(l=0) ave= 5.433E+01 +/- 9.88 % Gn^0(l=1) ave= 0.000E+00 +/- 0.00 % Gn^0(l=2) ave= 0.000E+00 +/- 0.00 % Gn^0(l=3) ave= 0.000E+00 +/- 0.00 % || Gtotal(l=0) ave= 3.395E+02 +/- 0.00 % Gtotal(l=1) ave= 0.000E+00 +/- 0.00 % Gtotal(l=2) ave= 0.000E+00 +/- 0.00 % Gtotal(l=3) ave= 0.000E+00 +/- 0.00 %  % || Gg(l=0) ave= 1.314E-02 +/- 12.90 % Gg(l=1) ave= 0.000E+00 +/- 0.00 % Gg(l=2) ave= 0.000E+00 +/- 0.00 % Gg(l=3) ave= 0.000E+00 +/- 0.00 %  % || D(l=0) ave= 6.315E+04 +/- 0.00 % D(l=1) ave= 0.000E+00 +/- 0.00 % D(l=2) ave= 0.000E+00 +/- 0.00 % D(l=3) ave= 0.000E+00 +/- 0.00 %  % || S(l=0) ave= 2.987E-04 +/- 9.91 % S(l=1) ave= 0.000E+00 +/- 0.00 % S(l=2) ave= 0.000E+00 +/- 0.00 % S(l=3) ave= 0.000E+00 +/- 0.00 % 
 ... random file  193 Cap(th)  ave= 5.924E-04 b. +/- 10.44 % || Ela(th) ave= 6.178E+00 b. +/- 6.71 % || RIcap ave= 4.04E-04 b. +/- 9.22 % || Macs30 ave= 5.01E-05 b. +/- 18.34 % || Gn^0(l=0) ave= 5.431E+01 +/- 9.86 % Gn^0(l=1) ave= 0.000E+00 +/- 0.00 % Gn^0(l=2) ave= 0.000E+00 +/- 0.00 % Gn^0(l=3) ave= 0.000E+00 +/- 0.00 % || Gtotal(l=0) ave= 3.395E+02 +/- 0.00 % Gtotal(l=1) ave= 0.000E+00 +/- 0.00 % Gtotal(l=2) ave= 0.000E+00 +/- 0.00 % Gtotal(l=3) ave= 0.000E+00 +/- 0.00 %  % || Gg(l=0) ave= 1.313E-02 +/- 12.89 % Gg(l=1) ave= 0.000E+00 +/- 0.00 % Gg(l=2) ave= 0.000E+00 +/- 0.00 % Gg(l=3) ave= 0.000E+00 +/- 0.00 %  % || D(l=0) ave= 6.315E+04 +/- 0.00 % D(l=1) ave= 0.000E+00 +/- 0.00 % D(l=2) ave= 0.000E+00 +/- 0.00 % D(l=3) ave= 0.000E+00 +/- 0.00 %  % || S(l=0) ave= 2.986E-04 +/- 9.89 % S(l=1) ave= 0.000E+00 +/- 0.00 % S(l=2) ave= 0.000E+00 +/- 0.00 % S(l=3) ave= 0.000E+00 +/- 0.00 % 
 ... random file  194 Cap(th)  ave= 5.925E-04 b. +/- 10.42 % || Ela(th) ave= 6.178E+00 b. +/- 6.70 % || RIcap ave= 4.04E-04 b. +/- 9.19 % || Macs30 ave= 5.01E-05 b. +/- 18.31 % || Gn^0(l=0) ave= 5.430E+01 +/- 9.85 % Gn^0(l=1) ave= 0.000E+00 +/- 0.00 % Gn^0(l=2) ave= 0.000E+00 +/- 0.00 % Gn^0(l=3) ave= 0.000E+00 +/- 0.00 % || Gtotal(l=0) ave= 3.395E+02 +/- 0.00 % Gtotal(l=1) ave= 0.000E+00 +/- 0.00 % Gtotal(l=2) ave= 0.000E+00 +/- 0.00 % Gtotal(l=3) ave= 0.000E+00 +/- 0.00 %  % || Gg(l=0) ave= 1.312E-02 +/- 12.88 % Gg(l=1) ave= 0.000E+00 +/- 0.00 % Gg(l=2) ave= 0.000E+00 +/- 0.00 % Gg(l=3) ave= 0.000E+00 +/- 0.00 %  % || D(l=0) ave= 6.315E+04 +/- 0.00 % D(l=1) ave= 0.000E+00 +/- 0.00 % D(l=2) ave= 0.000E+00 +/- 0.00 % D(l=3) ave= 0.000E+00 +/- 0.00 %  % || S(l=0) ave= 2.986E-04 +/- 9.87 % S(l=1) ave= 0.000E+00 +/- 0.00 % S(l=2) ave= 0.000E+00 +/- 0.00 % S(l=3) ave= 0.000E+00 +/- 0.00 % 
 ... random file  195 Cap(th)  ave= 5.923E-04 b. +/- 10.40 % || Ela(th) ave= 6.178E+00 b. +/- 6.68 % || RIcap ave= 4.04E-04 b. +/- 9.19 % || Macs30 ave= 5.01E-05 b. +/- 18.28 % || Gn^0(l=0) ave= 5.430E+01 +/- 9.82 % Gn^0(l=1) ave= 0.000E+00 +/- 0.00 % Gn^0(l=2) ave= 0.000E+00 +/- 0.00 % Gn^0(l=3) ave= 0.000E+00 +/- 0.00 % || Gtotal(l=0) ave= 3.395E+02 +/- 0.00 % Gtotal(l=1) ave= 0.000E+00 +/- 0.00 % Gtotal(l=2) ave= 0.000E+00 +/- 0.00 % Gtotal(l=3) ave= 0.000E+00 +/- 0.00 %  % || Gg(l=0) ave= 1.312E-02 +/- 12.87 % Gg(l=1) ave= 0.000E+00 +/- 0.00 % Gg(l=2) ave= 0.000E+00 +/- 0.00 % Gg(l=3) ave= 0.000E+00 +/- 0.00 %  % || D(l=0) ave= 6.315E+04 +/- 0.00 % D(l=1) ave= 0.000E+00 +/- 0.00 % D(l=2) ave= 0.000E+00 +/- 0.00 % D(l=3) ave= 0.000E+00 +/- 0.00 %  % || S(l=0) ave= 2.986E-04 +/- 9.85 % S(l=1) ave= 0.000E+00 +/- 0.00 % S(l=2) ave= 0.000E+00 +/- 0.00 % S(l=3) ave= 0.000E+00 +/- 0.00 % 
 ... random file  196 Cap(th)  ave= 5.928E-04 b. +/- 10.44 % || Ela(th) ave= 6.179E+00 b. +/- 6.66 % || RIcap ave= 4.04E-04 b. +/- 9.17 % || Macs30 ave= 5.01E-05 b. +/- 18.26 % || Gn^0(l=0) ave= 5.429E+01 +/- 9.81 % Gn^0(l=1) ave= 0.000E+00 +/- 0.00 % Gn^0(l=2) ave= 0.000E+00 +/- 0.00 % Gn^0(l=3) ave= 0.000E+00 +/- 0.00 % || Gtotal(l=0) ave= 3.395E+02 +/- 0.00 % Gtotal(l=1) ave= 0.000E+00 +/- 0.00 % Gtotal(l=2) ave= 0.000E+00 +/- 0.00 % Gtotal(l=3) ave= 0.000E+00 +/- 0.00 %  % || Gg(l=0) ave= 1.311E-02 +/- 12.85 % Gg(l=1) ave= 0.000E+00 +/- 0.00 % Gg(l=2) ave= 0.000E+00 +/- 0.00 % Gg(l=3) ave= 0.000E+00 +/- 0.00 %  % || D(l=0) ave= 6.315E+04 +/- 0.00 % D(l=1) ave= 0.000E+00 +/- 0.00 % D(l=2) ave= 0.000E+00 +/- 0.00 % D(l=3) ave= 0.000E+00 +/- 0.00 %  % || S(l=0) ave= 2.985E-04 +/- 9.83 % S(l=1) ave= 0.000E+00 +/- 0.00 % S(l=2) ave= 0.000E+00 +/- 0.00 % S(l=3) ave= 0.000E+00 +/- 0.00 % 
 ... random file  197 Cap(th)  ave= 5.926E-04 b. +/- 10.42 % || Ela(th) ave= 6.178E+00 b. +/- 6.65 % || RIcap ave= 4.03E-04 b. +/- 9.23 % || Macs30 ave= 5.00E-05 b. +/- 18.37 % || Gn^0(l=0) ave= 5.429E+01 +/- 9.78 % Gn^0(l=1) ave= 0.000E+00 +/- 0.00 % Gn^0(l=2) ave= 0.000E+00 +/- 0.00 % Gn^0(l=3) ave= 0.000E+00 +/- 0.00 % || Gtotal(l=0) ave= 3.395E+02 +/- 0.00 % Gtotal(l=1) ave= 0.000E+00 +/- 0.00 % Gtotal(l=2) ave= 0.000E+00 +/- 0.00 % Gtotal(l=3) ave= 0.000E+00 +/- 0.00 %  % || Gg(l=0) ave= 1.310E-02 +/- 12.92 % Gg(l=1) ave= 0.000E+00 +/- 0.00 % Gg(l=2) ave= 0.000E+00 +/- 0.00 % Gg(l=3) ave= 0.000E+00 +/- 0.00 %  % || D(l=0) ave= 6.315E+04 +/- 0.00 % D(l=1) ave= 0.000E+00 +/- 0.00 % D(l=2) ave= 0.000E+00 +/- 0.00 % D(l=3) ave= 0.000E+00 +/- 0.00 %  % || S(l=0) ave= 2.985E-04 +/- 9.80 % S(l=1) ave= 0.000E+00 +/- 0.00 % S(l=2) ave= 0.000E+00 +/- 0.00 % S(l=3) ave= 0.000E+00 +/- 0.00 % 
 ... random file  198 Cap(th)  ave= 5.927E-04 b. +/- 10.40 % || Ela(th) ave= 6.179E+00 b. +/- 6.63 % || RIcap ave= 4.04E-04 b. +/- 9.21 % || Macs30 ave= 5.00E-05 b. +/- 18.33 % || Gn^0(l=0) ave= 5.428E+01 +/- 9.76 % Gn^0(l=1) ave= 0.000E+00 +/- 0.00 % Gn^0(l=2) ave= 0.000E+00 +/- 0.00 % Gn^0(l=3) ave= 0.000E+00 +/- 0.00 % || Gtotal(l=0) ave= 3.395E+02 +/- 0.00 % Gtotal(l=1) ave= 0.000E+00 +/- 0.00 % Gtotal(l=2) ave= 0.000E+00 +/- 0.00 % Gtotal(l=3) ave= 0.000E+00 +/- 0.00 %  % || Gg(l=0) ave= 1.311E-02 +/- 12.89 % Gg(l=1) ave= 0.000E+00 +/- 0.00 % Gg(l=2) ave= 0.000E+00 +/- 0.00 % Gg(l=3) ave= 0.000E+00 +/- 0.00 %  % || D(l=0) ave= 6.315E+04 +/- 0.00 % D(l=1) ave= 0.000E+00 +/- 0.00 % D(l=2) ave= 0.000E+00 +/- 0.00 % D(l=3) ave= 0.000E+00 +/- 0.00 %  % || S(l=0) ave= 2.984E-04 +/- 9.79 % S(l=1) ave= 0.000E+00 +/- 0.00 % S(l=2) ave= 0.000E+00 +/- 0.00 % S(l=3) ave= 0.000E+00 +/- 0.00 % 
 ... random file  199 Cap(th)  ave= 5.922E-04 b. +/- 10.47 % || Ela(th) ave= 6.181E+00 b. +/- 6.63 % || RIcap ave= 4.03E-04 b. +/- 9.26 % || Macs30 ave= 5.00E-05 b. +/- 18.30 % || Gn^0(l=0) ave= 5.426E+01 +/- 9.76 % Gn^0(l=1) ave= 0.000E+00 +/- 0.00 % Gn^0(l=2) ave= 0.000E+00 +/- 0.00 % Gn^0(l=3) ave= 0.000E+00 +/- 0.00 % || Gtotal(l=0) ave= 3.395E+02 +/- 0.00 % Gtotal(l=1) ave= 0.000E+00 +/- 0.00 % Gtotal(l=2) ave= 0.000E+00 +/- 0.00 % Gtotal(l=3) ave= 0.000E+00 +/- 0.00 %  % || Gg(l=0) ave= 1.310E-02 +/- 12.89 % Gg(l=1) ave= 0.000E+00 +/- 0.00 % Gg(l=2) ave= 0.000E+00 +/- 0.00 % Gg(l=3) ave= 0.000E+00 +/- 0.00 %  % || D(l=0) ave= 6.315E+04 +/- 0.00 % D(l=1) ave= 0.000E+00 +/- 0.00 % D(l=2) ave= 0.000E+00 +/- 0.00 % D(l=3) ave= 0.000E+00 +/- 0.00 %  % || S(l=0) ave= 2.983E-04 +/- 9.78 % S(l=1) ave= 0.000E+00 +/- 0.00 % S(l=2) ave= 0.000E+00 +/- 0.00 % S(l=3) ave= 0.000E+00 +/- 0.00 % 
 ... random file  200 Cap(th)  ave= 5.920E-04 b. +/- 10.45 % || Ela(th) ave= 6.182E+00 b. +/- 6.62 % || RIcap ave= 4.03E-04 b. +/- 9.24 % || Macs30 ave= 5.00E-05 b. +/- 18.26 % || Gn^0(l=0) ave= 5.424E+01 +/- 9.75 % Gn^0(l=1) ave= 0.000E+00 +/- 0.00 % Gn^0(l=2) ave= 0.000E+00 +/- 0.00 % Gn^0(l=3) ave= 0.000E+00 +/- 0.00 % || Gtotal(l=0) ave= 3.395E+02 +/- 0.00 % Gtotal(l=1) ave= 0.000E+00 +/- 0.00 % Gtotal(l=2) ave= 0.000E+00 +/- 0.00 % Gtotal(l=3) ave= 0.000E+00 +/- 0.00 %  % || Gg(l=0) ave= 1.310E-02 +/- 12.86 % Gg(l=1) ave= 0.000E+00 +/- 0.00 % Gg(l=2) ave= 0.000E+00 +/- 0.00 % Gg(l=3) ave= 0.000E+00 +/- 0.00 %  % || D(l=0) ave= 6.315E+04 +/- 0.00 % D(l=1) ave= 0.000E+00 +/- 0.00 % D(l=2) ave= 0.000E+00 +/- 0.00 % D(l=3) ave= 0.000E+00 +/- 0.00 %  % || S(l=0) ave= 2.982E-04 +/- 9.78 % S(l=1) ave= 0.000E+00 +/- 0.00 % S(l=2) ave= 0.000E+00 +/- 0.00 % S(l=3) ave= 0.000E+00 +/- 0.00 % 
 ... random file  201 Cap(th)  ave= 5.918E-04 b. +/- 10.44 % || Ela(th) ave= 6.181E+00 b. +/- 6.61 % || RIcap ave= 4.03E-04 b. +/- 9.23 % || Macs30 ave= 5.00E-05 b. +/- 18.23 % || Gn^0(l=0) ave= 5.425E+01 +/- 9.73 % Gn^0(l=1) ave= 0.000E+00 +/- 0.00 % Gn^0(l=2) ave= 0.000E+00 +/- 0.00 % Gn^0(l=3) ave= 0.000E+00 +/- 0.00 % || Gtotal(l=0) ave= 3.395E+02 +/- 0.00 % Gtotal(l=1) ave= 0.000E+00 +/- 0.00 % Gtotal(l=2) ave= 0.000E+00 +/- 0.00 % Gtotal(l=3) ave= 0.000E+00 +/- 0.00 %  % || Gg(l=0) ave= 1.309E-02 +/- 12.85 % Gg(l=1) ave= 0.000E+00 +/- 0.00 % Gg(l=2) ave= 0.000E+00 +/- 0.00 % Gg(l=3) ave= 0.000E+00 +/- 0.00 %  % || D(l=0) ave= 6.315E+04 +/- 0.00 % D(l=1) ave= 0.000E+00 +/- 0.00 % D(l=2) ave= 0.000E+00 +/- 0.00 % D(l=3) ave= 0.000E+00 +/- 0.00 %  % || S(l=0) ave= 2.983E-04 +/- 9.75 % S(l=1) ave= 0.000E+00 +/- 0.00 % S(l=2) ave= 0.000E+00 +/- 0.00 % S(l=3) ave= 0.000E+00 +/- 0.00 % 
 ... random file  202 Cap(th)  ave= 5.921E-04 b. +/- 10.43 % || Ela(th) ave= 6.179E+00 b. +/- 6.60 % || RIcap ave= 4.03E-04 b. +/- 9.29 % || Macs30 ave= 5.00E-05 b. +/- 18.31 % || Gn^0(l=0) ave= 5.427E+01 +/- 9.72 % Gn^0(l=1) ave= 0.000E+00 +/- 0.00 % Gn^0(l=2) ave= 0.000E+00 +/- 0.00 % Gn^0(l=3) ave= 0.000E+00 +/- 0.00 % || Gtotal(l=0) ave= 3.395E+02 +/- 0.00 % Gtotal(l=1) ave= 0.000E+00 +/- 0.00 % Gtotal(l=2) ave= 0.000E+00 +/- 0.00 % Gtotal(l=3) ave= 0.000E+00 +/- 0.00 %  % || Gg(l=0) ave= 1.311E-02 +/- 12.90 % Gg(l=1) ave= 0.000E+00 +/- 0.00 % Gg(l=2) ave= 0.000E+00 +/- 0.00 % Gg(l=3) ave= 0.000E+00 +/- 0.00 %  % || D(l=0) ave= 6.315E+04 +/- 0.00 % D(l=1) ave= 0.000E+00 +/- 0.00 % D(l=2) ave= 0.000E+00 +/- 0.00 % D(l=3) ave= 0.000E+00 +/- 0.00 %  % || S(l=0) ave= 2.984E-04 +/- 9.75 % S(l=1) ave= 0.000E+00 +/- 0.00 % S(l=2) ave= 0.000E+00 +/- 0.00 % S(l=3) ave= 0.000E+00 +/- 0.00 % 
 ... random file  203 Cap(th)  ave= 5.919E-04 b. +/- 10.41 % || Ela(th) ave= 6.181E+00 b. +/- 6.59 % || RIcap ave= 4.04E-04 b. +/- 9.29 % || Macs30 ave= 5.01E-05 b. +/- 18.35 % || Gn^0(l=0) ave= 5.425E+01 +/- 9.71 % Gn^0(l=1) ave= 0.000E+00 +/- 0.00 % Gn^0(l=2) ave= 0.000E+00 +/- 0.00 % Gn^0(l=3) ave= 0.000E+00 +/- 0.00 % || Gtotal(l=0) ave= 3.395E+02 +/- 0.00 % Gtotal(l=1) ave= 0.000E+00 +/- 0.00 % Gtotal(l=2) ave= 0.000E+00 +/- 0.00 % Gtotal(l=3) ave= 0.000E+00 +/- 0.00 %  % || Gg(l=0) ave= 1.311E-02 +/- 12.88 % Gg(l=1) ave= 0.000E+00 +/- 0.00 % Gg(l=2) ave= 0.000E+00 +/- 0.00 % Gg(l=3) ave= 0.000E+00 +/- 0.00 %  % || D(l=0) ave= 6.315E+04 +/- 0.00 % D(l=1) ave= 0.000E+00 +/- 0.00 % D(l=2) ave= 0.000E+00 +/- 0.00 % D(l=3) ave= 0.000E+00 +/- 0.00 %  % || S(l=0) ave= 2.983E-04 +/- 9.74 % S(l=1) ave= 0.000E+00 +/- 0.00 % S(l=2) ave= 0.000E+00 +/- 0.00 % S(l=3) ave= 0.000E+00 +/- 0.00 % 
 ... random file  204 Cap(th)  ave= 5.914E-04 b. +/- 10.48 % || Ela(th) ave= 6.180E+00 b. +/- 6.58 % || RIcap ave= 4.04E-04 b. +/- 9.28 % || Macs30 ave= 5.02E-05 b. +/- 18.34 % || Gn^0(l=0) ave= 5.426E+01 +/- 9.69 % Gn^0(l=1) ave= 0.000E+00 +/- 0.00 % Gn^0(l=2) ave= 0.000E+00 +/- 0.00 % Gn^0(l=3) ave= 0.000E+00 +/- 0.00 % || Gtotal(l=0) ave= 3.395E+02 +/- 0.00 % Gtotal(l=1) ave= 0.000E+00 +/- 0.00 % Gtotal(l=2) ave= 0.000E+00 +/- 0.00 % Gtotal(l=3) ave= 0.000E+00 +/- 0.00 %  % || Gg(l=0) ave= 1.312E-02 +/- 12.86 % Gg(l=1) ave= 0.000E+00 +/- 0.00 % Gg(l=2) ave= 0.000E+00 +/- 0.00 % Gg(l=3) ave= 0.000E+00 +/- 0.00 %  % || D(l=0) ave= 6.315E+04 +/- 0.00 % D(l=1) ave= 0.000E+00 +/- 0.00 % D(l=2) ave= 0.000E+00 +/- 0.00 % D(l=3) ave= 0.000E+00 +/- 0.00 %  % || S(l=0) ave= 2.984E-04 +/- 9.72 % S(l=1) ave= 0.000E+00 +/- 0.00 % S(l=2) ave= 0.000E+00 +/- 0.00 % S(l=3) ave= 0.000E+00 +/- 0.00 % 
 ... random file  205 Cap(th)  ave= 5.914E-04 b. +/- 10.46 % || Ela(th) ave= 6.180E+00 b. +/- 6.56 % || RIcap ave= 4.04E-04 b. +/- 9.25 % || Macs30 ave= 5.02E-05 b. +/- 18.29 % || Gn^0(l=0) ave= 5.426E+01 +/- 9.67 % Gn^0(l=1) ave= 0.000E+00 +/- 0.00 % Gn^0(l=2) ave= 0.000E+00 +/- 0.00 % Gn^0(l=3) ave= 0.000E+00 +/- 0.00 % || Gtotal(l=0) ave= 3.395E+02 +/- 0.00 % Gtotal(l=1) ave= 0.000E+00 +/- 0.00 % Gtotal(l=2) ave= 0.000E+00 +/- 0.00 % Gtotal(l=3) ave= 0.000E+00 +/- 0.00 %  % || Gg(l=0) ave= 1.312E-02 +/- 12.83 % Gg(l=1) ave= 0.000E+00 +/- 0.00 % Gg(l=2) ave= 0.000E+00 +/- 0.00 % Gg(l=3) ave= 0.000E+00 +/- 0.00 %  % || D(l=0) ave= 6.315E+04 +/- 0.00 % D(l=1) ave= 0.000E+00 +/- 0.00 % D(l=2) ave= 0.000E+00 +/- 0.00 % D(l=3) ave= 0.000E+00 +/- 0.00 %  % || S(l=0) ave= 2.983E-04 +/- 9.69 % S(l=1) ave= 0.000E+00 +/- 0.00 % S(l=2) ave= 0.000E+00 +/- 0.00 % S(l=3) ave= 0.000E+00 +/- 0.00 % 
 ... random file  206 Cap(th)  ave= 5.916E-04 b. +/- 10.45 % || Ela(th) ave= 6.182E+00 b. +/- 6.55 % || RIcap ave= 4.03E-04 b. +/- 9.24 % || Macs30 ave= 5.01E-05 b. +/- 18.33 % || Gn^0(l=0) ave= 5.424E+01 +/- 9.66 % Gn^0(l=1) ave= 0.000E+00 +/- 0.00 % Gn^0(l=2) ave= 0.000E+00 +/- 0.00 % Gn^0(l=3) ave= 0.000E+00 +/- 0.00 % || Gtotal(l=0) ave= 3.395E+02 +/- 0.00 % Gtotal(l=1) ave= 0.000E+00 +/- 0.00 % Gtotal(l=2) ave= 0.000E+00 +/- 0.00 % Gtotal(l=3) ave= 0.000E+00 +/- 0.00 %  % || Gg(l=0) ave= 1.312E-02 +/- 12.82 % Gg(l=1) ave= 0.000E+00 +/- 0.00 % Gg(l=2) ave= 0.000E+00 +/- 0.00 % Gg(l=3) ave= 0.000E+00 +/- 0.00 %  % || D(l=0) ave= 6.315E+04 +/- 0.00 % D(l=1) ave= 0.000E+00 +/- 0.00 % D(l=2) ave= 0.000E+00 +/- 0.00 % D(l=3) ave= 0.000E+00 +/- 0.00 %  % || S(l=0) ave= 2.982E-04 +/- 9.69 % S(l=1) ave= 0.000E+00 +/- 0.00 % S(l=2) ave= 0.000E+00 +/- 0.00 % S(l=3) ave= 0.000E+00 +/- 0.00 % 
 ... random file  207 Cap(th)  ave= 5.915E-04 b. +/- 10.43 % || Ela(th) ave= 6.183E+00 b. +/- 6.55 % || RIcap ave= 4.03E-04 b. +/- 9.21 % || Macs30 ave= 5.01E-05 b. +/- 18.29 % || Gn^0(l=0) ave= 5.422E+01 +/- 9.66 % Gn^0(l=1) ave= 0.000E+00 +/- 0.00 % Gn^0(l=2) ave= 0.000E+00 +/- 0.00 % Gn^0(l=3) ave= 0.000E+00 +/- 0.00 % || Gtotal(l=0) ave= 3.395E+02 +/- 0.00 % Gtotal(l=1) ave= 0.000E+00 +/- 0.00 % Gtotal(l=2) ave= 0.000E+00 +/- 0.00 % Gtotal(l=3) ave= 0.000E+00 +/- 0.00 %  % || Gg(l=0) ave= 1.311E-02 +/- 12.80 % Gg(l=1) ave= 0.000E+00 +/- 0.00 % Gg(l=2) ave= 0.000E+00 +/- 0.00 % Gg(l=3) ave= 0.000E+00 +/- 0.00 %  % || D(l=0) ave= 6.315E+04 +/- 0.00 % D(l=1) ave= 0.000E+00 +/- 0.00 % D(l=2) ave= 0.000E+00 +/- 0.00 % D(l=3) ave= 0.000E+00 +/- 0.00 %  % || S(l=0) ave= 2.981E-04 +/- 9.68 % S(l=1) ave= 0.000E+00 +/- 0.00 % S(l=2) ave= 0.000E+00 +/- 0.00 % S(l=3) ave= 0.000E+00 +/- 0.00 % 
 ... random file  208 Cap(th)  ave= 5.924E-04 b. +/- 10.63 % || Ela(th) ave= 6.184E+00 b. +/- 6.53 % || RIcap ave= 4.04E-04 b. +/- 9.21 % || Macs30 ave= 5.01E-05 b. +/- 18.36 % || Gn^0(l=0) ave= 5.421E+01 +/- 9.64 % Gn^0(l=1) ave= 0.000E+00 +/- 0.00 % Gn^0(l=2) ave= 0.000E+00 +/- 0.00 % Gn^0(l=3) ave= 0.000E+00 +/- 0.00 % || Gtotal(l=0) ave= 3.395E+02 +/- 0.00 % Gtotal(l=1) ave= 0.000E+00 +/- 0.00 % Gtotal(l=2) ave= 0.000E+00 +/- 0.00 % Gtotal(l=3) ave= 0.000E+00 +/- 0.00 %  % || Gg(l=0) ave= 1.310E-02 +/- 12.86 % Gg(l=1) ave= 0.000E+00 +/- 0.00 % Gg(l=2) ave= 0.000E+00 +/- 0.00 % Gg(l=3) ave= 0.000E+00 +/- 0.00 %  % || D(l=0) ave= 6.315E+04 +/- 0.00 % D(l=1) ave= 0.000E+00 +/- 0.00 % D(l=2) ave= 0.000E+00 +/- 0.00 % D(l=3) ave= 0.000E+00 +/- 0.00 %  % || S(l=0) ave= 2.981E-04 +/- 9.66 % S(l=1) ave= 0.000E+00 +/- 0.00 % S(l=2) ave= 0.000E+00 +/- 0.00 % S(l=3) ave= 0.000E+00 +/- 0.00 % 
 ... random file  209 Cap(th)  ave= 5.924E-04 b. +/- 10.61 % || Ela(th) ave= 6.185E+00 b. +/- 6.53 % || RIcap ave= 4.04E-04 b. +/- 9.19 % || Macs30 ave= 5.01E-05 b. +/- 18.32 % || Gn^0(l=0) ave= 5.419E+01 +/- 9.63 % Gn^0(l=1) ave= 0.000E+00 +/- 0.00 % Gn^0(l=2) ave= 0.000E+00 +/- 0.00 % Gn^0(l=3) ave= 0.000E+00 +/- 0.00 % || Gtotal(l=0) ave= 3.395E+02 +/- 0.00 % Gtotal(l=1) ave= 0.000E+00 +/- 0.00 % Gtotal(l=2) ave= 0.000E+00 +/- 0.00 % Gtotal(l=3) ave= 0.000E+00 +/- 0.00 %  % || Gg(l=0) ave= 1.310E-02 +/- 12.84 % Gg(l=1) ave= 0.000E+00 +/- 0.00 % Gg(l=2) ave= 0.000E+00 +/- 0.00 % Gg(l=3) ave= 0.000E+00 +/- 0.00 %  % || D(l=0) ave= 6.315E+04 +/- 0.00 % D(l=1) ave= 0.000E+00 +/- 0.00 % D(l=2) ave= 0.000E+00 +/- 0.00 % D(l=3) ave= 0.000E+00 +/- 0.00 %  % || S(l=0) ave= 2.980E-04 +/- 9.66 % S(l=1) ave= 0.000E+00 +/- 0.00 % S(l=2) ave= 0.000E+00 +/- 0.00 % S(l=3) ave= 0.000E+00 +/- 0.00 % 
 ... random file  210 Cap(th)  ave= 5.926E-04 b. +/- 10.59 % || Ela(th) ave= 6.184E+00 b. +/- 6.52 % || RIcap ave= 4.04E-04 b. +/- 9.17 % || Macs30 ave= 5.01E-05 b. +/- 18.28 % || Gn^0(l=0) ave= 5.420E+01 +/- 9.62 % Gn^0(l=1) ave= 0.000E+00 +/- 0.00 % Gn^0(l=2) ave= 0.000E+00 +/- 0.00 % Gn^0(l=3) ave= 0.000E+00 +/- 0.00 % || Gtotal(l=0) ave= 3.395E+02 +/- 0.00 % Gtotal(l=1) ave= 0.000E+00 +/- 0.00 % Gtotal(l=2) ave= 0.000E+00 +/- 0.00 % Gtotal(l=3) ave= 0.000E+00 +/- 0.00 %  % || Gg(l=0) ave= 1.310E-02 +/- 12.80 % Gg(l=1) ave= 0.000E+00 +/- 0.00 % Gg(l=2) ave= 0.000E+00 +/- 0.00 % Gg(l=3) ave= 0.000E+00 +/- 0.00 %  % || D(l=0) ave= 6.315E+04 +/- 0.00 % D(l=1) ave= 0.000E+00 +/- 0.00 % D(l=2) ave= 0.000E+00 +/- 0.00 % D(l=3) ave= 0.000E+00 +/- 0.00 %  % || S(l=0) ave= 2.980E-04 +/- 9.64 % S(l=1) ave= 0.000E+00 +/- 0.00 % S(l=2) ave= 0.000E+00 +/- 0.00 % S(l=3) ave= 0.000E+00 +/- 0.00 % 
 ... random file  211 Cap(th)  ave= 5.926E-04 b. +/- 10.57 % || Ela(th) ave= 6.185E+00 b. +/- 6.50 % || RIcap ave= 4.04E-04 b. +/- 9.17 % || Macs30 ave= 5.00E-05 b. +/- 18.27 % || Gn^0(l=0) ave= 5.419E+01 +/- 9.60 % Gn^0(l=1) ave= 0.000E+00 +/- 0.00 % Gn^0(l=2) ave= 0.000E+00 +/- 0.00 % Gn^0(l=3) ave= 0.000E+00 +/- 0.00 % || Gtotal(l=0) ave= 3.395E+02 +/- 0.00 % Gtotal(l=1) ave= 0.000E+00 +/- 0.00 % Gtotal(l=2) ave= 0.000E+00 +/- 0.00 % Gtotal(l=3) ave= 0.000E+00 +/- 0.00 %  % || Gg(l=0) ave= 1.310E-02 +/- 12.78 % Gg(l=1) ave= 0.000E+00 +/- 0.00 % Gg(l=2) ave= 0.000E+00 +/- 0.00 % Gg(l=3) ave= 0.000E+00 +/- 0.00 %  % || D(l=0) ave= 6.315E+04 +/- 0.00 % D(l=1) ave= 0.000E+00 +/- 0.00 % D(l=2) ave= 0.000E+00 +/- 0.00 % D(l=3) ave= 0.000E+00 +/- 0.00 %  % || S(l=0) ave= 2.980E-04 +/- 9.63 % S(l=1) ave= 0.000E+00 +/- 0.00 % S(l=2) ave= 0.000E+00 +/- 0.00 % S(l=3) ave= 0.000E+00 +/- 0.00 % 
 ... random file  212 Cap(th)  ave= 5.928E-04 b. +/- 10.55 % || Ela(th) ave= 6.184E+00 b. +/- 6.49 % || RIcap ave= 4.04E-04 b. +/- 9.15 % || Macs30 ave= 5.00E-05 b. +/- 18.27 % || Gn^0(l=0) ave= 5.420E+01 +/- 9.58 % Gn^0(l=1) ave= 0.000E+00 +/- 0.00 % Gn^0(l=2) ave= 0.000E+00 +/- 0.00 % Gn^0(l=3) ave= 0.000E+00 +/- 0.00 % || Gtotal(l=0) ave= 3.395E+02 +/- 0.00 % Gtotal(l=1) ave= 0.000E+00 +/- 0.00 % Gtotal(l=2) ave= 0.000E+00 +/- 0.00 % Gtotal(l=3) ave= 0.000E+00 +/- 0.00 %  % || Gg(l=0) ave= 1.309E-02 +/- 12.82 % Gg(l=1) ave= 0.000E+00 +/- 0.00 % Gg(l=2) ave= 0.000E+00 +/- 0.00 % Gg(l=3) ave= 0.000E+00 +/- 0.00 %  % || D(l=0) ave= 6.315E+04 +/- 0.00 % D(l=1) ave= 0.000E+00 +/- 0.00 % D(l=2) ave= 0.000E+00 +/- 0.00 % D(l=3) ave= 0.000E+00 +/- 0.00 %  % || S(l=0) ave= 2.980E-04 +/- 9.61 % S(l=1) ave= 0.000E+00 +/- 0.00 % S(l=2) ave= 0.000E+00 +/- 0.00 % S(l=3) ave= 0.000E+00 +/- 0.00 % 
 ... random file  213 Cap(th)  ave= 5.927E-04 b. +/- 10.52 % || Ela(th) ave= 6.185E+00 b. +/- 6.48 % || RIcap ave= 4.04E-04 b. +/- 9.15 % || Macs30 ave= 5.01E-05 b. +/- 18.30 % || Gn^0(l=0) ave= 5.419E+01 +/- 9.56 % Gn^0(l=1) ave= 0.000E+00 +/- 0.00 % Gn^0(l=2) ave= 0.000E+00 +/- 0.00 % Gn^0(l=3) ave= 0.000E+00 +/- 0.00 % || Gtotal(l=0) ave= 3.395E+02 +/- 0.00 % Gtotal(l=1) ave= 0.000E+00 +/- 0.00 % Gtotal(l=2) ave= 0.000E+00 +/- 0.00 % Gtotal(l=3) ave= 0.000E+00 +/- 0.00 %  % || Gg(l=0) ave= 1.310E-02 +/- 12.90 % Gg(l=1) ave= 0.000E+00 +/- 0.00 % Gg(l=2) ave= 0.000E+00 +/- 0.00 % Gg(l=3) ave= 0.000E+00 +/- 0.00 %  % || D(l=0) ave= 6.315E+04 +/- 0.00 % D(l=1) ave= 0.000E+00 +/- 0.00 % D(l=2) ave= 0.000E+00 +/- 0.00 % D(l=3) ave= 0.000E+00 +/- 0.00 %  % || S(l=0) ave= 2.980E-04 +/- 9.59 % S(l=1) ave= 0.000E+00 +/- 0.00 % S(l=2) ave= 0.000E+00 +/- 0.00 % S(l=3) ave= 0.000E+00 +/- 0.00 % 
 ... random file  214 Cap(th)  ave= 5.933E-04 b. +/- 10.57 % || Ela(th) ave= 6.186E+00 b. +/- 6.47 % || RIcap ave= 4.04E-04 b. +/- 9.21 % || Macs30 ave= 5.01E-05 b. +/- 18.29 % || Gn^0(l=0) ave= 5.417E+01 +/- 9.56 % Gn^0(l=1) ave= 0.000E+00 +/- 0.00 % Gn^0(l=2) ave= 0.000E+00 +/- 0.00 % Gn^0(l=3) ave= 0.000E+00 +/- 0.00 % || Gtotal(l=0) ave= 3.395E+02 +/- 0.00 % Gtotal(l=1) ave= 0.000E+00 +/- 0.00 % Gtotal(l=2) ave= 0.000E+00 +/- 0.00 % Gtotal(l=3) ave= 0.000E+00 +/- 0.00 %  % || Gg(l=0) ave= 1.311E-02 +/- 12.92 % Gg(l=1) ave= 0.000E+00 +/- 0.00 % Gg(l=2) ave= 0.000E+00 +/- 0.00 % Gg(l=3) ave= 0.000E+00 +/- 0.00 %  % || D(l=0) ave= 6.315E+04 +/- 0.00 % D(l=1) ave= 0.000E+00 +/- 0.00 % D(l=2) ave= 0.000E+00 +/- 0.00 % D(l=3) ave= 0.000E+00 +/- 0.00 %  % || S(l=0) ave= 2.978E-04 +/- 9.58 % S(l=1) ave= 0.000E+00 +/- 0.00 % S(l=2) ave= 0.000E+00 +/- 0.00 % S(l=3) ave= 0.000E+00 +/- 0.00 % 
 ... random file  215 Cap(th)  ave= 5.933E-04 b. +/- 10.55 % || Ela(th) ave= 6.185E+00 b. +/- 6.47 % || RIcap ave= 4.04E-04 b. +/- 9.21 % || Macs30 ave= 5.01E-05 b. +/- 18.33 % || Gn^0(l=0) ave= 5.419E+01 +/- 9.55 % Gn^0(l=1) ave= 0.000E+00 +/- 0.00 % Gn^0(l=2) ave= 0.000E+00 +/- 0.00 % Gn^0(l=3) ave= 0.000E+00 +/- 0.00 % || Gtotal(l=0) ave= 3.395E+02 +/- 0.00 % Gtotal(l=1) ave= 0.000E+00 +/- 0.00 % Gtotal(l=2) ave= 0.000E+00 +/- 0.00 % Gtotal(l=3) ave= 0.000E+00 +/- 0.00 %  % || Gg(l=0) ave= 1.311E-02 +/- 12.92 % Gg(l=1) ave= 0.000E+00 +/- 0.00 % Gg(l=2) ave= 0.000E+00 +/- 0.00 % Gg(l=3) ave= 0.000E+00 +/- 0.00 %  % || D(l=0) ave= 6.315E+04 +/- 0.00 % D(l=1) ave= 0.000E+00 +/- 0.00 % D(l=2) ave= 0.000E+00 +/- 0.00 % D(l=3) ave= 0.000E+00 +/- 0.00 %  % || S(l=0) ave= 2.979E-04 +/- 9.57 % S(l=1) ave= 0.000E+00 +/- 0.00 % S(l=2) ave= 0.000E+00 +/- 0.00 % S(l=3) ave= 0.000E+00 +/- 0.00 % 
 ... random file  216 Cap(th)  ave= 5.930E-04 b. +/- 10.55 % || Ela(th) ave= 6.185E+00 b. +/- 6.45 % || RIcap ave= 4.04E-04 b. +/- 9.19 % || Macs30 ave= 5.01E-05 b. +/- 18.29 % || Gn^0(l=0) ave= 5.419E+01 +/- 9.52 % Gn^0(l=1) ave= 0.000E+00 +/- 0.00 % Gn^0(l=2) ave= 0.000E+00 +/- 0.00 % Gn^0(l=3) ave= 0.000E+00 +/- 0.00 % || Gtotal(l=0) ave= 3.395E+02 +/- 0.00 % Gtotal(l=1) ave= 0.000E+00 +/- 0.00 % Gtotal(l=2) ave= 0.000E+00 +/- 0.00 % Gtotal(l=3) ave= 0.000E+00 +/- 0.00 %  % || Gg(l=0) ave= 1.310E-02 +/- 12.90 % Gg(l=1) ave= 0.000E+00 +/- 0.00 % Gg(l=2) ave= 0.000E+00 +/- 0.00 % Gg(l=3) ave= 0.000E+00 +/- 0.00 %  % || D(l=0) ave= 6.315E+04 +/- 0.00 % D(l=1) ave= 0.000E+00 +/- 0.00 % D(l=2) ave= 0.000E+00 +/- 0.00 % D(l=3) ave= 0.000E+00 +/- 0.00 %  % || S(l=0) ave= 2.979E-04 +/- 9.55 % S(l=1) ave= 0.000E+00 +/- 0.00 % S(l=2) ave= 0.000E+00 +/- 0.00 % S(l=3) ave= 0.000E+00 +/- 0.00 % 
 ... random file  217 Cap(th)  ave= 5.935E-04 b. +/- 10.57 % || Ela(th) ave= 6.184E+00 b. +/- 6.44 % || RIcap ave= 4.04E-04 b. +/- 9.19 % || Macs30 ave= 5.01E-05 b. +/- 18.25 % || Gn^0(l=0) ave= 5.419E+01 +/- 9.50 % Gn^0(l=1) ave= 0.000E+00 +/- 0.00 % Gn^0(l=2) ave= 0.000E+00 +/- 0.00 % Gn^0(l=3) ave= 0.000E+00 +/- 0.00 % || Gtotal(l=0) ave= 3.395E+02 +/- 0.00 % Gtotal(l=1) ave= 0.000E+00 +/- 0.00 % Gtotal(l=2) ave= 0.000E+00 +/- 0.00 % Gtotal(l=3) ave= 0.000E+00 +/- 0.00 %  % || Gg(l=0) ave= 1.310E-02 +/- 12.91 % Gg(l=1) ave= 0.000E+00 +/- 0.00 % Gg(l=2) ave= 0.000E+00 +/- 0.00 % Gg(l=3) ave= 0.000E+00 +/- 0.00 %  % || D(l=0) ave= 6.315E+04 +/- 0.00 % D(l=1) ave= 0.000E+00 +/- 0.00 % D(l=2) ave= 0.000E+00 +/- 0.00 % D(l=3) ave= 0.000E+00 +/- 0.00 %  % || S(l=0) ave= 2.980E-04 +/- 9.53 % S(l=1) ave= 0.000E+00 +/- 0.00 % S(l=2) ave= 0.000E+00 +/- 0.00 % S(l=3) ave= 0.000E+00 +/- 0.00 % 
 ... random file  218 Cap(th)  ave= 5.938E-04 b. +/- 10.57 % || Ela(th) ave= 6.183E+00 b. +/- 6.43 % || RIcap ave= 4.04E-04 b. +/- 9.18 % || Macs30 ave= 5.01E-05 b. +/- 18.21 % || Gn^0(l=0) ave= 5.421E+01 +/- 9.48 % Gn^0(l=1) ave= 0.000E+00 +/- 0.00 % Gn^0(l=2) ave= 0.000E+00 +/- 0.00 % Gn^0(l=3) ave= 0.000E+00 +/- 0.00 % || Gtotal(l=0) ave= 3.395E+02 +/- 0.00 % Gtotal(l=1) ave= 0.000E+00 +/- 0.00 % Gtotal(l=2) ave= 0.000E+00 +/- 0.00 % Gtotal(l=3) ave= 0.000E+00 +/- 0.00 %  % || Gg(l=0) ave= 1.310E-02 +/- 12.89 % Gg(l=1) ave= 0.000E+00 +/- 0.00 % Gg(l=2) ave= 0.000E+00 +/- 0.00 % Gg(l=3) ave= 0.000E+00 +/- 0.00 %  % || D(l=0) ave= 6.315E+04 +/- 0.00 % D(l=1) ave= 0.000E+00 +/- 0.00 % D(l=2) ave= 0.000E+00 +/- 0.00 % D(l=3) ave= 0.000E+00 +/- 0.00 %  % || S(l=0) ave= 2.980E-04 +/- 9.51 % S(l=1) ave= 0.000E+00 +/- 0.00 % S(l=2) ave= 0.000E+00 +/- 0.00 % S(l=3) ave= 0.000E+00 +/- 0.00 % 
 ... random file  219 Cap(th)  ave= 5.937E-04 b. +/- 10.54 % || Ela(th) ave= 6.182E+00 b. +/- 6.43 % || RIcap ave= 4.04E-04 b. +/- 9.16 % || Macs30 ave= 5.01E-05 b. +/- 18.17 % || Gn^0(l=0) ave= 5.422E+01 +/- 9.47 % Gn^0(l=1) ave= 0.000E+00 +/- 0.00 % Gn^0(l=2) ave= 0.000E+00 +/- 0.00 % Gn^0(l=3) ave= 0.000E+00 +/- 0.00 % || Gtotal(l=0) ave= 3.395E+02 +/- 0.00 % Gtotal(l=1) ave= 0.000E+00 +/- 0.00 % Gtotal(l=2) ave= 0.000E+00 +/- 0.00 % Gtotal(l=3) ave= 0.000E+00 +/- 0.00 %  % || Gg(l=0) ave= 1.310E-02 +/- 12.86 % Gg(l=1) ave= 0.000E+00 +/- 0.00 % Gg(l=2) ave= 0.000E+00 +/- 0.00 % Gg(l=3) ave= 0.000E+00 +/- 0.00 %  % || D(l=0) ave= 6.315E+04 +/- 0.00 % D(l=1) ave= 0.000E+00 +/- 0.00 % D(l=2) ave= 0.000E+00 +/- 0.00 % D(l=3) ave= 0.000E+00 +/- 0.00 %  % || S(l=0) ave= 2.981E-04 +/- 9.50 % S(l=1) ave= 0.000E+00 +/- 0.00 % S(l=2) ave= 0.000E+00 +/- 0.00 % S(l=3) ave= 0.000E+00 +/- 0.00 % 
 ... random file  220 Cap(th)  ave= 5.936E-04 b. +/- 10.53 % || Ela(th) ave= 6.182E+00 b. +/- 6.42 % || RIcap ave= 4.04E-04 b. +/- 9.17 % || Macs30 ave= 5.00E-05 b. +/- 18.18 % || Gn^0(l=0) ave= 5.422E+01 +/- 9.46 % Gn^0(l=1) ave= 0.000E+00 +/- 0.00 % Gn^0(l=2) ave= 0.000E+00 +/- 0.00 % Gn^0(l=3) ave= 0.000E+00 +/- 0.00 % || Gtotal(l=0) ave= 3.395E+02 +/- 0.00 % Gtotal(l=1) ave= 0.000E+00 +/- 0.00 % Gtotal(l=2) ave= 0.000E+00 +/- 0.00 % Gtotal(l=3) ave= 0.000E+00 +/- 0.00 %  % || Gg(l=0) ave= 1.310E-02 +/- 12.85 % Gg(l=1) ave= 0.000E+00 +/- 0.00 % Gg(l=2) ave= 0.000E+00 +/- 0.00 % Gg(l=3) ave= 0.000E+00 +/- 0.00 %  % || D(l=0) ave= 6.315E+04 +/- 0.00 % D(l=1) ave= 0.000E+00 +/- 0.00 % D(l=2) ave= 0.000E+00 +/- 0.00 % D(l=3) ave= 0.000E+00 +/- 0.00 %  % || S(l=0) ave= 2.981E-04 +/- 9.48 % S(l=1) ave= 0.000E+00 +/- 0.00 % S(l=2) ave= 0.000E+00 +/- 0.00 % S(l=3) ave= 0.000E+00 +/- 0.00 % 
 ... random file  221 Cap(th)  ave= 5.935E-04 b. +/- 10.51 % || Ela(th) ave= 6.182E+00 b. +/- 6.40 % || RIcap ave= 4.04E-04 b. +/- 9.15 % || Macs30 ave= 5.00E-05 b. +/- 18.14 % || Gn^0(l=0) ave= 5.422E+01 +/- 9.43 % Gn^0(l=1) ave= 0.000E+00 +/- 0.00 % Gn^0(l=2) ave= 0.000E+00 +/- 0.00 % Gn^0(l=3) ave= 0.000E+00 +/- 0.00 % || Gtotal(l=0) ave= 3.395E+02 +/- 0.00 % Gtotal(l=1) ave= 0.000E+00 +/- 0.00 % Gtotal(l=2) ave= 0.000E+00 +/- 0.00 % Gtotal(l=3) ave= 0.000E+00 +/- 0.00 %  % || Gg(l=0) ave= 1.310E-02 +/- 12.83 % Gg(l=1) ave= 0.000E+00 +/- 0.00 % Gg(l=2) ave= 0.000E+00 +/- 0.00 % Gg(l=3) ave= 0.000E+00 +/- 0.00 %  % || D(l=0) ave= 6.315E+04 +/- 0.00 % D(l=1) ave= 0.000E+00 +/- 0.00 % D(l=2) ave= 0.000E+00 +/- 0.00 % D(l=3) ave= 0.000E+00 +/- 0.00 %  % || S(l=0) ave= 2.981E-04 +/- 9.46 % S(l=1) ave= 0.000E+00 +/- 0.00 % S(l=2) ave= 0.000E+00 +/- 0.00 % S(l=3) ave= 0.000E+00 +/- 0.00 % 
 ... random file  222 Cap(th)  ave= 5.934E-04 b. +/- 10.49 % || Ela(th) ave= 6.181E+00 b. +/- 6.39 % || RIcap ave= 4.04E-04 b. +/- 9.13 % || Macs30 ave= 5.00E-05 b. +/- 18.10 % || Gn^0(l=0) ave= 5.423E+01 +/- 9.41 % Gn^0(l=1) ave= 0.000E+00 +/- 0.00 % Gn^0(l=2) ave= 0.000E+00 +/- 0.00 % Gn^0(l=3) ave= 0.000E+00 +/- 0.00 % || Gtotal(l=0) ave= 3.395E+02 +/- 0.00 % Gtotal(l=1) ave= 0.000E+00 +/- 0.00 % Gtotal(l=2) ave= 0.000E+00 +/- 0.00 % Gtotal(l=3) ave= 0.000E+00 +/- 0.00 %  % || Gg(l=0) ave= 1.309E-02 +/- 12.81 % Gg(l=1) ave= 0.000E+00 +/- 0.00 % Gg(l=2) ave= 0.000E+00 +/- 0.00 % Gg(l=3) ave= 0.000E+00 +/- 0.00 %  % || D(l=0) ave= 6.315E+04 +/- 0.00 % D(l=1) ave= 0.000E+00 +/- 0.00 % D(l=2) ave= 0.000E+00 +/- 0.00 % D(l=3) ave= 0.000E+00 +/- 0.00 %  % || S(l=0) ave= 2.981E-04 +/- 9.44 % S(l=1) ave= 0.000E+00 +/- 0.00 % S(l=2) ave= 0.000E+00 +/- 0.00 % S(l=3) ave= 0.000E+00 +/- 0.00 % 
 ... random file  223 Cap(th)  ave= 5.933E-04 b. +/- 10.47 % || Ela(th) ave= 6.182E+00 b. +/- 6.38 % || RIcap ave= 4.04E-04 b. +/- 9.14 % || Macs30 ave= 5.00E-05 b. +/- 18.11 % || Gn^0(l=0) ave= 5.422E+01 +/- 9.40 % Gn^0(l=1) ave= 0.000E+00 +/- 0.00 % Gn^0(l=2) ave= 0.000E+00 +/- 0.00 % Gn^0(l=3) ave= 0.000E+00 +/- 0.00 % || Gtotal(l=0) ave= 3.395E+02 +/- 0.00 % Gtotal(l=1) ave= 0.000E+00 +/- 0.00 % Gtotal(l=2) ave= 0.000E+00 +/- 0.00 % Gtotal(l=3) ave= 0.000E+00 +/- 0.00 %  % || Gg(l=0) ave= 1.309E-02 +/- 12.81 % Gg(l=1) ave= 0.000E+00 +/- 0.00 % Gg(l=2) ave= 0.000E+00 +/- 0.00 % Gg(l=3) ave= 0.000E+00 +/- 0.00 %  % || D(l=0) ave= 6.315E+04 +/- 0.00 % D(l=1) ave= 0.000E+00 +/- 0.00 % D(l=2) ave= 0.000E+00 +/- 0.00 % D(l=3) ave= 0.000E+00 +/- 0.00 %  % || S(l=0) ave= 2.981E-04 +/- 9.42 % S(l=1) ave= 0.000E+00 +/- 0.00 % S(l=2) ave= 0.000E+00 +/- 0.00 % S(l=3) ave= 0.000E+00 +/- 0.00 % 
 ... random file  224 Cap(th)  ave= 5.933E-04 b. +/- 10.45 % || Ela(th) ave= 6.182E+00 b. +/- 6.37 % || RIcap ave= 4.04E-04 b. +/- 9.12 % || Macs30 ave= 5.00E-05 b. +/- 18.08 % || Gn^0(l=0) ave= 5.421E+01 +/- 9.38 % Gn^0(l=1) ave= 0.000E+00 +/- 0.00 % Gn^0(l=2) ave= 0.000E+00 +/- 0.00 % Gn^0(l=3) ave= 0.000E+00 +/- 0.00 % || Gtotal(l=0) ave= 3.395E+02 +/- 0.00 % Gtotal(l=1) ave= 0.000E+00 +/- 0.00 % Gtotal(l=2) ave= 0.000E+00 +/- 0.00 % Gtotal(l=3) ave= 0.000E+00 +/- 0.00 %  % || Gg(l=0) ave= 1.309E-02 +/- 12.78 % Gg(l=1) ave= 0.000E+00 +/- 0.00 % Gg(l=2) ave= 0.000E+00 +/- 0.00 % Gg(l=3) ave= 0.000E+00 +/- 0.00 %  % || D(l=0) ave= 6.315E+04 +/- 0.00 % D(l=1) ave= 0.000E+00 +/- 0.00 % D(l=2) ave= 0.000E+00 +/- 0.00 % D(l=3) ave= 0.000E+00 +/- 0.00 %  % || S(l=0) ave= 2.980E-04 +/- 9.41 % S(l=1) ave= 0.000E+00 +/- 0.00 % S(l=2) ave= 0.000E+00 +/- 0.00 % S(l=3) ave= 0.000E+00 +/- 0.00 % 
 ... random file  225 Cap(th)  ave= 5.930E-04 b. +/- 10.45 % || Ela(th) ave= 6.181E+00 b. +/- 6.36 % || RIcap ave= 4.04E-04 b. +/- 9.12 % || Macs30 ave= 5.00E-05 b. +/- 18.05 % || Gn^0(l=0) ave= 5.423E+01 +/- 9.38 % Gn^0(l=1) ave= 0.000E+00 +/- 0.00 % Gn^0(l=2) ave= 0.000E+00 +/- 0.00 % Gn^0(l=3) ave= 0.000E+00 +/- 0.00 % || Gtotal(l=0) ave= 3.395E+02 +/- 0.00 % Gtotal(l=1) ave= 0.000E+00 +/- 0.00 % Gtotal(l=2) ave= 0.000E+00 +/- 0.00 % Gtotal(l=3) ave= 0.000E+00 +/- 0.00 %  % || Gg(l=0) ave= 1.308E-02 +/- 12.78 % Gg(l=1) ave= 0.000E+00 +/- 0.00 % Gg(l=2) ave= 0.000E+00 +/- 0.00 % Gg(l=3) ave= 0.000E+00 +/- 0.00 %  % || D(l=0) ave= 6.315E+04 +/- 0.00 % D(l=1) ave= 0.000E+00 +/- 0.00 % D(l=2) ave= 0.000E+00 +/- 0.00 % D(l=3) ave= 0.000E+00 +/- 0.00 %  % || S(l=0) ave= 2.981E-04 +/- 9.40 % S(l=1) ave= 0.000E+00 +/- 0.00 % S(l=2) ave= 0.000E+00 +/- 0.00 % S(l=3) ave= 0.000E+00 +/- 0.00 % 
 ... random file  226 Cap(th)  ave= 5.933E-04 b. +/- 10.45 % || Ela(th) ave= 6.182E+00 b. +/- 6.35 % || RIcap ave= 4.04E-04 b. +/- 9.14 % || Macs30 ave= 5.01E-05 b. +/- 18.06 % || Gn^0(l=0) ave= 5.421E+01 +/- 9.36 % Gn^0(l=1) ave= 0.000E+00 +/- 0.00 % Gn^0(l=2) ave= 0.000E+00 +/- 0.00 % Gn^0(l=3) ave= 0.000E+00 +/- 0.00 % || Gtotal(l=0) ave= 3.395E+02 +/- 0.00 % Gtotal(l=1) ave= 0.000E+00 +/- 0.00 % Gtotal(l=2) ave= 0.000E+00 +/- 0.00 % Gtotal(l=3) ave= 0.000E+00 +/- 0.00 %  % || Gg(l=0) ave= 1.310E-02 +/- 12.84 % Gg(l=1) ave= 0.000E+00 +/- 0.00 % Gg(l=2) ave= 0.000E+00 +/- 0.00 % Gg(l=3) ave= 0.000E+00 +/- 0.00 %  % || D(l=0) ave= 6.315E+04 +/- 0.00 % D(l=1) ave= 0.000E+00 +/- 0.00 % D(l=2) ave= 0.000E+00 +/- 0.00 % D(l=3) ave= 0.000E+00 +/- 0.00 %  % || S(l=0) ave= 2.981E-04 +/- 9.39 % S(l=1) ave= 0.000E+00 +/- 0.00 % S(l=2) ave= 0.000E+00 +/- 0.00 % S(l=3) ave= 0.000E+00 +/- 0.00 % 
 ... random file  227 Cap(th)  ave= 5.929E-04 b. +/- 10.48 % || Ela(th) ave= 6.181E+00 b. +/- 6.34 % || RIcap ave= 4.04E-04 b. +/- 9.24 % || Macs30 ave= 5.00E-05 b. +/- 18.15 % || Gn^0(l=0) ave= 5.422E+01 +/- 9.34 % Gn^0(l=1) ave= 0.000E+00 +/- 0.00 % Gn^0(l=2) ave= 0.000E+00 +/- 0.00 % Gn^0(l=3) ave= 0.000E+00 +/- 0.00 % || Gtotal(l=0) ave= 3.395E+02 +/- 0.00 % Gtotal(l=1) ave= 0.000E+00 +/- 0.00 % Gtotal(l=2) ave= 0.000E+00 +/- 0.00 % Gtotal(l=3) ave= 0.000E+00 +/- 0.00 %  % || Gg(l=0) ave= 1.309E-02 +/- 12.87 % Gg(l=1) ave= 0.000E+00 +/- 0.00 % Gg(l=2) ave= 0.000E+00 +/- 0.00 % Gg(l=3) ave= 0.000E+00 +/- 0.00 %  % || D(l=0) ave= 6.315E+04 +/- 0.00 % D(l=1) ave= 0.000E+00 +/- 0.00 % D(l=2) ave= 0.000E+00 +/- 0.00 % D(l=3) ave= 0.000E+00 +/- 0.00 %  % || S(l=0) ave= 2.981E-04 +/- 9.37 % S(l=1) ave= 0.000E+00 +/- 0.00 % S(l=2) ave= 0.000E+00 +/- 0.00 % S(l=3) ave= 0.000E+00 +/- 0.00 % 
 ... random file  228 Cap(th)  ave= 5.929E-04 b. +/- 10.45 % || Ela(th) ave= 6.182E+00 b. +/- 6.33 % || RIcap ave= 4.04E-04 b. +/- 9.24 % || Macs30 ave= 5.00E-05 b. +/- 18.14 % || Gn^0(l=0) ave= 5.420E+01 +/- 9.33 % Gn^0(l=1) ave= 0.000E+00 +/- 0.00 % Gn^0(l=2) ave= 0.000E+00 +/- 0.00 % Gn^0(l=3) ave= 0.000E+00 +/- 0.00 % || Gtotal(l=0) ave= 3.395E+02 +/- 0.00 % Gtotal(l=1) ave= 0.000E+00 +/- 0.00 % Gtotal(l=2) ave= 0.000E+00 +/- 0.00 % Gtotal(l=3) ave= 0.000E+00 +/- 0.00 %  % || Gg(l=0) ave= 1.309E-02 +/- 12.85 % Gg(l=1) ave= 0.000E+00 +/- 0.00 % Gg(l=2) ave= 0.000E+00 +/- 0.00 % Gg(l=3) ave= 0.000E+00 +/- 0.00 %  % || D(l=0) ave= 6.315E+04 +/- 0.00 % D(l=1) ave= 0.000E+00 +/- 0.00 % D(l=2) ave= 0.000E+00 +/- 0.00 % D(l=3) ave= 0.000E+00 +/- 0.00 %  % || S(l=0) ave= 2.980E-04 +/- 9.36 % S(l=1) ave= 0.000E+00 +/- 0.00 % S(l=2) ave= 0.000E+00 +/- 0.00 % S(l=3) ave= 0.000E+00 +/- 0.00 % 
 ... random file  229 Cap(th)  ave= 5.929E-04 b. +/- 10.43 % || Ela(th) ave= 6.183E+00 b. +/- 6.32 % || RIcap ave= 4.03E-04 b. +/- 9.23 % || Macs30 ave= 4.99E-05 b. +/- 18.14 % || Gn^0(l=0) ave= 5.419E+01 +/- 9.32 % Gn^0(l=1) ave= 0.000E+00 +/- 0.00 % Gn^0(l=2) ave= 0.000E+00 +/- 0.00 % Gn^0(l=3) ave= 0.000E+00 +/- 0.00 % || Gtotal(l=0) ave= 3.395E+02 +/- 0.00 % Gtotal(l=1) ave= 0.000E+00 +/- 0.00 % Gtotal(l=2) ave= 0.000E+00 +/- 0.00 % Gtotal(l=3) ave= 0.000E+00 +/- 0.00 %  % || Gg(l=0) ave= 1.310E-02 +/- 12.84 % Gg(l=1) ave= 0.000E+00 +/- 0.00 % Gg(l=2) ave= 0.000E+00 +/- 0.00 % Gg(l=3) ave= 0.000E+00 +/- 0.00 %  % || D(l=0) ave= 6.315E+04 +/- 0.00 % D(l=1) ave= 0.000E+00 +/- 0.00 % D(l=2) ave= 0.000E+00 +/- 0.00 % D(l=3) ave= 0.000E+00 +/- 0.00 %  % || S(l=0) ave= 2.980E-04 +/- 9.34 % S(l=1) ave= 0.000E+00 +/- 0.00 % S(l=2) ave= 0.000E+00 +/- 0.00 % S(l=3) ave= 0.000E+00 +/- 0.00 % 
 ... random file  230 Cap(th)  ave= 5.933E-04 b. +/- 10.44 % || Ela(th) ave= 6.183E+00 b. +/- 6.31 % || RIcap ave= 4.03E-04 b. +/- 9.21 % || Macs30 ave= 4.99E-05 b. +/- 18.12 % || Gn^0(l=0) ave= 5.420E+01 +/- 9.30 % Gn^0(l=1) ave= 0.000E+00 +/- 0.00 % Gn^0(l=2) ave= 0.000E+00 +/- 0.00 % Gn^0(l=3) ave= 0.000E+00 +/- 0.00 % || Gtotal(l=0) ave= 3.395E+02 +/- 0.00 % Gtotal(l=1) ave= 0.000E+00 +/- 0.00 % Gtotal(l=2) ave= 0.000E+00 +/- 0.00 % Gtotal(l=3) ave= 0.000E+00 +/- 0.00 %  % || Gg(l=0) ave= 1.310E-02 +/- 12.81 % Gg(l=1) ave= 0.000E+00 +/- 0.00 % Gg(l=2) ave= 0.000E+00 +/- 0.00 % Gg(l=3) ave= 0.000E+00 +/- 0.00 %  % || D(l=0) ave= 6.315E+04 +/- 0.00 % D(l=1) ave= 0.000E+00 +/- 0.00 % D(l=2) ave= 0.000E+00 +/- 0.00 % D(l=3) ave= 0.000E+00 +/- 0.00 %  % || S(l=0) ave= 2.980E-04 +/- 9.33 % S(l=1) ave= 0.000E+00 +/- 0.00 % S(l=2) ave= 0.000E+00 +/- 0.00 % S(l=3) ave= 0.000E+00 +/- 0.00 % 
 ... random file  231 Cap(th)  ave= 5.930E-04 b. +/- 10.44 % || Ela(th) ave= 6.184E+00 b. +/- 6.30 % || RIcap ave= 4.03E-04 b. +/- 9.23 % || Macs30 ave= 4.99E-05 b. +/- 18.13 % || Gn^0(l=0) ave= 5.419E+01 +/- 9.30 % Gn^0(l=1) ave= 0.000E+00 +/- 0.00 % Gn^0(l=2) ave= 0.000E+00 +/- 0.00 % Gn^0(l=3) ave= 0.000E+00 +/- 0.00 % || Gtotal(l=0) ave= 3.395E+02 +/- 0.00 % Gtotal(l=1) ave= 0.000E+00 +/- 0.00 % Gtotal(l=2) ave= 0.000E+00 +/- 0.00 % Gtotal(l=3) ave= 0.000E+00 +/- 0.00 %  % || Gg(l=0) ave= 1.309E-02 +/- 12.83 % Gg(l=1) ave= 0.000E+00 +/- 0.00 % Gg(l=2) ave= 0.000E+00 +/- 0.00 % Gg(l=3) ave= 0.000E+00 +/- 0.00 %  % || D(l=0) ave= 6.315E+04 +/- 0.00 % D(l=1) ave= 0.000E+00 +/- 0.00 % D(l=2) ave= 0.000E+00 +/- 0.00 % D(l=3) ave= 0.000E+00 +/- 0.00 %  % || S(l=0) ave= 2.979E-04 +/- 9.32 % S(l=1) ave= 0.000E+00 +/- 0.00 % S(l=2) ave= 0.000E+00 +/- 0.00 % S(l=3) ave= 0.000E+00 +/- 0.00 % 
 ... random file  232 Cap(th)  ave= 5.928E-04 b. +/- 10.44 % || Ela(th) ave= 6.184E+00 b. +/- 6.29 % || RIcap ave= 4.03E-04 b. +/- 9.23 % || Macs30 ave= 4.99E-05 b. +/- 18.11 % || Gn^0(l=0) ave= 5.418E+01 +/- 9.28 % Gn^0(l=1) ave= 0.000E+00 +/- 0.00 % Gn^0(l=2) ave= 0.000E+00 +/- 0.00 % Gn^0(l=3) ave= 0.000E+00 +/- 0.00 % || Gtotal(l=0) ave= 3.395E+02 +/- 0.00 % Gtotal(l=1) ave= 0.000E+00 +/- 0.00 % Gtotal(l=2) ave= 0.000E+00 +/- 0.00 % Gtotal(l=3) ave= 0.000E+00 +/- 0.00 %  % || Gg(l=0) ave= 1.309E-02 +/- 12.81 % Gg(l=1) ave= 0.000E+00 +/- 0.00 % Gg(l=2) ave= 0.000E+00 +/- 0.00 % Gg(l=3) ave= 0.000E+00 +/- 0.00 %  % || D(l=0) ave= 6.315E+04 +/- 0.00 % D(l=1) ave= 0.000E+00 +/- 0.00 % D(l=2) ave= 0.000E+00 +/- 0.00 % D(l=3) ave= 0.000E+00 +/- 0.00 %  % || S(l=0) ave= 2.979E-04 +/- 9.31 % S(l=1) ave= 0.000E+00 +/- 0.00 % S(l=2) ave= 0.000E+00 +/- 0.00 % S(l=3) ave= 0.000E+00 +/- 0.00 % 
 ... random file  233 Cap(th)  ave= 5.929E-04 b. +/- 10.41 % || Ela(th) ave= 6.185E+00 b. +/- 6.28 % || RIcap ave= 4.03E-04 b. +/- 9.29 % || Macs30 ave= 5.00E-05 b. +/- 18.27 % || Gn^0(l=0) ave= 5.416E+01 +/- 9.27 % Gn^0(l=1) ave= 0.000E+00 +/- 0.00 % Gn^0(l=2) ave= 0.000E+00 +/- 0.00 % Gn^0(l=3) ave= 0.000E+00 +/- 0.00 % || Gtotal(l=0) ave= 3.395E+02 +/- 0.00 % Gtotal(l=1) ave= 0.000E+00 +/- 0.00 % Gtotal(l=2) ave= 0.000E+00 +/- 0.00 % Gtotal(l=3) ave= 0.000E+00 +/- 0.00 %  % || Gg(l=0) ave= 1.310E-02 +/- 12.85 % Gg(l=1) ave= 0.000E+00 +/- 0.00 % Gg(l=2) ave= 0.000E+00 +/- 0.00 % Gg(l=3) ave= 0.000E+00 +/- 0.00 %  % || D(l=0) ave= 6.315E+04 +/- 0.00 % D(l=1) ave= 0.000E+00 +/- 0.00 % D(l=2) ave= 0.000E+00 +/- 0.00 % D(l=3) ave= 0.000E+00 +/- 0.00 %  % || S(l=0) ave= 2.978E-04 +/- 9.30 % S(l=1) ave= 0.000E+00 +/- 0.00 % S(l=2) ave= 0.000E+00 +/- 0.00 % S(l=3) ave= 0.000E+00 +/- 0.00 % 
 ... random file  234 Cap(th)  ave= 5.931E-04 b. +/- 10.40 % || Ela(th) ave= 6.184E+00 b. +/- 6.27 % || RIcap ave= 4.03E-04 b. +/- 9.28 % || Macs30 ave= 4.99E-05 b. +/- 18.34 % || Gn^0(l=0) ave= 5.417E+01 +/- 9.26 % Gn^0(l=1) ave= 0.000E+00 +/- 0.00 % Gn^0(l=2) ave= 0.000E+00 +/- 0.00 % Gn^0(l=3) ave= 0.000E+00 +/- 0.00 % || Gtotal(l=0) ave= 3.395E+02 +/- 0.00 % Gtotal(l=1) ave= 0.000E+00 +/- 0.00 % Gtotal(l=2) ave= 0.000E+00 +/- 0.00 % Gtotal(l=3) ave= 0.000E+00 +/- 0.00 %  % || Gg(l=0) ave= 1.309E-02 +/- 12.84 % Gg(l=1) ave= 0.000E+00 +/- 0.00 % Gg(l=2) ave= 0.000E+00 +/- 0.00 % Gg(l=3) ave= 0.000E+00 +/- 0.00 %  % || D(l=0) ave= 6.315E+04 +/- 0.00 % D(l=1) ave= 0.000E+00 +/- 0.00 % D(l=2) ave= 0.000E+00 +/- 0.00 % D(l=3) ave= 0.000E+00 +/- 0.00 %  % || S(l=0) ave= 2.979E-04 +/- 9.28 % S(l=1) ave= 0.000E+00 +/- 0.00 % S(l=2) ave= 0.000E+00 +/- 0.00 % S(l=3) ave= 0.000E+00 +/- 0.00 % 
 ... random file  235 Cap(th)  ave= 5.929E-04 b. +/- 10.39 % || Ela(th) ave= 6.183E+00 b. +/- 6.27 % || RIcap ave= 4.03E-04 b. +/- 9.27 % || Macs30 ave= 5.00E-05 b. +/- 18.34 % || Gn^0(l=0) ave= 5.419E+01 +/- 9.25 % Gn^0(l=1) ave= 0.000E+00 +/- 0.00 % Gn^0(l=2) ave= 0.000E+00 +/- 0.00 % Gn^0(l=3) ave= 0.000E+00 +/- 0.00 % || Gtotal(l=0) ave= 3.395E+02 +/- 0.00 % Gtotal(l=1) ave= 0.000E+00 +/- 0.00 % Gtotal(l=2) ave= 0.000E+00 +/- 0.00 % Gtotal(l=3) ave= 0.000E+00 +/- 0.00 %  % || Gg(l=0) ave= 1.310E-02 +/- 12.85 % Gg(l=1) ave= 0.000E+00 +/- 0.00 % Gg(l=2) ave= 0.000E+00 +/- 0.00 % Gg(l=3) ave= 0.000E+00 +/- 0.00 %  % || D(l=0) ave= 6.315E+04 +/- 0.00 % D(l=1) ave= 0.000E+00 +/- 0.00 % D(l=2) ave= 0.000E+00 +/- 0.00 % D(l=3) ave= 0.000E+00 +/- 0.00 %  % || S(l=0) ave= 2.979E-04 +/- 9.27 % S(l=1) ave= 0.000E+00 +/- 0.00 % S(l=2) ave= 0.000E+00 +/- 0.00 % S(l=3) ave= 0.000E+00 +/- 0.00 % 
 ... random file  236 Cap(th)  ave= 5.927E-04 b. +/- 10.39 % || Ela(th) ave= 6.184E+00 b. +/- 6.26 % || RIcap ave= 4.03E-04 b. +/- 9.26 % || Macs30 ave= 5.00E-05 b. +/- 18.30 % || Gn^0(l=0) ave= 5.418E+01 +/- 9.24 % Gn^0(l=1) ave= 0.000E+00 +/- 0.00 % Gn^0(l=2) ave= 0.000E+00 +/- 0.00 % Gn^0(l=3) ave= 0.000E+00 +/- 0.00 % || Gtotal(l=0) ave= 3.395E+02 +/- 0.00 % Gtotal(l=1) ave= 0.000E+00 +/- 0.00 % Gtotal(l=2) ave= 0.000E+00 +/- 0.00 % Gtotal(l=3) ave= 0.000E+00 +/- 0.00 %  % || Gg(l=0) ave= 1.310E-02 +/- 12.84 % Gg(l=1) ave= 0.000E+00 +/- 0.00 % Gg(l=2) ave= 0.000E+00 +/- 0.00 % Gg(l=3) ave= 0.000E+00 +/- 0.00 %  % || D(l=0) ave= 6.315E+04 +/- 0.00 % D(l=1) ave= 0.000E+00 +/- 0.00 % D(l=2) ave= 0.000E+00 +/- 0.00 % D(l=3) ave= 0.000E+00 +/- 0.00 %  % || S(l=0) ave= 2.979E-04 +/- 9.26 % S(l=1) ave= 0.000E+00 +/- 0.00 % S(l=2) ave= 0.000E+00 +/- 0.00 % S(l=3) ave= 0.000E+00 +/- 0.00 % 
 ... random file  237 Cap(th)  ave= 5.927E-04 b. +/- 10.36 % || Ela(th) ave= 6.185E+00 b. +/- 6.25 % || RIcap ave= 4.03E-04 b. +/- 9.24 % || Macs30 ave= 5.00E-05 b. +/- 18.27 % || Gn^0(l=0) ave= 5.417E+01 +/- 9.22 % Gn^0(l=1) ave= 0.000E+00 +/- 0.00 % Gn^0(l=2) ave= 0.000E+00 +/- 0.00 % Gn^0(l=3) ave= 0.000E+00 +/- 0.00 % || Gtotal(l=0) ave= 3.395E+02 +/- 0.00 % Gtotal(l=1) ave= 0.000E+00 +/- 0.00 % Gtotal(l=2) ave= 0.000E+00 +/- 0.00 % Gtotal(l=3) ave= 0.000E+00 +/- 0.00 %  % || Gg(l=0) ave= 1.310E-02 +/- 12.81 % Gg(l=1) ave= 0.000E+00 +/- 0.00 % Gg(l=2) ave= 0.000E+00 +/- 0.00 % Gg(l=3) ave= 0.000E+00 +/- 0.00 %  % || D(l=0) ave= 6.315E+04 +/- 0.00 % D(l=1) ave= 0.000E+00 +/- 0.00 % D(l=2) ave= 0.000E+00 +/- 0.00 % D(l=3) ave= 0.000E+00 +/- 0.00 %  % || S(l=0) ave= 2.978E-04 +/- 9.24 % S(l=1) ave= 0.000E+00 +/- 0.00 % S(l=2) ave= 0.000E+00 +/- 0.00 % S(l=3) ave= 0.000E+00 +/- 0.00 % 
 ... random file  238 Cap(th)  ave= 5.928E-04 b. +/- 10.34 % || Ela(th) ave= 6.184E+00 b. +/- 6.24 % || RIcap ave= 4.03E-04 b. +/- 9.23 % || Macs30 ave= 4.99E-05 b. +/- 18.26 % || Gn^0(l=0) ave= 5.417E+01 +/- 9.20 % Gn^0(l=1) ave= 0.000E+00 +/- 0.00 % Gn^0(l=2) ave= 0.000E+00 +/- 0.00 % Gn^0(l=3) ave= 0.000E+00 +/- 0.00 % || Gtotal(l=0) ave= 3.395E+02 +/- 0.00 % Gtotal(l=1) ave= 0.000E+00 +/- 0.00 % Gtotal(l=2) ave= 0.000E+00 +/- 0.00 % Gtotal(l=3) ave= 0.000E+00 +/- 0.00 %  % || Gg(l=0) ave= 1.310E-02 +/- 12.79 % Gg(l=1) ave= 0.000E+00 +/- 0.00 % Gg(l=2) ave= 0.000E+00 +/- 0.00 % Gg(l=3) ave= 0.000E+00 +/- 0.00 %  % || D(l=0) ave= 6.315E+04 +/- 0.00 % D(l=1) ave= 0.000E+00 +/- 0.00 % D(l=2) ave= 0.000E+00 +/- 0.00 % D(l=3) ave= 0.000E+00 +/- 0.00 %  % || S(l=0) ave= 2.979E-04 +/- 9.23 % S(l=1) ave= 0.000E+00 +/- 0.00 % S(l=2) ave= 0.000E+00 +/- 0.00 % S(l=3) ave= 0.000E+00 +/- 0.00 % 
 ... random file  239 Cap(th)  ave= 5.930E-04 b. +/- 10.33 % || Ela(th) ave= 6.184E+00 b. +/- 6.22 % || RIcap ave= 4.03E-04 b. +/- 9.21 % || Macs30 ave= 4.99E-05 b. +/- 18.24 % || Gn^0(l=0) ave= 5.418E+01 +/- 9.18 % Gn^0(l=1) ave= 0.000E+00 +/- 0.00 % Gn^0(l=2) ave= 0.000E+00 +/- 0.00 % Gn^0(l=3) ave= 0.000E+00 +/- 0.00 % || Gtotal(l=0) ave= 3.395E+02 +/- 0.00 % Gtotal(l=1) ave= 0.000E+00 +/- 0.00 % Gtotal(l=2) ave= 0.000E+00 +/- 0.00 % Gtotal(l=3) ave= 0.000E+00 +/- 0.00 %  % || Gg(l=0) ave= 1.310E-02 +/- 12.76 % Gg(l=1) ave= 0.000E+00 +/- 0.00 % Gg(l=2) ave= 0.000E+00 +/- 0.00 % Gg(l=3) ave= 0.000E+00 +/- 0.00 %  % || D(l=0) ave= 6.315E+04 +/- 0.00 % D(l=1) ave= 0.000E+00 +/- 0.00 % D(l=2) ave= 0.000E+00 +/- 0.00 % D(l=3) ave= 0.000E+00 +/- 0.00 %  % || S(l=0) ave= 2.979E-04 +/- 9.21 % S(l=1) ave= 0.000E+00 +/- 0.00 % S(l=2) ave= 0.000E+00 +/- 0.00 % S(l=3) ave= 0.000E+00 +/- 0.00 % 
 ... random file  240 Cap(th)  ave= 5.933E-04 b. +/- 10.33 % || Ela(th) ave= 6.184E+00 b. +/- 6.21 % || RIcap ave= 4.04E-04 b. +/- 9.23 % || Macs30 ave= 4.99E-05 b. +/- 18.23 % || Gn^0(l=0) ave= 5.417E+01 +/- 9.17 % Gn^0(l=1) ave= 0.000E+00 +/- 0.00 % Gn^0(l=2) ave= 0.000E+00 +/- 0.00 % Gn^0(l=3) ave= 0.000E+00 +/- 0.00 % || Gtotal(l=0) ave= 3.395E+02 +/- 0.00 % Gtotal(l=1) ave= 0.000E+00 +/- 0.00 % Gtotal(l=2) ave= 0.000E+00 +/- 0.00 % Gtotal(l=3) ave= 0.000E+00 +/- 0.00 %  % || Gg(l=0) ave= 1.311E-02 +/- 12.78 % Gg(l=1) ave= 0.000E+00 +/- 0.00 % Gg(l=2) ave= 0.000E+00 +/- 0.00 % Gg(l=3) ave= 0.000E+00 +/- 0.00 %  % || D(l=0) ave= 6.315E+04 +/- 0.00 % D(l=1) ave= 0.000E+00 +/- 0.00 % D(l=2) ave= 0.000E+00 +/- 0.00 % D(l=3) ave= 0.000E+00 +/- 0.00 %  % || S(l=0) ave= 2.978E-04 +/- 9.19 % S(l=1) ave= 0.000E+00 +/- 0.00 % S(l=2) ave= 0.000E+00 +/- 0.00 % S(l=3) ave= 0.000E+00 +/- 0.00 % 
 ... random file  241 Cap(th)  ave= 5.933E-04 b. +/- 10.31 % || Ela(th) ave= 6.185E+00 b. +/- 6.20 % || RIcap ave= 4.04E-04 b. +/- 9.22 % || Macs30 ave= 4.99E-05 b. +/- 18.19 % || Gn^0(l=0) ave= 5.415E+01 +/- 9.16 % Gn^0(l=1) ave= 0.000E+00 +/- 0.00 % Gn^0(l=2) ave= 0.000E+00 +/- 0.00 % Gn^0(l=3) ave= 0.000E+00 +/- 0.00 % || Gtotal(l=0) ave= 3.395E+02 +/- 0.00 % Gtotal(l=1) ave= 0.000E+00 +/- 0.00 % Gtotal(l=2) ave= 0.000E+00 +/- 0.00 % Gtotal(l=3) ave= 0.000E+00 +/- 0.00 %  % || Gg(l=0) ave= 1.311E-02 +/- 12.76 % Gg(l=1) ave= 0.000E+00 +/- 0.00 % Gg(l=2) ave= 0.000E+00 +/- 0.00 % Gg(l=3) ave= 0.000E+00 +/- 0.00 %  % || D(l=0) ave= 6.315E+04 +/- 0.00 % D(l=1) ave= 0.000E+00 +/- 0.00 % D(l=2) ave= 0.000E+00 +/- 0.00 % D(l=3) ave= 0.000E+00 +/- 0.00 %  % || S(l=0) ave= 2.978E-04 +/- 9.18 % S(l=1) ave= 0.000E+00 +/- 0.00 % S(l=2) ave= 0.000E+00 +/- 0.00 % S(l=3) ave= 0.000E+00 +/- 0.00 % 
 ... random file  242 Cap(th)  ave= 5.934E-04 b. +/- 10.30 % || Ela(th) ave= 6.184E+00 b. +/- 6.20 % || RIcap ave= 4.04E-04 b. +/- 9.20 % || Macs30 ave= 5.00E-05 b. +/- 18.15 % || Gn^0(l=0) ave= 5.417E+01 +/- 9.15 % Gn^0(l=1) ave= 0.000E+00 +/- 0.00 % Gn^0(l=2) ave= 0.000E+00 +/- 0.00 % Gn^0(l=3) ave= 0.000E+00 +/- 0.00 % || Gtotal(l=0) ave= 3.395E+02 +/- 0.00 % Gtotal(l=1) ave= 0.000E+00 +/- 0.00 % Gtotal(l=2) ave= 0.000E+00 +/- 0.00 % Gtotal(l=3) ave= 0.000E+00 +/- 0.00 %  % || Gg(l=0) ave= 1.310E-02 +/- 12.75 % Gg(l=1) ave= 0.000E+00 +/- 0.00 % Gg(l=2) ave= 0.000E+00 +/- 0.00 % Gg(l=3) ave= 0.000E+00 +/- 0.00 %  % || D(l=0) ave= 6.315E+04 +/- 0.00 % D(l=1) ave= 0.000E+00 +/- 0.00 % D(l=2) ave= 0.000E+00 +/- 0.00 % D(l=3) ave= 0.000E+00 +/- 0.00 %  % || S(l=0) ave= 2.978E-04 +/- 9.17 % S(l=1) ave= 0.000E+00 +/- 0.00 % S(l=2) ave= 0.000E+00 +/- 0.00 % S(l=3) ave= 0.000E+00 +/- 0.00 % 
 ... random file  243 Cap(th)  ave= 5.936E-04 b. +/- 10.28 % || Ela(th) ave= 6.184E+00 b. +/- 6.19 % || RIcap ave= 4.04E-04 b. +/- 9.19 % || Macs30 ave= 5.00E-05 b. +/- 18.12 % || Gn^0(l=0) ave= 5.417E+01 +/- 9.13 % Gn^0(l=1) ave= 0.000E+00 +/- 0.00 % Gn^0(l=2) ave= 0.000E+00 +/- 0.00 % Gn^0(l=3) ave= 0.000E+00 +/- 0.00 % || Gtotal(l=0) ave= 3.395E+02 +/- 0.00 % Gtotal(l=1) ave= 0.000E+00 +/- 0.00 % Gtotal(l=2) ave= 0.000E+00 +/- 0.00 % Gtotal(l=3) ave= 0.000E+00 +/- 0.00 %  % || Gg(l=0) ave= 1.310E-02 +/- 12.73 % Gg(l=1) ave= 0.000E+00 +/- 0.00 % Gg(l=2) ave= 0.000E+00 +/- 0.00 % Gg(l=3) ave= 0.000E+00 +/- 0.00 %  % || D(l=0) ave= 6.315E+04 +/- 0.00 % D(l=1) ave= 0.000E+00 +/- 0.00 % D(l=2) ave= 0.000E+00 +/- 0.00 % D(l=3) ave= 0.000E+00 +/- 0.00 %  % || S(l=0) ave= 2.978E-04 +/- 9.15 % S(l=1) ave= 0.000E+00 +/- 0.00 % S(l=2) ave= 0.000E+00 +/- 0.00 % S(l=3) ave= 0.000E+00 +/- 0.00 % 
 ... random file  244 Cap(th)  ave= 5.937E-04 b. +/- 10.26 % || Ela(th) ave= 6.185E+00 b. +/- 6.18 % || RIcap ave= 4.04E-04 b. +/- 9.17 % || Macs30 ave= 5.00E-05 b. +/- 18.08 % || Gn^0(l=0) ave= 5.416E+01 +/- 9.12 % Gn^0(l=1) ave= 0.000E+00 +/- 0.00 % Gn^0(l=2) ave= 0.000E+00 +/- 0.00 % Gn^0(l=3) ave= 0.000E+00 +/- 0.00 % || Gtotal(l=0) ave= 3.395E+02 +/- 0.00 % Gtotal(l=1) ave= 0.000E+00 +/- 0.00 % Gtotal(l=2) ave= 0.000E+00 +/- 0.00 % Gtotal(l=3) ave= 0.000E+00 +/- 0.00 %  % || Gg(l=0) ave= 1.311E-02 +/- 12.72 % Gg(l=1) ave= 0.000E+00 +/- 0.00 % Gg(l=2) ave= 0.000E+00 +/- 0.00 % Gg(l=3) ave= 0.000E+00 +/- 0.00 %  % || D(l=0) ave= 6.315E+04 +/- 0.00 % D(l=1) ave= 0.000E+00 +/- 0.00 % D(l=2) ave= 0.000E+00 +/- 0.00 % D(l=3) ave= 0.000E+00 +/- 0.00 %  % || S(l=0) ave= 2.978E-04 +/- 9.15 % S(l=1) ave= 0.000E+00 +/- 0.00 % S(l=2) ave= 0.000E+00 +/- 0.00 % S(l=3) ave= 0.000E+00 +/- 0.00 % 
 ... random file  245 Cap(th)  ave= 5.934E-04 b. +/- 10.27 % || Ela(th) ave= 6.186E+00 b. +/- 6.17 % || RIcap ave= 4.04E-04 b. +/- 9.16 % || Macs30 ave= 5.00E-05 b. +/- 18.04 % || Gn^0(l=0) ave= 5.414E+01 +/- 9.12 % Gn^0(l=1) ave= 0.000E+00 +/- 0.00 % Gn^0(l=2) ave= 0.000E+00 +/- 0.00 % Gn^0(l=3) ave= 0.000E+00 +/- 0.00 % || Gtotal(l=0) ave= 3.395E+02 +/- 0.00 % Gtotal(l=1) ave= 0.000E+00 +/- 0.00 % Gtotal(l=2) ave= 0.000E+00 +/- 0.00 % Gtotal(l=3) ave= 0.000E+00 +/- 0.00 %  % || Gg(l=0) ave= 1.310E-02 +/- 12.73 % Gg(l=1) ave= 0.000E+00 +/- 0.00 % Gg(l=2) ave= 0.000E+00 +/- 0.00 % Gg(l=3) ave= 0.000E+00 +/- 0.00 %  % || D(l=0) ave= 6.315E+04 +/- 0.00 % D(l=1) ave= 0.000E+00 +/- 0.00 % D(l=2) ave= 0.000E+00 +/- 0.00 % D(l=3) ave= 0.000E+00 +/- 0.00 %  % || S(l=0) ave= 2.977E-04 +/- 9.14 % S(l=1) ave= 0.000E+00 +/- 0.00 % S(l=2) ave= 0.000E+00 +/- 0.00 % S(l=3) ave= 0.000E+00 +/- 0.00 % 
 ... random file  246 Cap(th)  ave= 5.932E-04 b. +/- 10.27 % || Ela(th) ave= 6.185E+00 b. +/- 6.17 % || RIcap ave= 4.04E-04 b. +/- 9.17 % || Macs30 ave= 4.99E-05 b. +/- 18.03 % || Gn^0(l=0) ave= 5.416E+01 +/- 9.10 % Gn^0(l=1) ave= 0.000E+00 +/- 0.00 % Gn^0(l=2) ave= 0.000E+00 +/- 0.00 % Gn^0(l=3) ave= 0.000E+00 +/- 0.00 % || Gtotal(l=0) ave= 3.395E+02 +/- 0.00 % Gtotal(l=1) ave= 0.000E+00 +/- 0.00 % Gtotal(l=2) ave= 0.000E+00 +/- 0.00 % Gtotal(l=3) ave= 0.000E+00 +/- 0.00 %  % || Gg(l=0) ave= 1.310E-02 +/- 12.72 % Gg(l=1) ave= 0.000E+00 +/- 0.00 % Gg(l=2) ave= 0.000E+00 +/- 0.00 % Gg(l=3) ave= 0.000E+00 +/- 0.00 %  % || D(l=0) ave= 6.315E+04 +/- 0.00 % D(l=1) ave= 0.000E+00 +/- 0.00 % D(l=2) ave= 0.000E+00 +/- 0.00 % D(l=3) ave= 0.000E+00 +/- 0.00 %  % || S(l=0) ave= 2.978E-04 +/- 9.13 % S(l=1) ave= 0.000E+00 +/- 0.00 % S(l=2) ave= 0.000E+00 +/- 0.00 % S(l=3) ave= 0.000E+00 +/- 0.00 % 
 ... random file  247 Cap(th)  ave= 5.929E-04 b. +/- 10.27 % || Ela(th) ave= 6.185E+00 b. +/- 6.16 % || RIcap ave= 4.04E-04 b. +/- 9.15 % || Macs30 ave= 5.00E-05 b. +/- 18.01 % || Gn^0(l=0) ave= 5.415E+01 +/- 9.09 % Gn^0(l=1) ave= 0.000E+00 +/- 0.00 % Gn^0(l=2) ave= 0.000E+00 +/- 0.00 % Gn^0(l=3) ave= 0.000E+00 +/- 0.00 % || Gtotal(l=0) ave= 3.395E+02 +/- 0.00 % Gtotal(l=1) ave= 0.000E+00 +/- 0.00 % Gtotal(l=2) ave= 0.000E+00 +/- 0.00 % Gtotal(l=3) ave= 0.000E+00 +/- 0.00 %  % || Gg(l=0) ave= 1.310E-02 +/- 12.70 % Gg(l=1) ave= 0.000E+00 +/- 0.00 % Gg(l=2) ave= 0.000E+00 +/- 0.00 % Gg(l=3) ave= 0.000E+00 +/- 0.00 %  % || D(l=0) ave= 6.315E+04 +/- 0.00 % D(l=1) ave= 0.000E+00 +/- 0.00 % D(l=2) ave= 0.000E+00 +/- 0.00 % D(l=3) ave= 0.000E+00 +/- 0.00 %  % || S(l=0) ave= 2.977E-04 +/- 9.11 % S(l=1) ave= 0.000E+00 +/- 0.00 % S(l=2) ave= 0.000E+00 +/- 0.00 % S(l=3) ave= 0.000E+00 +/- 0.00 % 
 ... random file  248 Cap(th)  ave= 5.928E-04 b. +/- 10.26 % || Ela(th) ave= 6.183E+00 b. +/- 6.15 % || RIcap ave= 4.04E-04 b. +/- 9.13 % || Macs30 ave= 5.00E-05 b. +/- 17.99 % || Gn^0(l=0) ave= 5.417E+01 +/- 9.07 % Gn^0(l=1) ave= 0.000E+00 +/- 0.00 % Gn^0(l=2) ave= 0.000E+00 +/- 0.00 % Gn^0(l=3) ave= 0.000E+00 +/- 0.00 % || Gtotal(l=0) ave= 3.395E+02 +/- 0.00 % Gtotal(l=1) ave= 0.000E+00 +/- 0.00 % Gtotal(l=2) ave= 0.000E+00 +/- 0.00 % Gtotal(l=3) ave= 0.000E+00 +/- 0.00 %  % || Gg(l=0) ave= 1.310E-02 +/- 12.68 % Gg(l=1) ave= 0.000E+00 +/- 0.00 % Gg(l=2) ave= 0.000E+00 +/- 0.00 % Gg(l=3) ave= 0.000E+00 +/- 0.00 %  % || D(l=0) ave= 6.315E+04 +/- 0.00 % D(l=1) ave= 0.000E+00 +/- 0.00 % D(l=2) ave= 0.000E+00 +/- 0.00 % D(l=3) ave= 0.000E+00 +/- 0.00 %  % || S(l=0) ave= 2.978E-04 +/- 9.10 % S(l=1) ave= 0.000E+00 +/- 0.00 % S(l=2) ave= 0.000E+00 +/- 0.00 % S(l=3) ave= 0.000E+00 +/- 0.00 % 
 ... random file  249 Cap(th)  ave= 5.928E-04 b. +/- 10.24 % || Ela(th) ave= 6.182E+00 b. +/- 6.15 % || RIcap ave= 4.04E-04 b. +/- 9.14 % || Macs30 ave= 5.01E-05 b. +/- 18.02 % || Gn^0(l=0) ave= 5.418E+01 +/- 9.06 % Gn^0(l=1) ave= 0.000E+00 +/- 0.00 % Gn^0(l=2) ave= 0.000E+00 +/- 0.00 % Gn^0(l=3) ave= 0.000E+00 +/- 0.00 % || Gtotal(l=0) ave= 3.395E+02 +/- 0.00 % Gtotal(l=1) ave= 0.000E+00 +/- 0.00 % Gtotal(l=2) ave= 0.000E+00 +/- 0.00 % Gtotal(l=3) ave= 0.000E+00 +/- 0.00 %  % || Gg(l=0) ave= 1.311E-02 +/- 12.68 % Gg(l=1) ave= 0.000E+00 +/- 0.00 % Gg(l=2) ave= 0.000E+00 +/- 0.00 % Gg(l=3) ave= 0.000E+00 +/- 0.00 %  % || D(l=0) ave= 6.315E+04 +/- 0.00 % D(l=1) ave= 0.000E+00 +/- 0.00 % D(l=2) ave= 0.000E+00 +/- 0.00 % D(l=3) ave= 0.000E+00 +/- 0.00 %  % || S(l=0) ave= 2.979E-04 +/- 9.09 % S(l=1) ave= 0.000E+00 +/- 0.00 % S(l=2) ave= 0.000E+00 +/- 0.00 % S(l=3) ave= 0.000E+00 +/- 0.00 % 
 ... random file  250 Cap(th)  ave= 5.930E-04 b. +/- 10.23 % || Ela(th) ave= 6.181E+00 b. +/- 6.15 % || RIcap ave= 4.04E-04 b. +/- 9.12 % || Macs30 ave= 5.00E-05 b. +/- 17.99 % || Gn^0(l=0) ave= 5.420E+01 +/- 9.05 % Gn^0(l=1) ave= 0.000E+00 +/- 0.00 % Gn^0(l=2) ave= 0.000E+00 +/- 0.00 % Gn^0(l=3) ave= 0.000E+00 +/- 0.00 % || Gtotal(l=0) ave= 3.395E+02 +/- 0.00 % Gtotal(l=1) ave= 0.000E+00 +/- 0.00 % Gtotal(l=2) ave= 0.000E+00 +/- 0.00 % Gtotal(l=3) ave= 0.000E+00 +/- 0.00 %  % || Gg(l=0) ave= 1.311E-02 +/- 12.67 % Gg(l=1) ave= 0.000E+00 +/- 0.00 % Gg(l=2) ave= 0.000E+00 +/- 0.00 % Gg(l=3) ave= 0.000E+00 +/- 0.00 %  % || D(l=0) ave= 6.315E+04 +/- 0.00 % D(l=1) ave= 0.000E+00 +/- 0.00 % D(l=2) ave= 0.000E+00 +/- 0.00 % D(l=3) ave= 0.000E+00 +/- 0.00 %  % || S(l=0) ave= 2.980E-04 +/- 9.07 % S(l=1) ave= 0.000E+00 +/- 0.00 % S(l=2) ave= 0.000E+00 +/- 0.00 % S(l=3) ave= 0.000E+00 +/- 0.00 % 
 ... random file  251 Cap(th)  ave= 5.925E-04 b. +/- 10.30 % || Ela(th) ave= 6.182E+00 b. +/- 6.14 % || RIcap ave= 4.04E-04 b. +/- 9.13 % || Macs30 ave= 5.01E-05 b. +/- 17.96 % || Gn^0(l=0) ave= 5.418E+01 +/- 9.04 % Gn^0(l=1) ave= 0.000E+00 +/- 0.00 % Gn^0(l=2) ave= 0.000E+00 +/- 0.00 % Gn^0(l=3) ave= 0.000E+00 +/- 0.00 % || Gtotal(l=0) ave= 3.395E+02 +/- 0.00 % Gtotal(l=1) ave= 0.000E+00 +/- 0.00 % Gtotal(l=2) ave= 0.000E+00 +/- 0.00 % Gtotal(l=3) ave= 0.000E+00 +/- 0.00 %  % || Gg(l=0) ave= 1.311E-02 +/- 12.64 % Gg(l=1) ave= 0.000E+00 +/- 0.00 % Gg(l=2) ave= 0.000E+00 +/- 0.00 % Gg(l=3) ave= 0.000E+00 +/- 0.00 %  % || D(l=0) ave= 6.315E+04 +/- 0.00 % D(l=1) ave= 0.000E+00 +/- 0.00 % D(l=2) ave= 0.000E+00 +/- 0.00 % D(l=3) ave= 0.000E+00 +/- 0.00 %  % || S(l=0) ave= 2.979E-04 +/- 9.07 % S(l=1) ave= 0.000E+00 +/- 0.00 % S(l=2) ave= 0.000E+00 +/- 0.00 % S(l=3) ave= 0.000E+00 +/- 0.00 % 
 ... random file  252 Cap(th)  ave= 5.927E-04 b. +/- 10.29 % || Ela(th) ave= 6.183E+00 b. +/- 6.13 % || RIcap ave= 4.04E-04 b. +/- 9.11 % || Macs30 ave= 5.00E-05 b. +/- 17.98 % || Gn^0(l=0) ave= 5.417E+01 +/- 9.03 % Gn^0(l=1) ave= 0.000E+00 +/- 0.00 % Gn^0(l=2) ave= 0.000E+00 +/- 0.00 % Gn^0(l=3) ave= 0.000E+00 +/- 0.00 % || Gtotal(l=0) ave= 3.395E+02 +/- 0.00 % Gtotal(l=1) ave= 0.000E+00 +/- 0.00 % Gtotal(l=2) ave= 0.000E+00 +/- 0.00 % Gtotal(l=3) ave= 0.000E+00 +/- 0.00 %  % || Gg(l=0) ave= 1.309E-02 +/- 12.71 % Gg(l=1) ave= 0.000E+00 +/- 0.00 % Gg(l=2) ave= 0.000E+00 +/- 0.00 % Gg(l=3) ave= 0.000E+00 +/- 0.00 %  % || D(l=0) ave= 6.315E+04 +/- 0.00 % D(l=1) ave= 0.000E+00 +/- 0.00 % D(l=2) ave= 0.000E+00 +/- 0.00 % D(l=3) ave= 0.000E+00 +/- 0.00 %  % || S(l=0) ave= 2.978E-04 +/- 9.06 % S(l=1) ave= 0.000E+00 +/- 0.00 % S(l=2) ave= 0.000E+00 +/- 0.00 % S(l=3) ave= 0.000E+00 +/- 0.00 % 
 ... random file  253 Cap(th)  ave= 5.931E-04 b. +/- 10.33 % || Ela(th) ave= 6.183E+00 b. +/- 6.12 % || RIcap ave= 4.04E-04 b. +/- 9.11 % || Macs30 ave= 5.00E-05 b. +/- 17.96 % || Gn^0(l=0) ave= 5.416E+01 +/- 9.02 % Gn^0(l=1) ave= 0.000E+00 +/- 0.00 % Gn^0(l=2) ave= 0.000E+00 +/- 0.00 % Gn^0(l=3) ave= 0.000E+00 +/- 0.00 % || Gtotal(l=0) ave= 3.395E+02 +/- 0.00 % Gtotal(l=1) ave= 0.000E+00 +/- 0.00 % Gtotal(l=2) ave= 0.000E+00 +/- 0.00 % Gtotal(l=3) ave= 0.000E+00 +/- 0.00 %  % || Gg(l=0) ave= 1.309E-02 +/- 12.73 % Gg(l=1) ave= 0.000E+00 +/- 0.00 % Gg(l=2) ave= 0.000E+00 +/- 0.00 % Gg(l=3) ave= 0.000E+00 +/- 0.00 %  % || D(l=0) ave= 6.315E+04 +/- 0.00 % D(l=1) ave= 0.000E+00 +/- 0.00 % D(l=2) ave= 0.000E+00 +/- 0.00 % D(l=3) ave= 0.000E+00 +/- 0.00 %  % || S(l=0) ave= 2.978E-04 +/- 9.05 % S(l=1) ave= 0.000E+00 +/- 0.00 % S(l=2) ave= 0.000E+00 +/- 0.00 % S(l=3) ave= 0.000E+00 +/- 0.00 % 
 ... random file  254 Cap(th)  ave= 5.931E-04 b. +/- 10.30 % || Ela(th) ave= 6.184E+00 b. +/- 6.11 % || RIcap ave= 4.04E-04 b. +/- 9.12 % || Macs30 ave= 5.00E-05 b. +/- 18.00 % || Gn^0(l=0) ave= 5.415E+01 +/- 9.01 % Gn^0(l=1) ave= 0.000E+00 +/- 0.00 % Gn^0(l=2) ave= 0.000E+00 +/- 0.00 % Gn^0(l=3) ave= 0.000E+00 +/- 0.00 % || Gtotal(l=0) ave= 3.395E+02 +/- 0.00 % Gtotal(l=1) ave= 0.000E+00 +/- 0.00 % Gtotal(l=2) ave= 0.000E+00 +/- 0.00 % Gtotal(l=3) ave= 0.000E+00 +/- 0.00 %  % || Gg(l=0) ave= 1.308E-02 +/- 12.72 % Gg(l=1) ave= 0.000E+00 +/- 0.00 % Gg(l=2) ave= 0.000E+00 +/- 0.00 % Gg(l=3) ave= 0.000E+00 +/- 0.00 %  % || D(l=0) ave= 6.315E+04 +/- 0.00 % D(l=1) ave= 0.000E+00 +/- 0.00 % D(l=2) ave= 0.000E+00 +/- 0.00 % D(l=3) ave= 0.000E+00 +/- 0.00 %  % || S(l=0) ave= 2.977E-04 +/- 9.03 % S(l=1) ave= 0.000E+00 +/- 0.00 % S(l=2) ave= 0.000E+00 +/- 0.00 % S(l=3) ave= 0.000E+00 +/- 0.00 % 
 ... random file  255 Cap(th)  ave= 5.928E-04 b. +/- 10.31 % || Ela(th) ave= 6.184E+00 b. +/- 6.10 % || RIcap ave= 4.03E-04 b. +/- 9.16 % || Macs30 ave= 4.99E-05 b. +/- 18.03 % || Gn^0(l=0) ave= 5.414E+01 +/- 9.00 % Gn^0(l=1) ave= 0.000E+00 +/- 0.00 % Gn^0(l=2) ave= 0.000E+00 +/- 0.00 % Gn^0(l=3) ave= 0.000E+00 +/- 0.00 % || Gtotal(l=0) ave= 3.395E+02 +/- 0.00 % Gtotal(l=1) ave= 0.000E+00 +/- 0.00 % Gtotal(l=2) ave= 0.000E+00 +/- 0.00 % Gtotal(l=3) ave= 0.000E+00 +/- 0.00 %  % || Gg(l=0) ave= 1.308E-02 +/- 12.73 % Gg(l=1) ave= 0.000E+00 +/- 0.00 % Gg(l=2) ave= 0.000E+00 +/- 0.00 % Gg(l=3) ave= 0.000E+00 +/- 0.00 %  % || D(l=0) ave= 6.315E+04 +/- 0.00 % D(l=1) ave= 0.000E+00 +/- 0.00 % D(l=2) ave= 0.000E+00 +/- 0.00 % D(l=3) ave= 0.000E+00 +/- 0.00 %  % || S(l=0) ave= 2.977E-04 +/- 9.02 % S(l=1) ave= 0.000E+00 +/- 0.00 % S(l=2) ave= 0.000E+00 +/- 0.00 % S(l=3) ave= 0.000E+00 +/- 0.00 % 
 ... random file  256 Cap(th)  ave= 5.927E-04 b. +/- 10.31 % || Ela(th) ave= 6.183E+00 b. +/- 6.09 % || RIcap ave= 4.03E-04 b. +/- 9.14 % || Macs30 ave= 4.99E-05 b. +/- 17.99 % || Gn^0(l=0) ave= 5.415E+01 +/- 8.98 % Gn^0(l=1) ave= 0.000E+00 +/- 0.00 % Gn^0(l=2) ave= 0.000E+00 +/- 0.00 % Gn^0(l=3) ave= 0.000E+00 +/- 0.00 % || Gtotal(l=0) ave= 3.395E+02 +/- 0.00 % Gtotal(l=1) ave= 0.000E+00 +/- 0.00 % Gtotal(l=2) ave= 0.000E+00 +/- 0.00 % Gtotal(l=3) ave= 0.000E+00 +/- 0.00 %  % || Gg(l=0) ave= 1.307E-02 +/- 12.72 % Gg(l=1) ave= 0.000E+00 +/- 0.00 % Gg(l=2) ave= 0.000E+00 +/- 0.00 % Gg(l=3) ave= 0.000E+00 +/- 0.00 %  % || D(l=0) ave= 6.315E+04 +/- 0.00 % D(l=1) ave= 0.000E+00 +/- 0.00 % D(l=2) ave= 0.000E+00 +/- 0.00 % D(l=3) ave= 0.000E+00 +/- 0.00 %  % || S(l=0) ave= 2.977E-04 +/- 9.01 % S(l=1) ave= 0.000E+00 +/- 0.00 % S(l=2) ave= 0.000E+00 +/- 0.00 % S(l=3) ave= 0.000E+00 +/- 0.00 % 
 ... random file  257 Cap(th)  ave= 5.925E-04 b. +/- 10.30 % || Ela(th) ave= 6.183E+00 b. +/- 6.08 % || RIcap ave= 4.03E-04 b. +/- 9.13 % || Macs30 ave= 4.99E-05 b. +/- 17.96 % || Gn^0(l=0) ave= 5.415E+01 +/- 8.97 % Gn^0(l=1) ave= 0.000E+00 +/- 0.00 % Gn^0(l=2) ave= 0.000E+00 +/- 0.00 % Gn^0(l=3) ave= 0.000E+00 +/- 0.00 % || Gtotal(l=0) ave= 3.395E+02 +/- 0.00 % Gtotal(l=1) ave= 0.000E+00 +/- 0.00 % Gtotal(l=2) ave= 0.000E+00 +/- 0.00 % Gtotal(l=3) ave= 0.000E+00 +/- 0.00 %  % || Gg(l=0) ave= 1.308E-02 +/- 12.69 % Gg(l=1) ave= 0.000E+00 +/- 0.00 % Gg(l=2) ave= 0.000E+00 +/- 0.00 % Gg(l=3) ave= 0.000E+00 +/- 0.00 %  % || D(l=0) ave= 6.315E+04 +/- 0.00 % D(l=1) ave= 0.000E+00 +/- 0.00 % D(l=2) ave= 0.000E+00 +/- 0.00 % D(l=3) ave= 0.000E+00 +/- 0.00 %  % || S(l=0) ave= 2.977E-04 +/- 8.99 % S(l=1) ave= 0.000E+00 +/- 0.00 % S(l=2) ave= 0.000E+00 +/- 0.00 % S(l=3) ave= 0.000E+00 +/- 0.00 % 
 ... random file  258 Cap(th)  ave= 5.929E-04 b. +/- 10.32 % || Ela(th) ave= 6.182E+00 b. +/- 6.07 % || RIcap ave= 4.04E-04 b. +/- 9.17 % || Macs30 ave= 5.00E-05 b. +/- 17.96 % || Gn^0(l=0) ave= 5.417E+01 +/- 8.95 % Gn^0(l=1) ave= 0.000E+00 +/- 0.00 % Gn^0(l=2) ave= 0.000E+00 +/- 0.00 % Gn^0(l=3) ave= 0.000E+00 +/- 0.00 % || Gtotal(l=0) ave= 3.395E+02 +/- 0.00 % Gtotal(l=1) ave= 0.000E+00 +/- 0.00 % Gtotal(l=2) ave= 0.000E+00 +/- 0.00 % Gtotal(l=3) ave= 0.000E+00 +/- 0.00 %  % || Gg(l=0) ave= 1.308E-02 +/- 12.69 % Gg(l=1) ave= 0.000E+00 +/- 0.00 % Gg(l=2) ave= 0.000E+00 +/- 0.00 % Gg(l=3) ave= 0.000E+00 +/- 0.00 %  % || D(l=0) ave= 6.315E+04 +/- 0.00 % D(l=1) ave= 0.000E+00 +/- 0.00 % D(l=2) ave= 0.000E+00 +/- 0.00 % D(l=3) ave= 0.000E+00 +/- 0.00 %  % || S(l=0) ave= 2.978E-04 +/- 8.98 % S(l=1) ave= 0.000E+00 +/- 0.00 % S(l=2) ave= 0.000E+00 +/- 0.00 % S(l=3) ave= 0.000E+00 +/- 0.00 % 
 ... random file  259 Cap(th)  ave= 5.928E-04 b. +/- 10.30 % || Ela(th) ave= 6.183E+00 b. +/- 6.06 % || RIcap ave= 4.03E-04 b. +/- 9.17 % || Macs30 ave= 5.00E-05 b. +/- 17.93 % || Gn^0(l=0) ave= 5.416E+01 +/- 8.94 % Gn^0(l=1) ave= 0.000E+00 +/- 0.00 % Gn^0(l=2) ave= 0.000E+00 +/- 0.00 % Gn^0(l=3) ave= 0.000E+00 +/- 0.00 % || Gtotal(l=0) ave= 3.395E+02 +/- 0.00 % Gtotal(l=1) ave= 0.000E+00 +/- 0.00 % Gtotal(l=2) ave= 0.000E+00 +/- 0.00 % Gtotal(l=3) ave= 0.000E+00 +/- 0.00 %  % || Gg(l=0) ave= 1.309E-02 +/- 12.67 % Gg(l=1) ave= 0.000E+00 +/- 0.00 % Gg(l=2) ave= 0.000E+00 +/- 0.00 % Gg(l=3) ave= 0.000E+00 +/- 0.00 %  % || D(l=0) ave= 6.315E+04 +/- 0.00 % D(l=1) ave= 0.000E+00 +/- 0.00 % D(l=2) ave= 0.000E+00 +/- 0.00 % D(l=3) ave= 0.000E+00 +/- 0.00 %  % || S(l=0) ave= 2.978E-04 +/- 8.96 % S(l=1) ave= 0.000E+00 +/- 0.00 % S(l=2) ave= 0.000E+00 +/- 0.00 % S(l=3) ave= 0.000E+00 +/- 0.00 % 
 ... random file  260 Cap(th)  ave= 5.926E-04 b. +/- 10.29 % || Ela(th) ave= 6.182E+00 b. +/- 6.06 % || RIcap ave= 4.04E-04 b. +/- 9.18 % || Macs30 ave= 5.00E-05 b. +/- 18.07 % || Gn^0(l=0) ave= 5.417E+01 +/- 8.93 % Gn^0(l=1) ave= 0.000E+00 +/- 0.00 % Gn^0(l=2) ave= 0.000E+00 +/- 0.00 % Gn^0(l=3) ave= 0.000E+00 +/- 0.00 % || Gtotal(l=0) ave= 3.395E+02 +/- 0.00 % Gtotal(l=1) ave= 0.000E+00 +/- 0.00 % Gtotal(l=2) ave= 0.000E+00 +/- 0.00 % Gtotal(l=3) ave= 0.000E+00 +/- 0.00 %  % || Gg(l=0) ave= 1.310E-02 +/- 12.73 % Gg(l=1) ave= 0.000E+00 +/- 0.00 % Gg(l=2) ave= 0.000E+00 +/- 0.00 % Gg(l=3) ave= 0.000E+00 +/- 0.00 %  % || D(l=0) ave= 6.315E+04 +/- 0.00 % D(l=1) ave= 0.000E+00 +/- 0.00 % D(l=2) ave= 0.000E+00 +/- 0.00 % D(l=3) ave= 0.000E+00 +/- 0.00 %  % || S(l=0) ave= 2.978E-04 +/- 8.95 % S(l=1) ave= 0.000E+00 +/- 0.00 % S(l=2) ave= 0.000E+00 +/- 0.00 % S(l=3) ave= 0.000E+00 +/- 0.00 % 
 ... random file  261 Cap(th)  ave= 5.924E-04 b. +/- 10.30 % || Ela(th) ave= 6.181E+00 b. +/- 6.05 % || RIcap ave= 4.03E-04 b. +/- 9.20 % || Macs30 ave= 5.00E-05 b. +/- 18.08 % || Gn^0(l=0) ave= 5.418E+01 +/- 8.91 % Gn^0(l=1) ave= 0.000E+00 +/- 0.00 % Gn^0(l=2) ave= 0.000E+00 +/- 0.00 % Gn^0(l=3) ave= 0.000E+00 +/- 0.00 % || Gtotal(l=0) ave= 3.395E+02 +/- 0.00 % Gtotal(l=1) ave= 0.000E+00 +/- 0.00 % Gtotal(l=2) ave= 0.000E+00 +/- 0.00 % Gtotal(l=3) ave= 0.000E+00 +/- 0.00 %  % || Gg(l=0) ave= 1.309E-02 +/- 12.76 % Gg(l=1) ave= 0.000E+00 +/- 0.00 % Gg(l=2) ave= 0.000E+00 +/- 0.00 % Gg(l=3) ave= 0.000E+00 +/- 0.00 %  % || D(l=0) ave= 6.315E+04 +/- 0.00 % D(l=1) ave= 0.000E+00 +/- 0.00 % D(l=2) ave= 0.000E+00 +/- 0.00 % D(l=3) ave= 0.000E+00 +/- 0.00 %  % || S(l=0) ave= 2.979E-04 +/- 8.94 % S(l=1) ave= 0.000E+00 +/- 0.00 % S(l=2) ave= 0.000E+00 +/- 0.00 % S(l=3) ave= 0.000E+00 +/- 0.00 % 
 ... random file  262 Cap(th)  ave= 5.925E-04 b. +/- 10.28 % || Ela(th) ave= 6.180E+00 b. +/- 6.04 % || RIcap ave= 4.03E-04 b. +/- 9.19 % || Macs30 ave= 5.00E-05 b. +/- 18.10 % || Gn^0(l=0) ave= 5.418E+01 +/- 8.90 % Gn^0(l=1) ave= 0.000E+00 +/- 0.00 % Gn^0(l=2) ave= 0.000E+00 +/- 0.00 % Gn^0(l=3) ave= 0.000E+00 +/- 0.00 % || Gtotal(l=0) ave= 3.395E+02 +/- 0.00 % Gtotal(l=1) ave= 0.000E+00 +/- 0.00 % Gtotal(l=2) ave= 0.000E+00 +/- 0.00 % Gtotal(l=3) ave= 0.000E+00 +/- 0.00 %  % || Gg(l=0) ave= 1.308E-02 +/- 12.78 % Gg(l=1) ave= 0.000E+00 +/- 0.00 % Gg(l=2) ave= 0.000E+00 +/- 0.00 % Gg(l=3) ave= 0.000E+00 +/- 0.00 %  % || D(l=0) ave= 6.315E+04 +/- 0.00 % D(l=1) ave= 0.000E+00 +/- 0.00 % D(l=2) ave= 0.000E+00 +/- 0.00 % D(l=3) ave= 0.000E+00 +/- 0.00 %  % || S(l=0) ave= 2.979E-04 +/- 8.92 % S(l=1) ave= 0.000E+00 +/- 0.00 % S(l=2) ave= 0.000E+00 +/- 0.00 % S(l=3) ave= 0.000E+00 +/- 0.00 % 
 ... random file  263 Cap(th)  ave= 5.927E-04 b. +/- 10.27 % || Ela(th) ave= 6.180E+00 b. +/- 6.03 % || RIcap ave= 4.04E-04 b. +/- 9.21 % || Macs30 ave= 5.00E-05 b. +/- 18.12 % || Gn^0(l=0) ave= 5.418E+01 +/- 8.88 % Gn^0(l=1) ave= 0.000E+00 +/- 0.00 % Gn^0(l=2) ave= 0.000E+00 +/- 0.00 % Gn^0(l=3) ave= 0.000E+00 +/- 0.00 % || Gtotal(l=0) ave= 3.395E+02 +/- 0.00 % Gtotal(l=1) ave= 0.000E+00 +/- 0.00 % Gtotal(l=2) ave= 0.000E+00 +/- 0.00 % Gtotal(l=3) ave= 0.000E+00 +/- 0.00 %  % || Gg(l=0) ave= 1.310E-02 +/- 12.84 % Gg(l=1) ave= 0.000E+00 +/- 0.00 % Gg(l=2) ave= 0.000E+00 +/- 0.00 % Gg(l=3) ave= 0.000E+00 +/- 0.00 %  % || D(l=0) ave= 6.315E+04 +/- 0.00 % D(l=1) ave= 0.000E+00 +/- 0.00 % D(l=2) ave= 0.000E+00 +/- 0.00 % D(l=3) ave= 0.000E+00 +/- 0.00 %  % || S(l=0) ave= 2.979E-04 +/- 8.90 % S(l=1) ave= 0.000E+00 +/- 0.00 % S(l=2) ave= 0.000E+00 +/- 0.00 % S(l=3) ave= 0.000E+00 +/- 0.00 % 
 ... random file  264 Cap(th)  ave= 5.930E-04 b. +/- 10.28 % || Ela(th) ave= 6.181E+00 b. +/- 6.02 % || RIcap ave= 4.04E-04 b. +/- 9.20 % || Macs30 ave= 5.00E-05 b. +/- 18.09 % || Gn^0(l=0) ave= 5.417E+01 +/- 8.87 % Gn^0(l=1) ave= 0.000E+00 +/- 0.00 % Gn^0(l=2) ave= 0.000E+00 +/- 0.00 % Gn^0(l=3) ave= 0.000E+00 +/- 0.00 % || Gtotal(l=0) ave= 3.395E+02 +/- 0.00 % Gtotal(l=1) ave= 0.000E+00 +/- 0.00 % Gtotal(l=2) ave= 0.000E+00 +/- 0.00 % Gtotal(l=3) ave= 0.000E+00 +/- 0.00 %  % || Gg(l=0) ave= 1.309E-02 +/- 12.84 % Gg(l=1) ave= 0.000E+00 +/- 0.00 % Gg(l=2) ave= 0.000E+00 +/- 0.00 % Gg(l=3) ave= 0.000E+00 +/- 0.00 %  % || D(l=0) ave= 6.315E+04 +/- 0.00 % D(l=1) ave= 0.000E+00 +/- 0.00 % D(l=2) ave= 0.000E+00 +/- 0.00 % D(l=3) ave= 0.000E+00 +/- 0.00 %  % || S(l=0) ave= 2.979E-04 +/- 8.90 % S(l=1) ave= 0.000E+00 +/- 0.00 % S(l=2) ave= 0.000E+00 +/- 0.00 % S(l=3) ave= 0.000E+00 +/- 0.00 % 
 ... random file  265 Cap(th)  ave= 5.928E-04 b. +/- 10.27 % || Ela(th) ave= 6.180E+00 b. +/- 6.02 % || RIcap ave= 4.04E-04 b. +/- 9.21 % || Macs30 ave= 5.01E-05 b. +/- 18.19 % || Gn^0(l=0) ave= 5.419E+01 +/- 8.86 % Gn^0(l=1) ave= 0.000E+00 +/- 0.00 % Gn^0(l=2) ave= 0.000E+00 +/- 0.00 % Gn^0(l=3) ave= 0.000E+00 +/- 0.00 % || Gtotal(l=0) ave= 3.395E+02 +/- 0.00 % Gtotal(l=1) ave= 0.000E+00 +/- 0.00 % Gtotal(l=2) ave= 0.000E+00 +/- 0.00 % Gtotal(l=3) ave= 0.000E+00 +/- 0.00 %  % || Gg(l=0) ave= 1.310E-02 +/- 12.92 % Gg(l=1) ave= 0.000E+00 +/- 0.00 % Gg(l=2) ave= 0.000E+00 +/- 0.00 % Gg(l=3) ave= 0.000E+00 +/- 0.00 %  % || D(l=0) ave= 6.315E+04 +/- 0.00 % D(l=1) ave= 0.000E+00 +/- 0.00 % D(l=2) ave= 0.000E+00 +/- 0.00 % D(l=3) ave= 0.000E+00 +/- 0.00 %  % || S(l=0) ave= 2.979E-04 +/- 8.88 % S(l=1) ave= 0.000E+00 +/- 0.00 % S(l=2) ave= 0.000E+00 +/- 0.00 % S(l=3) ave= 0.000E+00 +/- 0.00 % 
 ... random file  266 Cap(th)  ave= 5.929E-04 b. +/- 10.25 % || Ela(th) ave= 6.180E+00 b. +/- 6.01 % || RIcap ave= 4.04E-04 b. +/- 9.19 % || Macs30 ave= 5.01E-05 b. +/- 18.18 % || Gn^0(l=0) ave= 5.419E+01 +/- 8.84 % Gn^0(l=1) ave= 0.000E+00 +/- 0.00 % Gn^0(l=2) ave= 0.000E+00 +/- 0.00 % Gn^0(l=3) ave= 0.000E+00 +/- 0.00 % || Gtotal(l=0) ave= 3.395E+02 +/- 0.00 % Gtotal(l=1) ave= 0.000E+00 +/- 0.00 % Gtotal(l=2) ave= 0.000E+00 +/- 0.00 % Gtotal(l=3) ave= 0.000E+00 +/- 0.00 %  % || Gg(l=0) ave= 1.310E-02 +/- 12.91 % Gg(l=1) ave= 0.000E+00 +/- 0.00 % Gg(l=2) ave= 0.000E+00 +/- 0.00 % Gg(l=3) ave= 0.000E+00 +/- 0.00 %  % || D(l=0) ave= 6.315E+04 +/- 0.00 % D(l=1) ave= 0.000E+00 +/- 0.00 % D(l=2) ave= 0.000E+00 +/- 0.00 % D(l=3) ave= 0.000E+00 +/- 0.00 %  % || S(l=0) ave= 2.979E-04 +/- 8.87 % S(l=1) ave= 0.000E+00 +/- 0.00 % S(l=2) ave= 0.000E+00 +/- 0.00 % S(l=3) ave= 0.000E+00 +/- 0.00 % 
 ... random file  267 Cap(th)  ave= 5.930E-04 b. +/- 10.23 % || Ela(th) ave= 6.179E+00 b. +/- 6.00 % || RIcap ave= 4.04E-04 b. +/- 9.18 % || Macs30 ave= 5.01E-05 b. +/- 18.15 % || Gn^0(l=0) ave= 5.420E+01 +/- 8.83 % Gn^0(l=1) ave= 0.000E+00 +/- 0.00 % Gn^0(l=2) ave= 0.000E+00 +/- 0.00 % Gn^0(l=3) ave= 0.000E+00 +/- 0.00 % || Gtotal(l=0) ave= 3.395E+02 +/- 0.00 % Gtotal(l=1) ave= 0.000E+00 +/- 0.00 % Gtotal(l=2) ave= 0.000E+00 +/- 0.00 % Gtotal(l=3) ave= 0.000E+00 +/- 0.00 %  % || Gg(l=0) ave= 1.310E-02 +/- 12.89 % Gg(l=1) ave= 0.000E+00 +/- 0.00 % Gg(l=2) ave= 0.000E+00 +/- 0.00 % Gg(l=3) ave= 0.000E+00 +/- 0.00 %  % || D(l=0) ave= 6.315E+04 +/- 0.00 % D(l=1) ave= 0.000E+00 +/- 0.00 % D(l=2) ave= 0.000E+00 +/- 0.00 % D(l=3) ave= 0.000E+00 +/- 0.00 %  % || S(l=0) ave= 2.980E-04 +/- 8.85 % S(l=1) ave= 0.000E+00 +/- 0.00 % S(l=2) ave= 0.000E+00 +/- 0.00 % S(l=3) ave= 0.000E+00 +/- 0.00 % 
 ... random file  268 Cap(th)  ave= 5.930E-04 b. +/- 10.21 % || Ela(th) ave= 6.178E+00 b. +/- 5.99 % || RIcap ave= 4.04E-04 b. +/- 9.19 % || Macs30 ave= 5.01E-05 b. +/- 18.18 % || Gn^0(l=0) ave= 5.421E+01 +/- 8.82 % Gn^0(l=1) ave= 0.000E+00 +/- 0.00 % Gn^0(l=2) ave= 0.000E+00 +/- 0.00 % Gn^0(l=3) ave= 0.000E+00 +/- 0.00 % || Gtotal(l=0) ave= 3.395E+02 +/- 0.00 % Gtotal(l=1) ave= 0.000E+00 +/- 0.00 % Gtotal(l=2) ave= 0.000E+00 +/- 0.00 % Gtotal(l=3) ave= 0.000E+00 +/- 0.00 %  % || Gg(l=0) ave= 1.312E-02 +/- 12.99 % Gg(l=1) ave= 0.000E+00 +/- 0.00 % Gg(l=2) ave= 0.000E+00 +/- 0.00 % Gg(l=3) ave= 0.000E+00 +/- 0.00 %  % || D(l=0) ave= 6.315E+04 +/- 0.00 % D(l=1) ave= 0.000E+00 +/- 0.00 % D(l=2) ave= 0.000E+00 +/- 0.00 % D(l=3) ave= 0.000E+00 +/- 0.00 %  % || S(l=0) ave= 2.980E-04 +/- 8.84 % S(l=1) ave= 0.000E+00 +/- 0.00 % S(l=2) ave= 0.000E+00 +/- 0.00 % S(l=3) ave= 0.000E+00 +/- 0.00 % 
 ... random file  269 Cap(th)  ave= 5.931E-04 b. +/- 10.19 % || Ela(th) ave= 6.177E+00 b. +/- 5.99 % || RIcap ave= 4.04E-04 b. +/- 9.21 % || Macs30 ave= 5.01E-05 b. +/- 18.30 % || Gn^0(l=0) ave= 5.421E+01 +/- 8.80 % Gn^0(l=1) ave= 0.000E+00 +/- 0.00 % Gn^0(l=2) ave= 0.000E+00 +/- 0.00 % Gn^0(l=3) ave= 0.000E+00 +/- 0.00 % || Gtotal(l=0) ave= 3.395E+02 +/- 0.00 % Gtotal(l=1) ave= 0.000E+00 +/- 0.00 % Gtotal(l=2) ave= 0.000E+00 +/- 0.00 % Gtotal(l=3) ave= 0.000E+00 +/- 0.00 %  % || Gg(l=0) ave= 1.311E-02 +/- 13.02 % Gg(l=1) ave= 0.000E+00 +/- 0.00 % Gg(l=2) ave= 0.000E+00 +/- 0.00 % Gg(l=3) ave= 0.000E+00 +/- 0.00 %  % || D(l=0) ave= 6.315E+04 +/- 0.00 % D(l=1) ave= 0.000E+00 +/- 0.00 % D(l=2) ave= 0.000E+00 +/- 0.00 % D(l=3) ave= 0.000E+00 +/- 0.00 %  % || S(l=0) ave= 2.981E-04 +/- 8.82 % S(l=1) ave= 0.000E+00 +/- 0.00 % S(l=2) ave= 0.000E+00 +/- 0.00 % S(l=3) ave= 0.000E+00 +/- 0.00 % 
 ... random file  270 Cap(th)  ave= 5.929E-04 b. +/- 10.19 % || Ela(th) ave= 6.177E+00 b. +/- 5.98 % || RIcap ave= 4.04E-04 b. +/- 9.20 % || Macs30 ave= 5.01E-05 b. +/- 18.27 % || Gn^0(l=0) ave= 5.422E+01 +/- 8.79 % Gn^0(l=1) ave= 0.000E+00 +/- 0.00 % Gn^0(l=2) ave= 0.000E+00 +/- 0.00 % Gn^0(l=3) ave= 0.000E+00 +/- 0.00 % || Gtotal(l=0) ave= 3.395E+02 +/- 0.00 % Gtotal(l=1) ave= 0.000E+00 +/- 0.00 % Gtotal(l=2) ave= 0.000E+00 +/- 0.00 % Gtotal(l=3) ave= 0.000E+00 +/- 0.00 %  % || Gg(l=0) ave= 1.311E-02 +/- 12.99 % Gg(l=1) ave= 0.000E+00 +/- 0.00 % Gg(l=2) ave= 0.000E+00 +/- 0.00 % Gg(l=3) ave= 0.000E+00 +/- 0.00 %  % || D(l=0) ave= 6.315E+04 +/- 0.00 % D(l=1) ave= 0.000E+00 +/- 0.00 % D(l=2) ave= 0.000E+00 +/- 0.00 % D(l=3) ave= 0.000E+00 +/- 0.00 %  % || S(l=0) ave= 2.981E-04 +/- 8.81 % S(l=1) ave= 0.000E+00 +/- 0.00 % S(l=2) ave= 0.000E+00 +/- 0.00 % S(l=3) ave= 0.000E+00 +/- 0.00 % 
 ... random file  271 Cap(th)  ave= 5.932E-04 b. +/- 10.20 % || Ela(th) ave= 6.176E+00 b. +/- 5.97 % || RIcap ave= 4.04E-04 b. +/- 9.18 % || Macs30 ave= 5.00E-05 b. +/- 18.28 % || Gn^0(l=0) ave= 5.423E+01 +/- 8.78 % Gn^0(l=1) ave= 0.000E+00 +/- 0.00 % Gn^0(l=2) ave= 0.000E+00 +/- 0.00 % Gn^0(l=3) ave= 0.000E+00 +/- 0.00 % || Gtotal(l=0) ave= 3.395E+02 +/- 0.00 % Gtotal(l=1) ave= 0.000E+00 +/- 0.00 % Gtotal(l=2) ave= 0.000E+00 +/- 0.00 % Gtotal(l=3) ave= 0.000E+00 +/- 0.00 %  % || Gg(l=0) ave= 1.311E-02 +/- 12.97 % Gg(l=1) ave= 0.000E+00 +/- 0.00 % Gg(l=2) ave= 0.000E+00 +/- 0.00 % Gg(l=3) ave= 0.000E+00 +/- 0.00 %  % || D(l=0) ave= 6.315E+04 +/- 0.00 % D(l=1) ave= 0.000E+00 +/- 0.00 % D(l=2) ave= 0.000E+00 +/- 0.00 % D(l=3) ave= 0.000E+00 +/- 0.00 %  % || S(l=0) ave= 2.982E-04 +/- 8.80 % S(l=1) ave= 0.000E+00 +/- 0.00 % S(l=2) ave= 0.000E+00 +/- 0.00 % S(l=3) ave= 0.000E+00 +/- 0.00 % 
 ... random file  272 Cap(th)  ave= 5.930E-04 b. +/- 10.20 % || Ela(th) ave= 6.175E+00 b. +/- 5.96 % || RIcap ave= 4.04E-04 b. +/- 9.19 % || Macs30 ave= 5.01E-05 b. +/- 18.40 % || Gn^0(l=0) ave= 5.424E+01 +/- 8.76 % Gn^0(l=1) ave= 0.000E+00 +/- 0.00 % Gn^0(l=2) ave= 0.000E+00 +/- 0.00 % Gn^0(l=3) ave= 0.000E+00 +/- 0.00 % || Gtotal(l=0) ave= 3.395E+02 +/- 0.00 % Gtotal(l=1) ave= 0.000E+00 +/- 0.00 % Gtotal(l=2) ave= 0.000E+00 +/- 0.00 % Gtotal(l=3) ave= 0.000E+00 +/- 0.00 %  % || Gg(l=0) ave= 1.312E-02 +/- 13.02 % Gg(l=1) ave= 0.000E+00 +/- 0.00 % Gg(l=2) ave= 0.000E+00 +/- 0.00 % Gg(l=3) ave= 0.000E+00 +/- 0.00 %  % || D(l=0) ave= 6.315E+04 +/- 0.00 % D(l=1) ave= 0.000E+00 +/- 0.00 % D(l=2) ave= 0.000E+00 +/- 0.00 % D(l=3) ave= 0.000E+00 +/- 0.00 %  % || S(l=0) ave= 2.982E-04 +/- 8.78 % S(l=1) ave= 0.000E+00 +/- 0.00 % S(l=2) ave= 0.000E+00 +/- 0.00 % S(l=3) ave= 0.000E+00 +/- 0.00 % 
 ... random file  273 Cap(th)  ave= 5.929E-04 b. +/- 10.19 % || Ela(th) ave= 6.176E+00 b. +/- 5.96 % || RIcap ave= 4.04E-04 b. +/- 9.24 % || Macs30 ave= 5.02E-05 b. +/- 18.67 % || Gn^0(l=0) ave= 5.423E+01 +/- 8.75 % Gn^0(l=1) ave= 0.000E+00 +/- 0.00 % Gn^0(l=2) ave= 0.000E+00 +/- 0.00 % Gn^0(l=3) ave= 0.000E+00 +/- 0.00 % || Gtotal(l=0) ave= 3.395E+02 +/- 0.00 % Gtotal(l=1) ave= 0.000E+00 +/- 0.00 % Gtotal(l=2) ave= 0.000E+00 +/- 0.00 % Gtotal(l=3) ave= 0.000E+00 +/- 0.00 %  % || Gg(l=0) ave= 1.315E-02 +/- 13.27 % Gg(l=1) ave= 0.000E+00 +/- 0.00 % Gg(l=2) ave= 0.000E+00 +/- 0.00 % Gg(l=3) ave= 0.000E+00 +/- 0.00 %  % || D(l=0) ave= 6.315E+04 +/- 0.00 % D(l=1) ave= 0.000E+00 +/- 0.00 % D(l=2) ave= 0.000E+00 +/- 0.00 % D(l=3) ave= 0.000E+00 +/- 0.00 %  % || S(l=0) ave= 2.982E-04 +/- 8.77 % S(l=1) ave= 0.000E+00 +/- 0.00 % S(l=2) ave= 0.000E+00 +/- 0.00 % S(l=3) ave= 0.000E+00 +/- 0.00 % 
 ... random file  274 Cap(th)  ave= 5.927E-04 b. +/- 10.20 % || Ela(th) ave= 6.175E+00 b. +/- 5.95 % || RIcap ave= 4.04E-04 b. +/- 9.28 % || Macs30 ave= 5.02E-05 b. +/- 18.68 % || Gn^0(l=0) ave= 5.424E+01 +/- 8.74 % Gn^0(l=1) ave= 0.000E+00 +/- 0.00 % Gn^0(l=2) ave= 0.000E+00 +/- 0.00 % Gn^0(l=3) ave= 0.000E+00 +/- 0.00 % || Gtotal(l=0) ave= 3.395E+02 +/- 0.00 % Gtotal(l=1) ave= 0.000E+00 +/- 0.00 % Gtotal(l=2) ave= 0.000E+00 +/- 0.00 % Gtotal(l=3) ave= 0.000E+00 +/- 0.00 %  % || Gg(l=0) ave= 1.314E-02 +/- 13.27 % Gg(l=1) ave= 0.000E+00 +/- 0.00 % Gg(l=2) ave= 0.000E+00 +/- 0.00 % Gg(l=3) ave= 0.000E+00 +/- 0.00 %  % || D(l=0) ave= 6.315E+04 +/- 0.00 % D(l=1) ave= 0.000E+00 +/- 0.00 % D(l=2) ave= 0.000E+00 +/- 0.00 % D(l=3) ave= 0.000E+00 +/- 0.00 %  % || S(l=0) ave= 2.982E-04 +/- 8.76 % S(l=1) ave= 0.000E+00 +/- 0.00 % S(l=2) ave= 0.000E+00 +/- 0.00 % S(l=3) ave= 0.000E+00 +/- 0.00 % 
 ... random file  275 Cap(th)  ave= 5.926E-04 b. +/- 10.19 % || Ela(th) ave= 6.176E+00 b. +/- 5.94 % || RIcap ave= 4.04E-04 b. +/- 9.26 % || Macs30 ave= 5.02E-05 b. +/- 18.65 % || Gn^0(l=0) ave= 5.423E+01 +/- 8.72 % Gn^0(l=1) ave= 0.000E+00 +/- 0.00 % Gn^0(l=2) ave= 0.000E+00 +/- 0.00 % Gn^0(l=3) ave= 0.000E+00 +/- 0.00 % || Gtotal(l=0) ave= 3.395E+02 +/- 0.00 % Gtotal(l=1) ave= 0.000E+00 +/- 0.00 % Gtotal(l=2) ave= 0.000E+00 +/- 0.00 % Gtotal(l=3) ave= 0.000E+00 +/- 0.00 %  % || Gg(l=0) ave= 1.315E-02 +/- 13.26 % Gg(l=1) ave= 0.000E+00 +/- 0.00 % Gg(l=2) ave= 0.000E+00 +/- 0.00 % Gg(l=3) ave= 0.000E+00 +/- 0.00 %  % || D(l=0) ave= 6.315E+04 +/- 0.00 % D(l=1) ave= 0.000E+00 +/- 0.00 % D(l=2) ave= 0.000E+00 +/- 0.00 % D(l=3) ave= 0.000E+00 +/- 0.00 %  % || S(l=0) ave= 2.982E-04 +/- 8.75 % S(l=1) ave= 0.000E+00 +/- 0.00 % S(l=2) ave= 0.000E+00 +/- 0.00 % S(l=3) ave= 0.000E+00 +/- 0.00 % 
 ... random file  276 Cap(th)  ave= 5.925E-04 b. +/- 10.17 % || Ela(th) ave= 6.176E+00 b. +/- 5.93 % || RIcap ave= 4.04E-04 b. +/- 9.26 % || Macs30 ave= 5.02E-05 b. +/- 18.64 % || Gn^0(l=0) ave= 5.422E+01 +/- 8.71 % Gn^0(l=1) ave= 0.000E+00 +/- 0.00 % Gn^0(l=2) ave= 0.000E+00 +/- 0.00 % Gn^0(l=3) ave= 0.000E+00 +/- 0.00 % || Gtotal(l=0) ave= 3.395E+02 +/- 0.00 % Gtotal(l=1) ave= 0.000E+00 +/- 0.00 % Gtotal(l=2) ave= 0.000E+00 +/- 0.00 % Gtotal(l=3) ave= 0.000E+00 +/- 0.00 %  % || Gg(l=0) ave= 1.315E-02 +/- 13.25 % Gg(l=1) ave= 0.000E+00 +/- 0.00 % Gg(l=2) ave= 0.000E+00 +/- 0.00 % Gg(l=3) ave= 0.000E+00 +/- 0.00 %  % || D(l=0) ave= 6.315E+04 +/- 0.00 % D(l=1) ave= 0.000E+00 +/- 0.00 % D(l=2) ave= 0.000E+00 +/- 0.00 % D(l=3) ave= 0.000E+00 +/- 0.00 %  % || S(l=0) ave= 2.981E-04 +/- 8.73 % S(l=1) ave= 0.000E+00 +/- 0.00 % S(l=2) ave= 0.000E+00 +/- 0.00 % S(l=3) ave= 0.000E+00 +/- 0.00 % 
 ... random file  277 Cap(th)  ave= 5.928E-04 b. +/- 10.17 % || Ela(th) ave= 6.176E+00 b. +/- 5.92 % || RIcap ave= 4.04E-04 b. +/- 9.24 % || Macs30 ave= 5.02E-05 b. +/- 18.62 % || Gn^0(l=0) ave= 5.423E+01 +/- 8.70 % Gn^0(l=1) ave= 0.000E+00 +/- 0.00 % Gn^0(l=2) ave= 0.000E+00 +/- 0.00 % Gn^0(l=3) ave= 0.000E+00 +/- 0.00 % || Gtotal(l=0) ave= 3.395E+02 +/- 0.00 % Gtotal(l=1) ave= 0.000E+00 +/- 0.00 % Gtotal(l=2) ave= 0.000E+00 +/- 0.00 % Gtotal(l=3) ave= 0.000E+00 +/- 0.00 %  % || Gg(l=0) ave= 1.314E-02 +/- 13.28 % Gg(l=1) ave= 0.000E+00 +/- 0.00 % Gg(l=2) ave= 0.000E+00 +/- 0.00 % Gg(l=3) ave= 0.000E+00 +/- 0.00 %  % || D(l=0) ave= 6.315E+04 +/- 0.00 % D(l=1) ave= 0.000E+00 +/- 0.00 % D(l=2) ave= 0.000E+00 +/- 0.00 % D(l=3) ave= 0.000E+00 +/- 0.00 %  % || S(l=0) ave= 2.981E-04 +/- 8.72 % S(l=1) ave= 0.000E+00 +/- 0.00 % S(l=2) ave= 0.000E+00 +/- 0.00 % S(l=3) ave= 0.000E+00 +/- 0.00 % 
 ... random file  278 Cap(th)  ave= 5.925E-04 b. +/- 10.19 % || Ela(th) ave= 6.176E+00 b. +/- 5.91 % || RIcap ave= 4.04E-04 b. +/- 9.26 % || Macs30 ave= 5.01E-05 b. +/- 18.59 % || Gn^0(l=0) ave= 5.422E+01 +/- 8.68 % Gn^0(l=1) ave= 0.000E+00 +/- 0.00 % Gn^0(l=2) ave= 0.000E+00 +/- 0.00 % Gn^0(l=3) ave= 0.000E+00 +/- 0.00 % || Gtotal(l=0) ave= 3.395E+02 +/- 0.00 % Gtotal(l=1) ave= 0.000E+00 +/- 0.00 % Gtotal(l=2) ave= 0.000E+00 +/- 0.00 % Gtotal(l=3) ave= 0.000E+00 +/- 0.00 %  % || Gg(l=0) ave= 1.315E-02 +/- 13.27 % Gg(l=1) ave= 0.000E+00 +/- 0.00 % Gg(l=2) ave= 0.000E+00 +/- 0.00 % Gg(l=3) ave= 0.000E+00 +/- 0.00 %  % || D(l=0) ave= 6.315E+04 +/- 0.00 % D(l=1) ave= 0.000E+00 +/- 0.00 % D(l=2) ave= 0.000E+00 +/- 0.00 % D(l=3) ave= 0.000E+00 +/- 0.00 %  % || S(l=0) ave= 2.981E-04 +/- 8.70 % S(l=1) ave= 0.000E+00 +/- 0.00 % S(l=2) ave= 0.000E+00 +/- 0.00 % S(l=3) ave= 0.000E+00 +/- 0.00 % 
 ... random file  279 Cap(th)  ave= 5.920E-04 b. +/- 10.25 % || Ela(th) ave= 6.175E+00 b. +/- 5.90 % || RIcap ave= 4.04E-04 b. +/- 9.25 % || Macs30 ave= 5.02E-05 b. +/- 18.76 % || Gn^0(l=0) ave= 5.423E+01 +/- 8.66 % Gn^0(l=1) ave= 0.000E+00 +/- 0.00 % Gn^0(l=2) ave= 0.000E+00 +/- 0.00 % Gn^0(l=3) ave= 0.000E+00 +/- 0.00 % || Gtotal(l=0) ave= 3.395E+02 +/- 0.00 % Gtotal(l=1) ave= 0.000E+00 +/- 0.00 % Gtotal(l=2) ave= 0.000E+00 +/- 0.00 % Gtotal(l=3) ave= 0.000E+00 +/- 0.00 %  % || Gg(l=0) ave= 1.316E-02 +/- 13.38 % Gg(l=1) ave= 0.000E+00 +/- 0.00 % Gg(l=2) ave= 0.000E+00 +/- 0.00 % Gg(l=3) ave= 0.000E+00 +/- 0.00 %  % || D(l=0) ave= 6.315E+04 +/- 0.00 % D(l=1) ave= 0.000E+00 +/- 0.00 % D(l=2) ave= 0.000E+00 +/- 0.00 % D(l=3) ave= 0.000E+00 +/- 0.00 %  % || S(l=0) ave= 2.981E-04 +/- 8.69 % S(l=1) ave= 0.000E+00 +/- 0.00 % S(l=2) ave= 0.000E+00 +/- 0.00 % S(l=3) ave= 0.000E+00 +/- 0.00 % 
 ... random file  280 Cap(th)  ave= 5.918E-04 b. +/- 10.26 % || Ela(th) ave= 6.175E+00 b. +/- 5.89 % || RIcap ave= 4.04E-04 b. +/- 9.27 % || Macs30 ave= 5.02E-05 b. +/- 18.75 % || Gn^0(l=0) ave= 5.424E+01 +/- 8.65 % Gn^0(l=1) ave= 0.000E+00 +/- 0.00 % Gn^0(l=2) ave= 0.000E+00 +/- 0.00 % Gn^0(l=3) ave= 0.000E+00 +/- 0.00 % || Gtotal(l=0) ave= 3.395E+02 +/- 0.00 % Gtotal(l=1) ave= 0.000E+00 +/- 0.00 % Gtotal(l=2) ave= 0.000E+00 +/- 0.00 % Gtotal(l=3) ave= 0.000E+00 +/- 0.00 %  % || Gg(l=0) ave= 1.316E-02 +/- 13.36 % Gg(l=1) ave= 0.000E+00 +/- 0.00 % Gg(l=2) ave= 0.000E+00 +/- 0.00 % Gg(l=3) ave= 0.000E+00 +/- 0.00 %  % || D(l=0) ave= 6.315E+04 +/- 0.00 % D(l=1) ave= 0.000E+00 +/- 0.00 % D(l=2) ave= 0.000E+00 +/- 0.00 % D(l=3) ave= 0.000E+00 +/- 0.00 %  % || S(l=0) ave= 2.982E-04 +/- 8.68 % S(l=1) ave= 0.000E+00 +/- 0.00 % S(l=2) ave= 0.000E+00 +/- 0.00 % S(l=3) ave= 0.000E+00 +/- 0.00 % 
 ... random file  281 Cap(th)  ave= 5.916E-04 b. +/- 10.26 % || Ela(th) ave= 6.175E+00 b. +/- 5.88 % || RIcap ave= 4.04E-04 b. +/- 9.27 % || Macs30 ave= 5.02E-05 b. +/- 18.74 % || Gn^0(l=0) ave= 5.423E+01 +/- 8.64 % Gn^0(l=1) ave= 0.000E+00 +/- 0.00 % Gn^0(l=2) ave= 0.000E+00 +/- 0.00 % Gn^0(l=3) ave= 0.000E+00 +/- 0.00 % || Gtotal(l=0) ave= 3.395E+02 +/- 0.00 % Gtotal(l=1) ave= 0.000E+00 +/- 0.00 % Gtotal(l=2) ave= 0.000E+00 +/- 0.00 % Gtotal(l=3) ave= 0.000E+00 +/- 0.00 %  % || Gg(l=0) ave= 1.316E-02 +/- 13.35 % Gg(l=1) ave= 0.000E+00 +/- 0.00 % Gg(l=2) ave= 0.000E+00 +/- 0.00 % Gg(l=3) ave= 0.000E+00 +/- 0.00 %  % || D(l=0) ave= 6.315E+04 +/- 0.00 % D(l=1) ave= 0.000E+00 +/- 0.00 % D(l=2) ave= 0.000E+00 +/- 0.00 % D(l=3) ave= 0.000E+00 +/- 0.00 %  % || S(l=0) ave= 2.982E-04 +/- 8.66 % S(l=1) ave= 0.000E+00 +/- 0.00 % S(l=2) ave= 0.000E+00 +/- 0.00 % S(l=3) ave= 0.000E+00 +/- 0.00 % 
 ... random file  282 Cap(th)  ave= 5.917E-04 b. +/- 10.24 % || Ela(th) ave= 6.175E+00 b. +/- 5.87 % || RIcap ave= 4.04E-04 b. +/- 9.27 % || Macs30 ave= 5.02E-05 b. +/- 18.74 % || Gn^0(l=0) ave= 5.424E+01 +/- 8.63 % Gn^0(l=1) ave= 0.000E+00 +/- 0.00 % Gn^0(l=2) ave= 0.000E+00 +/- 0.00 % Gn^0(l=3) ave= 0.000E+00 +/- 0.00 % || Gtotal(l=0) ave= 3.395E+02 +/- 0.00 % Gtotal(l=1) ave= 0.000E+00 +/- 0.00 % Gtotal(l=2) ave= 0.000E+00 +/- 0.00 % Gtotal(l=3) ave= 0.000E+00 +/- 0.00 %  % || Gg(l=0) ave= 1.316E-02 +/- 13.32 % Gg(l=1) ave= 0.000E+00 +/- 0.00 % Gg(l=2) ave= 0.000E+00 +/- 0.00 % Gg(l=3) ave= 0.000E+00 +/- 0.00 %  % || D(l=0) ave= 6.315E+04 +/- 0.00 % D(l=1) ave= 0.000E+00 +/- 0.00 % D(l=2) ave= 0.000E+00 +/- 0.00 % D(l=3) ave= 0.000E+00 +/- 0.00 %  % || S(l=0) ave= 2.982E-04 +/- 8.65 % S(l=1) ave= 0.000E+00 +/- 0.00 % S(l=2) ave= 0.000E+00 +/- 0.00 % S(l=3) ave= 0.000E+00 +/- 0.00 % 
 ... random file  283 Cap(th)  ave= 5.919E-04 b. +/- 10.24 % || Ela(th) ave= 6.174E+00 b. +/- 5.87 % || RIcap ave= 4.04E-04 b. +/- 9.26 % || Macs30 ave= 5.02E-05 b. +/- 18.72 % || Gn^0(l=0) ave= 5.425E+01 +/- 8.62 % Gn^0(l=1) ave= 0.000E+00 +/- 0.00 % Gn^0(l=2) ave= 0.000E+00 +/- 0.00 % Gn^0(l=3) ave= 0.000E+00 +/- 0.00 % || Gtotal(l=0) ave= 3.395E+02 +/- 0.00 % Gtotal(l=1) ave= 0.000E+00 +/- 0.00 % Gtotal(l=2) ave= 0.000E+00 +/- 0.00 % Gtotal(l=3) ave= 0.000E+00 +/- 0.00 %  % || Gg(l=0) ave= 1.316E-02 +/- 13.31 % Gg(l=1) ave= 0.000E+00 +/- 0.00 % Gg(l=2) ave= 0.000E+00 +/- 0.00 % Gg(l=3) ave= 0.000E+00 +/- 0.00 %  % || D(l=0) ave= 6.315E+04 +/- 0.00 % D(l=1) ave= 0.000E+00 +/- 0.00 % D(l=2) ave= 0.000E+00 +/- 0.00 % D(l=3) ave= 0.000E+00 +/- 0.00 %  % || S(l=0) ave= 2.983E-04 +/- 8.64 % S(l=1) ave= 0.000E+00 +/- 0.00 % S(l=2) ave= 0.000E+00 +/- 0.00 % S(l=3) ave= 0.000E+00 +/- 0.00 % 
 ... random file  284 Cap(th)  ave= 5.919E-04 b. +/- 10.22 % || Ela(th) ave= 6.173E+00 b. +/- 5.86 % || RIcap ave= 4.04E-04 b. +/- 9.24 % || Macs30 ave= 5.02E-05 b. +/- 18.70 % || Gn^0(l=0) ave= 5.425E+01 +/- 8.60 % Gn^0(l=1) ave= 0.000E+00 +/- 0.00 % Gn^0(l=2) ave= 0.000E+00 +/- 0.00 % Gn^0(l=3) ave= 0.000E+00 +/- 0.00 % || Gtotal(l=0) ave= 3.395E+02 +/- 0.00 % Gtotal(l=1) ave= 0.000E+00 +/- 0.00 % Gtotal(l=2) ave= 0.000E+00 +/- 0.00 % Gtotal(l=3) ave= 0.000E+00 +/- 0.00 %  % || Gg(l=0) ave= 1.316E-02 +/- 13.29 % Gg(l=1) ave= 0.000E+00 +/- 0.00 % Gg(l=2) ave= 0.000E+00 +/- 0.00 % Gg(l=3) ave= 0.000E+00 +/- 0.00 %  % || D(l=0) ave= 6.315E+04 +/- 0.00 % D(l=1) ave= 0.000E+00 +/- 0.00 % D(l=2) ave= 0.000E+00 +/- 0.00 % D(l=3) ave= 0.000E+00 +/- 0.00 %  % || S(l=0) ave= 2.983E-04 +/- 8.62 % S(l=1) ave= 0.000E+00 +/- 0.00 % S(l=2) ave= 0.000E+00 +/- 0.00 % S(l=3) ave= 0.000E+00 +/- 0.00 % 
 ... random file  285 Cap(th)  ave= 5.920E-04 b. +/- 10.20 % || Ela(th) ave= 6.173E+00 b. +/- 5.85 % || RIcap ave= 4.04E-04 b. +/- 9.23 % || Macs30 ave= 5.02E-05 b. +/- 18.71 % || Gn^0(l=0) ave= 5.425E+01 +/- 8.59 % Gn^0(l=1) ave= 0.000E+00 +/- 0.00 % Gn^0(l=2) ave= 0.000E+00 +/- 0.00 % Gn^0(l=3) ave= 0.000E+00 +/- 0.00 % || Gtotal(l=0) ave= 3.395E+02 +/- 0.00 % Gtotal(l=1) ave= 0.000E+00 +/- 0.00 % Gtotal(l=2) ave= 0.000E+00 +/- 0.00 % Gtotal(l=3) ave= 0.000E+00 +/- 0.00 %  % || Gg(l=0) ave= 1.315E-02 +/- 13.34 % Gg(l=1) ave= 0.000E+00 +/- 0.00 % Gg(l=2) ave= 0.000E+00 +/- 0.00 % Gg(l=3) ave= 0.000E+00 +/- 0.00 %  % || D(l=0) ave= 6.315E+04 +/- 0.00 % D(l=1) ave= 0.000E+00 +/- 0.00 % D(l=2) ave= 0.000E+00 +/- 0.00 % D(l=3) ave= 0.000E+00 +/- 0.00 %  % || S(l=0) ave= 2.983E-04 +/- 8.61 % S(l=1) ave= 0.000E+00 +/- 0.00 % S(l=2) ave= 0.000E+00 +/- 0.00 % S(l=3) ave= 0.000E+00 +/- 0.00 % 
 ... random file  286 Cap(th)  ave= 5.919E-04 b. +/- 10.19 % || Ela(th) ave= 6.173E+00 b. +/- 5.84 % || RIcap ave= 4.04E-04 b. +/- 9.26 % || Macs30 ave= 5.01E-05 b. +/- 18.79 % || Gn^0(l=0) ave= 5.425E+01 +/- 8.57 % Gn^0(l=1) ave= 0.000E+00 +/- 0.00 % Gn^0(l=2) ave= 0.000E+00 +/- 0.00 % Gn^0(l=3) ave= 0.000E+00 +/- 0.00 % || Gtotal(l=0) ave= 3.395E+02 +/- 0.00 % Gtotal(l=1) ave= 0.000E+00 +/- 0.00 % Gtotal(l=2) ave= 0.000E+00 +/- 0.00 % Gtotal(l=3) ave= 0.000E+00 +/- 0.00 %  % || Gg(l=0) ave= 1.314E-02 +/- 13.38 % Gg(l=1) ave= 0.000E+00 +/- 0.00 % Gg(l=2) ave= 0.000E+00 +/- 0.00 % Gg(l=3) ave= 0.000E+00 +/- 0.00 %  % || D(l=0) ave= 6.315E+04 +/- 0.00 % D(l=1) ave= 0.000E+00 +/- 0.00 % D(l=2) ave= 0.000E+00 +/- 0.00 % D(l=3) ave= 0.000E+00 +/- 0.00 %  % || S(l=0) ave= 2.983E-04 +/- 8.60 % S(l=1) ave= 0.000E+00 +/- 0.00 % S(l=2) ave= 0.000E+00 +/- 0.00 % S(l=3) ave= 0.000E+00 +/- 0.00 % 
 ... random file  287 Cap(th)  ave= 5.919E-04 b. +/- 10.17 % || Ela(th) ave= 6.173E+00 b. +/- 5.83 % || RIcap ave= 4.03E-04 b. +/- 9.30 % || Macs30 ave= 5.01E-05 b. +/- 18.90 % || Gn^0(l=0) ave= 5.426E+01 +/- 8.56 % Gn^0(l=1) ave= 0.000E+00 +/- 0.00 % Gn^0(l=2) ave= 0.000E+00 +/- 0.00 % Gn^0(l=3) ave= 0.000E+00 +/- 0.00 % || Gtotal(l=0) ave= 3.395E+02 +/- 0.00 % Gtotal(l=1) ave= 0.000E+00 +/- 0.00 % Gtotal(l=2) ave= 0.000E+00 +/- 0.00 % Gtotal(l=3) ave= 0.000E+00 +/- 0.00 %  % || Gg(l=0) ave= 1.313E-02 +/- 13.41 % Gg(l=1) ave= 0.000E+00 +/- 0.00 % Gg(l=2) ave= 0.000E+00 +/- 0.00 % Gg(l=3) ave= 0.000E+00 +/- 0.00 %  % || D(l=0) ave= 6.315E+04 +/- 0.00 % D(l=1) ave= 0.000E+00 +/- 0.00 % D(l=2) ave= 0.000E+00 +/- 0.00 % D(l=3) ave= 0.000E+00 +/- 0.00 %  % || S(l=0) ave= 2.983E-04 +/- 8.58 % S(l=1) ave= 0.000E+00 +/- 0.00 % S(l=2) ave= 0.000E+00 +/- 0.00 % S(l=3) ave= 0.000E+00 +/- 0.00 % 
 ... random file  288 Cap(th)  ave= 5.920E-04 b. +/- 10.16 % || Ela(th) ave= 6.172E+00 b. +/- 5.82 % || RIcap ave= 4.03E-04 b. +/- 9.29 % || Macs30 ave= 5.00E-05 b. +/- 18.97 % || Gn^0(l=0) ave= 5.426E+01 +/- 8.54 % Gn^0(l=1) ave= 0.000E+00 +/- 0.00 % Gn^0(l=2) ave= 0.000E+00 +/- 0.00 % Gn^0(l=3) ave= 0.000E+00 +/- 0.00 % || Gtotal(l=0) ave= 3.395E+02 +/- 0.00 % Gtotal(l=1) ave= 0.000E+00 +/- 0.00 % Gtotal(l=2) ave= 0.000E+00 +/- 0.00 % Gtotal(l=3) ave= 0.000E+00 +/- 0.00 %  % || Gg(l=0) ave= 1.312E-02 +/- 13.48 % Gg(l=1) ave= 0.000E+00 +/- 0.00 % Gg(l=2) ave= 0.000E+00 +/- 0.00 % Gg(l=3) ave= 0.000E+00 +/- 0.00 %  % || D(l=0) ave= 6.315E+04 +/- 0.00 % D(l=1) ave= 0.000E+00 +/- 0.00 % D(l=2) ave= 0.000E+00 +/- 0.00 % D(l=3) ave= 0.000E+00 +/- 0.00 %  % || S(l=0) ave= 2.983E-04 +/- 8.57 % S(l=1) ave= 0.000E+00 +/- 0.00 % S(l=2) ave= 0.000E+00 +/- 0.00 % S(l=3) ave= 0.000E+00 +/- 0.00 % 
 ... random file  289 Cap(th)  ave= 5.920E-04 b. +/- 10.14 % || Ela(th) ave= 6.172E+00 b. +/- 5.82 % || RIcap ave= 4.03E-04 b. +/- 9.28 % || Macs30 ave= 5.00E-05 b. +/- 18.97 % || Gn^0(l=0) ave= 5.426E+01 +/- 8.53 % Gn^0(l=1) ave= 0.000E+00 +/- 0.00 % Gn^0(l=2) ave= 0.000E+00 +/- 0.00 % Gn^0(l=3) ave= 0.000E+00 +/- 0.00 % || Gtotal(l=0) ave= 3.395E+02 +/- 0.00 % Gtotal(l=1) ave= 0.000E+00 +/- 0.00 % Gtotal(l=2) ave= 0.000E+00 +/- 0.00 % Gtotal(l=3) ave= 0.000E+00 +/- 0.00 %  % || Gg(l=0) ave= 1.311E-02 +/- 13.49 % Gg(l=1) ave= 0.000E+00 +/- 0.00 % Gg(l=2) ave= 0.000E+00 +/- 0.00 % Gg(l=3) ave= 0.000E+00 +/- 0.00 %  % || D(l=0) ave= 6.315E+04 +/- 0.00 % D(l=1) ave= 0.000E+00 +/- 0.00 % D(l=2) ave= 0.000E+00 +/- 0.00 % D(l=3) ave= 0.000E+00 +/- 0.00 %  % || S(l=0) ave= 2.983E-04 +/- 8.55 % S(l=1) ave= 0.000E+00 +/- 0.00 % S(l=2) ave= 0.000E+00 +/- 0.00 % S(l=3) ave= 0.000E+00 +/- 0.00 % 
 ... random file  290 Cap(th)  ave= 5.920E-04 b. +/- 10.12 % || Ela(th) ave= 6.171E+00 b. +/- 5.81 % || RIcap ave= 4.03E-04 b. +/- 9.33 % || Macs30 ave= 5.01E-05 b. +/- 19.12 % || Gn^0(l=0) ave= 5.427E+01 +/- 8.52 % Gn^0(l=1) ave= 0.000E+00 +/- 0.00 % Gn^0(l=2) ave= 0.000E+00 +/- 0.00 % Gn^0(l=3) ave= 0.000E+00 +/- 0.00 % || Gtotal(l=0) ave= 3.395E+02 +/- 0.00 % Gtotal(l=1) ave= 0.000E+00 +/- 0.00 % Gtotal(l=2) ave= 0.000E+00 +/- 0.00 % Gtotal(l=3) ave= 0.000E+00 +/- 0.00 %  % || Gg(l=0) ave= 1.313E-02 +/- 13.58 % Gg(l=1) ave= 0.000E+00 +/- 0.00 % Gg(l=2) ave= 0.000E+00 +/- 0.00 % Gg(l=3) ave= 0.000E+00 +/- 0.00 %  % || D(l=0) ave= 6.315E+04 +/- 0.00 % D(l=1) ave= 0.000E+00 +/- 0.00 % D(l=2) ave= 0.000E+00 +/- 0.00 % D(l=3) ave= 0.000E+00 +/- 0.00 %  % || S(l=0) ave= 2.984E-04 +/- 8.54 % S(l=1) ave= 0.000E+00 +/- 0.00 % S(l=2) ave= 0.000E+00 +/- 0.00 % S(l=3) ave= 0.000E+00 +/- 0.00 % 
 ... random file  291 Cap(th)  ave= 5.918E-04 b. +/- 10.13 % || Ela(th) ave= 6.170E+00 b. +/- 5.80 % || RIcap ave= 4.03E-04 b. +/- 9.31 % || Macs30 ave= 5.01E-05 b. +/- 19.11 % || Gn^0(l=0) ave= 5.428E+01 +/- 8.51 % Gn^0(l=1) ave= 0.000E+00 +/- 0.00 % Gn^0(l=2) ave= 0.000E+00 +/- 0.00 % Gn^0(l=3) ave= 0.000E+00 +/- 0.00 % || Gtotal(l=0) ave= 3.395E+02 +/- 0.00 % Gtotal(l=1) ave= 0.000E+00 +/- 0.00 % Gtotal(l=2) ave= 0.000E+00 +/- 0.00 % Gtotal(l=3) ave= 0.000E+00 +/- 0.00 %  % || Gg(l=0) ave= 1.313E-02 +/- 13.55 % Gg(l=1) ave= 0.000E+00 +/- 0.00 % Gg(l=2) ave= 0.000E+00 +/- 0.00 % Gg(l=3) ave= 0.000E+00 +/- 0.00 %  % || D(l=0) ave= 6.315E+04 +/- 0.00 % D(l=1) ave= 0.000E+00 +/- 0.00 % D(l=2) ave= 0.000E+00 +/- 0.00 % D(l=3) ave= 0.000E+00 +/- 0.00 %  % || S(l=0) ave= 2.984E-04 +/- 8.53 % S(l=1) ave= 0.000E+00 +/- 0.00 % S(l=2) ave= 0.000E+00 +/- 0.00 % S(l=3) ave= 0.000E+00 +/- 0.00 % 
 ... random file  292 Cap(th)  ave= 5.922E-04 b. +/- 10.17 % || Ela(th) ave= 6.170E+00 b. +/- 5.80 % || RIcap ave= 4.03E-04 b. +/- 9.30 % || Macs30 ave= 5.01E-05 b. +/- 19.11 % || Gn^0(l=0) ave= 5.429E+01 +/- 8.49 % Gn^0(l=1) ave= 0.000E+00 +/- 0.00 % Gn^0(l=2) ave= 0.000E+00 +/- 0.00 % Gn^0(l=3) ave= 0.000E+00 +/- 0.00 % || Gtotal(l=0) ave= 3.395E+02 +/- 0.00 % Gtotal(l=1) ave= 0.000E+00 +/- 0.00 % Gtotal(l=2) ave= 0.000E+00 +/- 0.00 % Gtotal(l=3) ave= 0.000E+00 +/- 0.00 %  % || Gg(l=0) ave= 1.313E-02 +/- 13.54 % Gg(l=1) ave= 0.000E+00 +/- 0.00 % Gg(l=2) ave= 0.000E+00 +/- 0.00 % Gg(l=3) ave= 0.000E+00 +/- 0.00 %  % || D(l=0) ave= 6.315E+04 +/- 0.00 % D(l=1) ave= 0.000E+00 +/- 0.00 % D(l=2) ave= 0.000E+00 +/- 0.00 % D(l=3) ave= 0.000E+00 +/- 0.00 %  % || S(l=0) ave= 2.985E-04 +/- 8.52 % S(l=1) ave= 0.000E+00 +/- 0.00 % S(l=2) ave= 0.000E+00 +/- 0.00 % S(l=3) ave= 0.000E+00 +/- 0.00 % 
 ... random file  293 Cap(th)  ave= 5.922E-04 b. +/- 10.15 % || Ela(th) ave= 6.169E+00 b. +/- 5.79 % || RIcap ave= 4.04E-04 b. +/- 9.35 % || Macs30 ave= 5.01E-05 b. +/- 19.22 % || Gn^0(l=0) ave= 5.429E+01 +/- 8.48 % Gn^0(l=1) ave= 0.000E+00 +/- 0.00 % Gn^0(l=2) ave= 0.000E+00 +/- 0.00 % Gn^0(l=3) ave= 0.000E+00 +/- 0.00 % || Gtotal(l=0) ave= 3.395E+02 +/- 0.00 % Gtotal(l=1) ave= 0.000E+00 +/- 0.00 % Gtotal(l=2) ave= 0.000E+00 +/- 0.00 % Gtotal(l=3) ave= 0.000E+00 +/- 0.00 %  % || Gg(l=0) ave= 1.314E-02 +/- 13.59 % Gg(l=1) ave= 0.000E+00 +/- 0.00 % Gg(l=2) ave= 0.000E+00 +/- 0.00 % Gg(l=3) ave= 0.000E+00 +/- 0.00 %  % || D(l=0) ave= 6.315E+04 +/- 0.00 % D(l=1) ave= 0.000E+00 +/- 0.00 % D(l=2) ave= 0.000E+00 +/- 0.00 % D(l=3) ave= 0.000E+00 +/- 0.00 %  % || S(l=0) ave= 2.985E-04 +/- 8.50 % S(l=1) ave= 0.000E+00 +/- 0.00 % S(l=2) ave= 0.000E+00 +/- 0.00 % S(l=3) ave= 0.000E+00 +/- 0.00 % 
 ... random file  294 Cap(th)  ave= 5.920E-04 b. +/- 10.17 % || Ela(th) ave= 6.169E+00 b. +/- 5.78 % || RIcap ave= 4.04E-04 b. +/- 9.34 % || Macs30 ave= 5.02E-05 b. +/- 19.19 % || Gn^0(l=0) ave= 5.429E+01 +/- 8.46 % Gn^0(l=1) ave= 0.000E+00 +/- 0.00 % Gn^0(l=2) ave= 0.000E+00 +/- 0.00 % Gn^0(l=3) ave= 0.000E+00 +/- 0.00 % || Gtotal(l=0) ave= 3.395E+02 +/- 0.00 % Gtotal(l=1) ave= 0.000E+00 +/- 0.00 % Gtotal(l=2) ave= 0.000E+00 +/- 0.00 % Gtotal(l=3) ave= 0.000E+00 +/- 0.00 %  % || Gg(l=0) ave= 1.314E-02 +/- 13.56 % Gg(l=1) ave= 0.000E+00 +/- 0.00 % Gg(l=2) ave= 0.000E+00 +/- 0.00 % Gg(l=3) ave= 0.000E+00 +/- 0.00 %  % || D(l=0) ave= 6.315E+04 +/- 0.00 % D(l=1) ave= 0.000E+00 +/- 0.00 % D(l=2) ave= 0.000E+00 +/- 0.00 % D(l=3) ave= 0.000E+00 +/- 0.00 %  % || S(l=0) ave= 2.985E-04 +/- 8.49 % S(l=1) ave= 0.000E+00 +/- 0.00 % S(l=2) ave= 0.000E+00 +/- 0.00 % S(l=3) ave= 0.000E+00 +/- 0.00 % 
 ... random file  295 Cap(th)  ave= 5.917E-04 b. +/- 10.18 % || Ela(th) ave= 6.169E+00 b. +/- 5.77 % || RIcap ave= 4.04E-04 b. +/- 9.34 % || Macs30 ave= 5.01E-05 b. +/- 19.17 % || Gn^0(l=0) ave= 5.429E+01 +/- 8.45 % Gn^0(l=1) ave= 0.000E+00 +/- 0.00 % Gn^0(l=2) ave= 0.000E+00 +/- 0.00 % Gn^0(l=3) ave= 0.000E+00 +/- 0.00 % || Gtotal(l=0) ave= 3.395E+02 +/- 0.00 % Gtotal(l=1) ave= 0.000E+00 +/- 0.00 % Gtotal(l=2) ave= 0.000E+00 +/- 0.00 % Gtotal(l=3) ave= 0.000E+00 +/- 0.00 %  % || Gg(l=0) ave= 1.313E-02 +/- 13.57 % Gg(l=1) ave= 0.000E+00 +/- 0.00 % Gg(l=2) ave= 0.000E+00 +/- 0.00 % Gg(l=3) ave= 0.000E+00 +/- 0.00 %  % || D(l=0) ave= 6.315E+04 +/- 0.00 % D(l=1) ave= 0.000E+00 +/- 0.00 % D(l=2) ave= 0.000E+00 +/- 0.00 % D(l=3) ave= 0.000E+00 +/- 0.00 %  % || S(l=0) ave= 2.985E-04 +/- 8.48 % S(l=1) ave= 0.000E+00 +/- 0.00 % S(l=2) ave= 0.000E+00 +/- 0.00 % S(l=3) ave= 0.000E+00 +/- 0.00 % 
 ... random file  296 Cap(th)  ave= 5.915E-04 b. +/- 10.19 % || Ela(th) ave= 6.170E+00 b. +/- 5.76 % || RIcap ave= 4.03E-04 b. +/- 9.37 % || Macs30 ave= 5.01E-05 b. +/- 19.17 % || Gn^0(l=0) ave= 5.428E+01 +/- 8.44 % Gn^0(l=1) ave= 0.000E+00 +/- 0.00 % Gn^0(l=2) ave= 0.000E+00 +/- 0.00 % Gn^0(l=3) ave= 0.000E+00 +/- 0.00 % || Gtotal(l=0) ave= 3.395E+02 +/- 0.00 % Gtotal(l=1) ave= 0.000E+00 +/- 0.00 % Gtotal(l=2) ave= 0.000E+00 +/- 0.00 % Gtotal(l=3) ave= 0.000E+00 +/- 0.00 %  % || Gg(l=0) ave= 1.313E-02 +/- 13.55 % Gg(l=1) ave= 0.000E+00 +/- 0.00 % Gg(l=2) ave= 0.000E+00 +/- 0.00 % Gg(l=3) ave= 0.000E+00 +/- 0.00 %  % || D(l=0) ave= 6.315E+04 +/- 0.00 % D(l=1) ave= 0.000E+00 +/- 0.00 % D(l=2) ave= 0.000E+00 +/- 0.00 % D(l=3) ave= 0.000E+00 +/- 0.00 %  % || S(l=0) ave= 2.985E-04 +/- 8.46 % S(l=1) ave= 0.000E+00 +/- 0.00 % S(l=2) ave= 0.000E+00 +/- 0.00 % S(l=3) ave= 0.000E+00 +/- 0.00 % 
 ... random file  297 Cap(th)  ave= 5.917E-04 b. +/- 10.19 % || Ela(th) ave= 6.170E+00 b. +/- 5.75 % || RIcap ave= 4.03E-04 b. +/- 9.35 % || Macs30 ave= 5.01E-05 b. +/- 19.18 % || Gn^0(l=0) ave= 5.428E+01 +/- 8.43 % Gn^0(l=1) ave= 0.000E+00 +/- 0.00 % Gn^0(l=2) ave= 0.000E+00 +/- 0.00 % Gn^0(l=3) ave= 0.000E+00 +/- 0.00 % || Gtotal(l=0) ave= 3.395E+02 +/- 0.00 % Gtotal(l=1) ave= 0.000E+00 +/- 0.00 % Gtotal(l=2) ave= 0.000E+00 +/- 0.00 % Gtotal(l=3) ave= 0.000E+00 +/- 0.00 %  % || Gg(l=0) ave= 1.312E-02 +/- 13.59 % Gg(l=1) ave= 0.000E+00 +/- 0.00 % Gg(l=2) ave= 0.000E+00 +/- 0.00 % Gg(l=3) ave= 0.000E+00 +/- 0.00 %  % || D(l=0) ave= 6.315E+04 +/- 0.00 % D(l=1) ave= 0.000E+00 +/- 0.00 % D(l=2) ave= 0.000E+00 +/- 0.00 % D(l=3) ave= 0.000E+00 +/- 0.00 %  % || S(l=0) ave= 2.984E-04 +/- 8.45 % S(l=1) ave= 0.000E+00 +/- 0.00 % S(l=2) ave= 0.000E+00 +/- 0.00 % S(l=3) ave= 0.000E+00 +/- 0.00 % 
 ... random file  298 Cap(th)  ave= 5.916E-04 b. +/- 10.18 % || Ela(th) ave= 6.170E+00 b. +/- 5.74 % || RIcap ave= 4.03E-04 b. +/- 9.34 % || Macs30 ave= 5.01E-05 b. +/- 19.17 % || Gn^0(l=0) ave= 5.428E+01 +/- 8.42 % Gn^0(l=1) ave= 0.000E+00 +/- 0.00 % Gn^0(l=2) ave= 0.000E+00 +/- 0.00 % Gn^0(l=3) ave= 0.000E+00 +/- 0.00 % || Gtotal(l=0) ave= 3.395E+02 +/- 0.00 % Gtotal(l=1) ave= 0.000E+00 +/- 0.00 % Gtotal(l=2) ave= 0.000E+00 +/- 0.00 % Gtotal(l=3) ave= 0.000E+00 +/- 0.00 %  % || Gg(l=0) ave= 1.313E-02 +/- 13.58 % Gg(l=1) ave= 0.000E+00 +/- 0.00 % Gg(l=2) ave= 0.000E+00 +/- 0.00 % Gg(l=3) ave= 0.000E+00 +/- 0.00 %  % || D(l=0) ave= 6.315E+04 +/- 0.00 % D(l=1) ave= 0.000E+00 +/- 0.00 % D(l=2) ave= 0.000E+00 +/- 0.00 % D(l=3) ave= 0.000E+00 +/- 0.00 %  % || S(l=0) ave= 2.984E-04 +/- 8.44 % S(l=1) ave= 0.000E+00 +/- 0.00 % S(l=2) ave= 0.000E+00 +/- 0.00 % S(l=3) ave= 0.000E+00 +/- 0.00 % 
 ... random file  299 Cap(th)  ave= 5.914E-04 b. +/- 10.19 % || Ela(th) ave= 6.169E+00 b. +/- 5.74 % || RIcap ave= 4.03E-04 b. +/- 9.35 % || Macs30 ave= 5.01E-05 b. +/- 19.16 % || Gn^0(l=0) ave= 5.428E+01 +/- 8.40 % Gn^0(l=1) ave= 0.000E+00 +/- 0.00 % Gn^0(l=2) ave= 0.000E+00 +/- 0.00 % Gn^0(l=3) ave= 0.000E+00 +/- 0.00 % || Gtotal(l=0) ave= 3.395E+02 +/- 0.00 % Gtotal(l=1) ave= 0.000E+00 +/- 0.00 % Gtotal(l=2) ave= 0.000E+00 +/- 0.00 % Gtotal(l=3) ave= 0.000E+00 +/- 0.00 %  % || Gg(l=0) ave= 1.313E-02 +/- 13.56 % Gg(l=1) ave= 0.000E+00 +/- 0.00 % Gg(l=2) ave= 0.000E+00 +/- 0.00 % Gg(l=3) ave= 0.000E+00 +/- 0.00 %  % || D(l=0) ave= 6.315E+04 +/- 0.00 % D(l=1) ave= 0.000E+00 +/- 0.00 % D(l=2) ave= 0.000E+00 +/- 0.00 % D(l=3) ave= 0.000E+00 +/- 0.00 %  % || S(l=0) ave= 2.985E-04 +/- 8.43 % S(l=1) ave= 0.000E+00 +/- 0.00 % S(l=2) ave= 0.000E+00 +/- 0.00 % S(l=3) ave= 0.000E+00 +/- 0.00 % 
 ... random file  300 Cap(th)  ave= 5.914E-04 b. +/- 10.17 % || Ela(th) ave= 6.169E+00 b. +/- 5.73 % || RIcap ave= 4.03E-04 b. +/- 9.37 % || Macs30 ave= 5.00E-05 b. +/- 19.27 % || Gn^0(l=0) ave= 5.428E+01 +/- 8.39 % Gn^0(l=1) ave= 0.000E+00 +/- 0.00 % Gn^0(l=2) ave= 0.000E+00 +/- 0.00 % Gn^0(l=3) ave= 0.000E+00 +/- 0.00 % || Gtotal(l=0) ave= 3.395E+02 +/- 0.00 % Gtotal(l=1) ave= 0.000E+00 +/- 0.00 % Gtotal(l=2) ave= 0.000E+00 +/- 0.00 % Gtotal(l=3) ave= 0.000E+00 +/- 0.00 %  % || Gg(l=0) ave= 1.312E-02 +/- 13.65 % Gg(l=1) ave= 0.000E+00 +/- 0.00 % Gg(l=2) ave= 0.000E+00 +/- 0.00 % Gg(l=3) ave= 0.000E+00 +/- 0.00 %  % || D(l=0) ave= 6.315E+04 +/- 0.00 % D(l=1) ave= 0.000E+00 +/- 0.00 % D(l=2) ave= 0.000E+00 +/- 0.00 % D(l=3) ave= 0.000E+00 +/- 0.00 %  % || S(l=0) ave= 2.985E-04 +/- 8.41 % S(l=1) ave= 0.000E+00 +/- 0.00 % S(l=2) ave= 0.000E+00 +/- 0.00 % S(l=3) ave= 0.000E+00 +/- 0.00 % 
 ... Histogram plot for thermal (n,g)
 ... Write covariances  ... MT1  ... plot correlations
 ... MT2  ... MT102 


 ================================================
 ============== From 300 random values === start ======
 Thermal (n,tot) xs  0 K =  6.16971 b. +/- 0.353394 b. ( 5.72788 %) skew= +0.23 +/- 0.14
 Thermal (n,el) xs   0 K =  6.16912 b. +/- 0.353391 b. ( 5.72839 %) skew= +0.23 +/- 0.14
 Thermal (n,g) xs    0 K =  0.000591395 b. +/- 6.01339e-05 b. ( 10.1682 %) skew= +0.46 +/- 0.14
 RI      (n,g)       0 K =  0.000403039 b. +/- 3.77789e-05 b. ( 9.37351 %) 
 MACS    (n,g)       0 K (at Emacs= 30000 eV) =  5.0031e-05 b. +/- 9.64144e-06 b. ( 19.2709 %) 
 Ave. Gtotal  L=0        =  3.395E+02 +/- 0.00 %
 Ave. Gn^(0)  L=0        =  5.428E+01 +/- 8.39 %
 Ave. Gg      L=0        =  1.312E-02 +/- 13.65 %
 Ave. D       L=0        =  6.315E+04 +/- 0.00 %
 Ave. S       L=0        =  2.985E-04 +/- 8.41 %

 Expected Thermal (n,g) (syst or meas)= 0.00054 b. +/- 6.5e-05 b. nominal: 0.000594097 b.
 ratio Calculated/expected thermal (n,g): 1.10 ratio DCalculated/Dexpected: 0.93 ratio Calculated/Nominal: 1.00
 ============== From 300 random values ===== stop ======
 ================================================
 ... Calculation of (n,a) and (n,p) cross sections at 300 K
 ... thermal (n,a) cross section is 0.235 +/- 0.01 b.
 ... thermal (n,a) cross section is 0.251771 b. (random case 1)
 ... thermal (n,a) cross section is 0.268542 b. (random case 2)
 ... thermal (n,a) cross section is 0.285313 b. (random case 3)
 ... thermal (n,a) cross section is 0.302084 b. (random case 4)
 ... thermal (n,a) cross section is 0.318855 b. (random case 5)
 ... thermal (n,a) cross section is 0.335626 b. (random case 6)
 ... thermal (n,a) cross section is 0.352397 b. (random case 7)
 ... thermal (n,a) cross section is 0.369168 b. (random case 8)
 ... thermal (n,a) cross section is 0.385939 b. (random case 9)
 ... thermal (n,a) cross section is 0.40271 b. (random case 10)
 ... thermal (n,a) cross section is 0.419481 b. (random case 11)
 ... thermal (n,a) cross section is 0.436252 b. (random case 12)
 ... thermal (n,a) cross section is 0.453023 b. (random case 13)
 ... thermal (n,a) cross section is 0.469794 b. (random case 14)
 ... thermal (n,a) cross section is 0.486565 b. (random case 15)
 ... thermal (n,a) cross section is 0.503336 b. (random case 16)
 ... thermal (n,a) cross section is 0.520107 b. (random case 17)
 ... thermal (n,a) cross section is 0.536878 b. (random case 18)
 ... thermal (n,a) cross section is 0.553649 b. (random case 19)
 ... thermal (n,a) cross section is 0.57042 b. (random case 20)
 ... thermal (n,a) cross section is 0.587191 b. (random case 21)
 ... thermal (n,a) cross section is 0.603962 b. (random case 22)
 ... thermal (n,a) cross section is 0.620733 b. (random case 23)
 ... thermal (n,a) cross section is 0.637504 b. (random case 24)
 ... thermal (n,a) cross section is 0.654275 b. (random case 25)
 ... thermal (n,a) cross section is 0.671046 b. (random case 26)
 ... thermal (n,a) cross section is 0.687817 b. (random case 27)
 ... thermal (n,a) cross section is 0.704588 b. (random case 28)
 ... thermal (n,a) cross section is 0.721359 b. (random case 29)
 ... thermal (n,a) cross section is 0.73813 b. (random case 30)
 ... thermal (n,a) cross section is 0.754901 b. (random case 31)
 ... thermal (n,a) cross section is 0.771672 b. (random case 32)
 ... thermal (n,a) cross section is 0.788443 b. (random case 33)
 ... thermal (n,a) cross section is 0.805214 b. (random case 34)
 ... thermal (n,a) cross section is 0.821985 b. (random case 35)
 ... thermal (n,a) cross section is 0.838756 b. (random case 36)
 ... thermal (n,a) cross section is 0.855527 b. (random case 37)
 ... thermal (n,a) cross section is 0.872298 b. (random case 38)
 ... thermal (n,a) cross section is 0.889069 b. (random case 39)
 ... thermal (n,a) cross section is 0.90584 b. (random case 40)
 ... thermal (n,a) cross section is 0.922611 b. (random case 41)
 ... thermal (n,a) cross section is 0.939382 b. (random case 42)
 ... thermal (n,a) cross section is 0.956153 b. (random case 43)
 ... thermal (n,a) cross section is 0.972924 b. (random case 44)
 ... thermal (n,a) cross section is 0.989695 b. (random case 45)
 ... thermal (n,a) cross section is 1.00647 b. (random case 46)
 ... thermal (n,a) cross section is 1.03932 b. (random case 47)
 ... thermal (n,a) cross section is 1.07217 b. (random case 48)
 ... thermal (n,a) cross section is 1.10502 b. (random case 49)
 ... thermal (n,a) cross section is 1.13788 b. (random case 50)
 ... thermal (n,a) cross section is 1.17073 b. (random case 51)
 ... thermal (n,a) cross section is 1.20358 b. (random case 52)
 ... thermal (n,a) cross section is 1.23644 b. (random case 53)
 ... thermal (n,a) cross section is 1.26929 b. (random case 54)
 ... thermal (n,a) cross section is 1.30214 b. (random case 55)
 ... thermal (n,a) cross section is 1.335 b. (random case 56)
 ... thermal (n,a) cross section is 1.36785 b. (random case 57)
 ... thermal (n,a) cross section is 1.4007 b. (random case 58)
 ... thermal (n,a) cross section is 1.43355 b. (random case 59)
 ... thermal (n,a) cross section is 1.46641 b. (random case 60)
 ... thermal (n,a) cross section is 1.49926 b. (random case 61)
 ... thermal (n,a) cross section is 1.53211 b. (random case 62)
 ... thermal (n,a) cross section is 1.56497 b. (random case 63)
 ... thermal (n,a) cross section is 1.59782 b. (random case 64)
 ... thermal (n,a) cross section is 1.63067 b. (random case 65)
 ... thermal (n,a) cross section is 1.66353 b. (random case 66)
 ... thermal (n,a) cross section is 1.69638 b. (random case 67)
 ... thermal (n,a) cross section is 1.72923 b. (random case 68)
 ... thermal (n,a) cross section is 1.76208 b. (random case 69)
 ... thermal (n,a) cross section is 1.79494 b. (random case 70)
 ... thermal (n,a) cross section is 1.82779 b. (random case 71)
 ... thermal (n,a) cross section is 1.86064 b. (random case 72)
 ... thermal (n,a) cross section is 1.8935 b. (random case 73)
 ... thermal (n,a) cross section is 1.92635 b. (random case 74)
 ... thermal (n,a) cross section is 1.9592 b. (random case 75)
 ... thermal (n,a) cross section is 1.99206 b. (random case 76)
 ... thermal (n,a) cross section is 2.02491 b. (random case 77)
 ... thermal (n,a) cross section is 2.02105 b. (random case 78)
 ... thermal (n,a) cross section is 2.01719 b. (random case 79)
 ... thermal (n,a) cross section is 2.01333 b. (random case 80)
 ... thermal (n,a) cross section is 2.00947 b. (random case 81)
 ... thermal (n,a) cross section is 2.00561 b. (random case 82)
 ... thermal (n,a) cross section is 2.00175 b. (random case 83)
 ... thermal (n,a) cross section is 1.99789 b. (random case 84)
 ... thermal (n,a) cross section is 2.03074 b. (random case 85)
 ... thermal (n,a) cross section is 2.02688 b. (random case 86)
 ... thermal (n,a) cross section is 2.02302 b. (random case 87)
 ... thermal (n,a) cross section is 2.01916 b. (random case 88)
 ... thermal (n,a) cross section is 2.0153 b. (random case 89)
 ... thermal (n,a) cross section is 2.01144 b. (random case 90)
 ... thermal (n,a) cross section is 2.00758 b. (random case 91)
 ... thermal (n,a) cross section is 2.00372 b. (random case 92)
 ... thermal (n,a) cross section is 1.99986 b. (random case 93)
 ... thermal (n,a) cross section is 2.03271 b. (random case 94)
 ... thermal (n,a) cross section is 2.02885 b. (random case 95)
 ... thermal (n,a) cross section is 2.02499 b. (random case 96)
 ... thermal (n,a) cross section is 2.02113 b. (random case 97)
 ... thermal (n,a) cross section is 2.01727 b. (random case 98)
 ... thermal (n,a) cross section is 2.01341 b. (random case 99)
 ... thermal (n,a) cross section is 2.00955 b. (random case 100)
 ... thermal (n,a) cross section is 2.00569 b. (random case 101)
 ... thermal (n,a) cross section is 2.00183 b. (random case 102)
 ... thermal (n,a) cross section is 1.99797 b. (random case 103)
 ... thermal (n,a) cross section is 2.03082 b. (random case 104)
 ... thermal (n,a) cross section is 2.02696 b. (random case 105)
 ... thermal (n,a) cross section is 2.0231 b. (random case 106)
 ... thermal (n,a) cross section is 2.01924 b. (random case 107)
 ... thermal (n,a) cross section is 2.01538 b. (random case 108)
 ... thermal (n,a) cross section is 2.01152 b. (random case 109)
 ... thermal (n,a) cross section is 2.00766 b. (random case 110)
 ... thermal (n,a) cross section is 2.0038 b. (random case 111)
 ... thermal (n,a) cross section is 1.99994 b. (random case 112)
 ... thermal (n,a) cross section is 2.0328 b. (random case 113)
 ... thermal (n,a) cross section is 2.02894 b. (random case 114)
 ... thermal (n,a) cross section is 2.02507 b. (random case 115)
 ... thermal (n,a) cross section is 2.02121 b. (random case 116)
 ... thermal (n,a) cross section is 2.01735 b. (random case 117)
 ... thermal (n,a) cross section is 2.01349 b. (random case 118)
 ... thermal (n,a) cross section is 2.00963 b. (random case 119)
 ... thermal (n,a) cross section is 2.00577 b. (random case 120)
 ... thermal (n,a) cross section is 2.00191 b. (random case 121)
 ... thermal (n,a) cross section is 1.99805 b. (random case 122)
 ... thermal (n,a) cross section is 2.03091 b. (random case 123)
 ... thermal (n,a) cross section is 2.02705 b. (random case 124)
 ... thermal (n,a) cross section is 2.02319 b. (random case 125)
 ... thermal (n,a) cross section is 2.01932 b. (random case 126)
 ... thermal (n,a) cross section is 2.01546 b. (random case 127)
 ... thermal (n,a) cross section is 2.0116 b. (random case 128)
 ... thermal (n,a) cross section is 2.00774 b. (random case 129)
 ... thermal (n,a) cross section is 2.00388 b. (random case 130)
 ... thermal (n,a) cross section is 2.00002 b. (random case 131)
 ... thermal (n,a) cross section is 1.99616 b. (random case 132)
 ... thermal (n,a) cross section is 2.02902 b. (random case 133)
 ... thermal (n,a) cross section is 2.02516 b. (random case 134)
 ... thermal (n,a) cross section is 2.0213 b. (random case 135)
 ... thermal (n,a) cross section is 2.01744 b. (random case 136)
 ... thermal (n,a) cross section is 2.01358 b. (random case 137)
 ... thermal (n,a) cross section is 2.00972 b. (random case 138)
 ... thermal (n,a) cross section is 2.00586 b. (random case 139)
 ... thermal (n,a) cross section is 2.002 b. (random case 140)
 ... thermal (n,a) cross section is 1.99814 b. (random case 141)
 ... thermal (n,a) cross section is 2.03099 b. (random case 142)
 ... thermal (n,a) cross section is 2.02713 b. (random case 143)
 ... thermal (n,a) cross section is 2.02327 b. (random case 144)
 ... thermal (n,a) cross section is 2.01941 b. (random case 145)
 ... thermal (n,a) cross section is 2.01555 b. (random case 146)
 ... thermal (n,a) cross section is 2.01169 b. (random case 147)
 ... thermal (n,a) cross section is 2.00783 b. (random case 148)
 ... thermal (n,a) cross section is 2.00397 b. (random case 149)
 ... thermal (n,a) cross section is 2.00011 b. (random case 150)
 ... thermal (n,a) cross section is 1.99625 b. (random case 151)
 ... thermal (n,a) cross section is 2.0291 b. (random case 152)
 ... thermal (n,a) cross section is 2.02524 b. (random case 153)
 ... thermal (n,a) cross section is 2.02138 b. (random case 154)
 ... thermal (n,a) cross section is 2.01752 b. (random case 155)
 ... thermal (n,a) cross section is 2.01366 b. (random case 156)
 ... thermal (n,a) cross section is 2.0098 b. (random case 157)
 ... thermal (n,a) cross section is 2.00594 b. (random case 158)
 ... thermal (n,a) cross section is 2.00208 b. (random case 159)
 ... thermal (n,a) cross section is 1.99822 b. (random case 160)
 ... thermal (n,a) cross section is 2.03107 b. (random case 161)
 ... thermal (n,a) cross section is 2.02721 b. (random case 162)
 ... thermal (n,a) cross section is 2.02335 b. (random case 163)
 ... thermal (n,a) cross section is 2.01949 b. (random case 164)
 ... thermal (n,a) cross section is 2.01563 b. (random case 165)
 ... thermal (n,a) cross section is 2.01177 b. (random case 166)
 ... thermal (n,a) cross section is 2.00791 b. (random case 167)
 ... thermal (n,a) cross section is 2.00405 b. (random case 168)
 ... thermal (n,a) cross section is 2.00019 b. (random case 169)
 ... thermal (n,a) cross section is 1.99633 b. (random case 170)
 ... thermal (n,a) cross section is 2.02918 b. (random case 171)
 ... thermal (n,a) cross section is 2.02532 b. (random case 172)
 ... thermal (n,a) cross section is 2.02146 b. (random case 173)
 ... thermal (n,a) cross section is 2.0176 b. (random case 174)
 ... thermal (n,a) cross section is 2.01374 b. (random case 175)
 ... thermal (n,a) cross section is 2.00988 b. (random case 176)
 ... thermal (n,a) cross section is 2.00602 b. (random case 177)
 ... thermal (n,a) cross section is 2.00216 b. (random case 178)
 ... thermal (n,a) cross section is 1.9983 b. (random case 179)
 ... thermal (n,a) cross section is 2.03115 b. (random case 180)
 ... thermal (n,a) cross section is 2.02729 b. (random case 181)
 ... thermal (n,a) cross section is 2.02343 b. (random case 182)
 ... thermal (n,a) cross section is 2.01957 b. (random case 183)
 ... thermal (n,a) cross section is 2.01571 b. (random case 184)
 ... thermal (n,a) cross section is 2.01185 b. (random case 185)
 ... thermal (n,a) cross section is 2.00799 b. (random case 186)
 ... thermal (n,a) cross section is 2.00413 b. (random case 187)
 ... thermal (n,a) cross section is 2.00027 b. (random case 188)
 ... thermal (n,a) cross section is 1.99641 b. (random case 189)
 ... thermal (n,a) cross section is 2.02926 b. (random case 190)
 ... thermal (n,a) cross section is 2.0254 b. (random case 191)
 ... thermal (n,a) cross section is 2.02154 b. (random case 192)
 ... thermal (n,a) cross section is 2.01768 b. (random case 193)
 ... thermal (n,a) cross section is 2.01382 b. (random case 194)
 ... thermal (n,a) cross section is 2.00996 b. (random case 195)
 ... thermal (n,a) cross section is 2.0061 b. (random case 196)
 ... thermal (n,a) cross section is 2.00224 b. (random case 197)
 ... thermal (n,a) cross section is 1.99838 b. (random case 198)
 ... thermal (n,a) cross section is 2.03124 b. (random case 199)
 ... thermal (n,a) cross section is 2.02738 b. (random case 200)
 ... thermal (n,a) cross section is 2.02352 b. (random case 201)
 ... thermal (n,a) cross section is 2.01965 b. (random case 202)
 ... thermal (n,a) cross section is 2.01579 b. (random case 203)
 ... thermal (n,a) cross section is 2.01193 b. (random case 204)
 ... thermal (n,a) cross section is 2.00807 b. (random case 205)
 ... thermal (n,a) cross section is 2.00421 b. (random case 206)
 ... thermal (n,a) cross section is 2.00035 b. (random case 207)
 ... thermal (n,a) cross section is 1.99649 b. (random case 208)
 ... thermal (n,a) cross section is 2.02935 b. (random case 209)
 ... thermal (n,a) cross section is 2.02549 b. (random case 210)
 ... thermal (n,a) cross section is 2.02163 b. (random case 211)
 ... thermal (n,a) cross section is 2.01777 b. (random case 212)
 ... thermal (n,a) cross section is 2.01391 b. (random case 213)
 ... thermal (n,a) cross section is 2.01005 b. (random case 214)
 ... thermal (n,a) cross section is 2.00619 b. (random case 215)
 ... thermal (n,a) cross section is 2.00233 b. (random case 216)
 ... thermal (n,a) cross section is 1.99847 b. (random case 217)
 ... thermal (n,a) cross section is 2.03132 b. (random case 218)
 ... thermal (n,a) cross section is 2.02746 b. (random case 219)
 ... thermal (n,a) cross section is 2.0236 b. (random case 220)
 ... thermal (n,a) cross section is 2.01974 b. (random case 221)
 ... thermal (n,a) cross section is 2.01588 b. (random case 222)
 ... thermal (n,a) cross section is 2.01202 b. (random case 223)
 ... thermal (n,a) cross section is 2.00816 b. (random case 224)
 ... thermal (n,a) cross section is 2.0043 b. (random case 225)
 ... thermal (n,a) cross section is 2.00044 b. (random case 226)
 ... thermal (n,a) cross section is 1.99658 b. (random case 227)
 ... thermal (n,a) cross section is 2.02943 b. (random case 228)
 ... thermal (n,a) cross section is 2.02557 b. (random case 229)
 ... thermal (n,a) cross section is 2.02171 b. (random case 230)
 ... thermal (n,a) cross section is 2.01785 b. (random case 231)
 ... thermal (n,a) cross section is 2.01399 b. (random case 232)
 ... thermal (n,a) cross section is 2.01013 b. (random case 233)
 ... thermal (n,a) cross section is 2.00627 b. (random case 234)
 ... thermal (n,a) cross section is 2.00241 b. (random case 235)
 ... thermal (n,a) cross section is 1.99855 b. (random case 236)
 ... thermal (n,a) cross section is 2.0314 b. (random case 237)
 ... thermal (n,a) cross section is 2.02754 b. (random case 238)
 ... thermal (n,a) cross section is 2.02368 b. (random case 239)
 ... thermal (n,a) cross section is 2.01982 b. (random case 240)
 ... thermal (n,a) cross section is 2.01596 b. (random case 241)
 ... thermal (n,a) cross section is 2.0121 b. (random case 242)
 ... thermal (n,a) cross section is 2.00824 b. (random case 243)
 ... thermal (n,a) cross section is 2.00438 b. (random case 244)
 ... thermal (n,a) cross section is 2.00052 b. (random case 245)
 ... thermal (n,a) cross section is 1.99666 b. (random case 246)
 ... thermal (n,a) cross section is 2.02951 b. (random case 247)
 ... thermal (n,a) cross section is 2.02565 b. (random case 248)
 ... thermal (n,a) cross section is 2.02179 b. (random case 249)
 ... thermal (n,a) cross section is 2.01793 b. (random case 250)
 ... thermal (n,a) cross section is 2.01407 b. (random case 251)
 ... thermal (n,a) cross section is 2.01021 b. (random case 252)
 ... thermal (n,a) cross section is 2.00635 b. (random case 253)
 ... thermal (n,a) cross section is 2.00249 b. (random case 254)
 ... thermal (n,a) cross section is 1.99863 b. (random case 255)
 ... thermal (n,a) cross section is 2.03148 b. (random case 256)
 ... thermal (n,a) cross section is 2.02762 b. (random case 257)
 ... thermal (n,a) cross section is 2.02376 b. (random case 258)
 ... thermal (n,a) cross section is 2.0199 b. (random case 259)
 ... thermal (n,a) cross section is 2.01604 b. (random case 260)
 ... thermal (n,a) cross section is 2.01218 b. (random case 261)
 ... thermal (n,a) cross section is 2.00832 b. (random case 262)
 ... thermal (n,a) cross section is 2.00446 b. (random case 263)
 ... thermal (n,a) cross section is 2.0006 b. (random case 264)
 ... thermal (n,a) cross section is 1.99674 b. (random case 265)
 ... thermal (n,a) cross section is 2.02959 b. (random case 266)
 ... thermal (n,a) cross section is 2.02573 b. (random case 267)
 ... thermal (n,a) cross section is 2.02187 b. (random case 268)
 ... thermal (n,a) cross section is 2.01801 b. (random case 269)
 ... thermal (n,a) cross section is 2.01415 b. (random case 270)
 ... thermal (n,a) cross section is 2.01029 b. (random case 271)
 ... thermal (n,a) cross section is 2.00643 b. (random case 272)
 ... thermal (n,a) cross section is 2.00257 b. (random case 273)
 ... thermal (n,a) cross section is 1.99871 b. (random case 274)
 ... thermal (n,a) cross section is 2.03157 b. (random case 275)
 ... thermal (n,a) cross section is 2.02771 b. (random case 276)
 ... thermal (n,a) cross section is 2.02384 b. (random case 277)
 ... thermal (n,a) cross section is 2.01998 b. (random case 278)
 ... thermal (n,a) cross section is 2.01612 b. (random case 279)
 ... thermal (n,a) cross section is 2.01226 b. (random case 280)
 ... thermal (n,a) cross section is 2.0084 b. (random case 281)
 ... thermal (n,a) cross section is 2.00454 b. (random case 282)
 ... thermal (n,a) cross section is 2.00068 b. (random case 283)
 ... thermal (n,a) cross section is 1.99682 b. (random case 284)
 ... thermal (n,a) cross section is 2.02968 b. (random case 285)
 ... thermal (n,a) cross section is 2.02582 b. (random case 286)
 ... thermal (n,a) cross section is 2.02196 b. (random case 287)
 ... thermal (n,a) cross section is 2.01809 b. (random case 288)
 ... thermal (n,a) cross section is 2.01423 b. (random case 289)
 ... thermal (n,a) cross section is 2.01037 b. (random case 290)
 ... thermal (n,a) cross section is 2.00651 b. (random case 291)
 ... thermal (n,a) cross section is 2.00265 b. (random case 292)
 ... thermal (n,a) cross section is 1.99879 b. (random case 293)
 ... thermal (n,a) cross section is 2.03165 b. (random case 294)
 ... thermal (n,a) cross section is 2.02779 b. (random case 295)
 ... thermal (n,a) cross section is 2.02393 b. (random case 296)
 ... thermal (n,a) cross section is 2.02007 b. (random case 297)
 ... thermal (n,a) cross section is 2.01621 b. (random case 298)
 ... thermal (n,a) cross section is 2.01235 b. (random case 299)
 ... thermal (n,a) cross section is 2.00849 b. (random case 300)
 ... thermal (n,p) cross section is 159.423 +/- 79.7116 b.
 ... thermal (n,p) cross section is 409.917 b. (random case 1)
 ... thermal (n,p) cross section is 491.719 b. (random case 2)
 ... thermal (n,p) cross section is 262.938 b. (random case 3)
 ... thermal (n,p) cross section is 273.043 b. (random case 4)
 ... thermal (n,p) cross section is 508.881 b. (random case 5)
 ... thermal (n,p) cross section is 623.527 b. (random case 6)
 ... thermal (n,p) cross section is 869.886 b. (random case 7)
 ... thermal (n,p) cross section is 782.591 b. (random case 8)
 ... thermal (n,p) cross section is 947.925 b. (random case 9)
 ... thermal (n,p) cross section is 719.61 b. (random case 10)
 ... thermal (n,p) cross section is 491.495 b. (random case 11)
 ... thermal (n,p) cross section is 262.714 b. (random case 12)
 ... thermal (n,p) cross section is 272.819 b. (random case 13)
 ... thermal (n,p) cross section is 322.238 b. (random case 14)
 ... thermal (n,p) cross section is 153 b. (random case 15)
 ... thermal (n,p) cross section is 359.387 b. (random case 16)
 ... thermal (n,p) cross section is 407.097 b. (random case 17)
 ... thermal (n,p) cross section is 143.64 b. (random case 18)
 ... thermal (n,p) cross section is 251.651 b. (random case 19)
 ... thermal (n,p) cross section is 531.662 b. (random case 20)
 ... thermal (n,p) cross section is 682.176 b. (random case 21)
 ... thermal (n,p) cross section is 616.119 b. (random case 22)
 ... thermal (n,p) cross section is 872.676 b. (random case 23)
 ... thermal (n,p) cross section is 796.314 b. (random case 24)
 ... thermal (n,p) cross section is 724.03 b. (random case 25)
 ... thermal (n,p) cross section is 750.79 b. (random case 26)
 ... thermal (n,p) cross section is 604.97 b. (random case 27)
 ... thermal (n,p) cross section is 357.487 b. (random case 28)
 ... thermal (n,p) cross section is 621.823 b. (random case 29)
 ... thermal (n,p) cross section is 518.445 b. (random case 30)
 ... thermal (n,p) cross section is 691.434 b. (random case 31)
 ... thermal (n,p) cross section is 892.549 b. (random case 32)
 ... thermal (n,p) cross section is 769.191 b. (random case 33)
 ... thermal (n,p) cross section is 915.683 b. (random case 34)
 ... thermal (n,p) cross section is 759.562 b. (random case 35)
 ... thermal (n,p) cross section is 892.482 b. (random case 36)
 ... thermal (n,p) cross section is 769.123 b. (random case 37)
 ... thermal (n,p) cross section is 915.615 b. (random case 38)
 ... thermal (n,p) cross section is 759.494 b. (random case 39)
 ... thermal (n,p) cross section is 892.414 b. (random case 40)
 ... thermal (n,p) cross section is 769.056 b. (random case 41)
 ... thermal (n,p) cross section is 915.547 b. (random case 42)
 ... thermal (n,p) cross section is 759.427 b. (random case 43)
 ... thermal (n,p) cross section is 892.346 b. (random case 44)
 ... thermal (n,p) cross section is 768.988 b. (random case 45)
 ... thermal (n,p) cross section is 1021.7 b. (random case 46)
 ... thermal (n,p) cross section is 945.026 b. (random case 47)
 ... thermal (n,p) cross section is 863.087 b. (random case 48)
 ... thermal (n,p) cross section is 612.532 b. (random case 49)
 ... thermal (n,p) cross section is 352.008 b. (random case 50)
 ... thermal (n,p) cross section is 265.308 b. (random case 51)
 ... thermal (n,p) cross section is 440.521 b. (random case 52)
 ... thermal (n,p) cross section is 632.28 b. (random case 53)
 ... thermal (n,p) cross section is 807.836 b. (random case 54)
 ... thermal (n,p) cross section is 955.669 b. (random case 55)
 ... thermal (n,p) cross section is 772.325 b. (random case 56)
 ... thermal (n,p) cross section is 528.631 b. (random case 57)
 ... thermal (n,p) cross section is 276.469 b. (random case 58)
 ... thermal (n,p) cross section is 182.809 b. (random case 59)
 ... thermal (n,p) cross section is 451.057 b. (random case 60)
 ... thermal (n,p) cross section is 331.636 b. (random case 61)
 ... thermal (n,p) cross section is 64.7457 b. (random case 62)
 ... thermal (n,p) cross section is 236.284 b. (random case 63)
 ... thermal (n,p) cross section is 508.881 b. (random case 64)
 ... thermal (n,p) cross section is 623.526 b. (random case 65)
 ... thermal (n,p) cross section is 869.885 b. (random case 66)
 ... thermal (n,p) cross section is 782.59 b. (random case 67)
 ... thermal (n,p) cross section is 947.924 b. (random case 68)
 ... thermal (n,p) cross section is 719.609 b. (random case 69)
 ... thermal (n,p) cross section is 491.494 b. (random case 70)
 ... thermal (n,p) cross section is 262.713 b. (random case 71)
 ... thermal (n,p) cross section is 272.818 b. (random case 72)
 ... thermal (n,p) cross section is 322.237 b. (random case 73)
 ... thermal (n,p) cross section is 153 b. (random case 74)
 ... thermal (n,p) cross section is 445.308 b. (random case 75)
 ... thermal (n,p) cross section is 183.328 b. (random case 76)
 ... thermal (n,p) cross section is 443.246 b. (random case 77)
 ... thermal (n,p) cross section is 407.546 b. (random case 78)
 ... thermal (n,p) cross section is 144.089 b. (random case 79)
 ... thermal (n,p) cross section is 418.139 b. (random case 80)
 ... thermal (n,p) cross section is 686.234 b. (random case 81)
 ... thermal (n,p) cross section is 710.613 b. (random case 82)
 ... thermal (n,p) cross section is 510.812 b. (random case 83)
 ... thermal (n,p) cross section is 739.472 b. (random case 84)
 ... thermal (n,p) cross section is 808.66 b. (random case 85)
 ... thermal (n,p) cross section is 757.168 b. (random case 86)
 ... thermal (n,p) cross section is 529.053 b. (random case 87)
 ... thermal (n,p) cross section is 300.5 b. (random case 88)
 ... thermal (n,p) cross section is 31.2698 b. (random case 89)
 ... thermal (n,p) cross section is 318.541 b. (random case 90)
 ... thermal (n,p) cross section is 450.026 b. (random case 91)
 ... thermal (n,p) cross section is 545.51 b. (random case 92)
 ... thermal (n,p) cross section is 445.642 b. (random case 93)
 ... thermal (n,p) cross section is 183.662 b. (random case 94)
 ... thermal (n,p) cross section is 443.58 b. (random case 95)
 ... thermal (n,p) cross section is 407.88 b. (random case 96)
 ... thermal (n,p) cross section is 144.423 b. (random case 97)
 ... thermal (n,p) cross section is 418.473 b. (random case 98)
 ... thermal (n,p) cross section is 686.568 b. (random case 99)
 ... thermal (n,p) cross section is 710.947 b. (random case 100)
 ... thermal (n,p) cross section is 511.146 b. (random case 101)
 ... thermal (n,p) cross section is 567.615 b. (random case 102)
 ... thermal (n,p) cross section is 339.23 b. (random case 103)
 ... thermal (n,p) cross section is 108.63 b. (random case 104)
 ... thermal (n,p) cross section is 190.332 b. (random case 105)
 ... thermal (n,p) cross section is 477.632 b. (random case 106)
 ... thermal (n,p) cross section is 466.791 b. (random case 107)
 ... thermal (n,p) cross section is 389.684 b. (random case 108)
 ... thermal (n,p) cross section is 523.093 b. (random case 109)
 ... thermal (n,p) cross section is 595.665 b. (random case 110)
 ... thermal (n,p) cross section is 571.108 b. (random case 111)
 ... thermal (n,p) cross section is 775.154 b. (random case 112)
 ... thermal (n,p) cross section is 1013.01 b. (random case 113)
 ... thermal (n,p) cross section is 1016.47 b. (random case 114)
 ... thermal (n,p) cross section is 861.368 b. (random case 115)
 ... thermal (n,p) cross section is 854.977 b. (random case 116)
 ... thermal (n,p) cross section is 728.926 b. (random case 117)
 ... thermal (n,p) cross section is 744.229 b. (random case 118)
 ... thermal (n,p) cross section is 912.271 b. (random case 119)
 ... thermal (n,p) cross section is 1155.95 b. (random case 120)
 ... thermal (n,p) cross section is 1374.64 b. (random case 121)
 ... thermal (n,p) cross section is 1348.93 b. (random case 122)
 ... thermal (n,p) cross section is 1256.28 b. (random case 123)
 ... thermal (n,p) cross section is 1314.4 b. (random case 124)
 ... thermal (n,p) cross section is 1444.46 b. (random case 125)
 ... thermal (n,p) cross section is 1666.69 b. (random case 126)
 ... thermal (n,p) cross section is 1814.15 b. (random case 127)
 ... thermal (n,p) cross section is 1634.56 b. (random case 128)
 ... thermal (n,p) cross section is 1849.23 b. (random case 129)
 ... thermal (n,p) cross section is 1902.15 b. (random case 130)
 ... thermal (n,p) cross section is 1994.15 b. (random case 131)
 ... thermal (n,p) cross section is 1942.1 b. (random case 132)
 ... thermal (n,p) cross section is 1724.4 b. (random case 133)
 ... thermal (n,p) cross section is 1755.39 b. (random case 134)
 ... thermal (n,p) cross section is 1891.19 b. (random case 135)
 ... thermal (n,p) cross section is 1873.7 b. (random case 136)
 ... thermal (n,p) cross section is 1714.83 b. (random case 137)
 ... thermal (n,p) cross section is 1489.74 b. (random case 138)
 ... thermal (n,p) cross section is 1641.09 b. (random case 139)
 ... thermal (n,p) cross section is 1783.53 b. (random case 140)
 ... thermal (n,p) cross section is 1555.19 b. (random case 141)
 ... thermal (n,p) cross section is 1326.4 b. (random case 142)
 ... thermal (n,p) cross section is 1115.92 b. (random case 143)
 ... thermal (n,p) cross section is 990.484 b. (random case 144)
 ... thermal (n,p) cross section is 1033.35 b. (random case 145)
 ... thermal (n,p) cross section is 1212.16 b. (random case 146)
 ... thermal (n,p) cross section is 996.217 b. (random case 147)
 ... thermal (n,p) cross section is 1243.92 b. (random case 148)
 ... thermal (n,p) cross section is 1001.3 b. (random case 149)
 ... thermal (n,p) cross section is 880.786 b. (random case 150)
 ... thermal (n,p) cross section is 885.927 b. (random case 151)
 ... thermal (n,p) cross section is 672.891 b. (random case 152)
 ... thermal (n,p) cross section is 470.449 b. (random case 153)
 ... thermal (n,p) cross section is 588.258 b. (random case 154)
 ... thermal (n,p) cross section is 442.333 b. (random case 155)
 ... thermal (n,p) cross section is 613.772 b. (random case 156)
 ... thermal (n,p) cross section is 438.657 b. (random case 157)
 ... thermal (n,p) cross section is 235.595 b. (random case 158)
 ... thermal (n,p) cross section is 475.772 b. (random case 159)
 ... thermal (n,p) cross section is 211.141 b. (random case 160)
 ... thermal (n,p) cross section is 219.159 b. (random case 161)
 ... thermal (n,p) cross section is 318.508 b. (random case 162)
 ... thermal (n,p) cross section is 449.992 b. (random case 163)
 ... thermal (n,p) cross section is 698.861 b. (random case 164)
 ... thermal (n,p) cross section is 798.634 b. (random case 165)
 ... thermal (n,p) cross section is 1047.22 b. (random case 166)
 ... thermal (n,p) cross section is 1001.02 b. (random case 167)
 ... thermal (n,p) cross section is 880.508 b. (random case 168)
 ... thermal (n,p) cross section is 885.65 b. (random case 169)
 ... thermal (n,p) cross section is 672.613 b. (random case 170)
 ... thermal (n,p) cross section is 470.172 b. (random case 171)
 ... thermal (n,p) cross section is 587.98 b. (random case 172)
 ... thermal (n,p) cross section is 648.746 b. (random case 173)
 ... thermal (n,p) cross section is 670.722 b. (random case 174)
 ... thermal (n,p) cross section is 847.173 b. (random case 175)
 ... thermal (n,p) cross section is 631.892 b. (random case 176)
 ... thermal (n,p) cross section is 891.675 b. (random case 177)
 ... thermal (n,p) cross section is 969.047 b. (random case 178)
 ... thermal (n,p) cross section is 727.755 b. (random case 179)
 ... thermal (n,p) cross section is 549.942 b. (random case 180)
 ... thermal (n,p) cross section is 608.566 b. (random case 181)
 ... thermal (n,p) cross section is 866.041 b. (random case 182)
 ... thermal (n,p) cross section is 1080.2 b. (random case 183)
 ... thermal (n,p) cross section is 1308.73 b. (random case 184)
 ... thermal (n,p) cross section is 1537.54 b. (random case 185)
 ... thermal (n,p) cross section is 1647.02 b. (random case 186)
 ... thermal (n,p) cross section is 1500.26 b. (random case 187)
 ... thermal (n,p) cross section is 1417.4 b. (random case 188)
 ... thermal (n,p) cross section is 1234.02 b. (random case 189)
 ... thermal (n,p) cross section is 1133.92 b. (random case 190)
 ... thermal (n,p) cross section is 1373.93 b. (random case 191)
 ... thermal (n,p) cross section is 1180.99 b. (random case 192)
 ... thermal (n,p) cross section is 1234.83 b. (random case 193)
 ... thermal (n,p) cross section is 1134.72 b. (random case 194)
 ... thermal (n,p) cross section is 1260.97 b. (random case 195)
 ... thermal (n,p) cross section is 1242.13 b. (random case 196)
 ... thermal (n,p) cross section is 1076.09 b. (random case 197)
 ... thermal (n,p) cross section is 835.528 b. (random case 198)
 ... thermal (n,p) cross section is 962.937 b. (random case 199)
 ... thermal (n,p) cross section is 721.261 b. (random case 200)
 ... thermal (n,p) cross section is 856.99 b. (random case 201)
 ... thermal (n,p) cross section is 649.595 b. (random case 202)
 ... thermal (n,p) cross section is 474.59 b. (random case 203)
 ... thermal (n,p) cross section is 319.313 b. (random case 204)
 ... thermal (n,p) cross section is 586.844 b. (random case 205)
 ... thermal (n,p) cross section is 815.164 b. (random case 206)
 ... thermal (n,p) cross section is 888.473 b. (random case 207)
 ... thermal (n,p) cross section is 974.419 b. (random case 208)
 ... thermal (n,p) cross section is 1158.22 b. (random case 209)
 ... thermal (n,p) cross section is 1053.07 b. (random case 210)
 ... thermal (n,p) cross section is 806.551 b. (random case 211)
 ... thermal (n,p) cross section is 1058.38 b. (random case 212)
 ... thermal (n,p) cross section is 1181.37 b. (random case 213)
 ... thermal (n,p) cross section is 1042.81 b. (random case 214)
 ... thermal (n,p) cross section is 1271.28 b. (random case 215)
 ... thermal (n,p) cross section is 1368.07 b. (random case 216)
 ... thermal (n,p) cross section is 1593.31 b. (random case 217)
 ... thermal (n,p) cross section is 1364.57 b. (random case 218)
 ... thermal (n,p) cross section is 1155.9 b. (random case 219)
 ... thermal (n,p) cross section is 1374.59 b. (random case 220)
 ... thermal (n,p) cross section is 1348.88 b. (random case 221)
 ... thermal (n,p) cross section is 1256.23 b. (random case 222)
 ... thermal (n,p) cross section is 1314.35 b. (random case 223)
 ... thermal (n,p) cross section is 1444.41 b. (random case 224)
 ... thermal (n,p) cross section is 1666.64 b. (random case 225)
 ... thermal (n,p) cross section is 1814.1 b. (random case 226)
 ... thermal (n,p) cross section is 1634.52 b. (random case 227)
 ... thermal (n,p) cross section is 1849.18 b. (random case 228)
 ... thermal (n,p) cross section is 1902.1 b. (random case 229)
 ... thermal (n,p) cross section is 1994.1 b. (random case 230)
 ... thermal (n,p) cross section is 1942.05 b. (random case 231)
 ... thermal (n,p) cross section is 1724.36 b. (random case 232)
 ... thermal (n,p) cross section is 1755.34 b. (random case 233)
 ... thermal (n,p) cross section is 1891.14 b. (random case 234)
 ... thermal (n,p) cross section is 1873.65 b. (random case 235)
 ... thermal (n,p) cross section is 1714.78 b. (random case 236)
 ... thermal (n,p) cross section is 1489.69 b. (random case 237)
 ... thermal (n,p) cross section is 1641.04 b. (random case 238)
 ... thermal (n,p) cross section is 1783.48 b. (random case 239)
 ... thermal (n,p) cross section is 1555.14 b. (random case 240)
 ... thermal (n,p) cross section is 1326.35 b. (random case 241)
 ... thermal (n,p) cross section is 1115.87 b. (random case 242)
 ... thermal (n,p) cross section is 990.435 b. (random case 243)
 ... thermal (n,p) cross section is 1033.3 b. (random case 244)
 ... thermal (n,p) cross section is 1212.11 b. (random case 245)
 ... thermal (n,p) cross section is 996.168 b. (random case 246)
 ... thermal (n,p) cross section is 1243.87 b. (random case 247)
 ... thermal (n,p) cross section is 1001.25 b. (random case 248)
 ... thermal (n,p) cross section is 880.737 b. (random case 249)
 ... thermal (n,p) cross section is 885.878 b. (random case 250)
 ... thermal (n,p) cross section is 672.842 b. (random case 251)
 ... thermal (n,p) cross section is 470.401 b. (random case 252)
 ... thermal (n,p) cross section is 588.209 b. (random case 253)
 ... thermal (n,p) cross section is 442.284 b. (random case 254)
 ... thermal (n,p) cross section is 613.723 b. (random case 255)
 ... thermal (n,p) cross section is 438.608 b. (random case 256)
 ... thermal (n,p) cross section is 235.546 b. (random case 257)
 ... thermal (n,p) cross section is 475.723 b. (random case 258)
 ... thermal (n,p) cross section is 211.092 b. (random case 259)
 ... thermal (n,p) cross section is 219.11 b. (random case 260)
 ... thermal (n,p) cross section is 318.459 b. (random case 261)
 ... thermal (n,p) cross section is 449.943 b. (random case 262)
 ... thermal (n,p) cross section is 698.812 b. (random case 263)
 ... thermal (n,p) cross section is 798.585 b. (random case 264)
 ... thermal (n,p) cross section is 1047.17 b. (random case 265)
 ... thermal (n,p) cross section is 1000.97 b. (random case 266)
 ... thermal (n,p) cross section is 759.669 b. (random case 267)
 ... thermal (n,p) cross section is 892.588 b. (random case 268)
 ... thermal (n,p) cross section is 769.23 b. (random case 269)
 ... thermal (n,p) cross section is 915.722 b. (random case 270)
 ... thermal (n,p) cross section is 759.601 b. (random case 271)
 ... thermal (n,p) cross section is 892.52 b. (random case 272)
 ... thermal (n,p) cross section is 769.162 b. (random case 273)
 ... thermal (n,p) cross section is 915.654 b. (random case 274)
 ... thermal (n,p) cross section is 759.533 b. (random case 275)
 ... thermal (n,p) cross section is 892.453 b. (random case 276)
 ... thermal (n,p) cross section is 769.094 b. (random case 277)
 ... thermal (n,p) cross section is 915.586 b. (random case 278)
 ... thermal (n,p) cross section is 759.465 b. (random case 279)
 ... thermal (n,p) cross section is 892.385 b. (random case 280)
 ... thermal (n,p) cross section is 769.027 b. (random case 281)
 ... thermal (n,p) cross section is 915.518 b. (random case 282)
 ... thermal (n,p) cross section is 759.398 b. (random case 283)
 ... thermal (n,p) cross section is 892.317 b. (random case 284)
 ... thermal (n,p) cross section is 768.959 b. (random case 285)
 ... thermal (n,p) cross section is 1021.67 b. (random case 286)
 ... thermal (n,p) cross section is 944.997 b. (random case 287)
 ... thermal (n,p) cross section is 1063 b. (random case 288)
 ... thermal (n,p) cross section is 1174.54 b. (random case 289)
 ... thermal (n,p) cross section is 956.773 b. (random case 290)
 ... thermal (n,p) cross section is 956.97 b. (random case 291)
 ... thermal (n,p) cross section is 957.166 b. (random case 292)
 ... thermal (n,p) cross section is 1140.74 b. (random case 293)
 ... thermal (n,p) cross section is 1375.06 b. (random case 294)
 ... thermal (n,p) cross section is 1533.15 b. (random case 295)
 ... thermal (n,p) cross section is 1390.72 b. (random case 296)
 ... thermal (n,p) cross section is 1515.99 b. (random case 297)
 ... thermal (n,p) cross section is 1471.87 b. (random case 298)
 ... thermal (n,p) cross section is 1233.98 b. (random case 299)
 ... thermal (n,p) cross section is 1328.9 b. (random case 300)
 ... Rewrite index for MF2
 ... Write text for MF1 in file mf1.tares.txt
 ... plotting cross sections for the MF1
 ... order output files


================== summary ==================
 Thermal (n,tot) xs = 1337.06 b. 
 Thermal (n,el)  xs = 6.15581 b. 
 Thermal (n,g)   xs = 0.000594097 b. (meas/sys: 0.00054 b.)
 Thermal (n,a)   xs = 2.00849 b. 
 Thermal (n,p)   xs = 1328.9 b. 
 At 300 K (thermal adjustment): (n,el) = 6.34082 b., (n,g) = 0.0005942 b.

 RI      (n,g)      = 0.00047602 b. (meas or sys: 0.00039 b.)
 RI      (n,el)     = 102.989 b.
=============================================


 ... cleaning
                                                 
  -------------------------------------------------------------
  -                                                           -
  - TARES: successful end of run with data from the database  -
  -             for Z= 8,  A= 17 and isomer= 0               -
  -                                                           -
  -------------------------------------------------------------

   Running time:       52 seconds

 End time: Wed Oct  7 10:14:03 2026

