
  -------------------------------------------------------------
  -                                                           -
  -              Welcome to TARES version 1.8                 -
  -                                                           -
  -  (C) Copyright 2007-2025 D. Rochman, All Rights Reserved  -
  -           NRG, Petten, the Netherlands 2007-2014          -
  -           PSI, Villigen    Switzerland 2015-2025          -
  -         Nagra, Wettingen   Switzerland 2025-              -
  -           (Last Modified October 06, 2026)                -
  -           (Database from October 06, 2026)                -
  -                                                           -
  -------------------------------------------------------------


  ---------------------------------------------
   Compilation information:
   Compiled on:         Oct  8 2026, 18:36:06
   Compiled by:         koning
   Compiler version:    clang++ - 21.0.0
   Source location:     /Users/koning/tares-1.8/source/Module/
   Binaries location:   /Users/koning/bin
   System:              Darwin 25.6.0
   System version:      Darwin Kernel Version 25.6.0: Fri Jul 31 19:19:08 PDT 2026; root:xnu-12377.161.14~5/RELEASE_ARM64_T6050  
   Machine:             arm64 
  ---------------------------------------------

   User information:
   User name:           koning
   Running directory:   /Users/koning/tendl/resbase/Cl035/work
   Owner mode for running directory : rwx
   Group mode for running directory : r-x
  ---------------------------------------------


 Starting time: Fri Oct  9 12:59:47 2026
 ... inputs directory found (/Users/koning/tares-1.8/source/Module//../../inputs/).
 ... It will be used for resonance parameters 
 ... ###############################################
 ... #     read the input file tares.inp
 ... ###############################################
 ... line: #
 ... line: # Input file generated by Autorochman
          --> line not read
 ... line: #
 ... line: isotope    Cl
          --> Isotope name: Cl
 ... line: mass       35
          --> isotopic mass: 35
 ... line: output     n-Cl035
         ---> Name of the output files: n-Cl035
 ... line: isomer     0
          --> isomeric state: 0
 ... line: mf32mf33   y
          --> MF33 based on MF32: y
 ... line: nbrRandom  300
          --> Nbr of random files: 300
 ... ###############################################
 ... # end read the input file tares.inp
 ... ###############################################
Value for random generator type not considered in since Tares 1.7 due to compilation issues

 ... ###############################################
     #   Interpretation of the Input definition    #
     ###############################################

 ... Default energy limit: End of resonance region
 ... Nuclear charge    = 17
 ... Element           = Cl
 ... Mass              = 35
 ... Isomer            = 0
 ... Correlation for (Gn,Gg) not included in random files
 ... Default random option: No random
 ... Output name: n-Cl035
 ... Energy for the MACS: 30000 eV
 ... Resonances from CALENDF reduced (reduce=y) 
 ... For URR, level density model from TALYS selected: 91n3n12611.2850 (see manual for description)
 ... Random Generator: default (pseudo random numbers from ansi c++)
 ... Reconstruction of cross section selected
 ... Doppler broadening at 0 Kelvin
 ... Default formalism: Multi Level Breit Wigner (from file best.tendl.yes)
 ... URR not included (from the input file flag)
 ... Weight for grouping is flat
 ... Calculation of (n,alpha) cross section selected
 ... Number of digit for MF32c covariance representation: 2
 ... MF32 included
 ... MF33 will be used for covariance processing
 ... TENDL option set to yes (automatic choice of MF2 and format)
 ... default option: Multi level Breit Wigner approximation selected
 ... (check file best.tendl.yes for changing this option)
 ... Retroactive option set to no with the 2025 option
 ... ladder option set to no (CALENDF will not be used for statistical resonances)

 ... ###############################################
     #           End of Input definition           #
     ###############################################

 ... gnuplot found, will be used for plotting
 ... latex found, will be used for plotting
 ... dvips found, will be used for plotting
 ... ps2epsi not found, limited plotting available
 ... uncertainties on default parameters multiplied by 1.005
 ... Read resonance data from the 2025 directory
 ... Resonance parameters taken from /Users/koning/tares-1.8/source/Module//../../inputs/2025/Resonance/default/
 ---> Processing Z= 17 and A= 35 and isomer= 0 (level number: 0)
Thermal file; Could not open file /Users/koning/tares-1.8/source/Module//../../inputs/2025/runThermal/results//thermal.mxw.ng.cendl3.1
Thermal file; Could not open file /Users/koning/tares-1.8/source/Module//../../inputs/2025/runThermal/results//thermal.mxw.ng.brond3.1
Thermal file; Could not open file /Users/koning/tares-1.8/source/Module//../../inputs/2025/runThermal/results//thermal.xs.ng.unc.cendl3.1
 ... spin taken from the final/ directory (1)

 ... ###############################################
 ... #  Nucleus global parameters (2025 database)  #
 ... ###############################################
 ... Scattering radius from file /Users/koning/tares-1.8/source/Module//../../inputs/2025/Resonance/default//global.2023.txt
 0. Spin of the target isotope: 1.5
 1. Relative Atomic Mass of the target isotope: 34.9688
 2. Isotopic composition of the target isotope: 75.76 %
 3. Scattering radius (local compilation): 3.9 fm +/- 0.09 fm
 4. Scattering radius (Mughabghab): 3.9 +/- 0.3 fm
 5. Thermal (n,p) cross section from experiments (local compilation): 0.489 +/- 0.014 b.
 6. Thermal (n,a) cross section from experiments (local compilation): 8e-05 +/- 4e-05 b.
 7. Experimental thermal (n,p) (Mughabghab): 0.489 +/- 0.014 b.
 8. Experimental thermal (n,a) (Mughabghab): 8e-05 +/- 4e-05 b.
 9. Thermal (n,a) cross section from compilation (Sukhoruchkin): 8e-05 +/- 4e-05 b.
 10. Thermal (n,p) cross section from compilation (Sukhoruchkin): 0.489 +/- 0.014 b.
      .......................................
      ... Thermal capture cross sections: ...
 11. Thermal (total) (n,g) cross section from experiments (local compilation): 43.6 +/- 0.4 b.
 12. Thermal (n,g) cross section from compilation (Firestone-2022 average on element Cl): 33.6 +/- 0.3 b.
 13. Thermal (n,g) cross section from compilation (Firestone-2022 final on element Cl): 33.36 +/- 0.2 b.
 14. Thermal Maxwellian (n,g) XS from compilation (Mughabghab-2006): 43.6 +/- 0.4 b.
 15. Thermal Maxwellian (n,g) XS from compilation (Mughabghab-2018): 43.6 +/- 0.4 b.
 16. Thermal Maxwellian (n,g) XS from compilation (Sukhoruchkin-2009): 43.6 +/- 0.4 b.
 17. Thermal Maxwellian (n,g) XS from compilation (Sukhoruchkin-2015): 43.6 +/- 0.4 b.
 18. Thermal (n,g) cross section from EAF-2010: 43.629 b.
 19. Thermal (n,g) cross section from compilation (CRP-2007): 43.84 +/- 0.17 b.
 20. Thermal (n,g) cross section from ENDF/B-VI.8: 43.65 b.
 21. Thermal (n,g) cross section from ENDF/B-VIII.1: 43.62 b.
 22. Thermal (n,g) cross section from ENDF/B-VIII.0: 43.75 b.
 23. Thermal (n,g) cross section from TENDL-2023: 43.6 +/- 27.79 b.
 24. Thermal (n,g) cross section from JEFF-3.3: 43.75 b.
 25. Thermal (n,g) cross section from JEFF-4.0: 43.62 b.
 26. Thermal (n,g) cross section from JENDL-5.0: 43.75 b.
      .......................................
      ...  Thermal total cross sections:  ...
      .......................................
      ... Thermal elastic cross sections: ...
 27. Thermal (n,el) cross section from compilation (Mughabghab): 20.6 +/- 0.3 b.
 28. Thermal (n,el) cross section from ENDF/B-VIII.1: 20.99 b.
 29. Thermal (n,el) cross section from ENDF/B-VIII.0: 20.99 b.
 30. Thermal (n,el) cross section from ENDF/B-VI.8: 20.9 b.
 31. Thermal (n,el) cross section from JENDL-5.0: 20.99 b.
 32. Thermal (n,el) cross section from JEFF-3.3: 20.99 b.
 33. Thermal (n,el) cross section from experiments (local compilation): 20.6 +/- 0.3 b.
 34. Neutron scattering length from Atominstitut (TU Wien): 11.7 +/- 0.09 fm.
      .......................................
             ... Resonance integral: ...
 35. Experimental capture integral (local compilation): 18 +/- 2 b.
 36. Experimental capture integral (Mughabghab): 17.9 +/- 0.3 b.
 37. Experimental capture integral (Sukhoruchkin): 17.9 +/- 2 b.
   ---- MACS 30 keV ----- 
 38. TALYS MACS 30 keV (HF): 0.0059965 b. 
 39. Recommended MACS 30 keV from EAF: 0.00968 b. 
 40. Recommended MACS 30 keV (local compilation): 0.00939 +/- 0.00028 b. 
 41. Recommended MACS 30 keV from Kadonis: 0.01 +/- 0.0003 b. 
 42. Recommended MACS (Sukhoruchkin): 0.0075 +/- 0.0014 b.
 43. Recommended MACS (Mughabghab): 0.00939 +/- 0.00028 b.
   ---------- S0 -------- 
 44. S0 from TALYS: 1.13142
 45. Experimental S0: 0.53 +/- 0.16
 46. Atlas S0: 0.53 +/- 0.16
   ---------- S1 -------- 
 47. S1 from TALYS: 2.85979
 48. Experimental S1: 1.62 +/- 0.27
 49. Atlas S1: 1.62 +/- 0.27
   ---------- S2 -------- 
 50. S2 from TALYS: 0.794349
   ---------- D0 -------- 
 51. D0 from TALYS: 19993.9 eV
 52. Experimental D0: 22300 +/- 2500 eV
 53. Atlas D0: 22300 +/- 2500
   ---------- D1 -------- 
 54. Experimental D1: 6600 +/- 380 eV
 55. D1 from TALYS: 12076.4 eV
 56. Atlas D1: 6600 +/- 400
   ---------- D2 -------- 
 57. D2 from TALYS: 10074.5 eV
   ---------- G0 -------- 
 58. Experimental average Gg0: 0.446 +/- 0.032 eV
 59. Gg0 from TALYS: 0.508636 eV
   ---------- G1 -------- 
 60. Experimental average Gg1: 0.613 +/- 0.15 eV
 61. Gg1 from TALYS: 0.48728 eV
   ---------- G2 -------- 
 62. Gg2 from TALYS: 0.440744 eV


   ---------------------- 
 ... Read resonance parameters (format: 2: Multi Level Breit Wigner)
 ... 121 resonances found 
 --> 63. Number of resonances from the input file: 121 up to 499790 eV
 64. Read nuclear quantities (mass, MAT...)
 65. Read thermal (n,g) xs 
 66. Read the scattering radius 
 67. Read uncertainty on Gg for 121 resonances
 68. Read uncertainty on Gg for 121 resonances ... done
 ... order resonances 
 ... Upper limit for the RRR: 500011 eV (no statistical resonances HFR) from the limit.RRR file
 ... Write parameters for l=0 waves
 ... Write parameters for l=1 waves
 ... End writing original MF2 
 ... Enter in to_MLBW_mf2 function
 ... Convert to Multi Level Breit Wigner (MLBW)
 ... Gn-Gg correlations: calculated capture kernel used for 121 evaluated resonances (no measured kernel)
 ... Write parameter covariances (MF32) for l=0
 Write parameter covariances (MF32) for l=1
 ... MF32: 45 energy correlation lines (time of flight) for the first 10 evaluated resonances
 ... Convert parameter covariances (MF32) to MLBW
 ... copy the mf2 and mf32 to .mlbw files
 ... Ladder option set to no --> no use of calendf_xs
 ... no thermal/RI adjustment (ladder option set to no): no GLS calculation of parameter correlations
 ... copy the mf2 and mf32 to .mlbw files

 ... Start of final reconstruction and testing ...
 ... Reconstruction of cross sections at 0 Kelvin  ... Import MF2 from TARES calculations
 ... End energy of TARES MF2 : 5.000110E+5 eV and limit to 40000 resonances
 ... File used for reconstruction: n-Cl035.reconst
 ... run RECENT ...
 ... Doppler broadened at a unique temperature: 0 Kelvin using sigma1
 ... The keyword temperature is zero, no Doppler broadening for the MACS

 ============== INTER values at 0 Kelvin ==============
 Thermal (n,g) xs =  43.6157 b. (meas/sys: 43.6 b.) (warning: comparison to be done at 296 or 300 K)
 Th Maxw (n,g) xs =  43.634 b. (thermal Maxwellian value)
 Westcott factor  =  1.00042
 RI      (n,g)    =  17.2777 b. (meas or sys: 18 b.)
 MACS 3.000e+04 eV=  0.0094276 b. (meas or sys: - b.) from 1.00E+00 to 2.00E+07 eV (end of RRR) at T= 0 Kelvin 
 Thermal (n,el) xs=  21.3346 b.
 RI      (n,el)   =  127.812 b.
 ============= PSYCHE values ==============
 Ave. G_total L0  =  1178.06 eV
 Ave. G_total L1  =  329.238 eV
 Ave. Gn_0    L0  =  2.13005
 Ave. Gn_0    L1  =  4.06628
 Ave. Gg      L0  =  0.59 eV
 Ave. Gg      L1  =  0.6405 eV
 Ave. D       L0  =  29412.4 eV
 Ave. D       L1  =  4950.6 eV
 Ave. S       L0  =  3.47239e-05 eV
 Ave. S       L1  =  0.000171081 eV
 =========================================
 ... End of final reconstruction and testing ...

 ... grouping is not optimum, change to 70 groups
 ... Produce MF33 based on MF32 and 300 random files
 ... MF3 of n-Cl035.reconst (3 sections) added to the files for ENDSAM
 ... run endsam for 300 in groups of 1 global run(s)
 ... run endsam from 201 to 300
 ... random files: total width GT set to Gn+Gg+Gf (36300 resonances in 300 files)
 ... preparing the vectors  ... done
 ... nominal file 0 Cap(th)  ave= 4.362E+01 b. +/- 0.00 % || Ela(th) ave= 2.133E+01 b. +/- 0.00 % || RIcap ave= 1.73E+01 b. +/- 0.00 % || Macs30 ave= 9.43E-03 b. +/- 0.00 % || Gn^0(l=0) ave= 2.130E+00 +/- 0.00 % Gn^0(l=1) ave= 4.066E+00 +/- 0.00 % Gn^0(l=2) ave= 0.000E+00 +/- 0.00 % Gn^0(l=3) ave= 0.000E+00 +/- 0.00 % || Gtotal(l=0) ave= 1.178E+03 +/- 0.00 % Gtotal(l=1) ave= 3.292E+02 +/- 0.00 % Gtotal(l=2) ave= 0.000E+00 +/- 0.00 % Gtotal(l=3) ave= 0.000E+00 +/- 0.00 %  % || Gg(l=0) ave= 5.900E-01 +/- 0.00 % Gg(l=1) ave= 6.405E-01 +/- 0.00 % Gg(l=2) ave= 0.000E+00 +/- 0.00 % Gg(l=3) ave= 0.000E+00 +/- 0.00 %  % || D(l=0) ave= 2.941E+04 +/- 0.00 % D(l=1) ave= 4.951E+03 +/- 0.00 % D(l=2) ave= 0.000E+00 +/- 0.00 % D(l=3) ave= 0.000E+00 +/- 0.00 %  % || S(l=0) ave= 3.472E-05 +/- 0.00 % S(l=1) ave= 1.711E-04 +/- 0.00 % S(l=2) ave= 0.000E+00 +/- 0.00 % S(l=3) ave= 0.000E+00 +/- 0.00 % 
 ... random file  1 Cap(th)  ave= 5.262E+01 b. +/- 17.11 % || Ela(th) ave= 2.504E+01 b. +/- 14.81 % || RIcap ave= 2.06E+01 b. +/- 15.98 % || Macs30 ave= 9.30E-03 b. +/- 1.40 % || Gn^0(l=0) ave= 2.096E+00 +/- 1.63 % Gn^0(l=1) ave= 4.133E+00 +/- 1.61 % Gn^0(l=2) ave= 0.000E+00 +/- 0.00 % Gn^0(l=3) ave= 0.000E+00 +/- 0.00 % || Gtotal(l=0) ave= 1.163E+03 +/- 1.27 % Gtotal(l=1) ave= 3.274E+02 +/- 0.56 % Gtotal(l=2) ave= 0.000E+00 +/- 0.00 % Gtotal(l=3) ave= 0.000E+00 +/- 0.00 %  % || Gg(l=0) ave= 5.849E-01 +/- 0.87 % Gg(l=1) ave= 6.366E-01 +/- 0.61 % Gg(l=2) ave= 0.000E+00 +/- 0.00 % Gg(l=3) ave= 0.000E+00 +/- 0.00 %  % || D(l=0) ave= 2.941E+04 +/- 0.00 % D(l=1) ave= 4.951E+03 +/- 0.00 % D(l=2) ave= 0.000E+00 +/- 0.00 % D(l=3) ave= 0.000E+00 +/- 0.00 %  % || S(l=0) ave= 3.426E-05 +/- 1.34 % S(l=1) ave= 1.734E-04 +/- 1.35 % S(l=2) ave= 0.000E+00 +/- 0.00 % S(l=3) ave= 0.000E+00 +/- 0.00 % 
 ... random file  2 Cap(th)  ave= 4.390E+01 b. +/- 32.70 % || Ela(th) ave= 2.141E+01 b. +/- 27.88 % || RIcap ave= 1.73E+01 b. +/- 30.42 % || Macs30 ave= 9.18E-03 b. +/- 2.17 % || Gn^0(l=0) ave= 2.064E+00 +/- 2.59 % Gn^0(l=1) ave= 4.077E+00 +/- 2.36 % Gn^0(l=2) ave= 0.000E+00 +/- 0.00 % Gn^0(l=3) ave= 0.000E+00 +/- 0.00 % || Gtotal(l=0) ave= 1.150E+03 +/- 1.95 % Gtotal(l=1) ave= 3.280E+02 +/- 0.53 % Gtotal(l=2) ave= 0.000E+00 +/- 0.00 % Gtotal(l=3) ave= 0.000E+00 +/- 0.00 %  % || Gg(l=0) ave= 5.993E-01 +/- 3.46 % Gg(l=1) ave= 6.370E-01 +/- 0.51 % Gg(l=2) ave= 0.000E+00 +/- 0.00 % Gg(l=3) ave= 0.000E+00 +/- 0.00 %  % || D(l=0) ave= 2.941E+04 +/- 0.00 % D(l=1) ave= 4.951E+03 +/- 0.00 % D(l=2) ave= 0.000E+00 +/- 0.00 % D(l=3) ave= 0.000E+00 +/- 0.00 %  % || S(l=0) ave= 3.383E-05 +/- 2.12 % S(l=1) ave= 1.713E-04 +/- 2.10 % S(l=2) ave= 0.000E+00 +/- 0.00 % S(l=3) ave= 0.000E+00 +/- 0.00 % 
 ... random file  3 Cap(th)  ave= 4.352E+01 b. +/- 28.61 % || Ela(th) ave= 2.148E+01 b. +/- 24.07 % || RIcap ave= 1.72E+01 b. +/- 26.59 % || Macs30 ave= 9.27E-03 b. +/- 2.51 % || Gn^0(l=0) ave= 2.071E+00 +/- 2.32 % Gn^0(l=1) ave= 4.018E+00 +/- 3.28 % Gn^0(l=2) ave= 0.000E+00 +/- 0.00 % Gn^0(l=3) ave= 0.000E+00 +/- 0.00 % || Gtotal(l=0) ave= 1.153E+03 +/- 1.75 % Gtotal(l=1) ave= 3.288E+02 +/- 0.64 % Gtotal(l=2) ave= 0.000E+00 +/- 0.00 % Gtotal(l=3) ave= 0.000E+00 +/- 0.00 %  % || Gg(l=0) ave= 6.032E-01 +/- 3.19 % Gg(l=1) ave= 6.372E-01 +/- 0.44 % Gg(l=2) ave= 0.000E+00 +/- 0.00 % Gg(l=3) ave= 0.000E+00 +/- 0.00 %  % || D(l=0) ave= 2.941E+04 +/- 0.00 % D(l=1) ave= 4.951E+03 +/- 0.00 % D(l=2) ave= 0.000E+00 +/- 0.00 % D(l=3) ave= 0.000E+00 +/- 0.00 %  % || S(l=0) ave= 3.393E-05 +/- 1.91 % S(l=1) ave= 1.683E-04 +/- 3.58 % S(l=2) ave= 0.000E+00 +/- 0.00 % S(l=3) ave= 0.000E+00 +/- 0.00 % 
 ... random file  4 Cap(th)  ave= 4.381E+01 b. +/- 25.45 % || Ela(th) ave= 2.181E+01 b. +/- 21.42 % || RIcap ave= 1.73E+01 b. +/- 23.66 % || Macs30 ave= 9.35E-03 b. +/- 2.81 % || Gn^0(l=0) ave= 2.071E+00 +/- 2.08 % Gn^0(l=1) ave= 3.899E+00 +/- 6.78 % Gn^0(l=2) ave= 0.000E+00 +/- 0.00 % Gn^0(l=3) ave= 0.000E+00 +/- 0.00 % || Gtotal(l=0) ave= 1.153E+03 +/- 1.57 % Gtotal(l=1) ave= 3.286E+02 +/- 0.59 % Gtotal(l=2) ave= 0.000E+00 +/- 0.00 % Gtotal(l=3) ave= 0.000E+00 +/- 0.00 %  % || Gg(l=0) ave= 5.985E-01 +/- 3.28 % Gg(l=1) ave= 6.386E-01 +/- 0.59 % Gg(l=2) ave= 0.000E+00 +/- 0.00 % Gg(l=3) ave= 0.000E+00 +/- 0.00 %  % || D(l=0) ave= 2.941E+04 +/- 0.00 % D(l=1) ave= 4.951E+03 +/- 0.00 % D(l=2) ave= 0.000E+00 +/- 0.00 % D(l=3) ave= 0.000E+00 +/- 0.00 %  % || S(l=0) ave= 3.391E-05 +/- 1.71 % S(l=1) ave= 1.635E-04 +/- 6.79 % S(l=2) ave= 0.000E+00 +/- 0.00 % S(l=3) ave= 0.000E+00 +/- 0.00 % 
 ... random file  5 Cap(th)  ave= 4.191E+01 b. +/- 26.32 % || Ela(th) ave= 2.090E+01 b. +/- 22.59 % || RIcap ave= 1.66E+01 b. +/- 24.32 % || Macs30 ave= 9.37E-03 b. +/- 2.62 % || Gn^0(l=0) ave= 2.071E+00 +/- 1.90 % Gn^0(l=1) ave= 3.939E+00 +/- 6.53 % Gn^0(l=2) ave= 0.000E+00 +/- 0.00 % Gn^0(l=3) ave= 0.000E+00 +/- 0.00 % || Gtotal(l=0) ave= 1.153E+03 +/- 1.43 % Gtotal(l=1) ave= 3.288E+02 +/- 0.56 % Gtotal(l=2) ave= 0.000E+00 +/- 0.00 % Gtotal(l=3) ave= 0.000E+00 +/- 0.00 %  % || Gg(l=0) ave= 5.984E-01 +/- 2.99 % Gg(l=1) ave= 6.412E-01 +/- 1.07 % Gg(l=2) ave= 0.000E+00 +/- 0.00 % Gg(l=3) ave= 0.000E+00 +/- 0.00 %  % || D(l=0) ave= 2.941E+04 +/- 0.00 % D(l=1) ave= 4.951E+03 +/- 0.00 % D(l=2) ave= 0.000E+00 +/- 0.00 % D(l=3) ave= 0.000E+00 +/- 0.00 %  % || S(l=0) ave= 3.392E-05 +/- 1.56 % S(l=1) ave= 1.652E-04 +/- 6.59 % S(l=2) ave= 0.000E+00 +/- 0.00 % S(l=3) ave= 0.000E+00 +/- 0.00 % 
 ... random file  6 Cap(th)  ave= 4.100E+01 b. +/- 25.50 % || Ela(th) ave= 2.035E+01 b. +/- 22.47 % || RIcap ave= 1.63E+01 b. +/- 23.50 % || Macs30 ave= 9.43E-03 b. +/- 2.89 % || Gn^0(l=0) ave= 2.075E+00 +/- 1.80 % Gn^0(l=1) ave= 4.010E+00 +/- 7.36 % Gn^0(l=2) ave= 0.000E+00 +/- 0.00 % Gn^0(l=3) ave= 0.000E+00 +/- 0.00 % || Gtotal(l=0) ave= 1.154E+03 +/- 1.35 % Gtotal(l=1) ave= 3.289E+02 +/- 0.52 % Gtotal(l=2) ave= 0.000E+00 +/- 0.00 % Gtotal(l=3) ave= 0.000E+00 +/- 0.00 %  % || Gg(l=0) ave= 5.953E-01 +/- 3.07 % Gg(l=1) ave= 6.427E-01 +/- 1.13 % Gg(l=2) ave= 0.000E+00 +/- 0.00 % Gg(l=3) ave= 0.000E+00 +/- 0.00 %  % || D(l=0) ave= 2.941E+04 +/- 0.00 % D(l=1) ave= 4.951E+03 +/- 0.00 % D(l=2) ave= 0.000E+00 +/- 0.00 % D(l=3) ave= 0.000E+00 +/- 0.00 %  % || S(l=0) ave= 3.397E-05 +/- 1.49 % S(l=1) ave= 1.683E-04 +/- 7.42 % S(l=2) ave= 0.000E+00 +/- 0.00 % S(l=3) ave= 0.000E+00 +/- 0.00 % 
 ... random file  7 Cap(th)  ave= 4.687E+01 b. +/- 39.14 % || Ela(th) ave= 2.312E+01 b. +/- 36.70 % || RIcap ave= 1.84E+01 b. +/- 36.23 % || Macs30 ave= 9.44E-03 b. +/- 2.71 % || Gn^0(l=0) ave= 2.072E+00 +/- 1.72 % Gn^0(l=1) ave= 3.960E+00 +/- 7.73 % Gn^0(l=2) ave= 0.000E+00 +/- 0.00 % Gn^0(l=3) ave= 0.000E+00 +/- 0.00 % || Gtotal(l=0) ave= 1.153E+03 +/- 1.29 % Gtotal(l=1) ave= 3.293E+02 +/- 0.57 % Gtotal(l=2) ave= 0.000E+00 +/- 0.00 % Gtotal(l=3) ave= 0.000E+00 +/- 0.00 %  % || Gg(l=0) ave= 5.892E-01 +/- 3.97 % Gg(l=1) ave= 6.430E-01 +/- 1.06 % Gg(l=2) ave= 0.000E+00 +/- 0.00 % Gg(l=3) ave= 0.000E+00 +/- 0.00 %  % || D(l=0) ave= 2.941E+04 +/- 0.00 % D(l=1) ave= 4.951E+03 +/- 0.00 % D(l=2) ave= 0.000E+00 +/- 0.00 % D(l=3) ave= 0.000E+00 +/- 0.00 %  % || S(l=0) ave= 3.394E-05 +/- 1.41 % S(l=1) ave= 1.662E-04 +/- 7.79 % S(l=2) ave= 0.000E+00 +/- 0.00 % S(l=3) ave= 0.000E+00 +/- 0.00 % 
 ... random file  8 Cap(th)  ave= 4.468E+01 b. +/- 41.09 % || Ela(th) ave= 2.211E+01 b. +/- 38.44 % || RIcap ave= 1.76E+01 b. +/- 37.91 % || Macs30 ave= 9.43E-03 b. +/- 2.60 % || Gn^0(l=0) ave= 2.074E+00 +/- 1.65 % Gn^0(l=1) ave= 3.992E+00 +/- 7.58 % Gn^0(l=2) ave= 0.000E+00 +/- 0.00 % Gn^0(l=3) ave= 0.000E+00 +/- 0.00 % || Gtotal(l=0) ave= 1.154E+03 +/- 1.23 % Gtotal(l=1) ave= 3.295E+02 +/- 0.58 % Gtotal(l=2) ave= 0.000E+00 +/- 0.00 % Gtotal(l=3) ave= 0.000E+00 +/- 0.00 %  % || Gg(l=0) ave= 5.864E-01 +/- 4.01 % Gg(l=1) ave= 6.432E-01 +/- 1.00 % Gg(l=2) ave= 0.000E+00 +/- 0.00 % Gg(l=3) ave= 0.000E+00 +/- 0.00 %  % || D(l=0) ave= 2.941E+04 +/- 0.00 % D(l=1) ave= 4.951E+03 +/- 0.00 % D(l=2) ave= 0.000E+00 +/- 0.00 % D(l=3) ave= 0.000E+00 +/- 0.00 %  % || S(l=0) ave= 3.397E-05 +/- 1.35 % S(l=1) ave= 1.675E-04 +/- 7.64 % S(l=2) ave= 0.000E+00 +/- 0.00 % S(l=3) ave= 0.000E+00 +/- 0.00 % 
 ... random file  9 Cap(th)  ave= 4.592E+01 b. +/- 38.78 % || Ela(th) ave= 2.263E+01 b. +/- 36.29 % || RIcap ave= 1.81E+01 b. +/- 35.86 % || Macs30 ave= 9.43E-03 b. +/- 2.46 % || Gn^0(l=0) ave= 2.087E+00 +/- 2.43 % Gn^0(l=1) ave= 3.959E+00 +/- 7.67 % Gn^0(l=2) ave= 0.000E+00 +/- 0.00 % Gn^0(l=3) ave= 0.000E+00 +/- 0.00 % || Gtotal(l=0) ave= 1.159E+03 +/- 1.85 % Gtotal(l=1) ave= 3.293E+02 +/- 0.60 % Gtotal(l=2) ave= 0.000E+00 +/- 0.00 % Gtotal(l=3) ave= 0.000E+00 +/- 0.00 %  % || Gg(l=0) ave= 5.852E-01 +/- 3.85 % Gg(l=1) ave= 6.424E-01 +/- 1.03 % Gg(l=2) ave= 0.000E+00 +/- 0.00 % Gg(l=3) ave= 0.000E+00 +/- 0.00 %  % || D(l=0) ave= 2.941E+04 +/- 0.00 % D(l=1) ave= 4.951E+03 +/- 0.00 % D(l=2) ave= 0.000E+00 +/- 0.00 % D(l=3) ave= 0.000E+00 +/- 0.00 %  % || S(l=0) ave= 3.415E-05 +/- 2.00 % S(l=1) ave= 1.662E-04 +/- 7.67 % S(l=2) ave= 0.000E+00 +/- 0.00 % S(l=3) ave= 0.000E+00 +/- 0.00 % 
 ... random file  10 Cap(th)  ave= 4.465E+01 b. +/- 39.07 % || Ela(th) ave= 2.204E+01 b. +/- 36.55 % || RIcap ave= 1.76E+01 b. +/- 36.08 % || Macs30 ave= 9.41E-03 b. +/- 2.42 % || Gn^0(l=0) ave= 2.105E+00 +/- 3.49 % Gn^0(l=1) ave= 3.967E+00 +/- 7.32 % Gn^0(l=2) ave= 0.000E+00 +/- 0.00 % Gn^0(l=3) ave= 0.000E+00 +/- 0.00 % || Gtotal(l=0) ave= 1.167E+03 +/- 2.66 % Gtotal(l=1) ave= 3.294E+02 +/- 0.58 % Gtotal(l=2) ave= 0.000E+00 +/- 0.00 % Gtotal(l=3) ave= 0.000E+00 +/- 0.00 %  % || Gg(l=0) ave= 5.848E-01 +/- 3.68 % Gg(l=1) ave= 6.425E-01 +/- 0.98 % Gg(l=2) ave= 0.000E+00 +/- 0.00 % Gg(l=3) ave= 0.000E+00 +/- 0.00 %  % || D(l=0) ave= 2.941E+04 +/- 0.00 % D(l=1) ave= 4.951E+03 +/- 0.00 % D(l=2) ave= 0.000E+00 +/- 0.00 % D(l=3) ave= 0.000E+00 +/- 0.00 %  % || S(l=0) ave= 3.438E-05 +/- 2.87 % S(l=1) ave= 1.666E-04 +/- 7.33 % S(l=2) ave= 0.000E+00 +/- 0.00 % S(l=3) ave= 0.000E+00 +/- 0.00 % 
 ... random file  11 Cap(th)  ave= 4.398E+01 b. +/- 38.31 % || Ela(th) ave= 2.174E+01 b. +/- 35.75 % || RIcap ave= 1.74E+01 b. +/- 35.35 % || Macs30 ave= 9.35E-03 b. +/- 3.14 % || Gn^0(l=0) ave= 2.095E+00 +/- 3.68 % Gn^0(l=1) ave= 3.960E+00 +/- 7.06 % Gn^0(l=2) ave= 0.000E+00 +/- 0.00 % Gn^0(l=3) ave= 0.000E+00 +/- 0.00 % || Gtotal(l=0) ave= 1.163E+03 +/- 2.81 % Gtotal(l=1) ave= 3.292E+02 +/- 0.57 % Gtotal(l=2) ave= 0.000E+00 +/- 0.00 % Gtotal(l=3) ave= 0.000E+00 +/- 0.00 %  % || Gg(l=0) ave= 5.866E-01 +/- 3.65 % Gg(l=1) ave= 6.422E-01 +/- 0.95 % Gg(l=2) ave= 0.000E+00 +/- 0.00 % Gg(l=3) ave= 0.000E+00 +/- 0.00 %  % || D(l=0) ave= 2.941E+04 +/- 0.00 % D(l=1) ave= 4.951E+03 +/- 0.00 % D(l=2) ave= 0.000E+00 +/- 0.00 % D(l=3) ave= 0.000E+00 +/- 0.00 %  % || S(l=0) ave= 3.425E-05 +/- 3.02 % S(l=1) ave= 1.663E-04 +/- 7.06 % S(l=2) ave= 0.000E+00 +/- 0.00 % S(l=3) ave= 0.000E+00 +/- 0.00 % 
 ... random file  12 Cap(th)  ave= 4.338E+01 b. +/- 37.62 % || Ela(th) ave= 2.140E+01 b. +/- 35.32 % || RIcap ave= 1.72E+01 b. +/- 34.67 % || Macs30 ave= 9.33E-03 b. +/- 3.08 % || Gn^0(l=0) ave= 2.103E+00 +/- 3.78 % Gn^0(l=1) ave= 4.004E+00 +/- 7.72 % Gn^0(l=2) ave= 0.000E+00 +/- 0.00 % Gn^0(l=3) ave= 0.000E+00 +/- 0.00 % || Gtotal(l=0) ave= 1.166E+03 +/- 2.90 % Gtotal(l=1) ave= 3.293E+02 +/- 0.55 % Gtotal(l=2) ave= 0.000E+00 +/- 0.00 % Gtotal(l=3) ave= 0.000E+00 +/- 0.00 %  % || Gg(l=0) ave= 5.853E-01 +/- 3.59 % Gg(l=1) ave= 6.417E-01 +/- 0.95 % Gg(l=2) ave= 0.000E+00 +/- 0.00 % Gg(l=3) ave= 0.000E+00 +/- 0.00 %  % || D(l=0) ave= 2.941E+04 +/- 0.00 % D(l=1) ave= 4.951E+03 +/- 0.00 % D(l=2) ave= 0.000E+00 +/- 0.00 % D(l=3) ave= 0.000E+00 +/- 0.00 %  % || S(l=0) ave= 3.436E-05 +/- 3.10 % S(l=1) ave= 1.681E-04 +/- 7.76 % S(l=2) ave= 0.000E+00 +/- 0.00 % S(l=3) ave= 0.000E+00 +/- 0.00 % 
 ... random file  13 Cap(th)  ave= 4.237E+01 b. +/- 38.10 % || Ela(th) ave= 2.088E+01 b. +/- 36.04 % || RIcap ave= 1.68E+01 b. +/- 35.03 % || Macs30 ave= 9.34E-03 b. +/- 2.99 % || Gn^0(l=0) ave= 2.109E+00 +/- 3.74 % Gn^0(l=1) ave= 4.100E+00 +/- 11.13 % Gn^0(l=2) ave= 0.000E+00 +/- 0.00 % Gn^0(l=3) ave= 0.000E+00 +/- 0.00 % || Gtotal(l=0) ave= 1.168E+03 +/- 2.87 % Gtotal(l=1) ave= 3.291E+02 +/- 0.56 % Gtotal(l=2) ave= 0.000E+00 +/- 0.00 % Gtotal(l=3) ave= 0.000E+00 +/- 0.00 %  % || Gg(l=0) ave= 5.840E-01 +/- 3.57 % Gg(l=1) ave= 6.420E-01 +/- 0.93 % Gg(l=2) ave= 0.000E+00 +/- 0.00 % Gg(l=3) ave= 0.000E+00 +/- 0.00 %  % || D(l=0) ave= 2.941E+04 +/- 0.00 % D(l=1) ave= 4.951E+03 +/- 0.00 % D(l=2) ave= 0.000E+00 +/- 0.00 % D(l=3) ave= 0.000E+00 +/- 0.00 %  % || S(l=0) ave= 3.443E-05 +/- 3.07 % S(l=1) ave= 1.721E-04 +/- 11.05 % S(l=2) ave= 0.000E+00 +/- 0.00 % S(l=3) ave= 0.000E+00 +/- 0.00 % 
 ... random file  14 Cap(th)  ave= 4.260E+01 b. +/- 36.66 % || Ela(th) ave= 2.101E+01 b. +/- 34.68 % || RIcap ave= 1.69E+01 b. +/- 33.72 % || Macs30 ave= 9.38E-03 b. +/- 3.18 % || Gn^0(l=0) ave= 2.116E+00 +/- 3.81 % Gn^0(l=1) ave= 4.073E+00 +/- 11.09 % Gn^0(l=2) ave= 0.000E+00 +/- 0.00 % Gn^0(l=3) ave= 0.000E+00 +/- 0.00 % || Gtotal(l=0) ave= 1.172E+03 +/- 2.93 % Gtotal(l=1) ave= 3.291E+02 +/- 0.55 % Gtotal(l=2) ave= 0.000E+00 +/- 0.00 % Gtotal(l=3) ave= 0.000E+00 +/- 0.00 %  % || Gg(l=0) ave= 5.856E-01 +/- 3.59 % Gg(l=1) ave= 6.431E-01 +/- 1.09 % Gg(l=2) ave= 0.000E+00 +/- 0.00 % Gg(l=3) ave= 0.000E+00 +/- 0.00 %  % || D(l=0) ave= 2.941E+04 +/- 0.00 % D(l=1) ave= 4.951E+03 +/- 0.00 % D(l=2) ave= 0.000E+00 +/- 0.00 % D(l=3) ave= 0.000E+00 +/- 0.00 %  % || S(l=0) ave= 3.453E-05 +/- 3.14 % S(l=1) ave= 1.710E-04 +/- 11.01 % S(l=2) ave= 0.000E+00 +/- 0.00 % S(l=3) ave= 0.000E+00 +/- 0.00 % 
 ... random file  15 Cap(th)  ave= 4.201E+01 b. +/- 36.40 % || Ela(th) ave= 2.073E+01 b. +/- 34.42 % || RIcap ave= 1.67E+01 b. +/- 33.46 % || Macs30 ave= 9.38E-03 b. +/- 3.09 % || Gn^0(l=0) ave= 2.114E+00 +/- 3.70 % Gn^0(l=1) ave= 4.072E+00 +/- 10.74 % Gn^0(l=2) ave= 0.000E+00 +/- 0.00 % Gn^0(l=3) ave= 0.000E+00 +/- 0.00 % || Gtotal(l=0) ave= 1.171E+03 +/- 2.85 % Gtotal(l=1) ave= 3.291E+02 +/- 0.53 % Gtotal(l=2) ave= 0.000E+00 +/- 0.00 % Gtotal(l=3) ave= 0.000E+00 +/- 0.00 %  % || Gg(l=0) ave= 5.840E-01 +/- 3.64 % Gg(l=1) ave= 6.428E-01 +/- 1.07 % Gg(l=2) ave= 0.000E+00 +/- 0.00 % Gg(l=3) ave= 0.000E+00 +/- 0.00 %  % || D(l=0) ave= 2.941E+04 +/- 0.00 % D(l=1) ave= 4.951E+03 +/- 0.00 % D(l=2) ave= 0.000E+00 +/- 0.00 % D(l=3) ave= 0.000E+00 +/- 0.00 %  % || S(l=0) ave= 3.451E-05 +/- 3.05 % S(l=1) ave= 1.710E-04 +/- 10.66 % S(l=2) ave= 0.000E+00 +/- 0.00 % S(l=3) ave= 0.000E+00 +/- 0.00 % 
 ... random file  16 Cap(th)  ave= 4.143E+01 b. +/- 36.25 % || Ela(th) ave= 2.046E+01 b. +/- 34.24 % || RIcap ave= 1.65E+01 b. +/- 33.26 % || Macs30 ave= 9.40E-03 b. +/- 3.06 % || Gn^0(l=0) ave= 2.114E+00 +/- 3.59 % Gn^0(l=1) ave= 4.069E+00 +/- 10.43 % Gn^0(l=2) ave= 0.000E+00 +/- 0.00 % Gn^0(l=3) ave= 0.000E+00 +/- 0.00 % || Gtotal(l=0) ave= 1.171E+03 +/- 2.76 % Gtotal(l=1) ave= 3.290E+02 +/- 0.52 % Gtotal(l=2) ave= 0.000E+00 +/- 0.00 % Gtotal(l=3) ave= 0.000E+00 +/- 0.00 %  % || Gg(l=0) ave= 5.838E-01 +/- 3.53 % Gg(l=1) ave= 6.425E-01 +/- 1.06 % Gg(l=2) ave= 0.000E+00 +/- 0.00 % Gg(l=3) ave= 0.000E+00 +/- 0.00 %  % || D(l=0) ave= 2.941E+04 +/- 0.00 % D(l=1) ave= 4.951E+03 +/- 0.00 % D(l=2) ave= 0.000E+00 +/- 0.00 % D(l=3) ave= 0.000E+00 +/- 0.00 %  % || S(l=0) ave= 3.452E-05 +/- 2.96 % S(l=1) ave= 1.709E-04 +/- 10.36 % S(l=2) ave= 0.000E+00 +/- 0.00 % S(l=3) ave= 0.000E+00 +/- 0.00 % 
 ... random file  17 Cap(th)  ave= 4.210E+01 b. +/- 35.29 % || Ela(th) ave= 2.083E+01 b. +/- 33.48 % || RIcap ave= 1.67E+01 b. +/- 32.43 % || Macs30 ave= 9.37E-03 b. +/- 3.25 % || Gn^0(l=0) ave= 2.118E+00 +/- 3.55 % Gn^0(l=1) ave= 4.026E+00 +/- 11.15 % Gn^0(l=2) ave= 0.000E+00 +/- 0.00 % Gn^0(l=3) ave= 0.000E+00 +/- 0.00 % || Gtotal(l=0) ave= 1.172E+03 +/- 2.73 % Gtotal(l=1) ave= 3.291E+02 +/- 0.53 % Gtotal(l=2) ave= 0.000E+00 +/- 0.00 % Gtotal(l=3) ave= 0.000E+00 +/- 0.00 %  % || Gg(l=0) ave= 5.848E-01 +/- 3.50 % Gg(l=1) ave= 6.420E-01 +/- 1.07 % Gg(l=2) ave= 0.000E+00 +/- 0.00 % Gg(l=3) ave= 0.000E+00 +/- 0.00 %  % || D(l=0) ave= 2.941E+04 +/- 0.00 % D(l=1) ave= 4.951E+03 +/- 0.00 % D(l=2) ave= 0.000E+00 +/- 0.00 % D(l=3) ave= 0.000E+00 +/- 0.00 %  % || S(l=0) ave= 3.456E-05 +/- 2.92 % S(l=1) ave= 1.691E-04 +/- 11.01 % S(l=2) ave= 0.000E+00 +/- 0.00 % S(l=3) ave= 0.000E+00 +/- 0.00 % 
 ... random file  18 Cap(th)  ave= 4.359E+01 b. +/- 36.21 % || Ela(th) ave= 2.154E+01 b. +/- 34.49 % || RIcap ave= 1.73E+01 b. +/- 33.35 % || Macs30 ave= 9.37E-03 b. +/- 3.17 % || Gn^0(l=0) ave= 2.121E+00 +/- 3.50 % Gn^0(l=1) ave= 4.035E+00 +/- 10.87 % Gn^0(l=2) ave= 0.000E+00 +/- 0.00 % Gn^0(l=3) ave= 0.000E+00 +/- 0.00 % || Gtotal(l=0) ave= 1.174E+03 +/- 2.69 % Gtotal(l=1) ave= 3.293E+02 +/- 0.55 % Gtotal(l=2) ave= 0.000E+00 +/- 0.00 % Gtotal(l=3) ave= 0.000E+00 +/- 0.00 %  % || Gg(l=0) ave= 5.839E-01 +/- 3.47 % Gg(l=1) ave= 6.420E-01 +/- 1.04 % Gg(l=2) ave= 0.000E+00 +/- 0.00 % Gg(l=3) ave= 0.000E+00 +/- 0.00 %  % || D(l=0) ave= 2.941E+04 +/- 0.00 % D(l=1) ave= 4.951E+03 +/- 0.00 % D(l=2) ave= 0.000E+00 +/- 0.00 % D(l=3) ave= 0.000E+00 +/- 0.00 %  % || S(l=0) ave= 3.460E-05 +/- 2.88 % S(l=1) ave= 1.696E-04 +/- 10.74 % S(l=2) ave= 0.000E+00 +/- 0.00 % S(l=3) ave= 0.000E+00 +/- 0.00 % 
 ... random file  19 Cap(th)  ave= 4.369E+01 b. +/- 35.23 % || Ela(th) ave= 2.156E+01 b. +/- 33.59 % || RIcap ave= 1.73E+01 b. +/- 32.46 % || Macs30 ave= 9.40E-03 b. +/- 3.38 % || Gn^0(l=0) ave= 2.123E+00 +/- 3.44 % Gn^0(l=1) ave= 4.036E+00 +/- 10.59 % Gn^0(l=2) ave= 0.000E+00 +/- 0.00 % Gn^0(l=3) ave= 0.000E+00 +/- 0.00 % || Gtotal(l=0) ave= 1.175E+03 +/- 2.65 % Gtotal(l=1) ave= 3.295E+02 +/- 0.58 % Gtotal(l=2) ave= 0.000E+00 +/- 0.00 % Gtotal(l=3) ave= 0.000E+00 +/- 0.00 %  % || Gg(l=0) ave= 5.840E-01 +/- 3.38 % Gg(l=1) ave= 6.420E-01 +/- 1.02 % Gg(l=2) ave= 0.000E+00 +/- 0.00 % Gg(l=3) ave= 0.000E+00 +/- 0.00 %  % || D(l=0) ave= 2.941E+04 +/- 0.00 % D(l=1) ave= 4.951E+03 +/- 0.00 % D(l=2) ave= 0.000E+00 +/- 0.00 % D(l=3) ave= 0.000E+00 +/- 0.00 %  % || S(l=0) ave= 3.464E-05 +/- 2.84 % S(l=1) ave= 1.696E-04 +/- 10.47 % S(l=2) ave= 0.000E+00 +/- 0.00 % S(l=3) ave= 0.000E+00 +/- 0.00 % 
 ... random file  20 Cap(th)  ave= 4.321E+01 b. +/- 35.10 % || Ela(th) ave= 2.130E+01 b. +/- 33.65 % || RIcap ave= 1.71E+01 b. +/- 32.32 % || Macs30 ave= 9.42E-03 b. +/- 3.38 % || Gn^0(l=0) ave= 2.127E+00 +/- 3.45 % Gn^0(l=1) ave= 4.074E+00 +/- 11.05 % Gn^0(l=2) ave= 0.000E+00 +/- 0.00 % Gn^0(l=3) ave= 0.000E+00 +/- 0.00 % || Gtotal(l=0) ave= 1.176E+03 +/- 2.66 % Gtotal(l=1) ave= 3.293E+02 +/- 0.59 % Gtotal(l=2) ave= 0.000E+00 +/- 0.00 % Gtotal(l=3) ave= 0.000E+00 +/- 0.00 %  % || Gg(l=0) ave= 5.849E-01 +/- 3.35 % Gg(l=1) ave= 6.422E-01 +/- 1.00 % Gg(l=2) ave= 0.000E+00 +/- 0.00 % Gg(l=3) ave= 0.000E+00 +/- 0.00 %  % || D(l=0) ave= 2.941E+04 +/- 0.00 % D(l=1) ave= 4.951E+03 +/- 0.00 % D(l=2) ave= 0.000E+00 +/- 0.00 % D(l=3) ave= 0.000E+00 +/- 0.00 %  % || S(l=0) ave= 3.469E-05 +/- 2.86 % S(l=1) ave= 1.712E-04 +/- 10.94 % S(l=2) ave= 0.000E+00 +/- 0.00 % S(l=3) ave= 0.000E+00 +/- 0.00 % 
 ... random file  21 Cap(th)  ave= 4.368E+01 b. +/- 34.28 % || Ela(th) ave= 2.151E+01 b. +/- 32.87 % || RIcap ave= 1.73E+01 b. +/- 31.59 % || Macs30 ave= 9.42E-03 b. +/- 3.32 % || Gn^0(l=0) ave= 2.132E+00 +/- 3.53 % Gn^0(l=1) ave= 4.049E+00 +/- 11.21 % Gn^0(l=2) ave= 0.000E+00 +/- 0.00 % Gn^0(l=3) ave= 0.000E+00 +/- 0.00 % || Gtotal(l=0) ave= 1.178E+03 +/- 2.73 % Gtotal(l=1) ave= 3.294E+02 +/- 0.58 % Gtotal(l=2) ave= 0.000E+00 +/- 0.00 % Gtotal(l=3) ave= 0.000E+00 +/- 0.00 %  % || Gg(l=0) ave= 5.832E-01 +/- 3.55 % Gg(l=1) ave= 6.422E-01 +/- 0.98 % Gg(l=2) ave= 0.000E+00 +/- 0.00 % Gg(l=3) ave= 0.000E+00 +/- 0.00 %  % || D(l=0) ave= 2.941E+04 +/- 0.00 % D(l=1) ave= 4.951E+03 +/- 0.00 % D(l=2) ave= 0.000E+00 +/- 0.00 % D(l=3) ave= 0.000E+00 +/- 0.00 %  % || S(l=0) ave= 3.476E-05 +/- 2.91 % S(l=1) ave= 1.703E-04 +/- 11.04 % S(l=2) ave= 0.000E+00 +/- 0.00 % S(l=3) ave= 0.000E+00 +/- 0.00 % 
 ... random file  22 Cap(th)  ave= 4.321E+01 b. +/- 34.28 % || Ela(th) ave= 2.126E+01 b. +/- 33.02 % || RIcap ave= 1.71E+01 b. +/- 31.56 % || Macs30 ave= 9.42E-03 b. +/- 3.25 % || Gn^0(l=0) ave= 2.130E+00 +/- 3.49 % Gn^0(l=1) ave= 4.072E+00 +/- 11.19 % Gn^0(l=2) ave= 0.000E+00 +/- 0.00 % Gn^0(l=3) ave= 0.000E+00 +/- 0.00 % || Gtotal(l=0) ave= 1.177E+03 +/- 2.70 % Gtotal(l=1) ave= 3.295E+02 +/- 0.59 % Gtotal(l=2) ave= 0.000E+00 +/- 0.00 % Gtotal(l=3) ave= 0.000E+00 +/- 0.00 %  % || Gg(l=0) ave= 5.818E-01 +/- 3.65 % Gg(l=1) ave= 6.420E-01 +/- 0.96 % Gg(l=2) ave= 0.000E+00 +/- 0.00 % Gg(l=3) ave= 0.000E+00 +/- 0.00 %  % || D(l=0) ave= 2.941E+04 +/- 0.00 % D(l=1) ave= 4.951E+03 +/- 0.00 % D(l=2) ave= 0.000E+00 +/- 0.00 % D(l=3) ave= 0.000E+00 +/- 0.00 %  % || S(l=0) ave= 3.473E-05 +/- 2.88 % S(l=1) ave= 1.712E-04 +/- 11.06 % S(l=2) ave= 0.000E+00 +/- 0.00 % S(l=3) ave= 0.000E+00 +/- 0.00 % 
 ... random file  23 Cap(th)  ave= 4.397E+01 b. +/- 34.01 % || Ela(th) ave= 2.168E+01 b. +/- 33.03 % || RIcap ave= 1.74E+01 b. +/- 31.36 % || Macs30 ave= 9.41E-03 b. +/- 3.24 % || Gn^0(l=0) ave= 2.134E+00 +/- 3.54 % Gn^0(l=1) ave= 4.032E+00 +/- 12.00 % Gn^0(l=2) ave= 0.000E+00 +/- 0.00 % Gn^0(l=3) ave= 0.000E+00 +/- 0.00 % || Gtotal(l=0) ave= 1.179E+03 +/- 2.75 % Gtotal(l=1) ave= 3.295E+02 +/- 0.58 % Gtotal(l=2) ave= 0.000E+00 +/- 0.00 % Gtotal(l=3) ave= 0.000E+00 +/- 0.00 %  % || Gg(l=0) ave= 5.824E-01 +/- 3.60 % Gg(l=1) ave= 6.415E-01 +/- 1.02 % Gg(l=2) ave= 0.000E+00 +/- 0.00 % Gg(l=3) ave= 0.000E+00 +/- 0.00 %  % || D(l=0) ave= 2.941E+04 +/- 0.00 % D(l=1) ave= 4.951E+03 +/- 0.00 % D(l=2) ave= 0.000E+00 +/- 0.00 % D(l=3) ave= 0.000E+00 +/- 0.00 %  % || S(l=0) ave= 3.478E-05 +/- 2.92 % S(l=1) ave= 1.696E-04 +/- 11.88 % S(l=2) ave= 0.000E+00 +/- 0.00 % S(l=3) ave= 0.000E+00 +/- 0.00 % 
 ... random file  24 Cap(th)  ave= 4.344E+01 b. +/- 34.26 % || Ela(th) ave= 2.143E+01 b. +/- 33.24 % || RIcap ave= 1.72E+01 b. +/- 31.56 % || Macs30 ave= 9.41E-03 b. +/- 3.18 % || Gn^0(l=0) ave= 2.134E+00 +/- 3.47 % Gn^0(l=1) ave= 4.048E+00 +/- 11.87 % Gn^0(l=2) ave= 0.000E+00 +/- 0.00 % Gn^0(l=3) ave= 0.000E+00 +/- 0.00 % || Gtotal(l=0) ave= 1.179E+03 +/- 2.70 % Gtotal(l=1) ave= 3.295E+02 +/- 0.57 % Gtotal(l=2) ave= 0.000E+00 +/- 0.00 % Gtotal(l=3) ave= 0.000E+00 +/- 0.00 %  % || Gg(l=0) ave= 5.811E-01 +/- 3.71 % Gg(l=1) ave= 6.418E-01 +/- 1.01 % Gg(l=2) ave= 0.000E+00 +/- 0.00 % Gg(l=3) ave= 0.000E+00 +/- 0.00 %  % || D(l=0) ave= 2.941E+04 +/- 0.00 % D(l=1) ave= 4.951E+03 +/- 0.00 % D(l=2) ave= 0.000E+00 +/- 0.00 % D(l=3) ave= 0.000E+00 +/- 0.00 %  % || S(l=0) ave= 3.478E-05 +/- 2.86 % S(l=1) ave= 1.702E-04 +/- 11.75 % S(l=2) ave= 0.000E+00 +/- 0.00 % S(l=3) ave= 0.000E+00 +/- 0.00 % 
 ... random file  25 Cap(th)  ave= 4.318E+01 b. +/- 33.94 % || Ela(th) ave= 2.130E+01 b. +/- 32.91 % || RIcap ave= 1.71E+01 b. +/- 31.25 % || Macs30 ave= 9.40E-03 b. +/- 3.14 % || Gn^0(l=0) ave= 2.136E+00 +/- 3.44 % Gn^0(l=1) ave= 4.055E+00 +/- 11.66 % Gn^0(l=2) ave= 0.000E+00 +/- 0.00 % Gn^0(l=3) ave= 0.000E+00 +/- 0.00 % || Gtotal(l=0) ave= 1.180E+03 +/- 2.69 % Gtotal(l=1) ave= 3.295E+02 +/- 0.56 % Gtotal(l=2) ave= 0.000E+00 +/- 0.00 % Gtotal(l=3) ave= 0.000E+00 +/- 0.00 %  % || Gg(l=0) ave= 5.832E-01 +/- 4.07 % Gg(l=1) ave= 6.413E-01 +/- 1.06 % Gg(l=2) ave= 0.000E+00 +/- 0.00 % Gg(l=3) ave= 0.000E+00 +/- 0.00 %  % || D(l=0) ave= 2.941E+04 +/- 0.00 % D(l=1) ave= 4.951E+03 +/- 0.00 % D(l=2) ave= 0.000E+00 +/- 0.00 % D(l=3) ave= 0.000E+00 +/- 0.00 %  % || S(l=0) ave= 3.481E-05 +/- 2.84 % S(l=1) ave= 1.705E-04 +/- 11.53 % S(l=2) ave= 0.000E+00 +/- 0.00 % S(l=3) ave= 0.000E+00 +/- 0.00 % 
 ... random file  26 Cap(th)  ave= 4.291E+01 b. +/- 33.66 % || Ela(th) ave= 2.119E+01 b. +/- 32.57 % || RIcap ave= 1.70E+01 b. +/- 30.98 % || Macs30 ave= 9.39E-03 b. +/- 3.17 % || Gn^0(l=0) ave= 2.145E+00 +/- 3.93 % Gn^0(l=1) ave= 4.056E+00 +/- 11.44 % Gn^0(l=2) ave= 0.000E+00 +/- 0.00 % Gn^0(l=3) ave= 0.000E+00 +/- 0.00 % || Gtotal(l=0) ave= 1.184E+03 +/- 3.06 % Gtotal(l=1) ave= 3.296E+02 +/- 0.59 % Gtotal(l=2) ave= 0.000E+00 +/- 0.00 % Gtotal(l=3) ave= 0.000E+00 +/- 0.00 %  % || Gg(l=0) ave= 5.828E-01 +/- 4.01 % Gg(l=1) ave= 6.411E-01 +/- 1.06 % Gg(l=2) ave= 0.000E+00 +/- 0.00 % Gg(l=3) ave= 0.000E+00 +/- 0.00 %  % || D(l=0) ave= 2.941E+04 +/- 0.00 % D(l=1) ave= 4.951E+03 +/- 0.00 % D(l=2) ave= 0.000E+00 +/- 0.00 % D(l=3) ave= 0.000E+00 +/- 0.00 %  % || S(l=0) ave= 3.493E-05 +/- 3.25 % S(l=1) ave= 1.705E-04 +/- 11.31 % S(l=2) ave= 0.000E+00 +/- 0.00 % S(l=3) ave= 0.000E+00 +/- 0.00 % 
 ... random file  27 Cap(th)  ave= 4.345E+01 b. +/- 33.28 % || Ela(th) ave= 2.145E+01 b. +/- 32.21 % || RIcap ave= 1.72E+01 b. +/- 30.67 % || Macs30 ave= 9.40E-03 b. +/- 3.19 % || Gn^0(l=0) ave= 2.141E+00 +/- 3.98 % Gn^0(l=1) ave= 4.041E+00 +/- 11.43 % Gn^0(l=2) ave= 0.000E+00 +/- 0.00 % Gn^0(l=3) ave= 0.000E+00 +/- 0.00 % || Gtotal(l=0) ave= 1.182E+03 +/- 3.09 % Gtotal(l=1) ave= 3.296E+02 +/- 0.58 % Gtotal(l=2) ave= 0.000E+00 +/- 0.00 % Gtotal(l=3) ave= 0.000E+00 +/- 0.00 %  % || Gg(l=0) ave= 5.830E-01 +/- 3.94 % Gg(l=1) ave= 6.409E-01 +/- 1.05 % Gg(l=2) ave= 0.000E+00 +/- 0.00 % Gg(l=3) ave= 0.000E+00 +/- 0.00 %  % || D(l=0) ave= 2.941E+04 +/- 0.00 % D(l=1) ave= 4.951E+03 +/- 0.00 % D(l=2) ave= 0.000E+00 +/- 0.00 % D(l=3) ave= 0.000E+00 +/- 0.00 %  % || S(l=0) ave= 3.488E-05 +/- 3.28 % S(l=1) ave= 1.699E-04 +/- 11.30 % S(l=2) ave= 0.000E+00 +/- 0.00 % S(l=3) ave= 0.000E+00 +/- 0.00 % 
 ... random file  28 Cap(th)  ave= 4.387E+01 b. +/- 32.78 % || Ela(th) ave= 2.167E+01 b. +/- 31.78 % || RIcap ave= 1.74E+01 b. +/- 30.22 % || Macs30 ave= 9.41E-03 b. +/- 3.19 % || Gn^0(l=0) ave= 2.141E+00 +/- 3.91 % Gn^0(l=1) ave= 4.025E+00 +/- 11.47 % Gn^0(l=2) ave= 0.000E+00 +/- 0.00 % Gn^0(l=3) ave= 0.000E+00 +/- 0.00 % || Gtotal(l=0) ave= 1.183E+03 +/- 3.04 % Gtotal(l=1) ave= 3.295E+02 +/- 0.57 % Gtotal(l=2) ave= 0.000E+00 +/- 0.00 % Gtotal(l=3) ave= 0.000E+00 +/- 0.00 %  % || Gg(l=0) ave= 5.844E-01 +/- 4.07 % Gg(l=1) ave= 6.411E-01 +/- 1.05 % Gg(l=2) ave= 0.000E+00 +/- 0.00 % Gg(l=3) ave= 0.000E+00 +/- 0.00 %  % || D(l=0) ave= 2.941E+04 +/- 0.00 % D(l=1) ave= 4.951E+03 +/- 0.00 % D(l=2) ave= 0.000E+00 +/- 0.00 % D(l=3) ave= 0.000E+00 +/- 0.00 %  % || S(l=0) ave= 3.488E-05 +/- 3.23 % S(l=1) ave= 1.692E-04 +/- 11.35 % S(l=2) ave= 0.000E+00 +/- 0.00 % S(l=3) ave= 0.000E+00 +/- 0.00 % 
 ... random file  29 Cap(th)  ave= 4.346E+01 b. +/- 32.94 % || Ela(th) ave= 2.147E+01 b. +/- 31.92 % || RIcap ave= 1.72E+01 b. +/- 30.34 % || Macs30 ave= 9.40E-03 b. +/- 3.19 % || Gn^0(l=0) ave= 2.139E+00 +/- 3.90 % Gn^0(l=1) ave= 4.046E+00 +/- 11.56 % Gn^0(l=2) ave= 0.000E+00 +/- 0.00 % Gn^0(l=3) ave= 0.000E+00 +/- 0.00 % || Gtotal(l=0) ave= 1.182E+03 +/- 3.03 % Gtotal(l=1) ave= 3.295E+02 +/- 0.57 % Gtotal(l=2) ave= 0.000E+00 +/- 0.00 % Gtotal(l=3) ave= 0.000E+00 +/- 0.00 %  % || Gg(l=0) ave= 5.861E-01 +/- 4.30 % Gg(l=1) ave= 6.411E-01 +/- 1.03 % Gg(l=2) ave= 0.000E+00 +/- 0.00 % Gg(l=3) ave= 0.000E+00 +/- 0.00 %  % || D(l=0) ave= 2.941E+04 +/- 0.00 % D(l=1) ave= 4.951E+03 +/- 0.00 % D(l=2) ave= 0.000E+00 +/- 0.00 % D(l=3) ave= 0.000E+00 +/- 0.00 %  % || S(l=0) ave= 3.485E-05 +/- 3.23 % S(l=1) ave= 1.701E-04 +/- 11.44 % S(l=2) ave= 0.000E+00 +/- 0.00 % S(l=3) ave= 0.000E+00 +/- 0.00 % 
 ... random file  30 Cap(th)  ave= 4.330E+01 b. +/- 32.58 % || Ela(th) ave= 2.143E+01 b. +/- 31.47 % || RIcap ave= 1.71E+01 b. +/- 30.01 % || Macs30 ave= 9.39E-03 b. +/- 3.16 % || Gn^0(l=0) ave= 2.145E+00 +/- 4.17 % Gn^0(l=1) ave= 4.025E+00 +/- 11.77 % Gn^0(l=2) ave= 0.000E+00 +/- 0.00 % Gn^0(l=3) ave= 0.000E+00 +/- 0.00 % || Gtotal(l=0) ave= 1.184E+03 +/- 3.23 % Gtotal(l=1) ave= 3.295E+02 +/- 0.57 % Gtotal(l=2) ave= 0.000E+00 +/- 0.00 % Gtotal(l=3) ave= 0.000E+00 +/- 0.00 %  % || Gg(l=0) ave= 5.856E-01 +/- 4.26 % Gg(l=1) ave= 6.408E-01 +/- 1.06 % Gg(l=2) ave= 0.000E+00 +/- 0.00 % Gg(l=3) ave= 0.000E+00 +/- 0.00 %  % || D(l=0) ave= 2.941E+04 +/- 0.00 % D(l=1) ave= 4.951E+03 +/- 0.00 % D(l=2) ave= 0.000E+00 +/- 0.00 % D(l=3) ave= 0.000E+00 +/- 0.00 %  % || S(l=0) ave= 3.494E-05 +/- 3.47 % S(l=1) ave= 1.693E-04 +/- 11.65 % S(l=2) ave= 0.000E+00 +/- 0.00 % S(l=3) ave= 0.000E+00 +/- 0.00 % 
 ... random file  31 Cap(th)  ave= 4.340E+01 b. +/- 32.02 % || Ela(th) ave= 2.153E+01 b. +/- 30.94 % || RIcap ave= 1.72E+01 b. +/- 29.49 % || Macs30 ave= 9.39E-03 b. +/- 3.11 % || Gn^0(l=0) ave= 2.147E+00 +/- 4.11 % Gn^0(l=1) ave= 4.003E+00 +/- 12.05 % Gn^0(l=2) ave= 0.000E+00 +/- 0.00 % Gn^0(l=3) ave= 0.000E+00 +/- 0.00 % || Gtotal(l=0) ave= 1.185E+03 +/- 3.19 % Gtotal(l=1) ave= 3.296E+02 +/- 0.59 % Gtotal(l=2) ave= 0.000E+00 +/- 0.00 % Gtotal(l=3) ave= 0.000E+00 +/- 0.00 %  % || Gg(l=0) ave= 5.852E-01 +/- 4.22 % Gg(l=1) ave= 6.408E-01 +/- 1.04 % Gg(l=2) ave= 0.000E+00 +/- 0.00 % Gg(l=3) ave= 0.000E+00 +/- 0.00 %  % || D(l=0) ave= 2.941E+04 +/- 0.00 % D(l=1) ave= 4.951E+03 +/- 0.00 % D(l=2) ave= 0.000E+00 +/- 0.00 % D(l=3) ave= 0.000E+00 +/- 0.00 %  % || S(l=0) ave= 3.495E-05 +/- 3.42 % S(l=1) ave= 1.683E-04 +/- 11.94 % S(l=2) ave= 0.000E+00 +/- 0.00 % S(l=3) ave= 0.000E+00 +/- 0.00 % 
 ... random file  32 Cap(th)  ave= 4.366E+01 b. +/- 31.52 % || Ela(th) ave= 2.162E+01 b. +/- 30.43 % || RIcap ave= 1.73E+01 b. +/- 29.05 % || Macs30 ave= 9.40E-03 b. +/- 3.06 % || Gn^0(l=0) ave= 2.147E+00 +/- 4.05 % Gn^0(l=1) ave= 4.005E+00 +/- 11.87 % Gn^0(l=2) ave= 0.000E+00 +/- 0.00 % Gn^0(l=3) ave= 0.000E+00 +/- 0.00 % || Gtotal(l=0) ave= 1.185E+03 +/- 3.14 % Gtotal(l=1) ave= 3.297E+02 +/- 0.59 % Gtotal(l=2) ave= 0.000E+00 +/- 0.00 % Gtotal(l=3) ave= 0.000E+00 +/- 0.00 %  % || Gg(l=0) ave= 5.850E-01 +/- 4.16 % Gg(l=1) ave= 6.406E-01 +/- 1.04 % Gg(l=2) ave= 0.000E+00 +/- 0.00 % Gg(l=3) ave= 0.000E+00 +/- 0.00 %  % || D(l=0) ave= 2.941E+04 +/- 0.00 % D(l=1) ave= 4.951E+03 +/- 0.00 % D(l=2) ave= 0.000E+00 +/- 0.00 % D(l=3) ave= 0.000E+00 +/- 0.00 %  % || S(l=0) ave= 3.496E-05 +/- 3.37 % S(l=1) ave= 1.684E-04 +/- 11.76 % S(l=2) ave= 0.000E+00 +/- 0.00 % S(l=3) ave= 0.000E+00 +/- 0.00 % 
 ... random file  33 Cap(th)  ave= 4.506E+01 b. +/- 35.00 % || Ela(th) ave= 2.228E+01 b. +/- 33.71 % || RIcap ave= 1.78E+01 b. +/- 32.24 % || Macs30 ave= 9.39E-03 b. +/- 3.03 % || Gn^0(l=0) ave= 2.151E+00 +/- 4.08 % Gn^0(l=1) ave= 4.007E+00 +/- 11.69 % Gn^0(l=2) ave= 0.000E+00 +/- 0.00 % Gn^0(l=3) ave= 0.000E+00 +/- 0.00 % || Gtotal(l=0) ave= 1.187E+03 +/- 3.17 % Gtotal(l=1) ave= 3.298E+02 +/- 0.62 % Gtotal(l=2) ave= 0.000E+00 +/- 0.00 % Gtotal(l=3) ave= 0.000E+00 +/- 0.00 %  % || Gg(l=0) ave= 5.850E-01 +/- 4.10 % Gg(l=1) ave= 6.406E-01 +/- 1.03 % Gg(l=2) ave= 0.000E+00 +/- 0.00 % Gg(l=3) ave= 0.000E+00 +/- 0.00 %  % || D(l=0) ave= 2.941E+04 +/- 0.00 % D(l=1) ave= 4.951E+03 +/- 0.00 % D(l=2) ave= 0.000E+00 +/- 0.00 % D(l=3) ave= 0.000E+00 +/- 0.00 %  % || S(l=0) ave= 3.500E-05 +/- 3.39 % S(l=1) ave= 1.685E-04 +/- 11.58 % S(l=2) ave= 0.000E+00 +/- 0.00 % S(l=3) ave= 0.000E+00 +/- 0.00 % 
 ... random file  34 Cap(th)  ave= 4.494E+01 b. +/- 34.62 % || Ela(th) ave= 2.218E+01 b. +/- 33.46 % || RIcap ave= 1.77E+01 b. +/- 31.88 % || Macs30 ave= 9.39E-03 b. +/- 3.00 % || Gn^0(l=0) ave= 2.149E+00 +/- 4.04 % Gn^0(l=1) ave= 4.029E+00 +/- 11.89 % Gn^0(l=2) ave= 0.000E+00 +/- 0.00 % Gn^0(l=3) ave= 0.000E+00 +/- 0.00 % || Gtotal(l=0) ave= 1.186E+03 +/- 3.14 % Gtotal(l=1) ave= 3.298E+02 +/- 0.62 % Gtotal(l=2) ave= 0.000E+00 +/- 0.00 % Gtotal(l=3) ave= 0.000E+00 +/- 0.00 %  % || Gg(l=0) ave= 5.844E-01 +/- 4.09 % Gg(l=1) ave= 6.404E-01 +/- 1.04 % Gg(l=2) ave= 0.000E+00 +/- 0.00 % Gg(l=3) ave= 0.000E+00 +/- 0.00 %  % || D(l=0) ave= 2.941E+04 +/- 0.00 % D(l=1) ave= 4.951E+03 +/- 0.00 % D(l=2) ave= 0.000E+00 +/- 0.00 % D(l=3) ave= 0.000E+00 +/- 0.00 %  % || S(l=0) ave= 3.499E-05 +/- 3.36 % S(l=1) ave= 1.694E-04 +/- 11.79 % S(l=2) ave= 0.000E+00 +/- 0.00 % S(l=3) ave= 0.000E+00 +/- 0.00 % 
 ... random file  35 Cap(th)  ave= 4.544E+01 b. +/- 34.38 % || Ela(th) ave= 2.240E+01 b. +/- 33.18 % || RIcap ave= 1.79E+01 b. +/- 31.68 % || Macs30 ave= 9.39E-03 b. +/- 2.98 % || Gn^0(l=0) ave= 2.147E+00 +/- 4.03 % Gn^0(l=1) ave= 4.029E+00 +/- 11.72 % Gn^0(l=2) ave= 0.000E+00 +/- 0.00 % Gn^0(l=3) ave= 0.000E+00 +/- 0.00 % || Gtotal(l=0) ave= 1.185E+03 +/- 3.13 % Gtotal(l=1) ave= 3.298E+02 +/- 0.61 % Gtotal(l=2) ave= 0.000E+00 +/- 0.00 % Gtotal(l=3) ave= 0.000E+00 +/- 0.00 %  % || Gg(l=0) ave= 5.847E-01 +/- 4.04 % Gg(l=1) ave= 6.406E-01 +/- 1.04 % Gg(l=2) ave= 0.000E+00 +/- 0.00 % Gg(l=3) ave= 0.000E+00 +/- 0.00 %  % || D(l=0) ave= 2.941E+04 +/- 0.00 % D(l=1) ave= 4.951E+03 +/- 0.00 % D(l=2) ave= 0.000E+00 +/- 0.00 % D(l=3) ave= 0.000E+00 +/- 0.00 %  % || S(l=0) ave= 3.495E-05 +/- 3.36 % S(l=1) ave= 1.694E-04 +/- 11.63 % S(l=2) ave= 0.000E+00 +/- 0.00 % S(l=3) ave= 0.000E+00 +/- 0.00 % 
 ... random file  36 Cap(th)  ave= 4.564E+01 b. +/- 33.87 % || Ela(th) ave= 2.250E+01 b. +/- 32.70 % || RIcap ave= 1.80E+01 b. +/- 31.22 % || Macs30 ave= 9.39E-03 b. +/- 2.94 % || Gn^0(l=0) ave= 2.145E+00 +/- 4.01 % Gn^0(l=1) ave= 4.022E+00 +/- 11.63 % Gn^0(l=2) ave= 0.000E+00 +/- 0.00 % Gn^0(l=3) ave= 0.000E+00 +/- 0.00 % || Gtotal(l=0) ave= 1.184E+03 +/- 3.11 % Gtotal(l=1) ave= 3.298E+02 +/- 0.60 % Gtotal(l=2) ave= 0.000E+00 +/- 0.00 % Gtotal(l=3) ave= 0.000E+00 +/- 0.00 %  % || Gg(l=0) ave= 5.848E-01 +/- 3.98 % Gg(l=1) ave= 6.406E-01 +/- 1.03 % Gg(l=2) ave= 0.000E+00 +/- 0.00 % Gg(l=3) ave= 0.000E+00 +/- 0.00 %  % || D(l=0) ave= 2.941E+04 +/- 0.00 % D(l=1) ave= 4.951E+03 +/- 0.00 % D(l=2) ave= 0.000E+00 +/- 0.00 % D(l=3) ave= 0.000E+00 +/- 0.00 %  % || S(l=0) ave= 3.493E-05 +/- 3.34 % S(l=1) ave= 1.691E-04 +/- 11.54 % S(l=2) ave= 0.000E+00 +/- 0.00 % S(l=3) ave= 0.000E+00 +/- 0.00 % 
 ... random file  37 Cap(th)  ave= 4.656E+01 b. +/- 34.88 % || Ela(th) ave= 2.290E+01 b. +/- 33.40 % || RIcap ave= 1.83E+01 b. +/- 32.19 % || Macs30 ave= 9.38E-03 b. +/- 3.04 % || Gn^0(l=0) ave= 2.150E+00 +/- 4.12 % Gn^0(l=1) ave= 4.038E+00 +/- 11.67 % Gn^0(l=2) ave= 0.000E+00 +/- 0.00 % Gn^0(l=3) ave= 0.000E+00 +/- 0.00 % || Gtotal(l=0) ave= 1.186E+03 +/- 3.20 % Gtotal(l=1) ave= 3.300E+02 +/- 0.66 % Gtotal(l=2) ave= 0.000E+00 +/- 0.00 % Gtotal(l=3) ave= 0.000E+00 +/- 0.00 %  % || Gg(l=0) ave= 5.850E-01 +/- 3.94 % Gg(l=1) ave= 6.404E-01 +/- 1.04 % Gg(l=2) ave= 0.000E+00 +/- 0.00 % Gg(l=3) ave= 0.000E+00 +/- 0.00 %  % || D(l=0) ave= 2.941E+04 +/- 0.00 % D(l=1) ave= 4.951E+03 +/- 0.00 % D(l=2) ave= 0.000E+00 +/- 0.00 % D(l=3) ave= 0.000E+00 +/- 0.00 %  % || S(l=0) ave= 3.499E-05 +/- 3.43 % S(l=1) ave= 1.698E-04 +/- 11.59 % S(l=2) ave= 0.000E+00 +/- 0.00 % S(l=3) ave= 0.000E+00 +/- 0.00 % 
 ... random file  38 Cap(th)  ave= 4.595E+01 b. +/- 35.83 % || Ela(th) ave= 2.262E+01 b. +/- 34.20 % || RIcap ave= 1.81E+01 b. +/- 33.08 % || Macs30 ave= 9.38E-03 b. +/- 3.00 % || Gn^0(l=0) ave= 2.152E+00 +/- 4.12 % Gn^0(l=1) ave= 4.045E+00 +/- 11.55 % Gn^0(l=2) ave= 0.000E+00 +/- 0.00 % Gn^0(l=3) ave= 0.000E+00 +/- 0.00 % || Gtotal(l=0) ave= 1.187E+03 +/- 3.20 % Gtotal(l=1) ave= 3.300E+02 +/- 0.65 % Gtotal(l=2) ave= 0.000E+00 +/- 0.00 % Gtotal(l=3) ave= 0.000E+00 +/- 0.00 %  % || Gg(l=0) ave= 5.854E-01 +/- 3.91 % Gg(l=1) ave= 6.404E-01 +/- 1.03 % Gg(l=2) ave= 0.000E+00 +/- 0.00 % Gg(l=3) ave= 0.000E+00 +/- 0.00 %  % || D(l=0) ave= 2.941E+04 +/- 0.00 % D(l=1) ave= 4.951E+03 +/- 0.00 % D(l=2) ave= 0.000E+00 +/- 0.00 % D(l=3) ave= 0.000E+00 +/- 0.00 %  % || S(l=0) ave= 3.502E-05 +/- 3.44 % S(l=1) ave= 1.701E-04 +/- 11.47 % S(l=2) ave= 0.000E+00 +/- 0.00 % S(l=3) ave= 0.000E+00 +/- 0.00 % 
 ... random file  39 Cap(th)  ave= 4.612E+01 b. +/- 35.33 % || Ela(th) ave= 2.274E+01 b. +/- 33.75 % || RIcap ave= 1.82E+01 b. +/- 32.62 % || Macs30 ave= 9.37E-03 b. +/- 2.98 % || Gn^0(l=0) ave= 2.150E+00 +/- 4.09 % Gn^0(l=1) ave= 4.030E+00 +/- 11.72 % Gn^0(l=2) ave= 0.000E+00 +/- 0.00 % Gn^0(l=3) ave= 0.000E+00 +/- 0.00 % || Gtotal(l=0) ave= 1.187E+03 +/- 3.18 % Gtotal(l=1) ave= 3.300E+02 +/- 0.64 % Gtotal(l=2) ave= 0.000E+00 +/- 0.00 % Gtotal(l=3) ave= 0.000E+00 +/- 0.00 %  % || Gg(l=0) ave= 5.854E-01 +/- 3.86 % Gg(l=1) ave= 6.402E-01 +/- 1.04 % Gg(l=2) ave= 0.000E+00 +/- 0.00 % Gg(l=3) ave= 0.000E+00 +/- 0.00 %  % || D(l=0) ave= 2.941E+04 +/- 0.00 % D(l=1) ave= 4.951E+03 +/- 0.00 % D(l=2) ave= 0.000E+00 +/- 0.00 % D(l=3) ave= 0.000E+00 +/- 0.00 %  % || S(l=0) ave= 3.500E-05 +/- 3.42 % S(l=1) ave= 1.694E-04 +/- 11.61 % S(l=2) ave= 0.000E+00 +/- 0.00 % S(l=3) ave= 0.000E+00 +/- 0.00 % 
 ... random file  40 Cap(th)  ave= 4.569E+01 b. +/- 35.73 % || Ela(th) ave= 2.255E+01 b. +/- 34.05 % || RIcap ave= 1.80E+01 b. +/- 32.99 % || Macs30 ave= 9.37E-03 b. +/- 2.95 % || Gn^0(l=0) ave= 2.148E+00 +/- 4.13 % Gn^0(l=1) ave= 4.032E+00 +/- 11.57 % Gn^0(l=2) ave= 0.000E+00 +/- 0.00 % Gn^0(l=3) ave= 0.000E+00 +/- 0.00 % || Gtotal(l=0) ave= 1.185E+03 +/- 3.21 % Gtotal(l=1) ave= 3.300E+02 +/- 0.64 % Gtotal(l=2) ave= 0.000E+00 +/- 0.00 % Gtotal(l=3) ave= 0.000E+00 +/- 0.00 %  % || Gg(l=0) ave= 5.868E-01 +/- 4.09 % Gg(l=1) ave= 6.402E-01 +/- 1.04 % Gg(l=2) ave= 0.000E+00 +/- 0.00 % Gg(l=3) ave= 0.000E+00 +/- 0.00 %  % || D(l=0) ave= 2.941E+04 +/- 0.00 % D(l=1) ave= 4.951E+03 +/- 0.00 % D(l=2) ave= 0.000E+00 +/- 0.00 % D(l=3) ave= 0.000E+00 +/- 0.00 %  % || S(l=0) ave= 3.496E-05 +/- 3.45 % S(l=1) ave= 1.695E-04 +/- 11.47 % S(l=2) ave= 0.000E+00 +/- 0.00 % S(l=3) ave= 0.000E+00 +/- 0.00 % 
 ... random file  41 Cap(th)  ave= 4.586E+01 b. +/- 35.25 % || Ela(th) ave= 2.262E+01 b. +/- 33.60 % || RIcap ave= 1.81E+01 b. +/- 32.56 % || Macs30 ave= 9.36E-03 b. +/- 3.08 % || Gn^0(l=0) ave= 2.146E+00 +/- 4.10 % Gn^0(l=1) ave= 4.033E+00 +/- 11.43 % Gn^0(l=2) ave= 0.000E+00 +/- 0.00 % Gn^0(l=3) ave= 0.000E+00 +/- 0.00 % || Gtotal(l=0) ave= 1.185E+03 +/- 3.18 % Gtotal(l=1) ave= 3.299E+02 +/- 0.65 % Gtotal(l=2) ave= 0.000E+00 +/- 0.00 % Gtotal(l=3) ave= 0.000E+00 +/- 0.00 %  % || Gg(l=0) ave= 5.866E-01 +/- 4.05 % Gg(l=1) ave= 6.401E-01 +/- 1.03 % Gg(l=2) ave= 0.000E+00 +/- 0.00 % Gg(l=3) ave= 0.000E+00 +/- 0.00 %  % || D(l=0) ave= 2.941E+04 +/- 0.00 % D(l=1) ave= 4.951E+03 +/- 0.00 % D(l=2) ave= 0.000E+00 +/- 0.00 % D(l=3) ave= 0.000E+00 +/- 0.00 %  % || S(l=0) ave= 3.495E-05 +/- 3.42 % S(l=1) ave= 1.696E-04 +/- 11.33 % S(l=2) ave= 0.000E+00 +/- 0.00 % S(l=3) ave= 0.000E+00 +/- 0.00 % 
 ... random file  42 Cap(th)  ave= 4.553E+01 b. +/- 35.39 % || Ela(th) ave= 2.247E+01 b. +/- 33.68 % || RIcap ave= 1.79E+01 b. +/- 32.68 % || Macs30 ave= 9.36E-03 b. +/- 3.06 % || Gn^0(l=0) ave= 2.149E+00 +/- 4.11 % Gn^0(l=1) ave= 4.033E+00 +/- 11.30 % Gn^0(l=2) ave= 0.000E+00 +/- 0.00 % Gn^0(l=3) ave= 0.000E+00 +/- 0.00 % || Gtotal(l=0) ave= 1.186E+03 +/- 3.19 % Gtotal(l=1) ave= 3.299E+02 +/- 0.65 % Gtotal(l=2) ave= 0.000E+00 +/- 0.00 % Gtotal(l=3) ave= 0.000E+00 +/- 0.00 %  % || Gg(l=0) ave= 5.871E-01 +/- 4.04 % Gg(l=1) ave= 6.402E-01 +/- 1.02 % Gg(l=2) ave= 0.000E+00 +/- 0.00 % Gg(l=3) ave= 0.000E+00 +/- 0.00 %  % || D(l=0) ave= 2.941E+04 +/- 0.00 % D(l=1) ave= 4.951E+03 +/- 0.00 % D(l=2) ave= 0.000E+00 +/- 0.00 % D(l=3) ave= 0.000E+00 +/- 0.00 %  % || S(l=0) ave= 3.498E-05 +/- 3.43 % S(l=1) ave= 1.696E-04 +/- 11.20 % S(l=2) ave= 0.000E+00 +/- 0.00 % S(l=3) ave= 0.000E+00 +/- 0.00 % 
 ... random file  43 Cap(th)  ave= 4.706E+01 b. +/- 39.98 % || Ela(th) ave= 2.318E+01 b. +/- 37.93 % || RIcap ave= 1.85E+01 b. +/- 36.88 % || Macs30 ave= 9.37E-03 b. +/- 3.07 % || Gn^0(l=0) ave= 2.148E+00 +/- 4.07 % Gn^0(l=1) ave= 4.027E+00 +/- 11.24 % Gn^0(l=2) ave= 0.000E+00 +/- 0.00 % Gn^0(l=3) ave= 0.000E+00 +/- 0.00 % || Gtotal(l=0) ave= 1.186E+03 +/- 3.16 % Gtotal(l=1) ave= 3.298E+02 +/- 0.68 % Gtotal(l=2) ave= 0.000E+00 +/- 0.00 % Gtotal(l=3) ave= 0.000E+00 +/- 0.00 %  % || Gg(l=0) ave= 5.885E-01 +/- 4.26 % Gg(l=1) ave= 6.401E-01 +/- 1.01 % Gg(l=2) ave= 0.000E+00 +/- 0.00 % Gg(l=3) ave= 0.000E+00 +/- 0.00 %  % || D(l=0) ave= 2.941E+04 +/- 0.00 % D(l=1) ave= 4.951E+03 +/- 0.00 % D(l=2) ave= 0.000E+00 +/- 0.00 % D(l=3) ave= 0.000E+00 +/- 0.00 %  % || S(l=0) ave= 3.497E-05 +/- 3.40 % S(l=1) ave= 1.693E-04 +/- 11.14 % S(l=2) ave= 0.000E+00 +/- 0.00 % S(l=3) ave= 0.000E+00 +/- 0.00 % 
 ... random file  44 Cap(th)  ave= 4.655E+01 b. +/- 40.60 % || Ela(th) ave= 2.299E+01 b. +/- 38.19 % || RIcap ave= 1.83E+01 b. +/- 37.44 % || Macs30 ave= 9.36E-03 b. +/- 3.08 % || Gn^0(l=0) ave= 2.147E+00 +/- 4.03 % Gn^0(l=1) ave= 4.006E+00 +/- 11.67 % Gn^0(l=2) ave= 0.000E+00 +/- 0.00 % Gn^0(l=3) ave= 0.000E+00 +/- 0.00 % || Gtotal(l=0) ave= 1.185E+03 +/- 3.12 % Gtotal(l=1) ave= 3.298E+02 +/- 0.68 % Gtotal(l=2) ave= 0.000E+00 +/- 0.00 % Gtotal(l=3) ave= 0.000E+00 +/- 0.00 %  % || Gg(l=0) ave= 5.884E-01 +/- 4.22 % Gg(l=1) ave= 6.399E-01 +/- 1.01 % Gg(l=2) ave= 0.000E+00 +/- 0.00 % Gg(l=3) ave= 0.000E+00 +/- 0.00 %  % || D(l=0) ave= 2.941E+04 +/- 0.00 % D(l=1) ave= 4.951E+03 +/- 0.00 % D(l=2) ave= 0.000E+00 +/- 0.00 % D(l=3) ave= 0.000E+00 +/- 0.00 %  % || S(l=0) ave= 3.496E-05 +/- 3.36 % S(l=1) ave= 1.685E-04 +/- 11.57 % S(l=2) ave= 0.000E+00 +/- 0.00 % S(l=3) ave= 0.000E+00 +/- 0.00 % 
 ... random file  45 Cap(th)  ave= 4.638E+01 b. +/- 40.39 % || Ela(th) ave= 2.290E+01 b. +/- 38.02 % || RIcap ave= 1.82E+01 b. +/- 37.23 % || Macs30 ave= 9.36E-03 b. +/- 3.07 % || Gn^0(l=0) ave= 2.155E+00 +/- 4.60 % Gn^0(l=1) ave= 4.009E+00 +/- 11.54 % Gn^0(l=2) ave= 0.000E+00 +/- 0.00 % Gn^0(l=3) ave= 0.000E+00 +/- 0.00 % || Gtotal(l=0) ave= 1.189E+03 +/- 3.58 % Gtotal(l=1) ave= 3.298E+02 +/- 0.68 % Gtotal(l=2) ave= 0.000E+00 +/- 0.00 % Gtotal(l=3) ave= 0.000E+00 +/- 0.00 %  % || Gg(l=0) ave= 5.880E-01 +/- 4.20 % Gg(l=1) ave= 6.400E-01 +/- 1.01 % Gg(l=2) ave= 0.000E+00 +/- 0.00 % Gg(l=3) ave= 0.000E+00 +/- 0.00 %  % || D(l=0) ave= 2.941E+04 +/- 0.00 % D(l=1) ave= 4.951E+03 +/- 0.00 % D(l=2) ave= 0.000E+00 +/- 0.00 % D(l=3) ave= 0.000E+00 +/- 0.00 %  % || S(l=0) ave= 3.506E-05 +/- 3.83 % S(l=1) ave= 1.686E-04 +/- 11.44 % S(l=2) ave= 0.000E+00 +/- 0.00 % S(l=3) ave= 0.000E+00 +/- 0.00 % 
 ... random file  46 Cap(th)  ave= 4.620E+01 b. +/- 40.20 % || Ela(th) ave= 2.280E+01 b. +/- 37.87 % || RIcap ave= 1.82E+01 b. +/- 37.04 % || Macs30 ave= 9.35E-03 b. +/- 3.05 % || Gn^0(l=0) ave= 2.156E+00 +/- 4.56 % Gn^0(l=1) ave= 4.021E+00 +/- 11.56 % Gn^0(l=2) ave= 0.000E+00 +/- 0.00 % Gn^0(l=3) ave= 0.000E+00 +/- 0.00 % || Gtotal(l=0) ave= 1.189E+03 +/- 3.54 % Gtotal(l=1) ave= 3.299E+02 +/- 0.67 % Gtotal(l=2) ave= 0.000E+00 +/- 0.00 % Gtotal(l=3) ave= 0.000E+00 +/- 0.00 %  % || Gg(l=0) ave= 5.881E-01 +/- 4.16 % Gg(l=1) ave= 6.399E-01 +/- 1.00 % Gg(l=2) ave= 0.000E+00 +/- 0.00 % Gg(l=3) ave= 0.000E+00 +/- 0.00 %  % || D(l=0) ave= 2.941E+04 +/- 0.00 % D(l=1) ave= 4.951E+03 +/- 0.00 % D(l=2) ave= 0.000E+00 +/- 0.00 % D(l=3) ave= 0.000E+00 +/- 0.00 %  % || S(l=0) ave= 3.507E-05 +/- 3.80 % S(l=1) ave= 1.690E-04 +/- 11.46 % S(l=2) ave= 0.000E+00 +/- 0.00 % S(l=3) ave= 0.000E+00 +/- 0.00 % 
 ... random file  47 Cap(th)  ave= 4.599E+01 b. +/- 40.07 % || Ela(th) ave= 2.270E+01 b. +/- 37.78 % || RIcap ave= 1.81E+01 b. +/- 36.91 % || Macs30 ave= 9.35E-03 b. +/- 3.03 % || Gn^0(l=0) ave= 2.153E+00 +/- 4.62 % Gn^0(l=1) ave= 4.033E+00 +/- 11.58 % Gn^0(l=2) ave= 0.000E+00 +/- 0.00 % Gn^0(l=3) ave= 0.000E+00 +/- 0.00 % || Gtotal(l=0) ave= 1.188E+03 +/- 3.59 % Gtotal(l=1) ave= 3.298E+02 +/- 0.69 % Gtotal(l=2) ave= 0.000E+00 +/- 0.00 % Gtotal(l=3) ave= 0.000E+00 +/- 0.00 %  % || Gg(l=0) ave= 5.891E-01 +/- 4.28 % Gg(l=1) ave= 6.400E-01 +/- 0.99 % Gg(l=2) ave= 0.000E+00 +/- 0.00 % Gg(l=3) ave= 0.000E+00 +/- 0.00 %  % || D(l=0) ave= 2.941E+04 +/- 0.00 % D(l=1) ave= 4.951E+03 +/- 0.00 % D(l=2) ave= 0.000E+00 +/- 0.00 % D(l=3) ave= 0.000E+00 +/- 0.00 %  % || S(l=0) ave= 3.503E-05 +/- 3.86 % S(l=1) ave= 1.695E-04 +/- 11.48 % S(l=2) ave= 0.000E+00 +/- 0.00 % S(l=3) ave= 0.000E+00 +/- 0.00 % 
 ... random file  48 Cap(th)  ave= 4.657E+01 b. +/- 40.09 % || Ela(th) ave= 2.296E+01 b. +/- 37.78 % || RIcap ave= 1.83E+01 b. +/- 36.99 % || Macs30 ave= 9.34E-03 b. +/- 3.14 % || Gn^0(l=0) ave= 2.150E+00 +/- 4.68 % Gn^0(l=1) ave= 4.032E+00 +/- 11.47 % Gn^0(l=2) ave= 0.000E+00 +/- 0.00 % Gn^0(l=3) ave= 0.000E+00 +/- 0.00 % || Gtotal(l=0) ave= 1.186E+03 +/- 3.63 % Gtotal(l=1) ave= 3.297E+02 +/- 0.70 % Gtotal(l=2) ave= 0.000E+00 +/- 0.00 % Gtotal(l=3) ave= 0.000E+00 +/- 0.00 %  % || Gg(l=0) ave= 5.891E-01 +/- 4.23 % Gg(l=1) ave= 6.398E-01 +/- 1.00 % Gg(l=2) ave= 0.000E+00 +/- 0.00 % Gg(l=3) ave= 0.000E+00 +/- 0.00 %  % || D(l=0) ave= 2.941E+04 +/- 0.00 % D(l=1) ave= 4.951E+03 +/- 0.00 % D(l=2) ave= 0.000E+00 +/- 0.00 % D(l=3) ave= 0.000E+00 +/- 0.00 %  % || S(l=0) ave= 3.499E-05 +/- 3.90 % S(l=1) ave= 1.695E-04 +/- 11.36 % S(l=2) ave= 0.000E+00 +/- 0.00 % S(l=3) ave= 0.000E+00 +/- 0.00 % 
 ... random file  49 Cap(th)  ave= 4.690E+01 b. +/- 39.72 % || Ela(th) ave= 2.314E+01 b. +/- 37.50 % || RIcap ave= 1.84E+01 b. +/- 36.67 % || Macs30 ave= 9.34E-03 b. +/- 3.11 % || Gn^0(l=0) ave= 2.149E+00 +/- 4.64 % Gn^0(l=1) ave= 4.024E+00 +/- 11.46 % Gn^0(l=2) ave= 0.000E+00 +/- 0.00 % Gn^0(l=3) ave= 0.000E+00 +/- 0.00 % || Gtotal(l=0) ave= 1.186E+03 +/- 3.60 % Gtotal(l=1) ave= 3.297E+02 +/- 0.70 % Gtotal(l=2) ave= 0.000E+00 +/- 0.00 % Gtotal(l=3) ave= 0.000E+00 +/- 0.00 %  % || Gg(l=0) ave= 5.892E-01 +/- 4.19 % Gg(l=1) ave= 6.399E-01 +/- 0.99 % Gg(l=2) ave= 0.000E+00 +/- 0.00 % Gg(l=3) ave= 0.000E+00 +/- 0.00 %  % || D(l=0) ave= 2.941E+04 +/- 0.00 % D(l=1) ave= 4.951E+03 +/- 0.00 % D(l=2) ave= 0.000E+00 +/- 0.00 % D(l=3) ave= 0.000E+00 +/- 0.00 %  % || S(l=0) ave= 3.498E-05 +/- 3.87 % S(l=1) ave= 1.691E-04 +/- 11.36 % S(l=2) ave= 0.000E+00 +/- 0.00 % S(l=3) ave= 0.000E+00 +/- 0.00 % 
 ... random file  50 Cap(th)  ave= 4.669E+01 b. +/- 39.65 % || Ela(th) ave= 2.305E+01 b. +/- 37.36 % || RIcap ave= 1.84E+01 b. +/- 36.58 % || Macs30 ave= 9.34E-03 b. +/- 3.08 % || Gn^0(l=0) ave= 2.147E+00 +/- 4.64 % Gn^0(l=1) ave= 4.020E+00 +/- 11.38 % Gn^0(l=2) ave= 0.000E+00 +/- 0.00 % Gn^0(l=3) ave= 0.000E+00 +/- 0.00 % || Gtotal(l=0) ave= 1.185E+03 +/- 3.60 % Gtotal(l=1) ave= 3.297E+02 +/- 0.69 % Gtotal(l=2) ave= 0.000E+00 +/- 0.00 % Gtotal(l=3) ave= 0.000E+00 +/- 0.00 %  % || Gg(l=0) ave= 5.883E-01 +/- 4.28 % Gg(l=1) ave= 6.399E-01 +/- 0.98 % Gg(l=2) ave= 0.000E+00 +/- 0.00 % Gg(l=3) ave= 0.000E+00 +/- 0.00 %  % || D(l=0) ave= 2.941E+04 +/- 0.00 % D(l=1) ave= 4.951E+03 +/- 0.00 % D(l=2) ave= 0.000E+00 +/- 0.00 % D(l=3) ave= 0.000E+00 +/- 0.00 %  % || S(l=0) ave= 3.496E-05 +/- 3.87 % S(l=1) ave= 1.690E-04 +/- 11.28 % S(l=2) ave= 0.000E+00 +/- 0.00 % S(l=3) ave= 0.000E+00 +/- 0.00 % 
 ... random file  51 Cap(th)  ave= 4.700E+01 b. +/- 39.29 % || Ela(th) ave= 2.318E+01 b. +/- 37.01 % || RIcap ave= 1.85E+01 b. +/- 36.28 % || Macs30 ave= 9.34E-03 b. +/- 3.05 % || Gn^0(l=0) ave= 2.146E+00 +/- 4.62 % Gn^0(l=1) ave= 4.024E+00 +/- 11.27 % Gn^0(l=2) ave= 0.000E+00 +/- 0.00 % Gn^0(l=3) ave= 0.000E+00 +/- 0.00 % || Gtotal(l=0) ave= 1.185E+03 +/- 3.58 % Gtotal(l=1) ave= 3.298E+02 +/- 0.69 % Gtotal(l=2) ave= 0.000E+00 +/- 0.00 % Gtotal(l=3) ave= 0.000E+00 +/- 0.00 %  % || Gg(l=0) ave= 5.881E-01 +/- 4.25 % Gg(l=1) ave= 6.398E-01 +/- 0.98 % Gg(l=2) ave= 0.000E+00 +/- 0.00 % Gg(l=3) ave= 0.000E+00 +/- 0.00 %  % || D(l=0) ave= 2.941E+04 +/- 0.00 % D(l=1) ave= 4.951E+03 +/- 0.00 % D(l=2) ave= 0.000E+00 +/- 0.00 % D(l=3) ave= 0.000E+00 +/- 0.00 %  % || S(l=0) ave= 3.494E-05 +/- 3.85 % S(l=1) ave= 1.692E-04 +/- 11.18 % S(l=2) ave= 0.000E+00 +/- 0.00 % S(l=3) ave= 0.000E+00 +/- 0.00 % 
 ... random file  52 Cap(th)  ave= 4.665E+01 b. +/- 39.60 % || Ela(th) ave= 2.300E+01 b. +/- 37.40 % || RIcap ave= 1.83E+01 b. +/- 36.55 % || Macs30 ave= 9.34E-03 b. +/- 3.03 % || Gn^0(l=0) ave= 2.145E+00 +/- 4.59 % Gn^0(l=1) ave= 4.038E+00 +/- 11.42 % Gn^0(l=2) ave= 0.000E+00 +/- 0.00 % Gn^0(l=3) ave= 0.000E+00 +/- 0.00 % || Gtotal(l=0) ave= 1.184E+03 +/- 3.56 % Gtotal(l=1) ave= 3.297E+02 +/- 0.70 % Gtotal(l=2) ave= 0.000E+00 +/- 0.00 % Gtotal(l=3) ave= 0.000E+00 +/- 0.00 %  % || Gg(l=0) ave= 5.878E-01 +/- 4.23 % Gg(l=1) ave= 6.398E-01 +/- 0.97 % Gg(l=2) ave= 0.000E+00 +/- 0.00 % Gg(l=3) ave= 0.000E+00 +/- 0.00 %  % || D(l=0) ave= 2.941E+04 +/- 0.00 % D(l=1) ave= 4.951E+03 +/- 0.00 % D(l=2) ave= 0.000E+00 +/- 0.00 % D(l=3) ave= 0.000E+00 +/- 0.00 %  % || S(l=0) ave= 3.493E-05 +/- 3.82 % S(l=1) ave= 1.698E-04 +/- 11.32 % S(l=2) ave= 0.000E+00 +/- 0.00 % S(l=3) ave= 0.000E+00 +/- 0.00 % 
 ... random file  53 Cap(th)  ave= 4.663E+01 b. +/- 39.24 % || Ela(th) ave= 2.298E+01 b. +/- 37.07 % || RIcap ave= 1.83E+01 b. +/- 36.22 % || Macs30 ave= 9.34E-03 b. +/- 3.01 % || Gn^0(l=0) ave= 2.148E+00 +/- 4.70 % Gn^0(l=1) ave= 4.044E+00 +/- 11.35 % Gn^0(l=2) ave= 0.000E+00 +/- 0.00 % Gn^0(l=3) ave= 0.000E+00 +/- 0.00 % || Gtotal(l=0) ave= 1.186E+03 +/- 3.64 % Gtotal(l=1) ave= 3.297E+02 +/- 0.69 % Gtotal(l=2) ave= 0.000E+00 +/- 0.00 % Gtotal(l=3) ave= 0.000E+00 +/- 0.00 %  % || Gg(l=0) ave= 5.881E-01 +/- 4.20 % Gg(l=1) ave= 6.400E-01 +/- 0.99 % Gg(l=2) ave= 0.000E+00 +/- 0.00 % Gg(l=3) ave= 0.000E+00 +/- 0.00 %  % || D(l=0) ave= 2.941E+04 +/- 0.00 % D(l=1) ave= 4.951E+03 +/- 0.00 % D(l=2) ave= 0.000E+00 +/- 0.00 % D(l=3) ave= 0.000E+00 +/- 0.00 %  % || S(l=0) ave= 3.497E-05 +/- 3.91 % S(l=1) ave= 1.700E-04 +/- 11.25 % S(l=2) ave= 0.000E+00 +/- 0.00 % S(l=3) ave= 0.000E+00 +/- 0.00 % 
 ... random file  54 Cap(th)  ave= 4.653E+01 b. +/- 39.01 % || Ela(th) ave= 2.293E+01 b. +/- 36.87 % || RIcap ave= 1.83E+01 b. +/- 36.00 % || Macs30 ave= 9.34E-03 b. +/- 2.99 % || Gn^0(l=0) ave= 2.146E+00 +/- 4.72 % Gn^0(l=1) ave= 4.049E+00 +/- 11.27 % Gn^0(l=2) ave= 0.000E+00 +/- 0.00 % Gn^0(l=3) ave= 0.000E+00 +/- 0.00 % || Gtotal(l=0) ave= 1.185E+03 +/- 3.66 % Gtotal(l=1) ave= 3.297E+02 +/- 0.68 % Gtotal(l=2) ave= 0.000E+00 +/- 0.00 % Gtotal(l=3) ave= 0.000E+00 +/- 0.00 %  % || Gg(l=0) ave= 5.880E-01 +/- 4.17 % Gg(l=1) ave= 6.400E-01 +/- 0.98 % Gg(l=2) ave= 0.000E+00 +/- 0.00 % Gg(l=3) ave= 0.000E+00 +/- 0.00 %  % || D(l=0) ave= 2.941E+04 +/- 0.00 % D(l=1) ave= 4.951E+03 +/- 0.00 % D(l=2) ave= 0.000E+00 +/- 0.00 % D(l=3) ave= 0.000E+00 +/- 0.00 %  % || S(l=0) ave= 3.494E-05 +/- 3.94 % S(l=1) ave= 1.702E-04 +/- 11.17 % S(l=2) ave= 0.000E+00 +/- 0.00 % S(l=3) ave= 0.000E+00 +/- 0.00 % 
 ... random file  55 Cap(th)  ave= 4.654E+01 b. +/- 38.65 % || Ela(th) ave= 2.293E+01 b. +/- 36.54 % || RIcap ave= 1.83E+01 b. +/- 35.66 % || Macs30 ave= 9.34E-03 b. +/- 2.97 % || Gn^0(l=0) ave= 2.146E+00 +/- 4.68 % Gn^0(l=1) ave= 4.046E+00 +/- 11.19 % Gn^0(l=2) ave= 0.000E+00 +/- 0.00 % Gn^0(l=3) ave= 0.000E+00 +/- 0.00 % || Gtotal(l=0) ave= 1.185E+03 +/- 3.63 % Gtotal(l=1) ave= 3.297E+02 +/- 0.68 % Gtotal(l=2) ave= 0.000E+00 +/- 0.00 % Gtotal(l=3) ave= 0.000E+00 +/- 0.00 %  % || Gg(l=0) ave= 5.877E-01 +/- 4.15 % Gg(l=1) ave= 6.404E-01 +/- 1.04 % Gg(l=2) ave= 0.000E+00 +/- 0.00 % Gg(l=3) ave= 0.000E+00 +/- 0.00 %  % || D(l=0) ave= 2.941E+04 +/- 0.00 % D(l=1) ave= 4.951E+03 +/- 0.00 % D(l=2) ave= 0.000E+00 +/- 0.00 % D(l=3) ave= 0.000E+00 +/- 0.00 %  % || S(l=0) ave= 3.494E-05 +/- 3.91 % S(l=1) ave= 1.701E-04 +/- 11.08 % S(l=2) ave= 0.000E+00 +/- 0.00 % S(l=3) ave= 0.000E+00 +/- 0.00 % 
 ... random file  56 Cap(th)  ave= 4.636E+01 b. +/- 38.57 % || Ela(th) ave= 2.287E+01 b. +/- 36.37 % || RIcap ave= 1.82E+01 b. +/- 35.57 % || Macs30 ave= 9.34E-03 b. +/- 2.95 % || Gn^0(l=0) ave= 2.146E+00 +/- 4.64 % Gn^0(l=1) ave= 4.034E+00 +/- 11.34 % Gn^0(l=2) ave= 0.000E+00 +/- 0.00 % Gn^0(l=3) ave= 0.000E+00 +/- 0.00 % || Gtotal(l=0) ave= 1.185E+03 +/- 3.60 % Gtotal(l=1) ave= 3.297E+02 +/- 0.69 % Gtotal(l=2) ave= 0.000E+00 +/- 0.00 % Gtotal(l=3) ave= 0.000E+00 +/- 0.00 %  % || Gg(l=0) ave= 5.881E-01 +/- 4.13 % Gg(l=1) ave= 6.403E-01 +/- 1.03 % Gg(l=2) ave= 0.000E+00 +/- 0.00 % Gg(l=3) ave= 0.000E+00 +/- 0.00 %  % || D(l=0) ave= 2.941E+04 +/- 0.00 % D(l=1) ave= 4.951E+03 +/- 0.00 % D(l=2) ave= 0.000E+00 +/- 0.00 % D(l=3) ave= 0.000E+00 +/- 0.00 %  % || S(l=0) ave= 3.494E-05 +/- 3.87 % S(l=1) ave= 1.696E-04 +/- 11.23 % S(l=2) ave= 0.000E+00 +/- 0.00 % S(l=3) ave= 0.000E+00 +/- 0.00 % 
 ... random file  57 Cap(th)  ave= 4.618E+01 b. +/- 38.50 % || Ela(th) ave= 2.278E+01 b. +/- 36.28 % || RIcap ave= 1.82E+01 b. +/- 35.50 % || Macs30 ave= 9.34E-03 b. +/- 2.93 % || Gn^0(l=0) ave= 2.144E+00 +/- 4.66 % Gn^0(l=1) ave= 4.036E+00 +/- 11.24 % Gn^0(l=2) ave= 0.000E+00 +/- 0.00 % Gn^0(l=3) ave= 0.000E+00 +/- 0.00 % || Gtotal(l=0) ave= 1.184E+03 +/- 3.61 % Gtotal(l=1) ave= 3.296E+02 +/- 0.68 % Gtotal(l=2) ave= 0.000E+00 +/- 0.00 % Gtotal(l=3) ave= 0.000E+00 +/- 0.00 %  % || Gg(l=0) ave= 5.887E-01 +/- 4.16 % Gg(l=1) ave= 6.402E-01 +/- 1.03 % Gg(l=2) ave= 0.000E+00 +/- 0.00 % Gg(l=3) ave= 0.000E+00 +/- 0.00 %  % || D(l=0) ave= 2.941E+04 +/- 0.00 % D(l=1) ave= 4.951E+03 +/- 0.00 % D(l=2) ave= 0.000E+00 +/- 0.00 % D(l=3) ave= 0.000E+00 +/- 0.00 %  % || S(l=0) ave= 3.492E-05 +/- 3.88 % S(l=1) ave= 1.697E-04 +/- 11.13 % S(l=2) ave= 0.000E+00 +/- 0.00 % S(l=3) ave= 0.000E+00 +/- 0.00 % 
 ... random file  58 Cap(th)  ave= 4.737E+01 b. +/- 41.83 % || Ela(th) ave= 2.331E+01 b. +/- 39.09 % || RIcap ave= 1.86E+01 b. +/- 38.58 % || Macs30 ave= 9.35E-03 b. +/- 2.96 % || Gn^0(l=0) ave= 2.145E+00 +/- 4.63 % Gn^0(l=1) ave= 4.039E+00 +/- 11.15 % Gn^0(l=2) ave= 0.000E+00 +/- 0.00 % Gn^0(l=3) ave= 0.000E+00 +/- 0.00 % || Gtotal(l=0) ave= 1.184E+03 +/- 3.59 % Gtotal(l=1) ave= 3.297E+02 +/- 0.68 % Gtotal(l=2) ave= 0.000E+00 +/- 0.00 % Gtotal(l=3) ave= 0.000E+00 +/- 0.00 %  % || Gg(l=0) ave= 5.890E-01 +/- 4.14 % Gg(l=1) ave= 6.402E-01 +/- 1.02 % Gg(l=2) ave= 0.000E+00 +/- 0.00 % Gg(l=3) ave= 0.000E+00 +/- 0.00 %  % || D(l=0) ave= 2.941E+04 +/- 0.00 % D(l=1) ave= 4.951E+03 +/- 0.00 % D(l=2) ave= 0.000E+00 +/- 0.00 % D(l=3) ave= 0.000E+00 +/- 0.00 %  % || S(l=0) ave= 3.493E-05 +/- 3.86 % S(l=1) ave= 1.699E-04 +/- 11.05 % S(l=2) ave= 0.000E+00 +/- 0.00 % S(l=3) ave= 0.000E+00 +/- 0.00 % 
 ... random file  59 Cap(th)  ave= 4.770E+01 b. +/- 41.54 % || Ela(th) ave= 2.342E+01 b. +/- 38.76 % || RIcap ave= 1.87E+01 b. +/- 38.33 % || Macs30 ave= 9.35E-03 b. +/- 2.95 % || Gn^0(l=0) ave= 2.143E+00 +/- 4.63 % Gn^0(l=1) ave= 4.051E+00 +/- 11.26 % Gn^0(l=2) ave= 0.000E+00 +/- 0.00 % Gn^0(l=3) ave= 0.000E+00 +/- 0.00 % || Gtotal(l=0) ave= 1.184E+03 +/- 3.58 % Gtotal(l=1) ave= 3.297E+02 +/- 0.68 % Gtotal(l=2) ave= 0.000E+00 +/- 0.00 % Gtotal(l=3) ave= 0.000E+00 +/- 0.00 %  % || Gg(l=0) ave= 5.892E-01 +/- 4.11 % Gg(l=1) ave= 6.403E-01 +/- 1.01 % Gg(l=2) ave= 0.000E+00 +/- 0.00 % Gg(l=3) ave= 0.000E+00 +/- 0.00 %  % || D(l=0) ave= 2.941E+04 +/- 0.00 % D(l=1) ave= 4.951E+03 +/- 0.00 % D(l=2) ave= 0.000E+00 +/- 0.00 % D(l=3) ave= 0.000E+00 +/- 0.00 %  % || S(l=0) ave= 3.491E-05 +/- 3.85 % S(l=1) ave= 1.704E-04 +/- 11.16 % S(l=2) ave= 0.000E+00 +/- 0.00 % S(l=3) ave= 0.000E+00 +/- 0.00 % 
 ... random file  60 Cap(th)  ave= 4.772E+01 b. +/- 41.18 % || Ela(th) ave= 2.344E+01 b. +/- 38.41 % || RIcap ave= 1.87E+01 b. +/- 38.00 % || Macs30 ave= 9.35E-03 b. +/- 2.92 % || Gn^0(l=0) ave= 2.145E+00 +/- 4.64 % Gn^0(l=1) ave= 4.043E+00 +/- 11.30 % Gn^0(l=2) ave= 0.000E+00 +/- 0.00 % Gn^0(l=3) ave= 0.000E+00 +/- 0.00 % || Gtotal(l=0) ave= 1.185E+03 +/- 3.60 % Gtotal(l=1) ave= 3.297E+02 +/- 0.68 % Gtotal(l=2) ave= 0.000E+00 +/- 0.00 % Gtotal(l=3) ave= 0.000E+00 +/- 0.00 %  % || Gg(l=0) ave= 5.887E-01 +/- 4.14 % Gg(l=1) ave= 6.402E-01 +/- 1.00 % Gg(l=2) ave= 0.000E+00 +/- 0.00 % Gg(l=3) ave= 0.000E+00 +/- 0.00 %  % || D(l=0) ave= 2.941E+04 +/- 0.00 % D(l=1) ave= 4.951E+03 +/- 0.00 % D(l=2) ave= 0.000E+00 +/- 0.00 % D(l=3) ave= 0.000E+00 +/- 0.00 %  % || S(l=0) ave= 3.494E-05 +/- 3.87 % S(l=1) ave= 1.700E-04 +/- 11.19 % S(l=2) ave= 0.000E+00 +/- 0.00 % S(l=3) ave= 0.000E+00 +/- 0.00 % 
 ... random file  61 Cap(th)  ave= 4.759E+01 b. +/- 41.01 % || Ela(th) ave= 2.335E+01 b. +/- 38.38 % || RIcap ave= 1.87E+01 b. +/- 37.83 % || Macs30 ave= 9.34E-03 b. +/- 2.93 % || Gn^0(l=0) ave= 2.143E+00 +/- 4.72 % Gn^0(l=1) ave= 4.065E+00 +/- 11.88 % Gn^0(l=2) ave= 0.000E+00 +/- 0.00 % Gn^0(l=3) ave= 0.000E+00 +/- 0.00 % || Gtotal(l=0) ave= 1.183E+03 +/- 3.66 % Gtotal(l=1) ave= 3.297E+02 +/- 0.67 % Gtotal(l=2) ave= 0.000E+00 +/- 0.00 % Gtotal(l=3) ave= 0.000E+00 +/- 0.00 %  % || Gg(l=0) ave= 5.891E-01 +/- 4.14 % Gg(l=1) ave= 6.403E-01 +/- 1.00 % Gg(l=2) ave= 0.000E+00 +/- 0.00 % Gg(l=3) ave= 0.000E+00 +/- 0.00 %  % || D(l=0) ave= 2.941E+04 +/- 0.00 % D(l=1) ave= 4.951E+03 +/- 0.00 % D(l=2) ave= 0.000E+00 +/- 0.00 % D(l=3) ave= 0.000E+00 +/- 0.00 %  % || S(l=0) ave= 3.490E-05 +/- 3.93 % S(l=1) ave= 1.709E-04 +/- 11.77 % S(l=2) ave= 0.000E+00 +/- 0.00 % S(l=3) ave= 0.000E+00 +/- 0.00 % 
 ... random file  62 Cap(th)  ave= 4.729E+01 b. +/- 41.25 % || Ela(th) ave= 2.319E+01 b. +/- 38.69 % || RIcap ave= 1.86E+01 b. +/- 38.05 % || Macs30 ave= 9.34E-03 b. +/- 2.91 % || Gn^0(l=0) ave= 2.141E+00 +/- 4.75 % Gn^0(l=1) ave= 4.085E+00 +/- 12.34 % Gn^0(l=2) ave= 0.000E+00 +/- 0.00 % Gn^0(l=3) ave= 0.000E+00 +/- 0.00 % || Gtotal(l=0) ave= 1.182E+03 +/- 3.68 % Gtotal(l=1) ave= 3.297E+02 +/- 0.67 % Gtotal(l=2) ave= 0.000E+00 +/- 0.00 % Gtotal(l=3) ave= 0.000E+00 +/- 0.00 %  % || Gg(l=0) ave= 5.887E-01 +/- 4.14 % Gg(l=1) ave= 6.402E-01 +/- 0.99 % Gg(l=2) ave= 0.000E+00 +/- 0.00 % Gg(l=3) ave= 0.000E+00 +/- 0.00 %  % || D(l=0) ave= 2.941E+04 +/- 0.00 % D(l=1) ave= 4.951E+03 +/- 0.00 % D(l=2) ave= 0.000E+00 +/- 0.00 % D(l=3) ave= 0.000E+00 +/- 0.00 %  % || S(l=0) ave= 3.487E-05 +/- 3.95 % S(l=1) ave= 1.717E-04 +/- 12.21 % S(l=2) ave= 0.000E+00 +/- 0.00 % S(l=3) ave= 0.000E+00 +/- 0.00 % 
 ... random file  63 Cap(th)  ave= 4.712E+01 b. +/- 41.18 % || Ela(th) ave= 2.311E+01 b. +/- 38.63 % || RIcap ave= 1.85E+01 b. +/- 37.98 % || Macs30 ave= 9.34E-03 b. +/- 2.96 % || Gn^0(l=0) ave= 2.140E+00 +/- 4.71 % Gn^0(l=1) ave= 4.087E+00 +/- 12.25 % Gn^0(l=2) ave= 0.000E+00 +/- 0.00 % Gn^0(l=3) ave= 0.000E+00 +/- 0.00 % || Gtotal(l=0) ave= 1.182E+03 +/- 3.65 % Gtotal(l=1) ave= 3.297E+02 +/- 0.68 % Gtotal(l=2) ave= 0.000E+00 +/- 0.00 % Gtotal(l=3) ave= 0.000E+00 +/- 0.00 %  % || Gg(l=0) ave= 5.886E-01 +/- 4.11 % Gg(l=1) ave= 6.401E-01 +/- 0.99 % Gg(l=2) ave= 0.000E+00 +/- 0.00 % Gg(l=3) ave= 0.000E+00 +/- 0.00 %  % || D(l=0) ave= 2.941E+04 +/- 0.00 % D(l=1) ave= 4.951E+03 +/- 0.00 % D(l=2) ave= 0.000E+00 +/- 0.00 % D(l=3) ave= 0.000E+00 +/- 0.00 %  % || S(l=0) ave= 3.487E-05 +/- 3.93 % S(l=1) ave= 1.719E-04 +/- 12.12 % S(l=2) ave= 0.000E+00 +/- 0.00 % S(l=3) ave= 0.000E+00 +/- 0.00 % 
 ... random file  64 Cap(th)  ave= 4.698E+01 b. +/- 41.05 % || Ela(th) ave= 2.309E+01 b. +/- 38.38 % || RIcap ave= 1.85E+01 b. +/- 37.85 % || Macs30 ave= 9.34E-03 b. +/- 2.93 % || Gn^0(l=0) ave= 2.140E+00 +/- 4.68 % Gn^0(l=1) ave= 4.070E+00 +/- 12.67 % Gn^0(l=2) ave= 0.000E+00 +/- 0.00 % Gn^0(l=3) ave= 0.000E+00 +/- 0.00 % || Gtotal(l=0) ave= 1.182E+03 +/- 3.62 % Gtotal(l=1) ave= 3.297E+02 +/- 0.68 % Gtotal(l=2) ave= 0.000E+00 +/- 0.00 % Gtotal(l=3) ave= 0.000E+00 +/- 0.00 %  % || Gg(l=0) ave= 5.884E-01 +/- 4.08 % Gg(l=1) ave= 6.400E-01 +/- 1.00 % Gg(l=2) ave= 0.000E+00 +/- 0.00 % Gg(l=3) ave= 0.000E+00 +/- 0.00 %  % || D(l=0) ave= 2.941E+04 +/- 0.00 % D(l=1) ave= 4.951E+03 +/- 0.00 % D(l=2) ave= 0.000E+00 +/- 0.00 % D(l=3) ave= 0.000E+00 +/- 0.00 %  % || S(l=0) ave= 3.487E-05 +/- 3.89 % S(l=1) ave= 1.711E-04 +/- 12.55 % S(l=2) ave= 0.000E+00 +/- 0.00 % S(l=3) ave= 0.000E+00 +/- 0.00 % 
 ... random file  65 Cap(th)  ave= 4.680E+01 b. +/- 41.00 % || Ela(th) ave= 2.301E+01 b. +/- 38.33 % || RIcap ave= 1.84E+01 b. +/- 37.80 % || Macs30 ave= 9.34E-03 b. +/- 2.92 % || Gn^0(l=0) ave= 2.140E+00 +/- 4.64 % Gn^0(l=1) ave= 4.067E+00 +/- 12.59 % Gn^0(l=2) ave= 0.000E+00 +/- 0.00 % Gn^0(l=3) ave= 0.000E+00 +/- 0.00 % || Gtotal(l=0) ave= 1.182E+03 +/- 3.60 % Gtotal(l=1) ave= 3.297E+02 +/- 0.68 % Gtotal(l=2) ave= 0.000E+00 +/- 0.00 % Gtotal(l=3) ave= 0.000E+00 +/- 0.00 %  % || Gg(l=0) ave= 5.882E-01 +/- 4.06 % Gg(l=1) ave= 6.400E-01 +/- 1.00 % Gg(l=2) ave= 0.000E+00 +/- 0.00 % Gg(l=3) ave= 0.000E+00 +/- 0.00 %  % || D(l=0) ave= 2.941E+04 +/- 0.00 % D(l=1) ave= 4.951E+03 +/- 0.00 % D(l=2) ave= 0.000E+00 +/- 0.00 % D(l=3) ave= 0.000E+00 +/- 0.00 %  % || S(l=0) ave= 3.486E-05 +/- 3.87 % S(l=1) ave= 1.710E-04 +/- 12.47 % S(l=2) ave= 0.000E+00 +/- 0.00 % S(l=3) ave= 0.000E+00 +/- 0.00 % 
 ... random file  66 Cap(th)  ave= 4.732E+01 b. +/- 41.23 % || Ela(th) ave= 2.323E+01 b. +/- 38.48 % || RIcap ave= 1.86E+01 b. +/- 38.05 % || Macs30 ave= 9.34E-03 b. +/- 2.90 % || Gn^0(l=0) ave= 2.140E+00 +/- 4.61 % Gn^0(l=1) ave= 4.068E+00 +/- 12.50 % Gn^0(l=2) ave= 0.000E+00 +/- 0.00 % Gn^0(l=3) ave= 0.000E+00 +/- 0.00 % || Gtotal(l=0) ave= 1.182E+03 +/- 3.57 % Gtotal(l=1) ave= 3.297E+02 +/- 0.68 % Gtotal(l=2) ave= 0.000E+00 +/- 0.00 % Gtotal(l=3) ave= 0.000E+00 +/- 0.00 %  % || Gg(l=0) ave= 5.883E-01 +/- 4.03 % Gg(l=1) ave= 6.401E-01 +/- 0.99 % Gg(l=2) ave= 0.000E+00 +/- 0.00 % Gg(l=3) ave= 0.000E+00 +/- 0.00 %  % || D(l=0) ave= 2.941E+04 +/- 0.00 % D(l=1) ave= 4.951E+03 +/- 0.00 % D(l=2) ave= 0.000E+00 +/- 0.00 % D(l=3) ave= 0.000E+00 +/- 0.00 %  % || S(l=0) ave= 3.487E-05 +/- 3.84 % S(l=1) ave= 1.711E-04 +/- 12.37 % S(l=2) ave= 0.000E+00 +/- 0.00 % S(l=3) ave= 0.000E+00 +/- 0.00 % 
 ... random file  67 Cap(th)  ave= 4.699E+01 b. +/- 41.65 % || Ela(th) ave= 2.308E+01 b. +/- 38.84 % || RIcap ave= 1.85E+01 b. +/- 38.43 % || Macs30 ave= 9.34E-03 b. +/- 2.88 % || Gn^0(l=0) ave= 2.140E+00 +/- 4.59 % Gn^0(l=1) ave= 4.070E+00 +/- 12.40 % Gn^0(l=2) ave= 0.000E+00 +/- 0.00 % Gn^0(l=3) ave= 0.000E+00 +/- 0.00 % || Gtotal(l=0) ave= 1.182E+03 +/- 3.56 % Gtotal(l=1) ave= 3.297E+02 +/- 0.67 % Gtotal(l=2) ave= 0.000E+00 +/- 0.00 % Gtotal(l=3) ave= 0.000E+00 +/- 0.00 %  % || Gg(l=0) ave= 5.881E-01 +/- 4.01 % Gg(l=1) ave= 6.401E-01 +/- 0.98 % Gg(l=2) ave= 0.000E+00 +/- 0.00 % Gg(l=3) ave= 0.000E+00 +/- 0.00 %  % || D(l=0) ave= 2.941E+04 +/- 0.00 % D(l=1) ave= 4.951E+03 +/- 0.00 % D(l=2) ave= 0.000E+00 +/- 0.00 % D(l=3) ave= 0.000E+00 +/- 0.00 %  % || S(l=0) ave= 3.486E-05 +/- 3.82 % S(l=1) ave= 1.711E-04 +/- 12.28 % S(l=2) ave= 0.000E+00 +/- 0.00 % S(l=3) ave= 0.000E+00 +/- 0.00 % 
 ... random file  68 Cap(th)  ave= 4.660E+01 b. +/- 42.23 % || Ela(th) ave= 2.291E+01 b. +/- 39.28 % || RIcap ave= 1.83E+01 b. +/- 38.97 % || Macs30 ave= 9.34E-03 b. +/- 2.86 % || Gn^0(l=0) ave= 2.140E+00 +/- 4.56 % Gn^0(l=1) ave= 4.067E+00 +/- 12.34 % Gn^0(l=2) ave= 0.000E+00 +/- 0.00 % Gn^0(l=3) ave= 0.000E+00 +/- 0.00 % || Gtotal(l=0) ave= 1.182E+03 +/- 3.53 % Gtotal(l=1) ave= 3.297E+02 +/- 0.68 % Gtotal(l=2) ave= 0.000E+00 +/- 0.00 % Gtotal(l=3) ave= 0.000E+00 +/- 0.00 %  % || Gg(l=0) ave= 5.878E-01 +/- 4.01 % Gg(l=1) ave= 6.400E-01 +/- 0.98 % Gg(l=2) ave= 0.000E+00 +/- 0.00 % Gg(l=3) ave= 0.000E+00 +/- 0.00 %  % || D(l=0) ave= 2.941E+04 +/- 0.00 % D(l=1) ave= 4.951E+03 +/- 0.00 % D(l=2) ave= 0.000E+00 +/- 0.00 % D(l=3) ave= 0.000E+00 +/- 0.00 %  % || S(l=0) ave= 3.486E-05 +/- 3.79 % S(l=1) ave= 1.710E-04 +/- 12.22 % S(l=2) ave= 0.000E+00 +/- 0.00 % S(l=3) ave= 0.000E+00 +/- 0.00 % 
 ... random file  69 Cap(th)  ave= 4.636E+01 b. +/- 42.36 % || Ela(th) ave= 2.282E+01 b. +/- 39.32 % || RIcap ave= 1.82E+01 b. +/- 39.08 % || Macs30 ave= 9.35E-03 b. +/- 2.87 % || Gn^0(l=0) ave= 2.140E+00 +/- 4.53 % Gn^0(l=1) ave= 4.057E+00 +/- 12.42 % Gn^0(l=2) ave= 0.000E+00 +/- 0.00 % Gn^0(l=3) ave= 0.000E+00 +/- 0.00 % || Gtotal(l=0) ave= 1.182E+03 +/- 3.51 % Gtotal(l=1) ave= 3.297E+02 +/- 0.68 % Gtotal(l=2) ave= 0.000E+00 +/- 0.00 % Gtotal(l=3) ave= 0.000E+00 +/- 0.00 %  % || Gg(l=0) ave= 5.878E-01 +/- 3.98 % Gg(l=1) ave= 6.399E-01 +/- 0.98 % Gg(l=2) ave= 0.000E+00 +/- 0.00 % Gg(l=3) ave= 0.000E+00 +/- 0.00 %  % || D(l=0) ave= 2.941E+04 +/- 0.00 % D(l=1) ave= 4.951E+03 +/- 0.00 % D(l=2) ave= 0.000E+00 +/- 0.00 % D(l=3) ave= 0.000E+00 +/- 0.00 %  % || S(l=0) ave= 3.487E-05 +/- 3.77 % S(l=1) ave= 1.706E-04 +/- 12.29 % S(l=2) ave= 0.000E+00 +/- 0.00 % S(l=3) ave= 0.000E+00 +/- 0.00 % 
 ... random file  70 Cap(th)  ave= 4.644E+01 b. +/- 42.01 % || Ela(th) ave= 2.285E+01 b. +/- 39.00 % || RIcap ave= 1.83E+01 b. +/- 38.76 % || Macs30 ave= 9.35E-03 b. +/- 2.93 % || Gn^0(l=0) ave= 2.139E+00 +/- 4.52 % Gn^0(l=1) ave= 4.057E+00 +/- 12.33 % Gn^0(l=2) ave= 0.000E+00 +/- 0.00 % Gn^0(l=3) ave= 0.000E+00 +/- 0.00 % || Gtotal(l=0) ave= 1.182E+03 +/- 3.51 % Gtotal(l=1) ave= 3.297E+02 +/- 0.67 % Gtotal(l=2) ave= 0.000E+00 +/- 0.00 % Gtotal(l=3) ave= 0.000E+00 +/- 0.00 %  % || Gg(l=0) ave= 5.873E-01 +/- 4.01 % Gg(l=1) ave= 6.400E-01 +/- 0.98 % Gg(l=2) ave= 0.000E+00 +/- 0.00 % Gg(l=3) ave= 0.000E+00 +/- 0.00 %  % || D(l=0) ave= 2.941E+04 +/- 0.00 % D(l=1) ave= 4.951E+03 +/- 0.00 % D(l=2) ave= 0.000E+00 +/- 0.00 % D(l=3) ave= 0.000E+00 +/- 0.00 %  % || S(l=0) ave= 3.485E-05 +/- 3.77 % S(l=1) ave= 1.706E-04 +/- 12.21 % S(l=2) ave= 0.000E+00 +/- 0.00 % S(l=3) ave= 0.000E+00 +/- 0.00 % 
 ... random file  71 Cap(th)  ave= 4.704E+01 b. +/- 42.57 % || Ela(th) ave= 2.311E+01 b. +/- 39.44 % || RIcap ave= 1.85E+01 b. +/- 39.31 % || Macs30 ave= 9.36E-03 b. +/- 2.93 % || Gn^0(l=0) ave= 2.138E+00 +/- 4.51 % Gn^0(l=1) ave= 4.059E+00 +/- 12.25 % Gn^0(l=2) ave= 0.000E+00 +/- 0.00 % Gn^0(l=3) ave= 0.000E+00 +/- 0.00 % || Gtotal(l=0) ave= 1.181E+03 +/- 3.50 % Gtotal(l=1) ave= 3.296E+02 +/- 0.67 % Gtotal(l=2) ave= 0.000E+00 +/- 0.00 % Gtotal(l=3) ave= 0.000E+00 +/- 0.00 %  % || Gg(l=0) ave= 5.877E-01 +/- 4.02 % Gg(l=1) ave= 6.399E-01 +/- 0.98 % Gg(l=2) ave= 0.000E+00 +/- 0.00 % Gg(l=3) ave= 0.000E+00 +/- 0.00 %  % || D(l=0) ave= 2.941E+04 +/- 0.00 % D(l=1) ave= 4.951E+03 +/- 0.00 % D(l=2) ave= 0.000E+00 +/- 0.00 % D(l=3) ave= 0.000E+00 +/- 0.00 %  % || S(l=0) ave= 3.484E-05 +/- 3.76 % S(l=1) ave= 1.707E-04 +/- 12.12 % S(l=2) ave= 0.000E+00 +/- 0.00 % S(l=3) ave= 0.000E+00 +/- 0.00 % 
 ... random file  72 Cap(th)  ave= 4.748E+01 b. +/- 42.60 % || Ela(th) ave= 2.332E+01 b. +/- 39.57 % || RIcap ave= 1.86E+01 b. +/- 39.36 % || Macs30 ave= 9.36E-03 b. +/- 2.95 % || Gn^0(l=0) ave= 2.138E+00 +/- 4.48 % Gn^0(l=1) ave= 4.050E+00 +/- 12.34 % Gn^0(l=2) ave= 0.000E+00 +/- 0.00 % Gn^0(l=3) ave= 0.000E+00 +/- 0.00 % || Gtotal(l=0) ave= 1.181E+03 +/- 3.48 % Gtotal(l=1) ave= 3.296E+02 +/- 0.67 % Gtotal(l=2) ave= 0.000E+00 +/- 0.00 % Gtotal(l=3) ave= 0.000E+00 +/- 0.00 %  % || Gg(l=0) ave= 5.875E-01 +/- 4.00 % Gg(l=1) ave= 6.401E-01 +/- 0.99 % Gg(l=2) ave= 0.000E+00 +/- 0.00 % Gg(l=3) ave= 0.000E+00 +/- 0.00 %  % || D(l=0) ave= 2.941E+04 +/- 0.00 % D(l=1) ave= 4.951E+03 +/- 0.00 % D(l=2) ave= 0.000E+00 +/- 0.00 % D(l=3) ave= 0.000E+00 +/- 0.00 %  % || S(l=0) ave= 3.483E-05 +/- 3.73 % S(l=1) ave= 1.703E-04 +/- 12.21 % S(l=2) ave= 0.000E+00 +/- 0.00 % S(l=3) ave= 0.000E+00 +/- 0.00 % 
 ... random file  73 Cap(th)  ave= 4.720E+01 b. +/- 42.84 % || Ela(th) ave= 2.322E+01 b. +/- 39.66 % || RIcap ave= 1.85E+01 b. +/- 39.58 % || Macs30 ave= 9.36E-03 b. +/- 2.94 % || Gn^0(l=0) ave= 2.137E+00 +/- 4.48 % Gn^0(l=1) ave= 4.037E+00 +/- 12.60 % Gn^0(l=2) ave= 0.000E+00 +/- 0.00 % Gn^0(l=3) ave= 0.000E+00 +/- 0.00 % || Gtotal(l=0) ave= 1.181E+03 +/- 3.47 % Gtotal(l=1) ave= 3.296E+02 +/- 0.67 % Gtotal(l=2) ave= 0.000E+00 +/- 0.00 % Gtotal(l=3) ave= 0.000E+00 +/- 0.00 %  % || Gg(l=0) ave= 5.876E-01 +/- 3.97 % Gg(l=1) ave= 6.401E-01 +/- 0.99 % Gg(l=2) ave= 0.000E+00 +/- 0.00 % Gg(l=3) ave= 0.000E+00 +/- 0.00 %  % || D(l=0) ave= 2.941E+04 +/- 0.00 % D(l=1) ave= 4.951E+03 +/- 0.00 % D(l=2) ave= 0.000E+00 +/- 0.00 % D(l=3) ave= 0.000E+00 +/- 0.00 %  % || S(l=0) ave= 3.482E-05 +/- 3.73 % S(l=1) ave= 1.698E-04 +/- 12.47 % S(l=2) ave= 0.000E+00 +/- 0.00 % S(l=3) ave= 0.000E+00 +/- 0.00 % 
 ... random file  74 Cap(th)  ave= 4.711E+01 b. +/- 42.68 % || Ela(th) ave= 2.318E+01 b. +/- 39.51 % || RIcap ave= 1.85E+01 b. +/- 39.42 % || Macs30 ave= 9.36E-03 b. +/- 2.92 % || Gn^0(l=0) ave= 2.142E+00 +/- 4.90 % Gn^0(l=1) ave= 4.037E+00 +/- 12.52 % Gn^0(l=2) ave= 0.000E+00 +/- 0.00 % Gn^0(l=3) ave= 0.000E+00 +/- 0.00 % || Gtotal(l=0) ave= 1.183E+03 +/- 3.79 % Gtotal(l=1) ave= 3.296E+02 +/- 0.67 % Gtotal(l=2) ave= 0.000E+00 +/- 0.00 % Gtotal(l=3) ave= 0.000E+00 +/- 0.00 %  % || Gg(l=0) ave= 5.878E-01 +/- 3.96 % Gg(l=1) ave= 6.402E-01 +/- 0.98 % Gg(l=2) ave= 0.000E+00 +/- 0.00 % Gg(l=3) ave= 0.000E+00 +/- 0.00 %  % || D(l=0) ave= 2.941E+04 +/- 0.00 % D(l=1) ave= 4.951E+03 +/- 0.00 % D(l=2) ave= 0.000E+00 +/- 0.00 % D(l=3) ave= 0.000E+00 +/- 0.00 %  % || S(l=0) ave= 3.489E-05 +/- 4.08 % S(l=1) ave= 1.698E-04 +/- 12.39 % S(l=2) ave= 0.000E+00 +/- 0.00 % S(l=3) ave= 0.000E+00 +/- 0.00 % 
 ... random file  75 Cap(th)  ave= 4.786E+01 b. +/- 43.89 % || Ela(th) ave= 2.352E+01 b. +/- 40.74 % || RIcap ave= 1.88E+01 b. +/- 40.55 % || Macs30 ave= 9.36E-03 b. +/- 2.90 % || Gn^0(l=0) ave= 2.142E+00 +/- 4.87 % Gn^0(l=1) ave= 4.033E+00 +/- 12.48 % Gn^0(l=2) ave= 0.000E+00 +/- 0.00 % Gn^0(l=3) ave= 0.000E+00 +/- 0.00 % || Gtotal(l=0) ave= 1.183E+03 +/- 3.77 % Gtotal(l=1) ave= 3.296E+02 +/- 0.67 % Gtotal(l=2) ave= 0.000E+00 +/- 0.00 % Gtotal(l=3) ave= 0.000E+00 +/- 0.00 %  % || Gg(l=0) ave= 5.881E-01 +/- 3.95 % Gg(l=1) ave= 6.402E-01 +/- 0.98 % Gg(l=2) ave= 0.000E+00 +/- 0.00 % Gg(l=3) ave= 0.000E+00 +/- 0.00 %  % || D(l=0) ave= 2.941E+04 +/- 0.00 % D(l=1) ave= 4.951E+03 +/- 0.00 % D(l=2) ave= 0.000E+00 +/- 0.00 % D(l=3) ave= 0.000E+00 +/- 0.00 %  % || S(l=0) ave= 3.489E-05 +/- 4.06 % S(l=1) ave= 1.696E-04 +/- 12.35 % S(l=2) ave= 0.000E+00 +/- 0.00 % S(l=3) ave= 0.000E+00 +/- 0.00 % 
 ... random file  76 Cap(th)  ave= 4.768E+01 b. +/- 43.89 % || Ela(th) ave= 2.343E+01 b. +/- 40.77 % || RIcap ave= 1.87E+01 b. +/- 40.54 % || Macs30 ave= 9.37E-03 b. +/- 2.91 % || Gn^0(l=0) ave= 2.141E+00 +/- 4.88 % Gn^0(l=1) ave= 4.040E+00 +/- 12.48 % Gn^0(l=2) ave= 0.000E+00 +/- 0.00 % Gn^0(l=3) ave= 0.000E+00 +/- 0.00 % || Gtotal(l=0) ave= 1.183E+03 +/- 3.77 % Gtotal(l=1) ave= 3.295E+02 +/- 0.67 % Gtotal(l=2) ave= 0.000E+00 +/- 0.00 % Gtotal(l=3) ave= 0.000E+00 +/- 0.00 %  % || Gg(l=0) ave= 5.877E-01 +/- 3.97 % Gg(l=1) ave= 6.403E-01 +/- 0.98 % Gg(l=2) ave= 0.000E+00 +/- 0.00 % Gg(l=3) ave= 0.000E+00 +/- 0.00 %  % || D(l=0) ave= 2.941E+04 +/- 0.00 % D(l=1) ave= 4.951E+03 +/- 0.00 % D(l=2) ave= 0.000E+00 +/- 0.00 % D(l=3) ave= 0.000E+00 +/- 0.00 %  % || S(l=0) ave= 3.487E-05 +/- 4.06 % S(l=1) ave= 1.699E-04 +/- 12.35 % S(l=2) ave= 0.000E+00 +/- 0.00 % S(l=3) ave= 0.000E+00 +/- 0.00 % 
 ... random file  77 Cap(th)  ave= 4.767E+01 b. +/- 43.62 % || Ela(th) ave= 2.344E+01 b. +/- 40.50 % || RIcap ave= 1.87E+01 b. +/- 40.29 % || Macs30 ave= 9.37E-03 b. +/- 2.89 % || Gn^0(l=0) ave= 2.140E+00 +/- 4.86 % Gn^0(l=1) ave= 4.036E+00 +/- 12.45 % Gn^0(l=2) ave= 0.000E+00 +/- 0.00 % Gn^0(l=3) ave= 0.000E+00 +/- 0.00 % || Gtotal(l=0) ave= 1.182E+03 +/- 3.76 % Gtotal(l=1) ave= 3.296E+02 +/- 0.67 % Gtotal(l=2) ave= 0.000E+00 +/- 0.00 % Gtotal(l=3) ave= 0.000E+00 +/- 0.00 %  % || Gg(l=0) ave= 5.873E-01 +/- 3.98 % Gg(l=1) ave= 6.404E-01 +/- 0.98 % Gg(l=2) ave= 0.000E+00 +/- 0.00 % Gg(l=3) ave= 0.000E+00 +/- 0.00 %  % || D(l=0) ave= 2.941E+04 +/- 0.00 % D(l=1) ave= 4.951E+03 +/- 0.00 % D(l=2) ave= 0.000E+00 +/- 0.00 % D(l=3) ave= 0.000E+00 +/- 0.00 %  % || S(l=0) ave= 3.486E-05 +/- 4.05 % S(l=1) ave= 1.698E-04 +/- 12.31 % S(l=2) ave= 0.000E+00 +/- 0.00 % S(l=3) ave= 0.000E+00 +/- 0.00 % 
 ... random file  78 Cap(th)  ave= 4.876E+01 b. +/- 46.76 % || Ela(th) ave= 2.393E+01 b. +/- 43.35 % || RIcap ave= 1.91E+01 b. +/- 43.18 % || Macs30 ave= 9.37E-03 b. +/- 2.87 % || Gn^0(l=0) ave= 2.139E+00 +/- 4.83 % Gn^0(l=1) ave= 4.045E+00 +/- 12.49 % Gn^0(l=2) ave= 0.000E+00 +/- 0.00 % Gn^0(l=3) ave= 0.000E+00 +/- 0.00 % || Gtotal(l=0) ave= 1.182E+03 +/- 3.74 % Gtotal(l=1) ave= 3.296E+02 +/- 0.67 % Gtotal(l=2) ave= 0.000E+00 +/- 0.00 % Gtotal(l=3) ave= 0.000E+00 +/- 0.00 %  % || Gg(l=0) ave= 5.878E-01 +/- 4.02 % Gg(l=1) ave= 6.403E-01 +/- 0.99 % Gg(l=2) ave= 0.000E+00 +/- 0.00 % Gg(l=3) ave= 0.000E+00 +/- 0.00 %  % || D(l=0) ave= 2.941E+04 +/- 0.00 % D(l=1) ave= 4.951E+03 +/- 0.00 % D(l=2) ave= 0.000E+00 +/- 0.00 % D(l=3) ave= 0.000E+00 +/- 0.00 %  % || S(l=0) ave= 3.485E-05 +/- 4.03 % S(l=1) ave= 1.702E-04 +/- 12.36 % S(l=2) ave= 0.000E+00 +/- 0.00 % S(l=3) ave= 0.000E+00 +/- 0.00 % 
 ... random file  79 Cap(th)  ave= 4.924E+01 b. +/- 46.83 % || Ela(th) ave= 2.411E+01 b. +/- 43.26 % || RIcap ave= 1.93E+01 b. +/- 43.28 % || Macs30 ave= 9.37E-03 b. +/- 2.85 % || Gn^0(l=0) ave= 2.138E+00 +/- 4.83 % Gn^0(l=1) ave= 4.066E+00 +/- 13.15 % Gn^0(l=2) ave= 0.000E+00 +/- 0.00 % Gn^0(l=3) ave= 0.000E+00 +/- 0.00 % || Gtotal(l=0) ave= 1.181E+03 +/- 3.74 % Gtotal(l=1) ave= 3.296E+02 +/- 0.67 % Gtotal(l=2) ave= 0.000E+00 +/- 0.00 % Gtotal(l=3) ave= 0.000E+00 +/- 0.00 %  % || Gg(l=0) ave= 5.879E-01 +/- 3.99 % Gg(l=1) ave= 6.403E-01 +/- 0.98 % Gg(l=2) ave= 0.000E+00 +/- 0.00 % Gg(l=3) ave= 0.000E+00 +/- 0.00 %  % || D(l=0) ave= 2.941E+04 +/- 0.00 % D(l=1) ave= 4.951E+03 +/- 0.00 % D(l=2) ave= 0.000E+00 +/- 0.00 % D(l=3) ave= 0.000E+00 +/- 0.00 %  % || S(l=0) ave= 3.484E-05 +/- 4.02 % S(l=1) ave= 1.710E-04 +/- 13.04 % S(l=2) ave= 0.000E+00 +/- 0.00 % S(l=3) ave= 0.000E+00 +/- 0.00 % 
 ... random file  80 Cap(th)  ave= 4.906E+01 b. +/- 46.83 % || Ela(th) ave= 2.402E+01 b. +/- 43.25 % || RIcap ave= 1.92E+01 b. +/- 43.27 % || Macs30 ave= 9.38E-03 b. +/- 2.92 % || Gn^0(l=0) ave= 2.142E+00 +/- 5.03 % Gn^0(l=1) ave= 4.065E+00 +/- 13.08 % Gn^0(l=2) ave= 0.000E+00 +/- 0.00 % Gn^0(l=3) ave= 0.000E+00 +/- 0.00 % || Gtotal(l=0) ave= 1.183E+03 +/- 3.90 % Gtotal(l=1) ave= 3.296E+02 +/- 0.67 % Gtotal(l=2) ave= 0.000E+00 +/- 0.00 % Gtotal(l=3) ave= 0.000E+00 +/- 0.00 %  % || Gg(l=0) ave= 5.877E-01 +/- 3.98 % Gg(l=1) ave= 6.403E-01 +/- 0.97 % Gg(l=2) ave= 0.000E+00 +/- 0.00 % Gg(l=3) ave= 0.000E+00 +/- 0.00 %  % || D(l=0) ave= 2.941E+04 +/- 0.00 % D(l=1) ave= 4.951E+03 +/- 0.00 % D(l=2) ave= 0.000E+00 +/- 0.00 % D(l=3) ave= 0.000E+00 +/- 0.00 %  % || S(l=0) ave= 3.489E-05 +/- 4.19 % S(l=1) ave= 1.710E-04 +/- 12.97 % S(l=2) ave= 0.000E+00 +/- 0.00 % S(l=3) ave= 0.000E+00 +/- 0.00 % 
 ... random file  81 Cap(th)  ave= 4.878E+01 b. +/- 47.08 % || Ela(th) ave= 2.390E+01 b. +/- 43.44 % || RIcap ave= 1.91E+01 b. +/- 43.49 % || Macs30 ave= 9.37E-03 b. +/- 2.91 % || Gn^0(l=0) ave= 2.143E+00 +/- 5.01 % Gn^0(l=1) ave= 4.063E+00 +/- 13.01 % Gn^0(l=2) ave= 0.000E+00 +/- 0.00 % Gn^0(l=3) ave= 0.000E+00 +/- 0.00 % || Gtotal(l=0) ave= 1.183E+03 +/- 3.88 % Gtotal(l=1) ave= 3.296E+02 +/- 0.67 % Gtotal(l=2) ave= 0.000E+00 +/- 0.00 % Gtotal(l=3) ave= 0.000E+00 +/- 0.00 %  % || Gg(l=0) ave= 5.878E-01 +/- 3.95 % Gg(l=1) ave= 6.404E-01 +/- 0.97 % Gg(l=2) ave= 0.000E+00 +/- 0.00 % Gg(l=3) ave= 0.000E+00 +/- 0.00 %  % || D(l=0) ave= 2.941E+04 +/- 0.00 % D(l=1) ave= 4.951E+03 +/- 0.00 % D(l=2) ave= 0.000E+00 +/- 0.00 % D(l=3) ave= 0.000E+00 +/- 0.00 %  % || S(l=0) ave= 3.490E-05 +/- 4.17 % S(l=1) ave= 1.709E-04 +/- 12.90 % S(l=2) ave= 0.000E+00 +/- 0.00 % S(l=3) ave= 0.000E+00 +/- 0.00 % 
 ... random file  82 Cap(th)  ave= 4.906E+01 b. +/- 46.82 % || Ela(th) ave= 2.403E+01 b. +/- 43.21 % || RIcap ave= 1.92E+01 b. +/- 43.27 % || Macs30 ave= 9.38E-03 b. +/- 2.90 % || Gn^0(l=0) ave= 2.143E+00 +/- 4.98 % Gn^0(l=1) ave= 4.066E+00 +/- 12.93 % Gn^0(l=2) ave= 0.000E+00 +/- 0.00 % Gn^0(l=3) ave= 0.000E+00 +/- 0.00 % || Gtotal(l=0) ave= 1.183E+03 +/- 3.86 % Gtotal(l=1) ave= 3.296E+02 +/- 0.67 % Gtotal(l=2) ave= 0.000E+00 +/- 0.00 % Gtotal(l=3) ave= 0.000E+00 +/- 0.00 %  % || Gg(l=0) ave= 5.877E-01 +/- 3.94 % Gg(l=1) ave= 6.404E-01 +/- 0.97 % Gg(l=2) ave= 0.000E+00 +/- 0.00 % Gg(l=3) ave= 0.000E+00 +/- 0.00 %  % || D(l=0) ave= 2.941E+04 +/- 0.00 % D(l=1) ave= 4.951E+03 +/- 0.00 % D(l=2) ave= 0.000E+00 +/- 0.00 % D(l=3) ave= 0.000E+00 +/- 0.00 %  % || S(l=0) ave= 3.490E-05 +/- 4.15 % S(l=1) ave= 1.710E-04 +/- 12.83 % S(l=2) ave= 0.000E+00 +/- 0.00 % S(l=3) ave= 0.000E+00 +/- 0.00 % 
 ... random file  83 Cap(th)  ave= 4.928E+01 b. +/- 46.50 % || Ela(th) ave= 2.413E+01 b. +/- 42.95 % || RIcap ave= 1.93E+01 b. +/- 42.99 % || Macs30 ave= 9.38E-03 b. +/- 2.88 % || Gn^0(l=0) ave= 2.142E+00 +/- 4.97 % Gn^0(l=1) ave= 4.061E+00 +/- 12.91 % Gn^0(l=2) ave= 0.000E+00 +/- 0.00 % Gn^0(l=3) ave= 0.000E+00 +/- 0.00 % || Gtotal(l=0) ave= 1.183E+03 +/- 3.85 % Gtotal(l=1) ave= 3.296E+02 +/- 0.68 % Gtotal(l=2) ave= 0.000E+00 +/- 0.00 % Gtotal(l=3) ave= 0.000E+00 +/- 0.00 %  % || Gg(l=0) ave= 5.872E-01 +/- 3.99 % Gg(l=1) ave= 6.404E-01 +/- 0.96 % Gg(l=2) ave= 0.000E+00 +/- 0.00 % Gg(l=3) ave= 0.000E+00 +/- 0.00 %  % || D(l=0) ave= 2.941E+04 +/- 0.00 % D(l=1) ave= 4.951E+03 +/- 0.00 % D(l=2) ave= 0.000E+00 +/- 0.00 % D(l=3) ave= 0.000E+00 +/- 0.00 %  % || S(l=0) ave= 3.489E-05 +/- 4.13 % S(l=1) ave= 1.708E-04 +/- 12.81 % S(l=2) ave= 0.000E+00 +/- 0.00 % S(l=3) ave= 0.000E+00 +/- 0.00 % 
 ... random file  84 Cap(th)  ave= 4.921E+01 b. +/- 46.30 % || Ela(th) ave= 2.410E+01 b. +/- 42.77 % || RIcap ave= 1.93E+01 b. +/- 42.80 % || Macs30 ave= 9.38E-03 b. +/- 2.87 % || Gn^0(l=0) ave= 2.142E+00 +/- 4.94 % Gn^0(l=1) ave= 4.065E+00 +/- 12.85 % Gn^0(l=2) ave= 0.000E+00 +/- 0.00 % Gn^0(l=3) ave= 0.000E+00 +/- 0.00 % || Gtotal(l=0) ave= 1.183E+03 +/- 3.83 % Gtotal(l=1) ave= 3.296E+02 +/- 0.68 % Gtotal(l=2) ave= 0.000E+00 +/- 0.00 % Gtotal(l=3) ave= 0.000E+00 +/- 0.00 %  % || Gg(l=0) ave= 5.871E-01 +/- 3.97 % Gg(l=1) ave= 6.403E-01 +/- 0.96 % Gg(l=2) ave= 0.000E+00 +/- 0.00 % Gg(l=3) ave= 0.000E+00 +/- 0.00 %  % || D(l=0) ave= 2.941E+04 +/- 0.00 % D(l=1) ave= 4.951E+03 +/- 0.00 % D(l=2) ave= 0.000E+00 +/- 0.00 % D(l=3) ave= 0.000E+00 +/- 0.00 %  % || S(l=0) ave= 3.488E-05 +/- 4.11 % S(l=1) ave= 1.710E-04 +/- 12.74 % S(l=2) ave= 0.000E+00 +/- 0.00 % S(l=3) ave= 0.000E+00 +/- 0.00 % 
 ... random file  85 Cap(th)  ave= 4.976E+01 b. +/- 46.64 % || Ela(th) ave= 2.434E+01 b. +/- 43.10 % || RIcap ave= 1.95E+01 b. +/- 43.14 % || Macs30 ave= 9.38E-03 b. +/- 2.86 % || Gn^0(l=0) ave= 2.140E+00 +/- 4.93 % Gn^0(l=1) ave= 4.063E+00 +/- 12.78 % Gn^0(l=2) ave= 0.000E+00 +/- 0.00 % Gn^0(l=3) ave= 0.000E+00 +/- 0.00 % || Gtotal(l=0) ave= 1.182E+03 +/- 3.82 % Gtotal(l=1) ave= 3.296E+02 +/- 0.67 % Gtotal(l=2) ave= 0.000E+00 +/- 0.00 % Gtotal(l=3) ave= 0.000E+00 +/- 0.00 %  % || Gg(l=0) ave= 5.871E-01 +/- 3.95 % Gg(l=1) ave= 6.404E-01 +/- 0.96 % Gg(l=2) ave= 0.000E+00 +/- 0.00 % Gg(l=3) ave= 0.000E+00 +/- 0.00 %  % || D(l=0) ave= 2.941E+04 +/- 0.00 % D(l=1) ave= 4.951E+03 +/- 0.00 % D(l=2) ave= 0.000E+00 +/- 0.00 % D(l=3) ave= 0.000E+00 +/- 0.00 %  % || S(l=0) ave= 3.487E-05 +/- 4.11 % S(l=1) ave= 1.709E-04 +/- 12.68 % S(l=2) ave= 0.000E+00 +/- 0.00 % S(l=3) ave= 0.000E+00 +/- 0.00 % 
 ... random file  86 Cap(th)  ave= 4.992E+01 b. +/- 46.32 % || Ela(th) ave= 2.442E+01 b. +/- 42.82 % || RIcap ave= 1.95E+01 b. +/- 42.85 % || Macs30 ave= 9.38E-03 b. +/- 2.86 % || Gn^0(l=0) ave= 2.141E+00 +/- 4.91 % Gn^0(l=1) ave= 4.061E+00 +/- 12.72 % Gn^0(l=2) ave= 0.000E+00 +/- 0.00 % Gn^0(l=3) ave= 0.000E+00 +/- 0.00 % || Gtotal(l=0) ave= 1.182E+03 +/- 3.80 % Gtotal(l=1) ave= 3.295E+02 +/- 0.67 % Gtotal(l=2) ave= 0.000E+00 +/- 0.00 % Gtotal(l=3) ave= 0.000E+00 +/- 0.00 %  % || Gg(l=0) ave= 5.870E-01 +/- 3.93 % Gg(l=1) ave= 6.403E-01 +/- 0.95 % Gg(l=2) ave= 0.000E+00 +/- 0.00 % Gg(l=3) ave= 0.000E+00 +/- 0.00 %  % || D(l=0) ave= 2.941E+04 +/- 0.00 % D(l=1) ave= 4.951E+03 +/- 0.00 % D(l=2) ave= 0.000E+00 +/- 0.00 % D(l=3) ave= 0.000E+00 +/- 0.00 %  % || S(l=0) ave= 3.487E-05 +/- 4.08 % S(l=1) ave= 1.709E-04 +/- 12.62 % S(l=2) ave= 0.000E+00 +/- 0.00 % S(l=3) ave= 0.000E+00 +/- 0.00 % 
 ... random file  87 Cap(th)  ave= 4.977E+01 b. +/- 46.29 % || Ela(th) ave= 2.435E+01 b. +/- 42.77 % || RIcap ave= 1.95E+01 b. +/- 42.82 % || Macs30 ave= 9.38E-03 b. +/- 2.86 % || Gn^0(l=0) ave= 2.139E+00 +/- 4.90 % Gn^0(l=1) ave= 4.062E+00 +/- 12.65 % Gn^0(l=2) ave= 0.000E+00 +/- 0.00 % Gn^0(l=3) ave= 0.000E+00 +/- 0.00 % || Gtotal(l=0) ave= 1.182E+03 +/- 3.80 % Gtotal(l=1) ave= 3.296E+02 +/- 0.67 % Gtotal(l=2) ave= 0.000E+00 +/- 0.00 % Gtotal(l=3) ave= 0.000E+00 +/- 0.00 %  % || Gg(l=0) ave= 5.868E-01 +/- 3.93 % Gg(l=1) ave= 6.404E-01 +/- 0.96 % Gg(l=2) ave= 0.000E+00 +/- 0.00 % Gg(l=3) ave= 0.000E+00 +/- 0.00 %  % || D(l=0) ave= 2.941E+04 +/- 0.00 % D(l=1) ave= 4.951E+03 +/- 0.00 % D(l=2) ave= 0.000E+00 +/- 0.00 % D(l=3) ave= 0.000E+00 +/- 0.00 %  % || S(l=0) ave= 3.485E-05 +/- 4.08 % S(l=1) ave= 1.709E-04 +/- 12.54 % S(l=2) ave= 0.000E+00 +/- 0.00 % S(l=3) ave= 0.000E+00 +/- 0.00 % 
 ... random file  88 Cap(th)  ave= 4.957E+01 b. +/- 46.36 % || Ela(th) ave= 2.425E+01 b. +/- 42.87 % || RIcap ave= 1.94E+01 b. +/- 42.88 % || Macs30 ave= 9.38E-03 b. +/- 2.85 % || Gn^0(l=0) ave= 2.138E+00 +/- 4.91 % Gn^0(l=1) ave= 4.067E+00 +/- 12.61 % Gn^0(l=2) ave= 0.000E+00 +/- 0.00 % Gn^0(l=3) ave= 0.000E+00 +/- 0.00 % || Gtotal(l=0) ave= 1.181E+03 +/- 3.80 % Gtotal(l=1) ave= 3.296E+02 +/- 0.67 % Gtotal(l=2) ave= 0.000E+00 +/- 0.00 % Gtotal(l=3) ave= 0.000E+00 +/- 0.00 %  % || Gg(l=0) ave= 5.871E-01 +/- 3.94 % Gg(l=1) ave= 6.404E-01 +/- 0.95 % Gg(l=2) ave= 0.000E+00 +/- 0.00 % Gg(l=3) ave= 0.000E+00 +/- 0.00 %  % || D(l=0) ave= 2.941E+04 +/- 0.00 % D(l=1) ave= 4.951E+03 +/- 0.00 % D(l=2) ave= 0.000E+00 +/- 0.00 % D(l=3) ave= 0.000E+00 +/- 0.00 %  % || S(l=0) ave= 3.484E-05 +/- 4.08 % S(l=1) ave= 1.711E-04 +/- 12.50 % S(l=2) ave= 0.000E+00 +/- 0.00 % S(l=3) ave= 0.000E+00 +/- 0.00 % 
 ... random file  89 Cap(th)  ave= 4.966E+01 b. +/- 46.06 % || Ela(th) ave= 2.429E+01 b. +/- 42.59 % || RIcap ave= 1.94E+01 b. +/- 42.60 % || Macs30 ave= 9.38E-03 b. +/- 2.84 % || Gn^0(l=0) ave= 2.137E+00 +/- 4.92 % Gn^0(l=1) ave= 4.062E+00 +/- 12.59 % Gn^0(l=2) ave= 0.000E+00 +/- 0.00 % Gn^0(l=3) ave= 0.000E+00 +/- 0.00 % || Gtotal(l=0) ave= 1.181E+03 +/- 3.81 % Gtotal(l=1) ave= 3.296E+02 +/- 0.66 % Gtotal(l=2) ave= 0.000E+00 +/- 0.00 % Gtotal(l=3) ave= 0.000E+00 +/- 0.00 %  % || Gg(l=0) ave= 5.867E-01 +/- 3.96 % Gg(l=1) ave= 6.403E-01 +/- 0.95 % Gg(l=2) ave= 0.000E+00 +/- 0.00 % Gg(l=3) ave= 0.000E+00 +/- 0.00 %  % || D(l=0) ave= 2.941E+04 +/- 0.00 % D(l=1) ave= 4.951E+03 +/- 0.00 % D(l=2) ave= 0.000E+00 +/- 0.00 % D(l=3) ave= 0.000E+00 +/- 0.00 %  % || S(l=0) ave= 3.482E-05 +/- 4.09 % S(l=1) ave= 1.709E-04 +/- 12.48 % S(l=2) ave= 0.000E+00 +/- 0.00 % S(l=3) ave= 0.000E+00 +/- 0.00 % 
 ... random file  90 Cap(th)  ave= 4.942E+01 b. +/- 46.25 % || Ela(th) ave= 2.419E+01 b. +/- 42.74 % || RIcap ave= 1.93E+01 b. +/- 42.77 % || Macs30 ave= 9.38E-03 b. +/- 2.83 % || Gn^0(l=0) ave= 2.136E+00 +/- 4.90 % Gn^0(l=1) ave= 4.062E+00 +/- 12.53 % Gn^0(l=2) ave= 0.000E+00 +/- 0.00 % Gn^0(l=3) ave= 0.000E+00 +/- 0.00 % || Gtotal(l=0) ave= 1.181E+03 +/- 3.80 % Gtotal(l=1) ave= 3.295E+02 +/- 0.66 % Gtotal(l=2) ave= 0.000E+00 +/- 0.00 % Gtotal(l=3) ave= 0.000E+00 +/- 0.00 %  % || Gg(l=0) ave= 5.872E-01 +/- 4.01 % Gg(l=1) ave= 6.403E-01 +/- 0.95 % Gg(l=2) ave= 0.000E+00 +/- 0.00 % Gg(l=3) ave= 0.000E+00 +/- 0.00 %  % || D(l=0) ave= 2.941E+04 +/- 0.00 % D(l=1) ave= 4.951E+03 +/- 0.00 % D(l=2) ave= 0.000E+00 +/- 0.00 % D(l=3) ave= 0.000E+00 +/- 0.00 %  % || S(l=0) ave= 3.481E-05 +/- 4.08 % S(l=1) ave= 1.709E-04 +/- 12.42 % S(l=2) ave= 0.000E+00 +/- 0.00 % S(l=3) ave= 0.000E+00 +/- 0.00 % 
 ... random file  91 Cap(th)  ave= 4.927E+01 b. +/- 46.23 % || Ela(th) ave= 2.411E+01 b. +/- 42.76 % || RIcap ave= 1.93E+01 b. +/- 42.74 % || Macs30 ave= 9.38E-03 b. +/- 2.82 % || Gn^0(l=0) ave= 2.138E+00 +/- 4.95 % Gn^0(l=1) ave= 4.073E+00 +/- 12.67 % Gn^0(l=2) ave= 0.000E+00 +/- 0.00 % Gn^0(l=3) ave= 0.000E+00 +/- 0.00 % || Gtotal(l=0) ave= 1.181E+03 +/- 3.83 % Gtotal(l=1) ave= 3.296E+02 +/- 0.67 % Gtotal(l=2) ave= 0.000E+00 +/- 0.00 % Gtotal(l=3) ave= 0.000E+00 +/- 0.00 %  % || Gg(l=0) ave= 5.872E-01 +/- 3.98 % Gg(l=1) ave= 6.403E-01 +/- 0.94 % Gg(l=2) ave= 0.000E+00 +/- 0.00 % Gg(l=3) ave= 0.000E+00 +/- 0.00 %  % || D(l=0) ave= 2.941E+04 +/- 0.00 % D(l=1) ave= 4.951E+03 +/- 0.00 % D(l=2) ave= 0.000E+00 +/- 0.00 % D(l=3) ave= 0.000E+00 +/- 0.00 %  % || S(l=0) ave= 3.484E-05 +/- 4.12 % S(l=1) ave= 1.713E-04 +/- 12.57 % S(l=2) ave= 0.000E+00 +/- 0.00 % S(l=3) ave= 0.000E+00 +/- 0.00 % 
 ... random file  92 Cap(th)  ave= 4.909E+01 b. +/- 46.27 % || Ela(th) ave= 2.404E+01 b. +/- 42.74 % || RIcap ave= 1.92E+01 b. +/- 42.78 % || Macs30 ave= 9.38E-03 b. +/- 2.81 % || Gn^0(l=0) ave= 2.139E+00 +/- 4.93 % Gn^0(l=1) ave= 4.067E+00 +/- 12.69 % Gn^0(l=2) ave= 0.000E+00 +/- 0.00 % Gn^0(l=3) ave= 0.000E+00 +/- 0.00 % || Gtotal(l=0) ave= 1.182E+03 +/- 3.82 % Gtotal(l=1) ave= 3.296E+02 +/- 0.67 % Gtotal(l=2) ave= 0.000E+00 +/- 0.00 % Gtotal(l=3) ave= 0.000E+00 +/- 0.00 %  % || Gg(l=0) ave= 5.875E-01 +/- 3.99 % Gg(l=1) ave= 6.403E-01 +/- 0.94 % Gg(l=2) ave= 0.000E+00 +/- 0.00 % Gg(l=3) ave= 0.000E+00 +/- 0.00 %  % || D(l=0) ave= 2.941E+04 +/- 0.00 % D(l=1) ave= 4.951E+03 +/- 0.00 % D(l=2) ave= 0.000E+00 +/- 0.00 % D(l=3) ave= 0.000E+00 +/- 0.00 %  % || S(l=0) ave= 3.485E-05 +/- 4.10 % S(l=1) ave= 1.711E-04 +/- 12.58 % S(l=2) ave= 0.000E+00 +/- 0.00 % S(l=3) ave= 0.000E+00 +/- 0.00 % 
 ... random file  93 Cap(th)  ave= 4.910E+01 b. +/- 46.02 % || Ela(th) ave= 2.405E+01 b. +/- 42.51 % || RIcap ave= 1.92E+01 b. +/- 42.54 % || Macs30 ave= 9.38E-03 b. +/- 2.80 % || Gn^0(l=0) ave= 2.138E+00 +/- 4.91 % Gn^0(l=1) ave= 4.067E+00 +/- 12.62 % Gn^0(l=2) ave= 0.000E+00 +/- 0.00 % Gn^0(l=3) ave= 0.000E+00 +/- 0.00 % || Gtotal(l=0) ave= 1.181E+03 +/- 3.81 % Gtotal(l=1) ave= 3.296E+02 +/- 0.67 % Gtotal(l=2) ave= 0.000E+00 +/- 0.00 % Gtotal(l=3) ave= 0.000E+00 +/- 0.00 %  % || Gg(l=0) ave= 5.886E-01 +/- 4.30 % Gg(l=1) ave= 6.402E-01 +/- 0.94 % Gg(l=2) ave= 0.000E+00 +/- 0.00 % Gg(l=3) ave= 0.000E+00 +/- 0.00 %  % || D(l=0) ave= 2.941E+04 +/- 0.00 % D(l=1) ave= 4.951E+03 +/- 0.00 % D(l=2) ave= 0.000E+00 +/- 0.00 % D(l=3) ave= 0.000E+00 +/- 0.00 %  % || S(l=0) ave= 3.484E-05 +/- 4.09 % S(l=1) ave= 1.711E-04 +/- 12.52 % S(l=2) ave= 0.000E+00 +/- 0.00 % S(l=3) ave= 0.000E+00 +/- 0.00 % 
 ... random file  94 Cap(th)  ave= 4.907E+01 b. +/- 45.81 % || Ela(th) ave= 2.402E+01 b. +/- 42.33 % || RIcap ave= 1.92E+01 b. +/- 42.35 % || Macs30 ave= 9.38E-03 b. +/- 2.79 % || Gn^0(l=0) ave= 2.138E+00 +/- 4.89 % Gn^0(l=1) ave= 4.071E+00 +/- 12.59 % Gn^0(l=2) ave= 0.000E+00 +/- 0.00 % Gn^0(l=3) ave= 0.000E+00 +/- 0.00 % || Gtotal(l=0) ave= 1.181E+03 +/- 3.79 % Gtotal(l=1) ave= 3.296E+02 +/- 0.67 % Gtotal(l=2) ave= 0.000E+00 +/- 0.00 % Gtotal(l=3) ave= 0.000E+00 +/- 0.00 %  % || Gg(l=0) ave= 5.883E-01 +/- 4.30 % Gg(l=1) ave= 6.403E-01 +/- 0.94 % Gg(l=2) ave= 0.000E+00 +/- 0.00 % Gg(l=3) ave= 0.000E+00 +/- 0.00 %  % || D(l=0) ave= 2.941E+04 +/- 0.00 % D(l=1) ave= 4.951E+03 +/- 0.00 % D(l=2) ave= 0.000E+00 +/- 0.00 % D(l=3) ave= 0.000E+00 +/- 0.00 %  % || S(l=0) ave= 3.484E-05 +/- 4.07 % S(l=1) ave= 1.713E-04 +/- 12.48 % S(l=2) ave= 0.000E+00 +/- 0.00 % S(l=3) ave= 0.000E+00 +/- 0.00 % 
 ... random file  95 Cap(th)  ave= 4.885E+01 b. +/- 45.96 % || Ela(th) ave= 2.393E+01 b. +/- 42.44 % || RIcap ave= 1.91E+01 b. +/- 42.47 % || Macs30 ave= 9.37E-03 b. +/- 2.79 % || Gn^0(l=0) ave= 2.139E+00 +/- 4.88 % Gn^0(l=1) ave= 4.072E+00 +/- 12.52 % Gn^0(l=2) ave= 0.000E+00 +/- 0.00 % Gn^0(l=3) ave= 0.000E+00 +/- 0.00 % || Gtotal(l=0) ave= 1.182E+03 +/- 3.78 % Gtotal(l=1) ave= 3.296E+02 +/- 0.68 % Gtotal(l=2) ave= 0.000E+00 +/- 0.00 % Gtotal(l=3) ave= 0.000E+00 +/- 0.00 %  % || Gg(l=0) ave= 5.882E-01 +/- 4.29 % Gg(l=1) ave= 6.402E-01 +/- 0.95 % Gg(l=2) ave= 0.000E+00 +/- 0.00 % Gg(l=3) ave= 0.000E+00 +/- 0.00 %  % || D(l=0) ave= 2.941E+04 +/- 0.00 % D(l=1) ave= 4.951E+03 +/- 0.00 % D(l=2) ave= 0.000E+00 +/- 0.00 % D(l=3) ave= 0.000E+00 +/- 0.00 %  % || S(l=0) ave= 3.485E-05 +/- 4.06 % S(l=1) ave= 1.713E-04 +/- 12.42 % S(l=2) ave= 0.000E+00 +/- 0.00 % S(l=3) ave= 0.000E+00 +/- 0.00 % 
 ... random file  96 Cap(th)  ave= 4.896E+01 b. +/- 45.68 % || Ela(th) ave= 2.398E+01 b. +/- 42.18 % || RIcap ave= 1.92E+01 b. +/- 42.21 % || Macs30 ave= 9.38E-03 b. +/- 2.79 % || Gn^0(l=0) ave= 2.138E+00 +/- 4.86 % Gn^0(l=1) ave= 4.071E+00 +/- 12.45 % Gn^0(l=2) ave= 0.000E+00 +/- 0.00 % Gn^0(l=3) ave= 0.000E+00 +/- 0.00 % || Gtotal(l=0) ave= 1.182E+03 +/- 3.77 % Gtotal(l=1) ave= 3.296E+02 +/- 0.68 % Gtotal(l=2) ave= 0.000E+00 +/- 0.00 % Gtotal(l=3) ave= 0.000E+00 +/- 0.00 %  % || Gg(l=0) ave= 5.878E-01 +/- 4.31 % Gg(l=1) ave= 6.402E-01 +/- 0.95 % Gg(l=2) ave= 0.000E+00 +/- 0.00 % Gg(l=3) ave= 0.000E+00 +/- 0.00 %  % || D(l=0) ave= 2.941E+04 +/- 0.00 % D(l=1) ave= 4.951E+03 +/- 0.00 % D(l=2) ave= 0.000E+00 +/- 0.00 % D(l=3) ave= 0.000E+00 +/- 0.00 %  % || S(l=0) ave= 3.484E-05 +/- 4.05 % S(l=1) ave= 1.713E-04 +/- 12.35 % S(l=2) ave= 0.000E+00 +/- 0.00 % S(l=3) ave= 0.000E+00 +/- 0.00 % 
 ... random file  97 Cap(th)  ave= 4.929E+01 b. +/- 45.62 % || Ela(th) ave= 2.411E+01 b. +/- 42.08 % || RIcap ave= 1.93E+01 b. +/- 42.18 % || Macs30 ave= 9.38E-03 b. +/- 2.78 % || Gn^0(l=0) ave= 2.138E+00 +/- 4.84 % Gn^0(l=1) ave= 4.077E+00 +/- 12.45 % Gn^0(l=2) ave= 0.000E+00 +/- 0.00 % Gn^0(l=3) ave= 0.000E+00 +/- 0.00 % || Gtotal(l=0) ave= 1.181E+03 +/- 3.75 % Gtotal(l=1) ave= 3.296E+02 +/- 0.68 % Gtotal(l=2) ave= 0.000E+00 +/- 0.00 % Gtotal(l=3) ave= 0.000E+00 +/- 0.00 %  % || Gg(l=0) ave= 5.877E-01 +/- 4.29 % Gg(l=1) ave= 6.401E-01 +/- 0.96 % Gg(l=2) ave= 0.000E+00 +/- 0.00 % Gg(l=3) ave= 0.000E+00 +/- 0.00 %  % || D(l=0) ave= 2.941E+04 +/- 0.00 % D(l=1) ave= 4.951E+03 +/- 0.00 % D(l=2) ave= 0.000E+00 +/- 0.00 % D(l=3) ave= 0.000E+00 +/- 0.00 %  % || S(l=0) ave= 3.483E-05 +/- 4.03 % S(l=1) ave= 1.715E-04 +/- 12.36 % S(l=2) ave= 0.000E+00 +/- 0.00 % S(l=3) ave= 0.000E+00 +/- 0.00 % 
 ... random file  98 Cap(th)  ave= 4.914E+01 b. +/- 45.63 % || Ela(th) ave= 2.403E+01 b. +/- 42.14 % || RIcap ave= 1.92E+01 b. +/- 42.18 % || Macs30 ave= 9.37E-03 b. +/- 2.77 % || Gn^0(l=0) ave= 2.140E+00 +/- 4.86 % Gn^0(l=1) ave= 4.085E+00 +/- 12.52 % Gn^0(l=2) ave= 0.000E+00 +/- 0.00 % Gn^0(l=3) ave= 0.000E+00 +/- 0.00 % || Gtotal(l=0) ave= 1.182E+03 +/- 3.77 % Gtotal(l=1) ave= 3.295E+02 +/- 0.68 % Gtotal(l=2) ave= 0.000E+00 +/- 0.00 % Gtotal(l=3) ave= 0.000E+00 +/- 0.00 %  % || Gg(l=0) ave= 5.878E-01 +/- 4.28 % Gg(l=1) ave= 6.401E-01 +/- 0.95 % Gg(l=2) ave= 0.000E+00 +/- 0.00 % Gg(l=3) ave= 0.000E+00 +/- 0.00 %  % || D(l=0) ave= 2.941E+04 +/- 0.00 % D(l=1) ave= 4.951E+03 +/- 0.00 % D(l=2) ave= 0.000E+00 +/- 0.00 % D(l=3) ave= 0.000E+00 +/- 0.00 %  % || S(l=0) ave= 3.485E-05 +/- 4.05 % S(l=1) ave= 1.719E-04 +/- 12.42 % S(l=2) ave= 0.000E+00 +/- 0.00 % S(l=3) ave= 0.000E+00 +/- 0.00 % 
 ... random file  99 Cap(th)  ave= 4.909E+01 b. +/- 45.45 % || Ela(th) ave= 2.400E+01 b. +/- 42.00 % || RIcap ave= 1.92E+01 b. +/- 42.01 % || Macs30 ave= 9.37E-03 b. +/- 2.76 % || Gn^0(l=0) ave= 2.139E+00 +/- 4.84 % Gn^0(l=1) ave= 4.092E+00 +/- 12.53 % Gn^0(l=2) ave= 0.000E+00 +/- 0.00 % Gn^0(l=3) ave= 0.000E+00 +/- 0.00 % || Gtotal(l=0) ave= 1.182E+03 +/- 3.76 % Gtotal(l=1) ave= 3.295E+02 +/- 0.67 % Gtotal(l=2) ave= 0.000E+00 +/- 0.00 % Gtotal(l=3) ave= 0.000E+00 +/- 0.00 %  % || Gg(l=0) ave= 5.878E-01 +/- 4.25 % Gg(l=1) ave= 6.400E-01 +/- 0.95 % Gg(l=2) ave= 0.000E+00 +/- 0.00 % Gg(l=3) ave= 0.000E+00 +/- 0.00 %  % || D(l=0) ave= 2.941E+04 +/- 0.00 % D(l=1) ave= 4.951E+03 +/- 0.00 % D(l=2) ave= 0.000E+00 +/- 0.00 % D(l=3) ave= 0.000E+00 +/- 0.00 %  % || S(l=0) ave= 3.485E-05 +/- 4.04 % S(l=1) ave= 1.721E-04 +/- 12.44 % S(l=2) ave= 0.000E+00 +/- 0.00 % S(l=3) ave= 0.000E+00 +/- 0.00 % 
 ... random file  100 Cap(th)  ave= 4.913E+01 b. +/- 45.19 % || Ela(th) ave= 2.400E+01 b. +/- 41.80 % || RIcap ave= 1.92E+01 b. +/- 41.78 % || Macs30 ave= 9.37E-03 b. +/- 2.77 % || Gn^0(l=0) ave= 2.138E+00 +/- 4.83 % Gn^0(l=1) ave= 4.105E+00 +/- 12.84 % Gn^0(l=2) ave= 0.000E+00 +/- 0.00 % Gn^0(l=3) ave= 0.000E+00 +/- 0.00 % || Gtotal(l=0) ave= 1.182E+03 +/- 3.75 % Gtotal(l=1) ave= 3.295E+02 +/- 0.67 % Gtotal(l=2) ave= 0.000E+00 +/- 0.00 % Gtotal(l=3) ave= 0.000E+00 +/- 0.00 %  % || Gg(l=0) ave= 5.877E-01 +/- 4.24 % Gg(l=1) ave= 6.400E-01 +/- 0.95 % Gg(l=2) ave= 0.000E+00 +/- 0.00 % Gg(l=3) ave= 0.000E+00 +/- 0.00 %  % || D(l=0) ave= 2.941E+04 +/- 0.00 % D(l=1) ave= 4.951E+03 +/- 0.00 % D(l=2) ave= 0.000E+00 +/- 0.00 % D(l=3) ave= 0.000E+00 +/- 0.00 %  % || S(l=0) ave= 3.484E-05 +/- 4.03 % S(l=1) ave= 1.727E-04 +/- 12.76 % S(l=2) ave= 0.000E+00 +/- 0.00 % S(l=3) ave= 0.000E+00 +/- 0.00 % 
 ... random file  101 Cap(th)  ave= 4.920E+01 b. +/- 44.93 % || Ela(th) ave= 2.402E+01 b. +/- 41.57 % || RIcap ave= 1.93E+01 b. +/- 41.54 % || Macs30 ave= 9.37E-03 b. +/- 2.76 % || Gn^0(l=0) ave= 2.140E+00 +/- 4.87 % Gn^0(l=1) ave= 4.102E+00 +/- 12.80 % Gn^0(l=2) ave= 0.000E+00 +/- 0.00 % Gn^0(l=3) ave= 0.000E+00 +/- 0.00 % || Gtotal(l=0) ave= 1.182E+03 +/- 3.77 % Gtotal(l=1) ave= 3.295E+02 +/- 0.67 % Gtotal(l=2) ave= 0.000E+00 +/- 0.00 % Gtotal(l=3) ave= 0.000E+00 +/- 0.00 %  % || Gg(l=0) ave= 5.876E-01 +/- 4.22 % Gg(l=1) ave= 6.401E-01 +/- 0.95 % Gg(l=2) ave= 0.000E+00 +/- 0.00 % Gg(l=3) ave= 0.000E+00 +/- 0.00 %  % || D(l=0) ave= 2.941E+04 +/- 0.00 % D(l=1) ave= 4.951E+03 +/- 0.00 % D(l=2) ave= 0.000E+00 +/- 0.00 % D(l=3) ave= 0.000E+00 +/- 0.00 %  % || S(l=0) ave= 3.486E-05 +/- 4.06 % S(l=1) ave= 1.726E-04 +/- 12.72 % S(l=2) ave= 0.000E+00 +/- 0.00 % S(l=3) ave= 0.000E+00 +/- 0.00 % 
 ... random file  102 Cap(th)  ave= 4.915E+01 b. +/- 44.77 % || Ela(th) ave= 2.401E+01 b. +/- 41.40 % || RIcap ave= 1.92E+01 b. +/- 41.38 % || Macs30 ave= 9.37E-03 b. +/- 2.76 % || Gn^0(l=0) ave= 2.139E+00 +/- 4.85 % Gn^0(l=1) ave= 4.100E+00 +/- 12.75 % Gn^0(l=2) ave= 0.000E+00 +/- 0.00 % Gn^0(l=3) ave= 0.000E+00 +/- 0.00 % || Gtotal(l=0) ave= 1.182E+03 +/- 3.76 % Gtotal(l=1) ave= 3.295E+02 +/- 0.67 % Gtotal(l=2) ave= 0.000E+00 +/- 0.00 % Gtotal(l=3) ave= 0.000E+00 +/- 0.00 %  % || Gg(l=0) ave= 5.874E-01 +/- 4.21 % Gg(l=1) ave= 6.401E-01 +/- 0.95 % Gg(l=2) ave= 0.000E+00 +/- 0.00 % Gg(l=3) ave= 0.000E+00 +/- 0.00 %  % || D(l=0) ave= 2.941E+04 +/- 0.00 % D(l=1) ave= 4.951E+03 +/- 0.00 % D(l=2) ave= 0.000E+00 +/- 0.00 % D(l=3) ave= 0.000E+00 +/- 0.00 %  % || S(l=0) ave= 3.485E-05 +/- 4.04 % S(l=1) ave= 1.725E-04 +/- 12.67 % S(l=2) ave= 0.000E+00 +/- 0.00 % S(l=3) ave= 0.000E+00 +/- 0.00 % 
 ... random file  103 Cap(th)  ave= 4.931E+01 b. +/- 44.52 % || Ela(th) ave= 2.406E+01 b. +/- 41.16 % || RIcap ave= 1.93E+01 b. +/- 41.17 % || Macs30 ave= 9.37E-03 b. +/- 2.77 % || Gn^0(l=0) ave= 2.141E+00 +/- 4.89 % Gn^0(l=1) ave= 4.109E+00 +/- 12.85 % Gn^0(l=2) ave= 0.000E+00 +/- 0.00 % Gn^0(l=3) ave= 0.000E+00 +/- 0.00 % || Gtotal(l=0) ave= 1.183E+03 +/- 3.79 % Gtotal(l=1) ave= 3.295E+02 +/- 0.67 % Gtotal(l=2) ave= 0.000E+00 +/- 0.00 % Gtotal(l=3) ave= 0.000E+00 +/- 0.00 %  % || Gg(l=0) ave= 5.874E-01 +/- 4.19 % Gg(l=1) ave= 6.401E-01 +/- 0.95 % Gg(l=2) ave= 0.000E+00 +/- 0.00 % Gg(l=3) ave= 0.000E+00 +/- 0.00 %  % || D(l=0) ave= 2.941E+04 +/- 0.00 % D(l=1) ave= 4.951E+03 +/- 0.00 % D(l=2) ave= 0.000E+00 +/- 0.00 % D(l=3) ave= 0.000E+00 +/- 0.00 %  % || S(l=0) ave= 3.488E-05 +/- 4.08 % S(l=1) ave= 1.729E-04 +/- 12.79 % S(l=2) ave= 0.000E+00 +/- 0.00 % S(l=3) ave= 0.000E+00 +/- 0.00 % 
 ... random file  104 Cap(th)  ave= 4.928E+01 b. +/- 44.34 % || Ela(th) ave= 2.404E+01 b. +/- 41.00 % || RIcap ave= 1.93E+01 b. +/- 40.99 % || Macs30 ave= 9.37E-03 b. +/- 2.77 % || Gn^0(l=0) ave= 2.141E+00 +/- 4.87 % Gn^0(l=1) ave= 4.107E+00 +/- 12.80 % Gn^0(l=2) ave= 0.000E+00 +/- 0.00 % Gn^0(l=3) ave= 0.000E+00 +/- 0.00 % || Gtotal(l=0) ave= 1.183E+03 +/- 3.78 % Gtotal(l=1) ave= 3.295E+02 +/- 0.67 % Gtotal(l=2) ave= 0.000E+00 +/- 0.00 % Gtotal(l=3) ave= 0.000E+00 +/- 0.00 %  % || Gg(l=0) ave= 5.873E-01 +/- 4.18 % Gg(l=1) ave= 6.401E-01 +/- 0.95 % Gg(l=2) ave= 0.000E+00 +/- 0.00 % Gg(l=3) ave= 0.000E+00 +/- 0.00 %  % || D(l=0) ave= 2.941E+04 +/- 0.00 % D(l=1) ave= 4.951E+03 +/- 0.00 % D(l=2) ave= 0.000E+00 +/- 0.00 % D(l=3) ave= 0.000E+00 +/- 0.00 %  % || S(l=0) ave= 3.487E-05 +/- 4.06 % S(l=1) ave= 1.728E-04 +/- 12.74 % S(l=2) ave= 0.000E+00 +/- 0.00 % S(l=3) ave= 0.000E+00 +/- 0.00 % 
 ... random file  105 Cap(th)  ave= 4.949E+01 b. +/- 44.16 % || Ela(th) ave= 2.414E+01 b. +/- 40.85 % || RIcap ave= 1.94E+01 b. +/- 40.85 % || Macs30 ave= 9.37E-03 b. +/- 2.79 % || Gn^0(l=0) ave= 2.140E+00 +/- 4.86 % Gn^0(l=1) ave= 4.105E+00 +/- 12.77 % Gn^0(l=2) ave= 0.000E+00 +/- 0.00 % Gn^0(l=3) ave= 0.000E+00 +/- 0.00 % || Gtotal(l=0) ave= 1.182E+03 +/- 3.80 % Gtotal(l=1) ave= 3.295E+02 +/- 0.67 % Gtotal(l=2) ave= 0.000E+00 +/- 0.00 % Gtotal(l=3) ave= 0.000E+00 +/- 0.00 %  % || Gg(l=0) ave= 5.873E-01 +/- 4.16 % Gg(l=1) ave= 6.400E-01 +/- 0.95 % Gg(l=2) ave= 0.000E+00 +/- 0.00 % Gg(l=3) ave= 0.000E+00 +/- 0.00 %  % || D(l=0) ave= 2.943E+04 +/- 0.60 % D(l=1) ave= 4.951E+03 +/- 0.00 % D(l=2) ave= 0.000E+00 +/- 0.00 % D(l=3) ave= 0.000E+00 +/- 0.00 %  % || S(l=0) ave= 3.485E-05 +/- 4.10 % S(l=1) ave= 1.727E-04 +/- 12.71 % S(l=2) ave= 0.000E+00 +/- 0.00 % S(l=3) ave= 0.000E+00 +/- 0.00 % 
 ... random file  106 Cap(th)  ave= 4.937E+01 b. +/- 44.14 % || Ela(th) ave= 2.409E+01 b. +/- 40.81 % || RIcap ave= 1.93E+01 b. +/- 40.82 % || Macs30 ave= 9.37E-03 b. +/- 2.83 % || Gn^0(l=0) ave= 2.141E+00 +/- 4.84 % Gn^0(l=1) ave= 4.105E+00 +/- 12.71 % Gn^0(l=2) ave= 0.000E+00 +/- 0.00 % Gn^0(l=3) ave= 0.000E+00 +/- 0.00 % || Gtotal(l=0) ave= 1.182E+03 +/- 3.78 % Gtotal(l=1) ave= 3.295E+02 +/- 0.67 % Gtotal(l=2) ave= 0.000E+00 +/- 0.00 % Gtotal(l=3) ave= 0.000E+00 +/- 0.00 %  % || Gg(l=0) ave= 5.876E-01 +/- 4.17 % Gg(l=1) ave= 6.401E-01 +/- 0.96 % Gg(l=2) ave= 0.000E+00 +/- 0.00 % Gg(l=3) ave= 0.000E+00 +/- 0.00 %  % || D(l=0) ave= 2.943E+04 +/- 0.60 % D(l=1) ave= 4.951E+03 +/- 0.00 % D(l=2) ave= 0.000E+00 +/- 0.00 % D(l=3) ave= 0.000E+00 +/- 0.00 %  % || S(l=0) ave= 3.486E-05 +/- 4.09 % S(l=1) ave= 1.727E-04 +/- 12.65 % S(l=2) ave= 0.000E+00 +/- 0.00 % S(l=3) ave= 0.000E+00 +/- 0.00 % 
 ... random file  107 Cap(th)  ave= 4.941E+01 b. +/- 43.91 % || Ela(th) ave= 2.411E+01 b. +/- 40.60 % || RIcap ave= 1.93E+01 b. +/- 40.61 % || Macs30 ave= 9.38E-03 b. +/- 2.83 % || Gn^0(l=0) ave= 2.140E+00 +/- 4.82 % Gn^0(l=1) ave= 4.103E+00 +/- 12.67 % Gn^0(l=2) ave= 0.000E+00 +/- 0.00 % Gn^0(l=3) ave= 0.000E+00 +/- 0.00 % || Gtotal(l=0) ave= 1.182E+03 +/- 3.77 % Gtotal(l=1) ave= 3.295E+02 +/- 0.67 % Gtotal(l=2) ave= 0.000E+00 +/- 0.00 % Gtotal(l=3) ave= 0.000E+00 +/- 0.00 %  % || Gg(l=0) ave= 5.875E-01 +/- 4.15 % Gg(l=1) ave= 6.400E-01 +/- 0.95 % Gg(l=2) ave= 0.000E+00 +/- 0.00 % Gg(l=3) ave= 0.000E+00 +/- 0.00 %  % || D(l=0) ave= 2.943E+04 +/- 0.60 % D(l=1) ave= 4.951E+03 +/- 0.00 % D(l=2) ave= 0.000E+00 +/- 0.00 % D(l=3) ave= 0.000E+00 +/- 0.00 %  % || S(l=0) ave= 3.485E-05 +/- 4.07 % S(l=1) ave= 1.727E-04 +/- 12.60 % S(l=2) ave= 0.000E+00 +/- 0.00 % S(l=3) ave= 0.000E+00 +/- 0.00 % 
 ... random file  108 Cap(th)  ave= 4.923E+01 b. +/- 44.01 % || Ela(th) ave= 2.403E+01 b. +/- 40.68 % || RIcap ave= 1.93E+01 b. +/- 40.70 % || Macs30 ave= 9.38E-03 b. +/- 2.86 % || Gn^0(l=0) ave= 2.140E+00 +/- 4.80 % Gn^0(l=1) ave= 4.102E+00 +/- 12.62 % Gn^0(l=2) ave= 0.000E+00 +/- 0.00 % Gn^0(l=3) ave= 0.000E+00 +/- 0.00 % || Gtotal(l=0) ave= 1.182E+03 +/- 3.75 % Gtotal(l=1) ave= 3.295E+02 +/- 0.66 % Gtotal(l=2) ave= 0.000E+00 +/- 0.00 % Gtotal(l=3) ave= 0.000E+00 +/- 0.00 %  % || Gg(l=0) ave= 5.874E-01 +/- 4.14 % Gg(l=1) ave= 6.400E-01 +/- 0.95 % Gg(l=2) ave= 0.000E+00 +/- 0.00 % Gg(l=3) ave= 0.000E+00 +/- 0.00 %  % || D(l=0) ave= 2.943E+04 +/- 0.60 % D(l=1) ave= 4.951E+03 +/- 0.00 % D(l=2) ave= 0.000E+00 +/- 0.00 % D(l=3) ave= 0.000E+00 +/- 0.00 %  % || S(l=0) ave= 3.485E-05 +/- 4.05 % S(l=1) ave= 1.726E-04 +/- 12.56 % S(l=2) ave= 0.000E+00 +/- 0.00 % S(l=3) ave= 0.000E+00 +/- 0.00 % 
 ... random file  109 Cap(th)  ave= 4.925E+01 b. +/- 43.80 % || Ela(th) ave= 2.405E+01 b. +/- 40.47 % || RIcap ave= 1.93E+01 b. +/- 40.50 % || Macs30 ave= 9.38E-03 b. +/- 2.85 % || Gn^0(l=0) ave= 2.140E+00 +/- 4.78 % Gn^0(l=1) ave= 4.096E+00 +/- 12.66 % Gn^0(l=2) ave= 0.000E+00 +/- 0.00 % Gn^0(l=3) ave= 0.000E+00 +/- 0.00 % || Gtotal(l=0) ave= 1.182E+03 +/- 3.74 % Gtotal(l=1) ave= 3.295E+02 +/- 0.66 % Gtotal(l=2) ave= 0.000E+00 +/- 0.00 % Gtotal(l=3) ave= 0.000E+00 +/- 0.00 %  % || Gg(l=0) ave= 5.874E-01 +/- 4.12 % Gg(l=1) ave= 6.400E-01 +/- 0.95 % Gg(l=2) ave= 0.000E+00 +/- 0.00 % Gg(l=3) ave= 0.000E+00 +/- 0.00 %  % || D(l=0) ave= 2.943E+04 +/- 0.59 % D(l=1) ave= 4.951E+03 +/- 0.00 % D(l=2) ave= 0.000E+00 +/- 0.00 % D(l=3) ave= 0.000E+00 +/- 0.00 %  % || S(l=0) ave= 3.485E-05 +/- 4.04 % S(l=1) ave= 1.724E-04 +/- 12.60 % S(l=2) ave= 0.000E+00 +/- 0.00 % S(l=3) ave= 0.000E+00 +/- 0.00 % 
 ... random file  110 Cap(th)  ave= 4.919E+01 b. +/- 43.67 % || Ela(th) ave= 2.402E+01 b. +/- 40.38 % || RIcap ave= 1.93E+01 b. +/- 40.37 % || Macs30 ave= 9.38E-03 b. +/- 2.84 % || Gn^0(l=0) ave= 2.140E+00 +/- 4.76 % Gn^0(l=1) ave= 4.102E+00 +/- 12.68 % Gn^0(l=2) ave= 0.000E+00 +/- 0.00 % Gn^0(l=3) ave= 0.000E+00 +/- 0.00 % || Gtotal(l=0) ave= 1.182E+03 +/- 3.72 % Gtotal(l=1) ave= 3.295E+02 +/- 0.66 % Gtotal(l=2) ave= 0.000E+00 +/- 0.00 % Gtotal(l=3) ave= 0.000E+00 +/- 0.00 %  % || Gg(l=0) ave= 5.873E-01 +/- 4.11 % Gg(l=1) ave= 6.399E-01 +/- 0.95 % Gg(l=2) ave= 0.000E+00 +/- 0.00 % Gg(l=3) ave= 0.000E+00 +/- 0.00 %  % || D(l=0) ave= 2.943E+04 +/- 0.59 % D(l=1) ave= 4.951E+03 +/- 0.00 % D(l=2) ave= 0.000E+00 +/- 0.00 % D(l=3) ave= 0.000E+00 +/- 0.00 %  % || S(l=0) ave= 3.485E-05 +/- 4.02 % S(l=1) ave= 1.726E-04 +/- 12.61 % S(l=2) ave= 0.000E+00 +/- 0.00 % S(l=3) ave= 0.000E+00 +/- 0.00 % 
 ... random file  111 Cap(th)  ave= 4.932E+01 b. +/- 43.45 % || Ela(th) ave= 2.408E+01 b. +/- 40.18 % || RIcap ave= 1.93E+01 b. +/- 40.17 % || Macs30 ave= 9.38E-03 b. +/- 2.83 % || Gn^0(l=0) ave= 2.140E+00 +/- 4.74 % Gn^0(l=1) ave= 4.105E+00 +/- 12.63 % Gn^0(l=2) ave= 0.000E+00 +/- 0.00 % Gn^0(l=3) ave= 0.000E+00 +/- 0.00 % || Gtotal(l=0) ave= 1.182E+03 +/- 3.70 % Gtotal(l=1) ave= 3.295E+02 +/- 0.66 % Gtotal(l=2) ave= 0.000E+00 +/- 0.00 % Gtotal(l=3) ave= 0.000E+00 +/- 0.00 %  % || Gg(l=0) ave= 5.872E-01 +/- 4.09 % Gg(l=1) ave= 6.400E-01 +/- 0.94 % Gg(l=2) ave= 0.000E+00 +/- 0.00 % Gg(l=3) ave= 0.000E+00 +/- 0.00 %  % || D(l=0) ave= 2.943E+04 +/- 0.59 % D(l=1) ave= 4.951E+03 +/- 0.00 % D(l=2) ave= 0.000E+00 +/- 0.00 % D(l=3) ave= 0.000E+00 +/- 0.00 %  % || S(l=0) ave= 3.485E-05 +/- 4.00 % S(l=1) ave= 1.727E-04 +/- 12.57 % S(l=2) ave= 0.000E+00 +/- 0.00 % S(l=3) ave= 0.000E+00 +/- 0.00 % 
 ... random file  112 Cap(th)  ave= 4.929E+01 b. +/- 43.28 % || Ela(th) ave= 2.406E+01 b. +/- 40.05 % || RIcap ave= 1.93E+01 b. +/- 40.02 % || Macs30 ave= 9.38E-03 b. +/- 2.82 % || Gn^0(l=0) ave= 2.140E+00 +/- 4.72 % Gn^0(l=1) ave= 4.112E+00 +/- 12.70 % Gn^0(l=2) ave= 0.000E+00 +/- 0.00 % Gn^0(l=3) ave= 0.000E+00 +/- 0.00 % || Gtotal(l=0) ave= 1.182E+03 +/- 3.69 % Gtotal(l=1) ave= 3.295E+02 +/- 0.66 % Gtotal(l=2) ave= 0.000E+00 +/- 0.00 % Gtotal(l=3) ave= 0.000E+00 +/- 0.00 %  % || Gg(l=0) ave= 5.870E-01 +/- 4.09 % Gg(l=1) ave= 6.399E-01 +/- 0.94 % Gg(l=2) ave= 0.000E+00 +/- 0.00 % Gg(l=3) ave= 0.000E+00 +/- 0.00 %  % || D(l=0) ave= 2.943E+04 +/- 0.59 % D(l=1) ave= 4.951E+03 +/- 0.00 % D(l=2) ave= 0.000E+00 +/- 0.00 % D(l=3) ave= 0.000E+00 +/- 0.00 %  % || S(l=0) ave= 3.485E-05 +/- 3.98 % S(l=1) ave= 1.730E-04 +/- 12.64 % S(l=2) ave= 0.000E+00 +/- 0.00 % S(l=3) ave= 0.000E+00 +/- 0.00 % 
 ... random file  113 Cap(th)  ave= 4.909E+01 b. +/- 43.48 % || Ela(th) ave= 2.396E+01 b. +/- 40.23 % || RIcap ave= 1.92E+01 b. +/- 40.20 % || Macs30 ave= 9.39E-03 b. +/- 2.83 % || Gn^0(l=0) ave= 2.140E+00 +/- 4.70 % Gn^0(l=1) ave= 4.113E+00 +/- 12.64 % Gn^0(l=2) ave= 0.000E+00 +/- 0.00 % Gn^0(l=3) ave= 0.000E+00 +/- 0.00 % || Gtotal(l=0) ave= 1.182E+03 +/- 3.67 % Gtotal(l=1) ave= 3.295E+02 +/- 0.66 % Gtotal(l=2) ave= 0.000E+00 +/- 0.00 % Gtotal(l=3) ave= 0.000E+00 +/- 0.00 %  % || Gg(l=0) ave= 5.870E-01 +/- 4.07 % Gg(l=1) ave= 6.400E-01 +/- 0.94 % Gg(l=2) ave= 0.000E+00 +/- 0.00 % Gg(l=3) ave= 0.000E+00 +/- 0.00 %  % || D(l=0) ave= 2.943E+04 +/- 0.58 % D(l=1) ave= 4.951E+03 +/- 0.00 % D(l=2) ave= 0.000E+00 +/- 0.00 % D(l=3) ave= 0.000E+00 +/- 0.00 %  % || S(l=0) ave= 3.485E-05 +/- 3.97 % S(l=1) ave= 1.731E-04 +/- 12.59 % S(l=2) ave= 0.000E+00 +/- 0.00 % S(l=3) ave= 0.000E+00 +/- 0.00 % 
 ... random file  114 Cap(th)  ave= 4.890E+01 b. +/- 43.66 % || Ela(th) ave= 2.388E+01 b. +/- 40.36 % || RIcap ave= 1.92E+01 b. +/- 40.36 % || Macs30 ave= 9.38E-03 b. +/- 2.85 % || Gn^0(l=0) ave= 2.141E+00 +/- 4.69 % Gn^0(l=1) ave= 4.111E+00 +/- 12.61 % Gn^0(l=2) ave= 0.000E+00 +/- 0.00 % Gn^0(l=3) ave= 0.000E+00 +/- 0.00 % || Gtotal(l=0) ave= 1.182E+03 +/- 3.66 % Gtotal(l=1) ave= 3.295E+02 +/- 0.66 % Gtotal(l=2) ave= 0.000E+00 +/- 0.00 % Gtotal(l=3) ave= 0.000E+00 +/- 0.00 %  % || Gg(l=0) ave= 5.869E-01 +/- 4.06 % Gg(l=1) ave= 6.399E-01 +/- 0.95 % Gg(l=2) ave= 0.000E+00 +/- 0.00 % Gg(l=3) ave= 0.000E+00 +/- 0.00 %  % || D(l=0) ave= 2.943E+04 +/- 0.58 % D(l=1) ave= 4.951E+03 +/- 0.00 % D(l=2) ave= 0.000E+00 +/- 0.00 % D(l=3) ave= 0.000E+00 +/- 0.00 %  % || S(l=0) ave= 3.486E-05 +/- 3.96 % S(l=1) ave= 1.730E-04 +/- 12.56 % S(l=2) ave= 0.000E+00 +/- 0.00 % S(l=3) ave= 0.000E+00 +/- 0.00 % 
 ... random file  115 Cap(th)  ave= 4.896E+01 b. +/- 43.44 % || Ela(th) ave= 2.390E+01 b. +/- 40.16 % || RIcap ave= 1.92E+01 b. +/- 40.16 % || Macs30 ave= 9.38E-03 b. +/- 2.84 % || Gn^0(l=0) ave= 2.140E+00 +/- 4.68 % Gn^0(l=1) ave= 4.113E+00 +/- 12.57 % Gn^0(l=2) ave= 0.000E+00 +/- 0.00 % Gn^0(l=3) ave= 0.000E+00 +/- 0.00 % || Gtotal(l=0) ave= 1.182E+03 +/- 3.65 % Gtotal(l=1) ave= 3.295E+02 +/- 0.66 % Gtotal(l=2) ave= 0.000E+00 +/- 0.00 % Gtotal(l=3) ave= 0.000E+00 +/- 0.00 %  % || Gg(l=0) ave= 5.870E-01 +/- 4.04 % Gg(l=1) ave= 6.398E-01 +/- 0.95 % Gg(l=2) ave= 0.000E+00 +/- 0.00 % Gg(l=3) ave= 0.000E+00 +/- 0.00 %  % || D(l=0) ave= 2.943E+04 +/- 0.58 % D(l=1) ave= 4.951E+03 +/- 0.00 % D(l=2) ave= 0.000E+00 +/- 0.00 % D(l=3) ave= 0.000E+00 +/- 0.00 %  % || S(l=0) ave= 3.485E-05 +/- 3.95 % S(l=1) ave= 1.731E-04 +/- 12.52 % S(l=2) ave= 0.000E+00 +/- 0.00 % S(l=3) ave= 0.000E+00 +/- 0.00 % 
 ... random file  116 Cap(th)  ave= 4.897E+01 b. +/- 43.25 % || Ela(th) ave= 2.389E+01 b. +/- 40.03 % || RIcap ave= 1.92E+01 b. +/- 39.99 % || Macs30 ave= 9.38E-03 b. +/- 2.83 % || Gn^0(l=0) ave= 2.140E+00 +/- 4.66 % Gn^0(l=1) ave= 4.125E+00 +/- 12.84 % Gn^0(l=2) ave= 0.000E+00 +/- 0.00 % Gn^0(l=3) ave= 0.000E+00 +/- 0.00 % || Gtotal(l=0) ave= 1.182E+03 +/- 3.64 % Gtotal(l=1) ave= 3.295E+02 +/- 0.66 % Gtotal(l=2) ave= 0.000E+00 +/- 0.00 % Gtotal(l=3) ave= 0.000E+00 +/- 0.00 %  % || Gg(l=0) ave= 5.868E-01 +/- 4.03 % Gg(l=1) ave= 6.398E-01 +/- 0.96 % Gg(l=2) ave= 0.000E+00 +/- 0.00 % Gg(l=3) ave= 0.000E+00 +/- 0.00 %  % || D(l=0) ave= 2.943E+04 +/- 0.58 % D(l=1) ave= 4.951E+03 +/- 0.00 % D(l=2) ave= 0.000E+00 +/- 0.00 % D(l=3) ave= 0.000E+00 +/- 0.00 %  % || S(l=0) ave= 3.485E-05 +/- 3.93 % S(l=1) ave= 1.736E-04 +/- 12.78 % S(l=2) ave= 0.000E+00 +/- 0.00 % S(l=3) ave= 0.000E+00 +/- 0.00 % 
 ... random file  117 Cap(th)  ave= 4.889E+01 b. +/- 43.17 % || Ela(th) ave= 2.385E+01 b. +/- 39.95 % || RIcap ave= 1.92E+01 b. +/- 39.90 % || Macs30 ave= 9.38E-03 b. +/- 2.82 % || Gn^0(l=0) ave= 2.142E+00 +/- 4.75 % Gn^0(l=1) ave= 4.124E+00 +/- 12.79 % Gn^0(l=2) ave= 0.000E+00 +/- 0.00 % Gn^0(l=3) ave= 0.000E+00 +/- 0.00 % || Gtotal(l=0) ave= 1.183E+03 +/- 3.71 % Gtotal(l=1) ave= 3.295E+02 +/- 0.67 % Gtotal(l=2) ave= 0.000E+00 +/- 0.00 % Gtotal(l=3) ave= 0.000E+00 +/- 0.00 %  % || Gg(l=0) ave= 5.873E-01 +/- 4.13 % Gg(l=1) ave= 6.398E-01 +/- 0.95 % Gg(l=2) ave= 0.000E+00 +/- 0.00 % Gg(l=3) ave= 0.000E+00 +/- 0.00 %  % || D(l=0) ave= 2.943E+04 +/- 0.57 % D(l=1) ave= 4.951E+03 +/- 0.00 % D(l=2) ave= 0.000E+00 +/- 0.00 % D(l=3) ave= 0.000E+00 +/- 0.00 %  % || S(l=0) ave= 3.488E-05 +/- 4.01 % S(l=1) ave= 1.735E-04 +/- 12.73 % S(l=2) ave= 0.000E+00 +/- 0.00 % S(l=3) ave= 0.000E+00 +/- 0.00 % 
 ... random file  118 Cap(th)  ave= 4.903E+01 b. +/- 42.97 % || Ela(th) ave= 2.389E+01 b. +/- 39.76 % || RIcap ave= 1.92E+01 b. +/- 39.73 % || Macs30 ave= 9.39E-03 b. +/- 2.83 % || Gn^0(l=0) ave= 2.142E+00 +/- 4.74 % Gn^0(l=1) ave= 4.133E+00 +/- 12.93 % Gn^0(l=2) ave= 0.000E+00 +/- 0.00 % Gn^0(l=3) ave= 0.000E+00 +/- 0.00 % || Gtotal(l=0) ave= 1.183E+03 +/- 3.70 % Gtotal(l=1) ave= 3.295E+02 +/- 0.67 % Gtotal(l=2) ave= 0.000E+00 +/- 0.00 % Gtotal(l=3) ave= 0.000E+00 +/- 0.00 %  % || Gg(l=0) ave= 5.874E-01 +/- 4.11 % Gg(l=1) ave= 6.399E-01 +/- 0.96 % Gg(l=2) ave= 0.000E+00 +/- 0.00 % Gg(l=3) ave= 0.000E+00 +/- 0.00 %  % || D(l=0) ave= 2.943E+04 +/- 0.57 % D(l=1) ave= 4.951E+03 +/- 0.00 % D(l=2) ave= 0.000E+00 +/- 0.00 % D(l=3) ave= 0.000E+00 +/- 0.00 %  % || S(l=0) ave= 3.487E-05 +/- 4.00 % S(l=1) ave= 1.739E-04 +/- 12.87 % S(l=2) ave= 0.000E+00 +/- 0.00 % S(l=3) ave= 0.000E+00 +/- 0.00 % 
 ... random file  119 Cap(th)  ave= 4.903E+01 b. +/- 42.79 % || Ela(th) ave= 2.390E+01 b. +/- 39.58 % || RIcap ave= 1.92E+01 b. +/- 39.56 % || Macs30 ave= 9.39E-03 b. +/- 2.84 % || Gn^0(l=0) ave= 2.141E+00 +/- 4.75 % Gn^0(l=1) ave= 4.128E+00 +/- 12.96 % Gn^0(l=2) ave= 0.000E+00 +/- 0.00 % Gn^0(l=3) ave= 0.000E+00 +/- 0.00 % || Gtotal(l=0) ave= 1.182E+03 +/- 3.71 % Gtotal(l=1) ave= 3.295E+02 +/- 0.67 % Gtotal(l=2) ave= 0.000E+00 +/- 0.00 % Gtotal(l=3) ave= 0.000E+00 +/- 0.00 %  % || Gg(l=0) ave= 5.875E-01 +/- 4.10 % Gg(l=1) ave= 6.398E-01 +/- 0.96 % Gg(l=2) ave= 0.000E+00 +/- 0.00 % Gg(l=3) ave= 0.000E+00 +/- 0.00 %  % || D(l=0) ave= 2.943E+04 +/- 0.57 % D(l=1) ave= 4.951E+03 +/- 0.00 % D(l=2) ave= 0.000E+00 +/- 0.00 % D(l=3) ave= 0.000E+00 +/- 0.00 %  % || S(l=0) ave= 3.486E-05 +/- 4.00 % S(l=1) ave= 1.737E-04 +/- 12.90 % S(l=2) ave= 0.000E+00 +/- 0.00 % S(l=3) ave= 0.000E+00 +/- 0.00 % 
 ... random file  120 Cap(th)  ave= 4.893E+01 b. +/- 42.77 % || Ela(th) ave= 2.385E+01 b. +/- 39.57 % || RIcap ave= 1.92E+01 b. +/- 39.53 % || Macs30 ave= 9.39E-03 b. +/- 2.83 % || Gn^0(l=0) ave= 2.140E+00 +/- 4.73 % Gn^0(l=1) ave= 4.131E+00 +/- 12.92 % Gn^0(l=2) ave= 0.000E+00 +/- 0.00 % Gn^0(l=3) ave= 0.000E+00 +/- 0.00 % || Gtotal(l=0) ave= 1.182E+03 +/- 3.69 % Gtotal(l=1) ave= 3.295E+02 +/- 0.67 % Gtotal(l=2) ave= 0.000E+00 +/- 0.00 % Gtotal(l=3) ave= 0.000E+00 +/- 0.00 %  % || Gg(l=0) ave= 5.876E-01 +/- 4.09 % Gg(l=1) ave= 6.398E-01 +/- 0.96 % Gg(l=2) ave= 0.000E+00 +/- 0.00 % Gg(l=3) ave= 0.000E+00 +/- 0.00 %  % || D(l=0) ave= 2.943E+04 +/- 0.57 % D(l=1) ave= 4.951E+03 +/- 0.00 % D(l=2) ave= 0.000E+00 +/- 0.00 % D(l=3) ave= 0.000E+00 +/- 0.00 %  % || S(l=0) ave= 3.485E-05 +/- 3.99 % S(l=1) ave= 1.738E-04 +/- 12.86 % S(l=2) ave= 0.000E+00 +/- 0.00 % S(l=3) ave= 0.000E+00 +/- 0.00 % 
 ... random file  121 Cap(th)  ave= 4.882E+01 b. +/- 42.75 % || Ela(th) ave= 2.379E+01 b. +/- 39.60 % || RIcap ave= 1.91E+01 b. +/- 39.51 % || Macs30 ave= 9.39E-03 b. +/- 2.82 % || Gn^0(l=0) ave= 2.140E+00 +/- 4.72 % Gn^0(l=1) ave= 4.134E+00 +/- 12.89 % Gn^0(l=2) ave= 0.000E+00 +/- 0.00 % Gn^0(l=3) ave= 0.000E+00 +/- 0.00 % || Gtotal(l=0) ave= 1.182E+03 +/- 3.69 % Gtotal(l=1) ave= 3.295E+02 +/- 0.67 % Gtotal(l=2) ave= 0.000E+00 +/- 0.00 % Gtotal(l=3) ave= 0.000E+00 +/- 0.00 %  % || Gg(l=0) ave= 5.875E-01 +/- 4.07 % Gg(l=1) ave= 6.398E-01 +/- 0.96 % Gg(l=2) ave= 0.000E+00 +/- 0.00 % Gg(l=3) ave= 0.000E+00 +/- 0.00 %  % || D(l=0) ave= 2.943E+04 +/- 0.56 % D(l=1) ave= 4.951E+03 +/- 0.00 % D(l=2) ave= 0.000E+00 +/- 0.00 % D(l=3) ave= 0.000E+00 +/- 0.00 %  % || S(l=0) ave= 3.485E-05 +/- 3.98 % S(l=1) ave= 1.740E-04 +/- 12.83 % S(l=2) ave= 0.000E+00 +/- 0.00 % S(l=3) ave= 0.000E+00 +/- 0.00 % 
 ... random file  122 Cap(th)  ave= 4.890E+01 b. +/- 42.54 % || Ela(th) ave= 2.382E+01 b. +/- 39.42 % || RIcap ave= 1.92E+01 b. +/- 39.33 % || Macs30 ave= 9.39E-03 b. +/- 2.81 % || Gn^0(l=0) ave= 2.140E+00 +/- 4.70 % Gn^0(l=1) ave= 4.137E+00 +/- 12.86 % Gn^0(l=2) ave= 0.000E+00 +/- 0.00 % Gn^0(l=3) ave= 0.000E+00 +/- 0.00 % || Gtotal(l=0) ave= 1.182E+03 +/- 3.67 % Gtotal(l=1) ave= 3.295E+02 +/- 0.67 % Gtotal(l=2) ave= 0.000E+00 +/- 0.00 % Gtotal(l=3) ave= 0.000E+00 +/- 0.00 %  % || Gg(l=0) ave= 5.875E-01 +/- 4.06 % Gg(l=1) ave= 6.398E-01 +/- 0.95 % Gg(l=2) ave= 0.000E+00 +/- 0.00 % Gg(l=3) ave= 0.000E+00 +/- 0.00 %  % || D(l=0) ave= 2.943E+04 +/- 0.56 % D(l=1) ave= 4.951E+03 +/- 0.00 % D(l=2) ave= 0.000E+00 +/- 0.00 % D(l=3) ave= 0.000E+00 +/- 0.00 %  % || S(l=0) ave= 3.484E-05 +/- 3.96 % S(l=1) ave= 1.741E-04 +/- 12.80 % S(l=2) ave= 0.000E+00 +/- 0.00 % S(l=3) ave= 0.000E+00 +/- 0.00 % 
 ... random file  123 Cap(th)  ave= 4.925E+01 b. +/- 42.82 % || Ela(th) ave= 2.398E+01 b. +/- 39.68 % || RIcap ave= 1.93E+01 b. +/- 39.60 % || Macs30 ave= 9.39E-03 b. +/- 2.81 % || Gn^0(l=0) ave= 2.140E+00 +/- 4.70 % Gn^0(l=1) ave= 4.138E+00 +/- 12.80 % Gn^0(l=2) ave= 0.000E+00 +/- 0.00 % Gn^0(l=3) ave= 0.000E+00 +/- 0.00 % || Gtotal(l=0) ave= 1.182E+03 +/- 3.67 % Gtotal(l=1) ave= 3.295E+02 +/- 0.67 % Gtotal(l=2) ave= 0.000E+00 +/- 0.00 % Gtotal(l=3) ave= 0.000E+00 +/- 0.00 %  % || Gg(l=0) ave= 5.878E-01 +/- 4.08 % Gg(l=1) ave= 6.398E-01 +/- 0.95 % Gg(l=2) ave= 0.000E+00 +/- 0.00 % Gg(l=3) ave= 0.000E+00 +/- 0.00 %  % || D(l=0) ave= 2.943E+04 +/- 0.56 % D(l=1) ave= 4.951E+03 +/- 0.00 % D(l=2) ave= 0.000E+00 +/- 0.00 % D(l=3) ave= 0.000E+00 +/- 0.00 %  % || S(l=0) ave= 3.485E-05 +/- 3.96 % S(l=1) ave= 1.741E-04 +/- 12.74 % S(l=2) ave= 0.000E+00 +/- 0.00 % S(l=3) ave= 0.000E+00 +/- 0.00 % 
 ... random file  124 Cap(th)  ave= 4.912E+01 b. +/- 42.86 % || Ela(th) ave= 2.393E+01 b. +/- 39.68 % || RIcap ave= 1.92E+01 b. +/- 39.64 % || Macs30 ave= 9.39E-03 b. +/- 2.80 % || Gn^0(l=0) ave= 2.141E+00 +/- 4.70 % Gn^0(l=1) ave= 4.135E+00 +/- 12.79 % Gn^0(l=2) ave= 0.000E+00 +/- 0.00 % Gn^0(l=3) ave= 0.000E+00 +/- 0.00 % || Gtotal(l=0) ave= 1.182E+03 +/- 3.67 % Gtotal(l=1) ave= 3.295E+02 +/- 0.66 % Gtotal(l=2) ave= 0.000E+00 +/- 0.00 % Gtotal(l=3) ave= 0.000E+00 +/- 0.00 %  % || Gg(l=0) ave= 5.879E-01 +/- 4.07 % Gg(l=1) ave= 6.398E-01 +/- 0.95 % Gg(l=2) ave= 0.000E+00 +/- 0.00 % Gg(l=3) ave= 0.000E+00 +/- 0.00 %  % || D(l=0) ave= 2.943E+04 +/- 0.56 % D(l=1) ave= 4.951E+03 +/- 0.00 % D(l=2) ave= 0.000E+00 +/- 0.00 % D(l=3) ave= 0.000E+00 +/- 0.00 %  % || S(l=0) ave= 3.487E-05 +/- 3.96 % S(l=1) ave= 1.740E-04 +/- 12.73 % S(l=2) ave= 0.000E+00 +/- 0.00 % S(l=3) ave= 0.000E+00 +/- 0.00 % 
 ... random file  125 Cap(th)  ave= 4.918E+01 b. +/- 42.66 % || Ela(th) ave= 2.397E+01 b. +/- 39.50 % || RIcap ave= 1.93E+01 b. +/- 39.45 % || Macs30 ave= 9.39E-03 b. +/- 2.80 % || Gn^0(l=0) ave= 2.140E+00 +/- 4.71 % Gn^0(l=1) ave= 4.128E+00 +/- 12.89 % Gn^0(l=2) ave= 0.000E+00 +/- 0.00 % Gn^0(l=3) ave= 0.000E+00 +/- 0.00 % || Gtotal(l=0) ave= 1.182E+03 +/- 3.68 % Gtotal(l=1) ave= 3.295E+02 +/- 0.66 % Gtotal(l=2) ave= 0.000E+00 +/- 0.00 % Gtotal(l=3) ave= 0.000E+00 +/- 0.00 %  % || Gg(l=0) ave= 5.880E-01 +/- 4.06 % Gg(l=1) ave= 6.398E-01 +/- 0.94 % Gg(l=2) ave= 0.000E+00 +/- 0.00 % Gg(l=3) ave= 0.000E+00 +/- 0.00 %  % || D(l=0) ave= 2.943E+04 +/- 0.55 % D(l=1) ave= 4.951E+03 +/- 0.00 % D(l=2) ave= 0.000E+00 +/- 0.00 % D(l=3) ave= 0.000E+00 +/- 0.00 %  % || S(l=0) ave= 3.485E-05 +/- 3.97 % S(l=1) ave= 1.737E-04 +/- 12.83 % S(l=2) ave= 0.000E+00 +/- 0.00 % S(l=3) ave= 0.000E+00 +/- 0.00 % 
 ... random file  126 Cap(th)  ave= 4.945E+01 b. +/- 42.70 % || Ela(th) ave= 2.409E+01 b. +/- 39.56 % || RIcap ave= 1.94E+01 b. +/- 39.50 % || Macs30 ave= 9.39E-03 b. +/- 2.79 % || Gn^0(l=0) ave= 2.139E+00 +/- 4.73 % Gn^0(l=1) ave= 4.128E+00 +/- 12.84 % Gn^0(l=2) ave= 0.000E+00 +/- 0.00 % Gn^0(l=3) ave= 0.000E+00 +/- 0.00 % || Gtotal(l=0) ave= 1.181E+03 +/- 3.74 % Gtotal(l=1) ave= 3.295E+02 +/- 0.66 % Gtotal(l=2) ave= 0.000E+00 +/- 0.00 % Gtotal(l=3) ave= 0.000E+00 +/- 0.00 %  % || Gg(l=0) ave= 5.879E-01 +/- 4.05 % Gg(l=1) ave= 6.398E-01 +/- 0.94 % Gg(l=2) ave= 0.000E+00 +/- 0.00 % Gg(l=3) ave= 0.000E+00 +/- 0.00 %  % || D(l=0) ave= 2.944E+04 +/- 0.78 % D(l=1) ave= 4.951E+03 +/- 0.00 % D(l=2) ave= 0.000E+00 +/- 0.00 % D(l=3) ave= 0.000E+00 +/- 0.00 %  % || S(l=0) ave= 3.482E-05 +/- 4.05 % S(l=1) ave= 1.737E-04 +/- 12.77 % S(l=2) ave= 0.000E+00 +/- 0.00 % S(l=3) ave= 0.000E+00 +/- 0.00 % 
 ... random file  127 Cap(th)  ave= 4.933E+01 b. +/- 42.74 % || Ela(th) ave= 2.403E+01 b. +/- 39.60 % || RIcap ave= 1.93E+01 b. +/- 39.53 % || Macs30 ave= 9.40E-03 b. +/- 2.79 % || Gn^0(l=0) ave= 2.138E+00 +/- 4.74 % Gn^0(l=1) ave= 4.130E+00 +/- 12.79 % Gn^0(l=2) ave= 0.000E+00 +/- 0.00 % Gn^0(l=3) ave= 0.000E+00 +/- 0.00 % || Gtotal(l=0) ave= 1.181E+03 +/- 3.75 % Gtotal(l=1) ave= 3.295E+02 +/- 0.66 % Gtotal(l=2) ave= 0.000E+00 +/- 0.00 % Gtotal(l=3) ave= 0.000E+00 +/- 0.00 %  % || Gg(l=0) ave= 5.879E-01 +/- 4.03 % Gg(l=1) ave= 6.398E-01 +/- 0.94 % Gg(l=2) ave= 0.000E+00 +/- 0.00 % Gg(l=3) ave= 0.000E+00 +/- 0.00 %  % || D(l=0) ave= 2.944E+04 +/- 0.77 % D(l=1) ave= 4.951E+03 +/- 0.00 % D(l=2) ave= 0.000E+00 +/- 0.00 % D(l=3) ave= 0.000E+00 +/- 0.00 %  % || S(l=0) ave= 3.481E-05 +/- 4.06 % S(l=1) ave= 1.738E-04 +/- 12.73 % S(l=2) ave= 0.000E+00 +/- 0.00 % S(l=3) ave= 0.000E+00 +/- 0.00 % 
 ... random file  128 Cap(th)  ave= 4.940E+01 b. +/- 42.54 % || Ela(th) ave= 2.407E+01 b. +/- 39.42 % || RIcap ave= 1.93E+01 b. +/- 39.35 % || Macs30 ave= 9.40E-03 b. +/- 2.78 % || Gn^0(l=0) ave= 2.137E+00 +/- 4.76 % Gn^0(l=1) ave= 4.126E+00 +/- 12.78 % Gn^0(l=2) ave= 0.000E+00 +/- 0.00 % Gn^0(l=3) ave= 0.000E+00 +/- 0.00 % || Gtotal(l=0) ave= 1.180E+03 +/- 3.76 % Gtotal(l=1) ave= 3.294E+02 +/- 0.66 % Gtotal(l=2) ave= 0.000E+00 +/- 0.00 % Gtotal(l=3) ave= 0.000E+00 +/- 0.00 %  % || Gg(l=0) ave= 5.878E-01 +/- 4.03 % Gg(l=1) ave= 6.398E-01 +/- 0.94 % Gg(l=2) ave= 0.000E+00 +/- 0.00 % Gg(l=3) ave= 0.000E+00 +/- 0.00 %  % || D(l=0) ave= 2.944E+04 +/- 0.77 % D(l=1) ave= 4.951E+03 +/- 0.00 % D(l=2) ave= 0.000E+00 +/- 0.00 % D(l=3) ave= 0.000E+00 +/- 0.00 %  % || S(l=0) ave= 3.480E-05 +/- 4.06 % S(l=1) ave= 1.736E-04 +/- 12.72 % S(l=2) ave= 0.000E+00 +/- 0.00 % S(l=3) ave= 0.000E+00 +/- 0.00 % 
 ... random file  129 Cap(th)  ave= 4.925E+01 b. +/- 42.66 % || Ela(th) ave= 2.400E+01 b. +/- 39.49 % || RIcap ave= 1.93E+01 b. +/- 39.45 % || Macs30 ave= 9.40E-03 b. +/- 2.77 % || Gn^0(l=0) ave= 2.136E+00 +/- 4.75 % Gn^0(l=1) ave= 4.123E+00 +/- 12.77 % Gn^0(l=2) ave= 0.000E+00 +/- 0.00 % Gn^0(l=3) ave= 0.000E+00 +/- 0.00 % || Gtotal(l=0) ave= 1.180E+03 +/- 3.75 % Gtotal(l=1) ave= 3.294E+02 +/- 0.66 % Gtotal(l=2) ave= 0.000E+00 +/- 0.00 % Gtotal(l=3) ave= 0.000E+00 +/- 0.00 %  % || Gg(l=0) ave= 5.876E-01 +/- 4.02 % Gg(l=1) ave= 6.398E-01 +/- 0.93 % Gg(l=2) ave= 0.000E+00 +/- 0.00 % Gg(l=3) ave= 0.000E+00 +/- 0.00 %  % || D(l=0) ave= 2.944E+04 +/- 0.77 % D(l=1) ave= 4.951E+03 +/- 0.00 % D(l=2) ave= 0.000E+00 +/- 0.00 % D(l=3) ave= 0.000E+00 +/- 0.00 %  % || S(l=0) ave= 3.479E-05 +/- 4.06 % S(l=1) ave= 1.735E-04 +/- 12.71 % S(l=2) ave= 0.000E+00 +/- 0.00 % S(l=3) ave= 0.000E+00 +/- 0.00 % 
 ... random file  130 Cap(th)  ave= 4.918E+01 b. +/- 42.59 % || Ela(th) ave= 2.398E+01 b. +/- 39.40 % || RIcap ave= 1.93E+01 b. +/- 39.38 % || Macs30 ave= 9.40E-03 b. +/- 2.76 % || Gn^0(l=0) ave= 2.139E+00 +/- 4.86 % Gn^0(l=1) ave= 4.118E+00 +/- 12.81 % Gn^0(l=2) ave= 0.000E+00 +/- 0.00 % Gn^0(l=3) ave= 0.000E+00 +/- 0.00 % || Gtotal(l=0) ave= 1.181E+03 +/- 3.84 % Gtotal(l=1) ave= 3.294E+02 +/- 0.66 % Gtotal(l=2) ave= 0.000E+00 +/- 0.00 % Gtotal(l=3) ave= 0.000E+00 +/- 0.00 %  % || Gg(l=0) ave= 5.876E-01 +/- 4.01 % Gg(l=1) ave= 6.397E-01 +/- 0.93 % Gg(l=2) ave= 0.000E+00 +/- 0.00 % Gg(l=3) ave= 0.000E+00 +/- 0.00 %  % || D(l=0) ave= 2.944E+04 +/- 0.77 % D(l=1) ave= 4.951E+03 +/- 0.00 % D(l=2) ave= 0.000E+00 +/- 0.00 % D(l=3) ave= 0.000E+00 +/- 0.00 %  % || S(l=0) ave= 3.482E-05 +/- 4.15 % S(l=1) ave= 1.733E-04 +/- 12.75 % S(l=2) ave= 0.000E+00 +/- 0.00 % S(l=3) ave= 0.000E+00 +/- 0.00 % 
 ... random file  131 Cap(th)  ave= 4.921E+01 b. +/- 42.41 % || Ela(th) ave= 2.399E+01 b. +/- 39.23 % || RIcap ave= 1.93E+01 b. +/- 39.22 % || Macs30 ave= 9.40E-03 b. +/- 2.75 % || Gn^0(l=0) ave= 2.138E+00 +/- 4.88 % Gn^0(l=1) ave= 4.114E+00 +/- 12.83 % Gn^0(l=2) ave= 0.000E+00 +/- 0.00 % Gn^0(l=3) ave= 0.000E+00 +/- 0.00 % || Gtotal(l=0) ave= 1.181E+03 +/- 3.85 % Gtotal(l=1) ave= 3.294E+02 +/- 0.66 % Gtotal(l=2) ave= 0.000E+00 +/- 0.00 % Gtotal(l=3) ave= 0.000E+00 +/- 0.00 %  % || Gg(l=0) ave= 5.876E-01 +/- 3.99 % Gg(l=1) ave= 6.397E-01 +/- 0.93 % Gg(l=2) ave= 0.000E+00 +/- 0.00 % Gg(l=3) ave= 0.000E+00 +/- 0.00 %  % || D(l=0) ave= 2.944E+04 +/- 0.76 % D(l=1) ave= 4.951E+03 +/- 0.00 % D(l=2) ave= 0.000E+00 +/- 0.00 % D(l=3) ave= 0.000E+00 +/- 0.00 %  % || S(l=0) ave= 3.481E-05 +/- 4.16 % S(l=1) ave= 1.731E-04 +/- 12.78 % S(l=2) ave= 0.000E+00 +/- 0.00 % S(l=3) ave= 0.000E+00 +/- 0.00 % 
 ... random file  132 Cap(th)  ave= 4.906E+01 b. +/- 42.51 % || Ela(th) ave= 2.393E+01 b. +/- 39.31 % || RIcap ave= 1.92E+01 b. +/- 39.30 % || Macs30 ave= 9.39E-03 b. +/- 2.78 % || Gn^0(l=0) ave= 2.138E+00 +/- 4.86 % Gn^0(l=1) ave= 4.115E+00 +/- 12.78 % Gn^0(l=2) ave= 0.000E+00 +/- 0.00 % Gn^0(l=3) ave= 0.000E+00 +/- 0.00 % || Gtotal(l=0) ave= 1.181E+03 +/- 3.83 % Gtotal(l=1) ave= 3.294E+02 +/- 0.66 % Gtotal(l=2) ave= 0.000E+00 +/- 0.00 % Gtotal(l=3) ave= 0.000E+00 +/- 0.00 %  % || Gg(l=0) ave= 5.875E-01 +/- 3.98 % Gg(l=1) ave= 6.397E-01 +/- 0.93 % Gg(l=2) ave= 0.000E+00 +/- 0.00 % Gg(l=3) ave= 0.000E+00 +/- 0.00 %  % || D(l=0) ave= 2.944E+04 +/- 0.76 % D(l=1) ave= 4.951E+03 +/- 0.00 % D(l=2) ave= 0.000E+00 +/- 0.00 % D(l=3) ave= 0.000E+00 +/- 0.00 %  % || S(l=0) ave= 3.481E-05 +/- 4.14 % S(l=1) ave= 1.731E-04 +/- 12.73 % S(l=2) ave= 0.000E+00 +/- 0.00 % S(l=3) ave= 0.000E+00 +/- 0.00 % 
 ... random file  133 Cap(th)  ave= 4.934E+01 b. +/- 42.60 % || Ela(th) ave= 2.405E+01 b. +/- 39.37 % || RIcap ave= 1.93E+01 b. +/- 39.41 % || Macs30 ave= 9.39E-03 b. +/- 2.77 % || Gn^0(l=0) ave= 2.137E+00 +/- 4.84 % Gn^0(l=1) ave= 4.118E+00 +/- 12.75 % Gn^0(l=2) ave= 0.000E+00 +/- 0.00 % Gn^0(l=3) ave= 0.000E+00 +/- 0.00 % || Gtotal(l=0) ave= 1.180E+03 +/- 3.82 % Gtotal(l=1) ave= 3.294E+02 +/- 0.66 % Gtotal(l=2) ave= 0.000E+00 +/- 0.00 % Gtotal(l=3) ave= 0.000E+00 +/- 0.00 %  % || Gg(l=0) ave= 5.873E-01 +/- 4.00 % Gg(l=1) ave= 6.397E-01 +/- 0.93 % Gg(l=2) ave= 0.000E+00 +/- 0.00 % Gg(l=3) ave= 0.000E+00 +/- 0.00 %  % || D(l=0) ave= 2.944E+04 +/- 0.76 % D(l=1) ave= 4.951E+03 +/- 0.00 % D(l=2) ave= 0.000E+00 +/- 0.00 % D(l=3) ave= 0.000E+00 +/- 0.00 %  % || S(l=0) ave= 3.480E-05 +/- 4.13 % S(l=1) ave= 1.733E-04 +/- 12.70 % S(l=2) ave= 0.000E+00 +/- 0.00 % S(l=3) ave= 0.000E+00 +/- 0.00 % 
 ... random file  134 Cap(th)  ave= 4.922E+01 b. +/- 42.65 % || Ela(th) ave= 2.399E+01 b. +/- 39.41 % || RIcap ave= 1.93E+01 b. +/- 39.44 % || Macs30 ave= 9.39E-03 b. +/- 2.77 % || Gn^0(l=0) ave= 2.137E+00 +/- 4.83 % Gn^0(l=1) ave= 4.119E+00 +/- 12.71 % Gn^0(l=2) ave= 0.000E+00 +/- 0.00 % Gn^0(l=3) ave= 0.000E+00 +/- 0.00 % || Gtotal(l=0) ave= 1.180E+03 +/- 3.81 % Gtotal(l=1) ave= 3.294E+02 +/- 0.66 % Gtotal(l=2) ave= 0.000E+00 +/- 0.00 % Gtotal(l=3) ave= 0.000E+00 +/- 0.00 %  % || Gg(l=0) ave= 5.871E-01 +/- 3.99 % Gg(l=1) ave= 6.397E-01 +/- 0.92 % Gg(l=2) ave= 0.000E+00 +/- 0.00 % Gg(l=3) ave= 0.000E+00 +/- 0.00 %  % || D(l=0) ave= 2.944E+04 +/- 0.75 % D(l=1) ave= 4.951E+03 +/- 0.00 % D(l=2) ave= 0.000E+00 +/- 0.00 % D(l=3) ave= 0.000E+00 +/- 0.00 %  % || S(l=0) ave= 3.480E-05 +/- 4.11 % S(l=1) ave= 1.733E-04 +/- 12.66 % S(l=2) ave= 0.000E+00 +/- 0.00 % S(l=3) ave= 0.000E+00 +/- 0.00 % 
 ... random file  135 Cap(th)  ave= 4.908E+01 b. +/- 42.74 % || Ela(th) ave= 2.393E+01 b. +/- 39.47 % || RIcap ave= 1.92E+01 b. +/- 39.52 % || Macs30 ave= 9.39E-03 b. +/- 2.76 % || Gn^0(l=0) ave= 2.137E+00 +/- 4.81 % Gn^0(l=1) ave= 4.119E+00 +/- 12.66 % Gn^0(l=2) ave= 0.000E+00 +/- 0.00 % Gn^0(l=3) ave= 0.000E+00 +/- 0.00 % || Gtotal(l=0) ave= 1.180E+03 +/- 3.80 % Gtotal(l=1) ave= 3.294E+02 +/- 0.66 % Gtotal(l=2) ave= 0.000E+00 +/- 0.00 % Gtotal(l=3) ave= 0.000E+00 +/- 0.00 %  % || Gg(l=0) ave= 5.871E-01 +/- 3.98 % Gg(l=1) ave= 6.397E-01 +/- 0.92 % Gg(l=2) ave= 0.000E+00 +/- 0.00 % Gg(l=3) ave= 0.000E+00 +/- 0.00 %  % || D(l=0) ave= 2.944E+04 +/- 0.75 % D(l=1) ave= 4.951E+03 +/- 0.00 % D(l=2) ave= 0.000E+00 +/- 0.00 % D(l=3) ave= 0.000E+00 +/- 0.00 %  % || S(l=0) ave= 3.480E-05 +/- 4.10 % S(l=1) ave= 1.733E-04 +/- 12.61 % S(l=2) ave= 0.000E+00 +/- 0.00 % S(l=3) ave= 0.000E+00 +/- 0.00 % 
 ... random file  136 Cap(th)  ave= 4.892E+01 b. +/- 42.89 % || Ela(th) ave= 2.386E+01 b. +/- 39.61 % || RIcap ave= 1.92E+01 b. +/- 39.65 % || Macs30 ave= 9.39E-03 b. +/- 2.76 % || Gn^0(l=0) ave= 2.136E+00 +/- 4.81 % Gn^0(l=1) ave= 4.117E+00 +/- 12.63 % Gn^0(l=2) ave= 0.000E+00 +/- 0.00 % Gn^0(l=3) ave= 0.000E+00 +/- 0.00 % || Gtotal(l=0) ave= 1.180E+03 +/- 3.79 % Gtotal(l=1) ave= 3.294E+02 +/- 0.66 % Gtotal(l=2) ave= 0.000E+00 +/- 0.00 % Gtotal(l=3) ave= 0.000E+00 +/- 0.00 %  % || Gg(l=0) ave= 5.872E-01 +/- 3.97 % Gg(l=1) ave= 6.397E-01 +/- 0.92 % Gg(l=2) ave= 0.000E+00 +/- 0.00 % Gg(l=3) ave= 0.000E+00 +/- 0.00 %  % || D(l=0) ave= 2.944E+04 +/- 0.75 % D(l=1) ave= 4.951E+03 +/- 0.00 % D(l=2) ave= 0.000E+00 +/- 0.00 % D(l=3) ave= 0.000E+00 +/- 0.00 %  % || S(l=0) ave= 3.479E-05 +/- 4.10 % S(l=1) ave= 1.733E-04 +/- 12.58 % S(l=2) ave= 0.000E+00 +/- 0.00 % S(l=3) ave= 0.000E+00 +/- 0.00 % 
 ... random file  137 Cap(th)  ave= 4.889E+01 b. +/- 42.77 % || Ela(th) ave= 2.383E+01 b. +/- 39.51 % || RIcap ave= 1.92E+01 b. +/- 39.54 % || Macs30 ave= 9.40E-03 b. +/- 2.79 % || Gn^0(l=0) ave= 2.136E+00 +/- 4.79 % Gn^0(l=1) ave= 4.120E+00 +/- 12.60 % Gn^0(l=2) ave= 0.000E+00 +/- 0.00 % Gn^0(l=3) ave= 0.000E+00 +/- 0.00 % || Gtotal(l=0) ave= 1.180E+03 +/- 3.78 % Gtotal(l=1) ave= 3.294E+02 +/- 0.66 % Gtotal(l=2) ave= 0.000E+00 +/- 0.00 % Gtotal(l=3) ave= 0.000E+00 +/- 0.00 %  % || Gg(l=0) ave= 5.872E-01 +/- 3.96 % Gg(l=1) ave= 6.398E-01 +/- 0.93 % Gg(l=2) ave= 0.000E+00 +/- 0.00 % Gg(l=3) ave= 0.000E+00 +/- 0.00 %  % || D(l=0) ave= 2.944E+04 +/- 0.75 % D(l=1) ave= 4.951E+03 +/- 0.00 % D(l=2) ave= 0.000E+00 +/- 0.00 % D(l=3) ave= 0.000E+00 +/- 0.00 %  % || S(l=0) ave= 3.479E-05 +/- 4.08 % S(l=1) ave= 1.733E-04 +/- 12.54 % S(l=2) ave= 0.000E+00 +/- 0.00 % S(l=3) ave= 0.000E+00 +/- 0.00 % 
 ... random file  138 Cap(th)  ave= 4.889E+01 b. +/- 42.61 % || Ela(th) ave= 2.383E+01 b. +/- 39.38 % || RIcap ave= 1.92E+01 b. +/- 39.40 % || Macs30 ave= 9.39E-03 b. +/- 2.80 % || Gn^0(l=0) ave= 2.136E+00 +/- 4.78 % Gn^0(l=1) ave= 4.120E+00 +/- 12.55 % Gn^0(l=2) ave= 0.000E+00 +/- 0.00 % Gn^0(l=3) ave= 0.000E+00 +/- 0.00 % || Gtotal(l=0) ave= 1.180E+03 +/- 3.77 % Gtotal(l=1) ave= 3.294E+02 +/- 0.66 % Gtotal(l=2) ave= 0.000E+00 +/- 0.00 % Gtotal(l=3) ave= 0.000E+00 +/- 0.00 %  % || Gg(l=0) ave= 5.873E-01 +/- 3.95 % Gg(l=1) ave= 6.398E-01 +/- 0.93 % Gg(l=2) ave= 0.000E+00 +/- 0.00 % Gg(l=3) ave= 0.000E+00 +/- 0.00 %  % || D(l=0) ave= 2.944E+04 +/- 0.74 % D(l=1) ave= 4.951E+03 +/- 0.00 % D(l=2) ave= 0.000E+00 +/- 0.00 % D(l=3) ave= 0.000E+00 +/- 0.00 %  % || S(l=0) ave= 3.479E-05 +/- 4.07 % S(l=1) ave= 1.734E-04 +/- 12.50 % S(l=2) ave= 0.000E+00 +/- 0.00 % S(l=3) ave= 0.000E+00 +/- 0.00 % 
 ... random file  139 Cap(th)  ave= 4.883E+01 b. +/- 42.53 % || Ela(th) ave= 2.380E+01 b. +/- 39.33 % || RIcap ave= 1.91E+01 b. +/- 39.32 % || Macs30 ave= 9.40E-03 b. +/- 2.83 % || Gn^0(l=0) ave= 2.135E+00 +/- 4.79 % Gn^0(l=1) ave= 4.124E+00 +/- 12.55 % Gn^0(l=2) ave= 0.000E+00 +/- 0.00 % Gn^0(l=3) ave= 0.000E+00 +/- 0.00 % || Gtotal(l=0) ave= 1.180E+03 +/- 3.78 % Gtotal(l=1) ave= 3.294E+02 +/- 0.66 % Gtotal(l=2) ave= 0.000E+00 +/- 0.00 % Gtotal(l=3) ave= 0.000E+00 +/- 0.00 %  % || Gg(l=0) ave= 5.873E-01 +/- 3.93 % Gg(l=1) ave= 6.399E-01 +/- 0.94 % Gg(l=2) ave= 0.000E+00 +/- 0.00 % Gg(l=3) ave= 0.000E+00 +/- 0.00 %  % || D(l=0) ave= 2.944E+04 +/- 0.74 % D(l=1) ave= 4.951E+03 +/- 0.00 % D(l=2) ave= 0.000E+00 +/- 0.00 % D(l=3) ave= 0.000E+00 +/- 0.00 %  % || S(l=0) ave= 3.477E-05 +/- 4.08 % S(l=1) ave= 1.735E-04 +/- 12.50 % S(l=2) ave= 0.000E+00 +/- 0.00 % S(l=3) ave= 0.000E+00 +/- 0.00 % 
 ... random file  140 Cap(th)  ave= 4.889E+01 b. +/- 42.36 % || Ela(th) ave= 2.381E+01 b. +/- 39.17 % || RIcap ave= 1.92E+01 b. +/- 39.16 % || Macs30 ave= 9.40E-03 b. +/- 2.83 % || Gn^0(l=0) ave= 2.134E+00 +/- 4.80 % Gn^0(l=1) ave= 4.131E+00 +/- 12.64 % Gn^0(l=2) ave= 0.000E+00 +/- 0.00 % Gn^0(l=3) ave= 0.000E+00 +/- 0.00 % || Gtotal(l=0) ave= 1.179E+03 +/- 3.78 % Gtotal(l=1) ave= 3.294E+02 +/- 0.66 % Gtotal(l=2) ave= 0.000E+00 +/- 0.00 % Gtotal(l=3) ave= 0.000E+00 +/- 0.00 %  % || Gg(l=0) ave= 5.874E-01 +/- 3.92 % Gg(l=1) ave= 6.399E-01 +/- 0.94 % Gg(l=2) ave= 0.000E+00 +/- 0.00 % Gg(l=3) ave= 0.000E+00 +/- 0.00 %  % || D(l=0) ave= 2.944E+04 +/- 0.74 % D(l=1) ave= 4.951E+03 +/- 0.00 % D(l=2) ave= 0.000E+00 +/- 0.00 % D(l=3) ave= 0.000E+00 +/- 0.00 %  % || S(l=0) ave= 3.476E-05 +/- 4.08 % S(l=1) ave= 1.738E-04 +/- 12.58 % S(l=2) ave= 0.000E+00 +/- 0.00 % S(l=3) ave= 0.000E+00 +/- 0.00 % 
 ... random file  141 Cap(th)  ave= 4.887E+01 b. +/- 42.23 % || Ela(th) ave= 2.379E+01 b. +/- 39.06 % || RIcap ave= 1.91E+01 b. +/- 39.03 % || Macs30 ave= 9.40E-03 b. +/- 2.82 % || Gn^0(l=0) ave= 2.134E+00 +/- 4.78 % Gn^0(l=1) ave= 4.133E+00 +/- 12.61 % Gn^0(l=2) ave= 0.000E+00 +/- 0.00 % Gn^0(l=3) ave= 0.000E+00 +/- 0.00 % || Gtotal(l=0) ave= 1.179E+03 +/- 3.77 % Gtotal(l=1) ave= 3.294E+02 +/- 0.66 % Gtotal(l=2) ave= 0.000E+00 +/- 0.00 % Gtotal(l=3) ave= 0.000E+00 +/- 0.00 %  % || Gg(l=0) ave= 5.872E-01 +/- 3.92 % Gg(l=1) ave= 6.399E-01 +/- 0.93 % Gg(l=2) ave= 0.000E+00 +/- 0.00 % Gg(l=3) ave= 0.000E+00 +/- 0.00 %  % || D(l=0) ave= 2.944E+04 +/- 0.74 % D(l=1) ave= 4.951E+03 +/- 0.00 % D(l=2) ave= 0.000E+00 +/- 0.00 % D(l=3) ave= 0.000E+00 +/- 0.00 %  % || S(l=0) ave= 3.476E-05 +/- 4.07 % S(l=1) ave= 1.739E-04 +/- 12.55 % S(l=2) ave= 0.000E+00 +/- 0.00 % S(l=3) ave= 0.000E+00 +/- 0.00 % 
 ... random file  142 Cap(th)  ave= 4.881E+01 b. +/- 42.15 % || Ela(th) ave= 2.377E+01 b. +/- 38.98 % || RIcap ave= 1.91E+01 b. +/- 38.96 % || Macs30 ave= 9.40E-03 b. +/- 2.81 % || Gn^0(l=0) ave= 2.134E+00 +/- 4.76 % Gn^0(l=1) ave= 4.131E+00 +/- 12.58 % Gn^0(l=2) ave= 0.000E+00 +/- 0.00 % Gn^0(l=3) ave= 0.000E+00 +/- 0.00 % || Gtotal(l=0) ave= 1.179E+03 +/- 3.76 % Gtotal(l=1) ave= 3.294E+02 +/- 0.66 % Gtotal(l=2) ave= 0.000E+00 +/- 0.00 % Gtotal(l=3) ave= 0.000E+00 +/- 0.00 %  % || Gg(l=0) ave= 5.875E-01 +/- 3.94 % Gg(l=1) ave= 6.399E-01 +/- 0.93 % Gg(l=2) ave= 0.000E+00 +/- 0.00 % Gg(l=3) ave= 0.000E+00 +/- 0.00 %  % || D(l=0) ave= 2.944E+04 +/- 0.73 % D(l=1) ave= 4.951E+03 +/- 0.00 % D(l=2) ave= 0.000E+00 +/- 0.00 % D(l=3) ave= 0.000E+00 +/- 0.00 %  % || S(l=0) ave= 3.477E-05 +/- 4.06 % S(l=1) ave= 1.738E-04 +/- 12.53 % S(l=2) ave= 0.000E+00 +/- 0.00 % S(l=3) ave= 0.000E+00 +/- 0.00 % 
 ... random file  143 Cap(th)  ave= 4.867E+01 b. +/- 42.27 % || Ela(th) ave= 2.370E+01 b. +/- 39.13 % || RIcap ave= 1.91E+01 b. +/- 39.06 % || Macs30 ave= 9.40E-03 b. +/- 2.80 % || Gn^0(l=0) ave= 2.135E+00 +/- 4.77 % Gn^0(l=1) ave= 4.140E+00 +/- 12.77 % Gn^0(l=2) ave= 0.000E+00 +/- 0.00 % Gn^0(l=3) ave= 0.000E+00 +/- 0.00 % || Gtotal(l=0) ave= 1.180E+03 +/- 3.76 % Gtotal(l=1) ave= 3.294E+02 +/- 0.66 % Gtotal(l=2) ave= 0.000E+00 +/- 0.00 % Gtotal(l=3) ave= 0.000E+00 +/- 0.00 %  % || Gg(l=0) ave= 5.875E-01 +/- 3.93 % Gg(l=1) ave= 6.399E-01 +/- 0.93 % Gg(l=2) ave= 0.000E+00 +/- 0.00 % Gg(l=3) ave= 0.000E+00 +/- 0.00 %  % || D(l=0) ave= 2.944E+04 +/- 0.73 % D(l=1) ave= 4.951E+03 +/- 0.00 % D(l=2) ave= 0.000E+00 +/- 0.00 % D(l=3) ave= 0.000E+00 +/- 0.00 %  % || S(l=0) ave= 3.478E-05 +/- 4.06 % S(l=1) ave= 1.742E-04 +/- 12.71 % S(l=2) ave= 0.000E+00 +/- 0.00 % S(l=3) ave= 0.000E+00 +/- 0.00 % 
 ... random file  144 Cap(th)  ave= 4.877E+01 b. +/- 42.11 % || Ela(th) ave= 2.373E+01 b. +/- 38.98 % || RIcap ave= 1.91E+01 b. +/- 38.92 % || Macs30 ave= 9.40E-03 b. +/- 2.80 % || Gn^0(l=0) ave= 2.135E+00 +/- 4.75 % Gn^0(l=1) ave= 4.142E+00 +/- 12.74 % Gn^0(l=2) ave= 0.000E+00 +/- 0.00 % Gn^0(l=3) ave= 0.000E+00 +/- 0.00 % || Gtotal(l=0) ave= 1.180E+03 +/- 3.75 % Gtotal(l=1) ave= 3.294E+02 +/- 0.66 % Gtotal(l=2) ave= 0.000E+00 +/- 0.00 % Gtotal(l=3) ave= 0.000E+00 +/- 0.00 %  % || Gg(l=0) ave= 5.878E-01 +/- 3.99 % Gg(l=1) ave= 6.399E-01 +/- 0.94 % Gg(l=2) ave= 0.000E+00 +/- 0.00 % Gg(l=3) ave= 0.000E+00 +/- 0.00 %  % || D(l=0) ave= 2.944E+04 +/- 0.73 % D(l=1) ave= 4.951E+03 +/- 0.00 % D(l=2) ave= 0.000E+00 +/- 0.00 % D(l=3) ave= 0.000E+00 +/- 0.00 %  % || S(l=0) ave= 3.478E-05 +/- 4.05 % S(l=1) ave= 1.743E-04 +/- 12.67 % S(l=2) ave= 0.000E+00 +/- 0.00 % S(l=3) ave= 0.000E+00 +/- 0.00 % 
 ... random file  145 Cap(th)  ave= 4.873E+01 b. +/- 42.02 % || Ela(th) ave= 2.370E+01 b. +/- 38.94 % || RIcap ave= 1.91E+01 b. +/- 38.84 % || Macs30 ave= 9.40E-03 b. +/- 2.79 % || Gn^0(l=0) ave= 2.135E+00 +/- 4.75 % Gn^0(l=1) ave= 4.150E+00 +/- 12.90 % Gn^0(l=2) ave= 0.000E+00 +/- 0.00 % Gn^0(l=3) ave= 0.000E+00 +/- 0.00 % || Gtotal(l=0) ave= 1.179E+03 +/- 3.74 % Gtotal(l=1) ave= 3.294E+02 +/- 0.65 % Gtotal(l=2) ave= 0.000E+00 +/- 0.00 % Gtotal(l=3) ave= 0.000E+00 +/- 0.00 %  % || Gg(l=0) ave= 5.878E-01 +/- 3.98 % Gg(l=1) ave= 6.399E-01 +/- 0.95 % Gg(l=2) ave= 0.000E+00 +/- 0.00 % Gg(l=3) ave= 0.000E+00 +/- 0.00 %  % || D(l=0) ave= 2.944E+04 +/- 0.73 % D(l=1) ave= 4.951E+03 +/- 0.00 % D(l=2) ave= 0.000E+00 +/- 0.00 % D(l=3) ave= 0.000E+00 +/- 0.00 %  % || S(l=0) ave= 3.477E-05 +/- 4.04 % S(l=1) ave= 1.746E-04 +/- 12.85 % S(l=2) ave= 0.000E+00 +/- 0.00 % S(l=3) ave= 0.000E+00 +/- 0.00 % 
 ... random file  146 Cap(th)  ave= 4.858E+01 b. +/- 42.16 % || Ela(th) ave= 2.363E+01 b. +/- 39.05 % || RIcap ave= 1.90E+01 b. +/- 38.96 % || Macs30 ave= 9.40E-03 b. +/- 2.81 % || Gn^0(l=0) ave= 2.136E+00 +/- 4.76 % Gn^0(l=1) ave= 4.148E+00 +/- 12.87 % Gn^0(l=2) ave= 0.000E+00 +/- 0.00 % Gn^0(l=3) ave= 0.000E+00 +/- 0.00 % || Gtotal(l=0) ave= 1.180E+03 +/- 3.75 % Gtotal(l=1) ave= 3.294E+02 +/- 0.65 % Gtotal(l=2) ave= 0.000E+00 +/- 0.00 % Gtotal(l=3) ave= 0.000E+00 +/- 0.00 %  % || Gg(l=0) ave= 5.880E-01 +/- 3.98 % Gg(l=1) ave= 6.400E-01 +/- 0.97 % Gg(l=2) ave= 0.000E+00 +/- 0.00 % Gg(l=3) ave= 0.000E+00 +/- 0.00 %  % || D(l=0) ave= 2.944E+04 +/- 0.72 % D(l=1) ave= 4.951E+03 +/- 0.00 % D(l=2) ave= 0.000E+00 +/- 0.00 % D(l=3) ave= 0.000E+00 +/- 0.00 %  % || S(l=0) ave= 3.478E-05 +/- 4.05 % S(l=1) ave= 1.746E-04 +/- 12.82 % S(l=2) ave= 0.000E+00 +/- 0.00 % S(l=3) ave= 0.000E+00 +/- 0.00 % 
 ... random file  147 Cap(th)  ave= 4.882E+01 b. +/- 42.24 % || Ela(th) ave= 2.374E+01 b. +/- 39.11 % || RIcap ave= 1.91E+01 b. +/- 39.05 % || Macs30 ave= 9.40E-03 b. +/- 2.80 % || Gn^0(l=0) ave= 2.135E+00 +/- 4.75 % Gn^0(l=1) ave= 4.151E+00 +/- 12.84 % Gn^0(l=2) ave= 0.000E+00 +/- 0.00 % Gn^0(l=3) ave= 0.000E+00 +/- 0.00 % || Gtotal(l=0) ave= 1.180E+03 +/- 3.75 % Gtotal(l=1) ave= 3.294E+02 +/- 0.65 % Gtotal(l=2) ave= 0.000E+00 +/- 0.00 % Gtotal(l=3) ave= 0.000E+00 +/- 0.00 %  % || Gg(l=0) ave= 5.883E-01 +/- 4.02 % Gg(l=1) ave= 6.400E-01 +/- 0.97 % Gg(l=2) ave= 0.000E+00 +/- 0.00 % Gg(l=3) ave= 0.000E+00 +/- 0.00 %  % || D(l=0) ave= 2.944E+04 +/- 0.72 % D(l=1) ave= 4.951E+03 +/- 0.00 % D(l=2) ave= 0.000E+00 +/- 0.00 % D(l=3) ave= 0.000E+00 +/- 0.00 %  % || S(l=0) ave= 3.478E-05 +/- 4.04 % S(l=1) ave= 1.746E-04 +/- 12.78 % S(l=2) ave= 0.000E+00 +/- 0.00 % S(l=3) ave= 0.000E+00 +/- 0.00 % 
 ... random file  148 Cap(th)  ave= 4.890E+01 b. +/- 42.07 % || Ela(th) ave= 2.377E+01 b. +/- 38.97 % || RIcap ave= 1.92E+01 b. +/- 38.90 % || Macs30 ave= 9.40E-03 b. +/- 2.80 % || Gn^0(l=0) ave= 2.136E+00 +/- 4.74 % Gn^0(l=1) ave= 4.148E+00 +/- 12.82 % Gn^0(l=2) ave= 0.000E+00 +/- 0.00 % Gn^0(l=3) ave= 0.000E+00 +/- 0.00 % || Gtotal(l=0) ave= 1.180E+03 +/- 3.74 % Gtotal(l=1) ave= 3.294E+02 +/- 0.65 % Gtotal(l=2) ave= 0.000E+00 +/- 0.00 % Gtotal(l=3) ave= 0.000E+00 +/- 0.00 %  % || Gg(l=0) ave= 5.884E-01 +/- 4.01 % Gg(l=1) ave= 6.400E-01 +/- 0.96 % Gg(l=2) ave= 0.000E+00 +/- 0.00 % Gg(l=3) ave= 0.000E+00 +/- 0.00 %  % || D(l=0) ave= 2.944E+04 +/- 0.72 % D(l=1) ave= 4.951E+03 +/- 0.00 % D(l=2) ave= 0.000E+00 +/- 0.00 % D(l=3) ave= 0.000E+00 +/- 0.00 %  % || S(l=0) ave= 3.479E-05 +/- 4.04 % S(l=1) ave= 1.745E-04 +/- 12.76 % S(l=2) ave= 0.000E+00 +/- 0.00 % S(l=3) ave= 0.000E+00 +/- 0.00 % 
 ... random file  149 Cap(th)  ave= 4.876E+01 b. +/- 42.19 % || Ela(th) ave= 2.371E+01 b. +/- 39.05 % || RIcap ave= 1.91E+01 b. +/- 39.00 % || Macs30 ave= 9.40E-03 b. +/- 2.79 % || Gn^0(l=0) ave= 2.135E+00 +/- 4.75 % Gn^0(l=1) ave= 4.147E+00 +/- 12.78 % Gn^0(l=2) ave= 0.000E+00 +/- 0.00 % Gn^0(l=3) ave= 0.000E+00 +/- 0.00 % || Gtotal(l=0) ave= 1.179E+03 +/- 3.78 % Gtotal(l=1) ave= 3.294E+02 +/- 0.65 % Gtotal(l=2) ave= 0.000E+00 +/- 0.00 % Gtotal(l=3) ave= 0.000E+00 +/- 0.00 %  % || Gg(l=0) ave= 5.883E-01 +/- 4.00 % Gg(l=1) ave= 6.399E-01 +/- 0.96 % Gg(l=2) ave= 0.000E+00 +/- 0.00 % Gg(l=3) ave= 0.000E+00 +/- 0.00 %  % || D(l=0) ave= 2.945E+04 +/- 0.87 % D(l=1) ave= 4.951E+03 +/- 0.00 % D(l=2) ave= 0.000E+00 +/- 0.00 % D(l=3) ave= 0.000E+00 +/- 0.00 %  % || S(l=0) ave= 3.476E-05 +/- 4.10 % S(l=1) ave= 1.745E-04 +/- 12.73 % S(l=2) ave= 0.000E+00 +/- 0.00 % S(l=3) ave= 0.000E+00 +/- 0.00 % 
 ... random file  150 Cap(th)  ave= 4.862E+01 b. +/- 42.32 % || Ela(th) ave= 2.365E+01 b. +/- 39.17 % || RIcap ave= 1.91E+01 b. +/- 39.12 % || Macs30 ave= 9.40E-03 b. +/- 2.79 % || Gn^0(l=0) ave= 2.135E+00 +/- 4.74 % Gn^0(l=1) ave= 4.149E+00 +/- 12.74 % Gn^0(l=2) ave= 0.000E+00 +/- 0.00 % Gn^0(l=3) ave= 0.000E+00 +/- 0.00 % || Gtotal(l=0) ave= 1.179E+03 +/- 3.77 % Gtotal(l=1) ave= 3.294E+02 +/- 0.65 % Gtotal(l=2) ave= 0.000E+00 +/- 0.00 % Gtotal(l=3) ave= 0.000E+00 +/- 0.00 %  % || Gg(l=0) ave= 5.884E-01 +/- 3.99 % Gg(l=1) ave= 6.399E-01 +/- 0.96 % Gg(l=2) ave= 0.000E+00 +/- 0.00 % Gg(l=3) ave= 0.000E+00 +/- 0.00 %  % || D(l=0) ave= 2.945E+04 +/- 0.87 % D(l=1) ave= 4.951E+03 +/- 0.00 % D(l=2) ave= 0.000E+00 +/- 0.00 % D(l=3) ave= 0.000E+00 +/- 0.00 %  % || S(l=0) ave= 3.476E-05 +/- 4.09 % S(l=1) ave= 1.746E-04 +/- 12.69 % S(l=2) ave= 0.000E+00 +/- 0.00 % S(l=3) ave= 0.000E+00 +/- 0.00 % 
 ... random file  151 Cap(th)  ave= 4.866E+01 b. +/- 42.16 % || Ela(th) ave= 2.366E+01 b. +/- 39.02 % || RIcap ave= 1.91E+01 b. +/- 38.97 % || Macs30 ave= 9.40E-03 b. +/- 2.78 % || Gn^0(l=0) ave= 2.135E+00 +/- 4.72 % Gn^0(l=1) ave= 4.152E+00 +/- 12.72 % Gn^0(l=2) ave= 0.000E+00 +/- 0.00 % Gn^0(l=3) ave= 0.000E+00 +/- 0.00 % || Gtotal(l=0) ave= 1.179E+03 +/- 3.76 % Gtotal(l=1) ave= 3.294E+02 +/- 0.65 % Gtotal(l=2) ave= 0.000E+00 +/- 0.00 % Gtotal(l=3) ave= 0.000E+00 +/- 0.00 %  % || Gg(l=0) ave= 5.883E-01 +/- 3.98 % Gg(l=1) ave= 6.399E-01 +/- 0.96 % Gg(l=2) ave= 0.000E+00 +/- 0.00 % Gg(l=3) ave= 0.000E+00 +/- 0.00 %  % || D(l=0) ave= 2.945E+04 +/- 0.87 % D(l=1) ave= 4.951E+03 +/- 0.00 % D(l=2) ave= 0.000E+00 +/- 0.00 % D(l=3) ave= 0.000E+00 +/- 0.00 %  % || S(l=0) ave= 3.476E-05 +/- 4.07 % S(l=1) ave= 1.747E-04 +/- 12.67 % S(l=2) ave= 0.000E+00 +/- 0.00 % S(l=3) ave= 0.000E+00 +/- 0.00 % 
 ... random file  152 Cap(th)  ave= 4.910E+01 b. +/- 43.10 % || Ela(th) ave= 2.386E+01 b. +/- 39.91 % || RIcap ave= 1.92E+01 b. +/- 39.84 % || Macs30 ave= 9.40E-03 b. +/- 2.77 % || Gn^0(l=0) ave= 2.135E+00 +/- 4.71 % Gn^0(l=1) ave= 4.154E+00 +/- 12.70 % Gn^0(l=2) ave= 0.000E+00 +/- 0.00 % Gn^0(l=3) ave= 0.000E+00 +/- 0.00 % || Gtotal(l=0) ave= 1.179E+03 +/- 3.75 % Gtotal(l=1) ave= 3.293E+02 +/- 0.65 % Gtotal(l=2) ave= 0.000E+00 +/- 0.00 % Gtotal(l=3) ave= 0.000E+00 +/- 0.00 %  % || Gg(l=0) ave= 5.882E-01 +/- 3.97 % Gg(l=1) ave= 6.399E-01 +/- 0.96 % Gg(l=2) ave= 0.000E+00 +/- 0.00 % Gg(l=3) ave= 0.000E+00 +/- 0.00 %  % || D(l=0) ave= 2.945E+04 +/- 0.87 % D(l=1) ave= 4.951E+03 +/- 0.00 % D(l=2) ave= 0.000E+00 +/- 0.00 % D(l=3) ave= 0.000E+00 +/- 0.00 %  % || S(l=0) ave= 3.476E-05 +/- 4.06 % S(l=1) ave= 1.748E-04 +/- 12.65 % S(l=2) ave= 0.000E+00 +/- 0.00 % S(l=3) ave= 0.000E+00 +/- 0.00 % 
 ... random file  153 Cap(th)  ave= 4.916E+01 b. +/- 42.93 % || Ela(th) ave= 2.389E+01 b. +/- 39.76 % || RIcap ave= 1.92E+01 b. +/- 39.69 % || Macs30 ave= 9.41E-03 b. +/- 2.78 % || Gn^0(l=0) ave= 2.135E+00 +/- 4.70 % Gn^0(l=1) ave= 4.151E+00 +/- 12.71 % Gn^0(l=2) ave= 0.000E+00 +/- 0.00 % Gn^0(l=3) ave= 0.000E+00 +/- 0.00 % || Gtotal(l=0) ave= 1.179E+03 +/- 3.74 % Gtotal(l=1) ave= 3.293E+02 +/- 0.65 % Gtotal(l=2) ave= 0.000E+00 +/- 0.00 % Gtotal(l=3) ave= 0.000E+00 +/- 0.00 %  % || Gg(l=0) ave= 5.882E-01 +/- 3.96 % Gg(l=1) ave= 6.399E-01 +/- 0.97 % Gg(l=2) ave= 0.000E+00 +/- 0.00 % Gg(l=3) ave= 0.000E+00 +/- 0.00 %  % || D(l=0) ave= 2.945E+04 +/- 0.86 % D(l=1) ave= 4.951E+03 +/- 0.00 % D(l=2) ave= 0.000E+00 +/- 0.00 % D(l=3) ave= 0.000E+00 +/- 0.00 %  % || S(l=0) ave= 3.477E-05 +/- 4.05 % S(l=1) ave= 1.747E-04 +/- 12.66 % S(l=2) ave= 0.000E+00 +/- 0.00 % S(l=3) ave= 0.000E+00 +/- 0.00 % 
 ... random file  154 Cap(th)  ave= 4.916E+01 b. +/- 42.79 % || Ela(th) ave= 2.389E+01 b. +/- 39.63 % || RIcap ave= 1.92E+01 b. +/- 39.57 % || Macs30 ave= 9.40E-03 b. +/- 2.78 % || Gn^0(l=0) ave= 2.135E+00 +/- 4.69 % Gn^0(l=1) ave= 4.150E+00 +/- 12.68 % Gn^0(l=2) ave= 0.000E+00 +/- 0.00 % Gn^0(l=3) ave= 0.000E+00 +/- 0.00 % || Gtotal(l=0) ave= 1.179E+03 +/- 3.73 % Gtotal(l=1) ave= 3.293E+02 +/- 0.65 % Gtotal(l=2) ave= 0.000E+00 +/- 0.00 % Gtotal(l=3) ave= 0.000E+00 +/- 0.00 %  % || Gg(l=0) ave= 5.881E-01 +/- 3.95 % Gg(l=1) ave= 6.399E-01 +/- 0.97 % Gg(l=2) ave= 0.000E+00 +/- 0.00 % Gg(l=3) ave= 0.000E+00 +/- 0.00 %  % || D(l=0) ave= 2.945E+04 +/- 0.86 % D(l=1) ave= 4.951E+03 +/- 0.00 % D(l=2) ave= 0.000E+00 +/- 0.00 % D(l=3) ave= 0.000E+00 +/- 0.00 %  % || S(l=0) ave= 3.476E-05 +/- 4.04 % S(l=1) ave= 1.746E-04 +/- 12.63 % S(l=2) ave= 0.000E+00 +/- 0.00 % S(l=3) ave= 0.000E+00 +/- 0.00 % 
 ... random file  155 Cap(th)  ave= 4.911E+01 b. +/- 42.72 % || Ela(th) ave= 2.387E+01 b. +/- 39.56 % || RIcap ave= 1.92E+01 b. +/- 39.49 % || Macs30 ave= 9.41E-03 b. +/- 2.77 % || Gn^0(l=0) ave= 2.134E+00 +/- 4.70 % Gn^0(l=1) ave= 4.148E+00 +/- 12.65 % Gn^0(l=2) ave= 0.000E+00 +/- 0.00 % Gn^0(l=3) ave= 0.000E+00 +/- 0.00 % || Gtotal(l=0) ave= 1.179E+03 +/- 3.73 % Gtotal(l=1) ave= 3.293E+02 +/- 0.64 % Gtotal(l=2) ave= 0.000E+00 +/- 0.00 % Gtotal(l=3) ave= 0.000E+00 +/- 0.00 %  % || Gg(l=0) ave= 5.881E-01 +/- 3.94 % Gg(l=1) ave= 6.399E-01 +/- 0.97 % Gg(l=2) ave= 0.000E+00 +/- 0.00 % Gg(l=3) ave= 0.000E+00 +/- 0.00 %  % || D(l=0) ave= 2.945E+04 +/- 0.86 % D(l=1) ave= 4.951E+03 +/- 0.00 % D(l=2) ave= 0.000E+00 +/- 0.00 % D(l=3) ave= 0.000E+00 +/- 0.00 %  % || S(l=0) ave= 3.475E-05 +/- 4.05 % S(l=1) ave= 1.745E-04 +/- 12.60 % S(l=2) ave= 0.000E+00 +/- 0.00 % S(l=3) ave= 0.000E+00 +/- 0.00 % 
 ... random file  156 Cap(th)  ave= 4.894E+01 b. +/- 42.95 % || Ela(th) ave= 2.381E+01 b. +/- 39.69 % || RIcap ave= 1.92E+01 b. +/- 39.70 % || Macs30 ave= 9.41E-03 b. +/- 2.79 % || Gn^0(l=0) ave= 2.134E+00 +/- 4.68 % Gn^0(l=1) ave= 4.143E+00 +/- 12.74 % Gn^0(l=2) ave= 0.000E+00 +/- 0.00 % Gn^0(l=3) ave= 0.000E+00 +/- 0.00 % || Gtotal(l=0) ave= 1.179E+03 +/- 3.72 % Gtotal(l=1) ave= 3.293E+02 +/- 0.64 % Gtotal(l=2) ave= 0.000E+00 +/- 0.00 % Gtotal(l=3) ave= 0.000E+00 +/- 0.00 %  % || Gg(l=0) ave= 5.879E-01 +/- 3.95 % Gg(l=1) ave= 6.399E-01 +/- 0.96 % Gg(l=2) ave= 0.000E+00 +/- 0.00 % Gg(l=3) ave= 0.000E+00 +/- 0.00 %  % || D(l=0) ave= 2.945E+04 +/- 0.85 % D(l=1) ave= 4.951E+03 +/- 0.00 % D(l=2) ave= 0.000E+00 +/- 0.00 % D(l=3) ave= 0.000E+00 +/- 0.00 %  % || S(l=0) ave= 3.475E-05 +/- 4.04 % S(l=1) ave= 1.743E-04 +/- 12.69 % S(l=2) ave= 0.000E+00 +/- 0.00 % S(l=3) ave= 0.000E+00 +/- 0.00 % 
 ... random file  157 Cap(th)  ave= 4.884E+01 b. +/- 42.97 % || Ela(th) ave= 2.376E+01 b. +/- 39.71 % || RIcap ave= 1.91E+01 b. +/- 39.71 % || Macs30 ave= 9.41E-03 b. +/- 2.78 % || Gn^0(l=0) ave= 2.133E+00 +/- 4.67 % Gn^0(l=1) ave= 4.144E+00 +/- 12.70 % Gn^0(l=2) ave= 0.000E+00 +/- 0.00 % Gn^0(l=3) ave= 0.000E+00 +/- 0.00 % || Gtotal(l=0) ave= 1.179E+03 +/- 3.71 % Gtotal(l=1) ave= 3.293E+02 +/- 0.64 % Gtotal(l=2) ave= 0.000E+00 +/- 0.00 % Gtotal(l=3) ave= 0.000E+00 +/- 0.00 %  % || Gg(l=0) ave= 5.878E-01 +/- 3.94 % Gg(l=1) ave= 6.399E-01 +/- 0.96 % Gg(l=2) ave= 0.000E+00 +/- 0.00 % Gg(l=3) ave= 0.000E+00 +/- 0.00 %  % || D(l=0) ave= 2.945E+04 +/- 0.85 % D(l=1) ave= 4.951E+03 +/- 0.00 % D(l=2) ave= 0.000E+00 +/- 0.00 % D(l=3) ave= 0.000E+00 +/- 0.00 %  % || S(l=0) ave= 3.474E-05 +/- 4.03 % S(l=1) ave= 1.744E-04 +/- 12.65 % S(l=2) ave= 0.000E+00 +/- 0.00 % S(l=3) ave= 0.000E+00 +/- 0.00 % 
 ... random file  158 Cap(th)  ave= 4.887E+01 b. +/- 42.81 % || Ela(th) ave= 2.377E+01 b. +/- 39.57 % || RIcap ave= 1.91E+01 b. +/- 39.58 % || Macs30 ave= 9.41E-03 b. +/- 2.77 % || Gn^0(l=0) ave= 2.134E+00 +/- 4.67 % Gn^0(l=1) ave= 4.140E+00 +/- 12.74 % Gn^0(l=2) ave= 0.000E+00 +/- 0.00 % Gn^0(l=3) ave= 0.000E+00 +/- 0.00 % || Gtotal(l=0) ave= 1.179E+03 +/- 3.71 % Gtotal(l=1) ave= 3.293E+02 +/- 0.65 % Gtotal(l=2) ave= 0.000E+00 +/- 0.00 % Gtotal(l=3) ave= 0.000E+00 +/- 0.00 %  % || Gg(l=0) ave= 5.876E-01 +/- 3.95 % Gg(l=1) ave= 6.399E-01 +/- 0.96 % Gg(l=2) ave= 0.000E+00 +/- 0.00 % Gg(l=3) ave= 0.000E+00 +/- 0.00 %  % || D(l=0) ave= 2.945E+04 +/- 0.85 % D(l=1) ave= 4.951E+03 +/- 0.00 % D(l=2) ave= 0.000E+00 +/- 0.00 % D(l=3) ave= 0.000E+00 +/- 0.00 %  % || S(l=0) ave= 3.475E-05 +/- 4.02 % S(l=1) ave= 1.742E-04 +/- 12.69 % S(l=2) ave= 0.000E+00 +/- 0.00 % S(l=3) ave= 0.000E+00 +/- 0.00 % 
 ... random file  159 Cap(th)  ave= 4.876E+01 b. +/- 42.86 % || Ela(th) ave= 2.373E+01 b. +/- 39.57 % || RIcap ave= 1.91E+01 b. +/- 39.62 % || Macs30 ave= 9.41E-03 b. +/- 2.77 % || Gn^0(l=0) ave= 2.134E+00 +/- 4.65 % Gn^0(l=1) ave= 4.137E+00 +/- 12.73 % Gn^0(l=2) ave= 0.000E+00 +/- 0.00 % Gn^0(l=3) ave= 0.000E+00 +/- 0.00 % || Gtotal(l=0) ave= 1.179E+03 +/- 3.70 % Gtotal(l=1) ave= 3.293E+02 +/- 0.67 % Gtotal(l=2) ave= 0.000E+00 +/- 0.00 % Gtotal(l=3) ave= 0.000E+00 +/- 0.00 %  % || Gg(l=0) ave= 5.878E-01 +/- 3.95 % Gg(l=1) ave= 6.399E-01 +/- 0.96 % Gg(l=2) ave= 0.000E+00 +/- 0.00 % Gg(l=3) ave= 0.000E+00 +/- 0.00 %  % || D(l=0) ave= 2.945E+04 +/- 0.85 % D(l=1) ave= 4.951E+03 +/- 0.00 % D(l=2) ave= 0.000E+00 +/- 0.00 % D(l=3) ave= 0.000E+00 +/- 0.00 %  % || S(l=0) ave= 3.475E-05 +/- 4.01 % S(l=1) ave= 1.741E-04 +/- 12.68 % S(l=2) ave= 0.000E+00 +/- 0.00 % S(l=3) ave= 0.000E+00 +/- 0.00 % 
 ... random file  160 Cap(th)  ave= 4.872E+01 b. +/- 42.77 % || Ela(th) ave= 2.371E+01 b. +/- 39.49 % || RIcap ave= 1.91E+01 b. +/- 39.53 % || Macs30 ave= 9.41E-03 b. +/- 2.76 % || Gn^0(l=0) ave= 2.134E+00 +/- 4.64 % Gn^0(l=1) ave= 4.138E+00 +/- 12.69 % Gn^0(l=2) ave= 0.000E+00 +/- 0.00 % Gn^0(l=3) ave= 0.000E+00 +/- 0.00 % || Gtotal(l=0) ave= 1.179E+03 +/- 3.69 % Gtotal(l=1) ave= 3.293E+02 +/- 0.67 % Gtotal(l=2) ave= 0.000E+00 +/- 0.00 % Gtotal(l=3) ave= 0.000E+00 +/- 0.00 %  % || Gg(l=0) ave= 5.876E-01 +/- 3.97 % Gg(l=1) ave= 6.400E-01 +/- 0.96 % Gg(l=2) ave= 0.000E+00 +/- 0.00 % Gg(l=3) ave= 0.000E+00 +/- 0.00 %  % || D(l=0) ave= 2.945E+04 +/- 0.84 % D(l=1) ave= 4.951E+03 +/- 0.00 % D(l=2) ave= 0.000E+00 +/- 0.00 % D(l=3) ave= 0.000E+00 +/- 0.00 %  % || S(l=0) ave= 3.475E-05 +/- 4.00 % S(l=1) ave= 1.741E-04 +/- 12.65 % S(l=2) ave= 0.000E+00 +/- 0.00 % S(l=3) ave= 0.000E+00 +/- 0.00 % 
 ... random file  161 Cap(th)  ave= 4.867E+01 b. +/- 42.71 % || Ela(th) ave= 2.370E+01 b. +/- 39.39 % || RIcap ave= 1.91E+01 b. +/- 39.46 % || Macs30 ave= 9.41E-03 b. +/- 2.77 % || Gn^0(l=0) ave= 2.134E+00 +/- 4.63 % Gn^0(l=1) ave= 4.132E+00 +/- 12.85 % Gn^0(l=2) ave= 0.000E+00 +/- 0.00 % Gn^0(l=3) ave= 0.000E+00 +/- 0.00 % || Gtotal(l=0) ave= 1.179E+03 +/- 3.68 % Gtotal(l=1) ave= 3.293E+02 +/- 0.67 % Gtotal(l=2) ave= 0.000E+00 +/- 0.00 % Gtotal(l=3) ave= 0.000E+00 +/- 0.00 %  % || Gg(l=0) ave= 5.876E-01 +/- 3.96 % Gg(l=1) ave= 6.400E-01 +/- 0.96 % Gg(l=2) ave= 0.000E+00 +/- 0.00 % Gg(l=3) ave= 0.000E+00 +/- 0.00 %  % || D(l=0) ave= 2.945E+04 +/- 0.84 % D(l=1) ave= 4.951E+03 +/- 0.00 % D(l=2) ave= 0.000E+00 +/- 0.00 % D(l=3) ave= 0.000E+00 +/- 0.00 %  % || S(l=0) ave= 3.475E-05 +/- 3.99 % S(l=1) ave= 1.738E-04 +/- 12.80 % S(l=2) ave= 0.000E+00 +/- 0.00 % S(l=3) ave= 0.000E+00 +/- 0.00 % 
 ... random file  162 Cap(th)  ave= 4.868E+01 b. +/- 42.57 % || Ela(th) ave= 2.370E+01 b. +/- 39.27 % || RIcap ave= 1.91E+01 b. +/- 39.34 % || Macs30 ave= 9.41E-03 b. +/- 2.79 % || Gn^0(l=0) ave= 2.133E+00 +/- 4.62 % Gn^0(l=1) ave= 4.131E+00 +/- 12.81 % Gn^0(l=2) ave= 0.000E+00 +/- 0.00 % Gn^0(l=3) ave= 0.000E+00 +/- 0.00 % || Gtotal(l=0) ave= 1.179E+03 +/- 3.67 % Gtotal(l=1) ave= 3.293E+02 +/- 0.67 % Gtotal(l=2) ave= 0.000E+00 +/- 0.00 % Gtotal(l=3) ave= 0.000E+00 +/- 0.00 %  % || Gg(l=0) ave= 5.875E-01 +/- 3.95 % Gg(l=1) ave= 6.400E-01 +/- 0.96 % Gg(l=2) ave= 0.000E+00 +/- 0.00 % Gg(l=3) ave= 0.000E+00 +/- 0.00 %  % || D(l=0) ave= 2.945E+04 +/- 0.84 % D(l=1) ave= 4.951E+03 +/- 0.00 % D(l=2) ave= 0.000E+00 +/- 0.00 % D(l=3) ave= 0.000E+00 +/- 0.00 %  % || S(l=0) ave= 3.474E-05 +/- 3.98 % S(l=1) ave= 1.738E-04 +/- 12.76 % S(l=2) ave= 0.000E+00 +/- 0.00 % S(l=3) ave= 0.000E+00 +/- 0.00 % 
 ... random file  163 Cap(th)  ave= 4.873E+01 b. +/- 42.42 % || Ela(th) ave= 2.373E+01 b. +/- 39.13 % || RIcap ave= 1.91E+01 b. +/- 39.20 % || Macs30 ave= 9.41E-03 b. +/- 2.80 % || Gn^0(l=0) ave= 2.134E+00 +/- 4.62 % Gn^0(l=1) ave= 4.128E+00 +/- 12.82 % Gn^0(l=2) ave= 0.000E+00 +/- 0.00 % Gn^0(l=3) ave= 0.000E+00 +/- 0.00 % || Gtotal(l=0) ave= 1.179E+03 +/- 3.67 % Gtotal(l=1) ave= 3.293E+02 +/- 0.67 % Gtotal(l=2) ave= 0.000E+00 +/- 0.00 % Gtotal(l=3) ave= 0.000E+00 +/- 0.00 %  % || Gg(l=0) ave= 5.878E-01 +/- 3.98 % Gg(l=1) ave= 6.400E-01 +/- 0.96 % Gg(l=2) ave= 0.000E+00 +/- 0.00 % Gg(l=3) ave= 0.000E+00 +/- 0.00 %  % || D(l=0) ave= 2.945E+04 +/- 0.84 % D(l=1) ave= 4.951E+03 +/- 0.00 % D(l=2) ave= 0.000E+00 +/- 0.00 % D(l=3) ave= 0.000E+00 +/- 0.00 %  % || S(l=0) ave= 3.475E-05 +/- 3.98 % S(l=1) ave= 1.737E-04 +/- 12.78 % S(l=2) ave= 0.000E+00 +/- 0.00 % S(l=3) ave= 0.000E+00 +/- 0.00 % 
 ... random file  164 Cap(th)  ave= 4.861E+01 b. +/- 42.52 % || Ela(th) ave= 2.368E+01 b. +/- 39.21 % || RIcap ave= 1.90E+01 b. +/- 39.29 % || Macs30 ave= 9.41E-03 b. +/- 2.81 % || Gn^0(l=0) ave= 2.134E+00 +/- 4.61 % Gn^0(l=1) ave= 4.127E+00 +/- 12.79 % Gn^0(l=2) ave= 0.000E+00 +/- 0.00 % Gn^0(l=3) ave= 0.000E+00 +/- 0.00 % || Gtotal(l=0) ave= 1.179E+03 +/- 3.66 % Gtotal(l=1) ave= 3.293E+02 +/- 0.67 % Gtotal(l=2) ave= 0.000E+00 +/- 0.00 % Gtotal(l=3) ave= 0.000E+00 +/- 0.00 %  % || Gg(l=0) ave= 5.880E-01 +/- 4.01 % Gg(l=1) ave= 6.400E-01 +/- 0.97 % Gg(l=2) ave= 0.000E+00 +/- 0.00 % Gg(l=3) ave= 0.000E+00 +/- 0.00 %  % || D(l=0) ave= 2.945E+04 +/- 0.83 % D(l=1) ave= 4.951E+03 +/- 0.00 % D(l=2) ave= 0.000E+00 +/- 0.00 % D(l=3) ave= 0.000E+00 +/- 0.00 %  % || S(l=0) ave= 3.475E-05 +/- 3.97 % S(l=1) ave= 1.737E-04 +/- 12.74 % S(l=2) ave= 0.000E+00 +/- 0.00 % S(l=3) ave= 0.000E+00 +/- 0.00 % 
 ... random file  165 Cap(th)  ave= 4.867E+01 b. +/- 42.37 % || Ela(th) ave= 2.370E+01 b. +/- 39.07 % || RIcap ave= 1.91E+01 b. +/- 39.16 % || Macs30 ave= 9.41E-03 b. +/- 2.81 % || Gn^0(l=0) ave= 2.133E+00 +/- 4.61 % Gn^0(l=1) ave= 4.127E+00 +/- 12.75 % Gn^0(l=2) ave= 0.000E+00 +/- 0.00 % Gn^0(l=3) ave= 0.000E+00 +/- 0.00 % || Gtotal(l=0) ave= 1.179E+03 +/- 3.66 % Gtotal(l=1) ave= 3.293E+02 +/- 0.67 % Gtotal(l=2) ave= 0.000E+00 +/- 0.00 % Gtotal(l=3) ave= 0.000E+00 +/- 0.00 %  % || Gg(l=0) ave= 5.881E-01 +/- 4.00 % Gg(l=1) ave= 6.401E-01 +/- 0.96 % Gg(l=2) ave= 0.000E+00 +/- 0.00 % Gg(l=3) ave= 0.000E+00 +/- 0.00 %  % || D(l=0) ave= 2.945E+04 +/- 0.83 % D(l=1) ave= 4.951E+03 +/- 0.00 % D(l=2) ave= 0.000E+00 +/- 0.00 % D(l=3) ave= 0.000E+00 +/- 0.00 %  % || S(l=0) ave= 3.474E-05 +/- 3.97 % S(l=1) ave= 1.736E-04 +/- 12.71 % S(l=2) ave= 0.000E+00 +/- 0.00 % S(l=3) ave= 0.000E+00 +/- 0.00 % 
 ... random file  166 Cap(th)  ave= 4.855E+01 b. +/- 42.45 % || Ela(th) ave= 2.365E+01 b. +/- 39.15 % || RIcap ave= 1.90E+01 b. +/- 39.23 % || Macs30 ave= 9.41E-03 b. +/- 2.80 % || Gn^0(l=0) ave= 2.133E+00 +/- 4.61 % Gn^0(l=1) ave= 4.126E+00 +/- 12.72 % Gn^0(l=2) ave= 0.000E+00 +/- 0.00 % Gn^0(l=3) ave= 0.000E+00 +/- 0.00 % || Gtotal(l=0) ave= 1.178E+03 +/- 3.66 % Gtotal(l=1) ave= 3.293E+02 +/- 0.67 % Gtotal(l=2) ave= 0.000E+00 +/- 0.00 % Gtotal(l=3) ave= 0.000E+00 +/- 0.00 %  % || Gg(l=0) ave= 5.880E-01 +/- 4.00 % Gg(l=1) ave= 6.401E-01 +/- 0.96 % Gg(l=2) ave= 0.000E+00 +/- 0.00 % Gg(l=3) ave= 0.000E+00 +/- 0.00 %  % || D(l=0) ave= 2.945E+04 +/- 0.83 % D(l=1) ave= 4.951E+03 +/- 0.00 % D(l=2) ave= 0.000E+00 +/- 0.00 % D(l=3) ave= 0.000E+00 +/- 0.00 %  % || S(l=0) ave= 3.473E-05 +/- 3.96 % S(l=1) ave= 1.736E-04 +/- 12.67 % S(l=2) ave= 0.000E+00 +/- 0.00 % S(l=3) ave= 0.000E+00 +/- 0.00 % 
 ... random file  167 Cap(th)  ave= 4.875E+01 b. +/- 42.48 % || Ela(th) ave= 2.374E+01 b. +/- 39.18 % || RIcap ave= 1.91E+01 b. +/- 39.26 % || Macs30 ave= 9.41E-03 b. +/- 2.80 % || Gn^0(l=0) ave= 2.132E+00 +/- 4.61 % Gn^0(l=1) ave= 4.124E+00 +/- 12.70 % Gn^0(l=2) ave= 0.000E+00 +/- 0.00 % Gn^0(l=3) ave= 0.000E+00 +/- 0.00 % || Gtotal(l=0) ave= 1.178E+03 +/- 3.66 % Gtotal(l=1) ave= 3.293E+02 +/- 0.67 % Gtotal(l=2) ave= 0.000E+00 +/- 0.00 % Gtotal(l=3) ave= 0.000E+00 +/- 0.00 %  % || Gg(l=0) ave= 5.880E-01 +/- 3.99 % Gg(l=1) ave= 6.401E-01 +/- 0.96 % Gg(l=2) ave= 0.000E+00 +/- 0.00 % Gg(l=3) ave= 0.000E+00 +/- 0.00 %  % || D(l=0) ave= 2.945E+04 +/- 0.83 % D(l=1) ave= 4.951E+03 +/- 0.00 % D(l=2) ave= 0.000E+00 +/- 0.00 % D(l=3) ave= 0.000E+00 +/- 0.00 %  % || S(l=0) ave= 3.473E-05 +/- 3.96 % S(l=1) ave= 1.735E-04 +/- 12.65 % S(l=2) ave= 0.000E+00 +/- 0.00 % S(l=3) ave= 0.000E+00 +/- 0.00 % 
 ... random file  168 Cap(th)  ave= 4.879E+01 b. +/- 42.33 % || Ela(th) ave= 2.376E+01 b. +/- 39.04 % || RIcap ave= 1.91E+01 b. +/- 39.13 % || Macs30 ave= 9.41E-03 b. +/- 2.81 % || Gn^0(l=0) ave= 2.133E+00 +/- 4.60 % Gn^0(l=1) ave= 4.122E+00 +/- 12.70 % Gn^0(l=2) ave= 0.000E+00 +/- 0.00 % Gn^0(l=3) ave= 0.000E+00 +/- 0.00 % || Gtotal(l=0) ave= 1.178E+03 +/- 3.65 % Gtotal(l=1) ave= 3.293E+02 +/- 0.67 % Gtotal(l=2) ave= 0.000E+00 +/- 0.00 % Gtotal(l=3) ave= 0.000E+00 +/- 0.00 %  % || Gg(l=0) ave= 5.880E-01 +/- 3.98 % Gg(l=1) ave= 6.401E-01 +/- 0.96 % Gg(l=2) ave= 0.000E+00 +/- 0.00 % Gg(l=3) ave= 0.000E+00 +/- 0.00 %  % || D(l=0) ave= 2.945E+04 +/- 0.82 % D(l=1) ave= 4.951E+03 +/- 0.00 % D(l=2) ave= 0.000E+00 +/- 0.00 % D(l=3) ave= 0.000E+00 +/- 0.00 %  % || S(l=0) ave= 3.474E-05 +/- 3.96 % S(l=1) ave= 1.734E-04 +/- 12.64 % S(l=2) ave= 0.000E+00 +/- 0.00 % S(l=3) ave= 0.000E+00 +/- 0.00 % 
 ... random file  169 Cap(th)  ave= 4.871E+01 b. +/- 42.34 % || Ela(th) ave= 2.372E+01 b. +/- 39.07 % || RIcap ave= 1.91E+01 b. +/- 39.14 % || Macs30 ave= 9.41E-03 b. +/- 2.80 % || Gn^0(l=0) ave= 2.132E+00 +/- 4.59 % Gn^0(l=1) ave= 4.125E+00 +/- 12.68 % Gn^0(l=2) ave= 0.000E+00 +/- 0.00 % Gn^0(l=3) ave= 0.000E+00 +/- 0.00 % || Gtotal(l=0) ave= 1.178E+03 +/- 3.64 % Gtotal(l=1) ave= 3.293E+02 +/- 0.67 % Gtotal(l=2) ave= 0.000E+00 +/- 0.00 % Gtotal(l=3) ave= 0.000E+00 +/- 0.00 %  % || Gg(l=0) ave= 5.882E-01 +/- 3.98 % Gg(l=1) ave= 6.401E-01 +/- 0.96 % Gg(l=2) ave= 0.000E+00 +/- 0.00 % Gg(l=3) ave= 0.000E+00 +/- 0.00 %  % || D(l=0) ave= 2.944E+04 +/- 0.82 % D(l=1) ave= 4.951E+03 +/- 0.00 % D(l=2) ave= 0.000E+00 +/- 0.00 % D(l=3) ave= 0.000E+00 +/- 0.00 %  % || S(l=0) ave= 3.473E-05 +/- 3.95 % S(l=1) ave= 1.735E-04 +/- 12.63 % S(l=2) ave= 0.000E+00 +/- 0.00 % S(l=3) ave= 0.000E+00 +/- 0.00 % 
 ... random file  170 Cap(th)  ave= 4.867E+01 b. +/- 42.25 % || Ela(th) ave= 2.371E+01 b. +/- 38.99 % || RIcap ave= 1.91E+01 b. +/- 39.05 % || Macs30 ave= 9.41E-03 b. +/- 2.79 % || Gn^0(l=0) ave= 2.132E+00 +/- 4.59 % Gn^0(l=1) ave= 4.123E+00 +/- 12.66 % Gn^0(l=2) ave= 0.000E+00 +/- 0.00 % Gn^0(l=3) ave= 0.000E+00 +/- 0.00 % || Gtotal(l=0) ave= 1.178E+03 +/- 3.64 % Gtotal(l=1) ave= 3.293E+02 +/- 0.67 % Gtotal(l=2) ave= 0.000E+00 +/- 0.00 % Gtotal(l=3) ave= 0.000E+00 +/- 0.00 %  % || Gg(l=0) ave= 5.883E-01 +/- 3.98 % Gg(l=1) ave= 6.401E-01 +/- 0.97 % Gg(l=2) ave= 0.000E+00 +/- 0.00 % Gg(l=3) ave= 0.000E+00 +/- 0.00 %  % || D(l=0) ave= 2.944E+04 +/- 0.82 % D(l=1) ave= 4.951E+03 +/- 0.00 % D(l=2) ave= 0.000E+00 +/- 0.00 % D(l=3) ave= 0.000E+00 +/- 0.00 %  % || S(l=0) ave= 3.473E-05 +/- 3.94 % S(l=1) ave= 1.735E-04 +/- 12.60 % S(l=2) ave= 0.000E+00 +/- 0.00 % S(l=3) ave= 0.000E+00 +/- 0.00 % 
 ... random file  171 Cap(th)  ave= 4.884E+01 b. +/- 42.22 % || Ela(th) ave= 2.378E+01 b. +/- 38.96 % || RIcap ave= 1.91E+01 b. +/- 39.03 % || Macs30 ave= 9.41E-03 b. +/- 2.79 % || Gn^0(l=0) ave= 2.133E+00 +/- 4.61 % Gn^0(l=1) ave= 4.128E+00 +/- 12.70 % Gn^0(l=2) ave= 0.000E+00 +/- 0.00 % Gn^0(l=3) ave= 0.000E+00 +/- 0.00 % || Gtotal(l=0) ave= 1.179E+03 +/- 3.66 % Gtotal(l=1) ave= 3.294E+02 +/- 0.69 % Gtotal(l=2) ave= 0.000E+00 +/- 0.00 % Gtotal(l=3) ave= 0.000E+00 +/- 0.00 %  % || Gg(l=0) ave= 5.885E-01 +/- 3.99 % Gg(l=1) ave= 6.401E-01 +/- 0.98 % Gg(l=2) ave= 0.000E+00 +/- 0.00 % Gg(l=3) ave= 0.000E+00 +/- 0.00 %  % || D(l=0) ave= 2.944E+04 +/- 0.82 % D(l=1) ave= 4.951E+03 +/- 0.00 % D(l=2) ave= 0.000E+00 +/- 0.00 % D(l=3) ave= 0.000E+00 +/- 0.00 %  % || S(l=0) ave= 3.474E-05 +/- 3.96 % S(l=1) ave= 1.737E-04 +/- 12.64 % S(l=2) ave= 0.000E+00 +/- 0.00 % S(l=3) ave= 0.000E+00 +/- 0.00 % 
 ... random file  172 Cap(th)  ave= 4.884E+01 b. +/- 42.09 % || Ela(th) ave= 2.379E+01 b. +/- 38.83 % || RIcap ave= 1.91E+01 b. +/- 38.91 % || Macs30 ave= 9.41E-03 b. +/- 2.79 % || Gn^0(l=0) ave= 2.133E+00 +/- 4.60 % Gn^0(l=1) ave= 4.124E+00 +/- 12.72 % Gn^0(l=2) ave= 0.000E+00 +/- 0.00 % Gn^0(l=3) ave= 0.000E+00 +/- 0.00 % || Gtotal(l=0) ave= 1.178E+03 +/- 3.65 % Gtotal(l=1) ave= 3.294E+02 +/- 0.70 % Gtotal(l=2) ave= 0.000E+00 +/- 0.00 % Gtotal(l=3) ave= 0.000E+00 +/- 0.00 %  % || Gg(l=0) ave= 5.887E-01 +/- 4.00 % Gg(l=1) ave= 6.401E-01 +/- 0.98 % Gg(l=2) ave= 0.000E+00 +/- 0.00 % Gg(l=3) ave= 0.000E+00 +/- 0.00 %  % || D(l=0) ave= 2.944E+04 +/- 0.81 % D(l=1) ave= 4.951E+03 +/- 0.00 % D(l=2) ave= 0.000E+00 +/- 0.00 % D(l=3) ave= 0.000E+00 +/- 0.00 %  % || S(l=0) ave= 3.474E-05 +/- 3.95 % S(l=1) ave= 1.735E-04 +/- 12.67 % S(l=2) ave= 0.000E+00 +/- 0.00 % S(l=3) ave= 0.000E+00 +/- 0.00 % 
 ... random file  173 Cap(th)  ave= 4.954E+01 b. +/- 45.28 % || Ela(th) ave= 2.411E+01 b. +/- 42.03 % || RIcap ave= 1.94E+01 b. +/- 41.79 % || Macs30 ave= 9.41E-03 b. +/- 2.78 % || Gn^0(l=0) ave= 2.132E+00 +/- 4.59 % Gn^0(l=1) ave= 4.124E+00 +/- 12.69 % Gn^0(l=2) ave= 0.000E+00 +/- 0.00 % Gn^0(l=3) ave= 0.000E+00 +/- 0.00 % || Gtotal(l=0) ave= 1.178E+03 +/- 3.64 % Gtotal(l=1) ave= 3.294E+02 +/- 0.69 % Gtotal(l=2) ave= 0.000E+00 +/- 0.00 % Gtotal(l=3) ave= 0.000E+00 +/- 0.00 %  % || Gg(l=0) ave= 5.885E-01 +/- 4.01 % Gg(l=1) ave= 6.401E-01 +/- 0.98 % Gg(l=2) ave= 0.000E+00 +/- 0.00 % Gg(l=3) ave= 0.000E+00 +/- 0.00 %  % || D(l=0) ave= 2.944E+04 +/- 0.81 % D(l=1) ave= 4.951E+03 +/- 0.00 % D(l=2) ave= 0.000E+00 +/- 0.00 % D(l=3) ave= 0.000E+00 +/- 0.00 %  % || S(l=0) ave= 3.473E-05 +/- 3.95 % S(l=1) ave= 1.735E-04 +/- 12.63 % S(l=2) ave= 0.000E+00 +/- 0.00 % S(l=3) ave= 0.000E+00 +/- 0.00 % 
 ... random file  174 Cap(th)  ave= 4.953E+01 b. +/- 45.16 % || Ela(th) ave= 2.410E+01 b. +/- 41.92 % || RIcap ave= 1.94E+01 b. +/- 41.68 % || Macs30 ave= 9.41E-03 b. +/- 2.77 % || Gn^0(l=0) ave= 2.133E+00 +/- 4.58 % Gn^0(l=1) ave= 4.126E+00 +/- 12.67 % Gn^0(l=2) ave= 0.000E+00 +/- 0.00 % Gn^0(l=3) ave= 0.000E+00 +/- 0.00 % || Gtotal(l=0) ave= 1.179E+03 +/- 3.64 % Gtotal(l=1) ave= 3.294E+02 +/- 0.69 % Gtotal(l=2) ave= 0.000E+00 +/- 0.00 % Gtotal(l=3) ave= 0.000E+00 +/- 0.00 %  % || Gg(l=0) ave= 5.886E-01 +/- 4.01 % Gg(l=1) ave= 6.401E-01 +/- 0.97 % Gg(l=2) ave= 0.000E+00 +/- 0.00 % Gg(l=3) ave= 0.000E+00 +/- 0.00 %  % || D(l=0) ave= 2.944E+04 +/- 0.81 % D(l=1) ave= 4.951E+03 +/- 0.00 % D(l=2) ave= 0.000E+00 +/- 0.00 % D(l=3) ave= 0.000E+00 +/- 0.00 %  % || S(l=0) ave= 3.474E-05 +/- 3.94 % S(l=1) ave= 1.736E-04 +/- 12.61 % S(l=2) ave= 0.000E+00 +/- 0.00 % S(l=3) ave= 0.000E+00 +/- 0.00 % 
 ... random file  175 Cap(th)  ave= 4.940E+01 b. +/- 45.29 % || Ela(th) ave= 2.404E+01 b. +/- 42.02 % || RIcap ave= 1.93E+01 b. +/- 41.79 % || Macs30 ave= 9.41E-03 b. +/- 2.77 % || Gn^0(l=0) ave= 2.133E+00 +/- 4.57 % Gn^0(l=1) ave= 4.127E+00 +/- 12.63 % Gn^0(l=2) ave= 0.000E+00 +/- 0.00 % Gn^0(l=3) ave= 0.000E+00 +/- 0.00 % || Gtotal(l=0) ave= 1.179E+03 +/- 3.63 % Gtotal(l=1) ave= 3.294E+02 +/- 0.69 % Gtotal(l=2) ave= 0.000E+00 +/- 0.00 % Gtotal(l=3) ave= 0.000E+00 +/- 0.00 %  % || Gg(l=0) ave= 5.886E-01 +/- 3.99 % Gg(l=1) ave= 6.401E-01 +/- 0.97 % Gg(l=2) ave= 0.000E+00 +/- 0.00 % Gg(l=3) ave= 0.000E+00 +/- 0.00 %  % || D(l=0) ave= 2.944E+04 +/- 0.81 % D(l=1) ave= 4.951E+03 +/- 0.00 % D(l=2) ave= 0.000E+00 +/- 0.00 % D(l=3) ave= 0.000E+00 +/- 0.00 %  % || S(l=0) ave= 3.474E-05 +/- 3.93 % S(l=1) ave= 1.736E-04 +/- 12.58 % S(l=2) ave= 0.000E+00 +/- 0.00 % S(l=3) ave= 0.000E+00 +/- 0.00 % 
 ... random file  176 Cap(th)  ave= 4.943E+01 b. +/- 45.14 % || Ela(th) ave= 2.405E+01 b. +/- 41.89 % || RIcap ave= 1.93E+01 b. +/- 41.65 % || Macs30 ave= 9.41E-03 b. +/- 2.78 % || Gn^0(l=0) ave= 2.133E+00 +/- 4.56 % Gn^0(l=1) ave= 4.129E+00 +/- 12.61 % Gn^0(l=2) ave= 0.000E+00 +/- 0.00 % Gn^0(l=3) ave= 0.000E+00 +/- 0.00 % || Gtotal(l=0) ave= 1.179E+03 +/- 3.62 % Gtotal(l=1) ave= 3.294E+02 +/- 0.69 % Gtotal(l=2) ave= 0.000E+00 +/- 0.00 % Gtotal(l=3) ave= 0.000E+00 +/- 0.00 %  % || Gg(l=0) ave= 5.889E-01 +/- 4.03 % Gg(l=1) ave= 6.401E-01 +/- 0.97 % Gg(l=2) ave= 0.000E+00 +/- 0.00 % Gg(l=3) ave= 0.000E+00 +/- 0.00 %  % || D(l=0) ave= 2.944E+04 +/- 0.81 % D(l=1) ave= 4.951E+03 +/- 0.00 % D(l=2) ave= 0.000E+00 +/- 0.00 % D(l=3) ave= 0.000E+00 +/- 0.00 %  % || S(l=0) ave= 3.474E-05 +/- 3.92 % S(l=1) ave= 1.737E-04 +/- 12.56 % S(l=2) ave= 0.000E+00 +/- 0.00 % S(l=3) ave= 0.000E+00 +/- 0.00 % 
 ... random file  177 Cap(th)  ave= 4.954E+01 b. +/- 45.01 % || Ela(th) ave= 2.409E+01 b. +/- 41.76 % || RIcap ave= 1.94E+01 b. +/- 41.54 % || Macs30 ave= 9.42E-03 b. +/- 2.79 % || Gn^0(l=0) ave= 2.133E+00 +/- 4.55 % Gn^0(l=1) ave= 4.134E+00 +/- 12.65 % Gn^0(l=2) ave= 0.000E+00 +/- 0.00 % Gn^0(l=3) ave= 0.000E+00 +/- 0.00 % || Gtotal(l=0) ave= 1.179E+03 +/- 3.61 % Gtotal(l=1) ave= 3.294E+02 +/- 0.69 % Gtotal(l=2) ave= 0.000E+00 +/- 0.00 % Gtotal(l=3) ave= 0.000E+00 +/- 0.00 %  % || Gg(l=0) ave= 5.889E-01 +/- 4.02 % Gg(l=1) ave= 6.401E-01 +/- 0.97 % Gg(l=2) ave= 0.000E+00 +/- 0.00 % Gg(l=3) ave= 0.000E+00 +/- 0.00 %  % || D(l=0) ave= 2.944E+04 +/- 0.80 % D(l=1) ave= 4.951E+03 +/- 0.00 % D(l=2) ave= 0.000E+00 +/- 0.00 % D(l=3) ave= 0.000E+00 +/- 0.00 %  % || S(l=0) ave= 3.474E-05 +/- 3.91 % S(l=1) ave= 1.739E-04 +/- 12.60 % S(l=2) ave= 0.000E+00 +/- 0.00 % S(l=3) ave= 0.000E+00 +/- 0.00 % 
 ... random file  178 Cap(th)  ave= 4.951E+01 b. +/- 44.92 % || Ela(th) ave= 2.407E+01 b. +/- 41.69 % || RIcap ave= 1.94E+01 b. +/- 41.45 % || Macs30 ave= 9.41E-03 b. +/- 2.80 % || Gn^0(l=0) ave= 2.134E+00 +/- 4.65 % Gn^0(l=1) ave= 4.136E+00 +/- 12.63 % Gn^0(l=2) ave= 0.000E+00 +/- 0.00 % Gn^0(l=3) ave= 0.000E+00 +/- 0.00 % || Gtotal(l=0) ave= 1.179E+03 +/- 3.68 % Gtotal(l=1) ave= 3.294E+02 +/- 0.69 % Gtotal(l=2) ave= 0.000E+00 +/- 0.00 % Gtotal(l=3) ave= 0.000E+00 +/- 0.00 %  % || Gg(l=0) ave= 5.889E-01 +/- 4.01 % Gg(l=1) ave= 6.401E-01 +/- 0.97 % Gg(l=2) ave= 0.000E+00 +/- 0.00 % Gg(l=3) ave= 0.000E+00 +/- 0.00 %  % || D(l=0) ave= 2.944E+04 +/- 0.80 % D(l=1) ave= 4.951E+03 +/- 0.00 % D(l=2) ave= 0.000E+00 +/- 0.00 % D(l=3) ave= 0.000E+00 +/- 0.00 %  % || S(l=0) ave= 3.476E-05 +/- 3.98 % S(l=1) ave= 1.740E-04 +/- 12.58 % S(l=2) ave= 0.000E+00 +/- 0.00 % S(l=3) ave= 0.000E+00 +/- 0.00 % 
 ... random file  179 Cap(th)  ave= 4.943E+01 b. +/- 44.91 % || Ela(th) ave= 2.405E+01 b. +/- 41.63 % || RIcap ave= 1.93E+01 b. +/- 41.45 % || Macs30 ave= 9.41E-03 b. +/- 2.80 % || Gn^0(l=0) ave= 2.135E+00 +/- 4.65 % Gn^0(l=1) ave= 4.129E+00 +/- 12.83 % Gn^0(l=2) ave= 0.000E+00 +/- 0.00 % Gn^0(l=3) ave= 0.000E+00 +/- 0.00 % || Gtotal(l=0) ave= 1.180E+03 +/- 3.68 % Gtotal(l=1) ave= 3.294E+02 +/- 0.68 % Gtotal(l=2) ave= 0.000E+00 +/- 0.00 % Gtotal(l=3) ave= 0.000E+00 +/- 0.00 %  % || Gg(l=0) ave= 5.890E-01 +/- 4.00 % Gg(l=1) ave= 6.401E-01 +/- 0.96 % Gg(l=2) ave= 0.000E+00 +/- 0.00 % Gg(l=3) ave= 0.000E+00 +/- 0.00 %  % || D(l=0) ave= 2.944E+04 +/- 0.80 % D(l=1) ave= 4.951E+03 +/- 0.00 % D(l=2) ave= 0.000E+00 +/- 0.00 % D(l=3) ave= 0.000E+00 +/- 0.00 %  % || S(l=0) ave= 3.477E-05 +/- 3.99 % S(l=1) ave= 1.737E-04 +/- 12.78 % S(l=2) ave= 0.000E+00 +/- 0.00 % S(l=3) ave= 0.000E+00 +/- 0.00 % 
 ... random file  180 Cap(th)  ave= 4.952E+01 b. +/- 44.78 % || Ela(th) ave= 2.409E+01 b. +/- 41.51 % || RIcap ave= 1.94E+01 b. +/- 41.33 % || Macs30 ave= 9.41E-03 b. +/- 2.80 % || Gn^0(l=0) ave= 2.135E+00 +/- 4.64 % Gn^0(l=1) ave= 4.127E+00 +/- 12.82 % Gn^0(l=2) ave= 0.000E+00 +/- 0.00 % Gn^0(l=3) ave= 0.000E+00 +/- 0.00 % || Gtotal(l=0) ave= 1.179E+03 +/- 3.68 % Gtotal(l=1) ave= 3.294E+02 +/- 0.68 % Gtotal(l=2) ave= 0.000E+00 +/- 0.00 % Gtotal(l=3) ave= 0.000E+00 +/- 0.00 %  % || Gg(l=0) ave= 5.889E-01 +/- 3.99 % Gg(l=1) ave= 6.401E-01 +/- 0.96 % Gg(l=2) ave= 0.000E+00 +/- 0.00 % Gg(l=3) ave= 0.000E+00 +/- 0.00 %  % || D(l=0) ave= 2.944E+04 +/- 0.80 % D(l=1) ave= 4.951E+03 +/- 0.00 % D(l=2) ave= 0.000E+00 +/- 0.00 % D(l=3) ave= 0.000E+00 +/- 0.00 %  % || S(l=0) ave= 3.476E-05 +/- 3.98 % S(l=1) ave= 1.736E-04 +/- 12.77 % S(l=2) ave= 0.000E+00 +/- 0.00 % S(l=3) ave= 0.000E+00 +/- 0.00 % 
 ... random file  181 Cap(th)  ave= 4.945E+01 b. +/- 44.76 % || Ela(th) ave= 2.406E+01 b. +/- 41.52 % || RIcap ave= 1.93E+01 b. +/- 41.31 % || Macs30 ave= 9.41E-03 b. +/- 2.81 % || Gn^0(l=0) ave= 2.134E+00 +/- 4.64 % Gn^0(l=1) ave= 4.130E+00 +/- 12.82 % Gn^0(l=2) ave= 0.000E+00 +/- 0.00 % Gn^0(l=3) ave= 0.000E+00 +/- 0.00 % || Gtotal(l=0) ave= 1.179E+03 +/- 3.67 % Gtotal(l=1) ave= 3.294E+02 +/- 0.68 % Gtotal(l=2) ave= 0.000E+00 +/- 0.00 % Gtotal(l=3) ave= 0.000E+00 +/- 0.00 %  % || Gg(l=0) ave= 5.891E-01 +/- 4.00 % Gg(l=1) ave= 6.401E-01 +/- 0.96 % Gg(l=2) ave= 0.000E+00 +/- 0.00 % Gg(l=3) ave= 0.000E+00 +/- 0.00 %  % || D(l=0) ave= 2.944E+04 +/- 0.79 % D(l=1) ave= 4.951E+03 +/- 0.00 % D(l=2) ave= 0.000E+00 +/- 0.00 % D(l=3) ave= 0.000E+00 +/- 0.00 %  % || S(l=0) ave= 3.476E-05 +/- 3.98 % S(l=1) ave= 1.738E-04 +/- 12.77 % S(l=2) ave= 0.000E+00 +/- 0.00 % S(l=3) ave= 0.000E+00 +/- 0.00 % 
 ... random file  182 Cap(th)  ave= 4.943E+01 b. +/- 44.66 % || Ela(th) ave= 2.405E+01 b. +/- 41.42 % || RIcap ave= 1.93E+01 b. +/- 41.21 % || Macs30 ave= 9.41E-03 b. +/- 2.82 % || Gn^0(l=0) ave= 2.135E+00 +/- 4.64 % Gn^0(l=1) ave= 4.131E+00 +/- 12.79 % Gn^0(l=2) ave= 0.000E+00 +/- 0.00 % Gn^0(l=3) ave= 0.000E+00 +/- 0.00 % || Gtotal(l=0) ave= 1.179E+03 +/- 3.68 % Gtotal(l=1) ave= 3.293E+02 +/- 0.69 % Gtotal(l=2) ave= 0.000E+00 +/- 0.00 % Gtotal(l=3) ave= 0.000E+00 +/- 0.00 %  % || Gg(l=0) ave= 5.890E-01 +/- 3.99 % Gg(l=1) ave= 6.400E-01 +/- 0.96 % Gg(l=2) ave= 0.000E+00 +/- 0.00 % Gg(l=3) ave= 0.000E+00 +/- 0.00 %  % || D(l=0) ave= 2.944E+04 +/- 0.79 % D(l=1) ave= 4.951E+03 +/- 0.00 % D(l=2) ave= 0.000E+00 +/- 0.00 % D(l=3) ave= 0.000E+00 +/- 0.00 %  % || S(l=0) ave= 3.477E-05 +/- 3.98 % S(l=1) ave= 1.738E-04 +/- 12.74 % S(l=2) ave= 0.000E+00 +/- 0.00 % S(l=3) ave= 0.000E+00 +/- 0.00 % 
 ... random file  183 Cap(th)  ave= 4.934E+01 b. +/- 44.68 % || Ela(th) ave= 2.401E+01 b. +/- 41.42 % || RIcap ave= 1.93E+01 b. +/- 41.22 % || Macs30 ave= 9.41E-03 b. +/- 2.81 % || Gn^0(l=0) ave= 2.134E+00 +/- 4.65 % Gn^0(l=1) ave= 4.130E+00 +/- 12.77 % Gn^0(l=2) ave= 0.000E+00 +/- 0.00 % Gn^0(l=3) ave= 0.000E+00 +/- 0.00 % || Gtotal(l=0) ave= 1.179E+03 +/- 3.69 % Gtotal(l=1) ave= 3.293E+02 +/- 0.69 % Gtotal(l=2) ave= 0.000E+00 +/- 0.00 % Gtotal(l=3) ave= 0.000E+00 +/- 0.00 %  % || Gg(l=0) ave= 5.892E-01 +/- 4.00 % Gg(l=1) ave= 6.400E-01 +/- 0.96 % Gg(l=2) ave= 0.000E+00 +/- 0.00 % Gg(l=3) ave= 0.000E+00 +/- 0.00 %  % || D(l=0) ave= 2.944E+04 +/- 0.79 % D(l=1) ave= 4.951E+03 +/- 0.00 % D(l=2) ave= 0.000E+00 +/- 0.00 % D(l=3) ave= 0.000E+00 +/- 0.00 %  % || S(l=0) ave= 3.476E-05 +/- 3.99 % S(l=1) ave= 1.738E-04 +/- 12.72 % S(l=2) ave= 0.000E+00 +/- 0.00 % S(l=3) ave= 0.000E+00 +/- 0.00 % 
 ... random file  184 Cap(th)  ave= 4.917E+01 b. +/- 44.95 % || Ela(th) ave= 2.394E+01 b. +/- 41.65 % || RIcap ave= 1.93E+01 b. +/- 41.48 % || Macs30 ave= 9.41E-03 b. +/- 2.80 % || Gn^0(l=0) ave= 2.134E+00 +/- 4.64 % Gn^0(l=1) ave= 4.128E+00 +/- 12.75 % Gn^0(l=2) ave= 0.000E+00 +/- 0.00 % Gn^0(l=3) ave= 0.000E+00 +/- 0.00 % || Gtotal(l=0) ave= 1.179E+03 +/- 3.68 % Gtotal(l=1) ave= 3.293E+02 +/- 0.69 % Gtotal(l=2) ave= 0.000E+00 +/- 0.00 % Gtotal(l=3) ave= 0.000E+00 +/- 0.00 %  % || Gg(l=0) ave= 5.891E-01 +/- 3.99 % Gg(l=1) ave= 6.400E-01 +/- 0.96 % Gg(l=2) ave= 0.000E+00 +/- 0.00 % Gg(l=3) ave= 0.000E+00 +/- 0.00 %  % || D(l=0) ave= 2.944E+04 +/- 0.79 % D(l=1) ave= 4.951E+03 +/- 0.00 % D(l=2) ave= 0.000E+00 +/- 0.00 % D(l=3) ave= 0.000E+00 +/- 0.00 %  % || S(l=0) ave= 3.476E-05 +/- 3.98 % S(l=1) ave= 1.737E-04 +/- 12.70 % S(l=2) ave= 0.000E+00 +/- 0.00 % S(l=3) ave= 0.000E+00 +/- 0.00 % 
 ... random file  185 Cap(th)  ave= 4.924E+01 b. +/- 44.81 % || Ela(th) ave= 2.397E+01 b. +/- 41.52 % || RIcap ave= 1.93E+01 b. +/- 41.35 % || Macs30 ave= 9.41E-03 b. +/- 2.81 % || Gn^0(l=0) ave= 2.135E+00 +/- 4.63 % Gn^0(l=1) ave= 4.126E+00 +/- 12.74 % Gn^0(l=2) ave= 0.000E+00 +/- 0.00 % Gn^0(l=3) ave= 0.000E+00 +/- 0.00 % || Gtotal(l=0) ave= 1.179E+03 +/- 3.67 % Gtotal(l=1) ave= 3.293E+02 +/- 0.69 % Gtotal(l=2) ave= 0.000E+00 +/- 0.00 % Gtotal(l=3) ave= 0.000E+00 +/- 0.00 %  % || Gg(l=0) ave= 5.890E-01 +/- 3.99 % Gg(l=1) ave= 6.400E-01 +/- 0.96 % Gg(l=2) ave= 0.000E+00 +/- 0.00 % Gg(l=3) ave= 0.000E+00 +/- 0.00 %  % || D(l=0) ave= 2.944E+04 +/- 0.79 % D(l=1) ave= 4.951E+03 +/- 0.00 % D(l=2) ave= 0.000E+00 +/- 0.00 % D(l=3) ave= 0.000E+00 +/- 0.00 %  % || S(l=0) ave= 3.477E-05 +/- 3.97 % S(l=1) ave= 1.736E-04 +/- 12.69 % S(l=2) ave= 0.000E+00 +/- 0.00 % S(l=3) ave= 0.000E+00 +/- 0.00 % 
 ... random file  186 Cap(th)  ave= 4.925E+01 b. +/- 44.68 % || Ela(th) ave= 2.397E+01 b. +/- 41.40 % || RIcap ave= 1.93E+01 b. +/- 41.23 % || Macs30 ave= 9.41E-03 b. +/- 2.81 % || Gn^0(l=0) ave= 2.134E+00 +/- 4.63 % Gn^0(l=1) ave= 4.129E+00 +/- 12.74 % Gn^0(l=2) ave= 0.000E+00 +/- 0.00 % Gn^0(l=3) ave= 0.000E+00 +/- 0.00 % || Gtotal(l=0) ave= 1.179E+03 +/- 3.67 % Gtotal(l=1) ave= 3.293E+02 +/- 0.69 % Gtotal(l=2) ave= 0.000E+00 +/- 0.00 % Gtotal(l=3) ave= 0.000E+00 +/- 0.00 %  % || Gg(l=0) ave= 5.891E-01 +/- 3.98 % Gg(l=1) ave= 6.400E-01 +/- 0.96 % Gg(l=2) ave= 0.000E+00 +/- 0.00 % Gg(l=3) ave= 0.000E+00 +/- 0.00 %  % || D(l=0) ave= 2.944E+04 +/- 0.78 % D(l=1) ave= 4.951E+03 +/- 0.00 % D(l=2) ave= 0.000E+00 +/- 0.00 % D(l=3) ave= 0.000E+00 +/- 0.00 %  % || S(l=0) ave= 3.476E-05 +/- 3.96 % S(l=1) ave= 1.737E-04 +/- 12.68 % S(l=2) ave= 0.000E+00 +/- 0.00 % S(l=3) ave= 0.000E+00 +/- 0.00 % 
 ... random file  187 Cap(th)  ave= 4.918E+01 b. +/- 44.67 % || Ela(th) ave= 2.394E+01 b. +/- 41.38 % || RIcap ave= 1.93E+01 b. +/- 41.21 % || Macs30 ave= 9.41E-03 b. +/- 2.80 % || Gn^0(l=0) ave= 2.135E+00 +/- 4.62 % Gn^0(l=1) ave= 4.128E+00 +/- 12.71 % Gn^0(l=2) ave= 0.000E+00 +/- 0.00 % Gn^0(l=3) ave= 0.000E+00 +/- 0.00 % || Gtotal(l=0) ave= 1.179E+03 +/- 3.66 % Gtotal(l=1) ave= 3.293E+02 +/- 0.69 % Gtotal(l=2) ave= 0.000E+00 +/- 0.00 % Gtotal(l=3) ave= 0.000E+00 +/- 0.00 %  % || Gg(l=0) ave= 5.891E-01 +/- 3.97 % Gg(l=1) ave= 6.399E-01 +/- 0.97 % Gg(l=2) ave= 0.000E+00 +/- 0.00 % Gg(l=3) ave= 0.000E+00 +/- 0.00 %  % || D(l=0) ave= 2.944E+04 +/- 0.78 % D(l=1) ave= 4.951E+03 +/- 0.00 % D(l=2) ave= 0.000E+00 +/- 0.00 % D(l=3) ave= 0.000E+00 +/- 0.00 %  % || S(l=0) ave= 3.477E-05 +/- 3.96 % S(l=1) ave= 1.737E-04 +/- 12.66 % S(l=2) ave= 0.000E+00 +/- 0.00 % S(l=3) ave= 0.000E+00 +/- 0.00 % 
 ... random file  188 Cap(th)  ave= 4.912E+01 b. +/- 44.63 % || Ela(th) ave= 2.391E+01 b. +/- 41.38 % || RIcap ave= 1.92E+01 b. +/- 41.18 % || Macs30 ave= 9.41E-03 b. +/- 2.79 % || Gn^0(l=0) ave= 2.135E+00 +/- 4.61 % Gn^0(l=1) ave= 4.131E+00 +/- 12.69 % Gn^0(l=2) ave= 0.000E+00 +/- 0.00 % Gn^0(l=3) ave= 0.000E+00 +/- 0.00 % || Gtotal(l=0) ave= 1.180E+03 +/- 3.65 % Gtotal(l=1) ave= 3.293E+02 +/- 0.69 % Gtotal(l=2) ave= 0.000E+00 +/- 0.00 % Gtotal(l=3) ave= 0.000E+00 +/- 0.00 %  % || Gg(l=0) ave= 5.890E-01 +/- 3.96 % Gg(l=1) ave= 6.399E-01 +/- 0.96 % Gg(l=2) ave= 0.000E+00 +/- 0.00 % Gg(l=3) ave= 0.000E+00 +/- 0.00 %  % || D(l=0) ave= 2.944E+04 +/- 0.78 % D(l=1) ave= 4.951E+03 +/- 0.00 % D(l=2) ave= 0.000E+00 +/- 0.00 % D(l=3) ave= 0.000E+00 +/- 0.00 %  % || S(l=0) ave= 3.477E-05 +/- 3.95 % S(l=1) ave= 1.738E-04 +/- 12.64 % S(l=2) ave= 0.000E+00 +/- 0.00 % S(l=3) ave= 0.000E+00 +/- 0.00 % 
 ... random file  189 Cap(th)  ave= 4.905E+01 b. +/- 44.62 % || Ela(th) ave= 2.388E+01 b. +/- 41.36 % || RIcap ave= 1.92E+01 b. +/- 41.17 % || Macs30 ave= 9.41E-03 b. +/- 2.79 % || Gn^0(l=0) ave= 2.135E+00 +/- 4.60 % Gn^0(l=1) ave= 4.127E+00 +/- 12.71 % Gn^0(l=2) ave= 0.000E+00 +/- 0.00 % Gn^0(l=3) ave= 0.000E+00 +/- 0.00 % || Gtotal(l=0) ave= 1.180E+03 +/- 3.64 % Gtotal(l=1) ave= 3.293E+02 +/- 0.70 % Gtotal(l=2) ave= 0.000E+00 +/- 0.00 % Gtotal(l=3) ave= 0.000E+00 +/- 0.00 %  % || Gg(l=0) ave= 5.890E-01 +/- 3.95 % Gg(l=1) ave= 6.399E-01 +/- 0.96 % Gg(l=2) ave= 0.000E+00 +/- 0.00 % Gg(l=3) ave= 0.000E+00 +/- 0.00 %  % || D(l=0) ave= 2.944E+04 +/- 0.78 % D(l=1) ave= 4.951E+03 +/- 0.00 % D(l=2) ave= 0.000E+00 +/- 0.00 % D(l=3) ave= 0.000E+00 +/- 0.00 %  % || S(l=0) ave= 3.477E-05 +/- 3.94 % S(l=1) ave= 1.737E-04 +/- 12.66 % S(l=2) ave= 0.000E+00 +/- 0.00 % S(l=3) ave= 0.000E+00 +/- 0.00 % 
 ... random file  190 Cap(th)  ave= 4.908E+01 b. +/- 44.49 % || Ela(th) ave= 2.388E+01 b. +/- 41.24 % || RIcap ave= 1.92E+01 b. +/- 41.04 % || Macs30 ave= 9.41E-03 b. +/- 2.78 % || Gn^0(l=0) ave= 2.135E+00 +/- 4.59 % Gn^0(l=1) ave= 4.130E+00 +/- 12.71 % Gn^0(l=2) ave= 0.000E+00 +/- 0.00 % Gn^0(l=3) ave= 0.000E+00 +/- 0.00 % || Gtotal(l=0) ave= 1.180E+03 +/- 3.63 % Gtotal(l=1) ave= 3.293E+02 +/- 0.70 % Gtotal(l=2) ave= 0.000E+00 +/- 0.00 % Gtotal(l=3) ave= 0.000E+00 +/- 0.00 %  % || Gg(l=0) ave= 5.889E-01 +/- 3.96 % Gg(l=1) ave= 6.399E-01 +/- 0.96 % Gg(l=2) ave= 0.000E+00 +/- 0.00 % Gg(l=3) ave= 0.000E+00 +/- 0.00 %  % || D(l=0) ave= 2.944E+04 +/- 0.78 % D(l=1) ave= 4.951E+03 +/- 0.00 % D(l=2) ave= 0.000E+00 +/- 0.00 % D(l=3) ave= 0.000E+00 +/- 0.00 %  % || S(l=0) ave= 3.477E-05 +/- 3.93 % S(l=1) ave= 1.738E-04 +/- 12.65 % S(l=2) ave= 0.000E+00 +/- 0.00 % S(l=3) ave= 0.000E+00 +/- 0.00 % 
 ... random file  191 Cap(th)  ave= 4.905E+01 b. +/- 44.40 % || Ela(th) ave= 2.387E+01 b. +/- 41.17 % || RIcap ave= 1.92E+01 b. +/- 40.96 % || Macs30 ave= 9.41E-03 b. +/- 2.78 % || Gn^0(l=0) ave= 2.135E+00 +/- 4.57 % Gn^0(l=1) ave= 4.130E+00 +/- 12.67 % Gn^0(l=2) ave= 0.000E+00 +/- 0.00 % Gn^0(l=3) ave= 0.000E+00 +/- 0.00 % || Gtotal(l=0) ave= 1.180E+03 +/- 3.62 % Gtotal(l=1) ave= 3.293E+02 +/- 0.70 % Gtotal(l=2) ave= 0.000E+00 +/- 0.00 % Gtotal(l=3) ave= 0.000E+00 +/- 0.00 %  % || Gg(l=0) ave= 5.890E-01 +/- 3.96 % Gg(l=1) ave= 6.399E-01 +/- 0.96 % Gg(l=2) ave= 0.000E+00 +/- 0.00 % Gg(l=3) ave= 0.000E+00 +/- 0.00 %  % || D(l=0) ave= 2.944E+04 +/- 0.77 % D(l=1) ave= 4.951E+03 +/- 0.00 % D(l=2) ave= 0.000E+00 +/- 0.00 % D(l=3) ave= 0.000E+00 +/- 0.00 %  % || S(l=0) ave= 3.477E-05 +/- 3.92 % S(l=1) ave= 1.738E-04 +/- 12.62 % S(l=2) ave= 0.000E+00 +/- 0.00 % S(l=3) ave= 0.000E+00 +/- 0.00 % 
 ... random file  192 Cap(th)  ave= 4.910E+01 b. +/- 44.26 % || Ela(th) ave= 2.388E+01 b. +/- 41.05 % || RIcap ave= 1.92E+01 b. +/- 40.84 % || Macs30 ave= 9.40E-03 b. +/- 2.80 % || Gn^0(l=0) ave= 2.135E+00 +/- 4.57 % Gn^0(l=1) ave= 4.138E+00 +/- 12.92 % Gn^0(l=2) ave= 0.000E+00 +/- 0.00 % Gn^0(l=3) ave= 0.000E+00 +/- 0.00 % || Gtotal(l=0) ave= 1.179E+03 +/- 3.62 % Gtotal(l=1) ave= 3.293E+02 +/- 0.70 % Gtotal(l=2) ave= 0.000E+00 +/- 0.00 % Gtotal(l=3) ave= 0.000E+00 +/- 0.00 %  % || Gg(l=0) ave= 5.888E-01 +/- 3.97 % Gg(l=1) ave= 6.399E-01 +/- 0.96 % Gg(l=2) ave= 0.000E+00 +/- 0.00 % Gg(l=3) ave= 0.000E+00 +/- 0.00 %  % || D(l=0) ave= 2.944E+04 +/- 0.77 % D(l=1) ave= 4.951E+03 +/- 0.00 % D(l=2) ave= 0.000E+00 +/- 0.00 % D(l=3) ave= 0.000E+00 +/- 0.00 %  % || S(l=0) ave= 3.477E-05 +/- 3.91 % S(l=1) ave= 1.741E-04 +/- 12.86 % S(l=2) ave= 0.000E+00 +/- 0.00 % S(l=3) ave= 0.000E+00 +/- 0.00 % 
 ... random file  193 Cap(th)  ave= 4.907E+01 b. +/- 44.19 % || Ela(th) ave= 2.386E+01 b. +/- 40.99 % || RIcap ave= 1.92E+01 b. +/- 40.77 % || Macs30 ave= 9.40E-03 b. +/- 2.79 % || Gn^0(l=0) ave= 2.134E+00 +/- 4.57 % Gn^0(l=1) ave= 4.138E+00 +/- 12.88 % Gn^0(l=2) ave= 0.000E+00 +/- 0.00 % Gn^0(l=3) ave= 0.000E+00 +/- 0.00 % || Gtotal(l=0) ave= 1.179E+03 +/- 3.62 % Gtotal(l=1) ave= 3.293E+02 +/- 0.70 % Gtotal(l=2) ave= 0.000E+00 +/- 0.00 % Gtotal(l=3) ave= 0.000E+00 +/- 0.00 %  % || Gg(l=0) ave= 5.889E-01 +/- 3.96 % Gg(l=1) ave= 6.399E-01 +/- 0.95 % Gg(l=2) ave= 0.000E+00 +/- 0.00 % Gg(l=3) ave= 0.000E+00 +/- 0.00 %  % || D(l=0) ave= 2.944E+04 +/- 0.77 % D(l=1) ave= 4.951E+03 +/- 0.00 % D(l=2) ave= 0.000E+00 +/- 0.00 % D(l=3) ave= 0.000E+00 +/- 0.00 %  % || S(l=0) ave= 3.476E-05 +/- 3.91 % S(l=1) ave= 1.741E-04 +/- 12.82 % S(l=2) ave= 0.000E+00 +/- 0.00 % S(l=3) ave= 0.000E+00 +/- 0.00 % 
 ... random file  194 Cap(th)  ave= 4.897E+01 b. +/- 44.24 % || Ela(th) ave= 2.381E+01 b. +/- 41.04 % || RIcap ave= 1.92E+01 b. +/- 40.81 % || Macs30 ave= 9.40E-03 b. +/- 2.79 % || Gn^0(l=0) ave= 2.134E+00 +/- 4.56 % Gn^0(l=1) ave= 4.139E+00 +/- 12.85 % Gn^0(l=2) ave= 0.000E+00 +/- 0.00 % Gn^0(l=3) ave= 0.000E+00 +/- 0.00 % || Gtotal(l=0) ave= 1.179E+03 +/- 3.61 % Gtotal(l=1) ave= 3.293E+02 +/- 0.70 % Gtotal(l=2) ave= 0.000E+00 +/- 0.00 % Gtotal(l=3) ave= 0.000E+00 +/- 0.00 %  % || Gg(l=0) ave= 5.888E-01 +/- 3.95 % Gg(l=1) ave= 6.399E-01 +/- 0.95 % Gg(l=2) ave= 0.000E+00 +/- 0.00 % Gg(l=3) ave= 0.000E+00 +/- 0.00 %  % || D(l=0) ave= 2.944E+04 +/- 0.77 % D(l=1) ave= 4.951E+03 +/- 0.00 % D(l=2) ave= 0.000E+00 +/- 0.00 % D(l=3) ave= 0.000E+00 +/- 0.00 %  % || S(l=0) ave= 3.476E-05 +/- 3.90 % S(l=1) ave= 1.742E-04 +/- 12.80 % S(l=2) ave= 0.000E+00 +/- 0.00 % S(l=3) ave= 0.000E+00 +/- 0.00 % 
 ... random file  195 Cap(th)  ave= 4.888E+01 b. +/- 44.31 % || Ela(th) ave= 2.378E+01 b. +/- 41.06 % || RIcap ave= 1.91E+01 b. +/- 40.87 % || Macs30 ave= 9.40E-03 b. +/- 2.78 % || Gn^0(l=0) ave= 2.134E+00 +/- 4.55 % Gn^0(l=1) ave= 4.135E+00 +/- 12.90 % Gn^0(l=2) ave= 0.000E+00 +/- 0.00 % Gn^0(l=3) ave= 0.000E+00 +/- 0.00 % || Gtotal(l=0) ave= 1.179E+03 +/- 3.60 % Gtotal(l=1) ave= 3.293E+02 +/- 0.70 % Gtotal(l=2) ave= 0.000E+00 +/- 0.00 % Gtotal(l=3) ave= 0.000E+00 +/- 0.00 %  % || Gg(l=0) ave= 5.886E-01 +/- 3.97 % Gg(l=1) ave= 6.400E-01 +/- 0.95 % Gg(l=2) ave= 0.000E+00 +/- 0.00 % Gg(l=3) ave= 0.000E+00 +/- 0.00 %  % || D(l=0) ave= 2.944E+04 +/- 0.77 % D(l=1) ave= 4.951E+03 +/- 0.00 % D(l=2) ave= 0.000E+00 +/- 0.00 % D(l=3) ave= 0.000E+00 +/- 0.00 %  % || S(l=0) ave= 3.476E-05 +/- 3.90 % S(l=1) ave= 1.740E-04 +/- 12.84 % S(l=2) ave= 0.000E+00 +/- 0.00 % S(l=3) ave= 0.000E+00 +/- 0.00 % 
 ... random file  196 Cap(th)  ave= 4.897E+01 b. +/- 44.19 % || Ela(th) ave= 2.382E+01 b. +/- 40.95 % || RIcap ave= 1.92E+01 b. +/- 40.77 % || Macs30 ave= 9.40E-03 b. +/- 2.77 % || Gn^0(l=0) ave= 2.134E+00 +/- 4.54 % Gn^0(l=1) ave= 4.135E+00 +/- 12.87 % Gn^0(l=2) ave= 0.000E+00 +/- 0.00 % Gn^0(l=3) ave= 0.000E+00 +/- 0.00 % || Gtotal(l=0) ave= 1.179E+03 +/- 3.60 % Gtotal(l=1) ave= 3.293E+02 +/- 0.70 % Gtotal(l=2) ave= 0.000E+00 +/- 0.00 % Gtotal(l=3) ave= 0.000E+00 +/- 0.00 %  % || Gg(l=0) ave= 5.888E-01 +/- 3.97 % Gg(l=1) ave= 6.400E-01 +/- 0.95 % Gg(l=2) ave= 0.000E+00 +/- 0.00 % Gg(l=3) ave= 0.000E+00 +/- 0.00 %  % || D(l=0) ave= 2.944E+04 +/- 0.76 % D(l=1) ave= 4.951E+03 +/- 0.00 % D(l=2) ave= 0.000E+00 +/- 0.00 % D(l=3) ave= 0.000E+00 +/- 0.00 %  % || S(l=0) ave= 3.476E-05 +/- 3.89 % S(l=1) ave= 1.740E-04 +/- 12.81 % S(l=2) ave= 0.000E+00 +/- 0.00 % S(l=3) ave= 0.000E+00 +/- 0.00 % 
 ... random file  197 Cap(th)  ave= 4.894E+01 b. +/- 44.11 % || Ela(th) ave= 2.380E+01 b. +/- 40.87 % || RIcap ave= 1.92E+01 b. +/- 40.69 % || Macs30 ave= 9.40E-03 b. +/- 2.77 % || Gn^0(l=0) ave= 2.135E+00 +/- 4.55 % Gn^0(l=1) ave= 4.132E+00 +/- 12.89 % Gn^0(l=2) ave= 0.000E+00 +/- 0.00 % Gn^0(l=3) ave= 0.000E+00 +/- 0.00 % || Gtotal(l=0) ave= 1.179E+03 +/- 3.60 % Gtotal(l=1) ave= 3.293E+02 +/- 0.70 % Gtotal(l=2) ave= 0.000E+00 +/- 0.00 % Gtotal(l=3) ave= 0.000E+00 +/- 0.00 %  % || Gg(l=0) ave= 5.888E-01 +/- 3.97 % Gg(l=1) ave= 6.400E-01 +/- 0.95 % Gg(l=2) ave= 0.000E+00 +/- 0.00 % Gg(l=3) ave= 0.000E+00 +/- 0.00 %  % || D(l=0) ave= 2.944E+04 +/- 0.76 % D(l=1) ave= 4.951E+03 +/- 0.00 % D(l=2) ave= 0.000E+00 +/- 0.00 % D(l=3) ave= 0.000E+00 +/- 0.00 %  % || S(l=0) ave= 3.477E-05 +/- 3.89 % S(l=1) ave= 1.739E-04 +/- 12.83 % S(l=2) ave= 0.000E+00 +/- 0.00 % S(l=3) ave= 0.000E+00 +/- 0.00 % 
 ... random file  198 Cap(th)  ave= 4.897E+01 b. +/- 43.98 % || Ela(th) ave= 2.382E+01 b. +/- 40.76 % || RIcap ave= 1.92E+01 b. +/- 40.57 % || Macs30 ave= 9.40E-03 b. +/- 2.77 % || Gn^0(l=0) ave= 2.134E+00 +/- 4.54 % Gn^0(l=1) ave= 4.132E+00 +/- 12.85 % Gn^0(l=2) ave= 0.000E+00 +/- 0.00 % Gn^0(l=3) ave= 0.000E+00 +/- 0.00 % || Gtotal(l=0) ave= 1.179E+03 +/- 3.60 % Gtotal(l=1) ave= 3.293E+02 +/- 0.70 % Gtotal(l=2) ave= 0.000E+00 +/- 0.00 % Gtotal(l=3) ave= 0.000E+00 +/- 0.00 %  % || Gg(l=0) ave= 5.889E-01 +/- 3.97 % Gg(l=1) ave= 6.400E-01 +/- 0.95 % Gg(l=2) ave= 0.000E+00 +/- 0.00 % Gg(l=3) ave= 0.000E+00 +/- 0.00 %  % || D(l=0) ave= 2.944E+04 +/- 0.76 % D(l=1) ave= 4.951E+03 +/- 0.00 % D(l=2) ave= 0.000E+00 +/- 0.00 % D(l=3) ave= 0.000E+00 +/- 0.00 %  % || S(l=0) ave= 3.476E-05 +/- 3.89 % S(l=1) ave= 1.739E-04 +/- 12.79 % S(l=2) ave= 0.000E+00 +/- 0.00 % S(l=3) ave= 0.000E+00 +/- 0.00 % 
 ... random file  199 Cap(th)  ave= 4.899E+01 b. +/- 43.86 % || Ela(th) ave= 2.382E+01 b. +/- 40.65 % || RIcap ave= 1.92E+01 b. +/- 40.46 % || Macs30 ave= 9.40E-03 b. +/- 2.80 % || Gn^0(l=0) ave= 2.134E+00 +/- 4.53 % Gn^0(l=1) ave= 4.135E+00 +/- 12.85 % Gn^0(l=2) ave= 0.000E+00 +/- 0.00 % Gn^0(l=3) ave= 0.000E+00 +/- 0.00 % || Gtotal(l=0) ave= 1.179E+03 +/- 3.59 % Gtotal(l=1) ave= 3.293E+02 +/- 0.70 % Gtotal(l=2) ave= 0.000E+00 +/- 0.00 % Gtotal(l=3) ave= 0.000E+00 +/- 0.00 %  % || Gg(l=0) ave= 5.889E-01 +/- 3.96 % Gg(l=1) ave= 6.400E-01 +/- 0.95 % Gg(l=2) ave= 0.000E+00 +/- 0.00 % Gg(l=3) ave= 0.000E+00 +/- 0.00 %  % || D(l=0) ave= 2.944E+04 +/- 0.76 % D(l=1) ave= 4.951E+03 +/- 0.00 % D(l=2) ave= 0.000E+00 +/- 0.00 % D(l=3) ave= 0.000E+00 +/- 0.00 %  % || S(l=0) ave= 3.476E-05 +/- 3.88 % S(l=1) ave= 1.740E-04 +/- 12.79 % S(l=2) ave= 0.000E+00 +/- 0.00 % S(l=3) ave= 0.000E+00 +/- 0.00 % 
 ... random file  200 Cap(th)  ave= 4.893E+01 b. +/- 43.84 % || Ela(th) ave= 2.379E+01 b. +/- 40.62 % || RIcap ave= 1.92E+01 b. +/- 40.44 % || Macs30 ave= 9.40E-03 b. +/- 2.80 % || Gn^0(l=0) ave= 2.134E+00 +/- 4.52 % Gn^0(l=1) ave= 4.133E+00 +/- 12.84 % Gn^0(l=2) ave= 0.000E+00 +/- 0.00 % Gn^0(l=3) ave= 0.000E+00 +/- 0.00 % || Gtotal(l=0) ave= 1.179E+03 +/- 3.58 % Gtotal(l=1) ave= 3.293E+02 +/- 0.70 % Gtotal(l=2) ave= 0.000E+00 +/- 0.00 % Gtotal(l=3) ave= 0.000E+00 +/- 0.00 %  % || Gg(l=0) ave= 5.888E-01 +/- 3.97 % Gg(l=1) ave= 6.400E-01 +/- 0.95 % Gg(l=2) ave= 0.000E+00 +/- 0.00 % Gg(l=3) ave= 0.000E+00 +/- 0.00 %  % || D(l=0) ave= 2.944E+04 +/- 0.76 % D(l=1) ave= 4.951E+03 +/- 0.00 % D(l=2) ave= 0.000E+00 +/- 0.00 % D(l=3) ave= 0.000E+00 +/- 0.00 %  % || S(l=0) ave= 3.476E-05 +/- 3.87 % S(l=1) ave= 1.739E-04 +/- 12.78 % S(l=2) ave= 0.000E+00 +/- 0.00 % S(l=3) ave= 0.000E+00 +/- 0.00 % 
 ... random file  201 Cap(th)  ave= 4.893E+01 b. +/- 43.73 % || Ela(th) ave= 2.380E+01 b. +/- 40.51 % || RIcap ave= 1.92E+01 b. +/- 40.34 % || Macs30 ave= 9.40E-03 b. +/- 2.79 % || Gn^0(l=0) ave= 2.135E+00 +/- 4.51 % Gn^0(l=1) ave= 4.131E+00 +/- 12.84 % Gn^0(l=2) ave= 0.000E+00 +/- 0.00 % Gn^0(l=3) ave= 0.000E+00 +/- 0.00 % || Gtotal(l=0) ave= 1.179E+03 +/- 3.57 % Gtotal(l=1) ave= 3.293E+02 +/- 0.70 % Gtotal(l=2) ave= 0.000E+00 +/- 0.00 % Gtotal(l=3) ave= 0.000E+00 +/- 0.00 %  % || Gg(l=0) ave= 5.889E-01 +/- 3.98 % Gg(l=1) ave= 6.401E-01 +/- 0.97 % Gg(l=2) ave= 0.000E+00 +/- 0.00 % Gg(l=3) ave= 0.000E+00 +/- 0.00 %  % || D(l=0) ave= 2.944E+04 +/- 0.76 % D(l=1) ave= 4.951E+03 +/- 0.00 % D(l=2) ave= 0.000E+00 +/- 0.00 % D(l=3) ave= 0.000E+00 +/- 0.00 %  % || S(l=0) ave= 3.477E-05 +/- 3.86 % S(l=1) ave= 1.738E-04 +/- 12.78 % S(l=2) ave= 0.000E+00 +/- 0.00 % S(l=3) ave= 0.000E+00 +/- 0.00 % 
 ... random file  202 Cap(th)  ave= 4.886E+01 b. +/- 43.74 % || Ela(th) ave= 2.377E+01 b. +/- 40.51 % || RIcap ave= 1.91E+01 b. +/- 40.34 % || Macs30 ave= 9.40E-03 b. +/- 2.79 % || Gn^0(l=0) ave= 2.134E+00 +/- 4.50 % Gn^0(l=1) ave= 4.130E+00 +/- 12.82 % Gn^0(l=2) ave= 0.000E+00 +/- 0.00 % Gn^0(l=3) ave= 0.000E+00 +/- 0.00 % || Gtotal(l=0) ave= 1.179E+03 +/- 3.57 % Gtotal(l=1) ave= 3.293E+02 +/- 0.69 % Gtotal(l=2) ave= 0.000E+00 +/- 0.00 % Gtotal(l=3) ave= 0.000E+00 +/- 0.00 %  % || Gg(l=0) ave= 5.891E-01 +/- 3.98 % Gg(l=1) ave= 6.401E-01 +/- 0.97 % Gg(l=2) ave= 0.000E+00 +/- 0.00 % Gg(l=3) ave= 0.000E+00 +/- 0.00 %  % || D(l=0) ave= 2.944E+04 +/- 0.75 % D(l=1) ave= 4.951E+03 +/- 0.00 % D(l=2) ave= 0.000E+00 +/- 0.00 % D(l=3) ave= 0.000E+00 +/- 0.00 %  % || S(l=0) ave= 3.476E-05 +/- 3.86 % S(l=1) ave= 1.738E-04 +/- 12.76 % S(l=2) ave= 0.000E+00 +/- 0.00 % S(l=3) ave= 0.000E+00 +/- 0.00 % 
 ... random file  203 Cap(th)  ave= 4.891E+01 b. +/- 43.61 % || Ela(th) ave= 2.380E+01 b. +/- 40.40 % || RIcap ave= 1.92E+01 b. +/- 40.23 % || Macs30 ave= 9.40E-03 b. +/- 2.80 % || Gn^0(l=0) ave= 2.134E+00 +/- 4.49 % Gn^0(l=1) ave= 4.128E+00 +/- 12.81 % Gn^0(l=2) ave= 0.000E+00 +/- 0.00 % Gn^0(l=3) ave= 0.000E+00 +/- 0.00 % || Gtotal(l=0) ave= 1.179E+03 +/- 3.56 % Gtotal(l=1) ave= 3.293E+02 +/- 0.69 % Gtotal(l=2) ave= 0.000E+00 +/- 0.00 % Gtotal(l=3) ave= 0.000E+00 +/- 0.00 %  % || Gg(l=0) ave= 5.890E-01 +/- 3.98 % Gg(l=1) ave= 6.401E-01 +/- 0.96 % Gg(l=2) ave= 0.000E+00 +/- 0.00 % Gg(l=3) ave= 0.000E+00 +/- 0.00 %  % || D(l=0) ave= 2.944E+04 +/- 0.75 % D(l=1) ave= 4.951E+03 +/- 0.00 % D(l=2) ave= 0.000E+00 +/- 0.00 % D(l=3) ave= 0.000E+00 +/- 0.00 %  % || S(l=0) ave= 3.476E-05 +/- 3.85 % S(l=1) ave= 1.737E-04 +/- 12.75 % S(l=2) ave= 0.000E+00 +/- 0.00 % S(l=3) ave= 0.000E+00 +/- 0.00 % 
 ... random file  204 Cap(th)  ave= 4.910E+01 b. +/- 43.70 % || Ela(th) ave= 2.390E+01 b. +/- 40.58 % || RIcap ave= 1.92E+01 b. +/- 40.33 % || Macs30 ave= 9.40E-03 b. +/- 2.80 % || Gn^0(l=0) ave= 2.134E+00 +/- 4.48 % Gn^0(l=1) ave= 4.124E+00 +/- 12.86 % Gn^0(l=2) ave= 0.000E+00 +/- 0.00 % Gn^0(l=3) ave= 0.000E+00 +/- 0.00 % || Gtotal(l=0) ave= 1.179E+03 +/- 3.55 % Gtotal(l=1) ave= 3.293E+02 +/- 0.70 % Gtotal(l=2) ave= 0.000E+00 +/- 0.00 % Gtotal(l=3) ave= 0.000E+00 +/- 0.00 %  % || Gg(l=0) ave= 5.888E-01 +/- 3.99 % Gg(l=1) ave= 6.402E-01 +/- 0.96 % Gg(l=2) ave= 0.000E+00 +/- 0.00 % Gg(l=3) ave= 0.000E+00 +/- 0.00 %  % || D(l=0) ave= 2.944E+04 +/- 0.75 % D(l=1) ave= 4.951E+03 +/- 0.00 % D(l=2) ave= 0.000E+00 +/- 0.00 % D(l=3) ave= 0.000E+00 +/- 0.00 %  % || S(l=0) ave= 3.476E-05 +/- 3.84 % S(l=1) ave= 1.735E-04 +/- 12.80 % S(l=2) ave= 0.000E+00 +/- 0.00 % S(l=3) ave= 0.000E+00 +/- 0.00 % 
 ... random file  205 Cap(th)  ave= 4.899E+01 b. +/- 43.82 % || Ela(th) ave= 2.385E+01 b. +/- 40.66 % || RIcap ave= 1.92E+01 b. +/- 40.43 % || Macs30 ave= 9.40E-03 b. +/- 2.80 % || Gn^0(l=0) ave= 2.134E+00 +/- 4.47 % Gn^0(l=1) ave= 4.121E+00 +/- 12.88 % Gn^0(l=2) ave= 0.000E+00 +/- 0.00 % Gn^0(l=3) ave= 0.000E+00 +/- 0.00 % || Gtotal(l=0) ave= 1.179E+03 +/- 3.54 % Gtotal(l=1) ave= 3.293E+02 +/- 0.70 % Gtotal(l=2) ave= 0.000E+00 +/- 0.00 % Gtotal(l=3) ave= 0.000E+00 +/- 0.00 %  % || Gg(l=0) ave= 5.886E-01 +/- 4.00 % Gg(l=1) ave= 6.402E-01 +/- 0.96 % Gg(l=2) ave= 0.000E+00 +/- 0.00 % Gg(l=3) ave= 0.000E+00 +/- 0.00 %  % || D(l=0) ave= 2.944E+04 +/- 0.75 % D(l=1) ave= 4.951E+03 +/- 0.00 % D(l=2) ave= 0.000E+00 +/- 0.00 % D(l=3) ave= 0.000E+00 +/- 0.00 %  % || S(l=0) ave= 3.476E-05 +/- 3.83 % S(l=1) ave= 1.734E-04 +/- 12.82 % S(l=2) ave= 0.000E+00 +/- 0.00 % S(l=3) ave= 0.000E+00 +/- 0.00 % 
 ... random file  206 Cap(th)  ave= 4.902E+01 b. +/- 43.69 % || Ela(th) ave= 2.388E+01 b. +/- 40.54 % || RIcap ave= 1.92E+01 b. +/- 40.32 % || Macs30 ave= 9.40E-03 b. +/- 2.81 % || Gn^0(l=0) ave= 2.134E+00 +/- 4.47 % Gn^0(l=1) ave= 4.116E+00 +/- 12.98 % Gn^0(l=2) ave= 0.000E+00 +/- 0.00 % Gn^0(l=3) ave= 0.000E+00 +/- 0.00 % || Gtotal(l=0) ave= 1.179E+03 +/- 3.54 % Gtotal(l=1) ave= 3.293E+02 +/- 0.70 % Gtotal(l=2) ave= 0.000E+00 +/- 0.00 % Gtotal(l=3) ave= 0.000E+00 +/- 0.00 %  % || Gg(l=0) ave= 5.885E-01 +/- 4.01 % Gg(l=1) ave= 6.402E-01 +/- 0.96 % Gg(l=2) ave= 0.000E+00 +/- 0.00 % Gg(l=3) ave= 0.000E+00 +/- 0.00 %  % || D(l=0) ave= 2.944E+04 +/- 0.75 % D(l=1) ave= 4.951E+03 +/- 0.00 % D(l=2) ave= 0.000E+00 +/- 0.00 % D(l=3) ave= 0.000E+00 +/- 0.00 %  % || S(l=0) ave= 3.476E-05 +/- 3.83 % S(l=1) ave= 1.732E-04 +/- 12.92 % S(l=2) ave= 0.000E+00 +/- 0.00 % S(l=3) ave= 0.000E+00 +/- 0.00 % 
 ... random file  207 Cap(th)  ave= 4.903E+01 b. +/- 43.58 % || Ela(th) ave= 2.388E+01 b. +/- 40.44 % || RIcap ave= 1.92E+01 b. +/- 40.21 % || Macs30 ave= 9.40E-03 b. +/- 2.81 % || Gn^0(l=0) ave= 2.134E+00 +/- 4.47 % Gn^0(l=1) ave= 4.114E+00 +/- 12.97 % Gn^0(l=2) ave= 0.000E+00 +/- 0.00 % Gn^0(l=3) ave= 0.000E+00 +/- 0.00 % || Gtotal(l=0) ave= 1.179E+03 +/- 3.53 % Gtotal(l=1) ave= 3.293E+02 +/- 0.70 % Gtotal(l=2) ave= 0.000E+00 +/- 0.00 % Gtotal(l=3) ave= 0.000E+00 +/- 0.00 %  % || Gg(l=0) ave= 5.885E-01 +/- 4.00 % Gg(l=1) ave= 6.402E-01 +/- 0.96 % Gg(l=2) ave= 0.000E+00 +/- 0.00 % Gg(l=3) ave= 0.000E+00 +/- 0.00 %  % || D(l=0) ave= 2.944E+04 +/- 0.74 % D(l=1) ave= 4.951E+03 +/- 0.00 % D(l=2) ave= 0.000E+00 +/- 0.00 % D(l=3) ave= 0.000E+00 +/- 0.00 %  % || S(l=0) ave= 3.476E-05 +/- 3.82 % S(l=1) ave= 1.731E-04 +/- 12.91 % S(l=2) ave= 0.000E+00 +/- 0.00 % S(l=3) ave= 0.000E+00 +/- 0.00 % 
 ... random file  208 Cap(th)  ave= 4.905E+01 b. +/- 43.46 % || Ela(th) ave= 2.388E+01 b. +/- 40.34 % || RIcap ave= 1.92E+01 b. +/- 40.11 % || Macs30 ave= 9.40E-03 b. +/- 2.81 % || Gn^0(l=0) ave= 2.134E+00 +/- 4.46 % Gn^0(l=1) ave= 4.114E+00 +/- 12.94 % Gn^0(l=2) ave= 0.000E+00 +/- 0.00 % Gn^0(l=3) ave= 0.000E+00 +/- 0.00 % || Gtotal(l=0) ave= 1.179E+03 +/- 3.53 % Gtotal(l=1) ave= 3.292E+02 +/- 0.70 % Gtotal(l=2) ave= 0.000E+00 +/- 0.00 % Gtotal(l=3) ave= 0.000E+00 +/- 0.00 %  % || Gg(l=0) ave= 5.886E-01 +/- 4.00 % Gg(l=1) ave= 6.402E-01 +/- 0.96 % Gg(l=2) ave= 0.000E+00 +/- 0.00 % Gg(l=3) ave= 0.000E+00 +/- 0.00 %  % || D(l=0) ave= 2.944E+04 +/- 0.74 % D(l=1) ave= 4.951E+03 +/- 0.00 % D(l=2) ave= 0.000E+00 +/- 0.00 % D(l=3) ave= 0.000E+00 +/- 0.00 %  % || S(l=0) ave= 3.476E-05 +/- 3.82 % S(l=1) ave= 1.731E-04 +/- 12.88 % S(l=2) ave= 0.000E+00 +/- 0.00 % S(l=3) ave= 0.000E+00 +/- 0.00 % 
 ... random file  209 Cap(th)  ave= 4.894E+01 b. +/- 43.57 % || Ela(th) ave= 2.384E+01 b. +/- 40.42 % || RIcap ave= 1.92E+01 b. +/- 40.20 % || Macs30 ave= 9.40E-03 b. +/- 2.80 % || Gn^0(l=0) ave= 2.134E+00 +/- 4.45 % Gn^0(l=1) ave= 4.113E+00 +/- 12.91 % Gn^0(l=2) ave= 0.000E+00 +/- 0.00 % Gn^0(l=3) ave= 0.000E+00 +/- 0.00 % || Gtotal(l=0) ave= 1.179E+03 +/- 3.52 % Gtotal(l=1) ave= 3.292E+02 +/- 0.71 % Gtotal(l=2) ave= 0.000E+00 +/- 0.00 % Gtotal(l=3) ave= 0.000E+00 +/- 0.00 %  % || Gg(l=0) ave= 5.886E-01 +/- 3.99 % Gg(l=1) ave= 6.402E-01 +/- 0.95 % Gg(l=2) ave= 0.000E+00 +/- 0.00 % Gg(l=3) ave= 0.000E+00 +/- 0.00 %  % || D(l=0) ave= 2.944E+04 +/- 0.74 % D(l=1) ave= 4.951E+03 +/- 0.00 % D(l=2) ave= 0.000E+00 +/- 0.00 % D(l=3) ave= 0.000E+00 +/- 0.00 %  % || S(l=0) ave= 3.476E-05 +/- 3.81 % S(l=1) ave= 1.731E-04 +/- 12.85 % S(l=2) ave= 0.000E+00 +/- 0.00 % S(l=3) ave= 0.000E+00 +/- 0.00 % 
 ... random file  210 Cap(th)  ave= 4.946E+01 b. +/- 45.63 % || Ela(th) ave= 2.409E+01 b. +/- 42.77 % || RIcap ave= 1.94E+01 b. +/- 42.06 % || Macs30 ave= 9.40E-03 b. +/- 2.84 % || Gn^0(l=0) ave= 2.134E+00 +/- 4.45 % Gn^0(l=1) ave= 4.111E+00 +/- 12.91 % Gn^0(l=2) ave= 0.000E+00 +/- 0.00 % Gn^0(l=3) ave= 0.000E+00 +/- 0.00 % || Gtotal(l=0) ave= 1.179E+03 +/- 3.52 % Gtotal(l=1) ave= 3.292E+02 +/- 0.71 % Gtotal(l=2) ave= 0.000E+00 +/- 0.00 % Gtotal(l=3) ave= 0.000E+00 +/- 0.00 %  % || Gg(l=0) ave= 5.886E-01 +/- 3.98 % Gg(l=1) ave= 6.401E-01 +/- 0.96 % Gg(l=2) ave= 0.000E+00 +/- 0.00 % Gg(l=3) ave= 0.000E+00 +/- 0.00 %  % || D(l=0) ave= 2.944E+04 +/- 0.74 % D(l=1) ave= 4.951E+03 +/- 0.00 % D(l=2) ave= 0.000E+00 +/- 0.00 % D(l=3) ave= 0.000E+00 +/- 0.00 %  % || S(l=0) ave= 3.476E-05 +/- 3.81 % S(l=1) ave= 1.730E-04 +/- 12.85 % S(l=2) ave= 0.000E+00 +/- 0.00 % S(l=3) ave= 0.000E+00 +/- 0.00 % 
 ... random file  211 Cap(th)  ave= 4.971E+01 b. +/- 45.85 % || Ela(th) ave= 2.421E+01 b. +/- 43.06 % || RIcap ave= 1.94E+01 b. +/- 42.28 % || Macs30 ave= 9.40E-03 b. +/- 2.84 % || Gn^0(l=0) ave= 2.134E+00 +/- 4.44 % Gn^0(l=1) ave= 4.109E+00 +/- 12.91 % Gn^0(l=2) ave= 0.000E+00 +/- 0.00 % Gn^0(l=3) ave= 0.000E+00 +/- 0.00 % || Gtotal(l=0) ave= 1.179E+03 +/- 3.51 % Gtotal(l=1) ave= 3.292E+02 +/- 0.71 % Gtotal(l=2) ave= 0.000E+00 +/- 0.00 % Gtotal(l=3) ave= 0.000E+00 +/- 0.00 %  % || Gg(l=0) ave= 5.887E-01 +/- 3.97 % Gg(l=1) ave= 6.400E-01 +/- 0.98 % Gg(l=2) ave= 0.000E+00 +/- 0.00 % Gg(l=3) ave= 0.000E+00 +/- 0.00 %  % || D(l=0) ave= 2.944E+04 +/- 0.74 % D(l=1) ave= 4.951E+03 +/- 0.00 % D(l=2) ave= 0.000E+00 +/- 0.00 % D(l=3) ave= 0.000E+00 +/- 0.00 %  % || S(l=0) ave= 3.476E-05 +/- 3.80 % S(l=1) ave= 1.729E-04 +/- 12.85 % S(l=2) ave= 0.000E+00 +/- 0.00 % S(l=3) ave= 0.000E+00 +/- 0.00 % 
 ... random file  212 Cap(th)  ave= 4.963E+01 b. +/- 45.85 % || Ela(th) ave= 2.419E+01 b. +/- 43.04 % || RIcap ave= 1.94E+01 b. +/- 42.28 % || Macs30 ave= 9.40E-03 b. +/- 2.85 % || Gn^0(l=0) ave= 2.134E+00 +/- 4.43 % Gn^0(l=1) ave= 4.106E+00 +/- 12.91 % Gn^0(l=2) ave= 0.000E+00 +/- 0.00 % Gn^0(l=3) ave= 0.000E+00 +/- 0.00 % || Gtotal(l=0) ave= 1.179E+03 +/- 3.51 % Gtotal(l=1) ave= 3.292E+02 +/- 0.71 % Gtotal(l=2) ave= 0.000E+00 +/- 0.00 % Gtotal(l=3) ave= 0.000E+00 +/- 0.00 %  % || Gg(l=0) ave= 5.886E-01 +/- 3.97 % Gg(l=1) ave= 6.400E-01 +/- 0.98 % Gg(l=2) ave= 0.000E+00 +/- 0.00 % Gg(l=3) ave= 0.000E+00 +/- 0.00 %  % || D(l=0) ave= 2.944E+04 +/- 0.74 % D(l=1) ave= 4.951E+03 +/- 0.00 % D(l=2) ave= 0.000E+00 +/- 0.00 % D(l=3) ave= 0.000E+00 +/- 0.00 %  % || S(l=0) ave= 3.476E-05 +/- 3.79 % S(l=1) ave= 1.728E-04 +/- 12.85 % S(l=2) ave= 0.000E+00 +/- 0.00 % S(l=3) ave= 0.000E+00 +/- 0.00 % 
 ... random file  213 Cap(th)  ave= 4.977E+01 b. +/- 45.79 % || Ela(th) ave= 2.425E+01 b. +/- 42.99 % || RIcap ave= 1.95E+01 b. +/- 42.23 % || Macs30 ave= 9.39E-03 b. +/- 2.87 % || Gn^0(l=0) ave= 2.134E+00 +/- 4.42 % Gn^0(l=1) ave= 4.105E+00 +/- 12.90 % Gn^0(l=2) ave= 0.000E+00 +/- 0.00 % Gn^0(l=3) ave= 0.000E+00 +/- 0.00 % || Gtotal(l=0) ave= 1.179E+03 +/- 3.50 % Gtotal(l=1) ave= 3.292E+02 +/- 0.71 % Gtotal(l=2) ave= 0.000E+00 +/- 0.00 % Gtotal(l=3) ave= 0.000E+00 +/- 0.00 %  % || Gg(l=0) ave= 5.887E-01 +/- 3.96 % Gg(l=1) ave= 6.400E-01 +/- 0.98 % Gg(l=2) ave= 0.000E+00 +/- 0.00 % Gg(l=3) ave= 0.000E+00 +/- 0.00 %  % || D(l=0) ave= 2.944E+04 +/- 0.73 % D(l=1) ave= 4.951E+03 +/- 0.00 % D(l=2) ave= 0.000E+00 +/- 0.00 % D(l=3) ave= 0.000E+00 +/- 0.00 %  % || S(l=0) ave= 3.475E-05 +/- 3.78 % S(l=1) ave= 1.727E-04 +/- 12.83 % S(l=2) ave= 0.000E+00 +/- 0.00 % S(l=3) ave= 0.000E+00 +/- 0.00 % 
 ... random file  214 Cap(th)  ave= 4.969E+01 b. +/- 45.82 % || Ela(th) ave= 2.422E+01 b. +/- 42.98 % || RIcap ave= 1.94E+01 b. +/- 42.25 % || Macs30 ave= 9.39E-03 b. +/- 2.87 % || Gn^0(l=0) ave= 2.133E+00 +/- 4.42 % Gn^0(l=1) ave= 4.103E+00 +/- 12.90 % Gn^0(l=2) ave= 0.000E+00 +/- 0.00 % Gn^0(l=3) ave= 0.000E+00 +/- 0.00 % || Gtotal(l=0) ave= 1.179E+03 +/- 3.49 % Gtotal(l=1) ave= 3.292E+02 +/- 0.71 % Gtotal(l=2) ave= 0.000E+00 +/- 0.00 % Gtotal(l=3) ave= 0.000E+00 +/- 0.00 %  % || Gg(l=0) ave= 5.888E-01 +/- 3.96 % Gg(l=1) ave= 6.399E-01 +/- 0.98 % Gg(l=2) ave= 0.000E+00 +/- 0.00 % Gg(l=3) ave= 0.000E+00 +/- 0.00 %  % || D(l=0) ave= 2.944E+04 +/- 0.73 % D(l=1) ave= 4.951E+03 +/- 0.00 % D(l=2) ave= 0.000E+00 +/- 0.00 % D(l=3) ave= 0.000E+00 +/- 0.00 %  % || S(l=0) ave= 3.475E-05 +/- 3.78 % S(l=1) ave= 1.726E-04 +/- 12.84 % S(l=2) ave= 0.000E+00 +/- 0.00 % S(l=3) ave= 0.000E+00 +/- 0.00 % 
 ... random file  215 Cap(th)  ave= 4.957E+01 b. +/- 45.97 % || Ela(th) ave= 2.416E+01 b. +/- 43.11 % || RIcap ave= 1.94E+01 b. +/- 42.39 % || Macs30 ave= 9.39E-03 b. +/- 2.88 % || Gn^0(l=0) ave= 2.133E+00 +/- 4.42 % Gn^0(l=1) ave= 4.101E+00 +/- 12.90 % Gn^0(l=2) ave= 0.000E+00 +/- 0.00 % Gn^0(l=3) ave= 0.000E+00 +/- 0.00 % || Gtotal(l=0) ave= 1.179E+03 +/- 3.49 % Gtotal(l=1) ave= 3.292E+02 +/- 0.71 % Gtotal(l=2) ave= 0.000E+00 +/- 0.00 % Gtotal(l=3) ave= 0.000E+00 +/- 0.00 %  % || Gg(l=0) ave= 5.887E-01 +/- 3.96 % Gg(l=1) ave= 6.399E-01 +/- 0.98 % Gg(l=2) ave= 0.000E+00 +/- 0.00 % Gg(l=3) ave= 0.000E+00 +/- 0.00 %  % || D(l=0) ave= 2.944E+04 +/- 0.73 % D(l=1) ave= 4.951E+03 +/- 0.00 % D(l=2) ave= 0.000E+00 +/- 0.00 % D(l=3) ave= 0.000E+00 +/- 0.00 %  % || S(l=0) ave= 3.474E-05 +/- 3.78 % S(l=1) ave= 1.725E-04 +/- 12.84 % S(l=2) ave= 0.000E+00 +/- 0.00 % S(l=3) ave= 0.000E+00 +/- 0.00 % 
 ... random file  216 Cap(th)  ave= 4.957E+01 b. +/- 45.86 % || Ela(th) ave= 2.416E+01 b. +/- 43.01 % || RIcap ave= 1.94E+01 b. +/- 42.29 % || Macs30 ave= 9.39E-03 b. +/- 2.88 % || Gn^0(l=0) ave= 2.132E+00 +/- 4.41 % Gn^0(l=1) ave= 4.102E+00 +/- 12.87 % Gn^0(l=2) ave= 0.000E+00 +/- 0.00 % Gn^0(l=3) ave= 0.000E+00 +/- 0.00 % || Gtotal(l=0) ave= 1.179E+03 +/- 3.49 % Gtotal(l=1) ave= 3.292E+02 +/- 0.71 % Gtotal(l=2) ave= 0.000E+00 +/- 0.00 % Gtotal(l=3) ave= 0.000E+00 +/- 0.00 %  % || Gg(l=0) ave= 5.886E-01 +/- 3.95 % Gg(l=1) ave= 6.399E-01 +/- 0.98 % Gg(l=2) ave= 0.000E+00 +/- 0.00 % Gg(l=3) ave= 0.000E+00 +/- 0.00 %  % || D(l=0) ave= 2.944E+04 +/- 0.73 % D(l=1) ave= 4.951E+03 +/- 0.00 % D(l=2) ave= 0.000E+00 +/- 0.00 % D(l=3) ave= 0.000E+00 +/- 0.00 %  % || S(l=0) ave= 3.474E-05 +/- 3.78 % S(l=1) ave= 1.726E-04 +/- 12.81 % S(l=2) ave= 0.000E+00 +/- 0.00 % S(l=3) ave= 0.000E+00 +/- 0.00 % 
 ... random file  217 Cap(th)  ave= 4.964E+01 b. +/- 45.73 % || Ela(th) ave= 2.419E+01 b. +/- 42.90 % || RIcap ave= 1.94E+01 b. +/- 42.18 % || Macs30 ave= 9.39E-03 b. +/- 2.87 % || Gn^0(l=0) ave= 2.132E+00 +/- 4.42 % Gn^0(l=1) ave= 4.102E+00 +/- 12.84 % Gn^0(l=2) ave= 0.000E+00 +/- 0.00 % Gn^0(l=3) ave= 0.000E+00 +/- 0.00 % || Gtotal(l=0) ave= 1.178E+03 +/- 3.49 % Gtotal(l=1) ave= 3.293E+02 +/- 0.71 % Gtotal(l=2) ave= 0.000E+00 +/- 0.00 % Gtotal(l=3) ave= 0.000E+00 +/- 0.00 %  % || Gg(l=0) ave= 5.886E-01 +/- 3.95 % Gg(l=1) ave= 6.399E-01 +/- 0.98 % Gg(l=2) ave= 0.000E+00 +/- 0.00 % Gg(l=3) ave= 0.000E+00 +/- 0.00 %  % || D(l=0) ave= 2.944E+04 +/- 0.73 % D(l=1) ave= 4.951E+03 +/- 0.00 % D(l=2) ave= 0.000E+00 +/- 0.00 % D(l=3) ave= 0.000E+00 +/- 0.00 %  % || S(l=0) ave= 3.473E-05 +/- 3.78 % S(l=1) ave= 1.726E-04 +/- 12.78 % S(l=2) ave= 0.000E+00 +/- 0.00 % S(l=3) ave= 0.000E+00 +/- 0.00 % 
 ... random file  218 Cap(th)  ave= 4.977E+01 b. +/- 45.67 % || Ela(th) ave= 2.425E+01 b. +/- 42.85 % || RIcap ave= 1.95E+01 b. +/- 42.13 % || Macs30 ave= 9.39E-03 b. +/- 2.87 % || Gn^0(l=0) ave= 2.132E+00 +/- 4.41 % Gn^0(l=1) ave= 4.102E+00 +/- 12.81 % Gn^0(l=2) ave= 0.000E+00 +/- 0.00 % Gn^0(l=3) ave= 0.000E+00 +/- 0.00 % || Gtotal(l=0) ave= 1.178E+03 +/- 3.49 % Gtotal(l=1) ave= 3.292E+02 +/- 0.72 % Gtotal(l=2) ave= 0.000E+00 +/- 0.00 % Gtotal(l=3) ave= 0.000E+00 +/- 0.00 %  % || Gg(l=0) ave= 5.885E-01 +/- 3.94 % Gg(l=1) ave= 6.400E-01 +/- 0.98 % Gg(l=2) ave= 0.000E+00 +/- 0.00 % Gg(l=3) ave= 0.000E+00 +/- 0.00 %  % || D(l=0) ave= 2.944E+04 +/- 0.73 % D(l=1) ave= 4.951E+03 +/- 0.00 % D(l=2) ave= 0.000E+00 +/- 0.00 % D(l=3) ave= 0.000E+00 +/- 0.00 %  % || S(l=0) ave= 3.473E-05 +/- 3.77 % S(l=1) ave= 1.726E-04 +/- 12.75 % S(l=2) ave= 0.000E+00 +/- 0.00 % S(l=3) ave= 0.000E+00 +/- 0.00 % 
 ... random file  219 Cap(th)  ave= 4.966E+01 b. +/- 45.77 % || Ela(th) ave= 2.420E+01 b. +/- 42.94 % || RIcap ave= 1.94E+01 b. +/- 42.22 % || Macs30 ave= 9.39E-03 b. +/- 2.86 % || Gn^0(l=0) ave= 2.132E+00 +/- 4.41 % Gn^0(l=1) ave= 4.103E+00 +/- 12.78 % Gn^0(l=2) ave= 0.000E+00 +/- 0.00 % Gn^0(l=3) ave= 0.000E+00 +/- 0.00 % || Gtotal(l=0) ave= 1.178E+03 +/- 3.49 % Gtotal(l=1) ave= 3.292E+02 +/- 0.72 % Gtotal(l=2) ave= 0.000E+00 +/- 0.00 % Gtotal(l=3) ave= 0.000E+00 +/- 0.00 %  % || Gg(l=0) ave= 5.885E-01 +/- 3.93 % Gg(l=1) ave= 6.400E-01 +/- 0.98 % Gg(l=2) ave= 0.000E+00 +/- 0.00 % Gg(l=3) ave= 0.000E+00 +/- 0.00 %  % || D(l=0) ave= 2.944E+04 +/- 0.72 % D(l=1) ave= 4.951E+03 +/- 0.00 % D(l=2) ave= 0.000E+00 +/- 0.00 % D(l=3) ave= 0.000E+00 +/- 0.00 %  % || S(l=0) ave= 3.473E-05 +/- 3.77 % S(l=1) ave= 1.726E-04 +/- 12.72 % S(l=2) ave= 0.000E+00 +/- 0.00 % S(l=3) ave= 0.000E+00 +/- 0.00 % 
 ... random file  220 Cap(th)  ave= 4.967E+01 b. +/- 45.66 % || Ela(th) ave= 2.420E+01 b. +/- 42.85 % || RIcap ave= 1.94E+01 b. +/- 42.12 % || Macs30 ave= 9.39E-03 b. +/- 2.88 % || Gn^0(l=0) ave= 2.131E+00 +/- 4.41 % Gn^0(l=1) ave= 4.105E+00 +/- 12.76 % Gn^0(l=2) ave= 0.000E+00 +/- 0.00 % Gn^0(l=3) ave= 0.000E+00 +/- 0.00 % || Gtotal(l=0) ave= 1.178E+03 +/- 3.48 % Gtotal(l=1) ave= 3.292E+02 +/- 0.72 % Gtotal(l=2) ave= 0.000E+00 +/- 0.00 % Gtotal(l=3) ave= 0.000E+00 +/- 0.00 %  % || Gg(l=0) ave= 5.885E-01 +/- 3.93 % Gg(l=1) ave= 6.400E-01 +/- 0.98 % Gg(l=2) ave= 0.000E+00 +/- 0.00 % Gg(l=3) ave= 0.000E+00 +/- 0.00 %  % || D(l=0) ave= 2.944E+04 +/- 0.72 % D(l=1) ave= 4.951E+03 +/- 0.00 % D(l=2) ave= 0.000E+00 +/- 0.00 % D(l=3) ave= 0.000E+00 +/- 0.00 %  % || S(l=0) ave= 3.473E-05 +/- 3.76 % S(l=1) ave= 1.727E-04 +/- 12.70 % S(l=2) ave= 0.000E+00 +/- 0.00 % S(l=3) ave= 0.000E+00 +/- 0.00 % 
 ... random file  221 Cap(th)  ave= 4.970E+01 b. +/- 45.54 % || Ela(th) ave= 2.422E+01 b. +/- 42.73 % || RIcap ave= 1.94E+01 b. +/- 42.01 % || Macs30 ave= 9.39E-03 b. +/- 2.88 % || Gn^0(l=0) ave= 2.132E+00 +/- 4.40 % Gn^0(l=1) ave= 4.101E+00 +/- 12.83 % Gn^0(l=2) ave= 0.000E+00 +/- 0.00 % Gn^0(l=3) ave= 0.000E+00 +/- 0.00 % || Gtotal(l=0) ave= 1.178E+03 +/- 3.48 % Gtotal(l=1) ave= 3.292E+02 +/- 0.72 % Gtotal(l=2) ave= 0.000E+00 +/- 0.00 % Gtotal(l=3) ave= 0.000E+00 +/- 0.00 %  % || Gg(l=0) ave= 5.884E-01 +/- 3.93 % Gg(l=1) ave= 6.400E-01 +/- 0.98 % Gg(l=2) ave= 0.000E+00 +/- 0.00 % Gg(l=3) ave= 0.000E+00 +/- 0.00 %  % || D(l=0) ave= 2.944E+04 +/- 0.72 % D(l=1) ave= 4.951E+03 +/- 0.00 % D(l=2) ave= 0.000E+00 +/- 0.00 % D(l=3) ave= 0.000E+00 +/- 0.00 %  % || S(l=0) ave= 3.473E-05 +/- 3.76 % S(l=1) ave= 1.725E-04 +/- 12.77 % S(l=2) ave= 0.000E+00 +/- 0.00 % S(l=3) ave= 0.000E+00 +/- 0.00 % 
 ... random file  222 Cap(th)  ave= 4.967E+01 b. +/- 45.47 % || Ela(th) ave= 2.421E+01 b. +/- 42.66 % || RIcap ave= 1.94E+01 b. +/- 41.94 % || Macs30 ave= 9.39E-03 b. +/- 2.90 % || Gn^0(l=0) ave= 2.132E+00 +/- 4.39 % Gn^0(l=1) ave= 4.099E+00 +/- 12.81 % Gn^0(l=2) ave= 0.000E+00 +/- 0.00 % Gn^0(l=3) ave= 0.000E+00 +/- 0.00 % || Gtotal(l=0) ave= 1.178E+03 +/- 3.47 % Gtotal(l=1) ave= 3.292E+02 +/- 0.72 % Gtotal(l=2) ave= 0.000E+00 +/- 0.00 % Gtotal(l=3) ave= 0.000E+00 +/- 0.00 %  % || Gg(l=0) ave= 5.885E-01 +/- 3.93 % Gg(l=1) ave= 6.400E-01 +/- 0.98 % Gg(l=2) ave= 0.000E+00 +/- 0.00 % Gg(l=3) ave= 0.000E+00 +/- 0.00 %  % || D(l=0) ave= 2.944E+04 +/- 0.72 % D(l=1) ave= 4.951E+03 +/- 0.00 % D(l=2) ave= 0.000E+00 +/- 0.00 % D(l=3) ave= 0.000E+00 +/- 0.00 %  % || S(l=0) ave= 3.473E-05 +/- 3.75 % S(l=1) ave= 1.725E-04 +/- 12.75 % S(l=2) ave= 0.000E+00 +/- 0.00 % S(l=3) ave= 0.000E+00 +/- 0.00 % 
 ... random file  223 Cap(th)  ave= 4.964E+01 b. +/- 45.40 % || Ela(th) ave= 2.419E+01 b. +/- 42.62 % || RIcap ave= 1.94E+01 b. +/- 41.88 % || Macs30 ave= 9.39E-03 b. +/- 2.90 % || Gn^0(l=0) ave= 2.131E+00 +/- 4.39 % Gn^0(l=1) ave= 4.102E+00 +/- 12.82 % Gn^0(l=2) ave= 0.000E+00 +/- 0.00 % Gn^0(l=3) ave= 0.000E+00 +/- 0.00 % || Gtotal(l=0) ave= 1.178E+03 +/- 3.47 % Gtotal(l=1) ave= 3.292E+02 +/- 0.72 % Gtotal(l=2) ave= 0.000E+00 +/- 0.00 % Gtotal(l=3) ave= 0.000E+00 +/- 0.00 %  % || Gg(l=0) ave= 5.885E-01 +/- 3.92 % Gg(l=1) ave= 6.401E-01 +/- 0.99 % Gg(l=2) ave= 0.000E+00 +/- 0.00 % Gg(l=3) ave= 0.000E+00 +/- 0.00 %  % || D(l=0) ave= 2.944E+04 +/- 0.72 % D(l=1) ave= 4.951E+03 +/- 0.00 % D(l=2) ave= 0.000E+00 +/- 0.00 % D(l=3) ave= 0.000E+00 +/- 0.00 %  % || S(l=0) ave= 3.473E-05 +/- 3.75 % S(l=1) ave= 1.726E-04 +/- 12.76 % S(l=2) ave= 0.000E+00 +/- 0.00 % S(l=3) ave= 0.000E+00 +/- 0.00 % 
 ... random file  224 Cap(th)  ave= 4.960E+01 b. +/- 45.35 % || Ela(th) ave= 2.417E+01 b. +/- 42.56 % || RIcap ave= 1.94E+01 b. +/- 41.83 % || Macs30 ave= 9.40E-03 b. +/- 2.91 % || Gn^0(l=0) ave= 2.131E+00 +/- 4.38 % Gn^0(l=1) ave= 4.100E+00 +/- 12.82 % Gn^0(l=2) ave= 0.000E+00 +/- 0.00 % Gn^0(l=3) ave= 0.000E+00 +/- 0.00 % || Gtotal(l=0) ave= 1.178E+03 +/- 3.46 % Gtotal(l=1) ave= 3.292E+02 +/- 0.72 % Gtotal(l=2) ave= 0.000E+00 +/- 0.00 % Gtotal(l=3) ave= 0.000E+00 +/- 0.00 %  % || Gg(l=0) ave= 5.885E-01 +/- 3.91 % Gg(l=1) ave= 6.401E-01 +/- 0.99 % Gg(l=2) ave= 0.000E+00 +/- 0.00 % Gg(l=3) ave= 0.000E+00 +/- 0.00 %  % || D(l=0) ave= 2.944E+04 +/- 0.72 % D(l=1) ave= 4.951E+03 +/- 0.00 % D(l=2) ave= 0.000E+00 +/- 0.00 % D(l=3) ave= 0.000E+00 +/- 0.00 %  % || S(l=0) ave= 3.472E-05 +/- 3.75 % S(l=1) ave= 1.725E-04 +/- 12.76 % S(l=2) ave= 0.000E+00 +/- 0.00 % S(l=3) ave= 0.000E+00 +/- 0.00 % 
 ... random file  225 Cap(th)  ave= 4.958E+01 b. +/- 45.29 % || Ela(th) ave= 2.417E+01 b. +/- 42.48 % || RIcap ave= 1.94E+01 b. +/- 41.76 % || Macs30 ave= 9.40E-03 b. +/- 2.90 % || Gn^0(l=0) ave= 2.131E+00 +/- 4.39 % Gn^0(l=1) ave= 4.097E+00 +/- 12.87 % Gn^0(l=2) ave= 0.000E+00 +/- 0.00 % Gn^0(l=3) ave= 0.000E+00 +/- 0.00 % || Gtotal(l=0) ave= 1.178E+03 +/- 3.47 % Gtotal(l=1) ave= 3.292E+02 +/- 0.72 % Gtotal(l=2) ave= 0.000E+00 +/- 0.00 % Gtotal(l=3) ave= 0.000E+00 +/- 0.00 %  % || Gg(l=0) ave= 5.885E-01 +/- 3.90 % Gg(l=1) ave= 6.400E-01 +/- 1.00 % Gg(l=2) ave= 0.000E+00 +/- 0.00 % Gg(l=3) ave= 0.000E+00 +/- 0.00 %  % || D(l=0) ave= 2.944E+04 +/- 0.71 % D(l=1) ave= 4.951E+03 +/- 0.00 % D(l=2) ave= 0.000E+00 +/- 0.00 % D(l=3) ave= 0.000E+00 +/- 0.00 %  % || S(l=0) ave= 3.472E-05 +/- 3.75 % S(l=1) ave= 1.724E-04 +/- 12.82 % S(l=2) ave= 0.000E+00 +/- 0.00 % S(l=3) ave= 0.000E+00 +/- 0.00 % 
 ... random file  226 Cap(th)  ave= 4.960E+01 b. +/- 45.17 % || Ela(th) ave= 2.417E+01 b. +/- 42.38 % || RIcap ave= 1.94E+01 b. +/- 41.66 % || Macs30 ave= 9.40E-03 b. +/- 2.90 % || Gn^0(l=0) ave= 2.131E+00 +/- 4.38 % Gn^0(l=1) ave= 4.103E+00 +/- 13.02 % Gn^0(l=2) ave= 0.000E+00 +/- 0.00 % Gn^0(l=3) ave= 0.000E+00 +/- 0.00 % || Gtotal(l=0) ave= 1.178E+03 +/- 3.46 % Gtotal(l=1) ave= 3.292E+02 +/- 0.72 % Gtotal(l=2) ave= 0.000E+00 +/- 0.00 % Gtotal(l=3) ave= 0.000E+00 +/- 0.00 %  % || Gg(l=0) ave= 5.885E-01 +/- 3.90 % Gg(l=1) ave= 6.400E-01 +/- 1.00 % Gg(l=2) ave= 0.000E+00 +/- 0.00 % Gg(l=3) ave= 0.000E+00 +/- 0.00 %  % || D(l=0) ave= 2.944E+04 +/- 0.71 % D(l=1) ave= 4.951E+03 +/- 0.00 % D(l=2) ave= 0.000E+00 +/- 0.00 % D(l=3) ave= 0.000E+00 +/- 0.00 %  % || S(l=0) ave= 3.472E-05 +/- 3.74 % S(l=1) ave= 1.726E-04 +/- 12.95 % S(l=2) ave= 0.000E+00 +/- 0.00 % S(l=3) ave= 0.000E+00 +/- 0.00 % 
 ... random file  227 Cap(th)  ave= 4.966E+01 b. +/- 45.05 % || Ela(th) ave= 2.419E+01 b. +/- 42.27 % || RIcap ave= 1.94E+01 b. +/- 41.55 % || Macs30 ave= 9.40E-03 b. +/- 2.89 % || Gn^0(l=0) ave= 2.131E+00 +/- 4.39 % Gn^0(l=1) ave= 4.103E+00 +/- 12.99 % Gn^0(l=2) ave= 0.000E+00 +/- 0.00 % Gn^0(l=3) ave= 0.000E+00 +/- 0.00 % || Gtotal(l=0) ave= 1.178E+03 +/- 3.46 % Gtotal(l=1) ave= 3.292E+02 +/- 0.72 % Gtotal(l=2) ave= 0.000E+00 +/- 0.00 % Gtotal(l=3) ave= 0.000E+00 +/- 0.00 %  % || Gg(l=0) ave= 5.884E-01 +/- 3.89 % Gg(l=1) ave= 6.400E-01 +/- 1.00 % Gg(l=2) ave= 0.000E+00 +/- 0.00 % Gg(l=3) ave= 0.000E+00 +/- 0.00 %  % || D(l=0) ave= 2.944E+04 +/- 0.71 % D(l=1) ave= 4.951E+03 +/- 0.00 % D(l=2) ave= 0.000E+00 +/- 0.00 % D(l=3) ave= 0.000E+00 +/- 0.00 %  % || S(l=0) ave= 3.472E-05 +/- 3.75 % S(l=1) ave= 1.726E-04 +/- 12.92 % S(l=2) ave= 0.000E+00 +/- 0.00 % S(l=3) ave= 0.000E+00 +/- 0.00 % 
 ... random file  228 Cap(th)  ave= 4.963E+01 b. +/- 44.99 % || Ela(th) ave= 2.418E+01 b. +/- 42.21 % || RIcap ave= 1.94E+01 b. +/- 41.50 % || Macs30 ave= 9.40E-03 b. +/- 2.90 % || Gn^0(l=0) ave= 2.131E+00 +/- 4.38 % Gn^0(l=1) ave= 4.100E+00 +/- 13.02 % Gn^0(l=2) ave= 0.000E+00 +/- 0.00 % Gn^0(l=3) ave= 0.000E+00 +/- 0.00 % || Gtotal(l=0) ave= 1.178E+03 +/- 3.46 % Gtotal(l=1) ave= 3.292E+02 +/- 0.72 % Gtotal(l=2) ave= 0.000E+00 +/- 0.00 % Gtotal(l=3) ave= 0.000E+00 +/- 0.00 %  % || Gg(l=0) ave= 5.885E-01 +/- 3.89 % Gg(l=1) ave= 6.399E-01 +/- 1.00 % Gg(l=2) ave= 0.000E+00 +/- 0.00 % Gg(l=3) ave= 0.000E+00 +/- 0.00 %  % || D(l=0) ave= 2.944E+04 +/- 0.71 % D(l=1) ave= 4.951E+03 +/- 0.00 % D(l=2) ave= 0.000E+00 +/- 0.00 % D(l=3) ave= 0.000E+00 +/- 0.00 %  % || S(l=0) ave= 3.472E-05 +/- 3.74 % S(l=1) ave= 1.725E-04 +/- 12.95 % S(l=2) ave= 0.000E+00 +/- 0.00 % S(l=3) ave= 0.000E+00 +/- 0.00 % 
 ... random file  229 Cap(th)  ave= 4.955E+01 b. +/- 45.03 % || Ela(th) ave= 2.415E+01 b. +/- 42.24 % || RIcap ave= 1.94E+01 b. +/- 41.53 % || Macs30 ave= 9.40E-03 b. +/- 2.90 % || Gn^0(l=0) ave= 2.131E+00 +/- 4.38 % Gn^0(l=1) ave= 4.101E+00 +/- 12.99 % Gn^0(l=2) ave= 0.000E+00 +/- 0.00 % Gn^0(l=3) ave= 0.000E+00 +/- 0.00 % || Gtotal(l=0) ave= 1.178E+03 +/- 3.46 % Gtotal(l=1) ave= 3.292E+02 +/- 0.72 % Gtotal(l=2) ave= 0.000E+00 +/- 0.00 % Gtotal(l=3) ave= 0.000E+00 +/- 0.00 %  % || Gg(l=0) ave= 5.885E-01 +/- 3.88 % Gg(l=1) ave= 6.400E-01 +/- 1.01 % Gg(l=2) ave= 0.000E+00 +/- 0.00 % Gg(l=3) ave= 0.000E+00 +/- 0.00 %  % || D(l=0) ave= 2.944E+04 +/- 0.71 % D(l=1) ave= 4.951E+03 +/- 0.00 % D(l=2) ave= 0.000E+00 +/- 0.00 % D(l=3) ave= 0.000E+00 +/- 0.00 %  % || S(l=0) ave= 3.472E-05 +/- 3.74 % S(l=1) ave= 1.725E-04 +/- 12.93 % S(l=2) ave= 0.000E+00 +/- 0.00 % S(l=3) ave= 0.000E+00 +/- 0.00 % 
 ... random file  230 Cap(th)  ave= 4.958E+01 b. +/- 44.91 % || Ela(th) ave= 2.416E+01 b. +/- 42.13 % || RIcap ave= 1.94E+01 b. +/- 41.42 % || Macs30 ave= 9.40E-03 b. +/- 2.90 % || Gn^0(l=0) ave= 2.130E+00 +/- 4.39 % Gn^0(l=1) ave= 4.104E+00 +/- 13.01 % Gn^0(l=2) ave= 0.000E+00 +/- 0.00 % Gn^0(l=3) ave= 0.000E+00 +/- 0.00 % || Gtotal(l=0) ave= 1.178E+03 +/- 3.47 % Gtotal(l=1) ave= 3.292E+02 +/- 0.72 % Gtotal(l=2) ave= 0.000E+00 +/- 0.00 % Gtotal(l=3) ave= 0.000E+00 +/- 0.00 %  % || Gg(l=0) ave= 5.884E-01 +/- 3.87 % Gg(l=1) ave= 6.400E-01 +/- 1.01 % Gg(l=2) ave= 0.000E+00 +/- 0.00 % Gg(l=3) ave= 0.000E+00 +/- 0.00 %  % || D(l=0) ave= 2.944E+04 +/- 0.71 % D(l=1) ave= 4.951E+03 +/- 0.00 % D(l=2) ave= 0.000E+00 +/- 0.00 % D(l=3) ave= 0.000E+00 +/- 0.00 %  % || S(l=0) ave= 3.471E-05 +/- 3.75 % S(l=1) ave= 1.727E-04 +/- 12.95 % S(l=2) ave= 0.000E+00 +/- 0.00 % S(l=3) ave= 0.000E+00 +/- 0.00 % 
 ... random file  231 Cap(th)  ave= 4.949E+01 b. +/- 44.99 % || Ela(th) ave= 2.411E+01 b. +/- 42.24 % || RIcap ave= 1.94E+01 b. +/- 41.49 % || Macs30 ave= 9.40E-03 b. +/- 2.89 % || Gn^0(l=0) ave= 2.130E+00 +/- 4.39 % Gn^0(l=1) ave= 4.112E+00 +/- 13.25 % Gn^0(l=2) ave= 0.000E+00 +/- 0.00 % Gn^0(l=3) ave= 0.000E+00 +/- 0.00 % || Gtotal(l=0) ave= 1.177E+03 +/- 3.46 % Gtotal(l=1) ave= 3.292E+02 +/- 0.72 % Gtotal(l=2) ave= 0.000E+00 +/- 0.00 % Gtotal(l=3) ave= 0.000E+00 +/- 0.00 %  % || Gg(l=0) ave= 5.884E-01 +/- 3.86 % Gg(l=1) ave= 6.400E-01 +/- 1.01 % Gg(l=2) ave= 0.000E+00 +/- 0.00 % Gg(l=3) ave= 0.000E+00 +/- 0.00 %  % || D(l=0) ave= 2.944E+04 +/- 0.71 % D(l=1) ave= 4.951E+03 +/- 0.00 % D(l=2) ave= 0.000E+00 +/- 0.00 % D(l=3) ave= 0.000E+00 +/- 0.00 %  % || S(l=0) ave= 3.470E-05 +/- 3.75 % S(l=1) ave= 1.730E-04 +/- 13.19 % S(l=2) ave= 0.000E+00 +/- 0.00 % S(l=3) ave= 0.000E+00 +/- 0.00 % 
 ... random file  232 Cap(th)  ave= 4.949E+01 b. +/- 44.90 % || Ela(th) ave= 2.411E+01 b. +/- 42.15 % || RIcap ave= 1.94E+01 b. +/- 41.41 % || Macs30 ave= 9.40E-03 b. +/- 2.89 % || Gn^0(l=0) ave= 2.129E+00 +/- 4.39 % Gn^0(l=1) ave= 4.110E+00 +/- 13.25 % Gn^0(l=2) ave= 0.000E+00 +/- 0.00 % Gn^0(l=3) ave= 0.000E+00 +/- 0.00 % || Gtotal(l=0) ave= 1.177E+03 +/- 3.46 % Gtotal(l=1) ave= 3.292E+02 +/- 0.72 % Gtotal(l=2) ave= 0.000E+00 +/- 0.00 % Gtotal(l=3) ave= 0.000E+00 +/- 0.00 %  % || Gg(l=0) ave= 5.886E-01 +/- 3.88 % Gg(l=1) ave= 6.400E-01 +/- 1.01 % Gg(l=2) ave= 0.000E+00 +/- 0.00 % Gg(l=3) ave= 0.000E+00 +/- 0.00 %  % || D(l=0) ave= 2.944E+04 +/- 0.70 % D(l=1) ave= 4.951E+03 +/- 0.00 % D(l=2) ave= 0.000E+00 +/- 0.00 % D(l=3) ave= 0.000E+00 +/- 0.00 %  % || S(l=0) ave= 3.470E-05 +/- 3.75 % S(l=1) ave= 1.729E-04 +/- 13.18 % S(l=2) ave= 0.000E+00 +/- 0.00 % S(l=3) ave= 0.000E+00 +/- 0.00 % 
 ... random file  233 Cap(th)  ave= 4.976E+01 b. +/- 45.33 % || Ela(th) ave= 2.422E+01 b. +/- 42.50 % || RIcap ave= 1.95E+01 b. +/- 41.81 % || Macs30 ave= 9.40E-03 b. +/- 2.88 % || Gn^0(l=0) ave= 2.129E+00 +/- 4.38 % Gn^0(l=1) ave= 4.112E+00 +/- 13.23 % Gn^0(l=2) ave= 0.000E+00 +/- 0.00 % Gn^0(l=3) ave= 0.000E+00 +/- 0.00 % || Gtotal(l=0) ave= 1.177E+03 +/- 3.46 % Gtotal(l=1) ave= 3.292E+02 +/- 0.71 % Gtotal(l=2) ave= 0.000E+00 +/- 0.00 % Gtotal(l=3) ave= 0.000E+00 +/- 0.00 %  % || Gg(l=0) ave= 5.887E-01 +/- 3.88 % Gg(l=1) ave= 6.400E-01 +/- 1.01 % Gg(l=2) ave= 0.000E+00 +/- 0.00 % Gg(l=3) ave= 0.000E+00 +/- 0.00 %  % || D(l=0) ave= 2.944E+04 +/- 0.70 % D(l=1) ave= 4.951E+03 +/- 0.00 % D(l=2) ave= 0.000E+00 +/- 0.00 % D(l=3) ave= 0.000E+00 +/- 0.00 %  % || S(l=0) ave= 3.470E-05 +/- 3.74 % S(l=1) ave= 1.730E-04 +/- 13.16 % S(l=2) ave= 0.000E+00 +/- 0.00 % S(l=3) ave= 0.000E+00 +/- 0.00 % 
 ... random file  234 Cap(th)  ave= 4.999E+01 b. +/- 45.58 % || Ela(th) ave= 2.434E+01 b. +/- 42.83 % || RIcap ave= 1.95E+01 b. +/- 42.06 % || Macs30 ave= 9.39E-03 b. +/- 2.89 % || Gn^0(l=0) ave= 2.129E+00 +/- 4.38 % Gn^0(l=1) ave= 4.110E+00 +/- 13.22 % Gn^0(l=2) ave= 0.000E+00 +/- 0.00 % Gn^0(l=3) ave= 0.000E+00 +/- 0.00 % || Gtotal(l=0) ave= 1.177E+03 +/- 3.45 % Gtotal(l=1) ave= 3.292E+02 +/- 0.71 % Gtotal(l=2) ave= 0.000E+00 +/- 0.00 % Gtotal(l=3) ave= 0.000E+00 +/- 0.00 %  % || Gg(l=0) ave= 5.887E-01 +/- 3.88 % Gg(l=1) ave= 6.400E-01 +/- 1.00 % Gg(l=2) ave= 0.000E+00 +/- 0.00 % Gg(l=3) ave= 0.000E+00 +/- 0.00 %  % || D(l=0) ave= 2.944E+04 +/- 0.70 % D(l=1) ave= 4.951E+03 +/- 0.00 % D(l=2) ave= 0.000E+00 +/- 0.00 % D(l=3) ave= 0.000E+00 +/- 0.00 %  % || S(l=0) ave= 3.470E-05 +/- 3.74 % S(l=1) ave= 1.729E-04 +/- 13.15 % S(l=2) ave= 0.000E+00 +/- 0.00 % S(l=3) ave= 0.000E+00 +/- 0.00 % 
 ... random file  235 Cap(th)  ave= 5.015E+01 b. +/- 45.61 % || Ela(th) ave= 2.442E+01 b. +/- 42.91 % || RIcap ave= 1.96E+01 b. +/- 42.09 % || Macs30 ave= 9.40E-03 b. +/- 2.90 % || Gn^0(l=0) ave= 2.130E+00 +/- 4.40 % Gn^0(l=1) ave= 4.110E+00 +/- 13.19 % Gn^0(l=2) ave= 0.000E+00 +/- 0.00 % Gn^0(l=3) ave= 0.000E+00 +/- 0.00 % || Gtotal(l=0) ave= 1.178E+03 +/- 3.47 % Gtotal(l=1) ave= 3.292E+02 +/- 0.71 % Gtotal(l=2) ave= 0.000E+00 +/- 0.00 % Gtotal(l=3) ave= 0.000E+00 +/- 0.00 %  % || Gg(l=0) ave= 5.887E-01 +/- 3.87 % Gg(l=1) ave= 6.400E-01 +/- 1.01 % Gg(l=2) ave= 0.000E+00 +/- 0.00 % Gg(l=3) ave= 0.000E+00 +/- 0.00 %  % || D(l=0) ave= 2.944E+04 +/- 0.70 % D(l=1) ave= 4.951E+03 +/- 0.00 % D(l=2) ave= 0.000E+00 +/- 0.00 % D(l=3) ave= 0.000E+00 +/- 0.00 %  % || S(l=0) ave= 3.471E-05 +/- 3.76 % S(l=1) ave= 1.729E-04 +/- 13.13 % S(l=2) ave= 0.000E+00 +/- 0.00 % S(l=3) ave= 0.000E+00 +/- 0.00 % 
 ... random file  236 Cap(th)  ave= 5.018E+01 b. +/- 45.49 % || Ela(th) ave= 2.444E+01 b. +/- 42.80 % || RIcap ave= 1.96E+01 b. +/- 41.99 % || Macs30 ave= 9.40E-03 b. +/- 2.89 % || Gn^0(l=0) ave= 2.130E+00 +/- 4.40 % Gn^0(l=1) ave= 4.107E+00 +/- 13.21 % Gn^0(l=2) ave= 0.000E+00 +/- 0.00 % Gn^0(l=3) ave= 0.000E+00 +/- 0.00 % || Gtotal(l=0) ave= 1.178E+03 +/- 3.47 % Gtotal(l=1) ave= 3.293E+02 +/- 0.72 % Gtotal(l=2) ave= 0.000E+00 +/- 0.00 % Gtotal(l=3) ave= 0.000E+00 +/- 0.00 %  % || Gg(l=0) ave= 5.887E-01 +/- 3.86 % Gg(l=1) ave= 6.400E-01 +/- 1.01 % Gg(l=2) ave= 0.000E+00 +/- 0.00 % Gg(l=3) ave= 0.000E+00 +/- 0.00 %  % || D(l=0) ave= 2.944E+04 +/- 0.70 % D(l=1) ave= 4.951E+03 +/- 0.00 % D(l=2) ave= 0.000E+00 +/- 0.00 % D(l=3) ave= 0.000E+00 +/- 0.00 %  % || S(l=0) ave= 3.471E-05 +/- 3.76 % S(l=1) ave= 1.728E-04 +/- 13.15 % S(l=2) ave= 0.000E+00 +/- 0.00 % S(l=3) ave= 0.000E+00 +/- 0.00 % 
 ... random file  237 Cap(th)  ave= 5.022E+01 b. +/- 45.38 % || Ela(th) ave= 2.446E+01 b. +/- 42.69 % || RIcap ave= 1.96E+01 b. +/- 41.88 % || Macs30 ave= 9.40E-03 b. +/- 2.89 % || Gn^0(l=0) ave= 2.130E+00 +/- 4.40 % Gn^0(l=1) ave= 4.107E+00 +/- 13.18 % Gn^0(l=2) ave= 0.000E+00 +/- 0.00 % Gn^0(l=3) ave= 0.000E+00 +/- 0.00 % || Gtotal(l=0) ave= 1.178E+03 +/- 3.47 % Gtotal(l=1) ave= 3.293E+02 +/- 0.72 % Gtotal(l=2) ave= 0.000E+00 +/- 0.00 % Gtotal(l=3) ave= 0.000E+00 +/- 0.00 %  % || Gg(l=0) ave= 5.887E-01 +/- 3.86 % Gg(l=1) ave= 6.400E-01 +/- 1.01 % Gg(l=2) ave= 0.000E+00 +/- 0.00 % Gg(l=3) ave= 0.000E+00 +/- 0.00 %  % || D(l=0) ave= 2.944E+04 +/- 0.70 % D(l=1) ave= 4.951E+03 +/- 0.00 % D(l=2) ave= 0.000E+00 +/- 0.00 % D(l=3) ave= 0.000E+00 +/- 0.00 %  % || S(l=0) ave= 3.471E-05 +/- 3.75 % S(l=1) ave= 1.728E-04 +/- 13.12 % S(l=2) ave= 0.000E+00 +/- 0.00 % S(l=3) ave= 0.000E+00 +/- 0.00 % 
 ... random file  238 Cap(th)  ave= 5.014E+01 b. +/- 45.43 % || Ela(th) ave= 2.442E+01 b. +/- 42.74 % || RIcap ave= 1.96E+01 b. +/- 41.93 % || Macs30 ave= 9.40E-03 b. +/- 2.89 % || Gn^0(l=0) ave= 2.130E+00 +/- 4.39 % Gn^0(l=1) ave= 4.111E+00 +/- 13.22 % Gn^0(l=2) ave= 0.000E+00 +/- 0.00 % Gn^0(l=3) ave= 0.000E+00 +/- 0.00 % || Gtotal(l=0) ave= 1.178E+03 +/- 3.46 % Gtotal(l=1) ave= 3.293E+02 +/- 0.72 % Gtotal(l=2) ave= 0.000E+00 +/- 0.00 % Gtotal(l=3) ave= 0.000E+00 +/- 0.00 %  % || Gg(l=0) ave= 5.886E-01 +/- 3.85 % Gg(l=1) ave= 6.401E-01 +/- 1.01 % Gg(l=2) ave= 0.000E+00 +/- 0.00 % Gg(l=3) ave= 0.000E+00 +/- 0.00 %  % || D(l=0) ave= 2.944E+04 +/- 0.70 % D(l=1) ave= 4.951E+03 +/- 0.00 % D(l=2) ave= 0.000E+00 +/- 0.00 % D(l=3) ave= 0.000E+00 +/- 0.00 %  % || S(l=0) ave= 3.471E-05 +/- 3.75 % S(l=1) ave= 1.729E-04 +/- 13.15 % S(l=2) ave= 0.000E+00 +/- 0.00 % S(l=3) ave= 0.000E+00 +/- 0.00 % 
 ... random file  239 Cap(th)  ave= 5.007E+01 b. +/- 45.46 % || Ela(th) ave= 2.438E+01 b. +/- 42.80 % || RIcap ave= 1.96E+01 b. +/- 41.95 % || Macs30 ave= 9.39E-03 b. +/- 2.89 % || Gn^0(l=0) ave= 2.130E+00 +/- 4.38 % Gn^0(l=1) ave= 4.115E+00 +/- 13.26 % Gn^0(l=2) ave= 0.000E+00 +/- 0.00 % Gn^0(l=3) ave= 0.000E+00 +/- 0.00 % || Gtotal(l=0) ave= 1.178E+03 +/- 3.45 % Gtotal(l=1) ave= 3.293E+02 +/- 0.72 % Gtotal(l=2) ave= 0.000E+00 +/- 0.00 % Gtotal(l=3) ave= 0.000E+00 +/- 0.00 %  % || Gg(l=0) ave= 5.886E-01 +/- 3.85 % Gg(l=1) ave= 6.400E-01 +/- 1.01 % Gg(l=2) ave= 0.000E+00 +/- 0.00 % Gg(l=3) ave= 0.000E+00 +/- 0.00 %  % || D(l=0) ave= 2.944E+04 +/- 0.69 % D(l=1) ave= 4.951E+03 +/- 0.00 % D(l=2) ave= 0.000E+00 +/- 0.00 % D(l=3) ave= 0.000E+00 +/- 0.00 %  % || S(l=0) ave= 3.471E-05 +/- 3.74 % S(l=1) ave= 1.731E-04 +/- 13.19 % S(l=2) ave= 0.000E+00 +/- 0.00 % S(l=3) ave= 0.000E+00 +/- 0.00 % 
 ... random file  240 Cap(th)  ave= 5.001E+01 b. +/- 45.45 % || Ela(th) ave= 2.435E+01 b. +/- 42.80 % || RIcap ave= 1.95E+01 b. +/- 41.95 % || Macs30 ave= 9.40E-03 b. +/- 2.89 % || Gn^0(l=0) ave= 2.130E+00 +/- 4.37 % Gn^0(l=1) ave= 4.115E+00 +/- 13.23 % Gn^0(l=2) ave= 0.000E+00 +/- 0.00 % Gn^0(l=3) ave= 0.000E+00 +/- 0.00 % || Gtotal(l=0) ave= 1.178E+03 +/- 3.45 % Gtotal(l=1) ave= 3.293E+02 +/- 0.72 % Gtotal(l=2) ave= 0.000E+00 +/- 0.00 % Gtotal(l=3) ave= 0.000E+00 +/- 0.00 %  % || Gg(l=0) ave= 5.884E-01 +/- 3.86 % Gg(l=1) ave= 6.401E-01 +/- 1.01 % Gg(l=2) ave= 0.000E+00 +/- 0.00 % Gg(l=3) ave= 0.000E+00 +/- 0.00 %  % || D(l=0) ave= 2.944E+04 +/- 0.69 % D(l=1) ave= 4.951E+03 +/- 0.00 % D(l=2) ave= 0.000E+00 +/- 0.00 % D(l=3) ave= 0.000E+00 +/- 0.00 %  % || S(l=0) ave= 3.471E-05 +/- 3.73 % S(l=1) ave= 1.731E-04 +/- 13.16 % S(l=2) ave= 0.000E+00 +/- 0.00 % S(l=3) ave= 0.000E+00 +/- 0.00 % 
 ... random file  241 Cap(th)  ave= 4.997E+01 b. +/- 45.41 % || Ela(th) ave= 2.433E+01 b. +/- 42.76 % || RIcap ave= 1.95E+01 b. +/- 41.90 % || Macs30 ave= 9.40E-03 b. +/- 2.88 % || Gn^0(l=0) ave= 2.130E+00 +/- 4.37 % Gn^0(l=1) ave= 4.115E+00 +/- 13.21 % Gn^0(l=2) ave= 0.000E+00 +/- 0.00 % Gn^0(l=3) ave= 0.000E+00 +/- 0.00 % || Gtotal(l=0) ave= 1.178E+03 +/- 3.44 % Gtotal(l=1) ave= 3.293E+02 +/- 0.72 % Gtotal(l=2) ave= 0.000E+00 +/- 0.00 % Gtotal(l=3) ave= 0.000E+00 +/- 0.00 %  % || Gg(l=0) ave= 5.883E-01 +/- 3.86 % Gg(l=1) ave= 6.401E-01 +/- 1.01 % Gg(l=2) ave= 0.000E+00 +/- 0.00 % Gg(l=3) ave= 0.000E+00 +/- 0.00 %  % || D(l=0) ave= 2.944E+04 +/- 0.69 % D(l=1) ave= 4.951E+03 +/- 0.00 % D(l=2) ave= 0.000E+00 +/- 0.00 % D(l=3) ave= 0.000E+00 +/- 0.00 %  % || S(l=0) ave= 3.471E-05 +/- 3.73 % S(l=1) ave= 1.731E-04 +/- 13.14 % S(l=2) ave= 0.000E+00 +/- 0.00 % S(l=3) ave= 0.000E+00 +/- 0.00 % 
 ... random file  242 Cap(th)  ave= 5.003E+01 b. +/- 45.30 % || Ela(th) ave= 2.436E+01 b. +/- 42.66 % || RIcap ave= 1.96E+01 b. +/- 41.80 % || Macs30 ave= 9.40E-03 b. +/- 2.88 % || Gn^0(l=0) ave= 2.130E+00 +/- 4.36 % Gn^0(l=1) ave= 4.116E+00 +/- 13.18 % Gn^0(l=2) ave= 0.000E+00 +/- 0.00 % Gn^0(l=3) ave= 0.000E+00 +/- 0.00 % || Gtotal(l=0) ave= 1.177E+03 +/- 3.44 % Gtotal(l=1) ave= 3.293E+02 +/- 0.72 % Gtotal(l=2) ave= 0.000E+00 +/- 0.00 % Gtotal(l=3) ave= 0.000E+00 +/- 0.00 %  % || Gg(l=0) ave= 5.885E-01 +/- 3.88 % Gg(l=1) ave= 6.401E-01 +/- 1.01 % Gg(l=2) ave= 0.000E+00 +/- 0.00 % Gg(l=3) ave= 0.000E+00 +/- 0.00 %  % || D(l=0) ave= 2.944E+04 +/- 0.69 % D(l=1) ave= 4.951E+03 +/- 0.00 % D(l=2) ave= 0.000E+00 +/- 0.00 % D(l=3) ave= 0.000E+00 +/- 0.00 %  % || S(l=0) ave= 3.470E-05 +/- 3.72 % S(l=1) ave= 1.731E-04 +/- 13.12 % S(l=2) ave= 0.000E+00 +/- 0.00 % S(l=3) ave= 0.000E+00 +/- 0.00 % 
 ... random file  243 Cap(th)  ave= 4.996E+01 b. +/- 45.31 % || Ela(th) ave= 2.433E+01 b. +/- 42.65 % || RIcap ave= 1.95E+01 b. +/- 41.81 % || Macs30 ave= 9.40E-03 b. +/- 2.87 % || Gn^0(l=0) ave= 2.130E+00 +/- 4.35 % Gn^0(l=1) ave= 4.114E+00 +/- 13.18 % Gn^0(l=2) ave= 0.000E+00 +/- 0.00 % Gn^0(l=3) ave= 0.000E+00 +/- 0.00 % || Gtotal(l=0) ave= 1.177E+03 +/- 3.43 % Gtotal(l=1) ave= 3.293E+02 +/- 0.72 % Gtotal(l=2) ave= 0.000E+00 +/- 0.00 % Gtotal(l=3) ave= 0.000E+00 +/- 0.00 %  % || Gg(l=0) ave= 5.886E-01 +/- 3.88 % Gg(l=1) ave= 6.401E-01 +/- 1.00 % Gg(l=2) ave= 0.000E+00 +/- 0.00 % Gg(l=3) ave= 0.000E+00 +/- 0.00 %  % || D(l=0) ave= 2.944E+04 +/- 0.69 % D(l=1) ave= 4.951E+03 +/- 0.00 % D(l=2) ave= 0.000E+00 +/- 0.00 % D(l=3) ave= 0.000E+00 +/- 0.00 %  % || S(l=0) ave= 3.470E-05 +/- 3.72 % S(l=1) ave= 1.731E-04 +/- 13.11 % S(l=2) ave= 0.000E+00 +/- 0.00 % S(l=3) ave= 0.000E+00 +/- 0.00 % 
 ... random file  244 Cap(th)  ave= 4.994E+01 b. +/- 45.25 % || Ela(th) ave= 2.432E+01 b. +/- 42.58 % || RIcap ave= 1.95E+01 b. +/- 41.75 % || Macs30 ave= 9.40E-03 b. +/- 2.87 % || Gn^0(l=0) ave= 2.130E+00 +/- 4.34 % Gn^0(l=1) ave= 4.115E+00 +/- 13.15 % Gn^0(l=2) ave= 0.000E+00 +/- 0.00 % Gn^0(l=3) ave= 0.000E+00 +/- 0.00 % || Gtotal(l=0) ave= 1.177E+03 +/- 3.43 % Gtotal(l=1) ave= 3.293E+02 +/- 0.72 % Gtotal(l=2) ave= 0.000E+00 +/- 0.00 % Gtotal(l=3) ave= 0.000E+00 +/- 0.00 %  % || Gg(l=0) ave= 5.884E-01 +/- 3.89 % Gg(l=1) ave= 6.400E-01 +/- 1.01 % Gg(l=2) ave= 0.000E+00 +/- 0.00 % Gg(l=3) ave= 0.000E+00 +/- 0.00 %  % || D(l=0) ave= 2.943E+04 +/- 0.69 % D(l=1) ave= 4.951E+03 +/- 0.00 % D(l=2) ave= 0.000E+00 +/- 0.00 % D(l=3) ave= 0.000E+00 +/- 0.00 %  % || S(l=0) ave= 3.470E-05 +/- 3.71 % S(l=1) ave= 1.731E-04 +/- 13.08 % S(l=2) ave= 0.000E+00 +/- 0.00 % S(l=3) ave= 0.000E+00 +/- 0.00 % 
 ... random file  245 Cap(th)  ave= 4.990E+01 b. +/- 45.20 % || Ela(th) ave= 2.430E+01 b. +/- 42.54 % || RIcap ave= 1.95E+01 b. +/- 41.70 % || Macs30 ave= 9.39E-03 b. +/- 2.86 % || Gn^0(l=0) ave= 2.130E+00 +/- 4.34 % Gn^0(l=1) ave= 4.115E+00 +/- 13.12 % Gn^0(l=2) ave= 0.000E+00 +/- 0.00 % Gn^0(l=3) ave= 0.000E+00 +/- 0.00 % || Gtotal(l=0) ave= 1.177E+03 +/- 3.42 % Gtotal(l=1) ave= 3.293E+02 +/- 0.72 % Gtotal(l=2) ave= 0.000E+00 +/- 0.00 % Gtotal(l=3) ave= 0.000E+00 +/- 0.00 %  % || Gg(l=0) ave= 5.884E-01 +/- 3.88 % Gg(l=1) ave= 6.401E-01 +/- 1.01 % Gg(l=2) ave= 0.000E+00 +/- 0.00 % Gg(l=3) ave= 0.000E+00 +/- 0.00 %  % || D(l=0) ave= 2.943E+04 +/- 0.69 % D(l=1) ave= 4.951E+03 +/- 0.00 % D(l=2) ave= 0.000E+00 +/- 0.00 % D(l=3) ave= 0.000E+00 +/- 0.00 %  % || S(l=0) ave= 3.470E-05 +/- 3.70 % S(l=1) ave= 1.731E-04 +/- 13.06 % S(l=2) ave= 0.000E+00 +/- 0.00 % S(l=3) ave= 0.000E+00 +/- 0.00 % 
 ... random file  246 Cap(th)  ave= 4.994E+01 b. +/- 45.09 % || Ela(th) ave= 2.433E+01 b. +/- 42.44 % || RIcap ave= 1.95E+01 b. +/- 41.60 % || Macs30 ave= 9.40E-03 b. +/- 2.86 % || Gn^0(l=0) ave= 2.130E+00 +/- 4.33 % Gn^0(l=1) ave= 4.114E+00 +/- 13.10 % Gn^0(l=2) ave= 0.000E+00 +/- 0.00 % Gn^0(l=3) ave= 0.000E+00 +/- 0.00 % || Gtotal(l=0) ave= 1.177E+03 +/- 3.41 % Gtotal(l=1) ave= 3.293E+02 +/- 0.72 % Gtotal(l=2) ave= 0.000E+00 +/- 0.00 % Gtotal(l=3) ave= 0.000E+00 +/- 0.00 %  % || Gg(l=0) ave= 5.883E-01 +/- 3.88 % Gg(l=1) ave= 6.401E-01 +/- 1.01 % Gg(l=2) ave= 0.000E+00 +/- 0.00 % Gg(l=3) ave= 0.000E+00 +/- 0.00 %  % || D(l=0) ave= 2.943E+04 +/- 0.68 % D(l=1) ave= 4.951E+03 +/- 0.00 % D(l=2) ave= 0.000E+00 +/- 0.00 % D(l=3) ave= 0.000E+00 +/- 0.00 %  % || S(l=0) ave= 3.470E-05 +/- 3.69 % S(l=1) ave= 1.731E-04 +/- 13.04 % S(l=2) ave= 0.000E+00 +/- 0.00 % S(l=3) ave= 0.000E+00 +/- 0.00 % 
 ... random file  247 Cap(th)  ave= 4.987E+01 b. +/- 45.13 % || Ela(th) ave= 2.430E+01 b. +/- 42.43 % || RIcap ave= 1.95E+01 b. +/- 41.64 % || Macs30 ave= 9.40E-03 b. +/- 2.85 % || Gn^0(l=0) ave= 2.130E+00 +/- 4.32 % Gn^0(l=1) ave= 4.111E+00 +/- 13.15 % Gn^0(l=2) ave= 0.000E+00 +/- 0.00 % Gn^0(l=3) ave= 0.000E+00 +/- 0.00 % || Gtotal(l=0) ave= 1.177E+03 +/- 3.41 % Gtotal(l=1) ave= 3.293E+02 +/- 0.72 % Gtotal(l=2) ave= 0.000E+00 +/- 0.00 % Gtotal(l=3) ave= 0.000E+00 +/- 0.00 %  % || Gg(l=0) ave= 5.883E-01 +/- 3.88 % Gg(l=1) ave= 6.401E-01 +/- 1.01 % Gg(l=2) ave= 0.000E+00 +/- 0.00 % Gg(l=3) ave= 0.000E+00 +/- 0.00 %  % || D(l=0) ave= 2.943E+04 +/- 0.68 % D(l=1) ave= 4.951E+03 +/- 0.00 % D(l=2) ave= 0.000E+00 +/- 0.00 % D(l=3) ave= 0.000E+00 +/- 0.00 %  % || S(l=0) ave= 3.470E-05 +/- 3.69 % S(l=1) ave= 1.729E-04 +/- 13.09 % S(l=2) ave= 0.000E+00 +/- 0.00 % S(l=3) ave= 0.000E+00 +/- 0.00 % 
 ... random file  248 Cap(th)  ave= 4.986E+01 b. +/- 45.05 % || Ela(th) ave= 2.430E+01 b. +/- 42.35 % || RIcap ave= 1.95E+01 b. +/- 41.57 % || Macs30 ave= 9.40E-03 b. +/- 2.85 % || Gn^0(l=0) ave= 2.130E+00 +/- 4.32 % Gn^0(l=1) ave= 4.111E+00 +/- 13.13 % Gn^0(l=2) ave= 0.000E+00 +/- 0.00 % Gn^0(l=3) ave= 0.000E+00 +/- 0.00 % || Gtotal(l=0) ave= 1.178E+03 +/- 3.40 % Gtotal(l=1) ave= 3.293E+02 +/- 0.72 % Gtotal(l=2) ave= 0.000E+00 +/- 0.00 % Gtotal(l=3) ave= 0.000E+00 +/- 0.00 %  % || Gg(l=0) ave= 5.882E-01 +/- 3.87 % Gg(l=1) ave= 6.401E-01 +/- 1.01 % Gg(l=2) ave= 0.000E+00 +/- 0.00 % Gg(l=3) ave= 0.000E+00 +/- 0.00 %  % || D(l=0) ave= 2.943E+04 +/- 0.68 % D(l=1) ave= 4.951E+03 +/- 0.00 % D(l=2) ave= 0.000E+00 +/- 0.00 % D(l=3) ave= 0.000E+00 +/- 0.00 %  % || S(l=0) ave= 3.471E-05 +/- 3.68 % S(l=1) ave= 1.729E-04 +/- 13.06 % S(l=2) ave= 0.000E+00 +/- 0.00 % S(l=3) ave= 0.000E+00 +/- 0.00 % 
 ... random file  249 Cap(th)  ave= 4.995E+01 b. +/- 44.97 % || Ela(th) ave= 2.434E+01 b. +/- 42.29 % || RIcap ave= 1.95E+01 b. +/- 41.50 % || Macs30 ave= 9.40E-03 b. +/- 2.88 % || Gn^0(l=0) ave= 2.130E+00 +/- 4.31 % Gn^0(l=1) ave= 4.110E+00 +/- 13.12 % Gn^0(l=2) ave= 0.000E+00 +/- 0.00 % Gn^0(l=3) ave= 0.000E+00 +/- 0.00 % || Gtotal(l=0) ave= 1.177E+03 +/- 3.40 % Gtotal(l=1) ave= 3.293E+02 +/- 0.72 % Gtotal(l=2) ave= 0.000E+00 +/- 0.00 % Gtotal(l=3) ave= 0.000E+00 +/- 0.00 %  % || Gg(l=0) ave= 5.882E-01 +/- 3.86 % Gg(l=1) ave= 6.401E-01 +/- 1.01 % Gg(l=2) ave= 0.000E+00 +/- 0.00 % Gg(l=3) ave= 0.000E+00 +/- 0.00 %  % || D(l=0) ave= 2.943E+04 +/- 0.68 % D(l=1) ave= 4.951E+03 +/- 0.00 % D(l=2) ave= 0.000E+00 +/- 0.00 % D(l=3) ave= 0.000E+00 +/- 0.00 %  % || S(l=0) ave= 3.470E-05 +/- 3.68 % S(l=1) ave= 1.729E-04 +/- 13.05 % S(l=2) ave= 0.000E+00 +/- 0.00 % S(l=3) ave= 0.000E+00 +/- 0.00 % 
 ... random file  250 Cap(th)  ave= 5.000E+01 b. +/- 44.87 % || Ela(th) ave= 2.437E+01 b. +/- 42.20 % || RIcap ave= 1.95E+01 b. +/- 41.41 % || Macs30 ave= 9.40E-03 b. +/- 2.88 % || Gn^0(l=0) ave= 2.130E+00 +/- 4.30 % Gn^0(l=1) ave= 4.107E+00 +/- 13.13 % Gn^0(l=2) ave= 0.000E+00 +/- 0.00 % Gn^0(l=3) ave= 0.000E+00 +/- 0.00 % || Gtotal(l=0) ave= 1.177E+03 +/- 3.39 % Gtotal(l=1) ave= 3.293E+02 +/- 0.72 % Gtotal(l=2) ave= 0.000E+00 +/- 0.00 % Gtotal(l=3) ave= 0.000E+00 +/- 0.00 %  % || Gg(l=0) ave= 5.882E-01 +/- 3.86 % Gg(l=1) ave= 6.401E-01 +/- 1.01 % Gg(l=2) ave= 0.000E+00 +/- 0.00 % Gg(l=3) ave= 0.000E+00 +/- 0.00 %  % || D(l=0) ave= 2.943E+04 +/- 0.68 % D(l=1) ave= 4.951E+03 +/- 0.00 % D(l=2) ave= 0.000E+00 +/- 0.00 % D(l=3) ave= 0.000E+00 +/- 0.00 %  % || S(l=0) ave= 3.470E-05 +/- 3.67 % S(l=1) ave= 1.728E-04 +/- 13.06 % S(l=2) ave= 0.000E+00 +/- 0.00 % S(l=3) ave= 0.000E+00 +/- 0.00 % 
 ... random file  251 Cap(th)  ave= 4.991E+01 b. +/- 44.94 % || Ela(th) ave= 2.433E+01 b. +/- 42.28 % || RIcap ave= 1.95E+01 b. +/- 41.47 % || Macs30 ave= 9.40E-03 b. +/- 2.88 % || Gn^0(l=0) ave= 2.130E+00 +/- 4.30 % Gn^0(l=1) ave= 4.110E+00 +/- 13.12 % Gn^0(l=2) ave= 0.000E+00 +/- 0.00 % Gn^0(l=3) ave= 0.000E+00 +/- 0.00 % || Gtotal(l=0) ave= 1.178E+03 +/- 3.39 % Gtotal(l=1) ave= 3.293E+02 +/- 0.73 % Gtotal(l=2) ave= 0.000E+00 +/- 0.00 % Gtotal(l=3) ave= 0.000E+00 +/- 0.00 %  % || Gg(l=0) ave= 5.883E-01 +/- 3.85 % Gg(l=1) ave= 6.401E-01 +/- 1.01 % Gg(l=2) ave= 0.000E+00 +/- 0.00 % Gg(l=3) ave= 0.000E+00 +/- 0.00 %  % || D(l=0) ave= 2.943E+04 +/- 0.68 % D(l=1) ave= 4.951E+03 +/- 0.00 % D(l=2) ave= 0.000E+00 +/- 0.00 % D(l=3) ave= 0.000E+00 +/- 0.00 %  % || S(l=0) ave= 3.471E-05 +/- 3.67 % S(l=1) ave= 1.729E-04 +/- 13.06 % S(l=2) ave= 0.000E+00 +/- 0.00 % S(l=3) ave= 0.000E+00 +/- 0.00 % 
 ... random file  252 Cap(th)  ave= 4.984E+01 b. +/- 44.97 % || Ela(th) ave= 2.430E+01 b. +/- 42.28 % || RIcap ave= 1.95E+01 b. +/- 41.49 % || Macs30 ave= 9.40E-03 b. +/- 2.88 % || Gn^0(l=0) ave= 2.130E+00 +/- 4.30 % Gn^0(l=1) ave= 4.108E+00 +/- 13.12 % Gn^0(l=2) ave= 0.000E+00 +/- 0.00 % Gn^0(l=3) ave= 0.000E+00 +/- 0.00 % || Gtotal(l=0) ave= 1.178E+03 +/- 3.39 % Gtotal(l=1) ave= 3.293E+02 +/- 0.72 % Gtotal(l=2) ave= 0.000E+00 +/- 0.00 % Gtotal(l=3) ave= 0.000E+00 +/- 0.00 %  % || Gg(l=0) ave= 5.881E-01 +/- 3.86 % Gg(l=1) ave= 6.401E-01 +/- 1.00 % Gg(l=2) ave= 0.000E+00 +/- 0.00 % Gg(l=3) ave= 0.000E+00 +/- 0.00 %  % || D(l=0) ave= 2.943E+04 +/- 0.68 % D(l=1) ave= 4.951E+03 +/- 0.00 % D(l=2) ave= 0.000E+00 +/- 0.00 % D(l=3) ave= 0.000E+00 +/- 0.00 %  % || S(l=0) ave= 3.471E-05 +/- 3.67 % S(l=1) ave= 1.728E-04 +/- 13.06 % S(l=2) ave= 0.000E+00 +/- 0.00 % S(l=3) ave= 0.000E+00 +/- 0.00 % 
 ... random file  253 Cap(th)  ave= 4.983E+01 b. +/- 44.90 % || Ela(th) ave= 2.429E+01 b. +/- 42.21 % || RIcap ave= 1.95E+01 b. +/- 41.42 % || Macs30 ave= 9.40E-03 b. +/- 2.87 % || Gn^0(l=0) ave= 2.130E+00 +/- 4.29 % Gn^0(l=1) ave= 4.109E+00 +/- 13.10 % Gn^0(l=2) ave= 0.000E+00 +/- 0.00 % Gn^0(l=3) ave= 0.000E+00 +/- 0.00 % || Gtotal(l=0) ave= 1.178E+03 +/- 3.38 % Gtotal(l=1) ave= 3.293E+02 +/- 0.73 % Gtotal(l=2) ave= 0.000E+00 +/- 0.00 % Gtotal(l=3) ave= 0.000E+00 +/- 0.00 %  % || Gg(l=0) ave= 5.882E-01 +/- 3.86 % Gg(l=1) ave= 6.401E-01 +/- 1.00 % Gg(l=2) ave= 0.000E+00 +/- 0.00 % Gg(l=3) ave= 0.000E+00 +/- 0.00 %  % || D(l=0) ave= 2.943E+04 +/- 0.67 % D(l=1) ave= 4.951E+03 +/- 0.00 % D(l=2) ave= 0.000E+00 +/- 0.00 % D(l=3) ave= 0.000E+00 +/- 0.00 %  % || S(l=0) ave= 3.471E-05 +/- 3.66 % S(l=1) ave= 1.729E-04 +/- 13.04 % S(l=2) ave= 0.000E+00 +/- 0.00 % S(l=3) ave= 0.000E+00 +/- 0.00 % 
 ... random file  254 Cap(th)  ave= 4.982E+01 b. +/- 44.81 % || Ela(th) ave= 2.429E+01 b. +/- 42.13 % || RIcap ave= 1.95E+01 b. +/- 41.35 % || Macs30 ave= 9.40E-03 b. +/- 2.87 % || Gn^0(l=0) ave= 2.130E+00 +/- 4.28 % Gn^0(l=1) ave= 4.108E+00 +/- 13.09 % Gn^0(l=2) ave= 0.000E+00 +/- 0.00 % Gn^0(l=3) ave= 0.000E+00 +/- 0.00 % || Gtotal(l=0) ave= 1.178E+03 +/- 3.38 % Gtotal(l=1) ave= 3.293E+02 +/- 0.73 % Gtotal(l=2) ave= 0.000E+00 +/- 0.00 % Gtotal(l=3) ave= 0.000E+00 +/- 0.00 %  % || Gg(l=0) ave= 5.881E-01 +/- 3.86 % Gg(l=1) ave= 6.401E-01 +/- 1.01 % Gg(l=2) ave= 0.000E+00 +/- 0.00 % Gg(l=3) ave= 0.000E+00 +/- 0.00 %  % || D(l=0) ave= 2.943E+04 +/- 0.67 % D(l=1) ave= 4.951E+03 +/- 0.00 % D(l=2) ave= 0.000E+00 +/- 0.00 % D(l=3) ave= 0.000E+00 +/- 0.00 %  % || S(l=0) ave= 3.471E-05 +/- 3.66 % S(l=1) ave= 1.728E-04 +/- 13.03 % S(l=2) ave= 0.000E+00 +/- 0.00 % S(l=3) ave= 0.000E+00 +/- 0.00 % 
 ... random file  255 Cap(th)  ave= 4.976E+01 b. +/- 44.83 % || Ela(th) ave= 2.426E+01 b. +/- 42.16 % || RIcap ave= 1.95E+01 b. +/- 41.36 % || Macs30 ave= 9.40E-03 b. +/- 2.87 % || Gn^0(l=0) ave= 2.130E+00 +/- 4.28 % Gn^0(l=1) ave= 4.110E+00 +/- 13.10 % Gn^0(l=2) ave= 0.000E+00 +/- 0.00 % Gn^0(l=3) ave= 0.000E+00 +/- 0.00 % || Gtotal(l=0) ave= 1.178E+03 +/- 3.38 % Gtotal(l=1) ave= 3.293E+02 +/- 0.72 % Gtotal(l=2) ave= 0.000E+00 +/- 0.00 % Gtotal(l=3) ave= 0.000E+00 +/- 0.00 %  % || Gg(l=0) ave= 5.882E-01 +/- 3.86 % Gg(l=1) ave= 6.402E-01 +/- 1.01 % Gg(l=2) ave= 0.000E+00 +/- 0.00 % Gg(l=3) ave= 0.000E+00 +/- 0.00 %  % || D(l=0) ave= 2.943E+04 +/- 0.67 % D(l=1) ave= 4.951E+03 +/- 0.00 % D(l=2) ave= 0.000E+00 +/- 0.00 % D(l=3) ave= 0.000E+00 +/- 0.00 %  % || S(l=0) ave= 3.471E-05 +/- 3.66 % S(l=1) ave= 1.729E-04 +/- 13.03 % S(l=2) ave= 0.000E+00 +/- 0.00 % S(l=3) ave= 0.000E+00 +/- 0.00 % 
 ... random file  256 Cap(th)  ave= 4.975E+01 b. +/- 44.75 % || Ela(th) ave= 2.426E+01 b. +/- 42.09 % || RIcap ave= 1.95E+01 b. +/- 41.28 % || Macs30 ave= 9.40E-03 b. +/- 2.87 % || Gn^0(l=0) ave= 2.129E+00 +/- 4.29 % Gn^0(l=1) ave= 4.110E+00 +/- 13.07 % Gn^0(l=2) ave= 0.000E+00 +/- 0.00 % Gn^0(l=3) ave= 0.000E+00 +/- 0.00 % || Gtotal(l=0) ave= 1.177E+03 +/- 3.38 % Gtotal(l=1) ave= 3.293E+02 +/- 0.73 % Gtotal(l=2) ave= 0.000E+00 +/- 0.00 % Gtotal(l=3) ave= 0.000E+00 +/- 0.00 %  % || Gg(l=0) ave= 5.880E-01 +/- 3.86 % Gg(l=1) ave= 6.402E-01 +/- 1.01 % Gg(l=2) ave= 0.000E+00 +/- 0.00 % Gg(l=3) ave= 0.000E+00 +/- 0.00 %  % || D(l=0) ave= 2.943E+04 +/- 0.67 % D(l=1) ave= 4.951E+03 +/- 0.00 % D(l=2) ave= 0.000E+00 +/- 0.00 % D(l=3) ave= 0.000E+00 +/- 0.00 %  % || S(l=0) ave= 3.470E-05 +/- 3.66 % S(l=1) ave= 1.729E-04 +/- 13.01 % S(l=2) ave= 0.000E+00 +/- 0.00 % S(l=3) ave= 0.000E+00 +/- 0.00 % 
 ... random file  257 Cap(th)  ave= 4.962E+01 b. +/- 44.97 % || Ela(th) ave= 2.420E+01 b. +/- 42.28 % || RIcap ave= 1.94E+01 b. +/- 41.49 % || Macs30 ave= 9.40E-03 b. +/- 2.86 % || Gn^0(l=0) ave= 2.129E+00 +/- 4.28 % Gn^0(l=1) ave= 4.111E+00 +/- 13.05 % Gn^0(l=2) ave= 0.000E+00 +/- 0.00 % Gn^0(l=3) ave= 0.000E+00 +/- 0.00 % || Gtotal(l=0) ave= 1.177E+03 +/- 3.37 % Gtotal(l=1) ave= 3.293E+02 +/- 0.73 % Gtotal(l=2) ave= 0.000E+00 +/- 0.00 % Gtotal(l=3) ave= 0.000E+00 +/- 0.00 %  % || Gg(l=0) ave= 5.881E-01 +/- 3.86 % Gg(l=1) ave= 6.401E-01 +/- 1.01 % Gg(l=2) ave= 0.000E+00 +/- 0.00 % Gg(l=3) ave= 0.000E+00 +/- 0.00 %  % || D(l=0) ave= 2.943E+04 +/- 0.67 % D(l=1) ave= 4.951E+03 +/- 0.00 % D(l=2) ave= 0.000E+00 +/- 0.00 % D(l=3) ave= 0.000E+00 +/- 0.00 %  % || S(l=0) ave= 3.470E-05 +/- 3.66 % S(l=1) ave= 1.730E-04 +/- 12.98 % S(l=2) ave= 0.000E+00 +/- 0.00 % S(l=3) ave= 0.000E+00 +/- 0.00 % 
 ... random file  258 Cap(th)  ave= 4.974E+01 b. +/- 44.94 % || Ela(th) ave= 2.425E+01 b. +/- 42.26 % || RIcap ave= 1.95E+01 b. +/- 41.47 % || Macs30 ave= 9.40E-03 b. +/- 2.86 % || Gn^0(l=0) ave= 2.129E+00 +/- 4.28 % Gn^0(l=1) ave= 4.112E+00 +/- 13.02 % Gn^0(l=2) ave= 0.000E+00 +/- 0.00 % Gn^0(l=3) ave= 0.000E+00 +/- 0.00 % || Gtotal(l=0) ave= 1.177E+03 +/- 3.37 % Gtotal(l=1) ave= 3.293E+02 +/- 0.73 % Gtotal(l=2) ave= 0.000E+00 +/- 0.00 % Gtotal(l=3) ave= 0.000E+00 +/- 0.00 %  % || Gg(l=0) ave= 5.882E-01 +/- 3.86 % Gg(l=1) ave= 6.401E-01 +/- 1.01 % Gg(l=2) ave= 0.000E+00 +/- 0.00 % Gg(l=3) ave= 0.000E+00 +/- 0.00 %  % || D(l=0) ave= 2.943E+04 +/- 0.67 % D(l=1) ave= 4.951E+03 +/- 0.00 % D(l=2) ave= 0.000E+00 +/- 0.00 % D(l=3) ave= 0.000E+00 +/- 0.00 %  % || S(l=0) ave= 3.470E-05 +/- 3.65 % S(l=1) ave= 1.730E-04 +/- 12.96 % S(l=2) ave= 0.000E+00 +/- 0.00 % S(l=3) ave= 0.000E+00 +/- 0.00 % 
 ... random file  259 Cap(th)  ave= 4.966E+01 b. +/- 45.02 % || Ela(th) ave= 2.421E+01 b. +/- 42.34 % || RIcap ave= 1.94E+01 b. +/- 41.54 % || Macs30 ave= 9.40E-03 b. +/- 2.88 % || Gn^0(l=0) ave= 2.129E+00 +/- 4.27 % Gn^0(l=1) ave= 4.114E+00 +/- 13.02 % Gn^0(l=2) ave= 0.000E+00 +/- 0.00 % Gn^0(l=3) ave= 0.000E+00 +/- 0.00 % || Gtotal(l=0) ave= 1.177E+03 +/- 3.36 % Gtotal(l=1) ave= 3.293E+02 +/- 0.73 % Gtotal(l=2) ave= 0.000E+00 +/- 0.00 % Gtotal(l=3) ave= 0.000E+00 +/- 0.00 %  % || Gg(l=0) ave= 5.882E-01 +/- 3.85 % Gg(l=1) ave= 6.401E-01 +/- 1.01 % Gg(l=2) ave= 0.000E+00 +/- 0.00 % Gg(l=3) ave= 0.000E+00 +/- 0.00 %  % || D(l=0) ave= 2.943E+04 +/- 0.67 % D(l=1) ave= 4.951E+03 +/- 0.00 % D(l=2) ave= 0.000E+00 +/- 0.00 % D(l=3) ave= 0.000E+00 +/- 0.00 %  % || S(l=0) ave= 3.470E-05 +/- 3.65 % S(l=1) ave= 1.731E-04 +/- 12.96 % S(l=2) ave= 0.000E+00 +/- 0.00 % S(l=3) ave= 0.000E+00 +/- 0.00 % 
 ... random file  260 Cap(th)  ave= 4.974E+01 b. +/- 44.94 % || Ela(th) ave= 2.424E+01 b. +/- 42.26 % || RIcap ave= 1.95E+01 b. +/- 41.47 % || Macs30 ave= 9.40E-03 b. +/- 2.88 % || Gn^0(l=0) ave= 2.130E+00 +/- 4.28 % Gn^0(l=1) ave= 4.116E+00 +/- 13.00 % Gn^0(l=2) ave= 0.000E+00 +/- 0.00 % Gn^0(l=3) ave= 0.000E+00 +/- 0.00 % || Gtotal(l=0) ave= 1.177E+03 +/- 3.37 % Gtotal(l=1) ave= 3.293E+02 +/- 0.73 % Gtotal(l=2) ave= 0.000E+00 +/- 0.00 % Gtotal(l=3) ave= 0.000E+00 +/- 0.00 %  % || Gg(l=0) ave= 5.884E-01 +/- 3.86 % Gg(l=1) ave= 6.401E-01 +/- 1.01 % Gg(l=2) ave= 0.000E+00 +/- 0.00 % Gg(l=3) ave= 0.000E+00 +/- 0.00 %  % || D(l=0) ave= 2.943E+04 +/- 0.67 % D(l=1) ave= 4.951E+03 +/- 0.00 % D(l=2) ave= 0.000E+00 +/- 0.00 % D(l=3) ave= 0.000E+00 +/- 0.00 %  % || S(l=0) ave= 3.470E-05 +/- 3.65 % S(l=1) ave= 1.731E-04 +/- 12.94 % S(l=2) ave= 0.000E+00 +/- 0.00 % S(l=3) ave= 0.000E+00 +/- 0.00 % 
 ... random file  261 Cap(th)  ave= 4.974E+01 b. +/- 44.85 % || Ela(th) ave= 2.424E+01 b. +/- 42.19 % || RIcap ave= 1.95E+01 b. +/- 41.39 % || Macs30 ave= 9.40E-03 b. +/- 2.88 % || Gn^0(l=0) ave= 2.130E+00 +/- 4.27 % Gn^0(l=1) ave= 4.121E+00 +/- 13.11 % Gn^0(l=2) ave= 0.000E+00 +/- 0.00 % Gn^0(l=3) ave= 0.000E+00 +/- 0.00 % || Gtotal(l=0) ave= 1.178E+03 +/- 3.37 % Gtotal(l=1) ave= 3.293E+02 +/- 0.73 % Gtotal(l=2) ave= 0.000E+00 +/- 0.00 % Gtotal(l=3) ave= 0.000E+00 +/- 0.00 %  % || Gg(l=0) ave= 5.885E-01 +/- 3.87 % Gg(l=1) ave= 6.401E-01 +/- 1.01 % Gg(l=2) ave= 0.000E+00 +/- 0.00 % Gg(l=3) ave= 0.000E+00 +/- 0.00 %  % || D(l=0) ave= 2.943E+04 +/- 0.66 % D(l=1) ave= 4.951E+03 +/- 0.00 % D(l=2) ave= 0.000E+00 +/- 0.00 % D(l=3) ave= 0.000E+00 +/- 0.00 %  % || S(l=0) ave= 3.470E-05 +/- 3.65 % S(l=1) ave= 1.733E-04 +/- 13.05 % S(l=2) ave= 0.000E+00 +/- 0.00 % S(l=3) ave= 0.000E+00 +/- 0.00 % 
 ... random file  262 Cap(th)  ave= 4.967E+01 b. +/- 44.88 % || Ela(th) ave= 2.420E+01 b. +/- 42.22 % || RIcap ave= 1.94E+01 b. +/- 41.41 % || Macs30 ave= 9.40E-03 b. +/- 2.87 % || Gn^0(l=0) ave= 2.130E+00 +/- 4.27 % Gn^0(l=1) ave= 4.122E+00 +/- 13.09 % Gn^0(l=2) ave= 0.000E+00 +/- 0.00 % Gn^0(l=3) ave= 0.000E+00 +/- 0.00 % || Gtotal(l=0) ave= 1.177E+03 +/- 3.36 % Gtotal(l=1) ave= 3.293E+02 +/- 0.73 % Gtotal(l=2) ave= 0.000E+00 +/- 0.00 % Gtotal(l=3) ave= 0.000E+00 +/- 0.00 %  % || Gg(l=0) ave= 5.885E-01 +/- 3.86 % Gg(l=1) ave= 6.401E-01 +/- 1.01 % Gg(l=2) ave= 0.000E+00 +/- 0.00 % Gg(l=3) ave= 0.000E+00 +/- 0.00 %  % || D(l=0) ave= 2.943E+04 +/- 0.66 % D(l=1) ave= 4.951E+03 +/- 0.00 % D(l=2) ave= 0.000E+00 +/- 0.00 % D(l=3) ave= 0.000E+00 +/- 0.00 %  % || S(l=0) ave= 3.470E-05 +/- 3.64 % S(l=1) ave= 1.734E-04 +/- 13.03 % S(l=2) ave= 0.000E+00 +/- 0.00 % S(l=3) ave= 0.000E+00 +/- 0.00 % 
 ... random file  263 Cap(th)  ave= 4.959E+01 b. +/- 44.95 % || Ela(th) ave= 2.417E+01 b. +/- 42.29 % || RIcap ave= 1.94E+01 b. +/- 41.47 % || Macs30 ave= 9.40E-03 b. +/- 2.87 % || Gn^0(l=0) ave= 2.129E+00 +/- 4.26 % Gn^0(l=1) ave= 4.122E+00 +/- 13.07 % Gn^0(l=2) ave= 0.000E+00 +/- 0.00 % Gn^0(l=3) ave= 0.000E+00 +/- 0.00 % || Gtotal(l=0) ave= 1.177E+03 +/- 3.36 % Gtotal(l=1) ave= 3.293E+02 +/- 0.73 % Gtotal(l=2) ave= 0.000E+00 +/- 0.00 % Gtotal(l=3) ave= 0.000E+00 +/- 0.00 %  % || Gg(l=0) ave= 5.884E-01 +/- 3.86 % Gg(l=1) ave= 6.401E-01 +/- 1.01 % Gg(l=2) ave= 0.000E+00 +/- 0.00 % Gg(l=3) ave= 0.000E+00 +/- 0.00 %  % || D(l=0) ave= 2.943E+04 +/- 0.66 % D(l=1) ave= 4.951E+03 +/- 0.00 % D(l=2) ave= 0.000E+00 +/- 0.00 % D(l=3) ave= 0.000E+00 +/- 0.00 %  % || S(l=0) ave= 3.470E-05 +/- 3.63 % S(l=1) ave= 1.734E-04 +/- 13.01 % S(l=2) ave= 0.000E+00 +/- 0.00 % S(l=3) ave= 0.000E+00 +/- 0.00 % 
 ... random file  264 Cap(th)  ave= 4.961E+01 b. +/- 44.85 % || Ela(th) ave= 2.418E+01 b. +/- 42.19 % || RIcap ave= 1.94E+01 b. +/- 41.38 % || Macs30 ave= 9.40E-03 b. +/- 2.86 % || Gn^0(l=0) ave= 2.130E+00 +/- 4.33 % Gn^0(l=1) ave= 4.121E+00 +/- 13.06 % Gn^0(l=2) ave= 0.000E+00 +/- 0.00 % Gn^0(l=3) ave= 0.000E+00 +/- 0.00 % || Gtotal(l=0) ave= 1.178E+03 +/- 3.41 % Gtotal(l=1) ave= 3.293E+02 +/- 0.73 % Gtotal(l=2) ave= 0.000E+00 +/- 0.00 % Gtotal(l=3) ave= 0.000E+00 +/- 0.00 %  % || Gg(l=0) ave= 5.884E-01 +/- 3.86 % Gg(l=1) ave= 6.402E-01 +/- 1.02 % Gg(l=2) ave= 0.000E+00 +/- 0.00 % Gg(l=3) ave= 0.000E+00 +/- 0.00 %  % || D(l=0) ave= 2.943E+04 +/- 0.66 % D(l=1) ave= 4.951E+03 +/- 0.00 % D(l=2) ave= 0.000E+00 +/- 0.00 % D(l=3) ave= 0.000E+00 +/- 0.00 %  % || S(l=0) ave= 3.471E-05 +/- 3.69 % S(l=1) ave= 1.733E-04 +/- 13.00 % S(l=2) ave= 0.000E+00 +/- 0.00 % S(l=3) ave= 0.000E+00 +/- 0.00 % 
 ... random file  265 Cap(th)  ave= 4.955E+01 b. +/- 44.88 % || Ela(th) ave= 2.415E+01 b. +/- 42.22 % || RIcap ave= 1.94E+01 b. +/- 41.41 % || Macs30 ave= 9.40E-03 b. +/- 2.88 % || Gn^0(l=0) ave= 2.130E+00 +/- 4.32 % Gn^0(l=1) ave= 4.122E+00 +/- 13.05 % Gn^0(l=2) ave= 0.000E+00 +/- 0.00 % Gn^0(l=3) ave= 0.000E+00 +/- 0.00 % || Gtotal(l=0) ave= 1.178E+03 +/- 3.40 % Gtotal(l=1) ave= 3.293E+02 +/- 0.73 % Gtotal(l=2) ave= 0.000E+00 +/- 0.00 % Gtotal(l=3) ave= 0.000E+00 +/- 0.00 %  % || Gg(l=0) ave= 5.883E-01 +/- 3.86 % Gg(l=1) ave= 6.402E-01 +/- 1.01 % Gg(l=2) ave= 0.000E+00 +/- 0.00 % Gg(l=3) ave= 0.000E+00 +/- 0.00 %  % || D(l=0) ave= 2.943E+04 +/- 0.66 % D(l=1) ave= 4.951E+03 +/- 0.00 % D(l=2) ave= 0.000E+00 +/- 0.00 % D(l=3) ave= 0.000E+00 +/- 0.00 %  % || S(l=0) ave= 3.471E-05 +/- 3.68 % S(l=1) ave= 1.734E-04 +/- 12.99 % S(l=2) ave= 0.000E+00 +/- 0.00 % S(l=3) ave= 0.000E+00 +/- 0.00 % 
 ... random file  266 Cap(th)  ave= 4.947E+01 b. +/- 44.94 % || Ela(th) ave= 2.412E+01 b. +/- 42.24 % || RIcap ave= 1.94E+01 b. +/- 41.46 % || Macs30 ave= 9.40E-03 b. +/- 2.87 % || Gn^0(l=0) ave= 2.131E+00 +/- 4.34 % Gn^0(l=1) ave= 4.120E+00 +/- 13.08 % Gn^0(l=2) ave= 0.000E+00 +/- 0.00 % Gn^0(l=3) ave= 0.000E+00 +/- 0.00 % || Gtotal(l=0) ave= 1.178E+03 +/- 3.41 % Gtotal(l=1) ave= 3.293E+02 +/- 0.73 % Gtotal(l=2) ave= 0.000E+00 +/- 0.00 % Gtotal(l=3) ave= 0.000E+00 +/- 0.00 %  % || Gg(l=0) ave= 5.883E-01 +/- 3.85 % Gg(l=1) ave= 6.402E-01 +/- 1.01 % Gg(l=2) ave= 0.000E+00 +/- 0.00 % Gg(l=3) ave= 0.000E+00 +/- 0.00 %  % || D(l=0) ave= 2.943E+04 +/- 0.66 % D(l=1) ave= 4.951E+03 +/- 0.00 % D(l=2) ave= 0.000E+00 +/- 0.00 % D(l=3) ave= 0.000E+00 +/- 0.00 %  % || S(l=0) ave= 3.472E-05 +/- 3.69 % S(l=1) ave= 1.733E-04 +/- 13.02 % S(l=2) ave= 0.000E+00 +/- 0.00 % S(l=3) ave= 0.000E+00 +/- 0.00 % 
 ... random file  267 Cap(th)  ave= 4.941E+01 b. +/- 44.96 % || Ela(th) ave= 2.409E+01 b. +/- 42.25 % || RIcap ave= 1.93E+01 b. +/- 41.48 % || Macs30 ave= 9.40E-03 b. +/- 2.87 % || Gn^0(l=0) ave= 2.131E+00 +/- 4.33 % Gn^0(l=1) ave= 4.118E+00 +/- 13.08 % Gn^0(l=2) ave= 0.000E+00 +/- 0.00 % Gn^0(l=3) ave= 0.000E+00 +/- 0.00 % || Gtotal(l=0) ave= 1.178E+03 +/- 3.41 % Gtotal(l=1) ave= 3.293E+02 +/- 0.73 % Gtotal(l=2) ave= 0.000E+00 +/- 0.00 % Gtotal(l=3) ave= 0.000E+00 +/- 0.00 %  % || Gg(l=0) ave= 5.883E-01 +/- 3.84 % Gg(l=1) ave= 6.402E-01 +/- 1.01 % Gg(l=2) ave= 0.000E+00 +/- 0.00 % Gg(l=3) ave= 0.000E+00 +/- 0.00 %  % || D(l=0) ave= 2.943E+04 +/- 0.66 % D(l=1) ave= 4.951E+03 +/- 0.00 % D(l=2) ave= 0.000E+00 +/- 0.00 % D(l=3) ave= 0.000E+00 +/- 0.00 %  % || S(l=0) ave= 3.472E-05 +/- 3.69 % S(l=1) ave= 1.732E-04 +/- 13.02 % S(l=2) ave= 0.000E+00 +/- 0.00 % S(l=3) ave= 0.000E+00 +/- 0.00 % 
 ... random file  268 Cap(th)  ave= 4.938E+01 b. +/- 44.90 % || Ela(th) ave= 2.408E+01 b. +/- 42.19 % || RIcap ave= 1.93E+01 b. +/- 41.42 % || Macs30 ave= 9.40E-03 b. +/- 2.86 % || Gn^0(l=0) ave= 2.131E+00 +/- 4.32 % Gn^0(l=1) ave= 4.117E+00 +/- 13.06 % Gn^0(l=2) ave= 0.000E+00 +/- 0.00 % Gn^0(l=3) ave= 0.000E+00 +/- 0.00 % || Gtotal(l=0) ave= 1.178E+03 +/- 3.40 % Gtotal(l=1) ave= 3.293E+02 +/- 0.73 % Gtotal(l=2) ave= 0.000E+00 +/- 0.00 % Gtotal(l=3) ave= 0.000E+00 +/- 0.00 %  % || Gg(l=0) ave= 5.884E-01 +/- 3.84 % Gg(l=1) ave= 6.403E-01 +/- 1.01 % Gg(l=2) ave= 0.000E+00 +/- 0.00 % Gg(l=3) ave= 0.000E+00 +/- 0.00 %  % || D(l=0) ave= 2.943E+04 +/- 0.66 % D(l=1) ave= 4.951E+03 +/- 0.00 % D(l=2) ave= 0.000E+00 +/- 0.00 % D(l=3) ave= 0.000E+00 +/- 0.00 %  % || S(l=0) ave= 3.472E-05 +/- 3.68 % S(l=1) ave= 1.732E-04 +/- 13.00 % S(l=2) ave= 0.000E+00 +/- 0.00 % S(l=3) ave= 0.000E+00 +/- 0.00 % 
 ... random file  269 Cap(th)  ave= 4.944E+01 b. +/- 44.81 % || Ela(th) ave= 2.410E+01 b. +/- 42.10 % || RIcap ave= 1.93E+01 b. +/- 41.34 % || Macs30 ave= 9.40E-03 b. +/- 2.86 % || Gn^0(l=0) ave= 2.131E+00 +/- 4.32 % Gn^0(l=1) ave= 4.116E+00 +/- 13.05 % Gn^0(l=2) ave= 0.000E+00 +/- 0.00 % Gn^0(l=3) ave= 0.000E+00 +/- 0.00 % || Gtotal(l=0) ave= 1.178E+03 +/- 3.40 % Gtotal(l=1) ave= 3.293E+02 +/- 0.73 % Gtotal(l=2) ave= 0.000E+00 +/- 0.00 % Gtotal(l=3) ave= 0.000E+00 +/- 0.00 %  % || Gg(l=0) ave= 5.883E-01 +/- 3.84 % Gg(l=1) ave= 6.402E-01 +/- 1.02 % Gg(l=2) ave= 0.000E+00 +/- 0.00 % Gg(l=3) ave= 0.000E+00 +/- 0.00 %  % || D(l=0) ave= 2.943E+04 +/- 0.65 % D(l=1) ave= 4.951E+03 +/- 0.00 % D(l=2) ave= 0.000E+00 +/- 0.00 % D(l=3) ave= 0.000E+00 +/- 0.00 %  % || S(l=0) ave= 3.473E-05 +/- 3.68 % S(l=1) ave= 1.732E-04 +/- 12.99 % S(l=2) ave= 0.000E+00 +/- 0.00 % S(l=3) ave= 0.000E+00 +/- 0.00 % 
 ... random file  270 Cap(th)  ave= 4.951E+01 b. +/- 44.72 % || Ela(th) ave= 2.414E+01 b. +/- 42.02 % || RIcap ave= 1.94E+01 b. +/- 41.27 % || Macs30 ave= 9.40E-03 b. +/- 2.85 % || Gn^0(l=0) ave= 2.131E+00 +/- 4.31 % Gn^0(l=1) ave= 4.115E+00 +/- 13.03 % Gn^0(l=2) ave= 0.000E+00 +/- 0.00 % Gn^0(l=3) ave= 0.000E+00 +/- 0.00 % || Gtotal(l=0) ave= 1.178E+03 +/- 3.40 % Gtotal(l=1) ave= 3.293E+02 +/- 0.73 % Gtotal(l=2) ave= 0.000E+00 +/- 0.00 % Gtotal(l=3) ave= 0.000E+00 +/- 0.00 %  % || Gg(l=0) ave= 5.882E-01 +/- 3.83 % Gg(l=1) ave= 6.402E-01 +/- 1.02 % Gg(l=2) ave= 0.000E+00 +/- 0.00 % Gg(l=3) ave= 0.000E+00 +/- 0.00 %  % || D(l=0) ave= 2.943E+04 +/- 0.65 % D(l=1) ave= 4.951E+03 +/- 0.00 % D(l=2) ave= 0.000E+00 +/- 0.00 % D(l=3) ave= 0.000E+00 +/- 0.00 %  % || S(l=0) ave= 3.473E-05 +/- 3.67 % S(l=1) ave= 1.731E-04 +/- 12.97 % S(l=2) ave= 0.000E+00 +/- 0.00 % S(l=3) ave= 0.000E+00 +/- 0.00 % 
 ... random file  271 Cap(th)  ave= 4.940E+01 b. +/- 44.91 % || Ela(th) ave= 2.409E+01 b. +/- 42.17 % || RIcap ave= 1.93E+01 b. +/- 41.43 % || Macs30 ave= 9.40E-03 b. +/- 2.85 % || Gn^0(l=0) ave= 2.132E+00 +/- 4.31 % Gn^0(l=1) ave= 4.115E+00 +/- 13.01 % Gn^0(l=2) ave= 0.000E+00 +/- 0.00 % Gn^0(l=3) ave= 0.000E+00 +/- 0.00 % || Gtotal(l=0) ave= 1.178E+03 +/- 3.39 % Gtotal(l=1) ave= 3.293E+02 +/- 0.73 % Gtotal(l=2) ave= 0.000E+00 +/- 0.00 % Gtotal(l=3) ave= 0.000E+00 +/- 0.00 %  % || Gg(l=0) ave= 5.880E-01 +/- 3.86 % Gg(l=1) ave= 6.402E-01 +/- 1.02 % Gg(l=2) ave= 0.000E+00 +/- 0.00 % Gg(l=3) ave= 0.000E+00 +/- 0.00 %  % || D(l=0) ave= 2.943E+04 +/- 0.65 % D(l=1) ave= 4.951E+03 +/- 0.00 % D(l=2) ave= 0.000E+00 +/- 0.00 % D(l=3) ave= 0.000E+00 +/- 0.00 %  % || S(l=0) ave= 3.473E-05 +/- 3.67 % S(l=1) ave= 1.731E-04 +/- 12.94 % S(l=2) ave= 0.000E+00 +/- 0.00 % S(l=3) ave= 0.000E+00 +/- 0.00 % 
 ... random file  272 Cap(th)  ave= 4.934E+01 b. +/- 44.91 % || Ela(th) ave= 2.406E+01 b. +/- 42.16 % || RIcap ave= 1.93E+01 b. +/- 41.43 % || Macs30 ave= 9.40E-03 b. +/- 2.85 % || Gn^0(l=0) ave= 2.132E+00 +/- 4.36 % Gn^0(l=1) ave= 4.114E+00 +/- 12.99 % Gn^0(l=2) ave= 0.000E+00 +/- 0.00 % Gn^0(l=3) ave= 0.000E+00 +/- 0.00 % || Gtotal(l=0) ave= 1.179E+03 +/- 3.43 % Gtotal(l=1) ave= 3.293E+02 +/- 0.73 % Gtotal(l=2) ave= 0.000E+00 +/- 0.00 % Gtotal(l=3) ave= 0.000E+00 +/- 0.00 %  % || Gg(l=0) ave= 5.881E-01 +/- 3.85 % Gg(l=1) ave= 6.401E-01 +/- 1.03 % Gg(l=2) ave= 0.000E+00 +/- 0.00 % Gg(l=3) ave= 0.000E+00 +/- 0.00 %  % || D(l=0) ave= 2.943E+04 +/- 0.65 % D(l=1) ave= 4.951E+03 +/- 0.00 % D(l=2) ave= 0.000E+00 +/- 0.00 % D(l=3) ave= 0.000E+00 +/- 0.00 %  % || S(l=0) ave= 3.474E-05 +/- 3.71 % S(l=1) ave= 1.731E-04 +/- 12.93 % S(l=2) ave= 0.000E+00 +/- 0.00 % S(l=3) ave= 0.000E+00 +/- 0.00 % 
 ... random file  273 Cap(th)  ave= 4.930E+01 b. +/- 44.88 % || Ela(th) ave= 2.405E+01 b. +/- 42.12 % || RIcap ave= 1.93E+01 b. +/- 41.40 % || Macs30 ave= 9.40E-03 b. +/- 2.85 % || Gn^0(l=0) ave= 2.133E+00 +/- 4.35 % Gn^0(l=1) ave= 4.112E+00 +/- 12.99 % Gn^0(l=2) ave= 0.000E+00 +/- 0.00 % Gn^0(l=3) ave= 0.000E+00 +/- 0.00 % || Gtotal(l=0) ave= 1.179E+03 +/- 3.42 % Gtotal(l=1) ave= 3.293E+02 +/- 0.73 % Gtotal(l=2) ave= 0.000E+00 +/- 0.00 % Gtotal(l=3) ave= 0.000E+00 +/- 0.00 %  % || Gg(l=0) ave= 5.881E-01 +/- 3.85 % Gg(l=1) ave= 6.401E-01 +/- 1.03 % Gg(l=2) ave= 0.000E+00 +/- 0.00 % Gg(l=3) ave= 0.000E+00 +/- 0.00 %  % || D(l=0) ave= 2.943E+04 +/- 0.65 % D(l=1) ave= 4.951E+03 +/- 0.00 % D(l=2) ave= 0.000E+00 +/- 0.00 % D(l=3) ave= 0.000E+00 +/- 0.00 %  % || S(l=0) ave= 3.474E-05 +/- 3.70 % S(l=1) ave= 1.730E-04 +/- 12.93 % S(l=2) ave= 0.000E+00 +/- 0.00 % S(l=3) ave= 0.000E+00 +/- 0.00 % 
 ... random file  274 Cap(th)  ave= 4.945E+01 b. +/- 44.92 % || Ela(th) ave= 2.411E+01 b. +/- 42.14 % || RIcap ave= 1.93E+01 b. +/- 41.45 % || Macs30 ave= 9.40E-03 b. +/- 2.84 % || Gn^0(l=0) ave= 2.133E+00 +/- 4.34 % Gn^0(l=1) ave= 4.114E+00 +/- 12.98 % Gn^0(l=2) ave= 0.000E+00 +/- 0.00 % Gn^0(l=3) ave= 0.000E+00 +/- 0.00 % || Gtotal(l=0) ave= 1.179E+03 +/- 3.42 % Gtotal(l=1) ave= 3.293E+02 +/- 0.73 % Gtotal(l=2) ave= 0.000E+00 +/- 0.00 % Gtotal(l=3) ave= 0.000E+00 +/- 0.00 %  % || Gg(l=0) ave= 5.880E-01 +/- 3.86 % Gg(l=1) ave= 6.402E-01 +/- 1.03 % Gg(l=2) ave= 0.000E+00 +/- 0.00 % Gg(l=3) ave= 0.000E+00 +/- 0.00 %  % || D(l=0) ave= 2.943E+04 +/- 0.65 % D(l=1) ave= 4.951E+03 +/- 0.00 % D(l=2) ave= 0.000E+00 +/- 0.00 % D(l=3) ave= 0.000E+00 +/- 0.00 %  % || S(l=0) ave= 3.475E-05 +/- 3.70 % S(l=1) ave= 1.731E-04 +/- 12.91 % S(l=2) ave= 0.000E+00 +/- 0.00 % S(l=3) ave= 0.000E+00 +/- 0.00 % 
 ... random file  275 Cap(th)  ave= 4.945E+01 b. +/- 44.84 % || Ela(th) ave= 2.412E+01 b. +/- 42.06 % || RIcap ave= 1.93E+01 b. +/- 41.37 % || Macs30 ave= 9.40E-03 b. +/- 2.86 % || Gn^0(l=0) ave= 2.133E+00 +/- 4.34 % Gn^0(l=1) ave= 4.111E+00 +/- 13.02 % Gn^0(l=2) ave= 0.000E+00 +/- 0.00 % Gn^0(l=3) ave= 0.000E+00 +/- 0.00 % || Gtotal(l=0) ave= 1.179E+03 +/- 3.41 % Gtotal(l=1) ave= 3.293E+02 +/- 0.74 % Gtotal(l=2) ave= 0.000E+00 +/- 0.00 % Gtotal(l=3) ave= 0.000E+00 +/- 0.00 %  % || Gg(l=0) ave= 5.880E-01 +/- 3.86 % Gg(l=1) ave= 6.401E-01 +/- 1.03 % Gg(l=2) ave= 0.000E+00 +/- 0.00 % Gg(l=3) ave= 0.000E+00 +/- 0.00 %  % || D(l=0) ave= 2.943E+04 +/- 0.65 % D(l=1) ave= 4.951E+03 +/- 0.00 % D(l=2) ave= 0.000E+00 +/- 0.00 % D(l=3) ave= 0.000E+00 +/- 0.00 %  % || S(l=0) ave= 3.474E-05 +/- 3.69 % S(l=1) ave= 1.729E-04 +/- 12.96 % S(l=2) ave= 0.000E+00 +/- 0.00 % S(l=3) ave= 0.000E+00 +/- 0.00 % 
 ... random file  276 Cap(th)  ave= 4.975E+01 b. +/- 45.57 % || Ela(th) ave= 2.426E+01 b. +/- 42.78 % || RIcap ave= 1.95E+01 b. +/- 42.06 % || Macs30 ave= 9.40E-03 b. +/- 2.85 % || Gn^0(l=0) ave= 2.133E+00 +/- 4.34 % Gn^0(l=1) ave= 4.112E+00 +/- 13.01 % Gn^0(l=2) ave= 0.000E+00 +/- 0.00 % Gn^0(l=3) ave= 0.000E+00 +/- 0.00 % || Gtotal(l=0) ave= 1.179E+03 +/- 3.41 % Gtotal(l=1) ave= 3.294E+02 +/- 0.74 % Gtotal(l=2) ave= 0.000E+00 +/- 0.00 % Gtotal(l=3) ave= 0.000E+00 +/- 0.00 %  % || Gg(l=0) ave= 5.879E-01 +/- 3.86 % Gg(l=1) ave= 6.402E-01 +/- 1.03 % Gg(l=2) ave= 0.000E+00 +/- 0.00 % Gg(l=3) ave= 0.000E+00 +/- 0.00 %  % || D(l=0) ave= 2.943E+04 +/- 0.65 % D(l=1) ave= 4.951E+03 +/- 0.00 % D(l=2) ave= 0.000E+00 +/- 0.00 % D(l=3) ave= 0.000E+00 +/- 0.00 %  % || S(l=0) ave= 3.475E-05 +/- 3.69 % S(l=1) ave= 1.730E-04 +/- 12.95 % S(l=2) ave= 0.000E+00 +/- 0.00 % S(l=3) ave= 0.000E+00 +/- 0.00 % 
 ... random file  277 Cap(th)  ave= 4.973E+01 b. +/- 45.52 % || Ela(th) ave= 2.424E+01 b. +/- 42.75 % || RIcap ave= 1.94E+01 b. +/- 42.01 % || Macs30 ave= 9.40E-03 b. +/- 2.85 % || Gn^0(l=0) ave= 2.133E+00 +/- 4.33 % Gn^0(l=1) ave= 4.115E+00 +/- 13.03 % Gn^0(l=2) ave= 0.000E+00 +/- 0.00 % Gn^0(l=3) ave= 0.000E+00 +/- 0.00 % || Gtotal(l=0) ave= 1.179E+03 +/- 3.41 % Gtotal(l=1) ave= 3.294E+02 +/- 0.74 % Gtotal(l=2) ave= 0.000E+00 +/- 0.00 % Gtotal(l=3) ave= 0.000E+00 +/- 0.00 %  % || Gg(l=0) ave= 5.880E-01 +/- 3.86 % Gg(l=1) ave= 6.402E-01 +/- 1.03 % Gg(l=2) ave= 0.000E+00 +/- 0.00 % Gg(l=3) ave= 0.000E+00 +/- 0.00 %  % || D(l=0) ave= 2.943E+04 +/- 0.65 % D(l=1) ave= 4.951E+03 +/- 0.00 % D(l=2) ave= 0.000E+00 +/- 0.00 % D(l=3) ave= 0.000E+00 +/- 0.00 %  % || S(l=0) ave= 3.475E-05 +/- 3.69 % S(l=1) ave= 1.731E-04 +/- 12.96 % S(l=2) ave= 0.000E+00 +/- 0.00 % S(l=3) ave= 0.000E+00 +/- 0.00 % 
 ... random file  278 Cap(th)  ave= 4.968E+01 b. +/- 45.50 % || Ela(th) ave= 2.422E+01 b. +/- 42.74 % || RIcap ave= 1.94E+01 b. +/- 41.98 % || Macs30 ave= 9.40E-03 b. +/- 2.85 % || Gn^0(l=0) ave= 2.133E+00 +/- 4.33 % Gn^0(l=1) ave= 4.116E+00 +/- 13.00 % Gn^0(l=2) ave= 0.000E+00 +/- 0.00 % Gn^0(l=3) ave= 0.000E+00 +/- 0.00 % || Gtotal(l=0) ave= 1.179E+03 +/- 3.41 % Gtotal(l=1) ave= 3.294E+02 +/- 0.73 % Gtotal(l=2) ave= 0.000E+00 +/- 0.00 % Gtotal(l=3) ave= 0.000E+00 +/- 0.00 %  % || Gg(l=0) ave= 5.879E-01 +/- 3.85 % Gg(l=1) ave= 6.402E-01 +/- 1.03 % Gg(l=2) ave= 0.000E+00 +/- 0.00 % Gg(l=3) ave= 0.000E+00 +/- 0.00 %  % || D(l=0) ave= 2.943E+04 +/- 0.64 % D(l=1) ave= 4.951E+03 +/- 0.00 % D(l=2) ave= 0.000E+00 +/- 0.00 % D(l=3) ave= 0.000E+00 +/- 0.00 %  % || S(l=0) ave= 3.475E-05 +/- 3.69 % S(l=1) ave= 1.732E-04 +/- 12.94 % S(l=2) ave= 0.000E+00 +/- 0.00 % S(l=3) ave= 0.000E+00 +/- 0.00 % 
 ... random file  279 Cap(th)  ave= 4.961E+01 b. +/- 45.55 % || Ela(th) ave= 2.418E+01 b. +/- 42.78 % || RIcap ave= 1.94E+01 b. +/- 42.03 % || Macs30 ave= 9.40E-03 b. +/- 2.85 % || Gn^0(l=0) ave= 2.133E+00 +/- 4.34 % Gn^0(l=1) ave= 4.116E+00 +/- 12.98 % Gn^0(l=2) ave= 0.000E+00 +/- 0.00 % Gn^0(l=3) ave= 0.000E+00 +/- 0.00 % || Gtotal(l=0) ave= 1.179E+03 +/- 3.42 % Gtotal(l=1) ave= 3.294E+02 +/- 0.73 % Gtotal(l=2) ave= 0.000E+00 +/- 0.00 % Gtotal(l=3) ave= 0.000E+00 +/- 0.00 %  % || Gg(l=0) ave= 5.880E-01 +/- 3.85 % Gg(l=1) ave= 6.402E-01 +/- 1.03 % Gg(l=2) ave= 0.000E+00 +/- 0.00 % Gg(l=3) ave= 0.000E+00 +/- 0.00 %  % || D(l=0) ave= 2.943E+04 +/- 0.64 % D(l=1) ave= 4.951E+03 +/- 0.00 % D(l=2) ave= 0.000E+00 +/- 0.00 % D(l=3) ave= 0.000E+00 +/- 0.00 %  % || S(l=0) ave= 3.475E-05 +/- 3.70 % S(l=1) ave= 1.732E-04 +/- 12.92 % S(l=2) ave= 0.000E+00 +/- 0.00 % S(l=3) ave= 0.000E+00 +/- 0.00 % 
 ... random file  280 Cap(th)  ave= 4.959E+01 b. +/- 45.49 % || Ela(th) ave= 2.417E+01 b. +/- 42.73 % || RIcap ave= 1.94E+01 b. +/- 41.97 % || Macs30 ave= 9.40E-03 b. +/- 2.85 % || Gn^0(l=0) ave= 2.134E+00 +/- 4.33 % Gn^0(l=1) ave= 4.119E+00 +/- 12.98 % Gn^0(l=2) ave= 0.000E+00 +/- 0.00 % Gn^0(l=3) ave= 0.000E+00 +/- 0.00 % || Gtotal(l=0) ave= 1.179E+03 +/- 3.41 % Gtotal(l=1) ave= 3.294E+02 +/- 0.73 % Gtotal(l=2) ave= 0.000E+00 +/- 0.00 % Gtotal(l=3) ave= 0.000E+00 +/- 0.00 %  % || Gg(l=0) ave= 5.880E-01 +/- 3.84 % Gg(l=1) ave= 6.402E-01 +/- 1.03 % Gg(l=2) ave= 0.000E+00 +/- 0.00 % Gg(l=3) ave= 0.000E+00 +/- 0.00 %  % || D(l=0) ave= 2.943E+04 +/- 0.64 % D(l=1) ave= 4.951E+03 +/- 0.00 % D(l=2) ave= 0.000E+00 +/- 0.00 % D(l=3) ave= 0.000E+00 +/- 0.00 %  % || S(l=0) ave= 3.476E-05 +/- 3.69 % S(l=1) ave= 1.733E-04 +/- 12.92 % S(l=2) ave= 0.000E+00 +/- 0.00 % S(l=3) ave= 0.000E+00 +/- 0.00 % 
 ... random file  281 Cap(th)  ave= 4.954E+01 b. +/- 45.50 % || Ela(th) ave= 2.414E+01 b. +/- 42.75 % || RIcap ave= 1.94E+01 b. +/- 41.98 % || Macs30 ave= 9.40E-03 b. +/- 2.84 % || Gn^0(l=0) ave= 2.133E+00 +/- 4.34 % Gn^0(l=1) ave= 4.121E+00 +/- 12.99 % Gn^0(l=2) ave= 0.000E+00 +/- 0.00 % Gn^0(l=3) ave= 0.000E+00 +/- 0.00 % || Gtotal(l=0) ave= 1.179E+03 +/- 3.41 % Gtotal(l=1) ave= 3.293E+02 +/- 0.73 % Gtotal(l=2) ave= 0.000E+00 +/- 0.00 % Gtotal(l=3) ave= 0.000E+00 +/- 0.00 %  % || Gg(l=0) ave= 5.879E-01 +/- 3.85 % Gg(l=1) ave= 6.402E-01 +/- 1.03 % Gg(l=2) ave= 0.000E+00 +/- 0.00 % Gg(l=3) ave= 0.000E+00 +/- 0.00 %  % || D(l=0) ave= 2.943E+04 +/- 0.64 % D(l=1) ave= 4.951E+03 +/- 0.00 % D(l=2) ave= 0.000E+00 +/- 0.00 % D(l=3) ave= 0.000E+00 +/- 0.00 %  % || S(l=0) ave= 3.475E-05 +/- 3.69 % S(l=1) ave= 1.734E-04 +/- 12.92 % S(l=2) ave= 0.000E+00 +/- 0.00 % S(l=3) ave= 0.000E+00 +/- 0.00 % 
 ... random file  282 Cap(th)  ave= 4.980E+01 b. +/- 46.03 % || Ela(th) ave= 2.427E+01 b. +/- 43.31 % || RIcap ave= 1.95E+01 b. +/- 42.48 % || Macs30 ave= 9.40E-03 b. +/- 2.84 % || Gn^0(l=0) ave= 2.132E+00 +/- 4.37 % Gn^0(l=1) ave= 4.121E+00 +/- 12.97 % Gn^0(l=2) ave= 0.000E+00 +/- 0.00 % Gn^0(l=3) ave= 0.000E+00 +/- 0.00 % || Gtotal(l=0) ave= 1.179E+03 +/- 3.46 % Gtotal(l=1) ave= 3.293E+02 +/- 0.73 % Gtotal(l=2) ave= 0.000E+00 +/- 0.00 % Gtotal(l=3) ave= 0.000E+00 +/- 0.00 %  % || Gg(l=0) ave= 5.880E-01 +/- 3.85 % Gg(l=1) ave= 6.402E-01 +/- 1.03 % Gg(l=2) ave= 0.000E+00 +/- 0.00 % Gg(l=3) ave= 0.000E+00 +/- 0.00 %  % || D(l=0) ave= 2.944E+04 +/- 0.74 % D(l=1) ave= 4.951E+03 +/- 0.00 % D(l=2) ave= 0.000E+00 +/- 0.00 % D(l=3) ave= 0.000E+00 +/- 0.00 %  % || S(l=0) ave= 3.474E-05 +/- 3.75 % S(l=1) ave= 1.734E-04 +/- 12.90 % S(l=2) ave= 0.000E+00 +/- 0.00 % S(l=3) ave= 0.000E+00 +/- 0.00 % 
 ... random file  283 Cap(th)  ave= 4.973E+01 b. +/- 46.07 % || Ela(th) ave= 2.424E+01 b. +/- 43.32 % || RIcap ave= 1.94E+01 b. +/- 42.51 % || Macs30 ave= 9.40E-03 b. +/- 2.88 % || Gn^0(l=0) ave= 2.133E+00 +/- 4.36 % Gn^0(l=1) ave= 4.119E+00 +/- 12.97 % Gn^0(l=2) ave= 0.000E+00 +/- 0.00 % Gn^0(l=3) ave= 0.000E+00 +/- 0.00 % || Gtotal(l=0) ave= 1.179E+03 +/- 3.46 % Gtotal(l=1) ave= 3.293E+02 +/- 0.73 % Gtotal(l=2) ave= 0.000E+00 +/- 0.00 % Gtotal(l=3) ave= 0.000E+00 +/- 0.00 %  % || Gg(l=0) ave= 5.880E-01 +/- 3.85 % Gg(l=1) ave= 6.402E-01 +/- 1.03 % Gg(l=2) ave= 0.000E+00 +/- 0.00 % Gg(l=3) ave= 0.000E+00 +/- 0.00 %  % || D(l=0) ave= 2.944E+04 +/- 0.74 % D(l=1) ave= 4.951E+03 +/- 0.00 % D(l=2) ave= 0.000E+00 +/- 0.00 % D(l=3) ave= 0.000E+00 +/- 0.00 %  % || S(l=0) ave= 3.474E-05 +/- 3.75 % S(l=1) ave= 1.733E-04 +/- 12.90 % S(l=2) ave= 0.000E+00 +/- 0.00 % S(l=3) ave= 0.000E+00 +/- 0.00 % 
 ... random file  284 Cap(th)  ave= 4.971E+01 b. +/- 46.01 % || Ela(th) ave= 2.423E+01 b. +/- 43.28 % || RIcap ave= 1.94E+01 b. +/- 42.46 % || Macs30 ave= 9.40E-03 b. +/- 2.88 % || Gn^0(l=0) ave= 2.132E+00 +/- 4.36 % Gn^0(l=1) ave= 4.122E+00 +/- 12.98 % Gn^0(l=2) ave= 0.000E+00 +/- 0.00 % Gn^0(l=3) ave= 0.000E+00 +/- 0.00 % || Gtotal(l=0) ave= 1.178E+03 +/- 3.46 % Gtotal(l=1) ave= 3.293E+02 +/- 0.73 % Gtotal(l=2) ave= 0.000E+00 +/- 0.00 % Gtotal(l=3) ave= 0.000E+00 +/- 0.00 %  % || Gg(l=0) ave= 5.880E-01 +/- 3.84 % Gg(l=1) ave= 6.402E-01 +/- 1.03 % Gg(l=2) ave= 0.000E+00 +/- 0.00 % Gg(l=3) ave= 0.000E+00 +/- 0.00 %  % || D(l=0) ave= 2.944E+04 +/- 0.73 % D(l=1) ave= 4.951E+03 +/- 0.00 % D(l=2) ave= 0.000E+00 +/- 0.00 % D(l=3) ave= 0.000E+00 +/- 0.00 %  % || S(l=0) ave= 3.473E-05 +/- 3.75 % S(l=1) ave= 1.734E-04 +/- 12.92 % S(l=2) ave= 0.000E+00 +/- 0.00 % S(l=3) ave= 0.000E+00 +/- 0.00 % 
 ... random file  285 Cap(th)  ave= 4.968E+01 b. +/- 45.98 % || Ela(th) ave= 2.421E+01 b. +/- 43.24 % || RIcap ave= 1.94E+01 b. +/- 42.42 % || Macs30 ave= 9.40E-03 b. +/- 2.88 % || Gn^0(l=0) ave= 2.132E+00 +/- 4.36 % Gn^0(l=1) ave= 4.122E+00 +/- 12.96 % Gn^0(l=2) ave= 0.000E+00 +/- 0.00 % Gn^0(l=3) ave= 0.000E+00 +/- 0.00 % || Gtotal(l=0) ave= 1.178E+03 +/- 3.46 % Gtotal(l=1) ave= 3.293E+02 +/- 0.73 % Gtotal(l=2) ave= 0.000E+00 +/- 0.00 % Gtotal(l=3) ave= 0.000E+00 +/- 0.00 %  % || Gg(l=0) ave= 5.882E-01 +/- 3.88 % Gg(l=1) ave= 6.402E-01 +/- 1.03 % Gg(l=2) ave= 0.000E+00 +/- 0.00 % Gg(l=3) ave= 0.000E+00 +/- 0.00 %  % || D(l=0) ave= 2.944E+04 +/- 0.73 % D(l=1) ave= 4.951E+03 +/- 0.00 % D(l=2) ave= 0.000E+00 +/- 0.00 % D(l=3) ave= 0.000E+00 +/- 0.00 %  % || S(l=0) ave= 3.473E-05 +/- 3.75 % S(l=1) ave= 1.734E-04 +/- 12.90 % S(l=2) ave= 0.000E+00 +/- 0.00 % S(l=3) ave= 0.000E+00 +/- 0.00 % 
 ... random file  286 Cap(th)  ave= 4.964E+01 b. +/- 45.95 % || Ela(th) ave= 2.419E+01 b. +/- 43.23 % || RIcap ave= 1.94E+01 b. +/- 42.39 % || Macs30 ave= 9.40E-03 b. +/- 2.87 % || Gn^0(l=0) ave= 2.132E+00 +/- 4.36 % Gn^0(l=1) ave= 4.122E+00 +/- 12.94 % Gn^0(l=2) ave= 0.000E+00 +/- 0.00 % Gn^0(l=3) ave= 0.000E+00 +/- 0.00 % || Gtotal(l=0) ave= 1.178E+03 +/- 3.45 % Gtotal(l=1) ave= 3.293E+02 +/- 0.73 % Gtotal(l=2) ave= 0.000E+00 +/- 0.00 % Gtotal(l=3) ave= 0.000E+00 +/- 0.00 %  % || Gg(l=0) ave= 5.882E-01 +/- 3.87 % Gg(l=1) ave= 6.402E-01 +/- 1.03 % Gg(l=2) ave= 0.000E+00 +/- 0.00 % Gg(l=3) ave= 0.000E+00 +/- 0.00 %  % || D(l=0) ave= 2.944E+04 +/- 0.73 % D(l=1) ave= 4.951E+03 +/- 0.00 % D(l=2) ave= 0.000E+00 +/- 0.00 % D(l=3) ave= 0.000E+00 +/- 0.00 %  % || S(l=0) ave= 3.473E-05 +/- 3.75 % S(l=1) ave= 1.734E-04 +/- 12.88 % S(l=2) ave= 0.000E+00 +/- 0.00 % S(l=3) ave= 0.000E+00 +/- 0.00 % 
 ... random file  287 Cap(th)  ave= 4.959E+01 b. +/- 45.93 % || Ela(th) ave= 2.417E+01 b. +/- 43.22 % || RIcap ave= 1.94E+01 b. +/- 42.37 % || Macs30 ave= 9.40E-03 b. +/- 2.88 % || Gn^0(l=0) ave= 2.131E+00 +/- 4.36 % Gn^0(l=1) ave= 4.123E+00 +/- 12.92 % Gn^0(l=2) ave= 0.000E+00 +/- 0.00 % Gn^0(l=3) ave= 0.000E+00 +/- 0.00 % || Gtotal(l=0) ave= 1.178E+03 +/- 3.45 % Gtotal(l=1) ave= 3.293E+02 +/- 0.73 % Gtotal(l=2) ave= 0.000E+00 +/- 0.00 % Gtotal(l=3) ave= 0.000E+00 +/- 0.00 %  % || Gg(l=0) ave= 5.881E-01 +/- 3.87 % Gg(l=1) ave= 6.402E-01 +/- 1.03 % Gg(l=2) ave= 0.000E+00 +/- 0.00 % Gg(l=3) ave= 0.000E+00 +/- 0.00 %  % || D(l=0) ave= 2.944E+04 +/- 0.73 % D(l=1) ave= 4.951E+03 +/- 0.00 % D(l=2) ave= 0.000E+00 +/- 0.00 % D(l=3) ave= 0.000E+00 +/- 0.00 %  % || S(l=0) ave= 3.472E-05 +/- 3.74 % S(l=1) ave= 1.734E-04 +/- 12.85 % S(l=2) ave= 0.000E+00 +/- 0.00 % S(l=3) ave= 0.000E+00 +/- 0.00 % 
 ... random file  288 Cap(th)  ave= 4.959E+01 b. +/- 45.86 % || Ela(th) ave= 2.417E+01 b. +/- 43.15 % || RIcap ave= 1.94E+01 b. +/- 42.31 % || Macs30 ave= 9.40E-03 b. +/- 2.87 % || Gn^0(l=0) ave= 2.132E+00 +/- 4.36 % Gn^0(l=1) ave= 4.122E+00 +/- 12.90 % Gn^0(l=2) ave= 0.000E+00 +/- 0.00 % Gn^0(l=3) ave= 0.000E+00 +/- 0.00 % || Gtotal(l=0) ave= 1.178E+03 +/- 3.45 % Gtotal(l=1) ave= 3.293E+02 +/- 0.73 % Gtotal(l=2) ave= 0.000E+00 +/- 0.00 % Gtotal(l=3) ave= 0.000E+00 +/- 0.00 %  % || Gg(l=0) ave= 5.883E-01 +/- 3.89 % Gg(l=1) ave= 6.402E-01 +/- 1.04 % Gg(l=2) ave= 0.000E+00 +/- 0.00 % Gg(l=3) ave= 0.000E+00 +/- 0.00 %  % || D(l=0) ave= 2.944E+04 +/- 0.73 % D(l=1) ave= 4.951E+03 +/- 0.00 % D(l=2) ave= 0.000E+00 +/- 0.00 % D(l=3) ave= 0.000E+00 +/- 0.00 %  % || S(l=0) ave= 3.473E-05 +/- 3.74 % S(l=1) ave= 1.734E-04 +/- 12.84 % S(l=2) ave= 0.000E+00 +/- 0.00 % S(l=3) ave= 0.000E+00 +/- 0.00 % 
 ... random file  289 Cap(th)  ave= 4.965E+01 b. +/- 45.78 % || Ela(th) ave= 2.419E+01 b. +/- 43.07 % || RIcap ave= 1.94E+01 b. +/- 42.23 % || Macs30 ave= 9.40E-03 b. +/- 2.87 % || Gn^0(l=0) ave= 2.132E+00 +/- 4.35 % Gn^0(l=1) ave= 4.123E+00 +/- 12.88 % Gn^0(l=2) ave= 0.000E+00 +/- 0.00 % Gn^0(l=3) ave= 0.000E+00 +/- 0.00 % || Gtotal(l=0) ave= 1.178E+03 +/- 3.45 % Gtotal(l=1) ave= 3.293E+02 +/- 0.73 % Gtotal(l=2) ave= 0.000E+00 +/- 0.00 % Gtotal(l=3) ave= 0.000E+00 +/- 0.00 %  % || Gg(l=0) ave= 5.884E-01 +/- 3.89 % Gg(l=1) ave= 6.402E-01 +/- 1.04 % Gg(l=2) ave= 0.000E+00 +/- 0.00 % Gg(l=3) ave= 0.000E+00 +/- 0.00 %  % || D(l=0) ave= 2.944E+04 +/- 0.73 % D(l=1) ave= 4.951E+03 +/- 0.00 % D(l=2) ave= 0.000E+00 +/- 0.00 % D(l=3) ave= 0.000E+00 +/- 0.00 %  % || S(l=0) ave= 3.473E-05 +/- 3.74 % S(l=1) ave= 1.734E-04 +/- 12.82 % S(l=2) ave= 0.000E+00 +/- 0.00 % S(l=3) ave= 0.000E+00 +/- 0.00 % 
 ... random file  290 Cap(th)  ave= 4.958E+01 b. +/- 45.84 % || Ela(th) ave= 2.416E+01 b. +/- 43.12 % || RIcap ave= 1.94E+01 b. +/- 42.29 % || Macs30 ave= 9.40E-03 b. +/- 2.86 % || Gn^0(l=0) ave= 2.132E+00 +/- 4.34 % Gn^0(l=1) ave= 4.123E+00 +/- 12.86 % Gn^0(l=2) ave= 0.000E+00 +/- 0.00 % Gn^0(l=3) ave= 0.000E+00 +/- 0.00 % || Gtotal(l=0) ave= 1.178E+03 +/- 3.44 % Gtotal(l=1) ave= 3.293E+02 +/- 0.73 % Gtotal(l=2) ave= 0.000E+00 +/- 0.00 % Gtotal(l=3) ave= 0.000E+00 +/- 0.00 %  % || Gg(l=0) ave= 5.884E-01 +/- 3.89 % Gg(l=1) ave= 6.402E-01 +/- 1.03 % Gg(l=2) ave= 0.000E+00 +/- 0.00 % Gg(l=3) ave= 0.000E+00 +/- 0.00 %  % || D(l=0) ave= 2.944E+04 +/- 0.73 % D(l=1) ave= 4.951E+03 +/- 0.00 % D(l=2) ave= 0.000E+00 +/- 0.00 % D(l=3) ave= 0.000E+00 +/- 0.00 %  % || S(l=0) ave= 3.473E-05 +/- 3.73 % S(l=1) ave= 1.734E-04 +/- 12.80 % S(l=2) ave= 0.000E+00 +/- 0.00 % S(l=3) ave= 0.000E+00 +/- 0.00 % 
 ... random file  291 Cap(th)  ave= 4.951E+01 b. +/- 45.88 % || Ela(th) ave= 2.413E+01 b. +/- 43.15 % || RIcap ave= 1.94E+01 b. +/- 42.32 % || Macs30 ave= 9.40E-03 b. +/- 2.87 % || Gn^0(l=0) ave= 2.132E+00 +/- 4.34 % Gn^0(l=1) ave= 4.123E+00 +/- 12.84 % Gn^0(l=2) ave= 0.000E+00 +/- 0.00 % Gn^0(l=3) ave= 0.000E+00 +/- 0.00 % || Gtotal(l=0) ave= 1.178E+03 +/- 3.44 % Gtotal(l=1) ave= 3.293E+02 +/- 0.73 % Gtotal(l=2) ave= 0.000E+00 +/- 0.00 % Gtotal(l=3) ave= 0.000E+00 +/- 0.00 %  % || Gg(l=0) ave= 5.884E-01 +/- 3.88 % Gg(l=1) ave= 6.402E-01 +/- 1.03 % Gg(l=2) ave= 0.000E+00 +/- 0.00 % Gg(l=3) ave= 0.000E+00 +/- 0.00 %  % || D(l=0) ave= 2.944E+04 +/- 0.73 % D(l=1) ave= 4.951E+03 +/- 0.00 % D(l=2) ave= 0.000E+00 +/- 0.00 % D(l=3) ave= 0.000E+00 +/- 0.00 %  % || S(l=0) ave= 3.473E-05 +/- 3.73 % S(l=1) ave= 1.734E-04 +/- 12.77 % S(l=2) ave= 0.000E+00 +/- 0.00 % S(l=3) ave= 0.000E+00 +/- 0.00 % 
 ... random file  292 Cap(th)  ave= 4.948E+01 b. +/- 45.84 % || Ela(th) ave= 2.412E+01 b. +/- 43.10 % || RIcap ave= 1.94E+01 b. +/- 42.29 % || Macs30 ave= 9.41E-03 b. +/- 2.87 % || Gn^0(l=0) ave= 2.131E+00 +/- 4.33 % Gn^0(l=1) ave= 4.120E+00 +/- 12.88 % Gn^0(l=2) ave= 0.000E+00 +/- 0.00 % Gn^0(l=3) ave= 0.000E+00 +/- 0.00 % || Gtotal(l=0) ave= 1.178E+03 +/- 3.43 % Gtotal(l=1) ave= 3.293E+02 +/- 0.73 % Gtotal(l=2) ave= 0.000E+00 +/- 0.00 % Gtotal(l=3) ave= 0.000E+00 +/- 0.00 %  % || Gg(l=0) ave= 5.885E-01 +/- 3.89 % Gg(l=1) ave= 6.402E-01 +/- 1.03 % Gg(l=2) ave= 0.000E+00 +/- 0.00 % Gg(l=3) ave= 0.000E+00 +/- 0.00 %  % || D(l=0) ave= 2.944E+04 +/- 0.72 % D(l=1) ave= 4.951E+03 +/- 0.00 % D(l=2) ave= 0.000E+00 +/- 0.00 % D(l=3) ave= 0.000E+00 +/- 0.00 %  % || S(l=0) ave= 3.472E-05 +/- 3.72 % S(l=1) ave= 1.733E-04 +/- 12.81 % S(l=2) ave= 0.000E+00 +/- 0.00 % S(l=3) ave= 0.000E+00 +/- 0.00 % 
 ... random file  293 Cap(th)  ave= 4.967E+01 b. +/- 46.04 % || Ela(th) ave= 2.421E+01 b. +/- 43.32 % || RIcap ave= 1.94E+01 b. +/- 42.48 % || Macs30 ave= 9.40E-03 b. +/- 2.86 % || Gn^0(l=0) ave= 2.132E+00 +/- 4.33 % Gn^0(l=1) ave= 4.119E+00 +/- 12.87 % Gn^0(l=2) ave= 0.000E+00 +/- 0.00 % Gn^0(l=3) ave= 0.000E+00 +/- 0.00 % || Gtotal(l=0) ave= 1.178E+03 +/- 3.43 % Gtotal(l=1) ave= 3.293E+02 +/- 0.73 % Gtotal(l=2) ave= 0.000E+00 +/- 0.00 % Gtotal(l=3) ave= 0.000E+00 +/- 0.00 %  % || Gg(l=0) ave= 5.885E-01 +/- 3.88 % Gg(l=1) ave= 6.402E-01 +/- 1.03 % Gg(l=2) ave= 0.000E+00 +/- 0.00 % Gg(l=3) ave= 0.000E+00 +/- 0.00 %  % || D(l=0) ave= 2.944E+04 +/- 0.72 % D(l=1) ave= 4.951E+03 +/- 0.00 % D(l=2) ave= 0.000E+00 +/- 0.00 % D(l=3) ave= 0.000E+00 +/- 0.00 %  % || S(l=0) ave= 3.473E-05 +/- 3.72 % S(l=1) ave= 1.733E-04 +/- 12.80 % S(l=2) ave= 0.000E+00 +/- 0.00 % S(l=3) ave= 0.000E+00 +/- 0.00 % 
 ... random file  294 Cap(th)  ave= 4.963E+01 b. +/- 46.02 % || Ela(th) ave= 2.419E+01 b. +/- 43.28 % || RIcap ave= 1.94E+01 b. +/- 42.46 % || Macs30 ave= 9.41E-03 b. +/- 2.87 % || Gn^0(l=0) ave= 2.132E+00 +/- 4.33 % Gn^0(l=1) ave= 4.117E+00 +/- 12.87 % Gn^0(l=2) ave= 0.000E+00 +/- 0.00 % Gn^0(l=3) ave= 0.000E+00 +/- 0.00 % || Gtotal(l=0) ave= 1.178E+03 +/- 3.43 % Gtotal(l=1) ave= 3.294E+02 +/- 0.74 % Gtotal(l=2) ave= 0.000E+00 +/- 0.00 % Gtotal(l=3) ave= 0.000E+00 +/- 0.00 %  % || Gg(l=0) ave= 5.885E-01 +/- 3.88 % Gg(l=1) ave= 6.403E-01 +/- 1.03 % Gg(l=2) ave= 0.000E+00 +/- 0.00 % Gg(l=3) ave= 0.000E+00 +/- 0.00 %  % || D(l=0) ave= 2.944E+04 +/- 0.72 % D(l=1) ave= 4.951E+03 +/- 0.00 % D(l=2) ave= 0.000E+00 +/- 0.00 % D(l=3) ave= 0.000E+00 +/- 0.00 %  % || S(l=0) ave= 3.473E-05 +/- 3.72 % S(l=1) ave= 1.732E-04 +/- 12.80 % S(l=2) ave= 0.000E+00 +/- 0.00 % S(l=3) ave= 0.000E+00 +/- 0.00 % 
 ... random file  295 Cap(th)  ave= 4.961E+01 b. +/- 45.96 % || Ela(th) ave= 2.419E+01 b. +/- 43.23 % || RIcap ave= 1.94E+01 b. +/- 42.40 % || Macs30 ave= 9.41E-03 b. +/- 2.87 % || Gn^0(l=0) ave= 2.132E+00 +/- 4.32 % Gn^0(l=1) ave= 4.116E+00 +/- 12.86 % Gn^0(l=2) ave= 0.000E+00 +/- 0.00 % Gn^0(l=3) ave= 0.000E+00 +/- 0.00 % || Gtotal(l=0) ave= 1.178E+03 +/- 3.42 % Gtotal(l=1) ave= 3.293E+02 +/- 0.74 % Gtotal(l=2) ave= 0.000E+00 +/- 0.00 % Gtotal(l=3) ave= 0.000E+00 +/- 0.00 %  % || Gg(l=0) ave= 5.885E-01 +/- 3.87 % Gg(l=1) ave= 6.402E-01 +/- 1.03 % Gg(l=2) ave= 0.000E+00 +/- 0.00 % Gg(l=3) ave= 0.000E+00 +/- 0.00 %  % || D(l=0) ave= 2.944E+04 +/- 0.72 % D(l=1) ave= 4.951E+03 +/- 0.00 % D(l=2) ave= 0.000E+00 +/- 0.00 % D(l=3) ave= 0.000E+00 +/- 0.00 %  % || S(l=0) ave= 3.473E-05 +/- 3.71 % S(l=1) ave= 1.731E-04 +/- 12.80 % S(l=2) ave= 0.000E+00 +/- 0.00 % S(l=3) ave= 0.000E+00 +/- 0.00 % 
 ... random file  296 Cap(th)  ave= 4.963E+01 b. +/- 45.87 % || Ela(th) ave= 2.419E+01 b. +/- 43.15 % || RIcap ave= 1.94E+01 b. +/- 42.32 % || Macs30 ave= 9.41E-03 b. +/- 2.86 % || Gn^0(l=0) ave= 2.132E+00 +/- 4.31 % Gn^0(l=1) ave= 4.118E+00 +/- 12.85 % Gn^0(l=2) ave= 0.000E+00 +/- 0.00 % Gn^0(l=3) ave= 0.000E+00 +/- 0.00 % || Gtotal(l=0) ave= 1.178E+03 +/- 3.42 % Gtotal(l=1) ave= 3.293E+02 +/- 0.74 % Gtotal(l=2) ave= 0.000E+00 +/- 0.00 % Gtotal(l=3) ave= 0.000E+00 +/- 0.00 %  % || Gg(l=0) ave= 5.884E-01 +/- 3.87 % Gg(l=1) ave= 6.403E-01 +/- 1.03 % Gg(l=2) ave= 0.000E+00 +/- 0.00 % Gg(l=3) ave= 0.000E+00 +/- 0.00 %  % || D(l=0) ave= 2.944E+04 +/- 0.72 % D(l=1) ave= 4.951E+03 +/- 0.00 % D(l=2) ave= 0.000E+00 +/- 0.00 % D(l=3) ave= 0.000E+00 +/- 0.00 %  % || S(l=0) ave= 3.473E-05 +/- 3.71 % S(l=1) ave= 1.732E-04 +/- 12.79 % S(l=2) ave= 0.000E+00 +/- 0.00 % S(l=3) ave= 0.000E+00 +/- 0.00 % 
 ... random file  297 Cap(th)  ave= 4.957E+01 b. +/- 45.89 % || Ela(th) ave= 2.417E+01 b. +/- 43.15 % || RIcap ave= 1.94E+01 b. +/- 42.33 % || Macs30 ave= 9.41E-03 b. +/- 2.86 % || Gn^0(l=0) ave= 2.132E+00 +/- 4.31 % Gn^0(l=1) ave= 4.116E+00 +/- 12.84 % Gn^0(l=2) ave= 0.000E+00 +/- 0.00 % Gn^0(l=3) ave= 0.000E+00 +/- 0.00 % || Gtotal(l=0) ave= 1.179E+03 +/- 3.42 % Gtotal(l=1) ave= 3.293E+02 +/- 0.74 % Gtotal(l=2) ave= 0.000E+00 +/- 0.00 % Gtotal(l=3) ave= 0.000E+00 +/- 0.00 %  % || Gg(l=0) ave= 5.885E-01 +/- 3.86 % Gg(l=1) ave= 6.403E-01 +/- 1.03 % Gg(l=2) ave= 0.000E+00 +/- 0.00 % Gg(l=3) ave= 0.000E+00 +/- 0.00 %  % || D(l=0) ave= 2.944E+04 +/- 0.72 % D(l=1) ave= 4.951E+03 +/- 0.00 % D(l=2) ave= 0.000E+00 +/- 0.00 % D(l=3) ave= 0.000E+00 +/- 0.00 %  % || S(l=0) ave= 3.474E-05 +/- 3.71 % S(l=1) ave= 1.732E-04 +/- 12.78 % S(l=2) ave= 0.000E+00 +/- 0.00 % S(l=3) ave= 0.000E+00 +/- 0.00 % 
 ... random file  298 Cap(th)  ave= 4.958E+01 b. +/- 45.80 % || Ela(th) ave= 2.417E+01 b. +/- 43.08 % || RIcap ave= 1.94E+01 b. +/- 42.26 % || Macs30 ave= 9.41E-03 b. +/- 2.86 % || Gn^0(l=0) ave= 2.133E+00 +/- 4.31 % Gn^0(l=1) ave= 4.118E+00 +/- 12.84 % Gn^0(l=2) ave= 0.000E+00 +/- 0.00 % Gn^0(l=3) ave= 0.000E+00 +/- 0.00 % || Gtotal(l=0) ave= 1.179E+03 +/- 3.42 % Gtotal(l=1) ave= 3.293E+02 +/- 0.74 % Gtotal(l=2) ave= 0.000E+00 +/- 0.00 % Gtotal(l=3) ave= 0.000E+00 +/- 0.00 %  % || Gg(l=0) ave= 5.884E-01 +/- 3.86 % Gg(l=1) ave= 6.403E-01 +/- 1.02 % Gg(l=2) ave= 0.000E+00 +/- 0.00 % Gg(l=3) ave= 0.000E+00 +/- 0.00 %  % || D(l=0) ave= 2.944E+04 +/- 0.72 % D(l=1) ave= 4.951E+03 +/- 0.00 % D(l=2) ave= 0.000E+00 +/- 0.00 % D(l=3) ave= 0.000E+00 +/- 0.00 %  % || S(l=0) ave= 3.474E-05 +/- 3.71 % S(l=1) ave= 1.733E-04 +/- 12.78 % S(l=2) ave= 0.000E+00 +/- 0.00 % S(l=3) ave= 0.000E+00 +/- 0.00 % 
 ... random file  299 Cap(th)  ave= 4.956E+01 b. +/- 45.76 % || Ela(th) ave= 2.416E+01 b. +/- 43.03 % || RIcap ave= 1.94E+01 b. +/- 42.21 % || Macs30 ave= 9.41E-03 b. +/- 2.85 % || Gn^0(l=0) ave= 2.133E+00 +/- 4.32 % Gn^0(l=1) ave= 4.116E+00 +/- 12.89 % Gn^0(l=2) ave= 0.000E+00 +/- 0.00 % Gn^0(l=3) ave= 0.000E+00 +/- 0.00 % || Gtotal(l=0) ave= 1.179E+03 +/- 3.42 % Gtotal(l=1) ave= 3.293E+02 +/- 0.74 % Gtotal(l=2) ave= 0.000E+00 +/- 0.00 % Gtotal(l=3) ave= 0.000E+00 +/- 0.00 %  % || Gg(l=0) ave= 5.885E-01 +/- 3.85 % Gg(l=1) ave= 6.403E-01 +/- 1.02 % Gg(l=2) ave= 0.000E+00 +/- 0.00 % Gg(l=3) ave= 0.000E+00 +/- 0.00 %  % || D(l=0) ave= 2.944E+04 +/- 0.72 % D(l=1) ave= 4.951E+03 +/- 0.00 % D(l=2) ave= 0.000E+00 +/- 0.00 % D(l=3) ave= 0.000E+00 +/- 0.00 %  % || S(l=0) ave= 3.475E-05 +/- 3.71 % S(l=1) ave= 1.731E-04 +/- 12.83 % S(l=2) ave= 0.000E+00 +/- 0.00 % S(l=3) ave= 0.000E+00 +/- 0.00 % 
 ... random file  300 Cap(th)  ave= 4.951E+01 b. +/- 45.75 % || Ela(th) ave= 2.413E+01 b. +/- 43.03 % || RIcap ave= 1.94E+01 b. +/- 42.20 % || Macs30 ave= 9.41E-03 b. +/- 2.85 % || Gn^0(l=0) ave= 2.133E+00 +/- 4.31 % Gn^0(l=1) ave= 4.117E+00 +/- 12.89 % Gn^0(l=2) ave= 0.000E+00 +/- 0.00 % Gn^0(l=3) ave= 0.000E+00 +/- 0.00 % || Gtotal(l=0) ave= 1.179E+03 +/- 3.42 % Gtotal(l=1) ave= 3.293E+02 +/- 0.74 % Gtotal(l=2) ave= 0.000E+00 +/- 0.00 % Gtotal(l=3) ave= 0.000E+00 +/- 0.00 %  % || Gg(l=0) ave= 5.885E-01 +/- 3.85 % Gg(l=1) ave= 6.403E-01 +/- 1.02 % Gg(l=2) ave= 0.000E+00 +/- 0.00 % Gg(l=3) ave= 0.000E+00 +/- 0.00 %  % || D(l=0) ave= 2.944E+04 +/- 0.72 % D(l=1) ave= 4.951E+03 +/- 0.00 % D(l=2) ave= 0.000E+00 +/- 0.00 % D(l=3) ave= 0.000E+00 +/- 0.00 %  % || S(l=0) ave= 3.475E-05 +/- 3.71 % S(l=1) ave= 1.732E-04 +/- 12.83 % S(l=2) ave= 0.000E+00 +/- 0.00 % S(l=3) ave= 0.000E+00 +/- 0.00 % 
 ... Histogram plot for thermal (n,g)
 ... Write covariances  ... MT1  ... plot correlations
 ... MT2  ... MT102 


 ================================================
 ============== From 300 random values === start ======
 Thermal (n,tot) xs  0 K =  73.6456 b. +/- 33.0023 b. ( 44.8123 %) skew= +1.93 +/- 0.14
 Thermal (n,el) xs   0 K =  24.1345 b. +/- 10.3849 b. ( 43.0293 %) skew= +2.01 +/- 0.14
 Thermal (n,g) xs    0 K =  49.5111 b. +/- 22.6516 b. ( 45.7506 %) skew= +1.89 +/- 0.14
 RI      (n,g)       0 K =  19.3682 b. +/- 8.1738 b. ( 42.2022 %) 
 MACS    (n,g)       0 K (at Emacs= 30000 eV) =  0.00940765 b. +/- 0.000268143 b. ( 2.85026 %) 
 Ave. Gtotal  L=0        =  1.179E+03 +/- 3.42 %
 Ave. Gn^(0)  L=0        =  2.133E+00 +/- 4.31 %
 Ave. Gg      L=0        =  5.885E-01 +/- 3.85 %
 Ave. D       L=0        =  2.944E+04 +/- 0.72 %
 Ave. S       L=0        =  3.475E-05 +/- 3.71 %
 Ave. Gtotal  L=1        =  3.293E+02 +/- 0.74 %
 Ave. Gg      L=1        =  6.403E-01 +/- 1.02 %
 Ave. D       L=1        =  4.951E+03 +/- 0.00 %
 Ave. S       L=1        =  1.732E-04 +/- 12.83 %

 Expected Thermal (n,g) (syst or meas)= 43.6 b. +/- 0.4 b. nominal: 43.6157 b.
 ratio Calculated/expected thermal (n,g): 1.14 ratio DCalculated/Dexpected: 56.63 ratio Calculated/Nominal: 1.14
 ============== From 300 random values ===== stop ======
 ================================================
 ... Calculation of (n,a) and (n,p) cross sections at 300 K
 ... thermal (n,a) cross section is 8e-05 +/- 4e-05 b.
 ... thermal (n,a) cross section is 0.000141384 b. (random case 1)
 ... thermal (n,a) cross section is 8.3134e-05 b. (random case 2)
 ... thermal (n,a) cross section is 0.000112029 b. (random case 3)
 ... thermal (n,a) cross section is 0.000110831 b. (random case 4)
 ... thermal (n,a) cross section is 0.000136942 b. (random case 5)
 ... thermal (n,a) cross section is 8.54655e-05 b. (random case 6)
 ... thermal (n,a) cross section is 5.25306e-05 b. (random case 7)
 ... thermal (n,a) cross section is 9.72598e-05 b. (random case 8)
 ... thermal (n,a) cross section is 0.000134259 b. (random case 9)
 ... thermal (n,a) cross section is 7.74452e-05 b. (random case 10)
 ... thermal (n,a) cross section is 0.000113421 b. (random case 11)
 ... thermal (n,a) cross section is 8.47323e-05 b. (random case 12)
 ... thermal (n,a) cross section is 8.58756e-05 b. (random case 13)
 ... thermal (n,a) cross section is 9.40203e-05 b. (random case 14)
 ... thermal (n,a) cross section is 6.80134e-05 b. (random case 15)
 ... thermal (n,a) cross section is 0.000140603 b. (random case 16)
 ... thermal (n,a) cross section is 0.000104921 b. (random case 17)
 ... thermal (n,a) cross section is 6.17664e-05 b. (random case 18)
 ... thermal (n,a) cross section is 0.000116673 b. (random case 19)
 ... thermal (n,a) cross section is 5.24848e-05 b. (random case 20)
 ... thermal (n,a) cross section is 0.000119136 b. (random case 21)
 ... thermal (n,a) cross section is 8.37147e-05 b. (random case 22)
 ... thermal (n,a) cross section is 2.71319e-05 b. (random case 23)
 ... thermal (n,a) cross section is 6.94041e-05 b. (random case 24)
 ... thermal (n,a) cross section is 8.83313e-05 b. (random case 25)
 ... thermal (n,a) cross section is 2.86779e-05 b. (random case 26)
 ... thermal (n,a) cross section is 0.000167513 b. (random case 27)
 ... thermal (n,a) cross section is 3.67671e-05 b. (random case 28)
 ... thermal (n,a) cross section is 3.57276e-05 b. (random case 29)
 ... thermal (n,a) cross section is 6.38431e-05 b. (random case 30)
 ... thermal (n,a) cross section is 8.22577e-05 b. (random case 31)
 ... thermal (n,a) cross section is 9.39014e-05 b. (random case 32)
 ... thermal (n,a) cross section is 0.000119256 b. (random case 33)
 ... thermal (n,a) cross section is 2.78605e-05 b. (random case 34)
 ... thermal (n,a) cross section is 1.55835e-05 b. (random case 35)
 ... thermal (n,a) cross section is 7.12266e-05 b. (random case 36)
 ... thermal (n,a) cross section is 9.59453e-05 b. (random case 37)
 ... thermal (n,a) cross section is 9.88114e-05 b. (random case 38)
 ... thermal (n,a) cross section is 7.00358e-05 b. (random case 39)
 ... thermal (n,a) cross section is 8.84452e-05 b. (random case 40)
 ... thermal (n,a) cross section is 6.06878e-05 b. (random case 41)
 ... thermal (n,a) cross section is 7.20802e-05 b. (random case 42)
 ... thermal (n,a) cross section is 8.8669e-05 b. (random case 43)
 ... thermal (n,a) cross section is 8.63936e-05 b. (random case 44)
 ... thermal (n,a) cross section is 2.11974e-05 b. (random case 45)
 ... thermal (n,a) cross section is 9.80969e-05 b. (random case 46)
 ... thermal (n,a) cross section is 7.63397e-05 b. (random case 47)
 ... thermal (n,a) cross section is 8.58847e-05 b. (random case 48)
 ... thermal (n,a) cross section is 9.61563e-05 b. (random case 49)
 ... thermal (n,a) cross section is 9.33082e-05 b. (random case 50)
 ... thermal (n,a) cross section is 9.76758e-05 b. (random case 51)
 ... thermal (n,a) cross section is 2.66555e-05 b. (random case 52)
 ... thermal (n,a) cross section is 0.000122751 b. (random case 53)
 ... thermal (n,a) cross section is 6.49227e-05 b. (random case 54)
 ... thermal (n,a) cross section is 2.10054e-05 b. (random case 55)
 ... thermal (n,a) cross section is 0.000123123 b. (random case 56)
 ... thermal (n,a) cross section is 8.41692e-05 b. (random case 57)
 ... thermal (n,a) cross section is 0.000131853 b. (random case 58)
 ... thermal (n,a) cross section is 0.000138705 b. (random case 59)
 ... thermal (n,a) cross section is 1.77273e-05 b. (random case 60)
 ... thermal (n,a) cross section is 8.11447e-05 b. (random case 61)
 ... thermal (n,a) cross section is 7.44529e-05 b. (random case 62)
 ... thermal (n,a) cross section is 0.000142209 b. (random case 63)
 ... thermal (n,a) cross section is 6.03182e-05 b. (random case 64)
 ... thermal (n,a) cross section is 0.000123553 b. (random case 65)
 ... thermal (n,a) cross section is 7.11824e-05 b. (random case 66)
 ... thermal (n,a) cross section is 2.56418e-05 b. (random case 67)
 ... thermal (n,a) cross section is 4.7068e-05 b. (random case 68)
 ... thermal (n,a) cross section is 8.45397e-05 b. (random case 69)
 ... thermal (n,a) cross section is 9.70632e-05 b. (random case 70)
 ... thermal (n,a) cross section is 0.000115686 b. (random case 71)
 ... thermal (n,a) cross section is 0.000110095 b. (random case 72)
 ... thermal (n,a) cross section is 5.77789e-05 b. (random case 73)
 ... thermal (n,a) cross section is 0.000127205 b. (random case 74)
 ... thermal (n,a) cross section is 0.000123189 b. (random case 75)
 ... thermal (n,a) cross section is 0.000134831 b. (random case 76)
 ... thermal (n,a) cross section is 6.44618e-05 b. (random case 77)
 ... thermal (n,a) cross section is 7.17826e-05 b. (random case 78)
 ... thermal (n,a) cross section is 6.33375e-05 b. (random case 79)
 ... thermal (n,a) cross section is 0.000108937 b. (random case 80)
 ... thermal (n,a) cross section is 7.2991e-06 b. (random case 81)
 ... thermal (n,a) cross section is 8.33876e-05 b. (random case 82)
 ... thermal (n,a) cross section is 0.000120126 b. (random case 83)
 ... thermal (n,a) cross section is 0.000101401 b. (random case 84)
 ... thermal (n,a) cross section is 0.000208889 b. (random case 85)
 ... thermal (n,a) cross section is 9.75877e-05 b. (random case 86)
 ... thermal (n,a) cross section is 1.6863e-05 b. (random case 87)
 ... thermal (n,a) cross section is 5.03686e-05 b. (random case 88)
 ... thermal (n,a) cross section is 8.17192e-05 b. (random case 89)
 ... thermal (n,a) cross section is 0.000112864 b. (random case 90)
 ... thermal (n,a) cross section is 0.000137687 b. (random case 91)
 ... thermal (n,a) cross section is 0.00011027 b. (random case 92)
 ... thermal (n,a) cross section is 7.17148e-05 b. (random case 93)
 ... thermal (n,a) cross section is 0.000117799 b. (random case 94)
 ... thermal (n,a) cross section is 0.000145136 b. (random case 95)
 ... thermal (n,a) cross section is 9.1663e-05 b. (random case 96)
 ... thermal (n,a) cross section is 6.04755e-05 b. (random case 97)
 ... thermal (n,a) cross section is 0.000139581 b. (random case 98)
 ... thermal (n,a) cross section is 4.75501e-05 b. (random case 99)
 ... thermal (n,a) cross section is 6.02272e-05 b. (random case 100)
 ... thermal (n,a) cross section is 7.09496e-05 b. (random case 101)
 ... thermal (n,a) cross section is 0.000120345 b. (random case 102)
 ... thermal (n,a) cross section is 3.7233e-05 b. (random case 103)
 ... thermal (n,a) cross section is 0.000115841 b. (random case 104)
 ... thermal (n,a) cross section is 0.000121457 b. (random case 105)
 ... thermal (n,a) cross section is 0.000147027 b. (random case 106)
 ... thermal (n,a) cross section is 2.37149e-05 b. (random case 107)
 ... thermal (n,a) cross section is 0.000105848 b. (random case 108)
 ... thermal (n,a) cross section is 7.00933e-05 b. (random case 109)
 ... thermal (n,a) cross section is 8.56563e-05 b. (random case 110)
 ... thermal (n,a) cross section is 0.000147848 b. (random case 111)
 ... thermal (n,a) cross section is 8.13856e-05 b. (random case 112)
 ... thermal (n,a) cross section is 0.000139 b. (random case 113)
 ... thermal (n,a) cross section is 6.59875e-05 b. (random case 114)
 ... thermal (n,a) cross section is 0.000128205 b. (random case 115)
 ... thermal (n,a) cross section is 0.000150675 b. (random case 116)
 ... thermal (n,a) cross section is 2.18017e-05 b. (random case 117)
 ... thermal (n,a) cross section is 8.44818e-05 b. (random case 118)
 ... thermal (n,a) cross section is 7.71622e-05 b. (random case 119)
 ... thermal (n,a) cross section is 5.22454e-05 b. (random case 120)
 ... thermal (n,a) cross section is 0.000120108 b. (random case 121)
 ... thermal (n,a) cross section is 7.59142e-05 b. (random case 122)
 ... thermal (n,a) cross section is 4.42726e-05 b. (random case 123)
 ... thermal (n,a) cross section is 7.3646e-05 b. (random case 124)
 ... thermal (n,a) cross section is 8.56875e-05 b. (random case 125)
 ... thermal (n,a) cross section is 5.35232e-05 b. (random case 126)
 ... thermal (n,a) cross section is 8.16882e-05 b. (random case 127)
 ... thermal (n,a) cross section is 0.000118809 b. (random case 128)
 ... thermal (n,a) cross section is 6.55987e-05 b. (random case 129)
 ... thermal (n,a) cross section is 5.87454e-05 b. (random case 130)
 ... thermal (n,a) cross section is 0.000100933 b. (random case 131)
 ... thermal (n,a) cross section is 6.62057e-05 b. (random case 132)
 ... thermal (n,a) cross section is 0.000100598 b. (random case 133)
 ... thermal (n,a) cross section is 8.56879e-05 b. (random case 134)
 ... thermal (n,a) cross section is 9.17932e-05 b. (random case 135)
 ... thermal (n,a) cross section is 0.000101201 b. (random case 136)
 ... thermal (n,a) cross section is 0.000106052 b. (random case 137)
 ... thermal (n,a) cross section is 6.3851e-05 b. (random case 138)
 ... thermal (n,a) cross section is 8.61016e-05 b. (random case 139)
 ... thermal (n,a) cross section is 8.23175e-05 b. (random case 140)
 ... thermal (n,a) cross section is 8.71432e-05 b. (random case 141)
 ... thermal (n,a) cross section is 7.24849e-05 b. (random case 142)
 ... thermal (n,a) cross section is 0.000157858 b. (random case 143)
 ... thermal (n,a) cross section is 2.79524e-05 b. (random case 144)
 ... thermal (n,a) cross section is 0.000114214 b. (random case 145)
 ... thermal (n,a) cross section is 0.000102474 b. (random case 146)
 ... thermal (n,a) cross section is 0.000145508 b. (random case 147)
 ... thermal (n,a) cross section is 0.00014252 b. (random case 148)
 ... thermal (n,a) cross section is 6.60709e-05 b. (random case 149)
 ... thermal (n,a) cross section is 8.77641e-05 b. (random case 150)
 ... thermal (n,a) cross section is 5.77174e-05 b. (random case 151)
 ... thermal (n,a) cross section is 8.80754e-05 b. (random case 152)
 ... thermal (n,a) cross section is 0.000114125 b. (random case 153)
 ... thermal (n,a) cross section is 7.88191e-05 b. (random case 154)
 ... thermal (n,a) cross section is 1.66736e-05 b. (random case 155)
 ... thermal (n,a) cross section is 7.18676e-05 b. (random case 156)
 ... thermal (n,a) cross section is 7.29988e-05 b. (random case 157)
 ... thermal (n,a) cross section is 6.88758e-05 b. (random case 158)
 ... thermal (n,a) cross section is 8.92961e-05 b. (random case 159)
 ... thermal (n,a) cross section is 6.16009e-05 b. (random case 160)
 ... thermal (n,a) cross section is 0.000102329 b. (random case 161)
 ... thermal (n,a) cross section is 2.72142e-05 b. (random case 162)
 ... thermal (n,a) cross section is 0.000144831 b. (random case 163)
 ... thermal (n,a) cross section is 6.94971e-05 b. (random case 164)
 ... thermal (n,a) cross section is 5.96498e-05 b. (random case 165)
 ... thermal (n,a) cross section is 0.00016265 b. (random case 166)
 ... thermal (n,a) cross section is 0.000122376 b. (random case 167)
 ... thermal (n,a) cross section is 8.6337e-05 b. (random case 168)
 ... thermal (n,a) cross section is 2.33077e-05 b. (random case 169)
 ... thermal (n,a) cross section is 0.000112433 b. (random case 170)
 ... thermal (n,a) cross section is 9.94518e-05 b. (random case 171)
 ... thermal (n,a) cross section is 8.26311e-05 b. (random case 172)
 ... thermal (n,a) cross section is 0.000112226 b. (random case 173)
 ... thermal (n,a) cross section is 6.64836e-06 b. (random case 174)
 ... thermal (n,a) cross section is 8.57164e-05 b. (random case 175)
 ... thermal (n,a) cross section is 4.10484e-05 b. (random case 176)
 ... thermal (n,a) cross section is 9.28369e-05 b. (random case 177)
 ... thermal (n,a) cross section is 0.000105832 b. (random case 178)
 ... thermal (n,a) cross section is 2.67079e-05 b. (random case 179)
 ... thermal (n,a) cross section is 9.01225e-05 b. (random case 180)
 ... thermal (n,a) cross section is 7.77668e-05 b. (random case 181)
 ... thermal (n,a) cross section is 5.72299e-05 b. (random case 182)
 ... thermal (n,a) cross section is 6.25361e-05 b. (random case 183)
 ... thermal (n,a) cross section is 4.32588e-05 b. (random case 184)
 ... thermal (n,a) cross section is 0.000131213 b. (random case 185)
 ... thermal (n,a) cross section is 9.00686e-05 b. (random case 186)
 ... thermal (n,a) cross section is 9.16354e-05 b. (random case 187)
 ... thermal (n,a) cross section is 0.000115153 b. (random case 188)
 ... thermal (n,a) cross section is 0.000109865 b. (random case 189)
 ... thermal (n,a) cross section is 5.82835e-05 b. (random case 190)
 ... thermal (n,a) cross section is 2.15264e-05 b. (random case 191)
 ... thermal (n,a) cross section is 0.000123255 b. (random case 192)
 ... thermal (n,a) cross section is 0.000129751 b. (random case 193)
 ... thermal (n,a) cross section is 9.71781e-05 b. (random case 194)
 ... thermal (n,a) cross section is 3.96786e-05 b. (random case 195)
 ... thermal (n,a) cross section is 7.51404e-05 b. (random case 196)
 ... thermal (n,a) cross section is 7.61516e-05 b. (random case 197)
 ... thermal (n,a) cross section is 0.000123111 b. (random case 198)
 ... thermal (n,a) cross section is 7.14973e-05 b. (random case 199)
 ... thermal (n,a) cross section is 0.000173845 b. (random case 200)
 ... thermal (n,a) cross section is 0.000105589 b. (random case 201)
 ... thermal (n,a) cross section is 6.48209e-05 b. (random case 202)
 ... thermal (n,a) cross section is 7.75043e-05 b. (random case 203)
 ... thermal (n,a) cross section is 5.7551e-05 b. (random case 204)
 ... thermal (n,a) cross section is 0.000109768 b. (random case 205)
 ... thermal (n,a) cross section is 2.87562e-05 b. (random case 206)
 ... thermal (n,a) cross section is 6.49692e-05 b. (random case 207)
 ... thermal (n,a) cross section is 9.03532e-05 b. (random case 208)
 ... thermal (n,a) cross section is 0.000106105 b. (random case 209)
 ... thermal (n,a) cross section is 0.000125171 b. (random case 210)
 ... thermal (n,a) cross section is 4.31133e-05 b. (random case 211)
 ... thermal (n,a) cross section is 6.08164e-05 b. (random case 212)
 ... thermal (n,a) cross section is 0.000106263 b. (random case 213)
 ... thermal (n,a) cross section is 0.000101584 b. (random case 214)
 ... thermal (n,a) cross section is 0.000119022 b. (random case 215)
 ... thermal (n,a) cross section is 8.83855e-05 b. (random case 216)
 ... thermal (n,a) cross section is 9.48053e-05 b. (random case 217)
 ... thermal (n,a) cross section is 7.67251e-05 b. (random case 218)
 ... thermal (n,a) cross section is 9.50276e-05 b. (random case 219)
 ... thermal (n,a) cross section is 9.25068e-05 b. (random case 220)
 ... thermal (n,a) cross section is 0.000101206 b. (random case 221)
 ... thermal (n,a) cross section is 6.65232e-05 b. (random case 222)
 ... thermal (n,a) cross section is 0.000119244 b. (random case 223)
 ... thermal (n,a) cross section is 8.06941e-05 b. (random case 224)
 ... thermal (n,a) cross section is 9.33921e-05 b. (random case 225)
 ... thermal (n,a) cross section is 0.000100242 b. (random case 226)
 ... thermal (n,a) cross section is 0.000105503 b. (random case 227)
 ... thermal (n,a) cross section is 8.32066e-06 b. (random case 228)
 ... thermal (n,a) cross section is 5.08244e-05 b. (random case 229)
 ... thermal (n,a) cross section is 0.000105622 b. (random case 230)
 ... thermal (n,a) cross section is 6.56893e-05 b. (random case 231)
 ... thermal (n,a) cross section is 6.98853e-05 b. (random case 232)
 ... thermal (n,a) cross section is 0.000108682 b. (random case 233)
 ... thermal (n,a) cross section is 0.000112851 b. (random case 234)
 ... thermal (n,a) cross section is 2.99619e-05 b. (random case 235)
 ... thermal (n,a) cross section is 9.37934e-05 b. (random case 236)
 ... thermal (n,a) cross section is 8.32941e-05 b. (random case 237)
 ... thermal (n,a) cross section is 7.6214e-05 b. (random case 238)
 ... thermal (n,a) cross section is 0.000127606 b. (random case 239)
 ... thermal (n,a) cross section is 6.63172e-05 b. (random case 240)
 ... thermal (n,a) cross section is 6.46485e-05 b. (random case 241)
 ... thermal (n,a) cross section is 6.6925e-05 b. (random case 242)
 ... thermal (n,a) cross section is 7.74033e-05 b. (random case 243)
 ... thermal (n,a) cross section is 0.000101602 b. (random case 244)
 ... thermal (n,a) cross section is 4.63021e-05 b. (random case 245)
 ... thermal (n,a) cross section is 5.02617e-05 b. (random case 246)
 ... thermal (n,a) cross section is 7.88125e-05 b. (random case 247)
 ... thermal (n,a) cross section is 6.51483e-05 b. (random case 248)
 ... thermal (n,a) cross section is 4.24367e-05 b. (random case 249)
 ... thermal (n,a) cross section is 5.17796e-05 b. (random case 250)
 ... thermal (n,a) cross section is 9.07864e-05 b. (random case 251)
 ... thermal (n,a) cross section is 2.4441e-05 b. (random case 252)
 ... thermal (n,a) cross section is 4.60431e-05 b. (random case 253)
 ... thermal (n,a) cross section is 0.000121763 b. (random case 254)
 ... thermal (n,a) cross section is 8.041e-05 b. (random case 255)
 ... thermal (n,a) cross section is 5.91492e-05 b. (random case 256)
 ... thermal (n,a) cross section is 0.000129238 b. (random case 257)
 ... thermal (n,a) cross section is 0.000106703 b. (random case 258)
 ... thermal (n,a) cross section is 0.000101696 b. (random case 259)
 ... thermal (n,a) cross section is 6.04779e-05 b. (random case 260)
 ... thermal (n,a) cross section is 5.27105e-05 b. (random case 261)
 ... thermal (n,a) cross section is 8.04955e-05 b. (random case 262)
 ... thermal (n,a) cross section is 0.000154641 b. (random case 263)
 ... thermal (n,a) cross section is 3.1615e-05 b. (random case 264)
 ... thermal (n,a) cross section is 4.05517e-05 b. (random case 265)
 ... thermal (n,a) cross section is 5.46333e-05 b. (random case 266)
 ... thermal (n,a) cross section is 0.000100048 b. (random case 267)
 ... thermal (n,a) cross section is 0.000128054 b. (random case 268)
 ... thermal (n,a) cross section is 1.52403e-05 b. (random case 269)
 ... thermal (n,a) cross section is 0.000116091 b. (random case 270)
 ... thermal (n,a) cross section is 7.03359e-05 b. (random case 271)
 ... thermal (n,a) cross section is 5.616e-05 b. (random case 272)
 ... thermal (n,a) cross section is 7.1697e-05 b. (random case 273)
 ... thermal (n,a) cross section is 6.23251e-05 b. (random case 274)
 ... thermal (n,a) cross section is 7.0265e-05 b. (random case 275)
 ... thermal (n,a) cross section is 0.000103068 b. (random case 276)
 ... thermal (n,a) cross section is 7.18892e-05 b. (random case 277)
 ... thermal (n,a) cross section is 9.99912e-05 b. (random case 278)
 ... thermal (n,a) cross section is 2.12919e-05 b. (random case 279)
 ... thermal (n,a) cross section is 6.49341e-05 b. (random case 280)
 ... thermal (n,a) cross section is 5.30465e-05 b. (random case 281)
 ... thermal (n,a) cross section is 3.68404e-05 b. (random case 282)
 ... thermal (n,a) cross section is 6.12645e-05 b. (random case 283)
 ... thermal (n,a) cross section is 8.85738e-05 b. (random case 284)
 ... thermal (n,a) cross section is 4.10889e-05 b. (random case 285)
 ... thermal (n,a) cross section is 7.68027e-05 b. (random case 286)
 ... thermal (n,a) cross section is 4.26706e-05 b. (random case 287)
 ... thermal (n,a) cross section is 9.12744e-05 b. (random case 288)
 ... thermal (n,a) cross section is 0.000106319 b. (random case 289)
 ... thermal (n,a) cross section is 1.37303e-05 b. (random case 290)
 ... thermal (n,a) cross section is 6.66946e-05 b. (random case 291)
 ... thermal (n,a) cross section is 8.31962e-05 b. (random case 292)
 ... thermal (n,a) cross section is 9.31534e-05 b. (random case 293)
 ... thermal (n,a) cross section is 0.000114873 b. (random case 294)
 ... thermal (n,a) cross section is 0.000119888 b. (random case 295)
 ... thermal (n,a) cross section is 9.18547e-05 b. (random case 296)
 ... thermal (n,a) cross section is 9.0836e-05 b. (random case 297)
 ... thermal (n,a) cross section is 8.02221e-05 b. (random case 298)
 ... thermal (n,a) cross section is 0.000121947 b. (random case 299)
 ... thermal (n,a) cross section is 7.01525e-05 b. (random case 300)
 ... thermal (n,p) cross section is 0.489 +/- 0.014 b.
 ... thermal (n,p) cross section is 0.504683 b. (random case 1)
 ... thermal (n,p) cross section is 0.487853 b. (random case 2)
 ... thermal (n,p) cross section is 0.502111 b. (random case 3)
 ... thermal (n,p) cross section is 0.515525 b. (random case 4)
 ... thermal (n,p) cross section is 0.501733 b. (random case 5)
 ... thermal (n,p) cross section is 0.477588 b. (random case 6)
 ... thermal (n,p) cross section is 0.504039 b. (random case 7)
 ... thermal (n,p) cross section is 0.476244 b. (random case 8)
 ... thermal (n,p) cross section is 0.498688 b. (random case 9)
 ... thermal (n,p) cross section is 0.463397 b. (random case 10)
 ... thermal (n,p) cross section is 0.478438 b. (random case 11)
 ... thermal (n,p) cross section is 0.476227 b. (random case 12)
 ... thermal (n,p) cross section is 0.479423 b. (random case 13)
 ... thermal (n,p) cross section is 0.479751 b. (random case 14)
 ... thermal (n,p) cross section is 0.482162 b. (random case 15)
 ... thermal (n,p) cross section is 0.487305 b. (random case 16)
 ... thermal (n,p) cross section is 0.490539 b. (random case 17)
 ... thermal (n,p) cross section is 0.462924 b. (random case 18)
 ... thermal (n,p) cross section is 0.510786 b. (random case 19)
 ... thermal (n,p) cross section is 0.48056 b. (random case 20)
 ... thermal (n,p) cross section is 0.492625 b. (random case 21)
 ... thermal (n,p) cross section is 0.469714 b. (random case 22)
 ... thermal (n,p) cross section is 0.497135 b. (random case 23)
 ... thermal (n,p) cross section is 0.476834 b. (random case 24)
 ... thermal (n,p) cross section is 0.501973 b. (random case 25)
 ... thermal (n,p) cross section is 0.481321 b. (random case 26)
 ... thermal (n,p) cross section is 0.469055 b. (random case 27)
 ... thermal (n,p) cross section is 0.49578 b. (random case 28)
 ... thermal (n,p) cross section is 0.488512 b. (random case 29)
 ... thermal (n,p) cross section is 0.474157 b. (random case 30)
 ... thermal (n,p) cross section is 0.482952 b. (random case 31)
 ... thermal (n,p) cross section is 0.49375 b. (random case 32)
 ... thermal (n,p) cross section is 0.495595 b. (random case 33)
 ... thermal (n,p) cross section is 0.473831 b. (random case 34)
 ... thermal (n,p) cross section is 0.494447 b. (random case 35)
 ... thermal (n,p) cross section is 0.486726 b. (random case 36)
 ... thermal (n,p) cross section is 0.500527 b. (random case 37)
 ... thermal (n,p) cross section is 0.483989 b. (random case 38)
 ... thermal (n,p) cross section is 0.4868 b. (random case 39)
 ... thermal (n,p) cross section is 0.517953 b. (random case 40)
 ... thermal (n,p) cross section is 0.469777 b. (random case 41)
 ... thermal (n,p) cross section is 0.500575 b. (random case 42)
 ... thermal (n,p) cross section is 0.486726 b. (random case 43)
 ... thermal (n,p) cross section is 0.481766 b. (random case 44)
 ... thermal (n,p) cross section is 0.502993 b. (random case 45)
 ... thermal (n,p) cross section is 0.478617 b. (random case 46)
 ... thermal (n,p) cross section is 0.505445 b. (random case 47)
 ... thermal (n,p) cross section is 0.481267 b. (random case 48)
 ... thermal (n,p) cross section is 0.501985 b. (random case 49)
 ... thermal (n,p) cross section is 0.493352 b. (random case 50)
 ... thermal (n,p) cross section is 0.495568 b. (random case 51)
 ... thermal (n,p) cross section is 0.491541 b. (random case 52)
 ... thermal (n,p) cross section is 0.466378 b. (random case 53)
 ... thermal (n,p) cross section is 0.508066 b. (random case 54)
 ... thermal (n,p) cross section is 0.494042 b. (random case 55)
 ... thermal (n,p) cross section is 0.481057 b. (random case 56)
 ... thermal (n,p) cross section is 0.506442 b. (random case 57)
 ... thermal (n,p) cross section is 0.476241 b. (random case 58)
 ... thermal (n,p) cross section is 0.470696 b. (random case 59)
 ... thermal (n,p) cross section is 0.499621 b. (random case 60)
 ... thermal (n,p) cross section is 0.492386 b. (random case 61)
 ... thermal (n,p) cross section is 0.491482 b. (random case 62)
 ... thermal (n,p) cross section is 0.476221 b. (random case 63)
 ... thermal (n,p) cross section is 0.478817 b. (random case 64)
 ... thermal (n,p) cross section is 0.50712 b. (random case 65)
 ... thermal (n,p) cross section is 0.492207 b. (random case 66)
 ... thermal (n,p) cross section is 0.49183 b. (random case 67)
 ... thermal (n,p) cross section is 0.507544 b. (random case 68)
 ... thermal (n,p) cross section is 0.48285 b. (random case 69)
 ... thermal (n,p) cross section is 0.502018 b. (random case 70)
 ... thermal (n,p) cross section is 0.482548 b. (random case 71)
 ... thermal (n,p) cross section is 0.475146 b. (random case 72)
 ... thermal (n,p) cross section is 0.458538 b. (random case 73)
 ... thermal (n,p) cross section is 0.503944 b. (random case 74)
 ... thermal (n,p) cross section is 0.479038 b. (random case 75)
 ... thermal (n,p) cross section is 0.476131 b. (random case 76)
 ... thermal (n,p) cross section is 0.460677 b. (random case 77)
 ... thermal (n,p) cross section is 0.475257 b. (random case 78)
 ... thermal (n,p) cross section is 0.495877 b. (random case 79)
 ... thermal (n,p) cross section is 0.485447 b. (random case 80)
 ... thermal (n,p) cross section is 0.478545 b. (random case 81)
 ... thermal (n,p) cross section is 0.490031 b. (random case 82)
 ... thermal (n,p) cross section is 0.472876 b. (random case 83)
 ... thermal (n,p) cross section is 0.501857 b. (random case 84)
 ... thermal (n,p) cross section is 0.492645 b. (random case 85)
 ... thermal (n,p) cross section is 0.483917 b. (random case 86)
 ... thermal (n,p) cross section is 0.495004 b. (random case 87)
 ... thermal (n,p) cross section is 0.484076 b. (random case 88)
 ... thermal (n,p) cross section is 0.476019 b. (random case 89)
 ... thermal (n,p) cross section is 0.481654 b. (random case 90)
 ... thermal (n,p) cross section is 0.495372 b. (random case 91)
 ... thermal (n,p) cross section is 0.510878 b. (random case 92)
 ... thermal (n,p) cross section is 0.473681 b. (random case 93)
 ... thermal (n,p) cross section is 0.496353 b. (random case 94)
 ... thermal (n,p) cross section is 0.499 b. (random case 95)
 ... thermal (n,p) cross section is 0.510678 b. (random case 96)
 ... thermal (n,p) cross section is 0.49093 b. (random case 97)
 ... thermal (n,p) cross section is 0.495826 b. (random case 98)
 ... thermal (n,p) cross section is 0.463645 b. (random case 99)
 ... thermal (n,p) cross section is 0.50273 b. (random case 100)
 ... thermal (n,p) cross section is 0.495039 b. (random case 101)
 ... thermal (n,p) cross section is 0.501682 b. (random case 102)
 ... thermal (n,p) cross section is 0.468698 b. (random case 103)
 ... thermal (n,p) cross section is 0.485846 b. (random case 104)
 ... thermal (n,p) cross section is 0.505208 b. (random case 105)
 ... thermal (n,p) cross section is 0.486623 b. (random case 106)
 ... thermal (n,p) cross section is 0.503924 b. (random case 107)
 ... thermal (n,p) cross section is 0.492315 b. (random case 108)
 ... thermal (n,p) cross section is 0.477338 b. (random case 109)
 ... thermal (n,p) cross section is 0.490283 b. (random case 110)
 ... thermal (n,p) cross section is 0.472557 b. (random case 111)
 ... thermal (n,p) cross section is 0.48651 b. (random case 112)
 ... thermal (n,p) cross section is 0.477275 b. (random case 113)
 ... thermal (n,p) cross section is 0.487736 b. (random case 114)
 ... thermal (n,p) cross section is 0.481671 b. (random case 115)
 ... thermal (n,p) cross section is 0.508338 b. (random case 116)
 ... thermal (n,p) cross section is 0.480287 b. (random case 117)
 ... thermal (n,p) cross section is 0.485818 b. (random case 118)
 ... thermal (n,p) cross section is 0.481521 b. (random case 119)
 ... thermal (n,p) cross section is 0.482346 b. (random case 120)
 ... thermal (n,p) cross section is 0.498539 b. (random case 121)
 ... thermal (n,p) cross section is 0.527403 b. (random case 122)
 ... thermal (n,p) cross section is 0.482523 b. (random case 123)
 ... thermal (n,p) cross section is 0.48521 b. (random case 124)
 ... thermal (n,p) cross section is 0.508322 b. (random case 125)
 ... thermal (n,p) cross section is 0.483075 b. (random case 126)
 ... thermal (n,p) cross section is 0.492773 b. (random case 127)
 ... thermal (n,p) cross section is 0.48426 b. (random case 128)
 ... thermal (n,p) cross section is 0.471235 b. (random case 129)
 ... thermal (n,p) cross section is 0.483721 b. (random case 130)
 ... thermal (n,p) cross section is 0.470533 b. (random case 131)
 ... thermal (n,p) cross section is 0.492002 b. (random case 132)
 ... thermal (n,p) cross section is 0.509362 b. (random case 133)
 ... thermal (n,p) cross section is 0.486522 b. (random case 134)
 ... thermal (n,p) cross section is 0.49392 b. (random case 135)
 ... thermal (n,p) cross section is 0.514129 b. (random case 136)
 ... thermal (n,p) cross section is 0.505756 b. (random case 137)
 ... thermal (n,p) cross section is 0.482202 b. (random case 138)
 ... thermal (n,p) cross section is 0.500464 b. (random case 139)
 ... thermal (n,p) cross section is 0.5062 b. (random case 140)
 ... thermal (n,p) cross section is 0.494411 b. (random case 141)
 ... thermal (n,p) cross section is 0.495048 b. (random case 142)
 ... thermal (n,p) cross section is 0.474414 b. (random case 143)
 ... thermal (n,p) cross section is 0.510374 b. (random case 144)
 ... thermal (n,p) cross section is 0.51731 b. (random case 145)
 ... thermal (n,p) cross section is 0.493843 b. (random case 146)
 ... thermal (n,p) cross section is 0.477948 b. (random case 147)
 ... thermal (n,p) cross section is 0.478434 b. (random case 148)
 ... thermal (n,p) cross section is 0.48933 b. (random case 149)
 ... thermal (n,p) cross section is 0.476144 b. (random case 150)
 ... thermal (n,p) cross section is 0.499295 b. (random case 151)
 ... thermal (n,p) cross section is 0.494334 b. (random case 152)
 ... thermal (n,p) cross section is 0.504998 b. (random case 153)
 ... thermal (n,p) cross section is 0.492806 b. (random case 154)
 ... thermal (n,p) cross section is 0.48711 b. (random case 155)
 ... thermal (n,p) cross section is 0.510243 b. (random case 156)
 ... thermal (n,p) cross section is 0.498952 b. (random case 157)
 ... thermal (n,p) cross section is 0.476719 b. (random case 158)
 ... thermal (n,p) cross section is 0.475023 b. (random case 159)
 ... thermal (n,p) cross section is 0.466065 b. (random case 160)
 ... thermal (n,p) cross section is 0.470131 b. (random case 161)
 ... thermal (n,p) cross section is 0.496854 b. (random case 162)
 ... thermal (n,p) cross section is 0.497904 b. (random case 163)
 ... thermal (n,p) cross section is 0.476169 b. (random case 164)
 ... thermal (n,p) cross section is 0.49058 b. (random case 165)
 ... thermal (n,p) cross section is 0.481888 b. (random case 166)
 ... thermal (n,p) cross section is 0.484076 b. (random case 167)
 ... thermal (n,p) cross section is 0.495908 b. (random case 168)
 ... thermal (n,p) cross section is 0.489787 b. (random case 169)
 ... thermal (n,p) cross section is 0.494292 b. (random case 170)
 ... thermal (n,p) cross section is 0.479538 b. (random case 171)
 ... thermal (n,p) cross section is 0.521797 b. (random case 172)
 ... thermal (n,p) cross section is 0.507859 b. (random case 173)
 ... thermal (n,p) cross section is 0.527238 b. (random case 174)
 ... thermal (n,p) cross section is 0.512924 b. (random case 175)
 ... thermal (n,p) cross section is 0.475599 b. (random case 176)
 ... thermal (n,p) cross section is 0.513687 b. (random case 177)
 ... thermal (n,p) cross section is 0.498847 b. (random case 178)
 ... thermal (n,p) cross section is 0.492273 b. (random case 179)
 ... thermal (n,p) cross section is 0.48155 b. (random case 180)
 ... thermal (n,p) cross section is 0.487359 b. (random case 181)
 ... thermal (n,p) cross section is 0.506338 b. (random case 182)
 ... thermal (n,p) cross section is 0.494434 b. (random case 183)
 ... thermal (n,p) cross section is 0.476007 b. (random case 184)
 ... thermal (n,p) cross section is 0.502776 b. (random case 185)
 ... thermal (n,p) cross section is 0.486529 b. (random case 186)
 ... thermal (n,p) cross section is 0.509274 b. (random case 187)
 ... thermal (n,p) cross section is 0.48155 b. (random case 188)
 ... thermal (n,p) cross section is 0.494568 b. (random case 189)
 ... thermal (n,p) cross section is 0.47229 b. (random case 190)
 ... thermal (n,p) cross section is 0.500915 b. (random case 191)
 ... thermal (n,p) cross section is 0.499178 b. (random case 192)
 ... thermal (n,p) cross section is 0.47711 b. (random case 193)
 ... thermal (n,p) cross section is 0.491195 b. (random case 194)
 ... thermal (n,p) cross section is 0.475532 b. (random case 195)
 ... thermal (n,p) cross section is 0.479336 b. (random case 196)
 ... thermal (n,p) cross section is 0.502744 b. (random case 197)
 ... thermal (n,p) cross section is 0.498824 b. (random case 198)
 ... thermal (n,p) cross section is 0.496485 b. (random case 199)
 ... thermal (n,p) cross section is 0.491936 b. (random case 200)
 ... thermal (n,p) cross section is 0.516859 b. (random case 201)
 ... thermal (n,p) cross section is 0.475559 b. (random case 202)
 ... thermal (n,p) cross section is 0.487745 b. (random case 203)
 ... thermal (n,p) cross section is 0.485734 b. (random case 204)
 ... thermal (n,p) cross section is 0.481226 b. (random case 205)
 ... thermal (n,p) cross section is 0.474623 b. (random case 206)
 ... thermal (n,p) cross section is 0.519833 b. (random case 207)
 ... thermal (n,p) cross section is 0.492079 b. (random case 208)
 ... thermal (n,p) cross section is 0.493618 b. (random case 209)
 ... thermal (n,p) cross section is 0.496279 b. (random case 210)
 ... thermal (n,p) cross section is 0.500597 b. (random case 211)
 ... thermal (n,p) cross section is 0.464732 b. (random case 212)
 ... thermal (n,p) cross section is 0.480123 b. (random case 213)
 ... thermal (n,p) cross section is 0.480965 b. (random case 214)
 ... thermal (n,p) cross section is 0.482419 b. (random case 215)
 ... thermal (n,p) cross section is 0.489507 b. (random case 216)
 ... thermal (n,p) cross section is 0.481999 b. (random case 217)
 ... thermal (n,p) cross section is 0.494986 b. (random case 218)
 ... thermal (n,p) cross section is 0.483187 b. (random case 219)
 ... thermal (n,p) cross section is 0.48953 b. (random case 220)
 ... thermal (n,p) cross section is 0.501847 b. (random case 221)
 ... thermal (n,p) cross section is 0.485738 b. (random case 222)
 ... thermal (n,p) cross section is 0.495056 b. (random case 223)
 ... thermal (n,p) cross section is 0.471052 b. (random case 224)
 ... thermal (n,p) cross section is 0.487684 b. (random case 225)
 ... thermal (n,p) cross section is 0.488612 b. (random case 226)
 ... thermal (n,p) cross section is 0.49218 b. (random case 227)
 ... thermal (n,p) cross section is 0.497427 b. (random case 228)
 ... thermal (n,p) cross section is 0.480088 b. (random case 229)
 ... thermal (n,p) cross section is 0.493006 b. (random case 230)
 ... thermal (n,p) cross section is 0.475634 b. (random case 231)
 ... thermal (n,p) cross section is 0.477646 b. (random case 232)
 ... thermal (n,p) cross section is 0.504985 b. (random case 233)
 ... thermal (n,p) cross section is 0.472925 b. (random case 234)
 ... thermal (n,p) cross section is 0.490615 b. (random case 235)
 ... thermal (n,p) cross section is 0.488536 b. (random case 236)
 ... thermal (n,p) cross section is 0.498341 b. (random case 237)
 ... thermal (n,p) cross section is 0.494605 b. (random case 238)
 ... thermal (n,p) cross section is 0.488196 b. (random case 239)
 ... thermal (n,p) cross section is 0.514049 b. (random case 240)
 ... thermal (n,p) cross section is 0.496183 b. (random case 241)
 ... thermal (n,p) cross section is 0.506592 b. (random case 242)
 ... thermal (n,p) cross section is 0.503481 b. (random case 243)
 ... thermal (n,p) cross section is 0.468195 b. (random case 244)
 ... thermal (n,p) cross section is 0.500652 b. (random case 245)
 ... thermal (n,p) cross section is 0.471701 b. (random case 246)
 ... thermal (n,p) cross section is 0.461598 b. (random case 247)
 ... thermal (n,p) cross section is 0.510104 b. (random case 248)
 ... thermal (n,p) cross section is 0.498436 b. (random case 249)
 ... thermal (n,p) cross section is 0.499638 b. (random case 250)
 ... thermal (n,p) cross section is 0.507136 b. (random case 251)
 ... thermal (n,p) cross section is 0.469057 b. (random case 252)
 ... thermal (n,p) cross section is 0.485092 b. (random case 253)
 ... thermal (n,p) cross section is 0.513546 b. (random case 254)
 ... thermal (n,p) cross section is 0.514988 b. (random case 255)
 ... thermal (n,p) cross section is 0.467518 b. (random case 256)
 ... thermal (n,p) cross section is 0.485182 b. (random case 257)
 ... thermal (n,p) cross section is 0.476149 b. (random case 258)
 ... thermal (n,p) cross section is 0.48201 b. (random case 259)
 ... thermal (n,p) cross section is 0.47497 b. (random case 260)
 ... thermal (n,p) cross section is 0.509249 b. (random case 261)
 ... thermal (n,p) cross section is 0.503452 b. (random case 262)
 ... thermal (n,p) cross section is 0.509469 b. (random case 263)
 ... thermal (n,p) cross section is 0.489592 b. (random case 264)
 ... thermal (n,p) cross section is 0.49973 b. (random case 265)
 ... thermal (n,p) cross section is 0.503193 b. (random case 266)
 ... thermal (n,p) cross section is 0.500092 b. (random case 267)
 ... thermal (n,p) cross section is 0.476284 b. (random case 268)
 ... thermal (n,p) cross section is 0.494388 b. (random case 269)
 ... thermal (n,p) cross section is 0.482982 b. (random case 270)
 ... thermal (n,p) cross section is 0.484771 b. (random case 271)
 ... thermal (n,p) cross section is 0.480083 b. (random case 272)
 ... thermal (n,p) cross section is 0.499087 b. (random case 273)
 ... thermal (n,p) cross section is 0.517656 b. (random case 274)
 ... thermal (n,p) cross section is 0.486288 b. (random case 275)
 ... thermal (n,p) cross section is 0.477905 b. (random case 276)
 ... thermal (n,p) cross section is 0.475739 b. (random case 277)
 ... thermal (n,p) cross section is 0.504813 b. (random case 278)
 ... thermal (n,p) cross section is 0.502409 b. (random case 279)
 ... thermal (n,p) cross section is 0.51617 b. (random case 280)
 ... thermal (n,p) cross section is 0.477304 b. (random case 281)
 ... thermal (n,p) cross section is 0.475757 b. (random case 282)
 ... thermal (n,p) cross section is 0.498086 b. (random case 283)
 ... thermal (n,p) cross section is 0.481165 b. (random case 284)
 ... thermal (n,p) cross section is 0.474471 b. (random case 285)
 ... thermal (n,p) cross section is 0.483838 b. (random case 286)
 ... thermal (n,p) cross section is 0.493149 b. (random case 287)
 ... thermal (n,p) cross section is 0.493873 b. (random case 288)
 ... thermal (n,p) cross section is 0.472362 b. (random case 289)
 ... thermal (n,p) cross section is 0.478126 b. (random case 290)
 ... thermal (n,p) cross section is 0.496714 b. (random case 291)
 ... thermal (n,p) cross section is 0.468708 b. (random case 292)
 ... thermal (n,p) cross section is 0.470638 b. (random case 293)
 ... thermal (n,p) cross section is 0.494959 b. (random case 294)
 ... thermal (n,p) cross section is 0.459795 b. (random case 295)
 ... thermal (n,p) cross section is 0.485808 b. (random case 296)
 ... thermal (n,p) cross section is 0.487464 b. (random case 297)
 ... thermal (n,p) cross section is 0.507475 b. (random case 298)
 ... thermal (n,p) cross section is 0.490351 b. (random case 299)
 ... thermal (n,p) cross section is 0.486869 b. (random case 300)
 ... Rewrite index for MF2
 ... Write text for MF1 in file mf1.tares.txt
 ... plotting cross sections for the MF1
 ... order output files


================== summary ==================
 Thermal (n,tot) xs = 65.4394 b. 
 Thermal (n,el)  xs = 21.3346 b. 
 Thermal (n,g)   xs = 43.6157 b. (meas/sys: 43.6 b.)
 Thermal (n,p)   xs = 0.489 b. 

 RI      (n,g)      = 17.2777 b. (meas or sys: 18 b.)
 RI      (n,el)     = 127.812 b.
=============================================


 ... cleaning
                                                 
  -------------------------------------------------------------
  -                                                           -
  - TARES: successful end of run with data from the database  -
  -             for Z= 17,  A= 35 and isomer= 0               -
  -                                                           -
  -------------------------------------------------------------

   Running time:       427 seconds

 End time: Fri Oct  9 13:06:54 2026

