
  -------------------------------------------------------------
  -                                                           -
  -              Welcome to TARES version 1.8                 -
  -                                                           -
  -  (C) Copyright 2007-2025 D. Rochman, All Rights Reserved  -
  -           NRG, Petten, the Netherlands 2007-2014          -
  -           PSI, Villigen    Switzerland 2015-2025          -
  -         Nagra, Wettingen   Switzerland 2025-              -
  -           (Last Modified October 06, 2026)                -
  -           (Database from October 06, 2026)                -
  -                                                           -
  -------------------------------------------------------------


  ---------------------------------------------
   Compilation information:
   Compiled on:         Oct  8 2026, 18:36:06
   Compiled by:         koning
   Compiler version:    clang++ - 21.0.0
   Source location:     /Users/koning/tares-1.8/source/Module/
   Binaries location:   /Users/koning/bin
   System:              Darwin 25.6.0
   System version:      Darwin Kernel Version 25.6.0: Fri Jul 31 19:19:08 PDT 2026; root:xnu-12377.161.14~5/RELEASE_ARM64_T6050  
   Machine:             arm64 
  ---------------------------------------------

   User information:
   User name:           koning
   Running directory:   /Users/koning/tendl/resbase/Kr080/work
   Owner mode for running directory : rwx
   Group mode for running directory : r-x
  ---------------------------------------------


 Starting time: Fri Oct  9 12:57:04 2026
 ... inputs directory found (/Users/koning/tares-1.8/source/Module//../../inputs/).
 ... It will be used for resonance parameters 
 ... ###############################################
 ... #     read the input file tares.inp
 ... ###############################################
 ... line: #
 ... line: # Input file generated by Autorochman
          --> line not read
 ... line: #
 ... line: isotope    Kr
          --> Isotope name: Kr
 ... line: mass       80
          --> isotopic mass: 80
 ... line: output     n-Kr080
         ---> Name of the output files: n-Kr080
 ... line: isomer     0
          --> isomeric state: 0
 ... line: mf32mf33   y
          --> MF33 based on MF32: y
 ... line: nbrRandom  300
          --> Nbr of random files: 300
 ... ###############################################
 ... # end read the input file tares.inp
 ... ###############################################
Value for random generator type not considered in since Tares 1.7 due to compilation issues

 ... ###############################################
     #   Interpretation of the Input definition    #
     ###############################################

 ... Default energy limit: End of resonance region
 ... Nuclear charge    = 36
 ... Element           = Kr
 ... Mass              = 80
 ... Isomer            = 0
 ... Correlation for (Gn,Gg) not included in random files
 ... Default random option: No random
 ... Output name: n-Kr080
 ... Energy for the MACS: 30000 eV
 ... Resonances from CALENDF reduced (reduce=y) 
 ... For URR, level density model from TALYS selected: 91n3n12611.2850 (see manual for description)
 ... Random Generator: default (pseudo random numbers from ansi c++)
 ... Reconstruction of cross section selected
 ... Doppler broadening at 0 Kelvin
 ... Default formalism: Multi Level Breit Wigner (from file best.tendl.yes)
 ... URR not included (from the input file flag)
 ... Weight for grouping is flat
 ... Calculation of (n,alpha) cross section selected
 ... Number of digit for MF32c covariance representation: 2
 ... MF32 included
 ... MF33 will be used for covariance processing
 ... TENDL option set to yes (automatic choice of MF2 and format)
 ... default option: Multi level Breit Wigner approximation selected
 ... (check file best.tendl.yes for changing this option)
 ... Retroactive option set to no with the 2025 option
 ... ladder option set to yes (CALENDF will be used for statistical resonances)

 ... ###############################################
     #           End of Input definition           #
     ###############################################

 ... gnuplot found, will be used for plotting
 ... latex found, will be used for plotting
 ... dvips found, will be used for plotting
 ... ps2epsi not found, limited plotting available
 ... uncertainties on default parameters multiplied by 1.03445
 ... Read resonance data from the 2025 directory
 ... Resonance parameters taken from /Users/koning/tares-1.8/source/Module//../../inputs/2025/Resonance/default/
 ---> Processing Z= 36 and A= 80 and isomer= 0 (level number: 0)
Thermal file; Could not open file /Users/koning/tares-1.8/source/Module//../../inputs/2025/runThermal/results//thermal.mxw.ng.cendl3.1
Thermal file; Could not open file /Users/koning/tares-1.8/source/Module//../../inputs/2025/runThermal/results//thermal.mxw.ng.brond3.1
Thermal file; Could not open file /Users/koning/tares-1.8/source/Module//../../inputs/2025/runThermal/results//thermal.xs.ng.unc.cendl3.1
 ... spin taken from the final/ directory (1)
 ... The spin found in level file ( 0 ) and the one in the urr file ( 5.5 ) differ

 ... ###############################################
 ... #  Nucleus global parameters (2025 database)  #
 ... ###############################################
 ... Scattering radius from file /Users/koning/tares-1.8/source/Module//../../inputs/2025/Resonance/default//global.2023.txt
 0. Spin of the target isotope: 0
 1. Relative Atomic Mass of the target isotope: 79.9163
 2. Isotopic composition of the target isotope: 2.286 %
 3. Scattering radius (local compilation): 7.8 fm +/- 0.09 fm
      .......................................
      ... Thermal capture cross sections: ...
 4. Thermal (total) (n,g) cross section from experiments (local compilation): 11.5 +/- 0.5 b.
 5. Thermal (n,g) cross section from compilation (Firestone-2022 final on element Kr): 25.4 +/- 1.2 b.
 6. Thermal Maxwellian (n,g) XS from compilation (Mughabghab-2006): 11.5 +/- 0.5 b.
 7. Thermal Maxwellian (n,g) XS from compilation (Mughabghab-2018): 11.5 +/- 0.5 b.
 8. Thermal Maxwellian (n,g) XS from compilation (Sukhoruchkin-2009): 11.5 b.
 9. Thermal Maxwellian (n,g) XS from compilation (Sukhoruchkin-2015): 11.5 +/- 0.5 b.
 10. Thermal (n,g) cross section from EAF-2010: 11.748 b.
 11. Thermal (n,g) cross section from ENDF/B-VI.8: 11.8 b.
 12. Thermal (n,g) cross section from ENDF/B-VIII.1: 11.51 b.
 13. Thermal (n,g) cross section from ENDF/B-VIII.0: 11.54 b.
 14. Thermal (n,g) cross section from JEF2.2: 11.8 b.
 15. Thermal (n,g) cross section from TENDL-2023: 11.5 +/- 0.9757 b.
 16. Thermal (n,g) cross section from JEFF-3.3: 11.56 +/- 0.7901 b.
 17. Thermal (n,g) cross section from JEFF-4.0: 11.51 +/- 1.019 b.
 18. Thermal (n,g) cross section from JENDL-5.0: 11.54 b.
      .......................................
      ...  Thermal total cross sections:  ...
      .......................................
      ... Thermal elastic cross sections: ...
 19. Thermal (n,el) cross section from compilation (Mughabghab): 10.1 +/- 0.9 b.
 20. Thermal (n,el) cross section from ENDF/B-VIII.1: 7.337 b.
 21. Thermal (n,el) cross section from ENDF/B-VIII.0: 7.337 b.
 22. Thermal (n,el) cross section from ENDF/B-VI.8: 9.559 b.
 23. Thermal (n,el) cross section from JENDL-5.0: 7.337 b.
 24. Thermal (n,el) cross section from JEFF-3.3: 6.855 b.
 25. Thermal (n,el) cross section from experiments (local compilation): 10.1 +/- 0.9 b.
      .......................................
             ... Resonance integral: ...
 26. Experimental capture integral (local compilation): 56.1 +/- 5.6 b.
 27. Experimental capture integral (Mughabghab): 57.4 +/- 5.6 b.
 28. Experimental capture integral (Sukhoruchkin): 60 +/- 6 b.
   ---- MACS 30 keV ----- 
 29. TALYS MACS 30 keV (HF): 0.285875 b. 
 30. Recommended MACS 30 keV from EAF: 0.267 b. 
 31. Recommended MACS 30 keV (local compilation): 0.267 +/- 0.014 b. 
 32. Recommended MACS 30 keV from Kadonis: 0.267 +/- 0.014 b. 
 33. Recommended MACS (Sukhoruchkin): 0.29 +/- 0.05 b.
 34. Recommended MACS (Mughabghab): 0.267 +/- 0.014 b.
   ---------- S0 -------- 
 35. S0 from TALYS: 1.5566
   ---------- S1 -------- 
 36. S1 from TALYS: 3.20123
   ---------- S2 -------- 
 37. S2 from TALYS: 1.02255
   ---------- D0 -------- 
 38. D0 from TALYS: 279.993 eV
 Correction to D0: 1.2
 39. Experimental D0: 200 +/- 60 eV
 40. Atlas D0: 300 +/- 60
   ---------- D1 -------- 
 41. D1 from TALYS: 98.5984 eV
   ---------- D2 -------- 
 42. D2 from TALYS: 66.025 eV
   ---------- G0 -------- 
 43. Gg0 from TALYS: 0.177121 eV
   ---------- G1 -------- 
 44. Gg1 from TALYS: 0.169543 eV
   ---------- G2 -------- 
 45. Gg2 from TALYS: 0.173108 eV


   ---------------------- 
 ... Read resonance parameters (format: 2: Multi Level Breit Wigner)
 ... 4 resonances found 
 --> 46. Number of resonances from the input file: 4 up to 450 eV
 47. Read nuclear quantities (mass, MAT...)
 48. Read thermal (n,g) xs 
 49. Read the scattering radius 
 50. Read uncertainty on Gg for 4 resonances
 51. Read uncertainty on Gg for 4 resonances ... done
 ... order resonances 
 ... Upper limit for the RRR: 927 eV (no statistical resonances HFR) from the limit.RRR file
 ... Write parameters for l=0 waves
 ... Write parameters for l=1 waves
 ... End writing original MF2 
 ... Enter in urr function (ladder option set to y) for file n-Kr080
 ... read the file /Users/koning/tares-1.8/source/Module//../../inputs/2025/list.jcs.urr to find URR origin
 Default URR taken from TALYS calculations with level density model: 91n3n12611.2850
 File considered for the URR: /Users/koning/tares-1.8/source/Module//../../inputs/2025/lib.urr/talys.urr/91n3n12611.2850/Kr/urr/urr.dat.Kr.080.000.0.gz
 ... Write URR using TALYS average parameters (used for HFR)
 ... Limit of URR changed to 25 keV (recommendation from WPEC and JEFF)
 ... Extract the Sn value from file ./urr.dat.Kr.80.0.0
 ... found Sn= 7.87406 MeV
 ... estimated number of resonances up to 3225.76 eV:  11.5209 resonances
 ... This is a test here. The higher energy limit to include URR data for calendf is set to max Sn. 24/03/2016
 ... Use Sn to define the maximum energy for the URR: Sn= 7.87406 MeV --> last_energyURR= 3225.76 eV
 ... read D0, S0, Gn and Gg
 ... number of URR energies: 95
 Number of l: 95 and last energy: 5
 Last  URR energy: 3225.76 eV
 ... Enter in to_MLBW_mf2 function
 ... Convert to Multi Level Breit Wigner (MLBW)
 ... Gn-Gg correlations: calculated capture kernel used for 4 evaluated resonances (no measured kernel)
 ... Write parameter covariances (MF32) for l=0
 Write parameter covariances (MF32) for l=1
 ... Convert parameter covariances (MF32) to MLBW
 ... copy the mf2 and mf32 to .mlbw files
 ... Enter in urr_correct function case 1
 Modify the higher limit of RRR in MF2
 --> old value: 9.270000+2 eV new value: 9.270000+2 eV
 Modify resonance covariances (MF32) to include correlations in the URR
 End Modify resonance covariances (MF32) to include correlations in the URR
 ... Enter in calendf_xs function
 Use CALENDF for statistical resonances (update MF2) up to 3.225760+3 eV (initial limit)
 Extract resonances from CALENDF for RRR->URR 2
 60 statistical resonances found
 After reduction, 54 statistical resonances found
 ... checking resonance order 1
 ... checking resonance order 2nd round for 54 resonances
 ... end checking resonance order 2nd round
 .......................................................
 ... Adjustment to the thermal cross section : start ...
 .......................................................

 Before adjustment (adjustment to the thermal cross section set to y)
 ... Import MF2 from TARES calculations
 ... End energy of TARES MF2 : 2.765671E+3 eV and limit to 40000 resonances
 ... File used for reconstruction: new.temp22.reconst
 ... run RECENT ...
 ... Doppler broadened at a unique temperature: 300 Kelvin using sigma1
 ... run SIGMA1 at 3.000000E+02 K.

 ============== INTER values at 300 Kelvin ==============
 Thermal (n,g) xs =  49.1775 b. (meas/sys: 11.5 b.) (warning: comparison to be done at 296 or 300 K)
 Th Maxw (n,g) xs =  49.451 b. (thermal Maxwellian value)
 Westcott factor  =  1.00557
 RI      (n,g)    =  75.8099 b. (meas or sys: 56.1 b.)
 MACS 3.000e+04 eV=  0.28347 b. (meas or sys: - b.) from 1.00E+00 to 2.00E+07 eV (end of RRR) at T= 300 Kelvin 
 Thermal (n,el) xs=  8.32396 b.
 RI      (n,el)   =  207.135 b.
 ============= PSYCHE values ==============
 Ave. G_total L0  =  1.46216 eV
 Ave. G_total L1  =  0.181125 eV
 Ave. G_total L2  =  0.165677 eV
 Ave. Gn_0    L0  =  0.0384756
 Ave. Gn_0    L1  =  0.108196
 Ave. Gn_0    L2  =  0.00892459
 Ave. Gg      L0  =  0.179372 eV
 Ave. Gg      L1  =  0.171315 eV
 Ave. Gg      L2  =  0.165676 eV
 Ave. D       L0  =  395.096 eV
 Ave. D       L1  =  197.548 eV
 Ave. D       L2  =  138.284 eV
 Ave. S       L0  =  0.000111295 eV
 Ave. S       L1  =  0.000360316 eV
 Ave. S       L2  =  3.23487e-05 eV
 =========================================
 Calculated capture integral   75.8099 b.
 Calculated thermal (n,g)=          49.1774881 b. and recommended= 11.5 b. (C/E= 4.2763)
 Calculated RI      (n,g)= 75.8099 b. and recommended= 56.1 b. (C/E= 1.35134)
 ... tolerances: thermal (n,g) 4.34783 %, RI(n,g) 9.98217 % (reference uncertainties, minimum 2% and 5%, maximum 20%)
 Adjust the capture widths ...
 ... capture adjusted with Gn for 47 resonances (Gn<Gg) and with Gg for 7 resonances
 ... iteration 0: C/E thermal (n,g)= 4.2763
 ...             C/E RI (n,g)= 1.35134  [RRR: 73.9008 b. + above RRR: 1.90948 b. ; reference: 56.1 b.]

 <-------- After adjustment -------->
 ... Import MF2 from TARES calculations
 ... End energy of TARES MF2 : 2.765671E+3 eV and limit to 40000 resonances
 ... File used for reconstruction: new.temp22.reconst
 ... run RECENT ...
 ... Doppler broadened at a unique temperature: 300 Kelvin using sigma1
 ... run SIGMA1 at 3.000000E+02 K.

 ============== INTER values at 300 Kelvin ==============
 Thermal (n,g) xs =  11.77 b. (meas/sys: 11.5 b.) (warning: comparison to be done at 296 or 300 K)
 Th Maxw (n,g) xs =  11.836 b. (thermal Maxwellian value)
 Westcott factor  =  1.00557
 RI      (n,g)    =  23.2435 b. (meas or sys: 56.1 b.)
 MACS 3.000e+04 eV=  0.27943 b. (meas or sys: - b.) from 1.00E+00 to 2.00E+07 eV (end of RRR) at T= 300 Kelvin 
 Thermal (n,el) xs=  5.81328 b.
 RI      (n,el)   =  230.678 b.
 ============= PSYCHE values ==============
 Ave. G_total L0  =  1.3414 eV
 Ave. G_total L1  =  0.173663 eV
 Ave. G_total L2  =  0.165676 eV
 Ave. Gn_0    L0  =  0.0384487
 Ave. Gn_0    L1  =  0.0258954
 Ave. Gn_0    L2  =  0.00213599
 Ave. Gg      L0  =  0.0597754 eV
 Ave. Gg      L1  =  0.171315 eV
 Ave. Gg      L2  =  0.165676 eV
 Ave. D       L0  =  395.096 eV
 Ave. D       L1  =  197.548 eV
 Ave. D       L2  =  138.284 eV
 Ave. S       L0  =  0.000111217 eV
 Ave. S       L1  =  8.62371e-05 eV
 Ave. S       L2  =  7.74225e-06 eV
 =========================================
 ... thermal (n,g) converged: RI(n,g) now fitted with the resonances above 0.5 eV
 ... iteration 1: C/E thermal (n,g)= 1.02348
 ...             C/E RI (n,g)= 0.414324  [RRR: 21.3418 b. + above RRR: 1.90175 b. ; reference: 56.1 b.]

 <-------- After adjustment -------->
 ... Import MF2 from TARES calculations
 ... End energy of TARES MF2 : 2.765671E+3 eV and limit to 40000 resonances
 ... File used for reconstruction: new.temp22.reconst
 ... run RECENT ...
 ... Doppler broadened at a unique temperature: 300 Kelvin using sigma1
 ... run SIGMA1 at 3.000000E+02 K.

 ============== INTER values at 300 Kelvin ==============
 Thermal (n,g) xs =  12.8323 b. (meas/sys: 11.5 b.) (warning: comparison to be done at 296 or 300 K)
 Th Maxw (n,g) xs =  12.904 b. (thermal Maxwellian value)
 Westcott factor  =  1.0056
 RI      (n,g)    =  43.1454 b. (meas or sys: 56.1 b.)
 MACS 3.000e+04 eV=  0.28137 b. (meas or sys: - b.) from 1.00E+00 to 2.00E+07 eV (end of RRR) at T= 300 Kelvin 
 Thermal (n,el) xs=  5.81308 b.
 RI      (n,el)   =  212.168 b.
 ============= PSYCHE values ==============
 Ave. G_total L0  =  1.39492 eV
 Ave. G_total L1  =  0.17697 eV
 Ave. G_total L2  =  0.165677 eV
 Ave. Gn_0    L0  =  0.0384606
 Ave. Gn_0    L1  =  0.0623709
 Ave. Gn_0    L2  =  0.00514468
 Ave. Gg      L0  =  0.11278 eV
 Ave. Gg      L1  =  0.171315 eV
 Ave. Gg      L2  =  0.165676 eV
 Ave. D       L0  =  395.096 eV
 Ave. D       L1  =  197.548 eV
 Ave. D       L2  =  138.284 eV
 Ave. S       L0  =  0.000111252 eV
 Ave. S       L1  =  0.000207708 eV
 Ave. S       L2  =  1.86478e-05 eV
 =========================================
 ... iteration 2: C/E thermal (n,g)= 1.11585
 ...             C/E RI (n,g)= 0.769083  [RRR: 41.2402 b. + above RRR: 1.90541 b. ; reference: 56.1 b.]

 <-------- After adjustment -------->
 ... Import MF2 from TARES calculations
 ... End energy of TARES MF2 : 2.765671E+3 eV and limit to 40000 resonances
 ... File used for reconstruction: new.temp22.reconst
 ... run RECENT ...
 ... Doppler broadened at a unique temperature: 300 Kelvin using sigma1
 ... run SIGMA1 at 3.000000E+02 K.

 ============== INTER values at 300 Kelvin ==============
 Thermal (n,g) xs =  12.3679 b. (meas/sys: 11.5 b.) (warning: comparison to be done at 296 or 300 K)
 Th Maxw (n,g) xs =  12.437 b. (thermal Maxwellian value)
 Westcott factor  =  1.00562
 RI      (n,g)    =  50.0189 b. (meas or sys: 56.1 b.)
 MACS 3.000e+04 eV=  0.28211 b. (meas or sys: - b.) from 1.00E+00 to 2.00E+07 eV (end of RRR) at T= 300 Kelvin 
 Thermal (n,el) xs=  5.75359 b.
 RI      (n,el)   =  205.197 b.
 ============= PSYCHE values ==============
 Ave. G_total L0  =  1.41746 eV
 Ave. G_total L1  =  0.178363 eV
 Ave. G_total L2  =  0.165677 eV
 Ave. Gn_0    L0  =  0.0384657
 Ave. Gn_0    L1  =  0.0777359
 Ave. Gn_0    L2  =  0.00641206
 Ave. Gg      L0  =  0.135108 eV
 Ave. Gg      L1  =  0.171315 eV
 Ave. Gg      L2  =  0.165676 eV
 Ave. D       L0  =  395.096 eV
 Ave. D       L1  =  197.548 eV
 Ave. D       L2  =  138.284 eV
 Ave. S       L0  =  0.000111266 eV
 Ave. S       L1  =  0.000258877 eV
 Ave. S       L2  =  2.32416e-05 eV
 =========================================
 ... iteration 3: C/E thermal (n,g)= 1.07547
 ...             C/E RI (n,g)= 0.891602  [RRR: 48.112 b. + above RRR: 1.90685 b. ; reference: 56.1 b.]

 <-------- After adjustment -------->
 ... Import MF2 from TARES calculations
 ... End energy of TARES MF2 : 2.765671E+3 eV and limit to 40000 resonances
 ... File used for reconstruction: new.temp22.reconst
 ... run RECENT ...
 ... Doppler broadened at a unique temperature: 300 Kelvin using sigma1
 ... run SIGMA1 at 3.000000E+02 K.

 ============== INTER values at 300 Kelvin ==============
 Thermal (n,g) xs =  12.0341 b. (meas/sys: 11.5 b.) (warning: comparison to be done at 296 or 300 K)
 Th Maxw (n,g) xs =  12.102 b. (thermal Maxwellian value)
 Westcott factor  =  1.00563
 RI      (n,g)    =  52.1866 b. (meas or sys: 56.1 b.)
 MACS 3.000e+04 eV=  0.28235 b. (meas or sys: - b.) from 1.00E+00 to 2.00E+07 eV (end of RRR) at T= 300 Kelvin 
 Thermal (n,el) xs=  5.72187 b.
 RI      (n,el)   =  202.985 b.
 ============= PSYCHE values ==============
 Ave. G_total L0  =  1.42525 eV
 Ave. G_total L1  =  0.178844 eV
 Ave. G_total L2  =  0.165677 eV
 Ave. Gn_0    L0  =  0.0384674
 Ave. Gn_0    L1  =  0.0830454
 Ave. Gn_0    L2  =  0.00685001
 Ave. Gg      L0  =  0.142824 eV
 Ave. Gg      L1  =  0.171315 eV
 Ave. Gg      L2  =  0.165676 eV
 Ave. D       L0  =  395.096 eV
 Ave. D       L1  =  197.548 eV
 Ave. D       L2  =  138.284 eV
 Ave. S       L0  =  0.000111271 eV
 Ave. S       L1  =  0.000276558 eV
 Ave. S       L2  =  2.4829e-05 eV
 =========================================
 ... iteration 4: C/E thermal (n,g)= 1.04644
 ...             C/E RI (n,g)= 0.930243  [RRR: 50.2794 b. + above RRR: 1.9073 b. ; reference: 56.1 b.]

 <-------- After adjustment -------->
 ... Import MF2 from TARES calculations
 ... End energy of TARES MF2 : 2.765671E+3 eV and limit to 40000 resonances
 ... File used for reconstruction: new.temp22.reconst
 ... run RECENT ...
 ... Doppler broadened at a unique temperature: 300 Kelvin using sigma1
 ... run SIGMA1 at 3.000000E+02 K.

 ============== INTER values at 300 Kelvin ==============
 Thermal (n,g) xs =  11.8769 b. (meas/sys: 11.5 b.) (warning: comparison to be done at 296 or 300 K)
 Th Maxw (n,g) xs =  11.944 b. (thermal Maxwellian value)
 Westcott factor  =  1.00563
 RI      (n,g)    =  52.9069 b. (meas or sys: 56.1 b.)
 MACS 3.000e+04 eV=  0.28244 b. (meas or sys: - b.) from 1.00E+00 to 2.00E+07 eV (end of RRR) at T= 300 Kelvin 
 Thermal (n,el) xs=  5.7082 b.
 RI      (n,el)   =  202.115 b.
 ============= PSYCHE values ==============
 Ave. G_total L0  =  1.42796 eV
 Ave. G_total L1  =  0.179012 eV
 Ave. G_total L2  =  0.165677 eV
 Ave. Gn_0    L0  =  0.038468
 Ave. Gn_0    L1  =  0.0848925
 Ave. Gn_0    L2  =  0.00700237
 Ave. Gg      L0  =  0.145508 eV
 Ave. Gg      L1  =  0.171315 eV
 Ave. Gg      L2  =  0.165676 eV
 Ave. D       L0  =  395.096 eV
 Ave. D       L1  =  197.548 eV
 Ave. D       L2  =  138.284 eV
 Ave. S       L0  =  0.000111273 eV
 Ave. S       L1  =  0.00028271 eV
 Ave. S       L2  =  2.53813e-05 eV
 =========================================
 ... iteration 5: C/E thermal (n,g)= 1.03277
 ...             C/E RI (n,g)= 0.943083  [RRR: 50.9995 b. + above RRR: 1.90747 b. ; reference: 56.1 b.]


 ... ratio C/E thermal (n,g): 1.032771E+00
 ...................................................... 
 ... Adjustment to the thermal cross section : stop ...
 ...................................................... 
 ... new MF2 file after adjustment: n-Kr080
 ... read the file /Users/koning/tares-1.8/source/Module//../../inputs/2025/list.jcs.urr to find URR origin
 Default URR taken from TALYS calculations with level density model: 91n3n12611.2850
 File considered for the URR: /Users/koning/tares-1.8/source/Module//../../inputs/2025/lib.urr/talys.urr/91n3n12611.2850/Kr/urr/urr.dat.Kr.080.000.0.gz
 ... Write URR using TALYS average parameters (not used for HFR)
 ... Limit of URR changed to 25 keV (recommendation from WPEC and JEFF)
 Energy limit of the URR set to 3595.37 eV
 ... read D0, S0, Gn and Gg
 ... number of URR energies: 20
 Number of l: 20 and last energy: 5
 Last  URR energy: 3595.37 eV
 ... Enter in urr_correct function case 2
 Modify the higher limit of RRR in MF2
 --> old value: 2.765671+3 eV new value: 2.765671+3 eV
 Modify resonance covariances (MF32) to include correlations in the URR
 End Modify resonance covariances (MF32) to include correlations in the URR
 ... Enter in update_MF32 function
 ... Change uncertainties
 ... for the HFR, random position of the positive resonances with 0.020689 %
 ... MF32: 2 energy correlation lines (time of flight) for the first 3 evaluated resonances
 ... end of update MF32 function
 ... GLS calculation of the parameter correlations from the thermal/RI adjustment (MF32c)
 ... MF32: correlations from the thermal/RI adjustment (GLS) for 4 resonances (8 widths), 9 correlation lines
 ...   thermal (n,g): uncertainty from these widths 0.643826 b. -> 0.394838 b. (reference: 11.5 +/- 0.5 b.)
 ...   RI(n,g): uncertainty from these widths 6.2138 b. -> 4.15904 b. (reference: 56.1 +/- 5.6 b.)
 ... copy the mf2 and mf32 to .mlbw files

 ... Start of final reconstruction and testing ...
 ... Reconstruction of cross sections at 0 Kelvin  ... Import MF2 from TARES calculations
 ... End energy of TARES MF2 : 2.765671E+3 eV and limit to 40000 resonances
 ... File used for reconstruction: n-Kr080.reconst
 ... run RECENT ...
 ... Doppler broadened at a unique temperature: 0 Kelvin using sigma1
 ... The keyword temperature is zero, no Doppler broadening for the MACS

 ============== INTER values at 0 Kelvin ==============
 Thermal (n,g) xs =  11.8705 b. (meas/sys: 11.5 b.) (warning: comparison to be done at 296 or 300 K)
 Th Maxw (n,g) xs =  11.876 b. (thermal Maxwellian value)
 Westcott factor  =  1.00044
 RI      (n,g)    =  52.8588 b. (meas or sys: 56.1 b.)
 MACS 3.000e+04 eV=  0.28076 b. (meas or sys: - b.) from 1.00E+00 to 2.77E+03 eV (end of RRR) at T= 0 Kelvin 
 Thermal (n,el) xs=  5.67195 b.
 RI      (n,el)   =  200.027 b.
 ============= PSYCHE values ==============
 Ave. G_total L0  =  1.42796 eV
 Ave. G_total L1  =  0.179012 eV
 Ave. G_total L2  =  0.165677 eV
 Ave. Gn_0    L0  =  0.038468
 Ave. Gn_0    L1  =  0.0848925
 Ave. Gn_0    L2  =  0.00700237
 Ave. Gg      L0  =  0.145508 eV
 Ave. Gg      L1  =  0.171315 eV
 Ave. Gg      L2  =  0.165676 eV
 Ave. D       L0  =  395.096 eV
 Ave. D       L1  =  197.548 eV
 Ave. D       L2  =  138.284 eV
 Ave. S       L0  =  0.000111273 eV
 Ave. S       L1  =  0.00028271 eV
 Ave. S       L2  =  2.53813e-05 eV
 =========================================
 ... End of final reconstruction and testing ...

 ... grouping is not optimum, change to 70 groups
 ... Produce MF33 based on MF32 and 300 random files
 ... MF3 of n-Kr080.reconst (3 sections) added to the files for ENDSAM
 ... run endsam for 300 in groups of 1 global run(s)
 ... run endsam from 201 to 300
 ... random files: total width GT set to Gn+Gg+Gf (16200 resonances in 300 files)
 ... reorder resonance position after endsam (sampling)
 ... preparing the vectors  ... done
 ... nominal file 0 Cap(th)  ave= 1.187E+01 b. +/- 0.00 % || Ela(th) ave= 5.672E+00 b. +/- 0.00 % || RIcap ave= 5.29E+01 b. +/- 0.00 % || Macs30 ave= 2.81E-01 b. +/- 0.00 % || Gn^0(l=0) ave= 3.847E-02 +/- 0.00 % Gn^0(l=1) ave= 8.489E-02 +/- 0.00 % Gn^0(l=2) ave= 7.002E-03 +/- 0.00 % Gn^0(l=3) ave= 0.000E+00 +/- 0.00 % || Gtotal(l=0) ave= 1.428E+00 +/- 0.00 % Gtotal(l=1) ave= 1.790E-01 +/- 0.00 % Gtotal(l=2) ave= 1.657E-01 +/- 0.00 % Gtotal(l=3) ave= 0.000E+00 +/- 0.00 %  % || Gg(l=0) ave= 1.455E-01 +/- 0.00 % Gg(l=1) ave= 1.713E-01 +/- 0.00 % Gg(l=2) ave= 1.657E-01 +/- 0.00 % Gg(l=3) ave= 0.000E+00 +/- 0.00 %  % || D(l=0) ave= 3.951E+02 +/- 0.00 % D(l=1) ave= 1.975E+02 +/- 0.00 % D(l=2) ave= 1.383E+02 +/- 0.00 % D(l=3) ave= 0.000E+00 +/- 0.00 %  % || S(l=0) ave= 1.113E-04 +/- 0.00 % S(l=1) ave= 2.827E-04 +/- 0.00 % S(l=2) ave= 2.538E-05 +/- 0.00 % S(l=3) ave= 0.000E+00 +/- 0.00 % 
 ... random file  1 Cap(th)  ave= 1.218E+01 b. +/- 2.55 % || Ela(th) ave= 5.372E+00 b. +/- 5.59 % || RIcap ave= 5.56E+01 b. +/- 4.89 % || Macs30 ave= 2.81E-01 b. +/- 0.03 % || Gn^0(l=0) ave= 3.927E-02 +/- 2.05 % Gn^0(l=1) ave= 8.944E-02 +/- 5.08 % Gn^0(l=2) ave= 7.756E-03 +/- 9.71 % Gn^0(l=3) ave= 0.000E+00 +/- 0.00 % || Gtotal(l=0) ave= 1.419E+00 +/- 0.64 % Gtotal(l=1) ave= 1.754E-01 +/- 2.08 % Gtotal(l=2) ave= 1.641E-01 +/- 0.98 % Gtotal(l=3) ave= 0.000E+00 +/- 0.00 %  % || Gg(l=0) ave= 1.482E-01 +/- 1.79 % Gg(l=1) ave= 1.677E-01 +/- 2.18 % Gg(l=2) ave= 1.641E-01 +/- 0.98 % Gg(l=3) ave= 0.000E+00 +/- 0.00 %  % || D(l=0) ave= 4.280E+02 +/- 7.69 % D(l=1) ave= 1.975E+02 +/- 0.00 % D(l=2) ave= 1.383E+02 +/- 0.00 % D(l=3) ave= 0.000E+00 +/- 0.00 %  % || S(l=0) ave= 1.064E-04 +/- 4.62 % S(l=1) ave= 2.978E-04 +/- 5.08 % S(l=2) ave= 2.811E-05 +/- 9.71 % S(l=3) ave= 0.000E+00 +/- 0.00 % 
 ... random file  2 Cap(th)  ave= 1.236E+01 b. +/- 2.92 % || Ela(th) ave= 5.629E+00 b. +/- 7.79 % || RIcap ave= 5.83E+01 b. +/- 7.56 % || Macs30 ave= 2.81E-01 b. +/- 0.03 % || Gn^0(l=0) ave= 3.897E-02 +/- 2.01 % Gn^0(l=1) ave= 8.595E-02 +/- 7.18 % Gn^0(l=2) ave= 7.213E-03 +/- 13.64 % Gn^0(l=3) ave= 0.000E+00 +/- 0.00 % || Gtotal(l=0) ave= 1.420E+00 +/- 0.54 % Gtotal(l=1) ave= 1.722E-01 +/- 3.15 % Gtotal(l=2) ave= 1.635E-01 +/- 0.95 % Gtotal(l=3) ave= 0.000E+00 +/- 0.00 %  % || Gg(l=0) ave= 1.461E-01 +/- 2.49 % Gg(l=1) ave= 1.645E-01 +/- 3.29 % Gg(l=2) ave= 1.635E-01 +/- 0.95 % Gg(l=3) ave= 0.000E+00 +/- 0.00 %  % || D(l=0) ave= 4.170E+02 +/- 7.44 % D(l=1) ave= 1.975E+02 +/- 0.00 % D(l=2) ave= 1.383E+02 +/- 0.00 % D(l=3) ave= 0.000E+00 +/- 0.00 %  % || S(l=0) ave= 1.079E-04 +/- 4.23 % S(l=1) ave= 2.862E-04 +/- 7.19 % S(l=2) ave= 2.614E-05 +/- 13.63 % S(l=3) ave= 0.000E+00 +/- 0.00 % 
 ... random file  3 Cap(th)  ave= 1.204E+01 b. +/- 5.31 % || Ela(th) ave= 5.883E+00 b. +/- 9.87 % || RIcap ave= 5.56E+01 b. +/- 10.77 % || Macs30 ave= 2.81E-01 b. +/- 0.09 % || Gn^0(l=0) ave= 3.928E-02 +/- 2.19 % Gn^0(l=1) ave= 8.302E-02 +/- 8.88 % Gn^0(l=2) ave= 6.733E-03 +/- 17.68 % Gn^0(l=3) ave= 0.000E+00 +/- 0.00 % || Gtotal(l=0) ave= 1.411E+00 +/- 1.21 % Gtotal(l=1) ave= 1.771E-01 +/- 5.53 % Gtotal(l=2) ave= 1.647E-01 +/- 1.53 % Gtotal(l=3) ave= 0.000E+00 +/- 0.00 %  % || Gg(l=0) ave= 1.408E-01 +/- 6.86 % Gg(l=1) ave= 1.694E-01 +/- 5.78 % Gg(l=2) ave= 1.647E-01 +/- 1.53 % Gg(l=3) ave= 0.000E+00 +/- 0.00 %  % || D(l=0) ave= 4.280E+02 +/- 7.69 % D(l=1) ave= 1.975E+02 +/- 0.00 % D(l=2) ave= 1.383E+02 +/- 0.00 % D(l=3) ave= 0.000E+00 +/- 0.00 %  % || S(l=0) ave= 1.064E-04 +/- 4.49 % S(l=1) ave= 2.765E-04 +/- 8.86 % S(l=2) ave= 2.440E-05 +/- 17.68 % S(l=3) ave= 0.000E+00 +/- 0.00 % 
 ... random file  4 Cap(th)  ave= 1.210E+01 b. +/- 4.84 % || Ela(th) ave= 5.696E+00 b. +/- 11.22 % || RIcap ave= 5.46E+01 b. +/- 10.43 % || Macs30 ave= 2.81E-01 b. +/- 0.09 % || Gn^0(l=0) ave= 3.940E-02 +/- 2.05 % Gn^0(l=1) ave= 8.558E-02 +/- 9.76 % Gn^0(l=2) ave= 7.157E-03 +/- 19.02 % Gn^0(l=3) ave= 0.000E+00 +/- 0.00 % || Gtotal(l=0) ave= 1.411E+00 +/- 1.09 % Gtotal(l=1) ave= 1.784E-01 +/- 5.10 % Gtotal(l=2) ave= 1.661E-01 +/- 2.19 % Gtotal(l=3) ave= 0.000E+00 +/- 0.00 %  % || Gg(l=0) ave= 1.437E-01 +/- 7.22 % Gg(l=1) ave= 1.707E-01 +/- 5.33 % Gg(l=2) ave= 1.661E-01 +/- 2.19 % Gg(l=3) ave= 0.000E+00 +/- 0.00 %  % || D(l=0) ave= 4.346E+02 +/- 7.42 % D(l=1) ave= 1.975E+02 +/- 0.00 % D(l=2) ave= 1.383E+02 +/- 0.00 % D(l=3) ave= 0.000E+00 +/- 0.00 %  % || S(l=0) ave= 1.053E-04 +/- 4.54 % S(l=1) ave= 2.851E-04 +/- 9.77 % S(l=2) ave= 2.594E-05 +/- 19.02 % S(l=3) ave= 0.000E+00 +/- 0.00 % 
 ... random file  5 Cap(th)  ave= 1.187E+01 b. +/- 6.26 % || Ela(th) ave= 5.642E+00 b. +/- 10.56 % || RIcap ave= 5.28E+01 b. +/- 12.50 % || Macs30 ave= 2.81E-01 b. +/- 0.10 % || Gn^0(l=0) ave= 3.931E-02 +/- 1.95 % Gn^0(l=1) ave= 8.596E-02 +/- 8.93 % Gn^0(l=2) ave= 7.202E-03 +/- 17.31 % Gn^0(l=3) ave= 0.000E+00 +/- 0.00 % || Gtotal(l=0) ave= 1.413E+00 +/- 1.07 % Gtotal(l=1) ave= 1.780E-01 +/- 4.68 % Gtotal(l=2) ave= 1.689E-01 +/- 4.17 % Gtotal(l=3) ave= 0.000E+00 +/- 0.00 %  % || Gg(l=0) ave= 1.426E-01 +/- 6.87 % Gg(l=1) ave= 1.703E-01 +/- 4.90 % Gg(l=2) ave= 1.689E-01 +/- 4.17 % Gg(l=3) ave= 0.000E+00 +/- 0.00 %  % || D(l=0) ave= 4.280E+02 +/- 7.69 % D(l=1) ave= 1.975E+02 +/- 0.00 % D(l=2) ave= 1.383E+02 +/- 0.00 % D(l=3) ave= 0.000E+00 +/- 0.00 %  % || S(l=0) ave= 1.065E-04 +/- 4.80 % S(l=1) ave= 2.863E-04 +/- 8.93 % S(l=2) ave= 2.611E-05 +/- 17.31 % S(l=3) ave= 0.000E+00 +/- 0.00 % 
 ... random file  6 Cap(th)  ave= 1.188E+01 b. +/- 5.79 % || Ela(th) ave= 5.621E+00 b. +/- 9.86 % || RIcap ave= 5.20E+01 b. +/- 12.34 % || Macs30 ave= 2.81E-01 b. +/- 0.12 % || Gn^0(l=0) ave= 3.921E-02 +/- 1.92 % Gn^0(l=1) ave= 8.610E-02 +/- 8.26 % Gn^0(l=2) ave= 7.223E-03 +/- 16.00 % Gn^0(l=3) ave= 0.000E+00 +/- 0.00 % || Gtotal(l=0) ave= 1.418E+00 +/- 1.31 % Gtotal(l=1) ave= 1.769E-01 +/- 4.65 % Gtotal(l=2) ave= 1.671E-01 +/- 4.69 % Gtotal(l=3) ave= 0.000E+00 +/- 0.00 %  % || Gg(l=0) ave= 1.456E-01 +/- 8.04 % Gg(l=1) ave= 1.692E-01 +/- 4.86 % Gg(l=2) ave= 1.671E-01 +/- 4.69 % Gg(l=3) ave= 0.000E+00 +/- 0.00 %  % || D(l=0) ave= 4.233E+02 +/- 7.70 % D(l=1) ave= 1.975E+02 +/- 0.00 % D(l=2) ave= 1.383E+02 +/- 0.00 % D(l=3) ave= 0.000E+00 +/- 0.00 %  % || S(l=0) ave= 1.072E-04 +/- 4.72 % S(l=1) ave= 2.868E-04 +/- 8.26 % S(l=2) ave= 2.618E-05 +/- 16.00 % S(l=3) ave= 0.000E+00 +/- 0.00 % 
 ... random file  7 Cap(th)  ave= 1.185E+01 b. +/- 5.48 % || Ela(th) ave= 5.590E+00 b. +/- 9.39 % || RIcap ave= 5.17E+01 b. +/- 11.73 % || Macs30 ave= 2.81E-01 b. +/- 0.13 % || Gn^0(l=0) ave= 3.930E-02 +/- 1.90 % Gn^0(l=1) ave= 8.627E-02 +/- 7.73 % Gn^0(l=2) ave= 7.279E-03 +/- 14.99 % Gn^0(l=3) ave= 0.000E+00 +/- 0.00 % || Gtotal(l=0) ave= 1.413E+00 +/- 1.56 % Gtotal(l=1) ave= 1.781E-01 +/- 4.68 % Gtotal(l=2) ave= 1.682E-01 +/- 4.68 % Gtotal(l=3) ave= 0.000E+00 +/- 0.00 %  % || Gg(l=0) ave= 1.425E-01 +/- 9.53 % Gg(l=1) ave= 1.704E-01 +/- 4.89 % Gg(l=2) ave= 1.682E-01 +/- 4.68 % Gg(l=3) ave= 0.000E+00 +/- 0.00 %  % || D(l=0) ave= 4.280E+02 +/- 7.69 % D(l=1) ave= 1.975E+02 +/- 0.00 % D(l=2) ave= 1.383E+02 +/- 0.00 % D(l=3) ave= 0.000E+00 +/- 0.00 %  % || S(l=0) ave= 1.064E-04 +/- 4.83 % S(l=1) ave= 2.873E-04 +/- 7.73 % S(l=2) ave= 2.638E-05 +/- 14.99 % S(l=3) ave= 0.000E+00 +/- 0.00 % 
 ... random file  8 Cap(th)  ave= 1.205E+01 b. +/- 6.92 % || Ela(th) ave= 5.631E+00 b. +/- 9.03 % || RIcap ave= 5.29E+01 b. +/- 12.59 % || Macs30 ave= 2.81E-01 b. +/- 0.12 % || Gn^0(l=0) ave= 3.934E-02 +/- 1.81 % Gn^0(l=1) ave= 8.572E-02 +/- 7.56 % Gn^0(l=2) ave= 7.192E-03 +/- 14.71 % Gn^0(l=3) ave= 0.000E+00 +/- 0.00 % || Gtotal(l=0) ave= 1.412E+00 +/- 1.49 % Gtotal(l=1) ave= 1.772E-01 +/- 4.67 % Gtotal(l=2) ave= 1.684E-01 +/- 4.42 % Gtotal(l=3) ave= 0.000E+00 +/- 0.00 %  % || Gg(l=0) ave= 1.439E-01 +/- 9.27 % Gg(l=1) ave= 1.695E-01 +/- 4.88 % Gg(l=2) ave= 1.684E-01 +/- 4.42 % Gg(l=3) ave= 0.000E+00 +/- 0.00 %  % || D(l=0) ave= 4.317E+02 +/- 7.58 % D(l=1) ave= 1.975E+02 +/- 0.00 % D(l=2) ave= 1.383E+02 +/- 0.00 % D(l=3) ave= 0.000E+00 +/- 0.00 %  % || S(l=0) ave= 1.058E-04 +/- 4.92 % S(l=1) ave= 2.854E-04 +/- 7.56 % S(l=2) ave= 2.607E-05 +/- 14.71 % S(l=3) ave= 0.000E+00 +/- 0.00 % 
 ... random file  9 Cap(th)  ave= 1.196E+01 b. +/- 6.94 % || Ela(th) ave= 5.642E+00 b. +/- 8.56 % || RIcap ave= 5.24E+01 b. +/- 12.35 % || Macs30 ave= 2.81E-01 b. +/- 0.12 % || Gn^0(l=0) ave= 3.926E-02 +/- 1.82 % Gn^0(l=1) ave= 8.551E-02 +/- 7.22 % Gn^0(l=2) ave= 7.157E-03 +/- 14.10 % Gn^0(l=3) ave= 0.000E+00 +/- 0.00 % || Gtotal(l=0) ave= 1.414E+00 +/- 1.49 % Gtotal(l=1) ave= 1.767E-01 +/- 4.50 % Gtotal(l=2) ave= 1.676E-01 +/- 4.44 % Gtotal(l=3) ave= 0.000E+00 +/- 0.00 %  % || Gg(l=0) ave= 1.442E-01 +/- 8.81 % Gg(l=1) ave= 1.691E-01 +/- 4.70 % Gg(l=2) ave= 1.676E-01 +/- 4.44 % Gg(l=3) ave= 0.000E+00 +/- 0.00 %  % || D(l=0) ave= 4.280E+02 +/- 7.69 % D(l=1) ave= 1.975E+02 +/- 0.00 % D(l=2) ave= 1.383E+02 +/- 0.00 % D(l=3) ave= 0.000E+00 +/- 0.00 %  % || S(l=0) ave= 1.064E-04 +/- 4.93 % S(l=1) ave= 2.847E-04 +/- 7.23 % S(l=2) ave= 2.594E-05 +/- 14.10 % S(l=3) ave= 0.000E+00 +/- 0.00 % 
 ... random file  10 Cap(th)  ave= 1.195E+01 b. +/- 6.64 % || Ela(th) ave= 5.612E+00 b. +/- 8.37 % || RIcap ave= 5.22E+01 b. +/- 11.90 % || Macs30 ave= 2.81E-01 b. +/- 0.11 % || Gn^0(l=0) ave= 3.917E-02 +/- 1.89 % Gn^0(l=1) ave= 8.593E-02 +/- 7.03 % Gn^0(l=2) ave= 7.219E-03 +/- 13.60 % Gn^0(l=3) ave= 0.000E+00 +/- 0.00 % || Gtotal(l=0) ave= 1.415E+00 +/- 1.43 % Gtotal(l=1) ave= 1.759E-01 +/- 4.59 % Gtotal(l=2) ave= 1.673E-01 +/- 4.28 % Gtotal(l=3) ave= 0.000E+00 +/- 0.00 %  % || Gg(l=0) ave= 1.445E-01 +/- 8.40 % Gg(l=1) ave= 1.682E-01 +/- 4.80 % Gg(l=2) ave= 1.673E-01 +/- 4.28 % Gg(l=3) ave= 0.000E+00 +/- 0.00 %  % || D(l=0) ave= 4.250E+02 +/- 7.71 % D(l=1) ave= 1.975E+02 +/- 0.00 % D(l=2) ave= 1.383E+02 +/- 0.00 % D(l=3) ave= 0.000E+00 +/- 0.00 %  % || S(l=0) ave= 1.067E-04 +/- 4.82 % S(l=1) ave= 2.862E-04 +/- 7.03 % S(l=2) ave= 2.617E-05 +/- 13.60 % S(l=3) ave= 0.000E+00 +/- 0.00 % 
 ... random file  11 Cap(th)  ave= 1.221E+01 b. +/- 9.43 % || Ela(th) ave= 5.664E+00 b. +/- 8.50 % || RIcap ave= 5.38E+01 b. +/- 14.68 % || Macs30 ave= 2.81E-01 b. +/- 0.12 % || Gn^0(l=0) ave= 3.911E-02 +/- 1.89 % Gn^0(l=1) ave= 8.523E-02 +/- 7.31 % Gn^0(l=2) ave= 7.113E-03 +/- 14.11 % Gn^0(l=3) ave= 0.000E+00 +/- 0.00 % || Gtotal(l=0) ave= 1.417E+00 +/- 1.43 % Gtotal(l=1) ave= 1.763E-01 +/- 4.47 % Gtotal(l=2) ave= 1.669E-01 +/- 4.16 % Gtotal(l=3) ave= 0.000E+00 +/- 0.00 %  % || Gg(l=0) ave= 1.454E-01 +/- 8.27 % Gg(l=1) ave= 1.686E-01 +/- 4.67 % Gg(l=2) ave= 1.669E-01 +/- 4.16 % Gg(l=3) ave= 0.000E+00 +/- 0.00 %  % || D(l=0) ave= 4.225E+02 +/- 7.68 % D(l=1) ave= 1.975E+02 +/- 0.00 % D(l=2) ave= 1.383E+02 +/- 0.00 % D(l=3) ave= 0.000E+00 +/- 0.00 %  % || S(l=0) ave= 1.071E-04 +/- 4.74 % S(l=1) ave= 2.838E-04 +/- 7.32 % S(l=2) ave= 2.578E-05 +/- 14.11 % S(l=3) ave= 0.000E+00 +/- 0.00 % 
 ... random file  12 Cap(th)  ave= 1.219E+01 b. +/- 9.10 % || Ela(th) ave= 5.578E+00 b. +/- 9.88 % || RIcap ave= 5.37E+01 b. +/- 14.11 % || Macs30 ave= 2.81E-01 b. +/- 0.12 % || Gn^0(l=0) ave= 3.905E-02 +/- 1.89 % Gn^0(l=1) ave= 8.663E-02 +/- 8.90 % Gn^0(l=2) ave= 7.351E-03 +/- 17.26 % Gn^0(l=3) ave= 0.000E+00 +/- 0.00 % || Gtotal(l=0) ave= 1.419E+00 +/- 1.42 % Gtotal(l=1) ave= 1.756E-01 +/- 4.52 % Gtotal(l=2) ave= 1.666E-01 +/- 4.08 % Gtotal(l=3) ave= 0.000E+00 +/- 0.00 %  % || Gg(l=0) ave= 1.463E-01 +/- 8.19 % Gg(l=1) ave= 1.680E-01 +/- 4.73 % Gg(l=2) ave= 1.666E-01 +/- 4.08 % Gg(l=3) ave= 0.000E+00 +/- 0.00 %  % || D(l=0) ave= 4.204E+02 +/- 7.62 % D(l=1) ave= 1.975E+02 +/- 0.00 % D(l=2) ave= 1.383E+02 +/- 0.00 % D(l=3) ave= 0.000E+00 +/- 0.00 %  % || S(l=0) ave= 1.074E-04 +/- 4.64 % S(l=1) ave= 2.885E-04 +/- 8.93 % S(l=2) ave= 2.664E-05 +/- 17.26 % S(l=3) ave= 0.000E+00 +/- 0.00 % 
 ... random file  13 Cap(th)  ave= 1.217E+01 b. +/- 8.79 % || Ela(th) ave= 5.606E+00 b. +/- 9.64 % || RIcap ave= 5.38E+01 b. +/- 13.59 % || Macs30 ave= 2.81E-01 b. +/- 0.11 % || Gn^0(l=0) ave= 3.898E-02 +/- 1.94 % Gn^0(l=1) ave= 8.631E-02 +/- 8.71 % Gn^0(l=2) ave= 7.291E-03 +/- 17.03 % Gn^0(l=3) ave= 0.000E+00 +/- 0.00 % || Gtotal(l=0) ave= 1.419E+00 +/- 1.37 % Gtotal(l=1) ave= 1.747E-01 +/- 4.81 % Gtotal(l=2) ave= 1.661E-01 +/- 4.05 % Gtotal(l=3) ave= 0.000E+00 +/- 0.00 %  % || Gg(l=0) ave= 1.467E-01 +/- 7.92 % Gg(l=1) ave= 1.670E-01 +/- 5.03 % Gg(l=2) ave= 1.661E-01 +/- 4.05 % Gg(l=3) ave= 0.000E+00 +/- 0.00 %  % || D(l=0) ave= 4.186E+02 +/- 7.54 % D(l=1) ave= 1.975E+02 +/- 0.00 % D(l=2) ave= 1.383E+02 +/- 0.00 % D(l=3) ave= 0.000E+00 +/- 0.00 %  % || S(l=0) ave= 1.076E-04 +/- 4.51 % S(l=1) ave= 2.874E-04 +/- 8.74 % S(l=2) ave= 2.643E-05 +/- 17.03 % S(l=3) ave= 0.000E+00 +/- 0.00 % 
 ... random file  14 Cap(th)  ave= 1.217E+01 b. +/- 8.49 % || Ela(th) ave= 5.585E+00 b. +/- 9.45 % || RIcap ave= 5.37E+01 b. +/- 13.17 % || Macs30 ave= 2.81E-01 b. +/- 0.11 % || Gn^0(l=0) ave= 3.906E-02 +/- 2.00 % Gn^0(l=1) ave= 8.650E-02 +/- 8.44 % Gn^0(l=2) ave= 7.319E-03 +/- 16.45 % Gn^0(l=3) ave= 0.000E+00 +/- 0.00 % || Gtotal(l=0) ave= 1.418E+00 +/- 1.34 % Gtotal(l=1) ave= 1.741E-01 +/- 4.83 % Gtotal(l=2) ave= 1.674E-01 +/- 4.78 % Gtotal(l=3) ave= 0.000E+00 +/- 0.00 %  % || Gg(l=0) ave= 1.472E-01 +/- 7.73 % Gg(l=1) ave= 1.664E-01 +/- 5.05 % Gg(l=2) ave= 1.674E-01 +/- 4.78 % Gg(l=3) ave= 0.000E+00 +/- 0.00 %  % || D(l=0) ave= 4.214E+02 +/- 7.65 % D(l=1) ave= 1.975E+02 +/- 0.00 % D(l=2) ave= 1.383E+02 +/- 0.00 % D(l=3) ave= 0.000E+00 +/- 0.00 %  % || S(l=0) ave= 1.072E-04 +/- 4.59 % S(l=1) ave= 2.881E-04 +/- 8.47 % S(l=2) ave= 2.653E-05 +/- 16.45 % S(l=3) ave= 0.000E+00 +/- 0.00 % 
 ... random file  15 Cap(th)  ave= 1.214E+01 b. +/- 8.29 % || Ela(th) ave= 5.550E+00 b. +/- 9.53 % || RIcap ave= 5.34E+01 b. +/- 13.12 % || Macs30 ave= 2.81E-01 b. +/- 0.11 % || Gn^0(l=0) ave= 3.915E-02 +/- 2.13 % Gn^0(l=1) ave= 8.692E-02 +/- 8.34 % Gn^0(l=2) ave= 7.383E-03 +/- 16.15 % Gn^0(l=3) ave= 0.000E+00 +/- 0.00 % || Gtotal(l=0) ave= 1.417E+00 +/- 1.35 % Gtotal(l=1) ave= 1.737E-01 +/- 4.79 % Gtotal(l=2) ave= 1.669E-01 +/- 4.75 % Gtotal(l=3) ave= 0.000E+00 +/- 0.00 %  % || Gg(l=0) ave= 1.462E-01 +/- 7.92 % Gg(l=1) ave= 1.660E-01 +/- 5.01 % Gg(l=2) ave= 1.669E-01 +/- 4.75 % Gg(l=3) ave= 0.000E+00 +/- 0.00 %  % || D(l=0) ave= 4.239E+02 +/- 7.71 % D(l=1) ave= 1.975E+02 +/- 0.00 % D(l=2) ave= 1.383E+02 +/- 0.00 % D(l=3) ave= 0.000E+00 +/- 0.00 %  % || S(l=0) ave= 1.069E-04 +/- 4.59 % S(l=1) ave= 2.895E-04 +/- 8.37 % S(l=2) ave= 2.676E-05 +/- 16.14 % S(l=3) ave= 0.000E+00 +/- 0.00 % 
 ... random file  16 Cap(th)  ave= 1.215E+01 b. +/- 8.05 % || Ela(th) ave= 5.543E+00 b. +/- 9.27 % || RIcap ave= 5.33E+01 b. +/- 12.76 % || Macs30 ave= 2.81E-01 b. +/- 0.11 % || Gn^0(l=0) ave= 3.910E-02 +/- 2.11 % Gn^0(l=1) ave= 8.694E-02 +/- 8.09 % Gn^0(l=2) ave= 7.389E-03 +/- 15.65 % Gn^0(l=3) ave= 0.000E+00 +/- 0.00 % || Gtotal(l=0) ave= 1.417E+00 +/- 1.31 % Gtotal(l=1) ave= 1.750E-01 +/- 5.53 % Gtotal(l=2) ave= 1.668E-01 +/- 4.63 % Gtotal(l=3) ave= 0.000E+00 +/- 0.00 %  % || Gg(l=0) ave= 1.461E-01 +/- 7.70 % Gg(l=1) ave= 1.673E-01 +/- 5.78 % Gg(l=2) ave= 1.668E-01 +/- 4.63 % Gg(l=3) ave= 0.000E+00 +/- 0.00 %  % || D(l=0) ave= 4.222E+02 +/- 7.68 % D(l=1) ave= 1.975E+02 +/- 0.00 % D(l=2) ave= 1.383E+02 +/- 0.00 % D(l=3) ave= 0.000E+00 +/- 0.00 %  % || S(l=0) ave= 1.071E-04 +/- 4.53 % S(l=1) ave= 2.895E-04 +/- 8.12 % S(l=2) ave= 2.678E-05 +/- 15.65 % S(l=3) ave= 0.000E+00 +/- 0.00 % 
 ... random file  17 Cap(th)  ave= 1.223E+01 b. +/- 8.22 % || Ela(th) ave= 5.578E+00 b. +/- 9.33 % || RIcap ave= 5.31E+01 b. +/- 12.50 % || Macs30 ave= 2.81E-01 b. +/- 0.11 % || Gn^0(l=0) ave= 3.914E-02 +/- 2.09 % Gn^0(l=1) ave= 8.652E-02 +/- 8.15 % Gn^0(l=2) ave= 7.314E-03 +/- 15.95 % Gn^0(l=3) ave= 0.000E+00 +/- 0.00 % || Gtotal(l=0) ave= 1.416E+00 +/- 1.31 % Gtotal(l=1) ave= 1.757E-01 +/- 5.60 % Gtotal(l=2) ave= 1.670E-01 +/- 4.53 % Gtotal(l=3) ave= 0.000E+00 +/- 0.00 %  % || Gg(l=0) ave= 1.461E-01 +/- 7.48 % Gg(l=1) ave= 1.680E-01 +/- 5.86 % Gg(l=2) ave= 1.670E-01 +/- 4.53 % Gg(l=3) ave= 0.000E+00 +/- 0.00 %  % || D(l=0) ave= 4.244E+02 +/- 7.71 % D(l=1) ave= 1.975E+02 +/- 0.00 % D(l=2) ave= 1.383E+02 +/- 0.00 % D(l=3) ave= 0.000E+00 +/- 0.00 %  % || S(l=0) ave= 1.068E-04 +/- 4.64 % S(l=1) ave= 2.882E-04 +/- 8.17 % S(l=2) ave= 2.651E-05 +/- 15.94 % S(l=3) ave= 0.000E+00 +/- 0.00 % 
 ... random file  18 Cap(th)  ave= 1.221E+01 b. +/- 8.08 % || Ela(th) ave= 5.647E+00 b. +/- 10.35 % || RIcap ave= 5.28E+01 b. +/- 12.59 % || Macs30 ave= 2.81E-01 b. +/- 0.10 % || Gn^0(l=0) ave= 3.917E-02 +/- 2.06 % Gn^0(l=1) ave= 8.574E-02 +/- 8.90 % Gn^0(l=2) ave= 7.196E-03 +/- 17.24 % Gn^0(l=3) ave= 0.000E+00 +/- 0.00 % || Gtotal(l=0) ave= 1.415E+00 +/- 1.32 % Gtotal(l=1) ave= 1.760E-01 +/- 5.48 % Gtotal(l=2) ave= 1.669E-01 +/- 4.41 % Gtotal(l=3) ave= 0.000E+00 +/- 0.00 %  % || Gg(l=0) ave= 1.461E-01 +/- 7.29 % Gg(l=1) ave= 1.683E-01 +/- 5.73 % Gg(l=2) ave= 1.669E-01 +/- 4.41 % Gg(l=3) ave= 0.000E+00 +/- 0.00 %  % || D(l=0) ave= 4.263E+02 +/- 7.71 % D(l=1) ave= 1.975E+02 +/- 0.00 % D(l=2) ave= 1.383E+02 +/- 0.00 % D(l=3) ave= 0.000E+00 +/- 0.00 %  % || S(l=0) ave= 1.065E-04 +/- 4.71 % S(l=1) ave= 2.855E-04 +/- 8.93 % S(l=2) ave= 2.608E-05 +/- 17.24 % S(l=3) ave= 0.000E+00 +/- 0.00 % 
 ... random file  19 Cap(th)  ave= 1.220E+01 b. +/- 7.88 % || Ela(th) ave= 5.634E+00 b. +/- 10.15 % || RIcap ave= 5.23E+01 b. +/- 13.07 % || Macs30 ave= 2.81E-01 b. +/- 0.12 % || Gn^0(l=0) ave= 3.914E-02 +/- 2.04 % Gn^0(l=1) ave= 8.592E-02 +/- 8.70 % Gn^0(l=2) ave= 7.219E-03 +/- 16.80 % Gn^0(l=3) ave= 0.000E+00 +/- 0.00 % || Gtotal(l=0) ave= 1.414E+00 +/- 1.30 % Gtotal(l=1) ave= 1.765E-01 +/- 5.47 % Gtotal(l=2) ave= 1.673E-01 +/- 4.40 % Gtotal(l=3) ave= 0.000E+00 +/- 0.00 %  % || Gg(l=0) ave= 1.447E-01 +/- 8.37 % Gg(l=1) ave= 1.688E-01 +/- 5.72 % Gg(l=2) ave= 1.673E-01 +/- 4.40 % Gg(l=3) ave= 0.000E+00 +/- 0.00 %  % || D(l=0) ave= 4.247E+02 +/- 7.71 % D(l=1) ave= 1.975E+02 +/- 0.00 % D(l=2) ave= 1.383E+02 +/- 0.00 % D(l=3) ave= 0.000E+00 +/- 0.00 %  % || S(l=0) ave= 1.067E-04 +/- 4.69 % S(l=1) ave= 2.861E-04 +/- 8.73 % S(l=2) ave= 2.617E-05 +/- 16.80 % S(l=3) ave= 0.000E+00 +/- 0.00 % 
 ... random file  20 Cap(th)  ave= 1.212E+01 b. +/- 8.30 % || Ela(th) ave= 5.612E+00 b. +/- 10.10 % || RIcap ave= 5.22E+01 b. +/- 12.81 % || Macs30 ave= 2.81E-01 b. +/- 0.11 % || Gn^0(l=0) ave= 3.910E-02 +/- 2.03 % Gn^0(l=1) ave= 8.621E-02 +/- 8.60 % Gn^0(l=2) ave= 7.267E-03 +/- 16.56 % Gn^0(l=3) ave= 0.000E+00 +/- 0.00 % || Gtotal(l=0) ave= 1.415E+00 +/- 1.27 % Gtotal(l=1) ave= 1.762E-01 +/- 5.37 % Gtotal(l=2) ave= 1.673E-01 +/- 4.30 % Gtotal(l=3) ave= 0.000E+00 +/- 0.00 %  % || Gg(l=0) ave= 1.445E-01 +/- 8.19 % Gg(l=1) ave= 1.686E-01 +/- 5.62 % Gg(l=2) ave= 1.673E-01 +/- 4.30 % Gg(l=3) ave= 0.000E+00 +/- 0.00 %  % || D(l=0) ave= 4.233E+02 +/- 7.70 % D(l=1) ave= 1.975E+02 +/- 0.00 % D(l=2) ave= 1.383E+02 +/- 0.00 % D(l=3) ave= 0.000E+00 +/- 0.00 %  % || S(l=0) ave= 1.069E-04 +/- 4.65 % S(l=1) ave= 2.871E-04 +/- 8.63 % S(l=2) ave= 2.634E-05 +/- 16.56 % S(l=3) ave= 0.000E+00 +/- 0.00 % 
 ... random file  21 Cap(th)  ave= 1.210E+01 b. +/- 8.18 % || Ela(th) ave= 5.591E+00 b. +/- 10.07 % || RIcap ave= 5.21E+01 b. +/- 12.54 % || Macs30 ave= 2.81E-01 b. +/- 0.11 % || Gn^0(l=0) ave= 3.913E-02 +/- 2.01 % Gn^0(l=1) ave= 8.651E-02 +/- 8.52 % Gn^0(l=2) ave= 7.318E-03 +/- 16.38 % Gn^0(l=3) ave= 0.000E+00 +/- 0.00 % || Gtotal(l=0) ave= 1.414E+00 +/- 1.24 % Gtotal(l=1) ave= 1.764E-01 +/- 5.26 % Gtotal(l=2) ave= 1.667E-01 +/- 4.62 % Gtotal(l=3) ave= 0.000E+00 +/- 0.00 %  % || Gg(l=0) ave= 1.453E-01 +/- 8.33 % Gg(l=1) ave= 1.687E-01 +/- 5.50 % Gg(l=2) ave= 1.667E-01 +/- 4.62 % Gg(l=3) ave= 0.000E+00 +/- 0.00 %  % || D(l=0) ave= 4.250E+02 +/- 7.71 % D(l=1) ave= 1.975E+02 +/- 0.00 % D(l=2) ave= 1.383E+02 +/- 0.00 % D(l=3) ave= 0.000E+00 +/- 0.00 %  % || S(l=0) ave= 1.066E-04 +/- 4.72 % S(l=1) ave= 2.881E-04 +/- 8.55 % S(l=2) ave= 2.653E-05 +/- 16.38 % S(l=3) ave= 0.000E+00 +/- 0.00 % 
 ... random file  22 Cap(th)  ave= 1.206E+01 b. +/- 8.14 % || Ela(th) ave= 5.576E+00 b. +/- 9.95 % || RIcap ave= 5.23E+01 b. +/- 12.30 % || Macs30 ave= 2.81E-01 b. +/- 0.11 % || Gn^0(l=0) ave= 3.910E-02 +/- 2.00 % Gn^0(l=1) ave= 8.670E-02 +/- 8.38 % Gn^0(l=2) ave= 7.354E-03 +/- 16.11 % Gn^0(l=3) ave= 0.000E+00 +/- 0.00 % || Gtotal(l=0) ave= 1.415E+00 +/- 1.24 % Gtotal(l=1) ave= 1.760E-01 +/- 5.24 % Gtotal(l=2) ave= 1.671E-01 +/- 4.69 % Gtotal(l=3) ave= 0.000E+00 +/- 0.00 %  % || Gg(l=0) ave= 1.453E-01 +/- 8.14 % Gg(l=1) ave= 1.683E-01 +/- 5.48 % Gg(l=2) ave= 1.671E-01 +/- 4.69 % Gg(l=3) ave= 0.000E+00 +/- 0.00 %  % || D(l=0) ave= 4.237E+02 +/- 7.70 % D(l=1) ave= 1.975E+02 +/- 0.00 % D(l=2) ave= 1.383E+02 +/- 0.00 % D(l=3) ave= 0.000E+00 +/- 0.00 %  % || S(l=0) ave= 1.068E-04 +/- 4.70 % S(l=1) ave= 2.887E-04 +/- 8.41 % S(l=2) ave= 2.666E-05 +/- 16.11 % S(l=3) ave= 0.000E+00 +/- 0.00 % 
 ... random file  23 Cap(th)  ave= 1.201E+01 b. +/- 8.20 % || Ela(th) ave= 5.569E+00 b. +/- 9.77 % || RIcap ave= 5.22E+01 b. +/- 12.09 % || Macs30 ave= 2.81E-01 b. +/- 0.11 % || Gn^0(l=0) ave= 3.907E-02 +/- 1.99 % Gn^0(l=1) ave= 8.678E-02 +/- 8.21 % Gn^0(l=2) ave= 7.364E-03 +/- 15.76 % Gn^0(l=3) ave= 0.000E+00 +/- 0.00 % || Gtotal(l=0) ave= 1.416E+00 +/- 1.23 % Gtotal(l=1) ave= 1.764E-01 +/- 5.21 % Gtotal(l=2) ave= 1.673E-01 +/- 4.61 % Gtotal(l=3) ave= 0.000E+00 +/- 0.00 %  % || Gg(l=0) ave= 1.454E-01 +/- 7.97 % Gg(l=1) ave= 1.687E-01 +/- 5.45 % Gg(l=2) ave= 1.673E-01 +/- 4.61 % Gg(l=3) ave= 0.000E+00 +/- 0.00 %  % || D(l=0) ave= 4.225E+02 +/- 7.68 % D(l=1) ave= 1.975E+02 +/- 0.00 % D(l=2) ave= 1.383E+02 +/- 0.00 % D(l=3) ave= 0.000E+00 +/- 0.00 %  % || S(l=0) ave= 1.070E-04 +/- 4.66 % S(l=1) ave= 2.890E-04 +/- 8.23 % S(l=2) ave= 2.669E-05 +/- 15.76 % S(l=3) ave= 0.000E+00 +/- 0.00 % 
 ... random file  24 Cap(th)  ave= 1.204E+01 b. +/- 8.09 % || Ela(th) ave= 5.560E+00 b. +/- 9.62 % || RIcap ave= 5.25E+01 b. +/- 12.25 % || Macs30 ave= 2.81E-01 b. +/- 0.11 % || Gn^0(l=0) ave= 3.905E-02 +/- 1.98 % Gn^0(l=1) ave= 8.687E-02 +/- 8.05 % Gn^0(l=2) ave= 7.381E-03 +/- 15.45 % Gn^0(l=3) ave= 0.000E+00 +/- 0.00 % || Gtotal(l=0) ave= 1.416E+00 +/- 1.21 % Gtotal(l=1) ave= 1.775E-01 +/- 5.99 % Gtotal(l=2) ave= 1.672E-01 +/- 4.53 % Gtotal(l=3) ave= 0.000E+00 +/- 0.00 %  % || Gg(l=0) ave= 1.452E-01 +/- 7.84 % Gg(l=1) ave= 1.698E-01 +/- 6.26 % Gg(l=2) ave= 1.672E-01 +/- 4.53 % Gg(l=3) ave= 0.000E+00 +/- 0.00 %  % || D(l=0) ave= 4.214E+02 +/- 7.65 % D(l=1) ave= 1.975E+02 +/- 0.00 % D(l=2) ave= 1.383E+02 +/- 0.00 % D(l=3) ave= 0.000E+00 +/- 0.00 %  % || S(l=0) ave= 1.072E-04 +/- 4.62 % S(l=1) ave= 2.893E-04 +/- 8.07 % S(l=2) ave= 2.675E-05 +/- 15.45 % S(l=3) ave= 0.000E+00 +/- 0.00 % 
 ... random file  25 Cap(th)  ave= 1.204E+01 b. +/- 7.94 % || Ela(th) ave= 5.583E+00 b. +/- 9.61 % || RIcap ave= 5.25E+01 b. +/- 12.04 % || Macs30 ave= 2.81E-01 b. +/- 0.11 % || Gn^0(l=0) ave= 3.909E-02 +/- 2.03 % Gn^0(l=1) ave= 8.656E-02 +/- 8.12 % Gn^0(l=2) ave= 7.329E-03 +/- 15.66 % Gn^0(l=3) ave= 0.000E+00 +/- 0.00 % || Gtotal(l=0) ave= 1.416E+00 +/- 1.19 % Gtotal(l=1) ave= 1.778E-01 +/- 5.91 % Gtotal(l=2) ave= 1.668E-01 +/- 4.58 % Gtotal(l=3) ave= 0.000E+00 +/- 0.00 %  % || Gg(l=0) ave= 1.457E-01 +/- 7.86 % Gg(l=1) ave= 1.701E-01 +/- 6.18 % Gg(l=2) ave= 1.668E-01 +/- 4.58 % Gg(l=3) ave= 0.000E+00 +/- 0.00 %  % || D(l=0) ave= 4.230E+02 +/- 7.69 % D(l=1) ave= 1.975E+02 +/- 0.00 % D(l=2) ave= 1.383E+02 +/- 0.00 % D(l=3) ave= 0.000E+00 +/- 0.00 %  % || S(l=0) ave= 1.070E-04 +/- 4.63 % S(l=1) ave= 2.883E-04 +/- 8.14 % S(l=2) ave= 2.657E-05 +/- 15.66 % S(l=3) ave= 0.000E+00 +/- 0.00 % 
 ... random file  26 Cap(th)  ave= 1.204E+01 b. +/- 7.79 % || Ela(th) ave= 5.572E+00 b. +/- 9.51 % || RIcap ave= 5.24E+01 b. +/- 11.85 % || Macs30 ave= 2.81E-01 b. +/- 0.11 % || Gn^0(l=0) ave= 3.906E-02 +/- 2.03 % Gn^0(l=1) ave= 8.677E-02 +/- 8.04 % Gn^0(l=2) ave= 7.353E-03 +/- 15.41 % Gn^0(l=3) ave= 0.000E+00 +/- 0.00 % || Gtotal(l=0) ave= 1.417E+00 +/- 1.18 % Gtotal(l=1) ave= 1.778E-01 +/- 5.80 % Gtotal(l=2) ave= 1.670E-01 +/- 4.50 % Gtotal(l=3) ave= 0.000E+00 +/- 0.00 %  % || Gg(l=0) ave= 1.460E-01 +/- 7.76 % Gg(l=1) ave= 1.701E-01 +/- 6.07 % Gg(l=2) ave= 1.670E-01 +/- 4.50 % Gg(l=3) ave= 0.000E+00 +/- 0.00 %  % || D(l=0) ave= 4.219E+02 +/- 7.67 % D(l=1) ave= 1.975E+02 +/- 0.00 % D(l=2) ave= 1.383E+02 +/- 0.00 % D(l=3) ave= 0.000E+00 +/- 0.00 %  % || S(l=0) ave= 1.071E-04 +/- 4.59 % S(l=1) ave= 2.890E-04 +/- 8.06 % S(l=2) ave= 2.665E-05 +/- 15.41 % S(l=3) ave= 0.000E+00 +/- 0.00 % 
 ... random file  27 Cap(th)  ave= 1.202E+01 b. +/- 7.73 % || Ela(th) ave= 5.602E+00 b. +/- 9.71 % || RIcap ave= 5.22E+01 b. +/- 11.79 % || Macs30 ave= 2.81E-01 b. +/- 0.11 % || Gn^0(l=0) ave= 3.903E-02 +/- 2.04 % Gn^0(l=1) ave= 8.639E-02 +/- 8.26 % Gn^0(l=2) ave= 7.293E-03 +/- 15.84 % Gn^0(l=3) ave= 0.000E+00 +/- 0.00 % || Gtotal(l=0) ave= 1.417E+00 +/- 1.18 % Gtotal(l=1) ave= 1.782E-01 +/- 5.76 % Gtotal(l=2) ave= 1.674E-01 +/- 4.58 % Gtotal(l=3) ave= 0.000E+00 +/- 0.00 %  % || Gg(l=0) ave= 1.465E-01 +/- 7.76 % Gg(l=1) ave= 1.705E-01 +/- 6.02 % Gg(l=2) ave= 1.674E-01 +/- 4.58 % Gg(l=3) ave= 0.000E+00 +/- 0.00 %  % || D(l=0) ave= 4.210E+02 +/- 7.64 % D(l=1) ave= 1.975E+02 +/- 0.00 % D(l=2) ave= 1.383E+02 +/- 0.00 % D(l=3) ave= 0.000E+00 +/- 0.00 %  % || S(l=0) ave= 1.072E-04 +/- 4.54 % S(l=1) ave= 2.877E-04 +/- 8.29 % S(l=2) ave= 2.643E-05 +/- 15.84 % S(l=3) ave= 0.000E+00 +/- 0.00 % 
 ... random file  28 Cap(th)  ave= 1.199E+01 b. +/- 7.71 % || Ela(th) ave= 5.623E+00 b. +/- 9.70 % || RIcap ave= 5.23E+01 b. +/- 11.59 % || Macs30 ave= 2.81E-01 b. +/- 0.11 % || Gn^0(l=0) ave= 3.905E-02 +/- 2.03 % Gn^0(l=1) ave= 8.614E-02 +/- 8.28 % Gn^0(l=2) ave= 7.254E-03 +/- 15.91 % Gn^0(l=3) ave= 0.000E+00 +/- 0.00 % || Gtotal(l=0) ave= 1.417E+00 +/- 1.18 % Gtotal(l=1) ave= 1.780E-01 +/- 5.68 % Gtotal(l=2) ave= 1.673E-01 +/- 4.50 % Gtotal(l=3) ave= 0.000E+00 +/- 0.00 %  % || Gg(l=0) ave= 1.467E-01 +/- 7.67 % Gg(l=1) ave= 1.703E-01 +/- 5.93 % Gg(l=2) ave= 1.673E-01 +/- 4.50 % Gg(l=3) ave= 0.000E+00 +/- 0.00 %  % || D(l=0) ave= 4.223E+02 +/- 7.68 % D(l=1) ave= 1.975E+02 +/- 0.00 % D(l=2) ave= 1.383E+02 +/- 0.00 % D(l=3) ave= 0.000E+00 +/- 0.00 %  % || S(l=0) ave= 1.070E-04 +/- 4.62 % S(l=1) ave= 2.869E-04 +/- 8.31 % S(l=2) ave= 2.629E-05 +/- 15.91 % S(l=3) ave= 0.000E+00 +/- 0.00 % 
 ... random file  29 Cap(th)  ave= 1.199E+01 b. +/- 7.58 % || Ela(th) ave= 5.652E+00 b. +/- 9.88 % || RIcap ave= 5.25E+01 b. +/- 11.52 % || Macs30 ave= 2.81E-01 b. +/- 0.11 % || Gn^0(l=0) ave= 3.904E-02 +/- 2.01 % Gn^0(l=1) ave= 8.575E-02 +/- 8.54 % Gn^0(l=2) ave= 7.196E-03 +/- 16.33 % Gn^0(l=3) ave= 0.000E+00 +/- 0.00 % || Gtotal(l=0) ave= 1.417E+00 +/- 1.16 % Gtotal(l=1) ave= 1.781E-01 +/- 5.58 % Gtotal(l=2) ave= 1.670E-01 +/- 4.53 % Gtotal(l=3) ave= 0.000E+00 +/- 0.00 %  % || Gg(l=0) ave= 1.463E-01 +/- 7.74 % Gg(l=1) ave= 1.704E-01 +/- 5.83 % Gg(l=2) ave= 1.670E-01 +/- 4.53 % Gg(l=3) ave= 0.000E+00 +/- 0.00 %  % || D(l=0) ave= 4.214E+02 +/- 7.65 % D(l=1) ave= 1.975E+02 +/- 0.00 % D(l=2) ave= 1.383E+02 +/- 0.00 % D(l=3) ave= 0.000E+00 +/- 0.00 %  % || S(l=0) ave= 1.071E-04 +/- 4.60 % S(l=1) ave= 2.856E-04 +/- 8.58 % S(l=2) ave= 2.608E-05 +/- 16.33 % S(l=3) ave= 0.000E+00 +/- 0.00 % 
 ... random file  30 Cap(th)  ave= 1.195E+01 b. +/- 7.73 % || Ela(th) ave= 5.656E+00 b. +/- 9.72 % || RIcap ave= 5.23E+01 b. +/- 11.51 % || Macs30 ave= 2.81E-01 b. +/- 0.10 % || Gn^0(l=0) ave= 3.903E-02 +/- 1.98 % Gn^0(l=1) ave= 8.563E-02 +/- 8.45 % Gn^0(l=2) ave= 7.180E-03 +/- 16.15 % Gn^0(l=3) ave= 0.000E+00 +/- 0.00 % || Gtotal(l=0) ave= 1.417E+00 +/- 1.15 % Gtotal(l=1) ave= 1.783E-01 +/- 5.52 % Gtotal(l=2) ave= 1.670E-01 +/- 4.46 % Gtotal(l=3) ave= 0.000E+00 +/- 0.00 %  % || Gg(l=0) ave= 1.461E-01 +/- 7.64 % Gg(l=1) ave= 1.706E-01 +/- 5.77 % Gg(l=2) ave= 1.670E-01 +/- 4.46 % Gg(l=3) ave= 0.000E+00 +/- 0.00 %  % || D(l=0) ave= 4.206E+02 +/- 7.63 % D(l=1) ave= 1.975E+02 +/- 0.00 % D(l=2) ave= 1.383E+02 +/- 0.00 % D(l=3) ave= 0.000E+00 +/- 0.00 %  % || S(l=0) ave= 1.073E-04 +/- 4.59 % S(l=1) ave= 2.851E-04 +/- 8.49 % S(l=2) ave= 2.602E-05 +/- 16.15 % S(l=3) ave= 0.000E+00 +/- 0.00 % 
 ... random file  31 Cap(th)  ave= 1.190E+01 b. +/- 8.01 % || Ela(th) ave= 5.667E+00 b. +/- 9.61 % || RIcap ave= 5.22E+01 b. +/- 11.47 % || Macs30 ave= 2.81E-01 b. +/- 0.10 % || Gn^0(l=0) ave= 3.906E-02 +/- 2.01 % Gn^0(l=1) ave= 8.549E-02 +/- 8.38 % Gn^0(l=2) ave= 7.157E-03 +/- 16.05 % Gn^0(l=3) ave= 0.000E+00 +/- 0.00 % || Gtotal(l=0) ave= 1.417E+00 +/- 1.17 % Gtotal(l=1) ave= 1.784E-01 +/- 5.44 % Gtotal(l=2) ave= 1.667E-01 +/- 4.52 % Gtotal(l=3) ave= 0.000E+00 +/- 0.00 %  % || Gg(l=0) ave= 1.457E-01 +/- 7.75 % Gg(l=1) ave= 1.707E-01 +/- 5.69 % Gg(l=2) ave= 1.667E-01 +/- 4.52 % Gg(l=3) ave= 0.000E+00 +/- 0.00 %  % || D(l=0) ave= 4.218E+02 +/- 7.67 % D(l=1) ave= 1.975E+02 +/- 0.00 % D(l=2) ave= 1.383E+02 +/- 0.00 % D(l=3) ave= 0.000E+00 +/- 0.00 %  % || S(l=0) ave= 1.071E-04 +/- 4.62 % S(l=1) ave= 2.847E-04 +/- 8.42 % S(l=2) ave= 2.594E-05 +/- 16.04 % S(l=3) ave= 0.000E+00 +/- 0.00 % 
 ... random file  32 Cap(th)  ave= 1.189E+01 b. +/- 7.90 % || Ela(th) ave= 5.644E+00 b. +/- 9.77 % || RIcap ave= 5.20E+01 b. +/- 11.57 % || Macs30 ave= 2.81E-01 b. +/- 0.10 % || Gn^0(l=0) ave= 3.905E-02 +/- 1.99 % Gn^0(l=1) ave= 8.579E-02 +/- 8.46 % Gn^0(l=2) ave= 7.208E-03 +/- 16.19 % Gn^0(l=3) ave= 0.000E+00 +/- 0.00 % || Gtotal(l=0) ave= 1.417E+00 +/- 1.16 % Gtotal(l=1) ave= 1.782E-01 +/- 5.39 % Gtotal(l=2) ave= 1.672E-01 +/- 4.78 % Gtotal(l=3) ave= 0.000E+00 +/- 0.00 %  % || Gg(l=0) ave= 1.457E-01 +/- 7.63 % Gg(l=1) ave= 1.705E-01 +/- 5.63 % Gg(l=2) ave= 1.672E-01 +/- 4.78 % Gg(l=3) ave= 0.000E+00 +/- 0.00 %  % || D(l=0) ave= 4.210E+02 +/- 7.64 % D(l=1) ave= 1.975E+02 +/- 0.00 % D(l=2) ave= 1.383E+02 +/- 0.00 % D(l=3) ave= 0.000E+00 +/- 0.00 %  % || S(l=0) ave= 1.073E-04 +/- 4.59 % S(l=1) ave= 2.857E-04 +/- 8.49 % S(l=2) ave= 2.613E-05 +/- 16.19 % S(l=3) ave= 0.000E+00 +/- 0.00 % 
 ... random file  33 Cap(th)  ave= 1.187E+01 b. +/- 7.84 % || Ela(th) ave= 5.641E+00 b. +/- 9.63 % || RIcap ave= 5.18E+01 b. +/- 11.55 % || Macs30 ave= 2.81E-01 b. +/- 0.10 % || Gn^0(l=0) ave= 3.902E-02 +/- 2.00 % Gn^0(l=1) ave= 8.584E-02 +/- 8.34 % Gn^0(l=2) ave= 7.212E-03 +/- 15.95 % Gn^0(l=3) ave= 0.000E+00 +/- 0.00 % || Gtotal(l=0) ave= 1.417E+00 +/- 1.14 % Gtotal(l=1) ave= 1.785E-01 +/- 5.39 % Gtotal(l=2) ave= 1.670E-01 +/- 4.77 % Gtotal(l=3) ave= 0.000E+00 +/- 0.00 %  % || Gg(l=0) ave= 1.458E-01 +/- 7.52 % Gg(l=1) ave= 1.708E-01 +/- 5.63 % Gg(l=2) ave= 1.670E-01 +/- 4.77 % Gg(l=3) ave= 0.000E+00 +/- 0.00 %  % || D(l=0) ave= 4.203E+02 +/- 7.61 % D(l=1) ave= 1.975E+02 +/- 0.00 % D(l=2) ave= 1.383E+02 +/- 0.00 % D(l=3) ave= 0.000E+00 +/- 0.00 %  % || S(l=0) ave= 1.074E-04 +/- 4.55 % S(l=1) ave= 2.859E-04 +/- 8.37 % S(l=2) ave= 2.614E-05 +/- 15.95 % S(l=3) ave= 0.000E+00 +/- 0.00 % 
 ... random file  34 Cap(th)  ave= 1.186E+01 b. +/- 7.77 % || Ela(th) ave= 5.643E+00 b. +/- 9.49 % || RIcap ave= 5.17E+01 b. +/- 11.55 % || Macs30 ave= 2.81E-01 b. +/- 0.10 % || Gn^0(l=0) ave= 3.900E-02 +/- 1.99 % Gn^0(l=1) ave= 8.580E-02 +/- 8.23 % Gn^0(l=2) ave= 7.205E-03 +/- 15.74 % Gn^0(l=3) ave= 0.000E+00 +/- 0.00 % || Gtotal(l=0) ave= 1.417E+00 +/- 1.13 % Gtotal(l=1) ave= 1.785E-01 +/- 5.31 % Gtotal(l=2) ave= 1.673E-01 +/- 4.78 % Gtotal(l=3) ave= 0.000E+00 +/- 0.00 %  % || Gg(l=0) ave= 1.453E-01 +/- 7.67 % Gg(l=1) ave= 1.708E-01 +/- 5.55 % Gg(l=2) ave= 1.673E-01 +/- 4.78 % Gg(l=3) ave= 0.000E+00 +/- 0.00 %  % || D(l=0) ave= 4.196E+02 +/- 7.58 % D(l=1) ave= 1.975E+02 +/- 0.00 % D(l=2) ave= 1.383E+02 +/- 0.00 % D(l=3) ave= 0.000E+00 +/- 0.00 %  % || S(l=0) ave= 1.075E-04 +/- 4.52 % S(l=1) ave= 2.857E-04 +/- 8.26 % S(l=2) ave= 2.612E-05 +/- 15.74 % S(l=3) ave= 0.000E+00 +/- 0.00 % 
 ... random file  35 Cap(th)  ave= 1.187E+01 b. +/- 7.67 % || Ela(th) ave= 5.649E+00 b. +/- 9.37 % || RIcap ave= 5.16E+01 b. +/- 11.42 % || Macs30 ave= 2.81E-01 b. +/- 0.10 % || Gn^0(l=0) ave= 3.903E-02 +/- 1.99 % Gn^0(l=1) ave= 8.572E-02 +/- 8.14 % Gn^0(l=2) ave= 7.189E-03 +/- 15.61 % Gn^0(l=3) ave= 0.000E+00 +/- 0.00 % || Gtotal(l=0) ave= 1.417E+00 +/- 1.12 % Gtotal(l=1) ave= 1.786E-01 +/- 5.24 % Gtotal(l=2) ave= 1.673E-01 +/- 4.71 % Gtotal(l=3) ave= 0.000E+00 +/- 0.00 %  % || Gg(l=0) ave= 1.460E-01 +/- 8.11 % Gg(l=1) ave= 1.709E-01 +/- 5.48 % Gg(l=2) ave= 1.673E-01 +/- 4.71 % Gg(l=3) ave= 0.000E+00 +/- 0.00 %  % || D(l=0) ave= 4.207E+02 +/- 7.63 % D(l=1) ave= 1.975E+02 +/- 0.00 % D(l=2) ave= 1.383E+02 +/- 0.00 % D(l=3) ave= 0.000E+00 +/- 0.00 %  % || S(l=0) ave= 1.073E-04 +/- 4.58 % S(l=1) ave= 2.855E-04 +/- 8.17 % S(l=2) ave= 2.606E-05 +/- 15.61 % S(l=3) ave= 0.000E+00 +/- 0.00 % 
 ... random file  36 Cap(th)  ave= 1.187E+01 b. +/- 7.56 % || Ela(th) ave= 5.678E+00 b. +/- 9.69 % || RIcap ave= 5.16E+01 b. +/- 11.27 % || Macs30 ave= 2.81E-01 b. +/- 0.10 % || Gn^0(l=0) ave= 3.905E-02 +/- 1.99 % Gn^0(l=1) ave= 8.539E-02 +/- 8.39 % Gn^0(l=2) ave= 7.137E-03 +/- 16.11 % Gn^0(l=3) ave= 0.000E+00 +/- 0.00 % || Gtotal(l=0) ave= 1.417E+00 +/- 1.10 % Gtotal(l=1) ave= 1.788E-01 +/- 5.20 % Gtotal(l=2) ave= 1.669E-01 +/- 4.81 % Gtotal(l=3) ave= 0.000E+00 +/- 0.00 %  % || Gg(l=0) ave= 1.464E-01 +/- 8.09 % Gg(l=1) ave= 1.711E-01 +/- 5.44 % Gg(l=2) ave= 1.669E-01 +/- 4.81 % Gg(l=3) ave= 0.000E+00 +/- 0.00 %  % || D(l=0) ave= 4.218E+02 +/- 7.66 % D(l=1) ave= 1.975E+02 +/- 0.00 % D(l=2) ave= 1.383E+02 +/- 0.00 % D(l=3) ave= 0.000E+00 +/- 0.00 %  % || S(l=0) ave= 1.071E-04 +/- 4.63 % S(l=1) ave= 2.843E-04 +/- 8.43 % S(l=2) ave= 2.587E-05 +/- 16.11 % S(l=3) ave= 0.000E+00 +/- 0.00 % 
 ... random file  37 Cap(th)  ave= 1.187E+01 b. +/- 7.47 % || Ela(th) ave= 5.674E+00 b. +/- 9.58 % || RIcap ave= 5.17E+01 b. +/- 11.17 % || Macs30 ave= 2.81E-01 b. +/- 0.10 % || Gn^0(l=0) ave= 3.903E-02 +/- 1.99 % Gn^0(l=1) ave= 8.546E-02 +/- 8.29 % Gn^0(l=2) ave= 7.145E-03 +/- 15.89 % Gn^0(l=3) ave= 0.000E+00 +/- 0.00 % || Gtotal(l=0) ave= 1.417E+00 +/- 1.09 % Gtotal(l=1) ave= 1.786E-01 +/- 5.16 % Gtotal(l=2) ave= 1.673E-01 +/- 4.91 % Gtotal(l=3) ave= 0.000E+00 +/- 0.00 %  % || Gg(l=0) ave= 1.462E-01 +/- 8.02 % Gg(l=1) ave= 1.709E-01 +/- 5.40 % Gg(l=2) ave= 1.673E-01 +/- 4.91 % Gg(l=3) ave= 0.000E+00 +/- 0.00 %  % || D(l=0) ave= 4.211E+02 +/- 7.64 % D(l=1) ave= 1.975E+02 +/- 0.00 % D(l=2) ave= 1.383E+02 +/- 0.00 % D(l=3) ave= 0.000E+00 +/- 0.00 %  % || S(l=0) ave= 1.072E-04 +/- 4.59 % S(l=1) ave= 2.846E-04 +/- 8.32 % S(l=2) ave= 2.590E-05 +/- 15.89 % S(l=3) ave= 0.000E+00 +/- 0.00 % 
 ... random file  38 Cap(th)  ave= 1.188E+01 b. +/- 7.37 % || Ela(th) ave= 5.675E+00 b. +/- 9.46 % || RIcap ave= 5.16E+01 b. +/- 11.12 % || Macs30 ave= 2.81E-01 b. +/- 0.10 % || Gn^0(l=0) ave= 3.906E-02 +/- 2.02 % Gn^0(l=1) ave= 8.543E-02 +/- 8.18 % Gn^0(l=2) ave= 7.138E-03 +/- 15.71 % Gn^0(l=3) ave= 0.000E+00 +/- 0.00 % || Gtotal(l=0) ave= 1.417E+00 +/- 1.08 % Gtotal(l=1) ave= 1.784E-01 +/- 5.14 % Gtotal(l=2) ave= 1.671E-01 +/- 4.88 % Gtotal(l=3) ave= 0.000E+00 +/- 0.00 %  % || Gg(l=0) ave= 1.464E-01 +/- 7.93 % Gg(l=1) ave= 1.707E-01 +/- 5.37 % Gg(l=2) ave= 1.671E-01 +/- 4.88 % Gg(l=3) ave= 0.000E+00 +/- 0.00 %  % || D(l=0) ave= 4.221E+02 +/- 7.67 % D(l=1) ave= 1.975E+02 +/- 0.00 % D(l=2) ave= 1.383E+02 +/- 0.00 % D(l=3) ave= 0.000E+00 +/- 0.00 %  % || S(l=0) ave= 1.071E-04 +/- 4.61 % S(l=1) ave= 2.845E-04 +/- 8.22 % S(l=2) ave= 2.587E-05 +/- 15.71 % S(l=3) ave= 0.000E+00 +/- 0.00 % 
 ... random file  39 Cap(th)  ave= 1.187E+01 b. +/- 7.28 % || Ela(th) ave= 5.688E+00 b. +/- 9.43 % || RIcap ave= 5.15E+01 b. +/- 11.00 % || Macs30 ave= 2.81E-01 b. +/- 0.10 % || Gn^0(l=0) ave= 3.904E-02 +/- 2.02 % Gn^0(l=1) ave= 8.528E-02 +/- 8.17 % Gn^0(l=2) ave= 7.110E-03 +/- 15.77 % Gn^0(l=3) ave= 0.000E+00 +/- 0.00 % || Gtotal(l=0) ave= 1.418E+00 +/- 1.08 % Gtotal(l=1) ave= 1.783E-01 +/- 5.09 % Gtotal(l=2) ave= 1.671E-01 +/- 4.83 % Gtotal(l=3) ave= 0.000E+00 +/- 0.00 %  % || Gg(l=0) ave= 1.466E-01 +/- 7.88 % Gg(l=1) ave= 1.706E-01 +/- 5.32 % Gg(l=2) ave= 1.671E-01 +/- 4.83 % Gg(l=3) ave= 0.000E+00 +/- 0.00 %  % || D(l=0) ave= 4.214E+02 +/- 7.65 % D(l=1) ave= 1.975E+02 +/- 0.00 % D(l=2) ave= 1.383E+02 +/- 0.00 % D(l=3) ave= 0.000E+00 +/- 0.00 %  % || S(l=0) ave= 1.072E-04 +/- 4.58 % S(l=1) ave= 2.840E-04 +/- 8.21 % S(l=2) ave= 2.577E-05 +/- 15.77 % S(l=3) ave= 0.000E+00 +/- 0.00 % 
 ... random file  40 Cap(th)  ave= 1.187E+01 b. +/- 7.20 % || Ela(th) ave= 5.679E+00 b. +/- 9.39 % || RIcap ave= 5.15E+01 b. +/- 10.86 % || Macs30 ave= 2.81E-01 b. +/- 0.10 % || Gn^0(l=0) ave= 3.902E-02 +/- 2.02 % Gn^0(l=1) ave= 8.540E-02 +/- 8.11 % Gn^0(l=2) ave= 7.130E-03 +/- 15.63 % Gn^0(l=3) ave= 0.000E+00 +/- 0.00 % || Gtotal(l=0) ave= 1.418E+00 +/- 1.09 % Gtotal(l=1) ave= 1.783E-01 +/- 5.03 % Gtotal(l=2) ave= 1.670E-01 +/- 4.78 % Gtotal(l=3) ave= 0.000E+00 +/- 0.00 %  % || Gg(l=0) ave= 1.469E-01 +/- 7.91 % Gg(l=1) ave= 1.706E-01 +/- 5.26 % Gg(l=2) ave= 1.670E-01 +/- 4.78 % Gg(l=3) ave= 0.000E+00 +/- 0.00 %  % || D(l=0) ave= 4.208E+02 +/- 7.63 % D(l=1) ave= 1.975E+02 +/- 0.00 % D(l=2) ave= 1.383E+02 +/- 0.00 % D(l=3) ave= 0.000E+00 +/- 0.00 %  % || S(l=0) ave= 1.072E-04 +/- 4.55 % S(l=1) ave= 2.844E-04 +/- 8.14 % S(l=2) ave= 2.584E-05 +/- 15.63 % S(l=3) ave= 0.000E+00 +/- 0.00 % 
 ... random file  41 Cap(th)  ave= 1.188E+01 b. +/- 7.13 % || Ela(th) ave= 5.691E+00 b. +/- 9.35 % || RIcap ave= 5.15E+01 b. +/- 10.76 % || Macs30 ave= 2.81E-01 b. +/- 0.10 % || Gn^0(l=0) ave= 3.905E-02 +/- 2.04 % Gn^0(l=1) ave= 8.522E-02 +/- 8.13 % Gn^0(l=2) ave= 7.101E-03 +/- 15.72 % Gn^0(l=3) ave= 0.000E+00 +/- 0.00 % || Gtotal(l=0) ave= 1.418E+00 +/- 1.10 % Gtotal(l=1) ave= 1.785E-01 +/- 5.01 % Gtotal(l=2) ave= 1.671E-01 +/- 4.73 % Gtotal(l=3) ave= 0.000E+00 +/- 0.00 %  % || Gg(l=0) ave= 1.468E-01 +/- 7.84 % Gg(l=1) ave= 1.708E-01 +/- 5.23 % Gg(l=2) ave= 1.671E-01 +/- 4.73 % Gg(l=3) ave= 0.000E+00 +/- 0.00 %  % || D(l=0) ave= 4.217E+02 +/- 7.66 % D(l=1) ave= 1.975E+02 +/- 0.00 % D(l=2) ave= 1.383E+02 +/- 0.00 % D(l=3) ave= 0.000E+00 +/- 0.00 %  % || S(l=0) ave= 1.071E-04 +/- 4.58 % S(l=1) ave= 2.838E-04 +/- 8.17 % S(l=2) ave= 2.574E-05 +/- 15.72 % S(l=3) ave= 0.000E+00 +/- 0.00 % 
 ... random file  42 Cap(th)  ave= 1.187E+01 b. +/- 7.06 % || Ela(th) ave= 5.691E+00 b. +/- 9.25 % || RIcap ave= 5.13E+01 b. +/- 10.81 % || Macs30 ave= 2.81E-01 b. +/- 0.10 % || Gn^0(l=0) ave= 3.904E-02 +/- 2.02 % Gn^0(l=1) ave= 8.522E-02 +/- 8.04 % Gn^0(l=2) ave= 7.098E-03 +/- 15.54 % Gn^0(l=3) ave= 0.000E+00 +/- 0.00 % || Gtotal(l=0) ave= 1.418E+00 +/- 1.09 % Gtotal(l=1) ave= 1.783E-01 +/- 5.00 % Gtotal(l=2) ave= 1.671E-01 +/- 4.68 % Gtotal(l=3) ave= 0.000E+00 +/- 0.00 %  % || Gg(l=0) ave= 1.463E-01 +/- 8.09 % Gg(l=1) ave= 1.706E-01 +/- 5.22 % Gg(l=2) ave= 1.671E-01 +/- 4.68 % Gg(l=3) ave= 0.000E+00 +/- 0.00 %  % || D(l=0) ave= 4.211E+02 +/- 7.64 % D(l=1) ave= 1.975E+02 +/- 0.00 % D(l=2) ave= 1.383E+02 +/- 0.00 % D(l=3) ave= 0.000E+00 +/- 0.00 %  % || S(l=0) ave= 1.072E-04 +/- 4.56 % S(l=1) ave= 2.838E-04 +/- 8.07 % S(l=2) ave= 2.573E-05 +/- 15.54 % S(l=3) ave= 0.000E+00 +/- 0.00 % 
 ... random file  43 Cap(th)  ave= 1.185E+01 b. +/- 7.03 % || Ela(th) ave= 5.681E+00 b. +/- 9.23 % || RIcap ave= 5.13E+01 b. +/- 10.73 % || Macs30 ave= 2.81E-01 b. +/- 0.10 % || Gn^0(l=0) ave= 3.903E-02 +/- 2.00 % Gn^0(l=1) ave= 8.532E-02 +/- 7.98 % Gn^0(l=2) ave= 7.117E-03 +/- 15.42 % Gn^0(l=3) ave= 0.000E+00 +/- 0.00 % || Gtotal(l=0) ave= 1.418E+00 +/- 1.08 % Gtotal(l=1) ave= 1.783E-01 +/- 4.94 % Gtotal(l=2) ave= 1.674E-01 +/- 4.73 % Gtotal(l=3) ave= 0.000E+00 +/- 0.00 %  % || Gg(l=0) ave= 1.461E-01 +/- 8.08 % Gg(l=1) ave= 1.706E-01 +/- 5.17 % Gg(l=2) ave= 1.674E-01 +/- 4.73 % Gg(l=3) ave= 0.000E+00 +/- 0.00 %  % || D(l=0) ave= 4.205E+02 +/- 7.62 % D(l=1) ave= 1.975E+02 +/- 0.00 % D(l=2) ave= 1.383E+02 +/- 0.00 % D(l=3) ave= 0.000E+00 +/- 0.00 %  % || S(l=0) ave= 1.073E-04 +/- 4.55 % S(l=1) ave= 2.841E-04 +/- 8.01 % S(l=2) ave= 2.580E-05 +/- 15.42 % S(l=3) ave= 0.000E+00 +/- 0.00 % 
 ... random file  44 Cap(th)  ave= 1.186E+01 b. +/- 6.97 % || Ela(th) ave= 5.686E+00 b. +/- 9.14 % || RIcap ave= 5.12E+01 b. +/- 10.64 % || Macs30 ave= 2.81E-01 b. +/- 0.10 % || Gn^0(l=0) ave= 3.905E-02 +/- 2.02 % Gn^0(l=1) ave= 8.524E-02 +/- 7.92 % Gn^0(l=2) ave= 7.102E-03 +/- 15.34 % Gn^0(l=3) ave= 0.000E+00 +/- 0.00 % || Gtotal(l=0) ave= 1.417E+00 +/- 1.09 % Gtotal(l=1) ave= 1.780E-01 +/- 5.04 % Gtotal(l=2) ave= 1.673E-01 +/- 4.70 % Gtotal(l=3) ave= 0.000E+00 +/- 0.00 %  % || Gg(l=0) ave= 1.460E-01 +/- 8.00 % Gg(l=1) ave= 1.703E-01 +/- 5.26 % Gg(l=2) ave= 1.673E-01 +/- 4.70 % Gg(l=3) ave= 0.000E+00 +/- 0.00 %  % || D(l=0) ave= 4.214E+02 +/- 7.65 % D(l=1) ave= 1.975E+02 +/- 0.00 % D(l=2) ave= 1.383E+02 +/- 0.00 % D(l=3) ave= 0.000E+00 +/- 0.00 %  % || S(l=0) ave= 1.072E-04 +/- 4.58 % S(l=1) ave= 2.839E-04 +/- 7.95 % S(l=2) ave= 2.574E-05 +/- 15.34 % S(l=3) ave= 0.000E+00 +/- 0.00 % 
 ... random file  45 Cap(th)  ave= 1.185E+01 b. +/- 6.94 % || Ela(th) ave= 5.693E+00 b. +/- 9.07 % || RIcap ave= 5.11E+01 b. +/- 10.61 % || Macs30 ave= 2.81E-01 b. +/- 0.10 % || Gn^0(l=0) ave= 3.907E-02 +/- 2.03 % Gn^0(l=1) ave= 8.514E-02 +/- 7.88 % Gn^0(l=2) ave= 7.085E-03 +/- 15.29 % Gn^0(l=3) ave= 0.000E+00 +/- 0.00 % || Gtotal(l=0) ave= 1.417E+00 +/- 1.12 % Gtotal(l=1) ave= 1.779E-01 +/- 4.99 % Gtotal(l=2) ave= 1.676E-01 +/- 4.76 % Gtotal(l=3) ave= 0.000E+00 +/- 0.00 %  % || Gg(l=0) ave= 1.456E-01 +/- 8.18 % Gg(l=1) ave= 1.702E-01 +/- 5.21 % Gg(l=2) ave= 1.676E-01 +/- 4.76 % Gg(l=3) ave= 0.000E+00 +/- 0.00 %  % || D(l=0) ave= 4.223E+02 +/- 7.68 % D(l=1) ave= 1.975E+02 +/- 0.00 % D(l=2) ave= 1.383E+02 +/- 0.00 % D(l=3) ave= 0.000E+00 +/- 0.00 %  % || S(l=0) ave= 1.071E-04 +/- 4.60 % S(l=1) ave= 2.835E-04 +/- 7.91 % S(l=2) ave= 2.568E-05 +/- 15.29 % S(l=3) ave= 0.000E+00 +/- 0.00 % 
 ... random file  46 Cap(th)  ave= 1.186E+01 b. +/- 6.91 % || Ela(th) ave= 5.687E+00 b. +/- 9.00 % || RIcap ave= 5.14E+01 b. +/- 11.00 % || Macs30 ave= 2.81E-01 b. +/- 0.10 % || Gn^0(l=0) ave= 3.906E-02 +/- 2.03 % Gn^0(l=1) ave= 8.522E-02 +/- 7.82 % Gn^0(l=2) ave= 7.096E-03 +/- 15.15 % Gn^0(l=3) ave= 0.000E+00 +/- 0.00 % || Gtotal(l=0) ave= 1.417E+00 +/- 1.12 % Gtotal(l=1) ave= 1.778E-01 +/- 4.97 % Gtotal(l=2) ave= 1.676E-01 +/- 4.71 % Gtotal(l=3) ave= 0.000E+00 +/- 0.00 %  % || Gg(l=0) ave= 1.457E-01 +/- 8.10 % Gg(l=1) ave= 1.701E-01 +/- 5.19 % Gg(l=2) ave= 1.676E-01 +/- 4.71 % Gg(l=3) ave= 0.000E+00 +/- 0.00 %  % || D(l=0) ave= 4.217E+02 +/- 7.66 % D(l=1) ave= 1.975E+02 +/- 0.00 % D(l=2) ave= 1.383E+02 +/- 0.00 % D(l=3) ave= 0.000E+00 +/- 0.00 %  % || S(l=0) ave= 1.071E-04 +/- 4.58 % S(l=1) ave= 2.838E-04 +/- 7.85 % S(l=2) ave= 2.572E-05 +/- 15.14 % S(l=3) ave= 0.000E+00 +/- 0.00 % 
 ... random file  47 Cap(th)  ave= 1.186E+01 b. +/- 6.85 % || Ela(th) ave= 5.698E+00 b. +/- 8.98 % || RIcap ave= 5.16E+01 b. +/- 11.25 % || Macs30 ave= 2.81E-01 b. +/- 0.10 % || Gn^0(l=0) ave= 3.904E-02 +/- 2.03 % Gn^0(l=1) ave= 8.513E-02 +/- 7.79 % Gn^0(l=2) ave= 7.077E-03 +/- 15.13 % Gn^0(l=3) ave= 0.000E+00 +/- 0.00 % || Gtotal(l=0) ave= 1.417E+00 +/- 1.12 % Gtotal(l=1) ave= 1.774E-01 +/- 5.12 % Gtotal(l=2) ave= 1.674E-01 +/- 4.75 % Gtotal(l=3) ave= 0.000E+00 +/- 0.00 %  % || Gg(l=0) ave= 1.458E-01 +/- 8.03 % Gg(l=1) ave= 1.697E-01 +/- 5.35 % Gg(l=2) ave= 1.674E-01 +/- 4.75 % Gg(l=3) ave= 0.000E+00 +/- 0.00 %  % || D(l=0) ave= 4.212E+02 +/- 7.65 % D(l=1) ave= 1.975E+02 +/- 0.00 % D(l=2) ave= 1.383E+02 +/- 0.00 % D(l=3) ave= 0.000E+00 +/- 0.00 %  % || S(l=0) ave= 1.072E-04 +/- 4.55 % S(l=1) ave= 2.835E-04 +/- 7.81 % S(l=2) ave= 2.565E-05 +/- 15.13 % S(l=3) ave= 0.000E+00 +/- 0.00 % 
 ... random file  48 Cap(th)  ave= 1.187E+01 b. +/- 6.78 % || Ela(th) ave= 5.685E+00 b. +/- 9.05 % || RIcap ave= 5.17E+01 b. +/- 11.20 % || Macs30 ave= 2.81E-01 b. +/- 0.10 % || Gn^0(l=0) ave= 3.905E-02 +/- 2.02 % Gn^0(l=1) ave= 8.530E-02 +/- 7.82 % Gn^0(l=2) ave= 7.111E-03 +/- 15.26 % Gn^0(l=3) ave= 0.000E+00 +/- 0.00 % || Gtotal(l=0) ave= 1.417E+00 +/- 1.15 % Gtotal(l=1) ave= 1.776E-01 +/- 5.11 % Gtotal(l=2) ave= 1.671E-01 +/- 4.88 % Gtotal(l=3) ave= 0.000E+00 +/- 0.00 %  % || Gg(l=0) ave= 1.457E-01 +/- 7.98 % Gg(l=1) ave= 1.699E-01 +/- 5.34 % Gg(l=2) ave= 1.671E-01 +/- 4.88 % Gg(l=3) ave= 0.000E+00 +/- 0.00 %  % || D(l=0) ave= 4.220E+02 +/- 7.67 % D(l=1) ave= 1.975E+02 +/- 0.00 % D(l=2) ave= 1.383E+02 +/- 0.00 % D(l=3) ave= 0.000E+00 +/- 0.00 %  % || S(l=0) ave= 1.071E-04 +/- 4.61 % S(l=1) ave= 2.841E-04 +/- 7.85 % S(l=2) ave= 2.577E-05 +/- 15.26 % S(l=3) ave= 0.000E+00 +/- 0.00 % 
 ... random file  49 Cap(th)  ave= 1.188E+01 b. +/- 6.78 % || Ela(th) ave= 5.690E+00 b. +/- 8.97 % || RIcap ave= 5.18E+01 b. +/- 11.10 % || Macs30 ave= 2.81E-01 b. +/- 0.10 % || Gn^0(l=0) ave= 3.907E-02 +/- 2.02 % Gn^0(l=1) ave= 8.523E-02 +/- 7.77 % Gn^0(l=2) ave= 7.099E-03 +/- 15.18 % Gn^0(l=3) ave= 0.000E+00 +/- 0.00 % || Gtotal(l=0) ave= 1.416E+00 +/- 1.16 % Gtotal(l=1) ave= 1.777E-01 +/- 5.06 % Gtotal(l=2) ave= 1.670E-01 +/- 4.84 % Gtotal(l=3) ave= 0.000E+00 +/- 0.00 %  % || Gg(l=0) ave= 1.456E-01 +/- 7.93 % Gg(l=1) ave= 1.700E-01 +/- 5.29 % Gg(l=2) ave= 1.670E-01 +/- 4.84 % Gg(l=3) ave= 0.000E+00 +/- 0.00 %  % || D(l=0) ave= 4.228E+02 +/- 7.69 % D(l=1) ave= 1.975E+02 +/- 0.00 % D(l=2) ave= 1.383E+02 +/- 0.00 % D(l=3) ave= 0.000E+00 +/- 0.00 %  % || S(l=0) ave= 1.069E-04 +/- 4.63 % S(l=1) ave= 2.838E-04 +/- 7.80 % S(l=2) ave= 2.573E-05 +/- 15.18 % S(l=3) ave= 0.000E+00 +/- 0.00 % 
 ... random file  50 Cap(th)  ave= 1.190E+01 b. +/- 6.79 % || Ela(th) ave= 5.673E+00 b. +/- 9.16 % || RIcap ave= 5.19E+01 b. +/- 11.11 % || Macs30 ave= 2.81E-01 b. +/- 0.10 % || Gn^0(l=0) ave= 3.906E-02 +/- 2.01 % Gn^0(l=1) ave= 8.549E-02 +/- 7.96 % Gn^0(l=2) ave= 7.140E-03 +/- 15.50 % Gn^0(l=3) ave= 0.000E+00 +/- 0.00 % || Gtotal(l=0) ave= 1.417E+00 +/- 1.16 % Gtotal(l=1) ave= 1.777E-01 +/- 5.02 % Gtotal(l=2) ave= 1.670E-01 +/- 4.80 % Gtotal(l=3) ave= 0.000E+00 +/- 0.00 %  % || Gg(l=0) ave= 1.456E-01 +/- 7.86 % Gg(l=1) ave= 1.700E-01 +/- 5.25 % Gg(l=2) ave= 1.670E-01 +/- 4.80 % Gg(l=3) ave= 0.000E+00 +/- 0.00 %  % || D(l=0) ave= 4.222E+02 +/- 7.68 % D(l=1) ave= 1.975E+02 +/- 0.00 % D(l=2) ave= 1.383E+02 +/- 0.00 % D(l=3) ave= 0.000E+00 +/- 0.00 %  % || S(l=0) ave= 1.070E-04 +/- 4.62 % S(l=1) ave= 2.847E-04 +/- 7.98 % S(l=2) ave= 2.588E-05 +/- 15.50 % S(l=3) ave= 0.000E+00 +/- 0.00 % 
 ... random file  51 Cap(th)  ave= 1.193E+01 b. +/- 6.88 % || Ela(th) ave= 5.664E+00 b. +/- 9.14 % || RIcap ave= 5.21E+01 b. +/- 11.34 % || Macs30 ave= 2.81E-01 b. +/- 0.10 % || Gn^0(l=0) ave= 3.905E-02 +/- 2.00 % Gn^0(l=1) ave= 8.559E-02 +/- 7.92 % Gn^0(l=2) ave= 7.158E-03 +/- 15.42 % Gn^0(l=3) ave= 0.000E+00 +/- 0.00 % || Gtotal(l=0) ave= 1.417E+00 +/- 1.15 % Gtotal(l=1) ave= 1.780E-01 +/- 5.04 % Gtotal(l=2) ave= 1.669E-01 +/- 4.75 % Gtotal(l=3) ave= 0.000E+00 +/- 0.00 %  % || Gg(l=0) ave= 1.454E-01 +/- 7.88 % Gg(l=1) ave= 1.703E-01 +/- 5.27 % Gg(l=2) ave= 1.669E-01 +/- 4.75 % Gg(l=3) ave= 0.000E+00 +/- 0.00 %  % || D(l=0) ave= 4.217E+02 +/- 7.66 % D(l=1) ave= 1.975E+02 +/- 0.00 % D(l=2) ave= 1.383E+02 +/- 0.00 % D(l=3) ave= 0.000E+00 +/- 0.00 %  % || S(l=0) ave= 1.071E-04 +/- 4.60 % S(l=1) ave= 2.850E-04 +/- 7.95 % S(l=2) ave= 2.595E-05 +/- 15.41 % S(l=3) ave= 0.000E+00 +/- 0.00 % 
 ... random file  52 Cap(th)  ave= 1.193E+01 b. +/- 6.81 % || Ela(th) ave= 5.675E+00 b. +/- 9.14 % || RIcap ave= 5.22E+01 b. +/- 11.34 % || Macs30 ave= 2.81E-01 b. +/- 0.10 % || Gn^0(l=0) ave= 3.904E-02 +/- 2.00 % Gn^0(l=1) ave= 8.545E-02 +/- 7.94 % Gn^0(l=2) ave= 7.136E-03 +/- 15.48 % Gn^0(l=3) ave= 0.000E+00 +/- 0.00 % || Gtotal(l=0) ave= 1.417E+00 +/- 1.16 % Gtotal(l=1) ave= 1.782E-01 +/- 5.10 % Gtotal(l=2) ave= 1.671E-01 +/- 4.77 % Gtotal(l=3) ave= 0.000E+00 +/- 0.00 %  % || Gg(l=0) ave= 1.456E-01 +/- 7.86 % Gg(l=1) ave= 1.705E-01 +/- 5.33 % Gg(l=2) ave= 1.671E-01 +/- 4.77 % Gg(l=3) ave= 0.000E+00 +/- 0.00 %  % || D(l=0) ave= 4.212E+02 +/- 7.65 % D(l=1) ave= 1.975E+02 +/- 0.00 % D(l=2) ave= 1.383E+02 +/- 0.00 % D(l=3) ave= 0.000E+00 +/- 0.00 %  % || S(l=0) ave= 1.072E-04 +/- 4.59 % S(l=1) ave= 2.846E-04 +/- 7.96 % S(l=2) ave= 2.586E-05 +/- 15.48 % S(l=3) ave= 0.000E+00 +/- 0.00 % 
 ... random file  53 Cap(th)  ave= 1.192E+01 b. +/- 6.77 % || Ela(th) ave= 5.684E+00 b. +/- 9.12 % || RIcap ave= 5.22E+01 b. +/- 11.27 % || Macs30 ave= 2.81E-01 b. +/- 0.10 % || Gn^0(l=0) ave= 3.906E-02 +/- 2.03 % Gn^0(l=1) ave= 8.532E-02 +/- 7.96 % Gn^0(l=2) ave= 7.113E-03 +/- 15.56 % Gn^0(l=3) ave= 0.000E+00 +/- 0.00 % || Gtotal(l=0) ave= 1.417E+00 +/- 1.17 % Gtotal(l=1) ave= 1.782E-01 +/- 5.06 % Gtotal(l=2) ave= 1.669E-01 +/- 4.85 % Gtotal(l=3) ave= 0.000E+00 +/- 0.00 %  % || Gg(l=0) ave= 1.454E-01 +/- 7.85 % Gg(l=1) ave= 1.705E-01 +/- 5.28 % Gg(l=2) ave= 1.669E-01 +/- 4.85 % Gg(l=3) ave= 0.000E+00 +/- 0.00 %  % || D(l=0) ave= 4.219E+02 +/- 7.67 % D(l=1) ave= 1.975E+02 +/- 0.00 % D(l=2) ave= 1.383E+02 +/- 0.00 % D(l=3) ave= 0.000E+00 +/- 0.00 %  % || S(l=0) ave= 1.071E-04 +/- 4.59 % S(l=1) ave= 2.841E-04 +/- 7.98 % S(l=2) ave= 2.578E-05 +/- 15.56 % S(l=3) ave= 0.000E+00 +/- 0.00 % 
 ... random file  54 Cap(th)  ave= 1.190E+01 b. +/- 6.86 % || Ela(th) ave= 5.670E+00 b. +/- 9.24 % || RIcap ave= 5.21E+01 b. +/- 11.26 % || Macs30 ave= 2.81E-01 b. +/- 0.10 % || Gn^0(l=0) ave= 3.905E-02 +/- 2.03 % Gn^0(l=1) ave= 8.553E-02 +/- 8.07 % Gn^0(l=2) ave= 7.151E-03 +/- 15.81 % Gn^0(l=3) ave= 0.000E+00 +/- 0.00 % || Gtotal(l=0) ave= 1.417E+00 +/- 1.16 % Gtotal(l=1) ave= 1.782E-01 +/- 5.01 % Gtotal(l=2) ave= 1.669E-01 +/- 4.81 % Gtotal(l=3) ave= 0.000E+00 +/- 0.00 %  % || Gg(l=0) ave= 1.452E-01 +/- 7.86 % Gg(l=1) ave= 1.705E-01 +/- 5.24 % Gg(l=2) ave= 1.669E-01 +/- 4.81 % Gg(l=3) ave= 0.000E+00 +/- 0.00 %  % || D(l=0) ave= 4.214E+02 +/- 7.65 % D(l=1) ave= 1.975E+02 +/- 0.00 % D(l=2) ave= 1.383E+02 +/- 0.00 % D(l=3) ave= 0.000E+00 +/- 0.00 %  % || S(l=0) ave= 1.072E-04 +/- 4.57 % S(l=1) ave= 2.848E-04 +/- 8.09 % S(l=2) ave= 2.592E-05 +/- 15.81 % S(l=3) ave= 0.000E+00 +/- 0.00 % 
 ... random file  55 Cap(th)  ave= 1.190E+01 b. +/- 6.80 % || Ela(th) ave= 5.668E+00 b. +/- 9.17 % || RIcap ave= 5.21E+01 b. +/- 11.16 % || Macs30 ave= 2.81E-01 b. +/- 0.10 % || Gn^0(l=0) ave= 3.903E-02 +/- 2.03 % Gn^0(l=1) ave= 8.552E-02 +/- 8.00 % Gn^0(l=2) ave= 7.151E-03 +/- 15.67 % Gn^0(l=3) ave= 0.000E+00 +/- 0.00 % || Gtotal(l=0) ave= 1.417E+00 +/- 1.17 % Gtotal(l=1) ave= 1.780E-01 +/- 5.04 % Gtotal(l=2) ave= 1.669E-01 +/- 4.76 % Gtotal(l=3) ave= 0.000E+00 +/- 0.00 %  % || Gg(l=0) ave= 1.455E-01 +/- 7.92 % Gg(l=1) ave= 1.703E-01 +/- 5.26 % Gg(l=2) ave= 1.669E-01 +/- 4.76 % Gg(l=3) ave= 0.000E+00 +/- 0.00 %  % || D(l=0) ave= 4.210E+02 +/- 7.64 % D(l=1) ave= 1.975E+02 +/- 0.00 % D(l=2) ave= 1.383E+02 +/- 0.00 % D(l=3) ave= 0.000E+00 +/- 0.00 %  % || S(l=0) ave= 1.072E-04 +/- 4.55 % S(l=1) ave= 2.848E-04 +/- 8.02 % S(l=2) ave= 2.592E-05 +/- 15.67 % S(l=3) ave= 0.000E+00 +/- 0.00 % 
 ... random file  56 Cap(th)  ave= 1.188E+01 b. +/- 6.83 % || Ela(th) ave= 5.664E+00 b. +/- 9.11 % || RIcap ave= 5.21E+01 b. +/- 11.09 % || Macs30 ave= 2.81E-01 b. +/- 0.10 % || Gn^0(l=0) ave= 3.903E-02 +/- 2.02 % Gn^0(l=1) ave= 8.558E-02 +/- 7.93 % Gn^0(l=2) ave= 7.159E-03 +/- 15.54 % Gn^0(l=3) ave= 0.000E+00 +/- 0.00 % || Gtotal(l=0) ave= 1.417E+00 +/- 1.19 % Gtotal(l=1) ave= 1.779E-01 +/- 5.00 % Gtotal(l=2) ave= 1.669E-01 +/- 4.72 % Gtotal(l=3) ave= 0.000E+00 +/- 0.00 %  % || Gg(l=0) ave= 1.457E-01 +/- 7.90 % Gg(l=1) ave= 1.702E-01 +/- 5.23 % Gg(l=2) ave= 1.669E-01 +/- 4.73 % Gg(l=3) ave= 0.000E+00 +/- 0.00 %  % || D(l=0) ave= 4.205E+02 +/- 7.62 % D(l=1) ave= 1.975E+02 +/- 0.00 % D(l=2) ave= 1.383E+02 +/- 0.00 % D(l=3) ave= 0.000E+00 +/- 0.00 %  % || S(l=0) ave= 1.073E-04 +/- 4.54 % S(l=1) ave= 2.850E-04 +/- 7.96 % S(l=2) ave= 2.595E-05 +/- 15.54 % S(l=3) ave= 0.000E+00 +/- 0.00 % 
 ... random file  57 Cap(th)  ave= 1.189E+01 b. +/- 6.78 % || Ela(th) ave= 5.669E+00 b. +/- 9.06 % || RIcap ave= 5.21E+01 b. +/- 10.99 % || Macs30 ave= 2.81E-01 b. +/- 0.10 % || Gn^0(l=0) ave= 3.902E-02 +/- 2.01 % Gn^0(l=1) ave= 8.550E-02 +/- 7.90 % Gn^0(l=2) ave= 7.145E-03 +/- 15.51 % Gn^0(l=3) ave= 0.000E+00 +/- 0.00 % || Gtotal(l=0) ave= 1.418E+00 +/- 1.18 % Gtotal(l=1) ave= 1.778E-01 +/- 4.99 % Gtotal(l=2) ave= 1.670E-01 +/- 4.69 % Gtotal(l=3) ave= 0.000E+00 +/- 0.00 %  % || Gg(l=0) ave= 1.457E-01 +/- 7.83 % Gg(l=1) ave= 1.701E-01 +/- 5.22 % Gg(l=2) ave= 1.670E-01 +/- 4.69 % Gg(l=3) ave= 0.000E+00 +/- 0.00 %  % || D(l=0) ave= 4.201E+02 +/- 7.61 % D(l=1) ave= 1.975E+02 +/- 0.00 % D(l=2) ave= 1.383E+02 +/- 0.00 % D(l=3) ave= 0.000E+00 +/- 0.00 %  % || S(l=0) ave= 1.074E-04 +/- 4.53 % S(l=1) ave= 2.847E-04 +/- 7.92 % S(l=2) ave= 2.590E-05 +/- 15.51 % S(l=3) ave= 0.000E+00 +/- 0.00 % 
 ... random file  58 Cap(th)  ave= 1.188E+01 b. +/- 6.74 % || Ela(th) ave= 5.670E+00 b. +/- 8.98 % || RIcap ave= 5.22E+01 b. +/- 10.93 % || Macs30 ave= 2.81E-01 b. +/- 0.10 % || Gn^0(l=0) ave= 3.904E-02 +/- 2.01 % Gn^0(l=1) ave= 8.549E-02 +/- 7.84 % Gn^0(l=2) ave= 7.143E-03 +/- 15.38 % Gn^0(l=3) ave= 0.000E+00 +/- 0.00 % || Gtotal(l=0) ave= 1.417E+00 +/- 1.18 % Gtotal(l=1) ave= 1.780E-01 +/- 5.02 % Gtotal(l=2) ave= 1.671E-01 +/- 4.68 % Gtotal(l=3) ave= 0.000E+00 +/- 0.00 %  % || Gg(l=0) ave= 1.458E-01 +/- 7.76 % Gg(l=1) ave= 1.703E-01 +/- 5.25 % Gg(l=2) ave= 1.671E-01 +/- 4.68 % Gg(l=3) ave= 0.000E+00 +/- 0.00 %  % || D(l=0) ave= 4.208E+02 +/- 7.63 % D(l=1) ave= 1.975E+02 +/- 0.00 % D(l=2) ave= 1.383E+02 +/- 0.00 % D(l=3) ave= 0.000E+00 +/- 0.00 %  % || S(l=0) ave= 1.073E-04 +/- 4.55 % S(l=1) ave= 2.847E-04 +/- 7.86 % S(l=2) ave= 2.589E-05 +/- 15.38 % S(l=3) ave= 0.000E+00 +/- 0.00 % 
 ... random file  59 Cap(th)  ave= 1.187E+01 b. +/- 6.78 % || Ela(th) ave= 5.672E+00 b. +/- 8.91 % || RIcap ave= 5.22E+01 b. +/- 10.85 % || Macs30 ave= 2.81E-01 b. +/- 0.10 % || Gn^0(l=0) ave= 3.903E-02 +/- 2.00 % Gn^0(l=1) ave= 8.544E-02 +/- 7.79 % Gn^0(l=2) ave= 7.136E-03 +/- 15.29 % Gn^0(l=3) ave= 0.000E+00 +/- 0.00 % || Gtotal(l=0) ave= 1.418E+00 +/- 1.17 % Gtotal(l=1) ave= 1.783E-01 +/- 5.22 % Gtotal(l=2) ave= 1.673E-01 +/- 4.72 % Gtotal(l=3) ave= 0.000E+00 +/- 0.00 %  % || Gg(l=0) ave= 1.455E-01 +/- 7.81 % Gg(l=1) ave= 1.706E-01 +/- 5.46 % Gg(l=2) ave= 1.673E-01 +/- 4.72 % Gg(l=3) ave= 0.000E+00 +/- 0.00 %  % || D(l=0) ave= 4.203E+02 +/- 7.62 % D(l=1) ave= 1.975E+02 +/- 0.00 % D(l=2) ave= 1.383E+02 +/- 0.00 % D(l=3) ave= 0.000E+00 +/- 0.00 %  % || S(l=0) ave= 1.074E-04 +/- 4.54 % S(l=1) ave= 2.845E-04 +/- 7.81 % S(l=2) ave= 2.587E-05 +/- 15.28 % S(l=3) ave= 0.000E+00 +/- 0.00 % 
 ... random file  60 Cap(th)  ave= 1.185E+01 b. +/- 6.84 % || Ela(th) ave= 5.656E+00 b. +/- 9.12 % || RIcap ave= 5.20E+01 b. +/- 10.95 % || Macs30 ave= 2.81E-01 b. +/- 0.10 % || Gn^0(l=0) ave= 3.905E-02 +/- 2.02 % Gn^0(l=1) ave= 8.567E-02 +/- 7.97 % Gn^0(l=2) ave= 7.174E-03 +/- 15.63 % Gn^0(l=3) ave= 0.000E+00 +/- 0.00 % || Gtotal(l=0) ave= 1.417E+00 +/- 1.18 % Gtotal(l=1) ave= 1.785E-01 +/- 5.23 % Gtotal(l=2) ave= 1.673E-01 +/- 4.68 % Gtotal(l=3) ave= 0.000E+00 +/- 0.00 %  % || Gg(l=0) ave= 1.454E-01 +/- 7.77 % Gg(l=1) ave= 1.708E-01 +/- 5.47 % Gg(l=2) ave= 1.673E-01 +/- 4.68 % Gg(l=3) ave= 0.000E+00 +/- 0.00 %  % || D(l=0) ave= 4.210E+02 +/- 7.64 % D(l=1) ave= 1.975E+02 +/- 0.00 % D(l=2) ave= 1.383E+02 +/- 0.00 % D(l=3) ave= 0.000E+00 +/- 0.00 %  % || S(l=0) ave= 1.073E-04 +/- 4.56 % S(l=1) ave= 2.853E-04 +/- 7.99 % S(l=2) ave= 2.600E-05 +/- 15.63 % S(l=3) ave= 0.000E+00 +/- 0.00 % 
 ... random file  61 Cap(th)  ave= 1.184E+01 b. +/- 6.85 % || Ela(th) ave= 5.654E+00 b. +/- 9.05 % || RIcap ave= 5.19E+01 b. +/- 11.12 % || Macs30 ave= 2.81E-01 b. +/- 0.10 % || Gn^0(l=0) ave= 3.904E-02 +/- 2.01 % Gn^0(l=1) ave= 8.567E-02 +/- 7.90 % Gn^0(l=2) ave= 7.176E-03 +/- 15.50 % Gn^0(l=3) ave= 0.000E+00 +/- 0.00 % || Gtotal(l=0) ave= 1.417E+00 +/- 1.17 % Gtotal(l=1) ave= 1.787E-01 +/- 5.26 % Gtotal(l=2) ave= 1.676E-01 +/- 4.85 % Gtotal(l=3) ave= 0.000E+00 +/- 0.00 %  % || Gg(l=0) ave= 1.452E-01 +/- 7.81 % Gg(l=1) ave= 1.710E-01 +/- 5.50 % Gg(l=2) ave= 1.676E-01 +/- 4.85 % Gg(l=3) ave= 0.000E+00 +/- 0.00 %  % || D(l=0) ave= 4.206E+02 +/- 7.63 % D(l=1) ave= 1.975E+02 +/- 0.00 % D(l=2) ave= 1.383E+02 +/- 0.00 % D(l=3) ave= 0.000E+00 +/- 0.00 %  % || S(l=0) ave= 1.073E-04 +/- 4.55 % S(l=1) ave= 2.853E-04 +/- 7.93 % S(l=2) ave= 2.601E-05 +/- 15.50 % S(l=3) ave= 0.000E+00 +/- 0.00 % 
 ... random file  62 Cap(th)  ave= 1.182E+01 b. +/- 6.86 % || Ela(th) ave= 5.660E+00 b. +/- 9.00 % || RIcap ave= 5.20E+01 b. +/- 11.08 % || Macs30 ave= 2.81E-01 b. +/- 0.10 % || Gn^0(l=0) ave= 3.905E-02 +/- 2.02 % Gn^0(l=1) ave= 8.559E-02 +/- 7.89 % Gn^0(l=2) ave= 7.162E-03 +/- 15.49 % Gn^0(l=3) ave= 0.000E+00 +/- 0.00 % || Gtotal(l=0) ave= 1.417E+00 +/- 1.16 % Gtotal(l=1) ave= 1.787E-01 +/- 5.22 % Gtotal(l=2) ave= 1.674E-01 +/- 4.87 % Gtotal(l=3) ave= 0.000E+00 +/- 0.00 %  % || Gg(l=0) ave= 1.454E-01 +/- 7.83 % Gg(l=1) ave= 1.710E-01 +/- 5.46 % Gg(l=2) ave= 1.674E-01 +/- 4.87 % Gg(l=3) ave= 0.000E+00 +/- 0.00 %  % || D(l=0) ave= 4.212E+02 +/- 7.65 % D(l=1) ave= 1.975E+02 +/- 0.00 % D(l=2) ave= 1.383E+02 +/- 0.00 % D(l=3) ave= 0.000E+00 +/- 0.00 %  % || S(l=0) ave= 1.072E-04 +/- 4.57 % S(l=1) ave= 2.850E-04 +/- 7.91 % S(l=2) ave= 2.596E-05 +/- 15.49 % S(l=3) ave= 0.000E+00 +/- 0.00 % 
 ... random file  63 Cap(th)  ave= 1.180E+01 b. +/- 6.93 % || Ela(th) ave= 5.667E+00 b. +/- 8.98 % || RIcap ave= 5.18E+01 b. +/- 11.24 % || Macs30 ave= 2.81E-01 b. +/- 0.10 % || Gn^0(l=0) ave= 3.907E-02 +/- 2.02 % Gn^0(l=1) ave= 8.548E-02 +/- 7.90 % Gn^0(l=2) ave= 7.146E-03 +/- 15.50 % Gn^0(l=3) ave= 0.000E+00 +/- 0.00 % || Gtotal(l=0) ave= 1.417E+00 +/- 1.16 % Gtotal(l=1) ave= 1.788E-01 +/- 5.20 % Gtotal(l=2) ave= 1.674E-01 +/- 4.84 % Gtotal(l=3) ave= 0.000E+00 +/- 0.00 %  % || Gg(l=0) ave= 1.455E-01 +/- 7.77 % Gg(l=1) ave= 1.711E-01 +/- 5.43 % Gg(l=2) ave= 1.674E-01 +/- 4.84 % Gg(l=3) ave= 0.000E+00 +/- 0.00 %  % || D(l=0) ave= 4.218E+02 +/- 7.67 % D(l=1) ave= 1.975E+02 +/- 0.00 % D(l=2) ave= 1.383E+02 +/- 0.00 % D(l=3) ave= 0.000E+00 +/- 0.00 %  % || S(l=0) ave= 1.071E-04 +/- 4.59 % S(l=1) ave= 2.847E-04 +/- 7.92 % S(l=2) ave= 2.590E-05 +/- 15.50 % S(l=3) ave= 0.000E+00 +/- 0.00 % 
 ... random file  64 Cap(th)  ave= 1.181E+01 b. +/- 6.92 % || Ela(th) ave= 5.670E+00 b. +/- 8.91 % || RIcap ave= 5.20E+01 b. +/- 11.39 % || Macs30 ave= 2.81E-01 b. +/- 0.10 % || Gn^0(l=0) ave= 3.906E-02 +/- 2.01 % Gn^0(l=1) ave= 8.545E-02 +/- 7.85 % Gn^0(l=2) ave= 7.140E-03 +/- 15.41 % Gn^0(l=3) ave= 0.000E+00 +/- 0.00 % || Gtotal(l=0) ave= 1.417E+00 +/- 1.18 % Gtotal(l=1) ave= 1.788E-01 +/- 5.16 % Gtotal(l=2) ave= 1.675E-01 +/- 4.82 % Gtotal(l=3) ave= 0.000E+00 +/- 0.00 %  % || Gg(l=0) ave= 1.457E-01 +/- 7.79 % Gg(l=1) ave= 1.711E-01 +/- 5.39 % Gg(l=2) ave= 1.675E-01 +/- 4.82 % Gg(l=3) ave= 0.000E+00 +/- 0.00 %  % || D(l=0) ave= 4.214E+02 +/- 7.65 % D(l=1) ave= 1.975E+02 +/- 0.00 % D(l=2) ave= 1.383E+02 +/- 0.00 % D(l=3) ave= 0.000E+00 +/- 0.00 %  % || S(l=0) ave= 1.072E-04 +/- 4.58 % S(l=1) ave= 2.846E-04 +/- 7.87 % S(l=2) ave= 2.588E-05 +/- 15.41 % S(l=3) ave= 0.000E+00 +/- 0.00 % 
 ... random file  65 Cap(th)  ave= 1.182E+01 b. +/- 6.87 % || Ela(th) ave= 5.673E+00 b. +/- 8.85 % || RIcap ave= 5.20E+01 b. +/- 11.30 % || Macs30 ave= 2.81E-01 b. +/- 0.10 % || Gn^0(l=0) ave= 3.905E-02 +/- 2.01 % Gn^0(l=1) ave= 8.541E-02 +/- 7.80 % Gn^0(l=2) ave= 7.131E-03 +/- 15.34 % Gn^0(l=3) ave= 0.000E+00 +/- 0.00 % || Gtotal(l=0) ave= 1.417E+00 +/- 1.17 % Gtotal(l=1) ave= 1.788E-01 +/- 5.12 % Gtotal(l=2) ave= 1.674E-01 +/- 4.84 % Gtotal(l=3) ave= 0.000E+00 +/- 0.00 %  % || Gg(l=0) ave= 1.457E-01 +/- 7.73 % Gg(l=1) ave= 1.711E-01 +/- 5.35 % Gg(l=2) ave= 1.674E-01 +/- 4.84 % Gg(l=3) ave= 0.000E+00 +/- 0.00 %  % || D(l=0) ave= 4.210E+02 +/- 7.64 % D(l=1) ave= 1.975E+02 +/- 0.00 % D(l=2) ave= 1.383E+02 +/- 0.00 % D(l=3) ave= 0.000E+00 +/- 0.00 %  % || S(l=0) ave= 1.073E-04 +/- 4.57 % S(l=1) ave= 2.844E-04 +/- 7.82 % S(l=2) ave= 2.585E-05 +/- 15.34 % S(l=3) ave= 0.000E+00 +/- 0.00 % 
 ... random file  66 Cap(th)  ave= 1.182E+01 b. +/- 6.82 % || Ela(th) ave= 5.648E+00 b. +/- 9.55 % || RIcap ave= 5.22E+01 b. +/- 11.49 % || Macs30 ave= 2.81E-01 b. +/- 0.10 % || Gn^0(l=0) ave= 3.904E-02 +/- 2.00 % Gn^0(l=1) ave= 8.585E-02 +/- 8.74 % Gn^0(l=2) ave= 7.216E-03 +/- 17.79 % Gn^0(l=3) ave= 0.000E+00 +/- 0.00 % || Gtotal(l=0) ave= 1.418E+00 +/- 1.18 % Gtotal(l=1) ave= 1.787E-01 +/- 5.11 % Gtotal(l=2) ave= 1.674E-01 +/- 4.81 % Gtotal(l=3) ave= 0.000E+00 +/- 0.00 %  % || Gg(l=0) ave= 1.459E-01 +/- 7.79 % Gg(l=1) ave= 1.710E-01 +/- 5.34 % Gg(l=2) ave= 1.674E-01 +/- 4.81 % Gg(l=3) ave= 0.000E+00 +/- 0.00 %  % || D(l=0) ave= 4.206E+02 +/- 7.63 % D(l=1) ave= 1.975E+02 +/- 0.00 % D(l=2) ave= 1.383E+02 +/- 0.00 % D(l=3) ave= 0.000E+00 +/- 0.00 %  % || S(l=0) ave= 1.073E-04 +/- 4.55 % S(l=1) ave= 2.859E-04 +/- 8.76 % S(l=2) ave= 2.615E-05 +/- 17.79 % S(l=3) ave= 0.000E+00 +/- 0.00 % 
 ... random file  67 Cap(th)  ave= 1.182E+01 b. +/- 6.79 % || Ela(th) ave= 5.651E+00 b. +/- 9.49 % || RIcap ave= 5.22E+01 b. +/- 11.41 % || Macs30 ave= 2.81E-01 b. +/- 0.09 % || Gn^0(l=0) ave= 3.905E-02 +/- 2.01 % Gn^0(l=1) ave= 8.579E-02 +/- 8.69 % Gn^0(l=2) ave= 7.206E-03 +/- 17.72 % Gn^0(l=3) ave= 0.000E+00 +/- 0.00 % || Gtotal(l=0) ave= 1.418E+00 +/- 1.18 % Gtotal(l=1) ave= 1.787E-01 +/- 5.07 % Gtotal(l=2) ave= 1.673E-01 +/- 4.79 % Gtotal(l=3) ave= 0.000E+00 +/- 0.00 %  % || Gg(l=0) ave= 1.460E-01 +/- 7.73 % Gg(l=1) ave= 1.710E-01 +/- 5.30 % Gg(l=2) ave= 1.673E-01 +/- 4.79 % Gg(l=3) ave= 0.000E+00 +/- 0.00 %  % || D(l=0) ave= 4.212E+02 +/- 7.65 % D(l=1) ave= 1.975E+02 +/- 0.00 % D(l=2) ave= 1.383E+02 +/- 0.00 % D(l=3) ave= 0.000E+00 +/- 0.00 %  % || S(l=0) ave= 1.072E-04 +/- 4.57 % S(l=1) ave= 2.857E-04 +/- 8.72 % S(l=2) ave= 2.612E-05 +/- 17.71 % S(l=3) ave= 0.000E+00 +/- 0.00 % 
 ... random file  68 Cap(th)  ave= 1.180E+01 b. +/- 6.84 % || Ela(th) ave= 5.653E+00 b. +/- 9.42 % || RIcap ave= 5.23E+01 b. +/- 11.44 % || Macs30 ave= 2.81E-01 b. +/- 0.09 % || Gn^0(l=0) ave= 3.907E-02 +/- 2.02 % Gn^0(l=1) ave= 8.577E-02 +/- 8.64 % Gn^0(l=2) ave= 7.201E-03 +/- 17.61 % Gn^0(l=3) ave= 0.000E+00 +/- 0.00 % || Gtotal(l=0) ave= 1.417E+00 +/- 1.17 % Gtotal(l=1) ave= 1.784E-01 +/- 5.21 % Gtotal(l=2) ave= 1.674E-01 +/- 4.77 % Gtotal(l=3) ave= 0.000E+00 +/- 0.00 %  % || Gg(l=0) ave= 1.460E-01 +/- 7.67 % Gg(l=1) ave= 1.707E-01 +/- 5.44 % Gg(l=2) ave= 1.674E-01 +/- 4.77 % Gg(l=3) ave= 0.000E+00 +/- 0.00 %  % || D(l=0) ave= 4.218E+02 +/- 7.67 % D(l=1) ave= 1.975E+02 +/- 0.00 % D(l=2) ave= 1.383E+02 +/- 0.00 % D(l=3) ave= 0.000E+00 +/- 0.00 %  % || S(l=0) ave= 1.071E-04 +/- 4.59 % S(l=1) ave= 2.856E-04 +/- 8.66 % S(l=2) ave= 2.610E-05 +/- 17.61 % S(l=3) ave= 0.000E+00 +/- 0.00 % 
 ... random file  69 Cap(th)  ave= 1.182E+01 b. +/- 6.86 % || Ela(th) ave= 5.655E+00 b. +/- 9.35 % || RIcap ave= 5.23E+01 b. +/- 11.36 % || Macs30 ave= 2.81E-01 b. +/- 0.09 % || Gn^0(l=0) ave= 3.906E-02 +/- 2.02 % Gn^0(l=1) ave= 8.574E-02 +/- 8.58 % Gn^0(l=2) ave= 7.194E-03 +/- 17.52 % Gn^0(l=3) ave= 0.000E+00 +/- 0.00 % || Gtotal(l=0) ave= 1.418E+00 +/- 1.17 % Gtotal(l=1) ave= 1.783E-01 +/- 5.20 % Gtotal(l=2) ave= 1.672E-01 +/- 4.81 % Gtotal(l=3) ave= 0.000E+00 +/- 0.00 %  % || Gg(l=0) ave= 1.460E-01 +/- 7.63 % Gg(l=1) ave= 1.706E-01 +/- 5.44 % Gg(l=2) ave= 1.672E-01 +/- 4.81 % Gg(l=3) ave= 0.000E+00 +/- 0.00 %  % || D(l=0) ave= 4.214E+02 +/- 7.65 % D(l=1) ave= 1.975E+02 +/- 0.00 % D(l=2) ave= 1.383E+02 +/- 0.00 % D(l=3) ave= 0.000E+00 +/- 0.00 %  % || S(l=0) ave= 1.072E-04 +/- 4.57 % S(l=1) ave= 2.855E-04 +/- 8.60 % S(l=2) ave= 2.608E-05 +/- 17.52 % S(l=3) ave= 0.000E+00 +/- 0.00 % 
 ... random file  70 Cap(th)  ave= 1.180E+01 b. +/- 6.93 % || Ela(th) ave= 5.652E+00 b. +/- 9.31 % || RIcap ave= 5.22E+01 b. +/- 11.46 % || Macs30 ave= 2.81E-01 b. +/- 0.10 % || Gn^0(l=0) ave= 3.908E-02 +/- 2.04 % Gn^0(l=1) ave= 8.579E-02 +/- 8.52 % Gn^0(l=2) ave= 7.199E-03 +/- 17.39 % Gn^0(l=3) ave= 0.000E+00 +/- 0.00 % || Gtotal(l=0) ave= 1.417E+00 +/- 1.20 % Gtotal(l=1) ave= 1.785E-01 +/- 5.23 % Gtotal(l=2) ave= 1.672E-01 +/- 4.78 % Gtotal(l=3) ave= 0.000E+00 +/- 0.00 %  % || Gg(l=0) ave= 1.457E-01 +/- 7.84 % Gg(l=1) ave= 1.708E-01 +/- 5.46 % Gg(l=2) ave= 1.672E-01 +/- 4.78 % Gg(l=3) ave= 0.000E+00 +/- 0.00 %  % || D(l=0) ave= 4.220E+02 +/- 7.67 % D(l=1) ave= 1.975E+02 +/- 0.00 % D(l=2) ave= 1.383E+02 +/- 0.00 % D(l=3) ave= 0.000E+00 +/- 0.00 %  % || S(l=0) ave= 1.071E-04 +/- 4.58 % S(l=1) ave= 2.857E-04 +/- 8.55 % S(l=2) ave= 2.609E-05 +/- 17.39 % S(l=3) ave= 0.000E+00 +/- 0.00 % 
 ... random file  71 Cap(th)  ave= 1.182E+01 b. +/- 6.99 % || Ela(th) ave= 5.655E+00 b. +/- 9.25 % || RIcap ave= 5.23E+01 b. +/- 11.43 % || Macs30 ave= 2.81E-01 b. +/- 0.10 % || Gn^0(l=0) ave= 3.906E-02 +/- 2.04 % Gn^0(l=1) ave= 8.574E-02 +/- 8.48 % Gn^0(l=2) ave= 7.190E-03 +/- 17.32 % Gn^0(l=3) ave= 0.000E+00 +/- 0.00 % || Gtotal(l=0) ave= 1.417E+00 +/- 1.19 % Gtotal(l=1) ave= 1.785E-01 +/- 5.19 % Gtotal(l=2) ave= 1.672E-01 +/- 4.74 % Gtotal(l=3) ave= 0.000E+00 +/- 0.00 %  % || Gg(l=0) ave= 1.456E-01 +/- 7.81 % Gg(l=1) ave= 1.708E-01 +/- 5.42 % Gg(l=2) ave= 1.672E-01 +/- 4.74 % Gg(l=3) ave= 0.000E+00 +/- 0.00 %  % || D(l=0) ave= 4.216E+02 +/- 7.66 % D(l=1) ave= 1.975E+02 +/- 0.00 % D(l=2) ave= 1.383E+02 +/- 0.00 % D(l=3) ave= 0.000E+00 +/- 0.00 %  % || S(l=0) ave= 1.072E-04 +/- 4.56 % S(l=1) ave= 2.855E-04 +/- 8.50 % S(l=2) ave= 2.606E-05 +/- 17.31 % S(l=3) ave= 0.000E+00 +/- 0.00 % 
 ... random file  72 Cap(th)  ave= 1.182E+01 b. +/- 6.95 % || Ela(th) ave= 5.652E+00 b. +/- 9.22 % || RIcap ave= 5.23E+01 b. +/- 11.37 % || Macs30 ave= 2.81E-01 b. +/- 0.10 % || Gn^0(l=0) ave= 3.905E-02 +/- 2.04 % Gn^0(l=1) ave= 8.579E-02 +/- 8.43 % Gn^0(l=2) ave= 7.198E-03 +/- 17.20 % Gn^0(l=3) ave= 0.000E+00 +/- 0.00 % || Gtotal(l=0) ave= 1.417E+00 +/- 1.18 % Gtotal(l=1) ave= 1.783E-01 +/- 5.21 % Gtotal(l=2) ave= 1.671E-01 +/- 4.73 % Gtotal(l=3) ave= 0.000E+00 +/- 0.00 %  % || Gg(l=0) ave= 1.456E-01 +/- 7.75 % Gg(l=1) ave= 1.706E-01 +/- 5.45 % Gg(l=2) ave= 1.671E-01 +/- 4.73 % Gg(l=3) ave= 0.000E+00 +/- 0.00 %  % || D(l=0) ave= 4.213E+02 +/- 7.65 % D(l=1) ave= 1.975E+02 +/- 0.00 % D(l=2) ave= 1.383E+02 +/- 0.00 % D(l=3) ave= 0.000E+00 +/- 0.00 %  % || S(l=0) ave= 1.072E-04 +/- 4.54 % S(l=1) ave= 2.857E-04 +/- 8.45 % S(l=2) ave= 2.609E-05 +/- 17.20 % S(l=3) ave= 0.000E+00 +/- 0.00 % 
 ... random file  73 Cap(th)  ave= 1.182E+01 b. +/- 6.91 % || Ela(th) ave= 5.644E+00 b. +/- 9.23 % || RIcap ave= 5.23E+01 b. +/- 11.30 % || Macs30 ave= 2.81E-01 b. +/- 0.10 % || Gn^0(l=0) ave= 3.906E-02 +/- 2.03 % Gn^0(l=1) ave= 8.588E-02 +/- 8.41 % Gn^0(l=2) ave= 7.214E-03 +/- 17.15 % Gn^0(l=3) ave= 0.000E+00 +/- 0.00 % || Gtotal(l=0) ave= 1.417E+00 +/- 1.17 % Gtotal(l=1) ave= 1.785E-01 +/- 5.23 % Gtotal(l=2) ave= 1.670E-01 +/- 4.74 % Gtotal(l=3) ave= 0.000E+00 +/- 0.00 %  % || Gg(l=0) ave= 1.460E-01 +/- 8.07 % Gg(l=1) ave= 1.708E-01 +/- 5.47 % Gg(l=2) ave= 1.670E-01 +/- 4.74 % Gg(l=3) ave= 0.000E+00 +/- 0.00 %  % || D(l=0) ave= 4.218E+02 +/- 7.66 % D(l=1) ave= 1.975E+02 +/- 0.00 % D(l=2) ave= 1.383E+02 +/- 0.00 % D(l=3) ave= 0.000E+00 +/- 0.00 %  % || S(l=0) ave= 1.071E-04 +/- 4.58 % S(l=1) ave= 2.860E-04 +/- 8.43 % S(l=2) ave= 2.615E-05 +/- 17.15 % S(l=3) ave= 0.000E+00 +/- 0.00 % 
 ... random file  74 Cap(th)  ave= 1.180E+01 b. +/- 6.93 % || Ela(th) ave= 5.642E+00 b. +/- 9.17 % || RIcap ave= 5.23E+01 b. +/- 11.24 % || Macs30 ave= 2.81E-01 b. +/- 0.10 % || Gn^0(l=0) ave= 3.908E-02 +/- 2.05 % Gn^0(l=1) ave= 8.591E-02 +/- 8.36 % Gn^0(l=2) ave= 7.215E-03 +/- 17.03 % Gn^0(l=3) ave= 0.000E+00 +/- 0.00 % || Gtotal(l=0) ave= 1.417E+00 +/- 1.17 % Gtotal(l=1) ave= 1.785E-01 +/- 5.20 % Gtotal(l=2) ave= 1.670E-01 +/- 4.71 % Gtotal(l=3) ave= 0.000E+00 +/- 0.00 %  % || Gg(l=0) ave= 1.459E-01 +/- 8.03 % Gg(l=1) ave= 1.708E-01 +/- 5.43 % Gg(l=2) ave= 1.670E-01 +/- 4.71 % Gg(l=3) ave= 0.000E+00 +/- 0.00 %  % || D(l=0) ave= 4.223E+02 +/- 7.68 % D(l=1) ave= 1.975E+02 +/- 0.00 % D(l=2) ave= 1.383E+02 +/- 0.00 % D(l=3) ave= 0.000E+00 +/- 0.00 %  % || S(l=0) ave= 1.071E-04 +/- 4.59 % S(l=1) ave= 2.861E-04 +/- 8.38 % S(l=2) ave= 2.615E-05 +/- 17.03 % S(l=3) ave= 0.000E+00 +/- 0.00 % 
 ... random file  75 Cap(th)  ave= 1.181E+01 b. +/- 6.90 % || Ela(th) ave= 5.637E+00 b. +/- 9.15 % || RIcap ave= 5.22E+01 b. +/- 11.17 % || Macs30 ave= 2.81E-01 b. +/- 0.10 % || Gn^0(l=0) ave= 3.907E-02 +/- 2.04 % Gn^0(l=1) ave= 8.599E-02 +/- 8.33 % Gn^0(l=2) ave= 7.227E-03 +/- 16.95 % Gn^0(l=3) ave= 0.000E+00 +/- 0.00 % || Gtotal(l=0) ave= 1.417E+00 +/- 1.16 % Gtotal(l=1) ave= 1.786E-01 +/- 5.22 % Gtotal(l=2) ave= 1.670E-01 +/- 4.68 % Gtotal(l=3) ave= 0.000E+00 +/- 0.00 %  % || Gg(l=0) ave= 1.458E-01 +/- 8.03 % Gg(l=1) ave= 1.709E-01 +/- 5.45 % Gg(l=2) ave= 1.670E-01 +/- 4.68 % Gg(l=3) ave= 0.000E+00 +/- 0.00 %  % || D(l=0) ave= 4.220E+02 +/- 7.67 % D(l=1) ave= 1.975E+02 +/- 0.00 % D(l=2) ave= 1.383E+02 +/- 0.00 % D(l=3) ave= 0.000E+00 +/- 0.00 %  % || S(l=0) ave= 1.071E-04 +/- 4.57 % S(l=1) ave= 2.864E-04 +/- 8.35 % S(l=2) ave= 2.619E-05 +/- 16.95 % S(l=3) ave= 0.000E+00 +/- 0.00 % 
 ... random file  76 Cap(th)  ave= 1.180E+01 b. +/- 6.88 % || Ela(th) ave= 5.652E+00 b. +/- 9.36 % || RIcap ave= 5.22E+01 b. +/- 11.24 % || Macs30 ave= 2.81E-01 b. +/- 0.10 % || Gn^0(l=0) ave= 3.906E-02 +/- 2.04 % Gn^0(l=1) ave= 8.580E-02 +/- 8.50 % Gn^0(l=2) ave= 7.200E-03 +/- 17.22 % Gn^0(l=3) ave= 0.000E+00 +/- 0.00 % || Gtotal(l=0) ave= 1.417E+00 +/- 1.16 % Gtotal(l=1) ave= 1.786E-01 +/- 5.20 % Gtotal(l=2) ave= 1.671E-01 +/- 4.67 % Gtotal(l=3) ave= 0.000E+00 +/- 0.00 %  % || Gg(l=0) ave= 1.459E-01 +/- 8.00 % Gg(l=1) ave= 1.709E-01 +/- 5.44 % Gg(l=2) ave= 1.671E-01 +/- 4.67 % Gg(l=3) ave= 0.000E+00 +/- 0.00 %  % || D(l=0) ave= 4.216E+02 +/- 7.66 % D(l=1) ave= 1.975E+02 +/- 0.00 % D(l=2) ave= 1.383E+02 +/- 0.00 % D(l=3) ave= 0.000E+00 +/- 0.00 %  % || S(l=0) ave= 1.072E-04 +/- 4.56 % S(l=1) ave= 2.857E-04 +/- 8.52 % S(l=2) ave= 2.610E-05 +/- 17.22 % S(l=3) ave= 0.000E+00 +/- 0.00 % 
 ... random file  77 Cap(th)  ave= 1.179E+01 b. +/- 6.88 % || Ela(th) ave= 5.654E+00 b. +/- 9.30 % || RIcap ave= 5.22E+01 b. +/- 11.17 % || Macs30 ave= 2.81E-01 b. +/- 0.10 % || Gn^0(l=0) ave= 3.907E-02 +/- 2.05 % Gn^0(l=1) ave= 8.578E-02 +/- 8.45 % Gn^0(l=2) ave= 7.195E-03 +/- 17.13 % Gn^0(l=3) ave= 0.000E+00 +/- 0.00 % || Gtotal(l=0) ave= 1.417E+00 +/- 1.15 % Gtotal(l=1) ave= 1.787E-01 +/- 5.20 % Gtotal(l=2) ave= 1.670E-01 +/- 4.67 % Gtotal(l=3) ave= 0.000E+00 +/- 0.00 %  % || Gg(l=0) ave= 1.460E-01 +/- 7.97 % Gg(l=1) ave= 1.710E-01 +/- 5.44 % Gg(l=2) ave= 1.670E-01 +/- 4.67 % Gg(l=3) ave= 0.000E+00 +/- 0.00 %  % || D(l=0) ave= 4.221E+02 +/- 7.67 % D(l=1) ave= 1.975E+02 +/- 0.00 % D(l=2) ave= 1.383E+02 +/- 0.00 % D(l=3) ave= 0.000E+00 +/- 0.00 %  % || S(l=0) ave= 1.071E-04 +/- 4.57 % S(l=1) ave= 2.857E-04 +/- 8.47 % S(l=2) ave= 2.608E-05 +/- 17.12 % S(l=3) ave= 0.000E+00 +/- 0.00 % 
 ... random file  78 Cap(th)  ave= 1.180E+01 b. +/- 6.84 % || Ela(th) ave= 5.642E+00 b. +/- 9.42 % || RIcap ave= 5.21E+01 b. +/- 11.13 % || Macs30 ave= 2.81E-01 b. +/- 0.10 % || Gn^0(l=0) ave= 3.908E-02 +/- 2.05 % Gn^0(l=1) ave= 8.594E-02 +/- 8.53 % Gn^0(l=2) ave= 7.221E-03 +/- 17.25 % Gn^0(l=3) ave= 0.000E+00 +/- 0.00 % || Gtotal(l=0) ave= 1.417E+00 +/- 1.15 % Gtotal(l=1) ave= 1.787E-01 +/- 5.17 % Gtotal(l=2) ave= 1.671E-01 +/- 4.66 % Gtotal(l=3) ave= 0.000E+00 +/- 0.00 %  % || Gg(l=0) ave= 1.464E-01 +/- 8.18 % Gg(l=1) ave= 1.710E-01 +/- 5.40 % Gg(l=2) ave= 1.671E-01 +/- 4.66 % Gg(l=3) ave= 0.000E+00 +/- 0.00 %  % || D(l=0) ave= 4.226E+02 +/- 7.68 % D(l=1) ave= 1.975E+02 +/- 0.00 % D(l=2) ave= 1.383E+02 +/- 0.00 % D(l=3) ave= 0.000E+00 +/- 0.00 %  % || S(l=0) ave= 1.070E-04 +/- 4.59 % S(l=1) ave= 2.862E-04 +/- 8.55 % S(l=2) ave= 2.618E-05 +/- 17.25 % S(l=3) ave= 0.000E+00 +/- 0.00 % 
 ... random file  79 Cap(th)  ave= 1.179E+01 b. +/- 6.86 % || Ela(th) ave= 5.641E+00 b. +/- 9.37 % || RIcap ave= 5.21E+01 b. +/- 11.07 % || Macs30 ave= 2.81E-01 b. +/- 0.10 % || Gn^0(l=0) ave= 3.909E-02 +/- 2.05 % Gn^0(l=1) ave= 8.596E-02 +/- 8.47 % Gn^0(l=2) ave= 7.225E-03 +/- 17.14 % Gn^0(l=3) ave= 0.000E+00 +/- 0.00 % || Gtotal(l=0) ave= 1.417E+00 +/- 1.15 % Gtotal(l=1) ave= 1.789E-01 +/- 5.21 % Gtotal(l=2) ave= 1.670E-01 +/- 4.63 % Gtotal(l=3) ave= 0.000E+00 +/- 0.00 %  % || Gg(l=0) ave= 1.465E-01 +/- 8.17 % Gg(l=1) ave= 1.712E-01 +/- 5.44 % Gg(l=2) ave= 1.670E-01 +/- 4.63 % Gg(l=3) ave= 0.000E+00 +/- 0.00 %  % || D(l=0) ave= 4.231E+02 +/- 7.69 % D(l=1) ave= 1.975E+02 +/- 0.00 % D(l=2) ave= 1.383E+02 +/- 0.00 % D(l=3) ave= 0.000E+00 +/- 0.00 %  % || S(l=0) ave= 1.069E-04 +/- 4.61 % S(l=1) ave= 2.862E-04 +/- 8.49 % S(l=2) ave= 2.619E-05 +/- 17.14 % S(l=3) ave= 0.000E+00 +/- 0.00 % 
 ... random file  80 Cap(th)  ave= 1.177E+01 b. +/- 6.94 % || Ela(th) ave= 5.628E+00 b. +/- 9.53 % || RIcap ave= 5.19E+01 b. +/- 11.47 % || Macs30 ave= 2.81E-01 b. +/- 0.10 % || Gn^0(l=0) ave= 3.910E-02 +/- 2.05 % Gn^0(l=1) ave= 8.614E-02 +/- 8.62 % Gn^0(l=2) ave= 7.256E-03 +/- 17.41 % Gn^0(l=3) ave= 0.000E+00 +/- 0.00 % || Gtotal(l=0) ave= 1.417E+00 +/- 1.15 % Gtotal(l=1) ave= 1.790E-01 +/- 5.24 % Gtotal(l=2) ave= 1.671E-01 +/- 4.60 % Gtotal(l=3) ave= 0.000E+00 +/- 0.00 %  % || Gg(l=0) ave= 1.465E-01 +/- 8.12 % Gg(l=1) ave= 1.713E-01 +/- 5.48 % Gg(l=2) ave= 1.671E-01 +/- 4.60 % Gg(l=3) ave= 0.000E+00 +/- 0.00 %  % || D(l=0) ave= 4.235E+02 +/- 7.70 % D(l=1) ave= 1.975E+02 +/- 0.00 % D(l=2) ave= 1.383E+02 +/- 0.00 % D(l=3) ave= 0.000E+00 +/- 0.00 %  % || S(l=0) ave= 1.069E-04 +/- 4.62 % S(l=1) ave= 2.869E-04 +/- 8.64 % S(l=2) ave= 2.630E-05 +/- 17.41 % S(l=3) ave= 0.000E+00 +/- 0.00 % 
 ... random file  81 Cap(th)  ave= 1.176E+01 b. +/- 6.92 % || Ela(th) ave= 5.626E+00 b. +/- 9.48 % || RIcap ave= 5.18E+01 b. +/- 11.65 % || Macs30 ave= 2.81E-01 b. +/- 0.10 % || Gn^0(l=0) ave= 3.912E-02 +/- 2.06 % Gn^0(l=1) ave= 8.615E-02 +/- 8.56 % Gn^0(l=2) ave= 7.259E-03 +/- 17.30 % Gn^0(l=3) ave= 0.000E+00 +/- 0.00 % || Gtotal(l=0) ave= 1.417E+00 +/- 1.15 % Gtotal(l=1) ave= 1.790E-01 +/- 5.22 % Gtotal(l=2) ave= 1.670E-01 +/- 4.58 % Gtotal(l=3) ave= 0.000E+00 +/- 0.00 %  % || Gg(l=0) ave= 1.463E-01 +/- 8.11 % Gg(l=1) ave= 1.713E-01 +/- 5.45 % Gg(l=2) ave= 1.670E-01 +/- 4.58 % Gg(l=3) ave= 0.000E+00 +/- 0.00 %  % || D(l=0) ave= 4.240E+02 +/- 7.71 % D(l=1) ave= 1.975E+02 +/- 0.00 % D(l=2) ave= 1.383E+02 +/- 0.00 % D(l=3) ave= 0.000E+00 +/- 0.00 %  % || S(l=0) ave= 1.068E-04 +/- 4.62 % S(l=1) ave= 2.869E-04 +/- 8.58 % S(l=2) ave= 2.631E-05 +/- 17.30 % S(l=3) ave= 0.000E+00 +/- 0.00 % 
 ... random file  82 Cap(th)  ave= 1.176E+01 b. +/- 6.89 % || Ela(th) ave= 5.629E+00 b. +/- 9.43 % || RIcap ave= 5.18E+01 b. +/- 11.58 % || Macs30 ave= 2.81E-01 b. +/- 0.10 % || Gn^0(l=0) ave= 3.913E-02 +/- 2.07 % Gn^0(l=1) ave= 8.612E-02 +/- 8.52 % Gn^0(l=2) ave= 7.252E-03 +/- 17.23 % Gn^0(l=3) ave= 0.000E+00 +/- 0.00 % || Gtotal(l=0) ave= 1.417E+00 +/- 1.15 % Gtotal(l=1) ave= 1.789E-01 +/- 5.21 % Gtotal(l=2) ave= 1.672E-01 +/- 4.61 % Gtotal(l=3) ave= 0.000E+00 +/- 0.00 %  % || Gg(l=0) ave= 1.464E-01 +/- 8.06 % Gg(l=1) ave= 1.712E-01 +/- 5.44 % Gg(l=2) ave= 1.672E-01 +/- 4.61 % Gg(l=3) ave= 0.000E+00 +/- 0.00 %  % || D(l=0) ave= 4.245E+02 +/- 7.71 % D(l=1) ave= 1.975E+02 +/- 0.00 % D(l=2) ave= 1.383E+02 +/- 0.00 % D(l=3) ave= 0.000E+00 +/- 0.00 %  % || S(l=0) ave= 1.067E-04 +/- 4.63 % S(l=1) ave= 2.868E-04 +/- 8.54 % S(l=2) ave= 2.629E-05 +/- 17.23 % S(l=3) ave= 0.000E+00 +/- 0.00 % 
 ... random file  83 Cap(th)  ave= 1.177E+01 b. +/- 6.89 % || Ela(th) ave= 5.622E+00 b. +/- 9.44 % || RIcap ave= 5.18E+01 b. +/- 11.51 % || Macs30 ave= 2.81E-01 b. +/- 0.10 % || Gn^0(l=0) ave= 3.912E-02 +/- 2.06 % Gn^0(l=1) ave= 8.621E-02 +/- 8.51 % Gn^0(l=2) ave= 7.264E-03 +/- 17.17 % Gn^0(l=3) ave= 0.000E+00 +/- 0.00 % || Gtotal(l=0) ave= 1.417E+00 +/- 1.14 % Gtotal(l=1) ave= 1.788E-01 +/- 5.22 % Gtotal(l=2) ave= 1.671E-01 +/- 4.60 % Gtotal(l=3) ave= 0.000E+00 +/- 0.00 %  % || Gg(l=0) ave= 1.462E-01 +/- 8.12 % Gg(l=1) ave= 1.711E-01 +/- 5.45 % Gg(l=2) ave= 1.671E-01 +/- 4.60 % Gg(l=3) ave= 0.000E+00 +/- 0.00 %  % || D(l=0) ave= 4.241E+02 +/- 7.71 % D(l=1) ave= 1.975E+02 +/- 0.00 % D(l=2) ave= 1.383E+02 +/- 0.00 % D(l=3) ave= 0.000E+00 +/- 0.00 %  % || S(l=0) ave= 1.068E-04 +/- 4.63 % S(l=1) ave= 2.871E-04 +/- 8.53 % S(l=2) ave= 2.633E-05 +/- 17.17 % S(l=3) ave= 0.000E+00 +/- 0.00 % 
 ... random file  84 Cap(th)  ave= 1.175E+01 b. +/- 7.03 % || Ela(th) ave= 5.613E+00 b. +/- 9.53 % || RIcap ave= 5.18E+01 b. +/- 11.48 % || Macs30 ave= 2.81E-01 b. +/- 0.10 % || Gn^0(l=0) ave= 3.913E-02 +/- 2.06 % Gn^0(l=1) ave= 8.634E-02 +/- 8.56 % Gn^0(l=2) ave= 7.288E-03 +/- 17.27 % Gn^0(l=3) ave= 0.000E+00 +/- 0.00 % || Gtotal(l=0) ave= 1.416E+00 +/- 1.14 % Gtotal(l=1) ave= 1.788E-01 +/- 5.19 % Gtotal(l=2) ave= 1.671E-01 +/- 4.57 % Gtotal(l=3) ave= 0.000E+00 +/- 0.00 %  % || Gg(l=0) ave= 1.462E-01 +/- 8.07 % Gg(l=1) ave= 1.711E-01 +/- 5.42 % Gg(l=2) ave= 1.671E-01 +/- 4.57 % Gg(l=3) ave= 0.000E+00 +/- 0.00 %  % || D(l=0) ave= 4.245E+02 +/- 7.71 % D(l=1) ave= 1.975E+02 +/- 0.00 % D(l=2) ave= 1.383E+02 +/- 0.00 % D(l=3) ave= 0.000E+00 +/- 0.00 %  % || S(l=0) ave= 1.067E-04 +/- 4.64 % S(l=1) ave= 2.875E-04 +/- 8.58 % S(l=2) ave= 2.641E-05 +/- 17.26 % S(l=3) ave= 0.000E+00 +/- 0.00 % 
 ... random file  85 Cap(th)  ave= 1.173E+01 b. +/- 7.12 % || Ela(th) ave= 5.622E+00 b. +/- 9.58 % || RIcap ave= 5.16E+01 b. +/- 11.71 % || Macs30 ave= 2.81E-01 b. +/- 0.10 % || Gn^0(l=0) ave= 3.914E-02 +/- 2.06 % Gn^0(l=1) ave= 8.622E-02 +/- 8.61 % Gn^0(l=2) ave= 7.268E-03 +/- 17.38 % Gn^0(l=3) ave= 0.000E+00 +/- 0.00 % || Gtotal(l=0) ave= 1.416E+00 +/- 1.15 % Gtotal(l=1) ave= 1.787E-01 +/- 5.17 % Gtotal(l=2) ave= 1.672E-01 +/- 4.58 % Gtotal(l=3) ave= 0.000E+00 +/- 0.00 %  % || Gg(l=0) ave= 1.461E-01 +/- 8.05 % Gg(l=1) ave= 1.710E-01 +/- 5.40 % Gg(l=2) ave= 1.672E-01 +/- 4.58 % Gg(l=3) ave= 0.000E+00 +/- 0.00 %  % || D(l=0) ave= 4.250E+02 +/- 7.71 % D(l=1) ave= 1.975E+02 +/- 0.00 % D(l=2) ave= 1.383E+02 +/- 0.00 % D(l=3) ave= 0.000E+00 +/- 0.00 %  % || S(l=0) ave= 1.067E-04 +/- 4.65 % S(l=1) ave= 2.871E-04 +/- 8.63 % S(l=2) ave= 2.635E-05 +/- 17.38 % S(l=3) ave= 0.000E+00 +/- 0.00 % 
 ... random file  86 Cap(th)  ave= 1.174E+01 b. +/- 7.08 % || Ela(th) ave= 5.624E+00 b. +/- 9.53 % || RIcap ave= 5.15E+01 b. +/- 12.00 % || Macs30 ave= 2.81E-01 b. +/- 0.10 % || Gn^0(l=0) ave= 3.915E-02 +/- 2.06 % Gn^0(l=1) ave= 8.617E-02 +/- 8.58 % Gn^0(l=2) ave= 7.260E-03 +/- 17.34 % Gn^0(l=3) ave= 0.000E+00 +/- 0.00 % || Gtotal(l=0) ave= 1.416E+00 +/- 1.14 % Gtotal(l=1) ave= 1.788E-01 +/- 5.15 % Gtotal(l=2) ave= 1.672E-01 +/- 4.56 % Gtotal(l=3) ave= 0.000E+00 +/- 0.00 %  % || Gg(l=0) ave= 1.461E-01 +/- 8.01 % Gg(l=1) ave= 1.711E-01 +/- 5.38 % Gg(l=2) ave= 1.672E-01 +/- 4.56 % Gg(l=3) ave= 0.000E+00 +/- 0.00 %  % || D(l=0) ave= 4.254E+02 +/- 7.72 % D(l=1) ave= 1.975E+02 +/- 0.00 % D(l=2) ave= 1.383E+02 +/- 0.00 % D(l=3) ave= 0.000E+00 +/- 0.00 %  % || S(l=0) ave= 1.066E-04 +/- 4.66 % S(l=1) ave= 2.870E-04 +/- 8.60 % S(l=2) ave= 2.631E-05 +/- 17.33 % S(l=3) ave= 0.000E+00 +/- 0.00 % 
 ... random file  87 Cap(th)  ave= 1.174E+01 b. +/- 7.05 % || Ela(th) ave= 5.635E+00 b. +/- 9.62 % || RIcap ave= 5.16E+01 b. +/- 12.04 % || Macs30 ave= 2.81E-01 b. +/- 0.10 % || Gn^0(l=0) ave= 3.914E-02 +/- 2.07 % Gn^0(l=1) ave= 8.605E-02 +/- 8.64 % Gn^0(l=2) ave= 7.240E-03 +/- 17.47 % Gn^0(l=3) ave= 0.000E+00 +/- 0.00 % || Gtotal(l=0) ave= 1.416E+00 +/- 1.14 % Gtotal(l=1) ave= 1.787E-01 +/- 5.15 % Gtotal(l=2) ave= 1.672E-01 +/- 4.54 % Gtotal(l=3) ave= 0.000E+00 +/- 0.00 %  % || Gg(l=0) ave= 1.461E-01 +/- 7.96 % Gg(l=1) ave= 1.710E-01 +/- 5.38 % Gg(l=2) ave= 1.672E-01 +/- 4.54 % Gg(l=3) ave= 0.000E+00 +/- 0.00 %  % || D(l=0) ave= 4.250E+02 +/- 7.71 % D(l=1) ave= 1.975E+02 +/- 0.00 % D(l=2) ave= 1.383E+02 +/- 0.00 % D(l=3) ave= 0.000E+00 +/- 0.00 %  % || S(l=0) ave= 1.066E-04 +/- 4.64 % S(l=1) ave= 2.866E-04 +/- 8.66 % S(l=2) ave= 2.624E-05 +/- 17.47 % S(l=3) ave= 0.000E+00 +/- 0.00 % 
 ... random file  88 Cap(th)  ave= 1.175E+01 b. +/- 7.06 % || Ela(th) ave= 5.633E+00 b. +/- 9.57 % || RIcap ave= 5.17E+01 b. +/- 12.08 % || Macs30 ave= 2.81E-01 b. +/- 0.10 % || Gn^0(l=0) ave= 3.913E-02 +/- 2.07 % Gn^0(l=1) ave= 8.607E-02 +/- 8.59 % Gn^0(l=2) ave= 7.242E-03 +/- 17.37 % Gn^0(l=3) ave= 0.000E+00 +/- 0.00 % || Gtotal(l=0) ave= 1.416E+00 +/- 1.13 % Gtotal(l=1) ave= 1.786E-01 +/- 5.16 % Gtotal(l=2) ave= 1.672E-01 +/- 4.51 % Gtotal(l=3) ave= 0.000E+00 +/- 0.00 %  % || Gg(l=0) ave= 1.460E-01 +/- 7.95 % Gg(l=1) ave= 1.709E-01 +/- 5.39 % Gg(l=2) ave= 1.672E-01 +/- 4.51 % Gg(l=3) ave= 0.000E+00 +/- 0.00 %  % || D(l=0) ave= 4.247E+02 +/- 7.71 % D(l=1) ave= 1.975E+02 +/- 0.00 % D(l=2) ave= 1.383E+02 +/- 0.00 % D(l=3) ave= 0.000E+00 +/- 0.00 %  % || S(l=0) ave= 1.067E-04 +/- 4.64 % S(l=1) ave= 2.866E-04 +/- 8.61 % S(l=2) ave= 2.625E-05 +/- 17.37 % S(l=3) ave= 0.000E+00 +/- 0.00 % 
 ... random file  89 Cap(th)  ave= 1.175E+01 b. +/- 7.03 % || Ela(th) ave= 5.635E+00 b. +/- 9.52 % || RIcap ave= 5.17E+01 b. +/- 12.02 % || Macs30 ave= 2.81E-01 b. +/- 0.10 % || Gn^0(l=0) ave= 3.912E-02 +/- 2.07 % Gn^0(l=1) ave= 8.605E-02 +/- 8.55 % Gn^0(l=2) ave= 7.238E-03 +/- 17.29 % Gn^0(l=3) ave= 0.000E+00 +/- 0.00 % || Gtotal(l=0) ave= 1.416E+00 +/- 1.13 % Gtotal(l=1) ave= 1.787E-01 +/- 5.16 % Gtotal(l=2) ave= 1.672E-01 +/- 4.50 % Gtotal(l=3) ave= 0.000E+00 +/- 0.00 %  % || Gg(l=0) ave= 1.461E-01 +/- 7.90 % Gg(l=1) ave= 1.710E-01 +/- 5.39 % Gg(l=2) ave= 1.672E-01 +/- 4.50 % Gg(l=3) ave= 0.000E+00 +/- 0.00 %  % || D(l=0) ave= 4.244E+02 +/- 7.71 % D(l=1) ave= 1.975E+02 +/- 0.00 % D(l=2) ave= 1.383E+02 +/- 0.00 % D(l=3) ave= 0.000E+00 +/- 0.00 %  % || S(l=0) ave= 1.067E-04 +/- 4.63 % S(l=1) ave= 2.866E-04 +/- 8.57 % S(l=2) ave= 2.623E-05 +/- 17.29 % S(l=3) ave= 0.000E+00 +/- 0.00 % 
 ... random file  90 Cap(th)  ave= 1.177E+01 b. +/- 7.11 % || Ela(th) ave= 5.634E+00 b. +/- 9.47 % || RIcap ave= 5.18E+01 b. +/- 12.23 % || Macs30 ave= 2.81E-01 b. +/- 0.10 % || Gn^0(l=0) ave= 3.913E-02 +/- 2.06 % Gn^0(l=1) ave= 8.605E-02 +/- 8.50 % Gn^0(l=2) ave= 7.239E-03 +/- 17.19 % Gn^0(l=3) ave= 0.000E+00 +/- 0.00 % || Gtotal(l=0) ave= 1.416E+00 +/- 1.12 % Gtotal(l=1) ave= 1.786E-01 +/- 5.13 % Gtotal(l=2) ave= 1.672E-01 +/- 4.47 % Gtotal(l=3) ave= 0.000E+00 +/- 0.00 %  % || Gg(l=0) ave= 1.462E-01 +/- 7.94 % Gg(l=1) ave= 1.709E-01 +/- 5.37 % Gg(l=2) ave= 1.672E-01 +/- 4.47 % Gg(l=3) ave= 0.000E+00 +/- 0.00 %  % || D(l=0) ave= 4.248E+02 +/- 7.71 % D(l=1) ave= 1.975E+02 +/- 0.00 % D(l=2) ave= 1.383E+02 +/- 0.00 % D(l=3) ave= 0.000E+00 +/- 0.00 %  % || S(l=0) ave= 1.067E-04 +/- 4.64 % S(l=1) ave= 2.866E-04 +/- 8.52 % S(l=2) ave= 2.624E-05 +/- 17.19 % S(l=3) ave= 0.000E+00 +/- 0.00 % 
 ... random file  91 Cap(th)  ave= 1.176E+01 b. +/- 7.08 % || Ela(th) ave= 5.628E+00 b. +/- 9.49 % || RIcap ave= 5.17E+01 b. +/- 12.27 % || Macs30 ave= 2.81E-01 b. +/- 0.10 % || Gn^0(l=0) ave= 3.913E-02 +/- 2.06 % Gn^0(l=1) ave= 8.614E-02 +/- 8.51 % Gn^0(l=2) ave= 7.252E-03 +/- 17.15 % Gn^0(l=3) ave= 0.000E+00 +/- 0.00 % || Gtotal(l=0) ave= 1.416E+00 +/- 1.13 % Gtotal(l=1) ave= 1.788E-01 +/- 5.20 % Gtotal(l=2) ave= 1.672E-01 +/- 4.45 % Gtotal(l=3) ave= 0.000E+00 +/- 0.00 %  % || Gg(l=0) ave= 1.463E-01 +/- 7.90 % Gg(l=1) ave= 1.711E-01 +/- 5.43 % Gg(l=2) ave= 1.672E-01 +/- 4.45 % Gg(l=3) ave= 0.000E+00 +/- 0.00 %  % || D(l=0) ave= 4.244E+02 +/- 7.71 % D(l=1) ave= 1.975E+02 +/- 0.00 % D(l=2) ave= 1.383E+02 +/- 0.00 % D(l=3) ave= 0.000E+00 +/- 0.00 %  % || S(l=0) ave= 1.067E-04 +/- 4.64 % S(l=1) ave= 2.869E-04 +/- 8.53 % S(l=2) ave= 2.629E-05 +/- 17.15 % S(l=3) ave= 0.000E+00 +/- 0.00 % 
 ... random file  92 Cap(th)  ave= 1.176E+01 b. +/- 7.05 % || Ela(th) ave= 5.631E+00 b. +/- 9.44 % || RIcap ave= 5.17E+01 b. +/- 12.29 % || Macs30 ave= 2.81E-01 b. +/- 0.10 % || Gn^0(l=0) ave= 3.912E-02 +/- 2.06 % Gn^0(l=1) ave= 8.610E-02 +/- 8.48 % Gn^0(l=2) ave= 7.246E-03 +/- 17.10 % Gn^0(l=3) ave= 0.000E+00 +/- 0.00 % || Gtotal(l=0) ave= 1.417E+00 +/- 1.14 % Gtotal(l=1) ave= 1.787E-01 +/- 5.20 % Gtotal(l=2) ave= 1.672E-01 +/- 4.43 % Gtotal(l=3) ave= 0.000E+00 +/- 0.00 %  % || Gg(l=0) ave= 1.464E-01 +/- 7.91 % Gg(l=1) ave= 1.710E-01 +/- 5.43 % Gg(l=2) ave= 1.672E-01 +/- 4.43 % Gg(l=3) ave= 0.000E+00 +/- 0.00 %  % || D(l=0) ave= 4.241E+02 +/- 7.71 % D(l=1) ave= 1.975E+02 +/- 0.00 % D(l=2) ave= 1.383E+02 +/- 0.00 % D(l=3) ave= 0.000E+00 +/- 0.00 %  % || S(l=0) ave= 1.068E-04 +/- 4.63 % S(l=1) ave= 2.867E-04 +/- 8.50 % S(l=2) ave= 2.626E-05 +/- 17.10 % S(l=3) ave= 0.000E+00 +/- 0.00 % 
 ... random file  93 Cap(th)  ave= 1.176E+01 b. +/- 7.01 % || Ela(th) ave= 5.626E+00 b. +/- 9.45 % || RIcap ave= 5.17E+01 b. +/- 12.24 % || Macs30 ave= 2.81E-01 b. +/- 0.10 % || Gn^0(l=0) ave= 3.913E-02 +/- 2.05 % Gn^0(l=1) ave= 8.617E-02 +/- 8.46 % Gn^0(l=2) ave= 7.257E-03 +/- 17.06 % Gn^0(l=3) ave= 0.000E+00 +/- 0.00 % || Gtotal(l=0) ave= 1.417E+00 +/- 1.14 % Gtotal(l=1) ave= 1.790E-01 +/- 5.34 % Gtotal(l=2) ave= 1.672E-01 +/- 4.44 % Gtotal(l=3) ave= 0.000E+00 +/- 0.00 %  % || Gg(l=0) ave= 1.465E-01 +/- 7.87 % Gg(l=1) ave= 1.713E-01 +/- 5.58 % Gg(l=2) ave= 1.672E-01 +/- 4.44 % Gg(l=3) ave= 0.000E+00 +/- 0.00 %  % || D(l=0) ave= 4.245E+02 +/- 7.71 % D(l=1) ave= 1.975E+02 +/- 0.00 % D(l=2) ave= 1.383E+02 +/- 0.00 % D(l=3) ave= 0.000E+00 +/- 0.00 %  % || S(l=0) ave= 1.067E-04 +/- 4.65 % S(l=1) ave= 2.870E-04 +/- 8.48 % S(l=2) ave= 2.631E-05 +/- 17.05 % S(l=3) ave= 0.000E+00 +/- 0.00 % 
 ... random file  94 Cap(th)  ave= 1.176E+01 b. +/- 6.98 % || Ela(th) ave= 5.623E+00 b. +/- 9.41 % || RIcap ave= 5.17E+01 b. +/- 12.22 % || Macs30 ave= 2.81E-01 b. +/- 0.10 % || Gn^0(l=0) ave= 3.912E-02 +/- 2.06 % Gn^0(l=1) ave= 8.621E-02 +/- 8.42 % Gn^0(l=2) ave= 7.263E-03 +/- 16.97 % Gn^0(l=3) ave= 0.000E+00 +/- 0.00 % || Gtotal(l=0) ave= 1.417E+00 +/- 1.13 % Gtotal(l=1) ave= 1.789E-01 +/- 5.37 % Gtotal(l=2) ave= 1.672E-01 +/- 4.45 % Gtotal(l=3) ave= 0.000E+00 +/- 0.00 %  % || Gg(l=0) ave= 1.464E-01 +/- 7.85 % Gg(l=1) ave= 1.712E-01 +/- 5.61 % Gg(l=2) ave= 1.672E-01 +/- 4.45 % Gg(l=3) ave= 0.000E+00 +/- 0.00 %  % || D(l=0) ave= 4.242E+02 +/- 7.71 % D(l=1) ave= 1.975E+02 +/- 0.00 % D(l=2) ave= 1.383E+02 +/- 0.00 % D(l=3) ave= 0.000E+00 +/- 0.00 %  % || S(l=0) ave= 1.068E-04 +/- 4.64 % S(l=1) ave= 2.871E-04 +/- 8.44 % S(l=2) ave= 2.632E-05 +/- 16.97 % S(l=3) ave= 0.000E+00 +/- 0.00 % 
 ... random file  95 Cap(th)  ave= 1.176E+01 b. +/- 6.95 % || Ela(th) ave= 5.639E+00 b. +/- 9.75 % || RIcap ave= 5.17E+01 b. +/- 12.17 % || Macs30 ave= 2.81E-01 b. +/- 0.10 % || Gn^0(l=0) ave= 3.911E-02 +/- 2.06 % Gn^0(l=1) ave= 8.604E-02 +/- 8.60 % Gn^0(l=2) ave= 7.236E-03 +/- 17.32 % Gn^0(l=3) ave= 0.000E+00 +/- 0.00 % || Gtotal(l=0) ave= 1.417E+00 +/- 1.12 % Gtotal(l=1) ave= 1.789E-01 +/- 5.35 % Gtotal(l=2) ave= 1.673E-01 +/- 4.43 % Gtotal(l=3) ave= 0.000E+00 +/- 0.00 %  % || Gg(l=0) ave= 1.463E-01 +/- 7.84 % Gg(l=1) ave= 1.712E-01 +/- 5.59 % Gg(l=2) ave= 1.673E-01 +/- 4.43 % Gg(l=3) ave= 0.000E+00 +/- 0.00 %  % || D(l=0) ave= 4.239E+02 +/- 7.71 % D(l=1) ave= 1.975E+02 +/- 0.00 % D(l=2) ave= 1.383E+02 +/- 0.00 % D(l=3) ave= 0.000E+00 +/- 0.00 %  % || S(l=0) ave= 1.068E-04 +/- 4.62 % S(l=1) ave= 2.865E-04 +/- 8.62 % S(l=2) ave= 2.623E-05 +/- 17.32 % S(l=3) ave= 0.000E+00 +/- 0.00 % 
 ... random file  96 Cap(th)  ave= 1.177E+01 b. +/- 7.02 % || Ela(th) ave= 5.648E+00 b. +/- 9.81 % || RIcap ave= 5.18E+01 b. +/- 12.24 % || Macs30 ave= 2.81E-01 b. +/- 0.10 % || Gn^0(l=0) ave= 3.910E-02 +/- 2.05 % Gn^0(l=1) ave= 8.594E-02 +/- 8.65 % Gn^0(l=2) ave= 7.219E-03 +/- 17.43 % Gn^0(l=3) ave= 0.000E+00 +/- 0.00 % || Gtotal(l=0) ave= 1.417E+00 +/- 1.14 % Gtotal(l=1) ave= 1.790E-01 +/- 5.33 % Gtotal(l=2) ave= 1.672E-01 +/- 4.48 % Gtotal(l=3) ave= 0.000E+00 +/- 0.00 %  % || Gg(l=0) ave= 1.465E-01 +/- 7.87 % Gg(l=1) ave= 1.713E-01 +/- 5.57 % Gg(l=2) ave= 1.672E-01 +/- 4.48 % Gg(l=3) ave= 0.000E+00 +/- 0.00 %  % || D(l=0) ave= 4.236E+02 +/- 7.70 % D(l=1) ave= 1.975E+02 +/- 0.00 % D(l=2) ave= 1.383E+02 +/- 0.00 % D(l=3) ave= 0.000E+00 +/- 0.00 %  % || S(l=0) ave= 1.068E-04 +/- 4.62 % S(l=1) ave= 2.862E-04 +/- 8.66 % S(l=2) ave= 2.617E-05 +/- 17.43 % S(l=3) ave= 0.000E+00 +/- 0.00 % 
 ... random file  97 Cap(th)  ave= 1.178E+01 b. +/- 6.99 % || Ela(th) ave= 5.652E+00 b. +/- 9.77 % || RIcap ave= 5.19E+01 b. +/- 12.21 % || Macs30 ave= 2.81E-01 b. +/- 0.10 % || Gn^0(l=0) ave= 3.911E-02 +/- 2.06 % Gn^0(l=1) ave= 8.589E-02 +/- 8.63 % Gn^0(l=2) ave= 7.210E-03 +/- 17.40 % Gn^0(l=3) ave= 0.000E+00 +/- 0.00 % || Gtotal(l=0) ave= 1.417E+00 +/- 1.14 % Gtotal(l=1) ave= 1.790E-01 +/- 5.31 % Gtotal(l=2) ave= 1.673E-01 +/- 4.48 % Gtotal(l=3) ave= 0.000E+00 +/- 0.00 %  % || Gg(l=0) ave= 1.466E-01 +/- 7.87 % Gg(l=1) ave= 1.713E-01 +/- 5.55 % Gg(l=2) ave= 1.673E-01 +/- 4.48 % Gg(l=3) ave= 0.000E+00 +/- 0.00 %  % || D(l=0) ave= 4.240E+02 +/- 7.71 % D(l=1) ave= 1.975E+02 +/- 0.00 % D(l=2) ave= 1.383E+02 +/- 0.00 % D(l=3) ave= 0.000E+00 +/- 0.00 %  % || S(l=0) ave= 1.068E-04 +/- 4.63 % S(l=1) ave= 2.860E-04 +/- 8.65 % S(l=2) ave= 2.613E-05 +/- 17.40 % S(l=3) ave= 0.000E+00 +/- 0.00 % 
 ... random file  98 Cap(th)  ave= 1.178E+01 b. +/- 6.98 % || Ela(th) ave= 5.657E+00 b. +/- 9.75 % || RIcap ave= 5.17E+01 b. +/- 12.51 % || Macs30 ave= 2.81E-01 b. +/- 0.10 % || Gn^0(l=0) ave= 3.910E-02 +/- 2.05 % Gn^0(l=1) ave= 8.583E-02 +/- 8.61 % Gn^0(l=2) ave= 7.199E-03 +/- 17.41 % Gn^0(l=3) ave= 0.000E+00 +/- 0.00 % || Gtotal(l=0) ave= 1.417E+00 +/- 1.13 % Gtotal(l=1) ave= 1.791E-01 +/- 5.29 % Gtotal(l=2) ave= 1.671E-01 +/- 4.52 % Gtotal(l=3) ave= 0.000E+00 +/- 0.00 %  % || Gg(l=0) ave= 1.465E-01 +/- 7.87 % Gg(l=1) ave= 1.714E-01 +/- 5.53 % Gg(l=2) ave= 1.671E-01 +/- 4.52 % Gg(l=3) ave= 0.000E+00 +/- 0.00 %  % || D(l=0) ave= 4.237E+02 +/- 7.70 % D(l=1) ave= 1.975E+02 +/- 0.00 % D(l=2) ave= 1.383E+02 +/- 0.00 % D(l=3) ave= 0.000E+00 +/- 0.00 %  % || S(l=0) ave= 1.068E-04 +/- 4.62 % S(l=1) ave= 2.859E-04 +/- 8.63 % S(l=2) ave= 2.609E-05 +/- 17.40 % S(l=3) ave= 0.000E+00 +/- 0.00 % 
 ... random file  99 Cap(th)  ave= 1.179E+01 b. +/- 6.98 % || Ela(th) ave= 5.651E+00 b. +/- 9.76 % || RIcap ave= 5.17E+01 b. +/- 12.45 % || Macs30 ave= 2.81E-01 b. +/- 0.10 % || Gn^0(l=0) ave= 3.911E-02 +/- 2.05 % Gn^0(l=1) ave= 8.591E-02 +/- 8.61 % Gn^0(l=2) ave= 7.212E-03 +/- 17.38 % Gn^0(l=3) ave= 0.000E+00 +/- 0.00 % || Gtotal(l=0) ave= 1.417E+00 +/- 1.15 % Gtotal(l=1) ave= 1.791E-01 +/- 5.27 % Gtotal(l=2) ave= 1.672E-01 +/- 4.50 % Gtotal(l=3) ave= 0.000E+00 +/- 0.00 %  % || Gg(l=0) ave= 1.463E-01 +/- 7.91 % Gg(l=1) ave= 1.714E-01 +/- 5.50 % Gg(l=2) ave= 1.672E-01 +/- 4.50 % Gg(l=3) ave= 0.000E+00 +/- 0.00 %  % || D(l=0) ave= 4.241E+02 +/- 7.71 % D(l=1) ave= 1.975E+02 +/- 0.00 % D(l=2) ave= 1.383E+02 +/- 0.00 % D(l=3) ave= 0.000E+00 +/- 0.00 %  % || S(l=0) ave= 1.068E-04 +/- 4.63 % S(l=1) ave= 2.861E-04 +/- 8.63 % S(l=2) ave= 2.614E-05 +/- 17.38 % S(l=3) ave= 0.000E+00 +/- 0.00 % 
 ... random file  100 Cap(th)  ave= 1.180E+01 b. +/- 6.98 % || Ela(th) ave= 5.653E+00 b. +/- 9.71 % || RIcap ave= 5.18E+01 b. +/- 12.42 % || Macs30 ave= 2.81E-01 b. +/- 0.10 % || Gn^0(l=0) ave= 3.912E-02 +/- 2.05 % Gn^0(l=1) ave= 8.588E-02 +/- 8.58 % Gn^0(l=2) ave= 7.205E-03 +/- 17.33 % Gn^0(l=3) ave= 0.000E+00 +/- 0.00 % || Gtotal(l=0) ave= 1.416E+00 +/- 1.14 % Gtotal(l=1) ave= 1.792E-01 +/- 5.26 % Gtotal(l=2) ave= 1.671E-01 +/- 4.49 % Gtotal(l=3) ave= 0.000E+00 +/- 0.00 %  % || Gg(l=0) ave= 1.463E-01 +/- 7.87 % Gg(l=1) ave= 1.715E-01 +/- 5.49 % Gg(l=2) ave= 1.671E-01 +/- 4.49 % Gg(l=3) ave= 0.000E+00 +/- 0.00 %  % || D(l=0) ave= 4.244E+02 +/- 7.71 % D(l=1) ave= 1.975E+02 +/- 0.00 % D(l=2) ave= 1.383E+02 +/- 0.00 % D(l=3) ave= 0.000E+00 +/- 0.00 %  % || S(l=0) ave= 1.067E-04 +/- 4.64 % S(l=1) ave= 2.860E-04 +/- 8.60 % S(l=2) ave= 2.612E-05 +/- 17.33 % S(l=3) ave= 0.000E+00 +/- 0.00 % 
 ... random file  101 Cap(th)  ave= 1.180E+01 b. +/- 6.96 % || Ela(th) ave= 5.650E+00 b. +/- 9.69 % || RIcap ave= 5.18E+01 b. +/- 12.39 % || Macs30 ave= 2.81E-01 b. +/- 0.10 % || Gn^0(l=0) ave= 3.913E-02 +/- 2.05 % Gn^0(l=1) ave= 8.592E-02 +/- 8.55 % Gn^0(l=2) ave= 7.213E-03 +/- 17.26 % Gn^0(l=3) ave= 0.000E+00 +/- 0.00 % || Gtotal(l=0) ave= 1.416E+00 +/- 1.14 % Gtotal(l=1) ave= 1.793E-01 +/- 5.26 % Gtotal(l=2) ave= 1.671E-01 +/- 4.47 % Gtotal(l=3) ave= 0.000E+00 +/- 0.00 %  % || Gg(l=0) ave= 1.464E-01 +/- 7.84 % Gg(l=1) ave= 1.716E-01 +/- 5.49 % Gg(l=2) ave= 1.671E-01 +/- 4.47 % Gg(l=3) ave= 0.000E+00 +/- 0.00 %  % || D(l=0) ave= 4.248E+02 +/- 7.71 % D(l=1) ave= 1.975E+02 +/- 0.00 % D(l=2) ave= 1.383E+02 +/- 0.00 % D(l=3) ave= 0.000E+00 +/- 0.00 %  % || S(l=0) ave= 1.067E-04 +/- 4.65 % S(l=1) ave= 2.861E-04 +/- 8.57 % S(l=2) ave= 2.614E-05 +/- 17.26 % S(l=3) ave= 0.000E+00 +/- 0.00 % 
 ... random file  102 Cap(th)  ave= 1.179E+01 b. +/- 6.95 % || Ela(th) ave= 5.650E+00 b. +/- 9.64 % || RIcap ave= 5.18E+01 b. +/- 12.36 % || Macs30 ave= 2.81E-01 b. +/- 0.10 % || Gn^0(l=0) ave= 3.912E-02 +/- 2.05 % Gn^0(l=1) ave= 8.590E-02 +/- 8.52 % Gn^0(l=2) ave= 7.211E-03 +/- 17.18 % Gn^0(l=3) ave= 0.000E+00 +/- 0.00 % || Gtotal(l=0) ave= 1.416E+00 +/- 1.14 % Gtotal(l=1) ave= 1.792E-01 +/- 5.27 % Gtotal(l=2) ave= 1.671E-01 +/- 4.46 % Gtotal(l=3) ave= 0.000E+00 +/- 0.00 %  % || Gg(l=0) ave= 1.462E-01 +/- 7.86 % Gg(l=1) ave= 1.715E-01 +/- 5.51 % Gg(l=2) ave= 1.671E-01 +/- 4.46 % Gg(l=3) ave= 0.000E+00 +/- 0.00 %  % || D(l=0) ave= 4.245E+02 +/- 7.71 % D(l=1) ave= 1.975E+02 +/- 0.00 % D(l=2) ave= 1.383E+02 +/- 0.00 % D(l=3) ave= 0.000E+00 +/- 0.00 %  % || S(l=0) ave= 1.067E-04 +/- 4.65 % S(l=1) ave= 2.861E-04 +/- 8.53 % S(l=2) ave= 2.614E-05 +/- 17.18 % S(l=3) ave= 0.000E+00 +/- 0.00 % 
 ... random file  103 Cap(th)  ave= 1.180E+01 b. +/- 6.93 % || Ela(th) ave= 5.652E+00 b. +/- 9.60 % || RIcap ave= 5.18E+01 b. +/- 12.32 % || Macs30 ave= 2.81E-01 b. +/- 0.09 % || Gn^0(l=0) ave= 3.911E-02 +/- 2.05 % Gn^0(l=1) ave= 8.588E-02 +/- 8.49 % Gn^0(l=2) ave= 7.205E-03 +/- 17.13 % Gn^0(l=3) ave= 0.000E+00 +/- 0.00 % || Gtotal(l=0) ave= 1.416E+00 +/- 1.13 % Gtotal(l=1) ave= 1.792E-01 +/- 5.25 % Gtotal(l=2) ave= 1.670E-01 +/- 4.50 % Gtotal(l=3) ave= 0.000E+00 +/- 0.00 %  % || Gg(l=0) ave= 1.462E-01 +/- 7.82 % Gg(l=1) ave= 1.715E-01 +/- 5.48 % Gg(l=2) ave= 1.670E-01 +/- 4.50 % Gg(l=3) ave= 0.000E+00 +/- 0.00 %  % || D(l=0) ave= 4.242E+02 +/- 7.71 % D(l=1) ave= 1.975E+02 +/- 0.00 % D(l=2) ave= 1.383E+02 +/- 0.00 % D(l=3) ave= 0.000E+00 +/- 0.00 %  % || S(l=0) ave= 1.067E-04 +/- 4.64 % S(l=1) ave= 2.860E-04 +/- 8.50 % S(l=2) ave= 2.612E-05 +/- 17.13 % S(l=3) ave= 0.000E+00 +/- 0.00 % 
 ... random file  104 Cap(th)  ave= 1.180E+01 b. +/- 6.90 % || Ela(th) ave= 5.660E+00 b. +/- 9.65 % || RIcap ave= 5.19E+01 b. +/- 12.28 % || Macs30 ave= 2.81E-01 b. +/- 0.09 % || Gn^0(l=0) ave= 3.911E-02 +/- 2.05 % Gn^0(l=1) ave= 8.578E-02 +/- 8.53 % Gn^0(l=2) ave= 7.190E-03 +/- 17.22 % Gn^0(l=3) ave= 0.000E+00 +/- 0.00 % || Gtotal(l=0) ave= 1.417E+00 +/- 1.13 % Gtotal(l=1) ave= 1.793E-01 +/- 5.26 % Gtotal(l=2) ave= 1.669E-01 +/- 4.50 % Gtotal(l=3) ave= 0.000E+00 +/- 0.00 %  % || Gg(l=0) ave= 1.463E-01 +/- 7.79 % Gg(l=1) ave= 1.716E-01 +/- 5.50 % Gg(l=2) ave= 1.669E-01 +/- 4.50 % Gg(l=3) ave= 0.000E+00 +/- 0.00 %  % || D(l=0) ave= 4.239E+02 +/- 7.71 % D(l=1) ave= 1.975E+02 +/- 0.00 % D(l=2) ave= 1.383E+02 +/- 0.00 % D(l=3) ave= 0.000E+00 +/- 0.00 %  % || S(l=0) ave= 1.068E-04 +/- 4.63 % S(l=1) ave= 2.857E-04 +/- 8.55 % S(l=2) ave= 2.606E-05 +/- 17.22 % S(l=3) ave= 0.000E+00 +/- 0.00 % 
 ... random file  105 Cap(th)  ave= 1.179E+01 b. +/- 6.92 % || Ela(th) ave= 5.664E+00 b. +/- 9.62 % || RIcap ave= 5.19E+01 b. +/- 12.25 % || Macs30 ave= 2.81E-01 b. +/- 0.09 % || Gn^0(l=0) ave= 3.910E-02 +/- 2.05 % Gn^0(l=1) ave= 8.572E-02 +/- 8.52 % Gn^0(l=2) ave= 7.181E-03 +/- 17.20 % Gn^0(l=3) ave= 0.000E+00 +/- 0.00 % || Gtotal(l=0) ave= 1.416E+00 +/- 1.13 % Gtotal(l=1) ave= 1.794E-01 +/- 5.25 % Gtotal(l=2) ave= 1.669E-01 +/- 4.50 % Gtotal(l=3) ave= 0.000E+00 +/- 0.00 %  % || Gg(l=0) ave= 1.461E-01 +/- 7.91 % Gg(l=1) ave= 1.717E-01 +/- 5.49 % Gg(l=2) ave= 1.669E-01 +/- 4.50 % Gg(l=3) ave= 0.000E+00 +/- 0.00 %  % || D(l=0) ave= 4.237E+02 +/- 7.70 % D(l=1) ave= 1.975E+02 +/- 0.00 % D(l=2) ave= 1.383E+02 +/- 0.00 % D(l=3) ave= 0.000E+00 +/- 0.00 %  % || S(l=0) ave= 1.068E-04 +/- 4.62 % S(l=1) ave= 2.855E-04 +/- 8.54 % S(l=2) ave= 2.603E-05 +/- 17.20 % S(l=3) ave= 0.000E+00 +/- 0.00 % 
 ... random file  106 Cap(th)  ave= 1.178E+01 b. +/- 6.92 % || Ela(th) ave= 5.671E+00 b. +/- 9.66 % || RIcap ave= 5.19E+01 b. +/- 12.20 % || Macs30 ave= 2.81E-01 b. +/- 0.09 % || Gn^0(l=0) ave= 3.911E-02 +/- 2.05 % Gn^0(l=1) ave= 8.563E-02 +/- 8.57 % Gn^0(l=2) ave= 7.166E-03 +/- 17.30 % Gn^0(l=3) ave= 0.000E+00 +/- 0.00 % || Gtotal(l=0) ave= 1.416E+00 +/- 1.13 % Gtotal(l=1) ave= 1.794E-01 +/- 5.23 % Gtotal(l=2) ave= 1.669E-01 +/- 4.48 % Gtotal(l=3) ave= 0.000E+00 +/- 0.00 %  % || Gg(l=0) ave= 1.460E-01 +/- 7.88 % Gg(l=1) ave= 1.717E-01 +/- 5.46 % Gg(l=2) ave= 1.669E-01 +/- 4.48 % Gg(l=3) ave= 0.000E+00 +/- 0.00 %  % || D(l=0) ave= 4.240E+02 +/- 7.71 % D(l=1) ave= 1.975E+02 +/- 0.00 % D(l=2) ave= 1.383E+02 +/- 0.00 % D(l=3) ave= 0.000E+00 +/- 0.00 %  % || S(l=0) ave= 1.068E-04 +/- 4.63 % S(l=1) ave= 2.852E-04 +/- 8.59 % S(l=2) ave= 2.597E-05 +/- 17.30 % S(l=3) ave= 0.000E+00 +/- 0.00 % 
 ... random file  107 Cap(th)  ave= 1.178E+01 b. +/- 6.89 % || Ela(th) ave= 5.672E+00 b. +/- 9.61 % || RIcap ave= 5.19E+01 b. +/- 12.14 % || Macs30 ave= 2.81E-01 b. +/- 0.09 % || Gn^0(l=0) ave= 3.912E-02 +/- 2.06 % Gn^0(l=1) ave= 8.561E-02 +/- 8.54 % Gn^0(l=2) ave= 7.162E-03 +/- 17.24 % Gn^0(l=3) ave= 0.000E+00 +/- 0.00 % || Gtotal(l=0) ave= 1.416E+00 +/- 1.12 % Gtotal(l=1) ave= 1.794E-01 +/- 5.22 % Gtotal(l=2) ave= 1.669E-01 +/- 4.46 % Gtotal(l=3) ave= 0.000E+00 +/- 0.00 %  % || Gg(l=0) ave= 1.461E-01 +/- 7.85 % Gg(l=1) ave= 1.717E-01 +/- 5.45 % Gg(l=2) ave= 1.669E-01 +/- 4.46 % Gg(l=3) ave= 0.000E+00 +/- 0.00 %  % || D(l=0) ave= 4.244E+02 +/- 7.71 % D(l=1) ave= 1.975E+02 +/- 0.00 % D(l=2) ave= 1.383E+02 +/- 0.00 % D(l=3) ave= 0.000E+00 +/- 0.00 %  % || S(l=0) ave= 1.067E-04 +/- 4.63 % S(l=1) ave= 2.851E-04 +/- 8.55 % S(l=2) ave= 2.596E-05 +/- 17.24 % S(l=3) ave= 0.000E+00 +/- 0.00 % 
 ... random file  108 Cap(th)  ave= 1.177E+01 b. +/- 6.90 % || Ela(th) ave= 5.673E+00 b. +/- 9.57 % || RIcap ave= 5.19E+01 b. +/- 12.08 % || Macs30 ave= 2.81E-01 b. +/- 0.09 % || Gn^0(l=0) ave= 3.911E-02 +/- 2.06 % Gn^0(l=1) ave= 8.561E-02 +/- 8.50 % Gn^0(l=2) ave= 7.160E-03 +/- 17.17 % Gn^0(l=3) ave= 0.000E+00 +/- 0.00 % || Gtotal(l=0) ave= 1.416E+00 +/- 1.13 % Gtotal(l=1) ave= 1.793E-01 +/- 5.23 % Gtotal(l=2) ave= 1.668E-01 +/- 4.45 % Gtotal(l=3) ave= 0.000E+00 +/- 0.00 %  % || Gg(l=0) ave= 1.462E-01 +/- 7.84 % Gg(l=1) ave= 1.716E-01 +/- 5.47 % Gg(l=2) ave= 1.668E-01 +/- 4.45 % Gg(l=3) ave= 0.000E+00 +/- 0.00 %  % || D(l=0) ave= 4.241E+02 +/- 7.71 % D(l=1) ave= 1.975E+02 +/- 0.00 % D(l=2) ave= 1.383E+02 +/- 0.00 % D(l=3) ave= 0.000E+00 +/- 0.00 %  % || S(l=0) ave= 1.068E-04 +/- 4.63 % S(l=1) ave= 2.851E-04 +/- 8.51 % S(l=2) ave= 2.595E-05 +/- 17.17 % S(l=3) ave= 0.000E+00 +/- 0.00 % 
 ... random file  109 Cap(th)  ave= 1.179E+01 b. +/- 6.98 % || Ela(th) ave= 5.679E+00 b. +/- 9.58 % || RIcap ave= 5.20E+01 b. +/- 12.35 % || Macs30 ave= 2.81E-01 b. +/- 0.09 % || Gn^0(l=0) ave= 3.911E-02 +/- 2.05 % Gn^0(l=1) ave= 8.552E-02 +/- 8.53 % Gn^0(l=2) ave= 7.147E-03 +/- 17.22 % Gn^0(l=3) ave= 0.000E+00 +/- 0.00 % || Gtotal(l=0) ave= 1.417E+00 +/- 1.13 % Gtotal(l=1) ave= 1.794E-01 +/- 5.22 % Gtotal(l=2) ave= 1.667E-01 +/- 4.48 % Gtotal(l=3) ave= 0.000E+00 +/- 0.00 %  % || Gg(l=0) ave= 1.461E-01 +/- 7.80 % Gg(l=1) ave= 1.717E-01 +/- 5.45 % Gg(l=2) ave= 1.667E-01 +/- 4.48 % Gg(l=3) ave= 0.000E+00 +/- 0.00 %  % || D(l=0) ave= 4.238E+02 +/- 7.71 % D(l=1) ave= 1.975E+02 +/- 0.00 % D(l=2) ave= 1.383E+02 +/- 0.00 % D(l=3) ave= 0.000E+00 +/- 0.00 %  % || S(l=0) ave= 1.068E-04 +/- 4.62 % S(l=1) ave= 2.848E-04 +/- 8.54 % S(l=2) ave= 2.591E-05 +/- 17.22 % S(l=3) ave= 0.000E+00 +/- 0.00 % 
 ... random file  110 Cap(th)  ave= 1.179E+01 b. +/- 6.95 % || Ela(th) ave= 5.676E+00 b. +/- 9.55 % || RIcap ave= 5.21E+01 b. +/- 12.31 % || Macs30 ave= 2.81E-01 b. +/- 0.09 % || Gn^0(l=0) ave= 3.910E-02 +/- 2.05 % Gn^0(l=1) ave= 8.555E-02 +/- 8.49 % Gn^0(l=2) ave= 7.154E-03 +/- 17.15 % Gn^0(l=3) ave= 0.000E+00 +/- 0.00 % || Gtotal(l=0) ave= 1.417E+00 +/- 1.12 % Gtotal(l=1) ave= 1.795E-01 +/- 5.26 % Gtotal(l=2) ave= 1.667E-01 +/- 4.46 % Gtotal(l=3) ave= 0.000E+00 +/- 0.00 %  % || Gg(l=0) ave= 1.461E-01 +/- 7.77 % Gg(l=1) ave= 1.718E-01 +/- 5.50 % Gg(l=2) ave= 1.667E-01 +/- 4.46 % Gg(l=3) ave= 0.000E+00 +/- 0.00 %  % || D(l=0) ave= 4.236E+02 +/- 7.70 % D(l=1) ave= 1.975E+02 +/- 0.00 % D(l=2) ave= 1.383E+02 +/- 0.00 % D(l=3) ave= 0.000E+00 +/- 0.00 %  % || S(l=0) ave= 1.069E-04 +/- 4.61 % S(l=1) ave= 2.849E-04 +/- 8.51 % S(l=2) ave= 2.593E-05 +/- 17.15 % S(l=3) ave= 0.000E+00 +/- 0.00 % 
 ... random file  111 Cap(th)  ave= 1.180E+01 b. +/- 6.95 % || Ela(th) ave= 5.674E+00 b. +/- 9.52 % || RIcap ave= 5.22E+01 b. +/- 12.36 % || Macs30 ave= 2.81E-01 b. +/- 0.09 % || Gn^0(l=0) ave= 3.909E-02 +/- 2.06 % Gn^0(l=1) ave= 8.558E-02 +/- 8.46 % Gn^0(l=2) ave= 7.157E-03 +/- 17.08 % Gn^0(l=3) ave= 0.000E+00 +/- 0.00 % || Gtotal(l=0) ave= 1.417E+00 +/- 1.12 % Gtotal(l=1) ave= 1.795E-01 +/- 5.24 % Gtotal(l=2) ave= 1.667E-01 +/- 4.45 % Gtotal(l=3) ave= 0.000E+00 +/- 0.00 %  % || Gg(l=0) ave= 1.462E-01 +/- 7.74 % Gg(l=1) ave= 1.718E-01 +/- 5.47 % Gg(l=2) ave= 1.667E-01 +/- 4.45 % Gg(l=3) ave= 0.000E+00 +/- 0.00 %  % || D(l=0) ave= 4.233E+02 +/- 7.70 % D(l=1) ave= 1.975E+02 +/- 0.00 % D(l=2) ave= 1.383E+02 +/- 0.00 % D(l=3) ave= 0.000E+00 +/- 0.00 %  % || S(l=0) ave= 1.069E-04 +/- 4.60 % S(l=1) ave= 2.850E-04 +/- 8.47 % S(l=2) ave= 2.594E-05 +/- 17.08 % S(l=3) ave= 0.000E+00 +/- 0.00 % 
 ... random file  112 Cap(th)  ave= 1.181E+01 b. +/- 7.09 % || Ela(th) ave= 5.677E+00 b. +/- 9.49 % || RIcap ave= 5.22E+01 b. +/- 12.31 % || Macs30 ave= 2.81E-01 b. +/- 0.09 % || Gn^0(l=0) ave= 3.910E-02 +/- 2.06 % Gn^0(l=1) ave= 8.553E-02 +/- 8.45 % Gn^0(l=2) ave= 7.149E-03 +/- 17.06 % Gn^0(l=3) ave= 0.000E+00 +/- 0.00 % || Gtotal(l=0) ave= 1.417E+00 +/- 1.12 % Gtotal(l=1) ave= 1.796E-01 +/- 5.22 % Gtotal(l=2) ave= 1.667E-01 +/- 4.45 % Gtotal(l=3) ave= 0.000E+00 +/- 0.00 %  % || Gg(l=0) ave= 1.463E-01 +/- 7.74 % Gg(l=1) ave= 1.719E-01 +/- 5.46 % Gg(l=2) ave= 1.667E-01 +/- 4.45 % Gg(l=3) ave= 0.000E+00 +/- 0.00 %  % || D(l=0) ave= 4.237E+02 +/- 7.70 % D(l=1) ave= 1.975E+02 +/- 0.00 % D(l=2) ave= 1.383E+02 +/- 0.00 % D(l=3) ave= 0.000E+00 +/- 0.00 %  % || S(l=0) ave= 1.068E-04 +/- 4.61 % S(l=1) ave= 2.848E-04 +/- 8.46 % S(l=2) ave= 2.591E-05 +/- 17.06 % S(l=3) ave= 0.000E+00 +/- 0.00 % 
 ... random file  113 Cap(th)  ave= 1.180E+01 b. +/- 7.12 % || Ela(th) ave= 5.671E+00 b. +/- 9.53 % || RIcap ave= 5.21E+01 b. +/- 12.43 % || Macs30 ave= 2.81E-01 b. +/- 0.09 % || Gn^0(l=0) ave= 3.911E-02 +/- 2.06 % Gn^0(l=1) ave= 8.563E-02 +/- 8.49 % Gn^0(l=2) ave= 7.165E-03 +/- 17.11 % Gn^0(l=3) ave= 0.000E+00 +/- 0.00 % || Gtotal(l=0) ave= 1.417E+00 +/- 1.12 % Gtotal(l=1) ave= 1.795E-01 +/- 5.22 % Gtotal(l=2) ave= 1.666E-01 +/- 4.52 % Gtotal(l=3) ave= 0.000E+00 +/- 0.00 %  % || Gg(l=0) ave= 1.463E-01 +/- 7.71 % Gg(l=1) ave= 1.718E-01 +/- 5.45 % Gg(l=2) ave= 1.666E-01 +/- 4.52 % Gg(l=3) ave= 0.000E+00 +/- 0.00 %  % || D(l=0) ave= 4.240E+02 +/- 7.71 % D(l=1) ave= 1.975E+02 +/- 0.00 % D(l=2) ave= 1.383E+02 +/- 0.00 % D(l=3) ave= 0.000E+00 +/- 0.00 %  % || S(l=0) ave= 1.068E-04 +/- 4.62 % S(l=1) ave= 2.852E-04 +/- 8.51 % S(l=2) ave= 2.597E-05 +/- 17.11 % S(l=3) ave= 0.000E+00 +/- 0.00 % 
 ... random file  114 Cap(th)  ave= 1.180E+01 b. +/- 7.11 % || Ela(th) ave= 5.674E+00 b. +/- 9.50 % || RIcap ave= 5.21E+01 b. +/- 12.41 % || Macs30 ave= 2.81E-01 b. +/- 0.09 % || Gn^0(l=0) ave= 3.911E-02 +/- 2.05 % Gn^0(l=1) ave= 8.558E-02 +/- 8.48 % Gn^0(l=2) ave= 7.158E-03 +/- 17.08 % Gn^0(l=3) ave= 0.000E+00 +/- 0.00 % || Gtotal(l=0) ave= 1.416E+00 +/- 1.13 % Gtotal(l=1) ave= 1.795E-01 +/- 5.20 % Gtotal(l=2) ave= 1.666E-01 +/- 4.51 % Gtotal(l=3) ave= 0.000E+00 +/- 0.00 %  % || Gg(l=0) ave= 1.462E-01 +/- 7.70 % Gg(l=1) ave= 1.718E-01 +/- 5.43 % Gg(l=2) ave= 1.666E-01 +/- 4.51 % Gg(l=3) ave= 0.000E+00 +/- 0.00 %  % || D(l=0) ave= 4.243E+02 +/- 7.71 % D(l=1) ave= 1.975E+02 +/- 0.00 % D(l=2) ave= 1.383E+02 +/- 0.00 % D(l=3) ave= 0.000E+00 +/- 0.00 %  % || S(l=0) ave= 1.067E-04 +/- 4.63 % S(l=1) ave= 2.850E-04 +/- 8.50 % S(l=2) ave= 2.595E-05 +/- 17.08 % S(l=3) ave= 0.000E+00 +/- 0.00 % 
 ... random file  115 Cap(th)  ave= 1.180E+01 b. +/- 7.08 % || Ela(th) ave= 5.676E+00 b. +/- 9.47 % || RIcap ave= 5.20E+01 b. +/- 12.36 % || Macs30 ave= 2.81E-01 b. +/- 0.09 % || Gn^0(l=0) ave= 3.911E-02 +/- 2.05 % Gn^0(l=1) ave= 8.555E-02 +/- 8.46 % Gn^0(l=2) ave= 7.152E-03 +/- 17.05 % Gn^0(l=3) ave= 0.000E+00 +/- 0.00 % || Gtotal(l=0) ave= 1.416E+00 +/- 1.14 % Gtotal(l=1) ave= 1.795E-01 +/- 5.18 % Gtotal(l=2) ave= 1.666E-01 +/- 4.49 % Gtotal(l=3) ave= 0.000E+00 +/- 0.00 %  % || Gg(l=0) ave= 1.463E-01 +/- 7.68 % Gg(l=1) ave= 1.718E-01 +/- 5.41 % Gg(l=2) ave= 1.666E-01 +/- 4.49 % Gg(l=3) ave= 0.000E+00 +/- 0.00 %  % || D(l=0) ave= 4.240E+02 +/- 7.71 % D(l=1) ave= 1.975E+02 +/- 0.00 % D(l=2) ave= 1.383E+02 +/- 0.00 % D(l=3) ave= 0.000E+00 +/- 0.00 %  % || S(l=0) ave= 1.068E-04 +/- 4.63 % S(l=1) ave= 2.849E-04 +/- 8.47 % S(l=2) ave= 2.592E-05 +/- 17.05 % S(l=3) ave= 0.000E+00 +/- 0.00 % 
 ... random file  116 Cap(th)  ave= 1.182E+01 b. +/- 7.16 % || Ela(th) ave= 5.681E+00 b. +/- 9.46 % || RIcap ave= 5.21E+01 b. +/- 12.45 % || Macs30 ave= 2.81E-01 b. +/- 0.09 % || Gn^0(l=0) ave= 3.911E-02 +/- 2.04 % Gn^0(l=1) ave= 8.550E-02 +/- 8.45 % Gn^0(l=2) ave= 7.144E-03 +/- 17.04 % Gn^0(l=3) ave= 0.000E+00 +/- 0.00 % || Gtotal(l=0) ave= 1.416E+00 +/- 1.14 % Gtotal(l=1) ave= 1.795E-01 +/- 5.17 % Gtotal(l=2) ave= 1.666E-01 +/- 4.48 % Gtotal(l=3) ave= 0.000E+00 +/- 0.00 %  % || Gg(l=0) ave= 1.464E-01 +/- 7.66 % Gg(l=1) ave= 1.718E-01 +/- 5.40 % Gg(l=2) ave= 1.666E-01 +/- 4.48 % Gg(l=3) ave= 0.000E+00 +/- 0.00 %  % || D(l=0) ave= 4.244E+02 +/- 7.71 % D(l=1) ave= 1.975E+02 +/- 0.00 % D(l=2) ave= 1.383E+02 +/- 0.00 % D(l=3) ave= 0.000E+00 +/- 0.00 %  % || S(l=0) ave= 1.067E-04 +/- 4.65 % S(l=1) ave= 2.847E-04 +/- 8.46 % S(l=2) ave= 2.589E-05 +/- 17.04 % S(l=3) ave= 0.000E+00 +/- 0.00 % 
 ... random file  117 Cap(th)  ave= 1.182E+01 b. +/- 7.14 % || Ela(th) ave= 5.684E+00 b. +/- 9.43 % || RIcap ave= 5.21E+01 b. +/- 12.42 % || Macs30 ave= 2.81E-01 b. +/- 0.09 % || Gn^0(l=0) ave= 3.912E-02 +/- 2.04 % Gn^0(l=1) ave= 8.545E-02 +/- 8.44 % Gn^0(l=2) ave= 7.136E-03 +/- 17.03 % Gn^0(l=3) ave= 0.000E+00 +/- 0.00 % || Gtotal(l=0) ave= 1.416E+00 +/- 1.13 % Gtotal(l=1) ave= 1.795E-01 +/- 5.14 % Gtotal(l=2) ave= 1.667E-01 +/- 4.60 % Gtotal(l=3) ave= 0.000E+00 +/- 0.00 %  % || Gg(l=0) ave= 1.464E-01 +/- 7.63 % Gg(l=1) ave= 1.718E-01 +/- 5.37 % Gg(l=2) ave= 1.667E-01 +/- 4.60 % Gg(l=3) ave= 0.000E+00 +/- 0.00 %  % || D(l=0) ave= 4.247E+02 +/- 7.71 % D(l=1) ave= 1.975E+02 +/- 0.00 % D(l=2) ave= 1.383E+02 +/- 0.00 % D(l=3) ave= 0.000E+00 +/- 0.00 %  % || S(l=0) ave= 1.067E-04 +/- 4.66 % S(l=1) ave= 2.846E-04 +/- 8.46 % S(l=2) ave= 2.586E-05 +/- 17.03 % S(l=3) ave= 0.000E+00 +/- 0.00 % 
 ... random file  118 Cap(th)  ave= 1.183E+01 b. +/- 7.12 % || Ela(th) ave= 5.685E+00 b. +/- 9.40 % || RIcap ave= 5.22E+01 b. +/- 12.42 % || Macs30 ave= 2.81E-01 b. +/- 0.09 % || Gn^0(l=0) ave= 3.911E-02 +/- 2.04 % Gn^0(l=1) ave= 8.541E-02 +/- 8.42 % Gn^0(l=2) ave= 7.131E-03 +/- 16.99 % Gn^0(l=3) ave= 0.000E+00 +/- 0.00 % || Gtotal(l=0) ave= 1.416E+00 +/- 1.13 % Gtotal(l=1) ave= 1.796E-01 +/- 5.15 % Gtotal(l=2) ave= 1.669E-01 +/- 4.73 % Gtotal(l=3) ave= 0.000E+00 +/- 0.00 %  % || Gg(l=0) ave= 1.464E-01 +/- 7.60 % Gg(l=1) ave= 1.719E-01 +/- 5.37 % Gg(l=2) ave= 1.669E-01 +/- 4.73 % Gg(l=3) ave= 0.000E+00 +/- 0.00 %  % || D(l=0) ave= 4.244E+02 +/- 7.71 % D(l=1) ave= 1.975E+02 +/- 0.00 % D(l=2) ave= 1.383E+02 +/- 0.00 % D(l=3) ave= 0.000E+00 +/- 0.00 %  % || S(l=0) ave= 1.067E-04 +/- 4.66 % S(l=1) ave= 2.844E-04 +/- 8.44 % S(l=2) ave= 2.585E-05 +/- 16.99 % S(l=3) ave= 0.000E+00 +/- 0.00 % 
 ... random file  119 Cap(th)  ave= 1.182E+01 b. +/- 7.10 % || Ela(th) ave= 5.685E+00 b. +/- 9.36 % || RIcap ave= 5.21E+01 b. +/- 12.41 % || Macs30 ave= 2.81E-01 b. +/- 0.09 % || Gn^0(l=0) ave= 3.911E-02 +/- 2.03 % Gn^0(l=1) ave= 8.542E-02 +/- 8.39 % Gn^0(l=2) ave= 7.131E-03 +/- 16.92 % Gn^0(l=3) ave= 0.000E+00 +/- 0.00 % || Gtotal(l=0) ave= 1.417E+00 +/- 1.14 % Gtotal(l=1) ave= 1.795E-01 +/- 5.15 % Gtotal(l=2) ave= 1.669E-01 +/- 4.74 % Gtotal(l=3) ave= 0.000E+00 +/- 0.00 %  % || Gg(l=0) ave= 1.465E-01 +/- 7.60 % Gg(l=1) ave= 1.718E-01 +/- 5.38 % Gg(l=2) ave= 1.669E-01 +/- 4.74 % Gg(l=3) ave= 0.000E+00 +/- 0.00 %  % || D(l=0) ave= 4.242E+02 +/- 7.71 % D(l=1) ave= 1.975E+02 +/- 0.00 % D(l=2) ave= 1.383E+02 +/- 0.00 % D(l=3) ave= 0.000E+00 +/- 0.00 %  % || S(l=0) ave= 1.067E-04 +/- 4.66 % S(l=1) ave= 2.845E-04 +/- 8.41 % S(l=2) ave= 2.585E-05 +/- 16.92 % S(l=3) ave= 0.000E+00 +/- 0.00 % 
 ... random file  120 Cap(th)  ave= 1.182E+01 b. +/- 7.07 % || Ela(th) ave= 5.687E+00 b. +/- 9.33 % || RIcap ave= 5.20E+01 b. +/- 12.51 % || Macs30 ave= 2.81E-01 b. +/- 0.09 % || Gn^0(l=0) ave= 3.912E-02 +/- 2.05 % Gn^0(l=1) ave= 8.537E-02 +/- 8.38 % Gn^0(l=2) ave= 7.123E-03 +/- 16.91 % Gn^0(l=3) ave= 0.000E+00 +/- 0.00 % || Gtotal(l=0) ave= 1.416E+00 +/- 1.14 % Gtotal(l=1) ave= 1.794E-01 +/- 5.17 % Gtotal(l=2) ave= 1.668E-01 +/- 4.73 % Gtotal(l=3) ave= 0.000E+00 +/- 0.00 %  % || Gg(l=0) ave= 1.464E-01 +/- 7.58 % Gg(l=1) ave= 1.717E-01 +/- 5.40 % Gg(l=2) ave= 1.668E-01 +/- 4.73 % Gg(l=3) ave= 0.000E+00 +/- 0.00 %  % || D(l=0) ave= 4.245E+02 +/- 7.71 % D(l=1) ave= 1.975E+02 +/- 0.00 % D(l=2) ave= 1.383E+02 +/- 0.00 % D(l=3) ave= 0.000E+00 +/- 0.00 %  % || S(l=0) ave= 1.067E-04 +/- 4.65 % S(l=1) ave= 2.843E-04 +/- 8.39 % S(l=2) ave= 2.582E-05 +/- 16.91 % S(l=3) ave= 0.000E+00 +/- 0.00 % 
 ... random file  121 Cap(th)  ave= 1.182E+01 b. +/- 7.04 % || Ela(th) ave= 5.688E+00 b. +/- 9.29 % || RIcap ave= 5.20E+01 b. +/- 12.58 % || Macs30 ave= 2.81E-01 b. +/- 0.09 % || Gn^0(l=0) ave= 3.913E-02 +/- 2.05 % Gn^0(l=1) ave= 8.536E-02 +/- 8.35 % Gn^0(l=2) ave= 7.120E-03 +/- 16.85 % Gn^0(l=3) ave= 0.000E+00 +/- 0.00 % || Gtotal(l=0) ave= 1.416E+00 +/- 1.15 % Gtotal(l=1) ave= 1.794E-01 +/- 5.15 % Gtotal(l=2) ave= 1.668E-01 +/- 4.71 % Gtotal(l=3) ave= 0.000E+00 +/- 0.00 %  % || Gg(l=0) ave= 1.463E-01 +/- 7.59 % Gg(l=1) ave= 1.717E-01 +/- 5.38 % Gg(l=2) ave= 1.668E-01 +/- 4.71 % Gg(l=3) ave= 0.000E+00 +/- 0.00 %  % || D(l=0) ave= 4.248E+02 +/- 7.71 % D(l=1) ave= 1.975E+02 +/- 0.00 % D(l=2) ave= 1.383E+02 +/- 0.00 % D(l=3) ave= 0.000E+00 +/- 0.00 %  % || S(l=0) ave= 1.067E-04 +/- 4.66 % S(l=1) ave= 2.843E-04 +/- 8.36 % S(l=2) ave= 2.581E-05 +/- 16.85 % S(l=3) ave= 0.000E+00 +/- 0.00 % 
 ... random file  122 Cap(th)  ave= 1.183E+01 b. +/- 7.04 % || Ela(th) ave= 5.684E+00 b. +/- 9.31 % || RIcap ave= 5.20E+01 b. +/- 12.58 % || Macs30 ave= 2.81E-01 b. +/- 0.09 % || Gn^0(l=0) ave= 3.913E-02 +/- 2.04 % Gn^0(l=1) ave= 8.542E-02 +/- 8.34 % Gn^0(l=2) ave= 7.131E-03 +/- 16.85 % Gn^0(l=3) ave= 0.000E+00 +/- 0.00 % || Gtotal(l=0) ave= 1.416E+00 +/- 1.15 % Gtotal(l=1) ave= 1.795E-01 +/- 5.16 % Gtotal(l=2) ave= 1.668E-01 +/- 4.71 % Gtotal(l=3) ave= 0.000E+00 +/- 0.00 %  % || Gg(l=0) ave= 1.463E-01 +/- 7.57 % Gg(l=1) ave= 1.718E-01 +/- 5.39 % Gg(l=2) ave= 1.668E-01 +/- 4.71 % Gg(l=3) ave= 0.000E+00 +/- 0.00 %  % || D(l=0) ave= 4.251E+02 +/- 7.71 % D(l=1) ave= 1.975E+02 +/- 0.00 % D(l=2) ave= 1.383E+02 +/- 0.00 % D(l=3) ave= 0.000E+00 +/- 0.00 %  % || S(l=0) ave= 1.066E-04 +/- 4.68 % S(l=1) ave= 2.845E-04 +/- 8.35 % S(l=2) ave= 2.585E-05 +/- 16.85 % S(l=3) ave= 0.000E+00 +/- 0.00 % 
 ... random file  123 Cap(th)  ave= 1.182E+01 b. +/- 7.08 % || Ela(th) ave= 5.687E+00 b. +/- 9.29 % || RIcap ave= 5.19E+01 b. +/- 12.73 % || Macs30 ave= 2.81E-01 b. +/- 0.09 % || Gn^0(l=0) ave= 3.912E-02 +/- 2.04 % Gn^0(l=1) ave= 8.537E-02 +/- 8.34 % Gn^0(l=2) ave= 7.124E-03 +/- 16.83 % Gn^0(l=3) ave= 0.000E+00 +/- 0.00 % || Gtotal(l=0) ave= 1.416E+00 +/- 1.14 % Gtotal(l=1) ave= 1.794E-01 +/- 5.19 % Gtotal(l=2) ave= 1.667E-01 +/- 4.72 % Gtotal(l=3) ave= 0.000E+00 +/- 0.00 %  % || Gg(l=0) ave= 1.463E-01 +/- 7.57 % Gg(l=1) ave= 1.717E-01 +/- 5.43 % Gg(l=2) ave= 1.667E-01 +/- 4.72 % Gg(l=3) ave= 0.000E+00 +/- 0.00 %  % || D(l=0) ave= 4.248E+02 +/- 7.71 % D(l=1) ave= 1.975E+02 +/- 0.00 % D(l=2) ave= 1.383E+02 +/- 0.00 % D(l=3) ave= 0.000E+00 +/- 0.00 %  % || S(l=0) ave= 1.066E-04 +/- 4.67 % S(l=1) ave= 2.843E-04 +/- 8.35 % S(l=2) ave= 2.582E-05 +/- 16.83 % S(l=3) ave= 0.000E+00 +/- 0.00 % 
 ... random file  124 Cap(th)  ave= 1.182E+01 b. +/- 7.05 % || Ela(th) ave= 5.691E+00 b. +/- 9.28 % || RIcap ave= 5.19E+01 b. +/- 12.71 % || Macs30 ave= 2.81E-01 b. +/- 0.09 % || Gn^0(l=0) ave= 3.912E-02 +/- 2.03 % Gn^0(l=1) ave= 8.530E-02 +/- 8.36 % Gn^0(l=2) ave= 7.114E-03 +/- 16.87 % Gn^0(l=3) ave= 0.000E+00 +/- 0.00 % || Gtotal(l=0) ave= 1.416E+00 +/- 1.14 % Gtotal(l=1) ave= 1.793E-01 +/- 5.20 % Gtotal(l=2) ave= 1.667E-01 +/- 4.70 % Gtotal(l=3) ave= 0.000E+00 +/- 0.00 %  % || Gg(l=0) ave= 1.462E-01 +/- 7.54 % Gg(l=1) ave= 1.716E-01 +/- 5.44 % Gg(l=2) ave= 1.667E-01 +/- 4.70 % Gg(l=3) ave= 0.000E+00 +/- 0.00 %  % || D(l=0) ave= 4.246E+02 +/- 7.71 % D(l=1) ave= 1.975E+02 +/- 0.00 % D(l=2) ave= 1.383E+02 +/- 0.00 % D(l=3) ave= 0.000E+00 +/- 0.00 %  % || S(l=0) ave= 1.067E-04 +/- 4.67 % S(l=1) ave= 2.841E-04 +/- 8.37 % S(l=2) ave= 2.578E-05 +/- 16.87 % S(l=3) ave= 0.000E+00 +/- 0.00 % 
 ... random file  125 Cap(th)  ave= 1.182E+01 b. +/- 7.02 % || Ela(th) ave= 5.695E+00 b. +/- 9.27 % || RIcap ave= 5.19E+01 b. +/- 12.69 % || Macs30 ave= 2.81E-01 b. +/- 0.09 % || Gn^0(l=0) ave= 3.913E-02 +/- 2.03 % Gn^0(l=1) ave= 8.525E-02 +/- 8.35 % Gn^0(l=2) ave= 7.106E-03 +/- 16.87 % Gn^0(l=3) ave= 0.000E+00 +/- 0.00 % || Gtotal(l=0) ave= 1.416E+00 +/- 1.15 % Gtotal(l=1) ave= 1.793E-01 +/- 5.18 % Gtotal(l=2) ave= 1.666E-01 +/- 4.74 % Gtotal(l=3) ave= 0.000E+00 +/- 0.00 %  % || Gg(l=0) ave= 1.462E-01 +/- 7.53 % Gg(l=1) ave= 1.716E-01 +/- 5.42 % Gg(l=2) ave= 1.666E-01 +/- 4.74 % Gg(l=3) ave= 0.000E+00 +/- 0.00 %  % || D(l=0) ave= 4.249E+02 +/- 7.71 % D(l=1) ave= 1.975E+02 +/- 0.00 % D(l=2) ave= 1.383E+02 +/- 0.00 % D(l=3) ave= 0.000E+00 +/- 0.00 %  % || S(l=0) ave= 1.066E-04 +/- 4.68 % S(l=1) ave= 2.839E-04 +/- 8.37 % S(l=2) ave= 2.576E-05 +/- 16.87 % S(l=3) ave= 0.000E+00 +/- 0.00 % 
 ... random file  126 Cap(th)  ave= 1.182E+01 b. +/- 6.99 % || Ela(th) ave= 5.693E+00 b. +/- 9.24 % || RIcap ave= 5.19E+01 b. +/- 12.65 % || Macs30 ave= 2.81E-01 b. +/- 0.09 % || Gn^0(l=0) ave= 3.913E-02 +/- 2.03 % Gn^0(l=1) ave= 8.528E-02 +/- 8.32 % Gn^0(l=2) ave= 7.110E-03 +/- 16.80 % Gn^0(l=3) ave= 0.000E+00 +/- 0.00 % || Gtotal(l=0) ave= 1.416E+00 +/- 1.15 % Gtotal(l=1) ave= 1.792E-01 +/- 5.20 % Gtotal(l=2) ave= 1.666E-01 +/- 4.72 % Gtotal(l=3) ave= 0.000E+00 +/- 0.00 %  % || Gg(l=0) ave= 1.462E-01 +/- 7.51 % Gg(l=1) ave= 1.715E-01 +/- 5.43 % Gg(l=2) ave= 1.666E-01 +/- 4.72 % Gg(l=3) ave= 0.000E+00 +/- 0.00 %  % || D(l=0) ave= 4.252E+02 +/- 7.71 % D(l=1) ave= 1.975E+02 +/- 0.00 % D(l=2) ave= 1.383E+02 +/- 0.00 % D(l=3) ave= 0.000E+00 +/- 0.00 %  % || S(l=0) ave= 1.066E-04 +/- 4.69 % S(l=1) ave= 2.840E-04 +/- 8.34 % S(l=2) ave= 2.577E-05 +/- 16.80 % S(l=3) ave= 0.000E+00 +/- 0.00 % 
 ... random file  127 Cap(th)  ave= 1.183E+01 b. +/- 6.98 % || Ela(th) ave= 5.690E+00 b. +/- 9.22 % || RIcap ave= 5.19E+01 b. +/- 12.60 % || Macs30 ave= 2.81E-01 b. +/- 0.09 % || Gn^0(l=0) ave= 3.912E-02 +/- 2.03 % Gn^0(l=1) ave= 8.532E-02 +/- 8.30 % Gn^0(l=2) ave= 7.115E-03 +/- 16.74 % Gn^0(l=3) ave= 0.000E+00 +/- 0.00 % || Gtotal(l=0) ave= 1.416E+00 +/- 1.14 % Gtotal(l=1) ave= 1.794E-01 +/- 5.24 % Gtotal(l=2) ave= 1.666E-01 +/- 4.71 % Gtotal(l=3) ave= 0.000E+00 +/- 0.00 %  % || Gg(l=0) ave= 1.462E-01 +/- 7.48 % Gg(l=1) ave= 1.717E-01 +/- 5.48 % Gg(l=2) ave= 1.666E-01 +/- 4.71 % Gg(l=3) ave= 0.000E+00 +/- 0.00 %  % || D(l=0) ave= 4.249E+02 +/- 7.71 % D(l=1) ave= 1.975E+02 +/- 0.00 % D(l=2) ave= 1.383E+02 +/- 0.00 % D(l=3) ave= 0.000E+00 +/- 0.00 %  % || S(l=0) ave= 1.066E-04 +/- 4.69 % S(l=1) ave= 2.841E-04 +/- 8.32 % S(l=2) ave= 2.579E-05 +/- 16.74 % S(l=3) ave= 0.000E+00 +/- 0.00 % 
 ... random file  128 Cap(th)  ave= 1.182E+01 b. +/- 6.99 % || Ela(th) ave= 5.691E+00 b. +/- 9.19 % || RIcap ave= 5.18E+01 b. +/- 12.63 % || Macs30 ave= 2.81E-01 b. +/- 0.10 % || Gn^0(l=0) ave= 3.913E-02 +/- 2.03 % Gn^0(l=1) ave= 8.531E-02 +/- 8.27 % Gn^0(l=2) ave= 7.113E-03 +/- 16.69 % Gn^0(l=3) ave= 0.000E+00 +/- 0.00 % || Gtotal(l=0) ave= 1.416E+00 +/- 1.15 % Gtotal(l=1) ave= 1.793E-01 +/- 5.23 % Gtotal(l=2) ave= 1.665E-01 +/- 4.72 % Gtotal(l=3) ave= 0.000E+00 +/- 0.00 %  % || Gg(l=0) ave= 1.461E-01 +/- 7.52 % Gg(l=1) ave= 1.716E-01 +/- 5.47 % Gg(l=2) ave= 1.665E-01 +/- 4.72 % Gg(l=3) ave= 0.000E+00 +/- 0.00 %  % || D(l=0) ave= 4.252E+02 +/- 7.71 % D(l=1) ave= 1.975E+02 +/- 0.00 % D(l=2) ave= 1.383E+02 +/- 0.00 % D(l=3) ave= 0.000E+00 +/- 0.00 %  % || S(l=0) ave= 1.066E-04 +/- 4.69 % S(l=1) ave= 2.841E-04 +/- 8.29 % S(l=2) ave= 2.578E-05 +/- 16.69 % S(l=3) ave= 0.000E+00 +/- 0.00 % 
 ... random file  129 Cap(th)  ave= 1.182E+01 b. +/- 6.96 % || Ela(th) ave= 5.690E+00 b. +/- 9.16 % || RIcap ave= 5.18E+01 b. +/- 12.58 % || Macs30 ave= 2.81E-01 b. +/- 0.10 % || Gn^0(l=0) ave= 3.914E-02 +/- 2.04 % Gn^0(l=1) ave= 8.532E-02 +/- 8.24 % Gn^0(l=2) ave= 7.114E-03 +/- 16.62 % Gn^0(l=3) ave= 0.000E+00 +/- 0.00 % || Gtotal(l=0) ave= 1.416E+00 +/- 1.15 % Gtotal(l=1) ave= 1.793E-01 +/- 5.23 % Gtotal(l=2) ave= 1.665E-01 +/- 4.70 % Gtotal(l=3) ave= 0.000E+00 +/- 0.00 %  % || Gg(l=0) ave= 1.461E-01 +/- 7.49 % Gg(l=1) ave= 1.716E-01 +/- 5.46 % Gg(l=2) ave= 1.665E-01 +/- 4.70 % Gg(l=3) ave= 0.000E+00 +/- 0.00 %  % || D(l=0) ave= 4.255E+02 +/- 7.72 % D(l=1) ave= 1.975E+02 +/- 0.00 % D(l=2) ave= 1.383E+02 +/- 0.00 % D(l=3) ave= 0.000E+00 +/- 0.00 %  % || S(l=0) ave= 1.065E-04 +/- 4.69 % S(l=1) ave= 2.841E-04 +/- 8.26 % S(l=2) ave= 2.578E-05 +/- 16.62 % S(l=3) ave= 0.000E+00 +/- 0.00 % 
 ... random file  130 Cap(th)  ave= 1.182E+01 b. +/- 6.96 % || Ela(th) ave= 5.686E+00 b. +/- 9.15 % || RIcap ave= 5.18E+01 b. +/- 12.54 % || Macs30 ave= 2.81E-01 b. +/- 0.09 % || Gn^0(l=0) ave= 3.913E-02 +/- 2.03 % Gn^0(l=1) ave= 8.536E-02 +/- 8.22 % Gn^0(l=2) ave= 7.120E-03 +/- 16.57 % Gn^0(l=3) ave= 0.000E+00 +/- 0.00 % || Gtotal(l=0) ave= 1.416E+00 +/- 1.15 % Gtotal(l=1) ave= 1.791E-01 +/- 5.28 % Gtotal(l=2) ave= 1.665E-01 +/- 4.68 % Gtotal(l=3) ave= 0.000E+00 +/- 0.00 %  % || Gg(l=0) ave= 1.461E-01 +/- 7.46 % Gg(l=1) ave= 1.714E-01 +/- 5.52 % Gg(l=2) ave= 1.665E-01 +/- 4.68 % Gg(l=3) ave= 0.000E+00 +/- 0.00 %  % || D(l=0) ave= 4.253E+02 +/- 7.71 % D(l=1) ave= 1.975E+02 +/- 0.00 % D(l=2) ave= 1.383E+02 +/- 0.00 % D(l=3) ave= 0.000E+00 +/- 0.00 %  % || S(l=0) ave= 1.066E-04 +/- 4.69 % S(l=1) ave= 2.843E-04 +/- 8.24 % S(l=2) ave= 2.581E-05 +/- 16.57 % S(l=3) ave= 0.000E+00 +/- 0.00 % 
 ... random file  131 Cap(th)  ave= 1.182E+01 b. +/- 6.94 % || Ela(th) ave= 5.691E+00 b. +/- 9.15 % || RIcap ave= 5.18E+01 b. +/- 12.49 % || Macs30 ave= 2.81E-01 b. +/- 0.09 % || Gn^0(l=0) ave= 3.914E-02 +/- 2.03 % Gn^0(l=1) ave= 8.530E-02 +/- 8.24 % Gn^0(l=2) ave= 7.110E-03 +/- 16.61 % Gn^0(l=3) ave= 0.000E+00 +/- 0.00 % || Gtotal(l=0) ave= 1.416E+00 +/- 1.15 % Gtotal(l=1) ave= 1.791E-01 +/- 5.26 % Gtotal(l=2) ave= 1.664E-01 +/- 4.70 % Gtotal(l=3) ave= 0.000E+00 +/- 0.00 %  % || Gg(l=0) ave= 1.461E-01 +/- 7.44 % Gg(l=1) ave= 1.714E-01 +/- 5.50 % Gg(l=2) ave= 1.664E-01 +/- 4.70 % Gg(l=3) ave= 0.000E+00 +/- 0.00 %  % || D(l=0) ave= 4.255E+02 +/- 7.72 % D(l=1) ave= 1.975E+02 +/- 0.00 % D(l=2) ave= 1.383E+02 +/- 0.00 % D(l=3) ave= 0.000E+00 +/- 0.00 %  % || S(l=0) ave= 1.065E-04 +/- 4.70 % S(l=1) ave= 2.841E-04 +/- 8.26 % S(l=2) ave= 2.577E-05 +/- 16.61 % S(l=3) ave= 0.000E+00 +/- 0.00 % 
 ... random file  132 Cap(th)  ave= 1.182E+01 b. +/- 6.91 % || Ela(th) ave= 5.692E+00 b. +/- 9.12 % || RIcap ave= 5.18E+01 b. +/- 12.46 % || Macs30 ave= 2.81E-01 b. +/- 0.10 % || Gn^0(l=0) ave= 3.913E-02 +/- 2.02 % Gn^0(l=1) ave= 8.528E-02 +/- 8.22 % Gn^0(l=2) ave= 7.107E-03 +/- 16.56 % Gn^0(l=3) ave= 0.000E+00 +/- 0.00 % || Gtotal(l=0) ave= 1.416E+00 +/- 1.15 % Gtotal(l=1) ave= 1.791E-01 +/- 5.24 % Gtotal(l=2) ave= 1.666E-01 +/- 4.77 % Gtotal(l=3) ave= 0.000E+00 +/- 0.00 %  % || Gg(l=0) ave= 1.459E-01 +/- 7.57 % Gg(l=1) ave= 1.714E-01 +/- 5.48 % Gg(l=2) ave= 1.666E-01 +/- 4.77 % Gg(l=3) ave= 0.000E+00 +/- 0.00 %  % || D(l=0) ave= 4.253E+02 +/- 7.71 % D(l=1) ave= 1.975E+02 +/- 0.00 % D(l=2) ave= 1.383E+02 +/- 0.00 % D(l=3) ave= 0.000E+00 +/- 0.00 %  % || S(l=0) ave= 1.066E-04 +/- 4.70 % S(l=1) ave= 2.840E-04 +/- 8.23 % S(l=2) ave= 2.576E-05 +/- 16.56 % S(l=3) ave= 0.000E+00 +/- 0.00 % 
 ... random file  133 Cap(th)  ave= 1.183E+01 b. +/- 6.93 % || Ela(th) ave= 5.693E+00 b. +/- 9.09 % || RIcap ave= 5.18E+01 b. +/- 12.41 % || Macs30 ave= 2.81E-01 b. +/- 0.09 % || Gn^0(l=0) ave= 3.913E-02 +/- 2.02 % Gn^0(l=1) ave= 8.525E-02 +/- 8.19 % Gn^0(l=2) ave= 7.104E-03 +/- 16.52 % Gn^0(l=3) ave= 0.000E+00 +/- 0.00 % || Gtotal(l=0) ave= 1.416E+00 +/- 1.15 % Gtotal(l=1) ave= 1.792E-01 +/- 5.23 % Gtotal(l=2) ave= 1.666E-01 +/- 4.76 % Gtotal(l=3) ave= 0.000E+00 +/- 0.00 %  % || Gg(l=0) ave= 1.459E-01 +/- 7.54 % Gg(l=1) ave= 1.715E-01 +/- 5.46 % Gg(l=2) ave= 1.666E-01 +/- 4.76 % Gg(l=3) ave= 0.000E+00 +/- 0.00 %  % || D(l=0) ave= 4.251E+02 +/- 7.71 % D(l=1) ave= 1.975E+02 +/- 0.00 % D(l=2) ave= 1.383E+02 +/- 0.00 % D(l=3) ave= 0.000E+00 +/- 0.00 %  % || S(l=0) ave= 1.066E-04 +/- 4.70 % S(l=1) ave= 2.839E-04 +/- 8.21 % S(l=2) ave= 2.575E-05 +/- 16.52 % S(l=3) ave= 0.000E+00 +/- 0.00 % 
 ... random file  134 Cap(th)  ave= 1.184E+01 b. +/- 6.92 % || Ela(th) ave= 5.692E+00 b. +/- 9.05 % || RIcap ave= 5.18E+01 b. +/- 12.37 % || Macs30 ave= 2.81E-01 b. +/- 0.09 % || Gn^0(l=0) ave= 3.913E-02 +/- 2.02 % Gn^0(l=1) ave= 8.525E-02 +/- 8.16 % Gn^0(l=2) ave= 7.103E-03 +/- 16.46 % Gn^0(l=3) ave= 0.000E+00 +/- 0.00 % || Gtotal(l=0) ave= 1.416E+00 +/- 1.15 % Gtotal(l=1) ave= 1.792E-01 +/- 5.21 % Gtotal(l=2) ave= 1.664E-01 +/- 4.95 % Gtotal(l=3) ave= 0.000E+00 +/- 0.00 %  % || Gg(l=0) ave= 1.459E-01 +/- 7.52 % Gg(l=1) ave= 1.715E-01 +/- 5.45 % Gg(l=2) ave= 1.664E-01 +/- 4.95 % Gg(l=3) ave= 0.000E+00 +/- 0.00 %  % || D(l=0) ave= 4.249E+02 +/- 7.71 % D(l=1) ave= 1.975E+02 +/- 0.00 % D(l=2) ave= 1.383E+02 +/- 0.00 % D(l=3) ave= 0.000E+00 +/- 0.00 %  % || S(l=0) ave= 1.066E-04 +/- 4.70 % S(l=1) ave= 2.839E-04 +/- 8.18 % S(l=2) ave= 2.575E-05 +/- 16.46 % S(l=3) ave= 0.000E+00 +/- 0.00 % 
 ... random file  135 Cap(th)  ave= 1.184E+01 b. +/- 6.90 % || Ela(th) ave= 5.685E+00 b. +/- 9.17 % || RIcap ave= 5.19E+01 b. +/- 12.38 % || Macs30 ave= 2.81E-01 b. +/- 0.09 % || Gn^0(l=0) ave= 3.913E-02 +/- 2.02 % Gn^0(l=1) ave= 8.537E-02 +/- 8.27 % Gn^0(l=2) ave= 7.124E-03 +/- 16.69 % Gn^0(l=3) ave= 0.000E+00 +/- 0.00 % || Gtotal(l=0) ave= 1.416E+00 +/- 1.15 % Gtotal(l=1) ave= 1.791E-01 +/- 5.21 % Gtotal(l=2) ave= 1.663E-01 +/- 4.94 % Gtotal(l=3) ave= 0.000E+00 +/- 0.00 %  % || Gg(l=0) ave= 1.459E-01 +/- 7.50 % Gg(l=1) ave= 1.714E-01 +/- 5.44 % Gg(l=2) ave= 1.663E-01 +/- 4.94 % Gg(l=3) ave= 0.000E+00 +/- 0.00 %  % || D(l=0) ave= 4.251E+02 +/- 7.71 % D(l=1) ave= 1.975E+02 +/- 0.00 % D(l=2) ave= 1.383E+02 +/- 0.00 % D(l=3) ave= 0.000E+00 +/- 0.00 %  % || S(l=0) ave= 1.066E-04 +/- 4.70 % S(l=1) ave= 2.843E-04 +/- 8.28 % S(l=2) ave= 2.582E-05 +/- 16.69 % S(l=3) ave= 0.000E+00 +/- 0.00 % 
 ... random file  136 Cap(th)  ave= 1.183E+01 b. +/- 6.99 % || Ela(th) ave= 5.679E+00 b. +/- 9.21 % || RIcap ave= 5.19E+01 b. +/- 12.35 % || Macs30 ave= 2.81E-01 b. +/- 0.09 % || Gn^0(l=0) ave= 3.914E-02 +/- 2.02 % Gn^0(l=1) ave= 8.544E-02 +/- 8.29 % Gn^0(l=2) ave= 7.136E-03 +/- 16.72 % Gn^0(l=3) ave= 0.000E+00 +/- 0.00 % || Gtotal(l=0) ave= 1.416E+00 +/- 1.15 % Gtotal(l=1) ave= 1.792E-01 +/- 5.21 % Gtotal(l=2) ave= 1.663E-01 +/- 4.92 % Gtotal(l=3) ave= 0.000E+00 +/- 0.00 %  % || Gg(l=0) ave= 1.459E-01 +/- 7.48 % Gg(l=1) ave= 1.715E-01 +/- 5.44 % Gg(l=2) ave= 1.663E-01 +/- 4.92 % Gg(l=3) ave= 0.000E+00 +/- 0.00 %  % || D(l=0) ave= 4.254E+02 +/- 7.72 % D(l=1) ave= 1.975E+02 +/- 0.00 % D(l=2) ave= 1.383E+02 +/- 0.00 % D(l=3) ave= 0.000E+00 +/- 0.00 %  % || S(l=0) ave= 1.066E-04 +/- 4.70 % S(l=1) ave= 2.845E-04 +/- 8.30 % S(l=2) ave= 2.587E-05 +/- 16.72 % S(l=3) ave= 0.000E+00 +/- 0.00 % 
 ... random file  137 Cap(th)  ave= 1.183E+01 b. +/- 6.97 % || Ela(th) ave= 5.691E+00 b. +/- 9.46 % || RIcap ave= 5.19E+01 b. +/- 12.33 % || Macs30 ave= 2.81E-01 b. +/- 0.09 % || Gn^0(l=0) ave= 3.915E-02 +/- 2.02 % Gn^0(l=1) ave= 8.532E-02 +/- 8.42 % Gn^0(l=2) ave= 7.118E-03 +/- 16.97 % Gn^0(l=3) ave= 0.000E+00 +/- 0.00 % || Gtotal(l=0) ave= 1.415E+00 +/- 1.15 % Gtotal(l=1) ave= 1.792E-01 +/- 5.20 % Gtotal(l=2) ave= 1.663E-01 +/- 4.91 % Gtotal(l=3) ave= 0.000E+00 +/- 0.00 %  % || Gg(l=0) ave= 1.458E-01 +/- 7.45 % Gg(l=1) ave= 1.715E-01 +/- 5.43 % Gg(l=2) ave= 1.663E-01 +/- 4.91 % Gg(l=3) ave= 0.000E+00 +/- 0.00 %  % || D(l=0) ave= 4.256E+02 +/- 7.72 % D(l=1) ave= 1.975E+02 +/- 0.00 % D(l=2) ave= 1.383E+02 +/- 0.00 % D(l=3) ave= 0.000E+00 +/- 0.00 %  % || S(l=0) ave= 1.065E-04 +/- 4.71 % S(l=1) ave= 2.841E-04 +/- 8.44 % S(l=2) ave= 2.580E-05 +/- 16.97 % S(l=3) ave= 0.000E+00 +/- 0.00 % 
 ... random file  138 Cap(th)  ave= 1.182E+01 b. +/- 7.00 % || Ela(th) ave= 5.687E+00 b. +/- 9.46 % || RIcap ave= 5.19E+01 b. +/- 12.39 % || Macs30 ave= 2.81E-01 b. +/- 0.10 % || Gn^0(l=0) ave= 3.914E-02 +/- 2.03 % Gn^0(l=1) ave= 8.538E-02 +/- 8.42 % Gn^0(l=2) ave= 7.126E-03 +/- 16.95 % Gn^0(l=3) ave= 0.000E+00 +/- 0.00 % || Gtotal(l=0) ave= 1.416E+00 +/- 1.16 % Gtotal(l=1) ave= 1.793E-01 +/- 5.21 % Gtotal(l=2) ave= 1.663E-01 +/- 4.89 % Gtotal(l=3) ave= 0.000E+00 +/- 0.00 %  % || Gg(l=0) ave= 1.460E-01 +/- 7.55 % Gg(l=1) ave= 1.716E-01 +/- 5.44 % Gg(l=2) ave= 1.663E-01 +/- 4.89 % Gg(l=3) ave= 0.000E+00 +/- 0.00 %  % || D(l=0) ave= 4.254E+02 +/- 7.72 % D(l=1) ave= 1.975E+02 +/- 0.00 % D(l=2) ave= 1.383E+02 +/- 0.00 % D(l=3) ave= 0.000E+00 +/- 0.00 %  % || S(l=0) ave= 1.066E-04 +/- 4.70 % S(l=1) ave= 2.843E-04 +/- 8.44 % S(l=2) ave= 2.583E-05 +/- 16.95 % S(l=3) ave= 0.000E+00 +/- 0.00 % 
 ... random file  139 Cap(th)  ave= 1.182E+01 b. +/- 6.99 % || Ela(th) ave= 5.689E+00 b. +/- 9.43 % || RIcap ave= 5.20E+01 b. +/- 12.56 % || Macs30 ave= 2.81E-01 b. +/- 0.10 % || Gn^0(l=0) ave= 3.913E-02 +/- 2.03 % Gn^0(l=1) ave= 8.535E-02 +/- 8.40 % Gn^0(l=2) ave= 7.121E-03 +/- 16.92 % Gn^0(l=3) ave= 0.000E+00 +/- 0.00 % || Gtotal(l=0) ave= 1.416E+00 +/- 1.17 % Gtotal(l=1) ave= 1.792E-01 +/- 5.20 % Gtotal(l=2) ave= 1.663E-01 +/- 4.88 % Gtotal(l=3) ave= 0.000E+00 +/- 0.00 %  % || Gg(l=0) ave= 1.462E-01 +/- 7.67 % Gg(l=1) ave= 1.715E-01 +/- 5.43 % Gg(l=2) ave= 1.663E-01 +/- 4.88 % Gg(l=3) ave= 0.000E+00 +/- 0.00 %  % || D(l=0) ave= 4.252E+02 +/- 7.71 % D(l=1) ave= 1.975E+02 +/- 0.00 % D(l=2) ave= 1.383E+02 +/- 0.00 % D(l=3) ave= 0.000E+00 +/- 0.00 %  % || S(l=0) ave= 1.066E-04 +/- 4.69 % S(l=1) ave= 2.842E-04 +/- 8.42 % S(l=2) ave= 2.581E-05 +/- 16.92 % S(l=3) ave= 0.000E+00 +/- 0.00 % 
 ... random file  140 Cap(th)  ave= 1.182E+01 b. +/- 6.99 % || Ela(th) ave= 5.687E+00 b. +/- 9.42 % || RIcap ave= 5.20E+01 b. +/- 12.52 % || Macs30 ave= 2.81E-01 b. +/- 0.10 % || Gn^0(l=0) ave= 3.913E-02 +/- 2.02 % Gn^0(l=1) ave= 8.538E-02 +/- 8.38 % Gn^0(l=2) ave= 7.124E-03 +/- 16.86 % Gn^0(l=3) ave= 0.000E+00 +/- 0.00 % || Gtotal(l=0) ave= 1.416E+00 +/- 1.17 % Gtotal(l=1) ave= 1.793E-01 +/- 5.21 % Gtotal(l=2) ave= 1.664E-01 +/- 4.87 % Gtotal(l=3) ave= 0.000E+00 +/- 0.00 %  % || Gg(l=0) ave= 1.462E-01 +/- 7.65 % Gg(l=1) ave= 1.716E-01 +/- 5.45 % Gg(l=2) ave= 1.664E-01 +/- 4.87 % Gg(l=3) ave= 0.000E+00 +/- 0.00 %  % || D(l=0) ave= 4.250E+02 +/- 7.71 % D(l=1) ave= 1.975E+02 +/- 0.00 % D(l=2) ave= 1.383E+02 +/- 0.00 % D(l=3) ave= 0.000E+00 +/- 0.00 %  % || S(l=0) ave= 1.066E-04 +/- 4.69 % S(l=1) ave= 2.843E-04 +/- 8.39 % S(l=2) ave= 2.582E-05 +/- 16.86 % S(l=3) ave= 0.000E+00 +/- 0.00 % 
 ... random file  141 Cap(th)  ave= 1.182E+01 b. +/- 6.97 % || Ela(th) ave= 5.686E+00 b. +/- 9.39 % || RIcap ave= 5.19E+01 b. +/- 12.49 % || Macs30 ave= 2.81E-01 b. +/- 0.10 % || Gn^0(l=0) ave= 3.914E-02 +/- 2.02 % Gn^0(l=1) ave= 8.538E-02 +/- 8.35 % Gn^0(l=2) ave= 7.124E-03 +/- 16.81 % Gn^0(l=3) ave= 0.000E+00 +/- 0.00 % || Gtotal(l=0) ave= 1.416E+00 +/- 1.17 % Gtotal(l=1) ave= 1.795E-01 +/- 5.24 % Gtotal(l=2) ave= 1.663E-01 +/- 4.87 % Gtotal(l=3) ave= 0.000E+00 +/- 0.00 %  % || Gg(l=0) ave= 1.463E-01 +/- 7.66 % Gg(l=1) ave= 1.718E-01 +/- 5.48 % Gg(l=2) ave= 1.663E-01 +/- 4.87 % Gg(l=3) ave= 0.000E+00 +/- 0.00 %  % || D(l=0) ave= 4.252E+02 +/- 7.71 % D(l=1) ave= 1.975E+02 +/- 0.00 % D(l=2) ave= 1.383E+02 +/- 0.00 % D(l=3) ave= 0.000E+00 +/- 0.00 %  % || S(l=0) ave= 1.066E-04 +/- 4.70 % S(l=1) ave= 2.843E-04 +/- 8.36 % S(l=2) ave= 2.582E-05 +/- 16.80 % S(l=3) ave= 0.000E+00 +/- 0.00 % 
 ... random file  142 Cap(th)  ave= 1.182E+01 b. +/- 6.94 % || Ela(th) ave= 5.683E+00 b. +/- 9.38 % || RIcap ave= 5.20E+01 b. +/- 12.51 % || Macs30 ave= 2.81E-01 b. +/- 0.10 % || Gn^0(l=0) ave= 3.914E-02 +/- 2.03 % Gn^0(l=1) ave= 8.541E-02 +/- 8.33 % Gn^0(l=2) ave= 7.129E-03 +/- 16.76 % Gn^0(l=3) ave= 0.000E+00 +/- 0.00 % || Gtotal(l=0) ave= 1.416E+00 +/- 1.17 % Gtotal(l=1) ave= 1.795E-01 +/- 5.23 % Gtotal(l=2) ave= 1.663E-01 +/- 4.85 % Gtotal(l=3) ave= 0.000E+00 +/- 0.00 %  % || Gg(l=0) ave= 1.464E-01 +/- 7.72 % Gg(l=1) ave= 1.718E-01 +/- 5.46 % Gg(l=2) ave= 1.663E-01 +/- 4.85 % Gg(l=3) ave= 0.000E+00 +/- 0.00 %  % || D(l=0) ave= 4.255E+02 +/- 7.72 % D(l=1) ave= 1.975E+02 +/- 0.00 % D(l=2) ave= 1.383E+02 +/- 0.00 % D(l=3) ave= 0.000E+00 +/- 0.00 %  % || S(l=0) ave= 1.066E-04 +/- 4.70 % S(l=1) ave= 2.844E-04 +/- 8.34 % S(l=2) ave= 2.584E-05 +/- 16.76 % S(l=3) ave= 0.000E+00 +/- 0.00 % 
 ... random file  143 Cap(th)  ave= 1.181E+01 b. +/- 6.99 % || Ela(th) ave= 5.686E+00 b. +/- 9.36 % || RIcap ave= 5.19E+01 b. +/- 12.56 % || Macs30 ave= 2.81E-01 b. +/- 0.10 % || Gn^0(l=0) ave= 3.915E-02 +/- 2.02 % Gn^0(l=1) ave= 8.538E-02 +/- 8.31 % Gn^0(l=2) ave= 7.124E-03 +/- 16.73 % Gn^0(l=3) ave= 0.000E+00 +/- 0.00 % || Gtotal(l=0) ave= 1.416E+00 +/- 1.17 % Gtotal(l=1) ave= 1.794E-01 +/- 5.21 % Gtotal(l=2) ave= 1.663E-01 +/- 4.84 % Gtotal(l=3) ave= 0.000E+00 +/- 0.00 %  % || Gg(l=0) ave= 1.464E-01 +/- 7.71 % Gg(l=1) ave= 1.717E-01 +/- 5.45 % Gg(l=2) ave= 1.663E-01 +/- 4.84 % Gg(l=3) ave= 0.000E+00 +/- 0.00 %  % || D(l=0) ave= 4.257E+02 +/- 7.71 % D(l=1) ave= 1.975E+02 +/- 0.00 % D(l=2) ave= 1.383E+02 +/- 0.00 % D(l=3) ave= 0.000E+00 +/- 0.00 %  % || S(l=0) ave= 1.065E-04 +/- 4.71 % S(l=1) ave= 2.843E-04 +/- 8.33 % S(l=2) ave= 2.582E-05 +/- 16.73 % S(l=3) ave= 0.000E+00 +/- 0.00 % 
 ... random file  144 Cap(th)  ave= 1.182E+01 b. +/- 6.99 % || Ela(th) ave= 5.686E+00 b. +/- 9.32 % || RIcap ave= 5.20E+01 b. +/- 12.55 % || Macs30 ave= 2.81E-01 b. +/- 0.10 % || Gn^0(l=0) ave= 3.915E-02 +/- 2.02 % Gn^0(l=1) ave= 8.538E-02 +/- 8.28 % Gn^0(l=2) ave= 7.124E-03 +/- 16.67 % Gn^0(l=3) ave= 0.000E+00 +/- 0.00 % || Gtotal(l=0) ave= 1.416E+00 +/- 1.17 % Gtotal(l=1) ave= 1.794E-01 +/- 5.20 % Gtotal(l=2) ave= 1.663E-01 +/- 4.83 % Gtotal(l=3) ave= 0.000E+00 +/- 0.00 %  % || Gg(l=0) ave= 1.464E-01 +/- 7.68 % Gg(l=1) ave= 1.717E-01 +/- 5.43 % Gg(l=2) ave= 1.663E-01 +/- 4.83 % Gg(l=3) ave= 0.000E+00 +/- 0.00 %  % || D(l=0) ave= 4.260E+02 +/- 7.71 % D(l=1) ave= 1.975E+02 +/- 0.00 % D(l=2) ave= 1.383E+02 +/- 0.00 % D(l=3) ave= 0.000E+00 +/- 0.00 %  % || S(l=0) ave= 1.065E-04 +/- 4.72 % S(l=1) ave= 2.843E-04 +/- 8.30 % S(l=2) ave= 2.582E-05 +/- 16.67 % S(l=3) ave= 0.000E+00 +/- 0.00 % 
 ... random file  145 Cap(th)  ave= 1.182E+01 b. +/- 6.97 % || Ela(th) ave= 5.683E+00 b. +/- 9.32 % || RIcap ave= 5.20E+01 b. +/- 12.51 % || Macs30 ave= 2.81E-01 b. +/- 0.10 % || Gn^0(l=0) ave= 3.916E-02 +/- 2.03 % Gn^0(l=1) ave= 8.541E-02 +/- 8.26 % Gn^0(l=2) ave= 7.130E-03 +/- 16.63 % Gn^0(l=3) ave= 0.000E+00 +/- 0.00 % || Gtotal(l=0) ave= 1.416E+00 +/- 1.17 % Gtotal(l=1) ave= 1.796E-01 +/- 5.32 % Gtotal(l=2) ave= 1.663E-01 +/- 4.82 % Gtotal(l=3) ave= 0.000E+00 +/- 0.00 %  % || Gg(l=0) ave= 1.466E-01 +/- 7.87 % Gg(l=1) ave= 1.719E-01 +/- 5.56 % Gg(l=2) ave= 1.663E-01 +/- 4.82 % Gg(l=3) ave= 0.000E+00 +/- 0.00 %  % || D(l=0) ave= 4.262E+02 +/- 7.71 % D(l=1) ave= 1.975E+02 +/- 0.00 % D(l=2) ave= 1.383E+02 +/- 0.00 % D(l=3) ave= 0.000E+00 +/- 0.00 %  % || S(l=0) ave= 1.064E-04 +/- 4.72 % S(l=1) ave= 2.844E-04 +/- 8.28 % S(l=2) ave= 2.584E-05 +/- 16.63 % S(l=3) ave= 0.000E+00 +/- 0.00 % 
 ... random file  146 Cap(th)  ave= 1.181E+01 b. +/- 6.95 % || Ela(th) ave= 5.688E+00 b. +/- 9.34 % || RIcap ave= 5.20E+01 b. +/- 12.49 % || Macs30 ave= 2.81E-01 b. +/- 0.10 % || Gn^0(l=0) ave= 3.916E-02 +/- 2.02 % Gn^0(l=1) ave= 8.535E-02 +/- 8.30 % Gn^0(l=2) ave= 7.119E-03 +/- 16.70 % Gn^0(l=3) ave= 0.000E+00 +/- 0.00 % || Gtotal(l=0) ave= 1.416E+00 +/- 1.17 % Gtotal(l=1) ave= 1.795E-01 +/- 5.32 % Gtotal(l=2) ave= 1.664E-01 +/- 4.85 % Gtotal(l=3) ave= 0.000E+00 +/- 0.00 %  % || Gg(l=0) ave= 1.466E-01 +/- 7.85 % Gg(l=1) ave= 1.719E-01 +/- 5.56 % Gg(l=2) ave= 1.664E-01 +/- 4.85 % Gg(l=3) ave= 0.000E+00 +/- 0.00 %  % || D(l=0) ave= 4.260E+02 +/- 7.71 % D(l=1) ave= 1.975E+02 +/- 0.00 % D(l=2) ave= 1.383E+02 +/- 0.00 % D(l=3) ave= 0.000E+00 +/- 0.00 %  % || S(l=0) ave= 1.065E-04 +/- 4.72 % S(l=1) ave= 2.842E-04 +/- 8.31 % S(l=2) ave= 2.580E-05 +/- 16.70 % S(l=3) ave= 0.000E+00 +/- 0.00 % 
 ... random file  147 Cap(th)  ave= 1.181E+01 b. +/- 6.95 % || Ela(th) ave= 5.686E+00 b. +/- 9.32 % || RIcap ave= 5.19E+01 b. +/- 12.50 % || Macs30 ave= 2.81E-01 b. +/- 0.10 % || Gn^0(l=0) ave= 3.915E-02 +/- 2.02 % Gn^0(l=1) ave= 8.537E-02 +/- 8.27 % Gn^0(l=2) ave= 7.123E-03 +/- 16.65 % Gn^0(l=3) ave= 0.000E+00 +/- 0.00 % || Gtotal(l=0) ave= 1.416E+00 +/- 1.16 % Gtotal(l=1) ave= 1.796E-01 +/- 5.31 % Gtotal(l=2) ave= 1.665E-01 +/- 4.86 % Gtotal(l=3) ave= 0.000E+00 +/- 0.00 %  % || Gg(l=0) ave= 1.465E-01 +/- 7.87 % Gg(l=1) ave= 1.719E-01 +/- 5.55 % Gg(l=2) ave= 1.665E-01 +/- 4.86 % Gg(l=3) ave= 0.000E+00 +/- 0.00 %  % || D(l=0) ave= 4.258E+02 +/- 7.71 % D(l=1) ave= 1.975E+02 +/- 0.00 % D(l=2) ave= 1.383E+02 +/- 0.00 % D(l=3) ave= 0.000E+00 +/- 0.00 %  % || S(l=0) ave= 1.065E-04 +/- 4.71 % S(l=1) ave= 2.843E-04 +/- 8.29 % S(l=2) ave= 2.582E-05 +/- 16.65 % S(l=3) ave= 0.000E+00 +/- 0.00 % 
 ... random file  148 Cap(th)  ave= 1.181E+01 b. +/- 6.93 % || Ela(th) ave= 5.684E+00 b. +/- 9.29 % || RIcap ave= 5.20E+01 b. +/- 12.49 % || Macs30 ave= 2.81E-01 b. +/- 0.10 % || Gn^0(l=0) ave= 3.915E-02 +/- 2.02 % Gn^0(l=1) ave= 8.539E-02 +/- 8.25 % Gn^0(l=2) ave= 7.125E-03 +/- 16.59 % Gn^0(l=3) ave= 0.000E+00 +/- 0.00 % || Gtotal(l=0) ave= 1.416E+00 +/- 1.16 % Gtotal(l=1) ave= 1.796E-01 +/- 5.30 % Gtotal(l=2) ave= 1.665E-01 +/- 4.85 % Gtotal(l=3) ave= 0.000E+00 +/- 0.00 %  % || Gg(l=0) ave= 1.465E-01 +/- 7.85 % Gg(l=1) ave= 1.719E-01 +/- 5.53 % Gg(l=2) ave= 1.665E-01 +/- 4.85 % Gg(l=3) ave= 0.000E+00 +/- 0.00 %  % || D(l=0) ave= 4.256E+02 +/- 7.72 % D(l=1) ave= 1.975E+02 +/- 0.00 % D(l=2) ave= 1.383E+02 +/- 0.00 % D(l=3) ave= 0.000E+00 +/- 0.00 %  % || S(l=0) ave= 1.065E-04 +/- 4.71 % S(l=1) ave= 2.844E-04 +/- 8.26 % S(l=2) ave= 2.583E-05 +/- 16.59 % S(l=3) ave= 0.000E+00 +/- 0.00 % 
 ... random file  149 Cap(th)  ave= 1.181E+01 b. +/- 6.91 % || Ela(th) ave= 5.687E+00 b. +/- 9.28 % || RIcap ave= 5.20E+01 b. +/- 12.46 % || Macs30 ave= 2.81E-01 b. +/- 0.10 % || Gn^0(l=0) ave= 3.914E-02 +/- 2.02 % Gn^0(l=1) ave= 8.535E-02 +/- 8.24 % Gn^0(l=2) ave= 7.118E-03 +/- 16.60 % Gn^0(l=3) ave= 0.000E+00 +/- 0.00 % || Gtotal(l=0) ave= 1.416E+00 +/- 1.16 % Gtotal(l=1) ave= 1.796E-01 +/- 5.28 % Gtotal(l=2) ave= 1.665E-01 +/- 4.83 % Gtotal(l=3) ave= 0.000E+00 +/- 0.00 %  % || Gg(l=0) ave= 1.464E-01 +/- 7.84 % Gg(l=1) ave= 1.719E-01 +/- 5.52 % Gg(l=2) ave= 1.665E-01 +/- 4.83 % Gg(l=3) ave= 0.000E+00 +/- 0.00 %  % || D(l=0) ave= 4.254E+02 +/- 7.72 % D(l=1) ave= 1.975E+02 +/- 0.00 % D(l=2) ave= 1.383E+02 +/- 0.00 % D(l=3) ave= 0.000E+00 +/- 0.00 %  % || S(l=0) ave= 1.066E-04 +/- 4.70 % S(l=1) ave= 2.842E-04 +/- 8.26 % S(l=2) ave= 2.580E-05 +/- 16.60 % S(l=3) ave= 0.000E+00 +/- 0.00 % 
 ... random file  150 Cap(th)  ave= 1.181E+01 b. +/- 6.90 % || Ela(th) ave= 5.685E+00 b. +/- 9.27 % || RIcap ave= 5.20E+01 b. +/- 12.42 % || Macs30 ave= 2.81E-01 b. +/- 0.10 % || Gn^0(l=0) ave= 3.914E-02 +/- 2.02 % Gn^0(l=1) ave= 8.537E-02 +/- 8.22 % Gn^0(l=2) ave= 7.122E-03 +/- 16.55 % Gn^0(l=3) ave= 0.000E+00 +/- 0.00 % || Gtotal(l=0) ave= 1.416E+00 +/- 1.15 % Gtotal(l=1) ave= 1.796E-01 +/- 5.27 % Gtotal(l=2) ave= 1.664E-01 +/- 4.84 % Gtotal(l=3) ave= 0.000E+00 +/- 0.00 %  % || Gg(l=0) ave= 1.464E-01 +/- 7.82 % Gg(l=1) ave= 1.719E-01 +/- 5.51 % Gg(l=2) ave= 1.664E-01 +/- 4.84 % Gg(l=3) ave= 0.000E+00 +/- 0.00 %  % || D(l=0) ave= 4.252E+02 +/- 7.71 % D(l=1) ave= 1.975E+02 +/- 0.00 % D(l=2) ave= 1.383E+02 +/- 0.00 % D(l=3) ave= 0.000E+00 +/- 0.00 %  % || S(l=0) ave= 1.066E-04 +/- 4.70 % S(l=1) ave= 2.843E-04 +/- 8.24 % S(l=2) ave= 2.582E-05 +/- 16.55 % S(l=3) ave= 0.000E+00 +/- 0.00 % 
 ... random file  151 Cap(th)  ave= 1.181E+01 b. +/- 6.92 % || Ela(th) ave= 5.684E+00 b. +/- 9.24 % || RIcap ave= 5.21E+01 b. +/- 12.46 % || Macs30 ave= 2.81E-01 b. +/- 0.10 % || Gn^0(l=0) ave= 3.913E-02 +/- 2.02 % Gn^0(l=1) ave= 8.537E-02 +/- 8.20 % Gn^0(l=2) ave= 7.122E-03 +/- 16.49 % Gn^0(l=3) ave= 0.000E+00 +/- 0.00 % || Gtotal(l=0) ave= 1.416E+00 +/- 1.17 % Gtotal(l=1) ave= 1.795E-01 +/- 5.31 % Gtotal(l=2) ave= 1.664E-01 +/- 4.83 % Gtotal(l=3) ave= 0.000E+00 +/- 0.00 %  % || Gg(l=0) ave= 1.466E-01 +/- 7.90 % Gg(l=1) ave= 1.718E-01 +/- 5.55 % Gg(l=2) ave= 1.664E-01 +/- 4.83 % Gg(l=3) ave= 0.000E+00 +/- 0.00 %  % || D(l=0) ave= 4.250E+02 +/- 7.71 % D(l=1) ave= 1.975E+02 +/- 0.00 % D(l=2) ave= 1.383E+02 +/- 0.00 % D(l=3) ave= 0.000E+00 +/- 0.00 %  % || S(l=0) ave= 1.066E-04 +/- 4.70 % S(l=1) ave= 2.843E-04 +/- 8.21 % S(l=2) ave= 2.581E-05 +/- 16.49 % S(l=3) ave= 0.000E+00 +/- 0.00 % 
 ... random file  152 Cap(th)  ave= 1.182E+01 b. +/- 6.97 % || Ela(th) ave= 5.683E+00 b. +/- 9.22 % || RIcap ave= 5.21E+01 b. +/- 12.43 % || Macs30 ave= 2.81E-01 b. +/- 0.10 % || Gn^0(l=0) ave= 3.914E-02 +/- 2.02 % Gn^0(l=1) ave= 8.539E-02 +/- 8.17 % Gn^0(l=2) ave= 7.124E-03 +/- 16.44 % Gn^0(l=3) ave= 0.000E+00 +/- 0.00 % || Gtotal(l=0) ave= 1.416E+00 +/- 1.16 % Gtotal(l=1) ave= 1.795E-01 +/- 5.29 % Gtotal(l=2) ave= 1.664E-01 +/- 4.81 % Gtotal(l=3) ave= 0.000E+00 +/- 0.00 %  % || Gg(l=0) ave= 1.467E-01 +/- 7.89 % Gg(l=1) ave= 1.718E-01 +/- 5.53 % Gg(l=2) ave= 1.664E-01 +/- 4.81 % Gg(l=3) ave= 0.000E+00 +/- 0.00 %  % || D(l=0) ave= 4.252E+02 +/- 7.71 % D(l=1) ave= 1.975E+02 +/- 0.00 % D(l=2) ave= 1.383E+02 +/- 0.00 % D(l=3) ave= 0.000E+00 +/- 0.00 %  % || S(l=0) ave= 1.066E-04 +/- 4.70 % S(l=1) ave= 2.844E-04 +/- 8.19 % S(l=2) ave= 2.582E-05 +/- 16.44 % S(l=3) ave= 0.000E+00 +/- 0.00 % 
 ... random file  153 Cap(th)  ave= 1.183E+01 b. +/- 6.96 % || Ela(th) ave= 5.684E+00 b. +/- 9.19 % || RIcap ave= 5.21E+01 b. +/- 12.39 % || Macs30 ave= 2.81E-01 b. +/- 0.10 % || Gn^0(l=0) ave= 3.913E-02 +/- 2.02 % Gn^0(l=1) ave= 8.537E-02 +/- 8.15 % Gn^0(l=2) ave= 7.121E-03 +/- 16.40 % Gn^0(l=3) ave= 0.000E+00 +/- 0.00 % || Gtotal(l=0) ave= 1.417E+00 +/- 1.17 % Gtotal(l=1) ave= 1.794E-01 +/- 5.30 % Gtotal(l=2) ave= 1.664E-01 +/- 4.81 % Gtotal(l=3) ave= 0.000E+00 +/- 0.00 %  % || Gg(l=0) ave= 1.468E-01 +/- 7.90 % Gg(l=1) ave= 1.717E-01 +/- 5.54 % Gg(l=2) ave= 1.664E-01 +/- 4.81 % Gg(l=3) ave= 0.000E+00 +/- 0.00 %  % || D(l=0) ave= 4.250E+02 +/- 7.71 % D(l=1) ave= 1.975E+02 +/- 0.00 % D(l=2) ave= 1.383E+02 +/- 0.00 % D(l=3) ave= 0.000E+00 +/- 0.00 %  % || S(l=0) ave= 1.066E-04 +/- 4.70 % S(l=1) ave= 2.843E-04 +/- 8.16 % S(l=2) ave= 2.581E-05 +/- 16.39 % S(l=3) ave= 0.000E+00 +/- 0.00 % 
 ... random file  154 Cap(th)  ave= 1.182E+01 b. +/- 6.94 % || Ela(th) ave= 5.685E+00 b. +/- 9.16 % || RIcap ave= 5.21E+01 b. +/- 12.35 % || Macs30 ave= 2.81E-01 b. +/- 0.10 % || Gn^0(l=0) ave= 3.914E-02 +/- 2.02 % Gn^0(l=1) ave= 8.536E-02 +/- 8.12 % Gn^0(l=2) ave= 7.119E-03 +/- 16.35 % Gn^0(l=3) ave= 0.000E+00 +/- 0.00 % || Gtotal(l=0) ave= 1.416E+00 +/- 1.17 % Gtotal(l=1) ave= 1.794E-01 +/- 5.28 % Gtotal(l=2) ave= 1.664E-01 +/- 4.81 % Gtotal(l=3) ave= 0.000E+00 +/- 0.00 %  % || Gg(l=0) ave= 1.467E-01 +/- 7.88 % Gg(l=1) ave= 1.717E-01 +/- 5.52 % Gg(l=2) ave= 1.664E-01 +/- 4.81 % Gg(l=3) ave= 0.000E+00 +/- 0.00 %  % || D(l=0) ave= 4.253E+02 +/- 7.71 % D(l=1) ave= 1.975E+02 +/- 0.00 % D(l=2) ave= 1.383E+02 +/- 0.00 % D(l=3) ave= 0.000E+00 +/- 0.00 %  % || S(l=0) ave= 1.066E-04 +/- 4.70 % S(l=1) ave= 2.843E-04 +/- 8.14 % S(l=2) ave= 2.580E-05 +/- 16.35 % S(l=3) ave= 0.000E+00 +/- 0.00 % 
 ... random file  155 Cap(th)  ave= 1.183E+01 b. +/- 6.94 % || Ela(th) ave= 5.687E+00 b. +/- 9.14 % || RIcap ave= 5.22E+01 b. +/- 12.41 % || Macs30 ave= 2.81E-01 b. +/- 0.10 % || Gn^0(l=0) ave= 3.914E-02 +/- 2.03 % Gn^0(l=1) ave= 8.532E-02 +/- 8.12 % Gn^0(l=2) ave= 7.113E-03 +/- 16.36 % Gn^0(l=3) ave= 0.000E+00 +/- 0.00 % || Gtotal(l=0) ave= 1.416E+00 +/- 1.16 % Gtotal(l=1) ave= 1.793E-01 +/- 5.32 % Gtotal(l=2) ave= 1.664E-01 +/- 4.80 % Gtotal(l=3) ave= 0.000E+00 +/- 0.00 %  % || Gg(l=0) ave= 1.468E-01 +/- 7.87 % Gg(l=1) ave= 1.716E-01 +/- 5.56 % Gg(l=2) ave= 1.664E-01 +/- 4.80 % Gg(l=3) ave= 0.000E+00 +/- 0.00 %  % || D(l=0) ave= 4.255E+02 +/- 7.72 % D(l=1) ave= 1.975E+02 +/- 0.00 % D(l=2) ave= 1.383E+02 +/- 0.00 % D(l=3) ave= 0.000E+00 +/- 0.00 %  % || S(l=0) ave= 1.066E-04 +/- 4.70 % S(l=1) ave= 2.842E-04 +/- 8.13 % S(l=2) ave= 2.578E-05 +/- 16.36 % S(l=3) ave= 0.000E+00 +/- 0.00 % 
 ... random file  156 Cap(th)  ave= 1.184E+01 b. +/- 6.98 % || Ela(th) ave= 5.685E+00 b. +/- 9.13 % || RIcap ave= 5.22E+01 b. +/- 12.40 % || Macs30 ave= 2.81E-01 b. +/- 0.10 % || Gn^0(l=0) ave= 3.914E-02 +/- 2.02 % Gn^0(l=1) ave= 8.535E-02 +/- 8.10 % Gn^0(l=2) ave= 7.116E-03 +/- 16.31 % Gn^0(l=3) ave= 0.000E+00 +/- 0.00 % || Gtotal(l=0) ave= 1.417E+00 +/- 1.17 % Gtotal(l=1) ave= 1.793E-01 +/- 5.30 % Gtotal(l=2) ave= 1.664E-01 +/- 4.79 % Gtotal(l=3) ave= 0.000E+00 +/- 0.00 %  % || Gg(l=0) ave= 1.468E-01 +/- 7.85 % Gg(l=1) ave= 1.716E-01 +/- 5.54 % Gg(l=2) ave= 1.664E-01 +/- 4.79 % Gg(l=3) ave= 0.000E+00 +/- 0.00 %  % || D(l=0) ave= 4.253E+02 +/- 7.71 % D(l=1) ave= 1.975E+02 +/- 0.00 % D(l=2) ave= 1.383E+02 +/- 0.00 % D(l=3) ave= 0.000E+00 +/- 0.00 %  % || S(l=0) ave= 1.066E-04 +/- 4.70 % S(l=1) ave= 2.842E-04 +/- 8.11 % S(l=2) ave= 2.579E-05 +/- 16.31 % S(l=3) ave= 0.000E+00 +/- 0.00 % 
 ... random file  157 Cap(th)  ave= 1.183E+01 b. +/- 7.00 % || Ela(th) ave= 5.687E+00 b. +/- 9.11 % || RIcap ave= 5.23E+01 b. +/- 12.38 % || Macs30 ave= 2.81E-01 b. +/- 0.10 % || Gn^0(l=0) ave= 3.914E-02 +/- 2.02 % Gn^0(l=1) ave= 8.532E-02 +/- 8.08 % Gn^0(l=2) ave= 7.112E-03 +/- 16.29 % Gn^0(l=3) ave= 0.000E+00 +/- 0.00 % || Gtotal(l=0) ave= 1.417E+00 +/- 1.16 % Gtotal(l=1) ave= 1.794E-01 +/- 5.29 % Gtotal(l=2) ave= 1.665E-01 +/- 4.78 % Gtotal(l=3) ave= 0.000E+00 +/- 0.00 %  % || Gg(l=0) ave= 1.470E-01 +/- 7.90 % Gg(l=1) ave= 1.717E-01 +/- 5.53 % Gg(l=2) ave= 1.665E-01 +/- 4.78 % Gg(l=3) ave= 0.000E+00 +/- 0.00 %  % || D(l=0) ave= 4.255E+02 +/- 7.72 % D(l=1) ave= 1.975E+02 +/- 0.00 % D(l=2) ave= 1.383E+02 +/- 0.00 % D(l=3) ave= 0.000E+00 +/- 0.00 %  % || S(l=0) ave= 1.066E-04 +/- 4.71 % S(l=1) ave= 2.841E-04 +/- 8.10 % S(l=2) ave= 2.578E-05 +/- 16.28 % S(l=3) ave= 0.000E+00 +/- 0.00 % 
 ... random file  158 Cap(th)  ave= 1.182E+01 b. +/- 7.03 % || Ela(th) ave= 5.685E+00 b. +/- 9.10 % || RIcap ave= 5.22E+01 b. +/- 12.38 % || Macs30 ave= 2.81E-01 b. +/- 0.10 % || Gn^0(l=0) ave= 3.915E-02 +/- 2.02 % Gn^0(l=1) ave= 8.536E-02 +/- 8.07 % Gn^0(l=2) ave= 7.118E-03 +/- 16.26 % Gn^0(l=3) ave= 0.000E+00 +/- 0.00 % || Gtotal(l=0) ave= 1.416E+00 +/- 1.17 % Gtotal(l=1) ave= 1.794E-01 +/- 5.29 % Gtotal(l=2) ave= 1.664E-01 +/- 4.78 % Gtotal(l=3) ave= 0.000E+00 +/- 0.00 %  % || Gg(l=0) ave= 1.469E-01 +/- 7.90 % Gg(l=1) ave= 1.717E-01 +/- 5.52 % Gg(l=2) ave= 1.664E-01 +/- 4.78 % Gg(l=3) ave= 0.000E+00 +/- 0.00 %  % || D(l=0) ave= 4.257E+02 +/- 7.71 % D(l=1) ave= 1.975E+02 +/- 0.00 % D(l=2) ave= 1.383E+02 +/- 0.00 % D(l=3) ave= 0.000E+00 +/- 0.00 %  % || S(l=0) ave= 1.065E-04 +/- 4.72 % S(l=1) ave= 2.843E-04 +/- 8.08 % S(l=2) ave= 2.580E-05 +/- 16.26 % S(l=3) ave= 0.000E+00 +/- 0.00 % 
 ... random file  159 Cap(th)  ave= 1.182E+01 b. +/- 7.03 % || Ela(th) ave= 5.679E+00 b. +/- 9.16 % || RIcap ave= 5.22E+01 b. +/- 12.39 % || Macs30 ave= 2.81E-01 b. +/- 0.10 % || Gn^0(l=0) ave= 3.915E-02 +/- 2.01 % Gn^0(l=1) ave= 8.543E-02 +/- 8.11 % Gn^0(l=2) ave= 7.130E-03 +/- 16.34 % Gn^0(l=3) ave= 0.000E+00 +/- 0.00 % || Gtotal(l=0) ave= 1.416E+00 +/- 1.16 % Gtotal(l=1) ave= 1.795E-01 +/- 5.33 % Gtotal(l=2) ave= 1.664E-01 +/- 4.77 % Gtotal(l=3) ave= 0.000E+00 +/- 0.00 %  % || Gg(l=0) ave= 1.468E-01 +/- 7.92 % Gg(l=1) ave= 1.718E-01 +/- 5.57 % Gg(l=2) ave= 1.664E-01 +/- 4.77 % Gg(l=3) ave= 0.000E+00 +/- 0.00 %  % || D(l=0) ave= 4.256E+02 +/- 7.72 % D(l=1) ave= 1.975E+02 +/- 0.00 % D(l=2) ave= 1.383E+02 +/- 0.00 % D(l=3) ave= 0.000E+00 +/- 0.00 %  % || S(l=0) ave= 1.065E-04 +/- 4.72 % S(l=1) ave= 2.845E-04 +/- 8.13 % S(l=2) ave= 2.585E-05 +/- 16.33 % S(l=3) ave= 0.000E+00 +/- 0.00 % 
 ... random file  160 Cap(th)  ave= 1.182E+01 b. +/- 7.01 % || Ela(th) ave= 5.679E+00 b. +/- 9.13 % || RIcap ave= 5.22E+01 b. +/- 12.37 % || Macs30 ave= 2.81E-01 b. +/- 0.11 % || Gn^0(l=0) ave= 3.915E-02 +/- 2.02 % Gn^0(l=1) ave= 8.543E-02 +/- 8.09 % Gn^0(l=2) ave= 7.130E-03 +/- 16.29 % Gn^0(l=3) ave= 0.000E+00 +/- 0.00 % || Gtotal(l=0) ave= 1.416E+00 +/- 1.18 % Gtotal(l=1) ave= 1.794E-01 +/- 5.36 % Gtotal(l=2) ave= 1.664E-01 +/- 4.75 % Gtotal(l=3) ave= 0.000E+00 +/- 0.00 %  % || Gg(l=0) ave= 1.466E-01 +/- 8.04 % Gg(l=1) ave= 1.718E-01 +/- 5.60 % Gg(l=2) ave= 1.664E-01 +/- 4.75 % Gg(l=3) ave= 0.000E+00 +/- 0.00 %  % || D(l=0) ave= 4.258E+02 +/- 7.71 % D(l=1) ave= 1.975E+02 +/- 0.00 % D(l=2) ave= 1.383E+02 +/- 0.00 % D(l=3) ave= 0.000E+00 +/- 0.00 %  % || S(l=0) ave= 1.065E-04 +/- 4.72 % S(l=1) ave= 2.845E-04 +/- 8.11 % S(l=2) ave= 2.584E-05 +/- 16.29 % S(l=3) ave= 0.000E+00 +/- 0.00 % 
 ... random file  161 Cap(th)  ave= 1.181E+01 b. +/- 7.00 % || Ela(th) ave= 5.678E+00 b. +/- 9.11 % || RIcap ave= 5.22E+01 b. +/- 12.35 % || Macs30 ave= 2.81E-01 b. +/- 0.11 % || Gn^0(l=0) ave= 3.915E-02 +/- 2.02 % Gn^0(l=1) ave= 8.544E-02 +/- 8.07 % Gn^0(l=2) ave= 7.131E-03 +/- 16.23 % Gn^0(l=3) ave= 0.000E+00 +/- 0.00 % || Gtotal(l=0) ave= 1.416E+00 +/- 1.18 % Gtotal(l=1) ave= 1.795E-01 +/- 5.35 % Gtotal(l=2) ave= 1.664E-01 +/- 4.74 % Gtotal(l=3) ave= 0.000E+00 +/- 0.00 %  % || Gg(l=0) ave= 1.466E-01 +/- 8.03 % Gg(l=1) ave= 1.718E-01 +/- 5.58 % Gg(l=2) ave= 1.664E-01 +/- 4.74 % Gg(l=3) ave= 0.000E+00 +/- 0.00 %  % || D(l=0) ave= 4.256E+02 +/- 7.72 % D(l=1) ave= 1.975E+02 +/- 0.00 % D(l=2) ave= 1.383E+02 +/- 0.00 % D(l=3) ave= 0.000E+00 +/- 0.00 %  % || S(l=0) ave= 1.065E-04 +/- 4.71 % S(l=1) ave= 2.845E-04 +/- 8.08 % S(l=2) ave= 2.585E-05 +/- 16.23 % S(l=3) ave= 0.000E+00 +/- 0.00 % 
 ... random file  162 Cap(th)  ave= 1.182E+01 b. +/- 6.98 % || Ela(th) ave= 5.681E+00 b. +/- 9.10 % || RIcap ave= 5.22E+01 b. +/- 12.32 % || Macs30 ave= 2.81E-01 b. +/- 0.11 % || Gn^0(l=0) ave= 3.914E-02 +/- 2.02 % Gn^0(l=1) ave= 8.540E-02 +/- 8.07 % Gn^0(l=2) ave= 7.124E-03 +/- 16.25 % Gn^0(l=3) ave= 0.000E+00 +/- 0.00 % || Gtotal(l=0) ave= 1.416E+00 +/- 1.17 % Gtotal(l=1) ave= 1.796E-01 +/- 5.41 % Gtotal(l=2) ave= 1.664E-01 +/- 4.72 % Gtotal(l=3) ave= 0.000E+00 +/- 0.00 %  % || Gg(l=0) ave= 1.465E-01 +/- 8.06 % Gg(l=1) ave= 1.719E-01 +/- 5.65 % Gg(l=2) ave= 1.664E-01 +/- 4.72 % Gg(l=3) ave= 0.000E+00 +/- 0.00 %  % || D(l=0) ave= 4.254E+02 +/- 7.72 % D(l=1) ave= 1.975E+02 +/- 0.00 % D(l=2) ave= 1.383E+02 +/- 0.00 % D(l=3) ave= 0.000E+00 +/- 0.00 %  % || S(l=0) ave= 1.066E-04 +/- 4.71 % S(l=1) ave= 2.844E-04 +/- 8.08 % S(l=2) ave= 2.582E-05 +/- 16.25 % S(l=3) ave= 0.000E+00 +/- 0.00 % 
 ... random file  163 Cap(th)  ave= 1.182E+01 b. +/- 6.97 % || Ela(th) ave= 5.683E+00 b. +/- 9.08 % || RIcap ave= 5.22E+01 b. +/- 12.28 % || Macs30 ave= 2.81E-01 b. +/- 0.10 % || Gn^0(l=0) ave= 3.914E-02 +/- 2.02 % Gn^0(l=1) ave= 8.537E-02 +/- 8.06 % Gn^0(l=2) ave= 7.120E-03 +/- 16.23 % Gn^0(l=3) ave= 0.000E+00 +/- 0.00 % || Gtotal(l=0) ave= 1.416E+00 +/- 1.17 % Gtotal(l=1) ave= 1.796E-01 +/- 5.40 % Gtotal(l=2) ave= 1.663E-01 +/- 4.82 % Gtotal(l=3) ave= 0.000E+00 +/- 0.00 %  % || Gg(l=0) ave= 1.464E-01 +/- 8.05 % Gg(l=1) ave= 1.719E-01 +/- 5.64 % Gg(l=2) ave= 1.663E-01 +/- 4.82 % Gg(l=3) ave= 0.000E+00 +/- 0.00 %  % || D(l=0) ave= 4.252E+02 +/- 7.71 % D(l=1) ave= 1.975E+02 +/- 0.00 % D(l=2) ave= 1.383E+02 +/- 0.00 % D(l=3) ave= 0.000E+00 +/- 0.00 %  % || S(l=0) ave= 1.066E-04 +/- 4.70 % S(l=1) ave= 2.843E-04 +/- 8.07 % S(l=2) ave= 2.581E-05 +/- 16.23 % S(l=3) ave= 0.000E+00 +/- 0.00 % 
 ... random file  164 Cap(th)  ave= 1.182E+01 b. +/- 6.96 % || Ela(th) ave= 5.686E+00 b. +/- 9.07 % || RIcap ave= 5.22E+01 b. +/- 12.24 % || Macs30 ave= 2.81E-01 b. +/- 0.10 % || Gn^0(l=0) ave= 3.914E-02 +/- 2.02 % Gn^0(l=1) ave= 8.533E-02 +/- 8.06 % Gn^0(l=2) ave= 7.114E-03 +/- 16.23 % Gn^0(l=3) ave= 0.000E+00 +/- 0.00 % || Gtotal(l=0) ave= 1.416E+00 +/- 1.17 % Gtotal(l=1) ave= 1.797E-01 +/- 5.40 % Gtotal(l=2) ave= 1.662E-01 +/- 4.83 % Gtotal(l=3) ave= 0.000E+00 +/- 0.00 %  % || Gg(l=0) ave= 1.464E-01 +/- 8.03 % Gg(l=1) ave= 1.720E-01 +/- 5.64 % Gg(l=2) ave= 1.662E-01 +/- 4.83 % Gg(l=3) ave= 0.000E+00 +/- 0.00 %  % || D(l=0) ave= 4.254E+02 +/- 7.72 % D(l=1) ave= 1.975E+02 +/- 0.00 % D(l=2) ave= 1.383E+02 +/- 0.00 % D(l=3) ave= 0.000E+00 +/- 0.00 %  % || S(l=0) ave= 1.066E-04 +/- 4.70 % S(l=1) ave= 2.842E-04 +/- 8.07 % S(l=2) ave= 2.579E-05 +/- 16.23 % S(l=3) ave= 0.000E+00 +/- 0.00 % 
 ... random file  165 Cap(th)  ave= 1.182E+01 b. +/- 6.96 % || Ela(th) ave= 5.690E+00 b. +/- 9.08 % || RIcap ave= 5.22E+01 b. +/- 12.21 % || Macs30 ave= 2.81E-01 b. +/- 0.10 % || Gn^0(l=0) ave= 3.914E-02 +/- 2.02 % Gn^0(l=1) ave= 8.528E-02 +/- 8.08 % Gn^0(l=2) ave= 7.106E-03 +/- 16.26 % Gn^0(l=3) ave= 0.000E+00 +/- 0.00 % || Gtotal(l=0) ave= 1.416E+00 +/- 1.17 % Gtotal(l=1) ave= 1.797E-01 +/- 5.38 % Gtotal(l=2) ave= 1.662E-01 +/- 4.81 % Gtotal(l=3) ave= 0.000E+00 +/- 0.00 %  % || Gg(l=0) ave= 1.465E-01 +/- 8.02 % Gg(l=1) ave= 1.720E-01 +/- 5.62 % Gg(l=2) ave= 1.662E-01 +/- 4.81 % Gg(l=3) ave= 0.000E+00 +/- 0.00 %  % || D(l=0) ave= 4.252E+02 +/- 7.71 % D(l=1) ave= 1.975E+02 +/- 0.00 % D(l=2) ave= 1.383E+02 +/- 0.00 % D(l=3) ave= 0.000E+00 +/- 0.00 %  % || S(l=0) ave= 1.066E-04 +/- 4.70 % S(l=1) ave= 2.840E-04 +/- 8.09 % S(l=2) ave= 2.576E-05 +/- 16.26 % S(l=3) ave= 0.000E+00 +/- 0.00 % 
 ... random file  166 Cap(th)  ave= 1.182E+01 b. +/- 6.94 % || Ela(th) ave= 5.689E+00 b. +/- 9.05 % || RIcap ave= 5.22E+01 b. +/- 12.17 % || Macs30 ave= 2.81E-01 b. +/- 0.10 % || Gn^0(l=0) ave= 3.914E-02 +/- 2.02 % Gn^0(l=1) ave= 8.530E-02 +/- 8.05 % Gn^0(l=2) ave= 7.107E-03 +/- 16.21 % Gn^0(l=3) ave= 0.000E+00 +/- 0.00 % || Gtotal(l=0) ave= 1.416E+00 +/- 1.17 % Gtotal(l=1) ave= 1.796E-01 +/- 5.37 % Gtotal(l=2) ave= 1.662E-01 +/- 4.81 % Gtotal(l=3) ave= 0.000E+00 +/- 0.00 %  % || Gg(l=0) ave= 1.465E-01 +/- 8.00 % Gg(l=1) ave= 1.720E-01 +/- 5.61 % Gg(l=2) ave= 1.662E-01 +/- 4.81 % Gg(l=3) ave= 0.000E+00 +/- 0.00 %  % || D(l=0) ave= 4.251E+02 +/- 7.71 % D(l=1) ave= 1.975E+02 +/- 0.00 % D(l=2) ave= 1.383E+02 +/- 0.00 % D(l=3) ave= 0.000E+00 +/- 0.00 %  % || S(l=0) ave= 1.066E-04 +/- 4.70 % S(l=1) ave= 2.841E-04 +/- 8.07 % S(l=2) ave= 2.576E-05 +/- 16.21 % S(l=3) ave= 0.000E+00 +/- 0.00 % 
 ... random file  167 Cap(th)  ave= 1.181E+01 b. +/- 6.95 % || Ela(th) ave= 5.693E+00 b. +/- 9.08 % || RIcap ave= 5.22E+01 b. +/- 12.14 % || Macs30 ave= 2.81E-01 b. +/- 0.10 % || Gn^0(l=0) ave= 3.914E-02 +/- 2.01 % Gn^0(l=1) ave= 8.525E-02 +/- 8.07 % Gn^0(l=2) ave= 7.099E-03 +/- 16.25 % Gn^0(l=3) ave= 0.000E+00 +/- 0.00 % || Gtotal(l=0) ave= 1.416E+00 +/- 1.17 % Gtotal(l=1) ave= 1.796E-01 +/- 5.36 % Gtotal(l=2) ave= 1.662E-01 +/- 4.80 % Gtotal(l=3) ave= 0.000E+00 +/- 0.00 %  % || Gg(l=0) ave= 1.465E-01 +/- 7.97 % Gg(l=1) ave= 1.719E-01 +/- 5.60 % Gg(l=2) ave= 1.662E-01 +/- 4.80 % Gg(l=3) ave= 0.000E+00 +/- 0.00 %  % || D(l=0) ave= 4.253E+02 +/- 7.71 % D(l=1) ave= 1.975E+02 +/- 0.00 % D(l=2) ave= 1.383E+02 +/- 0.00 % D(l=3) ave= 0.000E+00 +/- 0.00 %  % || S(l=0) ave= 1.066E-04 +/- 4.71 % S(l=1) ave= 2.839E-04 +/- 8.08 % S(l=2) ave= 2.573E-05 +/- 16.25 % S(l=3) ave= 0.000E+00 +/- 0.00 % 
 ... random file  168 Cap(th)  ave= 1.181E+01 b. +/- 6.96 % || Ela(th) ave= 5.696E+00 b. +/- 9.07 % || RIcap ave= 5.22E+01 b. +/- 12.10 % || Macs30 ave= 2.81E-01 b. +/- 0.10 % || Gn^0(l=0) ave= 3.914E-02 +/- 2.01 % Gn^0(l=1) ave= 8.522E-02 +/- 8.06 % Gn^0(l=2) ave= 7.093E-03 +/- 16.25 % Gn^0(l=3) ave= 0.000E+00 +/- 0.00 % || Gtotal(l=0) ave= 1.416E+00 +/- 1.18 % Gtotal(l=1) ave= 1.796E-01 +/- 5.35 % Gtotal(l=2) ave= 1.661E-01 +/- 4.79 % Gtotal(l=3) ave= 0.000E+00 +/- 0.00 %  % || Gg(l=0) ave= 1.465E-01 +/- 7.96 % Gg(l=1) ave= 1.719E-01 +/- 5.59 % Gg(l=2) ave= 1.661E-01 +/- 4.79 % Gg(l=3) ave= 0.000E+00 +/- 0.00 %  % || D(l=0) ave= 4.251E+02 +/- 7.71 % D(l=1) ave= 1.975E+02 +/- 0.00 % D(l=2) ave= 1.383E+02 +/- 0.00 % D(l=3) ave= 0.000E+00 +/- 0.00 %  % || S(l=0) ave= 1.066E-04 +/- 4.71 % S(l=1) ave= 2.838E-04 +/- 8.07 % S(l=2) ave= 2.571E-05 +/- 16.24 % S(l=3) ave= 0.000E+00 +/- 0.00 % 
 ... random file  169 Cap(th)  ave= 1.182E+01 b. +/- 7.01 % || Ela(th) ave= 5.698E+00 b. +/- 9.05 % || RIcap ave= 5.22E+01 b. +/- 12.07 % || Macs30 ave= 2.81E-01 b. +/- 0.10 % || Gn^0(l=0) ave= 3.914E-02 +/- 2.01 % Gn^0(l=1) ave= 8.519E-02 +/- 8.05 % Gn^0(l=2) ave= 7.088E-03 +/- 16.24 % Gn^0(l=3) ave= 0.000E+00 +/- 0.00 % || Gtotal(l=0) ave= 1.416E+00 +/- 1.18 % Gtotal(l=1) ave= 1.796E-01 +/- 5.33 % Gtotal(l=2) ave= 1.661E-01 +/- 4.77 % Gtotal(l=3) ave= 0.000E+00 +/- 0.00 %  % || Gg(l=0) ave= 1.466E-01 +/- 7.94 % Gg(l=1) ave= 1.719E-01 +/- 5.57 % Gg(l=2) ave= 1.661E-01 +/- 4.77 % Gg(l=3) ave= 0.000E+00 +/- 0.00 %  % || D(l=0) ave= 4.253E+02 +/- 7.72 % D(l=1) ave= 1.975E+02 +/- 0.00 % D(l=2) ave= 1.383E+02 +/- 0.00 % D(l=3) ave= 0.000E+00 +/- 0.00 %  % || S(l=0) ave= 1.066E-04 +/- 4.72 % S(l=1) ave= 2.837E-04 +/- 8.07 % S(l=2) ave= 2.569E-05 +/- 16.24 % S(l=3) ave= 0.000E+00 +/- 0.00 % 
 ... random file  170 Cap(th)  ave= 1.181E+01 b. +/- 6.99 % || Ela(th) ave= 5.696E+00 b. +/- 9.04 % || RIcap ave= 5.22E+01 b. +/- 12.05 % || Macs30 ave= 2.81E-01 b. +/- 0.10 % || Gn^0(l=0) ave= 3.915E-02 +/- 2.01 % Gn^0(l=1) ave= 8.521E-02 +/- 8.03 % Gn^0(l=2) ave= 7.092E-03 +/- 16.20 % Gn^0(l=3) ave= 0.000E+00 +/- 0.00 % || Gtotal(l=0) ave= 1.416E+00 +/- 1.18 % Gtotal(l=1) ave= 1.796E-01 +/- 5.32 % Gtotal(l=2) ave= 1.662E-01 +/- 4.77 % Gtotal(l=3) ave= 0.000E+00 +/- 0.00 %  % || Gg(l=0) ave= 1.465E-01 +/- 7.93 % Gg(l=1) ave= 1.719E-01 +/- 5.56 % Gg(l=2) ave= 1.662E-01 +/- 4.77 % Gg(l=3) ave= 0.000E+00 +/- 0.00 %  % || D(l=0) ave= 4.255E+02 +/- 7.72 % D(l=1) ave= 1.975E+02 +/- 0.00 % D(l=2) ave= 1.383E+02 +/- 0.00 % D(l=3) ave= 0.000E+00 +/- 0.00 %  % || S(l=0) ave= 1.066E-04 +/- 4.72 % S(l=1) ave= 2.838E-04 +/- 8.05 % S(l=2) ave= 2.571E-05 +/- 16.20 % S(l=3) ave= 0.000E+00 +/- 0.00 % 
 ... random file  171 Cap(th)  ave= 1.181E+01 b. +/- 7.00 % || Ela(th) ave= 5.696E+00 b. +/- 9.01 % || RIcap ave= 5.22E+01 b. +/- 12.02 % || Macs30 ave= 2.81E-01 b. +/- 0.10 % || Gn^0(l=0) ave= 3.914E-02 +/- 2.01 % Gn^0(l=1) ave= 8.522E-02 +/- 8.01 % Gn^0(l=2) ave= 7.092E-03 +/- 16.15 % Gn^0(l=3) ave= 0.000E+00 +/- 0.00 % || Gtotal(l=0) ave= 1.416E+00 +/- 1.17 % Gtotal(l=1) ave= 1.796E-01 +/- 5.30 % Gtotal(l=2) ave= 1.662E-01 +/- 4.76 % Gtotal(l=3) ave= 0.000E+00 +/- 0.00 %  % || Gg(l=0) ave= 1.465E-01 +/- 7.91 % Gg(l=1) ave= 1.719E-01 +/- 5.54 % Gg(l=2) ave= 1.662E-01 +/- 4.76 % Gg(l=3) ave= 0.000E+00 +/- 0.00 %  % || D(l=0) ave= 4.253E+02 +/- 7.72 % D(l=1) ave= 1.975E+02 +/- 0.00 % D(l=2) ave= 1.383E+02 +/- 0.00 % D(l=3) ave= 0.000E+00 +/- 0.00 %  % || S(l=0) ave= 1.066E-04 +/- 4.71 % S(l=1) ave= 2.838E-04 +/- 8.02 % S(l=2) ave= 2.571E-05 +/- 16.15 % S(l=3) ave= 0.000E+00 +/- 0.00 % 
 ... random file  172 Cap(th)  ave= 1.182E+01 b. +/- 7.03 % || Ela(th) ave= 5.701E+00 b. +/- 9.05 % || RIcap ave= 5.22E+01 b. +/- 11.99 % || Macs30 ave= 2.81E-01 b. +/- 0.10 % || Gn^0(l=0) ave= 3.915E-02 +/- 2.01 % Gn^0(l=1) ave= 8.516E-02 +/- 8.05 % Gn^0(l=2) ave= 7.082E-03 +/- 16.23 % Gn^0(l=3) ave= 0.000E+00 +/- 0.00 % || Gtotal(l=0) ave= 1.416E+00 +/- 1.18 % Gtotal(l=1) ave= 1.796E-01 +/- 5.29 % Gtotal(l=2) ave= 1.662E-01 +/- 4.75 % Gtotal(l=3) ave= 0.000E+00 +/- 0.00 %  % || Gg(l=0) ave= 1.465E-01 +/- 7.89 % Gg(l=1) ave= 1.719E-01 +/- 5.53 % Gg(l=2) ave= 1.662E-01 +/- 4.75 % Gg(l=3) ave= 0.000E+00 +/- 0.00 %  % || D(l=0) ave= 4.255E+02 +/- 7.72 % D(l=1) ave= 1.975E+02 +/- 0.00 % D(l=2) ave= 1.383E+02 +/- 0.00 % D(l=3) ave= 0.000E+00 +/- 0.00 %  % || S(l=0) ave= 1.065E-04 +/- 4.72 % S(l=1) ave= 2.836E-04 +/- 8.06 % S(l=2) ave= 2.567E-05 +/- 16.23 % S(l=3) ave= 0.000E+00 +/- 0.00 % 
 ... random file  173 Cap(th)  ave= 1.182E+01 b. +/- 7.02 % || Ela(th) ave= 5.698E+00 b. +/- 9.05 % || RIcap ave= 5.23E+01 b. +/- 12.06 % || Macs30 ave= 2.81E-01 b. +/- 0.10 % || Gn^0(l=0) ave= 3.915E-02 +/- 2.01 % Gn^0(l=1) ave= 8.518E-02 +/- 8.03 % Gn^0(l=2) ave= 7.086E-03 +/- 16.19 % Gn^0(l=3) ave= 0.000E+00 +/- 0.00 % || Gtotal(l=0) ave= 1.416E+00 +/- 1.18 % Gtotal(l=1) ave= 1.796E-01 +/- 5.30 % Gtotal(l=2) ave= 1.662E-01 +/- 4.73 % Gtotal(l=3) ave= 0.000E+00 +/- 0.00 %  % || Gg(l=0) ave= 1.465E-01 +/- 7.87 % Gg(l=1) ave= 1.719E-01 +/- 5.53 % Gg(l=2) ave= 1.662E-01 +/- 4.73 % Gg(l=3) ave= 0.000E+00 +/- 0.00 %  % || D(l=0) ave= 4.258E+02 +/- 7.71 % D(l=1) ave= 1.975E+02 +/- 0.00 % D(l=2) ave= 1.383E+02 +/- 0.00 % D(l=3) ave= 0.000E+00 +/- 0.00 %  % || S(l=0) ave= 1.065E-04 +/- 4.72 % S(l=1) ave= 2.837E-04 +/- 8.04 % S(l=2) ave= 2.569E-05 +/- 16.19 % S(l=3) ave= 0.000E+00 +/- 0.00 % 
 ... random file  174 Cap(th)  ave= 1.182E+01 b. +/- 7.01 % || Ela(th) ave= 5.700E+00 b. +/- 9.03 % || RIcap ave= 5.23E+01 b. +/- 12.09 % || Macs30 ave= 2.81E-01 b. +/- 0.10 % || Gn^0(l=0) ave= 3.916E-02 +/- 2.02 % Gn^0(l=1) ave= 8.515E-02 +/- 8.02 % Gn^0(l=2) ave= 7.082E-03 +/- 16.18 % Gn^0(l=3) ave= 0.000E+00 +/- 0.00 % || Gtotal(l=0) ave= 1.416E+00 +/- 1.18 % Gtotal(l=1) ave= 1.796E-01 +/- 5.29 % Gtotal(l=2) ave= 1.662E-01 +/- 4.73 % Gtotal(l=3) ave= 0.000E+00 +/- 0.00 %  % || Gg(l=0) ave= 1.464E-01 +/- 7.89 % Gg(l=1) ave= 1.719E-01 +/- 5.52 % Gg(l=2) ave= 1.662E-01 +/- 4.73 % Gg(l=3) ave= 0.000E+00 +/- 0.00 %  % || D(l=0) ave= 4.260E+02 +/- 7.71 % D(l=1) ave= 1.975E+02 +/- 0.00 % D(l=2) ave= 1.383E+02 +/- 0.00 % D(l=3) ave= 0.000E+00 +/- 0.00 %  % || S(l=0) ave= 1.065E-04 +/- 4.72 % S(l=1) ave= 2.836E-04 +/- 8.04 % S(l=2) ave= 2.567E-05 +/- 16.18 % S(l=3) ave= 0.000E+00 +/- 0.00 % 
 ... random file  175 Cap(th)  ave= 1.182E+01 b. +/- 6.99 % || Ela(th) ave= 5.701E+00 b. +/- 9.00 % || RIcap ave= 5.23E+01 b. +/- 12.06 % || Macs30 ave= 2.81E-01 b. +/- 0.10 % || Gn^0(l=0) ave= 3.915E-02 +/- 2.02 % Gn^0(l=1) ave= 8.514E-02 +/- 8.00 % Gn^0(l=2) ave= 7.079E-03 +/- 16.15 % Gn^0(l=3) ave= 0.000E+00 +/- 0.00 % || Gtotal(l=0) ave= 1.416E+00 +/- 1.19 % Gtotal(l=1) ave= 1.795E-01 +/- 5.30 % Gtotal(l=2) ave= 1.662E-01 +/- 4.71 % Gtotal(l=3) ave= 0.000E+00 +/- 0.00 %  % || Gg(l=0) ave= 1.465E-01 +/- 7.89 % Gg(l=1) ave= 1.718E-01 +/- 5.53 % Gg(l=2) ave= 1.662E-01 +/- 4.71 % Gg(l=3) ave= 0.000E+00 +/- 0.00 %  % || D(l=0) ave= 4.258E+02 +/- 7.71 % D(l=1) ave= 1.975E+02 +/- 0.00 % D(l=2) ave= 1.383E+02 +/- 0.00 % D(l=3) ave= 0.000E+00 +/- 0.00 %  % || S(l=0) ave= 1.065E-04 +/- 4.72 % S(l=1) ave= 2.835E-04 +/- 8.02 % S(l=2) ave= 2.566E-05 +/- 16.15 % S(l=3) ave= 0.000E+00 +/- 0.00 % 
 ... random file  176 Cap(th)  ave= 1.182E+01 b. +/- 6.97 % || Ela(th) ave= 5.702E+00 b. +/- 8.98 % || RIcap ave= 5.23E+01 b. +/- 12.06 % || Macs30 ave= 2.81E-01 b. +/- 0.10 % || Gn^0(l=0) ave= 3.915E-02 +/- 2.02 % Gn^0(l=1) ave= 8.513E-02 +/- 7.98 % Gn^0(l=2) ave= 7.077E-03 +/- 16.11 % Gn^0(l=3) ave= 0.000E+00 +/- 0.00 % || Gtotal(l=0) ave= 1.416E+00 +/- 1.18 % Gtotal(l=1) ave= 1.795E-01 +/- 5.28 % Gtotal(l=2) ave= 1.662E-01 +/- 4.70 % Gtotal(l=3) ave= 0.000E+00 +/- 0.00 %  % || Gg(l=0) ave= 1.465E-01 +/- 7.87 % Gg(l=1) ave= 1.718E-01 +/- 5.52 % Gg(l=2) ave= 1.662E-01 +/- 4.70 % Gg(l=3) ave= 0.000E+00 +/- 0.00 %  % || D(l=0) ave= 4.256E+02 +/- 7.72 % D(l=1) ave= 1.975E+02 +/- 0.00 % D(l=2) ave= 1.383E+02 +/- 0.00 % D(l=3) ave= 0.000E+00 +/- 0.00 %  % || S(l=0) ave= 1.065E-04 +/- 4.71 % S(l=1) ave= 2.835E-04 +/- 8.00 % S(l=2) ave= 2.565E-05 +/- 16.11 % S(l=3) ave= 0.000E+00 +/- 0.00 % 
 ... random file  177 Cap(th)  ave= 1.182E+01 b. +/- 6.96 % || Ela(th) ave= 5.699E+00 b. +/- 8.98 % || RIcap ave= 5.23E+01 b. +/- 12.05 % || Macs30 ave= 2.81E-01 b. +/- 0.10 % || Gn^0(l=0) ave= 3.914E-02 +/- 2.02 % Gn^0(l=1) ave= 8.517E-02 +/- 7.98 % Gn^0(l=2) ave= 7.083E-03 +/- 16.09 % Gn^0(l=3) ave= 0.000E+00 +/- 0.00 % || Gtotal(l=0) ave= 1.416E+00 +/- 1.18 % Gtotal(l=1) ave= 1.795E-01 +/- 5.28 % Gtotal(l=2) ave= 1.662E-01 +/- 4.69 % Gtotal(l=3) ave= 0.000E+00 +/- 0.00 %  % || Gg(l=0) ave= 1.464E-01 +/- 7.87 % Gg(l=1) ave= 1.718E-01 +/- 5.51 % Gg(l=2) ave= 1.662E-01 +/- 4.69 % Gg(l=3) ave= 0.000E+00 +/- 0.00 %  % || D(l=0) ave= 4.254E+02 +/- 7.72 % D(l=1) ave= 1.975E+02 +/- 0.00 % D(l=2) ave= 1.383E+02 +/- 0.00 % D(l=3) ave= 0.000E+00 +/- 0.00 %  % || S(l=0) ave= 1.066E-04 +/- 4.71 % S(l=1) ave= 2.836E-04 +/- 8.00 % S(l=2) ave= 2.567E-05 +/- 16.09 % S(l=3) ave= 0.000E+00 +/- 0.00 % 
 ... random file  178 Cap(th)  ave= 1.182E+01 b. +/- 6.95 % || Ela(th) ave= 5.703E+00 b. +/- 9.00 % || RIcap ave= 5.23E+01 b. +/- 12.02 % || Macs30 ave= 2.81E-01 b. +/- 0.10 % || Gn^0(l=0) ave= 3.915E-02 +/- 2.01 % Gn^0(l=1) ave= 8.512E-02 +/- 8.00 % Gn^0(l=2) ave= 7.075E-03 +/- 16.12 % Gn^0(l=3) ave= 0.000E+00 +/- 0.00 % || Gtotal(l=0) ave= 1.416E+00 +/- 1.19 % Gtotal(l=1) ave= 1.795E-01 +/- 5.29 % Gtotal(l=2) ave= 1.662E-01 +/- 4.69 % Gtotal(l=3) ave= 0.000E+00 +/- 0.00 %  % || Gg(l=0) ave= 1.464E-01 +/- 7.85 % Gg(l=1) ave= 1.719E-01 +/- 5.52 % Gg(l=2) ave= 1.662E-01 +/- 4.69 % Gg(l=3) ave= 0.000E+00 +/- 0.00 %  % || D(l=0) ave= 4.256E+02 +/- 7.72 % D(l=1) ave= 1.975E+02 +/- 0.00 % D(l=2) ave= 1.383E+02 +/- 0.00 % D(l=3) ave= 0.000E+00 +/- 0.00 %  % || S(l=0) ave= 1.065E-04 +/- 4.72 % S(l=1) ave= 2.835E-04 +/- 8.01 % S(l=2) ave= 2.565E-05 +/- 16.12 % S(l=3) ave= 0.000E+00 +/- 0.00 % 
 ... random file  179 Cap(th)  ave= 1.183E+01 b. +/- 6.97 % || Ela(th) ave= 5.706E+00 b. +/- 9.01 % || RIcap ave= 5.23E+01 b. +/- 12.06 % || Macs30 ave= 2.81E-01 b. +/- 0.10 % || Gn^0(l=0) ave= 3.914E-02 +/- 2.01 % Gn^0(l=1) ave= 8.507E-02 +/- 8.01 % Gn^0(l=2) ave= 7.067E-03 +/- 16.17 % Gn^0(l=3) ave= 0.000E+00 +/- 0.00 % || Gtotal(l=0) ave= 1.416E+00 +/- 1.19 % Gtotal(l=1) ave= 1.796E-01 +/- 5.28 % Gtotal(l=2) ave= 1.662E-01 +/- 4.67 % Gtotal(l=3) ave= 0.000E+00 +/- 0.00 %  % || Gg(l=0) ave= 1.465E-01 +/- 7.83 % Gg(l=1) ave= 1.719E-01 +/- 5.51 % Gg(l=2) ave= 1.662E-01 +/- 4.67 % Gg(l=3) ave= 0.000E+00 +/- 0.00 %  % || D(l=0) ave= 4.255E+02 +/- 7.72 % D(l=1) ave= 1.975E+02 +/- 0.00 % D(l=2) ave= 1.383E+02 +/- 0.00 % D(l=3) ave= 0.000E+00 +/- 0.00 %  % || S(l=0) ave= 1.066E-04 +/- 4.72 % S(l=1) ave= 2.833E-04 +/- 8.03 % S(l=2) ave= 2.562E-05 +/- 16.17 % S(l=3) ave= 0.000E+00 +/- 0.00 % 
 ... random file  180 Cap(th)  ave= 1.183E+01 b. +/- 6.95 % || Ela(th) ave= 5.707E+00 b. +/- 8.99 % || RIcap ave= 5.23E+01 b. +/- 12.03 % || Macs30 ave= 2.81E-01 b. +/- 0.10 % || Gn^0(l=0) ave= 3.914E-02 +/- 2.01 % Gn^0(l=1) ave= 8.506E-02 +/- 8.00 % Gn^0(l=2) ave= 7.065E-03 +/- 16.13 % Gn^0(l=3) ave= 0.000E+00 +/- 0.00 % || Gtotal(l=0) ave= 1.416E+00 +/- 1.18 % Gtotal(l=1) ave= 1.795E-01 +/- 5.27 % Gtotal(l=2) ave= 1.662E-01 +/- 4.66 % Gtotal(l=3) ave= 0.000E+00 +/- 0.00 %  % || Gg(l=0) ave= 1.464E-01 +/- 7.83 % Gg(l=1) ave= 1.718E-01 +/- 5.51 % Gg(l=2) ave= 1.662E-01 +/- 4.66 % Gg(l=3) ave= 0.000E+00 +/- 0.00 %  % || D(l=0) ave= 4.253E+02 +/- 7.71 % D(l=1) ave= 1.975E+02 +/- 0.00 % D(l=2) ave= 1.383E+02 +/- 0.00 % D(l=3) ave= 0.000E+00 +/- 0.00 %  % || S(l=0) ave= 1.066E-04 +/- 4.72 % S(l=1) ave= 2.833E-04 +/- 8.01 % S(l=2) ave= 2.561E-05 +/- 16.13 % S(l=3) ave= 0.000E+00 +/- 0.00 % 
 ... random file  181 Cap(th)  ave= 1.182E+01 b. +/- 6.94 % || Ela(th) ave= 5.706E+00 b. +/- 8.97 % || RIcap ave= 5.23E+01 b. +/- 12.04 % || Macs30 ave= 2.81E-01 b. +/- 0.10 % || Gn^0(l=0) ave= 3.913E-02 +/- 2.01 % Gn^0(l=1) ave= 8.508E-02 +/- 7.98 % Gn^0(l=2) ave= 7.068E-03 +/- 16.09 % Gn^0(l=3) ave= 0.000E+00 +/- 0.00 % || Gtotal(l=0) ave= 1.416E+00 +/- 1.18 % Gtotal(l=1) ave= 1.795E-01 +/- 5.29 % Gtotal(l=2) ave= 1.662E-01 +/- 4.65 % Gtotal(l=3) ave= 0.000E+00 +/- 0.00 %  % || Gg(l=0) ave= 1.464E-01 +/- 7.81 % Gg(l=1) ave= 1.718E-01 +/- 5.53 % Gg(l=2) ave= 1.662E-01 +/- 4.65 % Gg(l=3) ave= 0.000E+00 +/- 0.00 %  % || D(l=0) ave= 4.251E+02 +/- 7.71 % D(l=1) ave= 1.975E+02 +/- 0.00 % D(l=2) ave= 1.383E+02 +/- 0.00 % D(l=3) ave= 0.000E+00 +/- 0.00 %  % || S(l=0) ave= 1.066E-04 +/- 4.71 % S(l=1) ave= 2.833E-04 +/- 7.99 % S(l=2) ave= 2.562E-05 +/- 16.09 % S(l=3) ave= 0.000E+00 +/- 0.00 % 
 ... random file  182 Cap(th)  ave= 1.181E+01 b. +/- 7.01 % || Ela(th) ave= 5.701E+00 b. +/- 9.02 % || RIcap ave= 5.22E+01 b. +/- 12.12 % || Macs30 ave= 2.81E-01 b. +/- 0.10 % || Gn^0(l=0) ave= 3.914E-02 +/- 2.01 % Gn^0(l=1) ave= 8.514E-02 +/- 8.02 % Gn^0(l=2) ave= 7.079E-03 +/- 16.16 % Gn^0(l=3) ave= 0.000E+00 +/- 0.00 % || Gtotal(l=0) ave= 1.416E+00 +/- 1.19 % Gtotal(l=1) ave= 1.796E-01 +/- 5.40 % Gtotal(l=2) ave= 1.661E-01 +/- 4.65 % Gtotal(l=3) ave= 0.000E+00 +/- 0.00 %  % || Gg(l=0) ave= 1.463E-01 +/- 7.83 % Gg(l=1) ave= 1.719E-01 +/- 5.65 % Gg(l=2) ave= 1.661E-01 +/- 4.65 % Gg(l=3) ave= 0.000E+00 +/- 0.00 %  % || D(l=0) ave= 4.253E+02 +/- 7.72 % D(l=1) ave= 1.975E+02 +/- 0.00 % D(l=2) ave= 1.383E+02 +/- 0.00 % D(l=3) ave= 0.000E+00 +/- 0.00 %  % || S(l=0) ave= 1.066E-04 +/- 4.71 % S(l=1) ave= 2.836E-04 +/- 8.03 % S(l=2) ave= 2.566E-05 +/- 16.16 % S(l=3) ave= 0.000E+00 +/- 0.00 % 
 ... random file  183 Cap(th)  ave= 1.181E+01 b. +/- 7.03 % || Ela(th) ave= 5.699E+00 b. +/- 9.03 % || RIcap ave= 5.22E+01 b. +/- 12.13 % || Macs30 ave= 2.81E-01 b. +/- 0.10 % || Gn^0(l=0) ave= 3.914E-02 +/- 2.01 % Gn^0(l=1) ave= 8.518E-02 +/- 8.01 % Gn^0(l=2) ave= 7.085E-03 +/- 16.14 % Gn^0(l=3) ave= 0.000E+00 +/- 0.00 % || Gtotal(l=0) ave= 1.416E+00 +/- 1.19 % Gtotal(l=1) ave= 1.796E-01 +/- 5.40 % Gtotal(l=2) ave= 1.662E-01 +/- 4.64 % Gtotal(l=3) ave= 0.000E+00 +/- 0.00 %  % || Gg(l=0) ave= 1.463E-01 +/- 7.83 % Gg(l=1) ave= 1.719E-01 +/- 5.64 % Gg(l=2) ave= 1.662E-01 +/- 4.64 % Gg(l=3) ave= 0.000E+00 +/- 0.00 %  % || D(l=0) ave= 4.252E+02 +/- 7.71 % D(l=1) ave= 1.975E+02 +/- 0.00 % D(l=2) ave= 1.383E+02 +/- 0.00 % D(l=3) ave= 0.000E+00 +/- 0.00 %  % || S(l=0) ave= 1.066E-04 +/- 4.72 % S(l=1) ave= 2.837E-04 +/- 8.03 % S(l=2) ave= 2.568E-05 +/- 16.14 % S(l=3) ave= 0.000E+00 +/- 0.00 % 
 ... random file  184 Cap(th)  ave= 1.181E+01 b. +/- 7.03 % || Ela(th) ave= 5.703E+00 b. +/- 9.06 % || RIcap ave= 5.23E+01 b. +/- 12.16 % || Macs30 ave= 2.81E-01 b. +/- 0.10 % || Gn^0(l=0) ave= 3.914E-02 +/- 2.01 % Gn^0(l=1) ave= 8.512E-02 +/- 8.05 % Gn^0(l=2) ave= 7.076E-03 +/- 16.21 % Gn^0(l=3) ave= 0.000E+00 +/- 0.00 % || Gtotal(l=0) ave= 1.416E+00 +/- 1.19 % Gtotal(l=1) ave= 1.796E-01 +/- 5.39 % Gtotal(l=2) ave= 1.661E-01 +/- 4.64 % Gtotal(l=3) ave= 0.000E+00 +/- 0.00 %  % || Gg(l=0) ave= 1.462E-01 +/- 7.81 % Gg(l=1) ave= 1.719E-01 +/- 5.63 % Gg(l=2) ave= 1.661E-01 +/- 4.64 % Gg(l=3) ave= 0.000E+00 +/- 0.00 %  % || D(l=0) ave= 4.254E+02 +/- 7.72 % D(l=1) ave= 1.975E+02 +/- 0.00 % D(l=2) ave= 1.383E+02 +/- 0.00 % D(l=3) ave= 0.000E+00 +/- 0.00 %  % || S(l=0) ave= 1.066E-04 +/- 4.72 % S(l=1) ave= 2.835E-04 +/- 8.07 % S(l=2) ave= 2.565E-05 +/- 16.21 % S(l=3) ave= 0.000E+00 +/- 0.00 % 
 ... random file  185 Cap(th)  ave= 1.182E+01 b. +/- 7.04 % || Ela(th) ave= 5.699E+00 b. +/- 9.09 % || RIcap ave= 5.23E+01 b. +/- 12.15 % || Macs30 ave= 2.81E-01 b. +/- 0.10 % || Gn^0(l=0) ave= 3.915E-02 +/- 2.01 % Gn^0(l=1) ave= 8.516E-02 +/- 8.06 % Gn^0(l=2) ave= 7.084E-03 +/- 16.23 % Gn^0(l=3) ave= 0.000E+00 +/- 0.00 % || Gtotal(l=0) ave= 1.416E+00 +/- 1.19 % Gtotal(l=1) ave= 1.796E-01 +/- 5.37 % Gtotal(l=2) ave= 1.661E-01 +/- 4.64 % Gtotal(l=3) ave= 0.000E+00 +/- 0.00 %  % || Gg(l=0) ave= 1.463E-01 +/- 7.82 % Gg(l=1) ave= 1.719E-01 +/- 5.61 % Gg(l=2) ave= 1.661E-01 +/- 4.64 % Gg(l=3) ave= 0.000E+00 +/- 0.00 %  % || D(l=0) ave= 4.255E+02 +/- 7.72 % D(l=1) ave= 1.975E+02 +/- 0.00 % D(l=2) ave= 1.383E+02 +/- 0.00 % D(l=3) ave= 0.000E+00 +/- 0.00 %  % || S(l=0) ave= 1.065E-04 +/- 4.72 % S(l=1) ave= 2.836E-04 +/- 8.08 % S(l=2) ave= 2.568E-05 +/- 16.23 % S(l=3) ave= 0.000E+00 +/- 0.00 % 
 ... random file  186 Cap(th)  ave= 1.182E+01 b. +/- 7.04 % || Ela(th) ave= 5.696E+00 b. +/- 9.10 % || RIcap ave= 5.23E+01 b. +/- 12.17 % || Macs30 ave= 2.81E-01 b. +/- 0.10 % || Gn^0(l=0) ave= 3.914E-02 +/- 2.01 % Gn^0(l=1) ave= 8.520E-02 +/- 8.06 % Gn^0(l=2) ave= 7.090E-03 +/- 16.22 % Gn^0(l=3) ave= 0.000E+00 +/- 0.00 % || Gtotal(l=0) ave= 1.416E+00 +/- 1.19 % Gtotal(l=1) ave= 1.796E-01 +/- 5.37 % Gtotal(l=2) ave= 1.661E-01 +/- 4.63 % Gtotal(l=3) ave= 0.000E+00 +/- 0.00 %  % || Gg(l=0) ave= 1.463E-01 +/- 7.81 % Gg(l=1) ave= 1.719E-01 +/- 5.61 % Gg(l=2) ave= 1.661E-01 +/- 4.63 % Gg(l=3) ave= 0.000E+00 +/- 0.00 %  % || D(l=0) ave= 4.254E+02 +/- 7.72 % D(l=1) ave= 1.975E+02 +/- 0.00 % D(l=2) ave= 1.383E+02 +/- 0.00 % D(l=3) ave= 0.000E+00 +/- 0.00 %  % || S(l=0) ave= 1.066E-04 +/- 4.72 % S(l=1) ave= 2.838E-04 +/- 8.07 % S(l=2) ave= 2.570E-05 +/- 16.22 % S(l=3) ave= 0.000E+00 +/- 0.00 % 
 ... random file  187 Cap(th)  ave= 1.182E+01 b. +/- 7.02 % || Ela(th) ave= 5.694E+00 b. +/- 9.10 % || RIcap ave= 5.23E+01 b. +/- 12.14 % || Macs30 ave= 2.81E-01 b. +/- 0.10 % || Gn^0(l=0) ave= 3.915E-02 +/- 2.01 % Gn^0(l=1) ave= 8.523E-02 +/- 8.05 % Gn^0(l=2) ave= 7.095E-03 +/- 16.19 % Gn^0(l=3) ave= 0.000E+00 +/- 0.00 % || Gtotal(l=0) ave= 1.416E+00 +/- 1.19 % Gtotal(l=1) ave= 1.796E-01 +/- 5.36 % Gtotal(l=2) ave= 1.661E-01 +/- 4.64 % Gtotal(l=3) ave= 0.000E+00 +/- 0.00 %  % || Gg(l=0) ave= 1.463E-01 +/- 7.79 % Gg(l=1) ave= 1.720E-01 +/- 5.60 % Gg(l=2) ave= 1.661E-01 +/- 4.64 % Gg(l=3) ave= 0.000E+00 +/- 0.00 %  % || D(l=0) ave= 4.256E+02 +/- 7.72 % D(l=1) ave= 1.975E+02 +/- 0.00 % D(l=2) ave= 1.383E+02 +/- 0.00 % D(l=3) ave= 0.000E+00 +/- 0.00 %  % || S(l=0) ave= 1.065E-04 +/- 4.73 % S(l=1) ave= 2.838E-04 +/- 8.06 % S(l=2) ave= 2.572E-05 +/- 16.19 % S(l=3) ave= 0.000E+00 +/- 0.00 % 
 ... random file  188 Cap(th)  ave= 1.182E+01 b. +/- 7.00 % || Ela(th) ave= 5.695E+00 b. +/- 9.08 % || RIcap ave= 5.23E+01 b. +/- 12.11 % || Macs30 ave= 2.81E-01 b. +/- 0.10 % || Gn^0(l=0) ave= 3.914E-02 +/- 2.01 % Gn^0(l=1) ave= 8.521E-02 +/- 8.03 % Gn^0(l=2) ave= 7.092E-03 +/- 16.16 % Gn^0(l=3) ave= 0.000E+00 +/- 0.00 % || Gtotal(l=0) ave= 1.416E+00 +/- 1.19 % Gtotal(l=1) ave= 1.797E-01 +/- 5.34 % Gtotal(l=2) ave= 1.660E-01 +/- 4.64 % Gtotal(l=3) ave= 0.000E+00 +/- 0.00 %  % || Gg(l=0) ave= 1.462E-01 +/- 7.78 % Gg(l=1) ave= 1.720E-01 +/- 5.58 % Gg(l=2) ave= 1.660E-01 +/- 4.64 % Gg(l=3) ave= 0.000E+00 +/- 0.00 %  % || D(l=0) ave= 4.254E+02 +/- 7.72 % D(l=1) ave= 1.975E+02 +/- 0.00 % D(l=2) ave= 1.383E+02 +/- 0.00 % D(l=3) ave= 0.000E+00 +/- 0.00 %  % || S(l=0) ave= 1.066E-04 +/- 4.72 % S(l=1) ave= 2.838E-04 +/- 8.05 % S(l=2) ave= 2.571E-05 +/- 16.16 % S(l=3) ave= 0.000E+00 +/- 0.00 % 
 ... random file  189 Cap(th)  ave= 1.183E+01 b. +/- 7.05 % || Ela(th) ave= 5.690E+00 b. +/- 9.12 % || RIcap ave= 5.23E+01 b. +/- 12.16 % || Macs30 ave= 2.81E-01 b. +/- 0.10 % || Gn^0(l=0) ave= 3.915E-02 +/- 2.01 % Gn^0(l=1) ave= 8.527E-02 +/- 8.08 % Gn^0(l=2) ave= 7.103E-03 +/- 16.23 % Gn^0(l=3) ave= 0.000E+00 +/- 0.00 % || Gtotal(l=0) ave= 1.416E+00 +/- 1.19 % Gtotal(l=1) ave= 1.797E-01 +/- 5.37 % Gtotal(l=2) ave= 1.661E-01 +/- 4.63 % Gtotal(l=3) ave= 0.000E+00 +/- 0.00 %  % || Gg(l=0) ave= 1.463E-01 +/- 7.78 % Gg(l=1) ave= 1.721E-01 +/- 5.61 % Gg(l=2) ave= 1.660E-01 +/- 4.63 % Gg(l=3) ave= 0.000E+00 +/- 0.00 %  % || D(l=0) ave= 4.256E+02 +/- 7.72 % D(l=1) ave= 1.975E+02 +/- 0.00 % D(l=2) ave= 1.383E+02 +/- 0.00 % D(l=3) ave= 0.000E+00 +/- 0.00 %  % || S(l=0) ave= 1.065E-04 +/- 4.73 % S(l=1) ave= 2.840E-04 +/- 8.09 % S(l=2) ave= 2.575E-05 +/- 16.23 % S(l=3) ave= 0.000E+00 +/- 0.00 % 
 ... random file  190 Cap(th)  ave= 1.183E+01 b. +/- 7.03 % || Ela(th) ave= 5.688E+00 b. +/- 9.13 % || RIcap ave= 5.23E+01 b. +/- 12.14 % || Macs30 ave= 2.81E-01 b. +/- 0.10 % || Gn^0(l=0) ave= 3.914E-02 +/- 2.01 % Gn^0(l=1) ave= 8.530E-02 +/- 8.06 % Gn^0(l=2) ave= 7.109E-03 +/- 16.21 % Gn^0(l=3) ave= 0.000E+00 +/- 0.00 % || Gtotal(l=0) ave= 1.416E+00 +/- 1.18 % Gtotal(l=1) ave= 1.798E-01 +/- 5.36 % Gtotal(l=2) ave= 1.660E-01 +/- 4.63 % Gtotal(l=3) ave= 0.000E+00 +/- 0.00 %  % || Gg(l=0) ave= 1.463E-01 +/- 7.77 % Gg(l=1) ave= 1.721E-01 +/- 5.59 % Gg(l=2) ave= 1.660E-01 +/- 4.63 % Gg(l=3) ave= 0.000E+00 +/- 0.00 %  % || D(l=0) ave= 4.254E+02 +/- 7.72 % D(l=1) ave= 1.975E+02 +/- 0.00 % D(l=2) ave= 1.383E+02 +/- 0.00 % D(l=3) ave= 0.000E+00 +/- 0.00 %  % || S(l=0) ave= 1.066E-04 +/- 4.73 % S(l=1) ave= 2.841E-04 +/- 8.08 % S(l=2) ave= 2.577E-05 +/- 16.21 % S(l=3) ave= 0.000E+00 +/- 0.00 % 
 ... random file  191 Cap(th)  ave= 1.183E+01 b. +/- 7.01 % || Ela(th) ave= 5.684E+00 b. +/- 9.16 % || RIcap ave= 5.24E+01 b. +/- 12.11 % || Macs30 ave= 2.81E-01 b. +/- 0.10 % || Gn^0(l=0) ave= 3.914E-02 +/- 2.01 % Gn^0(l=1) ave= 8.536E-02 +/- 8.09 % Gn^0(l=2) ave= 7.119E-03 +/- 16.26 % Gn^0(l=3) ave= 0.000E+00 +/- 0.00 % || Gtotal(l=0) ave= 1.416E+00 +/- 1.18 % Gtotal(l=1) ave= 1.798E-01 +/- 5.34 % Gtotal(l=2) ave= 1.661E-01 +/- 4.64 % Gtotal(l=3) ave= 0.000E+00 +/- 0.00 %  % || Gg(l=0) ave= 1.463E-01 +/- 7.76 % Gg(l=1) ave= 1.721E-01 +/- 5.58 % Gg(l=2) ave= 1.661E-01 +/- 4.64 % Gg(l=3) ave= 0.000E+00 +/- 0.00 %  % || D(l=0) ave= 4.253E+02 +/- 7.71 % D(l=1) ave= 1.975E+02 +/- 0.00 % D(l=2) ave= 1.383E+02 +/- 0.00 % D(l=3) ave= 0.000E+00 +/- 0.00 %  % || S(l=0) ave= 1.066E-04 +/- 4.72 % S(l=1) ave= 2.843E-04 +/- 8.10 % S(l=2) ave= 2.580E-05 +/- 16.26 % S(l=3) ave= 0.000E+00 +/- 0.00 % 
 ... random file  192 Cap(th)  ave= 1.183E+01 b. +/- 7.00 % || Ela(th) ave= 5.680E+00 b. +/- 9.19 % || RIcap ave= 5.24E+01 b. +/- 12.08 % || Macs30 ave= 2.81E-01 b. +/- 0.10 % || Gn^0(l=0) ave= 3.914E-02 +/- 2.00 % Gn^0(l=1) ave= 8.540E-02 +/- 8.10 % Gn^0(l=2) ave= 7.127E-03 +/- 16.28 % Gn^0(l=3) ave= 0.000E+00 +/- 0.00 % || Gtotal(l=0) ave= 1.416E+00 +/- 1.19 % Gtotal(l=1) ave= 1.797E-01 +/- 5.36 % Gtotal(l=2) ave= 1.661E-01 +/- 4.63 % Gtotal(l=3) ave= 0.000E+00 +/- 0.00 %  % || Gg(l=0) ave= 1.463E-01 +/- 7.76 % Gg(l=1) ave= 1.720E-01 +/- 5.60 % Gg(l=2) ave= 1.661E-01 +/- 4.63 % Gg(l=3) ave= 0.000E+00 +/- 0.00 %  % || D(l=0) ave= 4.251E+02 +/- 7.71 % D(l=1) ave= 1.975E+02 +/- 0.00 % D(l=2) ave= 1.383E+02 +/- 0.00 % D(l=3) ave= 0.000E+00 +/- 0.00 %  % || S(l=0) ave= 1.066E-04 +/- 4.72 % S(l=1) ave= 2.844E-04 +/- 8.11 % S(l=2) ave= 2.583E-05 +/- 16.28 % S(l=3) ave= 0.000E+00 +/- 0.00 % 
 ... random file  193 Cap(th)  ave= 1.182E+01 b. +/- 7.10 % || Ela(th) ave= 5.682E+00 b. +/- 9.17 % || RIcap ave= 5.23E+01 b. +/- 12.08 % || Macs30 ave= 2.81E-01 b. +/- 0.10 % || Gn^0(l=0) ave= 3.914E-02 +/- 2.00 % Gn^0(l=1) ave= 8.539E-02 +/- 8.08 % Gn^0(l=2) ave= 7.124E-03 +/- 16.25 % Gn^0(l=3) ave= 0.000E+00 +/- 0.00 % || Gtotal(l=0) ave= 1.416E+00 +/- 1.19 % Gtotal(l=1) ave= 1.798E-01 +/- 5.35 % Gtotal(l=2) ave= 1.661E-01 +/- 4.62 % Gtotal(l=3) ave= 0.000E+00 +/- 0.00 %  % || Gg(l=0) ave= 1.464E-01 +/- 7.74 % Gg(l=1) ave= 1.721E-01 +/- 5.59 % Gg(l=2) ave= 1.661E-01 +/- 4.62 % Gg(l=3) ave= 0.000E+00 +/- 0.00 %  % || D(l=0) ave= 4.253E+02 +/- 7.72 % D(l=1) ave= 1.975E+02 +/- 0.00 % D(l=2) ave= 1.383E+02 +/- 0.00 % D(l=3) ave= 0.000E+00 +/- 0.00 %  % || S(l=0) ave= 1.066E-04 +/- 4.73 % S(l=1) ave= 2.844E-04 +/- 8.10 % S(l=2) ave= 2.582E-05 +/- 16.25 % S(l=3) ave= 0.000E+00 +/- 0.00 % 
 ... random file  194 Cap(th)  ave= 1.182E+01 b. +/- 7.08 % || Ela(th) ave= 5.681E+00 b. +/- 9.15 % || RIcap ave= 5.23E+01 b. +/- 12.06 % || Macs30 ave= 2.81E-01 b. +/- 0.10 % || Gn^0(l=0) ave= 3.915E-02 +/- 2.01 % Gn^0(l=1) ave= 8.538E-02 +/- 8.06 % Gn^0(l=2) ave= 7.124E-03 +/- 16.21 % Gn^0(l=3) ave= 0.000E+00 +/- 0.00 % || Gtotal(l=0) ave= 1.416E+00 +/- 1.18 % Gtotal(l=1) ave= 1.798E-01 +/- 5.34 % Gtotal(l=2) ave= 1.660E-01 +/- 4.63 % Gtotal(l=3) ave= 0.000E+00 +/- 0.00 %  % || Gg(l=0) ave= 1.464E-01 +/- 7.72 % Gg(l=1) ave= 1.721E-01 +/- 5.58 % Gg(l=2) ave= 1.660E-01 +/- 4.63 % Gg(l=3) ave= 0.000E+00 +/- 0.00 %  % || D(l=0) ave= 4.255E+02 +/- 7.72 % D(l=1) ave= 1.975E+02 +/- 0.00 % D(l=2) ave= 1.383E+02 +/- 0.00 % D(l=3) ave= 0.000E+00 +/- 0.00 %  % || S(l=0) ave= 1.066E-04 +/- 4.73 % S(l=1) ave= 2.844E-04 +/- 8.08 % S(l=2) ave= 2.582E-05 +/- 16.21 % S(l=3) ave= 0.000E+00 +/- 0.00 % 
 ... random file  195 Cap(th)  ave= 1.182E+01 b. +/- 7.11 % || Ela(th) ave= 5.681E+00 b. +/- 9.12 % || RIcap ave= 5.24E+01 b. +/- 12.10 % || Macs30 ave= 2.81E-01 b. +/- 0.10 % || Gn^0(l=0) ave= 3.914E-02 +/- 2.01 % Gn^0(l=1) ave= 8.538E-02 +/- 8.04 % Gn^0(l=2) ave= 7.125E-03 +/- 16.17 % Gn^0(l=3) ave= 0.000E+00 +/- 0.00 % || Gtotal(l=0) ave= 1.416E+00 +/- 1.18 % Gtotal(l=1) ave= 1.798E-01 +/- 5.33 % Gtotal(l=2) ave= 1.660E-01 +/- 4.62 % Gtotal(l=3) ave= 0.000E+00 +/- 0.00 %  % || Gg(l=0) ave= 1.463E-01 +/- 7.71 % Gg(l=1) ave= 1.721E-01 +/- 5.57 % Gg(l=2) ave= 1.660E-01 +/- 4.62 % Gg(l=3) ave= 0.000E+00 +/- 0.00 %  % || D(l=0) ave= 4.253E+02 +/- 7.72 % D(l=1) ave= 1.975E+02 +/- 0.00 % D(l=2) ave= 1.383E+02 +/- 0.00 % D(l=3) ave= 0.000E+00 +/- 0.00 %  % || S(l=0) ave= 1.066E-04 +/- 4.72 % S(l=1) ave= 2.844E-04 +/- 8.06 % S(l=2) ave= 2.582E-05 +/- 16.17 % S(l=3) ave= 0.000E+00 +/- 0.00 % 
 ... random file  196 Cap(th)  ave= 1.183E+01 b. +/- 7.15 % || Ela(th) ave= 5.683E+00 b. +/- 9.11 % || RIcap ave= 5.24E+01 b. +/- 12.15 % || Macs30 ave= 2.81E-01 b. +/- 0.10 % || Gn^0(l=0) ave= 3.914E-02 +/- 2.01 % Gn^0(l=1) ave= 8.536E-02 +/- 8.03 % Gn^0(l=2) ave= 7.120E-03 +/- 16.16 % Gn^0(l=3) ave= 0.000E+00 +/- 0.00 % || Gtotal(l=0) ave= 1.416E+00 +/- 1.18 % Gtotal(l=1) ave= 1.797E-01 +/- 5.35 % Gtotal(l=2) ave= 1.660E-01 +/- 4.62 % Gtotal(l=3) ave= 0.000E+00 +/- 0.00 %  % || Gg(l=0) ave= 1.464E-01 +/- 7.72 % Gg(l=1) ave= 1.720E-01 +/- 5.59 % Gg(l=2) ave= 1.660E-01 +/- 4.62 % Gg(l=3) ave= 0.000E+00 +/- 0.00 %  % || D(l=0) ave= 4.252E+02 +/- 7.71 % D(l=1) ave= 1.975E+02 +/- 0.00 % D(l=2) ave= 1.383E+02 +/- 0.00 % D(l=3) ave= 0.000E+00 +/- 0.00 %  % || S(l=0) ave= 1.066E-04 +/- 4.72 % S(l=1) ave= 2.843E-04 +/- 8.05 % S(l=2) ave= 2.581E-05 +/- 16.16 % S(l=3) ave= 0.000E+00 +/- 0.00 % 
 ... random file  197 Cap(th)  ave= 1.183E+01 b. +/- 7.13 % || Ela(th) ave= 5.683E+00 b. +/- 9.09 % || RIcap ave= 5.24E+01 b. +/- 12.13 % || Macs30 ave= 2.81E-01 b. +/- 0.10 % || Gn^0(l=0) ave= 3.913E-02 +/- 2.01 % Gn^0(l=1) ave= 8.535E-02 +/- 8.02 % Gn^0(l=2) ave= 7.118E-03 +/- 16.13 % Gn^0(l=3) ave= 0.000E+00 +/- 0.00 % || Gtotal(l=0) ave= 1.416E+00 +/- 1.18 % Gtotal(l=1) ave= 1.798E-01 +/- 5.39 % Gtotal(l=2) ave= 1.660E-01 +/- 4.62 % Gtotal(l=3) ave= 0.000E+00 +/- 0.00 %  % || Gg(l=0) ave= 1.464E-01 +/- 7.71 % Gg(l=1) ave= 1.721E-01 +/- 5.63 % Gg(l=2) ave= 1.660E-01 +/- 4.62 % Gg(l=3) ave= 0.000E+00 +/- 0.00 %  % || D(l=0) ave= 4.250E+02 +/- 7.71 % D(l=1) ave= 1.975E+02 +/- 0.00 % D(l=2) ave= 1.383E+02 +/- 0.00 % D(l=3) ave= 0.000E+00 +/- 0.00 %  % || S(l=0) ave= 1.066E-04 +/- 4.71 % S(l=1) ave= 2.842E-04 +/- 8.03 % S(l=2) ave= 2.580E-05 +/- 16.13 % S(l=3) ave= 0.000E+00 +/- 0.00 % 
 ... random file  198 Cap(th)  ave= 1.184E+01 b. +/- 7.20 % || Ela(th) ave= 5.683E+00 b. +/- 9.07 % || RIcap ave= 5.24E+01 b. +/- 12.13 % || Macs30 ave= 2.81E-01 b. +/- 0.10 % || Gn^0(l=0) ave= 3.913E-02 +/- 2.01 % Gn^0(l=1) ave= 8.535E-02 +/- 8.00 % Gn^0(l=2) ave= 7.118E-03 +/- 16.09 % Gn^0(l=3) ave= 0.000E+00 +/- 0.00 % || Gtotal(l=0) ave= 1.416E+00 +/- 1.18 % Gtotal(l=1) ave= 1.797E-01 +/- 5.43 % Gtotal(l=2) ave= 1.660E-01 +/- 4.62 % Gtotal(l=3) ave= 0.000E+00 +/- 0.00 %  % || Gg(l=0) ave= 1.464E-01 +/- 7.70 % Gg(l=1) ave= 1.720E-01 +/- 5.67 % Gg(l=2) ave= 1.660E-01 +/- 4.62 % Gg(l=3) ave= 0.000E+00 +/- 0.00 %  % || D(l=0) ave= 4.249E+02 +/- 7.71 % D(l=1) ave= 1.975E+02 +/- 0.00 % D(l=2) ave= 1.383E+02 +/- 0.00 % D(l=3) ave= 0.000E+00 +/- 0.00 %  % || S(l=0) ave= 1.067E-04 +/- 4.71 % S(l=1) ave= 2.842E-04 +/- 8.01 % S(l=2) ave= 2.580E-05 +/- 16.09 % S(l=3) ave= 0.000E+00 +/- 0.00 % 
 ... random file  199 Cap(th)  ave= 1.183E+01 b. +/- 7.20 % || Ela(th) ave= 5.686E+00 b. +/- 9.07 % || RIcap ave= 5.24E+01 b. +/- 12.10 % || Macs30 ave= 2.81E-01 b. +/- 0.10 % || Gn^0(l=0) ave= 3.913E-02 +/- 2.00 % Gn^0(l=1) ave= 8.531E-02 +/- 8.01 % Gn^0(l=2) ave= 7.112E-03 +/- 16.11 % Gn^0(l=3) ave= 0.000E+00 +/- 0.00 % || Gtotal(l=0) ave= 1.416E+00 +/- 1.18 % Gtotal(l=1) ave= 1.798E-01 +/- 5.42 % Gtotal(l=2) ave= 1.660E-01 +/- 4.61 % Gtotal(l=3) ave= 0.000E+00 +/- 0.00 %  % || Gg(l=0) ave= 1.464E-01 +/- 7.68 % Gg(l=1) ave= 1.721E-01 +/- 5.66 % Gg(l=2) ave= 1.660E-01 +/- 4.61 % Gg(l=3) ave= 0.000E+00 +/- 0.00 %  % || D(l=0) ave= 4.251E+02 +/- 7.71 % D(l=1) ave= 1.975E+02 +/- 0.00 % D(l=2) ave= 1.383E+02 +/- 0.00 % D(l=3) ave= 0.000E+00 +/- 0.00 %  % || S(l=0) ave= 1.066E-04 +/- 4.72 % S(l=1) ave= 2.841E-04 +/- 8.02 % S(l=2) ave= 2.578E-05 +/- 16.11 % S(l=3) ave= 0.000E+00 +/- 0.00 % 
 ... random file  200 Cap(th)  ave= 1.184E+01 b. +/- 7.27 % || Ela(th) ave= 5.687E+00 b. +/- 9.06 % || RIcap ave= 5.24E+01 b. +/- 12.07 % || Macs30 ave= 2.81E-01 b. +/- 0.10 % || Gn^0(l=0) ave= 3.914E-02 +/- 2.00 % Gn^0(l=1) ave= 8.529E-02 +/- 8.00 % Gn^0(l=2) ave= 7.108E-03 +/- 16.10 % Gn^0(l=3) ave= 0.000E+00 +/- 0.00 % || Gtotal(l=0) ave= 1.416E+00 +/- 1.18 % Gtotal(l=1) ave= 1.798E-01 +/- 5.41 % Gtotal(l=2) ave= 1.661E-01 +/- 4.60 % Gtotal(l=3) ave= 0.000E+00 +/- 0.00 %  % || Gg(l=0) ave= 1.464E-01 +/- 7.66 % Gg(l=1) ave= 1.721E-01 +/- 5.65 % Gg(l=2) ave= 1.661E-01 +/- 4.60 % Gg(l=3) ave= 0.000E+00 +/- 0.00 %  % || D(l=0) ave= 4.252E+02 +/- 7.71 % D(l=1) ave= 1.975E+02 +/- 0.00 % D(l=2) ave= 1.383E+02 +/- 0.00 % D(l=3) ave= 0.000E+00 +/- 0.00 %  % || S(l=0) ave= 1.066E-04 +/- 4.72 % S(l=1) ave= 2.840E-04 +/- 8.02 % S(l=2) ave= 2.576E-05 +/- 16.10 % S(l=3) ave= 0.000E+00 +/- 0.00 % 
 ... random file  201 Cap(th)  ave= 1.184E+01 b. +/- 7.25 % || Ela(th) ave= 5.686E+00 b. +/- 9.04 % || RIcap ave= 5.24E+01 b. +/- 12.04 % || Macs30 ave= 2.81E-01 b. +/- 0.10 % || Gn^0(l=0) ave= 3.914E-02 +/- 2.00 % Gn^0(l=1) ave= 8.529E-02 +/- 7.98 % Gn^0(l=2) ave= 7.110E-03 +/- 16.06 % Gn^0(l=3) ave= 0.000E+00 +/- 0.00 % || Gtotal(l=0) ave= 1.416E+00 +/- 1.18 % Gtotal(l=1) ave= 1.797E-01 +/- 5.40 % Gtotal(l=2) ave= 1.660E-01 +/- 4.59 % Gtotal(l=3) ave= 0.000E+00 +/- 0.00 %  % || Gg(l=0) ave= 1.463E-01 +/- 7.66 % Gg(l=1) ave= 1.720E-01 +/- 5.64 % Gg(l=2) ave= 1.660E-01 +/- 4.59 % Gg(l=3) ave= 0.000E+00 +/- 0.00 %  % || D(l=0) ave= 4.251E+02 +/- 7.71 % D(l=1) ave= 1.975E+02 +/- 0.00 % D(l=2) ave= 1.383E+02 +/- 0.00 % D(l=3) ave= 0.000E+00 +/- 0.00 %  % || S(l=0) ave= 1.066E-04 +/- 4.72 % S(l=1) ave= 2.840E-04 +/- 8.00 % S(l=2) ave= 2.577E-05 +/- 16.06 % S(l=3) ave= 0.000E+00 +/- 0.00 % 
 ... random file  202 Cap(th)  ave= 1.184E+01 b. +/- 7.26 % || Ela(th) ave= 5.692E+00 b. +/- 9.16 % || RIcap ave= 5.24E+01 b. +/- 12.03 % || Macs30 ave= 2.81E-01 b. +/- 0.10 % || Gn^0(l=0) ave= 3.914E-02 +/- 2.00 % Gn^0(l=1) ave= 8.522E-02 +/- 8.07 % Gn^0(l=2) ave= 7.099E-03 +/- 16.21 % Gn^0(l=3) ave= 0.000E+00 +/- 0.00 % || Gtotal(l=0) ave= 1.416E+00 +/- 1.18 % Gtotal(l=1) ave= 1.797E-01 +/- 5.39 % Gtotal(l=2) ave= 1.661E-01 +/- 4.63 % Gtotal(l=3) ave= 0.000E+00 +/- 0.00 %  % || Gg(l=0) ave= 1.463E-01 +/- 7.64 % Gg(l=1) ave= 1.720E-01 +/- 5.63 % Gg(l=2) ave= 1.661E-01 +/- 4.63 % Gg(l=3) ave= 0.000E+00 +/- 0.00 %  % || D(l=0) ave= 4.253E+02 +/- 7.71 % D(l=1) ave= 1.975E+02 +/- 0.00 % D(l=2) ave= 1.383E+02 +/- 0.00 % D(l=3) ave= 0.000E+00 +/- 0.00 %  % || S(l=0) ave= 1.066E-04 +/- 4.72 % S(l=1) ave= 2.838E-04 +/- 8.08 % S(l=2) ave= 2.573E-05 +/- 16.21 % S(l=3) ave= 0.000E+00 +/- 0.00 % 
 ... random file  203 Cap(th)  ave= 1.184E+01 b. +/- 7.25 % || Ela(th) ave= 5.698E+00 b. +/- 9.23 % || RIcap ave= 5.24E+01 b. +/- 12.03 % || Macs30 ave= 2.81E-01 b. +/- 0.10 % || Gn^0(l=0) ave= 3.914E-02 +/- 2.00 % Gn^0(l=1) ave= 8.515E-02 +/- 8.13 % Gn^0(l=2) ave= 7.089E-03 +/- 16.32 % Gn^0(l=3) ave= 0.000E+00 +/- 0.00 % || Gtotal(l=0) ave= 1.416E+00 +/- 1.18 % Gtotal(l=1) ave= 1.797E-01 +/- 5.38 % Gtotal(l=2) ave= 1.661E-01 +/- 4.62 % Gtotal(l=3) ave= 0.000E+00 +/- 0.00 %  % || Gg(l=0) ave= 1.464E-01 +/- 7.63 % Gg(l=1) ave= 1.720E-01 +/- 5.62 % Gg(l=2) ave= 1.661E-01 +/- 4.62 % Gg(l=3) ave= 0.000E+00 +/- 0.00 %  % || D(l=0) ave= 4.251E+02 +/- 7.71 % D(l=1) ave= 1.975E+02 +/- 0.00 % D(l=2) ave= 1.383E+02 +/- 0.00 % D(l=3) ave= 0.000E+00 +/- 0.00 %  % || S(l=0) ave= 1.066E-04 +/- 4.72 % S(l=1) ave= 2.836E-04 +/- 8.14 % S(l=2) ave= 2.569E-05 +/- 16.32 % S(l=3) ave= 0.000E+00 +/- 0.00 % 
 ... random file  204 Cap(th)  ave= 1.183E+01 b. +/- 7.24 % || Ela(th) ave= 5.699E+00 b. +/- 9.22 % || RIcap ave= 5.23E+01 b. +/- 12.05 % || Macs30 ave= 2.81E-01 b. +/- 0.10 % || Gn^0(l=0) ave= 3.914E-02 +/- 2.00 % Gn^0(l=1) ave= 8.513E-02 +/- 8.12 % Gn^0(l=2) ave= 7.085E-03 +/- 16.30 % Gn^0(l=3) ave= 0.000E+00 +/- 0.00 % || Gtotal(l=0) ave= 1.416E+00 +/- 1.18 % Gtotal(l=1) ave= 1.797E-01 +/- 5.38 % Gtotal(l=2) ave= 1.661E-01 +/- 4.61 % Gtotal(l=3) ave= 0.000E+00 +/- 0.00 %  % || Gg(l=0) ave= 1.465E-01 +/- 7.65 % Gg(l=1) ave= 1.720E-01 +/- 5.62 % Gg(l=2) ave= 1.661E-01 +/- 4.61 % Gg(l=3) ave= 0.000E+00 +/- 0.00 %  % || D(l=0) ave= 4.253E+02 +/- 7.71 % D(l=1) ave= 1.975E+02 +/- 0.00 % D(l=2) ave= 1.383E+02 +/- 0.00 % D(l=3) ave= 0.000E+00 +/- 0.00 %  % || S(l=0) ave= 1.066E-04 +/- 4.73 % S(l=1) ave= 2.835E-04 +/- 8.13 % S(l=2) ave= 2.568E-05 +/- 16.30 % S(l=3) ave= 0.000E+00 +/- 0.00 % 
 ... random file  205 Cap(th)  ave= 1.183E+01 b. +/- 7.24 % || Ela(th) ave= 5.696E+00 b. +/- 9.24 % || RIcap ave= 5.23E+01 b. +/- 12.10 % || Macs30 ave= 2.81E-01 b. +/- 0.10 % || Gn^0(l=0) ave= 3.914E-02 +/- 2.00 % Gn^0(l=1) ave= 8.518E-02 +/- 8.13 % Gn^0(l=2) ave= 7.093E-03 +/- 16.33 % Gn^0(l=3) ave= 0.000E+00 +/- 0.00 % || Gtotal(l=0) ave= 1.416E+00 +/- 1.18 % Gtotal(l=1) ave= 1.797E-01 +/- 5.37 % Gtotal(l=2) ave= 1.661E-01 +/- 4.61 % Gtotal(l=3) ave= 0.000E+00 +/- 0.00 %  % || Gg(l=0) ave= 1.464E-01 +/- 7.65 % Gg(l=1) ave= 1.720E-01 +/- 5.61 % Gg(l=2) ave= 1.661E-01 +/- 4.61 % Gg(l=3) ave= 0.000E+00 +/- 0.00 %  % || D(l=0) ave= 4.251E+02 +/- 7.71 % D(l=1) ave= 1.975E+02 +/- 0.00 % D(l=2) ave= 1.383E+02 +/- 0.00 % D(l=3) ave= 0.000E+00 +/- 0.00 %  % || S(l=0) ave= 1.066E-04 +/- 4.72 % S(l=1) ave= 2.837E-04 +/- 8.14 % S(l=2) ave= 2.571E-05 +/- 16.33 % S(l=3) ave= 0.000E+00 +/- 0.00 % 
 ... random file  206 Cap(th)  ave= 1.183E+01 b. +/- 7.22 % || Ela(th) ave= 5.694E+00 b. +/- 9.23 % || RIcap ave= 5.23E+01 b. +/- 12.09 % || Macs30 ave= 2.81E-01 b. +/- 0.10 % || Gn^0(l=0) ave= 3.914E-02 +/- 2.00 % Gn^0(l=1) ave= 8.520E-02 +/- 8.11 % Gn^0(l=2) ave= 7.096E-03 +/- 16.29 % Gn^0(l=3) ave= 0.000E+00 +/- 0.00 % || Gtotal(l=0) ave= 1.416E+00 +/- 1.18 % Gtotal(l=1) ave= 1.796E-01 +/- 5.37 % Gtotal(l=2) ave= 1.662E-01 +/- 4.60 % Gtotal(l=3) ave= 0.000E+00 +/- 0.00 %  % || Gg(l=0) ave= 1.466E-01 +/- 7.76 % Gg(l=1) ave= 1.720E-01 +/- 5.61 % Gg(l=2) ave= 1.662E-01 +/- 4.60 % Gg(l=3) ave= 0.000E+00 +/- 0.00 %  % || D(l=0) ave= 4.253E+02 +/- 7.72 % D(l=1) ave= 1.975E+02 +/- 0.00 % D(l=2) ave= 1.383E+02 +/- 0.00 % D(l=3) ave= 0.000E+00 +/- 0.00 %  % || S(l=0) ave= 1.066E-04 +/- 4.72 % S(l=1) ave= 2.837E-04 +/- 8.13 % S(l=2) ave= 2.572E-05 +/- 16.29 % S(l=3) ave= 0.000E+00 +/- 0.00 % 
 ... random file  207 Cap(th)  ave= 1.184E+01 b. +/- 7.23 % || Ela(th) ave= 5.693E+00 b. +/- 9.22 % || RIcap ave= 5.23E+01 b. +/- 12.06 % || Macs30 ave= 2.81E-01 b. +/- 0.10 % || Gn^0(l=0) ave= 3.914E-02 +/- 2.00 % Gn^0(l=1) ave= 8.521E-02 +/- 8.10 % Gn^0(l=2) ave= 7.097E-03 +/- 16.25 % Gn^0(l=3) ave= 0.000E+00 +/- 0.00 % || Gtotal(l=0) ave= 1.417E+00 +/- 1.20 % Gtotal(l=1) ave= 1.797E-01 +/- 5.36 % Gtotal(l=2) ave= 1.661E-01 +/- 4.59 % Gtotal(l=3) ave= 0.000E+00 +/- 0.00 %  % || Gg(l=0) ave= 1.467E-01 +/- 7.83 % Gg(l=1) ave= 1.720E-01 +/- 5.60 % Gg(l=2) ave= 1.661E-01 +/- 4.59 % Gg(l=3) ave= 0.000E+00 +/- 0.00 %  % || D(l=0) ave= 4.252E+02 +/- 7.71 % D(l=1) ave= 1.975E+02 +/- 0.00 % D(l=2) ave= 1.383E+02 +/- 0.00 % D(l=3) ave= 0.000E+00 +/- 0.00 %  % || S(l=0) ave= 1.066E-04 +/- 4.73 % S(l=1) ave= 2.838E-04 +/- 8.11 % S(l=2) ave= 2.572E-05 +/- 16.25 % S(l=3) ave= 0.000E+00 +/- 0.00 % 
 ... random file  208 Cap(th)  ave= 1.184E+01 b. +/- 7.21 % || Ela(th) ave= 5.693E+00 b. +/- 9.19 % || RIcap ave= 5.23E+01 b. +/- 12.04 % || Macs30 ave= 2.81E-01 b. +/- 0.10 % || Gn^0(l=0) ave= 3.914E-02 +/- 2.00 % Gn^0(l=1) ave= 8.521E-02 +/- 8.08 % Gn^0(l=2) ave= 7.097E-03 +/- 16.21 % Gn^0(l=3) ave= 0.000E+00 +/- 0.00 % || Gtotal(l=0) ave= 1.416E+00 +/- 1.20 % Gtotal(l=1) ave= 1.797E-01 +/- 5.35 % Gtotal(l=2) ave= 1.662E-01 +/- 4.59 % Gtotal(l=3) ave= 0.000E+00 +/- 0.00 %  % || Gg(l=0) ave= 1.467E-01 +/- 7.81 % Gg(l=1) ave= 1.720E-01 +/- 5.59 % Gg(l=2) ave= 1.662E-01 +/- 4.59 % Gg(l=3) ave= 0.000E+00 +/- 0.00 %  % || D(l=0) ave= 4.253E+02 +/- 7.72 % D(l=1) ave= 1.975E+02 +/- 0.00 % D(l=2) ave= 1.383E+02 +/- 0.00 % D(l=3) ave= 0.000E+00 +/- 0.00 %  % || S(l=0) ave= 1.066E-04 +/- 4.73 % S(l=1) ave= 2.838E-04 +/- 8.09 % S(l=2) ave= 2.573E-05 +/- 16.21 % S(l=3) ave= 0.000E+00 +/- 0.00 % 
 ... random file  209 Cap(th)  ave= 1.184E+01 b. +/- 7.20 % || Ela(th) ave= 5.691E+00 b. +/- 9.19 % || RIcap ave= 5.23E+01 b. +/- 12.02 % || Macs30 ave= 2.81E-01 b. +/- 0.10 % || Gn^0(l=0) ave= 3.915E-02 +/- 2.00 % Gn^0(l=1) ave= 8.523E-02 +/- 8.06 % Gn^0(l=2) ave= 7.101E-03 +/- 16.18 % Gn^0(l=3) ave= 0.000E+00 +/- 0.00 % || Gtotal(l=0) ave= 1.416E+00 +/- 1.20 % Gtotal(l=1) ave= 1.796E-01 +/- 5.39 % Gtotal(l=2) ave= 1.662E-01 +/- 4.58 % Gtotal(l=3) ave= 0.000E+00 +/- 0.00 %  % || Gg(l=0) ave= 1.466E-01 +/- 7.85 % Gg(l=1) ave= 1.719E-01 +/- 5.63 % Gg(l=2) ave= 1.662E-01 +/- 4.58 % Gg(l=3) ave= 0.000E+00 +/- 0.00 %  % || D(l=0) ave= 4.255E+02 +/- 7.72 % D(l=1) ave= 1.975E+02 +/- 0.00 % D(l=2) ave= 1.383E+02 +/- 0.00 % D(l=3) ave= 0.000E+00 +/- 0.00 %  % || S(l=0) ave= 1.066E-04 +/- 4.73 % S(l=1) ave= 2.838E-04 +/- 8.07 % S(l=2) ave= 2.574E-05 +/- 16.18 % S(l=3) ave= 0.000E+00 +/- 0.00 % 
 ... random file  210 Cap(th)  ave= 1.183E+01 b. +/- 7.18 % || Ela(th) ave= 5.691E+00 b. +/- 9.16 % || RIcap ave= 5.23E+01 b. +/- 11.99 % || Macs30 ave= 2.81E-01 b. +/- 0.10 % || Gn^0(l=0) ave= 3.915E-02 +/- 2.00 % Gn^0(l=1) ave= 8.523E-02 +/- 8.04 % Gn^0(l=2) ave= 7.101E-03 +/- 16.14 % Gn^0(l=3) ave= 0.000E+00 +/- 0.00 % || Gtotal(l=0) ave= 1.416E+00 +/- 1.20 % Gtotal(l=1) ave= 1.796E-01 +/- 5.38 % Gtotal(l=2) ave= 1.662E-01 +/- 4.57 % Gtotal(l=3) ave= 0.000E+00 +/- 0.00 %  % || Gg(l=0) ave= 1.466E-01 +/- 7.83 % Gg(l=1) ave= 1.719E-01 +/- 5.62 % Gg(l=2) ave= 1.662E-01 +/- 4.57 % Gg(l=3) ave= 0.000E+00 +/- 0.00 %  % || D(l=0) ave= 4.257E+02 +/- 7.71 % D(l=1) ave= 1.975E+02 +/- 0.00 % D(l=2) ave= 1.383E+02 +/- 0.00 % D(l=3) ave= 0.000E+00 +/- 0.00 %  % || S(l=0) ave= 1.065E-04 +/- 4.74 % S(l=1) ave= 2.838E-04 +/- 8.05 % S(l=2) ave= 2.574E-05 +/- 16.14 % S(l=3) ave= 0.000E+00 +/- 0.00 % 
 ... random file  211 Cap(th)  ave= 1.183E+01 b. +/- 7.17 % || Ela(th) ave= 5.694E+00 b. +/- 9.18 % || RIcap ave= 5.23E+01 b. +/- 11.97 % || Macs30 ave= 2.81E-01 b. +/- 0.10 % || Gn^0(l=0) ave= 3.916E-02 +/- 2.00 % Gn^0(l=1) ave= 8.519E-02 +/- 8.05 % Gn^0(l=2) ave= 7.095E-03 +/- 16.17 % Gn^0(l=3) ave= 0.000E+00 +/- 0.00 % || Gtotal(l=0) ave= 1.416E+00 +/- 1.20 % Gtotal(l=1) ave= 1.796E-01 +/- 5.37 % Gtotal(l=2) ave= 1.662E-01 +/- 4.56 % Gtotal(l=3) ave= 0.000E+00 +/- 0.00 %  % || Gg(l=0) ave= 1.467E-01 +/- 7.82 % Gg(l=1) ave= 1.719E-01 +/- 5.61 % Gg(l=2) ave= 1.662E-01 +/- 4.56 % Gg(l=3) ave= 0.000E+00 +/- 0.00 %  % || D(l=0) ave= 4.258E+02 +/- 7.71 % D(l=1) ave= 1.975E+02 +/- 0.00 % D(l=2) ave= 1.383E+02 +/- 0.00 % D(l=3) ave= 0.000E+00 +/- 0.00 %  % || S(l=0) ave= 1.065E-04 +/- 4.75 % S(l=1) ave= 2.837E-04 +/- 8.07 % S(l=2) ave= 2.572E-05 +/- 16.17 % S(l=3) ave= 0.000E+00 +/- 0.00 % 
 ... random file  212 Cap(th)  ave= 1.184E+01 b. +/- 7.17 % || Ela(th) ave= 5.692E+00 b. +/- 9.17 % || RIcap ave= 5.23E+01 b. +/- 11.94 % || Macs30 ave= 2.81E-01 b. +/- 0.10 % || Gn^0(l=0) ave= 3.915E-02 +/- 1.99 % Gn^0(l=1) ave= 8.522E-02 +/- 8.04 % Gn^0(l=2) ave= 7.099E-03 +/- 16.14 % Gn^0(l=3) ave= 0.000E+00 +/- 0.00 % || Gtotal(l=0) ave= 1.416E+00 +/- 1.20 % Gtotal(l=1) ave= 1.797E-01 +/- 5.36 % Gtotal(l=2) ave= 1.662E-01 +/- 4.55 % Gtotal(l=3) ave= 0.000E+00 +/- 0.00 %  % || Gg(l=0) ave= 1.466E-01 +/- 7.82 % Gg(l=1) ave= 1.720E-01 +/- 5.60 % Gg(l=2) ave= 1.662E-01 +/- 4.55 % Gg(l=3) ave= 0.000E+00 +/- 0.00 %  % || D(l=0) ave= 4.257E+02 +/- 7.71 % D(l=1) ave= 1.975E+02 +/- 0.00 % D(l=2) ave= 1.383E+02 +/- 0.00 % D(l=3) ave= 0.000E+00 +/- 0.00 %  % || S(l=0) ave= 1.065E-04 +/- 4.74 % S(l=1) ave= 2.838E-04 +/- 8.06 % S(l=2) ave= 2.573E-05 +/- 16.14 % S(l=3) ave= 0.000E+00 +/- 0.00 % 
 ... random file  213 Cap(th)  ave= 1.184E+01 b. +/- 7.16 % || Ela(th) ave= 5.687E+00 b. +/- 9.26 % || RIcap ave= 5.23E+01 b. +/- 11.98 % || Macs30 ave= 2.81E-01 b. +/- 0.10 % || Gn^0(l=0) ave= 3.915E-02 +/- 1.99 % Gn^0(l=1) ave= 8.529E-02 +/- 8.12 % Gn^0(l=2) ave= 7.113E-03 +/- 16.33 % Gn^0(l=3) ave= 0.000E+00 +/- 0.00 % || Gtotal(l=0) ave= 1.416E+00 +/- 1.20 % Gtotal(l=1) ave= 1.796E-01 +/- 5.36 % Gtotal(l=2) ave= 1.661E-01 +/- 4.55 % Gtotal(l=3) ave= 0.000E+00 +/- 0.00 %  % || Gg(l=0) ave= 1.466E-01 +/- 7.80 % Gg(l=1) ave= 1.719E-01 +/- 5.60 % Gg(l=2) ave= 1.661E-01 +/- 4.55 % Gg(l=3) ave= 0.000E+00 +/- 0.00 %  % || D(l=0) ave= 4.256E+02 +/- 7.72 % D(l=1) ave= 1.975E+02 +/- 0.00 % D(l=2) ave= 1.383E+02 +/- 0.00 % D(l=3) ave= 0.000E+00 +/- 0.00 %  % || S(l=0) ave= 1.066E-04 +/- 4.74 % S(l=1) ave= 2.840E-04 +/- 8.14 % S(l=2) ave= 2.578E-05 +/- 16.33 % S(l=3) ave= 0.000E+00 +/- 0.00 % 
 ... random file  214 Cap(th)  ave= 1.184E+01 b. +/- 7.15 % || Ela(th) ave= 5.686E+00 b. +/- 9.24 % || RIcap ave= 5.23E+01 b. +/- 11.95 % || Macs30 ave= 2.81E-01 b. +/- 0.10 % || Gn^0(l=0) ave= 3.914E-02 +/- 2.00 % Gn^0(l=1) ave= 8.530E-02 +/- 8.10 % Gn^0(l=2) ave= 7.114E-03 +/- 16.29 % Gn^0(l=3) ave= 0.000E+00 +/- 0.00 % || Gtotal(l=0) ave= 1.416E+00 +/- 1.19 % Gtotal(l=1) ave= 1.796E-01 +/- 5.35 % Gtotal(l=2) ave= 1.661E-01 +/- 4.54 % Gtotal(l=3) ave= 0.000E+00 +/- 0.00 %  % || Gg(l=0) ave= 1.466E-01 +/- 7.78 % Gg(l=1) ave= 1.719E-01 +/- 5.59 % Gg(l=2) ave= 1.661E-01 +/- 4.54 % Gg(l=3) ave= 0.000E+00 +/- 0.00 %  % || D(l=0) ave= 4.254E+02 +/- 7.72 % D(l=1) ave= 1.975E+02 +/- 0.00 % D(l=2) ave= 1.383E+02 +/- 0.00 % D(l=3) ave= 0.000E+00 +/- 0.00 %  % || S(l=0) ave= 1.066E-04 +/- 4.74 % S(l=1) ave= 2.841E-04 +/- 8.12 % S(l=2) ave= 2.579E-05 +/- 16.29 % S(l=3) ave= 0.000E+00 +/- 0.00 % 
 ... random file  215 Cap(th)  ave= 1.184E+01 b. +/- 7.13 % || Ela(th) ave= 5.687E+00 b. +/- 9.22 % || RIcap ave= 5.22E+01 b. +/- 11.94 % || Macs30 ave= 2.81E-01 b. +/- 0.10 % || Gn^0(l=0) ave= 3.914E-02 +/- 1.99 % Gn^0(l=1) ave= 8.528E-02 +/- 8.09 % Gn^0(l=2) ave= 7.111E-03 +/- 16.27 % Gn^0(l=3) ave= 0.000E+00 +/- 0.00 % || Gtotal(l=0) ave= 1.416E+00 +/- 1.19 % Gtotal(l=1) ave= 1.796E-01 +/- 5.35 % Gtotal(l=2) ave= 1.662E-01 +/- 4.56 % Gtotal(l=3) ave= 0.000E+00 +/- 0.00 %  % || Gg(l=0) ave= 1.465E-01 +/- 7.81 % Gg(l=1) ave= 1.719E-01 +/- 5.58 % Gg(l=2) ave= 1.662E-01 +/- 4.56 % Gg(l=3) ave= 0.000E+00 +/- 0.00 %  % || D(l=0) ave= 4.253E+02 +/- 7.71 % D(l=1) ave= 1.975E+02 +/- 0.00 % D(l=2) ave= 1.383E+02 +/- 0.00 % D(l=3) ave= 0.000E+00 +/- 0.00 %  % || S(l=0) ave= 1.066E-04 +/- 4.74 % S(l=1) ave= 2.840E-04 +/- 8.10 % S(l=2) ave= 2.578E-05 +/- 16.26 % S(l=3) ave= 0.000E+00 +/- 0.00 % 
 ... random file  216 Cap(th)  ave= 1.184E+01 b. +/- 7.13 % || Ela(th) ave= 5.685E+00 b. +/- 9.21 % || RIcap ave= 5.23E+01 b. +/- 11.94 % || Macs30 ave= 2.81E-01 b. +/- 0.10 % || Gn^0(l=0) ave= 3.915E-02 +/- 1.99 % Gn^0(l=1) ave= 8.530E-02 +/- 8.07 % Gn^0(l=2) ave= 7.113E-03 +/- 16.23 % Gn^0(l=3) ave= 0.000E+00 +/- 0.00 % || Gtotal(l=0) ave= 1.416E+00 +/- 1.19 % Gtotal(l=1) ave= 1.796E-01 +/- 5.33 % Gtotal(l=2) ave= 1.662E-01 +/- 4.55 % Gtotal(l=3) ave= 0.000E+00 +/- 0.00 %  % || Gg(l=0) ave= 1.465E-01 +/- 7.79 % Gg(l=1) ave= 1.719E-01 +/- 5.57 % Gg(l=2) ave= 1.662E-01 +/- 4.55 % Gg(l=3) ave= 0.000E+00 +/- 0.00 %  % || D(l=0) ave= 4.254E+02 +/- 7.72 % D(l=1) ave= 1.975E+02 +/- 0.00 % D(l=2) ave= 1.383E+02 +/- 0.00 % D(l=3) ave= 0.000E+00 +/- 0.00 %  % || S(l=0) ave= 1.066E-04 +/- 4.74 % S(l=1) ave= 2.841E-04 +/- 8.09 % S(l=2) ave= 2.578E-05 +/- 16.23 % S(l=3) ave= 0.000E+00 +/- 0.00 % 
 ... random file  217 Cap(th)  ave= 1.184E+01 b. +/- 7.12 % || Ela(th) ave= 5.686E+00 b. +/- 9.19 % || RIcap ave= 5.23E+01 b. +/- 11.92 % || Macs30 ave= 2.81E-01 b. +/- 0.10 % || Gn^0(l=0) ave= 3.915E-02 +/- 1.99 % Gn^0(l=1) ave= 8.528E-02 +/- 8.06 % Gn^0(l=2) ave= 7.111E-03 +/- 16.20 % Gn^0(l=3) ave= 0.000E+00 +/- 0.00 % || Gtotal(l=0) ave= 1.416E+00 +/- 1.19 % Gtotal(l=1) ave= 1.795E-01 +/- 5.32 % Gtotal(l=2) ave= 1.662E-01 +/- 4.55 % Gtotal(l=3) ave= 0.000E+00 +/- 0.00 %  % || Gg(l=0) ave= 1.465E-01 +/- 7.78 % Gg(l=1) ave= 1.718E-01 +/- 5.56 % Gg(l=2) ave= 1.662E-01 +/- 4.55 % Gg(l=3) ave= 0.000E+00 +/- 0.00 %  % || D(l=0) ave= 4.253E+02 +/- 7.72 % D(l=1) ave= 1.975E+02 +/- 0.00 % D(l=2) ave= 1.383E+02 +/- 0.00 % D(l=3) ave= 0.000E+00 +/- 0.00 %  % || S(l=0) ave= 1.066E-04 +/- 4.74 % S(l=1) ave= 2.840E-04 +/- 8.07 % S(l=2) ave= 2.578E-05 +/- 16.20 % S(l=3) ave= 0.000E+00 +/- 0.00 % 
 ... random file  218 Cap(th)  ave= 1.184E+01 b. +/- 7.11 % || Ela(th) ave= 5.684E+00 b. +/- 9.18 % || RIcap ave= 5.23E+01 b. +/- 11.97 % || Macs30 ave= 2.81E-01 b. +/- 0.10 % || Gn^0(l=0) ave= 3.914E-02 +/- 1.99 % Gn^0(l=1) ave= 8.530E-02 +/- 8.04 % Gn^0(l=2) ave= 7.114E-03 +/- 16.17 % Gn^0(l=3) ave= 0.000E+00 +/- 0.00 % || Gtotal(l=0) ave= 1.416E+00 +/- 1.19 % Gtotal(l=1) ave= 1.795E-01 +/- 5.34 % Gtotal(l=2) ave= 1.662E-01 +/- 4.54 % Gtotal(l=3) ave= 0.000E+00 +/- 0.00 %  % || Gg(l=0) ave= 1.464E-01 +/- 7.83 % Gg(l=1) ave= 1.718E-01 +/- 5.58 % Gg(l=2) ave= 1.662E-01 +/- 4.54 % Gg(l=3) ave= 0.000E+00 +/- 0.00 %  % || D(l=0) ave= 4.252E+02 +/- 7.71 % D(l=1) ave= 1.975E+02 +/- 0.00 % D(l=2) ave= 1.383E+02 +/- 0.00 % D(l=3) ave= 0.000E+00 +/- 0.00 %  % || S(l=0) ave= 1.066E-04 +/- 4.74 % S(l=1) ave= 2.841E-04 +/- 8.06 % S(l=2) ave= 2.578E-05 +/- 16.17 % S(l=3) ave= 0.000E+00 +/- 0.00 % 
 ... random file  219 Cap(th)  ave= 1.184E+01 b. +/- 7.09 % || Ela(th) ave= 5.686E+00 b. +/- 9.16 % || RIcap ave= 5.23E+01 b. +/- 11.94 % || Macs30 ave= 2.81E-01 b. +/- 0.10 % || Gn^0(l=0) ave= 3.915E-02 +/- 1.99 % Gn^0(l=1) ave= 8.528E-02 +/- 8.03 % Gn^0(l=2) ave= 7.111E-03 +/- 16.15 % Gn^0(l=3) ave= 0.000E+00 +/- 0.00 % || Gtotal(l=0) ave= 1.416E+00 +/- 1.19 % Gtotal(l=1) ave= 1.795E-01 +/- 5.33 % Gtotal(l=2) ave= 1.662E-01 +/- 4.55 % Gtotal(l=3) ave= 0.000E+00 +/- 0.00 %  % || Gg(l=0) ave= 1.463E-01 +/- 7.85 % Gg(l=1) ave= 1.718E-01 +/- 5.57 % Gg(l=2) ave= 1.662E-01 +/- 4.55 % Gg(l=3) ave= 0.000E+00 +/- 0.00 %  % || D(l=0) ave= 4.253E+02 +/- 7.72 % D(l=1) ave= 1.975E+02 +/- 0.00 % D(l=2) ave= 1.383E+02 +/- 0.00 % D(l=3) ave= 0.000E+00 +/- 0.00 %  % || S(l=0) ave= 1.066E-04 +/- 4.75 % S(l=1) ave= 2.840E-04 +/- 8.05 % S(l=2) ave= 2.577E-05 +/- 16.15 % S(l=3) ave= 0.000E+00 +/- 0.00 % 
 ... random file  220 Cap(th)  ave= 1.184E+01 b. +/- 7.09 % || Ela(th) ave= 5.683E+00 b. +/- 9.16 % || RIcap ave= 5.22E+01 b. +/- 11.97 % || Macs30 ave= 2.81E-01 b. +/- 0.10 % || Gn^0(l=0) ave= 3.914E-02 +/- 1.98 % Gn^0(l=1) ave= 8.530E-02 +/- 8.02 % Gn^0(l=2) ave= 7.114E-03 +/- 16.13 % Gn^0(l=3) ave= 0.000E+00 +/- 0.00 % || Gtotal(l=0) ave= 1.416E+00 +/- 1.19 % Gtotal(l=1) ave= 1.795E-01 +/- 5.32 % Gtotal(l=2) ave= 1.661E-01 +/- 4.55 % Gtotal(l=3) ave= 0.000E+00 +/- 0.00 %  % || Gg(l=0) ave= 1.462E-01 +/- 7.99 % Gg(l=1) ave= 1.718E-01 +/- 5.56 % Gg(l=2) ave= 1.661E-01 +/- 4.55 % Gg(l=3) ave= 0.000E+00 +/- 0.00 %  % || D(l=0) ave= 4.252E+02 +/- 7.71 % D(l=1) ave= 1.975E+02 +/- 0.00 % D(l=2) ave= 1.383E+02 +/- 0.00 % D(l=3) ave= 0.000E+00 +/- 0.00 %  % || S(l=0) ave= 1.066E-04 +/- 4.74 % S(l=1) ave= 2.841E-04 +/- 8.03 % S(l=2) ave= 2.579E-05 +/- 16.13 % S(l=3) ave= 0.000E+00 +/- 0.00 % 
 ... random file  221 Cap(th)  ave= 1.184E+01 b. +/- 7.08 % || Ela(th) ave= 5.683E+00 b. +/- 9.14 % || RIcap ave= 5.22E+01 b. +/- 11.94 % || Macs30 ave= 2.81E-01 b. +/- 0.10 % || Gn^0(l=0) ave= 3.914E-02 +/- 1.98 % Gn^0(l=1) ave= 8.530E-02 +/- 8.00 % Gn^0(l=2) ave= 7.114E-03 +/- 16.09 % Gn^0(l=3) ave= 0.000E+00 +/- 0.00 % || Gtotal(l=0) ave= 1.416E+00 +/- 1.20 % Gtotal(l=1) ave= 1.795E-01 +/- 5.32 % Gtotal(l=2) ave= 1.661E-01 +/- 4.55 % Gtotal(l=3) ave= 0.000E+00 +/- 0.00 %  % || Gg(l=0) ave= 1.462E-01 +/- 7.99 % Gg(l=1) ave= 1.718E-01 +/- 5.56 % Gg(l=2) ave= 1.661E-01 +/- 4.55 % Gg(l=3) ave= 0.000E+00 +/- 0.00 %  % || D(l=0) ave= 4.251E+02 +/- 7.71 % D(l=1) ave= 1.975E+02 +/- 0.00 % D(l=2) ave= 1.383E+02 +/- 0.00 % D(l=3) ave= 0.000E+00 +/- 0.00 %  % || S(l=0) ave= 1.066E-04 +/- 4.74 % S(l=1) ave= 2.841E-04 +/- 8.02 % S(l=2) ave= 2.579E-05 +/- 16.09 % S(l=3) ave= 0.000E+00 +/- 0.00 % 
 ... random file  222 Cap(th)  ave= 1.184E+01 b. +/- 7.07 % || Ela(th) ave= 5.687E+00 b. +/- 9.18 % || RIcap ave= 5.22E+01 b. +/- 11.92 % || Macs30 ave= 2.81E-01 b. +/- 0.10 % || Gn^0(l=0) ave= 3.914E-02 +/- 1.98 % Gn^0(l=1) ave= 8.526E-02 +/- 8.03 % Gn^0(l=2) ave= 7.107E-03 +/- 16.14 % Gn^0(l=3) ave= 0.000E+00 +/- 0.00 % || Gtotal(l=0) ave= 1.416E+00 +/- 1.20 % Gtotal(l=1) ave= 1.794E-01 +/- 5.31 % Gtotal(l=2) ave= 1.661E-01 +/- 4.54 % Gtotal(l=3) ave= 0.000E+00 +/- 0.00 %  % || Gg(l=0) ave= 1.462E-01 +/- 7.97 % Gg(l=1) ave= 1.717E-01 +/- 5.55 % Gg(l=2) ave= 1.661E-01 +/- 4.54 % Gg(l=3) ave= 0.000E+00 +/- 0.00 %  % || D(l=0) ave= 4.252E+02 +/- 7.71 % D(l=1) ave= 1.975E+02 +/- 0.00 % D(l=2) ave= 1.383E+02 +/- 0.00 % D(l=3) ave= 0.000E+00 +/- 0.00 %  % || S(l=0) ave= 1.066E-04 +/- 4.75 % S(l=1) ave= 2.839E-04 +/- 8.04 % S(l=2) ave= 2.576E-05 +/- 16.14 % S(l=3) ave= 0.000E+00 +/- 0.00 % 
 ... random file  223 Cap(th)  ave= 1.184E+01 b. +/- 7.05 % || Ela(th) ave= 5.684E+00 b. +/- 9.21 % || RIcap ave= 5.22E+01 b. +/- 11.89 % || Macs30 ave= 2.81E-01 b. +/- 0.10 % || Gn^0(l=0) ave= 3.914E-02 +/- 1.98 % Gn^0(l=1) ave= 8.530E-02 +/- 8.05 % Gn^0(l=2) ave= 7.115E-03 +/- 16.17 % Gn^0(l=3) ave= 0.000E+00 +/- 0.00 % || Gtotal(l=0) ave= 1.416E+00 +/- 1.21 % Gtotal(l=1) ave= 1.794E-01 +/- 5.32 % Gtotal(l=2) ave= 1.661E-01 +/- 4.53 % Gtotal(l=3) ave= 0.000E+00 +/- 0.00 %  % || Gg(l=0) ave= 1.462E-01 +/- 7.97 % Gg(l=1) ave= 1.717E-01 +/- 5.55 % Gg(l=2) ave= 1.661E-01 +/- 4.53 % Gg(l=3) ave= 0.000E+00 +/- 0.00 %  % || D(l=0) ave= 4.251E+02 +/- 7.71 % D(l=1) ave= 1.975E+02 +/- 0.00 % D(l=2) ave= 1.383E+02 +/- 0.00 % D(l=3) ave= 0.000E+00 +/- 0.00 %  % || S(l=0) ave= 1.066E-04 +/- 4.75 % S(l=1) ave= 2.841E-04 +/- 8.06 % S(l=2) ave= 2.579E-05 +/- 16.17 % S(l=3) ave= 0.000E+00 +/- 0.00 % 
 ... random file  224 Cap(th)  ave= 1.183E+01 b. +/- 7.06 % || Ela(th) ave= 5.682E+00 b. +/- 9.21 % || RIcap ave= 5.22E+01 b. +/- 11.87 % || Macs30 ave= 2.81E-01 b. +/- 0.10 % || Gn^0(l=0) ave= 3.915E-02 +/- 1.97 % Gn^0(l=1) ave= 8.533E-02 +/- 8.04 % Gn^0(l=2) ave= 7.119E-03 +/- 16.15 % Gn^0(l=3) ave= 0.000E+00 +/- 0.00 % || Gtotal(l=0) ave= 1.416E+00 +/- 1.21 % Gtotal(l=1) ave= 1.794E-01 +/- 5.30 % Gtotal(l=2) ave= 1.661E-01 +/- 4.52 % Gtotal(l=3) ave= 0.000E+00 +/- 0.00 %  % || Gg(l=0) ave= 1.463E-01 +/- 7.96 % Gg(l=1) ave= 1.717E-01 +/- 5.54 % Gg(l=2) ave= 1.661E-01 +/- 4.52 % Gg(l=3) ave= 0.000E+00 +/- 0.00 %  % || D(l=0) ave= 4.252E+02 +/- 7.71 % D(l=1) ave= 1.975E+02 +/- 0.00 % D(l=2) ave= 1.383E+02 +/- 0.00 % D(l=3) ave= 0.000E+00 +/- 0.00 %  % || S(l=0) ave= 1.066E-04 +/- 4.76 % S(l=1) ave= 2.842E-04 +/- 8.05 % S(l=2) ave= 2.581E-05 +/- 16.15 % S(l=3) ave= 0.000E+00 +/- 0.00 % 
 ... random file  225 Cap(th)  ave= 1.184E+01 b. +/- 7.06 % || Ela(th) ave= 5.684E+00 b. +/- 9.20 % || RIcap ave= 5.22E+01 b. +/- 11.85 % || Macs30 ave= 2.81E-01 b. +/- 0.10 % || Gn^0(l=0) ave= 3.914E-02 +/- 1.98 % Gn^0(l=1) ave= 8.531E-02 +/- 8.03 % Gn^0(l=2) ave= 7.116E-03 +/- 16.14 % Gn^0(l=3) ave= 0.000E+00 +/- 0.00 % || Gtotal(l=0) ave= 1.416E+00 +/- 1.20 % Gtotal(l=1) ave= 1.794E-01 +/- 5.29 % Gtotal(l=2) ave= 1.661E-01 +/- 4.51 % Gtotal(l=3) ave= 0.000E+00 +/- 0.00 %  % || Gg(l=0) ave= 1.463E-01 +/- 7.96 % Gg(l=1) ave= 1.717E-01 +/- 5.53 % Gg(l=2) ave= 1.661E-01 +/- 4.51 % Gg(l=3) ave= 0.000E+00 +/- 0.00 %  % || D(l=0) ave= 4.251E+02 +/- 7.71 % D(l=1) ave= 1.975E+02 +/- 0.00 % D(l=2) ave= 1.383E+02 +/- 0.00 % D(l=3) ave= 0.000E+00 +/- 0.00 %  % || S(l=0) ave= 1.066E-04 +/- 4.75 % S(l=1) ave= 2.841E-04 +/- 8.05 % S(l=2) ave= 2.579E-05 +/- 16.14 % S(l=3) ave= 0.000E+00 +/- 0.00 % 
 ... random file  226 Cap(th)  ave= 1.184E+01 b. +/- 7.08 % || Ela(th) ave= 5.685E+00 b. +/- 9.18 % || RIcap ave= 5.23E+01 b. +/- 12.07 % || Macs30 ave= 2.81E-01 b. +/- 0.10 % || Gn^0(l=0) ave= 3.914E-02 +/- 1.98 % Gn^0(l=1) ave= 8.529E-02 +/- 8.03 % Gn^0(l=2) ave= 7.112E-03 +/- 16.14 % Gn^0(l=3) ave= 0.000E+00 +/- 0.00 % || Gtotal(l=0) ave= 1.416E+00 +/- 1.21 % Gtotal(l=1) ave= 1.794E-01 +/- 5.28 % Gtotal(l=2) ave= 1.661E-01 +/- 4.53 % Gtotal(l=3) ave= 0.000E+00 +/- 0.00 %  % || Gg(l=0) ave= 1.464E-01 +/- 8.03 % Gg(l=1) ave= 1.717E-01 +/- 5.52 % Gg(l=2) ave= 1.661E-01 +/- 4.53 % Gg(l=3) ave= 0.000E+00 +/- 0.00 %  % || D(l=0) ave= 4.250E+02 +/- 7.71 % D(l=1) ave= 1.975E+02 +/- 0.00 % D(l=2) ave= 1.383E+02 +/- 0.00 % D(l=3) ave= 0.000E+00 +/- 0.00 %  % || S(l=0) ave= 1.067E-04 +/- 4.75 % S(l=1) ave= 2.840E-04 +/- 8.04 % S(l=2) ave= 2.578E-05 +/- 16.13 % S(l=3) ave= 0.000E+00 +/- 0.00 % 
 ... random file  227 Cap(th)  ave= 1.184E+01 b. +/- 7.09 % || Ela(th) ave= 5.687E+00 b. +/- 9.18 % || RIcap ave= 5.23E+01 b. +/- 12.06 % || Macs30 ave= 2.81E-01 b. +/- 0.10 % || Gn^0(l=0) ave= 3.914E-02 +/- 1.98 % Gn^0(l=1) ave= 8.527E-02 +/- 8.02 % Gn^0(l=2) ave= 7.108E-03 +/- 16.14 % Gn^0(l=3) ave= 0.000E+00 +/- 0.00 % || Gtotal(l=0) ave= 1.416E+00 +/- 1.21 % Gtotal(l=1) ave= 1.795E-01 +/- 5.34 % Gtotal(l=2) ave= 1.661E-01 +/- 4.53 % Gtotal(l=3) ave= 0.000E+00 +/- 0.00 %  % || Gg(l=0) ave= 1.464E-01 +/- 8.02 % Gg(l=1) ave= 1.718E-01 +/- 5.58 % Gg(l=2) ave= 1.661E-01 +/- 4.53 % Gg(l=3) ave= 0.000E+00 +/- 0.00 %  % || D(l=0) ave= 4.251E+02 +/- 7.71 % D(l=1) ave= 1.975E+02 +/- 0.00 % D(l=2) ave= 1.383E+02 +/- 0.00 % D(l=3) ave= 0.000E+00 +/- 0.00 %  % || S(l=0) ave= 1.066E-04 +/- 4.75 % S(l=1) ave= 2.840E-04 +/- 8.03 % S(l=2) ave= 2.576E-05 +/- 16.14 % S(l=3) ave= 0.000E+00 +/- 0.00 % 
 ... random file  228 Cap(th)  ave= 1.184E+01 b. +/- 7.08 % || Ela(th) ave= 5.687E+00 b. +/- 9.16 % || RIcap ave= 5.23E+01 b. +/- 12.03 % || Macs30 ave= 2.81E-01 b. +/- 0.10 % || Gn^0(l=0) ave= 3.914E-02 +/- 1.98 % Gn^0(l=1) ave= 8.527E-02 +/- 8.01 % Gn^0(l=2) ave= 7.109E-03 +/- 16.10 % Gn^0(l=3) ave= 0.000E+00 +/- 0.00 % || Gtotal(l=0) ave= 1.416E+00 +/- 1.21 % Gtotal(l=1) ave= 1.794E-01 +/- 5.34 % Gtotal(l=2) ave= 1.661E-01 +/- 4.53 % Gtotal(l=3) ave= 0.000E+00 +/- 0.00 %  % || Gg(l=0) ave= 1.463E-01 +/- 8.03 % Gg(l=1) ave= 1.717E-01 +/- 5.58 % Gg(l=2) ave= 1.661E-01 +/- 4.53 % Gg(l=3) ave= 0.000E+00 +/- 0.00 %  % || D(l=0) ave= 4.250E+02 +/- 7.71 % D(l=1) ave= 1.975E+02 +/- 0.00 % D(l=2) ave= 1.383E+02 +/- 0.00 % D(l=3) ave= 0.000E+00 +/- 0.00 %  % || S(l=0) ave= 1.066E-04 +/- 4.75 % S(l=1) ave= 2.840E-04 +/- 8.02 % S(l=2) ave= 2.577E-05 +/- 16.10 % S(l=3) ave= 0.000E+00 +/- 0.00 % 
 ... random file  229 Cap(th)  ave= 1.184E+01 b. +/- 7.08 % || Ela(th) ave= 5.685E+00 b. +/- 9.16 % || RIcap ave= 5.23E+01 b. +/- 12.04 % || Macs30 ave= 2.81E-01 b. +/- 0.10 % || Gn^0(l=0) ave= 3.913E-02 +/- 1.98 % Gn^0(l=1) ave= 8.530E-02 +/- 8.00 % Gn^0(l=2) ave= 7.113E-03 +/- 16.09 % Gn^0(l=3) ave= 0.000E+00 +/- 0.00 % || Gtotal(l=0) ave= 1.416E+00 +/- 1.21 % Gtotal(l=1) ave= 1.794E-01 +/- 5.33 % Gtotal(l=2) ave= 1.661E-01 +/- 4.53 % Gtotal(l=3) ave= 0.000E+00 +/- 0.00 %  % || Gg(l=0) ave= 1.463E-01 +/- 8.01 % Gg(l=1) ave= 1.717E-01 +/- 5.57 % Gg(l=2) ave= 1.661E-01 +/- 4.53 % Gg(l=3) ave= 0.000E+00 +/- 0.00 %  % || D(l=0) ave= 4.249E+02 +/- 7.71 % D(l=1) ave= 1.975E+02 +/- 0.00 % D(l=2) ave= 1.383E+02 +/- 0.00 % D(l=3) ave= 0.000E+00 +/- 0.00 %  % || S(l=0) ave= 1.067E-04 +/- 4.75 % S(l=1) ave= 2.841E-04 +/- 8.01 % S(l=2) ave= 2.578E-05 +/- 16.09 % S(l=3) ave= 0.000E+00 +/- 0.00 % 
 ... random file  230 Cap(th)  ave= 1.184E+01 b. +/- 7.07 % || Ela(th) ave= 5.680E+00 b. +/- 9.23 % || RIcap ave= 5.23E+01 b. +/- 12.03 % || Macs30 ave= 2.81E-01 b. +/- 0.10 % || Gn^0(l=0) ave= 3.913E-02 +/- 1.98 % Gn^0(l=1) ave= 8.537E-02 +/- 8.07 % Gn^0(l=2) ave= 7.125E-03 +/- 16.22 % Gn^0(l=3) ave= 0.000E+00 +/- 0.00 % || Gtotal(l=0) ave= 1.416E+00 +/- 1.21 % Gtotal(l=1) ave= 1.795E-01 +/- 5.35 % Gtotal(l=2) ave= 1.661E-01 +/- 4.52 % Gtotal(l=3) ave= 0.000E+00 +/- 0.00 %  % || Gg(l=0) ave= 1.464E-01 +/- 8.02 % Gg(l=1) ave= 1.718E-01 +/- 5.59 % Gg(l=2) ave= 1.661E-01 +/- 4.52 % Gg(l=3) ave= 0.000E+00 +/- 0.00 %  % || D(l=0) ave= 4.247E+02 +/- 7.71 % D(l=1) ave= 1.975E+02 +/- 0.00 % D(l=2) ave= 1.383E+02 +/- 0.00 % D(l=3) ave= 0.000E+00 +/- 0.00 %  % || S(l=0) ave= 1.067E-04 +/- 4.74 % S(l=1) ave= 2.843E-04 +/- 8.09 % S(l=2) ave= 2.583E-05 +/- 16.22 % S(l=3) ave= 0.000E+00 +/- 0.00 % 
 ... random file  231 Cap(th)  ave= 1.183E+01 b. +/- 7.10 % || Ela(th) ave= 5.679E+00 b. +/- 9.21 % || RIcap ave= 5.23E+01 b. +/- 12.02 % || Macs30 ave= 2.81E-01 b. +/- 0.10 % || Gn^0(l=0) ave= 3.913E-02 +/- 1.97 % Gn^0(l=1) ave= 8.538E-02 +/- 8.06 % Gn^0(l=2) ave= 7.128E-03 +/- 16.19 % Gn^0(l=3) ave= 0.000E+00 +/- 0.00 % || Gtotal(l=0) ave= 1.416E+00 +/- 1.21 % Gtotal(l=1) ave= 1.796E-01 +/- 5.36 % Gtotal(l=2) ave= 1.661E-01 +/- 4.51 % Gtotal(l=3) ave= 0.000E+00 +/- 0.00 %  % || Gg(l=0) ave= 1.463E-01 +/- 8.00 % Gg(l=1) ave= 1.719E-01 +/- 5.59 % Gg(l=2) ave= 1.661E-01 +/- 4.51 % Gg(l=3) ave= 0.000E+00 +/- 0.00 %  % || D(l=0) ave= 4.249E+02 +/- 7.71 % D(l=1) ave= 1.975E+02 +/- 0.00 % D(l=2) ave= 1.383E+02 +/- 0.00 % D(l=3) ave= 0.000E+00 +/- 0.00 %  % || S(l=0) ave= 1.067E-04 +/- 4.75 % S(l=1) ave= 2.844E-04 +/- 8.07 % S(l=2) ave= 2.584E-05 +/- 16.19 % S(l=3) ave= 0.000E+00 +/- 0.00 % 
 ... random file  232 Cap(th)  ave= 1.184E+01 b. +/- 7.09 % || Ela(th) ave= 5.677E+00 b. +/- 9.21 % || RIcap ave= 5.23E+01 b. +/- 12.00 % || Macs30 ave= 2.81E-01 b. +/- 0.10 % || Gn^0(l=0) ave= 3.914E-02 +/- 1.97 % Gn^0(l=1) ave= 8.541E-02 +/- 8.06 % Gn^0(l=2) ave= 7.132E-03 +/- 16.17 % Gn^0(l=3) ave= 0.000E+00 +/- 0.00 % || Gtotal(l=0) ave= 1.416E+00 +/- 1.21 % Gtotal(l=1) ave= 1.796E-01 +/- 5.35 % Gtotal(l=2) ave= 1.660E-01 +/- 4.51 % Gtotal(l=3) ave= 0.000E+00 +/- 0.00 %  % || Gg(l=0) ave= 1.464E-01 +/- 8.00 % Gg(l=1) ave= 1.719E-01 +/- 5.59 % Gg(l=2) ave= 1.660E-01 +/- 4.51 % Gg(l=3) ave= 0.000E+00 +/- 0.00 %  % || D(l=0) ave= 4.251E+02 +/- 7.71 % D(l=1) ave= 1.975E+02 +/- 0.00 % D(l=2) ave= 1.383E+02 +/- 0.00 % D(l=3) ave= 0.000E+00 +/- 0.00 %  % || S(l=0) ave= 1.066E-04 +/- 4.75 % S(l=1) ave= 2.844E-04 +/- 8.07 % S(l=2) ave= 2.585E-05 +/- 16.17 % S(l=3) ave= 0.000E+00 +/- 0.00 % 
 ... random file  233 Cap(th)  ave= 1.183E+01 b. +/- 7.10 % || Ela(th) ave= 5.675E+00 b. +/- 9.21 % || RIcap ave= 5.23E+01 b. +/- 11.99 % || Macs30 ave= 2.81E-01 b. +/- 0.10 % || Gn^0(l=0) ave= 3.913E-02 +/- 1.97 % Gn^0(l=1) ave= 8.544E-02 +/- 8.05 % Gn^0(l=2) ave= 7.137E-03 +/- 16.16 % Gn^0(l=3) ave= 0.000E+00 +/- 0.00 % || Gtotal(l=0) ave= 1.416E+00 +/- 1.21 % Gtotal(l=1) ave= 1.796E-01 +/- 5.34 % Gtotal(l=2) ave= 1.661E-01 +/- 4.51 % Gtotal(l=3) ave= 0.000E+00 +/- 0.00 %  % || Gg(l=0) ave= 1.464E-01 +/- 7.99 % Gg(l=1) ave= 1.719E-01 +/- 5.58 % Gg(l=2) ave= 1.661E-01 +/- 4.51 % Gg(l=3) ave= 0.000E+00 +/- 0.00 %  % || D(l=0) ave= 4.249E+02 +/- 7.71 % D(l=1) ave= 1.975E+02 +/- 0.00 % D(l=2) ave= 1.383E+02 +/- 0.00 % D(l=3) ave= 0.000E+00 +/- 0.00 %  % || S(l=0) ave= 1.067E-04 +/- 4.75 % S(l=1) ave= 2.845E-04 +/- 8.07 % S(l=2) ave= 2.587E-05 +/- 16.16 % S(l=3) ave= 0.000E+00 +/- 0.00 % 
 ... random file  234 Cap(th)  ave= 1.184E+01 b. +/- 7.13 % || Ela(th) ave= 5.673E+00 b. +/- 9.22 % || RIcap ave= 5.23E+01 b. +/- 11.96 % || Macs30 ave= 2.81E-01 b. +/- 0.10 % || Gn^0(l=0) ave= 3.913E-02 +/- 1.97 % Gn^0(l=1) ave= 8.547E-02 +/- 8.05 % Gn^0(l=2) ave= 7.142E-03 +/- 16.15 % Gn^0(l=3) ave= 0.000E+00 +/- 0.00 % || Gtotal(l=0) ave= 1.416E+00 +/- 1.21 % Gtotal(l=1) ave= 1.796E-01 +/- 5.34 % Gtotal(l=2) ave= 1.661E-01 +/- 4.50 % Gtotal(l=3) ave= 0.000E+00 +/- 0.00 %  % || Gg(l=0) ave= 1.464E-01 +/- 7.99 % Gg(l=1) ave= 1.719E-01 +/- 5.58 % Gg(l=2) ave= 1.661E-01 +/- 4.50 % Gg(l=3) ave= 0.000E+00 +/- 0.00 %  % || D(l=0) ave= 4.248E+02 +/- 7.71 % D(l=1) ave= 1.975E+02 +/- 0.00 % D(l=2) ave= 1.383E+02 +/- 0.00 % D(l=3) ave= 0.000E+00 +/- 0.00 %  % || S(l=0) ave= 1.067E-04 +/- 4.75 % S(l=1) ave= 2.846E-04 +/- 8.07 % S(l=2) ave= 2.589E-05 +/- 16.15 % S(l=3) ave= 0.000E+00 +/- 0.00 % 
 ... random file  235 Cap(th)  ave= 1.184E+01 b. +/- 7.13 % || Ela(th) ave= 5.676E+00 b. +/- 9.25 % || RIcap ave= 5.24E+01 b. +/- 12.04 % || Macs30 ave= 2.81E-01 b. +/- 0.10 % || Gn^0(l=0) ave= 3.913E-02 +/- 1.97 % Gn^0(l=1) ave= 8.543E-02 +/- 8.08 % Gn^0(l=2) ave= 7.135E-03 +/- 16.20 % Gn^0(l=3) ave= 0.000E+00 +/- 0.00 % || Gtotal(l=0) ave= 1.416E+00 +/- 1.21 % Gtotal(l=1) ave= 1.796E-01 +/- 5.33 % Gtotal(l=2) ave= 1.661E-01 +/- 4.49 % Gtotal(l=3) ave= 0.000E+00 +/- 0.00 %  % || Gg(l=0) ave= 1.463E-01 +/- 7.98 % Gg(l=1) ave= 1.719E-01 +/- 5.57 % Gg(l=2) ave= 1.661E-01 +/- 4.49 % Gg(l=3) ave= 0.000E+00 +/- 0.00 %  % || D(l=0) ave= 4.250E+02 +/- 7.71 % D(l=1) ave= 1.975E+02 +/- 0.00 % D(l=2) ave= 1.383E+02 +/- 0.00 % D(l=3) ave= 0.000E+00 +/- 0.00 %  % || S(l=0) ave= 1.066E-04 +/- 4.75 % S(l=1) ave= 2.845E-04 +/- 8.09 % S(l=2) ave= 2.586E-05 +/- 16.20 % S(l=3) ave= 0.000E+00 +/- 0.00 % 
 ... random file  236 Cap(th)  ave= 1.184E+01 b. +/- 7.12 % || Ela(th) ave= 5.673E+00 b. +/- 9.28 % || RIcap ave= 5.24E+01 b. +/- 12.07 % || Macs30 ave= 2.81E-01 b. +/- 0.10 % || Gn^0(l=0) ave= 3.914E-02 +/- 1.97 % Gn^0(l=1) ave= 8.548E-02 +/- 8.11 % Gn^0(l=2) ave= 7.143E-03 +/- 16.25 % Gn^0(l=3) ave= 0.000E+00 +/- 0.00 % || Gtotal(l=0) ave= 1.416E+00 +/- 1.21 % Gtotal(l=1) ave= 1.795E-01 +/- 5.33 % Gtotal(l=2) ave= 1.661E-01 +/- 4.48 % Gtotal(l=3) ave= 0.000E+00 +/- 0.00 %  % || Gg(l=0) ave= 1.463E-01 +/- 7.97 % Gg(l=1) ave= 1.718E-01 +/- 5.57 % Gg(l=2) ave= 1.661E-01 +/- 4.48 % Gg(l=3) ave= 0.000E+00 +/- 0.00 %  % || D(l=0) ave= 4.251E+02 +/- 7.71 % D(l=1) ave= 1.975E+02 +/- 0.00 % D(l=2) ave= 1.383E+02 +/- 0.00 % D(l=3) ave= 0.000E+00 +/- 0.00 %  % || S(l=0) ave= 1.066E-04 +/- 4.75 % S(l=1) ave= 2.847E-04 +/- 8.12 % S(l=2) ave= 2.589E-05 +/- 16.25 % S(l=3) ave= 0.000E+00 +/- 0.00 % 
 ... random file  237 Cap(th)  ave= 1.184E+01 b. +/- 7.16 % || Ela(th) ave= 5.674E+00 b. +/- 9.26 % || RIcap ave= 5.24E+01 b. +/- 12.11 % || Macs30 ave= 2.81E-01 b. +/- 0.10 % || Gn^0(l=0) ave= 3.914E-02 +/- 1.97 % Gn^0(l=1) ave= 8.547E-02 +/- 8.10 % Gn^0(l=2) ave= 7.140E-03 +/- 16.23 % Gn^0(l=3) ave= 0.000E+00 +/- 0.00 % || Gtotal(l=0) ave= 1.416E+00 +/- 1.21 % Gtotal(l=1) ave= 1.795E-01 +/- 5.32 % Gtotal(l=2) ave= 1.661E-01 +/- 4.48 % Gtotal(l=3) ave= 0.000E+00 +/- 0.00 %  % || Gg(l=0) ave= 1.463E-01 +/- 7.96 % Gg(l=1) ave= 1.718E-01 +/- 5.56 % Gg(l=2) ave= 1.661E-01 +/- 4.48 % Gg(l=3) ave= 0.000E+00 +/- 0.00 %  % || D(l=0) ave= 4.253E+02 +/- 7.71 % D(l=1) ave= 1.975E+02 +/- 0.00 % D(l=2) ave= 1.383E+02 +/- 0.00 % D(l=3) ave= 0.000E+00 +/- 0.00 %  % || S(l=0) ave= 1.066E-04 +/- 4.76 % S(l=1) ave= 2.846E-04 +/- 8.11 % S(l=2) ave= 2.588E-05 +/- 16.23 % S(l=3) ave= 0.000E+00 +/- 0.00 % 
 ... random file  238 Cap(th)  ave= 1.184E+01 b. +/- 7.17 % || Ela(th) ave= 5.673E+00 b. +/- 9.26 % || RIcap ave= 5.24E+01 b. +/- 12.21 % || Macs30 ave= 2.81E-01 b. +/- 0.10 % || Gn^0(l=0) ave= 3.914E-02 +/- 1.97 % Gn^0(l=1) ave= 8.549E-02 +/- 8.09 % Gn^0(l=2) ave= 7.144E-03 +/- 16.21 % Gn^0(l=3) ave= 0.000E+00 +/- 0.00 % || Gtotal(l=0) ave= 1.416E+00 +/- 1.21 % Gtotal(l=1) ave= 1.795E-01 +/- 5.31 % Gtotal(l=2) ave= 1.661E-01 +/- 4.47 % Gtotal(l=3) ave= 0.000E+00 +/- 0.00 %  % || Gg(l=0) ave= 1.464E-01 +/- 7.99 % Gg(l=1) ave= 1.718E-01 +/- 5.55 % Gg(l=2) ave= 1.661E-01 +/- 4.47 % Gg(l=3) ave= 0.000E+00 +/- 0.00 %  % || D(l=0) ave= 4.254E+02 +/- 7.72 % D(l=1) ave= 1.975E+02 +/- 0.00 % D(l=2) ave= 1.383E+02 +/- 0.00 % D(l=3) ave= 0.000E+00 +/- 0.00 %  % || S(l=0) ave= 1.066E-04 +/- 4.76 % S(l=1) ave= 2.847E-04 +/- 8.11 % S(l=2) ave= 2.590E-05 +/- 16.21 % S(l=3) ave= 0.000E+00 +/- 0.00 % 
 ... random file  239 Cap(th)  ave= 1.184E+01 b. +/- 7.15 % || Ela(th) ave= 5.670E+00 b. +/- 9.28 % || RIcap ave= 5.24E+01 b. +/- 12.19 % || Macs30 ave= 2.81E-01 b. +/- 0.10 % || Gn^0(l=0) ave= 3.914E-02 +/- 1.97 % Gn^0(l=1) ave= 8.553E-02 +/- 8.10 % Gn^0(l=2) ave= 7.151E-03 +/- 16.22 % Gn^0(l=3) ave= 0.000E+00 +/- 0.00 % || Gtotal(l=0) ave= 1.416E+00 +/- 1.21 % Gtotal(l=1) ave= 1.796E-01 +/- 5.32 % Gtotal(l=2) ave= 1.661E-01 +/- 4.46 % Gtotal(l=3) ave= 0.000E+00 +/- 0.00 %  % || Gg(l=0) ave= 1.464E-01 +/- 7.98 % Gg(l=1) ave= 1.719E-01 +/- 5.56 % Gg(l=2) ave= 1.661E-01 +/- 4.46 % Gg(l=3) ave= 0.000E+00 +/- 0.00 %  % || D(l=0) ave= 4.253E+02 +/- 7.71 % D(l=1) ave= 1.975E+02 +/- 0.00 % D(l=2) ave= 1.383E+02 +/- 0.00 % D(l=3) ave= 0.000E+00 +/- 0.00 %  % || S(l=0) ave= 1.066E-04 +/- 4.76 % S(l=1) ave= 2.848E-04 +/- 8.11 % S(l=2) ave= 2.592E-05 +/- 16.22 % S(l=3) ave= 0.000E+00 +/- 0.00 % 
 ... random file  240 Cap(th)  ave= 1.184E+01 b. +/- 7.15 % || Ela(th) ave= 5.669E+00 b. +/- 9.26 % || RIcap ave= 5.25E+01 b. +/- 12.16 % || Macs30 ave= 2.81E-01 b. +/- 0.10 % || Gn^0(l=0) ave= 3.914E-02 +/- 1.97 % Gn^0(l=1) ave= 8.554E-02 +/- 8.08 % Gn^0(l=2) ave= 7.152E-03 +/- 16.19 % Gn^0(l=3) ave= 0.000E+00 +/- 0.00 % || Gtotal(l=0) ave= 1.416E+00 +/- 1.20 % Gtotal(l=1) ave= 1.795E-01 +/- 5.34 % Gtotal(l=2) ave= 1.661E-01 +/- 4.45 % Gtotal(l=3) ave= 0.000E+00 +/- 0.00 %  % || Gg(l=0) ave= 1.464E-01 +/- 7.96 % Gg(l=1) ave= 1.718E-01 +/- 5.57 % Gg(l=2) ave= 1.661E-01 +/- 4.45 % Gg(l=3) ave= 0.000E+00 +/- 0.00 %  % || D(l=0) ave= 4.252E+02 +/- 7.71 % D(l=1) ave= 1.975E+02 +/- 0.00 % D(l=2) ave= 1.383E+02 +/- 0.00 % D(l=3) ave= 0.000E+00 +/- 0.00 %  % || S(l=0) ave= 1.066E-04 +/- 4.76 % S(l=1) ave= 2.849E-04 +/- 8.10 % S(l=2) ave= 2.592E-05 +/- 16.19 % S(l=3) ave= 0.000E+00 +/- 0.00 % 
 ... random file  241 Cap(th)  ave= 1.184E+01 b. +/- 7.14 % || Ela(th) ave= 5.669E+00 b. +/- 9.24 % || RIcap ave= 5.24E+01 b. +/- 12.16 % || Macs30 ave= 2.81E-01 b. +/- 0.10 % || Gn^0(l=0) ave= 3.914E-02 +/- 1.97 % Gn^0(l=1) ave= 8.553E-02 +/- 8.07 % Gn^0(l=2) ave= 7.152E-03 +/- 16.15 % Gn^0(l=3) ave= 0.000E+00 +/- 0.00 % || Gtotal(l=0) ave= 1.416E+00 +/- 1.21 % Gtotal(l=1) ave= 1.796E-01 +/- 5.33 % Gtotal(l=2) ave= 1.661E-01 +/- 4.44 % Gtotal(l=3) ave= 0.000E+00 +/- 0.00 %  % || Gg(l=0) ave= 1.464E-01 +/- 7.95 % Gg(l=1) ave= 1.719E-01 +/- 5.57 % Gg(l=2) ave= 1.661E-01 +/- 4.44 % Gg(l=3) ave= 0.000E+00 +/- 0.00 %  % || D(l=0) ave= 4.253E+02 +/- 7.71 % D(l=1) ave= 1.975E+02 +/- 0.00 % D(l=2) ave= 1.383E+02 +/- 0.00 % D(l=3) ave= 0.000E+00 +/- 0.00 %  % || S(l=0) ave= 1.066E-04 +/- 4.76 % S(l=1) ave= 2.849E-04 +/- 8.08 % S(l=2) ave= 2.592E-05 +/- 16.15 % S(l=3) ave= 0.000E+00 +/- 0.00 % 
 ... random file  242 Cap(th)  ave= 1.184E+01 b. +/- 7.13 % || Ela(th) ave= 5.670E+00 b. +/- 9.23 % || RIcap ave= 5.24E+01 b. +/- 12.15 % || Macs30 ave= 2.81E-01 b. +/- 0.10 % || Gn^0(l=0) ave= 3.914E-02 +/- 1.97 % Gn^0(l=1) ave= 8.551E-02 +/- 8.06 % Gn^0(l=2) ave= 7.149E-03 +/- 16.14 % Gn^0(l=3) ave= 0.000E+00 +/- 0.00 % || Gtotal(l=0) ave= 1.416E+00 +/- 1.21 % Gtotal(l=1) ave= 1.795E-01 +/- 5.32 % Gtotal(l=2) ave= 1.661E-01 +/- 4.44 % Gtotal(l=3) ave= 0.000E+00 +/- 0.00 %  % || Gg(l=0) ave= 1.464E-01 +/- 7.93 % Gg(l=1) ave= 1.718E-01 +/- 5.56 % Gg(l=2) ave= 1.661E-01 +/- 4.44 % Gg(l=3) ave= 0.000E+00 +/- 0.00 %  % || D(l=0) ave= 4.254E+02 +/- 7.72 % D(l=1) ave= 1.975E+02 +/- 0.00 % D(l=2) ave= 1.383E+02 +/- 0.00 % D(l=3) ave= 0.000E+00 +/- 0.00 %  % || S(l=0) ave= 1.066E-04 +/- 4.77 % S(l=1) ave= 2.848E-04 +/- 8.08 % S(l=2) ave= 2.591E-05 +/- 16.14 % S(l=3) ave= 0.000E+00 +/- 0.00 % 
 ... random file  243 Cap(th)  ave= 1.184E+01 b. +/- 7.12 % || Ela(th) ave= 5.669E+00 b. +/- 9.22 % || RIcap ave= 5.24E+01 b. +/- 12.14 % || Macs30 ave= 2.81E-01 b. +/- 0.10 % || Gn^0(l=0) ave= 3.914E-02 +/- 1.97 % Gn^0(l=1) ave= 8.553E-02 +/- 8.05 % Gn^0(l=2) ave= 7.151E-03 +/- 16.11 % Gn^0(l=3) ave= 0.000E+00 +/- 0.00 % || Gtotal(l=0) ave= 1.416E+00 +/- 1.21 % Gtotal(l=1) ave= 1.795E-01 +/- 5.31 % Gtotal(l=2) ave= 1.661E-01 +/- 4.43 % Gtotal(l=3) ave= 0.000E+00 +/- 0.00 %  % || Gg(l=0) ave= 1.464E-01 +/- 7.92 % Gg(l=1) ave= 1.718E-01 +/- 5.55 % Gg(l=2) ave= 1.661E-01 +/- 4.43 % Gg(l=3) ave= 0.000E+00 +/- 0.00 %  % || D(l=0) ave= 4.253E+02 +/- 7.72 % D(l=1) ave= 1.975E+02 +/- 0.00 % D(l=2) ave= 1.383E+02 +/- 0.00 % D(l=3) ave= 0.000E+00 +/- 0.00 %  % || S(l=0) ave= 1.066E-04 +/- 4.76 % S(l=1) ave= 2.848E-04 +/- 8.06 % S(l=2) ave= 2.592E-05 +/- 16.11 % S(l=3) ave= 0.000E+00 +/- 0.00 % 
 ... random file  244 Cap(th)  ave= 1.184E+01 b. +/- 7.11 % || Ela(th) ave= 5.665E+00 b. +/- 9.27 % || RIcap ave= 5.25E+01 b. +/- 12.20 % || Macs30 ave= 2.81E-01 b. +/- 0.10 % || Gn^0(l=0) ave= 3.913E-02 +/- 1.97 % Gn^0(l=1) ave= 8.560E-02 +/- 8.11 % Gn^0(l=2) ave= 7.163E-03 +/- 16.24 % Gn^0(l=3) ave= 0.000E+00 +/- 0.00 % || Gtotal(l=0) ave= 1.416E+00 +/- 1.21 % Gtotal(l=1) ave= 1.795E-01 +/- 5.30 % Gtotal(l=2) ave= 1.661E-01 +/- 4.42 % Gtotal(l=3) ave= 0.000E+00 +/- 0.00 %  % || Gg(l=0) ave= 1.464E-01 +/- 7.90 % Gg(l=1) ave= 1.718E-01 +/- 5.54 % Gg(l=2) ave= 1.661E-01 +/- 4.42 % Gg(l=3) ave= 0.000E+00 +/- 0.00 %  % || D(l=0) ave= 4.252E+02 +/- 7.71 % D(l=1) ave= 1.975E+02 +/- 0.00 % D(l=2) ave= 1.383E+02 +/- 0.00 % D(l=3) ave= 0.000E+00 +/- 0.00 %  % || S(l=0) ave= 1.066E-04 +/- 4.76 % S(l=1) ave= 2.851E-04 +/- 8.13 % S(l=2) ave= 2.596E-05 +/- 16.24 % S(l=3) ave= 0.000E+00 +/- 0.00 % 
 ... random file  245 Cap(th)  ave= 1.184E+01 b. +/- 7.09 % || Ela(th) ave= 5.667E+00 b. +/- 9.26 % || RIcap ave= 5.24E+01 b. +/- 12.20 % || Macs30 ave= 2.81E-01 b. +/- 0.10 % || Gn^0(l=0) ave= 3.914E-02 +/- 1.97 % Gn^0(l=1) ave= 8.557E-02 +/- 8.11 % Gn^0(l=2) ave= 7.159E-03 +/- 16.24 % Gn^0(l=3) ave= 0.000E+00 +/- 0.00 % || Gtotal(l=0) ave= 1.416E+00 +/- 1.21 % Gtotal(l=1) ave= 1.795E-01 +/- 5.30 % Gtotal(l=2) ave= 1.661E-01 +/- 4.41 % Gtotal(l=3) ave= 0.000E+00 +/- 0.00 %  % || Gg(l=0) ave= 1.464E-01 +/- 7.89 % Gg(l=1) ave= 1.718E-01 +/- 5.53 % Gg(l=2) ave= 1.661E-01 +/- 4.41 % Gg(l=3) ave= 0.000E+00 +/- 0.00 %  % || D(l=0) ave= 4.253E+02 +/- 7.72 % D(l=1) ave= 1.975E+02 +/- 0.00 % D(l=2) ave= 1.383E+02 +/- 0.00 % D(l=3) ave= 0.000E+00 +/- 0.00 %  % || S(l=0) ave= 1.066E-04 +/- 4.76 % S(l=1) ave= 2.850E-04 +/- 8.13 % S(l=2) ave= 2.595E-05 +/- 16.24 % S(l=3) ave= 0.000E+00 +/- 0.00 % 
 ... random file  246 Cap(th)  ave= 1.184E+01 b. +/- 7.08 % || Ela(th) ave= 5.664E+00 b. +/- 9.27 % || RIcap ave= 5.24E+01 b. +/- 12.17 % || Macs30 ave= 2.81E-01 b. +/- 0.10 % || Gn^0(l=0) ave= 3.914E-02 +/- 1.97 % Gn^0(l=1) ave= 8.560E-02 +/- 8.11 % Gn^0(l=2) ave= 7.164E-03 +/- 16.24 % Gn^0(l=3) ave= 0.000E+00 +/- 0.00 % || Gtotal(l=0) ave= 1.416E+00 +/- 1.21 % Gtotal(l=1) ave= 1.796E-01 +/- 5.30 % Gtotal(l=2) ave= 1.661E-01 +/- 4.41 % Gtotal(l=3) ave= 0.000E+00 +/- 0.00 %  % || Gg(l=0) ave= 1.463E-01 +/- 7.88 % Gg(l=1) ave= 1.719E-01 +/- 5.54 % Gg(l=2) ave= 1.661E-01 +/- 4.41 % Gg(l=3) ave= 0.000E+00 +/- 0.00 %  % || D(l=0) ave= 4.255E+02 +/- 7.72 % D(l=1) ave= 1.975E+02 +/- 0.00 % D(l=2) ave= 1.383E+02 +/- 0.00 % D(l=3) ave= 0.000E+00 +/- 0.00 %  % || S(l=0) ave= 1.066E-04 +/- 4.76 % S(l=1) ave= 2.851E-04 +/- 8.13 % S(l=2) ave= 2.597E-05 +/- 16.24 % S(l=3) ave= 0.000E+00 +/- 0.00 % 
 ... random file  247 Cap(th)  ave= 1.185E+01 b. +/- 7.07 % || Ela(th) ave= 5.663E+00 b. +/- 9.26 % || RIcap ave= 5.24E+01 b. +/- 12.15 % || Macs30 ave= 2.81E-01 b. +/- 0.10 % || Gn^0(l=0) ave= 3.914E-02 +/- 1.97 % Gn^0(l=1) ave= 8.562E-02 +/- 8.10 % Gn^0(l=2) ave= 7.167E-03 +/- 16.21 % Gn^0(l=3) ave= 0.000E+00 +/- 0.00 % || Gtotal(l=0) ave= 1.416E+00 +/- 1.21 % Gtotal(l=1) ave= 1.796E-01 +/- 5.33 % Gtotal(l=2) ave= 1.661E-01 +/- 4.41 % Gtotal(l=3) ave= 0.000E+00 +/- 0.00 %  % || Gg(l=0) ave= 1.463E-01 +/- 7.87 % Gg(l=1) ave= 1.719E-01 +/- 5.57 % Gg(l=2) ave= 1.661E-01 +/- 4.41 % Gg(l=3) ave= 0.000E+00 +/- 0.00 %  % || D(l=0) ave= 4.254E+02 +/- 7.72 % D(l=1) ave= 1.975E+02 +/- 0.00 % D(l=2) ave= 1.383E+02 +/- 0.00 % D(l=3) ave= 0.000E+00 +/- 0.00 %  % || S(l=0) ave= 1.066E-04 +/- 4.76 % S(l=1) ave= 2.851E-04 +/- 8.11 % S(l=2) ave= 2.598E-05 +/- 16.21 % S(l=3) ave= 0.000E+00 +/- 0.00 % 
 ... random file  248 Cap(th)  ave= 1.184E+01 b. +/- 7.08 % || Ela(th) ave= 5.662E+00 b. +/- 9.25 % || RIcap ave= 5.24E+01 b. +/- 12.14 % || Macs30 ave= 2.81E-01 b. +/- 0.10 % || Gn^0(l=0) ave= 3.914E-02 +/- 1.97 % Gn^0(l=1) ave= 8.563E-02 +/- 8.09 % Gn^0(l=2) ave= 7.168E-03 +/- 16.18 % Gn^0(l=3) ave= 0.000E+00 +/- 0.00 % || Gtotal(l=0) ave= 1.416E+00 +/- 1.21 % Gtotal(l=1) ave= 1.796E-01 +/- 5.32 % Gtotal(l=2) ave= 1.661E-01 +/- 4.42 % Gtotal(l=3) ave= 0.000E+00 +/- 0.00 %  % || Gg(l=0) ave= 1.463E-01 +/- 7.86 % Gg(l=1) ave= 1.719E-01 +/- 5.56 % Gg(l=2) ave= 1.661E-01 +/- 4.42 % Gg(l=3) ave= 0.000E+00 +/- 0.00 %  % || D(l=0) ave= 4.252E+02 +/- 7.71 % D(l=1) ave= 1.975E+02 +/- 0.00 % D(l=2) ave= 1.383E+02 +/- 0.00 % D(l=3) ave= 0.000E+00 +/- 0.00 %  % || S(l=0) ave= 1.066E-04 +/- 4.76 % S(l=1) ave= 2.852E-04 +/- 8.10 % S(l=2) ave= 2.598E-05 +/- 16.18 % S(l=3) ave= 0.000E+00 +/- 0.00 % 
 ... random file  249 Cap(th)  ave= 1.185E+01 b. +/- 7.08 % || Ela(th) ave= 5.660E+00 b. +/- 9.25 % || RIcap ave= 5.25E+01 b. +/- 12.15 % || Macs30 ave= 2.81E-01 b. +/- 0.10 % || Gn^0(l=0) ave= 3.913E-02 +/- 1.97 % Gn^0(l=1) ave= 8.565E-02 +/- 8.08 % Gn^0(l=2) ave= 7.171E-03 +/- 16.15 % Gn^0(l=3) ave= 0.000E+00 +/- 0.00 % || Gtotal(l=0) ave= 1.416E+00 +/- 1.21 % Gtotal(l=1) ave= 1.797E-01 +/- 5.32 % Gtotal(l=2) ave= 1.661E-01 +/- 4.42 % Gtotal(l=3) ave= 0.000E+00 +/- 0.00 %  % || Gg(l=0) ave= 1.463E-01 +/- 7.85 % Gg(l=1) ave= 1.720E-01 +/- 5.56 % Gg(l=2) ave= 1.661E-01 +/- 4.42 % Gg(l=3) ave= 0.000E+00 +/- 0.00 %  % || D(l=0) ave= 4.251E+02 +/- 7.71 % D(l=1) ave= 1.975E+02 +/- 0.00 % D(l=2) ave= 1.383E+02 +/- 0.00 % D(l=3) ave= 0.000E+00 +/- 0.00 %  % || S(l=0) ave= 1.066E-04 +/- 4.76 % S(l=1) ave= 2.852E-04 +/- 8.09 % S(l=2) ave= 2.599E-05 +/- 16.15 % S(l=3) ave= 0.000E+00 +/- 0.00 % 
 ... random file  250 Cap(th)  ave= 1.184E+01 b. +/- 7.08 % || Ela(th) ave= 5.661E+00 b. +/- 9.23 % || RIcap ave= 5.24E+01 b. +/- 12.15 % || Macs30 ave= 2.81E-01 b. +/- 0.10 % || Gn^0(l=0) ave= 3.914E-02 +/- 1.97 % Gn^0(l=1) ave= 8.563E-02 +/- 8.07 % Gn^0(l=2) ave= 7.168E-03 +/- 16.14 % Gn^0(l=3) ave= 0.000E+00 +/- 0.00 % || Gtotal(l=0) ave= 1.416E+00 +/- 1.21 % Gtotal(l=1) ave= 1.797E-01 +/- 5.31 % Gtotal(l=2) ave= 1.660E-01 +/- 4.42 % Gtotal(l=3) ave= 0.000E+00 +/- 0.00 %  % || Gg(l=0) ave= 1.463E-01 +/- 7.85 % Gg(l=1) ave= 1.720E-01 +/- 5.55 % Gg(l=2) ave= 1.660E-01 +/- 4.42 % Gg(l=3) ave= 0.000E+00 +/- 0.00 %  % || D(l=0) ave= 4.253E+02 +/- 7.71 % D(l=1) ave= 1.975E+02 +/- 0.00 % D(l=2) ave= 1.383E+02 +/- 0.00 % D(l=3) ave= 0.000E+00 +/- 0.00 %  % || S(l=0) ave= 1.066E-04 +/- 4.76 % S(l=1) ave= 2.852E-04 +/- 8.09 % S(l=2) ave= 2.598E-05 +/- 16.14 % S(l=3) ave= 0.000E+00 +/- 0.00 % 
 ... random file  251 Cap(th)  ave= 1.184E+01 b. +/- 7.08 % || Ela(th) ave= 5.658E+00 b. +/- 9.26 % || RIcap ave= 5.25E+01 b. +/- 12.16 % || Macs30 ave= 2.81E-01 b. +/- 0.10 % || Gn^0(l=0) ave= 3.914E-02 +/- 1.97 % Gn^0(l=1) ave= 8.567E-02 +/- 8.09 % Gn^0(l=2) ave= 7.176E-03 +/- 16.18 % Gn^0(l=3) ave= 0.000E+00 +/- 0.00 % || Gtotal(l=0) ave= 1.416E+00 +/- 1.21 % Gtotal(l=1) ave= 1.797E-01 +/- 5.30 % Gtotal(l=2) ave= 1.661E-01 +/- 4.42 % Gtotal(l=3) ave= 0.000E+00 +/- 0.00 %  % || Gg(l=0) ave= 1.464E-01 +/- 7.85 % Gg(l=1) ave= 1.720E-01 +/- 5.54 % Gg(l=2) ave= 1.661E-01 +/- 4.42 % Gg(l=3) ave= 0.000E+00 +/- 0.00 %  % || D(l=0) ave= 4.254E+02 +/- 7.72 % D(l=1) ave= 1.975E+02 +/- 0.00 % D(l=2) ave= 1.383E+02 +/- 0.00 % D(l=3) ave= 0.000E+00 +/- 0.00 %  % || S(l=0) ave= 1.066E-04 +/- 4.76 % S(l=1) ave= 2.853E-04 +/- 8.10 % S(l=2) ave= 2.601E-05 +/- 16.18 % S(l=3) ave= 0.000E+00 +/- 0.00 % 
 ... random file  252 Cap(th)  ave= 1.185E+01 b. +/- 7.06 % || Ela(th) ave= 5.660E+00 b. +/- 9.25 % || RIcap ave= 5.25E+01 b. +/- 12.14 % || Macs30 ave= 2.81E-01 b. +/- 0.10 % || Gn^0(l=0) ave= 3.914E-02 +/- 1.97 % Gn^0(l=1) ave= 8.566E-02 +/- 8.08 % Gn^0(l=2) ave= 7.173E-03 +/- 16.17 % Gn^0(l=3) ave= 0.000E+00 +/- 0.00 % || Gtotal(l=0) ave= 1.416E+00 +/- 1.21 % Gtotal(l=1) ave= 1.797E-01 +/- 5.29 % Gtotal(l=2) ave= 1.661E-01 +/- 4.44 % Gtotal(l=3) ave= 0.000E+00 +/- 0.00 %  % || Gg(l=0) ave= 1.464E-01 +/- 7.84 % Gg(l=1) ave= 1.720E-01 +/- 5.53 % Gg(l=2) ave= 1.661E-01 +/- 4.44 % Gg(l=3) ave= 0.000E+00 +/- 0.00 %  % || D(l=0) ave= 4.255E+02 +/- 7.72 % D(l=1) ave= 1.975E+02 +/- 0.00 % D(l=2) ave= 1.383E+02 +/- 0.00 % D(l=3) ave= 0.000E+00 +/- 0.00 %  % || S(l=0) ave= 1.065E-04 +/- 4.77 % S(l=1) ave= 2.853E-04 +/- 8.09 % S(l=2) ave= 2.600E-05 +/- 16.17 % S(l=3) ave= 0.000E+00 +/- 0.00 % 
 ... random file  253 Cap(th)  ave= 1.185E+01 b. +/- 7.05 % || Ela(th) ave= 5.660E+00 b. +/- 9.23 % || RIcap ave= 5.25E+01 b. +/- 12.12 % || Macs30 ave= 2.81E-01 b. +/- 0.10 % || Gn^0(l=0) ave= 3.915E-02 +/- 1.97 % Gn^0(l=1) ave= 8.566E-02 +/- 8.06 % Gn^0(l=2) ave= 7.172E-03 +/- 16.14 % Gn^0(l=3) ave= 0.000E+00 +/- 0.00 % || Gtotal(l=0) ave= 1.416E+00 +/- 1.21 % Gtotal(l=1) ave= 1.796E-01 +/- 5.31 % Gtotal(l=2) ave= 1.661E-01 +/- 4.43 % Gtotal(l=3) ave= 0.000E+00 +/- 0.00 %  % || Gg(l=0) ave= 1.464E-01 +/- 7.83 % Gg(l=1) ave= 1.719E-01 +/- 5.55 % Gg(l=2) ave= 1.661E-01 +/- 4.43 % Gg(l=3) ave= 0.000E+00 +/- 0.00 %  % || D(l=0) ave= 4.257E+02 +/- 7.71 % D(l=1) ave= 1.975E+02 +/- 0.00 % D(l=2) ave= 1.383E+02 +/- 0.00 % D(l=3) ave= 0.000E+00 +/- 0.00 %  % || S(l=0) ave= 1.065E-04 +/- 4.77 % S(l=1) ave= 2.853E-04 +/- 8.08 % S(l=2) ave= 2.600E-05 +/- 16.14 % S(l=3) ave= 0.000E+00 +/- 0.00 % 
 ... random file  254 Cap(th)  ave= 1.184E+01 b. +/- 7.04 % || Ela(th) ave= 5.659E+00 b. +/- 9.21 % || RIcap ave= 5.25E+01 b. +/- 12.10 % || Macs30 ave= 2.81E-01 b. +/- 0.10 % || Gn^0(l=0) ave= 3.915E-02 +/- 1.97 % Gn^0(l=1) ave= 8.567E-02 +/- 8.05 % Gn^0(l=2) ave= 7.174E-03 +/- 16.11 % Gn^0(l=3) ave= 0.000E+00 +/- 0.00 % || Gtotal(l=0) ave= 1.416E+00 +/- 1.21 % Gtotal(l=1) ave= 1.796E-01 +/- 5.30 % Gtotal(l=2) ave= 1.662E-01 +/- 4.44 % Gtotal(l=3) ave= 0.000E+00 +/- 0.00 %  % || Gg(l=0) ave= 1.464E-01 +/- 7.81 % Gg(l=1) ave= 1.720E-01 +/- 5.53 % Gg(l=2) ave= 1.662E-01 +/- 4.44 % Gg(l=3) ave= 0.000E+00 +/- 0.00 %  % || D(l=0) ave= 4.258E+02 +/- 7.71 % D(l=1) ave= 1.975E+02 +/- 0.00 % D(l=2) ave= 1.383E+02 +/- 0.00 % D(l=3) ave= 0.000E+00 +/- 0.00 %  % || S(l=0) ave= 1.065E-04 +/- 4.77 % S(l=1) ave= 2.853E-04 +/- 8.06 % S(l=2) ave= 2.600E-05 +/- 16.11 % S(l=3) ave= 0.000E+00 +/- 0.00 % 
 ... random file  255 Cap(th)  ave= 1.185E+01 b. +/- 7.03 % || Ela(th) ave= 5.656E+00 b. +/- 9.22 % || RIcap ave= 5.25E+01 b. +/- 12.10 % || Macs30 ave= 2.81E-01 b. +/- 0.10 % || Gn^0(l=0) ave= 3.915E-02 +/- 1.96 % Gn^0(l=1) ave= 8.570E-02 +/- 8.05 % Gn^0(l=2) ave= 7.179E-03 +/- 16.10 % Gn^0(l=3) ave= 0.000E+00 +/- 0.00 % || Gtotal(l=0) ave= 1.416E+00 +/- 1.20 % Gtotal(l=1) ave= 1.796E-01 +/- 5.29 % Gtotal(l=2) ave= 1.662E-01 +/- 4.43 % Gtotal(l=3) ave= 0.000E+00 +/- 0.00 %  % || Gg(l=0) ave= 1.464E-01 +/- 7.81 % Gg(l=1) ave= 1.720E-01 +/- 5.52 % Gg(l=2) ave= 1.662E-01 +/- 4.43 % Gg(l=3) ave= 0.000E+00 +/- 0.00 %  % || D(l=0) ave= 4.257E+02 +/- 7.71 % D(l=1) ave= 1.975E+02 +/- 0.00 % D(l=2) ave= 1.383E+02 +/- 0.00 % D(l=3) ave= 0.000E+00 +/- 0.00 %  % || S(l=0) ave= 1.065E-04 +/- 4.77 % S(l=1) ave= 2.854E-04 +/- 8.06 % S(l=2) ave= 2.602E-05 +/- 16.10 % S(l=3) ave= 0.000E+00 +/- 0.00 % 
 ... random file  256 Cap(th)  ave= 1.184E+01 b. +/- 7.02 % || Ela(th) ave= 5.655E+00 b. +/- 9.22 % || RIcap ave= 5.24E+01 b. +/- 12.09 % || Macs30 ave= 2.81E-01 b. +/- 0.10 % || Gn^0(l=0) ave= 3.915E-02 +/- 1.96 % Gn^0(l=1) ave= 8.571E-02 +/- 8.04 % Gn^0(l=2) ave= 7.181E-03 +/- 16.08 % Gn^0(l=3) ave= 0.000E+00 +/- 0.00 % || Gtotal(l=0) ave= 1.416E+00 +/- 1.20 % Gtotal(l=1) ave= 1.797E-01 +/- 5.30 % Gtotal(l=2) ave= 1.661E-01 +/- 4.43 % Gtotal(l=3) ave= 0.000E+00 +/- 0.00 %  % || Gg(l=0) ave= 1.464E-01 +/- 7.79 % Gg(l=1) ave= 1.720E-01 +/- 5.54 % Gg(l=2) ave= 1.661E-01 +/- 4.43 % Gg(l=3) ave= 0.000E+00 +/- 0.00 %  % || D(l=0) ave= 4.256E+02 +/- 7.72 % D(l=1) ave= 1.975E+02 +/- 0.00 % D(l=2) ave= 1.383E+02 +/- 0.00 % D(l=3) ave= 0.000E+00 +/- 0.00 %  % || S(l=0) ave= 1.065E-04 +/- 4.77 % S(l=1) ave= 2.854E-04 +/- 8.05 % S(l=2) ave= 2.603E-05 +/- 16.08 % S(l=3) ave= 0.000E+00 +/- 0.00 % 
 ... random file  257 Cap(th)  ave= 1.184E+01 b. +/- 7.01 % || Ela(th) ave= 5.655E+00 b. +/- 9.20 % || RIcap ave= 5.24E+01 b. +/- 12.07 % || Macs30 ave= 2.81E-01 b. +/- 0.10 % || Gn^0(l=0) ave= 3.915E-02 +/- 1.96 % Gn^0(l=1) ave= 8.570E-02 +/- 8.03 % Gn^0(l=2) ave= 7.180E-03 +/- 16.05 % Gn^0(l=3) ave= 0.000E+00 +/- 0.00 % || Gtotal(l=0) ave= 1.416E+00 +/- 1.20 % Gtotal(l=1) ave= 1.797E-01 +/- 5.29 % Gtotal(l=2) ave= 1.661E-01 +/- 4.42 % Gtotal(l=3) ave= 0.000E+00 +/- 0.00 %  % || Gg(l=0) ave= 1.464E-01 +/- 7.83 % Gg(l=1) ave= 1.720E-01 +/- 5.53 % Gg(l=2) ave= 1.661E-01 +/- 4.42 % Gg(l=3) ave= 0.000E+00 +/- 0.00 %  % || D(l=0) ave= 4.257E+02 +/- 7.71 % D(l=1) ave= 1.975E+02 +/- 0.00 % D(l=2) ave= 1.383E+02 +/- 0.00 % D(l=3) ave= 0.000E+00 +/- 0.00 %  % || S(l=0) ave= 1.065E-04 +/- 4.77 % S(l=1) ave= 2.854E-04 +/- 8.04 % S(l=2) ave= 2.602E-05 +/- 16.05 % S(l=3) ave= 0.000E+00 +/- 0.00 % 
 ... random file  258 Cap(th)  ave= 1.184E+01 b. +/- 7.00 % || Ela(th) ave= 5.655E+00 b. +/- 9.18 % || RIcap ave= 5.24E+01 b. +/- 12.06 % || Macs30 ave= 2.81E-01 b. +/- 0.10 % || Gn^0(l=0) ave= 3.915E-02 +/- 1.96 % Gn^0(l=1) ave= 8.570E-02 +/- 8.01 % Gn^0(l=2) ave= 7.178E-03 +/- 16.02 % Gn^0(l=3) ave= 0.000E+00 +/- 0.00 % || Gtotal(l=0) ave= 1.416E+00 +/- 1.20 % Gtotal(l=1) ave= 1.796E-01 +/- 5.32 % Gtotal(l=2) ave= 1.661E-01 +/- 4.42 % Gtotal(l=3) ave= 0.000E+00 +/- 0.00 %  % || Gg(l=0) ave= 1.464E-01 +/- 7.82 % Gg(l=1) ave= 1.720E-01 +/- 5.56 % Gg(l=2) ave= 1.661E-01 +/- 4.42 % Gg(l=3) ave= 0.000E+00 +/- 0.00 %  % || D(l=0) ave= 4.256E+02 +/- 7.72 % D(l=1) ave= 1.975E+02 +/- 0.00 % D(l=2) ave= 1.383E+02 +/- 0.00 % D(l=3) ave= 0.000E+00 +/- 0.00 %  % || S(l=0) ave= 1.065E-04 +/- 4.77 % S(l=1) ave= 2.854E-04 +/- 8.02 % S(l=2) ave= 2.602E-05 +/- 16.02 % S(l=3) ave= 0.000E+00 +/- 0.00 % 
 ... random file  259 Cap(th)  ave= 1.184E+01 b. +/- 6.99 % || Ela(th) ave= 5.654E+00 b. +/- 9.17 % || RIcap ave= 5.25E+01 b. +/- 12.05 % || Macs30 ave= 2.81E-01 b. +/- 0.10 % || Gn^0(l=0) ave= 3.914E-02 +/- 1.96 % Gn^0(l=1) ave= 8.571E-02 +/- 8.00 % Gn^0(l=2) ave= 7.180E-03 +/- 16.00 % Gn^0(l=3) ave= 0.000E+00 +/- 0.00 % || Gtotal(l=0) ave= 1.416E+00 +/- 1.20 % Gtotal(l=1) ave= 1.796E-01 +/- 5.31 % Gtotal(l=2) ave= 1.661E-01 +/- 4.41 % Gtotal(l=3) ave= 0.000E+00 +/- 0.00 %  % || Gg(l=0) ave= 1.464E-01 +/- 7.80 % Gg(l=1) ave= 1.720E-01 +/- 5.54 % Gg(l=2) ave= 1.661E-01 +/- 4.41 % Gg(l=3) ave= 0.000E+00 +/- 0.00 %  % || D(l=0) ave= 4.255E+02 +/- 7.72 % D(l=1) ave= 1.975E+02 +/- 0.00 % D(l=2) ave= 1.383E+02 +/- 0.00 % D(l=3) ave= 0.000E+00 +/- 0.00 %  % || S(l=0) ave= 1.066E-04 +/- 4.77 % S(l=1) ave= 2.855E-04 +/- 8.01 % S(l=2) ave= 2.603E-05 +/- 16.00 % S(l=3) ave= 0.000E+00 +/- 0.00 % 
 ... random file  260 Cap(th)  ave= 1.184E+01 b. +/- 6.98 % || Ela(th) ave= 5.656E+00 b. +/- 9.16 % || RIcap ave= 5.25E+01 b. +/- 12.05 % || Macs30 ave= 2.81E-01 b. +/- 0.10 % || Gn^0(l=0) ave= 3.914E-02 +/- 1.96 % Gn^0(l=1) ave= 8.570E-02 +/- 7.99 % Gn^0(l=2) ave= 7.177E-03 +/- 15.99 % Gn^0(l=3) ave= 0.000E+00 +/- 0.00 % || Gtotal(l=0) ave= 1.416E+00 +/- 1.20 % Gtotal(l=1) ave= 1.796E-01 +/- 5.30 % Gtotal(l=2) ave= 1.662E-01 +/- 4.41 % Gtotal(l=3) ave= 0.000E+00 +/- 0.00 %  % || Gg(l=0) ave= 1.464E-01 +/- 7.81 % Gg(l=1) ave= 1.719E-01 +/- 5.54 % Gg(l=2) ave= 1.662E-01 +/- 4.41 % Gg(l=3) ave= 0.000E+00 +/- 0.00 %  % || D(l=0) ave= 4.254E+02 +/- 7.72 % D(l=1) ave= 1.975E+02 +/- 0.00 % D(l=2) ave= 1.383E+02 +/- 0.00 % D(l=3) ave= 0.000E+00 +/- 0.00 %  % || S(l=0) ave= 1.066E-04 +/- 4.76 % S(l=1) ave= 2.854E-04 +/- 8.01 % S(l=2) ave= 2.601E-05 +/- 15.99 % S(l=3) ave= 0.000E+00 +/- 0.00 % 
 ... random file  261 Cap(th)  ave= 1.185E+01 b. +/- 7.02 % || Ela(th) ave= 5.659E+00 b. +/- 9.20 % || RIcap ave= 5.25E+01 b. +/- 12.05 % || Macs30 ave= 2.81E-01 b. +/- 0.10 % || Gn^0(l=0) ave= 3.914E-02 +/- 1.96 % Gn^0(l=1) ave= 8.566E-02 +/- 8.01 % Gn^0(l=2) ave= 7.170E-03 +/- 16.05 % Gn^0(l=3) ave= 0.000E+00 +/- 0.00 % || Gtotal(l=0) ave= 1.416E+00 +/- 1.19 % Gtotal(l=1) ave= 1.796E-01 +/- 5.30 % Gtotal(l=2) ave= 1.661E-01 +/- 4.41 % Gtotal(l=3) ave= 0.000E+00 +/- 0.00 %  % || Gg(l=0) ave= 1.464E-01 +/- 7.81 % Gg(l=1) ave= 1.719E-01 +/- 5.53 % Gg(l=2) ave= 1.661E-01 +/- 4.41 % Gg(l=3) ave= 0.000E+00 +/- 0.00 %  % || D(l=0) ave= 4.255E+02 +/- 7.72 % D(l=1) ave= 1.975E+02 +/- 0.00 % D(l=2) ave= 1.383E+02 +/- 0.00 % D(l=3) ave= 0.000E+00 +/- 0.00 %  % || S(l=0) ave= 1.066E-04 +/- 4.77 % S(l=1) ave= 2.853E-04 +/- 8.03 % S(l=2) ave= 2.599E-05 +/- 16.05 % S(l=3) ave= 0.000E+00 +/- 0.00 % 
 ... random file  262 Cap(th)  ave= 1.185E+01 b. +/- 7.02 % || Ela(th) ave= 5.663E+00 b. +/- 9.23 % || RIcap ave= 5.25E+01 b. +/- 12.04 % || Macs30 ave= 2.81E-01 b. +/- 0.10 % || Gn^0(l=0) ave= 3.915E-02 +/- 1.97 % Gn^0(l=1) ave= 8.561E-02 +/- 8.05 % Gn^0(l=2) ave= 7.163E-03 +/- 16.11 % Gn^0(l=3) ave= 0.000E+00 +/- 0.00 % || Gtotal(l=0) ave= 1.416E+00 +/- 1.20 % Gtotal(l=1) ave= 1.796E-01 +/- 5.29 % Gtotal(l=2) ave= 1.661E-01 +/- 4.41 % Gtotal(l=3) ave= 0.000E+00 +/- 0.00 %  % || Gg(l=0) ave= 1.464E-01 +/- 7.83 % Gg(l=1) ave= 1.719E-01 +/- 5.52 % Gg(l=2) ave= 1.661E-01 +/- 4.41 % Gg(l=3) ave= 0.000E+00 +/- 0.00 %  % || D(l=0) ave= 4.256E+02 +/- 7.72 % D(l=1) ave= 1.975E+02 +/- 0.00 % D(l=2) ave= 1.383E+02 +/- 0.00 % D(l=3) ave= 0.000E+00 +/- 0.00 %  % || S(l=0) ave= 1.065E-04 +/- 4.77 % S(l=1) ave= 2.851E-04 +/- 8.06 % S(l=2) ave= 2.596E-05 +/- 16.11 % S(l=3) ave= 0.000E+00 +/- 0.00 % 
 ... random file  263 Cap(th)  ave= 1.184E+01 b. +/- 7.06 % || Ela(th) ave= 5.667E+00 b. +/- 9.29 % || RIcap ave= 5.24E+01 b. +/- 12.04 % || Macs30 ave= 2.81E-01 b. +/- 0.10 % || Gn^0(l=0) ave= 3.915E-02 +/- 1.97 % Gn^0(l=1) ave= 8.556E-02 +/- 8.09 % Gn^0(l=2) ave= 7.156E-03 +/- 16.19 % Gn^0(l=3) ave= 0.000E+00 +/- 0.00 % || Gtotal(l=0) ave= 1.416E+00 +/- 1.20 % Gtotal(l=1) ave= 1.796E-01 +/- 5.28 % Gtotal(l=2) ave= 1.662E-01 +/- 4.41 % Gtotal(l=3) ave= 0.000E+00 +/- 0.00 %  % || Gg(l=0) ave= 1.464E-01 +/- 7.81 % Gg(l=1) ave= 1.719E-01 +/- 5.51 % Gg(l=2) ave= 1.662E-01 +/- 4.41 % Gg(l=3) ave= 0.000E+00 +/- 0.00 %  % || D(l=0) ave= 4.258E+02 +/- 7.71 % D(l=1) ave= 1.975E+02 +/- 0.00 % D(l=2) ave= 1.383E+02 +/- 0.00 % D(l=3) ave= 0.000E+00 +/- 0.00 %  % || S(l=0) ave= 1.065E-04 +/- 4.77 % S(l=1) ave= 2.850E-04 +/- 8.10 % S(l=2) ave= 2.594E-05 +/- 16.19 % S(l=3) ave= 0.000E+00 +/- 0.00 % 
 ... random file  264 Cap(th)  ave= 1.184E+01 b. +/- 7.05 % || Ela(th) ave= 5.665E+00 b. +/- 9.31 % || RIcap ave= 5.25E+01 b. +/- 12.04 % || Macs30 ave= 2.81E-01 b. +/- 0.10 % || Gn^0(l=0) ave= 3.915E-02 +/- 1.96 % Gn^0(l=1) ave= 8.560E-02 +/- 8.10 % Gn^0(l=2) ave= 7.162E-03 +/- 16.22 % Gn^0(l=3) ave= 0.000E+00 +/- 0.00 % || Gtotal(l=0) ave= 1.416E+00 +/- 1.19 % Gtotal(l=1) ave= 1.796E-01 +/- 5.27 % Gtotal(l=2) ave= 1.661E-01 +/- 4.41 % Gtotal(l=3) ave= 0.000E+00 +/- 0.00 %  % || Gg(l=0) ave= 1.463E-01 +/- 7.82 % Gg(l=1) ave= 1.719E-01 +/- 5.50 % Gg(l=2) ave= 1.661E-01 +/- 4.41 % Gg(l=3) ave= 0.000E+00 +/- 0.00 %  % || D(l=0) ave= 4.257E+02 +/- 7.72 % D(l=1) ave= 1.975E+02 +/- 0.00 % D(l=2) ave= 1.383E+02 +/- 0.00 % D(l=3) ave= 0.000E+00 +/- 0.00 %  % || S(l=0) ave= 1.065E-04 +/- 4.77 % S(l=1) ave= 2.851E-04 +/- 8.11 % S(l=2) ave= 2.596E-05 +/- 16.22 % S(l=3) ave= 0.000E+00 +/- 0.00 % 
 ... random file  265 Cap(th)  ave= 1.185E+01 b. +/- 7.04 % || Ela(th) ave= 5.665E+00 b. +/- 9.30 % || RIcap ave= 5.25E+01 b. +/- 12.03 % || Macs30 ave= 2.81E-01 b. +/- 0.10 % || Gn^0(l=0) ave= 3.915E-02 +/- 1.97 % Gn^0(l=1) ave= 8.559E-02 +/- 8.09 % Gn^0(l=2) ave= 7.160E-03 +/- 16.20 % Gn^0(l=3) ave= 0.000E+00 +/- 0.00 % || Gtotal(l=0) ave= 1.416E+00 +/- 1.19 % Gtotal(l=1) ave= 1.796E-01 +/- 5.26 % Gtotal(l=2) ave= 1.661E-01 +/- 4.41 % Gtotal(l=3) ave= 0.000E+00 +/- 0.00 %  % || Gg(l=0) ave= 1.464E-01 +/- 7.80 % Gg(l=1) ave= 1.719E-01 +/- 5.49 % Gg(l=2) ave= 1.661E-01 +/- 4.41 % Gg(l=3) ave= 0.000E+00 +/- 0.00 %  % || D(l=0) ave= 4.258E+02 +/- 7.71 % D(l=1) ave= 1.975E+02 +/- 0.00 % D(l=2) ave= 1.383E+02 +/- 0.00 % D(l=3) ave= 0.000E+00 +/- 0.00 %  % || S(l=0) ave= 1.065E-04 +/- 4.77 % S(l=1) ave= 2.850E-04 +/- 8.10 % S(l=2) ave= 2.595E-05 +/- 16.20 % S(l=3) ave= 0.000E+00 +/- 0.00 % 
 ... random file  266 Cap(th)  ave= 1.185E+01 b. +/- 7.03 % || Ela(th) ave= 5.663E+00 b. +/- 9.32 % || RIcap ave= 5.25E+01 b. +/- 12.01 % || Macs30 ave= 2.81E-01 b. +/- 0.10 % || Gn^0(l=0) ave= 3.915E-02 +/- 1.96 % Gn^0(l=1) ave= 8.562E-02 +/- 8.10 % Gn^0(l=2) ave= 7.167E-03 +/- 16.22 % Gn^0(l=3) ave= 0.000E+00 +/- 0.00 % || Gtotal(l=0) ave= 1.416E+00 +/- 1.20 % Gtotal(l=1) ave= 1.796E-01 +/- 5.26 % Gtotal(l=2) ave= 1.661E-01 +/- 4.40 % Gtotal(l=3) ave= 0.000E+00 +/- 0.00 %  % || Gg(l=0) ave= 1.463E-01 +/- 7.80 % Gg(l=1) ave= 1.720E-01 +/- 5.49 % Gg(l=2) ave= 1.661E-01 +/- 4.40 % Gg(l=3) ave= 0.000E+00 +/- 0.00 %  % || D(l=0) ave= 4.259E+02 +/- 7.71 % D(l=1) ave= 1.975E+02 +/- 0.00 % D(l=2) ave= 1.383E+02 +/- 0.00 % D(l=3) ave= 0.000E+00 +/- 0.00 %  % || S(l=0) ave= 1.065E-04 +/- 4.77 % S(l=1) ave= 2.852E-04 +/- 8.11 % S(l=2) ave= 2.598E-05 +/- 16.22 % S(l=3) ave= 0.000E+00 +/- 0.00 % 
 ... random file  267 Cap(th)  ave= 1.185E+01 b. +/- 7.02 % || Ela(th) ave= 5.666E+00 b. +/- 9.34 % || RIcap ave= 5.25E+01 b. +/- 12.02 % || Macs30 ave= 2.81E-01 b. +/- 0.10 % || Gn^0(l=0) ave= 3.915E-02 +/- 1.97 % Gn^0(l=1) ave= 8.558E-02 +/- 8.12 % Gn^0(l=2) ave= 7.161E-03 +/- 16.26 % Gn^0(l=3) ave= 0.000E+00 +/- 0.00 % || Gtotal(l=0) ave= 1.416E+00 +/- 1.20 % Gtotal(l=1) ave= 1.796E-01 +/- 5.27 % Gtotal(l=2) ave= 1.661E-01 +/- 4.39 % Gtotal(l=3) ave= 0.000E+00 +/- 0.00 %  % || Gg(l=0) ave= 1.464E-01 +/- 7.80 % Gg(l=1) ave= 1.719E-01 +/- 5.50 % Gg(l=2) ave= 1.661E-01 +/- 4.39 % Gg(l=3) ave= 0.000E+00 +/- 0.00 %  % || D(l=0) ave= 4.258E+02 +/- 7.71 % D(l=1) ave= 1.975E+02 +/- 0.00 % D(l=2) ave= 1.383E+02 +/- 0.00 % D(l=3) ave= 0.000E+00 +/- 0.00 %  % || S(l=0) ave= 1.065E-04 +/- 4.77 % S(l=1) ave= 2.850E-04 +/- 8.13 % S(l=2) ave= 2.595E-05 +/- 16.26 % S(l=3) ave= 0.000E+00 +/- 0.00 % 
 ... random file  268 Cap(th)  ave= 1.185E+01 b. +/- 7.02 % || Ela(th) ave= 5.665E+00 b. +/- 9.32 % || RIcap ave= 5.25E+01 b. +/- 12.00 % || Macs30 ave= 2.81E-01 b. +/- 0.10 % || Gn^0(l=0) ave= 3.915E-02 +/- 1.97 % Gn^0(l=1) ave= 8.559E-02 +/- 8.11 % Gn^0(l=2) ave= 7.160E-03 +/- 16.23 % Gn^0(l=3) ave= 0.000E+00 +/- 0.00 % || Gtotal(l=0) ave= 1.416E+00 +/- 1.20 % Gtotal(l=1) ave= 1.796E-01 +/- 5.26 % Gtotal(l=2) ave= 1.661E-01 +/- 4.39 % Gtotal(l=3) ave= 0.000E+00 +/- 0.00 %  % || Gg(l=0) ave= 1.464E-01 +/- 7.78 % Gg(l=1) ave= 1.719E-01 +/- 5.49 % Gg(l=2) ave= 1.661E-01 +/- 4.39 % Gg(l=3) ave= 0.000E+00 +/- 0.00 %  % || D(l=0) ave= 4.259E+02 +/- 7.71 % D(l=1) ave= 1.975E+02 +/- 0.00 % D(l=2) ave= 1.383E+02 +/- 0.00 % D(l=3) ave= 0.000E+00 +/- 0.00 %  % || S(l=0) ave= 1.065E-04 +/- 4.77 % S(l=1) ave= 2.850E-04 +/- 8.12 % S(l=2) ave= 2.595E-05 +/- 16.23 % S(l=3) ave= 0.000E+00 +/- 0.00 % 
 ... random file  269 Cap(th)  ave= 1.185E+01 b. +/- 7.01 % || Ela(th) ave= 5.664E+00 b. +/- 9.31 % || RIcap ave= 5.25E+01 b. +/- 11.98 % || Macs30 ave= 2.81E-01 b. +/- 0.10 % || Gn^0(l=0) ave= 3.916E-02 +/- 1.97 % Gn^0(l=1) ave= 8.560E-02 +/- 8.10 % Gn^0(l=2) ave= 7.163E-03 +/- 16.20 % Gn^0(l=3) ave= 0.000E+00 +/- 0.00 % || Gtotal(l=0) ave= 1.416E+00 +/- 1.20 % Gtotal(l=1) ave= 1.796E-01 +/- 5.25 % Gtotal(l=2) ave= 1.661E-01 +/- 4.41 % Gtotal(l=3) ave= 0.000E+00 +/- 0.00 %  % || Gg(l=0) ave= 1.464E-01 +/- 7.77 % Gg(l=1) ave= 1.719E-01 +/- 5.48 % Gg(l=2) ave= 1.661E-01 +/- 4.41 % Gg(l=3) ave= 0.000E+00 +/- 0.00 %  % || D(l=0) ave= 4.261E+02 +/- 7.71 % D(l=1) ave= 1.975E+02 +/- 0.00 % D(l=2) ave= 1.383E+02 +/- 0.00 % D(l=3) ave= 0.000E+00 +/- 0.00 %  % || S(l=0) ave= 1.065E-04 +/- 4.77 % S(l=1) ave= 2.851E-04 +/- 8.11 % S(l=2) ave= 2.596E-05 +/- 16.20 % S(l=3) ave= 0.000E+00 +/- 0.00 % 
 ... random file  270 Cap(th)  ave= 1.185E+01 b. +/- 7.01 % || Ela(th) ave= 5.664E+00 b. +/- 9.30 % || RIcap ave= 5.25E+01 b. +/- 11.99 % || Macs30 ave= 2.81E-01 b. +/- 0.10 % || Gn^0(l=0) ave= 3.915E-02 +/- 1.97 % Gn^0(l=1) ave= 8.560E-02 +/- 8.08 % Gn^0(l=2) ave= 7.163E-03 +/- 16.17 % Gn^0(l=3) ave= 0.000E+00 +/- 0.00 % || Gtotal(l=0) ave= 1.416E+00 +/- 1.19 % Gtotal(l=1) ave= 1.796E-01 +/- 5.24 % Gtotal(l=2) ave= 1.661E-01 +/- 4.43 % Gtotal(l=3) ave= 0.000E+00 +/- 0.00 %  % || Gg(l=0) ave= 1.464E-01 +/- 7.76 % Gg(l=1) ave= 1.719E-01 +/- 5.48 % Gg(l=2) ave= 1.661E-01 +/- 4.43 % Gg(l=3) ave= 0.000E+00 +/- 0.00 %  % || D(l=0) ave= 4.260E+02 +/- 7.71 % D(l=1) ave= 1.975E+02 +/- 0.00 % D(l=2) ave= 1.383E+02 +/- 0.00 % D(l=3) ave= 0.000E+00 +/- 0.00 %  % || S(l=0) ave= 1.065E-04 +/- 4.77 % S(l=1) ave= 2.851E-04 +/- 8.09 % S(l=2) ave= 2.596E-05 +/- 16.17 % S(l=3) ave= 0.000E+00 +/- 0.00 % 
 ... random file  271 Cap(th)  ave= 1.185E+01 b. +/- 7.00 % || Ela(th) ave= 5.663E+00 b. +/- 9.28 % || RIcap ave= 5.25E+01 b. +/- 11.98 % || Macs30 ave= 2.81E-01 b. +/- 0.10 % || Gn^0(l=0) ave= 3.915E-02 +/- 1.97 % Gn^0(l=1) ave= 8.561E-02 +/- 8.07 % Gn^0(l=2) ave= 7.164E-03 +/- 16.14 % Gn^0(l=3) ave= 0.000E+00 +/- 0.00 % || Gtotal(l=0) ave= 1.416E+00 +/- 1.19 % Gtotal(l=1) ave= 1.796E-01 +/- 5.23 % Gtotal(l=2) ave= 1.660E-01 +/- 4.43 % Gtotal(l=3) ave= 0.000E+00 +/- 0.00 %  % || Gg(l=0) ave= 1.463E-01 +/- 7.75 % Gg(l=1) ave= 1.719E-01 +/- 5.47 % Gg(l=2) ave= 1.660E-01 +/- 4.43 % Gg(l=3) ave= 0.000E+00 +/- 0.00 %  % || D(l=0) ave= 4.258E+02 +/- 7.71 % D(l=1) ave= 1.975E+02 +/- 0.00 % D(l=2) ave= 1.383E+02 +/- 0.00 % D(l=3) ave= 0.000E+00 +/- 0.00 %  % || S(l=0) ave= 1.065E-04 +/- 4.77 % S(l=1) ave= 2.851E-04 +/- 8.08 % S(l=2) ave= 2.597E-05 +/- 16.14 % S(l=3) ave= 0.000E+00 +/- 0.00 % 
 ... random file  272 Cap(th)  ave= 1.185E+01 b. +/- 6.99 % || Ela(th) ave= 5.663E+00 b. +/- 9.27 % || RIcap ave= 5.25E+01 b. +/- 11.97 % || Macs30 ave= 2.81E-01 b. +/- 0.10 % || Gn^0(l=0) ave= 3.915E-02 +/- 1.97 % Gn^0(l=1) ave= 8.561E-02 +/- 8.05 % Gn^0(l=2) ave= 7.164E-03 +/- 16.11 % Gn^0(l=3) ave= 0.000E+00 +/- 0.00 % || Gtotal(l=0) ave= 1.416E+00 +/- 1.19 % Gtotal(l=1) ave= 1.796E-01 +/- 5.22 % Gtotal(l=2) ave= 1.661E-01 +/- 4.44 % Gtotal(l=3) ave= 0.000E+00 +/- 0.00 %  % || Gg(l=0) ave= 1.463E-01 +/- 7.74 % Gg(l=1) ave= 1.719E-01 +/- 5.46 % Gg(l=2) ave= 1.661E-01 +/- 4.44 % Gg(l=3) ave= 0.000E+00 +/- 0.00 %  % || D(l=0) ave= 4.257E+02 +/- 7.71 % D(l=1) ave= 1.975E+02 +/- 0.00 % D(l=2) ave= 1.383E+02 +/- 0.00 % D(l=3) ave= 0.000E+00 +/- 0.00 %  % || S(l=0) ave= 1.065E-04 +/- 4.76 % S(l=1) ave= 2.851E-04 +/- 8.06 % S(l=2) ave= 2.597E-05 +/- 16.11 % S(l=3) ave= 0.000E+00 +/- 0.00 % 
 ... random file  273 Cap(th)  ave= 1.186E+01 b. +/- 7.04 % || Ela(th) ave= 5.662E+00 b. +/- 9.25 % || RIcap ave= 5.26E+01 b. +/- 12.09 % || Macs30 ave= 2.81E-01 b. +/- 0.10 % || Gn^0(l=0) ave= 3.915E-02 +/- 1.97 % Gn^0(l=1) ave= 8.562E-02 +/- 8.04 % Gn^0(l=2) ave= 7.165E-03 +/- 16.08 % Gn^0(l=3) ave= 0.000E+00 +/- 0.00 % || Gtotal(l=0) ave= 1.416E+00 +/- 1.19 % Gtotal(l=1) ave= 1.796E-01 +/- 5.21 % Gtotal(l=2) ave= 1.660E-01 +/- 4.45 % Gtotal(l=3) ave= 0.000E+00 +/- 0.00 %  % || Gg(l=0) ave= 1.464E-01 +/- 7.72 % Gg(l=1) ave= 1.719E-01 +/- 5.45 % Gg(l=2) ave= 1.660E-01 +/- 4.45 % Gg(l=3) ave= 0.000E+00 +/- 0.00 %  % || D(l=0) ave= 4.259E+02 +/- 7.71 % D(l=1) ave= 1.975E+02 +/- 0.00 % D(l=2) ave= 1.383E+02 +/- 0.00 % D(l=3) ave= 0.000E+00 +/- 0.00 %  % || S(l=0) ave= 1.065E-04 +/- 4.77 % S(l=1) ave= 2.851E-04 +/- 8.05 % S(l=2) ave= 2.597E-05 +/- 16.08 % S(l=3) ave= 0.000E+00 +/- 0.00 % 
 ... random file  274 Cap(th)  ave= 1.186E+01 b. +/- 7.10 % || Ela(th) ave= 5.664E+00 b. +/- 9.25 % || RIcap ave= 5.27E+01 b. +/- 12.35 % || Macs30 ave= 2.81E-01 b. +/- 0.10 % || Gn^0(l=0) ave= 3.915E-02 +/- 1.97 % Gn^0(l=1) ave= 8.559E-02 +/- 8.04 % Gn^0(l=2) ave= 7.162E-03 +/- 16.08 % Gn^0(l=3) ave= 0.000E+00 +/- 0.00 % || Gtotal(l=0) ave= 1.416E+00 +/- 1.19 % Gtotal(l=1) ave= 1.795E-01 +/- 5.25 % Gtotal(l=2) ave= 1.660E-01 +/- 4.44 % Gtotal(l=3) ave= 0.000E+00 +/- 0.00 %  % || Gg(l=0) ave= 1.464E-01 +/- 7.75 % Gg(l=1) ave= 1.718E-01 +/- 5.49 % Gg(l=2) ave= 1.660E-01 +/- 4.44 % Gg(l=3) ave= 0.000E+00 +/- 0.00 %  % || D(l=0) ave= 4.260E+02 +/- 7.71 % D(l=1) ave= 1.975E+02 +/- 0.00 % D(l=2) ave= 1.383E+02 +/- 0.00 % D(l=3) ave= 0.000E+00 +/- 0.00 %  % || S(l=0) ave= 1.065E-04 +/- 4.77 % S(l=1) ave= 2.850E-04 +/- 8.05 % S(l=2) ave= 2.596E-05 +/- 16.08 % S(l=3) ave= 0.000E+00 +/- 0.00 % 
 ... random file  275 Cap(th)  ave= 1.187E+01 b. +/- 7.09 % || Ela(th) ave= 5.663E+00 b. +/- 9.24 % || RIcap ave= 5.27E+01 b. +/- 12.33 % || Macs30 ave= 2.81E-01 b. +/- 0.10 % || Gn^0(l=0) ave= 3.915E-02 +/- 1.97 % Gn^0(l=1) ave= 8.561E-02 +/- 8.02 % Gn^0(l=2) ave= 7.164E-03 +/- 16.06 % Gn^0(l=3) ave= 0.000E+00 +/- 0.00 % || Gtotal(l=0) ave= 1.416E+00 +/- 1.19 % Gtotal(l=1) ave= 1.795E-01 +/- 5.25 % Gtotal(l=2) ave= 1.660E-01 +/- 4.46 % Gtotal(l=3) ave= 0.000E+00 +/- 0.00 %  % || Gg(l=0) ave= 1.464E-01 +/- 7.74 % Gg(l=1) ave= 1.718E-01 +/- 5.48 % Gg(l=2) ave= 1.660E-01 +/- 4.46 % Gg(l=3) ave= 0.000E+00 +/- 0.00 %  % || D(l=0) ave= 4.259E+02 +/- 7.71 % D(l=1) ave= 1.975E+02 +/- 0.00 % D(l=2) ave= 1.383E+02 +/- 0.00 % D(l=3) ave= 0.000E+00 +/- 0.00 %  % || S(l=0) ave= 1.065E-04 +/- 4.77 % S(l=1) ave= 2.851E-04 +/- 8.04 % S(l=2) ave= 2.597E-05 +/- 16.06 % S(l=3) ave= 0.000E+00 +/- 0.00 % 
 ... random file  276 Cap(th)  ave= 1.187E+01 b. +/- 7.08 % || Ela(th) ave= 5.662E+00 b. +/- 9.23 % || RIcap ave= 5.27E+01 b. +/- 12.31 % || Macs30 ave= 2.81E-01 b. +/- 0.10 % || Gn^0(l=0) ave= 3.915E-02 +/- 1.97 % Gn^0(l=1) ave= 8.562E-02 +/- 8.01 % Gn^0(l=2) ave= 7.165E-03 +/- 16.03 % Gn^0(l=3) ave= 0.000E+00 +/- 0.00 % || Gtotal(l=0) ave= 1.416E+00 +/- 1.19 % Gtotal(l=1) ave= 1.794E-01 +/- 5.28 % Gtotal(l=2) ave= 1.660E-01 +/- 4.46 % Gtotal(l=3) ave= 0.000E+00 +/- 0.00 %  % || Gg(l=0) ave= 1.464E-01 +/- 7.73 % Gg(l=1) ave= 1.718E-01 +/- 5.51 % Gg(l=2) ave= 1.660E-01 +/- 4.46 % Gg(l=3) ave= 0.000E+00 +/- 0.00 %  % || D(l=0) ave= 4.258E+02 +/- 7.71 % D(l=1) ave= 1.975E+02 +/- 0.00 % D(l=2) ave= 1.383E+02 +/- 0.00 % D(l=3) ave= 0.000E+00 +/- 0.00 %  % || S(l=0) ave= 1.065E-04 +/- 4.77 % S(l=1) ave= 2.851E-04 +/- 8.02 % S(l=2) ave= 2.597E-05 +/- 16.03 % S(l=3) ave= 0.000E+00 +/- 0.00 % 
 ... random file  277 Cap(th)  ave= 1.186E+01 b. +/- 7.08 % || Ela(th) ave= 5.661E+00 b. +/- 9.23 % || RIcap ave= 5.26E+01 b. +/- 12.33 % || Macs30 ave= 2.81E-01 b. +/- 0.10 % || Gn^0(l=0) ave= 3.915E-02 +/- 1.97 % Gn^0(l=1) ave= 8.564E-02 +/- 8.00 % Gn^0(l=2) ave= 7.168E-03 +/- 16.01 % Gn^0(l=3) ave= 0.000E+00 +/- 0.00 % || Gtotal(l=0) ave= 1.416E+00 +/- 1.18 % Gtotal(l=1) ave= 1.794E-01 +/- 5.27 % Gtotal(l=2) ave= 1.660E-01 +/- 4.45 % Gtotal(l=3) ave= 0.000E+00 +/- 0.00 %  % || Gg(l=0) ave= 1.464E-01 +/- 7.76 % Gg(l=1) ave= 1.717E-01 +/- 5.51 % Gg(l=2) ave= 1.660E-01 +/- 4.45 % Gg(l=3) ave= 0.000E+00 +/- 0.00 %  % || D(l=0) ave= 4.257E+02 +/- 7.72 % D(l=1) ave= 1.975E+02 +/- 0.00 % D(l=2) ave= 1.383E+02 +/- 0.00 % D(l=3) ave= 0.000E+00 +/- 0.00 %  % || S(l=0) ave= 1.065E-04 +/- 4.77 % S(l=1) ave= 2.852E-04 +/- 8.02 % S(l=2) ave= 2.598E-05 +/- 16.01 % S(l=3) ave= 0.000E+00 +/- 0.00 % 
 ... random file  278 Cap(th)  ave= 1.186E+01 b. +/- 7.11 % || Ela(th) ave= 5.660E+00 b. +/- 9.22 % || RIcap ave= 5.26E+01 b. +/- 12.36 % || Macs30 ave= 2.81E-01 b. +/- 0.10 % || Gn^0(l=0) ave= 3.914E-02 +/- 1.97 % Gn^0(l=1) ave= 8.565E-02 +/- 7.99 % Gn^0(l=2) ave= 7.170E-03 +/- 15.98 % Gn^0(l=3) ave= 0.000E+00 +/- 0.00 % || Gtotal(l=0) ave= 1.416E+00 +/- 1.18 % Gtotal(l=1) ave= 1.794E-01 +/- 5.26 % Gtotal(l=2) ave= 1.659E-01 +/- 4.50 % Gtotal(l=3) ave= 0.000E+00 +/- 0.00 %  % || Gg(l=0) ave= 1.464E-01 +/- 7.75 % Gg(l=1) ave= 1.717E-01 +/- 5.50 % Gg(l=2) ave= 1.659E-01 +/- 4.50 % Gg(l=3) ave= 0.000E+00 +/- 0.00 %  % || D(l=0) ave= 4.255E+02 +/- 7.72 % D(l=1) ave= 1.975E+02 +/- 0.00 % D(l=2) ave= 1.383E+02 +/- 0.00 % D(l=3) ave= 0.000E+00 +/- 0.00 %  % || S(l=0) ave= 1.065E-04 +/- 4.77 % S(l=1) ave= 2.852E-04 +/- 8.00 % S(l=2) ave= 2.599E-05 +/- 15.98 % S(l=3) ave= 0.000E+00 +/- 0.00 % 
 ... random file  279 Cap(th)  ave= 1.185E+01 b. +/- 7.11 % || Ela(th) ave= 5.660E+00 b. +/- 9.20 % || RIcap ave= 5.26E+01 b. +/- 12.34 % || Macs30 ave= 2.81E-01 b. +/- 0.10 % || Gn^0(l=0) ave= 3.915E-02 +/- 1.97 % Gn^0(l=1) ave= 8.564E-02 +/- 7.98 % Gn^0(l=2) ave= 7.169E-03 +/- 15.95 % Gn^0(l=3) ave= 0.000E+00 +/- 0.00 % || Gtotal(l=0) ave= 1.416E+00 +/- 1.18 % Gtotal(l=1) ave= 1.794E-01 +/- 5.25 % Gtotal(l=2) ave= 1.659E-01 +/- 4.49 % Gtotal(l=3) ave= 0.000E+00 +/- 0.00 %  % || Gg(l=0) ave= 1.463E-01 +/- 7.74 % Gg(l=1) ave= 1.717E-01 +/- 5.49 % Gg(l=2) ave= 1.659E-01 +/- 4.49 % Gg(l=3) ave= 0.000E+00 +/- 0.00 %  % || D(l=0) ave= 4.257E+02 +/- 7.72 % D(l=1) ave= 1.975E+02 +/- 0.00 % D(l=2) ave= 1.383E+02 +/- 0.00 % D(l=3) ave= 0.000E+00 +/- 0.00 %  % || S(l=0) ave= 1.065E-04 +/- 4.77 % S(l=1) ave= 2.852E-04 +/- 7.99 % S(l=2) ave= 2.599E-05 +/- 15.95 % S(l=3) ave= 0.000E+00 +/- 0.00 % 
 ... random file  280 Cap(th)  ave= 1.185E+01 b. +/- 7.11 % || Ela(th) ave= 5.659E+00 b. +/- 9.18 % || RIcap ave= 5.26E+01 b. +/- 12.33 % || Macs30 ave= 2.81E-01 b. +/- 0.10 % || Gn^0(l=0) ave= 3.914E-02 +/- 1.96 % Gn^0(l=1) ave= 8.565E-02 +/- 7.96 % Gn^0(l=2) ave= 7.169E-03 +/- 15.92 % Gn^0(l=3) ave= 0.000E+00 +/- 0.00 % || Gtotal(l=0) ave= 1.416E+00 +/- 1.19 % Gtotal(l=1) ave= 1.793E-01 +/- 5.28 % Gtotal(l=2) ave= 1.659E-01 +/- 4.49 % Gtotal(l=3) ave= 0.000E+00 +/- 0.00 %  % || Gg(l=0) ave= 1.464E-01 +/- 7.73 % Gg(l=1) ave= 1.716E-01 +/- 5.52 % Gg(l=2) ave= 1.659E-01 +/- 4.49 % Gg(l=3) ave= 0.000E+00 +/- 0.00 %  % || D(l=0) ave= 4.256E+02 +/- 7.72 % D(l=1) ave= 1.975E+02 +/- 0.00 % D(l=2) ave= 1.383E+02 +/- 0.00 % D(l=3) ave= 0.000E+00 +/- 0.00 %  % || S(l=0) ave= 1.065E-04 +/- 4.77 % S(l=1) ave= 2.852E-04 +/- 7.97 % S(l=2) ave= 2.598E-05 +/- 15.92 % S(l=3) ave= 0.000E+00 +/- 0.00 % 
 ... random file  281 Cap(th)  ave= 1.186E+01 b. +/- 7.12 % || Ela(th) ave= 5.661E+00 b. +/- 9.18 % || RIcap ave= 5.26E+01 b. +/- 12.31 % || Macs30 ave= 2.81E-01 b. +/- 0.10 % || Gn^0(l=0) ave= 3.915E-02 +/- 1.96 % Gn^0(l=1) ave= 8.562E-02 +/- 7.97 % Gn^0(l=2) ave= 7.164E-03 +/- 15.94 % Gn^0(l=3) ave= 0.000E+00 +/- 0.00 % || Gtotal(l=0) ave= 1.416E+00 +/- 1.19 % Gtotal(l=1) ave= 1.794E-01 +/- 5.29 % Gtotal(l=2) ave= 1.659E-01 +/- 4.49 % Gtotal(l=3) ave= 0.000E+00 +/- 0.00 %  % || Gg(l=0) ave= 1.463E-01 +/- 7.72 % Gg(l=1) ave= 1.717E-01 +/- 5.53 % Gg(l=2) ave= 1.659E-01 +/- 4.49 % Gg(l=3) ave= 0.000E+00 +/- 0.00 %  % || D(l=0) ave= 4.257E+02 +/- 7.71 % D(l=1) ave= 1.975E+02 +/- 0.00 % D(l=2) ave= 1.383E+02 +/- 0.00 % D(l=3) ave= 0.000E+00 +/- 0.00 %  % || S(l=0) ave= 1.065E-04 +/- 4.77 % S(l=1) ave= 2.851E-04 +/- 7.98 % S(l=2) ave= 2.597E-05 +/- 15.94 % S(l=3) ave= 0.000E+00 +/- 0.00 % 
 ... random file  282 Cap(th)  ave= 1.186E+01 b. +/- 7.11 % || Ela(th) ave= 5.661E+00 b. +/- 9.17 % || RIcap ave= 5.26E+01 b. +/- 12.30 % || Macs30 ave= 2.81E-01 b. +/- 0.10 % || Gn^0(l=0) ave= 3.915E-02 +/- 1.96 % Gn^0(l=1) ave= 8.563E-02 +/- 7.96 % Gn^0(l=2) ave= 7.165E-03 +/- 15.91 % Gn^0(l=3) ave= 0.000E+00 +/- 0.00 % || Gtotal(l=0) ave= 1.416E+00 +/- 1.19 % Gtotal(l=1) ave= 1.794E-01 +/- 5.28 % Gtotal(l=2) ave= 1.659E-01 +/- 4.49 % Gtotal(l=3) ave= 0.000E+00 +/- 0.00 %  % || Gg(l=0) ave= 1.463E-01 +/- 7.71 % Gg(l=1) ave= 1.717E-01 +/- 5.52 % Gg(l=2) ave= 1.659E-01 +/- 4.49 % Gg(l=3) ave= 0.000E+00 +/- 0.00 %  % || D(l=0) ave= 4.258E+02 +/- 7.71 % D(l=1) ave= 1.975E+02 +/- 0.00 % D(l=2) ave= 1.383E+02 +/- 0.00 % D(l=3) ave= 0.000E+00 +/- 0.00 %  % || S(l=0) ave= 1.065E-04 +/- 4.77 % S(l=1) ave= 2.852E-04 +/- 7.97 % S(l=2) ave= 2.597E-05 +/- 15.91 % S(l=3) ave= 0.000E+00 +/- 0.00 % 
 ... random file  283 Cap(th)  ave= 1.185E+01 b. +/- 7.10 % || Ela(th) ave= 5.662E+00 b. +/- 9.16 % || RIcap ave= 5.26E+01 b. +/- 12.28 % || Macs30 ave= 2.81E-01 b. +/- 0.10 % || Gn^0(l=0) ave= 3.915E-02 +/- 1.96 % Gn^0(l=1) ave= 8.561E-02 +/- 7.95 % Gn^0(l=2) ave= 7.163E-03 +/- 15.90 % Gn^0(l=3) ave= 0.000E+00 +/- 0.00 % || Gtotal(l=0) ave= 1.416E+00 +/- 1.19 % Gtotal(l=1) ave= 1.794E-01 +/- 5.28 % Gtotal(l=2) ave= 1.660E-01 +/- 4.50 % Gtotal(l=3) ave= 0.000E+00 +/- 0.00 %  % || Gg(l=0) ave= 1.463E-01 +/- 7.72 % Gg(l=1) ave= 1.717E-01 +/- 5.51 % Gg(l=2) ave= 1.660E-01 +/- 4.50 % Gg(l=3) ave= 0.000E+00 +/- 0.00 %  % || D(l=0) ave= 4.257E+02 +/- 7.71 % D(l=1) ave= 1.975E+02 +/- 0.00 % D(l=2) ave= 1.383E+02 +/- 0.00 % D(l=3) ave= 0.000E+00 +/- 0.00 %  % || S(l=0) ave= 1.065E-04 +/- 4.77 % S(l=1) ave= 2.851E-04 +/- 7.97 % S(l=2) ave= 2.596E-05 +/- 15.90 % S(l=3) ave= 0.000E+00 +/- 0.00 % 
 ... random file  284 Cap(th)  ave= 1.186E+01 b. +/- 7.10 % || Ela(th) ave= 5.665E+00 b. +/- 9.18 % || RIcap ave= 5.26E+01 b. +/- 12.26 % || Macs30 ave= 2.81E-01 b. +/- 0.10 % || Gn^0(l=0) ave= 3.915E-02 +/- 1.96 % Gn^0(l=1) ave= 8.557E-02 +/- 7.98 % Gn^0(l=2) ave= 7.157E-03 +/- 15.95 % Gn^0(l=3) ave= 0.000E+00 +/- 0.00 % || Gtotal(l=0) ave= 1.416E+00 +/- 1.19 % Gtotal(l=1) ave= 1.794E-01 +/- 5.27 % Gtotal(l=2) ave= 1.660E-01 +/- 4.50 % Gtotal(l=3) ave= 0.000E+00 +/- 0.00 %  % || Gg(l=0) ave= 1.463E-01 +/- 7.71 % Gg(l=1) ave= 1.717E-01 +/- 5.50 % Gg(l=2) ave= 1.660E-01 +/- 4.50 % Gg(l=3) ave= 0.000E+00 +/- 0.00 %  % || D(l=0) ave= 4.258E+02 +/- 7.71 % D(l=1) ave= 1.975E+02 +/- 0.00 % D(l=2) ave= 1.383E+02 +/- 0.00 % D(l=3) ave= 0.000E+00 +/- 0.00 %  % || S(l=0) ave= 1.065E-04 +/- 4.77 % S(l=1) ave= 2.850E-04 +/- 7.99 % S(l=2) ave= 2.594E-05 +/- 15.95 % S(l=3) ave= 0.000E+00 +/- 0.00 % 
 ... random file  285 Cap(th)  ave= 1.186E+01 b. +/- 7.11 % || Ela(th) ave= 5.663E+00 b. +/- 9.18 % || RIcap ave= 5.27E+01 b. +/- 12.29 % || Macs30 ave= 2.81E-01 b. +/- 0.10 % || Gn^0(l=0) ave= 3.915E-02 +/- 1.96 % Gn^0(l=1) ave= 8.559E-02 +/- 7.97 % Gn^0(l=2) ave= 7.160E-03 +/- 15.94 % Gn^0(l=3) ave= 0.000E+00 +/- 0.00 % || Gtotal(l=0) ave= 1.416E+00 +/- 1.19 % Gtotal(l=1) ave= 1.794E-01 +/- 5.27 % Gtotal(l=2) ave= 1.660E-01 +/- 4.51 % Gtotal(l=3) ave= 0.000E+00 +/- 0.00 %  % || Gg(l=0) ave= 1.463E-01 +/- 7.70 % Gg(l=1) ave= 1.717E-01 +/- 5.51 % Gg(l=2) ave= 1.660E-01 +/- 4.51 % Gg(l=3) ave= 0.000E+00 +/- 0.00 %  % || D(l=0) ave= 4.257E+02 +/- 7.71 % D(l=1) ave= 1.975E+02 +/- 0.00 % D(l=2) ave= 1.383E+02 +/- 0.00 % D(l=3) ave= 0.000E+00 +/- 0.00 %  % || S(l=0) ave= 1.065E-04 +/- 4.77 % S(l=1) ave= 2.850E-04 +/- 7.98 % S(l=2) ave= 2.595E-05 +/- 15.94 % S(l=3) ave= 0.000E+00 +/- 0.00 % 
 ... random file  286 Cap(th)  ave= 1.186E+01 b. +/- 7.10 % || Ela(th) ave= 5.661E+00 b. +/- 9.20 % || RIcap ave= 5.27E+01 b. +/- 12.27 % || Macs30 ave= 2.81E-01 b. +/- 0.10 % || Gn^0(l=0) ave= 3.915E-02 +/- 1.96 % Gn^0(l=1) ave= 8.563E-02 +/- 8.00 % Gn^0(l=2) ave= 7.167E-03 +/- 15.97 % Gn^0(l=3) ave= 0.000E+00 +/- 0.00 % || Gtotal(l=0) ave= 1.416E+00 +/- 1.20 % Gtotal(l=1) ave= 1.795E-01 +/- 5.28 % Gtotal(l=2) ave= 1.660E-01 +/- 4.50 % Gtotal(l=3) ave= 0.000E+00 +/- 0.00 %  % || Gg(l=0) ave= 1.462E-01 +/- 7.74 % Gg(l=1) ave= 1.718E-01 +/- 5.51 % Gg(l=2) ave= 1.660E-01 +/- 4.50 % Gg(l=3) ave= 0.000E+00 +/- 0.00 %  % || D(l=0) ave= 4.258E+02 +/- 7.71 % D(l=1) ave= 1.975E+02 +/- 0.00 % D(l=2) ave= 1.383E+02 +/- 0.00 % D(l=3) ave= 0.000E+00 +/- 0.00 %  % || S(l=0) ave= 1.065E-04 +/- 4.77 % S(l=1) ave= 2.852E-04 +/- 8.01 % S(l=2) ave= 2.598E-05 +/- 15.97 % S(l=3) ave= 0.000E+00 +/- 0.00 % 
 ... random file  287 Cap(th)  ave= 1.186E+01 b. +/- 7.09 % || Ela(th) ave= 5.665E+00 b. +/- 9.26 % || RIcap ave= 5.27E+01 b. +/- 12.27 % || Macs30 ave= 2.81E-01 b. +/- 0.10 % || Gn^0(l=0) ave= 3.915E-02 +/- 1.96 % Gn^0(l=1) ave= 8.558E-02 +/- 8.04 % Gn^0(l=2) ave= 7.160E-03 +/- 16.05 % Gn^0(l=3) ave= 0.000E+00 +/- 0.00 % || Gtotal(l=0) ave= 1.416E+00 +/- 1.19 % Gtotal(l=1) ave= 1.795E-01 +/- 5.27 % Gtotal(l=2) ave= 1.660E-01 +/- 4.49 % Gtotal(l=3) ave= 0.000E+00 +/- 0.00 %  % || Gg(l=0) ave= 1.462E-01 +/- 7.72 % Gg(l=1) ave= 1.718E-01 +/- 5.51 % Gg(l=2) ave= 1.660E-01 +/- 4.49 % Gg(l=3) ave= 0.000E+00 +/- 0.00 %  % || D(l=0) ave= 4.257E+02 +/- 7.71 % D(l=1) ave= 1.975E+02 +/- 0.00 % D(l=2) ave= 1.383E+02 +/- 0.00 % D(l=3) ave= 0.000E+00 +/- 0.00 %  % || S(l=0) ave= 1.065E-04 +/- 4.77 % S(l=1) ave= 2.850E-04 +/- 8.06 % S(l=2) ave= 2.595E-05 +/- 16.05 % S(l=3) ave= 0.000E+00 +/- 0.00 % 
 ... random file  288 Cap(th)  ave= 1.187E+01 b. +/- 7.12 % || Ela(th) ave= 5.660E+00 b. +/- 9.35 % || RIcap ave= 5.27E+01 b. +/- 12.27 % || Macs30 ave= 2.81E-01 b. +/- 0.10 % || Gn^0(l=0) ave= 3.914E-02 +/- 1.96 % Gn^0(l=1) ave= 8.565E-02 +/- 8.14 % Gn^0(l=2) ave= 7.172E-03 +/- 16.28 % Gn^0(l=3) ave= 0.000E+00 +/- 0.00 % || Gtotal(l=0) ave= 1.416E+00 +/- 1.19 % Gtotal(l=1) ave= 1.794E-01 +/- 5.27 % Gtotal(l=2) ave= 1.660E-01 +/- 4.50 % Gtotal(l=3) ave= 0.000E+00 +/- 0.00 %  % || Gg(l=0) ave= 1.462E-01 +/- 7.72 % Gg(l=1) ave= 1.717E-01 +/- 5.50 % Gg(l=2) ave= 1.660E-01 +/- 4.50 % Gg(l=3) ave= 0.000E+00 +/- 0.00 %  % || D(l=0) ave= 4.256E+02 +/- 7.72 % D(l=1) ave= 1.975E+02 +/- 0.00 % D(l=2) ave= 1.383E+02 +/- 0.00 % D(l=3) ave= 0.000E+00 +/- 0.00 %  % || S(l=0) ave= 1.065E-04 +/- 4.77 % S(l=1) ave= 2.852E-04 +/- 8.15 % S(l=2) ave= 2.600E-05 +/- 16.28 % S(l=3) ave= 0.000E+00 +/- 0.00 % 
 ... random file  289 Cap(th)  ave= 1.187E+01 b. +/- 7.12 % || Ela(th) ave= 5.662E+00 b. +/- 9.34 % || RIcap ave= 5.27E+01 b. +/- 12.27 % || Macs30 ave= 2.81E-01 b. +/- 0.10 % || Gn^0(l=0) ave= 3.915E-02 +/- 1.97 % Gn^0(l=1) ave= 8.563E-02 +/- 8.14 % Gn^0(l=2) ave= 7.169E-03 +/- 16.28 % Gn^0(l=3) ave= 0.000E+00 +/- 0.00 % || Gtotal(l=0) ave= 1.416E+00 +/- 1.19 % Gtotal(l=1) ave= 1.794E-01 +/- 5.26 % Gtotal(l=2) ave= 1.660E-01 +/- 4.51 % Gtotal(l=3) ave= 0.000E+00 +/- 0.00 %  % || Gg(l=0) ave= 1.462E-01 +/- 7.70 % Gg(l=1) ave= 1.717E-01 +/- 5.49 % Gg(l=2) ave= 1.660E-01 +/- 4.51 % Gg(l=3) ave= 0.000E+00 +/- 0.00 %  % || D(l=0) ave= 4.257E+02 +/- 7.71 % D(l=1) ave= 1.975E+02 +/- 0.00 % D(l=2) ave= 1.383E+02 +/- 0.00 % D(l=3) ave= 0.000E+00 +/- 0.00 %  % || S(l=0) ave= 1.065E-04 +/- 4.77 % S(l=1) ave= 2.852E-04 +/- 8.15 % S(l=2) ave= 2.598E-05 +/- 16.28 % S(l=3) ave= 0.000E+00 +/- 0.00 % 
 ... random file  290 Cap(th)  ave= 1.187E+01 b. +/- 7.11 % || Ela(th) ave= 5.662E+00 b. +/- 9.32 % || RIcap ave= 5.28E+01 b. +/- 12.27 % || Macs30 ave= 2.81E-01 b. +/- 0.10 % || Gn^0(l=0) ave= 3.915E-02 +/- 1.96 % Gn^0(l=1) ave= 8.563E-02 +/- 8.12 % Gn^0(l=2) ave= 7.168E-03 +/- 16.26 % Gn^0(l=3) ave= 0.000E+00 +/- 0.00 % || Gtotal(l=0) ave= 1.416E+00 +/- 1.20 % Gtotal(l=1) ave= 1.794E-01 +/- 5.25 % Gtotal(l=2) ave= 1.660E-01 +/- 4.51 % Gtotal(l=3) ave= 0.000E+00 +/- 0.00 %  % || Gg(l=0) ave= 1.463E-01 +/- 7.71 % Gg(l=1) ave= 1.717E-01 +/- 5.49 % Gg(l=2) ave= 1.660E-01 +/- 4.51 % Gg(l=3) ave= 0.000E+00 +/- 0.00 %  % || D(l=0) ave= 4.256E+02 +/- 7.72 % D(l=1) ave= 1.975E+02 +/- 0.00 % D(l=2) ave= 1.383E+02 +/- 0.00 % D(l=3) ave= 0.000E+00 +/- 0.00 %  % || S(l=0) ave= 1.065E-04 +/- 4.77 % S(l=1) ave= 2.852E-04 +/- 8.14 % S(l=2) ave= 2.598E-05 +/- 16.26 % S(l=3) ave= 0.000E+00 +/- 0.00 % 
 ... random file  291 Cap(th)  ave= 1.187E+01 b. +/- 7.10 % || Ela(th) ave= 5.658E+00 b. +/- 9.40 % || RIcap ave= 5.28E+01 b. +/- 12.25 % || Macs30 ave= 2.81E-01 b. +/- 0.10 % || Gn^0(l=0) ave= 3.914E-02 +/- 1.96 % Gn^0(l=1) ave= 8.569E-02 +/- 8.20 % Gn^0(l=2) ave= 7.179E-03 +/- 16.42 % Gn^0(l=3) ave= 0.000E+00 +/- 0.00 % || Gtotal(l=0) ave= 1.416E+00 +/- 1.20 % Gtotal(l=1) ave= 1.794E-01 +/- 5.26 % Gtotal(l=2) ave= 1.660E-01 +/- 4.52 % Gtotal(l=3) ave= 0.000E+00 +/- 0.00 %  % || Gg(l=0) ave= 1.463E-01 +/- 7.72 % Gg(l=1) ave= 1.717E-01 +/- 5.49 % Gg(l=2) ave= 1.660E-01 +/- 4.52 % Gg(l=3) ave= 0.000E+00 +/- 0.00 %  % || D(l=0) ave= 4.255E+02 +/- 7.72 % D(l=1) ave= 1.975E+02 +/- 0.00 % D(l=2) ave= 1.383E+02 +/- 0.00 % D(l=3) ave= 0.000E+00 +/- 0.00 %  % || S(l=0) ave= 1.066E-04 +/- 4.77 % S(l=1) ave= 2.854E-04 +/- 8.21 % S(l=2) ave= 2.602E-05 +/- 16.42 % S(l=3) ave= 0.000E+00 +/- 0.00 % 
 ... random file  292 Cap(th)  ave= 1.187E+01 b. +/- 7.09 % || Ela(th) ave= 5.659E+00 b. +/- 9.39 % || RIcap ave= 5.28E+01 b. +/- 12.27 % || Macs30 ave= 2.81E-01 b. +/- 0.10 % || Gn^0(l=0) ave= 3.915E-02 +/- 1.96 % Gn^0(l=1) ave= 8.568E-02 +/- 8.19 % Gn^0(l=2) ave= 7.177E-03 +/- 16.40 % Gn^0(l=3) ave= 0.000E+00 +/- 0.00 % || Gtotal(l=0) ave= 1.416E+00 +/- 1.20 % Gtotal(l=1) ave= 1.794E-01 +/- 5.25 % Gtotal(l=2) ave= 1.660E-01 +/- 4.53 % Gtotal(l=3) ave= 0.000E+00 +/- 0.00 %  % || Gg(l=0) ave= 1.464E-01 +/- 7.71 % Gg(l=1) ave= 1.717E-01 +/- 5.49 % Gg(l=2) ave= 1.660E-01 +/- 4.53 % Gg(l=3) ave= 0.000E+00 +/- 0.00 %  % || D(l=0) ave= 4.257E+02 +/- 7.72 % D(l=1) ave= 1.975E+02 +/- 0.00 % D(l=2) ave= 1.383E+02 +/- 0.00 % D(l=3) ave= 0.000E+00 +/- 0.00 %  % || S(l=0) ave= 1.065E-04 +/- 4.77 % S(l=1) ave= 2.853E-04 +/- 8.20 % S(l=2) ave= 2.601E-05 +/- 16.40 % S(l=3) ave= 0.000E+00 +/- 0.00 % 
 ... random file  293 Cap(th)  ave= 1.187E+01 b. +/- 7.09 % || Ela(th) ave= 5.655E+00 b. +/- 9.47 % || RIcap ave= 5.28E+01 b. +/- 12.25 % || Macs30 ave= 2.81E-01 b. +/- 0.10 % || Gn^0(l=0) ave= 3.914E-02 +/- 1.96 % Gn^0(l=1) ave= 8.575E-02 +/- 8.30 % Gn^0(l=2) ave= 7.190E-03 +/- 16.64 % Gn^0(l=3) ave= 0.000E+00 +/- 0.00 % || Gtotal(l=0) ave= 1.416E+00 +/- 1.20 % Gtotal(l=1) ave= 1.794E-01 +/- 5.24 % Gtotal(l=2) ave= 1.660E-01 +/- 4.53 % Gtotal(l=3) ave= 0.000E+00 +/- 0.00 %  % || Gg(l=0) ave= 1.463E-01 +/- 7.70 % Gg(l=1) ave= 1.717E-01 +/- 5.48 % Gg(l=2) ave= 1.660E-01 +/- 4.53 % Gg(l=3) ave= 0.000E+00 +/- 0.00 %  % || D(l=0) ave= 4.256E+02 +/- 7.72 % D(l=1) ave= 1.975E+02 +/- 0.00 % D(l=2) ave= 1.383E+02 +/- 0.00 % D(l=3) ave= 0.000E+00 +/- 0.00 %  % || S(l=0) ave= 1.065E-04 +/- 4.77 % S(l=1) ave= 2.856E-04 +/- 8.32 % S(l=2) ave= 2.606E-05 +/- 16.64 % S(l=3) ave= 0.000E+00 +/- 0.00 % 
 ... random file  294 Cap(th)  ave= 1.187E+01 b. +/- 7.08 % || Ela(th) ave= 5.656E+00 b. +/- 9.46 % || RIcap ave= 5.28E+01 b. +/- 12.24 % || Macs30 ave= 2.81E-01 b. +/- 0.10 % || Gn^0(l=0) ave= 3.914E-02 +/- 1.96 % Gn^0(l=1) ave= 8.573E-02 +/- 8.30 % Gn^0(l=2) ave= 7.187E-03 +/- 16.63 % Gn^0(l=3) ave= 0.000E+00 +/- 0.00 % || Gtotal(l=0) ave= 1.416E+00 +/- 1.20 % Gtotal(l=1) ave= 1.794E-01 +/- 5.24 % Gtotal(l=2) ave= 1.660E-01 +/- 4.53 % Gtotal(l=3) ave= 0.000E+00 +/- 0.00 %  % || Gg(l=0) ave= 1.463E-01 +/- 7.76 % Gg(l=1) ave= 1.717E-01 +/- 5.47 % Gg(l=2) ave= 1.660E-01 +/- 4.53 % Gg(l=3) ave= 0.000E+00 +/- 0.00 %  % || D(l=0) ave= 4.255E+02 +/- 7.72 % D(l=1) ave= 1.975E+02 +/- 0.00 % D(l=2) ave= 1.383E+02 +/- 0.00 % D(l=3) ave= 0.000E+00 +/- 0.00 %  % || S(l=0) ave= 1.066E-04 +/- 4.77 % S(l=1) ave= 2.855E-04 +/- 8.31 % S(l=2) ave= 2.605E-05 +/- 16.63 % S(l=3) ave= 0.000E+00 +/- 0.00 % 
 ... random file  295 Cap(th)  ave= 1.187E+01 b. +/- 7.07 % || Ela(th) ave= 5.654E+00 b. +/- 9.46 % || RIcap ave= 5.28E+01 b. +/- 12.23 % || Macs30 ave= 2.81E-01 b. +/- 0.10 % || Gn^0(l=0) ave= 3.914E-02 +/- 1.96 % Gn^0(l=1) ave= 8.576E-02 +/- 8.29 % Gn^0(l=2) ave= 7.191E-03 +/- 16.61 % Gn^0(l=3) ave= 0.000E+00 +/- 0.00 % || Gtotal(l=0) ave= 1.416E+00 +/- 1.20 % Gtotal(l=1) ave= 1.794E-01 +/- 5.23 % Gtotal(l=2) ave= 1.659E-01 +/- 4.56 % Gtotal(l=3) ave= 0.000E+00 +/- 0.00 %  % || Gg(l=0) ave= 1.462E-01 +/- 7.75 % Gg(l=1) ave= 1.717E-01 +/- 5.46 % Gg(l=2) ave= 1.659E-01 +/- 4.56 % Gg(l=3) ave= 0.000E+00 +/- 0.00 %  % || D(l=0) ave= 4.256E+02 +/- 7.72 % D(l=1) ave= 1.975E+02 +/- 0.00 % D(l=2) ave= 1.383E+02 +/- 0.00 % D(l=3) ave= 0.000E+00 +/- 0.00 %  % || S(l=0) ave= 1.065E-04 +/- 4.77 % S(l=1) ave= 2.856E-04 +/- 8.31 % S(l=2) ave= 2.606E-05 +/- 16.61 % S(l=3) ave= 0.000E+00 +/- 0.00 % 
 ... random file  296 Cap(th)  ave= 1.188E+01 b. +/- 7.10 % || Ela(th) ave= 5.654E+00 b. +/- 9.44 % || RIcap ave= 5.28E+01 b. +/- 12.27 % || Macs30 ave= 2.81E-01 b. +/- 0.10 % || Gn^0(l=0) ave= 3.914E-02 +/- 1.96 % Gn^0(l=1) ave= 8.575E-02 +/- 8.28 % Gn^0(l=2) ave= 7.189E-03 +/- 16.60 % Gn^0(l=3) ave= 0.000E+00 +/- 0.00 % || Gtotal(l=0) ave= 1.416E+00 +/- 1.21 % Gtotal(l=1) ave= 1.794E-01 +/- 5.22 % Gtotal(l=2) ave= 1.659E-01 +/- 4.55 % Gtotal(l=3) ave= 0.000E+00 +/- 0.00 %  % || Gg(l=0) ave= 1.463E-01 +/- 7.75 % Gg(l=1) ave= 1.717E-01 +/- 5.46 % Gg(l=2) ave= 1.659E-01 +/- 4.55 % Gg(l=3) ave= 0.000E+00 +/- 0.00 %  % || D(l=0) ave= 4.255E+02 +/- 7.72 % D(l=1) ave= 1.975E+02 +/- 0.00 % D(l=2) ave= 1.383E+02 +/- 0.00 % D(l=3) ave= 0.000E+00 +/- 0.00 %  % || S(l=0) ave= 1.066E-04 +/- 4.77 % S(l=1) ave= 2.856E-04 +/- 8.29 % S(l=2) ave= 2.606E-05 +/- 16.60 % S(l=3) ave= 0.000E+00 +/- 0.00 % 
 ... random file  297 Cap(th)  ave= 1.188E+01 b. +/- 7.09 % || Ela(th) ave= 5.656E+00 b. +/- 9.44 % || RIcap ave= 5.28E+01 b. +/- 12.29 % || Macs30 ave= 2.81E-01 b. +/- 0.10 % || Gn^0(l=0) ave= 3.914E-02 +/- 1.95 % Gn^0(l=1) ave= 8.573E-02 +/- 8.28 % Gn^0(l=2) ave= 7.185E-03 +/- 16.60 % Gn^0(l=3) ave= 0.000E+00 +/- 0.00 % || Gtotal(l=0) ave= 1.416E+00 +/- 1.21 % Gtotal(l=1) ave= 1.794E-01 +/- 5.22 % Gtotal(l=2) ave= 1.660E-01 +/- 4.58 % Gtotal(l=3) ave= 0.000E+00 +/- 0.00 %  % || Gg(l=0) ave= 1.463E-01 +/- 7.73 % Gg(l=1) ave= 1.717E-01 +/- 5.45 % Gg(l=2) ave= 1.660E-01 +/- 4.58 % Gg(l=3) ave= 0.000E+00 +/- 0.00 %  % || D(l=0) ave= 4.254E+02 +/- 7.72 % D(l=1) ave= 1.975E+02 +/- 0.00 % D(l=2) ave= 1.383E+02 +/- 0.00 % D(l=3) ave= 0.000E+00 +/- 0.00 %  % || S(l=0) ave= 1.066E-04 +/- 4.77 % S(l=1) ave= 2.855E-04 +/- 8.30 % S(l=2) ave= 2.604E-05 +/- 16.60 % S(l=3) ave= 0.000E+00 +/- 0.00 % 
 ... random file  298 Cap(th)  ave= 1.187E+01 b. +/- 7.09 % || Ela(th) ave= 5.656E+00 b. +/- 9.42 % || RIcap ave= 5.28E+01 b. +/- 12.30 % || Macs30 ave= 2.81E-01 b. +/- 0.10 % || Gn^0(l=0) ave= 3.914E-02 +/- 1.96 % Gn^0(l=1) ave= 8.572E-02 +/- 8.27 % Gn^0(l=2) ave= 7.185E-03 +/- 16.57 % Gn^0(l=3) ave= 0.000E+00 +/- 0.00 % || Gtotal(l=0) ave= 1.416E+00 +/- 1.20 % Gtotal(l=1) ave= 1.794E-01 +/- 5.21 % Gtotal(l=2) ave= 1.659E-01 +/- 4.60 % Gtotal(l=3) ave= 0.000E+00 +/- 0.00 %  % || Gg(l=0) ave= 1.463E-01 +/- 7.73 % Gg(l=1) ave= 1.717E-01 +/- 5.45 % Gg(l=2) ave= 1.659E-01 +/- 4.60 % Gg(l=3) ave= 0.000E+00 +/- 0.00 %  % || D(l=0) ave= 4.255E+02 +/- 7.72 % D(l=1) ave= 1.975E+02 +/- 0.00 % D(l=2) ave= 1.383E+02 +/- 0.00 % D(l=3) ave= 0.000E+00 +/- 0.00 %  % || S(l=0) ave= 1.066E-04 +/- 4.77 % S(l=1) ave= 2.855E-04 +/- 8.28 % S(l=2) ave= 2.604E-05 +/- 16.57 % S(l=3) ave= 0.000E+00 +/- 0.00 % 
 ... random file  299 Cap(th)  ave= 1.187E+01 b. +/- 7.10 % || Ela(th) ave= 5.657E+00 b. +/- 9.41 % || RIcap ave= 5.28E+01 b. +/- 12.28 % || Macs30 ave= 2.81E-01 b. +/- 0.10 % || Gn^0(l=0) ave= 3.914E-02 +/- 1.96 % Gn^0(l=1) ave= 8.571E-02 +/- 8.26 % Gn^0(l=2) ave= 7.184E-03 +/- 16.55 % Gn^0(l=3) ave= 0.000E+00 +/- 0.00 % || Gtotal(l=0) ave= 1.416E+00 +/- 1.20 % Gtotal(l=1) ave= 1.795E-01 +/- 5.21 % Gtotal(l=2) ave= 1.659E-01 +/- 4.59 % Gtotal(l=3) ave= 0.000E+00 +/- 0.00 %  % || Gg(l=0) ave= 1.463E-01 +/- 7.72 % Gg(l=1) ave= 1.718E-01 +/- 5.44 % Gg(l=2) ave= 1.659E-01 +/- 4.59 % Gg(l=3) ave= 0.000E+00 +/- 0.00 %  % || D(l=0) ave= 4.254E+02 +/- 7.72 % D(l=1) ave= 1.975E+02 +/- 0.00 % D(l=2) ave= 1.383E+02 +/- 0.00 % D(l=3) ave= 0.000E+00 +/- 0.00 %  % || S(l=0) ave= 1.066E-04 +/- 4.77 % S(l=1) ave= 2.855E-04 +/- 8.27 % S(l=2) ave= 2.604E-05 +/- 16.55 % S(l=3) ave= 0.000E+00 +/- 0.00 % 
 ... random file  300 Cap(th)  ave= 1.187E+01 b. +/- 7.10 % || Ela(th) ave= 5.657E+00 b. +/- 9.39 % || RIcap ave= 5.28E+01 b. +/- 12.26 % || Macs30 ave= 2.81E-01 b. +/- 0.10 % || Gn^0(l=0) ave= 3.914E-02 +/- 1.96 % Gn^0(l=1) ave= 8.571E-02 +/- 8.25 % Gn^0(l=2) ave= 7.182E-03 +/- 16.53 % Gn^0(l=3) ave= 0.000E+00 +/- 0.00 % || Gtotal(l=0) ave= 1.416E+00 +/- 1.20 % Gtotal(l=1) ave= 1.794E-01 +/- 5.20 % Gtotal(l=2) ave= 1.660E-01 +/- 4.61 % Gtotal(l=3) ave= 0.000E+00 +/- 0.00 %  % || Gg(l=0) ave= 1.463E-01 +/- 7.71 % Gg(l=1) ave= 1.717E-01 +/- 5.43 % Gg(l=2) ave= 1.660E-01 +/- 4.61 % Gg(l=3) ave= 0.000E+00 +/- 0.00 %  % || D(l=0) ave= 4.253E+02 +/- 7.71 % D(l=1) ave= 1.975E+02 +/- 0.00 % D(l=2) ave= 1.383E+02 +/- 0.00 % D(l=3) ave= 0.000E+00 +/- 0.00 %  % || S(l=0) ave= 1.066E-04 +/- 4.77 % S(l=1) ave= 2.854E-04 +/- 8.26 % S(l=2) ave= 2.603E-05 +/- 16.53 % S(l=3) ave= 0.000E+00 +/- 0.00 % 
 ... Histogram plot for thermal (n,g)
 ... Write covariances  ... MT1  ... plot correlations
 ... MT2  ... MT102 


 ================================================
 ============== From 300 random values === start ======
 Thermal (n,tot) xs  0 K =  17.5281 b. +/- 1.02248 b. ( 5.83336 %) skew= +0.31 +/- 0.14
 Thermal (n,el) xs   0 K =  5.65679 b. +/- 0.531265 b. ( 9.39163 %) skew= +0.11 +/- 0.14
 Thermal (n,g) xs    0 K =  11.8713 b. +/- 0.843277 b. ( 7.1035 %) skew= +0.31 +/- 0.14
 RI      (n,g)       0 K =  52.7545 b. +/- 6.46958 b. ( 12.2636 %) 
 MACS    (n,g)       0 K (at Emacs= 30000 eV) =  0.280752 b. +/- 0.00028001 b. ( 0.0997358 %) 
 Ave. Gtotal  L=0        =  1.416E+00 +/- 1.20 %
 Ave. Gn^(0)  L=0        =  3.914E-02 +/- 1.96 %
 Ave. Gg      L=0        =  1.463E-01 +/- 7.71 %
 Ave. D       L=0        =  4.253E+02 +/- 7.71 %
 Ave. S       L=0        =  1.066E-04 +/- 4.77 %
 Ave. Gtotal  L=1        =  1.794E-01 +/- 5.20 %
 Ave. Gn^(1)  L=1        =  8.571E-02 +/- 8.25 %
 Ave. Gg      L=1        =  1.717E-01 +/- 5.43 %
 Ave. D       L=1        =  1.975E+02 +/- 0.00 %
 Ave. S       L=1        =  2.854E-04 +/- 8.26 %
 Ave. Gtotal  L=2        =  1.660E-01 +/- 4.61 %
 Ave. Gn^(2)  L=2        =  7.182E-03 +/- 16.53 %
 Ave. Gg      L=2        =  1.660E-01 +/- 4.61 %
 Ave. D       L=2        =  1.383E+02 +/- 0.00 %
 Ave. S       L=2        =  2.603E-05 +/- 16.53 %

 Expected Thermal (n,g) (syst or meas)= 11.5 b. +/- 0.5 b. nominal: 11.8705 b.
 ratio Calculated/expected thermal (n,g): 1.03 ratio DCalculated/Dexpected: 1.69 ratio Calculated/Nominal: 1.00
 ============== From 300 random values ===== stop ======
 ================================================
 ... Calculation of (n,a) and (n,p) cross sections at 300 K
 ... thermal (n,a) cross section is 0.00859618 +/- 0.00429809 b.
 ... thermal (n,a) cross section is 0.00800824 b. (random case 1)
 ... thermal (n,a) cross section is 0.0137097 b. (random case 2)
 ... thermal (n,a) cross section is 0.0101102 b. (random case 3)
 ... thermal (n,a) cross section is 0.0132538 b. (random case 4)
 ... thermal (n,a) cross section is 0.00378088 b. (random case 5)
 ... thermal (n,a) cross section is 0.0114846 b. (random case 6)
 ... thermal (n,a) cross section is 0.00719171 b. (random case 7)
 ... thermal (n,a) cross section is 0.0095565 b. (random case 8)
 ... thermal (n,a) cross section is 0.00285454 b. (random case 9)
 ... thermal (n,a) cross section is 0.00854949 b. (random case 10)
 ... thermal (n,a) cross section is 0.002214 b. (random case 11)
 ... thermal (n,a) cross section is 0.00619053 b. (random case 12)
 ... thermal (n,a) cross section is 0.00632083 b. (random case 13)
 ... thermal (n,a) cross section is 0.00672284 b. (random case 14)
 ... thermal (n,a) cross section is 0.00925459 b. (random case 15)
 ... thermal (n,a) cross section is 0.0100659 b. (random case 16)
 ... thermal (n,a) cross section is 0.0158532 b. (random case 17)
 ... thermal (n,a) cross section is 0.0106033 b. (random case 18)
 ... thermal (n,a) cross section is 0.0134711 b. (random case 19)
 ... thermal (n,a) cross section is 0.0105792 b. (random case 20)
 ... thermal (n,a) cross section is 0.0135782 b. (random case 21)
 ... thermal (n,a) cross section is 0.00551323 b. (random case 22)
 ... thermal (n,a) cross section is 0.0153267 b. (random case 23)
 ... thermal (n,a) cross section is 0.00525368 b. (random case 24)
 ... thermal (n,a) cross section is 0.00953856 b. (random case 25)
 ... thermal (n,a) cross section is 0.0179352 b. (random case 26)
 ... thermal (n,a) cross section is 0.0123772 b. (random case 27)
 ... thermal (n,a) cross section is 0.00705349 b. (random case 28)
 ... thermal (n,a) cross section is 0.00525192 b. (random case 29)
 ... thermal (n,a) cross section is 0.0100318 b. (random case 30)
 ... thermal (n,a) cross section is 0.00396567 b. (random case 31)
 ... thermal (n,a) cross section is 0.010514 b. (random case 32)
 ... thermal (n,a) cross section is 0.0141101 b. (random case 33)
 ... thermal (n,a) cross section is 0.0130892 b. (random case 34)
 ... thermal (n,a) cross section is 0.0112292 b. (random case 35)
 ... thermal (n,a) cross section is 0.0108952 b. (random case 36)
 ... thermal (n,a) cross section is 0.00317292 b. (random case 37)
 ... thermal (n,a) cross section is 0.0132415 b. (random case 38)
 ... thermal (n,a) cross section is 0.0143055 b. (random case 39)
 ... thermal (n,a) cross section is 0.0134914 b. (random case 40)
 ... thermal (n,a) cross section is 0.00840766 b. (random case 41)
 ... thermal (n,a) cross section is 0.015779 b. (random case 42)
 ... thermal (n,a) cross section is 0.0119638 b. (random case 43)
 ... thermal (n,a) cross section is 0.00765658 b. (random case 44)
 ... thermal (n,a) cross section is 0.00292188 b. (random case 45)
 ... thermal (n,a) cross section is 0.00534336 b. (random case 46)
 ... thermal (n,a) cross section is 0.00694941 b. (random case 47)
 ... thermal (n,a) cross section is 0.00546418 b. (random case 48)
 ... thermal (n,a) cross section is 0.0103686 b. (random case 49)
 ... thermal (n,a) cross section is 0.00730767 b. (random case 50)
 ... thermal (n,a) cross section is 0.00439026 b. (random case 51)
 ... thermal (n,a) cross section is 0.0100356 b. (random case 52)
 ... thermal (n,a) cross section is 0.00525185 b. (random case 53)
 ... thermal (n,a) cross section is 0.0085188 b. (random case 54)
 ... thermal (n,a) cross section is 0.00461609 b. (random case 55)
 ... thermal (n,a) cross section is 0.0085263 b. (random case 56)
 ... thermal (n,a) cross section is 0.00238565 b. (random case 57)
 ... thermal (n,a) cross section is 0.0218774 b. (random case 58)
 ... thermal (n,a) cross section is 0.00636602 b. (random case 59)
 ... thermal (n,a) cross section is 0.0059172 b. (random case 60)
 ... thermal (n,a) cross section is 0.00826769 b. (random case 61)
 ... thermal (n,a) cross section is 0.0104356 b. (random case 62)
 ... thermal (n,a) cross section is 0.0181444 b. (random case 63)
 ... thermal (n,a) cross section is 0.00735908 b. (random case 64)
 ... thermal (n,a) cross section is 0.0097333 b. (random case 65)
 ... thermal (n,a) cross section is 0.0102499 b. (random case 66)
 ... thermal (n,a) cross section is 0.00722116 b. (random case 67)
 ... thermal (n,a) cross section is 0.0192266 b. (random case 68)
 ... thermal (n,a) cross section is 0.00940898 b. (random case 69)
 ... thermal (n,a) cross section is 0.00864919 b. (random case 70)
 ... thermal (n,a) cross section is 0.00558955 b. (random case 71)
 ... thermal (n,a) cross section is 0.00913559 b. (random case 72)
 ... thermal (n,a) cross section is 0.00683183 b. (random case 73)
 ... thermal (n,a) cross section is 0.00981241 b. (random case 74)
 ... thermal (n,a) cross section is 0.0114875 b. (random case 75)
 ... thermal (n,a) cross section is 0.00689034 b. (random case 76)
 ... thermal (n,a) cross section is 0.00506731 b. (random case 77)
 ... thermal (n,a) cross section is 0.00969323 b. (random case 78)
 ... thermal (n,a) cross section is 0.00543224 b. (random case 79)
 ... thermal (n,a) cross section is 0.0128771 b. (random case 80)
 ... thermal (n,a) cross section is 0.00662756 b. (random case 81)
 ... thermal (n,a) cross section is 0.0053605 b. (random case 82)
 ... thermal (n,a) cross section is 0.0126599 b. (random case 83)
 ... thermal (n,a) cross section is 0.00440786 b. (random case 84)
 ... thermal (n,a) cross section is 0.0114093 b. (random case 85)
 ... thermal (n,a) cross section is 0.00988918 b. (random case 86)
 ... thermal (n,a) cross section is 0.0091914 b. (random case 87)
 ... thermal (n,a) cross section is 0.0112451 b. (random case 88)
 ... thermal (n,a) cross section is 0.0175295 b. (random case 89)
 ... thermal (n,a) cross section is 0.013476 b. (random case 90)
 ... thermal (n,a) cross section is 0.00756194 b. (random case 91)
 ... thermal (n,a) cross section is 0.0112823 b. (random case 92)
 ... thermal (n,a) cross section is 0.000565585 b. (random case 93)
 ... thermal (n,a) cross section is 0.003461 b. (random case 94)
 ... thermal (n,a) cross section is 0.00620468 b. (random case 95)
 ... thermal (n,a) cross section is 0.0015737 b. (random case 96)
 ... thermal (n,a) cross section is 0.00762077 b. (random case 97)
 ... thermal (n,a) cross section is 0.011953 b. (random case 98)
 ... thermal (n,a) cross section is 0.0105418 b. (random case 99)
 ... thermal (n,a) cross section is 0.0174776 b. (random case 100)
 ... thermal (n,a) cross section is 0.0052529 b. (random case 101)
 ... thermal (n,a) cross section is 0.00368822 b. (random case 102)
 ... thermal (n,a) cross section is 0.0108348 b. (random case 103)
 ... thermal (n,a) cross section is 0.00495201 b. (random case 104)
 ... thermal (n,a) cross section is 0.00478317 b. (random case 105)
 ... thermal (n,a) cross section is 0.00970199 b. (random case 106)
 ... thermal (n,a) cross section is 0.00415527 b. (random case 107)
 ... thermal (n,a) cross section is 0.00137962 b. (random case 108)
 ... thermal (n,a) cross section is 0.012788 b. (random case 109)
 ... thermal (n,a) cross section is 0.00861845 b. (random case 110)
 ... thermal (n,a) cross section is 0.00382095 b. (random case 111)
 ... thermal (n,a) cross section is 0.0106905 b. (random case 112)
 ... thermal (n,a) cross section is 0.0121217 b. (random case 113)
 ... thermal (n,a) cross section is 0.00937937 b. (random case 114)
 ... thermal (n,a) cross section is 0.00984331 b. (random case 115)
 ... thermal (n,a) cross section is 0.0132866 b. (random case 116)
 ... thermal (n,a) cross section is 0.0072303 b. (random case 117)
 ... thermal (n,a) cross section is 0.00822549 b. (random case 118)
 ... thermal (n,a) cross section is 0.00572633 b. (random case 119)
 ... thermal (n,a) cross section is 0.0147702 b. (random case 120)
 ... thermal (n,a) cross section is 0.0141887 b. (random case 121)
 ... thermal (n,a) cross section is 0.00688685 b. (random case 122)
 ... thermal (n,a) cross section is 0.00496471 b. (random case 123)
 ... thermal (n,a) cross section is 0.0146805 b. (random case 124)
 ... thermal (n,a) cross section is 0.00145964 b. (random case 125)
 ... thermal (n,a) cross section is 0.00902712 b. (random case 126)
 ... thermal (n,a) cross section is 0.00262307 b. (random case 127)
 ... thermal (n,a) cross section is 0.0118896 b. (random case 128)
 ... thermal (n,a) cross section is 0.0111144 b. (random case 129)
 ... thermal (n,a) cross section is 0.0100358 b. (random case 130)
 ... thermal (n,a) cross section is 0.0120359 b. (random case 131)
 ... thermal (n,a) cross section is 0.00708931 b. (random case 132)
 ... thermal (n,a) cross section is 0.00488116 b. (random case 133)
 ... thermal (n,a) cross section is 0.013952 b. (random case 134)
 ... thermal (n,a) cross section is 0.00857242 b. (random case 135)
 ... thermal (n,a) cross section is 0.00881894 b. (random case 136)
 ... thermal (n,a) cross section is 0.0151581 b. (random case 137)
 ... thermal (n,a) cross section is 0.00945129 b. (random case 138)
 ... thermal (n,a) cross section is 0.0108997 b. (random case 139)
 ... thermal (n,a) cross section is 0.00637028 b. (random case 140)
 ... thermal (n,a) cross section is 0.00841713 b. (random case 141)
 ... thermal (n,a) cross section is 0.00550992 b. (random case 142)
 ... thermal (n,a) cross section is 0.0101049 b. (random case 143)
 ... thermal (n,a) cross section is 0.00633179 b. (random case 144)
 ... thermal (n,a) cross section is 0.00812684 b. (random case 145)
 ... thermal (n,a) cross section is 0.0142606 b. (random case 146)
 ... thermal (n,a) cross section is 0.0102026 b. (random case 147)
 ... thermal (n,a) cross section is 0.00191666 b. (random case 148)
 ... thermal (n,a) cross section is 0.00206605 b. (random case 149)
 ... thermal (n,a) cross section is 0.0100882 b. (random case 150)
 ... thermal (n,a) cross section is 0.0111149 b. (random case 151)
 ... thermal (n,a) cross section is 0.00322761 b. (random case 152)
 ... thermal (n,a) cross section is 0.00214675 b. (random case 153)
 ... thermal (n,a) cross section is 0.0171227 b. (random case 154)
 ... thermal (n,a) cross section is 0.009809 b. (random case 155)
 ... thermal (n,a) cross section is 0.00783388 b. (random case 156)
 ... thermal (n,a) cross section is 0.0104167 b. (random case 157)
 ... thermal (n,a) cross section is 0.00379587 b. (random case 158)
 ... thermal (n,a) cross section is 0.0113758 b. (random case 159)
 ... thermal (n,a) cross section is 0.0133527 b. (random case 160)
 ... thermal (n,a) cross section is 0.0183685 b. (random case 161)
 ... thermal (n,a) cross section is 0.0175731 b. (random case 162)
 ... thermal (n,a) cross section is 0.00395383 b. (random case 163)
 ... thermal (n,a) cross section is 0.00172609 b. (random case 164)
 ... thermal (n,a) cross section is 0.00298757 b. (random case 165)
 ... thermal (n,a) cross section is 0.012 b. (random case 166)
 ... thermal (n,a) cross section is 0.00876912 b. (random case 167)
 ... thermal (n,a) cross section is 0.0218366 b. (random case 168)
 ... thermal (n,a) cross section is 0.00795345 b. (random case 169)
 ... thermal (n,a) cross section is 0.0117316 b. (random case 170)
 ... thermal (n,a) cross section is 0.00916825 b. (random case 171)
 ... thermal (n,a) cross section is 0.00464809 b. (random case 172)
 ... thermal (n,a) cross section is 0.00199853 b. (random case 173)
 ... thermal (n,a) cross section is 0.00846987 b. (random case 174)
 ... thermal (n,a) cross section is 0.0132272 b. (random case 175)
 ... thermal (n,a) cross section is 0.00859118 b. (random case 176)
 ... thermal (n,a) cross section is 0.00645248 b. (random case 177)
 ... thermal (n,a) cross section is 0.00559258 b. (random case 178)
 ... thermal (n,a) cross section is 0.00762336 b. (random case 179)
 ... thermal (n,a) cross section is 0.000876938 b. (random case 180)
 ... thermal (n,a) cross section is 0.0066706 b. (random case 181)
 ... thermal (n,a) cross section is 0.0103926 b. (random case 182)
 ... thermal (n,a) cross section is 0.0100748 b. (random case 183)
 ... thermal (n,a) cross section is 0.0101488 b. (random case 184)
 ... thermal (n,a) cross section is 0.00587717 b. (random case 185)
 ... thermal (n,a) cross section is 0.00888902 b. (random case 186)
 ... thermal (n,a) cross section is 0.00784822 b. (random case 187)
 ... thermal (n,a) cross section is 0.0185159 b. (random case 188)
 ... thermal (n,a) cross section is 0.014443 b. (random case 189)
 ... thermal (n,a) cross section is 0.0106671 b. (random case 190)
 ... thermal (n,a) cross section is 0.0171046 b. (random case 191)
 ... thermal (n,a) cross section is 0.00693079 b. (random case 192)
 ... thermal (n,a) cross section is 0.0109993 b. (random case 193)
 ... thermal (n,a) cross section is 0.00124454 b. (random case 194)
 ... thermal (n,a) cross section is 0.00833155 b. (random case 195)
 ... thermal (n,a) cross section is 0.00596037 b. (random case 196)
 ... thermal (n,a) cross section is 0.00856559 b. (random case 197)
 ... thermal (n,a) cross section is 0.00689156 b. (random case 198)
 ... thermal (n,a) cross section is 0.0244181 b. (random case 199)
 ... thermal (n,a) cross section is 0.00703755 b. (random case 200)
 ... thermal (n,a) cross section is 0.0138965 b. (random case 201)
 ... thermal (n,a) cross section is 0.0036681 b. (random case 202)
 ... thermal (n,a) cross section is 0.00909402 b. (random case 203)
 ... thermal (n,a) cross section is 0.0107147 b. (random case 204)
 ... thermal (n,a) cross section is 0.00761527 b. (random case 205)
 ... thermal (n,a) cross section is 0.0056327 b. (random case 206)
 ... thermal (n,a) cross section is 0.000971911 b. (random case 207)
 ... thermal (n,a) cross section is 0.0102309 b. (random case 208)
 ... thermal (n,a) cross section is 0.00245861 b. (random case 209)
 ... thermal (n,a) cross section is 0.0071427 b. (random case 210)
 ... thermal (n,a) cross section is 0.0069598 b. (random case 211)
 ... thermal (n,a) cross section is 0.0102147 b. (random case 212)
 ... thermal (n,a) cross section is 0.0016621 b. (random case 213)
 ... thermal (n,a) cross section is 0.00656799 b. (random case 214)
 ... thermal (n,a) cross section is 0.0101428 b. (random case 215)
 ... thermal (n,a) cross section is 0.00516511 b. (random case 216)
 ... thermal (n,a) cross section is 0.00961762 b. (random case 217)
 ... thermal (n,a) cross section is 0.0174248 b. (random case 218)
 ... thermal (n,a) cross section is 0.0052603 b. (random case 219)
 ... thermal (n,a) cross section is 0.00443317 b. (random case 220)
 ... thermal (n,a) cross section is 0.00450895 b. (random case 221)
 ... thermal (n,a) cross section is 0.00817547 b. (random case 222)
 ... thermal (n,a) cross section is 0.0067127 b. (random case 223)
 ... thermal (n,a) cross section is 0.0137115 b. (random case 224)
 ... thermal (n,a) cross section is 0.00454442 b. (random case 225)
 ... thermal (n,a) cross section is 0.0124454 b. (random case 226)
 ... thermal (n,a) cross section is 0.00250099 b. (random case 227)
 ... thermal (n,a) cross section is 0.0127573 b. (random case 228)
 ... thermal (n,a) cross section is 0.00370256 b. (random case 229)
 ... thermal (n,a) cross section is 0.0103094 b. (random case 230)
 ... thermal (n,a) cross section is 0.00316534 b. (random case 231)
 ... thermal (n,a) cross section is 0.0116112 b. (random case 232)
 ... thermal (n,a) cross section is 0.00647862 b. (random case 233)
 ... thermal (n,a) cross section is 0.00566029 b. (random case 234)
 ... thermal (n,a) cross section is 0.0108839 b. (random case 235)
 ... thermal (n,a) cross section is 0.00810435 b. (random case 236)
 ... thermal (n,a) cross section is 0.00548628 b. (random case 237)
 ... thermal (n,a) cross section is 0.00826391 b. (random case 238)
 ... thermal (n,a) cross section is 0.00579003 b. (random case 239)
 ... thermal (n,a) cross section is 0.00778004 b. (random case 240)
 ... thermal (n,a) cross section is 0.00830898 b. (random case 241)
 ... thermal (n,a) cross section is 0.0125907 b. (random case 242)
 ... thermal (n,a) cross section is 0.00754034 b. (random case 243)
 ... thermal (n,a) cross section is 0.00849557 b. (random case 244)
 ... thermal (n,a) cross section is 0.00580954 b. (random case 245)
 ... thermal (n,a) cross section is 0.0123621 b. (random case 246)
 ... thermal (n,a) cross section is 0.00904948 b. (random case 247)
 ... thermal (n,a) cross section is 0.0108758 b. (random case 248)
 ... thermal (n,a) cross section is 0.00970941 b. (random case 249)
 ... thermal (n,a) cross section is 0.0106888 b. (random case 250)
 ... thermal (n,a) cross section is 0.00887764 b. (random case 251)
 ... thermal (n,a) cross section is 0.0080107 b. (random case 252)
 ... thermal (n,a) cross section is 0.00702398 b. (random case 253)
 ... thermal (n,a) cross section is 0.00970754 b. (random case 254)
 ... thermal (n,a) cross section is 0.0151423 b. (random case 255)
 ... thermal (n,a) cross section is 0.00832924 b. (random case 256)
 ... thermal (n,a) cross section is 0.010875 b. (random case 257)
 ... thermal (n,a) cross section is 0.0121776 b. (random case 258)
 ... thermal (n,a) cross section is 0.0112624 b. (random case 259)
 ... thermal (n,a) cross section is 0.00569972 b. (random case 260)
 ... thermal (n,a) cross section is 0.00474966 b. (random case 261)
 ... thermal (n,a) cross section is 0.0126243 b. (random case 262)
 ... thermal (n,a) cross section is 0.00776964 b. (random case 263)
 ... thermal (n,a) cross section is 0.00329116 b. (random case 264)
 ... thermal (n,a) cross section is 0.014306 b. (random case 265)
 ... thermal (n,a) cross section is 0.00569812 b. (random case 266)
 ... thermal (n,a) cross section is 0.01115 b. (random case 267)
 ... thermal (n,a) cross section is 0.00760469 b. (random case 268)
 ... thermal (n,a) cross section is 0.00793809 b. (random case 269)
 ... thermal (n,a) cross section is 0.00708616 b. (random case 270)
 ... thermal (n,a) cross section is 0.0127804 b. (random case 271)
 ... thermal (n,a) cross section is 0.00724798 b. (random case 272)
 ... thermal (n,a) cross section is 0.00701735 b. (random case 273)
 ... thermal (n,a) cross section is 0.00843099 b. (random case 274)
 ... thermal (n,a) cross section is 0.00810489 b. (random case 275)
 ... thermal (n,a) cross section is 0.00761492 b. (random case 276)
 ... thermal (n,a) cross section is 0.00924656 b. (random case 277)
 ... thermal (n,a) cross section is 0.0065693 b. (random case 278)
 ... thermal (n,a) cross section is 0.0142742 b. (random case 279)
 ... thermal (n,a) cross section is 0.0107548 b. (random case 280)
 ... thermal (n,a) cross section is 0.00212627 b. (random case 281)
 ... thermal (n,a) cross section is 0.00907231 b. (random case 282)
 ... thermal (n,a) cross section is 0.0136321 b. (random case 283)
 ... thermal (n,a) cross section is 0.012667 b. (random case 284)
 ... thermal (n,a) cross section is 0.00393761 b. (random case 285)
 ... thermal (n,a) cross section is 0.0129168 b. (random case 286)
 ... thermal (n,a) cross section is 0.0105914 b. (random case 287)
 ... thermal (n,a) cross section is 0.00844253 b. (random case 288)
 ... thermal (n,a) cross section is 0.00023047 b. (random case 289)
 ... thermal (n,a) cross section is 0.00524346 b. (random case 290)
 ... thermal (n,a) cross section is 0.00205054 b. (random case 291)
 ... thermal (n,a) cross section is 0.00612782 b. (random case 292)
 ... thermal (n,a) cross section is 0.00648414 b. (random case 293)
 ... thermal (n,a) cross section is 0.00318409 b. (random case 294)
 ... thermal (n,a) cross section is 0.00699558 b. (random case 295)
 ... thermal (n,a) cross section is 0.0110208 b. (random case 296)
 ... thermal (n,a) cross section is 0.00666446 b. (random case 297)
 ... thermal (n,a) cross section is 0.00932573 b. (random case 298)
 ... thermal (n,a) cross section is 0.014989 b. (random case 299)
 ... thermal (n,a) cross section is 0.00635888 b. (random case 300)
 ... (n,p) Q-value negative for this element
 ... Rewrite index for MF2
 ... Write text for MF1 in file mf1.tares.txt
 ... plotting cross sections for the MF1
 ... order output files


================== summary ==================
 Thermal (n,tot) xs = 17.551 b. 
 Thermal (n,el)  xs = 5.67195 b. 
 Thermal (n,g)   xs = 11.8705 b. (meas/sys: 11.5 b.)
 At 300 K (thermal adjustment): (n,el) = 5.7082 b., (n,g) = 11.8769 b.

 RI      (n,g)      = 52.8588 b. (meas or sys: 56.1 b.)
 RI      (n,el)     = 200.027 b.
=============================================


 ... cleaning
                                                 
  -------------------------------------------------------------
  -                                                           -
  - TARES: successful end of run with data from the database  -
  -             for Z= 36,  A= 80 and isomer= 0               -
  -                                                           -
  -------------------------------------------------------------

   Running time:       194 seconds

 End time: Fri Oct  9 13:00:18 2026

